ID,kashmiri_text
0,کورسیونگ سٹیشن چھُ ڈرجیلنگ ہمالایین ریلوے ہُند اکھ حصہ تہ یہِ چھُ شُمال مشرقی سرحدی ریلوے ہُند کیٹیھر ڈویجنس تحت۔
1,واریاہن صدین ہندس دورس منز، ہتھیار کرنہ آمتہِ مسلمان فوجن کور موجود پاکستان تہ شملی ہندوستانس منز زیاد حصہ قبضہ کرنس منز کامیاب۔
2,ہبی ہبی چھ بلجییی صوبہ لوکسکسپرس منز اکھ بلدیہ۔
3,ساروے کھتہ بوڑ مذہب چھُ اسلام، ییمہِ مطلب چھُ زِ لوٗکھن ہندِ زیاد تر چھُ مسلمان۔
4,کینہہہِ چھِ أکِس ٹورنگ کینوَس منز واریاہ پٹھۍ پٹھۍ ڈیک ستۍ پوٗر یِوان، ییمہِ پڈلرَن خطر
5,تِم چھُ کمپیوٹر ستۍ کنٹرول کرنہ یِوان تہ تِم چھِ دشمن کرایپَن ہُند حملہ کران۔
6,اگلی نسل س اکھ ییمۍ ستۍ چیز بدلو۔
7,دنیاہس منز چھ تقریبا 85% یوس معاملہ گانا، پاپوا نیو گِیِنیا تہ سلیمان جزیرن منز۔
8,راٹن سینن کور پننہِ نوو بیوی پدموتی، تمہِ 16،000 پیروکار تہ تمہِ 16،000 ساتھی ستۍ چیتور واپس یِنُک فصلہ۔
9,گرین لینس پیٹھ پریتھ آرٹس کالج تہ میٹرو سینیما عمارتہ آو بحال کرنہ۔
10,1830 تام اوس پریتھ چینل پننہ موجود کمزوریتس تام کم گژھان۔
11,راجریگ زاو 4 نومبر 1924 پوجلی، ایکواڈورس منز۔
12,حمایت کرنہ خطر کِس کِس کارٹَس منز چھِ سپریا پاتھک، رِکا چادا، شرد کِلکر، گولشان دیواہ، بارکھا بیسٹ سینگپٹا، تہ
13,یہ ہیکہ تٔمۍ شرمنی محسوس کرنہ یوان تہ باقی مردن ہندۍ طورس برابر نہ۔
14,گوگل چھ دعوا کران زِ زیاد تر فروخت ہندِ معاہدہ چھُ پننہِ ڈبلن دفترَن منز بند کرنہ یوان۔
15,کمار چھُ عام طور ہندوستنہِ سنیما تہ سنیما ہندِس تریخس منز ساروے کھتہ بوڑ تہ ساروے کھتہ زیاد اثر انداز کر
16,گالیل چھُ اکھ کروِڈ، سٹیل باکس میگزین پٹھ امیُک امیُک حصِل حصِل کران۔
17,امہِ سنزِ تبدیلین منز چھِ اونیسورین تہ اونپوتن ہِندِ ہیکر شمل۔
18,سُہ اوس سکرین ولِٹر مونیکی لینجس ستہِ 1996 ہس منز تمہِ سندِ مرنہ تام خاندر کرنہ آمُت۔
19,ناکام تجربہ ستۍ ناقابل یقین چھ تمن پریتھ مرحلس پریتھ مشور پٹھۍ منصوبہ بناونس منز دِوان۔
20,ییلہِ کھتہ مینس میزس پیٹھ آو، مے اوس پٹھۍ پٹھۍ پٹھۍ پٹھۍ پٹھۍ پٹھۍ پٹھۍ پٹھۍ پٹھۍ پٹھ
21,قلعہ کِس جنوب مشرقی حصہ چھُ گنگس دٔریاوُک سڑکنی بتھس پیٹھ۔
22,دن ہفتن پتہ کٔر تِم یِیڈ ہاکی کھلڑین ہنز اکھ قبل 35 قبل ٹیم مِلکنہِ ہُند اعلان تہ دشونی
23,تاہم، یہ یقینی بناونہ خطر سرمایہ کری کرنہ خطر چھٗ یہِ کرنہ یِوان زِ تہہِ نہ ییلہِ تہہ بیمار یا زخمی گژھان چھِ
24,دِلہِ ہندِ اہم اورڈو شاعری چھِ میر ٹاکی میر تہ میرزا گالیب۔
25,یہ کرنہ دوران، تِم چھِ تِم ژھاننہ یِنہ یِنہ یِنہ یِنہ یِنہ یِنہ یِنہ یِنہ یِ
26,یہ اوس کیباددی تریخس منز ساروے کھتہ بوڑ عالمی کپ، یتھ منز 32 مردن ہند ٹیم تہ 24 زنانن ہند ٹیم شمل چھ۔
27,ہمالایہ دریاو یِم مغربس منز پنگابس منز بہاو چھِ چھِ ہندو، جہلم، چناب، راوی، بیاس تہ سُتلیج۔
28,سُہ کٔر 2004 پٹھ 2008 تام واتس واٹس ، اوہائیو ہک میئر کم۔
29,ڈیٹرائٹ سندِ براین رافالسکین کور گڈنِکِس دورس منز صرف گول۔
30,پننہ منفرد شناخت تہ زندگی خطر مقبول، تمہِ سندِ رقص چھِ پننہ پیشورانہ نمائندگی کران۔
31,اگر پونسہ تھول چھ، کرایہ یا کار انشورنس ادا کرن چھٗ نٔو سیل فون کھنہ یا خطر کھنہ خطر کھنہ خطر کھن
32,صنعتچ تجربہ چھ اکھ اکاؤنٹنٹ باقین پیٹھ اکھ لٹہ دِوان۔
33,جیکوبچاک گُزریو وارسا، پولینڈس منز 44 وُہُر لہر کینسر ستہِ۔
34,ویدک ادبس منز ذکر کرنہ آمتہِ چھِ کِتھریا ہندِ منز بوُ تہ لُٹہ ساروے کھوتہ زیاد استعمال کرنہ آمتہِ ہت
35,امہ وقتس دوران چھ تمہِ نرس یا ڈاکٹر سندِس نگرنی تحت۔
36,مے اوس یہ فلم تہِ اکھ لٹہ وچھان، مگر مے اوس نہ یہِ وچھان زِ توہہِ چھِو یہِ وچھان، لہذا مے اوس نہ ٹکٹ خریدری۔
37,تاہم، رینجرز کور اکھ قیمتی پوائنٹ حصل کرنہ خطر کامیاب، ییلہ تمو کھیل اوور ٹایمس منز تراونہ خطر کامیاب۔
38,بلیو ٹریینگل بلیو ٹریینگل چھ ایسٹ لندنس منز اکھ بس کمپنی یس خدمات چلاوان چھ۔
39,اتھ منز چھُ پوپولا ستۍ اکھ خراب دروازہ وچھِتھ، یُس قلعس منز اچھی پٹھۍ قد ورنہ خطر فراہم کرنہ آمت
40,"قعلہ پوٗر کرنہ پتہ کور المیڈا ""ویسیری"" ناو استعمال کرنُک آغاز، تہ 1507 منز کور تٔمۍ جایہِ پیٹھ اکھ سٹون قعلہ"
41,اکیری ٹایکوچی اوس 23 نومبر 1997 سایتاما، جاپانس منز۔
42,"میسن چھُ یہِ نظریہ تہِ برقرار کران زِ ایڈمنڈ ویلسن سندِ ولٹ ویتمن سندِس تشخیص، ""سُہ چُھ نہ واقعاتن پیٹھ ایڈیٹوریل لکھ"
43,کانگریس (ایر) ونان سنزِ فاکشنس آو کانگریس پی ایم پی ہندِ زیاد تر طرفہ حصِل کرنہ ییلہِ زن اصلی پارٹیس منز صرف 65 پی
44,یہ چھ پریشان کن ز لوٗکھ چھِ بینکس منز غلط جایہ منز رونہ یوان، تہ پتہ چھِ تِم اوسط گژھنہ یوان۔
45,تِم چھِ قانونن ہندِ سخت قسمس مطبق پننہِ زندگی روزان ۔
46,یورپس منز یِتھہِ راکٹ استعمال کرنہ برونہہ ہندوستنۍ جنگچ راکٹ سہِ عظیم ہتھیار۔
47,عام طور چھِ تِم کینہہ دہہ روزان تہ چھِ نہ کینہہ طویل عرصہ طویل جلدچ تبدیلی رتہِ ۔
48,پرواٹین چھ پننہِ خاندنی ہنز صحت خطر تہ پننہِ شُرِن ہنز خوشحالی خطر دُعا۔
49,اگر بال چھٗ سیکرس ستہِ رتہِ ، یہ سیکر چھٗ نیران تہ ٹیم ییمہ سیکر نیران چھٗ ، چھٗ سیکرس نیران ۔
50,1997 منز آو س پاپ جان پال دوم سندۍ أکس مقدس بناونہ ۔
51,شراب چھ کنٹینرن یا کیجن منز کاشت کرنہ یوان یم کھتہ آبس منز غرق گژھان چھ۔
52,کینہہ جایہ چھ قونوُن یِم نفرتی بولن ہند استعمال کرنہ خطر غیر قانونی بناوان چھِ ۔
53,یہ اصطلاح چھ یہ بیان کرنہ خطر استعمال کرنہ یوان زِ زمین تہ سنگین برونہہ سہِ ۔
54,تٔمۍ کور پننہِ ملِس پٹھ ہارنچ یاد کرنُک شروٗع۔
55,یہ چھ اہم زِ تہہ چھُ تہہِ پونسہ یِم مقدار دِوان ییمہِ ستہِ تہہہِ مزاحیہ محسوس کران چھِ۔
56,بِہار ریاستہ پیٹھ چھِ داربھنگا گڑھنا، ڈُمراون گڑھنا تہ بٹیہ گڑھنا یوان۔
57,ونہِ ڈگلسس س ز بادشاہن درمیان انتخاب یم پننہ زمینہ بحال کٔرتھ۔
58,اکہ کھتہ زیاد طبی حالتہ ستۍ لوٗکن سہِ خودکشی ہُند خطر تہِ زیاد۔
59,چیلسی، لڑایہ ہندِس ریلِیگشنس منز، زیوٗن صرف پانژن پوائنٹ تہ لیسٹر سٹی پیٹھ چھ 20 پوائنٹ۔
60,سُہ اوس پننِس خاندانُک گڈنِک رُکُن یُس اکھ سکول گژھان۔
61,داوطلبانہ تحفہ پیش کرنہ (بالی) بنیو اجباری تعریف۔ تاہم، ٹیکسچ کانہہ منظوٗم نظام اوس۔
62,اکھ ملکِس وجہ اوس سوڈرسٹیونَس منز یِہ ہُند کم معیار تہِ، ییتہِ 1967 پٹھ 1989 تام فاینلس منز منعقد گژھان اوس۔
63,نیووس مُود 13 جنوری 2021 کِس 13 وُہِس منز 86 وُہُرِ منز کاراکاسَس منز۔
64,میسیف منز لوٗکن ہند دویمہِ گروپ چھِ اپریل ہس منز نوِ ؤرِ منز جشن منز، یتھ زیاد تر ہندوستانس ہس منز چھ۔
65,یہ طیارہ آو 31 جولایی 1979 چین ایئرلائنس دسہ دسہ۔
66,یِم چھِ أکِس مُلکَس منز اثاثن ہُند بییہ سیٹ ۔
67,یہِ چھُنہ گڈنِکِہ گڑنِہ تامسَن ہنز اکھ ہائی وولیم پھول ڈاونہ۔
68,یونیکوڈ یونیکوڈس منز چیس علامتن منز چھ چیس علامتن ہند کاراکار۔
69,یہِ ہُند ہُند ہُند ونان چھُ بُک ہُند ونان تہ امِچ ہُند ہُند ہُند ونان ۔
70,سچین ٹینڈولکرن کور 8 فروری 2013 ہس منز گڈنِکِس کلاس 100 ہِندِس ریکارڈ سنیل گواسکر سندِس برابر۔
71,مختلف طریقہ چھ یتھ منز اکھ الیکٹرانک دستخط کرنہ یتھ ۔
72,سُہ اوس اپریل 2019 پٹھ اگست 2020 تام مِلی ہُند وزیر اعظم۔
73,سُہ اوس دویمہِ عالمی جنگہ ہُند وِٹارن تہ کور پننہِ خدمت خطر پانژ میڈل۔
74,تاہم، زیاد تر چھ أکِس ؤرِس تام جیل کرنہ یوان، تہ تمہِ سندۍ کشتی چھِ اکہِ خراجہ پٹھ کنہ یوان۔
75,تٔمۍ کٔر 15 وریہ ونسہِ منز مردہ پٹھۍ روزنس منز واپس۔
76,جموں و کشمیر ہند آب و ہوا چھ اونچائی تہ پریتھ علاقن منز مختلف۔
77,سکوُلار، برعکس، چھِ یِمَن سوال کران یِم قدیم یا وسطی دورک متن منز کانہہ تہِ تہِ زانانان یِمَن منز سمدرا منتھان
78,واریاہن چینی مارشل آرٹس منز چھ مدیتیشن بنیدی تربیتک اکھ اہم حصہ ماننہ یوان۔
79,سُہ اوس ساتہ بار خاندر کرنہ آمُت تہ اوس ٹھ شُرِ ہُند مل ۔
80,یہِ منز ہیکہِ لیکنگ تہ کھیلچ براس فید ۔
81,14 مارچ کور تٔمۍ جنوبی کوریاہس خلاف شروع۔
82,سنڈیویل چھ امریکہ کس آیوواہس منز اکھ شہر۔
83,یہِ احتجاج اوس بنیدی طور سوشل میڈیا ایپ استعمال کرنہ ستۍ مُطبِق کرنہ آمُت۔
84,سوڈی ہندِ خاندری، نبرمن تہ دیپلوماٹس س گڈنِک کھلڑِ منز۔
85,مے چھس خریدار شکایتہ ہندس انتظامس منز پننہ خطر خراب گژھنہ تہ چیز بدتر کرنہ خطر پریشان۔
86,ہیسن کور 22 مئی 2013 نیو یارک یونیورسٹی پٹھ پنن ڈگری حصل۔
87,مشرقی انڈیا کمپنی ہند طرفہ حوصلہ كرنہ آمت کورٹ انٹریگن منز کور مر کشمیر بنگال، بہار تہ اوڈیشہ نیرنہ خطر قبل۔
88,مندلا پلانٹ فاسلس نیشنل پارکہ، ڈینڈوری نیشنل فاسلس پارکہ گوگھویا چھ ہندوستان کِس مدھیہ پردیش کس ڈینڈوری ضلعس منز واقع۔
89,امیُک اکھ رکن اوس لیبر پارٹی کلیمنٹ ایٹلی ہُند مستقبلچ رہنما، یُس ہندوستان خطر پننہِ حکومت کرنس منز وقف اوس۔
90,راجرام بھوسل اول اوس مراٹھا سلطنتک تریِم چہراپتی، ییمۍ 1689 پیٹھ 1700 ہس منز پننہِ مرنس تام حکومت کٔر۔
91,سوچو ز اکھ مقام کتھ زِ تہہِ ہیکہِ طویل عرصس منز پونسہ بچاوتھ۔
92,کھیننہ پیٹھہ اچانک حملہ چھ تہہ خوف ہند اضافہ ستہِ ستہِ ستہِ ستہِ ستہِ آزاد کران۔
93,یہ سافٹ ویئر ہیکہ بلاگ لاینز تہ نیوز گٹور آن لائنس ستۍ کم کٔرتھ۔
94,کینڈی، سری لنکا ہس منز نالند گڈیگی ہُند مندر چھٗ بییہ ۔
95,گلینڈن ہند ناو چھ یس شخصس پیٹھ یس تِم گڈنِچ وضاحت کران، الیکٹرانڈر سکیینس پیٹھ چھ۔
96,اکھ روٗنگ ٹینک چھ اکھ اندرونی سہولت یُس حالاتن منز کمی کرنس کوٗشِش کران چھُ، یِم چھِ کھتہ آبس پیٹھ روٗبرَن ہُند چُھ۔
97,س کٔر الودینس پیٹھ واریاہ نزدیک نظر، تہ کٔر تمہِ سندِس کورِس سندِس خطر غرر ولۍ رفتارس حوصلہ۔
98,1306 منز، دوواہ طرفہ سندِس بییہ منگول فوج کور راوی دریاو تام، ییمہ ستہِ ستہِ علاقہ کٔرِتھ۔
99,دویمہِ عالمی جنگس منز آو یہِ 1945 منز سرڈ فوجن قبضہ۔
100,عبدلین کور پننہِ خطس منز 10 فروری 1761 پیشاواس منز لکھ:
101,تامل لگہ آیہ پی ویجے، تیلگو چیتانیہ پرساڈ تہ مراٹھی گورو تھاکورس ستۍ لکھنہ۔
102,یہ فلم آیہ 19 فروری 2016 پوٗر دنیاہس منز ریلیز کرنہ۔
103,یہ آیہ 1996 منز کریس ون ڈیر کیول تہ پیتر بیلیہ ہندۍ بناونہ ۔
104,1972 منز بنو تٔمۍ پیشہ ور آف شوری سایلنگ ریسنگ ٹیم گیتانا ٹیم۔
105,زیاد تر وقتہ چھ کامیاب کھلڑۍ یِم تِمَن پٹھۍ پٹھۍ پٹھۍ پٹھۍ پٹھۍ پٹھۍ پٹھۍ پٹھۍ پٹھۍ بیل پٹھۍ
106,پینگوئن چھ نہ دویمہِ راتہ تام دوبار گِنڈ کران، ییلہِ بِفالو سبرس ملون آرینا ہس سفر کران چھِ۔
107,ورلڈ اوپن پیشہ ور چیمپئن شپ آو 1976 منز کھولنہ تہ یہ چھ وتہ اہم مقابلہ پٹھۍ کم کران۔
108,اگست 2000 ہس منز دِیُت آسٹریلی حکومتن تٔمِس آسٹریلی سپورٹس میڈل۔
109,اورنگ زیبن کور سِکھ گُرو ٹیگھ باہادور سنز اِجرا کرنُک تہِ حکم، ییمہ ستہِ سِکھ کمیونٹی ہُند فوجی بناونس من
110,پیشکش چھ پٹال، سونہ، سٹور سکن تہ قیمتی سنگین ستۍ بناونہ یوان۔
111,وے، مے چھٗنہ یوان ز یہ نوو سمارٹ فون کتھ تیزی سان شمِل چھے!
112,اگر توہہِ ہفتہ کس روزگار چھِو، توہہِ ہیکو پنُن وقت باقے سرگرمین ستۍ پوٗر کرنچ کوشش کٔرِتھ، یتھ کٔنۍ کٔر
113,یہ قصبہ چھُ نیشنل ہائی وے 15 پیٹھہ بیکینر پیٹھ 51 کلومیٹر۔
114,ریلیز کرنہ پتہ اوس یہ دشونی باکس آفس تہ کینہہہ مُطبِق انتقبی ناکام۔
115,شاہجی سندِ موسیقی ہندِ مُصوِفاتن ہُند کاپی چھِ تہِ تنجور کس ساراسوتی مہال لائبریری منز دستیاب تہ تم چھِ تِمَن موسیقی تہ
116,تٔمۍ بنو اکھ طاقتور فوجی نظام تہ کٔر سیسی تہ سمجی اصلاحات قیم۔
117,بتھ کینسرک درجہ بندی چھ مختلف نظامن ہند معیارن مطبق کینسرک درجہ بندی تہ اکھ مختلف مقصدس منز خدمت کرنہ باپت۔
118,چھِ ژن نسلن تہ ترین خاندانن منز چھِ پانژھ زِیاد جانورن ہندِ ژند ژند ژند ژند
119,یہ اوس ساروے کھتہ زیاد ٹرانسفر پونسہ ییمیک لیون یس تام موصل کرنہ آمژ چھ، فرانسیسی کلبن وون۔
120,ییوفوریہ ہیکہ کینہہ ذہنی بیمارچ علامت ستھ۔
121,رقص چھ روایتی طور ہندو متنن ہند افسانہ تہ روحنی خیالاتن ہند اکھ تفسیر کرنہ خطر اکھ شکل۔
122,امہِ نتیجس منز چھِ عالمی ادارہ پننہِ سرکرِ فہرستس منز نِشِش تھرپیکل بیمارن تہ باقی نِشِشِش حالاتن منز دِژم
123,ہوٹلن تہ مندرن منز ہیکہ کرایہ تہ پکان ہند تعداد 30 تام تام گژھتھ ۔
124,یِم چھِ ہایپرلیپوپروٹینیمیا ٹایپ III تہ ٹایپ IIA منز وچھنہ یوان، تہ بیلیری سرہوسس ستۍ ربطہ منز۔
125,راجستھانُک سیاست چھِ زیاد تر بھرتییا جنتا پارٹی تہ ہندوستنہِ نیشنل کانگریس ستہِ غالب۔
126,ناگا قبیلن ستۍ ابتدئی ربطہ اوس مشکوٗر تہ تنازعہ ستۍ مُختِلِف۔
127,یِم چھِ اکثر انسٹیوویو پوروس پلانٹن ونان، تِکیازِ تِم چھِ عام طور انسٹیوٹ پٹان۔
128,کینیڈاہس منز، ییمہ ہفتہ کس طوفانن ستۍ کینہہ نقصان س، دن جنوُبی برطانوی کولمبیا ہس منز کاربن ہندس من
129,مُغلساریہ چھ واریاہ بٔڑ لوکوموٹو پلانٹ ہُند گھر۔
130,مُستحکم ذٔریعن مطبق چھِ ریولٹچ تعداد 34۔
131,16 مہِ صدی منز کٔر پرتگالین ارمس تہ مالابار ساحلس تہ جنوبس منز سییلونس تام سمندرَس پیٹھ حکوٗمت۔
132,گیونسن چُھ مشرقی ساحلس منز اکھ یونیورسٹی منز گژھان۔
133,یہ کھیلچ اہمیت چھ دفاعی ٹیم پننہِ پِچس منز رِایڈنگ ٹیمس پیٹھ رٹنہ خطر۔
134,پلاوا بادشاہ، یم لگتاہ زیاد گژھنہ آمتۍ یوان، سہِ مہاماماماہن ہند ناو ستۍ زاننہ یوان۔
135,گجراتن چھ 10.97 فیصد ساروے کھتہ زیاد زراعت ہندِ ترقی ہُند ریکارڈ۔
136,پٹالپانی ہس اطراف علاقہ چھ اکھ مشہوٗر پیکنک تہ ٹریکنگ سٹاک۔
137,جگنا ناتھ خطر چریٹ چھ تقریباً 45 فٹ اونچ تہ 35 فٹ مربع تہ بناونہ خطر چھ تقریباً 2 ریتھ لگان۔
138,آرچر گُزریو 27 جنوری 2010 نیو یارک سٹی منز۔
139,یہ چھ پراگتی میڈن نمریٖن ہندِس میدانس نزدیٖک واقع تہ چھُ دھانچنڈ سٹیڈیمس پیٹھ ماتورا روڈ، دلہِ طرفہ الگ کرنہ یوان۔
140,"1996 منز سہِ ہندوستانس منز 3,571 ییو کیس۔ 1997 منز سنگین ہلاکت كِس کوٗش شروع کرنہ پتہ، ہندِ معاملہ ہُند تعداد 735."
141,یہ ہیکہ ڈیٹا ہند قسم، یتھ کٔنۍ ریلہ۔
142,لیسٹر، الباما لیسٹر چھ امریکہ منز الباما ہک اکھ قصبہ۔
143,پینٹوس منز چھ پٹھہ رنگین جلد، نیلوو ہندۍ، تہ سفید یا واریاہ رنگین ہاو۔
144,افریقہ کِس جنوبی تہ مشرقی حصن پیٹھ برطانوی ہُند برنز برنز برنز برنز برنز برنز برنز برن
145,یِم چھِ ہایپٹیٹس اے کھتہ زیاد امکان زِ جنسی ستہِ گژھِو۔
146,"قونوُن پیٹھ نظر انداز کرنہ برونہہ، کرکیٹرن ہنز چھِ ""کرکیٹچ روح"" احترام کرنہ یِم اکھ تصور یتھ منز کھیلن ہندس"
147,کینہہ جہازس منز چھ اکھ مطابقت پذیر مقام فریگٹ کیپٹن۔
148,پوٗر سائز ٹیبل استعمال کرنہ خطر اکھ چہِ چھُ اتھ منز رہائش گاہس منز ضروٗرت کرنہ خطر مُتبِق کُلو کُل
149,یہِ مُقابلہ! یِم ملی ریکارڈ سہِ یِتھہِ یِم تِم عمد طور خراب کرنہ آمُت ۔
150,مندرجہ ذیل 111 صفحات چھ اتھ زمر منز، مجموعی طور 111 پیٹھ۔
151,9 مئی کور تٔمۍ انڈیا منز کاسٹز: تمہِ سندِس میکانزم، پید تہ ترقی، یتھ منز اینٹروپولوجسٹ الیکٹرڈینڈر گولڈن ویزرن
152,اومالیزماب آو 2014 ہس منز ایف ڈی اے ہند طرفہ 12 وریہ ونسہِ تہ زِیاد ولِس لوکن ہندِ خطر یتھ من
153,محمد گھوٹھ، 16 مہ صدی ہندِ شیٹری سوفی تہ یوگا متنک ترجمہ کرن ولۍ، آو یوگا ہس منز پننہ دلچسپی خطر تنقید کرنہ تہ
154,بہتر امکان چھ ز کاروبارچ مالکِس ہیکہِ اصل پٹھۍ اتہ کم کٔرِتھ اگر یہِ نسبتا لکٹہ کمپنی چھے۔
155,آبچ پٹھۍ پٹھۍ پٹھۍ پٹھۍ پٹھۍ پٹھۍ پٹھۍ پٹھۍ پٹھۍ پٹھۍ پٹھۍ پٹھۍ پٹھۍ پٹھۍ پٹھۍ
156,نیوزی لینڈ ڈیمپینٹ آف کنسرواشن (ڈو سی) چھُ دی ریمارکبلز، کوئنسٹاؤن، نیوزی لینڈ کس سکی فیلڈس منز دیہِ بٔڑ نار كرنہ خطر
157,"15 ہمہ صدی ہندس تریخدار جوناراجا سند مطبق چھ ""ناگا"" یتھ منز طیارن ہنز حوالہ دِوان۔"
158,اگر توہہ واپس آو تہ نہ پرتھ کران، یہ اوس نہ یِم کرنُک اِراد۔
159,ہم سب سہِ ستہِ پٹھہِ پٹھہِ ییلہ بنگالور تام ٹرین نہ سٹیشنس پیٹھ روُد ییمہِ یہِ اوس ماننہ یوان۔
160,انشورنس انشورنس چھ قانون تہ معیشتس منز اکھ اصطلاح۔
161,امہ علاقہ پتہ آو برطانوی ایسٹ انڈیا کمپنی 1757 ہس منز پلاسی جنگس منز حصل کرنہ تہ بنو بنگال صدریتک حصہ۔
162,"مثالہ، گوو گلوُلَس منز ""ایہِ سالانہ خطر"" ٹائپ کرنچ کوشش۔"
163,مے چھُ یہِ وُچھِتھ زِ بجلی ہندِ دکان چھِ وائرِ معیارچ ترجیٖح دِوان۔ یہِ چھُ میندِس خاندانس تہ گھرس منز محفوظ گژ
164,یہ دِلگی، اِکبل، چین کھولی کی مین کھولی تہ باقیَن منز موجسی شاڈی کروجی۔
165,تہہ چھنہ سنان ییلہ مے تہہس پیٹھ بھروسہ چھِ تہ پتہ چھِو تہہ مے زِ مے چھِ نہ تہہ اطلاع دِوان۔
166,طوفانس دوران، اکھ ساروے کھتہ زیاد کٔرِتھ، ییمہِ ستہِ صرف مینۍ گھرچ غر کٔرِتھ تہ مے خوف
167,2009 منز کٔر پانڈی یَن بھوُج پورِ فلم دیوانَس منز پننہ اداکری ہُند آغاز، ییمہِ خطر تٔمۍ جُری منشن ایوارڈ زین
168,تاہم، کینہہ محققن چھ دعوا کرنہ آمت ز یاکشگان چھ امہِ گروپچ بٔڑِتھ مختلف۔
169,اتھ سلسلس منز چھ اہم قبلہ مولایانگیری تہ بابا بودنگری، 1895 میٹر اونچ۔
170,ونہِ تام چھِ اکثر ایچ پی یِم چیپس استعمال کرنہ خطر سسٹمَن ہُند حمایت کران۔
171,تمہِ سُند اصل ناو اوس سَکپال مگر تمہِ سُند مُلکَن کور سُکولَس منز امبڈا ویکار پٹھۍ پنُن ناو ریکارڈ، یی
172,مُتھراپوزھا ستۍ اَتھِہِ پتہ چُھ دریاو شُمال مغربس منز وُچھان تہ یہِ چُھ نریمنگالمس منز ارناکولم ضلعس
173,یہِ چھُ ریاست الینوایس منز ہاؤس آفیس ہند اکھ عمارت۔
174,لوکسمبکس کِس سرحدس پیٹھ چھِ نیربرگرنگ ٹریک پیٹھ تقریباً 50 میل دور۔
175,چنگ آرولڈوس تہ ڈوڈویلن کور تہِ قصہ ہندِ طرفہ میڈیاس تام تہِ بولنہ۔
176,مے چھٗ افسوس، مگر مے چھٗ خوفزد ز بہ نہ ییمہ موقعہ خطر تُہِہ کیک آرڈر پوٗر کرُن۔
177,مے اوس پریشان ییلہ کوریر سروس مین پارسیل کٔر مگر نہ آو نہ وتہِ تہ مے بول۔
178,امہِ سنزِ رازدنی شہر چھُ کوہیمہ تہ امہِ سنزِ ساروے کھتہ بوڑ شہر چھُ دِمپور۔
179,یہِ واقعہ چھنہ سری لنکن روایہ منز ذکر کرنہ یوان، ییمہِ بدلہ یہِ وضاحت کران چُھ زِ بینڈوسارا چھُ اوجینس پیٹھ حکومت کرن
180,اکثر زخم چھ تربیت سیشنن دوران گژھان، خاص طور یم کھلڑین درمیان رابط شمل چھ۔
181,غیر منصوبہ بندی کرنہ آمتہِ منز سرگرمی ہندِ نتیج ستہِ چھِ دریاو آلودہ۔
182,ییلہِ جرمنی مُقابلہ کٔر، سوڈن تہ روس کٔر نہ، یتھ منز دشوے مُلکن 1913 ہِندِس نِشِش کھیلَس منز مُ
183,الیکٹروڈ چھ ڈفایفایبلائٹرک حصہ یس شوک دِوان چھُ ۔
184,تِہ وقتہ اوس أکس آلاتن ہُند اکھ خاندان یتھ منز وائل ونان چھ۔
185,مہار چھِ گڈنہِ منٹرا ہُند اِستعمال کران تہ چھِ مہار سندِس ہِندِس ہِندِس بِلڈِس ست
186,خری منظرس منز چھ ملِس پٹھ ولہِ ولہِ پننہِ ژوٗرمِس نیچِس ستہِ رتہِ ہندِس رتہِ
187,تاہم، کٹک نرتیا پیشکش چھ فنکارن ہنز موج فراہم کران تہ بہتر بناونس منز دعوت دِوان، تہ یہ ہیکہ نہ افسانس متعلق اکھ بتھ یا اکھ قسمہ
188,اوک وڈ ٹیوپ سٹیشن اوک وڈ چھ پیکڈلی لاینس پیٹھ اکھ لندن اینڈگرگراؤنڈ سٹیشن۔
189,نارتھمالی، لکٹن پہاڑن ہند اکھ کلسٹر چھُ تامل ناڈو، ہندوستان کِس ریاستس منز ٹریچی پودوڈوٹای سڑکہِ پیٹھ 25 کلومیٹر
190,تیوہار فلم چٹکبری - دی شادیز آف گری منز کٔر تمہِ اکھ کردار ادا۔
191,سُہ زاو نیسیڈا، وِسکونسن منز تہ تربیت یافتہ تہ چھُ اکھ زند كھتھولک۔
192,اکھ نقطہ نظر چھ ترقی پذیر لاریوا مارنہ۔
193,1961 منز آو یہِ نوِ ڈیموکریٹک پارٹی ستہِ ۔
194,اگر تہہ کم چلان چِھ، تیلہ ہیکہ تہہ پننہ بجٹ ٹھیک کرنچ ضرورت۔
195,امیُک اہم بیس چھُ اور ٹیمبو انٹرنیشنل ہوییی اڈ، جوہانسبرگ۔
196,ہارنبرگر اوس لیبرٹریر پارٹی نامزدگی خطر اکھ ابتدئی فرنٹ رنر ماننہ یوان۔
197,کُنہِ وقتہ پٹھہِ ہیکہِ جلدس پیٹھ لکٹن بُروٗن وچھِتھ ۔
198,تہہ ہیکو یہِ زاننہِ یژھان زِ کمپنی ییلہِ لیٹر موُلِتھ، لہذا یہِ تصدیقہ کرنہ یِنہِ ای میل، یِنہِ یِ
199,ریاستُک ناو چھُ 'میزو' ، مقمی رہائشی ہندِ ذتی وضاحت کرنہ آمت ناو ، تہ 'رام' پٹھ نِش یُس میزو زبانَس منز '
200,1880 منز، سُہ گُزریو ہوبارت، تاسمنیاہس منز پننہِ 68 وُہِ زایہِ منز۔
201,یہ تقریب چھ مغربی ہندوستنۍ ریاست مہاراشٹر، کارناٹک، گجرات، راجستھان تہ گووا ہس منز خاص طور مقبول۔
202,یہِ ٹیم یُس پینلٹی لنہ آمُت چھُ ونان زِ اکھ نفر چھِ گِند کران، ییلہِ زن بتھ ٹیم چھُ نفر۔
203,بیک پینل تہ سکرین چھ کورنگ گوریلا گلاس 5 ستۍ بناونہ آمت۔
204,"سی پی سی یس منز سہِ 1922 ہس منز 300 رکن تہ 1925 تام صرف 1,500۔"
205,20 مہِ صدی منز زراعت خطر وسیع پیمانس منز کھتہ كھلنہ خطر، باقی جنگل ہندِ کِس بٔڑس چھِ وچھِتھ ملِس
206,گلی یَن ہندِ ژلِنہ آمژ جہازَن برونہہ مز: تِم سہِ منیور کرنہ خطر آسان، تیزی ہنز مخت
207,اگر تِمَن چِھ نہ یِم مہارتہ چِھ، تیلہِ تِمَن پیٹھ تھولِتھ تربیت دِنہ خطر وقت لگان۔
208,"2001 ہس منز برطانیہ چہ آبدی مطبق س اتھ منز 12,691 آبدی۔"
209,انسٹاگرامس پیٹھ، سِنگھن کور پروڈکشن ہُند بٔڑس پیمانس پیٹھ توجہ تہ وون زِ یہِ اوس پننہِ کیریئرچ ساروے کھوتہ بو
210,لہذا بنگالس منز گوو امیگریشن واریاہ زیاد پٹھہ تہ تقسیم کرنہ پتہ ترین دہکن منز روٗد۔
211,مے کٔر پٔتمہ ہفتہ یِم شُروٗعات تہ تِم چھِ گڈ گژھان (کسٹمر)
212,عروسی تقریبک گڈنِک حصہ ختم کرنہ پتہ چھِ مہارنس خطر تحفہ پیش کرنہ خطر عام۔
213,جنوبی علاقہ، گڈنِچ علاقہ، چھِ کینہہ مڈ ہُند مِشکلہ ستہِ سنگِ ستہِ غالب۔
214,سُہ اوس 1994 تہ 2004 ہس درمیان قومی اسمبلی ہُند رُکُن تہِ۔
215,یِمَن ہِندِ زیاد تر قونوُن چُھ برطانیہ کِس پارلیمنٹ پیٹھ آوان۔
216,کٹمنڈو، مورنگ، کیسکی تہ چٹوان کس ضلعن منز چھ معاملہ تہِ وضاحت کرنہ آمژ۔
217,اَکہِ بے سکررِ اوور ٹایمس پتہ، ڈاو ایونٹ سینٹر کِس تریخس منز گڈنِک شوٹوٹ شروٗع۔
218,پروگرامرن کور دواہ دوبار کٔرِتھ تاکہ یہ آسٹریلیاہس منز ہیکہِ یِتھ ۔
219,ہم اوس یہ میرا تہ بحث کرنہ آمت! مے یتھ سوال پوچھوو دوبار تہ دوبار۔
220,یہِ قانون چھِ کپیری ہولڈر ویب سائٹس ستۍ کپیری خلاف ورزی کرنہ خطر نٔو طریقہ دِوان۔
221,یہ چھ رومانس زبنہِ گروپس ستہِ تعلق، یتھ منز اٹلانسی تہ سپینش شمل چھ۔
222,یِم چھِ مشرق مغربس منز طویل عرصس منز بناونہ آمُت۔
223,ڈیسموسموم چھِ سیل اکھ شیٹس منز اکھ اکھ روزنس منز مدد کران۔
224,پرتھ لیگس منز ساروی کھتہ زیاد سکور ستۍ پِچر چھُ ایوارڈ زینان۔
225,امہ پتہ آو حمل زنانن پیٹھ توجہ مرکوز کرنہ آمتہِ انفلوئنزا ویکسینشن پروگرام شروع کرنہ۔
226,تٔمۍ کٔر یہِ کوویری دٔریاو تام تہِ بڑوُن ۔
227,ساد ساد شکلس منز چھِ ساد طور ڈایگٹ شمل کرنہ یوان۔
228,ویلیامز زاو رومفورڈ، ایسیکس، انگلینڈس منز۔
229,نیوٹن، الینوئی-نیوٹن چھ امریکہ ہس منز الینوئی ہس منز اکھ شہر۔
230,پتہ کِیچاکا سندِ حِصہرِن کور سِیرِندری قتل کرنہ خطر، مگر بھیمن کٔرِتھ تِمَو ستۍ
231,صرف یقینی بنو ز تُہۍ کم کرنہ آمتہِ چھِونہِ ٹور تہ کمنہِ قسم پننہِ عام/پریمریری کمس منز کم گ
232,یہِ کرایہ کری ہندِس ملہِ ہندِس سطحس منز اکھ بڈِتھ ہوم آفس وچھِتھ چھٗ اکھ خوشگوار حیرت ۔
233,تٔمۍ گِیُن 2001 کِس ریتس تام گیمبا خطر تہ گِیُن جی 1 لیگَس منز 118 میچ۔
234,پوزیشن چھ ہمیشہ مُطبِق گول کیپر سندِس نظرس پیٹھ نِش كران یِتھ زِ دہِ طرفہ اکھ مدافع چھِ بتھ طرفہ حملہ آورس خلاف
235,یہِ آو 2019 ہس منز ہا چین کین تہ ڈونگ وِکوٗو ہندِ قیم کرنہ۔
236,20 مہِ صدی منز آو اکھ انگریزی مُقابلہ کِس اِندِس ناوِس آلفرد ڈیلر ونان واریاہ مشہوٗر۔
237,س اوس اکبر سندِ کینہہ خاندارو منز اکھ ییمۍ عدالت کین معاملن پیٹھ پننہِ نظریہ وضاحت کرنہ خطر مُختِفیت
238,پیٹرسٹرگھرس چھ امریکہس منز حالے بناونہ آمتۍ ساروے کھتہ زیاد کھتہ کھتہ کھتہ کھتہ کھتہ کھتہ
239,2010 عام انتخابہ پتہ آو سُہ زراعتک وزیر مقرر کرنہ۔
240,سلمرس ڈورف: سلمرس ڈورف چھ باویریا، جرمنی منز نیوسٹاڈٹڈ این ڈیر والڈناابس منز اکھ بلدیہ۔
241,"س آو ٹیلی ویژن ہند پرتھ ایڈیشنس خطر 1,600,000 ین ہندۍ رقم ادا کرنہ۔"
242,گوالیرس منز جین سندۍ تعداد، یتھ منز واریاہ یادگار مجسمہ چھ، چھ کنہہ بییہ جایہ مٗتقابلہ یوان۔
243,مقبوُلَس منز چُھ ژوٗرِم سارم مدھیم۔
244,س کٔر پننہِ ہوم ٹاؤن منز ایونٹ تہ شوَن منز گڈ تہ رقص کٔرِتھ شروٗع۔
245,تاہم، فلمہ کٔر مغربی سطحس منز بہتر، ییمہ پاکستان تہ متحدہ عرب اماراتس منز مثبت طور موصول گژھان۔
246,وجیپے یَن کور پاکستانَس ستۍ دیپلیٹک ربط بہتر بناونُک کوٗشِش، ییمہِ ستہِ وزیر اعظم ناواش شریفَس ستہِ ملاقات کر
247,پگٹ گُزریو 3 مارچ 2021 لندنس منز 75 وُہُر ہندِس بنِس کینسر ستہِ۔
248,یہِ چھُ کُنہِ زِ یہِ مطلب زِ کینہہ لُکھ چھُ ترقی یافتہ مُلکَس منز پننہِ نوکری ہُند کُنہِ ۔
249,2011 ہس منز اَکہِ انٹرویو منز وون تٔمۍ زِ ییلہِ سُہ نوجوان اوس، تٔمۍ کٔر سوامی وِویکننڈا پیٹھ پیروی۔
250,شیری 1008 پرشونات ڈگامبر جین ایتشی کشتھرا یتھ وادیلن جین مندر ونان چھ جینن ہند اکھ بوڑ تریٖخی تہ مذہبی مقام۔
251,1 جنوری 2019 ہس منز آو گریکورٹ کِس سابقہ کمیونیا ہومبلیکس منز ضم کرنہ۔
252,کینہہ عام روسی ناو چھِ آنا، انسٹاشیہ، سوٹلانا تہ ایکٹیرینا۔
253,اونٹاریو ہائی وے 144 - اونٹاریو ہائی وے 144 چھ اونٹاریو، کینیڈاہس منز اکھ صوبی ہائی وے۔
254,وزنچ تربیت چھِ ہندِ قبل کران، ییمہِ ہندِ ہندِ ہندِ ہندِ ہندِ ہندِ ہن
255,اگر شخصس منز چھٗنہ ایچ اے اے اے یس ستہِ مطابقت پذیر ڈانسر، ہیکہِ ہپلوایڈل ماجہِ پیٹھ شُرِ (غلطہ آمتہِ ڈان
256,بھوٹیریا چھُ مانورینجینا یُس نہ اتھ چُھ ۔
257,"درخواستہ كِس جوابس منز، ""امریا!امریا!امریا!امریا!امریا!"" آوازس منز، آریانا منز واریاہ لُکھ گژھان۔"
258,نتیجہ اوس سپین خطر اکھ کمزور، ییمہ ستۍ تقریباً شمال صلح کِس ساحلس پیٹھ تمام سلطنت رونہ۔
259,یہِ سہِ واریاہ موسیقی ہندِس مُلکِس مُلکِس مُلکِس مُلکِس مُلکِس مُلکِس مُلکِس مُلک
260,الگانکولم باجیتی مقامس منز حالے حفاریہ چھُ مشور زِ الگانکولم چھُ سنگام دورچ اہم تجارتی مرکز یا بندرئی شہر منز اکھ۔
261,امہِ وجہ ستہِ چھِ واریاہ فرضہ پٹھۍ تعلیٖق یِم ماحولیتی عواملن خطر یِم یِمَن منز کھتہ، پٹھۍ کھتہ
262,آیپڈ نانو آو 27 جولایی 2017 اپل دہ بند کرنہ۔
263,یہِ چھُ وحدِ بلیل وائل یُس پونسہ خطر وچھان چھُ۔
264,گولڈن ریریور چھ واریاہ اکھ اچھی جانورن بنان زِ تِم چھ دوستی تہ کھیلچ آسان۔
265,"سننی لیونس منز گڈنِک بتھ ""ببی ڈول"" آو یوُیوُیوَس پیٹھ ریلیز کرنہ ییمہِ واریاہ جواب دِنہ آمُت تہ یہِ"
266,تمام یِم چیزن ہندِ خطر بٔڑِس ستہِ قیمتس پیٹھ الگ پٹھہ ادا کرنہ بجایہ، توہہِ چھِو اکھ نِشِش فیس ادا کران یی
267,فیریلا فیریلا چھ سویڈن کس گویل بورگ کاؤنٹی منز لیجڈل بلدیہ ہُک اکھ علاقہ۔
268,نومبر 2016 پیٹھہ چھ پاکستانس منشیاتس منشیاتس منشیاتس منشیاتس منشیاتس منشیاتس منشیاتس منشیاتس منشیاتس منشیاتس منشیاتس منشیاتس منشیاتس من
269,یہِ بتھ چھُ کُمار، راشمی ویرگ، ٹینشک باگچی، سوکھبیر، گُرپریٹ ساینی، آری لیف، مایکل پولاک، ہربی سَہارا تہ وےو س
270,یہِ چھُ نیدرلینڈزچ جوہن ڈی کوننگن ہندِ ستہِ لکھنہ آمُت۔
271,یہ اوس تہِ سُند گڈنِکِس ستہِ ڈایریکٹر سنگیٹم سریینواسا راؤ ستہِ تہِ تعاون۔
272,اگر سیدھارتھہ کنہہ رتہ وچھِتھ ییلہِ سُہ اکھ بوڑ مذہبی رہنما بنو۔
273,وسایلہ ستہِ وابستہ ایس سی آیہِ منز چھِ دواہ یا شراب ہندِ اثر ستہِ ڈرائیونگ کم کرنہ خطر ذتی تہ ذتی کوشش، الگ
274,مونٹریل کینیڈینز کٔر 28 اپریل 2008 نیشنل ہاکی لیگس منز گِندنہ آمژ صرف کھیل منز 3-2 فلائیڈلفیا فلایرزس منز زیوٗن۔
275,بی بی ایس تہ یوسینیٹس درمیان اکھ اہم فرق چھ یہ ز یوسینیٹس منز چھٗنہ کانہہ ملِس ملِس۔
276,واریاہن معاملن منز چھ بچاونچ ذمہ عام قونوُنی بنومُت۔
277,ہندوستانس منز 2001 ہس منز جنوبی افریقہ ہندس دورس منز، ہندوستان تہ جنوبی افریقہس درمیان سینٹ جارجز پارک، پورٹ ایلیززایٹس منز دویمہِ ٹیسٹ میچس
278,"بتھ ""پجی ٹوسی سوچی ایک پوسی کیٹ"" آو فلمہِ آڈیو لانچ برونہہ اکھ اکھ سُکٹ طور پر ریلیز کرنہ۔"
279,"سندھ بورڈ آف ریونیو چھ علاقہ کِہ 272,485 ہیکٹر (673,330 ایکڑ، 44%) انتظام کران۔"
280,کُشانسَن اوس بغرمَس منز اکھ سٹارِ ہُند دارالحکومت تہِ، یتھ منز یونان پیٹھ چینَس تام فنکارن ہُند کم شمل '
281,"یہ البم کٔر امریکہس منز پنن گڈنِکِس ہفتس منز 44,000 کاپیہ ۔"
282,انسٹرائشن تہ گپھ مندر چھُ ہندِستان ہچ آرکیوولوجیکل سروے آف نوٹیفکیشن نمبر 2407-A ستۍ قومی اہمیت ہنز یادگار پٹھۍ تحفظ دِوان
283,تٔمۍ کٔر 803 منز لیکفیلڈ سنز ختم کرنہ۔
284,دشونی چھ تمہِ پننہِ نیچِس ستہِ تہِ پرجوٗرِتھ اتھ پیٹھہ دِژھتھ ییمہِ بیگمس دِژھتھ تہ س
285,گارو زبانس منز چھ کوچ تہ بوڈو زبانن ستۍ قریبی ربطہ، تبتھ بورمن زبانن ہند اکھ لکٹ خاندان۔
286,ونسہِ چھُ کورڈِش تہ فارسی عرب گھون ہندِس ستہِ تھورو بیڈ استعمال کرنہ یوان ۔
287,20ہِ صدی ہِندِ شروٗعاتس منز، ایم سی ایم ایسن کور برازیل تہ ارجنٹائنس منز مشنری۔
288,تِمَن چھِ کھِہ خِدوُس گیمس مقدس ماننہ یِوان یِتھ کٔرِتھ ماننہ یِوان زِ پرہلادَن چھِ پننہِ شُرِ
289,عام طور، زایہ برونہہ دن دہن چھِ گُردوارَن منز اکندَن پَتھ (گُرو گرینٹھ سَہب، سِکھن ہندِ مقدس کتاب
290,2012 ہس منز کور بینڈن سان فرانسسکو منز آؤٹ سائڈ لینڈ فیسٹیول خطر دوبار۔
291,تِکیازِ تٔمۍ کورِن ہُند قصہ پسند، تٔمۍ کور فلمہِ ہِندِ ہدایت کری کرنُک فصلہ۔
292,روزسیہ آو ایسینس خطر استعمال گژھنہ کھوتہ کم خوشی ہند مثبت جواب دِنہ کرنہ آمتہِ ۔
293,ییلہ تہہ أکس غیر ملکی کمپنی منز حصہ چھِتھ ییلہ تہہ مٗلککہِ سیسی تہ ملی مستقبلس منز اکھ سٹاک چھِ ۔
294,2010 منز، کانگریس خطر مہمہ کرنہ دوران، بیسن کٔر بڑو فایر آرمس رجسٹریشن بلک حمایت۔
295,تٔمۍ وچھ ز بہ اوس مختصر تہ سٹاکی، لہذا، اکہِ دہ پیٹھہ، تٔمۍ کور مے 'پودج' ونان۔ یہِ چھِ رٹنہ آم
296,دوہ طرفہ، سنگاپورس منز نیٹ سائنجرن کور اتھ ہند حمایت ییلہ تِم لوٗکن تہِ سزا دِیت یِم موتچ پینلٹی تہ کھو س
297,ٹریپورا چھ ملکس منز قدرتی روبرک پیداوار منز کیرالہس دویم مقام۔
298,نوکیا، موٹرولا، اریکسن، پیسیون تہ باقین کور سمبین ایسوسیشن بناونس منز شمل۔
299,پوجن وون ز یہ اوس رومانٹک اوسط ترجمہ۔
300,بیلا پنا چھِ بیل، شیر، چھنہ، پھل، یوگھورت، کاسہ، جھوٹ تہ شکر یا جگر ستہِ تیار کرنہ یوان۔
301,یِم چھِ عام طور بندرگاہن ہندِ شہرَن منز، تجارت خطر دستاویزات ہندِ صدقہ کرنہ باپت تیزی سان۔
302,یہ منصوبہ آو 1995-96 ؤرۍ منز تعمیر خطر کرنہ۔
303,مے چھ واریاہ مایوس ییلہ مے چھ یوان ییلہ مے چھ یوان ییلہ امریکہس منز شُر شُر شُر شُر شُر گژھان چھ۔
304,ترونندِکارا گپھ مندر، یتھ ترونندِکارا راک کٹ شیوا مندر تہِ ونان چھ، چھُ کُنہِ ماری ضلعہ، تامل ناڈو، ہندوستانس منز اکھ ن
305,یہ چھ عام طور زمین یا زمینس ستۍ رلتہ یتھ پیٹھ یہ چھ یوان۔
306,س چھ ٹی ایل سی پیٹھ پنن شو تہ انکروڈ کران یتھ گو انڈیا مہاراشٹر ناو چھ، ییمیک ٹیلی کاسٹ دسمبر 2012 منز اوس۔
307,یہ فلم آیہ 3 اگست 1962 ریلیز کرنہ ۔
308,یہ چھ کشنگھ ہوییی ایئرپورٹ، ہندوستنہ ریلوےز کشنگھ ریلوے سٹیشن تہ نیشنل ہائی ویز 8 تہ 79 ستۍ رلوتہ یوان۔
309,دواہن متعلق اہم چیزن ہند وضاحت کرنہ خطر چھ واریاہ مُختٔلف لفظ استعمال کرنہ یوان۔
310,باقی حالاتن منز، پونسہ ہیکہ نہ قبلہ پونسہ تام تبادلہ کرنہ یوان۔
311,علاج خطر فنڈ ہُند غر حصل کرنہ پتہ آو یہِ مطالعہ مردن اطلاع دِنہ ورے نہ جری کرنہ یِوان زِ تِم
312,پتہ کٔر کدمبس یوانن ستۍ یوانن کٔر کٹووانس سمندر ستۍ حملہ، مگر چرا حکمرانن کٔر پننہِ جہاز تباہ۔
313,تہہ ہیکہِ یونٹ ٹرانسپورٹ کرنہ خطر تہِ خرچچ فاکٹر ضروٗرت۔
314,"یہِ فِلم چھُ اکھ ڈاکوٹ مغربی (کیاہِ وُچھہِ ""کوری مغربی"" ونان)، یُس ہندوستنہِ ڈاکوٹ فلمہِ ہندِ کنونشن سموُری"
315,تہہ ہیکہ پننہِ پُنسہِ خاص کھلڑ بناون یا کینہہ ہومل چیزہ ستہِ علاج کرُن ہیکوِتھ۔
316,پینٹنگن منز چھ اکھ سیرایل معیار، جنسی تہ ساد تصویر ستۍ۔
317,سکن دیو برمن، ملی خاندانک اکھ رمی، اوس ہندوستنہ موسیقی ہند فلمہِ ہندِس ژینلس منز اکھ استاد۔
318,جنگلَن منز کیبنُک دور، الگ مقام چھُ تہہ ناخشنی ہُند احساس دِوان۔
319,امکان چھ، تہہ ہیکہ اتھ سڑکہِ ستۍ زیاد خوش قسمتی۔
320,ہانمنگارہ ضلعہ منز کالیبنگن اوس انڈس وادی شہرتک اکھ بوڑ صوبیی دارالحکومت۔
321,لوٗکھن ہندین کینہہ گروٗپ چھِ مواد غلط استعمال کرنچ مسلہ پٹھۍ زیاد امکان۔
322,جون 2018 ہس منز زیوُن تٔمۍ سرکرۍ ڈیموکریٹک نامزدگی تہ بنیدی۔
323,اگرچہ اِندور ہِندِ شہرچ مرکزَن منز چھِ ماراتھی ہُند بٔڑ تعداد لبنہ یِتھ، حالانکہِ ساروے کھتہ زیاد تر مرکب
324,توہہ ہیکو یہِ اکھ صاف بیان بناوُت یا نہ۔
325,ڈے گروٹن کور یہِ ہاونہ زِ شطرنج ماسٹر ہیکِہ کینہہ سیکنڈَس تام ہاونہ آمتہِ پوزیشن تقریباً پوٗر یاد کرِتھ۔
326,سیلٹک پولیٹیزم خطر اکثر استعمال گژھنہ آمتہِ بییہ اصطلاح چھ سیلٹک پگینزم۔
327,ہزبھلاہ چھِ سوریہ، ایران، روس، لبنن تہ عراکس طرفہ حمایت کران۔
328,سیڈار ریپڈزَس منز سیڈار دٔریاوَس کٔرِو وتھ ریکارڈ بٔڑِس 31.1 فٹَس پیٹھ، ییمہِ ستہِ ستہِ سی
329,یہ چھ ہندوستانی زراعت ہندِ تحقیقس منز نظامک مسلہ ہندِ حصہ پٹھۍ مطالعہ کرنہ آمُت۔
330,یقینی بنو ز روبو ایڈویزر یس تہہ استعمال کران چھ چھ چھ چھ ذتی ڈیٹا بچاونہ خطر اکھ شفص منصوب فراہم کران۔
331,2012 ہس تام چھ واریاہ دواہ مولٹیڈروگ-مقاومتی ٹیبروکلوسس خطر مطالعہ کرنہ یوان، یتھ منز بیڈاکوِلِن تہ ڈیلامان
332,برہمن تہ کشتریہ لفظ چھِ رگویڈاہ کین مختلف خاندنی کتابن منز وچھنہ یوان، مگر یِم چھِ نہ ورنا اصطلاحس ستہِ ربطہ یوان۔
333,یہ چھ صرف بیتھمنگالا قصبہ نزدیٖک بٔڑنہ خطر اکھ زیر زمین دریاو پٹھۍ بہ گژھان، ییتہ آب تہ رفتار جمع کرنہ ستۍ یہ چھ مش
334,سُہ گُزریو 31 مارچ 2020 ہس منز 90 وُہُر ونسہِ منز ہسپیس کیرس منز۔
335,کرکلیو تہ فیلیپسس چھِ دون دن دہن تام لکٹہ دلہِ، ییلہِ تِم پرتھ ہینڈ اوور دور مکمل کرنہ پتہ چھِ رو
336,ڈوریس سریینواسانن چھ دعوا کران زِ یہِ چِھ نہ ترین چہر یا یوگک پوزیشن تہ یہِ زِ ویدک ادبس منز، روُدرا اوس نہ جنگلی جانورن ہن
337,یہ چھ کارس ستۍ چھِ چھِ چھِ چھِ چھِ چھِ چھِ چھِ چھِ چھِ چھِ ۔
338,مان چھ مُمبیی تام ولِتھ تہ چھِ جشن منز حصہ لگان سڑکن پیٹھ۔
339,مین سیدھا ڈاکٹر چھِ یِہِ ہلکی فراہم کرنہ خطر اکھ شاندار کم کٔرِتھ ۔
340,"تمہِ سندِس کوچس مطبق اوس س ""تقریباً ز گھنٹہ تام کران""۔"
341,ییلہِ زیاد لوٗکھ یہِ خطر ادا کرِتھ، ییلہِ زیاد لوٗکھ یہِ کٔرِتھ۔
342,تِم مُلک س ختم ییلہ بیلاروسیا سوویت کنٹرولس تحت گٔیہ ۔
343,صلیب چھ دنیاہس منز ساروے کھتہ زانہہ مشہوٗر علامتو منز اکھ۔
344,سُہ چُھ کرونس سُند نیچُو تہ چھُ پہاڑ اولمپوسس منز روزان۔
345,رجسٹرس منز دِنہ خطر اکھ الگ ای میل ایڈریس بنو۔
346,جھیٖل چھُ مودالیارپٹ نزدیٖک اکھ بوڑ آبدی جسم۔
347,کِرشنن اییر سند کردار ادا کرنہ آمتہِ مِتھون چاکراپورٹی یِن اصل منز ادا کرنہ آمتہِ آو ہٹاونہ تہ رشی کپورن ک
348,اکھ شخص یس ستہِ ستہِ ستہِ ستہِ ستہِ ستہِ ستہِ ہُند ستہِ چُھ ، چھُ عام طور یہِ زان
349,یہ گاڑ گوو 2007 منز نیو یارک انٹرنیشنل آٹو شو منز پننہ آغاز۔
350,یہِ آو اسرائیل ڈیفینس فورسز خطر اکھ مقابلہ ہُند زیننہ دار بننہ ۔
351,ہنریو VIII سندس سلطنتس منز آئرلینڈک بادشاہت موجود۔
352,"2011 منز، ""یہِ دشوے ہائی سکولہِ منز چھِ تقریباً 1 ہُند بڑن وِکڈینُک غیر طبی استعمالچ اطلاع دِوان؛ 20 منز 1 چھِ اوکسی کنٹ"
353,آئی ٹی کمپنی چھ وارنگال تہ خمس منز تہ قیم کرنہ آمتہِ ۔
354,پٹھۍ، ییلہ جوس ز ٹائٹل زیننہ پتہ ستۍ سندۍ ستۍ، تٔمۍ زیوٗن ریل میڈرس ستۍ چیمپئنز لیگ ان
355,سماجک ابتدئی رہنما سۍ پانڈیٹ لیکھ رام، 1858-1897 تہ سوامی شاہدھھنند یا مہاتما مونشی رام وج، 1856-1926۔
356,1995 تام اوس سُہ ڈیموکریٹک پارٹی ہُند رُکُن۔
357,ہندوستنہِ ہندِ شاکتی سِکٹ چھِ آسامس منز روزان بنگالی ہندوستن منز اہم ۔
358,کیمبریج ریکٹ فیکٹری آو گرافائٹ ریکٹ منتقل کرنہ خطر قیم کرنہ خطر مجبور کرنہ، تہ پروڈکشن آو فار مشرقی منز منتقل کرنہ
359,بچاوت کرن ولۍ پتہ زن بینک منز۔
360,سکاٹ لینڈس منز چپل رائیل ہُند سربراہ چھ اکھ ڈین۔
361,یہِ زِیاد زمین اوس 1914 پیٹھہ واریاہ جنگہ کرنہ آمُت۔
362,یوٹِلا چھُ گوالیر-ہسٹیناپور-بیہات روڈس پیٹھ گوالیر شہرچ 20 کلومیٹر (12 میل) مشرقس منز۔
363,یہ چھ حیرت انگیز زِ کس وجہس منز کرن ولہِ ہندِ خطر زیاد سرمایہ کری ہندِ ضعیف آبدی ہنز ہنز ہندِ ہ
364,اکسینڈرولون چھ خاص طور اکثر تِہندِس ترقیِی دورس منز تشخیص کرنہ آمتہِ کورین منز استعمال کرنہ یوان، یِم آبدی منز صرف ترقی ہارمونک
365,تٔمۍ گِیُن سورری، وارکس شیر، شملی ٹرانسواال تہ انگلینڈ خطر۔
366,انسان کیسٹایرکوسیس ہندس معاملس منز چھ تشخیص اکھ حساس مسلہ تہ یہ چھ انفیکشن کرنہ آمتہِ ٹیسِس یا سافسٹائٹسڈ آلاتن ہندِ بائی
367,ییلہِ قانون ساز امیُک ناو پراجا سبھا آو 1934 منز قیم کرنہ، لداخس آو امیُک منز ز نامزدہ سیٹ دِنہ۔
368,1989 منز وون گولف کلبن ز تم چھ گولف کورس بڑنچ خواہش۔
369,یاکیگوسا اوس 2007 ہس منز پننہ مرنہ تام سینیچی ٹینگوچی ستۍ خاندر کرنہ آمُت۔
370,جانورن ہندِ ہندِ ہندِس روے ہندِس شمالس منز باناراسس منز مندرن تہ گھریلو منز دیویہس خطر گید
371,سیزن دوران، ٹرمپَن کور رینکنگ ایونٹَن ہُند ریکارڈ، ییمہِ ستہِ زیننہ چھِ۔
372,پرتھ ریڈونڈنٹ بٹ چھ واریاہ اصلی معلومات بٹن ہند اکھ کم۔
373,سائیکل کنسہِ کٔر کینہہ غیر متوقع فری بیس منز دژ ییمہِ مے نیوِ سائیکل خطر بٔرِتھ مے بٔرِتھ ۔
374,پولیو ویکسین ستۍ ویکسین ہیکہ پوٗر دنیاہس منز بیمارچ وقف کٔرتھ۔
375,یہ چھ ز کھیلن ہند سرکرۍ قونوُن ہنز ذٔریعہ تہ شائع کران تہ پروموشنل سرگرمی منز شمل کران۔
376,کولٹس سندِس سنزِ بچاوتھ ڈرائیو س ختم ییلہِ روکی چارگرز دفاعی مکل لوئس کاسٹیلو کور کولٹس کوارٹر بیک پیتون میننگن
377,بادشاہن ہند اعلانن ہند نتیج آو 1930 منز اتھ علاقس منز ہجرت۔
378,امریکہس منز گڈنِچ زنانہ ہندِ لیکروس ٹیم آیہ 1926 منز بالٹیمور، مریلینڈ کس برین مووم سکولس منز قیم کرنہ۔
379,کران جوہارن کور وضاحت ز سُہ چُھ پننہِ بھوت تریلوگ بنوتھ یژھان۔
380,قومی ٹیمن ہنز انتخاب چھ متعلقہ قومی فدرشنن ہند طرفہ کرنہ یوان تہ پتہ چھ امہ کھیلن منز حصہ خطر آو آو آو اے اے اے آو سرکر
381,ایسوفیجیل کینسر ایسوفیجیل کینسر چھ ایسوفیجس منز کینسرک اکھ قسم۔
382,"1965 منز اوس چیبوکسری ہند آبدی 163,000 بڑمژ۔"
383,"سُہ چھُ لکھان، ""منسمیریٹی اوس گڈنِچ ہندوستنۍ قونوُنی متن یُس 1794 منز سر وِلیام جونز سندِ ترجمہ ستۍ مغربی دنیاس من"
384,یہِ مقامَس پیٹھ چھُ مہارانی ہُند اکھ سمدھی ییتہِ سٹی ادا کرنہ آمُت۔
385,سُہ موُد 26 جون 1952 سن ڈیگو، کیلیفورنیاہس منز۔
386,پانڈیا چھ گڈنِچ دستیاب تامل شاعری منز مناونہ یوان۔
387,توکرامن چُھ ونان زِ یہِ زمین چھُ پننہِ ملِس ستہِ رتہِ رتہِ تہ چھُ یہِ واپس مانان۔
388,زی ایییی 5 پیٹھ کن بینگی شیکراوتی (2022) چھے اکھ ناکار روایتی خاندان منز پننہِ راجکومری دیویانی گندان۔
389,الیکٹرانک دستخطس منز چھ اکثر تام سٹمپ شمل ییلہ دستخط کرنہ آو۔
390,تمام ٹھ چھِ ڈینور کس سینٹ اینٹونی سینٹرل ہسپتالس منز منتقل کرنہ آمژ۔
391,"یہِ مقام چھِ سمید سِکھار ""مُتمرزی ہُند مُتعارف"" تہِ ونان، تِکیازِ یہِ اکھ جایہ ییتہِ دٔنہہ ژون"
392,یہِ چھُ ونان زِ پرتھ کُنہِ تہِ یُس پارامپدا واسلَس منز گژھان چھِ ویکنتھاہَس تام۔
393,گڈنِچِس پیٹھ کٔر پارٹی پننہِ کانڈینٹس پیش۔
394,تمہِ سندِس کُندِس کُندِس کُنہِ کُنہِ کُنہِ حصِل سلطنتَن پیٹھ جنگچ پَرنہ تہ
395,یہ چھٗ اکھ ناوک منگا پیٹھ مبنی ۔
396,15 ہمہ صدی ہندِس شروٗعاتس منز بنو دیوا رایاہ وججیا نگرس منز مسلمانن خطر اکھ مسجد تہ پننہِ تختس برونہہ کور اکھ قرآن۔
397,2016 ہس منز، چاندی گڑھ اوس ہندوستانک دویمہ ساروی کھتہ صاف شہر۔
398,گرم، خشک موسم بہار تہ خش، خشک موسم بہار چھ آب و ہوا زراعت خطر ملک بناوان۔
399,سُہ چھُ ونسہِ مختلف ساتھیو ہندِ طرفہ حمایت کرنہ یوان تہ چھُ زندگی ہندِ ہندِ صٔدی معیار برقرار تھاوان۔
400,اولیویہ ہکو نہ گژھنہ رٹان ییلہ س دی فیلڈس پیٹھ پننہ ٹیم سندِ بے ناکام نفاذہ وچھان۔
401,کارزایی چھ عدالت ڈِسٹیشنس قانونس منز نظر ثبوت دِنہ آمُت، تہ قانونس منز قونوُنی نفاذ کرنہ یِہ۔
402,1845 تام اوس برطانوی فوج پننہِ پننہِ شمالی کھوتہ زیاد قبضہ پننہِ پننہِ پننہِ پننہِ پننہِ پننہِ پنن
403,والڈ سندِ کم اوس تقریباً 60 ؤری تحقیقچ ستہِ ونسہِ ۔
404,تہند ویکیپیڈیا اکاؤنٹ چھے کمسنس پیٹھ تہِ آٹومیٹک طور کم کٔرِتھ ۔
405,امہ وقتس دوران اوس سُہ أکس گنگچ رہنما۔
406,یم چھ یلڈنہ آمتہِ پٹھہِ پٹھہِ پٹھہِ پٹھہِ پٹھہِ پٹھہِ پٹھہِ پٹھہِ پٹھہِ پٹھ
407,یہ چھنہ پورنوگرافی فلم تہ سُہ چھُ کانہہ كٹہ ورنہ ورنہ ورنہ ورنہ ورنہ ورنہ ورنہ ور
408,پریاپسم، جینس ہنز اکھ جگر ہیکہ شدید سپینل کارڈ زخمچ علامت۔
409,یہِ چُھ 1949 منز برطانیہس منز شمل گژھان شروع۔
410,نیشنل سٹیڈیم اوس تمام واقعاتن ہند جایہ۔
411,پتہ گوو یہ ریتھ ریتھ ہفتہ وار تہ یہ گوو ترین ؤرین تام ۔
412,مے اوس پننہ پسندیدہ کیک چنیائی منز پننہ بچپن ہندس بیکر ستۍ آرڈر کرنس منز مکمل طور مایوس۔
413,اگر تہہ واریاہ ثروت یا پیچید ملی صورتحال آسان چھ، توہہِ تہہِ یِم شخصس ستۍ کتھ کرنس منز واریاہ وقت خرچ کٔرِتھ۔
414,مرنہ آمتہِ زیاد تر فلسطینی سہِ ہُند قتل کرنہ یِہِ اسرائیل سیکیورٹی فوجہ۔
415,الہ پتہ چھ اکھ مشہوٗر ریسٹورنٹن منز اکھ شخصس منز ملاقات کرنہ خطر پیش کران مگر مقررہ وقتس منز چھ نہ ساجن ہند ظہر کران۔
416,ییلہِ ٹوٹو واریاہ اوس، تٔمۍ کور پننہِ خاندانس ستہِ جوہنسبرگ منتقل۔
417,یِم لوٗکھَن ہنز مواصلات یِم پریسبیکوسسسس ستہِ رتہِ رتہِ چھِ ، عام طور واریاہ زیاد مشکل گژھان ۔
418,پریتی چھُ اِنشولَس خطر پنن محبت تسلیم کران تہ خرِینہِ عدالتَس منز رکاونہ یوان۔
419,یِمَن کھیلن منز شطرنج، گڈ، شینگکی تہ کنٹیکٹ بِج شمل۔
420,کم جسم ہیکہ یتھ زیاد نمکین حالاتن منز زند رہتھ یتھ کٔنۍ نمک یلاونہ باپتھ ۔
421,تٔمۍ کٔر پننہِ 12 ہِم درجہ مکمل تہ آو ز میڈیکل کالجَن منز درج کرنہ۔
422,تاہم، دی سندِ محافِظ تہ ارتھڈوکس ماجہِ کور یہِ قبول کرنہ نِش انکار زِ أمہِ سندِ نیچِس چُھ رقص کرنُک ا
423,کوچ شیکھر بابو (جیانندر ٹریپتی) تہ کولونل خان (آریف زکریا) ہند قیادت کٔرِو پہاڑ یُس پیٹھ چلاونہ خطر تیری من
424,واریاہ مشہوٗر، اداکار، لکھر تہ باقی ساتھیو کور اتھ واقعہ خطر پٹھۍ پکان۔
425,20 مہِ صدی ہِندِ شُروٗعاتس منز اوس راج دکھور سنگھ خیمیرچ سیم۔
426,کاپرن ہندِ دستاویزات چھُ مشور زِ رقص ڈراما اوس ریلٹی ستۍ وچھنہ آمتہِ تہ 1502 تہ 16 ہمہ صدی کس خرس تام اوس اثر انداز
427,پتہ کٔر تمو 2 ستمبر شروع گژھنہ آمتہِ مختلف مُلکن منز اکھ قبلہ منز نو میچ گِنڈنِتھ اکھ ہیکٹ ٹور شروع۔
428,سُہ چُھ داسارا ہِندِ فِلمہِ منز تہِ وُچھِتھ، کیرتھی سُریش ستہِ، ییمہِ نینو لوکُل پتہ تِہن
429,مختلف ریاستن چھ یہ پونسہ مختلف چیزن خطر استعمال کران، مختلف وقتن منز۔
430,کولنس گُزریو 4 مارچ 2016 بروکلین، میساچوسٹس منز۔
431,مے چھس پٹھۍ پریشان ز مینۍ گھر چھٗ خراب گژھان۔ (مقبی)
432,وسانٹ پنچمی برونہہ دہ چھ ساراسوتی سندۍ مندر کھیننہ ستۍ پوٗر یوان، تاکہ س پٹھۍ پٹھۍ روایتی کھیننہ
433,فلمہ منز چھِ وِیوِک اوبروی یِم مِلیکا شِرِنیکَن ہِندِس خلافِ اہم کردار ادا کران۔
434,ٹیبلہ وچھو، یہِ چُھ زِ اِکیوِنکس تہ سولسٹایس ہُند وقت چُھ ژور ؤرین ہندِ دورس منز کتھہ بڑان تہ کم گ
435,"امہ ستۍ کٔر تِمَن ""ہاکی ڈویین"" ونان۔"
436,امیُک پین کیپ چھُ لِٹنگ کنیکٹر چھُ چھُ چھُ یُس پین چلاوان چھُ ۔
437,1964 منز آو مردن خطر آرامیس ہندِس مز پیش کرنہ۔
438,سُہ چھُ ونسہِ اپریل 1994 پٹھ پننہِ صدر کم کران۔
439,ماننہ چھ یوان ز کیم اوس تمن خطر پننہِ پتہ نشان کران۔
440,ییلہ میچ س خری تام گژھان، برازیلین جایگزین رقص کرن شروع تہ تِم زیننہ آمتہِ عنوانس پیٹھ مایوس گژھان۔
441,یہ واضح کرُن زِ تہہِ چھُنہِ یِوان زِ تہہِ چھُنہِ مشکوٗر یِم تہہِ وُچھان چھِ یِنہِ ستہِ ست
442,نارماڈا بیسن منز چھ اکثر سیرن ملن منز مشتمل۔
443,فری ہیلڈ چھ واریاہن کمونویلٹ مُلکن ہندین قونوُن منز استعمال کرنہ یوان۔
444,یہِ چھُ ونان زِ سُہ اوس 800 میٹر ہُند اکھ اِجرا تہِ شکست دِنہ خطر راجپوری پیٹھ جنجرا کِس دروازس تام سمندرَس منز ا
445,کوورا چھٗنہ باقے صارفین سندِ سوالن جواب دِنہ خطر کانہہ پٹھہِ ادایگی کران ۔
446,ہندوستنہ ٹیم ہند مرس مشن اوس اصل پٹھۍ اتھ دنیاہ نِش!
447,یہ چھ تِہندِنہِ کِس کِس منز پد کرنہ یوان، تہ یہِ چھِ کِس کِس كِس ونان۔
448,یونکو بیکٹریین بادشاہ، ڈیمیتریوس، کور بتھ پٹھ سرمایہ کری، تہ تٔمۍ کور 180 مئی قبل مسیحس منز جنوبی افغنگستان تہ شُ
449,ییلہ سُہ ونیزس واپس آو پتہ اوس سُہ نون دہن ہند بیمار تہ پتہ مرو۔
450,مے چھنہ زانہ، مگر ہیکہ یہِ ہیکہِ یہِ چھے یِتھہِ یہِ گژھان۔
451,ادرش بالکریشنا اوس یہ مختصر فلم ریلیز کرنہ ستۍ جشنو سندِ تعریف بیان کورمُت۔
452,حالیہ ؤرین منز چھ سکیم سندِس حکوٗمتس منز وسیع پیمانس پیٹھ سیاحت فروغ دِنہ آمژ۔
453,نیدرلینڈن زیوٗن ٹاس تہ کور زِیاد زِیاد زِیاد ملِس منز منتخب۔
454,مے چھ حیران ز یہ اپلی کیشن ہیکہ مینۍ فونچ کیمرچ استعمال کرنہ ستۍ چیزن ہیکان۔
455,تہہ ہیکہ لیسٹس منز استاد، خاندان تہ دوست شمل کٔرتھ۔
456,یہِ کھیل چھُ اکھ معمول رول اینڈ موو ٹریک بورڈ گیم۔
457,جدید فوجن منز چھ پرتھ فوجیس معیمی سامان پٹھ کم از کم اکھ فایر آرما۔
458,ہندو اخبار چھِ بلیٹینٹِتھ کمونیٹ تہ چھِ نہ بییہِ آزاد روزنامچ نمائندگی کران۔
459,کھتہ زیاد مارکیٹرن ہندِ طرفہ کنہِ چیز چھِ عام طور مجوز دِیُلِین کھتہ کم کھتہ کم۔
460,تمہِ سنزِ ماجہ جویس کین زاو سوویٹک اوس چینس منز زامُت۔
461,کریگس منز بییہ اہم کاروبر چھ امریکی فورسٹ سروس۔
462,یہ کرنہ ستۍ چھِو تہہِ وچھ زِ تہہِ کنہِ اکثر کھتہ تہ تہہِ کنہِ زیاد تہہِ فلمہِ یا باقی تف
463,مے اوس پریشان ییلہ مینۍ کوک دہ صرف ییلہ مینۍ بوس شام آو گژھان گژھان۔
464,ڈایریکٹر اجے بالس منز سۍ اہم کردار ادا کرنہ خطر ز انتخاب، رِکا چادا تہ شِلپا شُکل، ییمۍ سُہ کم چھٗ خمسہ پ
465,چیپکو سنز ساروے کھتہ اہم خصوصیات منز اکھ اوس زنانہ گاہن ہندِ واریاہ حصہ۔
466,کرسمس منز چھِ ونہِ تہِ منزِ برونہہ، قدیم لوٗکھن کور زمنی تہوارن منز جشن۔
467,یہ چھ تمام ہندوستنہ ریاستن منز انسان ترقی ہندس انڈیکس پیٹھ 11 ہس منز درجہ بندی کران۔
468,روکہ کھتہ زیاد زیاد زیاد زیاد زیاد زیاد زیاد زیاد زیاد زیاد زیاد زیاد زیاد زیاد زیاد زیاد زیاد زیاد زیاد زیاد زیاد زیاد زیاد زیاد زیاد زیاد زیاد زیاد
469,تِم گٔیہِ ییلہِ تِم جانورن یِم کھینہ خطر شکار کٔرِو، تِم مختلف علاقن منز گٔیہِ ۔
470,کیٹاگریشن چھ ساروے کھتہ بنیدی شناختی صلاحیتو منز اکھ۔
471,مے کٔر محسوس زِ ہندوستان کین مختلف حصن منز کٔنۍ چیز چلاونہ ییمہِ وجہ ستۍ لوٗکھ بیمار گژھان۔
472,1761 منز کور برطانوی مہے قبضہ، تہ یہِ مقبوُل گَژھِ کَتھاتانڈوُک حکمرانس منز منتقل کرنہ۔
473,ییلپ پیٹھ کس کاروبرۍ ریویو لکھنہ خطر درج کرنہ آمتہِ ہندِ ہُندِ ہُندِ ہُندِ ہُند پیٹھ
474,"تاہم، پٹھ چھِ پٹھہِ اپودوسس پتہ مُخلِفین منز نہ ""مسیح چُھ بَرنہ یِوان"" ہُند پاسچل بلیٹ"
475,کانگریویل، ایلینوایس کانگریویل چھ امریکہ ہس منز ایلینوایس منز اکھ گام۔
476,یِتھ منز چھِ اکھ اَضافی 12 مُلکن، یِم زیاد تر جنوب مشرقی ایشیاہس منز چھِ، اکھ داوطلبی قدری ہُند پروگرام۔
477,یہِ حُکُمت ہُند رد کرنُک فیصلہ چھُ اِراکی حکومت سندِس معاہد ستہِ اِنہِ ہُند اِنتھہ یِوان یِتھ ک
478,پتہ کور تٔمۍ مسلمان دوستن ہندِس كوٹری منز پننہِ كوٹری جمع کرنچ کوٗشِش، مگر ناکام۔
479,آرنگزیب سندِس جھنرا قلعہس منز جھنرا قسمس منز اورنگزیب سندِس قسمس منز بادشاہی قسمس تہ کم لُکھن ہ
480,"انتقادی تران آدرشن دِیوُت 5 منز 3.5 سٹار تہ یہِ چھُ ونان زِ ""منجونات چھُ اکھ فلم یُس واقع، بہادر تہ طاقتور چھُ۔"
481,شطرنج انجن چھ کمپیوٹر سسٹم یم انسان مُقابلہ خلاف شطرنج گیم گِتھ ہیکہِ ۔
482,ریاستک جنوب مشرقی حصہ چھ عام طور سندس نیچس منز کم گژھان۔
483,بِنڈیکٹِٹِن ہِندِس بِبیِیَس اوس تقریباً پوٗر رومی خرابَن پیٹھ پتہ پتہ پتہ بناونہ آمُت۔
484,جِٹھہِ ستہِ جذبری چھِ سمندری نمژچ ساروے کھتہ عام طریقہ۔
485,کشمیر وادیس منز آو بے حصہ تہ تشدد تہ 1987 منز تنازعہ كین ریاستی انتخابن پتہ آو اتھ بے حصہ تہ حقن خلاف احتجاج کرنہ منز ا
486,سیلی جغرافیہ: یہ پارک چھ ڈرجیلنگ ذیلی ڈویژن، ڈرجیلنگ ضلع، مغربی بنگال، ہندوستانس منز واقع۔
487,سُہ آو 27 ستمبر 2007 کنسرویٹیو کانڈیڈیٹ پٹھ تصدیق کرنہ۔
488,یہِ فِلم آو 20 ستمبر 2019 ریلیز کرنہ ۔
489,یہِ چھُ ڈیلِی ریفرینس ولِس نزدیٖک سوڈیم تہ چربی ہُند مقدار۔
490,وولی بال چھ اکھ مشہوٗر تفریحی کھیل یُس پور ہندوستانس منز گِندنہ آمُت، زِیاد تہ شہری علاقن منز۔
491,مدھیہ پردیش چھ مورونا ضلعس منز ہنز پیداوار خطر تہ مشہوٗر۔
492,"مارکا دٔریاو چھ سٹوک رینجک جنوبس تام تہِ گژھان یتھ منز 6,153 میٹر (20،187 فٹ) سٹوک کانگری پہاڑ شمل چھ۔"
493,اکتوبر 2002 ہس منز بنیو بلیک ہاوس آف لورڈزک رکُن۔
494,چہرہ ہندِس مِسکہ تہ ہڈ جیار چھِ کِردارن ہندِس اندرونی شخصیتس منز زور دِنہ خطر شمل کرنہ یِوان۔
495,ؤریہ پتہ چھ یہِ اَمہِ خیال ہُند ثبوت تہ مقدار بندی کرنہ آمُت، زِ تیزی سان سربرل خون بہاؤ ہُند بحِرِین سیلَ
496,یہِ چھِ بِگ بنگہ برونہہ جنگ یِم واریاہ طاقتہ چھِ ۔
497,1995 پیٹھہ زیوٗن تِم سوئس کپ ترے رُونس منز ترے۔
498,یہ چھ صحت کی دیکھ بھال ہندِس قبلَس تہ وسیع کمیونٹی منز تہِ اکھ مسلہ۔
499,سنو برطانوی مشترکہ اعلان کہ اصطلاحس تحت آو 1984 منز اکھ معاہدہ، ہانگ کانگ ہکہ چین ہندِ لوٗپِس رپبلکُک اکھ خاص انتظامی علاقہ بنوِ۔
500,اگر توہہِ بٔڑِس شہرس منز روزان چھِوو توہہِ ہیکہِ تُہندِ تلاش واریاہ ہتھیار ہُند فہرست منز نتیجہ بنوت
501,موجود روسی بینڈی فیڈریشنچ سندۍ پیشوا آو 1898 منز قیم کرنہ۔
502,"بھگیاچندر تہ تمہِ سندِ وارِن کور ""منی پورشوار"" یا ""منی پورچ بادشاہ"" ستہِ ستہِ ستہِ ستہِ ستہ"
503,پوجا کور خری پننہِ بہترین دوست، کوویٹا سندِس گھرس منز یژھان یتھ تمہِ ستہِ ملنہ تہ کنہہ ہاونہ
504,ییلہِ آو، سُہ چھُ سُہ شوک گژھان زِ سُند ماجہ پننہِ بہنہِ، خُررام، ہیلال سندِس نیچِس بہنہِ
505,بدلہ چھ مختلف قسمن ہند ذہنیت ہنز مختلف علاقن منز ذخیر کرنہ یوان۔
506,دنیاہ کین زیاد تر حصن منز چھ سکروی ہند شرح کم۔
507,چونکہ واریاہ زیاد کموٹر چھ منصوبہ بندی کرنہ کھتہ زیاد زیر زمین استعمال کران، اکثر زیاد جمع کرنہ چھ گژھان۔
508,گیمن ہند گڈنِک سیزن چھ کنسول کِس قیمتس منز شمل۔
509,اُتر پردیش ہند لوٗکھ چھ مختلف روایتی تہ مغربی طرزن منز پوشر۔
510,بلیین زاو بروکلن، نیو یارک سٹی منز۔
511,کینہہ کھلڑۍ چھنہ سیڈل بینکٹ استعمال کران۔
512,س چھے پننہِ خاندار تہ تمہِ سندِ ز شُرِ جاناوان۔
513,یِتھ کٔرِتھ ریتہ دوران واریاہ لوٗکھ آبنی ہندِس سکی خطر جھیٖرَن منز گژھان۔
514,جیناہ کر مقمی سیاست دانن ستۍ قریبی طور کم، تاہم، لکنووس منز 1938-1939 منز مدھی Sahaba ریوٹس دوران لیگہ ہند طرفہ اکھ منفرد سیسی
515,بدلہ، کم ٹیکنالوجی ستۍ ستۍ ستۍ ستۍ ستۍ ستۍ ستۍ ستۍ ستۍ ستۍ ستۍ ستۍ ستۍ ستۍ س
516,"جارجیاہ جیلہ چھ اکثر قیدس منز گنگہ رپہ نیرنچ کوشش کرنہ خطر ""شینک"" کران۔"
517,ییلہ شک چھ موجود، تشخیص ہیکہ لیبارٹری ٹیسٹ یتھ کٔنۍ سیروولوجیا ہس منز تصدیق کٔرتھ۔
518,تہوار دہ چھ گاڑن ہندین گھرانن منز کورٹیئر صاف کرنہ یوان تہ تٔریٖف گاڑن ہندس پٹھۍ پٹھۍ پٹھۍ پٹھۍ پ
519,ٹارینٹ کاؤنٹی منز چھِ افسرن مانان زِ بن بروکَس منز آگ ہیکہِ اکھ سیگار ستہِ شروع گژھتھ یِتھ اکھ بین ریاستی سڑکہِ پیٹھ پھ
520,شہرچ کونسلس منز سہِ کینہہ مہاجرتی طاقت تہِ۔
521,کلاسیکی آسٹنگا یوگا نظامس منز چھ یوگا ہُند خری مقصد سامدی حصل کرُن تہ اتھ حالتس منز صاف آسنہ كھِو ۔
522,اگست 2013 ہس منز بڑو کافے بینے أکس ہتھیار کھتہ زِیاد دکانہ۔
523,لائف انشورنس کورپوریشن آف انڈیا چھ کمپنی منز ساروے کھتہ بوڑ غیر پیشکش کرن ولۍ سرمایہ کار، یتھ منز 7.98 فیصد حصہ ہولڈنگ چھ۔
524,لہذا، تٔمۍ کٔر پننہِ دشونی تہ پننہِ تمام طاقت استعمال مگر یہِ نہ بڑوِتھ۔
525,گلیسیہس منز چھ سپینش تہِ بولنہ یوان، مگر زیاد تر دویمہ زبانہ پٹھۍ۔
526,طویل وقفہ پتہ کٔر تٔمۍ فلمہ تہ سیریز پیٹھ کم کرنہ ۔
527,راتس منز محتاط رہنا چھُ وچھنہ ہند علامت، یا ذہنچ موادن پیٹھ محتاط رہنا۔
528,فرض کٔرِو زِ تہہِ کٔرِو بینک اکاؤنٹس منز 1500 ڈالر جمع۔
529,گاندھری چھُ بوکلاگوتھہس نزدیٖک اکھ پہاڑ قعلہ یُس جنوب ہندوستنہِ ریاست تلنگاہَس منز منچریل ضلعہ مندمارری مند
530,میٹیو، مارک تہ لوک ہندین جیوٗلن چھِ یِمَن واریاہن قصن ریکارڈ کران۔
531,یہ اوس واضح، جمعہ، ییلہ میپل لیفس اوور ٹایمس منز پنگوئنز 5-4 شکست دِنہ خطر منعقد گژھان۔
532,پرنہِ ورژن پتہ آو فونرس بدلہ ونڈوز 95 چلونہ بند کرنہ۔
533,ییلہِ مُکِس نسلچ اکھ نفر مران چھِ، گڈنِک نسل چھِ آسہِ منز منتقل گژھان تہ مُکھا منز دِنہ یوان چھِ، لہذا شردھ
534,دریاو ہندِس بٔزیٖنَس منز چھِ یِہ سالانہ اوسط روُدِس منز 1000 ملی میٹر یا 39 رتہِ رتہ یِوان۔
535,یہِ چھُ صوبہ تہ مشرقی حصہ منز ساروے کھتہ بوڑ بلدیہ۔
536,ریاستی حکومتن چھِ ہندو مِنمار سرحدی تجارت ہندِس شہرچ ترقی خطر کھوونوامس منز 127 ایکڑ زمین حصل کرنہ آمُت۔
537,گروپ منز چھ تمام لڑکن پننہِ زیاد تہ شخصیت خطر گژھان۔
538,نہروَن ہُند ہندوستانُک نمایندگی تہ آو امپریالیزمس خلاف لیگ ہُک ایگزیکٹو کونسل منتخب کرنہ یُس امہِ اجلاسَس منز زامُت اوس۔
539,سلینڈر، آیووا سلینڈر چھ امریکہ کس آیوواہس منز اکھ شہر۔
540,دمشق دمشق چھ اکھ وولنگ ماڈل یُس عام طور سِلک یا زخم ستۍ استعمال کرنہ یوان چھ۔
541,اَتھہِ ستہِ چھِ امریکہس منز تقریباً اکھ ملین لُکھ متثر کران۔
542,قیدس منز باقی 12 منز آیہ 16 تہ 17 ون ونسہِ ز لڑ تہ 24 تہ 25 ونسہِ ونسہِ ز مرد قتلچ مشکوٗر کر
543,ریاست چھ ہمیشہ ہندوستانس منز پہاڑ نیرن، پیٹھ گژھن تہ پتھن ہند مقصد۔
544,اتھ نقطہ پیٹھ چھ بییہ بیولر دویمہِ طرفہ پٹھۍ پٹھۍ پٹھۍ پٹھۍ پٹھۍ پٹھۍ پٹھۍ پٹھۍ پٹھۍ پٹھۍ پ
545,تِم ہیکہ پننہِ نوکری کٔرِتھ یا تِمَن منز چھِ غر ادا کرنہ آمتہِ قرض یِم تِہہہِ چھنہ زانانہہ
546,یہِ ترتیب چھُ گڈنِچ چیز ییلہِ تِم وِشو دہ بیدار گژھان چھِ یِوان۔
547,ریاستس منز چھ 13 ریاستی حکومت ہندِس معاوضہ، 22 کمیونٹی صحت ہندِس مرکز، 93 بنیدی صحت ہندِس مرکز تہ 408 ذیلی مرکز۔
548,4 دسمبر کور تٔمۍ اتھ مُقابلہ منز چینی ٹایپی یس خلاف شروٗعات۔
549,گورنر چھ بادشاہ برطانوی حکومت ہندس مشور پیٹھ نامزد کرنہ یوان۔
550,سُہ آو جاسوٗب تہ بنڈیکٹ آرنولڈس منز مدد کرنہ خطر سزا دِنہ۔
551,انفرادی کمپیوٹرن چھنہ مایکروسافٹس ستۍ رابطہ کرنہ خطر ضروٗرت، حالانکہ کی ایم ایس سرور چھے کران۔
552,ترسورس منز چھ تیوہارن منز اکھ پروسیشن شمل یتھ منز کمٹیکل رقصگارن ستۍ احاطہ کٔرمتیہِ ہنزِ ژندہہ
553,میے بیمار: میے بیمار چھ جاپانس منز اکھ عام قسم لکٹہ پریشانی۔
554,بین الاقومی انتقبی تہ غیر ملکی سرمایہ کری تہ تجارتس منز مستحکم کم گژھنہ باوجود، اتھ نیوُکولی ٹیسٹ س گھریلو طور مقبول۔
555,اگرچہ پرتگالچ حکوٗمت تہ نیوز ایجنسین دشوے وون زِ دشوے ہاوسن منز چھ زنانہ ، ہاوسن سۍ اصل منز ترے مرد تہ
556,سپینس سینٹر بیک مارک بارٹران کٔر پنن دہہ ہند ریڈیل ہندس بتھ پھٹان، تہ پتہ راتس پیٹھ، بی وی بی بی رپورٹس منز اکھ
557,تم چھِ دُنیاہ تہ جہنم، موتہ پتہ زندگی تہ کرماس منز یقین کران۔
558,2009 ہس تام چھ تقریباً 80 مُلکن منز فورڈ بال ہُند کھیل گِندنہ آمُت۔
559,تِمَن تِہِ تِہِہ نہ آٹورنی سنزِ دفترَس منز اِندِو نہ یِتھ مگر یہِ چھٗ پوٗر غر مُختِلِ
560,ڈاکٹر چھ یہ کران یتھ کٔنۍ تِم ہیکہِ براہ راست دماغس منز مطالعہ کران۔
561,تمہِ سنزِ خاندار منیٹا ڈٹ چھِ پننہِ دون دونہِ شُرِو ستہِ روزان ونی دیز، لندن ہس منز مبنی اکھ لکھر،
562,سٹ مارچس تہِ ونسہِ سفید پھلوینگ دٔریاو ونان اوس، تِکیازِ تمام لوٗکھ سفید خدی ہندِس عملس منز شمل سہِ۔
563,کل 16 کلب چھ پلے آفَن منز گِند ۔
564,جولی، واریاہ ہارڈل گژھنہ پتہ، کامیاب طور چھے مشرا عدالتس منز لگان۔
565,چندرگپٹا سنزِ حصِل خطر، أمۍ سندِس مادنی نِشِیو ستہِ کٔرِتھ أکِس گڈس منز
566,وائرس ہیکہ پٹھۍ یا رگمنٹس منز دہ ہند وجہ تہِ ہیکان۔
567,کوکپڈن کٔر انگریزی، ہسپانوی، انڈونیشیا تہ عرب زبانن منز ریسٹیٹ سایٹ کھولنہ۔
568,اگر تہہِ بیلس چِھِوِوِوِوِو، توہِ یقینی بنوِو زِ تِہ چھِ مختلف گڈ گژھان یِتھہ لَکن پٹھۍ یا و
569,پروجیکٹ مینجمنٹن کور یہ یقینی بنیِتھ زِ پروجیکٹ چھِ موجود حدن منز فراہم کرنہ یوان۔
570,سی این این اے بی این ہچ راجیو ماسنڈن کور یادو، شین تہ چٹریجے پننہ اداکری خطر تعریف۔
571,بڈے لیگ بیس بال ٹیمن خطر چھ تمام موجود بال پارکن ہند فہرست۔
572,پتہ گٔیہ س 1995 ہس منز آرٹس اینڈ لیٹرزک فارکولیٹ۔
573,انڈیمان تہ نیکوبار جزیرن منز چھ تقریباً 50 قسم جنگلی مملو پٹھۍ لبنہ یوان۔
574,تٔمۍ سنز کیریئر گوو 2015 پیٹھ 2020 ہس منز تمہِ سندِ مرنہ تام۔
575,"مگر لیشمی پتہ اوس یہ کون؟ یہ اوس اکھ سیر تہ سفید گھوڑا یتھ منز سبز چھنہ تھاوان۔ ""سہ اوس ستۍ ستۍ تمام طریقہ کٔر۔"" سِرنگ"
576,تٔمۍ کور وٗچھ زِ یلو فیورُک بٔڑِ تہ وجہ اوس أکس مٗسکیٹوس پیٹھہ۔
577,چنئی منز جاواہارل نہرو سٹیڈیم چھ اکھ واریاہ مقصد سٹیڈیم یس فٹ بال تہ ٹریک تہ فیلڈ ایونٹ ہاوان چھ۔
578,گیس چھِ اطرافَن منز نیران تہ یہِ چھِ بادہ ستہِ مشرقَس منز لگان۔
579,تٔمۍ کٔر ایڈورڈ ڈی ایفیسرس کینہہ قونوُن جایہ منز واپس۔
580,میزوو منز تربیت یافتہ لیٹن کور میزو یونین کِس بینرس تحت قبلی سرپرستن خلاف مہم۔
581,بدلہ، تٔمۍ بنو لگہ لوٗکھ یم گر کھتہ مران چھ تہ اگر یہ پیشکش یِنہ یِنہ یِنہ یِنہ یِنہ یِ
582,یہِ اوس تمہِ سندِ محافِظ ماں سندِس نظریاتس خلاف۔
583,کیا چھِ حقہِ اچھی فوج فوج فوجن ہندِس مُلِس منز منحصر، یا چھِ یہِ انفرادی ہندِس غر غر غر غر غر غر غر غ
584,آشتامودی کیال، یتھ بیک واٹرس تام دروازہ ونان چھ، چھ کولمک تقریباً 30 فیصد پوشم کران۔
585,یہِ چھِ 104 یورپی تہ شملی افریقی ہوییی اڈن درمیان 387 روٹ۔
586,فعال کرنہ آمتہِ گیس ماسک یا باقی فلٹر ہکن سانسہ کِس نظامس بچاون کٔرتھ۔
587,مغربی، جنوبی تہ شملی مغربی حص چھِ پہاڑ تہ زمیٖنہ ستۍ غر غر۔
588,یہ واقعہ چھ ہندوستانی سرزمینس منز جنوبی حصہس منز تہ ڈارجیلنگس اطراف شُمالی علاقن منز بڑان۔
589,لیزا فونسگریز چھ وسیع پیمانس منز دنیاہک گڈنِک سپر ماڈل ماننہ یوان، یتھ منز 1930 کس دہلس منز شروع گژھان چھٗ ۔
590,ہویی جہاز بناون یا ہویی لاین ہندِ نمائندِ ہیکہ بی ای اے ای ہس تنینییی مشیر پٹھ مدد کٔرتھ۔
591,یہ چھ ماتورا نزدیٖک بارسانا قصبس منز اصل ہولی برونہہ واقع۔
592,وادیس منز چھ پڈے، گند تہ فڈرس ہِندِ پٹھۍ کٔمیٖن ہنز اکھ غر کاشت تہِ۔
593,کینیول اوس 1959 پیٹھ لیڈا جوان بورکس ستۍ خاندر کرنہ آمت تہ 1997 تس تام تِم طلاق دِنہ۔
594,سُہ چُھ ایچ ہاکی کھلڑِ ٹائلر ارناسن سُند مل ۔
595,"تٔمۍ کٔر أکس وقتس منز 100,000 کھوتہ زیاد افرادن ہند پیشگو۔"
596,یہ توجہ اوس کیرالہ سند پٹھہ آزادانہتی حکومتہ ستۍ برقرار تھاونہ آمت۔
597,جارج اوس نہ واقعی اتھ کنہہ یتھ کٔنہِ رتہِ، تہ تٔمۍ کور اصل پٹھۍ پننہِ دلچسپی حوصلہ۔
598,ٹریک تہ فیلڈ ٹیم ستۍ زیوُن تٔمۍ بڈ جمپس منز ایوارڈ۔
599,اگرچہ نسبتا نایاب، بتھ ہیکہ خراب گژھان، پتہ چھ واپس خراب گژھان۔
600,تِہِ وِزِ باقی واقعاتن ہِندِس طورس پیٹھ آو ایونٹ متعلق پوسٹ کارڈ بناونہ ۔
601,"صرف پوچھو، ""ہ، توہہ، تہہ کرسمس خطر کیا پسند کران؟"""
602,تٔمۍ سُند گڈنِک اِراد اوس ڈاکٹر بنن، مگر خرِینہِ کور تٔمۍ اکھ اداکار بننُک فصلہ، یتھ کٔر
603,امریکہ ہندِ مردن ہندِس ایس ہاکی ٹیمَن چھِ بٔتھِنٹر اولمپکسَس منز جمعہ 5-3 منز اکھ ابتدئی رُونڈ گیمَس من
604,کینہہ کینہہ ماہر چھُ ونان زِ یہِ چُھ کم از کم ترے ژور ؤری تام لگان۔
605,ٹریفک آو اتھ تام برلن برینڈنبرگ ہویییی ایئرپورٹ منز دوبار منتقل کرنہ۔
606,"سنیدریا سنیدریا چھ اکھ فائلم یتھ منز تقریباً 11,000 جانورن ہندین اقمیات چھ۔"
607,یتھہِ معاملہ باپت اکھ مثال چھُ فیلیپینن ہندِ مثال۔
608,1857 ہس منز برطانوی دورس دوران، آووا ہک تھاکر سندِس قیادتس تحت پالی ہند مختلف تھکورن برطانوی حکوٗمتس خلاف لڑے ۔
609,ستارے کور یہِ جھالک دکھلا جھا ییتہِ سوشنٹن مدھوری دکسیتس پیٹھ دھوکہ دِوان۔
610,روتی میل ستۍ ہیکہ صارفین واریاہ ناپسند میل حصل کٔرتھ۔
611,9 مہِ صدیہِ تام س کینیڈا زبانہ یِہ ستہِ ساروے کھتہ زیاد مشہوٗر لکھر منز کینہہ وچھمتہِ
612,2003 منز گٔیہ کلب تقریباً ناکام تہ جوپ مونسٹرمنن کور صدر کم۔
613,ساینس دانن چھُ مانان زِ ہیوائٹ ہُند زیاد ہیکہ اتھ ملِس خطر بنتھ۔
614,"بھانسلین ونان کور یہِ وِلیام شِکِرِس سندِس تراژدی رومیو تہ جولیٹ سنز ""یہِ اِستعمال""۔"
615,بیر گوو گڈنِچ سرکر 1895 منز زنانن ہندس باسکٹ بالس خطر قونوُن ہند گڈنِک کتاب ستہِ کھیلُک ا
616,اتھ منز چھ اکھ رول ستہِ تہ یہ چھ لیکسمی نارایان مندر ستہِ بٔڑ ۔
617,ہلکو مواد، یتھ کٔنۍ تھرموکول، چھِ کُنہِ کُنہِ وقتہ یِوان، حالانکہِ چھِ زِیاد تر لکٹہ ہندِ
618,2003–04 رپورٹن مطبق چھِ تقریباً 11 لکھ لُکھ لُکھ مچھلی ہندِس تہ حِصہ کِس سرگرمیَس منز پننہِ زندگی حصِل کران یتھ کٔ
619,ملِس پیٹھ بیٹھہ بیٹھہ چھِ تہہِ سرد تیزی سان۔
620,اکھ بھاری ڈماکر مگر نہ پینکر، رے کٔر بییہِ کانہہ چیز کھتہ زیاد کم کرنہ خطر قیمتی۔
621,ڈی ڈی ٹی وی سندِ سیبل چتارجیَن کٔر فلم 2/5 درجہ تہ وون زِ یہ فلم چھُ ڈگ گوبتی سندِس کنسہِ پٹھ۔
622,منصوبہ بندی کرنہ آمتہِ قبیلہِ منز چھِ اڈیواسس یِتھ کٔنۍ تھاکار، وارلی، کنکانا تہ ہلبا شمل۔
623,ضایع چھ یہ زِ چھِ ہُند توجہ ہُند ہُند ہُند ہُند ہُند ہُند ہُند ہُند ہُند ہ
624,پٹھۍ بگِس گژھنہ ولِس دہِ تہ دویِمِس دوہِ دہس پیٹھ دویِمِس دہس تام گٔیہِ ۔
625,امریکی فوج ایئر کورپسن کور 1942 پیٹھہ 1947 ہس درمیان ہویی اڈچ کنٹرول۔
626,یہِ چھُ انگلین کمیونینُک ماجہِ چرچ ۔
627,کٹاک چھ اکھ قدیم پیشکش ہنز فنکارانہ فن یس شُمال ہندوستانس منز وچھنہ آمُت، یتھ منز رقص کم کرنہ ستۍ گڈن ہن
628,بِفلو سبرسَن کور نیو یارک آیلِڈرزَن دویِمِس راتس منز این ایچ ایل پلی آفَس کِس کھولنچ دورَس منز سبزیٖن سیریزَ
629,کاگھیہ اوس اوٹوسکی کلینچ اہم خاندانک رکُن ۔
630,آڈاکیٹی آو گڈنِک ریلیز 28 مئی 2000۔
631,آئی او سی صدر جیک روجگن کوپنگ، ڈنمارک منز جمعہ آی او سی میونس منز اکھ اعلان۔
632,نوح سنز خوشحالی اوس پننہس دلچسپ جشن منز واضح ییلہ تمہِ سندِس ٹیم زینگِرِتھ وچھنہ آمت۔
633,سکاٹش چرچ کالج، جنوبی ایشیاہس منز ساروے کھتہ پرتھ عیسیی لیبرل آرٹس کالج، 1830 منز شروٗع۔
634,س آو انگلینڈ کِہ أکس جوڑِس طرفہ قبول کرنہ تہ تِہ بڑو۔
635,یہ آو جی این یو فری ڈیوکیشن لائسنس تحت شائع کرنہ ۔
636,مے ستۍ ستۍ ہنز خشیی ہنز حصِل اوس، تِکیاز مے کور چیک پوسٹس منز پنن ٹرک رلیز کرن
637,یہِ شانہ آیہِ دویمہِ صدی پٹھ پننہِ صدی پٹھ یہِ دورس منز تیار کرنہ۔
638,ستواہن دورس دوران دکن علاقس منز بڈھِ ہندِس مُقامچ واریاہ جایہ بد ۔
639,ساروے کھتہ عام جدید سمندری جہاز چھِ سلوپ، یتھ منز اکھ مسٹ تہ ز سمندری جہاز چھِ، عموٗمَن اکھ برمودا ستہِ سختی تہ
640,یو پی آیی پی ییلہِ متعارف کرنہ آمتہِ چھِ مے چھِ مے نیبرہ واریاہ پونسہ خرچ کران تہ مے چھِ مے حسابس منز
641,"لنکنننن کور 90 دہن ہندِس دورس تام 75,000 داوطلبن خطر وٗچھان۔"
642,فٹ بال تہوار یس دویمہِ منز میزبنی کرنہ یوان چھِ، چھِ سرکرِن ہندِ انتقری حصل کران۔
643,کمٹی کور پتہ فیکٹری کن کارکنن ہند موجود کلینیکل حالت فیکٹری منز پٔتمہِ مرکوٗری ہندِ نمژس ستہِ ربط کرنہ خ
644,علامت چھ مختلف ییلہ ز سمندری شوک سنڈروم مختلف باکتریا ہند وجہ چھ۔
645,ایٹزگروڈ: ایٹزگروڈ چھ جرمنی کس باویریا کس کوبرگ ضلعس منز اکھ بلدیہ۔
646,فلمہ منز چھ آرشد وارسی، بومن ایرانی تہ امریٹا راؤ ہند کردار ادا کران۔
647,اوپسیٹ مُود 3 دسمبر 2017 فورڈے منز 81 وُہُر۔
648,شمال تہ جنوبس درمیان بییہ اکھ بحث اوس حکومت ہند کردارس متعلق۔
649,س س ٹریک تہ فیلڈ، گولف، بیس بال تہ باسکٹ بالس منز عظیم کامیابی۔
650,برینڈو پروجیکٹ نِش نِش گژھنہ پتہ کور پروڈیوسرن جیمز کوبرن ستہِ جایہ کرنچ کوٗشِش، مگر رے اوس مایوس گژھان تہ
651,تِمَو کور تٔمِس اوسج قبضہ ستۍ مطالعہ کرنہ خطر اوکلاہوما۔
652,کٹھاکلی سٹائل، کپڑا غر، موسیقی ڈراما چھ باقی ثقافتن منز لبنہ یوان۔
653,تٔمۍ بنو 1010 مئی عیسوی منز برہہ دیوایسوار مندر تہ۔
654,منسمیری چھُ ونان زِ اگر اکہِ جنگ یا دوئلَس دوران جنگجو ہُندِ سُہندِس سُہندِس سُہندِس سُہن
655,2014 ہس منز آیہ ہارڈ راک پیشکش ایوارڈ گروپس منز شمل کرنہ۔
656,سُہ اوس ہندوستنہِ نیشنل کانگریسُک باریسٹر تہ سینیئر لیڈر، ییمہِ مُلکِس آزادی خطر لڑایہ منز اہم کردار ادا کور، ییمہ
657,اَمہِ دہ چھِ سرکرِ حکوٗمت ہندِ جشن تیروواننتھپورم، کوچی تہ کوزی کوڈس منز فایرفاکس ستۍ سنگین روشنی ستۍ شروع گ
658,یہِ عظیم ناراضہ ہنز رتہِ نہ یِتھ کٔرِو، تٔمۍ کٔر پننہِ بینہِ تہ شُر تہ پننہِ زمژ
659,کینہہہ وقتہ تٔمۍ اوس مِرزا محمد حِکیم سنزِ اکھ کورِ تہِ خاندر کرنہ آمُت، امپریر ہومایون سنزِ نیچ
660,کانہہ ردعمل یُس نظامچ مجموعی آزاد توانییات کم کران چھِ گژھِ ۔
661,یہ چھ سامو، ویککا وو کاسواری متعلق۔
662,گلاسگو ہس منز رہائشی مارگرٹ میک میلانس سہِ 123 نٔکِلڈین، مگر پٔتمِس ؤرِیَس منز مُود 98 ہس منز۔
663,جون 1960 منز بنیو سُہ جنوبی کوریا ہُک سند شُملی وزیر اعظم۔
664,مے اوس خوفزدہ ز صاف کرن ولہ ٹیم چھ ذہین سامانن ہند صاف کرنہ ستۍ غلطی کران تہ کلائنٹ آفسس منز تمن نقصان دِوان۔
665,برنو برنو چھِ تِرشینروت، باویریا، جرمنی ہس منز اکھ قصبہ۔
666,میس ہیکہ ذتی طور ذخیر کرنہ آمتہِ زِنہ منز وچھنہ یِتھ یا میگوت ہیکہ ذتی طور کھتہ وچھنہ یِ
667,فِڈیو چھُ اکھ کیمرے ہُند نمیِم کران، یُس مُنتھ پٹھ ترقیَن پیٹھ توجہ مرکوز کرنہ خطر دستی طور کنٹرول کرنہ آمُت ی
668,ڈیمانڈ میننگ اوس کولور علاقس منز سرگرمتہ۔
669,فلمہِ ہُند اہم فوٹوگرافی 21 اکتوبر 2017 شروٗعات۔
670,تٔمۍ کٔر 2019-20 سیزنچ پننہِ گڈنِکن 10 ظہرن منز سند گول۔
671,سنگھ چھِ سِکھن متحد کرنہ تہ پرتھ سِکھ سلطنت قیم کرنہ خطر یاد کرنہ یوان۔
672,تُہۍ ڈے کیری ہیکہ تِمن منز اکھ، ییمہِ تہہ پونسہ بچاونس منز مدد کٔرتھ۔
673,یہ چھُ ونہِ جادوٗر ہندِ اکھ گروپ ہندِ مطلب استعمال کرنہ یوان۔
674,باقی قسمن منز چھِ واسکلر ڈیمینٹی تہ لیوی جسم ڈیمینٹی شمل۔
675,لکٹن کھلڑِ یا گیمہِ ہنز شِیِل کرنہ ہیکہِ زیاد شِیِل کرنہ یِنہ یِنہ یِنہ یِن
676,گول پوسٹ چھِ ز انتہیی لائنن ہندِ طیارہ کِس مرکزس منز واقع۔
677,لوٗکھ چھِ یہِ مُلد سطح سمندر پیٹھہ 700 پیٹھہ 1700 میٹر درمیان وچھان۔
678,ڈِکرسن موُد 23 دسمبر 2021 ہس منز 82 وُہُر۔
679,میگھالیہ چھ ہندوستانس منز ترے ریاستن منز اکھ یتھ منز عیسیی اکثریت چھ۔
680,تمہِ سندِ ملۍ س اداکار کرسٹورف پلمر تہ ٹامی گریمز۔
681,سُہ تہ داڈو یِم خدر سہِ تہ تِمَو دِیوُت تِہ اکھ کمر۔
682,یہِ عمل اوس واریاہن خوفزد تہ جسمی طور خطر دار ماننہ یوان۔
683,بین الاقومی ہاکی ریسرچ سوسائٹی کور اتھ وقتس منز یہ کھیلچ تریخدارن خطر اکھ اہم تلاش۔
684,تمہِ سُند خانکہ چھُ بنگلہ دیش سرحدس پیٹھ سارپنگ/لویرگرگھس منز باقی مگر تمہِ سندِس مازارَس منز چھُ لور پہاڑس پیٹھ می
685,نیون ٹریز: نیون ٹریز چھ پرووو، یوٹا ہس منز اکھ امریکی متبادل راک بینڈ۔
686,تہہِ خریدار گژھنہ برونہہ، اتھ نمبرس پیٹھ نظر تہ پننہِ مجموعی گول یاد۔
687,گوداویری تہ کرشن دٔریاو چھ ریاستس منز بہاو کران، ییمہ آب و آب فراہم کران چھ۔
688,سٹیونزن کٔر 1991 منز امریکی سافٹ ویئر سروسس منز شمل۔
689,اکبرن دِیوُت تہ سلیمس پننہِ پٹھہِ منتقل کرنُک اجازت۔
690,روایتی طور چھ نہ گڈے جمعہ یا ہالی جمعہ پٹھہ ایسٹر ویجلس تام بیل لگان۔
691,مے اوس پننہ سٹور کھولنہ خطر غلط فصلہ یتھ سڑکہ پیٹھ پننہ مقابلہ کرن والین ستۍ یتھ پیٹھہ یہ ہیکہ پن
692,شارولتا اوس رے سندِ پسندیدہ فلمو منز اکھ تہ یہ اوس واریاہن منتقدن سندِ سندِ ساروے کھتہ زیاد کامیاب ماننہ یوان۔
693,کھمبرِ ہندِ تحفہ آیہِ کوئنز تہ تمہِ سندِس ملِس ستہِ گرم سان موُجوُد۔
694,پنن ونڈو خریدری ہند مقصدس پیٹھ مٗطبِق، تہہ ہیکہِ وِنڈو ڈسپلے ہنز نظر آسنہ دوران کینہہ مختصر نوٹ لینن ہ
695,دٔہِمِس صدی ہِندِس شُروٗعاتس منز، باکسرن کور قدییی حصل کرنہ خطر کٔرِتھ کٔرِتھ۔
696,ؤریہ کینہہ باقیہ وقتہ کھتہ زیاد لوٗکھ چھِ ریتھ دوران خاندر کران تہ اکثر چھِ ملہِ ہندِ چیز یِم ٹرپ سٹورن من
697,1952 منز، برینبویم خاندان ہور اسرائیل منتقل۔
698,امہ واقعہ منز، 31 لُکھ مُود، یتھ منز گُندِس شمِل شمِل چھ۔
699,یہ چھ جایہ یم فلمہ، ٹیلی ویژن نیٹ ورک تہ باقیہ پد کران چھ۔
700,اگر اکہِ شخصس سانس منز مشکل چھ، تیلہِ بیٹھہ بیٹھہ ہیکہِ ہیکہِ مدد کرِتھ۔
701,بد موسمس منز، کیا مے کور یہ سفر Mount Everest بیس کیمپ منسوخ کرنہ؟
702,1920 کس دہلس دوران کور عمارت بجلی ایوٹرٹی آوٹریٹس منز ملکیت منتقل۔
703,مارٹل چھ یورپی وسطی عجایہ ہنز بنیدی شخصیت ماننہ یوان۔
704,"ای ایس موناکو حامین آو دیہ سٹیڈیمس منز ""ڈورٹمونڈ!ڈورٹمونڈ!"" گژھنہ پتہ وچھان۔"
705,تہہِ یِہ ضرورت ییلہِ تِمَن ہندِ پائل تہ پائلَن ستۍ کم کران چھِو۔
706,پوتھنڈو کِس بتھس پیٹھ چھِ اکھ ترین پھل (منگو، بانا تہ جیک پھل)، بٹل رووِتھ تہ اِیکیا نوت، سونہ
707,امہ پتہ گوو پٔتمہِ مارٹِنیکا، سینٹ لوسیہ تہ سینٹ ایسٹاٹیوُس منتقل۔
708,یہِ مندر چھُ سونپُر، سُبرناپُر ضلعہ، اوڈیشہ، ہندوستان کِس مندر قصبس منز واقع۔
709,یِم کینہِ ، یِم وُڈ پننہِ پروازس منز کٔرِ ، چُھ وُنہِ ۔
710,ییلہِ ریوولور رانی چُھ بُگِتھ، ییلہِ تِم چھِ بُگِتھ تہ پننہِ زندگی بچاوان۔
711,کُٹچ تہ آسامس منز چھ اولیگوسین شکلہ وچھان۔
712,یہ ہیکہ شراب پٹھۍ ییلہ یہِ ستہِ مِشکل گژھان چھِ ۔
713,سرکرِ ویب سایٹ گوو 2008 تام کھولنہ یوان تہ پتہ اوس یہ نہ پٹھہ کم کران۔
714,یہِ چھُ اوڈیشہِ ہندِ کالیہندی، ریگدا تہ کورپوت ضلعہ کینہہ حصہ تہ سریکولم، آندھرا پردیش کینہہ وِزیانا گرام ضلعہ کین
715,وِزِ وِزِ تہہِ وِزِ تہہِ وِزِ تہہِ پٹھۍ پتاہِ پٹھۍ پٹھۍ پٹھۍ پٹھۍ پٹھۍ پٹھۍ
716,گوٹبو، اوکلاہوما: گوٹبو چھ امریکہ کس اوکلاہوما ہس منز اکھ قصبہ۔
717,جنوری 2008 تام س سٹیج 6س منز کل 10.7 ملین وچھ۔
718,یہ علاقہ اوس جنوبی مشرقی ماساچوسٹچ گڈنِک حصہ یم یورپی ہندِ ستہِ برِتھ ۔
719,اوپیرا ویب براؤزرس منز چھ اکھ آئی آر سی کلائنٹ یس براؤزرس منز بناونہ آمتہِ چھ۔
720,پننہِ نٔوِ ہاؤس منز رٹنہِ گڈنِکِس شامس دوران، زِ جوڑِ چھُ ستارِ دھووا (پول سٹار) تہ آرندھتی ونان۔
721,جشن منز چھ ترے حصن منز مشتمل: لفظچ لٹورگی، صلیب ہند عبادت، تہ مقدس کمیونیا۔
722,حکومت چھ نہ ڈیزائنر دواہ ہند قیِم کران تہ یہ چھ تِم استعمال کرنہ خطر خطرناک بناوان۔
723,پننِس وِنٹر یونیورسٹیڈس کِس گڈنِکِس کھیلَس منز، 2007 ہس منز، کینیڈاہُک ہاکی ٹیمَن کور یو ایس اے 5-0 شکست، ییلہ زن
724,سوٗل ٹیکسَن ہُند نمایندگی کٔر برطانوی راج ٹیکس آمدنی ہُند 8.2%، تہ ساروے کھتہ زیاد زیاد زیاد زیاد زیاد زیاد زیاد زیاد زیاد زیاد زیاد
725,1950 کس دہلس کِس شروٗعاتس منز آو آبدی ہُند کنٹرول شہر واپس۔
726,جُنسیل جُنسیل چھ سویڈن کس وسٹرنورلینڈ کاؤنٹی منز سوللیفٹیو بلدیہ ہُک اکھ علاقہ۔
727,"مے دی دالچ کِچڈی چھِ امہِ دہ تہِ تیار کرنہ یِوان تہ امہِ وجہ چھِ امہِ دہِ ""کِچڈی ولہِ پاروا"" تہِ ونان۔"
728,ملِس تہ رنگن ستۍ گِنڈنہ پتہ چھِ لوٗکھ گجیہ، ماتری، مالپو تہ باقی رودیتی لکٹہ پیش کران۔
729,پنن شُرِو واریاہ خیالدار پٹھۍ پننہِ ماجہِ پننہِ زایہ خطر لیپ ٹاپ خطر تہ کٔرِو تٔمۍ سندِس
730,یہ اوس ییلہ رازیہ سلطان، دِلہِ تختِ پوٗر کرنہ خطر گڈنِک زنانہ آو أمہِ سندِس شکستس پیٹھ گرفتار کرنہ تہ دِ
731,تعلیم یا پالیسی متعلق مسلہ حل کرنہ خطر، بِشپَن اکثر علاقیی سنڈَن منز جمع گژھان۔
732,زندِ زیاد ترووِ زندِیتی آکلووموٹر پالسی ہنز اصل چھِ غر غر غر غر غر غر غر غر
733,فری سٹائل سکرپٹ فری سٹائل سکرپٹ چھ اکھ ستۍ فونٹ یس مارتن واٹن 1981 منز ڈیزائن کورمت چھ۔
734,یِم ملِہ ہنزِ قسمچ اجازت چھِ مختلف پھل تہ سبزینی گیونہ یِتھ کٔنہِ کٔنہِ یِتھ کٔنہِ منگو، نار
735,اتھ منز چھ 45 جغرافیائی یا جنگلی حیاتن ہندس ملکنہ یوان ۔
736,ترکی نیوز سایٹ ہوریٹ ڈیلی نیوز چُھ رپورٹ کران زِ ترکی سندۍ ٹیلی کمونیکشن کمیونیکشن پریسیشن چُھ نامحدود طور واریاہن گُگل سروسن ہندِس ربطس
737,ہندوستنہِ دروازس منز ادا کرنہ خطر خان سندِ خری خواہش ہیکہ مُکمل گژھِتھ ۔
738,الیگرہ مسلمان یونیورسٹی منز اکھ ہوسٹل، یتھ منز سُہ اکھ سُہ سُہند اکھ سُہند اکھ سُہند اکھ سُہن
739,یہِ سٹائل ہیکہِ غر مُشکل، خاص طور موسمکہِ لڑاکارَن ہِندِ خلاف، مگر ہٹ نہ لڑے زیننہ کرنہ چھِ اکثر پٹھہِ ہ
740,پتہ بنیو س ٹیچھو یونیورسٹی منز الیکٹرکل انجینئرنگ ڈِپٹیشنس منز اکھ تحقیق کار۔
741,یِم چھِ ز ز زمرن منز گژھان: ہایڈروگل تہ نانو فیبر۔
742,جنسیاتن درمیان شرحن منز فرق چھ 3 ونہِ ونہِ تہ کم ونہِ ہند زخمَن منز کم گژھان۔ یتھ ہیکہِ تعداد چھِ لڑکن ہن
743,سُہ دون ہفتن ہسپتالس منز گژھنہ پتہ، دیون موُد 7 نومبر 2014۔
744,مشین ہکن آبدی نشانہ تہ یو وی روشنی ہند باقی خصوصیات پتہ مغناطیسی سٹرائپس پتہ تہ میکرو پرنٹنگ خصوصیات بڑاونہ خطر کٔرِتھ
745,تہہ ہیکو پننہ مخصوص کورٹ خطر فیس مقرر کرنہ خطر برونہ کال یا آن لائن چیک کرِتھ۔
746,ہندوستان کین پریتھ ضلعس منز نوودیا ویدیلیا ہند تصور اوس قومی پالیسی ان ایڈوکشن (این پی ای)ک اکھ حصہ پٹھ زامُت۔
747,میدانس پیٹھ پوٗر رفتارس پیٹھ گژھنہ پتہ، سٹیلرز سیکیورٹی رین کلارکن کور میک گائی ستۍ تنازعہ، تہ پوٗر رفتارس پیٹھ چلان۔
748,یہ ہیکہ وقت ضری کرنہ خطر اکھ عمل، مگر تُہۍ کمپنی ستۍ سوشل میڈیا پیٹھ بڑنُن ہُند انتظار چھُ اکھ خراب استراتجی۔
749,امریکہس منز چھ لوٗکھ خوفزدہ گژھان ز تمہِ سندۍ ستہِ چھِ گرم تہ گرم گژھان۔
750,"2010 چہِ آبدی ہُند اندازس مطابق س بیل ورنس 1,093 آبدی۔"
751,1947 منیکشو سندِس یونٹَس منز، ہِندِس پارٹیشن آف انڈیاَس پیٹھ، ژوُرِم بٹالیون، 12 ہِم فرینٹیئر فورس ریجمنٹ، بن
752,واریاہن کور رقص ہندِ شکلہ پروٹوسشن خطر پیشہ كھہِ پٹھہِ الزام، ییلہِ زن دوبار كنہِ كنہِ كنہِ ك
753,ویکرمجیت چھ آونی قتل کرنہ خطر مختلف حکمت عملی ہند منصوبہ بناوان، مگر آدی چھ سنز ذہتی طور بچاوان۔
754,بہترین ثبوت چھِ استعمال کرنہ آمتہِ سٹیرایڈ تہ کرمَن ستہِ ستہِ یوُٹرا ویولٹ لگُک مٗجمعہ خطر۔[27]
755,"آویڈوا ناوامی (""غیر ولۍ نِومِس"") ، نٔمِس دہ چُھ مُلنہِ زنَن خطر یِم پننہِ خاندارن برون"
756,پکمن چھ آرچ لینکسک سرکرۍ پیکج مینیجر۔
757,انتخابس منز عدالت پارٹی ہند فتحچ وجہ اوس این سی ہنز شرکت نہ، ییمہ ستہِ ہندوستانس پٹھ پوٗر آزادانہچ مطالبہ تھاوان۔
758,خرِ کٔرِو وجی نایگار کس شمالس منز ڈکن سلطنتن متحد تہ 1565 جنوری منز تلیکوٹا ہس منز علیہ رام راے سندِس فوجس حملہ۔
759,"کم شُملی ہُند باقی گژھنہ ستہِ، باہادور تہ اکھ ""تھہِ سندِس ستہِ مُتلفین منز کم چھِ فرار"
760,یہ چھ مونٹگومری، الباما شُمال مشرق پیٹھ پیٹرسٹرزگرس پیٹھ وِجینجینیا تام گژھان۔
761,2006 منز آو سکرینز پروجیکشن ویڈیو دیوارس منز تبدیل کرنہ۔
762,یہ تہوار چھ تامل ریت مارگازی ہند خری دہ پیٹھ تامل ریت تایلچ تریِم دہ تام ژور دہ منز مناونہ یوان۔
763,"جزیرن ہند کل علاقہ چھ تقریباً 8,249 کلومیٹر۔"
764,مے کٔر پننہ لکٹہ بیکری ہند تصور یتھ منز واریاہ پٹ ٹریفک آسنہ آمتہِ اکھ ملک، یتھ منز پٹھہ
765,1934 ہس منز آسٹریا ایتھلیٹکس چیمپئن شپس منز بنیو س 100 میٹرس منز قومی چیمپئن۔
766,اتھ منز چھ صاف ریش تہ اتھ سنز سائز تہ پوائنٹ کلاسس پیٹھ مطبق مختلف۔
767,دِلہِ اوس اتھ دورس دوران سوفیزمُک اکھ بوڑ مرکز۔
768,ایڈورڈز زاو 17 مارچ 1775 منٹ گومیری کاؤنٹی، مریلینڈس منز۔
769,اداکار سلمان خانن کور اتھ فِلمہِ فروغ دِوان ییمہِ ستہِ یہِ وضاحت زِ خانن کور فِلمہِ پسند۔
770,فیسٹ پتہ، قبیلہ ہوِ زِ جوڑِ ہندِس تہِ تہِ تہِ تہِ تہِ تہِ تہِ تہِ تہِ تہِ تہِ تہِ تہِ تہِ تہِ تہِ تہِ تہِ تہ
771,کرمسون تھندر کرمسون تھندر اوس سویڈش میٹل بینڈ ہیمر فال ہند ژوٗرِم البم۔
772,"28 اپریل 2010 ہس منز کومبھ ملہس پیٹھ بی بی سی ہن آڈیو تہ ویڈیو رپورٹ، یتھ منز ""زمینس پیٹھ کُمبھ ملہ سندِ ساروے کھوت"
773,شکر کین، کوکوٹ چیپس، پھل تہ زمین نوتک پریسڈ چھ دیوتاہس منز تقسیم کرنہ یوان۔
774,امہ باوجود، ہندوستان س نہ پننہِ ابتدئی حریفن ہندِ ختم کرنس منز کامیاب، ییمہِ ستہِ ڈرائک اکھ زیننہ ورے موسم گرچ آغاز
775,پٔتمہِ ؤرۍ آو ٹاکوما یس ؤرۍ ہنز جی لیگ روکی ووٹ دِنہ۔
776,امہِ ستۍ کور تٔمۍ نوِ یارک فیلارمورمنکس ستۍ پانژ ریتہ کم کرنُک اجازت۔
777,تم چھِ ہندِ بیمارن ہند وجہ یِتھ کٔنۍ ٹایفائیڈ فیور، پیراٹیپیڈ فیور، تہ کھیننہ ستہِ برِتھ بیمار۔
778,کینہہ ایونس چھِ یاکوت یا سکھ تہِ بولان، تہ سکھا جمہوریہس منز روزان۔
779,"بیجپور فوجچ 3,000 کھتہ زیاد فوجی ہلاک تہ اعلی درجچ اکھ ساردار، افزل خان سندۍ ز نیچھن تہ ز مراٹھا چیف آیہ جیل کرنہ۔"
780,یہ نسبت اوس 90 فیصد کھوتہ زیاد تہِ بِہار، چتس گڑھ، مدھیہ پردیش تہ اُتر پردیش کِس ریاستَن منز۔
781,کنسٹینٹائن اوس 313 منز تریِمِس لٹہ خطر قونسلس۔
782,پانڈیا چھ تجارت تہ ادبس منز دشوے بہتر۔
783,یہِ گوو دھنہ راشی منز شملی سفرس دوران چاندِ ریتہ کِس دہِ دُہس دہس منز۔
784,گجراتس منز نواراتری چھ ریاستچ اہم تہوارو منز اکھ۔
785,یہ چھ نیرنہ خطر کوڈ استعمال کران، اکھ کمان چھ نیرنہ خطر کِردار ستہِ شروٗع کران۔
786,گوگل ایسسٹینٹ ہیکہ صوتی تلاش ستۍ نٔتیٖج ہاونہ خطر اکھ مدد کرِتھ۔
787,اتھ منز چھِ ہندوستنۍ سمندر مشرقس تہ مغربس تام ویکٹورکٹیا دریاو۔
788,فرانسیسی س گڈنِچ یورپی یم کینیڈاہس منز ہمیشہ طور روزان سہِ ۔
789,امہ علاو، یہِ سلطنت اوس نہ پٹھۍ پٹھۍ: اتھ علاقس منز واریاہ علاقہ روُدِ گٹار جمع کرن والین تہ باقی قبلی کمیونٹین ہندِس
790,پتیلاہس منز واقع، یہ حکوٗمت کالج چھُ پُجابی یونیورسٹی تہ بابا فارِڈ یونیورسٹی آف ہیلٹ ساینسس ستہِ وابستہ۔
791,فیٹ، اییسنی فیٹ، اییسنی چھ اکھ کمیونیا۔
792,پتہ گٔیہ سُہ أکِس فوجی مُہِمَس منز، ییتہِ سُہ أکِس فوجی مار۔
793,1990 ہِہِ دہلس تام 2005 بین الاقومی مُقابلہ خطر، کٔرِو ایتھلیٹ روٹینن ستۍ مُقابلہ یِم آیی یو ایف یَن ہندِ
794,"یہِ چھُ اکثر ساد طور ""پرڈ فلو"" یا ""اوویان فلوینزا"" ونان، حالانکہ یہِ چھُ واریاہ ذیلی قسمن منز صرف اکھ۔"
795,مہابھراتہ چھُ ز لڑاکارین ہنز وضاحت کران یِم کِس پٹھہِ پٹھہِ پٹھہِ تہ کِس پٹھہِ، پٹھہِ ہِن
796,یہِ چھُ عموٗمن بٹل لیف، تہ ایریکا نوت، پونسہ ہندِ اکھ لکٹ ٹاکین تہ پوشاکہ ہند اکھ نوو ٹکٹ
797,راگم سندِس پیمانسس منز چھُ اصطلاح فارو وانگا (یمیک مطلب چھِ سابقہ حصہ، یِتھ کِس معاملس منز گڈنِک نصف) تہ اُتراانگ
798,غلط کم کرنہ باوجود، منصوبہ بندی کارن نہ پننہ غلطی قبول کران۔
799,اتھ منز چھ مختلف مُلکن منز واریاہ حصِل مُلکن شمل، نِجریا، آسٹریلیاہ تہ انڈونیشیا شمل۔
800,مُقابلہ ٹیمَس ستۍ فنکارن ہندِس غیر کھیلیی رفتارس منز اوس شرمناک۔
801,یونائیٹڈ فلوٹ کمپنی کور قومی معیشتس منز اکھ بوڑ کردار ادا کرن شروع۔
802,باقی بٔڑِ ہندو تہوار، یتھ منز دیپوالی، آودھا پوجایی، ساراسوتھی پوجایی، آیا ویکنڈا آوٹرام، کرشن جیانٹی تہ ونیایکا چتھرتھی
803,کوڈ چھ پیشہ ورانہ مچھلی ہند خطر اکھ اہم قسم ۔
804,یہِ چھُ یونیورسٹی سٹیڈیمس ستہِ بجایہ یونیورسٹی آف منیتوبا کیمپس پیٹھ واقع۔
805,ٹریپورا روڈ ٹرانسپورٹ کورپوریشن چھُ سڑکہِ پبلک ٹرانسپورٹ پیٹھ نظر انداز کرنہ آمژ حکومت ایجنسی۔
806,واہ، اتھ کرایس منز چھ ذہین ہوم خصوصیات یتھ منز چھ یتھ پٹھۍ سوچنہ آمت۔ یہ حیرت انگیز ییلہ مے لٹہ پٹھۍ پٹھۍ
807,تٔمۍ گِیُن سانٹوس، انٹرنیشنل، گویا، باہیا تہ پرتگالس خطر۔
808,ایپل پنسیل ایپل پنسیل چھ ایپل انکسہِ ہنز اکھ وایرلس سٹائل پنسی اجزایہ۔
809,جنگلی باغہ چھ عام تہ ہوم باغہ ناو ستۍ زاننہ یوان۔
810,پراگ کاسلس چھِ کیتھڈرل ستہِ غالب، یُس 1344 منز تعمیر شروع کورمُت مگر یہ اوس 20 مہِ صدی تام مکمل گژھنہ آمُت۔
811,ونہہ چُھ یہِ منڈلا تہ بالگھات دن ضلعن منز 940 مربع کلومیٹر ہُند علاقہ پٹھۍ۔
812,سورایا تہ کلبنا کارٹک ستۍ پننہِ ربطہ برونہہ، تمہِ نوٹن تہ واہیڈا ریمن ستۍ تمہِ ربطہ اوس 50 تہ 60 کس
813,10 مارچ 2008 ہس منز سہِ نیشنل ہاکی لیگس منز 3 گیم گِندنہ۔
814,"20ہِ صدی ہِس وسطس تام دویمِس عالمی جنگہ پتہ ؤرین منز آو ""سیپک راگا جوبلی"" ملایہ کِس پورس ملایہس منز گاڈن تہ"
815,چاندِ دہِ حکوٗمتَس منز چھِ استثری۔ خاص دہ چھِ لُکھَن خطر مقرر یِم خاص طور مُود یا زندگی منز خاص حیثیت سۍ۔
816,دواہ ہند غلط استعمال ہنز مختلف تعریف چِھ عومی صحت، طبی تہ مجرمانہ عدالت ہندس مُطبِقس منز استعمال کرنہ یوان۔
817,فلمہِ ہُند موسیقی چھُ سونو نِگم تہ ایسی ٹیبل کھلڑِ/پیروسیشنسٹ بِکرم گھوش ستہِ بنومُت۔
818,جدید دلہ ہندِ مقامچ قدیم ناو چھُ اِندراپراسٹھا، یُس لفظی طور سنسکرتس منز 'ایندرا ہندِس منصوبہ' یا 'ایندرا ہن
819,ہری پالمر تہِ ہِندِ کردارِ ہِندِ اثر تہِ تہِ تہِ تہِ ہِندِ کردارِ پیتر سیلرز گِندِتھ ۔
820,یہِ معاملہ آو نورمن ڈورسن نوجوانن ہندِ خطر بحث کرنہ۔
821,یہِ فصلہ آو ایٹورنی جنرل جِف سیشنزن اعلان کرنہ۔
822,شہری سہِ لگاتار مایوس تہ سہِ صرف پھول تہ زندِ کھتہ کم۔
823,ایس ایس وی چُھ ساروے کھتہ عام قسم وٹِلِگو۔
824,21 مہ صدی کِس خرس تام، 15 جنوری ژوٗر ؤری چرچس منز میکار سنکرانتی ہُند زیاد واقعہ۔
825,یہِ سِندِ آو 15 جون 2014 ریلیز کرنہ ۔
826,تٔمۍ بندِ عمارتس اندر صلیب سٹیشن بند ۔
827,آرکیوولوجی ثبوت چھُ یہِ زِ یہِ علاقہ چھُ ہندوستنہِ شِش جزیر کس ساروے کھتہ زیاد مستحکم رہائش گاہن منز اکھ۔
828,شوٹسٹا: شوٹسٹا چھ اکھ کاروبار یس کمپنین ٹریمینین ہندس طورس منز ویڈیو بناونس منز مدد کران چھ۔
829,باقی ڈایریٹری، یم یتھہ چھ یتھہ ہیکہ موجود ستھ ۔
830,"یہِ کھیل اوس اکھ سرکرِ ""نیو کمب بال"" ستہِ گِندنہ یِوان (گرامار گریڈن ہندِ خطر 1 سائز تہ ہائی سکولن تہ"
831,یہ سٹیشن چھ ہوان سائیفود وولسیل مارکیٹس نزدیٖک۔
832,س چُھ تِمَن ونان زِ تِمَن ہنزِ زِیاد ربطہ سِتھ، تِکیازِ سُہ چُھ نہ طلاق دیوُت تہ
833,آئی ٹی وی آو 1955 منز برطانیہس منز دویم ٹی وی چینل پٹھۍ شروٗع کرنہ۔
834,مے چھٗنہ یوان زِ مے کنہہِ ولہِ ہیکہِ یِہ کھتہ کنہِ کھتہ کٔرِتھ، مے چھِ ریسس من
835,ز آر 1س منز اوس اکھ سپر چارج انجن تہ یہ اوس ز06 کھتہ تیزی سان۔
836,توہہِ ہیکہِ وِزِ شروع کٔرِتھ ییتہِ توہہِ ہیکہِ تُہۍ کٔرِتھ کٔرِتھ کم کرُن۔
837,شطرنجچ مسلہ ہندِ ترتیب تہ حل کرنہ خطر ٹورنامنٹ چھِ شطرنجچ مسلہ خطر عالمی فیڈریشن ہندِ منظوری دِوان، یُس
838,کویمبٹورَس منز جوہہارل نہرو سٹیڈیم چھُ 1971 منز بناونہ آمُت کویمبٹورَس منز اکھ واریاہ مقصد سٹیڈیم یُس منز اول لیگ فٹ
839,ورلڈ نیٹ بال سیریز چھ یہِ کھیلُک پروفائل بڑاونہ تہ زیاد شیٹور تہ بڑنہ ولِس سپانسرشپس منز جذب کرنہ خطر فروغ دِوان۔
840,20 مہِ صدی کِس خرس منز سہِ نارتلَس نَوُہ ہِہ کھتہ زیاد ملازمین۔
841,15 اگست 2021 ہس منز ہندوستنۍ حکوٗمت، ییمہِ 75 ہِم روزہ اوس، کور قلعس پیٹھ 100 فٹ تھول ہندوستنۍ پرچم۔
842,حوصلہ پر مبنی پروگرام ہیکہ نوجوانہ ہندس حاملگی کم کٔرتھ مگر یہ تصدیق کرنہ خطر چھ مزید ڈیٹا ضٔروٗرت۔
843,یتھہِ چھِ بی پیراپرتوسس سندِ ستہِ ہلکہ بمتہِ بمتہِ بمتہِ بمتہِ بمتہ
844,گوکلا اشتامی یا جنماشتامی یا سری کرشن جیانٹی چھ کرشن سنز زایہ منز جشن منز۔
845,تاہم، امہ باوجود، بنیدی اوڈیہ متن ہند ہندِ نظام، سرکر قومی نقل وری ہندِ معیار، یتھ منز نقل وری ہندِ جایہ اوریش تہ
846,مُقابلہ ہینڈ چھُ ڈرائنگ ہینڈ یا رلنگ ہینڈ ونان ۔
847,ہیماربی ہیماربی چھ سویڈن کس گویلبرگ کاؤنٹی منز سندِویکن بلدیہک اکھ علاقہ۔
848,ستمہ منز پانژھ ریکارڈ کرنُک موُد وقت چھُ عراقی اولمپینس گژھان۔
849,اکھ نوو انٹرایٹ پورٹ تہ اکھ سٹون دیوار اکھ میٹر وسیع تہ 50 میٹر طویل اوس پٔٹھۍ بناونہ آمُت، ییمہ ستۍ یہِ حملہ کرنہ خ
850,کُراما اوس اینیمہ تہ منگا ناروتو منز وچھنہ آمتہِ بتھند جانورن منز اکھ۔
851,پننہ کمہِ خطر کور تٔمۍ 1940 منز ڈاکٹر ڈگری۔
852,4 اگست کور أمہِ اتھ مُقابلہ منز جنوبی کوریاہس خلاف شُروٗعات۔
853,یہ چھ مُلکُک مشرقی حصہ منز واقع۔
854,بیرسونیم کراسیفولیا بیرسونیم کراسیفولیا چھ ٹراپیکل امریکہ ہس منز اکھ آہستہ بٔڑۍ ولۍ کٔر۔
855,تامل ناڈو چھ ادب، فن، موسیقی تہ رقصچ غر روایتہ خطر زاننہ یوان یسہ ونہِ ونہِ ولۍ چھے ۔
856,قزاقستان اوس 1994 پیٹھ 2002 تام ایف سی ییلہ تم یو ایف ییلہِ شمل گٔیہ ۔
857,چھ واریاہ لوک بولہ یم پُنگابس منز مقبول چھ۔
858,یلسیریٹو کولائٹس ہُند تشخیص کرنہ خطر بہترین ٹیسٹ چھُ انڈوسکوپی، یُس موزِف کیمرہ استعمال کرنہ ستۍ رتہِ ہندِس اندرونی سطحس پی
859,سُہ چُھ فدرال پارلیمنٹُک گڈنِک رُکُن یُس 100 وُہِ تام روزان چُھ۔
860,"2000 منز، ٹایفائیڈ فیورن کٔر تخمینہ زِ 21.7 ملین بیمار تہ 217,000 مرن ہند وجہ۔"
861,امہِ کیفیشنس منز، 23 ستمبر کور تٔمۍ مالزیاہس خلاف شروٗعات۔
862,شیمل میٹران کور فلم اناندھشرم خطر آشا سارا پھیہ تومھارا ستۍ کیشور سنز اکھ ڈیوٹ ریکارڈ۔
863,شوٹنگ ہند نتیجس منز آو سندِ افسر رپٹھ رپٹھ۔
864,بالغ چھ اکثر ہواس منز روزان، تہ طیارس منز تہۍ ساتھی۔
865,تاہم، بالجی موشن پکچرزن کور سرکرۍ ریلیزچ تاریخ تصدیق، یُس 17 جنوری 2014 ہس منز مقرر تھاوان۔
866,"یِم چھِ جوان تہ پوٗر پوٗر پوٗر یِم بینڈ ""سٹرنگز آف پیشن"" چلان چھِ مگر یِم دواہ، خراب محبت تہ خراب رتہ ستہِ اثر"
867,جواب تہ ٹرانسپیشنس منز پیچید مددس منز باقی غیر تعمیراتی پروٹین۔
868,1916 منز گٔیہ تٔمۍ سالزبورگ کِس موزارٹیمس منز پیانوُک مطالعہ کرنہ۔
869,یِم لوٗکھ چھِ مِکوس لاییر بناوان، یِم بیکٹیریا خطر اکھ اکھ اکھ اکھ ماحول بناوان چھِ۔
870,تٔمۍ کٔر رامسنڈر پننہ نیچِس نِش تہ کٔرِتھ کِشورج ضلعہ کِس جشودالس منز تٔمۍ کینہہ ملکیت۔
871,وزیر اعظم سٹیفن ہارپرن کور تِمَن متثر دِژنہ تہ معاوضہ۔
872,گلوکار ہیکہ پننہ زخم تہِ کٔرتھ اگر تِم دوا استعمال کران یِم انہ یوان چھِ ۔
873,یِم سہولیات چھِ زیاد تر مرکزی حکومت ہندِ وی پی یِم کیرالہس منز دور کران چھِ ۔
874,تاہم، ارشیا چھ اکھ غر غر غر، روہدارس ستہِ رُتھ، ییمہِ ہایڈرس ستہِ پننہِ غر ملِس متعلق معلومات حصل
875,امیُک ناو چھُ کوٹلی ہُند پہاڑِ قصبہ تہ سٹی قبیلہ پیٹھہ آمُت۔
876,تریپورا بنیوو ہندوستانس منز برطانوی حکومتس دوران اکھ شہزادتی ریاست۔
877,تیزی چھ لکٹ ڈریزل پیٹھ بٔڑس نیبرس تام۔
878,گول آو کوکی پیٹھ گڈنہ پتہ دٔسہِ منٹَس منز۔
879,پرائیویٹ سکولنگ تہ ہوم سکولنگ چھ واریاہن کیری رہائشین منز مقبول۔
880,یہِ میڈل آیہِ ویتنام تہ ہندوستان کین کھلڑینن ہندِس مُقابلہ طرفہ دوبار اعزاز دِنہ۔
881,لاگوتین گُزریو 4 ستمبر 2022 مسکو منز 84 وُہُر۔
882,تمہِ سندِ مینیجر آرون پانڈی یَن پوُر زِ تٔمۍ کٔرِ تٔمۍ اتھ زیاد وقت خرچ تہ دھوونیَن دِیوُت جواب زِ تٔمۍ س
883,ککتیان آرچ آو اِنڈھرا پردیش سندِس بِسہِ بِسہِ كِسہِ پتہ تلنگنگاہُک نمونہ منز رسمی طور شمل کرنہ
884,دویمہِ دور چُھ سٹینڈ پیٹھ واریاہ اٹلیی مز ستۍ شروٗع کرنہ یوان، ییلہِ زن امریکین یِس منز اٹلیی تری
885,"2010 چہ آبدی ہندِ مطابق، آبدی سہِ 27,720۔"
886,مے اوس نہ بینک سٹاف 9 ایم تام کاروبار خطر دستیاب گژھان مگر مے کور تِمو تمام یتھ تہ بینک کاروبار خطر کھولنہ یوان۔
887,سڑکہ بتھ آسنی پٹھۍ پٹھۍ پٹھۍ پٹھۍ پٹھۍ پٹھۍ پٹھۍ پٹھۍ پٹھۍ پٹھۍ پٹھۍ پٹھۍ پٹھۍ
888,19ہِ صدی منز، امریکین کور یہِ ماننہ زِ یہِ اوس مغربس منز بڑنُک تہِ حق۔
889,ٹایرا بینکس اوس پننہِ ریکارڈ بریکنگ ؤرۍ ؤرۍ دوران 1991 منز 25 شو ریکارڈ بناونہ باپتھ نمونہ كِنہِ طورس پٹھ پننہِ کیریئر
890,یہِ قصہ چھ مشہوٗر روسی شاعر پوشکن سندِ اکھ قصہ پٹھ یوان۔
891,ویرٹ چھُ جملَس دوبار دُعا کران، پُلیٖس مُلچ ناو تصدیق کرنہ خطر سُند سوال کران، تہ پُلیٖس مُلچ
892,دِلہِ منز چھِ ہندوستانس منز دویم ساروے کھتہ زیاد جی ڈی پی۔
893,2000 پٹھ 2001 تام کٔر تٔمۍ پیرو کِہ 135 ہِم وزیر اعظم کم۔
894,امہِ منز سُہ ستہِ زینن منیچر سٹی آرسینلس خلاف 3–0 سکوٗر ستہِ ٹرافی۔
895,سہِ تہ ناوس ہکہِ اندرِ تہِ شمل گژھِتھ ۔
896,انڈے وائر انڈے وائر چھ اکھ فلم کاروبار تہ جیز ویب سایٹ۔
897,کینہہ ساروے کھتہ عام چھِ پِلکن تہ فلیمنڈوس۔
898,بایرن میونچن زیوٗن 2001 تہ 2013 ہس منز یو ایف اے چیمپئنز لیگ۔
899,ونڈو شاپنگ ہند اکھ دویمہ منصوبہ بناونہ کرنہ ییلہ چھ مختلف دکانن ہندس جایہ پٹھۍ انتخاب کرنہ خطر اہم۔
900,امہ عملہ علاو چھُ اکھ منگرووی کنسرواشن کمیٹی، یتھ منز تمام متعلقہ ذٔریعہ ذٔریعہ شرکن ہند رکنیت چھِ، انڈس ڈیلٹا منگرووی
901,1971 منز آو آل جاپان کیک باکسنگ ایسوسی ایشن (آجکا) قیم کرنہ تہ اتھ منز تقریباً 700 کیک باکسر ریکارڈ کرنہ۔
902,یہ چھ بنگال کس خلیجس ستۍ 35 کلومیٹر طویل نارو چینل ستۍ رلتہ یوان تہ یہ چھ مہانڈی ڈیلٹا ہک اکھ حصہ۔
903,لوکاس پوپن بنو یہ کھیل، سُہ اوس نوتھی گھوڈ خطر کم کرنس منز استعمال کورمُت۔
904,یہِ چھِ اگستہِ ؤرِس منز بڑے خوشحالی ہُند مشترکہِ آرزوچ علامت۔
905,1824 منز، منی پورچ حکمرانن کور ہندوستنہِ مُلکیٖن منز برطانوی سلطنتس ستہِ اکھ معاون اتحادس منز شمل، یُس منی پور
906,کرناٹک چھ ترن زونن منز تقسیم کرنہ یوان: ساحلی، شملی اندرونی تہ جنوبی اندرونی۔
907,باقی زبانن منز چھ زونگکھا، گروما، ہندی، مجی، مجیوار، تھولنگ، تبت تہ یاکھا شمل۔
908,یہ ہیکہ وضاحت کرنہ یتھ کٔر زِ مچھِ چھُ پننہِ ہِشِش افرادن ستہِ گژھنچ ترجیٖح دِوان۔
909,کُتھبشاہن اوس پٔتمہِ نسلن دوران 400 فٹ کھتہ زیاد اونکہِ گارنٹ پہاڑس پیٹھ بٔڑِتھ بٔڑِتھ یتھ منز شہر چلاونہ
910,ویکٹر امیڈیوس بنیو جولائی 1630 منز پننہِ ملِس مرنہ پتہ ڈوک۔
911,مے اوس کھتہ کھتہ کھتہ کھتہ کھتہ کھتہ کھتہ کھتہ کھتہ کھتہ کھتہ کھتہ
912,1900 کس دہلس شروٗعاتس منز اوس یوس واریاہ عام۔ ساحران افریقہس منز اوس یہِ مالریا کھتہ زیاد عام علاج کرنہ آمُت، ییمہِ کُنہِ
913,لکھشدیپ جزیرن ہندِ انتظامیہچ مسافر جہاز ایم وی امِنڈیوی کور اولڈ منگالور بندرگاہس منز ڈوکریٹ۔
914,یہ 58.8 فٹ تھول مجسمہ چھ تمام جین فنکارن منز ساروی کھوتہ زیاد شاندار۔
915,پیراگلیڈنگ، ہیکنگ تہ پہاڑ بیکنگ ہندِس آوٹور کھیل تہِ چھِ سکیمس منز مقبول۔
916,ہایڈرن چھ گزلالس سند اطلاع دِنہ خطر زِ سُہ چھُ سرحدس پیٹھ گژھان، مگر گزلال چھُ تٔمۍ پننہِ خاندنی گھرچ تباہی
917,کینہہ دوا، یتھ کٔنۍ بُپروپین، چھ لوٗکھ اتھ دوا یژھان کرنہ رکاوان۔
918,اوور ٹایمز دورس منز اکھ سٹلیماٹ پتہ، پیٹرک ایلیاس (سکوٹر کرن وحد شوٹر) ہو سخت لڑایہ گیمہ منز شیطانن خطر گیم زین
919,"ملِس رُپ کمار رتھودس چھُ ""ننیہ پون"" وُچھنہ آمُت، یُس اکھ ملِس تہ أمہِ سنزِ کورن درمیان اکھ منفرد ر"
920,یہِ چھُ نمبر 666 ہُک خوف۔
921,کینژن معاملاتن منز ہیکہ امیوسوپریسیو دوا میٹوتھریکسائٹ تہ استعمال کٔرتھ۔
922,پتہ گِیُن تٔمۍ فایینوورڈ خطر ڈچ ایریڈویسی منز۔
923,کوسٹکو سنز ساروی کھتہ زیاد خری خری سیزن ہندِ فروخت چھِ ؤریٖن ہندِس خری منز گژھان۔
924,اگرچہ ایپل چھ نہ پرنٹر بنان، تِم چھ پننہِ ویب سایٹ پیٹھ کینہہ ماڈل کنہ کران۔
925,چُھ چُھ یِہ طریقہ چُھ تُہندِ عملچ ماڈل ستۍ کم کرنہ خطر بہترین کم کران۔
926,یہ ہیکہ پونسہ طاقتس منز تبدیلیس منز رتہ یوان کرنہ یوان۔
927,چھ دواہ دستیاب یم مختلف قسمن ہنز بے خوشی ہند علاج کرنس منز مدد کٔرتھ۔
928,جو فریزیئر چھِ گاہکِس اداکارِس منز پننہِ پٹھہِ کم کران۔
929,ریاستس منز چھ ٹیجپٹا (سنیماومم تاملہ) یا ہندوستنہِ بیے لیف خطر جی آیی ٹیگ تہِ، یُس مز کھینن منز شمل کرنہ خ
930,پتہ کٔر تٔمۍ ہندی شوَن منز کم کرنہ یِتھ کٔنۍ ہدِ کار دی، دِل ویل پیر ویر، ڈس منِکلا ہوگا چنڈ، ہری ککنچ
931,"جنوبی مغربی مُلکِس ""عربی سمندری شاخ"" گڈنِچ گڈ مغربی گَتَس ستہِ ہِندِس ""غربی مُلکِس"" طرفہ ، ی"
932,ویکسکارو کور پننہِ بلاگس پیٹھ تہِ وون زِ تٔمۍ وونہِ چھِ 8 دسمبر وریزن وایرلیز کسٹن سروس ہندِس نمائندِس طرفہ ای
933,سامسونگ گلکسی زی فولڈ3 چھ اکھ ڈسپلے ییلہ یہ پھولہ یوان تہ یہِ چھ پھولہ یوان۔
934,مگر جلدے بچہ گژھان، تہ کورہ دِیوُن أکِس شُرِ ۔
935,مے اوس صبحس منز پنن نیچِ سندِ سندِس ستہِ ستہِ سندِس پٹھہِ گڈنچ ہُندِس
936,گڈس آو گاندھی قتل کرنہ خطر سزا دِنہ، ییمہِ سُہند وجہ ستہِ آو گژھان ستہِ قتل کرنہ۔
937,تِہندِ طرفہ، راجپوتانان کور پننہِ سکور کرنہ خطر ہر پٹھہِ پٹھہِ پٹھہِ پٹھہِ پٹھہِ پٹھ
938,پتہ حرکتن منز چھ متوڈزم، لیبرل عیسائیت، پنٹی کوسٹالیزم، تہ لیبرشن تھیوولوج شمل۔
939,پننِس ملِس سندِ واریاہ فوج ہندِ نقل و حملہ ستۍ، خاندانس کور مختلف شہرس منز منتقل کرنہ، تہ یِتھہ كِنہِ چ
940,تمام انڈیا شطرنج فیڈریشن چھ ہندوستانس منز شطرنج خطر حکومت ہند ادار۔
941,مے چھ بنیدی خدمات خطر معقول قیمت توقع کران، مگر یہ بل چھ سڑکہ ہندس دھوکہ دہی!
942,سُہ چُھ ونہِ ولِس منز، تہ اکھ بٔڑس پیمانس پُلیٖس شکار چُھ گژھان۔
943,1900 منز آو یہِ کیوٹو ہچ امپریل ہاوسلینڈ میوزیم ونان ۔
944,2005 منز زیوٗن بیلبن تہ اگوگوسٹو پننہ گڈنِک عالمی میڈل۔
945,ڈی ایس: تہہ کس طورس پیٹھ چھ تِم آرام دہ محسوس کران؟
946,کاو موُد 17 فروری 2014 کِس شِندیہِن ضلعہ، نیو ٹایپی شہرس منز۔
947,غیر معمولی چھٗ شملی ساحلس پیٹھ سانتا لوسیہ ساحلس ۔
948,کوبن میٹروولوجیکل سروسن کور رپورٹ ز پننہِ مواصلاتچ انفراسٹرکچر ہند 85 فیصد تباہ۔
949,دوہ طرفہ، اگر تہہ ہفتہ منز واریاہ بار گژھان چھ، یہ چھنہ عام طور اکھ مسلہ اگر تہہہ اکھ یا ز چیز بھولان چھ۔
950,کروکوڈیل شکار گٔیہ اکثر آبدی لوکن ہندِ بُش مہارت استعمال کران۔
951,دویمہِ لیگ کِس خرس تام، باقی صرف 12۔
952,مغربی آسٹریلییی پولیسن کور پٔتمہ ہفتہ پٹھۍ پٹھۍ پٹھۍ پٹھۍ پٹھۍ پٹھۍ پٹھۍ پٹھۍ پٹھۍ پٹھۍ پٹھ
953,یہ چھ سٹرنو، ویلمینا، فریجنٹو، فونٹناراس، گروٹامینارڈا ستۍ سرحد شمل۔
954,امیُک کامیابی آو پٹروپوریج تہ بیٹنگ ہند دویم ضرورتہ ستہِ کم کرنہ۔
955,مے چھٗس بے كھل محسوس کران زِ مے چھٗ چیزچ قیمت کم کرنہ خطر طاقت کم گژھان ییلہِ ہیڈ آفسس چھٗ ذتی ذمہ۔
956,تٔمۍ کٔر تبلیسی سٹیٹ یونیورسٹی پٹھ اکھ ڈاکٹر ڈگری آسنہ یتھ منز ایراننہ مطالعہ منز۔
957,تٔمۍ کٔر پننہِ بہ کوبجا وشنووارڈناہس 621 منز ویکروے کم۔
958,اعلی پوٗر پوٗر پوٗر پوٗر پوٗر پوٗر پوٗر پوٗر پوٗر پوٗر پوٗر پوٗر پوٗر پوٗر پوٗر پوٗ
959,دفترُک کام چھُ زیاد تر ایرلینڈس منز تریخی عمارتن ہُند مراقبہ کرُن۔
960,تِہندِ ویب سایٹَن وون زِ پٹھۍ گوو 2012 ہس منز کنسولی ہیکہِ کٔرِ ۔
961,زیاد تر کمیونٹین منز چھ کم از کم اکھ غیر فیدیی ادار یُس اِندِس ضروٗرتس تِمن خطر دِنہ آمتہِ کھتہ تقسیم
962,گگاکو آلاتن منز چھ ہوا ہندین آلات، سٹرن ہندین آلات تہ ٹکشن آلات شمل۔
963,گڈنِچ کونسل آف نِکاہ (325)ن کور صرف ز قونوُن قیم، یتھ منز ہبریی کیلنڈر تہ پوٗر دنیاہس منز مساواتس پیٹھ آزاد
964,اگر تہہ نہ پریشان گژھان، نہ کُنہِ نوک علامتہ شمل یا دروازہ پیٹھہ دروازہ دِنہ دِنہ دِنہ دِنہ دِنہ
965,یہِ چھُ اِشار زِ یِہ تہِ تہِ ہُندِ مارنہ خطر استعمال کرنہ آمتہِ تہِ سامان اوس اکھ سپر اکھ۔
966,گول کیپر چھِ پڈڈڈ پینٹ، پڈڈڈ شسٹ پروٹیکٹر، کینی پڈ تہ ہلمٹ ستۍ فراہم کرنہ آمتہِ محدود تحفظ لگان۔
967,جین پربھاسوری ہندِ وِویڈھا تِرتھا کَلپا (14ہِ صدی) منز چھِ کولی پاپ رشابھ دیوا سٹیٹی تہ کُلپاپَنِکیڈھا ت
968,موزافار الام چھ دعوا کران زِ مغل چھ پننہِ مختلف سلطنت متحد کرنہ خطر پننہِ غالبہ ہندوستانی-پیرس سیسی ثقافتچ وسٹر پٹھہ فارسی استعمال
969,کوف چھ فن لینڈس منز ساروے کھتہ مشہوٗر آبجو منز اکھ۔
970,"یہِ سلسلہ ستہِ چھِ واریاہن صوبن منز 1,632 بلدیہ۔"
971,کینہہ لوٗکھ ہیکہ نوو پچ گژھنہ برونہہ اکھ اکھ اکھ اکھ تجربہ کٔرتھ۔
972,امہِ ستہِ زیوٗن تٔمۍ پننہِ فلم فایر سندِ بہترین اداکار ایوارڈ تہ سندِ سندِ گڈنِک نندی ایوارڈ س
973,امہِ ہُند شروٗعات ہِند ہفتہ منز کٔر فِلمہِ پوٗر دنیاہس منز ₹47.62 کرور۔
974,یہِ گوو گڈنِچ گِنڈ 1984 ہس منز پارالمپک گیمَن منز گِنڈ۔
975,جدید وقتس منز چھ یہ ریپبلک ڈے تہ انفرادیی ڈے ہفتہ ستۍ مطابقت پذیر ز پھول ہند شو میزبنی کران۔
976,مجموعی طور، تخمینہ چھ یوان ز یہ چھ عام آبدی ہند تقریبا 15% کینہہ حدس تام متثر کران۔
977,1948 پیٹھ پننہ مرنہ تام، سُہ گو 100 کھتہ زیاد فلمن منز ظہر۔
978,ہبری ناو چھ ناو یم ہبری زبانہ پیٹھ آو۔
979,اوویٹِس ہیکہِ وچھنہ تہ چھِ ہندِس درد ستہِ ولِتھ، خاص طور ییلہِ ہندِس لکِس (فوت
980,سُہ گٔیہ 2002 ہس منز فرانسیسی صدر منتخب کرنہ منز صدر خطر۔
981,تٔمۍ کٔر مردن منز بیمارچ وضاحت بڑاونس منز کم۔
982,حکومتس کنٹرول کرنہ برونہہ، سیسی خاندانن چھ ریاستس منز تعاونتی ادارن تہ کنٹرول کران، زیاد تر تعاونتی شکر فیکٹری تہ ضلعہ تعاونتی بینک۔
983,یہ فلم چُھ سکھ سندِس نیچِس، کیبوٹارس خطر اکھ سکولہ پٹھہِ قبول کرنہ خطر درخواست دِنہ ستہِ شرو
984,میکروکریسٹلین سیلولووز تہ پوودرڈ سیلووز چھ دواہ ٹیبلٹس منز غیر فعال فیلٹر استعمال کرنہ یوان۔
985,برطانوی ہنز زیوٗن ہنز تخمینہ آو 22 مُتہِ تہ 50 زخمی۔
986,سوین فلوُک ہنز H1N1 شکل چھُ سٹینچ نسل منز اکھ یُس 1918 چہ فلوُک پینڈیمک سبب بنان چھُ۔
987,چُھ اَکھ چُھ اَکھ اَکھ اَکھ اَکھ اَکھ اَکھ اَکھ اَکھ اَکھ اَکھ اَکھ اَکھ اَکھ اَکھ اَکھ اَکھ اَکھ اَکھ
988,چیمبرن کور 2008 ہس منز ویڈیو گیم کمپنی فینوم گیمز قیم۔
989,1990 ہِہِ ہِندِس کارٹون سیریز، ڈی رین اینڈ سٹیمپی شو پیٹھ کٹ۔
990,تریِمَس مقامَس منز س 2004 سُبارو امپریز، ییلہِ 1999 اکورا انٹیگری ژوٗرِمَس منز آو، ییتہِ 1994 ہنڈا سی
991,لورن گوتلیب، ڈراشتی دھامی، جیٹندر تہ مانیش سندۍ ٹی وی دوست وَہبیز ڈوربجی، تہ وِیوین ڈیسنَن کٔرِ مکی وائرسُک خاص س
992,س چھے گڈنِچ ستہِ گڈنِچ ستہِ میگن چیس، ییمہِ سندِ ماجہ چھٗ أمۍ سندِ پٹھۍ نیر۔
993,تمام شے قسم یم تام زاننہ یوان چھ چھ چھ ساروے کھتہ لکٹن پھڑن تہ کڑنہ ولۍ قسمن منز۔
994,بوسٹن لوٗکن چھِ بولنُک اکھ طرز تہِ یُس بوسٹن سلنگ ونان چھُ۔
995,بورجن گُزریو 9 اپریل 2017 ہس منز اسلوہس منز 67 وُہِ وُہِہ ہارٹ ہیکونہِ ستہِ ۔
996,یتھہِ ستہِ ہیکہِ شمشیر ڈراونہ تہ اکہِ حرکتس منز مُقابلہ کور۔
997,کرایو، ورجینیا کرایو چھ امریکی ریاست ورجینیاہس منز اکھ قصبہ۔
998,ڈلیسٹن کور ڈایریکٹر کمارس اکھ سنیج ہنز ہٹاونچ مشور ییمۍ تِم مغربی صارفین خطر زیاد ڈرامتی مانوو۔
999,ہوٹلچ ایئر کِس آب و ہوا چُھ نہ یلجری منز صحیح طریقہ کم کران ییمہ ستہِ چھٗ مے گرمی ہند وجہ ستہِ گرم گرم کران
1000,سندِس كرِس واقعہ ستہِ زِ أمہِ سندِس خاندرچ ترتیب دِنہ آمُت۔
1001,رینٹایس منز اضافہ حل کرنہ ستۍ حساب شروع کرو۔
1002,تٔمۍ ریتہ کٔر آٹوپیکس کار وی بی ستۍ تعاون تہ انضمام۔
1003,کروموزومل حالتہ پٹھۍ، ٹرنر سنڈروم خطر چھنہ کانہہ علاج۔
1004,یہ جسمچ زبان چھُ یہِ ہُند اشار دِوان زِ تہہِ چھُنہ یِہ نہ تُہۍ پننہِ دہس منز دعوت دِوان۔
1005,کٹابومین سندِس جوان بہن اوماٹُراے کور مراٹھو بہن، پریاہ مراڈھو تہ چینہ مراڈھو سندِ تحت پناہ تہ کٔر اکھ فوج بڑ
1006,ییلہِ اکھ شخص ادگی کرنہ نِش نِش کران چھِ، توہہ ہیکو سوٗ سوٗ ۔
1007,آسٹریلیاہس منز آو ویکٹوریہ پولیس سندِس میسنگ پرسن سکواڈَن دِلِبور پنٹِک قتل کرنہ خطر اکھ 33 وُہِ وُہِ
1008,چیرا، چولاس تہ پانڈیان کور موزیرس (موچری)، کورکی تہ کوویری ہند بندرگاہن تہِ کنٹرول (گریکو رومن دنیاہ ستۍ تجارت خطر)۔
1009,مے چھٗ یہِ تُہندِ طرفہ واریاہ بے ذمہدار پٹھۍ یِوان زِ تُہۍ نہ تُہۍ وقتس پیٹھ کم کرنہ یِوان تہ تُہۍ
1010,2002 پٹھ 2018 تام اوس سُہ پراگ اوورسیوٹیٹری تہ پلانٹریومک ڈائریکٹر۔
1011,اگر طبی علاج کولیسٹرول سطح کم کرنس منز کامیاب نہ، LDL ایفیریز ہیکہ استعمال کٔرتھ۔ یہ چھ دیلیزس ستۍ یادگار عملس منز خونس منز LDL فلٹر کران۔
1012,اکھ مطالعہ منز چھ پتہ زِ 14 ہفتہ کھلڑِ کھتہ زیاد تر لوٗکھن منز تقریباً 5 فیصد زخم چھِ گژھان۔
1013,گڈنِک سکرینس منز چھ اکثر ریکارڈ کارڈ نمبرن ہند بار کوڈ یا بییہ شکل یتھ چیک آؤٹ شخصس منز لاگ کرنہ یوان۔
1014,اکھ لُکُٹ، زیاد یا کم تعداد، چھِ اِدولس ستۍ یوان، ہندِ ہندِ پٹھۍ تہ خوشی ہُند دُعا کران، ییلہِ
1015,یلو فیور ہند ہیمسٹر ماڈلس منز چھ اینٹی وائرل ریبوییرینک ابتدئی دخل بیمارچ واریاہ پاتھولوجی خصوصیاتن ہنز اکھ مؤثر علاج۔
1016,1859 تام سہِ شُرِفِی رہنما بَختھ خان تہ نانا ساہب یا ستہِ مارنہ آمتہِ یا فرار ۔
1017,شُرِ ہیکہِ نہ ٹریر بڑنہ یا وزن کٔرتھ زِندِتھ ہیکہِ۔
1018,جنوبی فرانس ہُند آب و ہوا چھُ یونان ہس ستۍ یتھ منز دشوے سمندری آب و ہوا چھُ۔
1019,یہ قلعہ آیہ 1714 منز بادشاہ کوچین ہندِ اجازت ستۍ ڈچ ایسٹ انڈیا کمپنی بناونہ۔
1020,یہ چھ ییمہ ستہِ وینٹریکل کنکریشن گژھان چھُ تہ وینٹریکلر سسٹول بنان چھُ ۔
1021,فن لینڈن زیوٗن 2004 کس ویسٹراوسس، سویڈن منز عالمی چیمپئن شپ، ییلہ زن ستۍ باقی چیمپئن شپ چھ سویڈن، سوویت یونین تہ روس زیننہ آم
1022,ماننہ چھ یوان ییلہ کلارٹری گنگا دٔریاوَس منز بَٹَن ولِتھ، تٔمۍ حصل کٔرِتھ اکھ تیز پیچیدگی۔
1023,یہ حصہ کِس جنوبس منز چھِ اِڈوککی سبِ پلیٹاو تہ جنوب مشرقی منز چھِ کارڈاموم پہاڑ۔
1024,فنِش مواصلات کارپوریشن نوکیان کور اعلان زِ امیُک ہیڈ 21 ستمبر تبدیل گژھ۔
1025,گودوار، ماروار تہ شیکھوتی علاقہ چھُ جودھ پوُر شہرس ستۍ تھرنہِ جنگل ہندِس علاقس منز واقع۔
1026,راسل وِل چھُ امریکہ ہس منز الینوایس منز اکھ گام۔
1027,س زیوٗن 1992 سمر اولمپکس تہ 1996 سمر اولمپکسَن منز ز سونہ میڈل۔
1028,یہ اوس 1839 ہس منز تٔمہِ دورچ رقم دشونی بار۔
1029,باقی مسلمان، عیسی، تہ کینہہ ہیندۍ کاسٹ یتھ کٔنۍ نامبوٹیرس، امبلاواسی کاسٹ تہ ایزواس منز زیاد تر چھ مکہتیمس،
1030,دشوے کام کرن ولۍ دفتر چُھ چوکھر سندِ صحتک نگر کران۔
1031,کالینز، میسیسیپی کالینز چھ کووِنگٹن کاؤنٹی، میسیسیپی ہس منز اکھ شہر۔
1032,یہِ آمدنی اوس گڈنِکِس دہس منز 1 کروڑ ₹ 1 ہُک توقع کرنہ زِیاد آمدنی کھتہ کم۔
1033,تقریباً پانژھہ لُکھ جمع گٔیہِ رِیگادس منز تقریبہ خطر۔
1034,تٔمۍ کٔر آزادی ہند اعلان تہ ریاستہائے متحدہ امریکہ کس آئینس منز لکھن منز مدد۔
1035,تمہِ سندِ ژوٗرِم فلم فیئر ایوارڈ آو 1967 منز میلانَس خطر۔
1036,اکھ ریویتی سنوکر سکور بورڈ چھ اکھ بیاسس ستۍ یوان تہ اکھ ٹیم تہ ٹیوینٹس منز موجود فریم خطر پرتھ کھلڑۍ ستۍ ست
1037,یہ چھ سویڈش بینڈی منز اکھ انفرادی ایلیمنشن ٹورنامنٹ مُقابلہ تہ دویمہ ساروے کھتہ زیاد مشہوٗر بینڈی مُقابلہ یُس قومی چیم
1038,یِمَن واریاہ طریقہ چھِنہ باقے بٔڑِ ہندوستنۍ کلاسیکی رقصچ روایاتن منز لبنہ یِوان۔
1039,ریاست چھ ہندوستان کِس مغربی نیٹِس اکھ بوڑ تشکیل یُس ونۍ شمال، مشرق، مغربی تہ شمال مشرقی نیٹِس نیٹِس (نیو این اے) نیٹِس نیٹِس تحت چھُ ی
1040,زخمچ سائز تہ مقامس پیٹھ مٗتعلق چھِ ستہِ ستہِ ستہِ ستہِ ہُند نتیجہ وسیع پیمانس منز مختلف۔
1041,مزید تفصیٖل گیمہ ہیکہِ بنوِتھ ییلہ گیم میکر زبان استعمال کرنہ یوان چھِ ۔
1042,ناگا لوٗکھ چھ آبدی ہند اکثریت بناوان۔
1043,گینٹوفتا گینٹوفتا چھ سویڈن کس سکاون کاؤنٹی منز ہلسنسبورگ بلدیہ ہند اکھ علاقہ۔
1044,ییلہِ میسور تہ پیواہس درمیان بجلی ہُند لڑایہ گوو، یہِ گوو جلدے برطانوی تہ باقی یورپی ٹریڈنگ کمپنی شمل گژھان۔
1045,بہنہ کور پننہِ سنزِ سنزِ سنزِ سنزِ سنزِ مچھِ ستہِ تہ وون تٔمۍ زِیاد
1046,2022 منز زیوُن ڈیوُ ژور گرمی ایوارڈ۔
1047,میسورچ وڈایرز س فنکن ہند اکھ عظیم سرپرست۔
1048,سُہ آو کُنہِ وقتہ سُہ سمرات ونان ۔
1049,اگر منافع کم گژھان چھ سٹاک ہولڈر ہیکہ کری کرِتھ، کمپنیس مزید نقصان دِتھ۔
1050,ہندوستانس منز پننہِ نوعیتہ گڈنِچ، نیشنل سپورٹس یونیورسٹی منی پورس منز بناونہ یوان۔
1051,مے چھس پٹھۍ پریشان زِ سڑکہِ پیٹھ چھِ ہاؤس غیر قانونی طور پھیلاونہ یوان۔
1052,تم چھ ہایراگان یم ہاوان چھ یوان ز کینجی کس حدس منز چھے بولنہ یوان۔
1053,ایونگ، کنٹکی-ایونگ چھ امریکہ کینٹکی ہس منز اکھ شہر۔
1054,امریکہس منز چھ جونیئر رولر ڈربی ایسوسیشن 18 ہس منز کم عمر ولۍ ہند طرفہ کھیلچ انتظام کران۔
1055,"لیگ ہُند قدری ترتیب آو 1907 منز ""گرین بوکس"" منز ترتیب دِنہ آمُت، یُس مولانا محمد علی سندِس خطس منز چھِ۔"
1056,پننِس کتابس منز چھِ بن تامیہ اکھ پیچید حکمی اکاؤنٹنگ سسٹمچ تفصیل دِوان۔
1057,تاہم، سُہ ہیکہ نہ مِچِس مِلَس منز مِصلِف حالتہ باپت گِندِتھ۔
1058,س س ہومایون دھانراجگیر تہ دھرشوار دھانراجگیر سنز ملہ۔
1059,اکھ سفید پرٹ، یُس ظہر اکھ گڈ، ہاواے (ڈپک ڈوبریال) چھُ ونسہِ ولِتھ، یُس زاننہِ چھُ یُ
1060,حالاتس پیٹھ کنٹرول کرنہ یژھان چھ س پننہِ ملِس سندِس اجازت مانان پننہِ پیشہ بیکڈ ہندِس مہینہس پیٹھ پاریس تہ
1061,ایڈنبرگ کاسلس ایڈنبرگ کاسلس چھ ایڈنبرگ، اسکولینڈس منز اکھ کاسلس۔
1062,فلمہ ہُند بین الاقومی فروخت چھ فینسٹک فلمز انٹرنیشنل ہُند انتظام کران۔
1063,واریاہ ریلر چھِ ڈرائنگچ فیدیی خطر تِہ مہارت سطحچ گروپن منز اکھ لٹہِ ریلچ انتخاب کران۔
1064,یہِ چھُ رِٹ اَنز کمپیل اَنز تہ رِن کینہہہ ونان ۔
1065,راجستھان چُھ ونہِ کس حصہ اوس ویدک تہ انڈس وادی تہ تہذیبک حصہ۔
1066,مے اوس بس ڈرائیورس ستۍ کرس ییلہ سُہ ہائی وے پیٹھ سٹینٹ مین ہِونہِ پٹھۍ ڈرائیو کٔر۔
1067,چلازیون جراحت چھ اکھ محفوظ طریقہ تہ پیچیدگی چھ کم از کم وچھان۔
1068,گوواہتی ہس منز مبنی سیٹلائٹ نیوز چینلن منز چھ آسام ٹالکس، ڈی یی 365، نیوز لائیو، نیوز18 آسام شمال مشرقی، شمال مشرقی لائیو، پراگ نیوز تہ پرٹڈین ٹ
1069,ییلہِ پلس پیٹھہِ تھاونہ آمتہِ، تِمَن نہ ٹویٹر، فیس بک، یا ٹیلی ویژن ستۍ لاگرِ تہ تِمَن کور باق
1070,پننہِ ضرورتَن ہندِ خاص سافٹ ویئر پیکج ڈیزائن تہ بناونہ خطر آن لائن تلاش کران۔
1071,تمہِ سنزِ واریاہ فلمہ تہِ تاملس منز دِنہ آمُت۔
1072,امہ تبدیلیس منز کٔر سمیٹ مائیکرو وایرلس تہ موبائل نیٹ ورک سافٹ ویئرس منز سرمایہ کری کرنس منز کامیاب۔
1073,امہ وقتہ اوس وِنسنسنن اِرننننننن لکٹن گنگ بوٹن ستۍ نار ہند تبادلہ کران۔
1074,"""سی ایم آیی"" مختصر چُھ ونہِ تہِ کُنہِ وقتہ کالوکی طور استعمال کرنہ یوان۔"
1075,1923 منز، رائیل آٹوموبائل کلبن کور قونوُن تہ قونوُن مزید بحث کرنہ خطر اکھ اجلاس منعقد۔
1076,ریگویڈاہ کِس قصبَس منز، یِتھ کٔنۍ 3.44-45، چھِ سخت سمجی ہایرشی ہنز غرِی تہ سمجی موبلٹی ہنز موجودگی
1077,"یتھ پُلَن ووٹ ""من رے، توہہ دوو ناتورڈر ڈھری""، رفی یَن گندِیوُن، نمبر 1 بتھ پٹھۍ۔"
1078,ورلڈ کپَس منز، تٔمۍ کور تٔمۍ ژوریِمِس وقتَس پیٹھ ژوٗرِمِس مقامَس تام۔
1079,دیو کیپٹن ہنز کارکردگی اوس اکھ کھلڑِ پٹھہ بہتر۔
1080,لہذا، کینہہ مطالعہ منز چھِ نتیجہ چھُ مشور زِ ڈی ایچ چھنہ مردن پیٹھ زنانن پیٹھ زیاد اثر انداز کران۔
1081,اگر تہہ سپر مارکیٹس منز بییہِ بے ختم وقت دِوان چھِو، توہہِ چھِو ولِس ستہِ گژھنچ امکان زیاد۔
1082,لٹہِ کور آسٹرین سکول آف معیشتن ہُند حمایت تہ اِکومیٹک تعلیٖمی خطر بنیاد شروع۔
1083,کرٹینن پسند گیم، کھین، ایتھلیٹکس، موسیقی تہ خوبصورت کپڑا۔
1084,یہ چھ اکھ ایسڈ، حالانکہ نہ سلفورک ایسڈ ستۍ مضبوط۔
1085,یہِ توانییات منز چھِ 527 واٹ انفراراڈ ریڈیو، 445 واٹ چھِ وچھنہ یِوان، تہ 32 واٹ چھِ یوُٹراویوئلٹی ریڈیو۔
1086,تمہِ سُند مل س اکھ سِپیئرڈ کر، اکھ مشہوٗر باکسر، تہ اکھ پیشہ ور فٹ بال کِر۔
1087,"احتجاجَن ہُند جواب دِنہ خطر کٔرِو حکومتن 12,000 خاندانن ہُند معاوضہ ہُند پٹھۍ اضافہ، تہ 2,200 لُکھ کور مختلف حکومت کِس شعب"
1088,لوٗکھن کور تِم کِس لفظس پیٹھ یا پیٹھ کٔرِتھ ۔
1089,یہ عمل چھ ہایڈروجنس تِمَو زیاد قبل کرنہ خطر گینہِ تیلہ مِلکِس منز شمل کران۔
1090,علاج ہیکہ یو وی بی لیمپ یا کلینکس منز ہیکہِ ۔
1091,سۍ دکانہ، ٹایرن تہ لکٹن فیکٹری یم لکڑی تہ جلدچ مصنوعات بناوان چھ۔
1092,یہِ دہ چھُ حلبہ کِس بادشاہ علی حمدَن ہُند مُقامچ بنیاد تہ سن دیو دیوُدُک زایہ یاد کرنہ خطر مناونہ یِوان۔
1093,ریکارڈنگ فنکار کِس طورس پیٹھ چھُ چوپرا ترے بگلی ہُند ریلیز تہ أمۍ سندِس فلمہِ ہِندِس واریاہ بگلی ہ
1094,یِم فاسل چھِ تِم یِم تِم یِم تِمِہِ دٔریاوَس پیٹھ لبنہ یِوان چھِ ۔
1095,اگر تہہ پننہِ اکاؤنٹ، پٹھۍ آرڈر، یا اکاؤنٹ سیٹنگس متعلق سوال چھِو، تیلہِ چھِو پننہ ای میل عام مدد اکاؤنٹس منز یِوان۔
1096,2011 ہس منز یِم ہسپتالن ہندِ زیاد تر خرچ سہِ شراب ستۍ مسلن ستۍ ربطہ۔
1097,تٔمۍ وون ز تِم س نہ تِمَن زِ تِمَن چھنہ آمُت زِ تِم چھنہ صحیح پٹھۍ کُنہِ کُنہِ ۔
1098,امہِ تِہِ زِیاد منز سہِ بادشاہن ہندِس سالس تام خطر خطر آزاد کرنہ خطر اکھ مُقدس گھو بناونہ
1099,کمپیوٹر خطر چھٗ کانہہ تہِ آلہ یس کمپیوٹر ہیکہِ نہ کم کرِتھ چھٗ ، یہِ چھُ دورے ہندِ سامان ۔
1100,ہیملٹن ہس نیشنل ہاکی لیگ ٹیم پسند کران مگر اتھ منز چھنہ اکھ۔
1101,25 مارچ 2015 ہس تام، گیمہ کٔر 12 ملین کاپیہ ۔
1102,ول این آلہ آلہ چھ بلیوٹوس آلہ کھتہ زیاد طاقت تہِ استعمال کران۔
1103,مشرقی آرتھوڈوکس پاپ تہ الیکسڈریا تہ پور افریقہ کِس پیریشیرچ
1104,جہاز چھِ دور مشرقی تہ باقی جایہ پیٹھ یِتھہِ واریاہ چیز یِنہ یِوان ۔
1105,حالتچ شدیدیتس پیٹھ مٗطبِق، پُچ ریویجن ہیکہِ جراحت کرنُک ضرورت۔
1106,سٹالی چھ اکھ آپریٹنگ سسٹم یتھ منز سٹیٹک طور رلکڈ پروگرام چھ یم چلتہ ہیکہِ یِتھ ۔
1107,سٹیڈیمچ ہدایت چھ ڈرونچریا ایوارڈی، مہابالی ستپال۔
1108,2012 ہس دوران آو ویر داسس واریاہ اہم مزاحیہ شو کرنہ آمژ، خاص طور ہندوستانس منز ربطن تہ ثقافتی تبدیلیس پیٹھ توجہ مرکوز کرنہ۔
1109,یہِ وونہ پتہ چھُ یہِ کھیل یقینی طور اتھ پیٹھہ طویل عرصس پیٹھ آو یِہ اوس۔
1110,زیاد تر معاملاتن منز چھ یِم دواہ ستہِ منز ولۍ نفسیاتِک پریشانی طویل عرصہ کھتہ کم گژھنہ ستہِ ختم گژھان۔
1111,21 مارچس منز آو ستہِ زیاد معاملہ تصدیق کرنہ۔
1112,بییہِ اکھ دٔسہِ کھتہ تہ کھتہ غیر کھتہ زبانہ تہِ چھِ بولنہ یوان۔
1113,انٹرنیٹس پیٹھ ایموٹیکن ہنز ڈیجیٹل فارم آیہ 1982 ہس دوران ای میلس منز لکھنہ۔
1114,ٹراپیکل طوفان آرلین چھِ گڈ بٔڑِس روُدس تہ مزہ وتھ وتھ كوبا متثر کران۔
1115,میگھالیہ چھ بنیدی طور اکھ زراعتی ریاست یتھ منز آبدی ہند تقریباً 80 فیصد آبدی پننہِ زندگی خطر زراعتس پیٹھ پوٗر انحصار چھ۔
1116,حالے گوو سیٹلس، فرانکفورنکس، کولون تہ برمنگھمس منز سکریننگ۔
1117,ممبر راسمس ہانسسن اوس پارٹی ہند بولن ولۍ تہ۔
1118,حالانکہ یہِ موضوعہِ پیٹھ روایتی طبی مشور چھِ یِنہ یِنہ یِنہ یِنہ یِنہ كِنہِ ہُندِس ستہِ انتخاب
1119,یہِ کٔر کم از کم اجرت تہ بے كھلتی تہ سرفڈم ہُند ختم کرنہ ستہِ أکس سکولر قومچ قیم کرنُک دفاع۔
1120,چییر چھ اکھ بون فایر یتھ منز وسطس منز سبز پییاہ کٔر شاخ چھ۔
1121,کینہہ چُھ دیوری زبانس منز تہِ بولان۔
1122,تاہم، صرف اگر تہہِ یہِ خریدری پتہ اکھ مسلہ چھِ، یہِ چھُ زاننہ یِوان زِ تہہ ہیکو مشین واپس یِتھ۔
1123,"الودین سند 30,000 کھوتہ طاقتور گپھِرِی، ییمہِ مِلیک نایک ہُند قیادت کٔر، کٔر امروہا کِس جنگس منز منگولَ"
1124,جالندھر ضلعس تھودِس دورس تام رتہ پتہ چھِ دریاو امرتسار تہ کپورتھالہ درمیان سرحد بناوان۔
1125,کافئینہ ہُند دہ چُھ وتہِ، تہ تمہِ سندِس ماجہ چھُ یہِ وُچھان زِ سُہ آو آندھیری پیٹھ واپس۔
1126,یش راج فلمن جواب دِیوُت زِ تِم س شوک تہ دیوگن سندِس حوصلہ ستۍ سوال۔
1127,یِم اوس مشرقی ایشیاہس منز، وسطی مشرقس منز تہ پتہ یورپس منز وسیع پیمانس منز پٹھۍ پٹھۍ پٹھۍ پٹھۍ پٹھۍ پ
1128,تٔمۍ گِیُن بوسٹن بروینز ستۍ نیشنل ہاکی لیگ اکھ سیزن۔
1129,کلارا بیئر اوس نیو اورلینزس منز روزان اکھ کھیلچ استاد ییلہ سنزِ ناسمیٹسس باسکٹ بال کِس کھیلس خطر قونوُن ہُند کپی کر
1130,لہذا چھ یہِ مٗمکِن زِ وٹامن بی 12 ہُک کمزوری چھِ یِم افرادَن منز ہارڈ ویسکوُر ہندِ بیمارچ خطر بڑان یِم چاق چھِ
1131,ای بی وی چھِ امیُن سسٹمچ بی سیل تہ ایپٹیلیل سیل انفیکشن کران۔
1132,پریتھ ڈالر ہُند ریکارڈ برقرار یُس تُہۍ کٔرِتھ تہ خرچ کران چھِ ۔
1133,کُلاشکر حکوٗمتس تحت، کیرالہَن کٔرِتھ فن، ادب، تجارت تہ ہندوستنہِ ہندِس بھاکتی تحریک ہُند ترقی ولس دور۔
1134,زمین، رقم، مصنوعات، جوا تہ تعمیر ہند شکلہ مندرن منز آو انڈوینمنٹ بناونہ۔
1135,یہ پیش گوئی آیہ کوویڈ-19 پینڈیمک ستۍ گژھان۔
1136,"کوپورن کور مزید تبصرہ ز سُہ چھِ شنہِ گھنٹن تام مول تہ میکاپ خطر بیٹھ تہ ""تہ پتہ ٹیسٹچ ٹیسٹچ ناکام گژھان۔"""
1137,800 پتہ گوو یہِ مشہوٗر مشہور دوبار حصل ییلہ چارلمیگن کرسمس دہ شہزاد کرنہ آمژ۔
1138,تاہم، باقین چھ یہ جدید برما یا آسامس منز واقع قدیم ریاستس ستۍ شناخت کرنہ آمژ۔
1139,نیجریا چھ ساروے کھتہ جدید مُلک ییمہِ سرکرۍ جنگلی پولیو وائرس ہُند انڈیمک نقل و حمل بند کرنہ آمُت۔
1140,امہِ مطلب چھُ زِ سرمایہ کری ہُند واپسی سہِ پریتھ ؤرۍ تقریباً 5 فیصد۔
1141,"امہ علاو چھِ اٹلانس منز 50,000 بودھ 70,000 سِکھ تہ 70,000 ہندو۔"
1142,جی بیہم ہس ہند سلامہ ہند استعمال کٔر تمہِ سندِس احترامس منز پوٗر یوان ۔
1143,چھِ تیک، پین، اوک، ننگھ، لہا، بامبو تہ کین ہندِ جنگل۔
1144,بڈا خیل چھٗ واریاہ امکانات پوٗر کران، ییمہِ چھِ بہترین طریقہ تمام موسیقی ہندین عناصرن - آواز، ریتم تہ رفتارس پیٹھ توجہ دِوان۔
1145,آن لائن گِنڈ کرنہ ستۍ ہیکن کھلڑۍ عالمی درجہ بندی خطر پوائنٹ جمع کٔرتھ۔
1146,"کالیانجی آنندجی بتھ ""کاسمی واڈے پاکھ وافیہ"" آو أمہِ پیٹھ تصویر کرنہ۔"
1147,تٔمۍ کٔر 1925 پیٹھہ ایلنگس ایس ایس ایف خطر تہ 1927 پیٹھہ جورگرڈینز ایف خطر مقابلہ۔
1148,پٹیلن کور تمام قدین آزاد کرنہ خطر اکھ قدری ہُند مُقابلہ تہ قومی اہلکارن عومی منز پرچھنہ حصل کرنُک اجازت د
1149,مگر 2012 ہس تام سہِ تِہندِ تعداد 20 تھس تام کم گژھان۔
1150,سی ڈی سی چھُ مشور زِ جنسی طور فعال مرد یِم مردن ستۍ جنسی تعلق چھِ یِم کم از کم ؤرِیُٹ ٹیسٹ کرنہ یِوان۔
1151,مدھیہ پردیشس منز چھ اکھ 230 سیٹ ریاستی قانون ساز پارلیمنٹ۔
1152,س چُھ ناگوانشی کھیٹریہ سندِس اسٹا دیوی۔
1153,ورنِک کورسکوف سنڈروم چُھ تِمیمین ہُند کمزوری ستہِ وچھنہ یِوان، کلاسیکی طور شراب گژھنہ ستہِ ۔
1154,علاقس منز چھ درجہ حرارت 60 کس دہلس منز کم گژھن ہند توقع تہ اندرونی علاقن ہندین 50 کس دہلس منز کم گژھتھ ہیکہ۔
1155,امہ علاو چھ یہِ بوسٹن ایوی لیگ یونیورسٹین ہندِ روایت تہِ نشانہ دِوان۔
1156,میگنٹک فیلڈ لائنن ہندِ نمائندگی کِس طورس پیٹھ استعمال کرنہ خطر چھٗ اکھ فید ۔
1157,پتہ کٔر کوگگا دیوانہ کماثن اتھ ذیلی نسلس مزید بہتر بناو، تلسی سمین تہ سنگیٹ ناتک اکیڈمی ایوارڈن ستۍ تسلیم کرنہ آمتہ
1158,موسیقار ہونی سنگھ آو فلمہ منز اکھ بتھ خطر دستخط کرنہ۔
1159,"ٹایمز آف انڈیا ہندِ میینا اییرن کٔرِ یہِ 3.5 5 ستارَن منز 3.5 درجہ یِتھ تِہِہِ وُچھان ""پہلی گڈنِکِس"
1160,تاہم، 1990 کس دہلس برونہہ سہِ ونسہِ ونسہِ ونسہِ واریاہ کم معاملہ۔
1161,سی پی آو گڈنِچ لٹہِ 1860 ہس منز انگریزی سرجنن یتھ منز وِلیام لٹل ونان چھِ ۔
1162,ملبورن فٹ بال کلب آو مندرجہ ذیل ؤرۍ قیم کرنہ، تہ ویلز تہ باقی ترے ارکانن کوڈ کوڈ کوڈ گیمک گڈنِک قونوُن۔
1163,یہِ تہوار چھِ تمام ہندوستنہِ پننہِ گھرن منز تہ پوٗر ہندوستانس منز سُریہَس مُعزِل اَتھ بے شمار مندرَن منز مُعز
1164,علامت چھ میزبان ہندس جسمس منز پروٹینس منز چلاونہ خطر آلرجی ردعمل ستہِ وچھنہ یوان، حالانکہ یہِ چھُ مطالعہ ہن
1165,موسمچ بتھ تہِ چھِ یِم زراعت ہندِس موسمس دوران کم کرنہ آمتہِ سرگرمی ہُند وضاحت کران چھِ ۔
1166,اماسوتی چھُ یوگا کرما ہُند ژنریٹر ونان تہ آزاد گژھنہ خطر اَمِنیُک اَمِنہِ ۔
1167,"تٔمۍ گٔیہ تٔمہِ راتہ ہسپتالس منز ""دشِش نہ"" خطر دوا حصل کرنہ خطر۔"
1168,کلاسس دوران کینہہ لوُکھ چلاوان چُھ اتھ زانہہ زانہہ آسان۔ یہ چھ اکھ چالک بورڈس پیٹھ نِل ہُند بتھ ۔
1169,کینہہ پٹھۍ کینہہ قسمس منز چھ ییوپوتریم، لٹنا، روبس، فارن، اوسمنڈسٹرم سینامومیم، تہ فیگوپٹرس شمل۔
1170,امہ متنس مطبق کور پڈمنن پننہِ ز نیچِنہ دنہِ ذمہ دِنہ یِنہ سندِ مرنہ برونہہہ ال
1171,یہ گیس پونسہ ہیکہ پتہ پننہِ مجموعی آمدنی بڑاونہ خطر گژھتھ۔
1172,نصف وقتس پیٹھ کٔر مارینرزن آندرو کلارک ساسو پٹروفسکی ستۍ جایم۔
1173,انڈیمن تہ نیکوبار جزیرن پیٹھ چھ پورٹ بلیئرس منز مسافر سروس۔
1174,س چُھ اکھ خطر زنانہ یِم چھِ زیاد خیالات تہ وفاداری ہندِ ۔
1175,اگر ضرورت ہوو، واریاہ خری ادایگی ہیکہ اکھ لکٹ رقم۔
1176,مقمی ٹیٹینس چھ بیمارچ اکھ غر عام شکل، یتھ منز لوٗکھ زخم ہندس طورس منز چھ یتھ ہینتھ انٹومی علاقس منز عضلاتن ہ
1177,توہہ ہیکو پننس ریاستس منز کس طورس پیٹھ جی ڈی یس حصل کرنہ خطر معلومات یتھ ۔
1178,وجے دشمی دہ چھ نوراٹری جشنن ہند دٔہِ تہ خری دہ، تہ چھٗ کینہہ شعبس منز سیکھنہ شروع کرنہ خطر حو
1179,مثالہ، سام وانگ چھ 183 کلبک رکن تہ۔
1180,مصری تریخچ مطالعہ کرن والین لوٗکھن چھُ فرعون 31 گروپن منز تقسیم کرنہ آمُت، یِم خاندانن ونان چھِ ۔
1181,جنگل ہندس تباہی ستۍ کٔر انسیوٹورو پرندین تہ باقی جانورن ہندین آبدی کم یم مچھلی تہ تِہندین کنہِ پیٹھ کٔر۔
1182,بیلا چھے ہندِس ریتہ پتہ تقریباً اکھ ریتہ رپہ کم کران۔
1183,انڈگو کٔمیٖن، ہندوستنۍ بٔریٖن، گپن ہندۍ قسم، نیلے ہایبسکس، تہ جاکارینڈا پھول چھ ہولی خطر نیلے رنگک رو
1184,یہِ چھُ تہہ چلان یا چلان ہاونہ خطر چلان بیڈ بٹ کرنس اجازت دوان۔
1185,ہچ کوک ہارر فلمہِ ہِندِس طورس پیٹھ چھِ پرتھ ہاوسٹن کس نیٹ ٹاؤن منز حملہ کرنہ یوان۔
1186,بدلہ، تٔمۍ کور ماجہس شُرِس رپن تہ پتہ تٔمۍ سُہ یِندِس اِستاد کرنہ باپت۔
1187,پیروہس منز نیشنل گرگرین یونیورسٹین کور تٔمِس اکھ شہی پروفیسر شپ ستۍ حصِل۔
1188,سُہ آو جنوری 2003 ہس منز سی ای او یس نِنہ تہ مارچ 2010 تام اتھ مقامس پیٹھ۔
1189,کمپیوٹر سسٹمچ صارفینس چھ عام طور سافٹ ویئر کس طریقس پیٹھہ کم کران۔
1190,یہ علاقہ منز چھ ژور دریاو یم چلاوان۔ دریاو چھ چیمبل دریاو، کالی دریاو، آہھو دریاو، تہ رامزن دریاو۔
1191,مرحلہ ہنز تبدیلی ہنز ٹیکنالوجی چھ ڈسکس پیٹھ لکھنہ خطر استعمال کرنہ یوان۔
1192,یہ آو پلی سٹیشن، نینٹینڈو 64 تہ مائیکروسافٹ ونڈوز خطر ریلیز کرنہ۔
1193,تُہۍ ونڈو نیبرکہِ اندھہ تھنڈر سٹورم چھِ وچھنہ خوفناک۔
1194,مے اوس مایوس ییلہ ہندوستنۍ حکومتن ہندوستنۍ فٹ بال ٹیمس ایشییی کھیلن منز گِنڈنُک اجازت نہ دِوان۔
1195,تِم چھِ تِمَن ہِندِس وجہ ستۍ تہِ نہ فروخت ٹیکس ماننہ یِوان۔
1196,تٔمۍ گِیُن فاینلس منز جایگزین پٹھۍ ییلہِ جاپان امریکہس شکست دِیُت۔
1197,پررا بنیو 22 مئی 1961 ٹولا ڈیوسیس ہندس بِسپ۔
1198,یہ چھ مُلکُک مشرقی حصہ منز نامنگن علاقس منز۔
1199,شیڈ آکواریوم اوس گڈنچ انلینڈ آکواریوم یتھ منز اکھ پٹھۍ سالوایٹر مچھلی ہند جمع تھاوان۔
1200,س سہِ سورج طلوع پتہ سخت روزہ شروع مگر شامس تام اوس آسہِ غر غر طلوع پیٹھ توقع کران ییلہِ س شدید تشنہ تہ گر گژھنہ
1201,2021 ہس تام چھُ نروجی بینڈی پریمیئر لیگ منز 10 ٹیم۔
1202,ؤرۍ پٹھۍ چھ واریاہ مائیکرو بویری تہوار تہِ۔
1203,"بدلہ کٔر تٔمۍ 300 ٹینٹ، اکھ سلطنت فارسی کارپٹ، 12 میوزیکل بینڈ تہ ""ہر قسم ہند کھتہ"" اکھ تقریب۔"
1204,مے چھُ وُچھان زِ گیس سلینڈر ڈیلورنگ لڑک نہ ییلہِ تٔمۍ وعدہ تھاو۔
1205,مے چھُ تُہِہ رضامندی ہُند ولۍ وعدہ، ییلہِ مے پننہِ ثروت کنٹرول کران چھِ، ییلہِ مے کمی كرِت
1206,واریاہ سکول سپورٹس دہ تہِ چھِ منسوخ کرنہ آمُت۔
1207,خری ز شکلہ س نہ صرف نامناسب بلکہ مذہبی طورس پیٹھہ منع کرنہ آمت۔
1208,کینہہ شیعہ مسلمانن چھُ مانان زِ اشوراَس منز حصہ لگان چھُ تِہندِ گندن ہندِ دور کران۔
1209,بچہ پٹھۍ، تٔمۍ کور یہ خیال ز سُہ اوس اکھ اکھ اکھ اکھ اکھ اکھ اکھ اکھ اکھ اکھ اکھ اکھ اکھ اکھ اکھ اکھ اکھ اکھ اکھ اکھ ا
1210,کینہہ منٹ پتہ کور بلیک ہاکس خطر قیادت واپس۔
1211,مے اوس پننہ سانس منز رکاونہ یوان ز چینایی منز 2015 ہس منز طوفانس دوران بجلی لاین ہنز نیپھ نہ۔
1212,کالکٹا یونیورسٹی چھ ہندوستانک ساروے کھتہ پرتھ عومی یونیورسٹی۔
1213,مے کٔر أکس فلمہ منز اکھ غر صحت مند ہسپتال تہ مے کمزور مریضن خطر پریشان محسوس۔
1214,یِہ تمام دوران روکی تہ رے چھِ اکھس خطر گرنہ شروع کران ییلہِ زن ڈی حسدس ستہِ ژھان چھِ ۔
1215,ڈھروپد چھٗ پننہ اصل سماویدہ کِس قدیم متنس پیٹھ پتہ یوان ۔
1216,مگر آننندَن کور پٔتمِہِ پانژھ گیمَن منز صرف نصف پوائنٹ، کاسپارو سندِ سیسیلین ڈرگن دفاعی خطر دشونی ہُن
1217,یہ اوس اتھ وقتس دوران ییمہ ساروے کھتہ زیاد مشہوٗر حکوٗمت کن جسمن منز واریاہ بناونہ آمُت۔
1218,ؤرین تام، ساینس دانن کور یہ یقین ز یہ اپینڈیکس اوس نہ مقصدس منز کم کران، تہ کور سوال ز یہ اوس انسان جسمس منز تہ موجود۔
1219,پورٹس کٔر گیمس منز کل 112 یارڈ خطر گٔژھن تہ کور 1.432 یارڈ ہند فرانچیس رشننگ ریکارڈ۔
1220,راج دھرم چنڈن کور 1556 منز مغل حکمران اکبرس تسلیم تہ کور قلعس منز مطالبہ نِش ادا کرنہ خطر رضامندی قبول۔
1221,گڈنِک ٹوونٹی20 ورلڈ چیمپئن شپ آو 2007 ہس منز منعقد کرنہ۔
1222,یہِ چھُ چینس منز گڈنِکِس زینٹ فارییی رول۔
1223,یہِ معاملہ چھِ پٔتمِس ؤرِی ہس منز اکھ فیصلہ کران۔
1224,ضلعہ چھ مزید 226 تالکس منز تقسیم کرنہ یم تہسلڈرزن ستۍ انتظام کران چھ یتھ منز 1127 ریوے بلاکس شمل چھ یم ریوے انسپیکٹرن س
1225,یہ چھ کرم دیوتا (کرم لورڈ/گود) ہُند عبادت کرنہ خطر وقف کرنہ یوان، طاقت، نوجوان تہ نوجوانیت ہُند دیوتا۔
1226,بالجی راؤ سندِس دورچ ابتدئی ؤرین منز، راگھوجی اول بھونسلن کور جنوبی تہ مشرقی ہندوستانس منز مراٹھا اثر بڑنہ خطر مدد۔
1227,بدلہ ہیکہِ تہہ دویمہِ نوکری پٹھ کٔرِتھ یا بییہِ تہِ پننہِ آمدری بڑوِتھ۔
1228,ہندوستان کِس شُمال مشرقی علاقس منز چھُ یہِ ساروے کھتہ جنوبی کھتہ زِیاد علاقہ یِم ریاست، ییمہِ سندِ سیٹھاہ ریاستن
1229,ہریکتاہ پیشکش چُھ غیر ادب تہ ادب و ادب و ادب و ادب و ادب ستۍ ربط کرنس منز مقصد۔
1230,جگنا ناتھ سُہ ساروے کھتہ بوڑ مندر چھُ پوُری، اوریسا ریاست، ہندوستانس منز۔
1231,بوہنر کٔر 2006 ہس منز اقلیت لیڈر بننہ برونہہ واریاہ اہم کمیٹین ہندِ صدر کم۔
1232,1 اپریل 1974 ہس منز آو لوکولک گورنمنٹ ایکٹ 1972 قبل کرنہ۔
1233,کارڈاشین زاو 27 جون 1984 لاس اینجلس، کیلیفورنیاہس منز۔
1234,سُہ زیوٗن 2022 ہس منز معیری سائنسن منز نوبل انعام۔
1235,مراکشس خطر چھ سیاحتی اہم، تہ شہرس منز چھ تقریبا 400 ہوٹلن۔
1236,تِم چھِ عام طور پننِس مُتلِفَس پیٹھ پٹھ پٹھ پٹھ پٹھ پٹھ پٹھ پٹھ پٹھ پٹھ پٹھ
1237,یہ چھ لفظن تہ باقی چیزن پیٹھ مبنی یم تمام سلاوی زبانن منز موجود چھ۔
1238,اکہِ رِجَس منز گڑن ہُند تعداد کور فیصلہ زِ رِجَس کتھ کامیاب اوس۔
1239,پننہِ درخواستس منز چھُ ماتور دعوا کران زِ لفظ 'جند' چھُ نِش تہ یہِ چھِ کیاسٹا کمیونٹی منز ماتورز ہند احساساتس منز خراب کران۔
1240,سوڈن چہِ سکاون کاؤنٹی منز ایسٹاڈ بلدیہ ہُک اکھ علاقہ۔
1241,مے چھِ فردا پیٹھہ شروع گژھنہ آمتہِ اخبارن ہندِ تحفہ متعلق تھوٹہ پریشان۔ کیا یہِ چھُ گڈہہ یِتھہ قابل اعتماد
1242,20 وُہِ ونہِ برونہہہ ہو سپرجننن چھِ 600 کھتہ زیاد گڈ پیش کران۔
1243,لنکاسٹر اوس وِسکونسن کس گڈنِک گورنر نیلسن ڈیوی ہُند گھر۔
1244,حیرت انگیز طور، باقی انفیکشن یس یتھ ہیکہِ ہیکہِ اثر فراہم کرنُک امکان چھُ یِوان چھُ وائرس ستہِ وندِ وجہ ستہِ بیمار ڈنگو فیور۔
1245,گڈنِکِس اے380 آو 15 اکتوبر 2007 سنگاپور ایئرلائنس دِنہ ۔
1246,واریاہ ستاریی تہ ملی رکاوٹہ باوجود، نارینن کور کورچ ماجہِ ہندِ اجازت حصل کرنہ تہ أمہِ ستہِ خاندر۔
1247,فلمہ منز چھ رھول بوس، شیکھر کپور، پوجا کُمار، آندریا جریمیہ تہ جایڈیپ اکھلاوت یِن کردار ادا کرنہ خطر۔
1248,بھیمن کٔر کرناہس برونہہہ بانسنا ہند مار ۔
1249,اگرچہ یہ چھ کم عام، کینہہ سانڈا عمل کرن والین چھ عومی طور وچھنہ آمریٖن میکسڈ مارشل آرٹس مقابلن منز تہِ لڑوِتھ۔
1250,یہِ چُھ چینس منز یِوان یِم مخصوص لوٗکھ مُلکچ فرار کرنس منز مدد کرنہ خطر۔
1251,تکنیکن منز چھِ ڈیسیکشن، ٹیسکن ہندِ میکروسکوپک جیز تہ فیڈن ہند کیمیکل تجزیہ شمل۔
1252,یہِ ستہِ اوس بٔڑس پیمانس پیٹھ مصنوعات ہندِ ہندِ ہندِ دِنہ ستہِ وجہہ۔
1253,وتہِ کٔر چننی یِس بنیادس فٹ بال کلب چننی یِن ایف سی سی یَن ہندوستنہِ سپر لیگ فائنلس منز مارگاوس منز فٹورڈا سٹی
1254,ریاستچ باقی حصہ، خاص طور فوتھیل تہ میدان، اوس آسام کِس چوتھی بادشاہن ہندِس کنٹرولس منز۔
1255,اصطلاح آندھربھریٹی یا آندھرا خدارن ہکن ز چیزن ہکن مطلب، اکھ یہِ زِ آندھراس اوس اصلی موریہ یا سنگاسن ہند خدار۔
1256,اہم کردارس منز چھ ترے دوست یم تمن چھ تمن چھ مختلف کنہہ کنہہ کرن ونان۔
1257,یِنہِ یِنہِ یِنہِ یِنہِ یِنہِ یِنہِ یِنہِ یِنہِ یِنہِ یِنہِ یِنہِ یِنہِ یِن
1258,ہرنگیئرز ڈورف ہرنگیئرز ڈورف چھ جرمنی کس باویریا ہس منز کیلہیمس منز اکھ بلدیہ۔
1259,بییہ آلات یتھ کٔنۍ وائلین تہ ہارمونیم چھ حالیہ اضافہ۔
1260,پروجیکٹچ ستۍ حصِلیت چھُ مرکزی کمیونٹی کس معیارس تہ حصِلیتس متعلق حصِل کرنہ پیٹھ منحصر، لہذا ہم ہیکہ اکھس تِہِ
1261,سوئچ چُھ تہہ کنٹرول کرنس اجازت دوان یس نیٹ ورک کین مختلف حصن ہندس تام ربطس منز چھ۔
1262,لوٗکھ ہندِ ہندِ کِس استعمال کرنہ برونہہ، یہِ کِس کِس کِس کِس کِس کِس کِس کِس کِس کِس عام اوس ۔
1263,یقینی بنو پریتھ ریتس منز پننہ کریڈٹ کارڈ پوٗر ادا کرنہ۔
1264,ہندوستنۍ حکومتن چھ متثر غیر ملکی سیاح واپس لگانہ خطر پروازن ہند ترتیب دِنہ آمُت۔
1265,سکرپٹ: سکرپٹ ہیکہ مختلف قسمن ہنز لکھن ہند مطلب یم احتیاط سان جمع کرنہ یوان چھ۔
1266,"جاواہارل نہرو سٹیڈیم، یتھ 60,000 لوٗکن ہندِ ہُندِ ہُندِ ہُندِ ہُندِ ہُندِ ہُندِ ہُن"
1267,توسکلووسا دریاو بنوو ییلہِ توسکلووسا منز زیاد لوٗکھ روزان اوس۔
1268,2008 پکن اولمپکسس دوران زیوُن وِجینڈر سنگھ وسطی وزن ڈویجنس منز برونزی میڈل، تہ اکِلہِ کمار تہ جِتینڈر کمارن کور کوارٹر فاینلس
1269,بھونسل چھ دل بتھ ییلہ سُہ اطلاع دِنہ یوان چھُ زِ سُندِس خدماتس ستہِ پُلیس ستہِ توسیع چھُ طبی چیک اپس پی
1270,یہ چھ تمام ٹرانس ریٹینوک ایسڈ، یا اے ٹی آر اے تہِ ونان۔
1271,یا یہ استعمال کٔرِو، یہِ کٔرِو، یا صرف ییلہِ توہہِ دوستن ہندِس گھرس یا سکولس منز چھِو۔
1272,صوبچ جنوبی حصہ اوس اصلی اکھ الگ صوب یتھ منز لنگ سوان ناو چھ۔
1273,روتی چینی زندگی ہند واریاہ باقی پہلو ستۍ، ہتھیار فنن ہنزِ چین ہندِ جمہوریہ طرفہ اکھ بنیدی تبدیلی یتھ منز تمہِ
1274,امہ وجہ ستۍ، ییلہِ اینٹی ڈیریوٹیوٹِیو ایچ مستحکم سی لٹہِ لٹہِ لٹہِ لٹہِ لٹہِ لٹہِ لٹہِ لٹہِ لٹ
1275,امہ پتہ کٔر یزیڈن مدینا ہکہِ گورنر ہسایین تہ کینہہ باقی مشہوٗر شخصیتن پننہِ اتحادچ وعدہ کرنہ خطر زور دِنُک
1276,طالب علم چھ پننہ معلمن ہند تعریف کران یتھ منز چھِ تپیا یِم خاص ہٹ، گارنڈن تہ خاص ہٹ پیش کران یِم مقمی ٹاسِس ستۍ بناون
1277,ایس سی آیی ییلہِ ہندِ موجودگی ہُند تصدیق کرنہ خطر سپین ہُند تصویر ہُند ضرورت ہیکہِ ییلہِ ایمرجنسی جری ہُن
1278,آیہڈ ٹاکس اوس امہِ ٹاکس سکرینہ خطر مشہوٗر ۔
1279,اگر توہہ پننہ کریڈٹ کارڈس پیٹھ 500 ڈالر خرچ کران مگر دہہ تام پور توازنہ ادا کران چھ، تیلہ چھنہ ای پی آر پننہ پونسہ پیٹھ حساب کرن
1280,کریڈٹ چھ کینہہ نقطہ كنہِ سنیما تہ بلیوپر تہ ڈراما ہند ریکارڈ کرنہ خطر وول ییمہِ میکی مارنچ حکم چھ
1281,ہیکہ تِم چھِ کانفرنس سیمی فائنلزس پیٹھ وُچھان ۔
1282,ساکرتھ چھ گورجیاسس تسلیم کرنہ خطر یوان زِ عقید تہ علمس درمیان چھ اکھ فرق۔
1283,مے چھ پریشان ز تہہِ چُھ تہہِ پٹھۍ کھینہ پتہ چُھ ژھنہ یوان۔ یہ چُھ نہ مے یِتھہ یِتھ ز
1284,سُہ اوس خیبی تنظیم سینٹ پیٹرسٹرزگرس این جی او ہُک صدر پٹھۍ زاننہ یوان۔
1285,سی یی پی 26 اے1 چھ انسان کین جگرن منز اہم شکل۔ باقی تمام انسان بالغ ہندۍ ٹاسکس منز س سی یی پی 26 بی 1 ہچ اعلی سطح۔
1286,انڈِرا اوس اکثر ہندِس گھرس منز تِہریٖن ستۍ ستۍ ستۍ ستۍ تعلیم دِوان تہ 1934 ہس منز ماتریکلشن تام سکوُلَس من
1287,ضروری تیلن منز چھ کیمیکل ترکیب شمل یم پننہِ مز خطر فید چھ۔
1288,اتھ منز سہِ ژور برطانوی لوٗکھ، ژور ایرلینڈ شہری تہ ترے ریپبلک جیلن شمل۔
1289,فلمہِ ہندِ بتھ آو ہیدرآبادس منز آیی پی ایل میچس دوران پیش کرنہ تہ امہ پتہ آو پروموشنل ویڈیو شروٗع کرنہ۔
1290,گدیراس منز چھ اکھ پرنڈ قعلہ، قعلہ موریننگٹن، یس لورڈ کلیو سندۍ بناونہ آمژ اوس۔ یہ آو 1942 ہس منز سیٹھاہ
1291,راونگلا، جارتھنگ، نامچی تہ یانگ یانگ چھ نامچی ضلعک ذیلی شعبہ۔
1292,تٔمۍ کٔر 1994 منز پننہ گڈنِک ڈبلیو ایلبم، 'ٹیکل' ریلیز۔
1293,2013 ہس تام چھ زیاد تر وائرلیس نیٹ ورک ز ریڈیو فرکانسی بینڈن منز اکھ استعمال کران۔
1294,ہندی فلمہ منز چھ پننہ نیچو کران دیول سندس اہم حصہس منز گژھان۔
1295,جدید اوڈیسی چھ اکھ تنوعی پیشکش ہنز فنکارانہ فن، مردن چھ زنانن منز شمل، تہ 1950 کس دہلس پیٹھ امہِ ہندِس تعمیرس پیٹھ چھِ باقے ہ
1296,مختلف روایتی تامل کھیل یتھ کٔنۍ سلمبٹم، سٹائل پیشکش تہ سڑک ڈراما چھِ تامل فورڈ ہیکس ہاونہ خطر پیش کرنہ یوان یتھ منز
1297,اہم شکایت اوس ز یہو یہو یہو ز یہووۍ کمیونٹین کنہہ کٔنہِ شمالی ہیمسفیر چہِ برنہہہِ برنہہہِ پیٹھ گژھن
1298,موجود اورنگابادس منز بودھ اجنتھ گپھ چھ ستواہن تہ ویکٹاکا سٹائلن ہند اثر ہاونہ یوان۔
1299,چارلمیگی پرالٹک اکھ تصویر ہیکہ ونۍ ہیائیٹین سکنن پیٹھ وچھِتھ۔
1300,"یہِ چھ کیرالہ ہُک ساروے کھتہ بوڑ قعلہ، یُس 40 ایکڑ (160,000 مِلٹر) کھتہ زیاد پھیلاوان چھُ۔"
1301,پننہِ مقام فراہم کرُن تہ تہہِ نزدیک سرکرِ دفترچ مقامک ایڈریس پوٗر۔
1302,مثالہ، ہاؤس ہنز منصوٗب کٔر کھلڑۍ ہنز معیار تہ غلطی ہنز ستہِ ستہِ کٔرِتھ ییمہِ ست
1303,ریاست اوس اتھ وقتس دوران مزارع تہِ کٔرِتھ، یم سوٗوکھوز ونان اوس۔
1304,ریکارڈس پیٹھ چھٗنہ وچھان زِ کانہہ بییہ نبِییی ملِس ملِس ملِس ملِس ملِس ملِس م
1305,کُنہِ کُنہِ کُنہِ چھِ ٹیکس فیدییاتن خطر پننہِ قرض برقرار کرنہ خطر خطر خطر خطر خطر
1306,گڑنہ یا گڑنہ کس گروپس منز شمل، یا پارکہ منز پُشپ یا سیٹ اپ کٔرِو۔
1307,تم چھِ سری کینیڈاہ کِس کرِمِل کوڈِک سیکشن 83 ہس تحت دِنہ آمُت۔
1308,سلطنتس منز پننہ مقام تہ طاقت قیم کرنہ خطر، نیر جھنن کور پننہ خاندانچ مختلف ارکان عدالت تہ انتظامی دفترس منز اعلی مقامن منز۔
1309,ایئر سپلیٖل ایئر سپلیٖل چھ اکھ پاپ میوزک گنگ گروپ۔
1310,علاماتن منز ہیکن اعصابی نظامک اثرات، جگرچ غیر معمولی، تھکاوٹ، عضلات ہند کمزور، ہندس تہ جلدچ تبدیلی تہ باقی شمل ستھ۔
1311,سُہ اوس مقمی بیٹر تحریکُک سربراہ ۔
1312,کللو چھ پننہِ کھولن وادی میڈو تہ ہمالایہ پہاڑن ہند منظرچ منظرچ وجہ ستہِ زاننہ یوان۔
1313,میک فڈن گوو 1982 ہس منز نیوزی لینڈ تہ کٔر ولنگٹن سینٹسس منز شمل۔
1314,یہِ ہنز جایہ 2021 ہس منز بومبارڈییر کلاس 701 ستہِ ۔
1315,ہورِک ہورِک چھِ سویڈن چہِ بلکنگ کاؤنٹی منز سولِس بورگ بلدیہک اکھ علاقہ۔
1316,یہ آو فروری 2012 ہس منز مغربی مُلکن خطر دستیاب۔
1317,مثالہ، پننہِ شِرِتھ منز یہ لکٹہ گڑِ کھتہ، یا پننہِ کمپیوٹرچ جری کرنہ خطر ییلہ یہِ شروع
1318,یہِ کھیل چھِ پولو وِکلوَس منز پرو پروگرامہ کِس شروٗع گژھن ولِس تام، یِتھہِ زِیاد سستہ تربیت ہنز پروگرام بناون
1319,امہ پتہ اوس نہ کلبک کارکردگی اچھی تہ ڈویجن 2 منز تہ گِند ۔
1320,تُغلاکن سۍ پننہِ بڑوِس سلطنتس پیٹھ پننہِ رتہِ تہ مسلمان ارسٹوکریسی یِنہ سندِس معاہدس تحت اِکتا (پ
1321,2006 منز آو مغربی بنگال خون ٹیسٹ کیٹ سندِ پتہ ریاستچ صحت کیری ہندِ نظامس پیٹھ شدید تنقید۔
1322,پوڈکاسٹنگ سروس چھ پوڈکاسٹ سٹرایمن یا ڈاؤن لوڈ کرنہ تہ یِم سندِ استعمال کرنہ یوان۔
1323,ایل ڈی ایل آر ہندس تبدیلیو ستۍ چھ ایف ایچ ہنز پانژ بٔڑ کلاس۔
1324,پچ مکمل گژھنہ پتہ، سولوسٹس کور پننہِ گیر واپس آسنہ خطر ریو نیرنہ، تہ پتہ پچ رلان۔
1325,مے اوس نہ وچھ ز پاس ورڈ مینجمنٹن کور تمام مینۍ پاس ورڈ محفوظ۔ کتھ آسفی!
1326,یہِ اوس گڈنچِھِ زِیاد گژھنہ یِنہ یِنہ یِنہ یِنہ یِنہ یِنہ یِنہ یِنہ
1327,ایل اے پیٹھ نیرنہ چھٗ 1996 ہس منز اکھ امریکی سائنسی فیکشن فلم ییمیک ہدایت کار جان کارپینٹر چھے ۔
1328,ٹھن رنزِ قدِس دوران، مُغلن کور پننہِ تجربہ کِس کِس کِس کِس کِس کِس کِس کِس کِس کِس موت
1329,میککلین چھ انفجاری چیزن ہند پکان تہ یہ وچھان چُھ زِ گروبر چھٗ کُن۔
1330,شیپرا دٔریاو چھ ہیندِس ساروے کھتہ مقدس دٔریاو منز اکھ۔
1331,یِمَن کمپَنَن منز سہِ امہِ ستہِ روزان یِم حِصہ كِنہِ قبلہ كِنہِ قبلہ كِنہِ ۔
1332,ییلہِ وِراتس منصوبہ حصل کران چھ، سُہ چُھ پننہِ نیچِرِ بہ پریتی (چری مارڈیا) ستہِ دُژنہِ یِہِ
1333,ایزن ہاورن کٔر پتہ جونیئر ورسیٹی فٹ بال کوچ تہ چیئر لیڈر کم۔
1334,یہ چھ حیرت انگیز ییلہ چنئی منز واریاہ کالجہ ہند طالب علمن بس دہس پیٹھ خراب رفتار ہندۍ ہندۍ ہندۍ ہندۍ
1335,امہِ نامزدگی آیہ تھیمایہ ہُند مشور خلاف کرنہ، ییمۍ نتیجس منز استیمی کرنہ۔
1336,پورانس منز چھ کرشنا گڈنِچ بادشاہ سندِس بہن ہندِ طورس پٹھ وضاحت کرنہ یوان، ییمہِ کینوا بادشاہ سُشرمنس پی
1337,تہہ ہیکو تہہِ مُتلِف پونسہ کنہِ مقدارہ ستہِ اکاؤنٹ شروع کٔرتھ، حالانکہ واریاہ بینکنگ ادارن ہند
1338,اتھ منز چھِ انشورنس، بریک ڈاون کیفریج، برقرارنی ٹیکس تہ موٹ شمل۔
1339,میکسیکو کِس صدر فیلیپ کِلڈیروننن کور صورتحالس انتقادی قرار تہ کور تمام میکسیکوَن پننہِ حمایت دِنچ زور دِژ۔
1340,یہِ چھُ ہڈ کوچین ہند اکھ فہرست یِم تِہندِ موجودگی دوران سہِ ۔
1341,مُلک پیٹھ مُلک پیٹھ چھِ زیاد گژھان مگر تمام ذیلی قسم چھِ پَرنہِ ہندِس مُلکَس منز پَرنہ یوان۔
1342,چارواکا چھ اکھ ادرمک فلسفہ، لہذا باقی مذہبن چھ چارواچک تعلیمن منفی طور نظر انداز کران۔
1343,مےبوب خان سندِ بٔڑ بجٹ 1952 سوش بیکلنگ میوزیکل اینن منز سۍ أمہِ پننہِ گڈنِکِس لکٹِس کردارَن منز اَ
1344,تاہم، نہرو اوس قومی تحریک ہند رفتارس ستۍ ناراض۔
1345,نیوزی لینڈک اکھ ملِس دور پتہ، دیو آو 1981-82 ہوم سیریز خلاف انگلینڈس خطر تیار ییتہ تمہِ سندِ پننہِ پانژھ
1346,وِزِ وِزِ، کینہہ اعلی کارکردگی ہندِ کِس کِس کِس کِس کِس کِس کِس کِس کِس کِس سلسلس پیٹھ زِگ زگ
1347,وسطی عیسایہ منز سۍ واریاہ یورپین سمندری قوم۔
1348,تٔمۍ کور یہِ شمل زِ سلیمانن کٔرِ جنگل ہندِ خراب گژھنس منز آزادانہ زیاد پٹچِھ طریقہ ستہِ بٔڑِتھ پیغام
1349,آمدنی ہند تمام ذٔریعہ ہند رقم، فرکانس تہ وقت ریکارڈ۔
1350,پننہِ پٹھہِ چیز، پننہِ تبدیلی تہ پننہِ رپیہ رٹِتھ نہ رٹِتھ ۔
1351,کنہہ چیز خریدری ہند بجایہ ہیکہ توہہ یہ کرِو، یہ استعمال کرِو، کنہہ چیز ٹھیک کرِو، یا نہ کٔرِو؟
1352,خری کال بل خری کال بل چھِ بارن منز لبنہ آمتہِ اکھ بل۔
1353,شملی امریکہ چھ ترییمہ ساروے کھتہ بوڑ مقبوُل تہ ژوٗرو ساروے کھتہ بوڑ مقبوُل۔
1354,آٹزم سپیکٹر ڈسارڈین ہندین چھِ تہِ کوشش کران تہ زیاد اکثر خودکشی مانان۔
1355,پرمارا بادشاہ بھوجا اوس اکھ مشہوٗر پولیماٹ۔
1356,ٹایفائیڈک علامت چھ اکثر انفیکشن پتہ 10 پیٹھ 14 دہہ تام وچھنہ یوان۔
1357,1761 منز احمد شاہ عبدالے سندِ افغن فوجن ہندِس تریِم جنگس منز پانپٹَس منز ہندِس شکستَس پتہ، مراٹھا کور
1358,شاعری مُکو تیمنان کور تُہِ تُرکن ہندِ تباہ کرنہ خطر تعریف۔
1359,یوس ہنز گڈنِک بے غر وضاحت وضاحت اوس ڈچ ڈاکٹر ولیم پیسو بناونہ آمت۔
1360,لینیئر طور ترتیب دیونہ آمتہِ بورڈ گیم چھِ شُرین ہندِس علاقیی نمبرک سمجھچ بہتر بناونہ خطر ہاونہ آمتہِ ۔
1361,دٔریاوُک ستہِ تیز رفتار چھِ تہہِ خطر ہندِس احساسس ستہِ پران۔
1362,ہندوستنہِ ادبس منز چھِ ہندو-یونکس یوان (سنسکرٹَس منز)، یا یوناس (پالیَس منز) دشونی یِنہ یِوان یِنہ
1363,اکھ گھڑی چھ اکھ لکٹ کلک یس أکس شخصس ستۍ نیرنہ یا نیرنہ یوان چھ۔
1364,تیز علامت چھِ وتہِ بیمار یا زخمچ نتیجہ، ییلہِ زن مزمن علامت چھِ وتہِ زاندی علامت۔
1365,تِمَن چھِ خری میٹھیل گروپ پیٹھ دور ترے اتمَن ہُند ڈبل بِنڈ ۔
1366,رینکس منز کم عمر تہ وقت چھ پروموشنس متثر کرن والین عوامل۔
1367,فنگ چھُ زاننہِ خطر یژھان زِ تِم چِھ لوکرس منز سفر کرنچ یژھان۔
1368,چاندی چھُ ہندو دیوی چاندی ہُند حوالہ دِوان تہ گڑھُک مطلب چھُ قلعہ۔
1369,فروری 1995 ہس منز کٔر سلینا ہاوسٹن ایسٹروڈومس منز پیش ۔
1370,ییلہِ ٹی ٹی بی چھِ ایسڈک حل ستۍ علاج کرنہ پتہ تہِ کینہہ سٹین برقرار تھاوان، یہِ چھِ ایسڈ فاسٹ بیسیلس پٹھ درجہ بندی کرنہ
1371,سلیونو چھُ پرنسہِ سندِس کِس دُکانس پیٹھ شرارتس خلاف پرنسہِ پرنسہِ پرنسہِ ہندِس مُقامس
1372,وارٹ چھُ تلسی کِس گامس منز اَتھ کِس نِشِشِس پٹھ خوش آمدید یِوان تہ یہِ تقریبچ خاندرہِ مندرَس منز چھِ ی
1373,تھلانا چھ اکھ ترکیب یتھ منز گڈنِکِس ز سٹینزن منز دھیم، تھم، تارنا تہ تھانی ہِندِ ریتم سِلبل شمِل چھ
1374,حکومتس مطبق چھ نصف اکھ ملین خاندانن ہند جایہ تہ پننہِ گھر نیرنہ خطر قبل کرنہ آمت۔
1375,یہ پارک چھ نہ صرف امہِ غر مٗلک تہ مٗختلف جنگلی حیاتہ خطر زاننہ یوان مگر امہِ سندِ منظرنی زیاد خطر تہِ۔
1376,1857 منز کٔر جوزف گیٹیٹے امریکہ کِس کارٹن منز ٹیلٹ کاغذ تیار۔
1377,باقی دوے بین الاقومی ہویی اڈ چھِ پون بین الاقومی ہویی اڈ تہ ناگ پوُرس منز ڈاکٹر باباساہب امبڈکر بین الاقومی ہویی اڈ۔
1378,راجندر کمار اوس سراج فلمہ منز پننہ گڈنِک کردار ادا کرنہ خطر اِدییی کار۔
1379,سندِ وون زِ تٔمۍ کور کلارِون ناو اکھ فکشن سیارِین پیٹھہ اکھ پیغام۔
1380,اکھ ریس کرکر چھ اکھ جاپنہ سناک یس ریس ستۍ بناونہ آمتہِ چھ۔
1381,یہ تقریب چھ ختم گژھان ییلہ شُر پنن گڈنِکِس ألمس رُونہہ خاندنہِ منز گژھان تہ گُرِس آسھرم خطر روُ
1382,ثانوی ڈینٹین چھِ دسہِ منز گژھنہ پتہ بناونہ یوان۔
1383,یہ فلم چھ 7 مارچ 2014 ریلیز خطر سلاٹ کرنہ آمت۔
1384,یہ ہیکہِ ہیکہِ وجہ ستہِ یِتھ کٔرِتھ چرچ ترتیب دِنہ ستہِ وقتس پیٹھ تبدیل گژھان۔
1385,"مہندراورمن منز اوس بِروُدا، سٹروملا، ""ایک جنگجو یُس پننہِ دشمنن ہندس خلاف ورزی کران چھُ"" تہ أمہِ سندِ نیچ"
1386,منیندراگھ علاقک اکھ حصہ چھ گنگس بیسن منز واقع تہ باقی حصہ چھ مہانڈی بیسن منز واقع۔
1387,منجنات آو 9 میی 2014 ہس منز ہندوستانس منز رلیز کرنہ۔
1388,بیکہامن کٔر فیفا زنانن ہند 17 ہِندِس انڈر ورلڈ کپ فائنلَس منز وچھنہ خطر ترینڈاڈا جزیر منز سفر تہ
1389,گڈنِچ ادبی حوالہن منز چھ ژور قسمچ فرق: ہل ٹاپ قسمچ، واٹر قسمچ، جنگل قسمچ، تہ بییہ قسمچ فرق۔
1390,تمہِ منز اکھ کور پننہِ پٹھہِ طلعہ کرنہ خطر واجنہ، ییلہِ زن بییہِ اکھ ؤٹہ کھتہ زیاد
1391,یونٹی انجن چھ ڈویلپر 2 ڈی تہ 3 ڈی گیم بناونک اجازت دوان۔
1392,2016 پٹھ 2018 تام اوس سُہ جنٹِلونی کابینہَس منز کھیلچ وزیر۔
1393,"پُلاکیشِن ہُند ایہول دستاویز چھُ وضاحت کران زِ سُہ اوس ""شہِر تہ تعلیم یافتہِ پیٹھ تحفہ تہ تعریف دِنہ"" منز شمِ"
1394,"دیوی پونگال (اُما، پاروتی) ہندِ فراہمی ہُند برکت چھُ علامتہ طور ""بھلڑِتھ"" ستہِ علامتہ یوان۔"
1395,یہِ چھِ صرف اگر خریدار اکھ کھتہ زیاد زِیاد زِیاد زِیاد زِیاد زِیاد زِیاد زِیاد زِی
1396,یِم چھُ اکثر اکھ کمپیوٹر سسٹمچ مرمت کرنہ خطر استعمال یُس خراب یا خراب اوس۔
1397,ڈکن کرنکلن کور فلمہِ ہند تعریف تہ وون زِ رشی کپور چھُ بہترین داؤڈ ابراہیم بناوان۔
1398,یہِ چھُ مشور زِ ستواہننن کور اکھ سرکرِی انتظامی تہ آمدنی ہُند جمع کرنُک اِختِییی ہُند اِختِییی بناونُک
1399,یو سی یس منز چھِ پوٗر گژھنہ آمتہِ لوٗکن ہیکہِ بتھِہِ بتھِہِ ہِندِس سطحس پیٹھ بتھِتھ ب
1400,انڈسٹری علاقہ چھ الز تہ ملمنایچس درمیان بی 8س منز۔
1401,68 حروفن ستۍ چھ یہ کینیڈاہس منز کینہہہ کینہہہ مقامچ ساروے کھوتہ زیاد ناو۔
1402,یہِ چھُ لُکھ انٹرنیٹَس پیٹھ اکھس ستہِ کُنہِ لُکھِتھ ۔
1403,یورپ کینہہ کینہہ حصہ منز چھ کینونگ کینونگ تہ کایرنگ ہندِ حوالہ دِوان، یتھ منز اکھ کینو اوپن کینو ونان چھِ۔
1404,اگر توہہِ تہہِ سُہ یا سُہ نیبرِ وچھِتھ پتاہِ زِ تِمَن تہہِ خطر اکھ پیکج چھِ۔
1405,ڈویجنک ناو اوس مقمی امریکی رہنما چیف بلیک ہاکس پیٹھ آمتہِ ۔
1406,سوین پیٹھ انسانن تام انفلوئنزا ہُند نقل و حمل یِم سوین ستۍ کم کران چھِ آو 2004 منز یونیورسٹی آف آیوواہس منز کٔرِتھ لکٹ
1407,اگر یہِ تہہِ خطر چھِ تمام قابل اطمینان، کالج ڈگری ہُند کم کرنہ ہیکہِ غرور ہندِ زندگیہ برونہہہ بڑنہ من
1408,ایپیکورینزم ایپیکورینزم چھ اکھ فلسفہ یُس ایپیکورینز سندِ تعالیمہِ پیٹھ مبنی چھُ۔
1409,تمہِ سُند فارسیہ پیٹھ واپس آو فارسی نبرین ہندِ اکھ بوڑ رٹینیو ستہِ تہ تمہِ ستہِ منز موغل کورٹ ثقافتس منز ا
1410,ہالس ستۍ نزدیک چھُ ٹرو یُس یونبوس دِنہ یوان چھُ۔
1411,سٹیشن چھُ 2014 ہچ اکھ ہندی تھرلر فلم یُس سد خانن ستۍ لکھ تہ ہدایت کری کٔرمژ تہ یہِ اوس سمیت گھوش میڈیا، اکھ آزاد کمپنی یُس بنگ
1412,طاقتن ہند الگ کرنہ چھُ اِندِ مطلب زِ کانہہ اکھ دفتر ہارڈر چھُ غر محدوُد طاقت حصل کران۔
1413,"مربع شکلہ ولِس قعلہ منز چھِ ز اہم درواز، یتھ منز اہم انٹریٹ دروازہ ( ""ناگر خان"") چھِ تعمیراتی خصوصیات تیار کران۔"
1414,س کٔر جنوری 1966 پیٹھ مارچ 1977 تام وزیر اعظم کم تہ دوبار جنوری 1980 پیٹھ اکتوبر 1984 ہس منز تمہِ سندِ قتلس تام کٔرِتھ، ییمہ
1415,یقینی بنو زِ تہہِ پننہ فون چھِ ٹھوس سیلولر سیلِلِل سِندِس سِندِس سِندِس وای فائی نیٹ ورکس ستہ
1416,یہ چھ کینیڈین بریسٹ کینسر فاؤنڈیشنک سپانسر۔
1417,ریسن چُھ پہاڑس پیٹھہ بٔڑِ قبلہ پیٹھہ پنُن ناو ۔
1418,سُہ اوس ہیپٹیٹس سی تہ مروُد ڈالاس، ٹیکساسس منز جگر کینسر ستۍ۔
1419,اَضاف علامتَن منز ہیکَن فیکل کنٹیننس، بڈن ہندِ حرکتن ہُند اضافہ، مُکاس ڈسچارج، تہ نکٹورل زخم شمل گژھِ
1420,یہِ چھُ ونسہِ آرٹیکل شمارہ ستۍ ٹھاہ بوڑ ایڈیشن۔
1421,سکوورنگ ٹیم چھ پتہ اکھ کوشش یا تبدیل کرنچ کوشش کران، یتھ عام طور پوائنٹ(ز) پتہ ٹاکھڈاون (پی اے ٹی) ونان چھ، یس اکھ اکھ سکوورنگ موقعہ
1422,ییلہ کنہہ کمپیوٹرس پیٹھ ٹائپ کران چھ، تِم ٹائپ کرنہ یِہ چیز چھُ انٹرویو۔
1423,قدیم زمانن منز، نیچِون ولۍ سندِس سندِس سندِس سندِس سندِس دِنہ ستہ
1424,تِمَن ہُند چُھ تِہِہِ كِتھ كِنہِ یِوان یِتھ کٔرِتھ یِم ایسپھودیلَس ستہِ شمل گژھان چھ
1425,سیٹھہ سیٹھہ سیٹھہ سیٹھہ سیٹھہ سیٹھہ سیٹھہ سیٹھہ سیٹھہ سیٹھہ سیٹھہ سیٹھہ سیٹھہ سیٹھہ سیٹھہ سیٹھہ
1426,کیرینا کپور تہ رنویئر سنگھ سہِ فلمہِ منز اہم کردار ادا کرنہ آمتہِ ۔
1427,یہِ چھُ لوٗکھن اعداد و شمار کپی کرنس آسان بناوان۔
1428,لیبل بنیو 1970 کس دہلس منز ڈسکو لیبل پٹھۍ ساروے کھتہ کامیاب۔
1429,اگر توہہِ پوشِشِ پٹھ کوشش کران چھِو، صرف ییمہِ توہہِ پٹھۍ محبت چھِو۔
1430,بروکفیلڈ، کنیکٹیکٹ بروکفیلڈ چھ فیئرفیلڈ کاؤنٹی، کنیکٹیکٹکٹک اکھ قصبہ۔
1431,جاپن لوٗکھ چھُ اکھ قومی گروپ تہ جاپانُک اکھ قوم۔
1432,2001 ہس منز سہِ 2259 لُکھ گرٹ بینٹلی منز روزان ۔
1433,یہ اوس ڈیلاویئر، نیو جرسی تہ پنسلوینیا ہک جدید دہ ریاستن منز۔
1434,یہِ جسم چھُ پوٗر دنیاہ کِہ موزِیکِن ہندِ موزِیکِن ہندِ ستہِ بناونہ آمُت۔
1435,نوجوان ویزیر اوس فروز شاہ ٹگلوک سند نیچو محمد شاہس ستۍ کھتہ خلاف ریوایری منز۔
1436,اَکھ اچھی خبر چھُ زِ یہ سوال چھُ تہہِ ستہِ ستہِ ستہِ کنہِ فروختچ پچ بند کرنہ خطر آسدی کران۔
1437,سارالا داس، اکھ ہندو خانداؤت، اوس اودیاہس منز اکھ مہیبھرات ہُند ترجمہ۔
1438,پرواٹمما تہ شُرِ گٔیہِ دہِ لکسمی موہ بناونچ کوشش کران۔
1439,یِتھہِ راگامَن ہُند قونوُنی چھُ زِ تِم چھِ اکھ اکھ اَکِس اَکِس اَکِس اَکِس اَکِس اَکِس
1440,آئی پی سی ایل سنز ناگوٹین تہ دہی جری ہنز تعمیراتی پیچید آیہ آر ایل یس تحت ییلہ آیہ آئی پی سی ایل 2008 ہس منز آر ایل ستہِ ملن
1441,تم چھ باقین لوکن ستۍ کانہہ ربطہ رد کران تہ چھِ جدید تہذیب ستۍ تقریباً غر ربطہ باقی رہنہ خطر ینہ ینہ ینہ
1442,خطرک عواملن منز چھ یتھ حالاتن منز یتھ کٔنۍ یتھ کٔنۍ فیور یا ایسما۔
1443,نہ ترے کھتہ زیاد کمیونسر ہیکہ اکہ سیسی پارٹی ہندِ ۔
1444,مغربی بنگال، سنڈکپو تہ فالوتچ ز ساروے کھتہ بلند قبل چھِ رِجس پیٹھ تہ پارکہِ اندر واقع۔
1445,یہِ اوس ٹی وی پیٹھ پننہِ کیریئر شروٗعات ییلہ تٔمۍ زوم پیٹھ ز ٹی وی شو میزبنی کٔر۔
1446,راوننا، کنٹکی راوننا چھ امریکہ کس کنٹکی ہُک اکھ شہر۔
1447,جلدے بنیو یہِ یونانُک ساروے کھتہ بوڑ بندرگاہ تہ اکھ اہم تجری مرکز۔
1448,امہِ مطلب چھُ زِ تہہ ہیکہِ لکٹِس کیپ سٹاک، میڈِس کیپ سٹاک، بٔڑِس کیپ سٹاک تہ بین الاقومی سٹاک ہنز زیاد
1449,"فلمہ منز چھ مارک سندِ بِبِلِکِل اِستِنہِ ستہِ ختم گژھان ""اگر سُہ پور دنیا زینان چھِ تہ پننہ روح کھوُن"
1450,رابرٹسنن کور 1995 ہس منز پننہِ مرنہ ستۍ ڈونالڈ پلیسنس صدرس منز جایہ۔
1451,سُہ مُود 25 دسمبر 2019 مسکو منز 96 وُہُر ونسہِ منز۔
1452,اگر ثروت بناونچ مقصد تُہۍ چھِ، توہہ ہیکو سٹاک یا متبادل فنڈن ہِندِ سیکیورٹی منز سرمایہ کری کرُن یژھان۔
1453,"کینژن جاین منز، یتھ کٔنۍ نیو یارک تہ باقی امریکی شہرس منز، 15 اگست چھ دیاسپور تہ مقمی آبدی منز ""ہندوستان ہندِ دہ"" بن"
1454,وٹامن اے ہنز ستہِ زیاد وٹامن اے ہنز ستہِ چھِ وٹامن اے ہنز ستہِ وٹامن اے ہنز ستہِ وٹامن
1455,یہِ چھُ داسہن تہ تیہارس (دیپوالی) ستۍ اکھ اہم نپالس پٹھہِ تہوار۔
1456,تاہم، ویلڈرنٹس کھلڑۍ مارنچ قسمچ قسمچ قسمچ قسمچ قسمچ قسمچ قسمچ قسمچ قسمچ قسم
1457,غر مغربی مُلکن منز چھِ کم مطالعہ منز وٹامن بی 12 ہُک قومی سطحس پیٹھ وضاحت کرنہ آمُت۔
1458,آبچ ذخیر، آبچ آبچ پٹھۍ تہ کٔرِتھ پٹھۍ پٹھۍ پٹھۍ پٹھۍ پٹھۍ پٹھۍ پٹھۍ پٹھۍ پٹھۍ پ
1459,یہ بتہ اوس جان نیوٹنن سندۍ لیسٹ کرنہ آمت یُس اکھ خراب غلام ٹریڈر اوس۔
1460,تٔمۍ کٔر چنئی منز پننہ سکولنگ تہ پتہ تروینڈروم کس بھرتیا ویدیا بھوانس منز۔
1461,اگر تہہ فی ریتہ $5000 کری چھِو، توہہِ انشورنس ہیکہ $200 یا کم۔
1462,تاہم، 1605 منز پننہِ نباکی اکبر سندِ مرنہ پتہ، تٔمۍ واپس پننہِ ملہِ، جگٹ گوسین سندِس رحمتس
1463,یہِ پینٹنگ چھُ سلووینیاہس منز فنُک نوو اشیاءِتی طرزُک اکھ مثال۔
1464,یہ شہر چھ ہندوستانُک ژوٗرِم ساروی کھوتہ بوڑ شہر۔
1465,کینہہ گھنٹہ تام کینہہ دہہ تام کینہہ چلاونہ کرن چھ اکھ اکھ چاکلیٹ بناوان۔
1466,امہ علاو، یِم ز ایجنٹ تہ تمہِ ہیمانگیومُک سائز کم کرنہ خطر تہِ تہِ ہندِس صلاحیتس درمیان چھٗنہ کانہہ فرق پتہ
1467,انفوبے چھ میکسیکو ہس منز ژوٗرِم ساروی کھتہ زائرنہ آمتہ زیاد اخبارہ ۔
1468,تمام ضروریاتن ہند ساروی کھتہ بنیدی چھٗ متن قبل تہ قبل کرنہ یوان۔
1469,باجی راؤ سندِ کامیابیو اوس جنوبی ہندوستانس منز مراٹھا سُندِس سلطنت تہ شملی ہندوستانس منز سیسی ہجرت قیم کران۔
1470,پیشاو آو کانپوُر، اُتر پردیشس نزدیٖک مراٹ منز بٹھوورس منز برطانوی پینسٹرس منز تراونہ۔
1471,پٹھۍ آرجنہَن کور شے بیگارَن گسٹ ہاوس منز خوری تہ خوری ہنز اجازت۔
1472,"برونہہ دیوارچ بڈنِک لنہِ چھُ ""ٹین"" ہُند بڈنُک نشان، اکھ نصف میٹر ہائی میٹل علاقہ۔"
1473,کرم چھ اکھ زراعت ہند تہوار یُس ہندوستنہِ ریاستن منز جمہند، بِہار، مدھیہ پردیش، چہٹس گڑھ، آسام، اوڈیشہ تہ مغربی بنگالس
1474,1960-61 ہس دوران، امرتیا سینن کور ترینٹی کالج پیٹھ رٹنہ پتہ میساچوسٹوس انسٹیو آف ٹیکنالوجی ہس منز دور۔
1475,شیر مُود 9 جنوری 2014 مِیدربرگ، شُمال ہالینڈس منز۔
1476,تُہندِ مصنوعات یِم پیکیجنگ یِنہ یِنہ یِنہِ یِنہِ ہِندِ برانڈچ نمائندگی کرُن تہ نوِ تہ موجود خریدارن
1477,ہمالایہ پہاڑ چھِ سکیم کِس شملی، مشرقی تہ مغربی سرحدس پیٹھ گھومان۔
1478,سلیئر، ییمہِ مصیبت چُھ نامعلوم، اوس خری یُس ونان اوس۔
1479,دیوتا یا پٹھۍ ماں باپتھ ناو چھ عام طور ٹیبلٹس پیٹھ ریکارڈ کرنہ یوان۔
1480,ییلہِ تِم چھِ بگہِ تہ بگہِ بگہِ تِہِہِ زِیاد زِیاد زِیاد زِیاد زِیاد
1481,پتہ، یِم رقمچ کل رقم پننہِ ریتہ، ٹیکس پتہ آمدنی ہندس ستہِ موازنہ۔
1482,جِیٹک قلعہ چھُ ہندوستان کِس ہیماکل پردیش ریاستس منز ضلعہ سرمور منز ضلعہ نہان ہِڈ کوارٹر پٹھ تقریباً 15 کلومیٹر واقع۔
1483,شوٹنگ چھ اکھ پروجیکٹیل رینجڈ ہتھیار پیٹھ نکالنُک عمل یا عمل۔
1484,جنگس منز تمام جرمن فوجن منز اوس یہ ساروے کھتہ کمزور۔
1485,1949 منز آو رافی ہس موسیقی ہند ڈایریکٹرن نُشد، شیم سنڈر تہ ہسنال بھگاترم سولو بتھ دِنہ۔
1486,تم سہِ ہواہ ستہِ پھیلاونہ یِتھ ، تہ زیاد گژھِتھ ۔
1487,سندِ پد کرنہ آمتہِ ستہِ زِیاد ثروتہ بنوِ باربڈوس امریکہس منز ساروے کھتہ کامیاب کالونی تہ دُ
1488,کینہہ ساینس دان چھُ مانان زِ نارکولیپسیا چھُ ہایپوکریٹین ہُند کمزِ وجہ ستہِ۔
1489,کٹناڈو چھُ جنوبی ہندوستان کِس قدیم تریخس منز تریخی طور اہم تہ یہِ چھُ ریاستَس منز اہم ریس پروڈیوسر۔
1490,تلسِی عبادت چھُ کُنہِ کُنہِ وقتہ شیوا ہُند عبادت ماننہ یِوان، ییمہِ دیوتاہِ ہُندِس تمام موجودگی ہُند پ
1491,یہِ بنیو 1994 منز مشہوٗر ییلہِ دیوارن پیٹھ پیلیولیٹک فنکار کم لبنہ آو۔
1492,رابرٹ مُودِ ترے دہ پتہ 21 مارچ 1076ہس منز یِہِہ مقامس منز۔
1493,تاہم، یہِ چھنہ ز سلطنتن درمیان کانہہ فوجی تعلُق ہند ذکر کران۔
1494,فوجی اوس جاپانس منز کیمرے فلمہِ پیٹھ اکھ مونوپولی۔
1495,ییلہِ زن، پرٹِلاٹا ویدڈیر (ویگا تاموتیا) اکھ سکوُل معلم پیشورانہ ستہِ چھِ، چُھ ماسٹرڈا ہندِ خیالاتن ستہ
1496,ایڈیکونل گُزریو 78 وُہُر لاگوس ، نائیجیریا منز ۔
1497,تمہِ سنزِ حکوٗمتَن منز وچھِ ریڈ فورٹ تہ شاہ جھن مسجد شمل واریاہ بٔڑِ عمارتہ ہُند منصوبہ۔
1498,یِم دریاوَن ہِندِس دوران سیروایر تہ ڈیم بناونہ یِوان۔
1499,پُڈوچری چھُ وِلوپُرام تہ چنائی منز پانژھ واجین جنکشن پیٹھ ریل وے شاخ لاین ستہِ رلان۔
1500,1977 تام آو ریاست ہندوستنہِ نیشنل کانگریس ستۍ حکومت کرنہ۔
1501,ز لُکھ ز دشونی خطر دشونی خطر دِنہ بجایہ، زنہِ دِنہ یِم اکھ خطر یِم اکھ ستہِ
1502,نیدرلینڈس منز کور جرمن واریاہ یہوو مارنُک کامیاب۔
1503,"شیپٹ چھ کینہہ تہِ ڈالر ہُند مقدارچ معیلی تِپ فراہم کران یِم زیاد تر استعمال کرنہ یِوان چھِ یِمَن منز $5, $10, یا $15 شمل"
1504,"سِماہَن، پننہِ دوستن ستۍ، کور 1972 منز اکھ تھیٹر گروپ شروٗع یتھ منز ""نٹارنگا"" ونان چھُ۔"
1505,شیوانی چھِ اکھ لکٹہِ کمرس منز کران تہ کورین بچاوان، اکھ ستہِ ستہِ مٗتقابلہ کران۔
1506,پونگلُک اہم موضوع چھُ شملی دیوتا، طبیعتچ طاقت، تہ مزارع جانورن تہ لُکھ شمِل کران یِم زراعتس منز حمایت کران چھِ ۔
1507,ہایپِی وائلز ہایپِی وائلز چھُ اکھ براؤزر گیم یُس جیم بوناکیَن 2010 ہَس منز بنومژ۔
1508,1981 منز کور تٔمۍ سی بی ایسس منز فیلڈ پروڈیوسر کم۔
1509,گڈنِچ چُھ ایم ایف سندِ مینیجنگ ڈایریکٹر ہمیشہ یورپی۔
1510,ماننہ چھ یوان ز تمہِ سُند قبر چھِ آندروٹ جزیرس پیٹھ واقع۔
1511,یہ چھ ییلہ جسمہ چھ نہ ڈوپامین صحیح طریقہ سان قیم کرنہ یوان۔
1512,ریک زاو 1 جولایی 1956 کِس کلویلینڈ ، اوہائیواہس منز ۔
1513,ہزفی کپَس منز گِندن ژور گیمَن منز، تٔمۍ کور پانژھ لٹہ گول۔
1514,پتہ کٔر تٔمۍ پُسہ پُسہ ونہِ پُسہ پُسہ پُسہ پُسہ پُسہ پُسہ پُسہ پُس
1515,یورپ، ایشیا، افریقہ تہ نیوزی لینڈس منز چھ ہیڈگوگ۔
1516,یہ آو 1918 منز امریکہس منز قیم کرنہ۔
1517,سیاح گنگٹوک پیٹھ لچنگ، نزدیک ترین گام یتھ منز ہویی ہندس موقعس منز چھ، پوٗر گاڑِ ریکارڈ کرنہ یا اکھ شمل کرنہ تہ
1518,یہ چھ سکوٗلن منز گِنڈنہ آمتہِ ساروے کھتہ زیاد مقبول روایتی ٹیگ گیمو منز اکھ، باقی چھِ کابدی۔
1519,گِلڈ اوس جنوبی ہندوستان کِس ساروے کھتہ اہم ادار منز اکھ تہ کریون کور پننہِ گِلڈن منز ترتیب۔
1520,کینہہ ٹرنر سندِ سِگٹِم، یِتھ کٔنۍ کٔنۍ کٔبیٹوس ویلگس تہ مختصر دہہِ، چھِ SHOX جین ڈوزنگ اثراتن س
1521,کیتھکالی آیہ ہندوستان کِس جنوب مغربی علاقس منز کیرالہ منز وچھنہ تہ یہِ چھٗ امیُک مُختصر رنگین مِیک اپ، ماسک تہ کپاس منز خاص
1522,"ییلہ تہہ گژھہ چھِو، ""شکریہ، مگر بہ چھِس اکھ ژھشس منز""۔"
1523,کین گوو فیونکس، ایریزونا منز بڑو، ییتہ س موہا میڈل سکولس منز شرکت کٔر۔
1524,زمین کینہہ باقیہ گٔیہِ لگوونس منز۔
1525,شمالس منز چھ یِم پہاڑ چاکناڈ مالا تام مشرقس منز چلوِتھ اونچ مونار سڈل تہ گتھ کِس مشرقی طرفہ کولکُمُمالس تام
1526,یتھ منز چھِ گڈنِکِس 108 فٹ کھتہ بڑوِتھ مندر یتھ منز شِٹالانٹھا ستہِ تمام تِرتھنکارا چھِ یتھ
1527,زیاد تر جدید ڈیزائنن منز چھ صرف اکھ سیر، اہم سیر۔ تاہم، روایتی کیٹ بوٹ ہیکہ گاف رِگ پیٹھ واریاہ سیر لٹان۔
1528,سُہ اوس تٔمۍ اتھ لمس منز دِژمُت ییلہ تٔمۍ تٔمۍ ستۍ لمس کرنچ کوٗشِش کور۔
1529,مطلق کنٹ بینڈس منز چھ ہتھیار، گژھن تہ مختلف مواد شمل۔
1530,کنک مڈنیس: کنک مڈنیس چھ امریکی راپر ہاپسن سندِ تریِم سٹوڈیو البم۔
1531,پتہ دِژ بادشاہن داسراتھی تہ أمہِ سندِس نسلس رمانُجاہس ہُندِس خواہشس پیٹھ رنگناٹسوامی مندرُک انتظام۔
1532,اپریل 2017 ہس منز، تٔمۍ واپس پننہِ ترقی پذیر علاقہ این سی سی سی ٹی منز وے ایی۔
1533,سُہ آو پننہِ سندِس سندِس سندِس سندِس سندِس سندِس سندِس سند
1534,تمام قسمن ہندِ موٹر ریسنگ ہِندِ پٹھۍ چھِ فارموُل اول ستۍ خطر زیاد۔
1535,اصل معاہدس علاو پٹھۍ پٹھۍ پٹھۍ کنہِ پٹھۍ ورے کارچ رپیہِ، ملی حیثیت، فروخت یا ادگی رپیہِ، تہ اصل معاہدس من
1536,ہیدرآباد ریاستن کور 1948 منز ہندوستنہِ فوجی حملہ پتہ یونین آف انڈیاس منز شمل۔
1537,سِلوسٹری اوس نیو یارک سٹی منز لوس سِلوسٹری تہ سوفیہ فیلانن زامُت۔
1538,اوسیانیا مُلکن یِم زِکا ہُند تجربہ چھِ ونہِ نِیو کیلیڈونیا، وانواتو، سلیمان جزیر، مارشل جزیر، امریکی ساموا، ساموا تہ
1539,ییلہِ تُہۍ پریتھ چیز پٹھۍ لٹہِ چھِو، اگر فہرست بند کرنہ یِہ چِھ ۔
1540,ٹینیٹوس ماسکر: اکھ ٹینیٹوس ماسکر چھ اکھ الیکٹرانک آلہ یس ستۍ ستۍ صوُرت آسان چھ۔
1541,"ضلعس منز چھ 2,748 مربع کلومیٹر ہُند اکھ علاقہ پوٗر تہ 2001 چہِ آبدی ہندِس مطابق چھٗ 660,923 آبدی۔"
1542,ہندو کیلنڈر چھ لونسولر مگر زیاد تر تہوار ہند تاریخ چھ کیلنڈرچ لونہہ حصہ استعمال کرنہ ستۍ مقرر کرنہ یوان۔
1543,واریاہ افریقی امریکی چھٗنہ یوان زِ ویکسین یا ڈاکٹر چھٗن چھنہ مؤثر ۔
1544,سُہ اوس 2005 پٹھ 2012 ہس تام ہانگ کانگ ہُند دویم چیف ایگزیکٹو۔
1545,بوش اوس 2016 ہس منز صدر منتخبن منز ریپبلکن نامزدگی خطر اکھ مُمِل۔
1546,مے چھس پٹھۍ پریشان ز یہ طبی سہلیت چھے مے معاملہ کس طریقس پیٹھ عمل کران۔ مینس صحتس منز پریشان کن کمیونٹی تہ پریشان کن پریشان کن چہِ غر
1547,تہہِ گژھنہ برونہہ ہمیشہ خریدری ہُند فہرست بنوِو، یہِ پرتھ زِ تہہِ کنہِ خریدار چُھ۔
1548,جی این یو انوبیس جی این یو انوبیس چھ اکھ نیران میلز پروسیسر۔
1549,میسور سِک صنعت آو ٹپُ سلطان سندِس دورس دوران گڈنِچ آغاز۔
1550,برطانوی حکومتن کور بیل پاس کرنہ برونہ اکھ تبدیلی۔
1551,تمام مز تہ پٹھۍ چھِ، علاقی کھتہ بین الاقومی کھتہ چھِ، ۔
1552,یہِ چھِ شِفیہ تریپتی تہ جِتندر کمارَس ہُند اہم کردار ادا کران، ییلہِ وِپِن شرمَس، دیپِکا امِن تہ بریجینڈر کالَس
1553,تمہِ ساروے کھتہ زیاد کھتہ زیاد کھتہ زیاد کھتہ زیاد کھتہ زیاد کھتہ زیاد کھ
1554,یم کوچن یہود یا مالابار یہود ونان چھ تہ چھ ہندوستانس منز یہودن ہند ساروی کھتہ پرتھ گروٗپ۔
1555,آر سی او ہُک بنیانگدار، لوکسکسبسکیزک امیتی اثاثہ سرمایہ کری کمپنی۔
1556,ریلہ خطر رتہ خطر رتہ خطر رتہ ضروٗرت نہ یِنہ یِنہ سُہ پننہِ نزدیک موریڈ تہ اکھ غ
1557,"2011 چہ مردم شمری مطبق چھ جموں و کشمیرس منز کل آبدی 12,267,03۔"
1558,یہِ بنیو 1890 منز برطانوی ہندوستانُک اکھ شہزادتی ریاست۔
1559,یہِ سوال چھُ زِ ہائیٹین انقلابس منز بیمار ستۍ ستۍ ستۍ ستۍ ستۍ ستۍ ستۍ ستۍ ستۍ ستۍ ستۍ س
1560,سکومار دٹان کور کھوشک دٹا سندِس مٗصنِفیت خطر لگہ ۔
1561,آن لائن ریلیز آو 30 ستمبر 2010 ڈاؤن لوڈ کرنہ خطر دستیاب کرنہ۔
1562,تٔمۍ کٔر شاہروخ خانس خلاف کنہہ تہِ نِش انکار تہ وون زِ توزیٖف کرن ولہِ ہیکہِ ہیکہِ ترتیبس منز داخل کرنہ یُس
1563,یِمَن علاقَن منز خون بہاؤ چُھ نہ ضروٗرت سان متثر کران، مگر بدلہ ہیکہ یہِ اتھ نقطہ تام کم گژھتھ ییتہِ ہکہِ
1564,یِم رم یِم تِمَن ستہِ چھِ کرسٹڈ سکابی یِنہِ استعمال کران چھِ کرنہ یِنہِ چھِ كھٗنہِ تِکِہ صاف کرنُ
1565,تٔمۍ کٔر تارنا تہ بیین نالہس درمیان واقع جسمر گڑھ قبلہ تہِ بحال۔
1566,گاندھین کور اپریشن بلیو سٹار منز گولڈن ٹمپلس منز فوجی سرگرمی ہند حکم دِنہ پتہ، تمہِ پننہِ جسم گارڈ تہ سِکھ قومی
1567,2011 ہس منز سہِ ٹیننٹن جورجیا موفٹ ستۍ اکھ کور۔
1568,مے چھ کتابہ پیش کرنہ خطر پریشان محسوس کران اگر تم مے دھوکہ دِوان کران چِھ کیاہ؟
1569,یہِ جایہ چھُ ایم ایچ 4، مُمبیی-بنگالورو نیشنل ہائی وے پیٹھ واقع، تہ یہِ چھُ کانٹاکہِ ذریعہ ہندوستان کِس جنوبی تہ مرکزی حصس منز سفر کرن والین
1570,شییمہ تہ موجود نسل کیمرو چھ 2016 پیٹھ ونہِ تام بناونہ یوان۔
1571,"یہِ چھُ ونان زِ ہندوستانن چھُ رِیُمِی دوران صرف 200,000 کھتہ زِیاد مُلکَس منز 20,000-40,000 فوجَن ہُند پٹھۍ پٹھۍ پ"
1572,شی پور چھ مرکزی ہندوستان کِس مدھیہ پردیش ریاستس منز اکھ شہر۔
1573,یِمَن منز چھِ گُڈا (ماسی) تہ پتا (گوانٹل سِرڈ) ہِندِس باقی ہتھیارَس ستہِ (کتی سِما) تہ سٹاف
1574,اگر تہہ نہ کٔرِو کٔرِس سرِس سِروس مینیجرُک ناو ژھنِتھ، توہہِ ساد پٹھۍ ڈیر سر یا مادم لکھو۔
1575,ونسہِ ، برطانیہ کِس پرتھ 400 شُرَن منز 1 چھِ سربرل پالسی ۔
1576,یہِ امکانہ ستہِ پِلٹِس خوف ستہِ پوٗر، تہ تٔمۍ کور عیسیُس واپس قصرسمن منز تہ کور یہِ زاننہ
1577,بھوپالس منز آشبھ سٹیڈیم چھُ عالمی سیریز ہاکی ٹیم، بھوپال بدشاہس خطر ہوم زمین۔
1578,کِس پَلِگراؤنڈ سینٹرَس منز چھِ اکھ ریوُٹ اَکھ تِرتھا (ایک مقدس آبنی جسم یتھ کٔنۍ جھیٖل یا دریاو) پٹھ کرنہ
1579,اداکارہ کیٹ بوسوارتس چھُ پوٗر ہیٹرو کرومیا: أمہِ سندِس بٔڑِس سہِ نیلے تہ أمہِ سندِس دری سہ
1580,"پٹیل اوس ""ایڈورڈ میموریل ہائی سکول"" بورسادک گڈنِک صدر تہ بنیدی، یُس ونۍ جھوربھائی دجھابی پٹیل ہائی سکول ونان چھُ۔"
1581,سُہ چھُ پننہِ ٹیمس ستہِ یِنہ یِنہ یِوان تہ تِمن چھُ ونان زِ سُہ اوس پننہِ خوابس منز پوٗر سکرپٹ
1582,ڈیٹرائٹ کیپٹن نیکلاکس لیڈسٹرمن کور ڈالاس کس امریکی ایئرلائنس سینٹرس منز گیم ختم گژھنہ پتہ پننہ ٹیم کِس ناوَس پیٹھ کلارنس کیمپ
1583,کیجیوکی (کجولا گڈفیز) اوس ٹھہِ وُچھہِ وُچھہِ کھتہ زیاد وُچھہِ ییلہِ سُہ مُود ۔
1584,یہِ کھیلچ مزید قدِی کھلڑِ گژھنہ شروع گٔیہِ 1605 منز، بادشاہ خجگابا سندِس حکومتس دوران، کھیلچ نوِ قدِی قونوُ
1585,یہِ آو گڈنِچ جسٹینسٹینن اول سندِس طرفہ۔
1586,اوٹو چھ نیل گِریز یا بلیو پہاڑن ہُند علاقہ منز واقع۔
1587,تٔمۍ وون زِ تٔمۍ کور نہ یاد زِ تٔمۍ گِیُن نہ فوجس منز شمل گژھنہ برونہہہ تہِ ہاکی، حالانکہ ت
1588,سٹیکر ہند فونٹ تہ سٹائل چھ یِتھہِ مزاحیہ سٹیکرز منز عام۔
1589,ہمہ پیٹھہ این جی سی 300 ہُک فاصلہ چھ تقریباً شے لکٹ ؤرۍ۔
1590,قصبہ چھ ہتیننگالی پیٹھ تقریباً ٹھ کلومیٹر، کولہا پور پیٹھ تقریباً سۍ سات کلومیٹر تہ ونسہِ تالوکا یا تھیسل ہڈکوارٹر تہِ۔
1591,عالمی صحت ہند تنظیم تہ یونیس ایف چھ آر ٹی خطر ہدایت، تیری تہ طریقہ بیان کران۔
1592,وکی نِیوُز رپورٹر ڈیوڈ شینکبون اوس امریکی مقبول ثقافتس منز ستہِ ستہِ زیاد کرنہ متعلق دلچسپی۔
1593,سماجی مسلن پیٹھ چھ یہِ سکولر پالیسین ہُند دفاع کران یِمِہِ منز ستہِ مُقابلہ موقعہ، صحت، شہری آزادی تہ کمزور سیکشنن تہ اقلیتن ہُن
1594,2008 منز کور تٔمۍ روٹری کلب آف مدراس ستۍ لفیٹیم اکیویمنٹ ایوارڈ۔
1595,مے چھٗنہ یوان نہ یِہ چہِ امہِ امتحان لکھناونہ۔ اگر نہ مے گژھہ یِہ چہِ؟
1596,شینن کور یِم دعواہ نِش انکار تہ وون زِ سُہ اوس نہ اینڈرسن خطر شمِل۔[
1597,خر سان فرانسسکو یس تام، چھِ زنگھ ہوٹل کمرچ حصہ کرنہ خطر قبل کرنہ یوان۔ تہ یہِ ساد تہ تعمہ خ
1598,سٹاک چھُ دِوان ییلہِ تِہ کمپنی منز یہِ حصہ چُھ ملکیت چُھ۔
1599,تاہم، تٔمۍ کٔر پنن احساسات بییہِ منز رتھ کٔرِتھ کٔرِتھ ۔
1600,یِم چھُ کرم دیوتاہ ہُند پوجا (عبادت) دوران ضروری۔
1601,بلاگر منز چھ مختلف شون ہندین کینہہ ایپسن متعلق مختصر قصہ شمل۔
1602,یتھہ چھ تریٖخی ثبوتن ہندِ مشور زِ بھیمہ دوم اوس سمشیوارا سندِ مرنہ پتہ اکھ بچہ، تہ لہذا ہیکہ نہ أمہِ
1603,لہوکس منز چھ عام طور ز مختلف قسمک وجہ آسان۔
1604,تٔمۍ کٔر ہایز گورڈن اینسبل ٹیایٹرس منز شمل ییمیک اداکار تہ سٹیج مینیجر کم کٔر۔
1605,سہیوال اوس پٹھۍ پٹھۍ پٹھۍ پٹھۍ پٹھۍ پٹھۍ پٹھۍ پٹھۍ پٹھۍ پٹھۍ پٹھۍ پٹھۍ پٹھۍ پٹھۍ پٹھ
1606,45 ایکس کیریوٹائپ ستۍ أکس زنانہ ہند گڈنِک شایع رپورٹ اوس 1959 منز چارلس فورڈ تہ ہارولس منز ہاروے ساتھیو، تہ لندن
1607,فلمہِ ستہِ حوصلہ آمتہِ موسیقار سٹنگن کٔرِہ اکھ بتھ ریکارڈ کرنہ خطر انوشکا شینکرس ستہِ تعاون۔
1608,کیریٹسو منز زیاد تر کمپنین کور اخراجات کم کرنس حصل۔
1609,سیمز گُزریو مغربی ویلزس منز 90 وُہُر کینسر ستہِ ۔
1610,اگر تہہ پرتھ ریتہ کِس خرس منز اکھ اضافی پونسہ چھِو، توہہِ ہیکو یہِ بچتہ خطر ایمرجنسی فنڈس من
1611,ٹیمن درمیان شکست تہ کھوکھ کھیل کم کرنہ خطر آو فٹ بال کِس وسیع پیمانس پیٹھ نیٹرو زونہ۔
1612,ڈین چھ پتہ 2 پیٹھہ جامیکا پیٹھ گژھنہ خطر پیش کرنہ یوان۔
1613,اکھ ساروے کھتہ عام طریقہ ییمہ ستۍ لوٗکھ پاسِیو آمدنی حصل کران چھِ چھِ املاک خریدری تہ پتہ کرایہ کرنہ ستۍ
1614,مثالہ، ترے بٹ موج خطر چھ 6 مٗنتھ ۔
1615,یِہ چُھ قومی قونوُنی اصلاحات تہ جرمن تہ یورپی قونوُنی پیٹھ اہم توجہ مرکوز کران۔
1616,ڈُدامل چھُ ونیزیوٗلین بیلٹ رقصگار تہ صحف الوسا مٹیوُرین ستہِ خاندر کران۔
1617,رینگپو تام ریلوے لاین چُھ 2021 منز مکمل گژھنہ یوان۔ دویمہ مرحلس منز چُھ لاین گنگٹو تام بڑنہ یوان۔
1618,فلمہِ ہندِ فنکار ومل دیسناایک چھُ اِندِس اِندِس سِندِس سِندِس سِندِس سِندِس سِ
1619,تم چھِ بُرِمٹِک لَگ لَگ لَگ لَگ لَگ لَگ لَگ لَگ لَگ لَگ لَگ لَگ لَگ لَگ لَگ لَگ لَگ ل
1620,یہ چھ ز قسمن منز اکھ یتھ منز اصل مہوگنی ٹیمبر چھ۔
1621,یہِ آو مغل سلطنتس منز مقمی مالا یہودھہ فارسی ورزیش-یِس بسٹانی ہندِ اثر ستہِ مٗلک کرنہ۔
1622,اِندِ اِندِ اِندِ اِندِ اِندِ اِندِ اِندِ اِندِ اِندِ اِندِ اِن
1623,مے تھائی چھُ اکھ منفرد زِ یہِ چھُ کیک باکسنگُک اکھ سُٹائل یُس پٹھۍ لُگ، کُن، کلچ لڑچ، ڈراون، سوپ تہ کم کِکس اجازت
1624,1990 تام سہِ صرف ریاستہائے متحدہ، کینیڈا، انگلینڈ تہ آسٹریلیاہس منز داخل۔
1625,ڈک ٹرومس متعلق چھ ٹھہ فلمہ بناونہ آمتہِ، 2010 ہس منز ساروے کھتہ جدید۔
1626,علاج مکمل کرنہ خطر چھ عام طور ز یا زِیاد سیشنن ہند ضرورت۔
1627,سولھجڈن چھ سویڈن کس جنکوپنگ کاؤنٹی منز ہابو بلدیہ ہک اکھ لکٹ علاقہ۔
1628,روبو ایڈویزر کمپنین ہنز اکھ توجہ دِنہ یِتھ خاص خدمات پرتھ فیسہ چھِ فراہم کران۔
1629,مغربی اوڈیشہ علاقہ منز لوٗکھ چھ 15 دہ برونہہ ایونٹہ خطر تیری شروع کران۔
1630,سیلسن بلیو چھِ بٔڑس پیمانس پیٹھ کنسہِ تہ دوا تہ کھیننہِ خریدارن ہندِ ذریعہ کنہ یوان۔
1631,فلش ستہِ ولۍ تہ ولۍ گاڑین ہندِ اطلاع دِنہ ولۍ، کور KSTP ٹی وی وون زِ لگنگ اوس ایف سکاٹ فٹزجرال
1632,ہندِ ہندِ ہندِ ہندِ ہندِ ہندِ ہندِ ہندِ ہندِ ہندِ ہندِ ہندِ ہن
1633,آر سی ٹی 3 چھ سیریز منز گڈنِک گیم یس پوٗر 3 ڈی گرافکس استعمال کران چھ۔
1634,سُہ چھُ سین اینٹونیو سپرز خطر باسکٹ بال آپریشنزک موجود نایب صدر۔
1635,یِتھہِ پیش کرنہ آمتہِ تریٖخی رپورٹ سۍ مِیتھی بادشاہن تہ مِچھو سنزِ فیصلہ ستہِ ریکارڈنگ یِم مِیتھی
1636,پور کنٹیکٹ چھ بنیدی طور مغربی باکسنگ تہ روایتی کیریٹ ہُند مِشکلہ۔
1637,حملہ آور ہُند ہُند ہُند ہُند ہُند ہُند ہُند ہُند ہُند ہُند ہُند ہُند ہ
1638,کیٹن وڈ شورس، ٹیکساس کیٹن وڈ شورس چھ برنٹ کاؤنٹی، ٹیکساسس منز اکھ شہر۔
1639,دشونی بیسلینن نیبر فول علاقس منز واقع چھ ز کوچ سندۍ باکس۔
1640,ہالہ ہنز سکور کرنہ خطر چھُ تُہۍ پننہِ حریف پننہِ پٹھ پوٗر کنٹرول، طاقت تہ رفتار ستۍ دُرِتھ۔
1641,س روُد پارٹی صدر تہ کٔر نیشنل ایڈوسیوری کونسلُک سربراہ۔
1642,بالسمند دریاو چھُ اکھ دریاو یُس جودھ پوُر مندور روڈس پیٹھ جودھ پوُر پیٹھ 5 کلومیٹر دور واقع چھُ۔
1643,لائف آف رام بتھک زیاد تر حصہ آیہ اتھ جزیرس پیٹھ شُروٗع، یُس 2018 تامل زبنہِ فلمہِ '96 منز شُروٗع چھُ۔
1644,1943 منز، روورول تہ أمہِ سندِس شورِس کور امریکی کمیونسٹ پارٹیس منز شمل۔
1645,ییلہِ طالب علم سکولس ستہِ کرنہ یِوان چھِ، تِم چھِ اکثر نوو شہر یا نوو کم خطر واپس گژھان، ییمہِ واریاہ لکٹہ
1646,مقصد چھ دواہ ستۍ ابتدیی ریمایشن شروع کرنہ، ییمہ پتہ رٹانچ دواہ دخل کرنہ خطر رٹانچ ریمایشن شروع کرنہ
1647,دِلہِ میٹرو چھُ دنیاہک ساروے کھتہ بوڑ میٹرو سسٹم۔
1648,یہ شاخ چھ شیر تہ پیاز بیئر ستۍ شمل (مقمی طور ہندی یا ہریا ونان چھ)۔
1649,فِل بیک چھِ نصف بیک کھتہ بٔڑِ تہ چھِ بنیدی طور بلاکر پٹھۍ کم کران، مگر یِم چھِ کُنہِ وقتہ لٹہِ ہارڈج حالاتن
1650,1937 ہس منز کانگریسس منز انتخابس منز گژھنہ پتہ، یہ اوس نہ زانہہ صحت مند۔
1651,یہ فہرست چھِ تہہِ ٹایپ کرنہ ولِس تام ممکنہ بدلہ اپ ڈیٹ کرنہ آمژ ہاوان۔
1652,تٔمۍ وون ز یہِ چھِ ایسڈ ہِوچ فوری جلدی ہُند احساس بتھ، مگر پورٹن کور غر علمچ دعوی تہ تِمَن کور پننہ
1653,لہذا آیہ پروڈیوسر صرف اِندِس حِوارس ستۍ ریکارڈ رلیز کرنہ خطر دعوت دِنہ۔
1654,مے چھس پریشان ز مینۍ پرنز کتاب ہیکہ نہ کتاب فروخت کرن والین خطر یہ ریسلی خطر قبول کرنہ خطر کافی حالتس منز ستھ۔
1655,راگم، تانم تہ پلوی چھ کنسرٹس منز اہم طویل شکل تہ یہ چھ بہتر بناونک اکھ مرکب شکل۔
1656,تسلیم کرن ز چھٗ قیمتن ہندِ وسیع پیمانس پیٹھ چھٗ مشینن ہندِس كھٗنہِ كھٗنہِ كھٗنہِ كھٗنہِ كھٗنہِ كھ
1657,امہ علاو کٔر لنگنگنن ہالوگھاتس منز ز نوجوان بہن ہندۍ مار ییمہِ تِہندِنہِ نزدیٖک میدانس منز گژھان چھُ۔
1658,گڈنِچ کارروم گیمہ بننہ آمتہِ چھٗنہ یوان ۔
1659,ڈیوڈری آبشار، روہتس پلیٹایو کِس أکِس ستہِ منز، کرمناسہِ ستہِ چھِ 58 میٹر (190 فٹ) تھول۔
1660,کھاسِ چھُ ساروے کھتہ بوڑ گروپ، ییمہِ پتہ گارس پیٹھ جینٹیو پیٹھ یِوان چھُ۔
1661,تہہ ہیکو پننہ ریتھ قرض ادا کرنہ مٗتلِف طریقہ کم کٔرتھ۔
1662,یتھ منز چھ بغمتی وسیع تہ تیز، یتھ منز تعلیمی قبلہ ہند اکھ زیاد بار چھ، ییمہ ستہِ یہِ اکھ تیز ظہر چھ۔
1663,ڈاکٹرن ہندِ پٹھۍ چھِ نفسیاتارِ چھُ یہِ زِ دواہ ہیکہِ دماغ بہتر کم کرنس منز مدد کرتھ۔
1664,کلیوَن کور زمینی فوجَن ہُند کُن کُن کُنہِ کُنہِ کُنہِ کُنہِ، یَتھ منز 900 یورپی تہ 1500 فوجی شمِل
1665,جیل چھِ طویل عرصہ سمندری خطر زاننہ یوان، یتھ کٔنۍ گڈنِچ صدی پیٹھہ مٗتعلیم گژھان چھِ یتھ کٔرِتھ اِری
1666,مصنوعی ٹرانس فیٹ چھ اکھ صنعتی عملس منز بناونہ یوان۔
1667,داوطلب چھ تہہ کینہہ موضوعس پیٹھ تہند سوال جواب دِنچ کوشش کران یا تہہِ تہہِ تہہِ ضرورت چھِ تِہِہ معلومات ہُند نقطہ
1668,یِم زنانن منز یِم رتہ یِوان چھِ، اکھ عام وجہ چھِ وِجینس منز کُنہِ۔
1669,مختصر مدتہ انٹی بائیوٹِیٹک (ایزیتھرومایسن 3-5 دہَن تام) چھِ بِیُتھ پیرٹوسِس یِمَن منز کم تہ کم شدید ضمنی
1670,یِتھہِ چھِ ہندوِون ہندِون ہندِون ہندِون ہندِون ہندِون ہن
1671,زنانہ کِک باکسر چھِ مردن ہندِس پلوسہِ/پلیٹِیوٹِوِوِوِوِوِوِوِوِوِوِوِوِوِوِوِ
1672,امریکہس منز ہیکہ یہ صرف نورڈ سٹرومس منز خری یِتھ ۔
1673,1861 منز گٔیہ شہزادہ آلبرٹ مرنہ تہ ویکٹوریاہ گو عومی زندگی نش دور۔
1674,یہِ افسانہ ہُند تِہِہِ كھٗنہِ كِنہِ كِنہِ كِنہِ كِنہِ كِنہِ كِنہِ كِنہِ كِنہِ
1675,بٹ ڈیوائس بٹ ڈیوائس چھ کمپیوٹر شروع کرنہ خطر استعمال کرنہ یوان۔
1676,آیلہَن کور سماعتَس منز اِجراڈِیشن نِش نِش، تہ أمہِ سندِ اداکارن وون زِ تِم چھِ الزامَن خلاف دفاع کرنہ
1677,مے چھس غر غر گژھنہ یا غر گژھنہ خطر پریشان اگر بہ راتس منز چھس مے عادی گژھنہ بد راستہ یوان۔
1678,یہ ہیکہ موسیقی ہیکہِ یس نہ اہم سٹریم راک یا مُلک ہُند آواز چُھ۔
1679,"2012 ہس منز انتخابس منز کور تٔمۍ پنن مارجن 36,741 ووٹس تام بڑم۔"
1680,باقی ہندوستنہ ریاستن ہس موازنہ چھ تمام کٔمیٖن خطر مزارعچ پیداوار کم، ییمہ ز مزارعین ہند آمدنی ہندس آمدنی ہندس
1681,یہ چھ ناکام چیز یا ناکام خدمات خریدری ہندس پٹھ واریاہ فرق۔
1682,یہ معاہدہ چُھ 2011 تام چلان، یتھ منز 2016 تام گژھنُک اکھ اختیار چھ۔
1683,اکھ اچھی ویب سایٹ ہُند بنیاد ستۍ ہیکِو تُہۍ ٹریفک بناوُن (تھہِ تُہۍِہِ تُہۍِہِہِ زائرین ہُند بہاؤ
1684,تاہم، مارک زاکربرگ، ییمۍ فیس بک شروع کور، زیوٗن اصل ایوارڈ۔
1685,"کمارَن زیوٗن پنُن گڈنِک فلم فایر ایوارڈ ""روپ تھرا ماسٹانا"" خطر۔"
1686,بینک آو ریسیرب بینک آف انڈیا ایکٹ 1934 ہس تحت قیم کرنہ۔
1687,جھمپا تالم چھ تالم ہندِس گروپس منز حوالہ دِوان یتھ منز 1 لاگو چھُ، یتھ منز 1 انودھروتھم پیٹھ، یتھ منز
1688,2013 تہ 2014 ہس درمیان گوو فرانسیسی پولینیسیا، ایسٹر آیلینڈ، کوک جزیر تہ نیو کیلڈونیاہس منز مزید ایپیمیمیک۔
1689,ایئر جہاز ہنز ہائی اینرجی لیزر ہنز ہنز ہنز ہنز ہنز ہنز ہنز ہنز ہنز ہ
1690,گڑن یا گڑن پیٹھ گژھِو، مفت سڑکہِ فاریکس یا مقمی واقعاتن منز شرکت کٔرِو، تہ تفریٖقی منز فید کٔرِو یتھ من
1691,جدید آؤٹ ورڈ پولو بال چھِ ہائی اثر ور پلاسٹک ستہِ بناونہ آمت۔
1692,علامت چھ اکھ ڈیوڈک علامت یتھ منز کینہہ ژھنہ چھ۔
1693,جنسی شروع کرنہ پیٹھ چھِ کھتہ عام وقت تقریباً 4 پٹھ 8 منٹ۔
1694,موٹرسپورٹ پٹھ واپس آسنہ پتہ کٔر امتی کم کنہ مختصر وقتہ کھیلچ تبصر کران۔
1695,سائنسی کمیونٹی چھ ونہِ بحث کران ز یہِ کیازِ وچھِتھ، تہ یہِ کیازِ وچھِتھ چُھ وچھِتھ۔
1696,کولورڈو کور سکور اتھ وقتس منز ییلہ پننہ پاور پلی گول 4:51 دویمس منز سکور۔
1697,قدیم تہ وسطی دورن منز چھِ ہریٹا دھرماسوتراس، ایسوالایانا گرہیا سُترا، تہ یاما مُرتی ہِندِ متنن ہِندِ مشور زِ زنانہ
1698,س صرف اکھ نامزدگی، ویکٹر کیارنی، یس غیر متنازعہ طور منتخب کرنہ آمُت۔
1699,ہیو اے اے ہند حکومتن کٔر 2010 ہس تام 24.8 ملین امریکی گھریلو تہ 62 ملین رہائشی ہند حکومت۔
1700,تامل نوِ ؤرِ دہ چھُ کمبیکونم نزدیٖک تروویڈامارودرس منز اکھ بوڈ کار فیسٹیول منعقد کرنہ یوان۔
1701,مگر شوٹنگ ہندس منظرس منز سہِ اکھ سیریز غلطی۔
1702,جی او ٹی 7 چھ اکھ ملٹی نیشنل اِدنہِ گروپ یُس اوپرنہِ ممبرن منز چھُ۔
1703,یہِ مندر چھُ آراساننگاڈو نزدیٖک ڈایپینکڈی منز واقع۔
1704,مہاراشٹرچ معیشت چُھ پداونہ، بین الاقومی تجارت، میس میڈیا (ٹیلی ویژن، موشن فوٹو، ویڈیو گیم، ریکارڈڈڈ موسیقی)، ایئر سپیس، ٹیکنالوجی، پٹریولیم، فی
1705,نِلیہ چھُ یہِ تھوڑِ شکہ یوان مگر مٗہِ چُھ ولہِ مٗمَس پٹھۍ۔
1706,واریاہ کم چیز چھ یسہ سٹیک ستۍ ہیکہ کٔرتھ۔
1707,تاہم، کورپس سپنگیوسم ہند جایہ چھ اتھ منز ز ویسٹبلر بولب۔
1708,سندِس چُھ کُنہِ کُنہِ کُنہِ ہُند شِلِتھ ۔
1709,سیرو چیریپو سیرو چیریپو چھ کوسٹا ریکا ہک ساروی کھوتہ زیاد پہاڑچ بدلہ۔
1710,اپریل 2007 ہس منز کور جاپان ٹوبیکو گلاہیر گروپ۔
1711,"یہِ چھُ توقع کرنہ یِوان زِ 2021 تام ہیکِہ امہِ آبدی 1,00,000 ہِندِ رقم ستہِ ۔"
1712,یہ چھ زیاد تر سونہ تہ اضطرابس منز مدد کرنہ خطر استعمال کرنہ یوان۔
1713,"پتہ، تہہ تہ ڈیلر ہیکہ واپس تہ واپس مٗتفاوض کرِتھ تہ تقریبا $ 3,000 ختم کٔرتھ۔"
1714,گرامر چُھ یہِ تہِ مطالعہ کران زِ زبانک کین حصن چِھ کس طورس ستۍ کم کران۔
1715,مینو اک لڈکی چہھیے یِہ تمام یِم سوالن جواب دِوان۔
1716,مییوٹسس دوران چھٗ تعداد کروموزومن ہند اکھ سیٹ تام کم گژھان۔
1717,یِتھہِ کٔر مینیجر پنکا گپٹان آئی ایچ ایفس اطلاع زِ علی دارا ہس فوری طور فارمچ مرزا ماسوڈ جایہ خطر یِنہ یِنہ یِنہ
1718,2015 ہس منز رپورٹن منز چھُ ونان زِ سطحس پیٹھ مارٹین اندھ کڑنہ س آبہ ستہِ متثر۔
1719,شوہر چھِ بیویہِ ہُند گژھان تہ س چُھ بدلہ پننہِ شوہر ہُند گژھان۔
1720,پرنڈ چرچ سلاونک آو سائریلک تہ گلگولٹک منز لکھنہ۔
1721,"جائیڈےپ اکھلاوانن کور اکہِ انٹرویوَس منز وضاحت زِ سُہ کٔرِ فلمہ منز ""آؤٹ اینڈ آؤٹ منفی کردار ادا کران""۔"
1722,یتھ پٹھۍ پٹھۍ گژھان تہ پننہِ ہندس منز جاپمالا (رزاری) تہ کمانڈلو (پوت) تھونہ یوان چھ، س چھے خوشحالی
1723,تقریبا 42 فیصد حاملہ زنان، 1.5 ملین کھتہ زیاد، چھ بتھ بین ہندِ گھرچ تحفہ کران۔
1724,ورڈاہس منز چھ سڑک دیوار تہ سٹیلنگ، یتھ مجسمہ ستۍ چھ ملک۔
1725,کینیڈاہس آو اتھ ؤرۍ ہنز شکست نہ یوان ییمہ زینن 6 تہ 0 ہارنچ ریکارڈ پوسٹ کران۔
1726,ذتی فالو، یتھ کٔنۍ کرس چیکنگ، غیر قانونی جسم چیکنگ، یا سلاشنگ، چھِ، چھِ اِمتہِ کران یِم کھلڑِ سنزِ حفاظت خطر چھ
1727,جمعہ سٹٹٹ گارتن ہند اکھ سرکری بیانس منز، کلبچ سپر ویسوری بورڈن کور پننہِ کھیلچ ڈایریکٹر شینڈل میزر ست
1728,شِکس کِس واریاہن ڈراماہن منز چھِ جیر تہ فول ۔
1729,تم چھ گنگا پیٹھ آب لگان تہ پننہِ اِبھِشیکا تقریبس دوران رادھا مدھابَس ستہِ بَتھ ۔
1730,ہہن مُود پننہِ ہوم ٹیوٹ شِلبی چارٹر ٹاونشپ، میشیگن منز۔
1731,یہ چھ شیواس منز وقف کرنہ آمت، یتھ منز چھ مل تہ دستاویزات۔
1732,بیسارلساہس چھ 23 ؤری ہندس سٹریکر خطر 2 ملین یورو ادایگی پٹھۍ ادا کرنہ خطر ضروٗرت۔
1733,اگر توہہِ صرف کم از کم رقم انشورنس خریدری کرِو، توہہِ ہیکو اتھ رقمس پیٹھہ زیاد کینہہہ ہسپتال یا قانونی اخراجاتن ہنز ذمہ دِوان۔
1734,واقعہ بنو قومی ہدایتہ تہ ذمہ دار لوٗکھ چھٗنہ زِہ ونہِ ونہِ ۔
1735,یہ آو 1979 منز جاپانس منز، 1973 منز بنگلہگس منز، تہ 1996 منز ایرانس منز مقبول۔
1736,یہ اوس تِہ وجہ زِ پریتھ ؤرۍ سہِ صرف ز جہاز دیجماہس منز ڈوک کرنہ یِوان۔
1737,یہِ دریاو آو 2004 ہس منز بین الاقومی دریاو ہُند انعام دِنہ ۔
1738,پننہِ گرفتار کرنہ باپت جوابس منز کور گاندھی سندِ حامین ہندوستنۍ ایئرلائنس جیٹ حصل تہ کور امہِ فوری طور آزاد کرنُک مطالب
1739,پننِس درخواستس مختصر برقرار کرنُک اکھ طریقہ چھُ یہِ وضاحت کرُن یِتھ تہہِ فون پٹھۍ لٹہِ برونہہہ وٗچھِتھ چُ
1740,کارکوٹا حکمرانن کور پننہِ سلطنتن منز واریاہ وشنو شارن بناونہ۔
1741,جنسی ہُند توجہ یا جنس شناختس پیٹھ مبنی چھِ نہ تبعیضس خلاف قونوُنی تحفظ۔
1742,مے اوس خوشی ییلہ باغدارن پننہِ مُلکنہِ سبز کِس علاقس منز تبدیل کور۔
1743,کُنہِ کُنہِ کُنہِ نگا چھِ پننہِ جاد طاقت انسان شکلس منز تبدیل کرنہ خطر استعمال کران۔
1744,یہ اوس ڈیلاویئر ریور بیی کس بٔکس پیٹھ زمینس منز۔
1745,س گٔیہ دہلی واپس تہ کٔر تٔہہ پننہ کم کرنہ ۔
1746,کیربیروس پروٹوکول پیٹھ پیٹھ پیٹھ پیٹھ چھِ پیٹھ جاسوٗن تہ دوبار ادا کرنہ خطر تحفظ۔
1747,تمام مُقابلہ چھُ پیشہ ورانہ کھلڑین خطر کھولنہ یِم ٹورچ اہلیت تہ منتخب کرنہ آمژ کھلڑین چھِ، مگر زیاد تر واقعاتن من
1748,تٔمۍ ترو پننہ ساروے کھتہ بڑ نیچو، ٹیپو سلطان، اکھ وسیع سلطنت یتھ شمالس منز کرشن دریاو، مشرقس منز مشرقی گتھ تہ مغربس
1749,پوپیمنمنمن، ڈچ تہ انگریزی چھ کوراکاوس ہند ترے سرکر زبان۔
1750,امہ وجہ ستۍ چھِ كرِتھ سندِس لَگَس منز چھِ لَگَس منز چھِ لَگَس منز بٔڑِس لَگَس منز زیاد
1751,سابقہ اولمپک تہ عالمی چیمپئن تہ سیتو اوس پننہ مرنہ وقتس منز تمام جاپان جودو فیڈریشن ٹریننگ کمیٹی ہند صدر۔
1752,تم سہِ دویمہِ صبحہ دہہ دہہِ ہِندِس لِٹَس پیٹھ منتقل کرنہ یِوان۔
1753,یس یس یس ستہِ رلوِتھ آو مختلف بائبلکل پیٹھہہ حصِل کرنہ۔
1754,برطانوی ایسٹ انڈیا کمپنین کٔر 1802-1803 ہس منز دویمہِ جنگ انگلو مارتا دوران مراٹھا پیٹھہ زیاد تر گجراتس پیٹھ کنٹرول۔
1755,بٹک ایئر بٹک ایئر چھ اکھ انڈونیشیاہسہ آمتہ طے کرنہ آمتہِ ایئر لاین یُس 2012 ہس منز قیم کرنہ آمتہِ
1756,ییلہِ یہِ زِیاد گژھان اوس، ییمہِ ونان اکھ نوجوان ییمہِ ونان چھِ گریگوری اوٹریپیو ولِ۔
1757,اکھ کھلڑِ یُس پٹھہِ یا پٹھہِ پٹھہِ پٹھہِ پٹھہِ پٹھہِ پٹھہِ پٹھہِ پٹھہِ پٹھہِ پ
1758,فلوڈا، سلیٹس تہ پروفیسر شونکو، تٔمۍ سائنسی فیکشن کہانچ سائنسی فن، تارنی خورو، کہانچ وضاحت، تہ للموہن گنگوولی، رومانٹ
1759,موڈِس بالڈ پہاڑس منز سکی علاقہ چھُ اورفینو تہ پیرس درمیان۔
1760,ہائپرٹی ہائریڈزمچ لوٗکھ ہیکہ رفتار تہ شخصیتس منز تبدیلی ہیکان، یتھ منز نفسیات، منیا، اضطراب، پریشانی تہ پریشانی شمل چھ۔
1761,سُہ موُد 23 ستمبر 2021 ہس منز 79 وُہُر انفیکشن ستہِ۔
1762,ہومن حقوقن ہندِ عالمی اعلان چُھ ونان زِ پرائیویسی چھُ اکھ انسان حق۔
1763,تم چھِ خاندر کران تہ مہی چُھ 2011 ورلڈ کپ خطر تربیت شروع کران۔
1764,ورلڈ ایکسٹرم سکینگ چیمپئن شپ چھ والڈیز نزدیٖک چُھ چُھ گژھہ یوان۔
1765,اے اے اے ہچ زیاد جمع کرنہ خطر چھے یہ ہیکن متابولیٹ کرنہ تہ ختم کرنہ یِنہ۔
1766,اکھ ہلٹیڈ ہُند سربنی ہُند سر، یُس ممکنہ ہندو-یونسہِ ہِندِس سر تہِ زاننہ یِوان چھُ، تہ یہِ چھُ
1767,کوڈین کوڈین یا میٹھیلمورفین چھ اکھ اوپیائٹ یُس امیُک تجزیاتی خصوصیاتن خطر استعمال کرنہ یوان چھ۔
1768,1984 منز کٔر تٔمۍ یش چوپرا سندِس سوشل کرم ڈراما ماسہالس منز انیل کپورس خلاف کھیلاونہ، ییمہِ باکس آفسس منز ناک
1769,زوار چھ اکھ شہرچ شِپ یُس میننگ کمپنی ہندوستھان زینک لمیٹڈن ستۍ زینک تہ پٹھۍ نکالنہ خطر بناونہ آمُت چھُ۔
1770,گروپ سی منز چھ ایران کولہ لامپرس منز بِٹ جلیل سٹیڈیمس منز اوسبکستان 2-1 شکست دِنہ خطر اکھ گول پیٹھ واپس آو۔
1771,ٹینڈی یا مرککا ماس چھ فریز سہولت دکانن ہند ناو ۔
1772,یہ کرنہ خطر چُھ تُہۍ نیٹ ہُند قدر محاسِل کرنہ ستۍ شروع۔
1773,سالمون چھ ریاستہائے متحدہ امریکہ کہِ اِدھاوُک اکھ شہر۔
1774,30 مئی، دہہ بورسیا ڈورٹمِنڈس ستہِ پننہِ گڈنِک ٹرافی زیننہ پتہ کور کلبن اعلان ز ٹچل آو پننہِ
1775,"ہیرانین کور اتھ فصلہ پیٹھ مزید تبصرہ زِ ""اگر تہہِ یہِ محسوس کران چھِو زِ یہِ چُھ کام کران، توہِ تہہِ چھُ یہِ گژھ"
1776,پلاواس، ناراسمیشہ ورمن اول سندِس دورس منز، خر کٔرِو پٹھۍ چالوکیا ہندِس دارالحکومت واتپیس پیٹھ حملہ۔
1777,انٹرسٹایٹ 64 انٹرسٹایٹ 64 چھ امریکہس منز اکھ طویل انٹرسٹایٹ ہائی وے۔
1778,انٹرویو ہند غر غر غر وجوٗد س ٹایمس ستہِ انٹرویوچ نتیج، ییمہ پتہ نارایانن ہسپتالس منز کین
1779,2000 منز، ہندوستان کِس سنگیٹ نٹک اکیڈمیَن کور سٹیریا کلاسیکی رقص پٹھۍ تسلیم۔
1780,سٹروکس ہیکہ ز بٔڑین زمرن منز درجہ بندی کٔرتھ: ایسچیمک تہ ہیموروگجک۔
1781,کمزور گژھنہ آمت تٔمۍ پننہِ مل تہ کٔرِتھ تٔمۍ أکِس ٹورس منز۔
1782,چاندھی تہ مادھیل ہنز رفتار یتھ چاکراٹال تہ بھاگوتھا ہنز جگٹ ستۍ جری چھ اکھ بہترین سمفونی صوُرت بناوان۔
1783,ورلڈ شطرنج حل کرن ول چیمپین شپ تہ ورلڈ کورسپینسنس شطرنج چیمپین شپس منز چھِ دشونی ٹیم تہ انفرادی ایونٹ شمل۔ یِم
1784,تجزیٖز کرنہ خطر چھ عام طور مخصوص مہارتن ہند ضرورت تہ سکرینرز کھتہ زیاد انتظام کرنہ خطر چھ آسان۔
1785,پرتھ اداکار چھ اکھ مختصر رقص پیش کران یتھ منز پرواسا دارو ونان چھ یتھ منز اکھ مختصر موسیقی کم چھ، ییلہ زن آوازدار پننہ یا أمہِ س
1786,"اگرچہ تٔمۍ گودارڈ سند ""غیر انقلابی"" ابتدئی مرحلس تعریف کورمت، تٔمۍ کور یہ خیال ز تمہِ سندِ پتہ مرحلس اوس ""غیر غر غ"
1787,تقریباً 2000 جانورن ہند جانورن ہندۍ قسم یم تامل ناڈو ہس منز مقمی چھ۔
1788,یہ چھ اکھ عومی شو، یس اکھ کمیونٹی ایونٹ پٹھۍ خوش آمدید تہ خوش آمدید کرنہ آمژ چھ۔
1789,س س 2000 کس دہلس دوران مشہوٗر اہم اداکارو منز اکھ۔
1790,اٹاری اوس گڈنِک کمپنی یُس کابینہس منز ویڈیو آرکیڈ گیم بناوُن۔
1791,یہِ بنیو 2011 ہس منز حکومت کرن ولِس لیفٹ فرنٹ حکومتس ہندِس انتخابس منز شکست دِنہ پتہ اکھ اہم وجہ۔
1792,11 جون کور تٔمۍ پننہِ نوو لیبل واو میوزک پیٹھ پننہِ گڈنِک ای پی ریلیز۔
1793,ناراوا چھُ اکھ گام یُس ہندوستنہِ ریاست گوہ منز دیوار جزیر کِس مشرقی حصس پیٹھ واقع چھُ۔
1794,جنگل چُھ جنگلی جانورن ہند پانژ مختلف خطرناک قسمن ہند گھر تہِ۔
1795,پیاز، شکر کین، پھل تہ سبزی تہ چھِ زراونہ یوان۔
1796,سیرنگری سریینواس اوس واریاہ ہندس لہرس پیٹھ ہندس لہرس پیٹھ ہندس لہرس پیٹھ ہندس لہرس پیٹھ ہندس لہرس پیٹھ
1797,"سارڈار پٹیل سند صدر صدر صدرس تحت آو کانگریسسسسسہ 1931 منز ""فزی حقوق تہ معیتی پالیسی"" حلچ تصدیق۔"
1798,1930 منز کور امبیڈکرن تیار کرنہ پتہ ترین ریتن پیٹھ کلرام مندر حرکت شروع۔
1799,مونٹومک گیس: فیزکس تہ کیمسٹری منز چھ مونٹومک لفظن ہند اکھ موازنہ۔
1800,یہِ چھُ 3 ڈی شکل یتھ منز چہِ چہِ چہِ چہِ چہِ چہِ چہِ چہِ چہِ چہِ چہِ چہِ چہِ چہِ چہِ چہِ چہ
1801,عام لشیہ ہنز پوزیشن غلط ہدایت چھے زیاد تر کم لِڈس متثر کران۔
1802,اوول ہیکہ 300 کھتہ زیاد کھتہ زیاد کھتہ ہیکن تہ چھُ ورلڈ کپ سپیڈسکٹنگ، 2016 کِس زنانن ہندِس بینڈی ورلڈ چیمپئن شپ، تہ
1803,641 مئی یس تام، پُلاکیشین سندِس زندگیس دوران، أمہِ سندِس بہن وشنووارڈنا س چالوکیا سلطنت کِس مشرقی حصس منز اکھ
1804,کلینٹ ڈیمپسی تہ لینڈن ڈونوونن سندۍ گڈنِک گول دِنہ ستہِ امریکہس نصف وقتس پیٹھ 2–0 کُمنڈِک قیادت۔
1805,گُرو نانک جینتی چھِ مندرجہ ذیل جایَن منز عومی چھِ منز جشن منز یِوان کرنہ یِوان:
1806,لیجین آف سپر ہیرو سنز پرنسنس پروجیکٹرا چھ تمہِ ہندِ نمائندگی کران۔
1807,تمہِ سنزِ ماجہ، ماریان وی برٹینیا آو ییلہِ سُہ شُرِ ۔
1808,"تہہِ کٔرِو فائنل حساب کران تہ یہِ فیصلہ زِ 15 ؤریہ پتہ ہووِو تُہندِ نوو اکاؤنٹُک توازن $38,445.95۔"
1809,کھینس منز محدود دستیاب چھِ کمپس منز تشددک اکھ ذریعہ۔
1810,باقی اہم شہری مرکزن منز سہِ کانڈپوُر، بنواسی تہ مدھاو پور شمل۔
1811,نِکلسنَس چھِ 12 نامزدگی ہندِ مردن ہندِ خطر نامزدگی ہُند ریکارڈ تہِ ۔
1812,آزادانہتی پٹھہ چھُ پُجاب بٔڑِتھ اکھ زراعتی معاشرہ۔
1813,گولف کھیلس منز سکورنگ تہ گِننگ فارمیٹس منز چھ واریاہ تبدیلی، یتھ کینہہ چھ سرکرِی طور گولف قونوُن منز تعریف کرنہ آمُ
1814,ہائی سکوُل چھُ بند کرنہ پتہ واریاہ نزدیک گژھان۔
1815,"ہندوستان کِس نیرن ہُند رفتارس ستہِ گروِتھ، لوٗکھن کور ""گواسکر نیہ!گواسکر نیہ!"" ہُند اداکری ہُند الزام دِوان۔"
1816,امفال بین الاقومی ہویی اڈ چھِ پٹھ پٹھ پٹھ پٹھ پٹھ پٹھ پٹھ پٹھ پٹھ پٹھ پٹھ پٹھ
1817,جورڈن چُھ پٹھہِ پٹھہِ ساروے کھتہ بوڑ دریاو، ییمہِ مغربی بینکک مشرقی سرحد بنان چھِ ییلہِ یہِ موڈ سمندرس من
1818,یِم س واریاہ تیز گژھنہ خطر ڈیزائن کرنہ آمتہِ تہ سہِ واریاہ سلیک شکل۔
1819,ییلہ لوٗکھ ایبولا یوان چھ گڈنِکن علامات چھِ کینہہ باقے بیمار ہِندِ پٹھۍ وچھان۔
1820,پننہِ ربطہ چھِ ختم گژھان تہ بہ چھِس دل بتھ ۔
1821,بہن ہندِ خیال آو سیریز منز شروٗعاتس منز رونہ ۔
1822,جسم ہنز گپھ چھٗ جانورن ہنز جسمس منز کنہِ یا کُنہِ مُقابلہ یا مُمکنہ مُقابلہ۔
1823,حالے گوو، لیکروس چھ بین الاقومی سطحس پیٹھ پھولن شروع گژھان، یتھ منز پوٗر دنیاہس منز ٹیم قیم کرنہ یوان چھ، خاص طور یورپ تہ مشرقی
1824,یہ چھ جنوبی ایشیییی مُلکن منز، خاص طور ہندوستان تہ نیپالس منز مناونہ یوان۔
1825,"توہہِ ہیکہِ ونان، ""مے معذرت، ہیکہِ مے تہہِ برونہہہ کٹِتھ؟ مینۍ گھو چھِ گاڑِس منز انتظار کران۔"
1826,تہہ ہیکو پننہ سیکرٹری آف سٹیٹ سنز ویب سایٹ پیٹھ باقی سیکورٹی منز دلچسپی تلاش کٔرتھ۔
1827,ترین ؤرین پتہ کٔر یوٹپالہ سندِ نیچِ سوکھاورمن کامیاب پٹھۍ بغاوت تہ کٔر اجیتاپیڈ سندِ نیچِ اُٹ
1828,گڈنِکن کینہہ گھنٹہ اندر قبل کرنہ یِنہ یِنہ یِنہ یِنہ یِنہ یِنہ یِنہ یِن
1829,تِم چھِ اہم کارن ہندِ ستہِ بناونہ آمتہِ پریشانی ستہِ رتہِ یِوان۔
1830,اگر گول نیٹس منز گژھان، یہ ہیکہ گول ماننہ یوان۔
1831,مے اوس پریشان ییلہ ہیدرآبادس منز سونا ہاٹل مے جیم سہولیات استعمال کرنہ خطر اضافی چارج دِیُت۔
1832,یِم چھِ عام طور مغربی گَتَن، مشرقی گَتَن تہ شُمال مشرقی ریاستن ہندِ پہاڑ علاقَن منز لبنہ یِم شدید روُد یِوان چھ
1833,یہِ آو 24 اپریل 1956 ہِلورسمس منز ایور او آر ٹی وی سٹوڈیو منز منعقد کرنہ۔
1834,"کشمیرس منز ""راد"" ونان چھِ ولۍ باغہ جُل تہ اگستس دوران لٹہِ پھولہ ستہِ پھولہ۔"
1835,پٹسفیلڈ، الینوے: پٹسفیلڈ چھ امریکہ ہس منز الینوے ہک اکھ شہر۔
1836,یہِ دُبار یِم غر غر ولِس دُبارس منز چھِ گژھنَن منز عام، سمجی، زبنی تہ تریخی اختلافات ہُند وضاحت کران
1837,تٔمۍ کور گھرس اطلاع زِ اکھ غیر مستحکم ہندوستنہِ اوس 1982-83 ہس دوران ریلائنس منز 220 ملین ₹س تام سرمایہ کری۔
1838,یانگ چنڈس اوس نہ کھیلن ہندس طرفہ سنگین ترغیب یوان، حالانکہ تٔمۍ کڑس پیٹھ محبت کور۔
1839,تِہندِ گڈنِچ میچَس منز کور آسٹریلیاہن ہندوستانَس خلاف 268 گول۔
1840,زندگی منز پتہ کٔر تٔمۍ پریشانی تہ دیوانگی ستۍ بیمار۔
1841,اولمپکس چھٗنہ شمالی سائپرس تسلیم کران تہ ترکی سائپرایٹس چھٗن شرکت کرنس منز ناکام۔
1842,نیوزی لینڈس منز چھ گڈ فریڈ اکھ قونوٗنی چھٗ تہ چھٗ تمام نیوزی لینڈ ریاست تہ انضمام کرنہ آمتہِ سکولن خطر اجبی سکول بند کرنُک
1843,پرتھ ضلعس چھ اکھ ضلعہ جمع کرن یا ضلعہ میجسٹریٹ ستۍ حکوٗمت کران، یس ہندوستنہِ انتظامی سروس یا مہاراشٹر سیل سروس ستۍ یا تہِ مقرر کر
1844,ریناؤڈ گُزریو 10 مارچ 2018 پیرس منز 79 وُہُر۔
1845,شولی ہند بجٹ تہ باکس آفس آمدنی پیٹھ چھٗنہ صحیح اعداد و شمار دستیاب، مگر فلم ٹریڈک ذٔریعہ چھٗ امیُک کامیابی ہُند تخمینہ فراہم کران۔
1846,تریٖن پھل تہ سبزی ہندِ قیمت چھِ کینہہ بدترین علاقن منز دوہری گژھان۔
1847,ریاستچ بییہ بادشاہ دیپ چنن کور بیلسپور قیم، تہ کور یہ جایہ پننہِ دارالحکومت بنو۔
1848,"سٹیا گراہا تہ پورنا سوراجس درمیان ربطہ ہُند حوالہ دِنہ کرنہ باپت گاندھین وُچھ ""سہندِس تہ کٔرِس درمیان چھِ"
1849,یہِ واقعہ چُھ اپریشن بلیو سٹار ونان ۔
1850,س کٔر 1996 منز رومانٹک ایکشن فلمہ جے تہ 1999 منز گییر تہ 2000 منز رومانٹک ڈراما رفیگی منز مزید کردار ادا۔
1851,"یہِ قصہ چھُ ستیاجٹ رے سندِ مختصر قصہ ""پتول بابو، فلم سٹار"" ہُند اکھ مُطبِق۔"
1852,چہِ ہنزِ اعصابچ ناکام یا غلطی ہُند بازوری ہُند حالتس منز ہیکہ بییہ پیچیدگی گژھِتھ ۔
1853,موریہ سلطنت (3میٖزِ صٔدی قبل مٔلیٖم) ہندِ متنن منز چھُ ذکر زِ ریاستن کٔر دریاو پیٹھ آبدی ہندِ خدمات خطر مزارع
1854,ڈرمِس ہیکہِ پانژ ؤریہ تام روزان۔
1855,"کلائنٹ: ""یہِ واقعہ زِ چلنہ کس فاصلس اندر چھِ اکھ سکول چھِ اکھ شاندار تلاش۔ یہِ چھِ مے شُرِ خطر کامل۔"""
1856,تاہم، وِلکنسن چھُ جُنکوہِ پیٹھ سچچ تصدیق کرنُک انتظام کران، تہ اکھ پریشان جانسن پتہ چھُ شُکھن (شھب بھٹچریا)، یِم
1857,پتہ، انیتا پنچگنی تراونہ پتہ، سہیل چھ تِہ پننہِ خط لگان یتھ منز یہِ وضاحت چھُ زِ تِم چھِ الگ طریقہ بناونہ ی
1858,تٔمۍ گِیُن مونٹریل کینیڈینزس ستۍ نیشنل ہاکی لیگ منز 74 گیم۔
1859,1995 منز، اورکل سسٹمز کارپوریشنن کور پنن ناو اورکل کارپوریشن تبدیل۔
1860,ویلسن جونز، مایکل فریرا، گیٹ سیٹی تہ ونہِ پنکا ایڈوانی ہُند غلبہ شمل چیمپئن چھِ مُلکُک پاور ہاؤس سنز حیثیت
1861,مے چھس پٹھۍ پریشان یس دردس متعلق یم بہ چھس محسوس کران۔ کیا یہ چھٗ کنہہ سنگین؟
1862,پُسنہ کِس گڈنِکِس دہس منز چھِ پیشکارن ہندِ تعریف یوان۔
1863,بادشاہ XI پُجابَن کور نہ اتھ ؤرۍ چیمپینز لیگ ٹی 20 خطر کیوٗفیٹ۔
1864,پنجاب، ہندوستانس منز آو کیٹ فلائی کرنہ خطر پابندی دِنہ آمُت، یِتھ کٔنۍ زِیاد موٹر سائیکل سٹارِ ستہِ موتہ س
1865,آرکیوولوجسٹن چھِ بیکر پٹیری، فلٹ ایسی تہ سونہ ستۍ بناونہ آمتہِ چھِ ہندِس سجاوُن ولۍ ۔
1866,"یہ لڑیی شکل چھُ ""چھو"" رقص ناو ولِس مقمی رقصس منز زاندتہِ تہ امہِ رقص ستۍ چھُ امہِ مارشل عناصر پوٗر جذب"
1867,برینٹ وڈ چھ 1997 پٹھ روکنگھم کاؤنٹی ہُک کاؤنٹی سیٹ۔
1868,یہِ چھُ مدورایہ پیٹھ 25 کلومیٹر (16 میل) پٹھ واقع۔
1869,ییلہِ تُہۍ بونڈ خریدری چِھ، تُہۍ چھُ اکھ کمپنی یا حکومت ہندِ قرض خریدری کران۔
1870,اکھ مشور کرنہ آمت تھر ہارڈ چھُ 33 الیکٹرانولٹ، یُس آبنی مولکول یونیز کرنہ خطر ضروری توانیییات چھُ۔
1871,سُہ چُھ الیکسینڈر لوکشینکو ہُند ایسڈ ہاکی گروپُک سربراہ۔
1872,اوسط ریفریکٹری دور چھ تقریبا نصف گھنٹہ۔
1873,مے کٔر زیاد ردعمل ییلہ أکِس کلاسس سندس بڑس منز مے زیاد کرنچ کوٗشِش کٔر۔
1874,صنعتس منز چھ تہِ متثر گژھان یتھ کٔنۍ ٹیباسکو گورنر اینڈریس گرینیرن ذکر کورمت، ییمہِ وون ز ٹیباسکو پیپر کاشتک 100 فیصد چھِ گژ
1875,اگر توہہِ ہیکوِو، پریتھ دہ پننہ صنعتس منز پٹھۍ پٹھۍ پٹھۍ پٹھۍ پٹھۍ پٹھۍ پٹھۍ پٹھۍ پٹھۍ
1876,بودھ ادبس منز یوگا ہُک ساروی کھتہ زاننہ آمتہِ بحث، یتھہ جدید مُطبقس منز سمجھنہ یوان چھ، چھ پتہ بو
1877,تربیتس منز چھ ملییی مشق، نظریہ، مظہرچ کلاس تہ واریاہ عمل شمل۔
1878,یِم چھِ اکثر 16 ہمہ صدی دوران بناونہ آمُت۔
1879,روایتی آرچری چُھ ونسہِ زیاد تر لداخ تہ ارونچال کِس دور شُمال ریاستَن منز مُمارِص کرنہ یِوان۔
1880,ایمیٹر کیمرے فوٹوگرافی چھ ہیلی کاپٹرس ستہِ جھڑان کران ییلہِ اکھ چھِ بینسہِ سندِس ستہِ ستہِ ول
1881,سُٹراڑھارا چھ اکھ سٹائل یُس اکھ قصہ ونان چھُ تہ وِسناویسمس سندِ روحنی معیار پوٗر کلاسیکی شکلس منز پیش کران چھُ: ن
1882,یہ چھُ موجود مقبول استعمالس منز آساناسن ہُند پٹھۍ پوٗر پوٗر پوٗر پوٗر پوٗر پوٗر پوٗر پٹھۍ ترقی ہُند علامت
1883,آب و ہوا تہ ٹوبوگرافی چھٗنہ زِیاد کھیلن خطر اکھ ۔
1884,اکھ رجنہ چھُ لہانگا، اودھانی، کورتی یا پوشاک پوشان۔
1885,تم چھ ونڈوز ایکس پی تہ اپ تہ میک ایس او ایس 10.6.8 تہ اپ ستۍ کم کران۔
1886,کُنڈالپور چھِ بِہارَس منز ساروے کھتہ اہم جین پَرو منز اکھ۔
1887,مے چھ فون پٹھۍ پٹھۍ تہ کمِس صارفین سرِیٖن ہندِس خدمتس منز ژھٹہ یوان زِ نہ پننہ چیک بوک موقتس
1888,شیوان کور پننہ طاقت یا اچینٹی شاکتی پٹھہ طاقتور جنگجو، سکنڈا بناونہ ستۍ پننہِ درخواست دِنہ۔
1889,ایرانس ستۍ دیپلوماٹک ربطہ چھِ روُد گژھان، تہ ایران-پاکستان-ہندِیا گیس پائپ لاینس پیٹھ مذاکرات چھِ روُد گژھان۔
1890,سپٹل فیلڈز، برک لین تہ شوریڈچ ہندۍ واریاہ مشہوٗر جایہ چھ مشرقی لندنس منز۔
1891,سُہ اوس عدالتس تہ باقیہ طالب علمن ستۍ واریاہ مقبول۔
1892,زھوب دٔریاوُک وسیع علاقہ چھِ الوویل شکلہ ستۍ قبضہ کرنہ یوان۔
1893,سید تہ ترشا چھ دوبار گژھان تہ پننہِ بچہ ستۍ خوشی ہنز خاندنی زندگی شروع کران۔
1894,پُجابی کھینچ اکھ اہم خصوصیات چھٗ امیُک مختلف قسمچ پکان۔
1895,ناگا لوک بتھ چھ دشونی رومانٹک تہ تریخی، یتھ منز مشہوٗر ماہن والین تہ واقعن ہند پور قصہ چھٗ بیان کران۔
1896,کرونن کور مختلف جانورن منز زاونی ہندین ہندس طورس منز زاونی ہندس طورس پیٹھ کم کرنہ ستۍ پرمیٹس ستۍ ک
1897,تمہِ سُند مل چھ ٹیلی ویژن ہندۍ موسمچ مل تہ تمہِ سُند مل چھُ سفرچ ایجنٹ۔
1898,تمہِ سُند مل چھُ اِتھلیٖک تہ تمہِ سُند مل چھُ ایرِی۔
1899,لوٗکھ چھِ تِہ واریاہ جانورن تہ مُلکِس جمژس وچھان۔
1900,یہ چھُ وضاحت کران زِ لوٗکھ چھُ آن لائن تہ چٹھ کرُن یژھان چھُ۔
1901,کِس لگَس منز سہِ کُمار، جینی دیوان، جِیڈ اکٹھر، آرکو پرووو مُکھرجی تہ سایڈِ کوڈری سندِنہِ لیسٹ کر
1902,اتھ صورتحالس منز چھ اکھ لکٹ سفید جھوٹ ٹھیک۔
1903,انٹرنیٹ چھِ وچھِ دنیاہس منز بوڑ چیز لونہ آمژ، مگر اتھ چھِ سپیم، فشنگ، دھوکہ دہی تہِ لونہ آمژ۔
1904,تمہِ سنز نیچِ رینڈیرن کٔر فلم ہدایت کری، تہ یہ آو 1991 منز ریلیز کرنہ۔
1905,امیُک گڈنِک ایڈیشن آو 15 اپریل 2014 ایف ایس پیٹھ ریلیز کرنہ۔
1906,امہ پتہ آو اٹار پردیش تہ مہاراشٹر تہِ فلمہِ ٹیکس مفت حیثیت دِنہ۔
1907,یہ کھیل چھ 20 منٹن ہندس نصفس ستۍ گِنڈنہ یتھ منز 5 منٹن ہندس نصفس منز رکاوٹ ستۍ ییت
1908,1980 منز سۍ تِم امریکہس منز ساتوے ساروی کھوتہ بوڈ تیل کمپنی۔
1909,یہِ آو 1960 منز ایڈورڈ دالدیئر جڑِ ہُند آغاز ستۍ تباہ کرنہ ۔
1910,بینڈ سندِ ٹور بس گژھہ سڑکہ نیبر تہ گژھہ ۔
1911,مے چھِ زیاد پریشان تہ مایوس محسوس کران ییلہِ مے کمس منز پننہِ پریشر تہ پریشرچ انتظام کرنچ کوٗشِش کران چھ
1912,واریاہن مُلکن منز چھِ فالافیل اکھ مشہوٗر سڑکہ کھین یا فاسٹ کھین۔
1913,یہِ اوس کافی ماننہ یِوان تہ آٹھ بٹَن پیٹھ آو اکھ بائٹ قیم کرنہ۔
1914,مے ملی ہندِ انتظام کرنہ ستۍ چھِ مے ذہنچ آرام دِوان تہ مے مے مستقبلکہِ سرمایہ کری ہندِ منصوبہ بناونس منز اجازت د
1915,ڈلی، بچر، یا سمندری کھتہ کینٹرس منز چیزن خطر چُھ نظر۔
1916,تہہ ہیکہ اکھ کار فنڈ شمل کٔرتھ ییمہ ستہِ تہہِ ریکارڈنگ تہ تیلہ ہندِ تبدیلی خطر ادایگی کرنہ خطر پ
1917,غلط زیاد یا عام تصدیق ہیکہ منز نظر آسنہ یوان۔
1918,ڈاکٹر دٹا چھُ لٹہِ ہُند اہمیت تسلیم کران تہ چھُ سٹیہَس اتھ تباہ کرنُک زور دِوان۔
1919,مینس اپارٹمنٹ پیچلس منز رہائشی منز اکھ چھ اتھ زیاد ناراض ز بہ چھس تٔمۍ ستۍ مخالفت کران۔
1920,دشونی سکن ہندِ طرفہ چھِ سفید۔
1921,یہِ چھُ اوڈیشہ، جارکھند، بیہار، سکیم تہ آسام ہندِ ہندوستنۍ ریاستن تہِ سرحدس منز۔
1922,چونکہ ذتی خریدارن کور خریدارن ستۍ کم کرنہ تہ پننہِ مارکیٹ کرنُک ضرورت، کالج تلاش یِم 2 یا 4 ؤری درج پیش کران چھِ ۔
1923,پولیس افسر تہ نژادی سفیدن کور کلب تہ گیس ہندِس ستۍ مارکرَن ہند حملہ۔
1924,سُہ چھُ راج دابس ستۍ ہندوستنہِ پُنگابَس منز جدید شہر باٹِنڈا، باٹِنڈا منز بَڑِس قدیم قلعہ بناونہ خ
1925,سوارٹ ویک چُھ سویڈن کس وسٹرنورلینڈ کاؤنٹی منز سندسوال بلدیہ ہُند اکھ علاقہ۔
1926,76 کلومیٹر (47 میل) طویل، یہ چھ کروکرامس منز ساروے کھوتہ زیاد گلیسیئر تہ دنیاہک غیر پولار علاقن منز دویمہ زیاد زیاد۔
1927,ہیربیوور چھِ یونونس منز کیروٹینوائڈ استعمال کران تہ یِم ریٹینل تبدیل کران۔
1928,پرتھ دہ خطر انٹرایہ چھِ لفظی طور ناو ستۍ درج کرنہ یوان۔
1929,عام طور، مگر ہمیشہ نہ، یہ چھ ز سطحن منز تقسیم کرنہ یوان۔
1930,مے چھٗ پریتھ ییلہ بہ ژھہ پٹھہ پٹھہ پٹھہ پٹھہ پٹھہ پٹھہ پٹھہ پٹھہ پٹھہ
1931,ونسہِ تہِ چھُ 1.5 کلومیٹر نہرو ٹرافی بوٹ ریس ساروے کھتہ زیاد پرستیدار۔
1932,قدیم کانونشنن ہندِ ناو چھُ عموٗمَن ز یا ژور سلبلن ہنز، یِم وسطس منز اکھ سُنانٹ، اکھ نیم وول ستہِ شروع
1933,"اناپراشنا لفظک مطلب چھ ""کھنہ آمت کھتہ کھتہ کھتہ کھتہ کھتہ کھتہ کھتہ کھتہ کھتہ"
1934,شیواجی اوس اکھ طاقتور انتظامی ییمۍ اکھ حکومت قیم کورمت یتھ منز جدید تصور یتھ کٔنہِ کابینہ، خارجہ پالیسی تہ اندرونی ذہتی شمِل س۔
1935,مے اوس قدیم رن ڈاون مندرچ دروازس پیٹھ درجہ کھتہ ییلہ مے یوان ز یہ آو مے دھوکہ۔
1936,کھتہ کھتہ کھتہ کھتہ کھتہ کھتہ کھتہ کھتہ کھتہ کھتہ کھتہ کھتہ کھت
1937,تم چھ خون، بییہ سڑک گنگس ستۍ ریلہ۔
1938,157 میلہ کھتہ زیاد فاصلہ پیٹھ، وائٹ آویکوَن کٔر 69 نوتَن ہُند اوسط، حالانکہ بوززیَن کور اکھ معمولی اٹلئی شرو
1939,فری ڈی او ایس ہیکہ فلپی یا سی ڈی ستۍ انسٹال کٔرتھ۔
1940,"2012 ہس منز جری گژھنہ آمتہِ فاریسٹ ایسوروی آف انڈیا ہُند رپورٹَس مطبق چھُ اوڈیشہَس منز 48,903 کلومیٹر جری یُس"
1941,سُہ آو 2016-17 سیزن ہند آغازس منز پننہِ تِہندِ شروع کرنُک توقع۔
1942,روبو مشیر تلاش یم ٹایگ فٹ، وفاداری تہ شوبس ستۍ کاروبار کران چھ۔
1943,"وینگرن وون، ""سہِ سُہ آو سُہ رٹہ۔ توہہِ ہیکو نہ یہِ ونان زِ یہِ چھُنہ یِنہ یِوان۔"""
1944,باقی دکانن منز چھ صاف کرنسی ریک یا چھ انوینٹری صاف کرنہ خطر باقتی فروخت کران۔
1945,یہ اوس سستہ، تہ رپورٹن کور واریاہ وقت لگوان۔
1946,ریکارڈ بریکنگ ہُند سطحہ آو دیہ اورلینڈو انٹرنیشنل ہویییی ایئرپورٹَس منز تہِ گڈ کرنہ: ریکارڈ کرنہ آمُت سطحہ
1947,کمپنی منز ساروے کھتہ زیاد درجہ ور زنانہ رقص کار اوس عام طور پروپرا بلیرینا ونان۔
1948,دشونی بیک ڈوبکسس منز چھ لکٹن سروس باکس شمل۔
1949,مے چھ امید زِ ژاپنس منز چھِ ہم سبزی یا سبزی کھینہ یوان یِتھہ زِ نہ ہم گر گژھان۔
1950,یہِ چھُ امریکی ریاستی پرندِ ہُند فہرست ۔
1951,پوسٹم چھ اکھ گڈنِک شراب یس سی وی پوسٹ 1895 منز بناونہ آمتہِ۔
1952,تم چھ اکھ پولینسیان گروپ ییمہِ سندۍ آبدی ولۍ ییمہِ ونۍ فرانسیسی پولینسیہ چھے۔
1953,تُہۍ مکمل کرنہ آمتہِ آرڈرچ خرس پیٹھ، اکھ رسیپٹ پرنٹ کرنہ یِوان۔
1954,ہمالایہ چھُ ریاستس شمالس پیٹھ سرحد کران، مگر ریاستس زیاد تر حصہ پوٗر چھِ یِم علاقہ چھِ تِم زیاد پہاڑن پیٹھ الگ الگ۔
1955,ہمالایہ کِس جنوبس منز علاقہ چھِ زیاد تر یِم یِنہ یِنہ یِنہ یِنہ یِنہ یِنہ یِنہ یِنہ
1956,نٔوِس خاندار خاندار خاندار خاندار یا اکھ بہ ہندِس کٔرِس تہ گڈنِس سندِس سندِس سندِس
1957,اکھ انتقادی طور خطر ور پرتھ، یس خری بار 1876 منز وچھنہ آمتہِ چھُ، چھُ ریاستچ مغربی ہمالایہ ہس منز ہمالایہ ہن
1958,امہِ خطرہ كِنہِ وجہ ستہِ چھُ نیلے ایسبیسس نہ بییہ تجری طور ملِتھ ۔
1959,یہ آو جولائی 2004 ہس منز دویمہِ سِنگِر طورس پٹھ رلیز کرنہ۔
1960,ہایڈا ہنز میراث کینہِ مقام چھِ ہایڈا لوٗکن ہنز علاقہک حصہ۔
1961,کِشور سندِ تریِم خاندر اوس یوگیٹا بالی، تہ یہِ گوو 1976 پیٹھ 4 اگست 1978 تام۔
1962,گولڈ کوسٹ ٹائٹینز چھ اکھ آسٹریلیی پیشہ ور رگبی لیگ ٹیم۔
1963,لیہ پالیس چھ نو سٹوری ہنز سطحہ کھتہ زیاد۔ اوپر فلورس منز چھ ریوائل خاندان ہنز رہائش، تہ سٹوریل تہ سٹوریروم چھ کم فلو
1964,تٔمۍ سنزِ سلطنتس دوران، ٹیکسیلا ہندِ شہرین دشونی ہندِس بغاوت۔
1965,پانگنگ چُھ پانگنگ دریاوچ جنوبی ساحلس پیٹھ چُھشول پیٹھ لگ بگ 100 کلومیٹر (62 میل) شُمال مغربس منز لداخ رینجس ستہِ مساوی طور چلان
1966,ریڈ ونگز کور والٹیری فلپولاہن دنہِ دورس منز بییہ گول ستۍ پننہِ پیشادت بڑم۔
1967,فرُکھ ناگر چھُ ہِریانا، ہندوستان کِس گُرُگرام ضلعَس منز اکھ قصبہ تہ بلدیہ۔
1968,ریلائنس انڈسٹریز لمیٹڈ (ایر ایل) اوس 2004 تہ 2005 ہس منز ڈسکووریری نبر کل علاقہ ہند 25% دوبار کم کرنہ یوان، پروڈکشن شارنگ کن
1969,کینہہ ڈیجیٹل سرٹیفکیٹ چھ اکھ معیار، X.509 مطابقت۔
1970,میگھالیہس منز چھ واریاہ مختلف مل، پرتھ، رپٹیل تہ حصِل تہِ۔
1971,واریین ڈگریجنشن چھِ پیریفیئرل نیوروس سسٹم (پی این ایس) تہ مرکزی نیوروس سسٹم (سی این ایس) دشوے پیٹھ اکشنول زخمہ پتہ گژھان۔
1972,2007 منز کور برطانوی شوٹنگن بی بی ٹی آرجٹ شوٹنگ فیڈریشن ونان بییہ بییہ تنظیم جایہ۔
1973,تریخس دوران چھ کلیراہ ہند واریاہ بٔڑ تہ ایپیمیک۔
1974,ہارپر تہ روونن کور جمی اوسو پیٹھ ڈی ریکوننگ ادا کرنہ پتہ یہِ عنوان برقرار۔
1975,1 جنوری 2022 ہس منز ریلیز کور تٔمۍ پننہِ اگنۍ مختصر فِلم دہار۔
1976,ایچ پی چھ اِتانیوم خطر اکھ وائرلیزشن ٹیکنالوجی کنہِ یوان یتھ انٹیگریٹی وائرلیٹ مشینز ونان چھ۔
1977,وشنو کور مہابالی خلاف تشددس منز دیوتاہن منز شمل کرنہ نِش انکار ز مہابالی اوس اکھ اکھ اکھ اکھ حکمران تہ تٔمۍ سنز پننہ
1978,"تٔمۍ کور 8,456 ووٹ تہ کٔر پروگراسیو کنسرویو والٹر ڈینس ڈیلی خطر دویمہ ۔"
1979,مے اوس اکھ حیرت انگیز ییلہ امریکی سینیٹن وزیر اعظم مودی ہند عزت دِیُت۔
1980,ییلہ لوٗکھ پننہ کم مختلف طریقہ کران چھِ تِم تبدیل کرنہ یِوان۔
1981,کینہہہ طور اوس ہندوستان کہ ٹیسٹ کرِکٹک احساس اوڈی ایو ڈیی کرِکٹس ستہِ مطابقت کرنہ یِنہ یِم نہ تھاوان تہ 16 اوڈی ایو میچن پت
1982,این سی اے اے مینزِ اییس ہاکی رولز کمیٹی چھِ جونس منز اَمہِ تجویزَس پیٹھ ووٹ دِتھ۔
1983,نوراتری لفظچ مطلب چھ سنسکرتس منز 'نہ رات' ، نووا مطلب چھ نہ تہ رٹری مطلب چھ نہ رات۔
1984,ووٹرز ون ڈین اوڈنویجر مُود 7 اپریل 2020 86 وُہُر۔
1985,سابقہ فارموُل اکھ میک لیرن ڈیزائنر گورڈن موری چھٗ اکھ نوو ال الیکٹرک کار تلاش کران ۔
1986,امریکہ چھ روسس ستۍ انسان حقوقن ہندس خلاف ورزی تہ دموکری آزادین ہند کمزور کرنس منز بچاو کران۔
1987,کاتھک بحال کرن ولہِ حرکتہ کٔرِتھ مسلمان تہ ہیندۍ گارانن منز، خاص طور کاتھک مِسرا جٗملِیاتن منز۔
1988,مدونا تہ کیم بیسنگرس سہِ پریتھ کاسٹ ہیلینا ہندِ پٹھۍ، مگر یِمَن ہندِ حمایت کور۔
1989,سری نگر چھُ ہندوستنہِ ریاست اُتراکھنڈ کس پوٗری گَرھوال ضلعس منز اکھ شہر تہ بلدیہ کونسل۔
1990,پننہ زندگی کنٹرول کرنچ کوشش کرنہ باپت پننہ دوستن ہند بیمار، ایلیا چھ چیز پننہِ دنہِ منز لے کرنُک فصلہ کران۔
1991,یہ خطر آو رینڈلن پنن یقین اظہار کرنہ پتہ صرف ترے دہہ ییلہِ یہِ زِ اکھ نوو آریانا معاہدہ آو۔
1992,ترکیب چھ اکھ ٹیکٹیکل حرکتن ہند اکھ سیریز یتھ کینہہ زینچ حصل کرنہ خطر مارنہ یوان چھ۔
1993,ونہِ چھِ کینہہ زبان دان شک زِ یِمَن منز کینہہ گروپنگ چھِ مُقبل۔
1994,ؤریٖن منز شرح ستۍ 72 تقسیم کرو تہ تُہۍ سرمایہ کری منز زیاد گژھان۔
1995,تمام معاملاتن منز چھ نواراتری ہندو لنیسل ریتن ہندِس صاف نصفس منز گران۔
1996,س چُھ 2004 پٹھ سِڈنی ہِک لورڈ میئر ۔
1997,س سہِ تصویرن منز ڈی این اے ہُند ساخت تہ کمچ نظر۔
1998,اولمپکس ہس پٹھہ نہ تہِ ہنز شرمندگی ییتہِ تِم لیسوتھو پٹھ لُکھ پانس منز رلان چھِ ۔
1999,رامیا سستری، بھاما کالیپم سندس حوصلہ ستۍ، کور گولہ کالیپم، یتھ منز گوپی تہ برہمنس درمیان اکھ اخلاقی ساتریک گفتگو ہن
2000,س س 2015 پٹھ 2021 تام نیو یارک ہک لیٹیننٹ گورنر۔
2001,سُہ اوس 2000 تہ 2002 ہس درمیان ماحولیتی وزیر۔
2002,نیو یارک ٹایمز چھ کلاس تعریف کرنہ خطر کوینٹیل استعمال کران۔
2003,غیر آیونیزنگ اشعاع چھنہ صحتس منز اکھ اہم خطر۔
2004,زیاد تر آپریٹنگ سسٹم چھ گڈنِک ڈیٹا سٹوریج آلہ ونان یُس بٹ آلہ استعمال کران چھُ ۔
2005,یہِ ہیکہ عالمی کریٹسیوس-پلیوجن انسٹینشن ایونٹس منز حصہ لگان، ییمہِ ستہِ ہندوستانس منز بٔڑِتھ کم غصہ ولۍ محسوس گ
2006,یہ اوس اصلیو سر ہندِس پٹھ بچاو کرنہ خطر ڈیزائن کرنہ آمژ۔
2007,"چینس پیٹھ حملہ کرنہ خطر، محمد بن طوُلکن ہمالایہَن پیٹھ 100,000 فوجی، یِم تمہِ سندِس فوجک اکھ حصہ۔"
2008,گارڈنر زاو 24 اگست 1924 نیو مارکیٹ، سوفولک، انگلینڈس منز۔
2009,ٹود سندِس صوُرتس مطبق اوس پڈمینی سییلونچ چوہن حکمران ہمیر سنک سندِ کور۔
2010,اودیسی پیشکشن منز چھ باقی ریوایٹس ہند خیالات تہِ بیان کرنہ یوان یتھ کٔنۍ ہیندۍ دیوتا شیو تہ سوریہس ستۍ ربطہ ی
2011,اگر بہ راتس منز بیدار گژھہ میچ دیکھنہ خطر مینۍ مے مینۍ ماجہ میکِس ستہِ ہیکہِ مے ستہِ ہنز
2012,مے اوس یہِ کام کرنہ برونہہہ تہِ کارپینٹر سندِس ماڈیولر کینچ قیمتس منز داہِیتی اضافہ ستہِ پریشان۔
2013,یہ علاقہ ہند ز ترے (4400 کلومیٹر) چھ کیرالہ اندر تہ باقی علاقہ (1786 کلومیٹر) چھ تامل ناڈو منز۔
2014,کینہہ دہائیہ برونہہ، یہ دریاو اوس اتھ سخت موسمس دوران سختی سان بہاوان۔
2015,اکثر یِم کردار چھِ تِمَن کھیلان لوکن کھتہ بہتر زاننہ یِوان۔
2016,ترکیب چھ ز رتہ پٹھ نوو پٹھ بناونک اکھ طریقہ۔
2017,امتی منز دویمہِ ایریا آو 2012 ورلڈ چیمپین شپ خطر بناونہ، مگر یہ آو پتہ کم کرنہ۔
2018,کلیو کور 10 مئی 1773 ہس منز ہندس منز پننہِ رفتارس منز پارلیمانی تحقیق دوران ہاوس آف کامنز آف پارلیمنٹس برونہہہ گواہ تہ دفاع۔
2019,دویمہ ساروی کھتہ زیاد بولنہ آمت زبان چھُ ڈوگری، یُس آبدی ہندِ 20 فیصد بولنہ چھُ۔
2020,سارن چھ واریاہ خطرناک، یتھہ زِ کنہہ چھ اتھ ستہِ رتہ یا اتھ منز سانسہ یوان۔
2021,کیپبلینکا آو 1916 پیٹھ 1924 تام آٹھ ؤریو ٹورنامنٹ ڈراما منز شکست نہ۔
2022,لیفٹ وینگرز ٹریے بروور تہ پٹرک شارپن کور گولس پیٹھ مدد فراہم۔
2023,یِم س 13 مہِ صدی پیٹھہ انگلینڈس منز استعمال کرنہ آمُت۔
2024,گجرات ہِیُک عدالت چھُ گجرات حکومت سندِ مرنہ ستہِ کنٹرول کرنہ خطر ہدایت دِوان۔
2025,2001 منز کٔر 168 لُکھ الیسمیئر جزیرس پیٹھ روزان۔
2026,مہی دٔریاو ہُند اصلچ درست مقام چھِ منڈا گاڑِ، یُس دھار ضلع مدھیہ پردیشس منز واقع چھُ۔
2027,سہِ مختلف واقعات یِم ہندوستانس منز شہری بے پوٗر حرکت ہُند قیادت کٔر۔
2028,اٹلانٹا اولمپکسس منز سٹور میڈل پٹھۍ، چینی چھ ونۍ سافٹ بال پریتھ سطحس پیٹھ ترجیح دِوان۔
2029,تمہِ سنز پیشکشن کور 60 ہِم فلم فایر ایوارڈ جنوبی منز بہترین سپورٹنگ اداکارز کیازِری منز اکھ ایوارڈ خطر تٔمۍ گڈنِ
2030,تٔمۍ کٔر 1952 منز تاماشہ پیٹھ 1972 تام منز تقریباً 17 فِلمہِ منز میینا کُماری ستۍ تقریباً 17 فِلمہِ بنو۔
2031,تِمَو کور سیکشن برقرار تہ ترووِتھ ییتہ ہاملٹ روزنکرینٹس تہ گیلڈن سٹرنس ستہِ ملاقات کران تہ ڈنمارک جیلس منز
2032,ہویی لاینن کٔر پننہِ گژھنہ دہہ باگگگاہ غلط جایہ تہ کٔر نہ تِہہِہِہِ مُعافِی کران، ییمہِ
2033,کُنہِ کُنہِ کُنہِ زنہِ کٔر پننہِ پور زندگیس منز پننہِ دُنیاہِ کنٹرول۔
2034,رینڈ برطانوی پاور بوٹ چُھ پٔتمہِ ترے موقعن پیٹھ چلان۔
2035,آب و ہوا ہند تبدیلی کی وجہ ستۍ چھ ہندوستانس منز گرمی وول ہند فرکاننی تہ طاقت بڑان۔
2036,یہ معاملہ چھ اپریل 1974 تام واپس یوان، ییلہ مسلح روبر لندن الیکٹرکٹی بورڈس پیٹھ قبضہ کٔر۔
2037,اکھ کہہ غیر معمولی پیشکش، مگر یہ چھٗ نہ عام شو، تہ یِم چھٗ نہ عام ضفی۔
2038,یہ چھ کینہہ پولیس فوج یا باقی اکھ قسمتی تنظیمہ تہ استعمال کران۔
2039,28 وُہِ ونہِ ہندِس کینایر مارک ٹورڈوفسکی چھُ قومی پرچم بیئر خطر منتخب کرنہ آمُت۔
2040,ٹراماٹک ایس سی آیی ہیکہ کنٹوسشن، کمپریشن، یا ٹرچ زخم منز نتیجہ بنتھ۔
2041,تِہ چھِ شِوانی پیااری ستۍ دوبار گژھان، ییتہِ س تہ باقی کورن پٹھۍ پرتھ کم کرنہ خطر مجبور گژھان چھِ
2042,یوانن سندۍ ز بوڈھِستنہِ مُشار چھِ شِنری گپھِن منز لبنہ یِوان ۔
2043,زندِ گڈنِچ نیچوِ چھُ بالی ووڈ اداکار وِیوِک اووروی، یُس 1976 منز زامُت تہ اکھ کورِ میگھن اووروی یُس کینہ
2044,ہارٹ ناکام چھ اکھ بیمار یس نہ کفی ہارٹ پمپ خون چھ۔
2045,سر جان مارشالس مطبق، پوشامیترا ہیکہ سزان ہند اہم مصنف، حالانکہ پتہ چھ شنگھ بادشاہن بدھ متک زیاد حمایت کران۔
2046,یہِ تریخ چھُ 7 ہمہ صدی قبل مسیحس تام شروع گژھان۔
2047,"ستمہِ پنلٹی پیٹھ کھیلچ اکھ کھلڑِ ""پھلان"" چھُ، تہ لوکر روم واپس گژھنہ خطر چھُ ضروٗرت۔"
2048,واد علاقہ، یس منز دوُنگربُر، پرٹپ گڑھ تہ بنسوارا ہندِ شہر چھِ چھِ جنوبی راجستھانس منز، گجرات تہ مدھیہ پردیشس ست
2049,اتھ عملس مطبق س نہ خاندر دوران پونسہ ادا یا رٹنہ یِتھ تہ یِم سہِ كنہِ كنہِ كنہِ كنہ
2050,تاہم، نینا سندِ کمپنی ہُند دُعا چھِ مقاومت کرنہ خطر زیاد مضبوط، تہ سُہ چھُ متعارف کران۔
2051,1 نومبر 1956 ہس منز، ہندوستنۍ ریاستن ہندِس دوبار ترتیبس دوران، لیکشدیپ جزیر مالابار ضلعہ نِش الگ کرنہ تہ انتظمی مقصد خطر ا
2052,تم چھ پننہ بینک خراب کران تہ پننہِ آبدی ہندِس سطحس پیٹھ مواد جمع کران۔
2053,تہہ کھتہ کھتہ کھتہ کھتہ کھتہ کھتہ کھتہ کھتہ کھتہ کھتہ کھتہ کھتہ
2054,یہ چھ اکثر طوفانَن منز گژھان، خاص طور قریبی رتہ روزن ولین منز۔
2055,کیریئر اوس یہ ہیکان ز تم چھِ رٹنس منز سانسہ یوان ۔
2056,حقیقت یہ چھِ، سارڈار سندِس نیچِس منز چھِ پرتھ تہ پرتھ پرتھ پرتھ بنگالی ریمیکس منز مشہوٗر طور پٹھۍ پیش
2057,یہ آو ٹھہِ درجہ خطر انگریزی ہنز مُقابلہ خطر لکھنہ۔
2058,مے چھس ونہِ پٹھۍ پریشان گژھان۔ خری دن اپارٹمنٹ یِم تہہ مے ہاونہ آمژ اوس مینۍ بجٹس پیٹھ زیاد۔ کیا ت
2059,کمپیوٹرک باقی حصہ چِھ اتھ ڈی سی پاورچ ضرورت یتھ تِم کم کرِتھ ۔
2060,مستقبل خطر بچاونہ خطر چھٗنہ کانہہ صحیح یا غلط وجہہ ؛ اہم چیز چھٗ یہ زِ تہہہِ ساروے کھتہ اہم چیز چھے ۔
2061,ونہِ چھِ دریاو پننہِ برِتھِ خطر اہم چیلنجہ یوان ۔
2062,اَوورڈوز اَوورڈوز چھُ ییلہِ کُنسہِ کُنہہ کُنہہِ کُنہہہ دواہ زیاد پٹھۍ لنہِ ۔
2063,پِبَم: پِبَم چھُ اکھ میتی مِنِی پوُری ناو یا اکھ خاندنی ناو یُس ہندوستنۍ ذٔریعہ چھُ۔
2064,پننہ بچت ہند مقصد متعلق کھتہ کھتہ کُنہِ ، یتھ منز گھر خطر بچت، ریٹائرمنٹ خطر تہ بییہ بٔڑِ خریدری خ
2065,لٹینی لکھر لیکٹینٹِسن کور یہِ لکھ زِ 309 منز کور کنسٹینٹننُک عنوان ۔
2066,یِم تمام کارٹرِ ہندِ ذخیر کرنہ خطر آو یونیکوڈ تیار کرنہ۔
2067,یہِ چھُ یَکشگان سٹائلَس (تھیتھ) تہِ پیٹھ مُطبِق۔
2068,برعکس، خدمات ہندس شعبس منز چھ قومی شرح کھتہ زیاد شرحس پیٹھ بڑان۔
2069,کلونی ہیکہ کینہہ دواہس پیٹھ ردعمل تہِ پٹھۍ گژھتھ۔
2070,یہِ آو چنڈی گڑھس منز پننہ میڈ آرٹس فلم سکولس منز شِٹم کرنہ ۔
2071,ریاست چھ 17 بٔڑ قبیلہ ہندِ گھر - اینگامی، آو، چاکھسنگ، چانگ، کچاری، کھومنینگ، کنیاک، کوکی، لوتھا، فوم، پوچوری، رینگما،
2072,تِہ آو سُہ ز مجرمَن ستۍ کرسہِ۔
2073,2010 پٹھ چھ کیرالہ کِس مختلف شہرس منز پرتھ ؤرۍ کیرالہ کیئر پررِینہِ منز منعقد گژھان۔
2074,تُہۍ رفتار چھُ مے دور کران۔ مے چھُ کنہہ تہ بہ نہ تہہِ دوبار وٗچھنا یژھان۔
2075,ڈاکٹر چھے سندِس سکرِس یا سفیدس منز اکھ لکٹ اِکِشن کران۔
2076,اعصاب ہُند کورس منز چھُ اوکلووموٹر اعصاب ہُند اہم ٹرکن شمل، یُس ویسا ویسورم ستۍ فراہم کران چھُ۔
2077,بونڈ چھ ییلہ تہہ خاص وقتس پیٹھ اکہِ حکومت یا کاروبارس منز رقم قرضہ دِوان چھِو ۔
2078,فیدری اکھ فیدری چھٗ اکھ شخص یس کنہہ بینہِ پینسہِ یا باقی چیزہ ستہِ چھِ ۔
2079,کمپنی کٔر پننہِ مصنوعات تہ ایپلیکیشنن منز تہِ بہتر بناون۔
2080,ونہِ چھِ یہِ ماحولیاتَن منز توانیی ہُند نقل و حملچ ثبوت وچھان۔
2081,مے؟ پریتھ کٹہِ ہُند لُکھ، یُس سندِس ستہِ گڈنہِ ہُند پٹھۍ پٹھۍ پٹھۍ پٹھۍ
2082,تبت چھ زیاد تر ریاستچ شملی تہ مشرقی سطحس منز روزان۔
2083,"وِکی نِیوُز ہُند 28 زبنی ایڈیشن چھِ یِتھ منز تِمن منز 235,000 کھتہ زیاد رجسٹرڈ صارفین چھِ۔"
2084,بھچو چھُ ریاست گجرات، ہندوستان کِس کُچ ضلعس منز اکھ شہر تہ اکھ بلدیہ۔
2085,یہ چھٗ تِہ وجہ زِ بجلی چارج چھُ اکھ بجلی فیلڈ بناوان ۔
2086,فیری ہینڈن-ڈ فیری ہینڈن چھ گڈنچ برطانوی بمبر یس دھاتس منز بناونہ آمتہِ چھ۔
2087,ورون سندِ بہ رِکا چھُ زِ جوڑِ چھِ مشور دِر انند جوشی سندِس مشہور زراعتک ماہر ڈاکٹر ستہِ ملنہ یوان، یی
2088,پیتر گوو مسکو پیٹھ پایتخت سینٹ پیٹرسٹرزگرس ناو اکھ نوو شہر منتقل۔
2089,روایتی پٹھۍ پٹھۍ پٹھۍ پٹھۍ پٹھۍ پٹھۍ پٹھۍ پٹھۍ پٹھۍ پٹھۍ پٹھۍ پٹھۍ پٹھۍ پٹھۍ پٹھۍ پ
2090,عرب سمندر ہندِ شاخ چھُ شُمالس پٹھ حرکت کران تہ مغربی گتھَن ہندِس بادِس طرفہ چھِ امہِ سندِ زیاد تر روُد ریشِش کران
2091,ونہِ چھِ ونہِ تِہِہ باقی یِہ ریل واے سٹیشن یتھ منز اتھ ناو تہ مِن گارڈ گٹَس تامل ناڈو کِس تِروچِ
2092,تٔمۍ گِیُن ایسٹرلا دہ امڈورا، اولہینس، وِٹوریہ ڈی سیٹوبال تہ بوویسٹاہ خطر۔
2093,یہ علاقہ چھ اکھ اکھ اکھ ہندوستنۍ ضلعہ بنان یتھ منز 10 ذیلی ڈویژن چھ۔
2094,دیوی چودیشوری ہُند اکھ بوڑ مندر چھٗ یِہ ۔
2095,امیُک لوٗکھ چھُ مختلف عیسییی مذہبن ستۍ وابستہ، یِم زیاد تر شُمالس منز پریسبیٹیرین تہ جنوبس منز بپٹسٹ چھِ۔
2096,مُلکَس منز س نہ کورونا وائرس ہُند کانہہ معاملہ تصدیق کرنہ آمُت۔
2097,نیومنن چُھ ونان زِ سُہ گڈ نہ بییہِ نہ بییہِ نہ بییہِ نہ بییہِ نہ بییہِ نہ بییہِ ۔
2098,ییلہِ یِم جنگلَس منز چھِ یِوان چھِ یِوان 10 پیٹھ 14 ؤری تام روزان ۔
2099,تمہِ سنز تنظیم چُھ ونان زِ پانژھ ملین کھتہ زِیاد طالب علم چھِ لوُس تحت بودھ پٹھۍ پناہ حصل کران۔
2100,یہ چھ زیاد تر کاسمنس، اکھ سابقہ پرتگالچ کولونی علاقس منز۔
2101,مگر کُنہِ کُنہِ تِہہِ تِہہِ تِہِہ چُھ تِہِہِ تِہِہِ تِہِہِ تِہِہِ تِہِہِ تِہِ
2102,یہِ نوٹِ ہُند ذٔریعہ کٔرِتھ پٹھۍ یہِ گپھِ ژوٗرِمِس صدی عیسوی ہِس تام دِنہ۔
2103,ییلہ پانڈوا بادشاہت ہندِ دعوی کرنہ تہ پننہ احترام ادا کرنہ خطر ہسٹیناپورس منز آو، کرشنن، پننہِ غصہ محسوس کرنہ
2104,شکر گزاری دنہ پتہ چھِ سلِل کاربرِ بڈ تہ سائبر مندر، بڈ تہ مندر دہہ نہ بھول۔
2105,کیڈ اے کیڈ اے چھ بینڈ راڈیو ہیڈ کہ ژوٗرِم البم ۔
2106,ایف ایل آیہ 1964 منز پیٹھہ ینن ؤرین، 36 ملین امریکی ڈالر ٹیلی ویژن معاہدس منز دستخط کرنہ برونہہ اکھ اہم ریلہ۔
2107,تِم چھِ دعوا کران زِ تِم چِھ نہ ہومل ہندِس کُرن تہِ اکھِس ذمہ ستہِ ہندِس طورس پیٹھ ہنزِ ہ
2108,تمام جشنتی تقریبات تہ تقریبات چُھ ویدک مذہبچ پیروکارن منز ہومہ ہندِ پیشکش ستۍ شروٗع کران۔
2109,سُہ چھُ اکھ زنانہ یُس 1965 منز پننہِ زندگی بچاوتھ ۔
2110,گوبال IV یا جنگس منز مرنہ یا مدناپالہ سندِس قتلس منز۔
2111,1970 کس دہلس وسطس منز ہائی وول قسمچ مختلف کاشتن ہند تعارف ستۍ، چھ کھیننہ خلن ہندِ پداوارس منز اکھ قابل ذکر اضافہ کر
2112,یہ چُھ 1995 منز ڈیٹرائٹ، میشیگن منز قیم کرنہ آمُت۔
2113,یہِ چھُ یِمَن ہساین سندِس رتہ تہ مُترِمِس ستہِ رتہِ رتہ خطر یِنہ یِوان،
2114,ووتان تہ لوگی چھ تمام سونہ تہ والہالہ واپس گژھان۔
2115,انگریزی زبانہ ہنز حمایت آو 25 جولایی 2017 ہس منز شمل کرنہ۔
2116,امہ وقتہ چُھ مقصد یہِ زِ جاپن یِن ولِس تِمن جنگس منز تیار گژھِتھ یِنہ یِنہ یِنہ یِنہ یِن
2117,نیریج پانڈی آو پتہ فلم ہیلمس منز نزدیک ییلہ سُہ بیبی پیٹھ کم کران اوس۔
2118,دوبار بونڈ پتہ چھے اگلی پاس آؤٹلیٹ پاس۔
2119,کینژن گڑن منز چھ اپیتاپیوسس نہ گڈ اکینہِ مگر یہ چھُ پسلٹر پیٹھ اکھ قدِر گڈنہِ ستہِ 24 گھنٹہ
2120,یہ چھ پہاڑن ہند علاقس منز تہ یہ چھ اکھ بہتٔریٖن سیاحتی مقام۔
2121,"چوتھ بتھ، ""ایک ڈو ٹین""، یتھ منز جیکلین فرننڈیزن شمل چھ، 1988 ہِندِ فِلمہِ، ٹیزااب، آو اتھ فِلمہِ خ"
2122,کوواگوچین کور ڈادو پرسو سندِ سنزِ ستہِ سُندِس ستہِ سُندِس پیٹھہ پتہ ڈریجو سرنا س
2123,بولڈوگ اوس اصلیہ 1600 کس دہلس دوران بولن ہندس خلاف لڑنہ خطر بناونہ آمت۔
2124,کھیل چھِ ٹرانسٹر گِنڈنہ کِہ وجہ ستۍ تِہندِ مُحدد مدتہ کھتہ زیاد طویل گژھان۔
2125,"ہندوستانس منز سنسر بورڈن ہند طرفہ صاف کرنہ باوجود، فلمہ آو برطانیہس منز 15 سرٹیفکیٹ دِنہ ""دلہِ ہندِ حوالہ، دواہ"
2126,سلیم اوس نہ 1996 پیٹھہ فلمن منز واریاہ سرگرمی ییلہِ تٔمۍ سندۍ فلوڈ، یتھ کٔر 1988 تہ 1996 ہس درمیان اکایلا، ٹوفان تہ باقی،
2127,پننہ گڈنِک کلائنٹن پتاو اگر توہہ ہیکو تِم حوالہ كِنہِ استعمال کٔرتھ ییلہِ توہہِ زیاد لوٗکھ تام تِتھ ہی
2128,اِنورینری نظامک اکھ حصہ پٹھہِ چھُ یہِ جسمہ نِش اِرِین نِش گژھان۔
2129,یہِ ہیکہِ یہِ ہُند مشور دِتھ زِ مذہبی تقریب اگر کُنہِ، ہیکہِ زیاد تر مُفردہ ہاؤس، لکٹن مندرن، یا کھت
2130,گولفس منز چھ اکھ گولفیر اکہِ ترتیبس منز اکھ واریاہ گول ادا کران۔
2131,یہ چھ سی جی آیی منز کوڈ کرنہ آمتہِ تہ یہ چھ واریاہن پروگرامرن استعمال کران۔
2132,مہاراشٹرس منز چھ ریاستی حکومت تہ ذتی شعبس منز 1 مئی منز مختلف نوو پروجیکٹ تہ نظام شروع کران۔
2133,یہِ سیزور آیہِ دماغ کس طریقس پیٹھ بجلی ہندِ سیگنالہ سوزان کرنہ خطر مزید وچھنہ خطر مطالعہ کرنہ۔
2134,پتہ چھ مشرقی ریاستن تہ بنگلہگاہس منز حملہ کرنُک ساروے کھتہ عام طریقہ، یتھ منز چھِ سکواٹنگ تہ بڑس منز اکثر تبدیلیو
2135,ریاستچ بٔڑِس گھریلو مصنوعاتس منز چھِ مینییی آف سٹیٹسٹک تہ پروگرام ایمپلینمنٹشن ستۍ حیرت انگیز ترقی اطلاع دِنہ آمُت۔
2136,2010 چہ آبدی ہندِس مطابق، آبدی سہِ 90،336۔
2137,سُہ اوس گڈنِس ضلعہ پیٹھہ ہائیوا سینیٹک رُکُن۔
2138,زیاد تر چیز یم پہاڑن ہندس پٹھہِ چھِ وول چھِ وولانکنہِ طوفانن دوران گژھان۔
2139,کلاسیکی منی پور رااس لیلا رقصچ ژینل کور نبل لیوریٹ رابینڈرانت ٹیگور سندس کوششن منز اکھ دویمہ زندگی۔
2140,اکھ بٹرفلی فیش (چیتودون فالکولا) ہُند کلوسپ، لیکشدویپس منز۔
2141,نتیجس منز چھ ونہِ ؤرۍ ہُند کل روُدری ہُند جمع عام کھتہ اکھ انچ کھتہ زیاد۔
2142,کرشن نریٹیا تہ نادھ بھنگگی نریٹیا ہندِ پوش چھِ لورڈ کرشن سندِس کِس کِس کِس ستہِ مطابقتس منز زل
2143,ییلہِ بیس بال گول گڈنِچ بناونہ آمتہِ، یِم نہ واریاہ استعمال کرنہ آمتہِ۔
2144,اتھ منز چھ واریاہ لکٹہ گام تہ شمل یتھ منپین، ہاپر تہ ہسپار چھ۔
2145,کوینولف اوس کٹبرٹ، اکھ مہربان نبرن ہند نیچو۔
2146,صاف سِلور ستہِ بناونہ آمتہِ اکھ تار اوس فَنانَس منز اکھ سُہ تہ تارَس منز اکھ تار سُہ تار سُہ۔
2147,تہہ واریاہ شکریہ ڈاکٹر! مے چھٗ ونہِ واریاہ بہتر محسوس کران۔ تہہِ مدد چھٗ مے واریاہ مطلب۔
2148,امہِ کور معیلی ترقی پیٹھ سرمایہ کری ہند امید تہ وجپایے سندِ پاکستانس ستہِ صلح ہندِ آغاز کرنہ باپتہِ شہ
2149,سِکھَن، یِتھہ برونہہہ نمبر تھاونہ آمتہِ، رہنَس منز دِژ تہ دہ اکتوبر 1710 ہس منز رہنَس منز لڑ
2150,شرابہ ہندِس نسخہ دارن ستہِ مرکب کرنہ ستہِ چھ اکثر زیاد یا تیز رفتار خراب گژھان۔
2151,"""نئے آریوالز"" سیکشنس منز اتھ سٹورچ ساروے کھتہ جدید مصنوعات، پتہ ""فیکچرڈ پروڈکٹس"" پیج، تہ کینہہ چھٗن تہ خاص"
2152,تم چھ اکھ جمع کران، شراب پکان، تہ بوس کران چھ۔
2153,سُہ چُھ گینگسٹ ہاسموکھ، اوسمن بھایی تہ آنا شیٹی یِنہ یِوان۔
2154,بین الاقومی مے تھائی منز 1980 کس دہلس تام اوس گرین سٹاک ہُند اجازت دیتہِ تہ تایلندس منز چھِ وچھنہ جزوی طور اجازت دیتہِ۔
2155,2015 پٹھ پننہِ مرنہ تام اوس سُہ ہیلیٖنک پارلیمنٹُک رُکُن۔
2156,کھارگون، کندوا، برہن پور، بیٹول، چھنڈورا، سیونی، انپُر، عمریا، شاہدول تہ سنگراولی ضلعن منز چھ آبدی ہند 30 پیٹھ 50 فیصد ق
2157,یہ شو گوو گڈنِچ 17 جنوری 1988 دن گھنٹن ہندِس طیارس ستۍ شایع کرنہ۔
2158,ہندوستان خطر ریاستچ سیکرٹری سندۍ ترے رکنہ، تہ سوویرینگ سندۍ دشونی۔
2159,اگر تہہِ تہہِ تہہِ پننہِ مشیر کرِتھ کرایہ کران چھِو، توہہِ چھِ تہہہ زاننہِ ضرورت زِ باقی شمل
2160,ایشاہ چھُ واپس گژھان تہ ونۍ چھُ پننِہ حکومت باقے خدن پٹھ خوف ستۍ شروع کران۔
2161,پیٹھہ کٔر 1970 کس دہلس ہس منز فیجی ستۍ 1970 کس شروٗعاتس منز برطانوی علاقن آزادی حصل تہ 1980 کس دہلس منز وانواتو ستۍ ختم۔
2162,یہ عمل چُھ ڈی ایل سیٹھاہ سیٹھاہ سیٹھاہ سیٹھاہ سیٹھاہ ہٹاونس منز نتیج۔
2163,آرڈر ڈی پیی پیروٹوڈونٹیا † مطلب چھ خاندان، جین یا قسم ختم کرن۔
2164,تاملکام کِس ابتدئی سِکن ہنز علامتن منز ترے تاج بادشاہ، طائر، مچھہ تہ بو، یِم چولاس، پانڈیا تہ چیراس ہنز علامتن
2165,فیس بکس پیٹھ چھُ یہِ مطلب زِ تہہِ ہیکہِ یہِ وچھِتھ کمپنی تہ باقی صارفین دشوے خطر پننہ پوسٹ عومی بناونُک ضروُرت۔
2166,گواسکرن کور تریٹن سولرس پنن برانڈ سفیرس پٹھ شمل۔
2167,1580 منز بنیو ڈریک گوڑنچ انگریزی ہنزِ لٹہِ یُس دنیاہس منز سفر کران۔
2168,ٹینک چھِ ریوٹَن تہِ معمولنہِ بٹنہ باپتھ استعمال کرنہ یوان۔
2169,کوپا کنسٹسٹوشن کوپا کنسٹوشن چھ اینڈورین فٹ بالس منز کوپا مُقابلہ۔
2170,تازہ ترین ثبوت چھِ پٹھۍ یِمَن افرادن منز چلنچ رفتارس پیٹھ موٹر تصویر ہُند مختصر مدتہ فید حمایت کران یِم باقے علاجن ہِندِ
2171,یتھہ ہیکہ فنکار یم غر غر غر غر غر غر غر غر غر غر غر غر غر غر غر غر غر
2172,تٔمۍ کور شکاگو کِس أکس دوستس منز پننِس دویمِس بیوی کرسٹین روہنس ستہِ ملاقات۔
2173,قبلہ اوس اکھ قبلہ ستۍ سرحدس منز تہ اوس قبلہ نزدیکہ مقمی تہ یورپی ہاؤسنگ ستۍ شہرس منز خدمت کرنہ آمت۔
2174,فوبیا چھ اکھ 2016 ہچ ہندوستنۍ نفسیاتک تھرلر فلم، ییمیک ہدایت کری پووان کرپالانی تہ پروڈیوسشن وکی راجانی چھ۔
2175,گاندھیس آو سیسی نتیجس منز حملہ استعمال کرنہ خطر الزام۔
2176,تم چھِ تِمَن پرننہِ ورڈنہِ منز اکھ سافٹ ویئر منز چھِ ۔
2177,سٹیکرس منز چھ اکھ نمبر یس پننہِ مصنوعات کوڈ پٹھۍ علامت دِوان چھ۔
2178,تراژدی تہ غمک ہندِ پیشکشہ خطر مشہوٗر روایہ اوس پننہ اداکری ہنزِ صلاحیتہ خطر زاننہ یوان تہ اوس ہندوست
2179,یہ چھ دشوے خطر اہم اگر توہہِ ایجنٹ سندِ حل ستۍ خوش چھِو یا اگر توہہِ نہ خوش چھِو زِ تِمَو کِہِہ تِہہِ کس
2180,پُلیٖس کور اتھ علاقہ محفوظ کرنہ خطر پُلیسہ یوان۔
2181,"پننِس دویمِس ٹیلوگو فلمَس منز، ہگڈن کٔرِو ""مُکُنڈا"" پیٹھہ ""گوبِکامَس"" بتھ منز پننہ یادگار پیش"
2182,شکر گزاری ہندِ دہ پتہ یہِ ولہِ ولہِ ولہِ ولہِ ولہِ ولہِ ولہِ کھینَس پیٹھ آسان تہ اگر توہہِ ہیکوِ
2183,بچاوتس منز چھِ بیمار گژھنہ ولۍ علاقن منز مچھلی ہندِ بٹ کم گژھان تہ کانڈمُک صحیح استعمال شمل۔
2184,یہ فلم چُھ 2 اگست 2013 ریلیز کرنہ خطر سلاٹ کرنہ آمُت۔
2185,سکرول کِہ نندینی رام ناتھن کٔرِ رانی فِلمہِ منز رناوت سُند کردار 2014 ہِندِ ہِندِ فِلمہِ منز بہترین کردار منز
2186,جھیٖل میک کیری چھِ سمندرس ستۍ سوانسی چینل تہ جھیٖل انٹرینس ستۍ رلتہ یوان۔
2187,میی فیلڈس آو 2022 سیزن برونہہ کیرولینا پینٹھرزس منز تجارت کرنہ۔
2188,ابتدئی بصری کی بینڈ اوس گلم راک تہ ہیوی میٹلس ستۍ شدید طور متثر۔
2189,امریکہ ہس منز ہاوسنگ چھ امریکی معیشتک اکھ اہم حصہ۔
2190,تٔمۍ کٔر کمبٹور جنوبی پیٹھہ 2021 تامل ناڈو لیجسٹلیٹیٹی ایزنبللی انتخابس منز ناکام مقابلہ تہ کٔر بی جے پی مہلا مورچا صدر ونتی سریینواسانس س
2191,پُلکیشین II سندۍ سندۍ سندۍ سندۍ سندۍ سندۍ سندۍ سندۍ سندۍ س
2192,یہِ چُھ ستہِ گاسہ ہندس کھتہ مدد کرنہ خطر اکھ انضمام۔
2193,بٹسٹ مشنری جان چیمبرلین، ییمۍ ہریدوارس منز 1824 ہارڈھ کُمبھ مِلہ دور کٔر، وون زِ واریاہ تعداد چھے تجارت خطر
2194,تِمَو کور راجپوت جنگجو ہُند اکھ سٹراٹم پٹھ شروٗع یُس ہندِ زراعتہ پتہ فوجی یونٹَن منز جمع کرنہ یِوان
2195,ہندوستان کِس دٔریاوَس کٔر لگ بگ 50 ملین ؤریہ برونہہ بٔڑِتھ شروٗع ۔
2196,ہتھیار ؤری پتہ ییلہ تِم بڑو، اوس یہِ دنیاچ ترک کرنُک وقت آو۔
2197,یہ چھِ ڈیمینسیا تہ سکیزوفرینیا ہندین لوکن منز تہ انوکسک دماغ زخم پتہ وچھنہ یوان۔
2198,روایتی طور، اکثر مقمی آبدی ہندۍ کمژ زراعتک جھوٗم طریقہ (سلاش اینڈ برنہہِ ہندِ اکھ قسم)۔
2199,پٹھہ پٹھہ پٹھہ پٹھہ پٹھہ پٹھہ پٹھہ پٹھہ پٹھہ پٹھہ پٹھہ پٹھہ پٹھ
2200,اکھ اکھ اکھ اکھ ملِس پونڈس منز آب۔
2201,1960 تہ 1970 کس دہلس منز آیہ امریکہس منز گڈنِک جاپنہِ گاڑِ کنہ ۔
2202,1994 منز اوس اکھ بییہ بغاوت ییلہ زاپٹسٹن چیاپاس صوبس منز بغاوت کٔر۔
2203,سویڈن اوس ز میڈل ستۍ ساروے کھتہ زیاد مُلکن منز تہِ، یُس مِشکل ٹیمُک رُکُن اکھ تھاوان۔
2204,"وینکَس مطبق چُھ ونہِ ونہِ تہِ ""تاریخنی چُھ نہ تِمَن تُرکی منگولوڈ یا 'ہون' مانان، حالانکہِ تِ"
2205,س چُھ زیادگی ہُند مُتعارف تہ چُھ بہ ہُند علامت تہِ۔
2206,کھیلس دوران اوس برونہہ تہ بٔڑِ ہواہ بٔڑِتھ، تہ زامبونس آیہ پرتھ دورس منز یِہ ہُند پٹھۍ تِہرِت
2207,کنٹرولاس آی ورڈیلز گُزریو 6 جولایی 2020، 87 وُہُر۔
2208,یہ چھ اکھ زیاد زیاد كران: مثالہ، یہِ چھِ مُلکن منز سمہلا ہُند بادشاہ شُمل کران۔
2209,ہولی سیزن دوران فیجی منز گڈن ولۍ لوٗکھ گڈن چھ فہاگ گایان ونان۔
2210,مے چھُ یژھان ز مینۍ بڑِ بہ مینس ستہِ رولر کوسٹرس پیٹھ۔ بدلہ چھُ سُہ آبنی رِیڈس پیٹھ گژھان۔
2211,ایسٹییر ایسٹییرز چھ شُمال فرانسس منز شمالس منز اکھ کمیونیا۔
2212,سہیل چھٗ اَتھ وقتَس منز اَتھ گژھان ییلہِ تِمَن ونان چھِ زِ سَم تہ انیتا چھِ پریتھ راتہ جنسیچ تعلق، تہ چھ
2213,"سافیتا ایمبڈکر، ییمۍ ""مے"" تہِ ونان اوس، مُود 29 مئی 2003 مَس منز، مُمبیی منز 93 وُہُر۔"
2214,ٹرنر سنڈروم چھِ زایہ گژھنہ پتہ 2000 منز اکھ تہ 5000 زنانن منز اکھ درمیان گژھان۔
2215,یہ چھ 51°19 شمالس منز، 05°05 مشرقس منز۔
2216,پولو چھ اکھ گھوڑ بیک بال گیم، اکھ روایتی فیلڈ کھیل تہ دنیاہک ساروے کھتہ پرتھ مشہوٗر ٹیم کھیلو منز اکھ۔
2217,مندلا، بالگھات، سیدھی، جبل پور تہ باقی افقی مشرقی حصن چھ 150 سینٹی میٹر کھتہ زیاد روُد یوان۔
2218,سٹرک علامت چھ عام طور سیکنڈ پیٹھہ منٹ تام اچانک شروع گژھان، تہ زیاد تر معاملاتن منٹہ چھ نہ مزید ترقی گژھان۔
2219,"یہِ مطلب زِ پیشور بننُک مطلب آو پتہ ""پرو ٹکٹ"" واقعاتن ہندِ سیریز ستہِ بدلاونہ۔"
2220,یہ آو 1993 ہس منز سٹیون سپلبرگ ہندِ ہدایت کری منز اکھ فلمہ منز بناونہ ۔
2221,سڑکہِ پیٹھ چھِ روٹین تہ ٹریکن خطر رمپ تہ ریلہ۔
2222,سمگریماراوا اوس تٔمِس خوف تہ واریاہن ؤرین تام تٔمۍ پننہِ ستہِ روُتھ۔
2223,پانڈوکا ولۍ چھٗ اکھ آبدی ولۍ یُس نابی مومبیی ہُک اکھ مُقابلہ کھارگھرس منز واقع چھُ۔
2224,پتہ، تِم خدماتن مزید تفصیٖص سان بحث کرنہ خطر مشور خطر کال۔
2225,ییلہ ڈاکٹرن تصدیق کور ز مینۍ ماجہِ سندِ صحتس ستۍ اوس نہ کانہہ غلط۔
2226,گورنر سندِس کم چھ یہِ وچھناونہ یِوان زِ ریاستی قونوٗنی چھِ پوٗر۔
2227,اگر یہ علاج کرنہ یوان نہ، تیلہ ہیکہ سیفِلس واریاہ خطرناک بیمار ستھ۔
2228,یہ چھ 51°08 شمالس منز، 04°45 مشرقس منز۔
2229,یہ حالت چھ سطحنی وینن منز ساروے کھتہ عام یتھ منز چھ لگ شمل۔
2230,واریاہن بٔڑ کمپٔنین چھ پننہِ فروخت تہ مارکیٹنگ ڈِرنٹیشنن ستۍ کینہہہ مسلہ۔
2231,کیٹ تہوار چھ پور دنیاہس منز تفریٖقک اکھ مشہوٗر شکل۔
2232,س س 1983 پٹھ تٔمۍ سنز مرنہ تام کمپنی ہندِ صدر ۔
2233,پرتگالس ستۍ معاہدہ ختم گژھنہ باپتھ، تٔمۍ کور پرتگالس کٔرِس کٔرِس مٗلکِس منز مٗتنازعہ حل کرنہ
2234,یہ چھ پریشان کن ییلہ صارفن نہ پننہ وفاداری پروگرامچ فید نِش چھِ۔
2235,پٹھۍ بٔڑِ بٔڑِ بٔڑِس بٔڑِس ریکارڈ کرنہ آمُت اوس 18 فروری 2003۔
2236,اپیل سننہ پتہ، پننہِ جج کورٹ آف اپیلن پننہِ فیصلہ پتہ تروِتھ۔
2237,ڈرا، کارگل تہ لیہ آو آزاد کرنہ تہ لداخ آو فلٹرز نش کرنہ۔
2238,س چُھ عام طور پھولن ہندِ ستہِ تاج دِوان تہ رقص شروع گژھنہ برونہہہ اکھ بولان۔
2239,پرتھ ؤرۍ 21 مارچس منز چھُ ڈاون سندرمس متعلق وضاحت بناونہ خطر عالمی ڈاون سندرمس دہ منز شمل کرنہ یوان۔
2240,ناراسمیشہ مندر چھ پوٗری، اوڈیشہ، ہندوستانس منز واقع، گُنڈیچا مندرچ مغربی طرف تہ انڈراڈیومنا ٹینکچ مشرقس پیٹھ۔
2241,تٔمۍ کٔر 1980 کس دہلس منز اکہ وقتہ پٹھہ سیاستس منز تہِ شمل۔
2242,ملی ہند اعلان فارم، یو سی-1، یتھ توہہ ہیکہ پوٗر کرِتھ۔
2243,لفظی مُقابلہ ہِندِ پٹھۍ چھِ کُلِتھ تہ پیچید، یتھ منز زیاد تر تر تر تر تروِتھ کُلِتھ تہ/یا قبل ک
2244,سُہ اوس میجر لیگ بیس بال ٹیم اوکلینڈ ایتھلیٹکس ہُند مالک۔
2245,برطانوی مشنری یِم غالباً فوجن تہ سِلندِ خدن برونہہ سفر کران چھِ ، چھِ پروٹسٹنٹِٹس تمام قبلین تام پھیلاوان ۔
2246,ییلہِ ایڈیٹیہ سنز نوو خاندار تہ أمہِ سندِ ماجہ، گیائیٹری سنگھ (دیپتی ناول) پننہِ جری مکمل کرنہ باپت انتظار کر
2247,فیلڈ ہاکی چھ ریاستس منز اکھ مشہوٗر کھیل تہِ۔
2248,پروگرام ہیکہ ٹکٹہ ستۍ ٹکٹہ بناونہ یتھ منز یقین چھ یوان ز پرتھ ٹکٹہ چلاوان۔
2249,کوارٹر بیک چھ جرِی ہندِ قیادت ۔
2250,رڈونا گُزریو بوسنی آیرس ، آرٹینسٹاہس منز 82 وُہُر اِورٹک اییوریسمہ ستہِ ۔
2251,تہہِ ستہِ ونڈو خریدری منز کینہہ دوستن منز دعوت کرنہ ستہِ ہیکہ یہِ مزید مز آسان بناوِتھ۔
2252,لوک تہ اتیلا چھ آنا سنز جایہ تام یوان، ییتہ تم آنا کیمرچ خطر زیاد کران چھ۔
2253,سبرس کور شوٹوٹس منز 6-5 گیم زیننچ خری ییلہ شوٹوٹک اکھ ہیکہِ گول سبرس کِس ڈرایو سٹیفورڈس سندِس
2254,کڑنہ آمتہِ نپل ہیکہِ گژھِتھ ییلہِ ستہِ چھِ ستہِ پٹھہ زیاد پٹھہ پرتھ ۔
2255,بنگالورو کِس شیواس مُعزِل یہِ گپھ مندر چھِ اکھ اچھی سان دور کرنہ آمُت۔
2256,واریاہن معاملن منز ہیکہ بیٹری ہُند عمل جری تہ سیلِم دشوے نتیج بنوتھ ۔
2257,"یونیی سندس منز چھِ مطابقت پذیر افسانہ ""ڈیکیاوس"" (""ڈے جسٹ"") ، یُس یونیی سندس سندس پٹھ اکھ نسبتا عام ا"
2258,تنظیمو کور حصہ خطر رجسٹریشن کرنہ خطر پریتھ بالغ شخصس خوش آمدید تہ پوٗر دنیاہس منز ہتھیار لوٗکھن ستۍ کٔرِتھ
2259,ڈیماکس اوس بیندوسارا سندس عدالتس منز سیلیوکیڈ شہزادہ انٹیوکس اول سندس سفیر۔
2260,1726 پیٹھ 1727 تام کٔر ولیمہ فریدمن باچن گرونس ستۍ وائلینس منز مطالعہ۔
2261,رونی چھ اکھ حملہ آور سندِ فون لگان، تہ وچھان چھُ یژے سندِس گھرس منز اکھ تصویر لگان، یتھ منز چھُ یژے مہار مند چھُ
2262,یہ آو فروری 1999 ہس منز 5 ڈویلپرن ہند طرفہ قیم کرنہ۔
2263,یِمَن ولسن منز چھُ س اکھ ہندو راجپوت بادشاہ پٹھۍ مُتخصِص، ییمۍ أکس مسلمان حملہ آورس خلاف پننہ عزت دفاع کور۔
2264,تِمَن چھِ 1.5 ملین کھتہ زیاد قصِل ہُند اکھ بسٹی بیسٹی ۔
2265,یہِ چھُ نیرمل تہ ایڈیلا آباد پیٹھ 100 کلومیٹر تہِ ۔
2266,ٹویٹرُک گڈنِکِس ورژن اوس صرف اوڈیو ملازمینن ہند استعمال کرنہ خطر۔
2267,موسیقی ہند ڈایریکٹر چھ پرٹم تہ لگرِ اداکار چھ امیتابھ بھٹاکریا۔
2268,پتہ کٔر پلیموُتھن رین میک گینیز تہ ڈان کولینز کِس کھلڑِ ستۍ ز گول ستۍ دوبار بٔڑِتھ۔
2269,باقی مقابلہ کرن والین کھتہ جوان اوس احمد شاہس پننہِ فید منز واریاہ سوار رینڈنگ فیکٹر س۔
2270,8 ونہِ ونہِ ونہِ ونہِ منز، تٔمۍ کور پننہِ ملہِ ستہِ ہاواے ہاوان۔
2271,خودکشی بمباری تہ کامکاز مشن چھِ فوجی یا پارمیلیٹری شکلہ۔
2272,کینہہ لوٗکھ چھُ یقین زِ کریڈٹ کارڈچ بتھنہ ستہِ بتھنہِ بتھنہِ بتھنہِ بتھن
2273,کُنڈلیکا کِس بٔڑس پیٹھ واقع اہم قصبہ چھُ کولاد، کورلاے، چوُل، روہا تہ سالاو۔
2274,کارجنگ کارجنگ چھِ اکھ گاڑِ ہُندِ عمل، یتھ کٔنہِ گاڑِ ہُندِ ستہِ چلاوان چھِ ۔
2275,گڈنِچ راجپُٹ خاندان گُرجا-پریٹھیارا آیہِ ساتہِ صدی دوران طاقتس منز تہ کٔرِو شُمال ہندوستانس منز اکھ کٹریا خاندان قیم یُس پٔ
2276,7 مئی صبحس منز نہ ٹرکِ ہندِس روُتھ ڈرائیورس کور ٹرکِ ڈیوواے سنزِ ذتی کرایہ کار ڈیوٗل واے سند
2277,یہِ منز چھِ مٗتثِر حالات شمل یِمَن منز پیچیدگی گٔیہِ تہ اَمہِ شخصس پیٹھ نگرنی ہُند ضروُرت۔
2278,یقینی طور ڈروئڈس تحت مطالعہ کرنہ خطر ساروے کھتہ مشہوٗر یونک سکولر اوس پیتھاگور۔
2279,یِنماشتمی چھُ یِس عیسی مسیح سند زینہچ تاریخ ماننہ یوان۔
2280,یہ اوس واریاہ پریتھ شو، یتھ منز واریاہ واریاہ تیزی سان گژھان چھ۔
2281,بین الاقومی اولمپک کمیٹی چھُ گڈنِکِس گڈنِکِس بار زنانن اولمپکسَس منز باکسنگَس منز مُقابلہ کرنُک حصِل کرُن
2282,پرتھ ضلعہ چھُ ڈپٹی کمیشنر، ڈپٹی میجسٹریٹ، ڈپٹی ڈپٹی پنچایت، تہ عام طور اکھ ضلعہ کورٹ ستہِ اکھ ضلعہ ہندِس سرکرِ
2283,یہِ مُطبِق چُھ مشور زِ سمودرگپتا کٔر جنوبس منز پالوا سلطنتس تام پیش، تہ کٔر کانچی ہندِ پالوا سلطنت وشنوگوپاہ
2284,یہِ چھُ عموٗمن ز رٹ یِم کنہِ پیٹھہ گژھان چھِ ۔
2285,لوٗکھ ہیکہ تِم پونسہ ادا کرنہ ورے پے فونن پیٹھ ٹیلی فون کال کرنہ خطر استعمال کٔرتھ۔
2286,زیاد تر چھِ أکس سیکورٹی کیو ستہِ یُس مشین تہ تُہندِ پوشن ستہِ رلان چھُ۔
2287,یہ ہیکہ اکثر دماغس ستۍ گژھنہ آمتہِ بیمار یا نقصان ستۍ ربطہ یِتھ ۔
2288,سوشل سائنسن منز چھ ایڈورڈ وی سوزا ستۍ ساروے کھتہ زیاد پٹھۍ انحصار کران تہ بھبھاہ سندس نقطہ نظرس منز کم، عمل
2289,تٔمۍ گِیُن تمام 6 میچ تہ کور فائنلَس منز اکھ گول۔
2290,امریکی فوجس منز آو اکھ ماترس تیرری ہند ذتی طور درج۔
2291,گُمپا رقص یا بودھ مکس رقص چھِ یِہ تہِ پرتھ ؤرۍ منز منعقد کرنہ یِوان۔
2292,اتھ منز اوس نوو ای 7 پروسیسر تہِ یتھ آیی فون 5 ایسس منز اوس۔
2293,سُہ اوس اکھ بڑنہِ بہن، جیک، یُس 12 وُہُر جونی یس منز موُد ۔
2294,باقی علاج چھ تمام وقتہ استعمال کرنہ یوان ییمہ ستہِ حملہ کم گژھان چھِ ۔
2295,ریڈفیر پولیس سٹیشنس منز آو مردس اجرت کرنہ نِش انکار تہ یہ آو دویہس تام قیدس منز رٹنہ۔
2296,آلہ واپس کرنہ یا ہارڈ ویئر فیکس پیش کرنہ بجایہ، جُبزن وون دیہ ز ایپل یِہ یِہ یِمَن یِہ آیی فون 4 خطر ی
2297,مے چھٗ پریشان ز بہ نہ س نہ خری امتحانن ہند دباوسہ ہندس کٔرِتھ۔
2298,یہ فلم آیہ 1947 منز ہندی منز دوبار بناونہ ۔
2299,یہِ زن چھِ پننہِ ژوُن منز 20 پیٹھ 30 کھتہ کھتہ کھتہ کھتہ کھتہ کھتہ کھتہ کھتہ کھ
2300,ترے ایپڈمیولوجی طور مختلف انفیکٹیو سائیکل چھِ گژھان ییتہِ وائرس مچھِووِو انسانن یا باقی پرمیٹَن پیٹھ منتقل گژھان چھِ۔
2301,یہ سرحد چُھ لداخ، جموں وندِس تہ اتحاد علاقن منز، پُجاب، راجستھان تہ گجراتس ستۍ چلاوان۔
2302,سُہ اوس جارج ایپریٹنگ سسٹم بناونہ پتہ ۔
2303,امہِ مطلب چھُ زِ تِم چھُ اکھ اہم بورڈس منز بناونہ آمُت تہ ہیکہ ہیکہ ہیکہ ہیکہ ہیکہِ ہیکہِ ہیکہِ ہیکہِ ہیکہ
2304,کینونگ ہنز کینہہ تفریحی شکل چھ کینو کیمپنگ تہ کینو ریسنگ۔
2305,زمین ہندِ سندِ سندِس بندِس دور چھِ نائٹروس آکسایڈ ناو اکھ غیر زمینہ یِندِس طرفہ یِوان۔
2306,اتھ علاقس منز چھ مزید تحقیقچ ضرورت یتھ کٔنۍ موجود ثبوتچ جسم واریاہ کم معیار آسان۔
2307,برطانیہَن کٔر گواڈیلُپ، مارٹِک، فرانسیسی گیوِانا تہ ریوِونیا فرانس واپس؛ منورکا سپین، ڈینش مغربی ہندوستان ڈینس تہ جاوا تہ سِرِنیم
2308,2 کھلڑِ تہ 4 کھلڑِ ٹیمَن ہندِ واریاہ چھِ اکثر اتھ ہیکہِ فارمیٹ پیٹھ پیٹھ گژھان۔
2309,یہِ چھُ ویکیپیڈیا ایڈیڈیٹرن ہندِ طرفہ لکنہ آمُت تہ یہِ چھُ انگریزی ویکیپیڈیا متعلق اخبارن ہندِ پوٗر۔
2310,حقیقت یہِ چھُ یہِ مشرقی قونوُن ہیتن ہِندِ تعدادہ بجایہ کِک ڈاونس تہ حملہ پیٹھ مبنی سکورگ ستہِ کِک باکسنگ۔
2311,534 ریاستن ہند ریکارڈ زِ سیردک اوس اتھ ؤرۍ مُود۔
2312,مِل چھُ وتہِ تہ فردا بند ییلہِ مُکرِو ضروُرت تہ صاف کرنہ یِوان۔
2313,دِوالے، یِم اکتوبر تہ دسمبر وسطس درمیان مناونہ یِوان چھِ، تہ رام ناوامی چھِ اُتر پردیشس منز مقبول تہوار۔
2314,2006 منز کور عدالتن سُہ میل دھوکہ دہی تہ مصیبہ ستۍ گژھن۔
2315,گوالیرس منز چِھ انتخاب صرف ختم گژھان تہ الکا سندِس حکومتس منز چِھ ختم گژھان۔
2316,یہ آو 31 اگست 2021 ریلیز کرنہ تہ یہ چھ لاٹینی امریکہس منز دستیاب۔
2317,ییلہِ ہیندِ یہِ مانان چھِ زِ دھرم چھُ عالمی تہ وقتس ستہِ پٹھہِ پٹھہِ پٹھہِ پٹھہِ پٹھہِ پٹھہِ
2318,پیش گوئی چھ شدید گژھنس پیٹھ منحصر تہ یہ ہیکہ کل بحالی پیٹھ شدید معذوریت پیٹھ موتس تام تام تام تام تام تام تام ییلہ زخم شدید گژھان۔
2319,اگر کُنہہ چھِ دھوکہ کران، توہہِ تہہِ پننہِ ریاستچ آٹورنی جنرل سندِس دفترس منز شکایت کرِو۔
2320,پرتھ گھرس چھ اکھ رنگ تہ اکھ لفظہ ستۍ نمائندگی کرنہ یسہ ہاوس سنز شناختک تعینات چھ۔
2321,ہڈسن گُزریو 13 دسمبر 2017 سپرٹینبرگ، جنوبی کیرولینیاہس منز۔
2322,کٹاکس منز چھِ ابھینیایہ ہنز بیانتی ہنزِ ہنزِ تہ موسیقی ستہِ پینٹومیمِس شکلس منز یِم عام طور اکھ افسان
2323,یہِ اوس یونکی میٹولوجیاہس منز یِم ناوُک دیوتاہ پٹھ ناو آمُت۔
2324,تاہم، سمجیو کور خرِین ٹایڈ قبول (پٹم ستۍ بناونہ آمتہِ)۔
2325,یہِ جنگلَس منز چھِ 50 کھتہ زیاد پرندِ جانورن ہُند قسم یِتھ کٔنۍ پِیکاک، لٹِل ایگرٹ، پرایکیٹ، تہِ چھ
2326,لوٗکھ چھ کم پونسہ خرچ کران ییلہ تمہِ کیسس منز ادا کران چھِ ۔
2327,یہِ چھِ پوشِرِس زیاد حمایت تہ تحفظ دِوان تہ وزن بہتر تقسیم کران۔
2328,ہایڈر سندِ جواب اوس سخت: بغاوت ہندِ كِنہِ پتہ آو واریاہ بغاوتہ ستہِ مارنہ، تہ باقیہ ہِیوو قبلہ
2329,"پتہ چھ امریکہس منز تقریباً 450,000 لوٗکھ اپیوائڈز ستۍ مرنہ آمت۔"
2330,حکوٗمت آف انڈیان کور پدم شری (1974) تہ ایمرٹوس فلوشپ (1982) تس پیٹھ اجازت۔
2331,مارتین لوٹر، اکھ جرمن کیتھولک منگ یِم لگوِتھ زِ یہِ اوس واریاہ دور۔
2332,یہِ گوو گڈنِچ تیار کرنہ 1979 منز تہ پتہ دوبار کرنہ۔
2333,2015 ہس منز آو اکھ بین الاقومی ٹرمینل مکمل کرنہ، تہ دبی تہ شردا ہس منز بین الاقومی پرواز شروع کرنہ۔
2334,مغربی کوبا کِس جنوبی ساحلس منز چھ کینہ ساحلی آبدی مٗمکِن۔
2335,منگو پھولن تہ گندِ ہندِ ہندِ ہندِ پیش کرنہ چھ روایتی طور بناونہ یوان۔
2336,2008 ہس منز رپورٹن منز آیہِ عالمی صحت تنظیمہ کہِ معلومات استعمال کرنہ باپت 56 مُلکن ہُند مُقارنہ۔
2337,تمہِ سُند مل اوس اکھ واریاہ کامیاب وکیل یُس موسیقیس منز تہِ دلچسپی اوس۔
2338,1999 منز شروٗع کرنہ آمتہِ آو یہِ برانڈ پوٗر دنیاہس منز نِسکوک ناو ۔
2339,عملس دوران، کشتی ہندِ 76 ملی میٹر ہتھیار گژھنہ ، ممکنہ جیمنگ ستۍ مسلہ ۔
2340,پُجابُک لوٗک میراث چھُ پننہِ ہتھیار ؤرین ہندِ تریخ ہُند اظہار کران۔
2341,تہہِ کینہہ برانڈ تہ ماڈل ذہنس منز آسنہ پتہ، تہہِ ہیکوِو مقمی کھیلنہِ ہندِس کنسہِ دکان
2342,موسیقیس پیٹھ تٔمۍ سندۍ کتابہ، تہ گاندھاروا مہویڈیلیا میوزک سکول ییمۍ تٔمۍ 1901 منز لاہورس منز کھولو، کور
2343,غصہ، حیرت تہ حسد، سُہ چُھ رونہ یوان۔
2344,ویکیپیڈیا بیس بیس بیسہ چھ امریکہ کِس سِروسرن پیٹھ ذخیر کرنہ یوان، تہ یہ چھ محلی تہ فدرال قانونس تحت فراہم کرنہ آمتہِ تحفظن ہندِ حوالہ
2345,ہیکشا چھ واریاہ تھول دھات تہ پلاسٹک ہندۍ موادن ہنز کاٹنہ خطر ڈیزائن کرنہ آمژ۔
2346,ایلیانورن کٔر 15 وریہ ونسہِ منز فرانسس منز زمین ہنز وارث۔
2347,جی ایف کے انٹرٹینمنٹ چارٹس چھ جرمنی ہس منز سرکرِ موسیقی چارٹس۔
2348,اَکھ فہرست ستہِ کٔرِو تہ تِمَن ترجیح دِتھ درج۔
2349,ترقی یافتہ مُلکن منز چھِ ترقی پذیر مُلکن ہندِ حالاتن تہ تومورن ہند وجہ ستہِ ایس سی آیی ہُک فیصد زیاد۔
2350,یہِ تقریبَس منز چھِ وڈک منتر تہ دعاہ تربیت یافتہ کنہِ پیشکار، اکھریا تہ رِشکومارَن ستہِ آواز دِوان۔
2351,یہِ پریشنی چھُ ٹوسکیگی مطالعہ ہِندِس دوران افریقی امریکی کمیونٹی ہُند استعمال کرنس منز نِش گژھان۔
2352,امہِ سنز قدیم مندر چھُ ریاستی دارالحکومت بھوبناسور، اوڈیشہ، ہندوستان پیٹھ 65 کلومیٹر دور مُلجھاریگرہ گام، بھوسندپوُرس منز واقع۔
2353,سُہ آو 1977 منز کنٹری میوزک ہال آف فیمس منز شمل کرنہ۔
2354,مغربی ہندوستانَن منز ورلڈ کپَس منز، ٹینڈولکر تہ راہول دراویڈَس ستۍ قیادت کٔرِتھ ہندوستنہِ کرکٹ ٹیمَس منز سہِ ا
2355,انٹی بائیوٹکسک اثرات چھنہ 2013 ہس تام اچھیوٗن مطالعہ کرنہ آمُت۔
2356,1975 ہس منز، ییلہ یہ تہوار کالیکوتس منز منعقد گژھان اوس، اوس سکول کالولسام ہندس تریخس منز اکھ اہم نقطہ۔
2357,جدید دور کس ابتدئی دورس منز سۍ ڈچ ملی انتظامس منز پیشور۔
2358,پِلگرم چھُ اکھ صرف اِستاد یُس ترین بار گودن گریفیل ایوارڈ حصل کرنہ آمُت۔
2359,ٹیٹینس انفیکشن زند رہنہ خطر چھ ایئر وے ہند برقرارنی تہ صحیح غذیی ضروٗرت ضروری۔
2360,27 دسمبر 2012 ہس منز کور برادوی ہندۍ تھیٹرن تٔمۍ سندس احترامس منز پننہِ لٹہ کم۔
2361,مریضس چھ واریاہ بار پوُنہ یوان زِ یہِ چھُ یِہ یِم تِم یژھان چھِ۔
2362,فرض زِ تہہِ چھُ زاننہِ یژھان زِ تُہۍ کس دوستس منز چھُ تُہۍ اکھ اکھ جانان۔
2363,14 مختصر حرکتہ، یتھ منز اکھ مختصر مقدری چھ۔
2364,ہے، اکھ! مے کور نہ زِ تہہِ یِہ رنگس منز بییکہِ خرینہِ ۔
2365,"4,948 کلومیٹر (3.075 میل) طویل ریلوے نیٹ ورک چھ ریاستس منز خراب گژھان، یتھ منز جبل پوُر ہندوستنہِ ریلوےز کس مغربی سینٹرل ریلوے زونس خ"
2366,میزورمس منز روایتی تہوار چھ اکثر جھوٗم کاشت یا موسمن ہند مرحلن منز وول۔
2367,کُمبھ مِلہ چھِ کمپینَن منز ترتیب دِنہ یِوان یِم ہیندِ پوُرن سادھَس منز ستہِ یِنہِ دِوان چھِ
2368,سُہ چھُ معیشتی سوسائٹی، بین الاقومی معیشتی ایسوسی ایشن، ہندوستنہِ معیشتی ایسوسی ایشن تہ امریکی معیشتی ایسوسی ایشن ہند صدر کم کٔر۔
2369,یہ اوس اتھ وقتس دوران فریدن کور پننہِ بیوی، روزینس ستہِ ملاقات تہ خاندر۔
2370,چارٹر ایکٹ 1833 ہس منز کور گورنر جنرل تہ کونسل آف فورٹ وِلیامس گورنر جنرل تہ کونسل آف انڈیا ستۍ بدلہ۔
2371,یہِ ڈیم چھُ جارکھندِس ساروے کھتہ زِیاد زائرنہ آمتہِ جاین منز اکھ۔
2372,امہِ دہس منز چھِ آیوش بالڈیو ستۍ کم کران تہ یہِ چھُ بالڈیو سندِس سیسی وارثیتس ستۍ واضح۔
2373,سُہ اوس گروپُک حصہ یُس 1660 منز رائیل سوسائٹی قیم کورمُت۔
2374,تاہم، انفلوُکشن کی وجہ ستۍ چھِ ونہِ 1 پیسوہ کم ستۍ ستۍ ستۍ ستۍ کم ستۍ کم ستۍ یوان۔
2375,یہِ چھُ لُکھَن دن کمپیوٹرَن درمیان محفوظ چینل استعمال کرنہ ستۍ ڈیٹا ہُند تبادل کرُن اجازت دِوان۔
2376,بادشاہ سندِس اپارٹمنٹن ہندِس ونڈوِس نیبر پیٹھ چھِ تِم باہادور شاہس تسلیم کرنہ تہ تِمن ہُند قیادت کرنہ خ
2377,س اوس آسٹریلیاہس منز زنانہ امیگریجن ہند خیر مقدمہ ستۍ پننہ مُشارکت خطر مشہور۔
2378,2012 ہس منز، یہِ کٔر تَج مہال ہِندِستان خطر گوگل سندِس تلاش ٹرینڈس منز نمبر اکھ سفرچ مقصد بننہ۔
2379,برعکس، افسانن منز چھ عام طور انسان شخصیتن تہ لوکٹیل چھ فیکشن سمجھنہ یوان۔
2380,اِروِن، اِڈھاو اِروِن چھُ امریکہ کِس اِڈھاوُک اکھ شہر۔
2381,ڈنمارکچ لوٗکھ چھ ہمیشہ سمندرس پیٹھ انحصار کران۔
2382,ییلہِ کِشور ونہِ اکھ شُر اوس، تٔمۍ سندِس بہن اشوک بنیو ہندی سنیماہس منز اکھ اداکار۔
2383,تمام ٹول روٹہ نِش بچو تہ پننس خریدارس تام بییہ روٹہ تلاش کرُن - انسٹا کارٹ چھِ کینہ تہ تمام ٹولہ خطر ادا کرنہ ن
2384,ہیفی بلدیہ چُھ 4 ضلعہ، 4 کاؤنٹی تہ 1 شہرس منز تقسیم کرنہ یوان۔
2385,کُمار اوس اکہِ فِلمہِ منز الیزبٹ ٹیلرَس ستہِ ہُند اکھ اہم کردار ادا کرنہ باپت تہِ ماننہ یوان ییمہِ لیانَن پروج
2386,یِم زبانہ چِھ اتیوپیہ، اِریٹریا تہ سوڈنَس منز بولنہ یِوان۔
2387,امریکہ، برطانیہ، جرمنی تہ امریٖک ایآییییییییییییی منز زائرین چھِ پرتھہ اجندی سیاحن ہند اکھ اہم فیصد بناوان۔
2388,سکوُل سنزِ ابتدئی بٹچہ منز واریاہ طالب علم بنیوو شُملی ہندوستانس منز موسیقار تہ استادن ہنز احترام۔
2389,امریکی انجینئر فرانسیس آرنولڈن چھِ ہدایت کری ترقی ہندِ پیشکشہ خطر ملینیوم ٹیکنالوجی انعام حصِل۔
2390,کِلھنہِ پیٹھ آو آننگلکھاہَن تٔمِس پننہِ داوُترا قرار دِنہ، تہ ڈرلبھاکا بنیو پننہِ مادیِس بن
2391,کارلسلوس آلبرٹو پریراے کور صرف أکِس گھنٹہ کھتہ زیاد پتہ ریل میڈروڈ سٹریکر جایمی۔
2392,گوٹو گوٹو چھ واریاہن پروگرامنگ زبانن منز اکھ بیان۔
2393,سائیکل ریسنگس منز ساروے کھتہ زیاد مٗلکن منز چھ بیلجیا، ڈنمارک، فرانس، جرمنی، اٹلینیا، نیڈر لینڈ، سپین تہ سوئٹزرلینڈ
2394,پرتھ طرفہ چھُ ججُرِ ہُند جایہ اکھ داؤر ستہِ معلومات پیش کران، یُس معاملہ ہُند فیصلہ کران چھُ۔
2395,مثالہ، زیاد مُقابلہ چھِ زیننہ یِنہِ حصہ دارس تاج دِنہ یوان۔
2396,یہِ چھُ انسانن اکھ ایسنبل پروگرام قبل کرنس منز مشکل بناوان۔
2397,سُہ اوس 2002 پٹھ 2014 ہس تام ورکھوُن راڈاہس منز۔
2398,فٹ بال کھیلَس منز اکھ انفرادی کھلڑِ ہیکن 1 تہ 99 ہَس درمیان اکھ مساوی نمبر ستہِ نامزد کرنہ یِنہِ ۔
2399,انگریزی منز کرسمس کارول گڈنچہِ گڈنچہِ جُن آڈلی ہندِ 1426 کمَس منز ظہر گٔیہ۔
2400,"کُمبھ مِلہِ چھُ ""سہِ دنیاہک ساروے کھتہ بوڑ مذہبی جمع گژھان"" ، جیمز لوکٹیفیلڈ چُھ وضاحت کران ۔"
2401,انتخابی مٹیزم چھ عام طور ییلہ شخصس سمجی اضطراب ہندس اختلالس منز چھ۔
2402,دہ ساروے کھتہ زیاد درجہ حرارت چھِ 38°C یا 100°F پیٹھ 45°C یا 113°F تام۔
2403,حسد تہ مشکوٗر امنیریس چھ راڈیمس تہِ محبت کران۔
2404,پرندین تہ باقی جنگلی جانورن ہند آواز سنو، تہ تہہِ چلان ولۍ تہہِ پننہِ ریتمک انہلیشن تہ اکھلیشن تہِ۔
2405,نارینن گٔیہ پننہِ خاندانس ستہِ روزنہ خطر میسور ییلہ تمہِ سندِس ملِس مہاراج سنز کالج ہائی سکوُ
2406,ارجنٹینا چھنہ پٔتمن 22 ؤرین منز کانہہ بوڑ ٹرافی زیننہ۔
2407,بین الاقومی معیارن ہند اکھ بینک ٹریک چھ وِمن ناگر، پُون، مہاراشٹرس منز تہِ بناونہ آمُت۔
2408,نارکینڈم چھ اکھ سوندنہ وولکانو تہ باراتانگس منز چھ اکھ مڈ وولکانو۔
2409,مُغل دور برونہہ کر ہندوستانس منز سوکر مِل ظہر گژھان۔
2410,یہ چھ اکھ کیسیری حصہ ستۍ یتھ ، مگر یہ چھ اکھ لکٹک کاٹچ ضرورت۔
2411,یہِ چھُ ڈی ایس ایچ ڈی ہِنزِ تریخس منز گولڈن پیریڈ ماننہ یِوان ۔
2412,ییلہِ ٹرنر سنڈروم زِ زندگی ہندِس شُروٗعاتس منز تشخیص دِنہ یِوان چھے، تیلہِ ہیکہِ زِیاد ہارمون ہارمون ہارپی ہ
2413,دِلہِ منز چھِ پی ڈی ڈی ایل تہ بی ایس ای ایس یامونا تہ بی ایس ای ایس راجھانی 2002 پٹھ بجلی ہُند توزیٖف انتظام کران۔
2414,تُہۍ مقمی کانفرنس سینٹر چھِ عام طور یہِ جایہ یُس بٔڑ کانفرنس تہ ٹریڈ شو میزبنی کران چھُ۔
2415,روبو مشیر ہیکہ تِمَن خطر فید تہ سستہ جایہ یِم نہ باقاعدہ ملی منصوبہ دار خطر اجازت دِتھ ہیکہِ۔
2416,مزید چھُ وضاحت کرنہ آمُت زِ بنگلو اوس پٹھۍ گڈنہِ زِندِس ملِس، تمہِ سندِس کورِ تہ ز پولیس اہلکارن
2417,یہِ حصلہ آو 1 مارچ 2006 مکمل کرنہ ۔
2418,ہیلین: ہیلین چھ لیمبرگ کس ڈچ صوبس منز اکھ سابقہ بلدیہ۔
2419,مے چھُ وُچھان زِ یہِ چھِ ایونٹس دوران واریاہ زیاد باران گژھان تہ یہِ وُچھان زِ ایونٹ مینجمنٹ کس طریقس پیٹھ کٔرِتھ اتھ کٔرِ
2420,یتھہ تہہِ ہیکہِ لیٹرس منز تِہِہ مُلکَت تِہِہ تِہِہ تِہِہ تِہِہ تِہِہ تِہِہ تِ
2421,قبیلہ تہ قبیلہ روایات تہ وفاداری چھ ناگاہن ہندس زندگی منز اکھ اہم حصہ گِوان۔
2422,"کموم ایری ہنز آغازس منز، ویدک ریوائنس ""ہندو سنٹیز"" ہند اہم اجزای منز اکھ بنو۔"
2423,لاؤ تہ تھائی چِھ دشونی تائی زبان تہ چھِ بتھ اکھ ستہِ بتھ یِتھ ۔
2424,شدید سردی ہو تُہِہِ جلدچ مزید زیاد تپھ ۔
2425,یہِ وچھِتھ زِ تُہۍ ہیکو پننہِ کریڈٹ کارڈچ ویب سایٹہِ منز لاگ ان کرِتھ زِ تہہہِ ہیکو پنن پوائنٹ ڈونٹس
2426,مورینو موُدِ 1 مئی 2020 ہس منز میڈرس منز 55 وُہُر دل ہندِس ناکام گژھنہ ستہِ ۔
2427,ریاستچ جرائم، یتھ کٔنۍ خدری ہندۍ سزا، اوس بادشاہ سندِ سندِ سندِ سندِ سندِ سندِ
2428,سیسوپالگر یا سیسوپالگاگاڈا چھ اوڈیشہ، ہندوستان کِس خردہ ضلعس منز واقع تہ چھ خراب قلعہ ہند گھر۔
2429,کُنہِ کُنہِ کُنہِ ہُندِ ہُندِ ہُندِ ہُندِ ہُند امکان چُھ جُرِتھ ہِندِ ہُن
2430,بیسوفیل تہ باقی انفلوماٹر سیل چھ ہسٹامین تہ باقی وسطیات آزاد کرنہ خطر تہِ وچھان، تہ یِم چھِ خاص طور مزمن اورٹیکریل بیمارین منز اکھ اہم
2431,سُہ اوس نرسنگ پروگرامس منز ونہِ ساروے کھتہ زیاد جوان طالب علم۔
2432,تٔمۍ کٔر اکھ کارکردی پستی سسٹم تہ قیم، یتھ منز گھوندین ریلن ہندِ ریلن ہندِ ذریعہ ای میل آو۔
2433,س اوس اداکارہ ٹانوجا تہ فلم ڈایریکٹر تہ پروڈیوسر سوومیہ مکھرجی ستۍ زامُت۔
2434,مے چھٗنہ یوان زِ پٹھۍ چھٗ سے پٹھۍ پٹھۍ پٹھۍ پٹھۍ پٹھۍ پٹھۍ پٹھۍ پٹھۍ پٹھۍ پٹھۍ پ
2435,حالانکہ واریاہ فرضیتہ چھ ممکنہ طریی ہندس طورس پیٹھ تجویز کرنہ آمتہِ ییمہِ وِٹِلیگوُک سبب بنان چھ، مطالعہ چھِ
2436,صنعت چھِ فارمیسیٹیکل، پرنٹنگ، کھینن ہند پروسیسنگ، ٹرانسپورٹ ہندِ سامان، کمپیوٹر ٹیکنالوجی تہ بجلی انجینئرنگ ہنزِ صٔدیاتن من
2437,مغربی گَتھ تہ مشرقی گَتھ چھِ نیلِگری پہاڑَن منز ملان۔
2438,ٹیٹو ایم بی اے چھ اکھ پُجابی ہندی فلم یُس امیت واتس ہِندِ ہدایت کری تہ یُس راجین بٹرا تہ میینک پٹیلن بیٹریکس انٹرٹینمنٹس س
2439,تھین تہ سی ایس ایم ٹی چھ ہندوستانس منز ساروے کھتہ زیاد کھتہ زیاد ریلوے سٹیشن، ییمہ پتہ چھ مومبیی سوبوربن ریلوے ہند
2440,یہِ چھُ دنیاہک ژوُرِم ساروی کھوتہ بوڑ ہوٹل۔
2441,سیم سیٹی: سیم سیٹی چھ اکھ کمپیوٹر گیم ییتہ کھلڑۍ شہر بناونچ ضرورت چھ۔
2442,پتہ، گیکواڈن کٔر کورس تبدیل تہ شٹارا ہس منز گژھن شروع۔
2443,مندرجہ ذیل قصہ چھِ میثولوجی تہ چھِنہ نہ اکھ حقیقی تریخی بنیاد۔
2444,خونس منز شکرک اکھ عام سطح چھ تقریبا 70 پیٹھ 100 ملی گرام فی ڈسیلیٹر۔
2445,یم چیزہ یا توہہِ رونہ یِوان یا توہہِ یِہ مرنہ یِہ تِم رونہ خطر قبل کرنہ یِوان۔
2446,تٔمۍ وون زِ اتھ منز چھ ترن فہرست فِلمن ہندِ پٹھۍ اتھ زیاد کم کران۔
2447,یہِ چھِ ہانومن سندِ عبادت خطر تہِ اہم ۔
2448,کیٹلن کولیمن اوس تٔمہِ وقتس منز سات ریتہ ہنز حاملہ۔
2449,بنگلہگ حکومتن کور علاقک لوکن ہندۍ کھینچ مدد کرنہ خطر 900 ملین ڈالر دِژمُت، ییلہِ پوٗر پٹھۍ کٔرِت
2450,مقبوُلَس منز سُہ سُہ سُہ سارم چھُ نِشادام۔
2451,یہ اوس 13 جولایی 2005 گوٹکی ریل کاسچ مقام۔
2452,پتہ ہیکہ انفلوما یا انفیکشن بڈومینل دیوارس تام تام تام تام تہ پیریٹونائٹسک سبب بنتھ۔
2453,میدانس منز رنر گِنڈ، ترے اکہ وقتس منز تہ ٹیم یس میدانس منز تمام مُقابلہ كین ستۍ لمس کرنہ خطر کم وقت لگان چھ،
2454,یہ چھ نہ قیمتس متعلق کھوکھنہ کٔرِتھ کٔرِتھ ۔
2455,توہہِ ہیکووِتھ ریسپٹ پٹھ رٹنہ یِتھ تہہِ نہ تہہہِ بھولان زِ تہہہِ چھِو دہس دوران کتنا
2456,مے چھِ پھولر ڈروم ریسٹورنٹن منز چینی کھینچ معیار ستۍ مہہ حیران۔
2457,"ہندوستان ہچ بائیوگیوگرافی درجہ بندی مطبق چھ ریاست ""شمال مشرقی"" بائیوگیوگرافی زونس منز۔"
2458,ہاکی افسانہ میجر دھان چنڈ سنز زایہ ہند سالگرہ چھ 29 اگست 1905۔
2459,تاہم، مکمل انسٹال پیکج ڈاؤن لوڈ کرنہ خطر چھ غیر رسمی طریقہ۔
2460,پرتھ کلاسس منز چھ اکھ الگ ناو۔ تِم چھ پننہِ پیشکشس منز تہِ مختلف۔
2461,یہِ فِلمہِ اوس کران کشیپَن ہِندِ ہِندِ ہِندِ ہِندِ ہِندِ ہِندِ ہِندِ ہِندِ
2462,اَکھ طویل لڑایہ چھُ ییلہِ روح دریاو کِس بَنِس تام پھیران چھُ تہ مرے چھُ اوگر پرٹپَس حملہ کران۔
2463,س گُزریو، مُمبیی ہندِس 10 نومبر 2009 ہس منز 51 وُہُر ہسپتالس منز۔
2464,گاندھی آو 9:30 بجے ایل انڈیا انٹیٹ آف میڈیکل ساینس منز ییتہ ڈاکٹرن أمہِ پیٹھ کم کران۔
2465,کوبلٹ نیلے کوبلٹ نیلے چھ اکھ خش نیلے رنگ۔
2466,یہِ گڈنِچ پرواز کرنہ برونہہ آو صرف 15 اے 300 خطر بناونہ ۔
2467,کھیل ہند ایڈیٹر بننہ پتہ کٔر تٔمۍ این آر سی ہینڈزبلڈ خطر ریوٹر کم کرنہ ۔
2468,سُہ گُزریو 14 فروری 1996 لیورپولس منز 77 وُہُر۔
2469,گڈنی امریکہس منز چھُ 12 مہِ صدی منز کلف وول اناسازی یُس اکھ بہترین کلف وول اوس ماننہ یوان۔
2470,تمہِ سنزِ خیالاتہ ولۍ نقطہ نظر اوس ہندوستانس غیر مطابقتس منز قیادتچ مقام دِنہ خطر توجہ مرکوز کرنہ آمُت۔
2471,تٔمۍ کور مشور ز برہمپوترا تہ گنگا بیسن چھ آبچ زیاد علاقہ، تہ وسطی تہ جنوبی ہندوستان چھ آبچ کمزور علاقہ۔
2472,یہ دوا چھ اعلی خطر ور لوکن منز دلچ بیمارچ بچاو کرنہ خطر استعمال کرنہ یوان۔
2473,"تقریبا 22,000 ہیکٹر یا 54,000 ہیکٹر، چھ غرق گژھان۔"
2474,تٔمۍ کٔر 2008 ہس منز پننہِ نوجوان ٹیمہ پیٹھہ جی 1 لیگ کلب اویتا ٹرنیٹاس منز شمل۔
2475,بینس کارٹ، منیتوبا بینس کارٹ چھ مانیتوبا، کینیڈاہس منز اکھ گام۔
2476,یہِ گروٗپ چھِ ہفتہ اَتھہِ گژھان، ییمہِ دوران تِم چھِ مز تہ پنن کالج یادچ دوبار زند روزان۔
2477,پتہ، اکثر جواب دہ (81.3%)ن ہند دعوی زِ ہارور میڈیا کینہہ بار یا زیاد اکثر استعمال کرن۔
2478,ییتہِ کیسنی میپ چھِ ہاونہ یوان، یہِ چھُ مقمی بٔلَن ہُند حوالہ دِوان۔
2479,گٹکا چھ واریاہ شکل شمل کران، پرتھ منز پننہ ہتھیار، استراتجی تہ فٹ ورک ستۍ چھ۔
2480,لوٗکھ چھِ دٔریاو ڈیلٹا پیٹھ احتیاط کرنہ یِوان ییلہِ ولہِ شدید ستہِ تہِ چھِ گژھان۔
2481,اتھ وقتس پیٹھ، امریکہن دویمہِ عالمی جنگس منز شمل۔
2482,بیڈفورڈ، برطانیہ ہکہِ ہانس تہ جوسی شفیر چھِ ممکنہ عالمی ریکارڈ ہولڈر، ونسہِ زِ تِمَن چھِ مجموعی طور 99 نٔکِلڈن تہ
2483,"سنہان وون: ""پہ اوس ہم شریف بادمس منز اکھ ستۍ کم کٔر تہ یہ اوس ستۍ کم کرنُک اکھ حق۔"""
2484,سلولن تہ جسمن پیٹھ اشعاعک اثراتن پیٹھ سوامینٹن سندۍ ابتدئی بنیدی تحقیقن کٔرِتھ بتھِمتہِ ریڈاکس بیولوجیا ہُن
2485,یہ چُھ 17 ہفتن ہندِ رُکاوٹہ تہ نیشنل نیٹ بال لیگ ہُند جایہ، یُس صرف ز ہفتن منز گِنڈ گِیُن اوس۔
2486,خدمت کرن ولۍ زنانہ چھُ أکِس مقمی بیبی (ہلر تہ جری) مشور کرُنُک مشور کران یُس تیزی سان نتیجہ چُھ زِ ایشاہ چھُ
2487,یہ آو سٹیو جابز پننہ ایپل انک کاروبار کری کرنہ پتہ بناونہ ۔
2488,یہ پارٹی آیہ 1929 منز ز پارٹین ہند اِجمعہ ستہِ منز بناونہ ۔
2489,ییلہِ یہِ واقعہ فینیمیکون ونان چھِ تہ یہِ اوس اصلیے اینیمس زیر ثقافتس پٹھ مرکوز کرنہ آمُت، یہِ چھُ امہِ سلسلس منز اکھ وسیع واقعہ
2490,اگر تہہ اصل فائل نوو ورژن ستۍ بدلہ کرنچ یژھان نہ توہہ دوبار اتھ اپ لوڈ فارمس منز گژھِو۔
2491,وٹامن اے سٹیٹَس منز چھِ ز الگ کمنہِ ذریعہ چھِ صحت شمل۔
2492,امہ ستۍ کٔر واریاہ باقی پروڈیوسر تہ ڈایریکٹرن ہندس ستۍ تنازعہ ہند موڑ ولۍ یہ دعوی کرنہ خطر ز تم س
2493,1786 منز، تپُ سلطانن، پننِس ملِس قیادتس پتہ، کور اکھ جہاز بناونُک فیصلہ یتھ منز 72 کینن تہ 65 کینن ہندِ
2494,پیش کرنہ آمژ کرنہ خطر تیری شروع 1673 منز۔
2495,تاہم، یو سی یس خطر چھٗنہ خاص تہ بٔڑِتھ بتھ چھِ بٔڑِتھ حالاتن منز وچھان، یتھ منز انفیکشن شمل چھِ۔
2496,پیشوٗنن کور پریتھ عہدس منز یس عیسی سنزِ بچاوتھ پٹھۍ پیش ۔
2497,وجپے یَن 16 دہہ پتہ رپیِو، ییلہِ یہ واضح گٔیہ زِ سُہ اوس نہ حکومت بناونہ خطر كفی حوصلہ۔
2498,پرتھ ٹریڈ میلس پیٹھ کم از کم 10 منٹ خرچ کرنچ کوشش، تاکہ تہہ آلہ خطر اکھ اچھی محسوس گژھِو۔
2499,زنانن منز چھ طویل مدتی حالات زیاد عام۔
2500,لٹین تہ مردن خطر س موتنی ہند شرح ساروے کھتہ زیاد۔
2501,س س فرید بال تہ جوزف اینجیل ستۍ یہ بتھ لیوٗکھمژ، یم یہ پروڈکشن کور۔
2502,چین ہند انتقبی چھ دعوا کران ز چین چھُ سوڈانَس منز اسلامِک نظامَس منز حمایت کران، تِکیازِ یہِ چھُ مُلکن ہندِ ت
2503,پرٹوسیس سنز حفاظت چھ وقتس ستۍ کم گژھان، لہذا اکثر بڑن شُرین تہ بالغن خطر چِھ ویکسینُک اضافی دوز مشور کرنہ یوان۔
2504,ومانہ مندر چھُ 'واڈکوم دیوار' ونان تہ شیوا مندر چھُ 'تیکوم دیوار' ونان۔
2505,3 ستمبر 2018 ہس منز آو اعلان ز منگولیا ٹیمچ پریوڈورجینیا آرکنن اوس 20 اگست 2018 ہس منز جری کرنہ آمتہِ اکھ اُورین ٹیسٹ من
2506,تم چھ س ہسپتالس منز لےوان تہ س چھ تمن وعدہ ز س چھ انکوٗر خطر لڑان۔
2507,تہوارچ عومی جشن چھ مقبول تہ چھ مقمی نوجوان گروپن، محلی ایسوسیشنن یا ٹریڈ سپیپولن ہند گروپن ہند طرفہ منظم کرنہ یوان۔
2508,کھلڑِ ہیکہِ گیمس منز پننہِ میس تہِ استعمال کٔرتھ تہ مخصوٗص کٔرتھ۔
2509,یہِ توسیع گٔیہِ انند پور ساہبس منز ہولی تہوار پتہ دہ شروع، ییتہِ سِکھ فوجن ہندِس جنگس منز تربیت، گھون ہن
2510,س چُھ ٹومی تہ ڈیل پکلس سندِس بتھ ۔
2511,بہ چھس تہہ خطر محسوس کران، مگر تہہِ چھِووِوِوِوِوِوِوِوِوِوِوِوِوِوِوِوِوِوِو
2512,فوربس چھ لیکلان دٔریاو کِس بٔڑس پیٹھ ۔
2513,جنوبی حصن ہندِ موازنہ منز چھ ریاست کِس شملی حصن منز درجہ حرارت کم۔
2514,عام طور، گھرچ ساروے کھتہ پرتھ لکٹہِ یہِ وُچھان چھِ تہ پتہ چھِ یہِ گھرچ تمام سوننہ یِمَن ہندِس
2515,یہِ پریشنی ہیکہِ سکیزوفرینیاہس ستۍ واریاہ تِہ طریقہ ستۍ علاج کٔرتھ۔
2516,مزید ڈی بی ایس پتہ ہیکہ مریض چیزن ہند ناو تہ پننہِ ہند استعمال کٔرتھ۔
2517,ٹوٹل سیپاہس کور انتقبی نظرن ہندِ منفی ردعملہ کِنہِ وجہ ستہِ ہندوستانس منز باکس آفس رسیپیشن ستہِ کم کھولنہ۔
2518,جنرل موٹرز ڈیزائنر ہارلی ایرل چھُ تصور کارچ تخلیق کرنہ خطر مشہوٗر ۔
2519,اسرائیلی فوجن وون زِ فعال چھِ گیس ماسک تہ سکی ماسک پور۔
2520,تِم چھِ علامتن ہند ساروی کھتہ زیاد پریشان کن، تِکیازِ شناختی مسلہ چھِ روزانہ کم کرنس منز اثر انداز کران۔
2521,یِم سہِ زِیاد منز دِنہ آمُت، یِتھ کٔنہِ زِیاد یا سکرپونہ ستہِ زِیاد ۔
2522,کیب شمال چھ نامیبیا کِس زامبیزی علاقہچ اکھ انتخابی ادار۔
2523,پیڈایٹرک زخمچ بییہِ اکھ وجہ چھِ شُکین بییِس سندرومس ستۍ شُکین شُکِر استعمال۔
2524,آلٹمن آو بہترین ڈایریکٹر خطر اکھ انفرادی سپرٹ ایوارڈ خطر تہِ پوٗر ولۍ نامزد کرنہ۔
2525,مُلکُک مرکزی حصہ ستہِ پہاڑِ بوجِی وادی ہُند رُکُن ولۍ اہم سڑکہ آو بند کرنہ، ییمہِ ستہِ صرف پہا
2526,صدر کناریہ زینن 1997 منز دوبار تہ تٔمۍ کٔر سیسی تہ معیلی تبدیلی۔
2527,باقی وجہن منز چھ دانن ہند سفید، ٹبیکو کھون، کڑنہ دتہ تہ دتہ ہند اکھ كرنہ یا دتہ كر
2528,سردار سندِ نیچِو آو 13 نومبر 2012 ریلیز کرنہ ۔
2529,گاندھی سندس حوصلہ پیٹھ بنیو پٹیل گجرات سبھا ہُک سیکرٹری، اکھ عومی ادار یُس ہندوستنہِ نیشنل کانگریسُک گجرات ہُن
2530,سائٹس خطر مشورن منز چھ ڈریم وِڈھ، لائیو جورنال، یوٗر فین فیکشن۔ کام تہ اکھ آرکیو آف اورس اوون ( اے او 3) شمل۔
2531,وید ویاسا برونہہ اوس وِپاسا دٔریاو ساراسوتی ونان ۔
2532,یہِ پٹھ چُھ 40 وُہِ وُہِہ سُبھینڈو روایہَس پٹھ گژھان، یُس شِلا ناو اکھ واریاہ جوان لڈِس ستہِ
2533,یہِ منز چھِ بٔڑ شوک تہ کینہہ ناکام گژھان یِتھ کٔرِتھ کٔرِتھ کٔرِتھ کٔرِتھ مٗلہ ہُند مٗ
2534,سیاحن گژھِ جلدی پٹھہِ تہ پننہِ ستہِ گژھہ وچھِتھ پننہِ نِس تہ ملِس پٹھ پوٗر۔
2535,یِتھ کٔنۍ واریاہن تریخ دانن ہندِ مطبق یِتھ کٔنۍ یِتھ کٔنۍ یِتھ کٔنۍ یِتھ کٔنۍ یِتھ کٔنۍ یِت
2536,"کینہہ چالوکیا شہزادن ہند ناو چھ صاف کینیڈا اصطلاح اراس ستۍ ختم گژھان، ییمہ مطلب ""ملکہ"" یا ""شاف"" چھ۔"
2537,2018 ہس منز، سکیٹِچس منز اوس پلمونری ایبولیزم تہ پتہ سیپسس۔
2538,یِم جنسی مسلہ چھِ عام طور اکہِ شخص دوا استعمال کرنہ ختم گژھنہ پتہ غر گژھان۔
2539,26 اپریل 2007 ہس منز وون الکساندر لوکشینکو ز چینل چھ خراب۔
2540,لیونز، جارجیا: لیونز چھ امریکی ریاست جارجیا ہس منز اکھ شہر۔
2541,بالیسن دٔریاو چھِ مچھلی ہندِ خطر بہترین جایہ ییتہِ اتھ علاقس منز چھِ مچھلی ہندِ پٹھۍ لبنہ یوان۔
2542,بھیمس خلاف تٔمۍ سندۍ دوبار ناکام تہ بے كمۍ ہندس ناکام گژھنہ ستۍ دوریودھاناس اتھ زیاد حملہ کران ز تٔمۍ اوس
2543,ییلہِ بجلی ہُند تقاضری کم گژھان چھِ، ڈیم چھِ ساد پٹھۍ زیاد آب سٹوریج کران۔
2544,لوٗکھن کور پننہِ بصری، حرکتتی نظام، لڑیی نظام تہ مزاحمت پسند۔
2545,10 اگست 2019 ہس منز کور تٔمۍ پننہِ ہندِس موتس منز۔
2546,یِندِ کارپوریشنن ہندِ افسر چھُ ونان زِ یہِ ہیکہِ تریخس منز ساروے کھتہ بدترین ییلہِ طوفان۔
2547,سندوی قصبہ چھ کاؤنٹی سیٹ پیٹھ 50 کلومیٹر شُمال۔
2548,ییلہِ تِم قیم کرنہ آمتہِ، تِم س برازیلین فوجی حکوٗمتَس ستہِ مخالفت۔
2549,تالہ چُھ یہِ تہِ فیصلہ کران زِ رقص کارن کس حدس پیٹھ اکھ ترکیب کٔرتھ۔
2550,س اوس 1977 پیٹھ 1977 ہس پیٹھ جے ہولٹ سمیٹس ستۍ خاندر کرنہ آمت ییتہ تِم 1983 منز طلاق دِنہ تام۔
2551,سلطنتچ سرحدہ چھ صدین دوران تبدیل گژھان۔
2552,باگیو سٹی منز آو أکِس گھرس منز مہہ تہ أمۍ سندِ سندِ ز کورنہِ ہندِس ملِس منز دفن
2553,کینژن معاملن منز کور شہزاد تمن براہ راست عدالت آزاد۔
2554,پٹھن چھ تمن پٹھۍ پٹھۍ دہ گاڑ دِنُک وعدہ دِوان۔
2555,شیواجی اوس بھوسیل کلینچ اکھ مراٹھا آرسٹوکرات یُس مراٹھا سلطنتُک بنیدی چھُ۔
2556,تاہم، چانگ ڈیوکنگن کور تعمیر کرنہ پتہ 350 ؤریہ تام کینہہ نقصان۔
2557,مغربی پُنگابس برعکس، نہ تمام ہیندۍ آبدی ہِندِستانس منز ہجرت، بلکہ ریاستس منز بٔڑِ تعداد روُد۔
2558,گنگا کُنڈا چولپُرمَس منز مندرہ پیچِل تہ ایریا ویٹسور مندرہ پیچِل آو 2004 ہس منز جایہِ ہندِس توسیعس منز ش
2559,پور ریاستس منز چھ اکھ زیاد حوصلہ اعلان کرنہ آمتہِ تہ پارمیلیٹری فوج چھِ کمیونٹی طور خراب علاقن منز صورتحال کنٹرول کرنہ خطر چلان۔
2560,سیفِلس یُس نہ پیچید چُھ یِہ ہیکہِ عام طور اینٹی بائیوٹک دواہ ستۍ علاج تہ علاج کرنہ یِتھ ۔
2561,تمہِ سنزِ دورچ آغازس منز وچھِتھ اَتھ منز اَتھ منز اَتھ اَتھ اَتھ اَتھ اَتھ اَتھ اَ
2562,یہ شو گوو دسمبر 2008 ہس منز ہواس منز۔
2563,60 ونہِ ونسہِ کھلڑِ ہندِ سینیئر لیگ چھنہ غر عام۔
2564,جینیاتی تبدیلی ہیکہ مختلف سطحن تہ مختلف طریقن پیٹھ گژھتھ۔
2565,ایڈیکا ڈی ایڈیکا گروپ چھ ساروے کھتہ بوڑ جرمن سپر مارکیٹ کارپوریشن۔
2566,نہ کُنہِ تہِ پننہِ بیکس منز کٔرِو نہ کٔرِوو نہ کٔرِوو نہ کٔرِوو۔
2567,نیییمی اختیار چھ وزیر اعظم سندِس کونسلس منز یس وزیر اعظم سندِس قیادتس منز چھِ یوان، حالانکہ حکومتُک سرچ سر چُھ گورنر۔
2568,مشرقی چلوکیاہن بنو جدید مشرقی آندھرا پردیشس منز آلامپورس منز کینہہ فائن مندر۔
2569,یتھ منز چھ گڈنِک بائٹ چھُ تِہ ونان زِ پکسل چُھ کتھ وچھنہ آسان۔
2570,یہِ فلمہِ چھُ نوجوان رتہِ سونو ڈگگالَس درمیان شدید تہ متبادل طور تباہ کن ربطہ کٔرِتھ، یُس ناوازuddin سیدِکی تہ أمہِ سندِ
2571,نوو کھنہ ہند عادت ہنز ضرورت کھتہ زیاد طاقت جسمس دِنہ یِنہ یِنہ یِنہ ۔
2572,میسیہ ہُک دارالحکومت اوس وِرٹاناگر (مُحدود بیرات)، یُس یہِ چھُ ونان زِ امہِ سندِس بنیدی بادشاہ وِرٹاہَس پیٹھ ناو
2573,شے ٹینٹکل چھ سر پیٹھ نیران تہ لیمسینا پکڑان۔
2574,یہِ چھُ یہِ کینیڈاہس منز ساروے کھتہ زیاد بولن والین ہندِ ہندِ زبان بنان۔
2575,یہ متن چھ ونسہِ تِمَن ولہِ ولہِ تہِ واریاہ پٹھۍ محبت ستۍ علاج کرنہ یوان۔
2576,عیسایہ مانان چھ ز یم اکھ دیوتا ہُند ترے حصہ چھ۔
2577,سپینن کور ادگی ہنز حق غیر متعارف، لہذا یہِ تہِ نہ نوٹس تنظیم کوٹہِ چھُ اتھ پیٹھ رٹنہ یِنہ یِنہ یِوان۔
2578,"2001 ہس منز سہِ ایڈن بریجس منز 7,808 لُکھ روزان ۔"
2579,پننہِ ساتہ فوج افسر تہ مُکُنڈس ستۍ چھِ وِراتَن یِم بمبرِن ہُند رد عمل کران، یِمَن منز اجمال شمل چھ
2580,مشرقس منز چھ بنگال ہُک خلیج تہ ریاست چُھ پُڈوچری ہُک اتحاد علاقہ چُھ۔
2581,یہِ زاننہِ ساروے کھتہ اہم کم چھُ مشہوٗر پونیین سلوان (پونی ہُند نیچِ)، تاملَس منز اکھ تریٖخی رومان ی
2582,ریوگوکو بوڑن کور جاپان کِس ایڈو دورس منز موساشی صوبہ تہ شیموسا صوبہ ستہِ ربطہ۔
2583,چیمپئن سہ پرتھ وزنس منز فیوو پٹھ وسطس تام پرتھ ڈویجنس منز۔
2584,سُہ زیوٗن بہترین فارین فلمہ تہ اصل سکرین پلے خطر ز اکیڈمی ایوارڈ۔
2585,بتھ کینسرک وضاحت ہنز چھِ بہترین طریقہ یِم درجہ بندی ہنز تمام پہلو تہ باقی نتیجہ شمل، یِتھ کٔنۍ زِ جسمی امتحانس پیٹھ لبن
2586,دویمہِ دہ، آیوواہس منز سڑکہ، سڑکہ تہ اکھ ستہِ علاج کِس کِس کِس کِس کِس ستہِ ستہِ بٔ
2587,ایوانا بنیو 1988 منز اکھ قبل کرنہ آمتہِ ریاستہائے متحدہ ۔
2588,اگنیار دٔریاو چھُ ہندوستنۍ ریاست تامل ناڈوُک اکھ غیر قدیم دٔریاو یُس جنوب مشرقی منز بنگال کس خلیجس منز چلاوان چھُ۔
2589,تِم چھِ برانڈ ناونہ مصنوعاتَن ہندِس ستہِ مُقابِل واریاہ چیز پیش کران، مگر واریاہ سستہ قیمتَس پیٹھ۔
2590,یِمَن منی گرامم تہ اییاوولے گیلڈَن منز چھِ سارِوے مشہوٗر یِم چولا فوجَن فتح کرنہ پتہ سہِ ۔
2591,"ٹریپورا 2010-11 ہک معیری جیز مطبق چھ ٹریپوراس منز مجموعی طور 4,455 سکول، یتھ منز 2,298 بنیدی سکول چھ۔"
2592,ییلہِ پُلیٖس تٔمِس پیٹھ گول پٹھۍ چھِ، تٔمۍ چھِ پننہِ بہنہ سندِ پٹھ بییہ کال یوان۔
2593,مفت توانیی چُھ ای ٹی پی سٹیزس چلوِتھ استعمال کرنہ یوان۔
2594,قدیم تہ وسطی ہندوستان کین کینہہ ساروے کھتہ طاقتور سلطنت ہند گھر چھ کرناٹک قدیم تہ وسطی ہندوستان کینہہ قدیم سلطنت ہند ۔
2595,ہندوستانس منز ساروے کھتہ بوڑ چینل چھِ انڈرا گاندھی چینل، یُس تقریباً 650 کلومیٹر طویل چھُ۔
2596,یِم لوٗکھ یِم عام طور بیمارن ہند علاج کران چھِ چھِ یِم ڈاکٹر یا ڈاکٹر ونان چھِ ۔
2597,یہِ چھُ منہاتن، نیو یارک سٹی منز ٹرپ ٹاورَس منز واقع۔
2598,دویمہ ساروی کھتہ تیز شیطبی ریلوے، لیکنوو سبرن شُراب شیطبی اکسپرس چُھ ہندوستنۍ رازدنی نیو دِلہِ ہِس لیکنوُس ست
2599,یہ چھ ٹیلی ویژن پروگرامن تہ کھیلن ہندین واقعاتن متعلق مواد بناوان۔
2600,مدراس منز کٔر تٔمۍ گڈنِکِس اننگَس منز 166 تہ 29 دہس منز اوس نہ بٹنہ ییلہِ ہندوستان زیننہ آمتہِ
2601,اکھ قابل ذکر تامل ریوائزیشن چھُ گوولو دُلَن ہند جشن (یہِ تہِ گولُو پٹھۍ گِندِتھ)۔
2602,سُہ اوس میی 2017 پٹھ ستمبر 2021 تام باہامَن ہُند وزیر اعظم۔
2603,یہ چھ بیہیا بلانکا کِس جنوُبس منز اٹلانٹک اقیانوس منز ختم گژھان۔
2604,انجا، مغدا کِس مشرقس منز اکھ لکٹ سلطنت (مُحدِد مغربی بنگال کِس دروازس پیٹھ)، کور ویدک ثقافتُک مشرقی سرحد بناون۔
2605,مثالہ، رانی پڈمین سندِ خاندار راٹن سین چھِ الودین خلیجی سندِس قبضہ خطر لڑان، تہ امہ پتہ چھُ س اکھ جوہار قیادت
2606,باقی ہندوستنۍ زبانن منز یِتھ کٔنۍ اودیاہس منز چھِ صوتی معاد، یتھ کٔنۍ جٹرا استعمال کرنہ یوان۔
2607,یِنہِ سنزِ یِنہِ یِنہِ یِنہِ یِنہِ یِنہِ یِنہِ یِنہِ یِنہِ یِنہِ یِنہِ یِ
2608,یہِ دہ چھِ مختلف عمرہ کین لوٗکھن کٔرِتھ کبادڈی، مراٹون، باسکٹ بال، ہاکی تہِ کھیلن منز حصہ۔
2609,مے کٔر ٹیسٹنگ ہالس منز تپھ تام گژھان ز مے اوس نہ یتھ پٹھۍ تیار یتھ مے توقع تھاو۔
2610,ایپل ای8X ایپل ای8X چھ اکھ چیپ یس ایپل آو بناونہ آمت۔
2611,ٹاکسِک چیز، یتھ کٔنۍ تمیز کرنہ خطر فراہم کرنہ یِنہِ، ہنزِ الگ پکانہ یِنہِ یِنہِ ۔
2612,آرتھوڈوکس سروس چھ بتھ شام کس خرس منز شروع گژھان، یہو یہووِ یہووِہ روایت چُھ پیٹھ عمل کران ز شام چھِ لٹورِگِل مقدس د
2613,یہ فلم آیہ 3 مارچ 1995 امریکہس منز ریلیز کرنہ ۔
2614,واریاہ مطالعہن منز چھ پتہ زِ لیپوپروٹین(a) ہُک اعلی سطح س ایسکیمک دلچ بیمار خطر اکھ اضافی خطرک فاکٹر۔
2615,پروڈکشن بٹن ہند انتخاب تہ ژور ڈگریٹ چیز نمبر دخل۔
2616,ترکاکارا مندرس منز چھ اکھ میگا فاسٹ منعقد کرنہ یوان، یُس عومی خطر کھولنہ یوان چھُ تہ بینہ کھوتہ زیاد لوٗکھ
2617,ریاستس منز چھ 30 نومبر 2020 ہس تام 24950.60 میگاواٹ ہُند کل انسٹال کرنہ آمتہِ بجلی پیداوار ہُند صلاحیت۔
2618,گرتھ ایوانس اوس ہولٹ منتخب کرنہ برونہ سینیٹک رکُن۔
2619,کامیاب کیریئر پتہ، ریوزز موُد 16 جون 1959۔
2620,فائنل منٹَن منٹَن منز گیمُک رفتار کم گٔیہِ، تہ سہِ کم ہیت۔
2621,یہ چھ گوداویری دٔریاوُک بنکِس بنکِس تِمَس منز، یُس تیلنگنگاہس منز چرم ضلعہ کِس چیرلا نزدی
2622,ییلہ تمہِ اکھ اہم گلوکار ژھانوِتھ، تمو کور ال اٹکنز ۔
2623,امہ وجہہ کٔر جنوبی افریقہس منز اکھ گام یتھ ناو دِنہ۔
2624,اَتھہِ ستہِ سۍ تِم ژور شُر، یِم مارک، مارٹی، موری تہ کیٹی ناو ۔
2625,"ٹیپو کٔر ہایڈر سند مرنہ پتہ راکٹ استعمال زیاد بڑو، ییمہ ستہِ أکس وقتس منز تقریباً 5,000 راکٹیر کم کٔر۔"
2626,لہذا، تہہ ہیکو ون 1 ملین ڈالر لگان تہ اتھ منز سرمایہ کری کرُن۔
2627,تادشی ساومورا اوس اکھ خاص طور مشہوٗر ابتدئی کیک باکسر۔
2628,پامبن جزیر تہ لکٹن لیمسٹون شاولن ہند اکھ گروپ چھ رام سیٹو ہند شملی حصہ بناوان، یس سابقہ سری لنکا ستہِ ہندوستانس س
2629,شیٹی چھ پنن او ٹی ٹی شروع کران ہندوستنۍ پولیس فورس سِدھارتھ مالھوترا ستہِ ایمیزون پریمی ویڈیو خطر کم کران۔
2630,س گٔیہ 1966 منز برطانیہ ہس منز ہجرت تہ کٔر پننہ آزادانہ لکھر پٹھ قیم۔
2631,کوبن امریکی چھ امریکہس منز ترییم ساروے کھتہ بوڑ ہسپانک گروپ۔
2632,حیدر علین کور اُردو، فارسی، عرب، کینڈا، قرآن، اسلامک جج عمل، سوار، شوٹنگ تہ فینسنگ ہندس موضوعن منز تیپوُس ابتدئی تعلیم دِنہ
2633,یہ چھنہ سروو کارڈ ہندِ صورتس منز لاگو گژھان۔
2634,امہِ سنز حقیقی کم چُھ واضح، مگر یہِ چھُ LDL رسیپٹر تہ کلاتھرن کوڈن پٹَن ہِندِس ربطس منز اکھ کردار ادا کران۔
2635,اکھ مشہوٗر جین مندر چھُ سلطان باٹھری منز واقع، یُس برونہہ کیرالہ کِس کِنڈنگ گڈن ہُند ناو زاننہ یوان
2636,ہندوستان کِس حکوٗمتَن کور پننس عزتس منز دن دہن پبلک نارچ اعلان۔
2637,امہِ مطلب اوس زِ شہرس منز چھ واریاہ گھرچ ضرورت۔
2638,کُمارُک اکھ مجسمہ آو 22 اکتوبر 2018 جنوبی ایونیو، کولکتاہس پیٹھ نصب کرنہ۔
2639,پبلکشن خطر تمام مواد چھ پی سی ایل او ایس صارف بیس پیٹھ درخواست کرنہ یوان۔
2640,گاڑِ ہُند ملِس چیک کرُن- یتھ منز تیل، رٹل تہ بجلی ہُند پٹھ پٹھ پٹھ پٹھ پٹھ پ
2641,پننِس قیادتس تحت، مرتا سلطنتک سرحدو اوس ونسہِ دہ پٹھۍ پشاوار، جنوبی منز سرینگپٹینم، تہ ونسہِ دہ مغربی بنگالس
2642,یہِ اوس نٔمہِ صدی کس خرس منز بناونہ آمُت۔
2643,پلمیتا چیش-پلمیتا چھ زولیا ریاستہ کہِ ونیزولین چیش اکھ قسم۔
2644,پُلاکیشِن اوس وشنوِیٹ سِکتُک اکھ ہیندِ مگر یہِ اوس بُدھ مت تہ جینِم شمل باقے مذہبَن ہُند پٹھۍ قابل قبول۔
2645,ویکیپیڈیا چھ اہم طریقن منز پرنٹ کرنہ آمتہِ حوالہ نِش مختلف۔
2646,کمرس منز چیزن ہند ناگہ وضاحت کرنہ یوان چھے تہہ بے غر دھوکہ دہی ہند احساس ستہِ رتہِ ۔
2647,یِمَن منز چھِ عام طور بٔڑِس مقدارس منز مرنہ تہ باقی ارگانک مادہ یِم ہومس ونان چھِ ۔
2648,تاہم، تمام عملے آیہ بچاوتھ تہ آو محفوظ زمین واپس۔
2649,ورینڈا کور پتہ سمندرس منز پننہِ ڈرنہ، تہ دیوتاہ (یا وشنوُس ذتی) کور تمہِ سنز روح اکھ کُنہِ
2650,مُواٹ پُزھا تالک چھُ مڈلین تہ ہِندِس سطحس منز شمل یِم زراعت تہ لکٹہ پیمانسہ صنعتہ چھِ امِچ بنیدی معی
2651,دشوے استعمال کٔر شمری پٹھ سیارن ہند حرکت پیش کرنہ خطر طریقہ۔
2652,2020 ہس تام چھ مسلمان دنیاہس منز واریاہ تبدیلی۔
2653,مثالہ، ییلہ لوٗکھ بولان چھ، یہ چھ کانن ہندس خطر انٹرویو۔
2654,ماحولیتی اہلکار چھٗ پریشان زِ پسٹایسٹائڈ ہیکہ رومبلون صوبہ کِس نزدیٖک آبدی ماحولس منز شدید نقصان کٔرتھ۔
2655,سری ونکیسوارا نیشنل پارک چھ ہندوستان کِس آندھرا پردیشس منز اکھ قومی پارک تہ زیوسیفر ریزرو۔
2656,لہذا بنیو س ہندوستانس منز قانون ساز سیٹ خطر چلان گڈنِک گڈنِک زنان۔
2657,یِم چھِ کرسمس برونہہ، خاص طور نومبرس منز ہیکوِتھ۔
2658,پینلٹی تہ گولہ پتہ ہیکہ کھلڑۍ آزادانہ جایگزین کرِتھ تہ نہ جایگزیننہِ علاقہ منز گژھِتھ۔
2659,تُہۍ ملی منصوبہ بندی کرن ولہِ ہیکہ تہہِ یہِ وچھِتھ منز مدد کٔرتھ زِ تُہۍ پننہِ ریٹائرمنٹ زندگی کس طریقس پیٹھ حمایت کر
2660,امہ وجہ ستۍ اوس ایسکوبڈوَن شُٹ تہ کٔرِو والٹیریرا مار، دیجر لینڈوَن وون۔
2661,مہابھراتس منز چھ واریاہ واقعاتن ہند تعلق یم بھیمس طاقتک اظہار کران چھ۔
2662,قونوُن آیہِ کوینز بری ہندِس مراکشس سندِس پٹھہِ شایع کرنہ، ییمہِ ناو چھُ ہمیشہ تِمن ستہِ وابستہ
2663,کِرِکِس پٹھ بَگَرِتھ منز چھُ كِرِکِس پٹھ بَگَرِتھ خاص تکنیکَن ہِنز استعمال کٔرتھ کٔرِت
2664,2009 منز آو اداکار سندِ اکھ 8 فٹ ہندِ سندِس گھرس منز اولایِل، کولمس منز اکھ 8 فٹ ہندِ سن
2665,گیس حملہ سہِ یِم چیز ییمۍ فوجن ٹرینچَن منز کنہِ چیزَس پیٹھ خوف تھاوان ۔
2666,مے چھٗ مینس صحت سینٹر بِلَس پیٹھ غیر متوقع اضافی چارج ستہِ تھوٹہ مایوس، یہ چھٗ واریاہ ناخش آسان۔
2667,یہ افسر اوس پننہِ بٹالیونچ ' اے' کمپنی ہُند کُن کُنِس کُنُن کُنہِ منز ییلہِ تمہِ پگودا ہل پوزیشنس پی
2668,س چھ 12 جون 2009 پیٹھہ جی کو میگزین ہندِ ایڈیٹر چے کورینس ستہِ خاندر کران۔
2669,فدرل آئینی کورٹ چھ جرمنی ہس منز ساروے کھتہ اہم کورٹ۔
2670,یہِ پِلر اوس اصلی گارودا ہُک اکھ مجسمہ حصِل کران۔
2671,مے نیچِس آو مایوس کرنہ ییلہ تٔمۍ پننہِ بیکسلر ڈگری ہنز گڈنِک سیکنڈچ امتحانَن دوران پننہِ انجینئرنگ
2672,1989 پیٹھ 1993 تام اوس اِنُوڈی جارج ایچ وبس صدر صدرس دوران امریکی ریاستن ہندِس تنظیمس منز امریکی سفیر۔
2673,تشخیص چھُ مُطبِق علاجچ وضاحت کرنس منز مدد کرنہ خطر مواد استعمال کرنہ کس رویہِ ہُند ذٔریعہ واضح کرنہ خطر استعمال کرنہ
2674,لٹینٹ ٹی بی ہند لوٗکھ چھ نہ بیمار پھیلاوان۔
2675,پراگہ منز زامژ وِلمہِلم سٹیینٹزن کور کھیلس ستۍ سنز سنزِ علمیی نقطہ نظر خطر بنیاد، اجزایاتن منز
2676,بڈِگارڈ بڈِگارڈ چھُ اکھ سیکورٹی گارڈ یُس ملی طور زخمی گژھنہ نِش اکھ نفر بچاو چھُ ۔
2677,یہِ مُحکم چھُ دعوا کران زِ تنازعہ منز چھنہ مُتلی حقکری ہُند مسلہ تہ زِ جُزِس چھُ قونوُنی مسلہ پٹھ
2678,الگونکی، آروکوئی، یا سیوان چھ علاقک ترین زبننہِ گروپن۔
2679,"پتہ ہیکہ رٹنہ دارِ سوالس منز تجربہ حصل کرنہ خطر تہہِ ""یہِ رقم"" دِتھ۔"
2680,امہ واقعہ دوران چھ شرکت کرن والین اکھ بون فایر منعقد کران، اکھ تِہ رنگچ پودر تھونہ، تہ چھ جنگلی طور جشن منز روزان۔
2681,مثالہ، پرل 5 معیلَن کٔر 1993 منز پرل 4 ہُند بدلہ۔
2682,تمہِ سنز زینہ ونسہِ اوس پرسسیلا ماریا ورونیکا وائٹ تہ س اوس لیورپولس منز زامُت۔
2683,رامگیری قلعہ چھ 1325 پیٹھ 1433 پیٹھ 100 ؤری کھتہ زیاد عمرہ تام گُریجالہ کما نایاکا ہُند دارالحکومت۔
2684,زراعت: زراعت چھ اکھ لکٹ کم یس زراعت پیٹھہ وچھان چھ۔
2685,تمہِ سندِ ماجہ چھِ پننہِ گٹہِ ستہِ گھرس منز اکی زندگی گزاران تہ تمہِ سندِ ماجہ چھِ غر ملک کم
2686,سُہ چھ رام تہ چیرانجیوِس منز اکھ پرتھ مُتعصب۔
2687,مندرجہ ذیل لوٗکھن کور ایگزیکٹو شاخس منز باقی اہم نوکری۔
2688,یہ چھ لوٗکھ پننہ پونسہ ہند بچاو کرنہ خطر کنہہ چیز ۔
2689,بیوپکُک خیال آو 2011 کِس کرِٹ ورلڈ کپ فاینلس پتہ ہوائی اڈس منز اکہِ واقعہ ستہِ رُکُنہ پتہ دھونی سندِس
2690,ویز چھ پتہ وضاحت کران ز سُہ چھ واریاہ جذبتی چِھنزِ تہ سُہ اوس ناسار، عمر سندِس بوسس شمل واریاہ مُلکَن
2691,شوَن چھِ واریاہ ایوارڈ زینان، یَتھ منز پانژھ ایمِس تہ ژور گولڈن گلوب شمل چھِ۔
2692,علاقہ پیٹھہ رپورٹ چھُ مشور زِ بجلی ہُند فراہمی چُھ ناکام گژھان، مگر عمارتن تہ زخمین ہُند نہ اَہِ تہِ چھٗ نہ بٔڑِ
2693,ییلہِ تہہ فائل کرنہ یِوان کرِو، یتھ کٔنۍ ٹیکس واپس یا ادایگی ہُند پٹھۍ ہُند ثبوت۔
2694,یِم عرب مسلمانن یِنہِ ستہِ قبضہ کرنہ آمتہِ سڑکن چھِ ونہِ علاقس منز وچھنہ یوان تہ بندِ خاندان چھِ ہ
2695,مقبول سڑکہ کھین منز چھِ آلوور چپ، بیگونی، کتی رول، بِریانی تہ فوچکا شمل۔
2696,یہِ فیس چھُ تُہندِ خریدری ہُندِس تریخس پیٹھ شروٗع گژھان تہ پرتھ ؤرۍ اکھ فیصد پوائنٹ کم گژھان ییلہِ یہِ صفر
2697,ساؤنڈ ٹریکس منز چھ 8 ٹریک شمل یم پرٹم، انوپم امود تہ روکسن بینڈ ستۍ بند چھ۔
2698,سار ایس مریضن منز چھ بییہ عام وچھہ خونس منز گردش کرنہ آمت لیمفوسائٹس ہند تعداد منز اکھ کمی۔
2699,میدانس پیٹھ زیاد کھلڑناونہ چھ پینلٹی ستۍ سزا دِتھ۔
2700,بینڈھواگڑھ قلعہ چھُ ہندوستان کِس مدھیہ پردیش کِس اُمریہ ضلعس منز بینڈھواگڑھس منز واقع۔
2701,واریاہ پرندِ قبیلہ کٔرِو بٔڑِ سیسی یونٹ بناونہ خطر اکھ جمع۔
2702,حاملہ دوران ہیکہ ڈایابٹک ریٹینوپٹی ہیکہ ڈایابٹک زنانن ہندس خطر تہ اکھ مسلہ۔
2703,انڈرا گاندھی آرینا چھِ دِلہِ منز تہِ ۔
2704,چراپونجی چھ ہندوستان کِس شُمال مشرقی منز اکھ سیاحتی مقصد۔
2705,گوو چھٗ پننہِ کم قیمتہ بیئر، شراب تہ شراب ہندِ قیمتہ باپت تہِ قابل ذکر۔ شرابس پیٹھ پننہ واریاہ کم اکسکسیس ڈوٹی وجہ ستۍ۔
2706,ٹینملہ چھ کیرالہ، ہندوستان کِس کولم ضلعِ مشرقی طرفس منز اکھ سیاحتی مقصد یُس ہندوستان کِس گڈنِک ماحولیتی سیاحتی مرکز ہُند گھر چھُ۔
2707,فالکنس منز چھ اکھ سروو ڈسک یس پننس اندر اندر اکھ عرب سمندری جہاز ہاونہ چھ کران۔
2708,"یہ البم کٔر امریکہس منز پنن گڈنِکِس ہفتس منز 201,000 کاپیہ ۔"
2709,تٔمۍ کٔر مارٹین میٹوریٹز کین اکھ گروپس پیٹھ تہ کم۔
2710,ویر ورمدیو تہ راؤ کنہادڈڈ دیو کور امہ قلعس پیٹھ الودین ہندِس طاقتس ستۍ پننہِ مادییی ملکس پننہِ قیمتی طاقتس س
2711,یہِ شروٗعات 1 جنوری 1270 تہ ختم گژھ 31 دسمبر 1279۔
2712,آڈیو سی ڈی منز موجود اکھ اضفی بتھ سہِ کاشِک دُتاہَن بنومژ، یُس 2 جون 2014 ریلیز آیہ۔
2713,اِبن بٹوتوتا سندِ یادگار ریکارڈ زِ تٔمۍ کٔرِ تٔمۍ پرتھ ز غلامہ کورِہ اکھ شُر، یُس یونانہہ ست
2714,ایسٹونین مارک ایسٹونین مارک اوس 1918 پیٹھ 1928 تام ایسٹونین ہندِ کرنہ۔
2715,کچپودی منز رقصک اکھ بنیدی یونٹ چھ اڈگو (یا اڈوگولو) ونان، تہ یِم چھ نٹیہ شسترا ہس منز کرانا ہس ستۍ مطابقت۔
2716,تٔمۍ کٔر احتجاجس دوران پولیس ہنز ہنز دِژ رتہ تہ 17 نومبر 1928 ہس منز تمہِ سندِ زخم ستہِ مر۔
2717,1336 تام اوس اعلی دکن علاقہ ملکہ الودین خلیجی تہ ملکہ محمد بن توگلوک ہند سپاہن ہندس شکست دِنہ آمُت۔
2718,یہِ چُھ فنن منز اَہِ سطحچ حیثیت تہِ چھِ ۔
2719,کرسمس کارڈ کرسمس کارڈ چھٗ اکھ خوش آمدید کارڈ یس کرسمس پٹھ دِنہ یوان چھٗ ۔
2720,ناما بنیو پنن سٹیج ناو ییمہ س 1990 کس دہلس کٔرِس خرس منز واپس آو تام روُد۔
2721,1803–04 ہس منز، دویمہِ انگلو مارتا جنگہ پتہ، ییلہِ برطانوی ایسٹ انڈیا کمپنی مراٹھا سلطنتس شکست دِیُت، اتھ علاقک زیاد تر حصہ
2722,تقریبَس منز اَکھ کِڈز زون علاقہ تہِ شمل، تہ بونس ہاوس تہ زائرنہ یِنہِ ٹیمَن ہندِ کوٗرِو ستہِ
2723,سوین ہکہِ گلوکار تہ انسان فلوُس ستہِ دشونی ستہِ انفلوُنسا ستہِ ہنزِ رلتہ یِتھہِ ہاوسہ
2724,ییلہ پرتگالین سرکرۍ کشتی تہ ملکن واپس کرنہ نِش انکار کورمُت، موگال کورٹس منز آو غر غیر معمولی طور شدید۔
2725,بینڈٹ راک ایوارڈ چھ اکھ سالانہ ٹیلی ویژن ایوارڈ شو یس ایس 4 سی پیٹھ لائیو ریڈیو کرنہ یوان چھ۔
2726,2009 منز کور نیو ٹی منی کوئی، اگتی تہ آندروٹس پیٹھ کینہہ کینہہ کینہہہ کینہہہ کینہہہ کینہہہ کین
2727,ایڈیلیڈ سٹور چھ باقے سٹور کھتہ زیاد چیز کنہ یوان ۔
2728,شُملی امریکہَس منز گڈنِک سکوش کورٹ اوس 1884 منز کنکورڈ، نیو ہیمپشیرَس منز سینٹ پال سکوُلَس منز۔
2729,جون 2018 ہس منز کٔر جیوتین بالجی ٹیلی فِلمز شو ناگن 3 منز بیلا سِہگلَس اہم زنانہِ ہُند قیادت پٹھ پیش کران یُس رنگ ٹی وی پیٹھ و
2730,س چھ مختلف مُلکن منز واریاہن سٹیج شوَن منز پیش کران۔
2731,لیکٹاس اینزیم یِم انسانن ہندِ لکٹن رٹین منز پیدا گژھنہ آمتہِ چھِ یِندِ ژینس ایسپرگیلس سندِ ژ
2732,بلاکس منز چھ پنچایٹس (گھرن ہند کونسل) تہ شہر بلدیہ شمل۔
2733,مغربی بنگال چھ مذہبی طور مختلف، علاقی، ثقافتی تہ مذہبی خصوصیات ستۍ۔
2734,خریدار سندِس چہرہ گوو قدی ییلہِ وہ تجارت ییمِس تٔمۍ أمہِ خطر ادا کرنہ اوس نہ وقتس پیٹھ بٔڑِت
2735,حصہ 81 چھُ ونان زِ تمام کمونویلٹ آمدنی چھُ کنسلیڈیٹڈ ریوایو فنڈ بناوان۔
2736,غر كفی غذیی کھتہ كھٗنہِ چھٗنہ عام، تِکیازِ جگر عام طور ترین پیٹھ پانژھ ؤریہ تام وٹامن ذخیر کٔرتھ
2737,کرہن سندِ بیمار برعکس چھِ ستہِ ستہِ كِس كِس كِس كِس كِس كِس كِس كِس كِس كِس كِس كِس كِس
2738,چاکی ہندِ دوست چاکی ہندِ دوست چاکی چاکی چاکی چاکی چاکی چاکی چاکی چاکی چاکی چاکی چاکی چاکی چاکی چاکی چ
2739,زیاد تر وقتہ چھ یہ ایڈرنل گینڈن منز اکھ پٹھ آسن۔
2740,سُہ آو فائن آرٹس ایسوسی ایشن آف کوچی ہندِ طرفہ انشٹنناپراوینن ناو دِنہ سندِ اعزاز دِنہ۔
2741,کاپیپو کاپیپو چھ اٹاکاما علاقہ کس اکھ چلی شہر۔
2742,یہ چھ مول ہاوس کِہ 17 کلومیٹر شُمال مغربس منز تھور دٔریاوَس پیٹھ۔
2743,عدالتس چھ نہ موتچ سزا دِنہ خطر قبل کرنُک صلاحیت، مگر یہ ہیکہ ڈچس پیٹھ زندگی ہنز سزا دِنہ یِتھ۔
2744,امہِ کامیابیہ ستۍ کٔر مرزا پور، کاسگانج، چہلیسار تہ وارانسی منز سکولن ہنز قیم کرنہ۔
2745,امریکہ واپس یِنہ پتہ ہیکہِ تُہۍ کٔرِوو کنہِ ستہِ ٹیکس تہ ٹیکس ادا۔
2746,"یتھ کٔنۍ نہ پبلک بٹن تہ ڈرین ہندۍ ستۍ شہری سہولیات برقرار تھاونہ آمتہِ، تہ نوو عمارتہ آو ""خطر کم بناونہ"
2747,یہِ دریاو چھِ تامل ناڈو کِس کیرالہ تہ کمبٹور ضلعس منز اِڈوکِی، اِرنکُلم تہ تھریسُر ضلعہ کینہہ حصہ دِوان۔
2748,مُلکن ہیکِو کینہہ زبانن ہُند حفاظت ہُند سطحچ حصِل کرُن ہُند فصلہ کٔرتھ۔
2749,ہایپوگامی چھُ زنانہ کھتہ زیاد مردن ہندِ عمل کرنہ خطر وچھنہ آمُت۔
2750,آئی فون 4 آئی فون 4 چھ اکھ سمارٹ فون یس ایپل بنوو۔
2751,مغربی آسٹریلیاہ ہکہِ فایر اینڈ ایمرجنسی سروسز آوٹیٹیٹ چھُ کاررتھا، روبورن، پوائنٹ سامسون، ویکہام، ڈمپیر تہ مرڈی ہس منز رہائشی روزن
2752,جنین ہیکہ یا ہیکہ نہ دلک سرگرمی۔
2753,یہِ آو تقریباً 15 بار قزنس منز ترتیب دِنہ، مگر باقی شہرس منز تہِ، یتھ کٔنۍ سلاواٹ، اورنبرگ، اکتراپسکی، ییمزی، چلیابنس
2754,پونسہ خرچ کرنہ برونہہ پننہِ سمجی سرکِرس منز مفت چیزہ خطر پوچھ کرنہ یقینی بنوِو۔
2755,یہِ وچھِوِو زِ ژھہ زِ ژھہ چھٗنہ یِنہ ، تہ یہِ یقینی بناونہ خطر چھِ ژھرِووِوِوِوِ
2756,نیو ساؤتھ ویلز وزیر پٹھۍ پُلیسَن دِنہ كِنہِ نِش نِش نِش نِش نِش نِش نِش نِش نِش نِش نِش ن
2757,یہِ جُزری آیہِ پریسٹن کرون کورٹس منز منعقد کرنہ ۔
2758,آرتھرَن چھ رینڈل ماران مگر گڈس منز تُہِ سندِس صحت مند علاج کرنہ خطر چھِ گری بچاوان۔
2759,یہ اوس 2002 پیٹھ 2007 تام جنرل موٹرزن بناونہ آمت۔
2760,راگھوجی کٔر 1740 مئی منز ڈسٹ علی مار تہ کٔر ڈسٹ علی سندِ نیچِر سافدار علی خان آرکوت کِس ناوبس پٹھۍ نصب۔
2761,ٹھ تیلگو شاعری آیہ تمہِ سندِ ادبتی جمہوری ہندِس ٹھہِ ستون پٹھ ماننہ تہ آشتھدی گجا ونان چھِ ۔
2762,سکیبیا ہنز سطحی برِو چھِ عام طور انگن ہنزِ ہنزِ ہنزِ ہنزِ ہنزِ، پٹھ، ونٹرل ہ
2763,زن تہ مرد دشونی چھے مختلف لمرن پیٹھ وزن کم کران۔
2764,ڈرگپور-اسانسول کوللیری بیلٹ چھ واریاہ سٹیل پلانٹن ہند گھر۔
2765,واریاہ مختلف بلاکنگ سسٹم تہِ چھِ، ٹیم ہیکہِ مخالف ٹیم ہندِس جرائمس منز رکاونہ خطر کم کرِتھ۔
2766,ڈی پی پی گورڈن اوہ اوس پٹھۍ عمل کرن ولۍ ٹیمس منز باقی ییلہ تمہِ سندِس ساتھی لیونگ ونگ ٹاکس آو ای جی سی پی پی لیٹ چنگ س
2767,زنانہ رقصگارن ہند مسلمان پوشاکس منز چھِ اکھ سکاٹ تہِ استعمال کران، مگر اتھ منز چھِ نزدیک پٹھہِ گڑھ گڑھ گڑھ گڑھ گڑھ گڑھ
2768,لوٗکھ چھُ زیاد کمزور چیک کرنہ خطر تہِ یِنہ آمُت، یتھ منز بڑن، نوجوان تہ بیمار شمل چھِ۔
2769,تہہِ دہ دہِ تہہِ دکانہ برونہہہ کاروبار کرنہ خطر اکھ گھنٹہ دِنہ خطر تہِ ہیکہِ تہہِ د
2770,اکھ ڈرس کوڈس ستۍ مطابقت یتھ کٔنۍ کاروبارن ہنز علامت چھ فردیتس پیٹھ گروپ رکن شپ کران۔
2771,تھروواننتھپورم سینٹرل چھ ریاستس منز ساروے کھتہ زیاد ریلوے سٹیشن۔
2772,جایہ جان آلوسین کور یوچی کمانوس شکست دِنہ خطر پننہ رفتار استعمال تہ تریِم گول خطر بٔڈِس لیوِس کورنرس منز بال لگاونہ
2773,یورپی یونین تہ امریکہس درمیان زراعتی شعبہ خطر سپیڈین تہ ٹریفینس پیٹھ اختلافاتن ہند وجہ ستہِ چھِ مذاکرات بند کرنہ آمژ۔
2774,ییلہ یہِ گژھان، میڈگاسکار اوس اتھ ستہِ ربطہ یِم ونۍ ہندوستان چھے۔
2775,کانہہ معقول تعداد ہیکہ اکھ منفرد دسمیل بڑیی طورس پٹھ اظہار کٔرتھ۔
2776,مے ظہر وچھن ہنز احساس یم مے شیشہ پیٹھہ وچھان چھ، مے کٔر مے جلدس منز تلوہ۔
2777,مِلیک امبرَن کور دِلہِ منز مُغل شہزادہ شاہ جھنَن پننہِ سندِس ملِس، نور جھنَس خلاف مدد، یُس پننہِ نی
2778,او ڈی آیی کریکیٹ منز سُند آغاز گوو پاکستان کِس گڈنِک دورس منز، ییتہِ أمۍ سندِ انفرادی کارکردگی عام اوس تہ یہِ اوس ت
2779,اگر کینہہ خصوصیات ستۍ جانورن چھ زیاد روزان، یہ مطلب چھ ز تم ہیکن زیاد زراونہ یِتھ۔
2780,بدا گون جین مندر چھ بدا گون، بدا پٹ، اُتر پردیشس منز اکھ جین مندر۔
2781,2 اکتوبر 2007 ہس منز کٔر ایس ایم آیی نارتھ کیرولینا سپیڈ وے یس منز کرایہ پرنہ آمتۍ۔
2782,آئی جی این کور کھیل 10 منز 9.0 درجہ۔
2783,1774 منز کٔر کیپٹن جیمز کوکن جزیرچ دریافت تہ أمۍ سندِچ جزیرچ ناو۔
2784,اہم مراٹھا کمانڈر ہیمبریو موہیٹ آو مارنہ تہ فوجن کور مراٹھا فوجن ہندس دورس منز شروع۔
2785,1991 ہِس خلیج جنگس منز دِیوُت جاپانن تریٖب ڈالر۔
2786,یہِ چُھ 1940 کس دہلس ہندِ اکھ مقمی کمک کتاب سپر ہیروین پٹھ ناو آمُت۔
2787,پوشکر یا گنگس دٔریاوَس منز، خاص طور وارانسیَس منز چھُ اکھ مقدس بَٹ ساروے کھتہ زیاد کھتہ کھتہ کھتہ کھ
2788,قدیم متنن منز بیان کرنہ آمتہِ چھِ اوپر کپتان یا ٹایڈ ہُند صحیح طریقہ بُندِس تہ دنہِ ہندِس ستہِ تہِ د
2789,I Am 24 چھ اکھ ہندوستنۍ ہندی زبانہ ہندِ ہندِ ہندِ ہندِ ہندِ ہندِ ہندِ ہندِ ہندِ ہن
2790,کِلیوَن کور کِلکُٹہ پیٹھ 20 میل شُمالہ منز چاندناگر کِس فرانسیسی قصبہ قبضہ کرنُک منصوبہ۔
2791,13 مہِ صدی کِس دوران، ستہِ ولۍ پوواننتھی مِنایورن کور اُلگامادھی گپھَس منز تامل گرامارَس متعلق نانوول لکھ۔
2792,پُزال ایری یا پُزال جھیٖل، یُس ریڈ ہیلز جھیٖل تہِ ونان چھ، چھ ریڈ ہیلز، چنایی، ہندوستانس منز واقع۔
2793,تٔمۍ کور اکھ حکم نافذ ییمہِ گڈن مجرمن خطر پناہ گاہ بنان۔
2794,یہ بازرس اوس تُگلاہ خاندانچ تمام سلطنتن ہندِس سلطنتس تحت شُکِر، خاص طور گییاسuddin تُگلاہ، محمد تُگلاہ تہ فیروز تُگلاہ۔
2795,لہذا چِھ لیٹییم میگنیسییمس ستۍ یتھ ، تہ بیریلییم چِھ ایلومینیمس ستۍ یتھ ۔
2796,تٔمۍ گِیُن بوسٹن ریڈ سوکس، فیلڈلفیا فلیز تہ پٹسبرگ پائریٹس خطر۔
2797,پوٗر دنیاہس منز چھِ سکوش ہُند واریاہ تبدیلی گِندنہ یوان، حالانکہِ کھیلُک بین الاقومی ورژن چھُ غالب شکل بنومُت۔
2798,1940 منز آو ریاست شینٹو ہندس نظامس منز یہِ مُقدس تسلیم کرنہ ۔
2799,اولی تہ مونسیاری چھ ریاستس منز مشہوٗر سکی ریسٹر۔
2800,جموں و کشمیر ہندِ حکومت چھِ اتھ علاقس منز قانون تہ ترتیب، عدالتچ نظام، مواصلات تہ اعلی تعلیم پٹھ نظر۔
2801,ڈیمچ درواز چھِ باقیہ طور کھولنہ یوان، پروارا ہندِ نیچ بہاؤ اجازت دِنہ خطر، ییمہِ ستہِ امبریلا فاؤلز
2802,یہِ دُرِی چُھ خرِین امہِ خاندرچ نیچِن تہ کورِن ہُندِس ستہِ گژھان۔
2803,سُہ چھُ نیشنل فٹ بال لیگ کِس ڈینور برونکس خطر اکھ حصِل ۔
2804,سُہ آو 2008 ہس منز آزاد کرنہ ییلہ تمہِ سُہ نہ پننہِ ریٹریل ییلہ نہ تٔمۍ گژھنہ یوان۔
2805,ٹی اے اے اے ہُند نامزد دیوُت عدالتن کور 93 مُمبیی بمبرِنگ کیس، سارفراج داؤڈ فانسس منز ہُند الزام نمبر 55، یُس حملن منز
2806,قلعہچ سندۍ سندۍ چھ واریاہ سنگین سندۍ بناونہ آمتہِ ۔
2807,چینس اندر آو چینی ثقافتی انقلاب کین پریشان ؤرین دوران روایتی مارشل آرٹسک عملہ کم کرنہ۔
2808,1773 منز، کمپنی منز فساد ستۍ حوصلہ ستۍ، برطانوی حکومتن 1773 ہس منز قدری عملس پیٹھ ہندس حکوٗمتس پیٹھ حصہ کنٹرول ح
2809,یہِ چھِ رڈے میک ڈویل، الیزابت ٹیلر تہ کھون اداکار پال ہند کردار ادا کران۔
2810,کیمیکل وایپنس کانونشنس منز چھ کیمیکل ہند ترے مختلف گروپن ہند فہرست کران۔
2811,اورلینڈو بین الاقومی ہویی اڈ چُھ امریکہ کِس ساروے کھوتہ بوڑ ہویی اڈ منز اکھ۔
2812,سہِ ؤرۍ پٹھہِ آبچ بہاؤ یُس بنگلو کی کینڈی گامہ کِس جنوب مغربس پیٹھ شروع گژھان چھُ، یہِ چھُ شُمال مغربس منز حرکت کر
2813,مے اوس پریشان ز مینۍ شُر پننہِ بینک اکاؤنٹَس پیٹھ زیاد کنٹرول چھِ ییلہِ تِم پونسہ ہنز انتظام سمجھنہ ورنہ ور
2814,محمد بن طلکَس اوس نہ اتھ سلطنتس پیٹھ ردعمل کرنہ خطر مُلک یا حمایت۔
2815,بین الاقومی کھیل چُھ ونۍ بین الاقومی سیپکٹکراؤ فیڈریشن ایس ٹی اے ایف سندِ انتظام کران۔
2816,1567 منز، اکبر گٔیہ میوارس منز چٹور قلعہ کم کرنہ خطر منتقل۔
2817,کُلو دوشرا ہُک سَبدِ دہہ تہوار، یُس بد بادشاہ راوانس پیٹھ آوٹار لَگ رام سُند فتحُک اکھ جشن چھُ۔
2818,میک کیون زاو 12 نومبر 1955 براوم ہاوس ، ایڈنبرگس منز۔
2819,یہ خیال چھُ لکھری ہُند لفظی قسمہ، یِم اکثر بِلِبِتھ چھے۔
2820,"کوچن کور 1890 منز ٹایبرکلوسس خطر گلیسییرین نکالچ ""پہلی"" قرار دِنہ، ییمہِ ستہِ ""ٹایبرکلوین"" ونان۔"
2821,بِرِنسن کور پننِہ دویمِس گول شمل ییلہِ دویمِس دورس منز ترے مِنٹ کھتہ کم گڈنہ ستہِ گول
2822,کینہہ بٔڑِو مشور چھِ ایلور-ایڈایار سٹریکس منز صنعتی یونٹَن منز صفر اثر انداز کرنہ تہ کمپنیَن ہندِ صفر ایمیٖکشن
2823,"2010 ہس منز سہِ ہندوستنۍ فوجس 1,128,000 فعال عملہ تہ 960,000 عملہ۔"
2824,امریکہس منز سہِ مجموعی ٹبروکلوسسس کیس کیریٹ 2017 ہس منز کینیڈاہس منز کینہہہ ملی علاقن منز ٹبروکلوسسس و
2825,ہودجِچ مُود 10 جولایی 2018 ، 23 وُہُر ونہِ ونسہِ منز ۔
2826,سیلیوکسن کور پننہِ کورِ چاندرگپٹا ستہِ اتحاد بناونہ خطر خاندر۔
2827,یہِ فِلم آیہِ ہندوستانس منز 1000 سکرینن منز ریلیز کرنہ، تہ غیر ملکی سکرینن منز۔
2828,مصری گڈنِس صدیس منز یونی حروف استعمال کرنہ خطر شروع۔
2829,نیو بین الاقومی معیلی ترتیبس پیٹھ تحقیق خطر سینٹر چھ مچھلی ہند صحت تہ دریاون ہند قدرتی ذٔریعہ ہند انتظام فروغ دِوان۔
2830,1960 منز آو سُہ سیکاگو بیرزن تریِم رونڈس منز ڈیزائن کرنہ۔
2831,ورلڈورا آو مانیہیلن ہنز سلطنت ونان أکِس مُلکَس منز تہ تِہِہ سُہ رشی ہجراپ تہ أمہِ سنزِ سن
2832,یہ عمل ہیکہ ایلیریجک یا غیر ایلیریجک ردعملک نتیجہ، یتھ ہسٹامین ریلیزچ تیز رفتار کرنہ کس طریقس منز مختلف چھ۔
2833,سوپر ڈِکاؤنٹر کااس دواہ ہُند استعمال چھُ کمزور گژھان تہ چھُنہ یِنہ یِوان ۔
2834,مِرانڈا کیلنڈر، یُس میرا شیلَن ہُند گِندنہ یِوان چھِ، چُھ کلیرَن ڈیٹیکٹِک طورس پٹھ کم کرنہ
2835,مردن ہندین واقعاتن منز چھ اولمپک سِلور میڈلسٹ برینٹن رِکرڈ، کرسٹین سپنگر، ہیڈن سٹوکِل، ایامون سلیون، تہ میٹیو ٹار
2836,ونسہِ منی پور تھیٹر چھُ ہندوستانس تہ غریرَس منز ہندِس ممتاز پروڈکشن ہند وجہ ستہِ اچھی سان احترام کرنہ یِوان۔
2837,کیکو، شہزادی اکشینو چھ جے ایس ایل یس منز مطالعہ کرنہ آمت تہ چھ اکھ تربیت یافتہ علامت زبان ہند اکھ مُفصِل۔
2838,ناگوری چھ پتہ مارکیٹ کِس جایہِ ہُند اکھ بینڈھ پٹھ وُچھان۔
2839,یہِ آو پتہ یِہِ پدری ہُند اکھ گروپ کاروبرِن ہُند خطر تہِ پداوارس منز پھٹان۔
2840,بیناراس تہ الہ آبادس منز آو ہتھیار ہندس تباہی ہند آغاز، ییمہ ستۍ مقمی بغاوت تہِ ہند وجہ آو۔
2841,یہ اوس اصلی 1977 منز فلپی ڈسکس پیٹھ استعمال کرنہ خطر ڈیزائن کرنہ آمژ۔
2842,اوڈیسی چھُ لٹہ آمُت تہ بنیدی رقص ہندِ ہندِ ہندِ ہندِ ہندِ ہندِ ہندِ ہندِ ہندِ ہندِ ہندِ ہندِ ہندِ ہندِ ہند
2843,1982 پٹھ 1987 تام اوس س تعلیمی تہ سائنس خطر فدرال وزیر۔
2844,لڑے چھِ سلام ستۍ شروع گژھان یُس تازیم ونان چھُ۔
2845,حالانکہ یِمَن واریاہن سٹائل چھِ عالمی کونگ فو چیمپین شپَن منز واقعات، بییہ آئی وی ایف رُون ایونٹ یُس صرف وُشو کِس رویتی سٹ
2846,ریلوے سٹیشن چھِ مٗقابِل قصبہ پنچکولا تہِ کم کران۔
2847,تٔمۍ سنز کیریئر 1957 منز شروٗع تہ تٔمۍ کٔر 1975 منز گِنگنہ نِش رٹنہ۔
2848,شمال کوریاہس منز چھ کیم ایل سونگ ہند 300 کھتہ زیاد مجسمہ۔
2849,ارجنٹینا کٔر سرِبیا تہ مونٹروینگو 6-0 ہُند اَکھ نمژَس منز ہُند دِژ یُس جمعہ گلسنکرچن منز لوٗکھَ
2850,سُہ چھُ اکھ قصہ بنان زِ سُہ کٔنۍ سُہ پننہِ ہُند ہُند ہُند کتھ بَرو۔
2851,بدقسمتی سان، سُہ اوس نہ پننس خطر اکھ مطابقت پذیر کورس پیٹھ عمل کرنس منز کامیاب۔
2852,انٹرنیٹ پٹھ، یا ٹیلی فون پٹھ ہیکو ستہِ ہیکو ستہِ ہیکو ستہِ ہیکو ستہِ ہیکو ستہِ ہیکو۔
2853,قومی حکوٗمتن کور شہرس ٹرینٹن، نیو جرسی، یتھ منز صدر جارج واشنگٹن شمل س۔
2854,"یاد زِ ""صادق"" تہ پتہ پنن ناو شمل۔"
2855,"ماجہِ، گامل ابراہیمن وون مصری اخبار الہرمس زِ تٔمۍ دِیوُن پننہِ شُرِس ناو ""25 جنوری نوجوانن ہندِ کمتہِ کٔ"
2856,راگ ڈولن ہند انفرادی لم تہِ ہیکہِ انٹرایکٹ کرنہ یِتھ ۔
2857,یِم واقعات چھِ امریکہ ہُک تریخ، حکومت تہ ریوائٹس مناونہ یوان۔
2858,تم چھ سب سپینس منز پننہ کامہ زراعتس متعلق۔
2859,تٔمۍ کٔر مارچ 2011 ہس منز سی سی سی سینٹ گیلن کور کرنہ خطر پننہ مقام ترو۔
2860,یہ آو 10 دسمبر 2017 امریکہ کین تھیٹرن منز ریلیز کرنہ ۔
2861,"بالیا آو ہندوستان کِس آزادی ہندِس تحریکس منز اتھ اہم کردارہ خطر ""بگی بالیا"" وننہ۔"
2862,یہ چُھ ونہِ زِ یِہ زِ نکہ مے یَس یمنداہَن دِیوُت، مگر یہ چُھ واضح زِ یمنداہ اوس اکھ صرف کرٹیکا یُس مے تائیَس من
2863,مارچ کِس گڈنِکِس ہفتس تام چھِ زمینہچ اثرات کم گژھان۔
2864,اکھ انٹرانٹ چُھ اکھ معمولچ ویب سایٹہ پٹھۍ کم کران۔
2865,بلیک سنز پوزیشن چھ وائٹ سنز منظر، یتھ منز اکھ مساوی حصہ چھ۔
2866,رحمان چھ ہندوستانس منز ساروے کھتہ زیاد فروخت کرنہ آمتہِ موسیقی فنکارو منز اکھ، یتھ منز دنیاہس منز تخمینہ 150 ملین ریکارڈ
2867,باقی فتحاتن متعلق چُھ غر یقینی زِ چندرگپتا ہیکہِ، خاص طور جنوبی ہندوستان کِس ڈکن علاقس منز، حصل کٔرِتھ۔
2868,جیسا کہ اوپر ذکر کرنہ آمت، تُہندِ کمپنی سندِس فراہم کرنہ آمتہِ 401k منز سرمایہ کری چھ اکھ اکھ اکھ اکھ خیال۔
2869,دیوی اوماہس ستۍ پننہِ ربطہ پیٹھ چھِ بیماس بییہِ بییہِ کورِ یُس بیمنڈری ناو چھُ۔
2870,کریو تھراپی کمر چھ کھیلچ بحالی تہ صحتک اکھ حصہ۔
2871,"زمین ہند کل 48,675 ہیکٹر (120,280 ہیکٹر) چُھ زراعت ہند مقصد خطر استعمال کرنہ یوان۔"
2872,"مِنمارَس منز چھِ سیپک ٹاکراون ""چینلون"" وننہ یوان۔"
2873,کینہہ لوٗکھ یم انفیکشن گژھان چھ چھ، چھ وِروسس تیزی سان شکست دِتھ۔
2874,گیلگٹ پیٹھ پاکستانن ہندِ رازد لداخس تام سہِ تہ تمہِ بچنہ خطر فوجی سرگرمی شروع کرنہ آمژ۔
2875,تہہ ہیکہِ تہہِ کینہہ اپلی کیشن ژھاننہ خطر حیران گژھتھ ۔
2876,آرٹسٹک جیمناسٹک چھ جیمناسٹک اکھ ضمیر یتھ منز ورزشکار مختلف آلاتن پیٹھ مختصر روٹین ادا کران چھ۔
2877,اخبار ریڈیو سٹیشنن تہ حکوٗمتن کور عومی پٹھۍ نوکری لاین پیٹھ دور رہنہ تہ اندر گریل استعمال کرنس پیٹھ حوصلہ۔
2878,تامل ناڈو ہُک سیاحتی صنعت چھُ ہندوستانس منز ساروے کھتہ بوڑ، یتھ منز سالانہ شرح 16 فیصد چھ۔
2879,اتھ ٹرانسمیشنس منز چھ شُرِ پننہ احترام ادا کرنہ خطر بڑن ہُند طرفہ گژھان، تہ بڑن چھِ پننہِ برکت دِوان تہ ش
2880,پنن زخمہِ پٹھ صحت مند گژھنہ پتہ کٔر مینیکسھو 23 اگست تہ 22 دسمبر 1943 ہس درمیان کیٹا کِس کِمنڈ اینڈ سٹیف کالجس منز
2881,1950 کس دہلس تام اوس باسکٹ بال اکھ بٔڑ کالج کھیل بنوِمژ، ییمہِ ستۍ پیشہ ور باسکٹ بالس منز دلچسپی ہُند اضافہ خطر س
2882,بینڈز، یُس ونسہِ اکھ مفت ایجنٹ چھ، چھُ ونہِ سٹیرایڈ استعمال کرنس منفی۔
2883,قدیم یونیورسٹی گڈنہ ییمہ وقتس منز تہ رنسیس منز شروع۔
2884,امریکی نیشنل انسٹی ٹیوٹ آف ہیلٹس چھُ مشور زِ تمام حاملہ زنانن یِمن منز چھِ شمِل گژھان چھُ اکھ جامع چھِ ہنز امتحان۔
2885,جاپانس منز بٔڑ کمپٔنی چھ عام طور پر اکہِ ؤرۍ اکہِ کالج فارغیٖمتہِ کرایہ ۔
2886,سُہ چھ سپینس منز سیویلا ایف سی خطر گِنڈنہ خطر تہ ڈنمارک منز ہیرفج بولڈ کلب خطر زاننہ یوان۔
2887,عام عنصر اوس شوہر تہ بیوی یس دوستن تہ خاندانن ستۍ اکھ لٹہ بتھ، پتہ سُہ کم از کم ترین بارن تٔریٖنہ پٹھہ تٔمۍ
2888,اکثر، یہِ چھُ مذہبچ بنیدی عقید تہ عقید ہُند مطلب۔
2889,مگر واریاہ خریدار چھ صرف اتھ برونہہ گڈنِک پیشکش ترووِتھ، ییمہِ مطلب چھُ زِ تہہِ اگر تہہِ خریدری یِتھ ت
2890,ییلہِ زِ شُہن خلیات چھِ مییلین ڈبلیس ہُند ابتدئی مرحلس منز تمیز کران، میکروفج چھُ کام کرنہ خطر آوان۔
2891,اَکہِ 2016 ہِنز جیز منز چھُ وُچھان زِ یِم پروگرام چھِ سٹراکس پتہ زندگی ہُند معیار بہتر بناوان، منفی اثراتہ ورے۔
2892,"سندِ کور یہِ واقعہ وینڈی سندِ 50,000 امریکی ڈالر ہُند انعام پیش کرنہ ستہِ ہاٹ لاین ستہِ ریوُن۔"
2893,پرتھ گام تہ علاقہ ہندِ چیر چھِ سختی سان بچاوان ییلہِ مٗلکِن مٗہالن اکھِس چیر پٹھۍ دھوُن کرنچ کوٗ
2894,نانسی ڈرون چھ پننہِ ملِس کارسن ڈرونس ستہِ فکشن ریور ہایٹس منز روزان۔
2895,یہِ چھُ زانہ زِ مے چھُ مے پننہِ سرمایہ کری اکاؤنٹس خطر فیس منز کتھ پٹھۍ ادا کران۔
2896,اوپانیانا چھ نارالی پورنیما ہُند اکھ مشہوٗر رسم۔
2897,یہِ چھُ علاقہ ستہِ 8وم ساروی کھتہ بوڑ ریاست، تہ آبدی ستہِ 11وم ساروی کھتہ بوڑ ریاست۔
2898,دویمہ دوہہ آو فلوریڈا پنہینڈل پیٹھ جنوب مشرقی لوسیاہس تام کینہہہ کُنہِ کُنہِ تہِ زِیاد ہُند توقع۔
2899,پٹانجلی سند اصطلاحاتس ستۍ یتھ کٔنۍ وِچارا (سبتل ریفلیکس) تہ وِویکا (تھہِ اختلاف) ہِند اصطلاح استعمال کرنہ یِوان، مگر
2900,تِمَو کور تِمَن ستہِ پننہِ منفرد مذہبی روایہ تہ عملہ ۔
2901,مارسڈن زاو 18 ستمبر 1973 سٹیل واٹر، اوکلاہوماہس منز۔
2902,یہِ منز چھُ اسرائیل فوج، اسرائیل ایئر فورس تہ اسرائیل ناو شمل۔
2903,ستمبر 1857 منز کور سپوے چٹاگونگس منز خزانہچ کنٹرول۔
2904,یہ چھ اونٹاریو کہِ قانون ساز امیگری ہندِ رکنن ہندِ ستہِ بناونہ آمتہِ ۔
2905,دشونی طرفو دِیوٗت پننہِ بہترین گرمی منز تہ اتھ پیٹھہ کٔرِو پننہِ گڈنِک فیفا ورلڈ کپ حصِل۔
2906,ہم چھ اکھ ٹیمہ پٹھہ اکھ وقتہ یوان ز یہ چھ مے تکلیف ز ییلہ بہ تہہ رووِتھ چھٗ ۔
2907,نمک ہند پیداوار تہ نمک پینن ہند پیداوار اوس یتھہ طریقہ ستۍ کنٹرول کرنہ آمت۔
2908,ریلائنسن کور ہندستانس منز گیس ہندس سورسنگ تہ مارکیٹنگ خطر بی پی ستہِ 50:50 مشترکہ کاروبار تہ بناونہ۔
2909,سُہ زینن 1949 تہ 1952 ہَس منز دشونی ٹور ڈی فرانس۔
2910,تاہم، ایسپیرین تہ باقی غیر سٹیرایڈل اینٹی انفلوماٹرڈ دارو (این ایس اے ایڈ) چھ اکثر انٹی کواگولینٹک اثراتہ ستۍ گیسٹرینٹسٹینل خونریزی ہُ
2911,"اکیڈمی منز چھ 6,000 کھتہ زِیاد موشن فوٹو پروفیسر یِم رکن بنوِتھ ۔"
2912,پانژ مِنٹ پتہ کٔر الیکس ویدلن سُرایزَس مدد، ییمہِ امہ سیزن بیسٹرسٹیشنُک 100 ہِم گول دویمہِ گول نِتھ۔
2913,ییلہِ اکھ بٹچ آسنہ یوان، تہہ ہیکو پننہِ خریدارن ہندِ آرڈرس متعلق مختلف قیمتی معلومات وچھِتھ۔
2914,بودھزمچ چُھ ڈرجیلنگ پہاڑن ہِندِ ہِمالایین علاقس منز اکھ مشہوٗر مذہب باقی۔ مغربی بنگالس منز چھِ تقریباً پور بودھ سن
2915,فوجدار اوس عوام خطر واریاہ سخت۔
2916,9 جولایی 2010 ہس منز کور لیانکا فلم ڈایریکٹر تہ کم ساز میہیل وینبرگ ستۍ خاندر۔
2917,واریکس وینین ہند لوٗکن ہکن ڈ ڈیمیر خون ٹیسٹک مثبت نتیجہ دِتھ لٹہِ وینس اندر مزمن کم سطح تھرومبوسس ستۍ۔
2918,تریکل دٔریاوُک دٔریاوَس پیٹھ، قبلہ ہیکہِ پناجی کِس 42 کلومیٹر شُمالس منز کیریم پیٹھہ اکھ جری ستۍ یِتھ
2919,کوٗوِتس منز چھِ انسان حقوق اہم پریشانی ہند اکھ موضوع۔
2920,زیاد تر معاملاتن منز چھ بیمار یس جراحت کرنہ خطر گژھان چھِ ناراض یا بگھری ہُند تجربہ یُس جراحت کرنہ برونہہ دوا ہ
2921,تہہِ ڈینکی۔ ییلہِ تٔمۍ سندس اطرافس نہ کانہہ تہِ تھاو، توہہِ تہہِ ہیووِ تٔمۍ بال پاس کرنہ
2922,س چُھ فلمہ ہدایت کار سٹیون سپلبرگ سندِ سندِ سندِ سندِ سندِ سندِ ۔
2923,یہ بتھ چھ شیکوان صوبہ کس کانگڈنگ ناو أکس قصبچ اکھ لوک بتھ ۔
2924,اگر چاندرگپٹا سندِ زندگی کرنکٹا منز اکھ رفتہ پٹھۍ ختم کرنہ خطر جین روایت صحیح ماننہ یوان، چھُ وچھان ز چاندرگ
2925,"ماجہ ہندِس ملِس منز ولِس ولِس، جان ٹریویننَس، کور اتھ واقعہ ""غیر مُفصل"" ونان۔"
2926,تٔمۍ گِیُن 1963 پٹھ 1985 تام ہارلم گلوبیٹرٹرٹس ستۍ۔
2927,س چُھ دُنیاہس منز ساروے کھتہ بوڑ زنانہ ایچ ہاکی کھلڑۍ ماننہ یوان۔
2928,1869 منز گٔیہِ خاندان مدرڈس منز منتقل، مگر آلبنیزس اوس اکھ غر بچپن۔
2929,زیاد پیمانس پیٹھ اوس یہِ پٹھۍ قلعَن تہ رقص ہالن تام محدود۔
2930,تٔمۍ گِیُن آسٹریا کلاگنفورت، ایس ایس وی اینس بریک تہ آسٹریا وین خطر آسٹریا منز۔
2931,تٔمۍ وون لوٗکھ ٹرینن پیٹھ زیاد غور کرنہ یِنہِ ۔
2932,بیمی انکرۍ اوس موبائل ایپ بیمی ہند تخلیق کار۔
2933,نِش تہ ہچٹ ستۍ ستۍ ستۍ ستۍ ستۍ، تِمَن کٔر زنانہ تہ شُر مار۔
2934,آردرن زاو ہیملٹن منز تہ بڑو مورینزویل تہ موروپارا منز۔
2935,صرف کینژن ؤرین منز آو ٹاکراوس سیامی سکولن منز کورکولس منز پیش کرنہ۔
2936,شفچاون چھ شملی مغربی مراکش کِس ریف پہاڑس منز واقع۔
2937,ناواجو قومک موجود صدر چھ 2019 پیٹھہ جانٹن زی۔
2938,نومبر 2010 ہس منز کور حکوٗمت ہندوستانن او این جی سی ہس مہارٹن معیار دِنہ۔
2939,فٹ بال گیمس منز سکور کرنہ خطر چھ واریاہ طریقہ۔
2940,عدالت آیہ 30 اپریل ویکروے ہند نامزد کرنہ ۔
2941,یِم چولاسَن تحت ڈراویڈی مندرَن ہُند سارِوی کھتہ گڈنِک مثال۔
2942,ہیرنکاشیپو چھ پننہ نیچِہ پرہلاڈا مارنچ کوٗشِش کران، مگر وشنو چھ پننہ ناراسِمھا آوٹارس منز مارنہ یوان، پر
2943,پروسٹایٹیکٹومی: پروسٹایٹیکٹومی چھ پروسٹایٹکٹک حصہ یا پور حصہ ہنز جری ہٹاونہ۔
2944,سولوِنگ تھراپی چھِ 2018 ہس تام مِشکلہ نتیجہ۔
2945,2001 تہ 2011 ہس درمیان سیاحت ستۍ نبوٗت ہند آمدنی ہندس شرحس منز اضافہ تہ 2011 ہس منز 190 ارب مارک کھتہ زیاد۔
2946,مغربی ثقافتس منز چھ زنانہ کیسہِ ہندِ اہم استعمال کران۔
2947,یہِ چھِ تہِ سیزرو یِم نہ ایپلیپسیاہِ ستہِ وجہہ چھِ ۔
2948,طالب علمن کور پنن ریکٹ کم پیمانس تام تبدیل تہ یِم خراب حالاتن منز گِنڈنُک صلاحیت بہتر بناونہ۔
2949,تمہِ سنز آبنی رنگچ کم تہ تیلہ پینٹنگ چھِ پرائیویٹ تہ کالج میوزیم ہندِ مجموعہ منز۔
2950,تاہم، ٹریسومی ایکس یا یو کروموزوم سیل لائنہ ولۍ کینہہ زنانہ آیہِ جیز منز پوٗر کرنہ، ییمہِ ستۍ یِمَن
2951,شاہجی آو 1649 منز جینجی سند قبضہ پتہ کرناتاکہس منز ایڈلشاہ سند مقام یقینی کرنہ آمت۔
2952,مودی ہندِ اکثر ژھلڑِ کرنہ ستہِ چھِ یہِ پننہِ تمام پٹھۍ کمہِ نِش بچاونہ خطر مدد کران۔
2953,تہوارس منز ہیکہ چیک بیئرچ 70 کھتہ زیاد برانڈ چکھ یوان۔
2954,روٹن چھ سویڈن کِس کرنبرگ کاؤنٹی منز ویکسجو بلدیہک اکھ علاقہ۔
2955,سُہ اوس مالوان خطر ساروے کھتہ زیاد سکورر یتھ منز 2010-11 سیزن منز 15 گول س۔
2956,"سُہ اوس 1,300 ملازمینن ہندِ ذمہ دِنہ تہ سسٹم ٹیکنالوجیس پیٹھ ہدایت فراہم۔"
2957,یہِ چھُ پرشینٹ نارینان، اِریف زکریا، امن ورما، امیت دِمری، وِیوِک راجپُٹ، مہِی کَنڈوری، گُروٗوا ڈِکسِٹ، م
2958,ییلہ تمہِ منتخب گژھان چھِ یِم چھِ تِم پوزیشن پٹھ روزان یِتھ تام تِم مرنہ یا استیمی گژھان ۔
2959,کینہہ بالغ یم ہوم شُرِ ہندِس رحِمتس منز تہِ چھِ ۔
2960,کینہہ ساروے کھتہ زیاد مطالعہ کرنہ آمتہِ قسم چھِ سکیمس آرٹروپڈ، خاص طور بٹرفلی۔
2961,آئی اے اے اے چھ 16 اکتوبر 2011 پیٹھہ بیسٹی بیسٹی خطر ذمہ دار۔
2962,اتھ منز چھ قونوُن شمل یِم دواہ ڈاکٹر ہیکو تہ ہیکو نہ تجویز کرنہ یِتھ ۔
2963,یہِ صفحہ چھُ انگریزی ویکیپیڈیا متعلق موجود تعاون، کام تہ اخبارن ہُند فہرست فراہم کران۔
2964,"فلمہِ ریلیز کرنہ پتہ دِیوو ہیرانی تہ جوشی دشوے دِژِ دِتھ یہِ وضاحت زِ ڈُت چُھ نہ فلمہِ منز ""سفید"""
2965,لابویچ ہاسڈیمچ واریاہ چھ امریکہ یا اسرائیلس منز روزان ۔
2966,سُہ گژھِ 1989 تام کمپنیس منز روزان تہ اوس چیف فاینلس آفیسر۔
2967,جیمز لوکٹفیلڈس مطبق، بھرتناٹیم اوس 19 ہمہ صدی تام ہیندۍ مندرن خطر منفرد، ییمہِ صرف 20 ہمہ صدی منز چھِ مندرن نیبر
2968,قدیم زمانن منز سہِ ستہِ تقسیم کری، یِمَن منز صرف ز چھِ ونسہِ ستہِ تہ ستہِ ستہِ ست
2969,جنگہ پتہ ؤریہ تٔمۍ سندِ سر تہ دشونی ہندِس سٹاکس منز روزنہ آمژ۔
2970,لہذا اگر تہہ پننہ تمام مز پونسہ اکہِ وقتہ پھٹان چھِو، تیلہِ نہ بییہِ ای ٹی ایم واپس کرنہ خطر سفر۔
2971,کوسٹکو کیش کارڈ چھ بنیدی طور کوسٹکو خطر اکھ تحفہ کارڈ یسہ دشوے رکن تہ غیر رکن دکانس منز خریدری خطر استعمال ک
2972,یہِ سِودی بغاوت اوس تہِ پننہِ جغرافیی تقسیمس منز زیاد غر مُتعارف، شملی وسطی ہندوستان کین علاقن منز تہِ یِم نہ برطانوی کنٹرول
2973,تاہم، کینہہ وجہہ خطر کینیبس استعمال کرن چھ فدرال قانونس تحت ولہِ غیر قانونی۔
2974,یہ چھ غریب لوکن ہندِ حالات بہتر بناونہ خطر اکھ حل ہُند نمائندگی کران۔
2975,مل چھِ ملِہ تہِ یِمتہِ یہِ چِھ چینلن منز رِیاہ خطر آسان ۔
2976,یہِ حصہ آیہِ ہندوستنہِ زیاد قبلہ کس علاقس منز 51 جایہَن پیٹھ گر ۔
2977,یہِ کٔر دیوتاہس خوشی، تہ یہِ ہندِس روتہِ ختم۔
2978,کلینڈی دٔریاو چھ برہمگیری پہاڑن پیٹھ شروع گژھان ییمہِ ترونلی مندرس نزدیٖک تام چھِ ریوولٹ پاپیناسنی یس ستہِ شمل گژ
2979,حقائقن پیٹھ نظر آو، قونوُن ہیکہ نوو حقائقن ہند پٹھۍ استعمال کٔرتھ۔
2980,یِم چھُ ونہِ عومی بناونہ خطر مقرر کرنہ آمُت۔
2981,یِم تہ مستقبلچ مندرن ہُند نمبرٹ آو ایڈیٹیہ اول تہ پرانٹیکا ہِندِ صِرف۔
2982,یہِ تہِ ماننہ یِوان چُھ زِ یہِ گپھ چھُ ژور بڈن/سٹیٹس ستہِ اندرونی طورس منز رلتہ یِوان۔
2983,"2000 ہس تام سہِ تقریباً 2,800 لُکھ روزان ۔"
2984,یہ چھ تمام عمرہ کین تمام صحت مند بالغ مردن ہندس ستۍ گژھان۔
2985,جمعہ کور برطانیہس منز مبنی غیر حکوٗمت خدارانہ تنظیم 'ساف ڈی شِرن'ن پننہِ ویب سایٹَس پیٹھ اکھ سرکرِی بیانَس منز اعلان زِ افغانستان
2986,تٔمۍ کٔر ہندوستان کِس میو کالجس منز پننہ سکولنگ۔
2987,ہندوستنہ ریلوے چھ کولمس منز سیاحتی منصوبہ خطر جزیر منز اکھ تہ تیار کرنچ منصوبہ بناونچ منصوبہ بناوان۔
2988,یہ اوس اگست 2007 پٹھ خری پٹھۍ تیار کرنہ آمت۔
2989,جرمنی منز بٔڑِتھ اکھ عادی، ایسٹر بنی چھ اکھ مشہوٗر افسانتی اینٹروپومورفک ایسٹر ڈاونہ یِم شخصہ یُس امریکی ثقافتس منز سانتا کلا
2990,اختیاراتن منز چھ یہ شمل زِ انسٹا کارٹ کم کران، آرڈر، تحویل، قیمت، ادگی تہ اکاؤنٹ سیٹنگ کم کران۔
2991,یہ چھ اوٹ کِفُک سینٹر لِنہِ پیٹھ واقع۔
2992,یہ چھ غالب ترے ترے اہم کردار، گھراسیر، نِکندار، تہ پرپتی یِم ژھینگِنِس پلو تہ ہڈ جیرس پیٹھ مبنی چھِ۔
2993,فرعونن کور پننہ طاقت سند وٗچھ تہ پننہِ خوابن ہندِ تفسیر خطر پوٗر۔
2994,ڈاکٹر سیوس مُود 87 وُہُر لا جولا، کیلیفورنیاہس منز ہُند اُری کینسر ستہِ۔
2995,پروڈکشن ہاؤس پتہ تہ ڈایریکٹر وجے کونڈا سندس پٹھۍ پیش کاریی کاروبار ستۍ کور تمہِ پروجیکٹ پیٹھ کم کرنہ خ
2996,1851 منز، ہاؤتھورن سندِ خری کور، روز زاو۔
2997,بدلہ، توہہ ہیکو یہِ اڈمی ہِوِہ ویب سایٹ پیٹھ کنہ خطر آن لائن کورس بناونہ خطر استعمال کٔرتھ۔
2998,باقی ریاستن ہندستن شہرین اوس نہ جموں وندس تہ کشمیرس منز زمین یا ملکیت خریدری کرنہ یوان۔
2999,بتھک اہم حصہ چھ اکھ گٹار ریف یتھ لینسن لیوٗتھ ۔
3000,سُہ کٔر 1990 پیٹھ 1993 ہس منز پننہِ مرنس تام سری لنکن فوجس منز خدمت۔
3001,کوپر موُد 10 مئی 2019 پانکریٹک کینسر ستہِ ۔
3002,اپریل 2022 ہس تام چھ اپلی کیشن 16 ارب کھتہ زیاد ڈاؤن لوڈ حصل کرنہ آمژ۔
3003,یہ آو ٹی ایچ آو 1989 منز تاپیہس منز قیم کرنہ۔
3004,اِرلبرنَنَس منز چھِ 1985 پٹھ فرانسیسی کمیونہ کیٹیھووس ستہِ اکھ قصبہ دُنہ کرنہ آمتہِ ترتیب۔
3005,لیکروس چھ 1100 عیسوی آغازس پیٹھ مختلف مقمی امریکی کمیونٹیو ہندِ گِندنہِ کھیلن پیٹھ مبنی۔
3006,"مزورم چھ اکھ ""پینسلاوُل ریاست"" تہِ ونان ییلہِ یہِ ترن طرفن بین الاقومی سرحدن ستۍ احاطہ چھِ۔"
3007,اگستیہ چُھ وسطی تامل ادبس منز تہِ مشہوٗر پٹھۍ وچھنہ یوان۔
3008,سِل کورٹ کیس ہیکہِ ہُند ڈراونہ یِتھ ، مگر تہہ ہیکو زیاد پونسہ زیننہِ ہیکوِ ۔
3009,"2011 چہ مردم شمری مطبق سہِ میزورمس منز 30,136 ہندو یا آبدی ہندِ آبدی ہندِ آبدی ہندِ آبدی ہند"
3010,یہ چھ کیٹالونیاہس منز دویمہِ بوڈ شہر تہ سپینس منز 16 ہِم۔
3011,پلیٹسٹائن لینے: یہ چھ سونی انٹرایکٹو انٹرٹینمنٹ کہ طرفہ بناونہ آمتہِ پلیٹ سٹیشنن ہنز اکھ فہرست۔
3012,مختلف ٹیکٹونک پلیٹ چھ بتھ پٹھۍ اکھس پیٹھ گژھان۔
3013,دن منٹن ہندِ حصہ پتہ سۍ سینٹز کوارٹرس منز کولٹس سندِ ترن منز 20 ڈراما۔
3014,1910 منز آو مونٹریالس منز نیشنل ہاکی ایسوسی ایشن (این اے اے اے) بناونہ۔
3015,جنوبی امریکہ، ہندوستان، پاکستان، بنگلہگلہ، تایلند، یا ویتنامس منز مشتبہ ٹایپوڈ علاج کرنہ خطر گڈنِک لنہ پٹھۍ چھِ سیپروف
3016,ہندوستان بنیو 1998 تام دنیاہک ساروے کھتہ بوڑ پدری، ییمہ ستہِ امریکہس پیٹھ برونہہہ، 2010-2011 ہس منز تقریبا 17 فیصد عالمی پیداوار۔
3017,یہ کامہ پوزیشن خطر شدید مُقابلہ چھُ مے واریاہ جٹری بناوان۔
3018,25 ستمبر 2012 ہس منز ڈی ٹایمز آف انڈیاس دِنہ آمُت انٹرویو منز، لٹان کور دعوا زِ تٔمۍ کور رفیہ سندِس خطی
3019,یہِ چھُ سجاوُن ہُند سطحچ ہُند اِشار کران، تہ کوہِنور دِمژ چھُ مُتبِقہِ مُندِلن ہُند
3020,امریکی ٹیم، ییمۍ کوالیفائنگ رونس منز گڈنِک آو، آیہ فاینلس منز پننہِ مقام ییمہِ ستہِ جان اورسکو سندِ
3021,یہِ چھِ تعلُق تہ خاندرن ہندِ خطر فائنل کرنہ خطر اکھ اکھ اکھ اَہِمِس تریخ تہِ۔
3022,ہیملٹن آو 2009 نیو ؤر ہند اعزازس منز کوئننہ طرفہ ایم بی ای اعزاز دِنہ۔
3023,اگر تِم تہہِ نہ اکھ اچھی وضاحت دِتھ یِتھ کٔنۍ زِ تہہِ کٔنۍ کٔنۍ تہہِ کٔنۍ کٔنۍ کٔنۍ کٔنۍ کٔنۍ ک
3024,سٹیک چھِ کینہہ ستہِ بناونہ آمتہِ، تہ بال چھِ بامبوُک ریشہ ستہِ بناونہ آمتہِ۔
3025,اتھ منز چھ یتھ کٔنہِ چیزن منز شمل یتھ کٔنہِ ، پٹھۍ تہ پٹھۍ ۔
3026,کیرالہ منز چھ مُجری کار کاریِو پننہِ صنعتی تہ زراعتی شعبن منز اکھ اہم کامچ طاقت۔
3027,مثالہ، پننہِ ریٹائرمنٹچ منصوبہ نِش پونسہ نِش پونسہ ستہِ دویمہِ گھر خطر پوٗر ادا کرنہ ہیکہِ
3028,تمہِ سندِ گُمراہ اوس باکس آفسس منز ؤری ہنز ساتو ساروے کھتہ زیاد کھتہ زیاد کھتہ زیاد کھتہ
3029,شہری مرکزن منز چھ کمیونٹی ہند ادار موجود یم سمجی واقعات، کھیلی واقعات، موسیقی کنسرٹ، مزاحیہ شو تہ باقی سرگرمی منعقد کران چھ۔
3030,انٹرنیٹک تجری استعمال بنیو عملی تہ 1990 کس شروٗعاتس منز آہ آہ آہ آہ آہ آہ آہ ۔
3031,تٔمۍ کور سکولس منز گژھنہ روُد تہِ تٔمۍ سندس استادس نہ سُہ سزا دِتھ ۔
3032,امہِ صورتس منز چھنہ ٹرانسفرس منز آپریٹنگ سسٹم شمل۔
3033,2005، 2006 تہ 2008 ہس منز کٔر ٹیلوگو فلم انڈسٹری ہندوستانس منز ساروے کھتہ زیاد فلمہ ہندۍ پروڈیوس، ییمہ بالی ووڈس منز پروڈی
3034,اتھ نظامس منز چھ پرتھ مربعس اکھ منفرد طور مختصراتن ہند اکھ سیٹ ذٔریعہ شناخت کرنہ یوان، ییمہِ پتہ رینکس خطر 1-8 ف
3035,تٔمۍ گِیُن 1992 کریکٹ ورلڈ کپ، ییمہِ سندِس خری، محمد عزارودین سندِس کیپینس تحت، تہ 100 بالَن پیٹھ 125.80
3036,بڑنہ كِس پٹھ چھِ ذہین ہندِس تہ لچِس پٹھِ كِس پٹھِ كِس پٹھِ كِس پٹھِ كِس پٹھِ كِس پ
3037,1939 منز گٔیہِ تٔمۍ سندِس خاندری شکاگو، الینوایس منز منتقل، ییتہِ سُہ زاوری گٔیہ۔
3038,ایوارڈ تقریبس منز بھرتی چھ مانس بہتر بناونہ خطر پننہ زندگی تبدیل کرنہ خطر شمِل۔
3039,کاربرِی شعبس منز یِتھہ تہہِ زاننہ چھِ، خاص طور اگر تہہِ سرمایہ کری کرنہ خطر نوو چھِو۔
3040,یہ پروگرام چھ طالب علمن خودکشی ہندس متعلق تربیت دِوان تہ تِم خودکشی ہندس خطرس منز ٹیسٹ کران۔
3041,کچِپوڈی چھُ اکھ ٹیمہِ پیشکش، یتھ منز ہندو مذہبی تہوارن منز ریٹن چھِ۔
3042,یہِ چھِ موجود ساروے کھتہ گڈ، یا کھتہ گڈ منز۔
3043,یہ چھ سافٹ ویئر یس صارف صرف مختصر وقتس تام استعمال کرسِتھ۔
3044,ایتھم دہ چُھ کوچی کِس وماناموورٹی تھریکاکارا مندرَس منز جشنن ہُند آغاز ستہِ علامت۔
3045,فیلیپین ناو تہ کوسٹ گارڈ کین مٗشترکہ ٹیمن منز چھِ مختلف بچاوتھ کم کرنس منز مدد۔
3046,آکسفڈزیر روئنگ کلب سٹی آف آکسفڈزیر روئنگ کلبن ہند ریسن ہند منظوری چھ یوان تہ کیمبریج سند ریسن ہند منظوری چھ
3047,یہِ فِلم اوس گڈنِچ رلیز گژھنہ آمژ 1 مئی 2014 مگر یہِ آو 25 اپریل 2014 ہس منز رلیز گژھنہ آمژ۔
3048,گودھ چھ اکھ بوڑ دریاو یُس قریبی رہائشی بنیدی طور آب و آب و آب ہند مقصد خطر استعمال کران چھُ۔
3049,تِمَن س لندن، پیرس، اینٹورپِس، زِیُرِچ تہ برلنَس منز بٔڑ دفتر۔
3050,وینہ کِہ فنکارن ہُند اکھ گروپ جلیٹینن چھُ اکھ پٹھۍ پٹھۍ پٹھۍ پٹھۍ پٹھۍ پٹھۍ پٹھۍ پٹھۍ پٹھۍ
3051,یوونجلو زپاسن کٔر یونانک سکولن، لائبریرین تہ سکول شرائپن خطر واریاہ دِنہ۔
3052,سی ایل پی پی چھ پرتھ ریاستس منز قانون ساز امیگریشن ہند تمام کانگریس ممبر شمل۔
3053,یِم کوششو سہِ تام طے ییلہِ کھو رسمی طور قتل کرنہ آو۔
3054,نوکیا 7650 ہیکہ ز ڈویل سیم کارڈ یا میموری کارڈ استعمال کٔرتھ۔
3055,یہِ ستہِ کٔر امریکہس منز بینک استعمال کرنہ یِنہ ولہِ لوٗکھ محفوظ محسوس کرنس منز تہِ مدد۔
3056,ییلہِ مُقامہ ختم گژھان چھِ، زنان چھِ لُونہ ہُند بُنیادس پیٹھ انتظار کران۔
3057,سُہ اوس 1973 ہس منز ورلڈ رالی چیمپئن شپ منز کھتہ زیاد سکور کرن ول ڈرایور۔
3058,پتہ بنیو سُہ کیرالہ ہِندِس ریاست کیرالہ منز اکھ سیسی پارٹی کیرالہ لوٗپز پارٹی ہُند بنیدی تہ رہنما۔
3059,یہِ طاقتور دیڈیا اوس واریاہ ٹاپا تہ پینسہ آمت تہ برہماس ستۍ خوشی۔
3060,بیٹھ بیٹھ بیٹھ تہ پننہِ خرچس پیٹھ سخت نظر۔
3061,یہ سٹیڈیم آو 2008 سمر اولمپکس تہ پارالیمپکس دوران استعمال کرنہ خطر بناونہ ۔
3062,پریتھ نصف چھ 30 منٹ لگان، 15 منٹہ نصف وقتہ ہندس وقفس ستۍ۔
3063,ٹائپ 1 ڈایباس منز علامتن ہند آغاز چھ عام طور اچانک گژھان۔
3064,فوس مُود 25 اپریل 2020 87 وُہ وُہُر۔
3065,نووِوِوِوِوِوِوِوِوِوِوِوِوِوِوِوِوِوِوِوِوِوِوِوِوِوِوِوِوِوِوِ
3066,مُلکَن کور 2011 ہَس منز گڈنِکنِس ہندوستنۍ گرینڈ پریس منز میزبنی۔
3067,مردن ہندس مقابلہ چھ زنانہ ڈینٹین ہایپر ایسٹیویٹی ترقی کرنچ امکان تھوٹہ زیاد۔
3068,سکرلٹ فیور-سکرلٹ فیور چھ اکھ انفیکشن بمژ یسہ بیکٹیریا ہند وجہ چھ۔
3069,ارجن چھُ قیدس منز رونہ یوان، ییمہِ سندِس خاندانس خش تہ غم و اندتہِ چھُ ۔
3070,چیمپئن مُود 2 اکتوبر 2020 کالیفرنیاہس منز 57 وُہُر۔
3071,اکہِ سُہ صبحہ یِہ خشِش برِ ہُند احساس چھُ مے زند محسوس کران۔
3072,سیری ستاکانی تہ تمہِ سندِس خاندار ناگنیکا ستۍ تعلق کرنہ باپت، بھندھیرن چھُ یہِ مانان زِ تمہِ سندِس سلطنت چھ
3073,بادشاہی قصرن تہ بازرس منز سہِ خاص علاقہ ییتہِ ریلٹی تہ عام لوٗکھن کوک لڑ، رام لڑ تہ زنانہ ہندِس رلٹنگ ہ
3074,برسانا چھ رادھا ہُند گام تہ زنان چھُ گپیکا تہ مرد گپاس ہُند کردار مانان۔
3075,کینہہ سہِ جسمی تہ ذہنی صحتک مسلہ، تہ باقی سہِ شراب کھتہ زیاد۔
3076,برکینا فاسو منز ادب چھُ شمِل روایہ پیٹھ مبنی، یُس اہم چُھ۔
3077,کورل لیبل خطر اکھ اوس اکھ مضبوط بٹ تہ آرکیسٹرا ترتیب۔
3078,تِم ہیکِو ٹیسٹ یا عملہ خطر کِس چیز یا نظامُک لکٹن ورژن استعمال کٔرتھ۔
3079,ریسنگ خطر استعمال کرنہ یِوان چھِ زیاد تر گھو چھِ پیشہ ور ریسٹرن یِم جوکی ونان چھِ ۔
3080,چہٹس گڑھ چھ 'کوسا سِلک' تہ 'ڈھوکرا یا بیل میٹل آرٹ' خطر زاننہ یوان۔
3081,یہِ حرکتچ تنقید آیہ سیسی پارٹیو یتھ کٔنۍ ای اے پی، این سی تہ اکالی دال۔
3082,غیر مفت فائل ہیکہ صرف مینسپیس آرٹیکل پیجن پیجن منز استعمال کٔرتھ، نہ اکھ صارف پیج، ٹیک پیج، نمونلٹ پیٹھ۔
3083,ٹیکس آو پِکِس ونان، تہ ٹیکس آو کرونگ ونان، ییمہ پتہ ریاستی آمدنی ہُند بنیدی ذریعہ س۔
3084,یہِ ہیکہ نہ پوٗر گرافکل سٹارَن ہندِ خطہ ستہِ براہ راست نیبرِ گژھان۔
3085,ڈیمنگ ٹایمر فریمس دوران بیچ ہند اکھ رکاوٹ چھنہ تُہند شرح متثر کران۔
3086,مثالہ، ہیکہ تہہ پنن کیبل بل یا پنن میگزین ہندس رکنیت منسوخ کٔرتھ۔
3087,س اوس سابقہ صدر جارج W. بوشس تحت ریاستچ دویم سیکرٹری۔
3088,شافٹ چھ ماناوا کین ستہِ بناونہ آمتہِ، یُس ہُند بامبو چھ، حالانکہ ونسہِ چھِ لکٹو رقم ملٹہ
3089,پٹھہِ پریشان کن جذبتی مشکلن منز چھ اضطراب، خوفناک حمل، مُلک اثر (عاطفی اظہار کرنہ خطر ناکام)، منیا، غرور تہ نفسیات شمل۔
3090,"تم چھ خاندر کرنہ یوان، یتھ منز ملی ""دیوٗل مِسفٹ"" ہُند ناو دِوان۔"
3091,یہِ چھُ وچھان زِ ڈی ڈی ٹی چھُ ونہِ مِلریا کنٹرول کرنہ خطر استعمال کرنہ یِوان۔
3092,"اکثر قبیلہ یِمَن ولہِ ""میزو"" درجہ بندی کرنہ آمُت چھِ ، یِمَن ہندِس زِیاد امکان چھِ 1500 مِییی یَس"
3093,منیگِٹِس دشونی اہم شکل چھِ بیکٹیریل منیگِٹِس تہ وائرل منیگِٹِس۔
3094,مے اوس تھور پریشان ییلہ جادوٗر اکھ شخص غر گژھان۔
3095,اکھ لِیوُ چھُ اکھ موادچ حصہ یُس اکھ ہُند ہُند بُتھ چھُ۔
3096,تٔمۍ کور پننِس دویمس سندِس سندِس نوروجی سکلاٹوالا سندِس ٹیٹا سونُک صدر کِس طورس پیٹھ قبضہ۔
3097,تم ہیکہ سانس منز نش محسوس کٔرتھ، یا یتھ پٹھۍ یم تم چھ ستۍ ستۍ ستۍ ستۍ ستۍ ستۍ ستۍ ستۍ ست
3098,ول ایف پی چھُ امید زِ کشتی جلدے ریلیز گژھِ، مگر امہِ تام ہیکوِہ نہ سیکورٹی پریشاناتن ہند وجہ ستہِ کشتیہ روُدِتھ۔
3099,یِم ادارن چھ اکثر پننہِ علاقہک ڈی فیکٹ کنٹرول۔
3100,یہ چھ وتہِ اکہِ اکہِ ایونٹَس منز اودیسی رقصگارن ہند ساروی کھتہ بوڑ مجمع۔
3101,یہ ہیکہِ ستہِ گژھِس منز پریشان، زیاد ادرار تہ کیننہِ کمچ ضایع گژھِتھ ۔
3102,امریکی آرون پیرسولن کور نوِ عالمی ریکارڈ تہ زیوٗن مردن ہندِ 100 میٹر بیک سٹروک فاینلس منز گولڈ میڈل 52.54 سیکنڈ ہنز وقت۔
3103,پننہ گڈنِک پیشکش بنوِتھ زِ تُہۍ ساروے کھتہ زیاد رقم یُس تُہۍ ادا کرنہ یژھان چھِ چھِو چھِ تُہ
3104,بوسٹن کالج ایگلزن کٔر ییل بولڈگس ستۍ اکھ شوٹ منز فریزن چارس تام پیش۔
3105,ڈیڈھم، آیووا ڈیڈھم چھ امریکہ کس آیووا ہس منز اکھ شہر۔
3106,بدلہ، یہ ہیکہِ منفی شرح ہندِس درجہ ورچس منز چہِ مٗتقابلہ ہنز تشخیص کرنہ خطر استعمال کٔرتھ۔
3107,یہِ چھُ انٹرنیٹ انسیکلوبیڈیا ویکیپیڈیا ہُند تریخس متعلق اکھ کتاب۔
3108,تمہِ سُند زینہچ تاریخ چھُ اکھ عومی چھُنہ یِوان یِم امبڈکر جینٹی یا بھیم جینٹی ونان چھِ ۔
3109,برعکس، غیر قانونی طور چُھ کُنہِ وضاحت کران ییمہِ سندِ ملۍ نہ خاندر سہِ۔
3110,سِلکوورمن ستہِ سِلک نکالچ چھِ اکھ اکھ صنعت یُس ریاستس منز پھہلی چھے۔
3111,ساران ضلعس منز گنگا دٔریاوُک شملی بتھ پیٹھ چھِ شِرینڈس نیولیٹک دورہ ہندِ آرکیوولوجی ریکارڈ۔
3112,صدین تام چھ لوٗکن ہندس ستۍ دستیاب ستۍ ہیکہِ وحد طبی نظام امچی، تبتہِ طبی روایتہ پتہ روایتی ڈاکٹر۔
3113,تھامس چھ سڑکہِ تہ سڑکہِ پیٹھ دشونی طور کامیاب۔
3114,یہ اوس تِہ وجہ زِ تِم س گڈنِچ فلمہ کینہہ حصہ استعمال کران۔
3115,گژھ، حس تہ موٹر کِس کِس كِس مُختِلِفَس منز تبدیلیچ تِہِہِ انداز کرنہ خطر چھُ اعصابی امتحانچ ضرورت۔
3116,امہ وقتس دوران چھ وائرس بگھرِ تہ یہ چھ نہ نقصان ولہِ۔
3117,پِزا رولَن منز چھِ عام طور ساس تہ پنیر یا بییہ پِزا ٹاپنگ۔
3118,آرسینل منیجر آرزن وینگرن کٔر 57 ہِمِس منٹَس منز جوئل کیمپبل خطر الیکسیس سانچسچ جایہ۔
3119,اکثر ہار فیکشن ہنز کمچ مرکزی خطر ہیکہِ معاشرچ بٔڑِ خوف خطر میٹافور پٹھۍ وضاحت کٔرتھ۔
3120,یہِ بیمار چُھ یلو فیور وائرس ستہِ وچھان تہ یہِ چُھ انفیکشن کرنہ آمتہِ مٗسکیٹُک بٹہ ستہِ پھیلاوان۔
3121,کانگریس منز چھ تقریباً ؤٹھو فیصد ضلعہ ہند نمایندگی کران، یم اکھ خاص جغرافیتی علاقہ ہند نمایندگی کران چھ۔
3122,شرمجی چھ اکھ فائنل کٹی ییلہ سُہ سٹیشن پیٹھ کال رُون چھ۔
3123,سُہ اوس سافٹ ویئر انجینئرنگ کس شعبس منز پننہ کمہِ خطر زاننہ یوان۔
3124,ہندوستنہِ ریلوے چُھ ریاستس منز گژھنہ یِنہِ ڈیلہ مومبیی مُنز وقف ریلوے ٹریلیٹ رٹنچ منصوبہ بناوان۔
3125,بیرونی وجہن منز ہیکہ تصادفی بمپ یا جسمانی تبدیلی ستۍ براہ راست اثر/ زخمی شمل گژھتھ ییمہ ستۍ بلنٹ فوج ٹراما منز چھ۔
3126,جالالودین سند بادشاہس پٹھ بادشاہ بننہ پتہ اچانک شہزادی بننہ پتہ، س اوس واریاہ غرور تہ الودینس پیٹھ غلبہ کرنچ کو
3127,بیداری کٔر عیسیٰس دُنیاہ ہُند نیچِہ قیِم تہ یہِ چھُ دُنیاہس ستہِ درست سان فیصلہ کران۔
3128,یاد زِ تہہِ چھِ تہہِ پٹھۍ پٹھۍ پٹھۍ پٹھۍ پٹھۍ پٹھۍ پٹھۍ پٹھۍ پٹھۍ پٹھۍ پٹھۍ پٹھۍ
3129,تقریبا 80 فیصد روُد چھُ جولائی-سبتھ دسمبر کس موسمس منز گژھان، ییمہِ ستہِ ستہِ ستہِ ستہِ روُد ہیکہِ ۔
3130,پتہ بنیو سُہ ڈی روڈ وانس ہُند فلمیش چیرمین تہ سیسی ڈایریکٹر۔
3131,خری لمحہ پیٹھ بال ہُند ہُند ہُند ہُند ہُند ہُند ہُند ہُند ہُند ہُند ہُ
3132,یہ علم ہیکہ یا پٹھۍ کامچ تجربہ یا اکھ ذتی سرگرمی پٹھ آسن یتھ تہہ کیریئر منز تبدیل کرنہ خطر تیار چھ۔
3133,پٹانجلی سند یوگا سٹراس چھ ترین ریوایشنن ہند اکھ مجموعہ۔
3134,مشرقی پاکستانن ہندِ ہندِ ہندِ ہندِ ہندِ ہندِ ہِندِس مُلکِس مغربی بنگالس منز چھ
3135,سکنڈینوی ایئرلائنز چھ 2007 ہس منز ز ریتہ دورس دوران ترے تصادف ہندِس ملِس پتہ پننہِ ڈش 8 سندِس فلائ
3136,زنانن ہندِ 400 میٹر انفرادی میڈل کس فائنلس منز، آسٹریلی سٹیفانی رایسن کور 4:29.45 ہس وقتس ستۍ اکھ نوو عالمی ریکارڈ قیم۔
3137,خاص طور، پیری نوکلیر اینٹی نیوٹروفیل سٹیوپلاسمک اینٹی باڈیز (پی این سی اے اے) چھ یو سی کِس 70 فیصد معاملن منز لبنہ یوان۔
3138,تِمَن منز چھِ 34 ٹیمہ بِگ دِن چیمپئن شپ تہ 23 ٹیمہ قومی چیمپئن شپ۔
3139,بییہِ ، یہِ ہیکہِ براہ راست سیوِ پیٹھ ٹایہ بالس منز پھیلاونہ یِتھ ۔
3140,چیسہ سر مُود 24 اگست 2020 بوداپستس منز 68 وُہُر۔
3141,لوٗو مُود 12 فروری 2018 پکنس منز 83 وُہُر۔
3142,یہِ منظر چھُ 19 مہِ صدی ہندِ جرمن فلیوسوپی خطر خاص۔
3143,یِمَن ہندِس گھرَس منز یِمَن حالے خاندر یا زندِ زِیاد سہِ، لوہری جشنَن ہو حوصلہ
3144,کیمپٹن ہیلز، الینوے کیمپٹن ہیلز چھ کیین کاؤنٹی، الینوے ہس منز اکھ گام۔
3145,لا بریا ٹار پٹس منز لبنہ آمتہِ سکلٹون سہِ زیاد یا کم مکمل۔
3146,تمام لگہ چھ جان ماجکوٹ تہ ایان نِکسن ہندِ ستہِ لکھنہ یوان۔ تمام موسیقی چھِ شینکر-ایہسان-لوے ہندِ ستہِ
3147,بی ای سی ایل چُھ پاڈوا گامس منز 550 میگا واٹ پاور پروجیکٹ پٹھ کم کران۔
3148,دوبار، دیانند آو اچھی سان موبوُت تہ راجکوٹ گروپ کور پننس مٗنز شمل کرنہ خطر منتخب کرنہ۔
3149,مے چھ ہمیشہ پننہِ ہُندِس سُندِس سُندِس سُندِس سُندِس سُندِس سُندِس سُن
3150,پانڈیا چیفڈوم اوس پننہِ پرل فیشری تہ سِلک انڈسٹری خطر مشہوٗر۔
3151,تاہم، کیتھکالی چھ مختلف زِ اتھ منز چھِ قدیم ہندوستنۍ مارشل آرٹس تہ جنوبی ہندوستان کِس کھیلتی ریوایتی روایاتن ہندِ حرکت تہِ شمل۔
3152,پدموتی بیسدی چھ یِم مندرن منز سارِوی کھتہ مشہوٗر۔
3153,کمونارسک تہِ چھِ الچوسک کِس پرنن ناو منز اکھ۔
3154,ڈیل اوس 1997 پیٹھ ٹیم آرمسٹرانگ ستۍ خاندر کرنہ آمت تام تِم 2003 ہس منز طلاق دِنہ تام۔
3155,یہ چھ تیوہار منز اکھ یتھ ثقافتی عناصر یتھ منز ویلم کالی، پولیکلی، پووکلیم، تھومبی تھولال تہ اونویلو چھ مناونہ یوان۔
3156,امہ پتہ گژھنہ وندِ واقعاتن منز چھِ ویزم، نیرپما تہ اشمیٹا ایف بی آیہِ سوال پوچھ کرنہ باپت گرفتار کرنہ یوان۔
3157,کویوونن مُود 12 اپریل 2014 ہس منز ہلسینکی منز، 82 وُہُر۔
3158,س چُھ دُبیاہس منز امریٹز ایئر لائنن خطر کیبن ٹیمک رُکُن کم کران۔
3159,کِفی پارٹی آیہِ روب سویر تہ گرتھ میک گرلینن بینڈ پینڈولم کہ طرفہ قیم کرنہ۔
3160,ملی بحالی ہُند منصوبہ بناونہ کرِ ہیکہ ذہنی صافیت تہ کنٹرول ہُند احساس تہِ فراہم کرِتھ یُس تُہند مزاحیہ تہ زندگی ہُند منظر
3161,یہ چھُ تُہۍ لگتاہ زِ تُہۍ کتھ وقتس پیٹھ چھُ یِوان، مگر تُہۍ کنہہ یِہ یِہ یِہ یِہ یِہ تُہۍ پٹھ یا ان
3162,ڈینار ڈینار چھ واریاہن مُلکن منز سرکرِی کرنہ یِنہِ ناو۔
3163,تھایرایڈ سٹیموولنگ ایمنوگلوبولینن چھ تھایرایٹروپین رسیپٹر ( ٹی ایس ایچ رسیپٹر) تسلیم کران تہ اتھ ستہِ ربط کران ییمہِ تھای
3164,مغربی چالوکیا دور اوس کانڈا ادب تہ سنسکرت ادبک ترقی منز اکھ اہم دور۔
3165,امریٹڈ عرب امریٹز، سنگاپور، برطانیہ، نیوزی لینڈ، آسٹریلیاہ، امریٹڈ سٹیٹس تہ فرانسس ( خاص طور پاریس تہ مراسیلس) منز چھ جشن اہم۔
3166,امہ پتہ چھ یِم مَشِی زمینہ دوبار تعمیر کرنہ آمُت تہ بٔڑِ رہیییییییییی پیچِل بنومُت۔
3167,بوری خطر کُل 127 ہُند ظہر منز، تٔمۍ کور 21 گول۔
3168,انٹرنیٹ آو گڈ اکتوبر 1969 منز اتھ کنیکٹ کرنہ تہ آو آر پی این ٹی ونان ۔
3169,1622 منز کٔر شہزادہ خوُرمن اکھ فوج بٔڑ تہ کٔر پننہِ مل تہ نُور جھنس خلاف مارچ۔
3170,پتہ چھِ سنارکن واریاہ انسان عادت متعارف کرنہ آمت، یتھ کٔنۍ پلو ہندِ پوشر۔
3171,مے چھٗ پریشان ز بہ چھنہ امتحانچ مواد سمجھان۔
3172,امہ سائز کِس کِس چیزس پیٹھ اصل زمین ہندِ اثر ہندس درمیان اوسط فاصلہ سہِ تقریباً 37،000 ؤریہ ۔
3173,دویمہ طرفہ چھِ آونی ایم ایل اے ویکرمجیت بیسٹ سنزِ خاندری حصل کران، ییمِس سپر ونان ٹیکسی سروس چلان چھِ ۔
3174,سُہ چھُ اکھ فلمہِ اداکار، پیش کرن، ماڈل تہ پروڈیوسر تہِ۔
3175,یہِ بتھ خطر اکھ لورک ویڈیو آو یوُیوُیو پیٹھ شمل کرنہ۔
3176,پتہ، یہ رقم پننہِ مجموعی ٹیکس پتہ آمدنی ہس ستہِ موازنہ۔
3177,مے آو طیارس پیٹھ دن ملکن درمیان سانڈوچ کرنہ پتہ مایوسی ستۍ پوٗر یم مینۍ ہتھیارس پیٹھ حملہ کرنہ آمتۍ۔
3178,گولفیر ڈی ہین بنیو 1972 تہ 1973 منز قومی چیمپئن۔
3179,سلسیٹ تہ بارڈیش یا بارڈیس پکڑنہ پتہ، مراٹھا گوا ہندس جزیر تہِ پکڑنہ خطر تربیت کران۔
3180,1777 منز کٔر مرزا نجاف خانن زبیٹا خان سندِ فوجن ہندِ حوصلہ شکست تہ تِہندِس رِشَن ہندِس وقفہ پت
3181,یہِ چھُ ماننہ یوان زِ یہِ چھُ گڈنِکنِس منز گڈنِک یِم لکھنہ یوان چھِ ۔
3182,جھیٖل ہیکہ آبچ 3645 ملین کوبی فٹ ہتھ ۔
3183,یہِ چھُ سطحہ خطر آبچ دستیابیت تہ زمینہ آبچ آبچ آبچ آبچ آبچ آبچ آبچ آبچ آبچ بہتر بناونہ آمُت۔
3184,سُہ کور سر مروین بادشاہس پیٹھ حصل، یُس 30 جون 2003 ہس منز منتقل کور۔
3185,ہندوستنہِ شُملیہِ ہُند سارِوی کھتہ جنوبی لہر چھُ کنگوماری، یُس عرب سمندر، بنگال کِس خلیج تہ ہندوستنہِ سمندرُک ا
3186,یہِ حصل کرنُک عام شکل چھُ اکھ پرتھ ملِس ہُند بٹ ۔
3187,یہِ لمحہ چھُ مقدس ماننہ یوان، ییمہِ خاص مذہبی تقریباتن ہندِ عملچ ضرورت چھُ۔
3188,بی پی یَن کور 23 تیل تہ گیس پروڈکشن شمل کرنہ خطر معاہدَن منز 30 فی سینٹیٹ سٹاک یِمَن منز ریلینس ہِندِس من
3189,مے چھ اکھ شاندار ہوٹل یس منز روزنہ خطر چھ یس منظرن نزدیک چھ تہ اتھ منز چھ واریاہ شرح۔
3190,یہِ چھُ وچھان زِ یہِ بدلہ خطر چھُ خاص طور یہِ اہم زِ یہِ چھُ وچھِس ترقیس ستہِ مٗتداخلت کرنہ یِنہ برونہ
3191,11 جنوری 1586 ہس منز آو خاندرچ جشن خاندر کرنہ ۔
3192,زیاد خرچ کرن چھ ملی پشیمانی ہند اکھ ساروے کھتہ عام وجہ۔
3193,وٹامن بی 12 ہند وجہ ستہِ زیاد گژھنچ خطر چھ کم۔
3194,سٹاک ہند ملہ چُھ ونسہِ پننہِ رکانن ہندِ مالیت۔
3195,فوبو ٹی وی فوبو ٹی وی انکشن چھ اکھ امریکی ٹیلی ویژن سٹرائنگ سروس۔
3196,گوفی گفی چھ آسٹریلیا ریاست ورلبرگ کس فیلڈ کِرچس منز اکھ بلدیہ۔
3197,براہماپوترا دٔریاوُک بڈ چھِ 1916 پٹھہہ واریاہ زیاد بڑمژ تہ یہِ چھُ شُمالس پیٹھ جنوبس منز زیاد منتقل گژھان۔
3198,ییلہِ مے گژھنہ گڈ، اندھ گڈ، اکھ ضعیف، اریری وِسپر اوس امہِ سندِس گڈ پیٹھہ گژھنہ ی
3199,سُہ آو فرانسیسی لیگون آف Honor ہُک افسر تہ ہُند طورس پیٹھ لڑنہ۔
3200,جولائی 2012 ہس منز، ریاستی حکومت ہندِ ملی رکاوٹ تہ ہدایتہ ستۍ، قرض ادا کرنچ سرگرمی چھ ریاستی حکومت ہندِ نظامن ہندِ
3201,سٹیپوویچ 1957 پیٹھ 1958 تام کٔر الاسکاہ علاقہک خری گورنر کم۔
3202,پیتر ہیمنڈ چھ پننہِ کمہِ خطر اکھ پرو گون سرگرمی کار تہِ زاننہ یوان، تہ کینہہہ کٔرِسیٹین مشنری تہ اینٹی اسل
3203,تٔمۍ گِیُن 1946 تہ 1948 ہَس منز سن فرانسسکو 49ers ستۍ ز سیزن۔
3204,کولمبیا ریکارڈز بنو واریاہن ؤرین پتہ ویرجین ریکارڈزس ستۍ تہندۍ نٔو لیبل۔
3205,"یہِ تکنیک چُھ ""آئر ہاکنگ"" یا ""سکی ہاکنگ"" تہِ ونان۔"
3206,تمہِ سندِ ملِو کور مہدیو گووِنڈ رنڈی، گوپال کرشنا گوکھیل، تہ رامبی رنڈی تہ اننی بیسنٹ ہِنز زنانہ ہِن
3207,یہِ ملِس منز چھِ یاکشا، فلیش بیئر سنز نِش، ییمِس گارلینڈ، ایسوکا کٔرِ، ٹریکچاترا، ہِندِس تہ
3208,جرمنی منز پننہ وقتہ برونہہ کور تٔمۍ پننہ سابقہ کلب ایف سی آسٹریا وینس منز انتظام۔
3209,نویین کمار گودا (مولود 8 جنوری 1986)، یس پننہِ سٹیج ناو یاش ستۍ بہتر زاننہ یوان چھ، چھ اکھ ہندوستنہِ اداکار یُس کینیڈا فلم
3210,اَرڈو نوٹس منز چھِ ایتھماڈ ڈیلی، دی مونسیف ڈیلی تہ دی سیاسٹ ڈیلی شمل۔
3211,کنٹینٹل کانگریس ڈی کنٹینٹل کانگریس اوس ترین کولونیینن ہندین ندین ہندین اکھ کانونشن۔
3212,دیوڈن کٔر گولیاتس ونان اکھ غر فوجی ستہِ جنگ لڑان۔
3213,1.5 ملین کھتہ زِیاد یونٹ آیہِ امہِ زندگی ہندِس دوران کنہ ۔
3214,جنسی تجارت چھ ییلہ لوٗکھ کینہہہ کُنہِ پٹھہِ یِنہ یِوان چھِ ییلہِ زنگِہ خطر یِنہ یِوان چھِ ۔
3215,اگر کافی ٹیبل چھ اوسط پٹھۍ $125 ہند قیمت لگان، توہہِ سٹور یُس $115 ہندِس ڈسکاؤنٹ شرحس منز ٹیبل پیش کران چھُ
3216,یہِ چھُ تِہندِ مصیبت بیمار گژھن، یِم بدقبی طغیانو ستۍ حکومت کران چھِ۔
3217,یہِ وقتہ تُہۍ تُہۍ تُہۍ ہیوٗبس پیٹھ توجہ مرکوز کرنہ خطر پننہ ذتی وقت پٹھۍ سوچو۔
3218,پینکنن کور جی بی ایلس خلاف راتہ پتہ گڈنِک گڈنِکِس لٹہ ٹائٹلَس ہُند دفاع۔
3219,یِم چِھ رویتی چِھ یِم بامبو تہ کاغذہ ستۍ بناونہ آمتہِ چھِ ۔
3220,یہِ وُچھان پتہ زِ عیسیٖس گلیلیہ نِش، پِلٹَن کور یہِ معاملہِ گلیلیہ کِس بادشاہ ہیرودس سندِس حوالہ
3221,سوامینٹنن کور پننہِ دورہ دوران اکھ بِل، ونسہِ فیمرز انٹیٹلمنٹز بِل 2011 ہس منز پیش، حالانکہ یہِ گوو نِش۔
3222,یہِ آو فیلیپ دی بولڈن 1281 منز قیم کرنہ ۔
3223,سیسی پارٹی یا سیسی پارٹی ہندِ اِجِہ اِجِہ حِصہ منز اکثریت چھِ چُھ حکومت بناوان۔
3224,ہندِ ہُندِ ہُندِ ہُندِ ہُندِ ہُندِ ہُندِ ہُندِ ہُندِ ہُندِ ہُن
3225,لیبلڈ ڈراگس ستۍ وابستہ خرچ چھِ براہ راست منصوبہ بندی کرنہ آمتہِ خرچ قرار دِوان یُس غیر قانونی ڈراگس منز ریاست ہُند داوطلبانہ تعلُ
3226,کلورین ستۍ کٔر تِمَن صرف تقریباً 1200 فرانسیسی فوجی ہلاک۔
3227,اکھ لاگون ٹریگرفش چھ لیکشدویپ کِس رِفَس منز سوُن ۔
3228,یہِ آو لوٗکھَن ہُند اِتھہِ ربطہ کرنہ خطر پیش کرنہ یِوان زِ اکھ نوکرییی حادثہ چُھ کتھ سنگین۔
3229,گڈ پودر ہنز دھماکہ کرنہ آمتہِ منی تہ کنٹرو منی ہنز استعمال چُھ اکبر تہ جھاانگیر کِس دورس منز ذکر کرنہ
3230,آلڈرس شوت، ہینٹس منز دسِہ ہسارن کور 1834 منز انگلینڈس پولو متعارف۔
3231,موجود چِھ دویمہ تہ ترییمہِ کِس کِس کِس کِس تہِ کِس کِس کِس مُلکَس منز دستیاب۔
3232,امہ پتہ کور ایف آئی ڈی یَن اعلان زِ لینیارس شمل گژھِ، ییمہِ ستہِ انند اپریل 2007 ہس منز نمبر اکھ تھووِتھ ۔
3233,64 منٹَن منٹَن منز آو دہہ پیٹھہ اکھ صلیب دِنہ تہ تٔمۍ کور اکھ ہینڈَس ستہِ اکھ حیرت انگیز طور صلیب۔
3234,یہ چھ ریاستک مغربی حصہ منز ۔
3235,امریکہ چھ 10 ٹائٹلن منز 8 زینان، یتھ منز آسٹریلیاہ باقی زینان چھ۔
3236,ٹینڈولکر اوس 5 رنجی ٹرافی فائنلس منز حصہ ییتہ مومبیی 4 زیننہ۔
3237,سُہ گوو بیلفاہس منز مُقابلہ منز بڑوُن تہ سُہ چھُ ز بڑنہ یِنہِ بینہِ ۔
3238,پننہِ زندگی تہ تمہِ مرنہ پتہ اکھ متنازعہ شخصیت، ماجہ تریزا آو واریاہن پننہِ خد خد کار خد خد خد
3239,"مارچ 2020 ہس منز ریلیز کٔر پرری اکھ بتھ ""نور ورن وائٹ""۔"
3240,تِہ وقتہ س اتھ منز تقریباً 30 میگا بِگِی تھوٹہ میموری۔
3241,لکٹہِ ہایپوٹرمیا چھِ کینہہ طبی مسلہ ہند علاج کرنہ خطر ڈاکٹرو کینہہ مقصدہ پٹھ استعمال کران۔
3242,تِم روُد جایہ پیٹھ پیٹھ منتقل گژھان تہ اکہِ دہ کور تِم کرم کٔرِ ۔
3243,بونٹی شکار کرن ولہِ اکھ بونٹی شکار کرن ولہِ چھٗ اکھ یُس پونسہ خطر افراد پکڑان چھُ ۔
3244,یہ آو گڈنِچ ریلیز 19 اکتوبر 2012 ونڈوز خطر۔
3245,امہ وقتس دوران اوس یہِ بیمارچ علاج کپر سولفائٹک موضوعی استعمال ستۍ۔
3246,1926 منز آو سُہ برطانوی ہندوستان کِس مرکزی قانون ساز امیگریشن منز منتخب کرنہ۔
3247,سُہ چھ 26 فروری 2010 پیٹھہ تائیوان صوبہچ گورنر۔
3248,سی سی ییی چھنہ اِتھہِ مولکولر میاسک اجزاین درمیان فرق کرنہ خطر اِندۍ ڈیٹا فراہم کران۔
3249,آورکیسٹرا آو 1918 منز نیکولاائی سکوولوفس ستۍ ڈایڈور ستۍ شروع کرنہ۔
3250,لوٗکھ چھِ دریاو یا بٔڑِس پناہ گاہن ہندِ مرکزَن منز بٔڑِتھ ۔
3251,یِمَن منز چھِ اکھ لکٹ، تھول گیس لایہ تہ کٹہ كِس کٔرِتھ، زیاد تر یوکالیپٹ۔
3252,سُہ اوس پننس ملِس ستہِ ستہِ ستہِ ستہِ ستہِ ستہِ ستہِ کینہہ دہہہ تام تِہ س
3253,بنگلہ دیش لوٗکھ چھِ رویتی طور مہالیہس پیٹھ صبحہ بگِتھ دیوی مہاتمیہ سندِس سندِس سندِس سندِ
3254,1898 منز آو تمام کارکردگی رونہ ییلہ جزیر پوٗر غیر مستحکم گٔیہ۔
3255,س گُزریو 25 جنوری 2018 ، 93 وُہُر ۔
3256,اگر خاص دکانس منز گژھنہ چھٗنہ اکھ قابل قیی اختیار، تیلہِ تہہِ گژھہ برنہہہ کینہہ مخصوص برانڈ تہ ٹیبل
3257,ییلہِ معیشت ناکام گژھان، کینہہ لوٗکھ پننہ مُلکن بچاونہ خطر فوجی ڈِکٹیٹرن ہُند نظر ۔
3258,سُہ زاو لاس اینجلسس منز تہ بڑو اٹلانٹا منز۔
3259,تُلسی وِواہَس پتہ چھِ یہِ افسانہ تہ امِچ تقریبات چھِ پدمہ پوُرانا ہس منز وضاحت کرنہ یِوان۔
3260,ز خاندن درمیان اکھ فید خیال یس ستۍ ستۍ پریتھ چیز تباہ کران چھ۔
3261,صرف سرٹیفکیٹڈ خریدار ہیکہ سی وی ایس فارمیسی پیٹھ پٹھ لٹہ تہ دری کرِتھ ۔
3262,ایس ایس وی ہیکہ کنہِ ونہِ ونہِ ونہِ تہِ ونہِ (سگنگِرِگنِگل وِٹِیِلِگو برعکس، یُ
3263,جنوبی گارو ہیلز ضلعہ ہند تقسیم کرنہ پتہ آو 18 جون 1992 منز موجودگی۔
3264,مقمی ہارڈ ڈِسک چیسہ پٹھۍ استعمال کرن چھِ ہایرچل سٹوریج مینجمنٹک اہم تصور۔
3265,حالانکہِ 44 مُلکن منز 32 یِمَن منز ییلہِ زیِل فیور چھِ ویکسیشن پروگرام چھِ، یِمَن مُلکن منز چھِ زیاد تر من
3266,2011 ہس منز س ریلوے ٹریکن ہند کل لمبچ تقریباً 345 کلومیٹر (214 میل)۔
3267,"یہِ چھُ کُنہِ کُنہِ ساد طور ""آتا"" یا ""آتا"" ونان (یِمَن مطلب چھُ ""دِلہِ"")۔"
3268,کووِڈ-19 پینڈیمک وجہ ستۍ آو 2021 منز گیمہ منسوخ کرنہ۔
3269,شُملی مالابار علاقہ، یُس ٹینڈیس منز بندرگاہس پیٹھ شُملی علاقہ چھ، اوس سنگام دورس دوران ایزھیمالہ ہُند سلطنت ستہِ
3270,یووان کپور (روسلان مُمٹاز) اکھ 19 وُہُر کالج ہُند طالب علم چھُ بالکنہ پیٹھ گر پتہ ہسپتالس منز دِنہ یوان۔
3271,یہِ مندر چھِ ہیدرآباد-وارنگل ہائی وے، اینچ 163 پیٹھہ ہایڈرباد پیٹھ تقریباً 80 کلومیٹر۔
3272,تٔمۍ کٔر 2007 کِس شروٗعاتس منز لیکسٹر ٹایگرزس منز شمل گژھنہ خطر اکھ حرکت پرتھ مُقابلہ۔
3273,ماننہ چھ یوان ز گپھر آیہ رامن دہ دٔسہ تہ مہاراج ویر ویکرم دیو سندس حکوٗمتس منز دوبار دٔسہ دٔ
3274,ییلہ کھلڑِ ہُند فٹ بُنیدِس لاینس یا بال ہُند ہُند بُنیدِس بُنیدِس بُنیدِس بُنی
3275,پریتھ باقے خانددارس ستۍ چھُ وِشوکرمس اکھ دہ یُس أمہِ سندِس زایہ یا جینٹی یُس وِشوکرم جینٹی چھُ
3276,ہیکہ ہندس مسلہ، اکھ بڑل سپلین، یلوش جلد، تہ اندھ ادرین تہِ ستھ۔
3277,سُہ گِیُن گڈنِکِس پِیُن پُلِس پُلِس منز ساتہ وُہِرِ ونہِ ونہِ ونہِ ونہِ
3278,ہیلَن کور 1958 منز ہاوس راکرز خطر مختلف موسیقار، تہ کٔرِو گندِ شروٗع۔
3279,دھان چنڈ چھ ہندوستان تہ عالمی ہاکی منز اکھ افسانہ شخصیت باقی۔
3280,یہ چھ ڈرہمس منز گژھان، پتہ ماریون ریزرویرس منز۔
3281,یہِ گوو اکھ افسانہ ختم گژھان ییلہِ مے پننہ کریڈٹ کارڈس پیٹھ پینٹن منز جمع گژھان سہِ مے پننہِ ڈرن
3282,البسٹن ہندِ الگ جزیرا تہ ویڈیٹرن دشونی چھِ میساچوسٹس منز مبنی کاغذ تہِ پننہ محفوظ ریلیزچ مطالبہ کران۔
3283,پننہ آرڈرس پیٹھ باقاعدگی سان چیک تہ اتھ مطابق نوو آرڈر بناو۔
3284,تٔمۍ کٔر اگست 1963 منز بارنسلی خطر دستخط، ییمہ منز پانژ فٹ بال لیگ ظہر گژھان۔
3285,کیوک چھ پرتھ ؤرۍ جولائی منز پننہ سالانہ مارکیٹ خطر مشہور۔
3286,یہ چھ زیاد تر کام کرن والین خطر اکھ چھٗر، یِم تِمَن ہندِس جزیرس منز کینہہ خریدری ہندِ مُل چلاوان چھِ یُ
3287,معاشرچ ردعملچ خوف منز چھ تمہِ وانی یس سنزِ نیچو ستہِ خاندر کرنُک فصلہ کران۔
3288,واسیکٹومی ونان چھ اکھ جراحت یُس پٹھۍ بچاوچ اکھ طریقہ چھُ۔
3289,بورگس سندِ مطبق سۍ یِم گپھ گڈہِ بدھِس بھیکھوس خطر بناونہ آمتہِ تہ سہِ پتہ
3290,گیم 11 منز گِیُن کرمنکن سیسیلین دفاعی نِج ڈورف واریشن۔
3291,سُہ چُھ جنوبی ایشیاہ کِس چشٹی آرڈرچ ساروی کھتہ مشہوٗر سوفی سنٹن۔
3292,جنگلی مل چھِ ہمالایہ، مغربی گَتَن تہ مشرقی گَتَن منز پہاڑن ہندِس تہ پہاڑن ہندِس پٹھ گژھان۔
3293,فلمہِ ہنز موسیقی چھِ ٹینشک باگچی، روچک کوہلی، لیو، لیجو جارج-دج چتاس، منج موسیقی-ہاربی ساہارا، سوکھبیر تہ کشمر بنومُت
3294,یہِ سپیکٹر ہیلمیٹ چھِ چہرچ اضافی تحفظ خطر اکھ وِزیر ستہِ مُتعلِق۔
3295,نہرون کٔر 1950 کس دہلس دوران پارلیمانی جمہوری، سکولرزم تہ سائنس تہ ٹیکنالوجی فروغ دِوان، ییمہ ستہِ ہندِستانس جدید قومس پٹھ قبلتی طور اثر انداز
3296,کیا تہہ چھِ تہہِ پٹھۍ آبنی ہندِس رتہِ منز گژھان ییلہِ تِم ہفتہ پٹھہ صرف اکہِ بارہ آبنی ہندِ
3297,اَتھ نتیج ناقابل یقین باقی کرنہ خطر انٹروپ فیکٹرن ہُند تعداد کم کرنہ خطر چھُ اَکھ اَکھ اَرِیوِتھ طرز، تہ
3298,تاہم، ساروواپری امواسیہ یا ماتمہا پیٹھ، ہیکہِ کورِ سندِ سندِ نیچِہِ شردھ پننہِ خاندانس مادیی طرفہ پیش کرُ
3299,یو ایس اے گول کیپر ٹیم ہارڈن ہندِ ٹھ سیورِ ہندِس مدد کور میچچ پٹھ خری خرس تام زیاد تر میچہ خطر
3300,کاروبار یا زائرن کال تہ تمن زِ تہہ چِھ زِ تہہ چِھہ مصنوعات یا خدماتس ستۍ ناکام۔
3301,کیوکی چھِ سیسکو سندِ اِنبر انفارمیشن استعمال کران۔
3302,مے چھس یِمَن وقتن باوجود یِم تِہ ریتہ آمتہِ كم کرنہ آمتہِ پیشورچ ناکام گژھنہ ستہِ پریشان محسوس کران۔
3303,ایم 1 ابرامن کور 1980 منز ایم 60 پٹن ہند جایہ کٔرِتھ امریکی سروسس منز شمل۔
3304,ریسنگ ورجن اوس اکہ مختصر وقتس تام تہِ دستیاب۔
3305,حقیقت یہ چھ سی سی سی ایس اے کانڈاہس منز مواد غلط استعمال کرنہ ستۍ سنگین مسلن ہند شناخت کرنہ خطر واریاہ ذمہ دار۔
3306,انسٹا کارٹس منز چھ آرڈر تلاش کرنچ مختلف طریقہ، مگر دشوے چھ مختلف عواملن پیٹھ منحصر۔
3307,مندر چھ اوسوال جین کمیونٹی ہنز اکھ اہم زیارت۔
3308,پتہ اوس سُہ 1981 پیٹھ 1982 تام ہاوسنگ اینڈ سپٹیل پلاننگک وزیر۔
3309,مثالہ، پاپ، دالایی لاما، پٹریارکس ہند حکومت، تہ ۔
3310,پتہ چھِ واریاہ باقی قسم کین ذٔریعہ ڈیٹیکٹرن ہند تخلیق کرنہ آمژ۔
3311,نہ تُہِہ اَتھ معاملس منز دِژِتھ ییمۍ تُہۍ نہ تُہۍ اصل پٹھۍ یژھان یا ضرورت اوس۔
3312,باقبی ماہرین چھِ سنکارنگس منز 20 کِہِ، احتیاط سان بناونہ آمتہِ پولیٹ بیسلٹ لیٹوفون، اوڈیشہ کِس اعلیٰ علاقس منز، یُس تقریبا
3313,پننہِ ملی حیثیت جمع تہ اکھ فہرست بنوِتھ یتھ منز پننہِ تمام قرض شمل چھ۔
3314,تاہم، یہِ چھُ ستہِ توقع تہ تخلیق یوان، تِکیازِ یہِ صرف حالیہ زِ منڈلا ہکہِ فاسِلَن منز اکھ دلچسپی پٹھۍ تہ تِہ
3315,ہلسبرگ ہلسبرگ چھ سویڈن کس اوربرو کاؤنٹی منز اکھ شہری علاقہ۔
3316,کلب ہند مالکان س نہ کنہہ کلب خطر 42.5 ملین ڈالر کھتہ زیاد گژھان، ییلہ زن کھلڑۍ 49 ملین ڈالر کھتہ کم گ
3317,س اوس 1959 منز ہندوستنہِ نیشنل کانگریس ہندِ صدر منتخب کرنہ آمُت۔
3318,اہم گام چھٗ پوٗر کاروبرنی منصوبہ بنوِتھ ۔
3319,سُہ چھُ تریخس منز گڈنِچ لوُکن ہندِ پروازو منز اکھ کوشش کرنہ خطر مشہور۔
3320,کوکاین ہکہِ نہ پننہِ معمول شکلس منز دھول کرنہ یِتھ ۔
3321,تِم چھِ امبلس یِنہ تام پننہِ مسلہ ستۍ کالرس تہِ مدد کران۔
3322,تہہ ہیکہ پننس شُرِس متعلق بنیدی معلومات تہِ ضرورت، تہ پننس متعلق زیوٗنگرافی ہُند معلومات تہِ۔
3323,لہذا چھ تشخیصن ہند تعدادس پیٹھ منفی اثر آسان۔
3324,سمدراگپٹا چھُ وشنوِیت وچھِتھ، ییمہِ سندِس اِرانس منز دستخط ستہِ تصدیق کٔرِتھ تہ واریاہ برہمنک
3325,امبڈکرن کور شُدرا ہِندِس اِندِس عیسایہِ معاشرس منز کِتھریہ وارنا ہُند حصہ پٹھۍ وُچھان مگر تِم
3326,یہ چھ اکثر گاڑن، ہوی جہازن تہ بجلی نظامن ہندین حصن ہند وضاحت کرنہ خطر استعمال کرنہ یوان۔
3327,سماجس آو اریا سماج (سوسائٹی آف نبلز) نِنہ ۔
3328,سکوُل دوپہر چھِ واریاہ پریشان کن۔ مے ہیکہِ نہ تِم کھتہ خطر پننہِ لکِتھ۔
3329,یہِ چھُ اکھ امکان زِ پانڈیا حکمران وِرا پانڈیاَن کٔر چولا بادشاہ گندردیتیا ہنز شکست تہ کٔرِنہِ آزادی ہُند دعوی۔
3330,جنوبی ریاستن اوس پوٗر یقین تھاونہ آمت ز شمالس نہ کٔر نہ غلامن ہند قانونن پیٹھ عمل کران۔
3331,ٹیسٹن منز کور بی ایس ایی ہُند موجودگی تصدیق تہ نمونہ آو برطانیہ لیبارٹری منز مزید تجزیہ خطر سوزنہ۔
3332,سُہ زیوٗن کنٹرولاس تہ چُروبسکو کِس جنگَن منز کپتان سندِ براٹِٹ رینک۔
3333,اِجِمِرتی ہِس مُترِس اندر چھِ باقی مجسمہ یِتھ منز ز سر، سات ہندِ تہ ترے لگِہ ہندِ ش
3334,بدقسمتی سان چھ یہ وچھان زِ زیاد تر روایتی لڑایہ ہندِس مقصدس منز چھِ ڈوی لیان تہ تمہِ سندِ تربیتچ طریقہ گژھنہ آم
3335,تِمَو کور نہ جنوبی ایرلینڈ کس ہاوس آف کامنز پٹھہِ ملاقات۔
3336,سُہ اوس 2004 پٹھ 2009 تام قومی علاقیی نمائندگی کونسل منز سینیٹر۔
3337,فورٹرن فورٹرن چھُ 1950 کس دہلس منز گڈنِچ پروگرامنگ زبان یُس بناونہ آمُت۔
3338,یہِ فتح آو مر جفار سندِس شکست ستۍ مُمکِن بناونہ، یُس نُوب سرجُد داؤلہ سندِس کُمڈر اوس۔
3339,باقی قسمن کھتہ زیاد چھِ ایپایڈرمل سلول ۔
3340,یہِ چھُ تہہِ ہاونہ یِوان زِ پٔتمِہِ سرمایہ کری پیٹھ واپسی حصل کرنہ خطر کتھ خطر ضروری۔
3341,اورواہ زیوٗن 2006 ج1 لیگ تہ 2007 ایف سی چیمپینز لیگ منز چیمپین شپ۔
3342,ماننہ چھ یوان ز یہ ٹنگل آیہ شملی کوریاہس فوجی حملہ کرنہ باپت اجازت دِنہ خطر بناونہ۔
3343,مے چھ پریشان ز بہ ہیکہ نہ پٹھۍ پننہ پسندید ایزود ٹی شرت یتھ منز پٹھۍ چنیائی منز زائرنہ آمتۍ سٹور منز
3344,امہِ ستہِ متعلق چھُ تٔمۍ فیشن ماڈل پٹھہِ اکھ فعال حصہ کِردار کران۔
3345,اگرچہ یہِ پابندی لگانہ آمُت، ساتہ کھلڑین منز پانژ چھِ ولہِ تہِ نہ انتخابن ہندِ فائنل ڈیٹہ وجہ ستہِ شرکت کرنس من
3346,مسٹر گریفن زاو 1968 منز فلوریڈاہ کس ڈایٹونا بیچس منز۔
3347,دن ؤرین ہند مجموعہ چُھ تجزیہ کران ییتہ کمپنی ملی طور موازنہ کران ییتہ یہ پٔتمہِ دن ؤرین ہندِ خطر
3348,ہپوکراتس اوس گڈنِک یُس اچانک پریشانی ہُند ظہر بیان کرُن یُس اکثر ایسکیمیا ستہِ رُتھ چھُ۔
3349,اگر یِم چھِ تمام غر، چھنہ چھنہ ہندِ حرکت ہُند حد ضروٗرت۔
3350,"مختلف طرزن منز چھ عام موضوع تہِ، یم اکثر ""خاندری""، ""جند"" یا ""سکوُل"" درجہ بندی کرنہ یوان چھ۔"
3351,کارٹچ پٹھۍ مشینس تام یا پننہ باسکٹک مقررہ علاقس منز بیر۔
3352,ہندوستنہِ آبدی، ستہِ یا شہری، برطانوی کولونیاہن منز حکوٗمتن کور پننہِ کوپی کیٹ بغاوتہ خلاف بچاو کرنہ خطر اقدامات
3353,تینالی، ییمہِ ہندِ مالمہ اداکار جیرام ستہِ کم کران اوس، اوس باکس آفسک اکھ کامیاب۔
3354,سُہ زیوٗن بہترین نوو فنکار خطر بی ٹی ایوارڈ تہِ۔
3355,سُہ کٔر 1991 پیٹھ 13 جون 2008 تام پننہِ مرنس تام میزبان۔
3356,بیسنُک مشرقی لہر آو بڑ ڈویڈنگ رینج بناونہ ییلہِ بڑ ڈویڈنگ رینج بناونہ آو۔
3357,بوش راٹ چھ جنوبی مغربی آسٹریلیاہ کس ساحلی علاقن منز زیاد لبنہ یوان۔
3358,"مثالہ، توہہِ ہیکہِ ونان، ""مے کور 4 اگست جمعہ غیر قانونی تعمیرس پیٹھ اطلاع تہ یہ چھُ 10 اگست جمعہ تام پٹھۍ پٹھۍ پٹھۍ پٹھ"
3359,گِل سندِس خری لمحہ ہُند اکھ قریبی گواہ چھِ پُلیٖس افسرَن ستہِ شوٹوٹَس دوران شِلِڈ استعمال کرنہ
3360,گڈنِچ کشتیو منز اکھ کٔرِتھ کٔرِتھ کٔرِتھ جنوبی منز زخم۔
3361,غصہ ہیکہِ حاملہ دوران تہِ گژھِتھ، تہ یہِ مُطبِق چھٗ واریاہ عام۔
3362,ییلہِ کمِس مشابہ چُھ تحقیق کرنہ خطر بندہ پھیر، ہتھیار کٔرِو نِشار۔
3363,"کویمبٹورس تہِ چھ ""پمپ سٹی"" ونان ییلہِ یہِ ہندوستنہِ موٹر تہ پمپ ہندِس ضروُرتن ہندِس دویِم تری"
3364,امہ ٹاکسینک اثرات چھِ نمییی ہندِس طریقس پیٹھ واریاہ مختلف۔
3365,تمہِ سنزِ نبِی دِیوُت تٔمِس کنجپہُک ناو، اکھ ناو یُس تٔمِس خاندنی سرکلس منز تھومتہِ
3366,یہِ لگہ سہِ ہاورڈ اشمن تہ ٹیم ریسن ہندِ لگہ آمتہِ ۔
3367,نومبر 1819 منز کور ڈوسٹ محمدن پیشاوارس پیٹھ مہاراشاہ سنز سلطنت قبول، یتھ منز رپیہ اکھ لچہ ؤری ہند آمدنی ادا کرنہ س
3368,ڈاکٹر چھِ ٹیوُبس دلس منز قبل کرنہ آمتہِ خونچ رلوِتھ تام دِوان۔
3369,1906 منز، ییلہ سُہ تقریباً 15 وُہُر ؤری تھا، تٔمۍ کٔرِو نُو ؤریہِ ونہِ ونہِ ونہِ ونہِ و
3370,ریڈ ونگز کور ایم ایل منز گڈنِک مقامس منز منتقل کرنہ خطر ز سکور کرنہ ستہِ 4-1 شکست۔
3371,اَمہِ پتہ آیہِ 36 گھنٹہ زیاد زیاد وقتہ ییلہِ امہِ جری کرنہ آمُت ییلہِ س خری لگ مکمل کرِتھ ۔
3372,یہِ ہیکہِ تُہندِ حالاتن پیٹھہِ پٹھۍ اکھ لکٹ سٹینڈ پیٹھہ پٹھہ پٹھہ پٹھہ پٹھہ پٹھہ پ
3373,فائنل ویسٹل برونہہ دہ منٹہ برونہہ اکھ بٔڑ ڈاون پور شروٗع، تہ یہ اوس آسٹریلیاہس دوبار کھتہ بٔڑنہ خطر
3374,یہ بنیو 19 مہ صدی منز یورپس منز اکھ خاص مسلہ۔
3375,برہن پوُر کِس جنوب مشرقی منز ہیکہِ کینہہ زبانہ ہُند بولن ہُند الگ نِہالی یُس کورکو منز روزان چھُ ۔
3376,بیٹلز تہ رولنگ سٹونز س اکثر جلدی کیپس پیٹھ۔
3377,یہِ فِلمہِ ہدایت کری چھِ شریفی منسوری سارناوالا ییلہِ اجے گپتا تہ جےشری بوتھرا چھِ پروڈیوسر۔
3378,مُتُرا کہِ شمال ہندوستانَس منز، مُتھرا کہِ شمالَس منز، براج علاقَس منز، تہوار ہیکہ أکِس ہفتَس کھتہ زیاد وقت لگتھ۔
3379,مے چھ خوش ز مے کور نہ اتھ ؤرۍ برونہہ یہِ ٹرووِتھ بٹکوئنس منز سرمایہ کری۔
3380,نوکیا ہس منز چھ نوکیا آلاتن خطر اووی سٹور تہِ ۔
3381,تٔمۍ کٔر لندنس منز 1948 سمر اولمپکس منز امریکہچ نمائندگی۔
3382,نہ کنہہ چھٗ 1916 منز ورڈن جنگ کس خرس پیٹھہ اتھ منز روزان ۔
3383,بادشاہن کور اکھ اپیک ٹیلوگو پوم، اموکٹمالیاڈا بنو۔
3384,جینیاتی ٹایپ اول گوو 1908 ہس منز شملی برازیل کس علاقس منز (95% ساروے کھتہ زیاد پتہ گژھنہ آمژ گژھنہ آمژ گ
3385,ییلہِ ٹیچنگ بالہِ پیٹھ گِنڈ کرِو، کھلڑِ چھنہ بییہِ اشیاء بالہِ ہُند حملہ کرنہ خطر ضروٗرت۔
3386,نیوروجنک بلیڈرس منز چھ بلیڈرس منز رکاونہ خطر اکھ متعین ہنز صلاحیت شمل تہ یہ چھ سپینل کارڈ زخمچ عام علامت۔
3387,گینز گُزریو 67 وُہ وُہِہ ونسہِ منز فریڈریک، مریلینڈس منز لہر کینسر ستہِ۔
3388,ٹیلنگنگا چُھ ہندوستنہِ ریاستن منز انسان ترقی ہندِس انڈیکس پیٹھ 22 مُقامس منز۔
3389,"ہندوستانس منز بغاوت ہُند ""فریٖنِسٹ جنگ آف انبدیشن"" درجہ بندی چھنہ امہِ سندِ تنقید ورے۔"
3390,سٹینبرگر اوس اکھ ایتھسٹ تہ بین الاقومی اکیڈمی آف ہومانس منز اکھ رکن۔
3391,یتھہ ستۍ چھ اوڈیشہ، شِلپراکھاشا ہندِ مندرچ تعمیٖر پٹھ ہندو متن اوڈیہ تعمیٖر تہ مجسمہ ستۍ ربطہ
3392,تریخدار تہ جینیات دان چھٗنہ زانہہ زِ مالٹیس لوٗکھ کنہ آو۔
3393,لیتھوی چُھ نہ صرف ہیڈ بٹ استعمال کرنہ اجازت دِوان مگر اصل منز چھُ یہِ زور دِوان، تہ لڑاکار چھُن نہ کانہہ گولہ لگان۔
3394,گجراتس منز گژھنہ دوران چھُ گُرِد فوج چہِ وُچھان چہامان سلطنت کِس مغربی سرحدس منز گژھنہ آمُت، یتھ کٔنہِ واری
3395,یہِ نہ صرف تہہ وقت گژھنس منز مدد کرِ، بلکہ یہِ تہِ ؤرِیَن تام یاد کرنہ خطر اکھ اچھی یادگار بناوان۔
3396,پالاتال کلک چھِ کینہہ بولنہ آمتہِ زبانن منز استعمال گژھنہ آمتہِ اکھ صوُرت۔
3397,یہ ہیکہ آزاد شکلس منز بولن ہند آواز ہنز گژھان، ییمہِ معاملس منز یہ راگالپ ونان چھ۔
3398,تاہم، بیرام خان اوس خر پٹھۍ نبرین پیٹھ غلبہ کرُن یِتھ، تہ یہِ اوس قیم کرنہ آمُت زِ مغل چھُ پنگابس من
3399,اتھ مساواتس منز متغیر ہیکو مندرجہ ذیل طور تعریف کٔرتھ:
3400,وگوُہ ہندِ ایسوسیٹ ایڈیٹر چارلس گینڈے چھُ وون زِ اعلی قیمت تہ ضعیف رویہ چھُ سپر ماڈل ہنز کم گژھان۔
3401,ابراہیمن کور خدا ہندِس اراشی ستۍ تسلیم کرنہ تہ پننہِ نیچِس مٗترِس تہ خدا ہندِس اطمینان کِنہِ ك
3402,تاہم، پُلپ چُھ پٔتمہِ کینہہ دہائیہ پٹھہ پٹھہِ نہ شرابس منز۔
3403,لٹہ زندووو نہ آسنی سان واقع گژھان، لہذا بھیمن گٔیہ پھولن ہند ژھانچ تہ س کوبریا سندس قصرس من
3404,اگر یہِ چھِ زیاد طویل، توہہِ ہیکہِ پینگِن کھیلچ مشکل بناونہ یِتھ ۔
3405,یوٹیڈیموس مے اوس پولیبیوسس مطبق اکھ ماگنسی یونان۔
3406,مہا شِوارَتری چھُ کنارک، کھجُراؤ، پٹاداکل، موڈھیرا تہ چڈمبرام کِس بٔڑِس ہیندِ مندرَن منز سالانہ رقص تہ
3407,"نیو کمب بال چھ کُنہِ کُنہِ تہ کُنہِ ""نکی 'ایم"" بال ہُند اِنتھہ یِوان۔"
3408,ہندوستانی فوجن ہندِ واریاہ بحث تہ مشورہ پتہ، تہ پتہ حملہ کرنہ پتہ، خانن کور پاکستان فوجن ہندِ زندگی بچاونہ خطر جنگ بند
3409,کھنہ یِنہ یِنہ یِنہ یِنہ یِنہ یِنہ یِنہ یِنہ یِنہ یِنہ یِنہ یِن
3410,س اوس ٹینس منز اہم تہ یہِ کٔر زنانن ہندِ آوازس منز مدد۔
3411,س کٔر 8 ون ونہِ ونہِ ونہِ منز شاعری تہ گیتار گِنڈنُک شروٗعات شروع۔
3412,پولیسس آو نہ 24 گھنٹہ اندر عدالتس منز قید کرنہ برونہہ اکھ قید کرنہ خطر ضروٗرت۔
3413,مے اوس صرف تُہِہِ ہُندِس لُگَس پٹھۍ۔ اکہِ دہہ، مے چھُ تُہِہِہِ پیشکش (تھاکر) ستۍ خوشی
3414,اوسٹری دریاو چھ تامل ناڈو کِس ریاست پوڈوچری کِس اتحاد علاقس منز اکھ دریاو۔
3415,ڈاکٹرو کور سربنی، پرتھ، قدِر تہ ذہنی مریضن سیفِلس تہ باقی جنسی طور منتقل گژھنہ آمتہِ انفیکشن ستہِ ہندِس
3416,پتہ کور تِمن مائیکرو فنڈنس پروجیکٹ خطر پننہِ منصوبہ تیار کرنُک شروٗع یُس کیوا بنوُمُت۔
3417,2000 چہِ آبدی منز آبدی 901 تہ 2010 چہِ آبدی منز 647۔
3418,اوہ نہ! تِمَو کور تِہ یاد کرنہ خطر زِ ٹیکس فائلنگ ہُند تاریخ چھِ تیزی سان نزدیک گژھان۔
3419,سُہ کور 2018 ہس منز لیگون آف انورک گرینڈ کراس حصل۔
3420,کینیڈا کہ کہِ افسانہ ستۍ بادامی چالوکیاہ ہند واریاہ سندۍ سندۍ سندۍ چھِ لبنہ آمتہِ ۔
3421,یہ اوس ونہِ ڈیزائن کرنہ آمتہِ اہم فوجی فایر آرماو منز اکھ۔
3422,ریاستس منز ثقافت تہ رویتی برقرارنہ خطر چھِ اَضاف سرکر زبانن منز گُرُنگ، لِمبو، ماگر، مُکھیا، نواری، راے، ش
3423,پرری کُن چھُ زیاد تر پٹھۍ پٹھۍ پٹھۍ پٹھۍ پٹھۍ پٹھۍ پٹھۍ پٹھۍ پٹھۍ پٹھۍ پٹھۍ پٹھۍ پٹھۍ پ
3424,یہ آو جولائی 2009 ہس شروٗعاتس منز اییی ٹیوُن ایکسکل ای پی پ پ پٹھۍ ریلیز کرنہ۔
3425,یہِ چھُ اکھ بین الاقومی ہویی اڈس منز اپ گریڈ کرنہ آمُت۔
3426,تاہم، مشہوٗر دفتر ہندِ حصِل گرہارڈ شروڈر زیننہ۔
3427,"لفظ ""پینٹ"" ہُند مطلب اوس ""نوٹ""۔"
3428,21 اگست 2008 چُھ 2008 ہِہ اولمپک کھیلن ہُند 12ہِ بٔڑِ دہ۔
3429,کیینیاہِ ہُند آزادی برونہہ آو ٹھ ؤریہِ مٗو موُو ہُند بغاوت ستہِ ، یتھ منز کولونل حکومتن ہِندِ
3430,یہِ ٹایزر تہ پروموشن پوسٹر آیہِ پٔتمہِ ریتہ منز ریلیز کرنہ۔
3431,یہ آو 1947 منز اکیڈمی ایوارڈ خطر نامزد کرنہ ۔
3432,غازس منز چھ اکھ گرم نصف گرم آب و ہوا، یتھ منز ہلک زمستان تہ گرم موسم گر چھ۔
3433,یہ آو 1982 ہس منز نیشنل رجسٹر آف ہسٹورک پلازس منز درج کرنہ۔
3434,تمہِ سنز چینی شاگرد، ہایک (یوکو) اوس اکھ اعلیٰ تربیت یافتہ مارشل آرٹس ماہر تہ۔
3435,2014 پٹھ 2020 تام اوس س سویس نیشنل چیمپئن شپَن منز اکھ میڈلِلِسٹ۔
3436,پننہِ خریدار کریڈینٹیلز استعمال کٔرِتھ پننہِ ایپ یس منز لاگ ان۔
3437,1984 پیٹھ 2002 تام اوس موہارت آسٹرین فٹ بال ایسوسی ایشنک صدر۔
3438,دہ پتہ چھ خاندانن اکھ فاسٹ لطف اندوز کران۔
3439,پننہِ زندگی ہندِ یہِ نسبتا آرام دہ تہ مستحکم دور کور کررمس موغل عدالتس منز پننہِ حمایتتی بیس بناونس منز اجازت، ییمہِ پتہ
3440,یِندِس رتہِ زنانَس منز چھِ اِندِس رتہِ زِیاد گڈ زِیاد گژھان۔
3441,پاکستان کِس ز ٹیسٹ ٹورَس منز سہِ ز مزید ٹرٹَرن منز نتیج، یتھ منز گواسکر 40 پیٹھ 120 رن جمع کران۔
3442,مرملہ واٹر فائل چھ اکھ آب و ہوا یُس کٹایام ضلعہ، کیرالہ، ہندوستانس منز ایرتھپیتا پیٹھ کینہہ کلومیٹر دور واقع چھ۔
3443,اکھ طریقہ ییلہ مواد ہند غلط استعمال کرنہ چھ اکھ اداکار (موسک خاص طور) خطر مٗضرر آسان چھ اگر مواد ہند غلط استعمال کرنہ یوان چھ یوان۔
3444,سی بی ایس پروگرامن کٔر فلوریڈاہ تھیم پارک والٹ ڈزنی ورلڈس منز ٹایگر واقعہ متعلق اکھ سیکنڈ دوی، ییمہ پتہ اکھ کمپنی بلاگن ہند انتقری
3445,اتھ منز چھ آرون وادی لاینس پیٹھ ریلوے سٹیشن۔
3446,"2010 ہس تام س کیرول کاؤنٹی 110,000 لوٗکھ ہُند آبدی۔"
3447,مے اوس اکسٹائٹک ییلہ طاقت طویل کھوتہ پتہ بحال کرنہ آو۔
3448,مثالہ، تہہ ہیکہِ ہفتہ پٹھ جمعہ تک کم کم کٔرتھ، ییلہِ تہہِ ساتھی ہفتہ پٹھ جمعہ تک کم کٔرت
3449,یہِ ماننہ خطر چھٗنہ زِ سایانا سندِس قسمچ غلط ۔
3450,مے کٔر اکھ لکٹو تبدیلی، نہ مکمل بینک اکاؤنٹ ڈرین! یہ چھ مایوس گژھنہ برونہ۔
3451,یِمَن منز چھِ Odontoblastic ٹرانسڈوڈوڈکشن نظریہ، نیورل نظریہ تہ ہایڈروڈینامک نظریہ شمل۔
3452,تٔمۍ وچھ پننہ خاندانس پیٹھ زمیٖن ہندس قیمتس منز کتھ اثر، یتھ منز خراب شمِل چھ زِ موسم تہ زمیٖن ہندِ آمدنی تہ
3453,دویمہ طرفہ چھ اکھ آگ ہند اولٹار ہاونہ یوان۔
3454,بییہِ اکھ اختیار چھُ بولبینٹ ہِووِییوِیوِیوِیوِیوِیوِیوِیوِیوِیوِیو
3455,کینہہ لوٗکھ س پنن یادچ تعریف کرنہ خطر برونہہ۔
3456,یہ لکٹو میوچھنہ چھِ گڈنِکو کھتہ زِیاد گڈنِکو دِناسور منز اکھ ۔
3457,ایرلینڈ ڈانس پیشکشن کور مے دہ۔
3458,لیوانٹس منز چھ فنکار یم ہیکہ پٹھۍ پٹھۍ پٹھۍ پٹھۍ پٹھۍ پٹھۍ پٹھۍ پٹھۍ پٹھۍ پٹھۍ پٹھۍ پٹھۍ
3459,نومبر 2016 ہس منز، بیکھایونن کور ایس ایمس منز حصہ لگان شروع۔
3460,منی پورچ بادشاہن سۍ پننہِ کانگلا قلعہ کِس رمپارتس منز اکھ مُلک پولو زمین۔
3461,یہِ کٔر خری بٔڑِ ورژن، آیی او ایس 6 ہُک بدلہ۔
3462,تٔمۍ گِیُن جنوبی کوریاہ قومی ٹیم خطر میڈفیلڈر یا سٹریکر کم۔
3463,تہہ ہیکہ تبدیلی کمرچ مرکزس منز ترین واجن ہندس منظرس منز تہ فید کرُن تہِ یژھان تہ واریاہن زانگین پیٹھ چیزن پیٹھ
3464,یہ اوس تمہِ سنزِ عموُل ییمِہ پتہ زِ یہِ بچہ اوس نہ سنِل ییلہِ تٔمۍ پننہِ کانس نزدیٖک زایہ علامت اوس۔
3465,برسٹول، لیورپول تہ لندنس منز رجسٹرڈ کشتی سہِ برطانوی غلام تجارتک زیاد تعداد خطر ذمہ دار۔
3466,یِمَن علاو چھِ ریاستَس منز قومی اہمیتچ خصوصی ادارَن منز AIIMS بیبناگر، IIT ہائیڈرباد، تہ NIT وارنگال شمل۔
3467,آئی ایس آرک چھ اکھ پورٹیبل ایپلیکیشن تہِ یتھ منز آئی ایس آرک2گو ونان چھ۔
3468,انسان ہندِس ستہِ تہ انسان ہندِس فوج سہِ گپھِ اننسہِ پیٹھ لگان۔
3469,سُہ گُزریو 1 جنوری 2021 ہس منز 73 وُہُر۔
3470,ایکسموٹ ایکسموٹ چھ ڈیون، انگلینڈس منز اے 376 سڑکہ پیٹھ اکھ قصبہ۔
3471,کینسرک اکھ علامت چھ یہ ز سیل چھ کنٹرولر طور تقسیم کران۔
3472,1980 کس دہلس کِس خرس منز آوِہِ میانمارس منز اکھ فوجی ڈکٹیٹورشپ قیم کرنہ۔
3473,راجرام، تمہِ سندِ خاندار جنکی بای تہ ماجہ سوارابی آیہِ جیل کرنہ۔
3474,یہ نظریہ چھ طبیعتس منز کہہ مٗشکل تہ اتھ چھنہ وچھِتھ ۔
3475,اکھ آئی ڈی ای چُھ اکثر اکھ مُفِلِٹر تہ اکھ کامپِلِر ستہِ آوان۔
3476,یِم چھُنہ روحُک حقیقی طبیعتُک حصہ تہ صرف ییلہِ روح غلط عقید چہِ حالتس منز چھِ ولِتھ ۔
3477,یہووِ یہِ لوٗکھ چھُ یِوان زِ تِہندِ تریخ چُھ اکھ قوم ابراہیمس ستہِ شروٗع کران۔
3478,امبڈکرس آو ساؤتھ بورو کمٹی برونہہ گواہ خطر دعوت، یُس گورنمنٹ آف انڈیا ایکٹ 1919 تیار کران اوس۔
3479,اکی کیٹی یا سومی کیک لڑیہ چھ اکھ روایتی لڑیی کھیل یس سومی ناگاہن ستۍ شروع گژھان تہ یہ اوس۔
3480,تہہ ہیکو تِم انفرادی طور یا اکھ متبادل فنڈس پٹھہ خریدری کٔرتھ سٹاک تہ بونڈس منز سرمایہ کری کٔرتھ۔
3481,یہ پروپیگنڈ چھ تنازعہ پٹھۍ تہ پھیلاونس منز مدد کران۔
3482,امہِ مطلب چھُ زِ تہہِ چھِہ پریتھ ریتہ تہہِ پٹھۍ قیمتہ ہندِ تبدیلیس منز تہِ اَتھ رقم سرمایہ کری کران۔
3483,لہذا، سی ڈی ہیکہ اکھ عظیم سرمایہ کری ہندِ وسلہ یتھ تہہِ ساروے کھتہ زیاد مٗمکنہ زیاد فید حصل کرنس منز مدد کر
3484,سُہ اوس 86 وُہُر، سُہ چھِ بیلو قبرستانس منز دفن کرنہ آمُت۔
3485,بوسنیہ تہ ہارزگوینیاہ قومی ٹیم ہند مینیجر، سفیٹ سوسک، کور فیفا ہندِس حُکومتس خلاف دعوا، ییمہِ ستہِ نہ پو
3486,کینہہ موسیقی چھ اکثر رقصہ ورے کنسرٹ ہالس منز پیش کرنہ یوان۔
3487,اَتھ وقتَس منز چھِ سوچیَن اعلان زِ سوچیَس منز کین جایَن پیٹھ تعمیرُک ترقی ہُند پیش کرنہ یِوان۔
3488,س اوس 2007 ہس منز کنفیڈریشنک صدر تہ 2011 ہس منز دوبار۔
3489,19 مہِ صدی کس گڈنِک نصفس دوران آسٹریلیاہ کین مختلف حصن منز 'فوت بال' گیمن ہنز آرکیوُل ثبوت چھِ گِندنہ یوان۔
3490,دشونی پاٹھ تہ کینہہ چھِ اتھ پٹھۍ پٹھۍ پٹھۍ پٹھۍ جسم کم گژھان۔
3491,کارنییرز کارنییرز چھ شُمال فرانسس منز شمالس منز اکھ کمیونیا۔
3492,2009 منز کور ٹریکن پننہ گڈنِک سپر لیگ فارموُم ایونٹ میزبنی۔
3493,شولی کور 2005 ہس منز 50 ہِم فلم فایر ایوارڈَس منز اکھ خاص ایوارڈ: 50 ؤریہِ ہِندِ بہترین فلم۔
3494,ییلہِ تِم کم اکسیجن علاقن منز گژھان چھِ، زیاد تر سیل چھِ یہ شکل پٹھۍ۔
3495,یہ بتھ آو 1972 منز لاس اینجلسس منز اکھ ناو ریکارڈنگ سٹوڈیو منز فلمہ بناونہ ۔
3496,چتھرانگا آو 8×8 چیکرڈ بورڈس پیٹھ گِنڈنہ، یتھ آشتاپاد ناو چھ۔
3497,موت چھ بادشاہن پیٹھ تہِ کُنہِ تہِ کُنہِ ۔ یہ چھٗ نہ بے احترام ۔
3498,پولیسن وون زِ تِم چھِ ونسہِ جری کران تہ تِم اوس نہ معاملس متعلق مزید تفصیل دِنہ۔
3499,اینٹی نفسیوٹک دواہ چھِ واریاہ کم گژھان زِ شخصس دوبار نفسیاتس منز رتہ رتہ رتہ خطر۔
3500,ایونٹ ڈبلیو آو 2021 ہس تام متعارف کرنہ، کوویڈ-19 وجہ ستۍ۔
3501,واریاہ مطالعہ چھ یوان ز گلیفوسائٹ چھ جانورن خطر خطرناک، یتھ منز انسان شمل چھ۔
3502,تِم سہِ پوٗر لگ اکھ بتہ منز لکھنچ یژھان۔
3503,فلیپنگس منز چھ سرمایہ کارن خطر واریاہ خطر شمل۔
3504,مغربی آسٹریلیاہ ہندِ جرائمچ قونوُنی تحت، ریاست ہکہِ جری ہنز املاک حصِل کرنہ یِتھ ۔
3505,اگرچہ ٹیبل ٹینس کھلڑۍ چھ مختلف طریقن منز پنن ریکٹ رلان، تِہندِ رلو ہیکہِ سٹائل، پین ہولڈ تہ شیکہ ہندِ سن
3506,13 اکتوبر 1987 ہس منز، تمہِ سندِس بہن اشوک سندِس 76 وُہِ زایہِ ہندِس منز، سُہ مُود 4:45 پیٹھ بمبئی من
3507,یہِ چھُ واریاہ مؤثر طریقہ یِوان ییلہِ اورنگزیب سندِ جنرل ترین ؤرین ہندِس دورس تام نہ مراٹھا علاقہ قبضہ کرنس منز
3508,انسبل سٹوڈیوز انسبل سٹوڈیوز اوس اکھ ویڈیو گیم ڈویلپر۔
3509,بِگ تھامپسن کینیون ہندِس رہائشی بارب اینڈرسن اوس ستہِ ستہِ ستہِ ستہِ ستہِ ستہِ ستہِ و
3510,یِم لوٗکھ یِم کیمِی ستہِ تعلیم دِوان چھِ چھِ تِہندِ عملہ ستہِ کیمِی ستہِ تعلیم تعریف کران۔
3511,وکی وائیج وکی وائیج چھ ویب پیٹھ اکھ مفت سفر تہ سیاحتی گائیڈ۔
3512,لاوا چھ تیزی سان خنک گژھان، تہ بیاسالٹ ہند باقی قسم ہنز سنگ بناوان۔
3513,ہیلیٖنسٹ دنیاہِ ستۍ ربطہ ہیکہ موریہ سلطنت کِس واریاہ آغازس پیٹھ شروٗع گژھتھ۔
3514,عام طریقہ ستۍ چھ لڑے اکہِ سرکلس منز پیش کرنہ یوان۔
3515,جھیٖل چھِ زائرین ہندِ جذبیی تہ اکھ سٹار ریزورٹس پٹھۍ مقبول۔
3516,ٹریس ایلینٹ - اکھ ٹریس ایلینٹ چھ صرف اکہ لکٹہ مقدارس منز موجود۔
3517,لہذا چھ یہ پرتھ ؤرۍ 14 یا 15 اپریل کیلنڈرس منز ہمیشہ اپریل کس وسطس منز گژھان۔
3518,گڈن ہند بیمار چھ مردن ہندن تقریبا 0.5% تہ زنانن ہندن 3% منز ترقی یوان۔
3519,پُجابی منز چھ ہفتہ، دو ہفتہ تہ ریتھ منز واریاہ جری شائع گژھان۔
3520,کنکن ریلوے لاین، یس 1990 کس دہلس دوران بناونہ آمُت اوس، چُھ مغربی ساحلس پیٹھ بٔڑۍ شہرس منسلک ساحلس ستۍ مساوی طور چلان۔
3521,اککولم بوٹ کلب، ییمہ اکولم دریاو تہ شُرِن ہندِس پارکہِ پیٹھ کرایس پیش کران چھ، چھ ترووالم نزدیٖک اکھ مشہوٗر سیاح
3522,مُطبِق چِھ مُسٹرڈ گرین تہِ زمنی ہندِ مصنوعات۔
3523,بیٹا چھ پٔتمہِ کارکردگی استعمال کران، تہ مستقبلے نتیجہ ہیکہ پیش کرنہ یِتھ ۔
3524,شُملی ہندوستنہِ خاندرَن منز چھِ مہارِ تہ گژھہِ سات مرحلن پوٗر کرنہ پتہ مٗتبِق لفظ ونان ۔
3525,واریاہ قدیم مندر، جنگل ہندِ ذخیر، قومی پارکہ، پہاڑ سٹیشن، تہ پہاڑچ پہاڑ چھے یم واریاہ سیاح چھِ لکٹہِ تعدادس منز جذب کر
3526,فوسجن چھُ عام طور نہ امہِ ساروے کھتہ بدتر اثر ہند وجہ بنان۔
3527,لکنو، کانپوُر، وارانسی، الہ آباد، اگرا تہ نوِڈا ہِندِ بٔڑِ شہرس منز چھِ 32 پرائیویٹ ایف ایم سٹیشن دستیاب۔
3528,بییہِ بال بوننچ چُھ اکھ معیمی ٹیکٹک۔
3529,وجیپے یَن کور پاکستانَس ستہِ کُنہِ شروع، تہ کور پکستنہِ صدر پروز مسھررفَن اکھ مشترکہِ اجلاس باپت آگراَس منز
3530,تٔمۍ زیوٗن 2016-17 کین وی بی کپ ڈچ ایریڈویسی (ڈچ لیگ) کلب ایس بی وی وٹیسی ستۍ۔
3531,کیلی فیور 2002 اوس آسٹریلی گلوکار کیلی مینوگوے ہند ساتوہ کنسرٹ ٹور۔
3532,بیٹیر کاربرنس چھٗ امریکہس منز چھِ ہتھیار کاربارن پیٹھ معلومات ۔
3533,پارکک شملی، مرکزی تہ مشرقی حصہ چھِ نوتی گاس لینڈ تہ شولا جنگلات ہندِ اکھ موساچ ستۍ رولیتی پہاڑن ہند اکھ سلسلہ بناوان
3534,یہِ 1949 منز لانچ کرنہ پتہ چھِ یہِ لٹہِ مِلیٖن منز کٔرِتھ ۔
3535,پتہ آو یہِ ہندوستانس منز باقے گروپَن ہندِ طرفہ قبول کرنہ تہ ؤرین دوران اوس یہِ مقبول گٔمژ۔
3536,چیبا چھ سندِ ساروے کھتہ زیاد آبدی ہند پیشوکیشن، تہ زمینہ کہِ علاقہ ستہِ 27ہِم ساروے کھتہ زیاد۔
3537,برونہہ اوس س پارلائمنٹچ نیچ ہاؤس ہندِ برِ ۔
3538,لُکھ ہندِ زیاد تر لُکھ یِم لُکھ کینسر یِوان چھِ چھِ چھِ واریاہ ؤرین تام دھول کران۔
3539,یہ چھ عملی اگر توہہ صرف کسٹکو منز واریاہ بے ترتیب خریدری کرنچ یژھان۔
3540,مے اوس نہ چنئی پیٹھہ دِلہِ پٹھ 15 اگست پٹھ تمام ٹرینن پیٹھ دستیاب ٹکٹ ژھانچ مایوس۔
3541,کھندراپم-کھندراپم چھ اکھ میتی منی پوٗری ناو یا خاندنی ناو یُس ہندوستنۍ اصل چھ۔
3542,تاہم، ماریہ اوس صلیبس پیٹھ کھڑا تہ ییلہ سُہ مرنہ ییلہ یس عیسی ستہِ تھاوان۔
3543,کمپنی چھ فوربس گلوبل 2000 کس فہرستس منز نمبر 131 منز درج کرنہ آمژ۔
3544,پروپیگینڈا چھ کینہہ نقطہ نظر خطر یا خلاف بولنہ خطر بییہ ناو۔
3545,2005 تام آو کمپنی واییا کام وننہ ۔
3546,چھِ چھِ چھِ چھِ سمجی كِس تہ نیبرِ دنیاہس منز چھِ چھِ چھِ چھِ چھِ چھِ چھِ چھِ چھِ چھِ چھِ چھِ چھِ چھِ چھِ چھِ چھِ چھِ ۔
3547,ماسٹرم (ترییی اییس گوجنگ شخص) چھ 2014 ہچ ہندوستنۍ ہندی زبانہ ہند اکھ بائیوگرافی فلم ییمیک ہدایت کری اکھ ہلیش جیسوال
3548,پیش گوئی ہُند بہترین پیش گوئی چھ زخم ہُند سطح تہ پوٗرگی ، یتھ پیٹھہ ایس آئی اے ایسہِ معذوری ہُند پیمانس ستہِ پیمل
3549,تاہم، بالادیتیا سندِ مرنہ پتہ، ڈرلبھوارڈننن کٔر وزیر سندِ مدد ستہِ تختس پٹھ، تہ کٔرِتھ کٔرِ
3550,تٔمۍ گِیُن 1980 سمر اولمپکس کیوِفیشن تہ 1982 ورلڈ کپ کیوِفیشنس منز۔
3551,یہِ ڈیم چھُ 55 ہیکٹر کس علاقس پیٹھ پھیلاونہ آمُت یَتھ منز جنگلات، دریاو، جھیٖل تہ وادی چھِ۔
3552,ریوماٹوائڈ آرتھریٹس، ٹوفیکٹینب خطر اکھ دوا، چھ وٹِلِگو ہُند علاج خطر ٹیسٹ کرنہ آمُت۔
3553,ہندو روحنی ٹرینوک گھوہ چھ امہ دہ پننہ زندگی تہ تعلیم یاد کرنہ ستۍ دوبار تعریف کرنہ یوان۔
3554,دیوڈ شینکبون: تہہ گڈنِک کس کاروبارس منز اتھ کٔرِو؟
3555,لیگس منز تمام کھلڑین ہند مجموعی اجرت ہنزِ نہ لیگس منز پٹھہِ آمدنی ہندِ 54 فیصد کھتہ زیاد۔
3556,نیٹجی سوبھاس مارگ تہ چنڈی چوک سندس درمیان بٔڑِس سرکہِ قبلَس ستہِ واقع، دیگامبر جین مندر چھُ دارالحکومتُک ساروے
3557,تمام یِم ؤرین پتہ چھِ مے یہِ پریشان کن زِ لوٗکھ چھُ انسانیت خطر ہبل ٹیلسکوپک قدرس پیٹھ سوال کران۔
3558,پتہ گٔیہ س پننہِ ملہِ ستہِ مُمبیی تہ کٔرِو ڈرلو کنوینٹ ہائی سکولس منز شرکت تہ کٔرِو ورٹک کالجس
3559,قریبی شہر بلومیناواس منز تہِ اوس سخت دھوکہ، ییتہ 13 لُکھ مُدلیڈن دفن کرنہ پتہ موُد۔
3560,یہ چھ شُمال مغربی فرانس کس اورنی ڈپٹیمنٹ منز نرمنڈی منز۔
3561,اندرونی تہ بیرونی ہارڈ ڈرائیو ہند خراب کرنہ پتہ چھ واریاہ وجہ۔
3562,پُنگابس منز چھ 23 یونیورسٹی، یِمن منز دہ چھِ نجی، 9 چھِ ریاست، اکھ چھُ مرکزی تہ تریے چھِ یِنہ یِنہ یِوان یونیورسٹی۔
3563,سُہ چُھ زیاد تر مقبول گڈن ہندِس دورہ خطر زاننہ یوان۔
3564,بالی تہ انڈونیشیاہ ہندوستنہِ ہندین منز چھِ ہری رایا ساراسوتی (تیوہارچ مقمی ناو) صبح پیٹھ دہہ خاندانن ہندِس مُل
3565,فیفا کلب ورلڈ کپ چھ اکھ ٹورنامنٹ یتھ منز فٹ بال کلب یم متعلقہ سیودری سطحس منز فٹ بال چیمپئن شپن منز زینان چھ چھ شرکت کران۔
3566,یہ چھ ریاست کِس جنوب مغربی حصہس منز اوہائیوے دٔریاو ستۍ۔
3567,یہ البم اوس زیاد تر کولمبیاہ کمکار جولیو رییز تہ ایسٹیفانو ہند پروڈیوسر بناونہ آمت۔
3568,موسیقی چھُ اُتراکھنڈی ثقافتُک اکھ اہم حصہ۔
3569,زنانہ خطر الگ ٹیٹل تہِ چھِ ۔ وومن گرینڈ ماسٹر-WGM، وومن انٹرنیشنل ماسٹر-WIM، وومن ایف ڈی ماسٹر-WFM تہ وومن کانڈیڈیڈیٹ ماسٹر-WCM۔
3570,قصب کِس جنوب مشرقی طرفہ پہاڑِ ہُندِس ستہِ ہُند ژور گپھ مندر سہِ كِس كِس كِس كِس كِس كِس
3571,2000 منز، تٔمۍ واپس جاپان تہ کٔر جے 2 لیگ کلب شونن بیلمیرس منز شمل۔
3572,سوفیو مُود 27 جنوری 2017 رومس منز 85 وُہُر۔
3573,پننِس ملِس چندرگپتا (یسہِ پتہ اکہِ مرحلس منز جینزمس منز تبدیل گژھان)، بیندوسارا اوس اجِیوِکا سِکتَس منز یقین
3574,یہ چھ اکثر ہندس یا بٹاکس پیٹھ لاگو کرنہ یوان۔
3575,پور ترتیب چھ پرتھ گھرس نیبر، عام طور دہہ، یا ونڈو یا ٹراسہ ستۍ ہاونہ یوان۔
3576,یِم چھِ نایلیم میکرو آرکیٹیکچرک 32 نِم ویسٹ مییر ستہِ پٹھ مبنی۔
3577,الٹمشن کور سلطنت ہُند انتظام ترتیب، ییمہِ شمال ہندوستانس پیٹھ امہِ سلطنتس پیٹھ مُغل حملہ تام بنیاد دِوان۔
3578,برطانوی پارٹی کور کشتین ہند دباونچ کوٗشِش مگر ترین ہندِس علاو سرِو روُدِ ۔
3579,یہ واضح چُھ زِ امہِ دور پتہ آیہِ اسلامس منز کیا تہ یہِ چھُ وچھان زِ یہِ چھُ سیٹ بیک موُلِتھ ۔
3580,موسمچ سرکارن چھ توقع کران زِ اگلی ہفتہ ہیکہِ وِسکونسن کینہہ حصہ فروری 1996 پیٹھ تقریباً سیٹھ ؤریہ منز ساروے کھتہ سرد درجہ حر
3581,یِم چھِ شدیدیتس منز مختلف تہ بَگَنہ پتہ ترے 14 دہہ تام شروٗع کران۔
3582,دماغچ بصری مرکز چھ پننہ کمک زیاد تر ذہنی طور تہ آٹومیٹک طور کم کران۔
3583,گڈنِچ تہ دویمِہ فہرست چھِ کِس قسمچ اہمِ ہندِ گڈنِچ کردارس مطابق سیکشنن منز تقسیم کرنہ یوان۔
3584,یہ فلم گوو 9 ستمبر 2007 ٹورنٹو انٹرنیشنل فلم فیسٹیولس منز پریمیشن۔
3585,یہِ رپورٹَن منز دِیوُن زِ ہندوستانَس چھُ پوٗر اندرونی خود حکوٗمت ستہِ پوٗر پٹھۍ غلبہ كرِتھ ۔
3586,نہروَن کور گڈنِکِس وزیر اعظم کِس مقامس پٹھ قبضہ، تہ وِزروایہ لورڈ مونٹ بٹنَن کور پننہِ گڈنِکِس گورن
3587,انقلاب پتہ آو بولشویک پارٹی روُسہ کمیونسٹ پارٹی ونان ۔
3588,یہ ہیکہ کیکس خطر اکھ آکنگ بناونہ خطر شکرس ستۍ مِشِش کرنہ یِتھ ۔
3589,اکہِ اکہِ آرجنن گٔیہِ نِل گِیِرس پینسہِ، تہ باقی پانڈواسَن کور پننہِ غیابس منز واریاہ مسلہ۔
3590,حدثن منز چھ گھوڑن ہندِس رٹنس تہ تِہند مہارتہ ٹیسٹ کرنہ خطر مُقابلہ منز شمل۔
3591,پتہ چھُ رادھا تہ کرشن سندِ چہرن ہندِ ہندِ ہندِ ہندِ ہندِ ہندِ رنگہ ہولی
3592,یہ چھ اکھ طریقہی زبان یُس بنیدی طور سائنسی کمپیوُٹنگ تہ تعدادی تجزیہ خطر استعمال کرنہ یوان چھ۔
3593,براج علاقہ تہ مُقبی جایہِ منز چھِ ہتھراس، الیگرہ تہ اگرا، ہولی چھُ ماتھورا، ورینڈاوان تہ بارسانہس منز چھِ زیاد یا کم یِ
3594,2010 چہ مردم شمری مطبق سہِ 60،079 لُکھ اتھ منز روزان ۔
3595,ناشرن کور نارایانس منز اکھ برہمن اییر یس پننہِ وجہ ہندِس سوالس منز چھٗ ۔
3596,تاہم، سُہ چھ گڈنِک پیگوڈ بناونہ یِنہ برونہہ اکھ سٹروک ستہِ مران۔
3597,"لفظ گوٹوتی (مقمی طور بولنہ آمتہِ ""گٹوتی"") چھِ قصبچ اصلی ناو، گوٹممپوری پیٹھ نِشمِت۔"
3598,لوک بتھ چھِ ہائی پِچَس پیٹھ گُند یِوان تہ لوٗکھ چھِ ہولی ہُند روح تہ ڈھولاکَس ستہِ رقص کران۔
3599,ییلہِ کھتہ زیاد کھتہ کم کھتہ کم کھتہ کم کھتہ کم کھتہ کم کھتہ کم کھتہ کم کھتہ کم کھت
3600,یہِ چھُ تِمَن اکہِ مقام پیٹھ اکہِ اکہِ اکہِ اکہِ اکھ اکھ اکھ اکھ اکھ اکھ اکھ اکھ اکھ اکھ اکھ اکھ انتخاب بناوان۔
3601,اگر نہ، توہہِ ہیکہِ تِہِہِ حِصہ کٔرتھ تہ کینہہ پونسہ بچتھ ۔
3602,یہ اوس 2000 ہس ستۍ ہِندِس مِثالہ، یتھ منز ونڈوز سی یی ستۍ پوٗر مطابقت تھاوان۔
3603,کلسیم نائٹرائٹ چھ زمیٖن منز نائٹروجن شمل کرنہ خطر استعمال کرنہ یوان۔
3604,مُطبِق دوبار نووِ رِیوُن اجازت دِنہ خطر گرافٹ تہِ ہیکہ ضرورت۔
3605,یہ اوس میکینٹوش ہُند یہِ خصوصیت ییمہِ یہِ اتھہِ مقبول بناوُ ۔
3606,کینہہ ڈسٹرٹ چھِ ہایپڈ کرم ستۍ ٹاپنگ پٹھۍ خدمت کرنہ یوان۔
3607,ورروکن اوس 1979 پٹھ 1984 تام یورپی پارلیمنٹک رکن۔
3608,لکٹن جانورن، مچھل، ہار، تہ واریاہ قسم پکا تہ لگ چھ عام۔
3609,بیچ فائل سہِ واریاہ استعمال ییلہِ ڈیوس واریاہ لوٗکھ استعمال کرنہ آو ۔
3610,کوگو زبان-کوگو، یتھ باکوکو تہ باسو تہِ ونان چھ، چھ اکھ بینٹو زبان۔
3611,گُپتا ہندِ زیاد تر بادشاہ سہِ وشنوا، لہذا ہیکہِ ہم ناراسِمھا، وشنو تہ رامیانن ہندِ قصہ ہند واریاہ مج
3612,"31 دسمبر 2010 تام س لینزبرگس منز تقریباً 8,341 لُکھ روزان۔"
3613,لُک لڈن کور لٹون، بیڈفورڈ شیرس منز ڈنبیگ ہائی سکوُل کِس سندِس سندِس سندِس شابینا بیگ
3614,ڈرگن فلی بی ایس ڈی منز متعارف کرنہ آمتہِ خصوصیاتن منز چھ فائل سسٹم تہ شمل۔
3615,یہ آو 30 اپریل 2014 پی ایل علاقس منز ریلیز کرنہ ۔
3616,امہ علاو چھ شُرِ اکثر رسمی بو ادا کرنہ پتہ پننہِ بڑن پونسہ یوان۔
3617,اہم ترمر چھ اکھ ترقی پذیر اعصابی اختلال، تہ ساروے کھتہ عام حرکت ہندس اختلال۔
3618,"حقیقی اعداد و شمارن منز چھُ پُنگابس منز کل ادب 18,707,137 یِمَن منز مرد 10,436,056 تہ زنان 8,271,081 سۍ۔"
3619,تٔمۍ اوس پننہِ عدالتس منز اکھ یونکی سفیر تہِ، ییمیک ناو ڈیماکس ۔
3620,میدانہ نیبرہہ سِکٹر چُھ اکثر میچ پروٹوکولس پیٹھ توجہ دِوان۔
3621,ٹونی چُھ نہ نگرنی کرنہ خطر اِستعمال کران، مگر خر چُھ میشل واپس یِنچ کوٗشِش کران۔
3622,فدرل پولیس چُھ ونان زِ تِم چھِ جرائم، دھوکہ دہی تہ بے كھتھ جمع کرنہ باپت تمام 38 (تتھ منز پانژھ یِمَن ون
3623,تاہم، پِلوٹ ڈویلپمنٹن کور پیشکش مطابقت تہ اتھ قبول کرنہ خطر کور لندن اینڈر گراؤنڈ۔
3624,یہِ ہُندِ ہُندِ ہُندِ ہُندِ ہُندِ ہُندِ ہُندِ ہُندِ ہُندِ ہُندِ ہ
3625,ملِہ چھِ شہہ علاقن منز تقسیم کرنہ یِوان-مہانڈی ڈیلٹا، جنوبی اینڈھرا پردیش میدان، کرشن گوداری ڈیلٹا، کُنکوُمارری ساحلس
3626,اپریل 2022 ہس تام آو تمہِ سندِ صاف قمت 4.4 ارب امریکی ڈالرس پٹھ تخمینہ۔
3627,ناواجو زبان چُھ لٹینی حروف ستۍ لکھنہ یوان، انگریزی ہس ستۍ۔
3628,یہِ اوس 18 فروری 1998 رنچو مِراج، کیلیفورنیاہس منز۔
3629,ٹھہِ دہ کور فلمن پننہِ مجموعہ رٹنہ، ییمہِ تقریباً 0.75 ملین ₹ (9.800 امریکی ڈالر) کٔر۔
3630,یہِ چھُ گڈنِک کنسولی یُس روم کارٹرائڈج تہ مائیکرو پروسیسر استعمال کران چھُ۔
3631,ساینس دانن چھ یہِ سمندرچ سطحس پیٹھہ 250 پیٹھ 600 میٹر درمیان وچھمُت۔
3632,تقریباً 275 ملین امریکی ڈالر ( 11 ارب) ہندِس بٔڑِس سرمایہ کری چھُ حکوٗمت ہندِستانہِ یِہ جھیٖل پننہِ اصل لکِس تام بحال کر
3633,پریٹل چھ اکھ نوجوان بین الاقومی ییمۍ آسٹریا یو 21 قومی ٹیم خطر گِیُند۔
3634,پننہِ سندِس گیمَس منز شرکت کرنُک اکھ اکھ کھلڑِ ہُند امکان چھُ کیران مودرا، اکھ وچھنہ کمزور سائیکلسٹ۔
3635,گرینڈ فاینلس منز زیوٗن تٔمۍ سنگلو تہ ڈبلن منز سونہ۔
3636,یہ چھ غالب ہندوستانی سرزمینس منز منز منز منز منز یوان مگر یہ چھ جنوبی ایشییی دیاسپورہ ذریعہ آسیا کین باقی علاقن تہ مغربی دنیا کین حصن منز تہِ پ
3637,مگر ٹوپلوفس سند مشکوٗر 31 تہ 32 ہِندِ حرکتہ پتہ کٔر آننندِ کور تپلوفس سندِ نسبتا زیاد مُلکَس خلاف اکھ مضبوط
3638,کرشنن کور 1976 منز پننہِ واریاہ بناونہ آمتہِ ہوم پروڈکشن پاڈی پینٹالو ستہِ واپس رلان۔
3639,تاہم، مصیبت ہند اکھ دُعاہ ستہِ چھُ اکھ بدقسمتی تصادف گژھان ییمہِ ستہِ تارون سنز زندگی لیملیٹ منز لوان
3640,سمندر منز کیمیکل ریونچ خطر چھ واریاہ قسمن ہند خطر۔
3641,1801 تام آو سنڈی ایڈیسن ٹماٹ کیچپ خطر اکھ قصہ بناونہ۔
3642,غیر مُکمل ایس سی آیی سندرمَن منز چھِ براون سیکوارڈ تہ مرکزی کورڈ سندرمَن منز بحالہ خطر بہترین پیش گوئی تہ ستہِ ستہِ س
3643,جوابُک وقتچ انداز چھُ اکشنل ڈگریجنشن شروع گژھنہ برونہہ۔
3644,یتھہ پٹھۍ، اگر اپینڈیکس پوٗر پٹھۍ پٹھۍ پٹھۍ پٹھۍ چھ، چھ عام طور بڈومینل سختی ہند پوٗر غیاب۔
3645,سُہ چُھ امریکی کلب، اے اے گلکسی تہ میکسیکو نیشنل ٹیم خطر کھیوان۔
3646,آرچری چھُ ہندوستنہ ثقافتی میراثس منز دفاعی ہندِ سارِوے کھتہ پرتھ شکلو منز اکھ بنان۔
3647,مہاویر زاو اکھ جمہوری سلطنت، وجی جِی منز، ییتہ بادشاہ ووٹہ ستۍ منتخب کرنہ آمُت۔
3648,سُہ اوس 1998 پیٹھ سیئولُک آرچبیسپ تہ 2012 ہس منز پٹھ تام۔
3649,مے چھس یتھ فِلمہِ خری پٹھۍ وچھِتھ مے چھس یتھ ہفتن ہندِس انتظار کران۔
3650,ڈاونہام مارکیٹ ڈاونہام مارکیٹ چھُ نارفولک، انگلینڈس منز اکھ قصبہ تہ سِل پارش۔
3651,گوباچل راک کوٹ جین یادگار چھ پہاڑ کِس راک کلِفَس پیٹھ واقع یُس گوالیر قدری، مدھیہ پردیش ستۍ چلاونہ آمُت چھُ۔
3652,اوپر پیلیولیٹِٹِک منز کٔر انسانن گپھَن منز ہایینن ہندِ پینٹنگ۔
3653,یہ آو 1951 منز 914 ہس منز تقسیم کرنہ باپت بناونہ ۔
3654,ساروے کھتہ عام قسم چھ اکھ سٹیرین سڈل یس گھون خطر بناونہ آمتہِ چھ۔
3655,کاروبارتی مغربی نیل وائرسس منز نمییی ہند بچاونہ خطر واریاہ ہدایت چھ تمام مسکیٹو بندِ بیمارن منز عام۔
3656,پرسوتاگوس، اکھ آسن، آو ویسل بادشاہ سنز ناو دِنہ۔
3657,ہبرڈ تہ کیلی دشوے کور تِم ہائی سکولس منز تھاونہ دوران انفرادی طور گٹار گِنڈناونہ شروع۔
3658,ٹایٹ چھ ٹاکلین نیبر لاین ختم گژھان تہ یہ چھ دشوے رسیویر تہ بلاکر کم کران۔
3659,سن سن سنز 'چاکھ آف ٹیکنالوجی' پیٹھ کم کور موریس ڈوب سنزِ کم مکمل۔
3660,موج چھِ ونسہِ ہُند اِشار دِوان ۔
3661,یہ یقینی بناونہ خطر ہیکہ کنہہ یہِ کٔرِتھ زِ کنہہ چھنہ دھوکہ دہی کران۔
3662,18 تہ بڑنہ ونہِ پرتھ 100 زنانہ خطر سہِ 90.4 مرد ۔
3663,اِہِ فصلہ چِھ تہہ پننہِ ریتھ پیِی چیکُک 15-25% بچاونہ یِوان۔
3664,نیو فلایر ایکس سیلسیئر-نیو فلایر ایکس سیلسیئر چھ ٹرانسٹی بوسن ہند اکھ لنہ۔
3665,اگر تہہِ ہیکوِتھ کنسہِ ہُندِس رتہِ ژھنچ یژھان، توہہِ ہیکوِتھ کنسہِ اکھ اکھ
3666,آر ایل ایل چھ 31 مارچ 2022 تام امریکی ڈالر ہُند مارکیٹ کیپٹیلائزیشن۔
3667,بہن سۍ چیکو، ہارپو، گروچو، گومو تہ زیپو۔
3668,تاہم، تِمَن سہِ نہ مُطبِق پَندِ پَندِ پَندِ پَندِ پَندِ پَندِ پَندِ
3669,چنئی منز میئر رادھکریشنن سٹیڈیم چھ بین الاقومی ہاکی ایونٹ منز میزبنی کران تہ یہ چھ بین الاقومی ہاکی فیڈریشنن پننہِ انفارمیشن خ
3670,مراٹھاَن کٔر 1660 کس دہلس منز اکھ طاقتور ناوی تہِ تیار، ییمہِ سندِس خرابس پیٹھ مُمبیی پیٹھ سوانتھ وادی تام ہندوستان کِ
3671,تامل سنیما چھ ہندوستانس منز فلمہ ہندِ پداونچ ساروے کھتہ بوڑ صنعتو منز اکھ۔
3672,یہ معاہدہ بنو امریکہ تہ آروکوئس درمیان صلح تہ دوستی۔
3673,آنوش آشووری آنوش آشووری چھ اکھ ایرانہ زامژ برطانوی کاروبرۍ۔
3674,1881 منز، ییل تہ پرنسٹن درمیان اکھ کھیلس منز، دشونی ٹیمن کور یہ استراتجی پننہِ غر شکست دِنہ آمتہِ ریکارڈ برقرار کرنہ
3675,1907 منز کور تٔمۍ پننہ ماتریکولشن ایگزینشن پاس تہ پتہ ؤریہ منز کور تٔمۍ ایلفینسٹون کالجس منز داخل، یس یوٗنہِ یو
3676,علاقی کوڈس منز سہ 2035 تام نہ بییہ جایہ۔
3677,ہائی سکول پٹھ فارغ التحصیل کرنہ پتہ کور تٔمۍ 2008 ہس منز ٹی پی سی او میریزس منز شمل۔
3678,بدلہ، اگر تہہ زِ کنہِ ملِس شخصس منز دلچسپی ہوتھ، تیلہِ تِم پننہِ پچ بناونہ خطر اکھ منٹ د
3679,برلی چھ ہیڈینڈیڈیلی ستۍ نزدیک تہ چھ اکھ بوڑ طالب علم آبدی۔
3680,مقمی مسلمان خریدارن چھِ امہ دہ پننہِ دکان بند کران، ییلہِ زن مسلمان اقلیت ہندِ سکولن چھِ فاسٹ خطر 5 دہہ ہُند
3681,مسلہ ستۍ پوٗر حل حصل کرنہ خطر، تمام امکانہ چُھ جری کرنہ یِنہ یِوان۔
3682,یِم چیزن خطر یِم تہہِ روُٹِنی طور کنہِ یِوان چھِ، یِتھ کٔنۍ زِیاد كنہِ، تہ زاننہِ زِ
3683,مصنوعی طور متعارف کرنہ آمتہِ درجہ حرارت ہند تبدیلی کم کرنہ خطر چھ ہیلی کاپٹر سفر تہ ہیلی پیڈ سائٹس قیم کرنہ یوان۔
3684,فلمہِ ہُند گڈنی ریلیز اوس تنازعاتن ہِند وجہ ستہِ واریاہ مختصر مدتہ خطر۔
3685,ہوم پیجس پیٹھ ہیکو تہہ تمام معلومات یتھ تہہ ضرورت چھ۔
3686,ہندوستان چُھ مکا بلاکس تہ مکا تقسیمنگ ہُند دنیاہک ساروے کھتہ بوڑ پروڈیوسر۔
3687,قریبی جاے منز چھ کڈاپینچل کِس ولِس تہ ایریپرا واٹر فلز شمل۔
3688,گڈنِچ پولو کلب آو 1833 ہس منز سیلچار، آسامس منز قیم کرنہ۔
3689,چھِ ہتھیار مِسکانن تہ باقی عومی عمارتن منز پناہ یِوان کران۔
3690,یہ چھ ونہِ آلفا منز، تہ یہ چھ 2002 پٹھ ترقیس منز۔
3691,سُہ چھُ مسکل کار تہ ایپل کمپیوٹر کینز مصنوعاتن ہُند اکھ مشہوٗر تہِ۔
3692,منافع ادا کرنہ ستۍ چھ قرض دِنہ دار ہاونہ یوان زِ تِم چھ قرض واپس ادا کرنہ خطر سنجیدگی آسان۔
3693,گیورا، دیپکا، کُسمونڈا کُربا، چہٹس گڑھَس منز کھولنہ آمتہِ زِیاد کھتہ بوڑ چھُ ہندوستانَس منز تہ
3694,کرنسٹن اوس 1977 پیٹھ میکی میڈلٹن ستۍ خاندر کرنہ آمت ییلہ تِم 1982 منز طلاق تام۔
3695,سُہ اوس ہندوستنہِ نیشنل کانگریس پارٹی ہُند سابقہ رہنما بننہ خطر زاننہ یِوان۔
3696,عروٗفہ تہ عروٗفہ پتہ چھِ تقریب تہ جشن علاقہ، ترجیح تہ خاندر، خاندر تہ تِہندِ خاندن ہندِ خاندن ہن
3697,سٹون گرینڈ تہ ٹھنڈ گیس اوس فعالن ہندس پٹھۍ پٹھۍ پٹھۍ پٹھۍ پٹھۍ پٹھۍ پٹھۍ پٹھۍ پٹھۍ پٹھۍ استعمال کر
3698,30 اکتوبر 1928 منز آو کمیونٹی لاگورس منز ییتہ یہِ مظاہرن ہندِ ستہِ سیرِ پرچھنہ ولۍ ستہِ ملاقات اوس۔
3699,ییلہِ کٔمی ہیکہِ مچھلی تہ باقی آبدی کم گژھان یم مچھلی ہند ژنہ یوان چھِ، امہِ نتیجس منز چھِ مچھلی ہن
3700,عام طور ٹرافی چھ سٹینلی کپ چیمپئن ہندس اکھ کھلڑِس پاس گژھان۔
3701,باقی گروپن منز چھ بنگالی، ہجنگ، بیائیٹس، کوچس تہ متعلقہ راجنگشِس، بوروس، دِماسا، کوکی، لیکھار، تیوا، کربی، رابھا تہ نیپالی شمل
3702,بینک نیشنل ڈی پیرس بینک نیشنل ڈی پیرس اوس اکھ فرانسیسی بینک۔
3703,وے! مے چھٗنہ کانہہہ زِیوتہِ کانہہہ یِہ ملِہ زانہہہِ ۔
3704,ہندوستان چھُ ونسہِ صرف 30 دہہِ روُدیی ہُند ذخیر کران، ییلہِ زِیاد ترقی یافتہ ملکن چھِ استراتجی طور آبنی علاقن من
3705,تریخدار کیٹرن براونن چھ دعوا کران ز اورنگزیبن کور نہ موسیقیس پیٹھ پوٗر پابندی لگاونہ۔
3706,گمژِ مرد، یِتھ بِفلو سندِ فرارچ وُچھان تہ یہِ ماننہ یِوان زِ یہِ چھُ ذمہ دار، چھِ جانورن خطر اَہ
3707,تٔمۍ سنز رسوٗمت س پریتھ ہفتہ شائع گژھان، تہ واریاہ لوٗکھ چھ یِم لکھ۔
3708,تٔمۍ کٔر فیلڈلفیا، پینسلفیاہس منز کورٹس انٹیٹ آف میوزک منز مطالعہ۔
3709,1975 منز کٔر تٔمۍ کمِی کھتہ زیاد چُپک چُپک تہ مجرمانہ ڈراما فارار پیٹھ رومانٹک ڈراما مِلی تام مختلف فلمہِ ہن
3710,ہندوستان کِس آرکیوولوجیکل سروے ہُک سابقہ ڈایریکٹر، الیکسینڈر کاننگھمَن وون زِ دیلی پتہ بنیوِ دیھلی/دیھلی۔
3711,یہِ سڑکہ چھُ او 2 آریانا منز تقریباً 80 کھلڑین، معیار تہ تفریحی ہندِ نِشِش کرنہ پتہ ختم گژھان، یتھ منز پانژ
3712,عام طور چِھ جسمچ دشونی طرفہ متثر گژھان۔
3713,19 مہِہِ کِس خرس تہ 20 مہِہِ صدی کِس شروٗعاتس منز اوس سوئٹزرلینڈ زمینی چھِنہ خطر اکھ مشہوٗر جایہ بنومُ
3714,پننہِ بتھِ قرض ادا کرنہ خطر اکھ منصوبہ تہ وقتہ بناونہ خطر پننہِ ساتہ کم کرو۔
3715,8 فروری 2019 منز بنیو لداخ جموں و کشمیرس منز اکھ الگ ریوے تہ انتظامی ڈویجن، ییمہِ ستہِ پٹھۍ کشمیر ڈویجنک حصہ اوس۔
3716,دھونی سنز حقیقی سکول سکوٗل معلم اوس فلمہ منز کم کرنہ آمت۔
3717,کرناٹک حکوٗمتن کور مومبیی پیٹھہ اکھ فیلانٹروپسٹ ستۍ ہندس ستۍ ہندس ستۍ ہندس ستۍ ہن
3718,مگر تِم چھِ حکومت استعمال کرنہ ورنہ ورنہ یِتھ چیزہ کرنُک یژھان۔
3719,بھرتناٹیم چھ بھاکتی یوگا ہُند اکھ شکل تہِ ماننہ یوان۔
3720,ونہِ چھِ جشن مرحلن ہند تبدیلی ہند گواہ تہ یہِ چھِ نوو مُطبِق تہ تفسیرن ہندِ مطابقت خطر دوبار دِنہ
3721,فیلیپینس منز چھ سیپک ٹاکراو تہِ سیپاہ ونان۔
3722,امہ خطر سُند سُند استراتجی اوس امریکہس ستۍ معیلی اتحاد قیم کرُن۔
3723,سُہ اوس 2008 ہس منز جنوبی اوسٹیہ ہُک اداکری وزیر اعظم۔
3724,2010 منز کور آکسفورڈن تٔمۍ سندِس مزید تعریف دہ آکسایسیانن منز اکھ منتخب کرنہ ستہِ، یس یونیورسٹی آف آکسایس پیٹھہ
3725,تاہم، 1979 منز آو کانگریس (ای) بناونس منز اکھ بییہ تقسیم، ییمہِ 1981 منز الیکٹورل کمیشنن کانگریس ہند تسلیم آو۔
3726,پلیٹسٹ ایچٹی چھ سونی کمپیوٹر انٹرٹینمنٹ کہ طرفہ بناونہ آمت اکھ ہینڈ ہیلڈ گیم کنسولی۔
3727,کیرنی کاؤنٹی چھ گارڈن سٹی، KS مائیکروپولائٹن سٹیٹک ایریا منز شمل۔
3728,سُہ زاو ایلورا، اونٹاریو منز، اکھ سابقہ پارلیمان۔
3729,ز کانڈینٹَن کٔرِو 28 اکتوبرَس منز اَکھِس اَکھِس ستہِ دوبار مقابلہ، ییتہِ بولسناروَن انتخاب زینان۔
3730,2009 منز بنیو سلوواکیہ یورو استعمال کرنہ خطر 16 ہِم مُلک۔
3731,مے ہیکہ نہ پننہِ کانہہ مے یوان ییلہ مینۍ ناو پی آر ایل منز انتخاب کرنہ خطر اعلان کرنہ آو!
3732,"2006 چہِ آبدی منز، امیُک آبدی 1,232 خاندانن منز س 5,127۔"
3733,ٹیبروکلوسس کِس سماجی تہ ثقافتی پیمانسک بہتر سمجھنا ہیکہِ سٹگما کم گژھنہ ستۍ تہِ مدد کٔرتھ۔
3734,یہِ چھُ تعریف زِ اکھ شُدرا ہندِس تہِ خدری پیشکش کرِن، تہ مانٹرا ستۍ یِتھہِ بَٹ لِنہِ ۔
3735,حالیہ ؤرین منز چھ یہِ سٹائل باقی مُلکن منز تہِ مقبول گژھان۔
3736,"یہِ فِلم اوس بتھ ""تو اِتنی Khoobsurat ہای"" خطر مشہوٗر ۔"
3737,چینی سیسیکیا چنن کور زنانن ہند 48 کلو وزن لیفٹنگ ایونٹس منز 212 ستۍ اکھ نوو اولمپک ریکارڈ۔
3738,2015 ہس تام چھ مغربی بنگالس ہندوستانس منز سندۍ ساروے کھتہ زیاد جی ایس ڈی پی۔
3739,مگر یہِ آو پتہ وضاحت کرنہ ییلہِ آڈاہ سندرا بینڈسٹنٹ پرومینڈیڈس منز فلمہِ خطر شوٹنگ وچھنہ آمُت۔
3740,سُہ چُھ اکھ ہندوستنۍ ہاکی کھلڑِ یُس پننہِ عزتس منز اکھ ٹامپ چھُ۔
3741,یِتھ کٔنۍ زِ زمینہ کھتہ زیاد دور گژھنہ ستہِ چھِ جیس غر ولۍ یِتھہ زِیاد زِیاد زِی
3742,چال پچُر بینٹ ہین چھُ سُراج سُند ایم بی اے پیٹھہ فلم سازس تام شوری سفر۔
3743,اگرچہ تٔمۍ چھ ایسٹر جشنک تِفصیٖل مقمی عادیاتن پیٹھ نِش وضاحت کران، تٔمۍ چُھ اصرار کران زِ فاسٹ چُھ عالمی سطحس منز م
3744,ماننہ چھ یوان ز یہِ چھُ ہندوستان کِس زیاد قبلس کِس جنوبی حصَن منز شُروٗع۔
3745,پی این ایس ایس منز چھ ریگنیشن کارکردگی، یتھ منز زخم ہندس صورتس منز تقریبا مکمل بحالی یس ڈسٹل اعصابی ٹرمینلس نزدیٖک گژھان چھ۔
3746,یہ چھ ٹیلی ویژن پروگرامہ ریڈیو کران یم بڑن شُرین تہ نوجوانن خطر ملِتھ چھ۔
3747,ز کھلڑۍ کھتہ کھتہ کھتہ کھتہ کھتہ کھتہ کھتہ کھتہ کھتہ کھتہ کھتہ کھ
3748,سُہ مُود 15 ستمبر 2022 ، 83 وُہُر ونہِ ۔
3749,پرائیویٹ مساوات چھ سٹاک تبادلہ نبر شاخن منز اکھ سرمایہ کری۔
3750,یہ گولڈ کپ اوس شریانکیزو سریکینڈن نیرن ہند ڈیزائن، یس تعلیمی ڈِنٹیشنس منز آرٹ انسٹروکٹر اوس۔
3751,مہاراشٹرچ نایاب چیف وزیر اعظم، آر آر پیٹیل چُھ صورتحالچ انداز کرنہ خطر شہرس منز قیادت کرنہ یوان۔
3752,یِم چھِ رُبرِ ہُند ز ٹکرِ ستہِ بناونہ آمُت، یِم اکھ گڑنہ ولِس شعبس بناونہ خطر اکھ ل
3753,یِم شُرِ منز یِم انسیفلوپٹی، سربرل ہیموراج تہ کورٹیکل آٹروفی پٹھۍ پٹھۍ گژھان چھِ، یِم ہایپوکسیاہس ست
3754,کارٹرن کور تریِم دورس منز 11:49 پیٹھ گیمُک دویم گول، ییمہ سکوُک رلان تہ اوور ٹایمس قبل کور۔
3755,یہ چھ ہایڈروجن سولفیڈ تہ کڈمیوم کلوریڈ بناونہ خطر ہایڈروکلورِک ایسڈ ستۍ ردعمل کران۔
3756,یہِ چھُ سری لنکن روایہَس منز نہ باقی واقعاتن ہُند وضاحت کران، یِتھ کٔنہِ کُنالہ ناو بییہ نیچِس متعلق اکھ قص
3757,کینہہ لوٗکھ چھُ مانان زِ گودل اوس تمام وقتہ ساروے کھتہ اہم لجیشنو منز اکھ۔
3758,ملی ہند انتظام تہ ٹیکس تیار کرنہ خطر بحثن منز چھ ہواس منز اکھ پُرِتھ مز روُت۔
3759,زیاد تر قسم کینسر چھ لوکن متثر کرنہ یِوان ییلہ تِم بڑان چھِ ۔
3760,ٹاڈن ہندِ ماڈل س زنانن ہندِ ژھنہ یژھان زِندنہِ ۔
3761,منہتھن ہس منز گھریلو مسافر ریل سروس شروع گژھان 20 اگست 1866۔
3762,واریاہن جاین منز سہِ لیمپسٹ تہ کٔٹھن ہندِ رونہ آمتہِ ۔
3763,تٔمۍ وون زِ میک گِیگنَن اوس أمِس ایم 4 ہِندِس رِفیلَس ستہِ گِندِس نقطہس پیٹھ ییلہِ ہورِن ت
3764,جون 2017 ہس تام، دنگل ہُک عالمی سطحس منز آمدنی س 307 ملین امریکی ڈالر (2،000 کروڑ)۔
3765,لڑایہ منز چھ کورے انسان مرنہ تہ فرار کران۔
3766,بی میببی س اکھ برطانیہ سیل ایویشن ایوٹرٹی ٹایپ اے آپریٹنگ لائسنس۔
3767,کُشانس ہُند سندِ سندِس سندِس سندِس سندِس سندِس سندِس سندِ
3768,فرانسیسیو کور 1786 منز موریٹِس پیٹھہ کینہہہ غلام چگوس جزیرن منز ۔
3769,یہِ چھِ لوٗکھن اکثر کمپیوٹر ماوس استعمال کرنہ خطر گیم بناونُک اجازت دِوان۔
3770,پتہ کٔر رہائشی مشرقس منز گنگس بیسن ہس منز ہجرت، ییتہ تِم لکٹن گامن تہ الگ مزارع قیم کٔر۔
3771,سُہ چھُ تمہِ بچاونہ خطر جلدی کران ییمہِ دوران سُہ پننہِ مرنس تام رُکاونہ یوان چھُ۔
3772,دفاعی منز کٔر پٹنا پیراٹزچ نیریج کمارن میچس منز ساروے کھتہ زیاد ٹاکل پوائنٹ (11) تہ یہ س موہیٹ چیلرُک ریکارڈ
3773,کورٹس پیٹھ چھِ سٹایلس خطر کم از کم اونچھن چھنہ باڈمنٹن ہندِ قانونن منز ذکر کرنہ یوان۔
3774,پتہ کٔر میناکسھی 1986 ہس منز ٹیلوگو فلم جیوانا پورٹمس منز راجنکینٹس ستہِ اکھ خاص ظہر بتھ ۔
3775,2012 ہس منز کور ریاستچ رہنماو ریاستس اندر پٹھہِ پٹھہِ صلح ہندس احساس خطر سیسی ذریعہ تلاش کرنہ خطر ہندوستنہِ مرکزی حک
3776,جیٹ بورن جیٹ بورن چھ آسٹریلی بینڈ جیٹ کہِ گڈنِک البم۔
3777,ایکسکلوی انٹرویو چھ وِکی نِیوُس پیٹھ مضامین ہند اکھ حصہ تہِ بنان۔
3778,یِم دٔریاو چھِ كھلو تہ روٗدِس موسمس منز چھے خراب۔
3779,بدلہ، اکھ کور صحیح جواب تلاش کرنہ خطر بتھ دہہ پیٹھ نظر ۔
3780,نیوزی لینڈ ڈِپٹیشن آف کوریکشن چھُ ونِس نیوزی لینڈ کس ولنگٹن منز روموتاکا جیلس منز الزامچ تحقیق کران۔
3781,مے اوس امید ز بنیدی خدمات ہندِ ستہِ زِیاد سستہ، مگر کل خرچ سننہ ستہِ صرف مے تھوٹہ کم دل محسوس کران۔
3782,یہ اوس امہِ نوو ڈیزائنہ باپت تہِ زیاد تعریف کرنہ آمُت۔
3783,ٹیمس منز چھ شے رکن، یتھ منز ژور چھِ کُنہِ وقتہ مِلِس منز۔
3784,مربیلی فارم رش، ایسچر، سپلینو میگالی، تہ لنفایڈینوپتی چھِ معمولی علامت۔
3785,کیپ امریکہ زیاد چھ امریکہ ہند اکھ گروپ۔
3786,ایس این ڈی پی سی این ایکس 500 کانگریٹَن ہند 11 فیصد کھتہ زیاد چھِ تامل ناڈوَس منز کارپوریٹ دفتر۔
3787,سِتا چھِ ہندوستنہِ ساروے کھتہ مشہوٗر دیوتاو منز اکھ۔
3788,وتہ چھ آسٹریلیاہس منز اُٹبیکس منز جنگلی روزان ۔
3789,بنیدی کھتہ کھتہ کھتہ کھتہ کھتہ کھتہ کھتہ کھتہ کھتہ کھتہ کھتہ کھتہ
3790,بتھ 'یاری کوگدالی' ، 'ہوتھیڈری کانڈا' ، 'ہے ڈیناکارا' ، 'ہروڈیہ سمودرا' ، 'منکیوینا' تہ 'ناڈمیا' بنیوو بٔڑس
3791,رے کٔر 36 فلمن ہدایت کری، یتھ منز خصوصی فلمہ، دستاویزات تہ مختصر فلمہ شمل س۔
3792,کینہہ گھنٹہ پتہ آو پور ریسورٹس منز شستہ کرنہ۔
3793,گوگل سٹیڈیا سٹیڈیا چھ اکھ کلاؤڈ گیمنگ سروس یس گوگولہ بنوو۔
3794,2012 ہس منز کٔر رحمانن اک دیوان تھہ تہ امریکی ڈراما پلوے لیک یو ایس خطر کم، تہ کٔرِیو جاب ٹاکھ ہای جینس پیٹھ ڈائریکٹر یش چو
3795,تِم حالت چُھ اکثر باقے حالاتن ستۍ یِتھہ یِوان، یِتھ کٔنہِ کلینیکل ڈپریشن۔
3796,چولہ چھ 1995 پٹھ صنعت کار جے میٹہ ستۍ خاندر کرنہ آمژ، یتھ منز سنز ز شُر چھ۔
3797,تہوار کین دہن منز چھ گاڑن ہندین گھرانن منز کورٹیئر صاف کرنہ یوان تہ تٔریٖد گاڑن ہندس پٹھۍ پٹھۍ پٹھۍ
3798,یِمَن منز چھِ شُمنگ لیلا تہ فایپک لیلا (سٹایج ڈراما)۔
3799,ماسوت گُزریو 24 اپریل 2022 ہس منز 80 وُہُر ونسہِ منز۔
3800,اگرچہ دن درمیان اوس حقیقی محبت، ارجمنڈ بینو بیگم اوس اکھ سیسی طور ذہین زنان تہ کٔر پننہِ خاندارس خطر اکھ اہم مشیر تہ بھروسہ دار کم
3801,اکھ اچھی جمعہ چھ رچرڈ واگنر سندِ موسیقی ڈراما پریسیفال کہِ مُقابلہ منز خاص اہمیت تسلیم کران، یتھ منز اکھ آرکیسٹریل انٹرلڈ شم
3802,تٔمۍ کور مراٹھا کمانڈر - سینٹاجی گھوپڈ تہ دھناجی جاداو سندِ طرفہ فوجی مدد۔
3803,باقی کٔنہِ منز چھِ بامبو، جنگلی سیر پپر، جنگلی کارڈموم، کالیمس راٹن پالم، تہ عطر وٹایور گاس، وٹایوریا زیزانیوڈ ش
3804,اولمپکس منز لبنہ: اولمپکس منز لبنہ چھ اکھ تریخ یس 1948 منز شروٗع کورمُت چھ۔
3805,پرتھ بٔڑِس چھِس منز ییتہِ تہہِ مہمان توقع کران چھِ، تہ تِم پننہِ ویب سایٹَس پیٹھ فروغ دِوان۔
3806,یہ فلم آیہ خر 26 اکتوبر 2012 ریلیز کرنہ ۔
3807,جو لیڈلی کور 71 منٹَن منٹَن منز سِیوٗتھ گول تہ اینٹونی سٹاکس کور 74 منٹَن منز کلِڈیسڈیل بینک پریمیئر لیگ گیمُک
3808,جلدے، تمام بیس بال کھلڑۍ کور بیس بال گولہ نِش شروٗع۔
3809,عام مسلہ ہند جواب ہیکہ اکثر پونہ یوان سوالن منز لبنہ یوان۔
3810,یہ چھ جوفری بالیٹ ہُند مُقل گھر۔
3811,فارہ مُود 12 جولایی 2020 ہس منز 75 وُہُرِہ ونسہِ منز ترکیہس منز۔
3812,"یہ ہیندِ افسانہ چھِ اکھ ""مریٹا ہُند اکھ پٹ (غیر مرنہ کہ اکھ نیکٹر"" بناونچ وضاحت کران، ییلہِ نیکی تہ بدی"
3813,شکریہ! مے چھ مایوس ز تہہۍ کور مینۍ کھتہ پسند (شف)۔
3814,اتھ وقتس دوران، تانٹریک فلسفیو کور اہم متافیزیکل تصور تیار یتھ کٔنہِ کُنڈلینی، چاکرا تہ منٹرا۔
3815,موواٹوپوزا آو 1958 ہس منز بلدیہ ہُند حیثیتس منز بڑنہ۔
3816,1336 منز کٔر مسونوری نایک کِس کاپیا نایکَن ٹُگلاک فوجَس شکست تہ کٔرِوُن ڈیل سلطنت پیٹھ وارنگالَس دوبار فتح۔
3817,فون کالن ستۍ پننہ پریشنی ہند نقل کرنہ خطر واضح، خاص طور اگر تہہ ہیکہ تہہ کمپنی ستۍ کاروبار کرن یا کنہہ خریدری
3818,میسن اوس جایہ ہندِ غیر معمولی سائز تہ واریاہ بٔڑ پہاڑن ہندِ ستہِ متثر گژھان یم طویل عرصہ موجود خراب گژھان چھ۔
3819,اکثر ویب سایٹ چھ استعمال کران ییمیک فریم ورک ونان چھ۔
3820,سنسر تہِ چھِ کام کرن والین مسلہ زیاد باقاعدگی سان حل کرنہ خطر نصب کرنہ یِوان۔
3821,امہ علاو، تٔمۍ اوس نہ معیلی تعلقات انسان زندگی ہندس اکھ اہم پہلو پٹھۍ وچھان۔
3822,مملولر چُھ مانٹیہ ہُک پننہ فتح تہِ آواز دِوان۔
3823,مے چھس پریشان ییلہ لوٗکھ مے کال کران تہ مینس بینک اکاؤنٹک تفیات تصدیق کرنہ خطر اکھ OTP مانان چھ۔
3824,جان کولرَن کور 41 منٹہ پتہ أکس عضلات زخم ستہِ گژھان۔
3825,بیہِ ہُندِ ہُندِ ہُندِ ہُندِ ہُندِ مرنہ باپت سِکنڈینوی مُلکن منز چھِ ہُندِ مرن
3826,2012 ہس منز گڈنہ برونہہ، تٔمۍ گِیُن مسکوہس منز گلفینڈس خلاف عالمی چیمپئن شپ میچ تہ۔
3827,ہڈمبی چھ کنتی ہس وعدہ ز س تہ گتوتکچا چھ پانڈواس سندِس زندگی منز نیران تہ عدالت ہندِس لطف پیٹھ نیران۔
3828,سرمایہ کار چھ خوفزد یوان ییلہ سٹاک ہندین قیمتن ہندس تام پھٹان، ییمہ ستہِ سالہ منز آمدنی ہند خراب گژھان چھ۔
3829,مختلف ذٔریعہ چھُ ونان زِ س اوس 1943، 1944 یا 1945 منز زامُت۔
3830,یوٹروبن مُود 25 جون 2020 86 وُہُر ونہِ ونسہِ منز۔
3831,19 مہِ صدی کِس خرس پتہ، مہار ٹورنامنٹ تہ میچن ہند تعداد گوو سالانہ تیزی سان بڑو۔
3832,مجمعہ چھ لوکن ہندِ خاندری ہندِ انتظام کران یم HIV/AIDS، لیپروسیا تہ ٹیبروکلووزس ستہِ مران چھِ ۔
3833,ییمہ دہ چھ تمام مذہبن ہند شُر پننہِ ملِس پٹھ پوٗر تہ تِمَن تِلک، گار لینڈ پیش کرنہ ستۍ پن
3834,تاہم، محمد حنیف، اکھ ٹیلیبینن ہند سخر، وون ز اتھ حملہ اوس ٹیلیبینن ہند نتیج۔
3835,آئی اے تہ یو ایلن کور امریکہس منز یتھ ہیکہ تعریف۔
3836,بٔڑِ سڑکہِ یا ہائی وے پیٹھ گاڑِ ہندِ پٹھ تہ کم از کم 60 مِل فی گھنٹہ تام تیزی سان۔
3837,اہم پوٗر پوٗر ونان چھِ عموٗمن زنانہ ۔
3838,1986 منز آو چین نیشنل ریسرچ انسٹی ٹیوٹ آف وُشو چینس منز وُشو سرگرمین ہند تحقیق تہ انتظام خطر مرکزی اختیار بناونہ۔
3839,ییلہ تہہ یونیورسٹی ہسچینشن پیک حصل کرنہ یوان چھِ، چھِ اکھ مُضاف نوجوان بالغ سٹیج شمل کرنہ یوان۔
3840,ٹیسکو چھ اکھ ملٹی نیشنل ریٹیلر یس برطانیہ پیٹھ ٹیسکو پی ایل سی ہندِ ملکیت چھ۔
3841,مے چھُ وُچھان زِ کینہہ مقمی سندِس ستہِ ہُند رفتار چھُ کرناٹکَس منز خراب گژھان زِ تُراوس چھنہ
3842,اکہ دہ چھ تِم رِنکُک پٹھۍ پٹھۍ بندِس ستۍ لڑان۔
3843,سُند مرنہ آو لینکلن کاؤنٹی شریف سندِ دفتر سندِ تصدیق کرنہ ۔
3844,یاما آو نہ سوویتری سندِس خاندارس زند رہییی بحال کرنہ خطر باقی انتخابہ ستہِ رونہ ۔
3845,مٗلک دیوارچ خراب حالت وچھان چھٗ یہِ وچھناونہ خطر پریشان زِ وقت تہ موسم چھٗ کنہہ یس اکہِ تام مضبوط تھاونہ آمتہِ تھ
3846,شوبرس کور پٔتمہ ستمبر کور لوسیین فیکٹسن کور کوچ پوزیشن نش استیادی کرنہ پتہ گڈنِک ٹیمُک اکھ انٹیریمن مینجمنٹ کری شروع
3847,مزید اندرونی علاقہ تہ دریاو کین بینکن ستۍ چھِ زمیٖن زیاد تر پٹھہ پٹھہ پٹھہ پٹھہ پٹھہ پٹھہ پٹھہ
3848,تٔمۍ کٔر مُلکُک گڈنِک مارکیٹ تحقیق ہندِ تنظیم، آپریشنز ریسرچ گروپ قیم۔
3849,فیجی ہس منز آبدی ہند کم از کم اکھ رتھ چھ ہیندِس عمل کران، تہ یہ چھِ فیجی منز منز منز منز منز یِوان یِ
3850,یہ گٔیہ 1964 تام امریکہس منز ٹاپ 1000 ناو منز نیرنہ ۔
3851,ڈویڈینڈ ڈویڈینڈ چھ اکھ کمپنی أمہِ سندِس حصدارن ہندِس ادایگی کران۔
3852,مگر یہِ اجلاس چھِ واریاہ غلط گژھان ییلہِ راگنی پننہِ گژھنہ بٔڑِتھ پٹھہِ پٹھہِ پٹھہِ پٹھہِ پٹھہِ پ
3853,یہِ کیتھڈرل ییلہِ یہِ ونہِ چھِ ، اوس 1194 پیٹھ 1260 تام بناونہ آمُت۔
3854,واریاہ رومانوی، ایسے تہ مختصر قصہ شائع کرنہ پتہ چھ نارایانن باقی دنیاہس منز ہندوستنہِ لکھنہ لگانہ ستۍ قابل اعتماد۔
3855,یہ چھ مے ونہِ صلحس منز محسوس کران ییلہِ زِندِ خاندنی ہندِ خطر چھِ تہِ خرچ۔
3856,ایرانچ فلم ساز مجید مجیدھی دِیُت رے خطر گڈچ تعریف۔
3857,فیلیپس گُزریو پیرس منز فلمہِ پروجیکٹ پیٹھ کم کرنہ دوران جگر کینسر ستہِ ۔
3858,اُتر پردیش فاینلس کارپوریشن (یو پی ایف سی) آو 1954 ہس منز ریاستس منز لکٹ تہ وسطی پیمانس منز صنعتہ تیار کرنہ خطر 1951 ہس سی ایف سی ایس
3859,باقی اہم صنعتن منز چھ سیاحت تہ ہایڈروپورٹر شمل، تہ آئی ٹی، آئی ٹی ای ایس، بیو ٹیکنالوجی، فارمیسیٹیکل تہ آٹوموبائل صنعتن منز چھ امکاناتچ ترقی۔
3860,موللوے چھ گرفتار کرنہ یوان، مگر سُہ چھ سپرنگ فیلڈ کِس شہرین ہُند پٹھۍ پکان تہ بچان۔
3861,اَکبرَن پننِس ملِس سندِس زورس پیٹھ نہ راج بھرمَن کور تٔمِس اسلامَس منز تبدیل تہ تٔمِس پننِس مقام
3862,یَکشمیٹرَس یَس 2008 ہَس منز ٹورنٹو، کینیڈاہَس منز قیم کرنہ آمُت چھُ، یہِ چھُ ہندوستانَس نِش گڈنِک گ
3863,فلیکس آو 26 اکتوبر 2021 صوتی ووٹنگ ستۍ سینیٹن ہند تصدیق کرنہ۔
3864,عظیم مچھِ آو مقمی سشی ریسٹورنٹن تہ ہانگ کانگس منز مبنی کھنہ دار ادار ہندِ مالکانن خطر خطر خطر خطر خطر
3865,اگر توہہ چھوو، تیلہ شُرِ ہندِس شعبس تہِ ژھانوِو۔
3866,تِم چھُ یقینی بنان زِ پریتھ ملازم چھُ خوش یِم تِم چھِ کران۔
3867,نارہاریتیرتا اوس کلنگا سلطنتس منز وزیر۔
3868,اگر تہہ پونسہ واریاہ تہ یہِ لکٹین انفارمنٹس منز لپ ستہِ بجایہِ رُوننہ یژھان، توہہِ ہیکو فوری سالانہ
3869,یہِ چھِ اکھ کُنہِ ہُندِس ستہِ تہِ کُنہِ ۔
3870,"2010 ہس منز امریکی آبدی منز س آبدی 12,520۔"
3871,اگرچہ واریاہ کورو ستۍ چھِ عام طور جنوبس منز ولۍ، بغمت چھِ کٹمنڈو وادی ہُند حدس تام تام تام تہ دکشینکلی مندر مندر پیچلس نزدی
3872,نوٹ زِ سر لیلیٖک تہ جسم لیلیٖک چھِ مختلف قسم۔
3873,تٔمۍ زیوٗن 1956 منز 5.5 میٹر کلاسہ خطر ملبورنس منز برونز میڈل۔
3874,دشونی رقص فارم چھِ پیچید پاٹ ورک، کوریوگرافی تہ ہینڈ سٹور استعمال کران، مگر کتاکالی چھِ جنوبی ہندوستنہِ مارشل آرٹس ہنز حرکتن منز ش
3875,یہ فلم آیہ مورادن ہند پروڈیوسر تہ أمۍ سندس دوست اکبل جوسف سندِ ہدایت کری۔
3876,ہپلیری ہیمنگیامازس برعکس، ہیکہِ ہنزِ ژندِ زندگی خطر تہ نہ واپس گژھِتھ ۔
3877,پاپ جان پال دومن کٔر تٔمۍ 1999 منز سیکوانی ہچ ٹیریٹریوریل پریلیٹ۔
3878,ریاستس منز جنگل ہُند پوٗر چھ ریاستچ جغرافیتی علاقہ ہُند 6.1 فیصد۔
3879,اصل منز سۍ ژور ناواجو کلین، مگر ونہِ چھِ زِیاد۔
3880,پیشگوئی ونان چھُ ونان زِ طوفان چھُ یِتھ نظامس ستہِ رِتھ ییمہِ کینہہ دہہ برونہہ ہاوسٹن، ٹیکساس علاقس منز
3881,یہ چھ یورپہس منز سیڈرس پٹھ مختلف، یس عام طور نہ گرم گژھان چھ۔
3882,تمہِ سُند گڈنِک کارکردگی اوس شری پورٹ، لوسیاہس منز پننہِ بیکنگ بینڈس ستۍ۔
3883,"اگرچہ یہ فلم برلن انٹرنیشنل فلم فیسٹیولس منز ""کریٹکس پریزن"" حصل، یہ اوس عام طور متبادل رسیپیشن۔"
3884,یہِ اوس واریاہن فنون تہ فنکارن تام پٹھۍ پھیلاونہ آمت، یِمَن منز پننہِ، یِتھہِ رپیہ ہندِ رسم سہ
3885,تلاش انجن چھ اکثر ویب صفحات تہ بنان یم تمہِ چھِ پننہِ کیش پیٹھ انڈیکس کرنہ آمتہِ ۔
3886,اتھ طریقہ ستۍ، اکھ نفر ہندِ گھریلو خرچن ہندِ اکثریت خطر ادا کران۔
3887,ژوٗرِم گپھ، گپھ 4 چھِ مشرقی پیٹھ کینہہ قدمہ۔
3888,یہ گام چھ کراولی تہ ہورسمس درمیان سبز بیلٹس منز۔
3889,درجہ حرارتس منز اچانک ڈپرو مینس سپینس منز اکھ ژل۔
3890,ڈاکٹر چھ عام طور مزاحمت مستحکم کرن والین تہ اینٹی نفسیاتی دواہن ہندِ ترکیب ستۍ منیاہس علاج کران۔
3891,اَتھ کِس اَتھہِ اَتھہِ کٔرِ 1931 کِس خرس منز دویمہِ رُونڈ ٹیبل کانفرنس منز قیادت۔
3892,کانڈ: بلیک سکینڈل گوو پوٗر ہندوستانس منز مثبت جیز خطر شروٗع۔
3893,مخالف ٹیمن ہند طرفدار چھ عام طور مثبت ردعمل دِنہ یوان۔
3894,مندر چھ شُمال مشرقی طرفہ، ہمالایہ کین دھوُلادھر رینجس پیٹھ۔
3895,سُہ اوس 1946 پیٹھ 2001 ہس منز سنٹیہ ایپل وِٹس ستۍ خاندر کٔرمژ۔
3896,ونہِ چھِ اکھ باغ جایہ ستہِ پٹھۍ، یِمَس پیچِلس منز بییہ جایہ نٔوِ آیہول چھِ یِوان۔
3897,تُہۍ متنازعہ رفتار چھُ ؤرین تام پننہ نزدیک ربطس باوجود تِہِہِ درمیان اکھ رکاوٹہ ولان۔
3898,شیطان س گڈنِچ بورڈس پیٹھ، ییلہِ گیمس منز دن منٹن گول کور۔
3899,بیکہام، یس 125 میٹر ہنز خوشحالی ہندنہ آمژ چھ، ہیکہ رینسوم رینپ خطر اکھ ہائی ہارٹ ہیکو۔
3900,یہِ چھُ یہِ ہُند رفتار میٹر ہُند وُچھنہ زِیاد تیزی سان چلاونُک سبب بنان۔
3901,15 اکتوبر 1949 منی پور آو ہندوستانس ستۍ متحد کرنہ۔
3902,سیرینا گِیُند سی اے اوساونا، ایلیچ سی ایف تہ یو یو اے سینٹ اینڈریو خطر تہِ ۔
3903,اَمہِ ستہِ چھِ امریکہ کینہہ علاقہ منز امریکی مردن پیٹھ زنانہ ولہِ ۔
3904,خاص طور، اکھ نکاوٹ تہ دن منٹن ہند استراحت پتہ، نکاوٹ آؤٹ لڑاکھ ہیکہ اکہِ لڑایہ تِہِ ہیکوِتھ، مگر یِم
3905,2012 ہس منز بنیو سُہ اصلاح پارٹی ہُند رُکُن۔
3906,تھریشیر گولٹندر کیری لیتھونن اوس تقریبا تِبولٹ ستۍ تقریباً اکھ، ییمہِ ستۍ 28 شُٹَن منز 26 ہُند رٹان اوس۔
3907,حقیقت یہِ ، اتھ مقامس منز ساروے کھتہ زیاد پونسہ ہُند بُرِسر آو اپریل 2005 ہس منز ہندوستان تہ امہِ سندِس آر
3908,مُلکن منز چھِ ایس ڈی ایس ہندِ موتچ تعداد کم گژھان ییتہِ یہِ عام طور کرنہ یوان چھِ۔
3909,مندر چھ پارشورمشورا گروپ مندرن منز اکھ۔
3910,پلکٹہ لکٹہ ٹکٹہ ہیکہ لکٹہ خونچ رلتہ تہِ رلتھ ۔
3911,ڈاؤن لوڈ کرنُک مطلب چھُ بییہ کمپیوٹر یا سرور پیٹھہ معلومات حصل کرُن۔
3912,تُہِہِ شکایتہ ستہِ جواب دِنہ پتہ، تُہندِس تنازعہ چھُ دریافت کرنُک مرحلس منز گژھان۔
3913,ڈرائیور چھُ ونہِ واریاہ تیزی سان چلان۔ کیا تمہِ چھُ یہِ سوچان زِ یہِ بس چھُ اکھ ایمربلس؟
3914,اے سی سی سی چُھ پی سی سی سی پیٹھ ستہِ ستہِ ستہِ ستہِ ستہِ ستہِ ستہِ مُلکن ہُندِس م
3915,ہوبوکین ٹرمینلَس منز، امریکی فوجَن کٔر یِم جہازَن یِم یورپَس منز گژھان۔
3916,کیا آبنی سرگرمین خطر چھِ سکرکلنگ ہندِس طورس پیٹھہ محفوظ اقدامات؟
3917,25 پوائنٹ سکرین کرنہ خطر گڈنِک ٹیم چھُ اکھ سیٹ زینان ۔
3918,14 فروری 2008 ہس منز آو أمہِ سندِس 525 ہِم زینہچ سالگرہ منز یاد کرنہ خطر مُلکَس منز أمہِ سندِ
3919,سپریم کورٹچ چیف جج ، اولور ایلسوارتس چھُ تُہِس دُعا کران ۔
3920,اگر تہہ نہ کانہہ شکایت ہُند اکھ خط لکھوِتھ، توہہ ہیکو تہہ واریاہ نمونہ آن لائن ژھتھ۔
3921,بارسلونا زیوٗن یو ایف اے چیمپئنز لیگ، تہ ریور پلیٹ زیوٗن 2015 کِس کوپ لیبرٹڈورڈوز۔
3922,تاہم، اتھ آو آنالو آڈیو ٹیپ ہند پیش کرنہ تام زِیاد ڈوبنگچ محدود استعمال۔
3923,یہِ اخبار چُھ 1 جولایی 2006 پیٹھہ الیکٹرانک طور پٹھہ شائع کرنہ یوان۔
3924,کرسٹڈ سکیبی ہیکہ واریاہ درخواست یا ادویات ہند علاج ہند ضرورت (بیو)۔
3925,کران آرورا ہند پروڈکشن کرنہ آمتہِ چھُ یہِ راز سندِ ہدایت کار شروع کران۔
3926,یہِ قسم چِھ اکثر تھولِس مڈس منز جنگچ کرنہ آمتہِ ۔
3927,زندِ کور 2000 ہس منز سمیوکھتا ناو اکھ کور نِش نِش ۔
3928,سندین منز چھ اکھ سند انفلوئنزا انفیکشن فیور، لٹہارگی، سنزنگ، کاسنگ، سانس منز مشکل، تہ کھتہ کم گژھان۔
3929,س چھِ گھر نیران تہ چھِ پہاڑن منز روزان ییتہِ س پننہ کاروری شروع کران، گھر کنہِ خطر چھِ، تہ اتہِ چھِ روزان
3930,پننہ کاروبرِ ہندِ پیشکش کینہہ پروگرامہِ فید کٔرِو، یتھ کٔنۍ 401K، تہ جری کٔرِو جری ہندِ پ
3931,دریاوَس منز چھِ غر مچھِ ہنز تنوع، زیاد تر سمندری قسم، کینہہ اصل پٹھۍ آب، تہ کینہہہ تِہِہ آبنی قسم۔
3932,یہ آو انگریزی دورس منز کوزکوڈس منز بندرگاہس منز نیلمبورس ٹیک تہ اینگدی پورام لٹریٹ برطانیہس منز منتقل کرنہ خطر قیم کرنہ
3933,سیٹ اے سی ایل: سیٹ اے سی ایل چھ مائیکروسافٹ ونڈوزس پیٹھ سیکورٹی ڈسکرپٹرس منیلاونہ خطر اکھ فری ویئر ییلٹی۔
3934,مِس کامبوَن کور زِ یہِ دور لیسٹر-جنوُبی آبدی منز زیاد تر ایشیییاتَن ہُند ربطک احساس بڑان۔
3935,یہِ اوس 1125 منز کنسٹینس کِس بِشپ اولرچ اولی بناونہ آمُت۔
3936,گوتھ لولیٹا ڈرسٹرن چھُ ونان زِ تِم چھِ پننِہ پسندیدہ بصری کی بینڈن ہندِ طرفہ حوصلہ یوان۔
3937,اگر تہہِ نہ اکھ یا زِیاد زاننہ یِوان چھِو، تیزی سان آن لائن تلاش کرنہ یِنہِ ہندِ واریاہ پداوان۔
3938,"ییلہ زن 1956-57 منز سہِ صرف 200 شرکر، 2008-2009 منز چھ تقریباً 10,000 شرکر۔"
3939,جکی روبنسن ڈے: جکی روبنسن ڈے چھ میجر لیگ بیس بالس منز اکھ سالانہ تقریب۔
3940,یہِ چھُ علاقہ کِس ساروے کھتہ زائرنہ آمتہِ زیاد دور کرنہ آمتہِ جیلہ ہندِ جیلہ ۔
3941,برطانوی 1940 ہس منز بنو اتر پردیش، بیہار، پُجاب، آسام تہ اوریساہس منز اکھ اہم تعداد کینلن تہ آبدی ہند نظام۔
3942,جموں و کشمیرس منز چھ سپورٹس ٹورنامنٹ ہندوستنۍ فوج تہ پولیس دشوے ہندۍ طرفہ منعقد کران، تہ اہم سیسی پارٹی تہ تمام پارٹی ہارریٹ کانفرنس۔
3943,کورما: کورما یا کورما چھ اکھ پٹھۍ یُس ہندوستنہِ مُلکس منز شروع گژھان چھ۔
3944,تاہم، جون 2017 ہس منز آو شروفس ستۍ سکرین ٹیسٹ گژھنہ پتہ دیشا پٹانی ہنز اداکری کرنہ۔
3945,یہ چھ کوڈک بییہ لنہہ پٹھ ژھنچ اکھ طریقہ۔
3946,مِشری بن راشد الفیشی: مِشری راشد الفیشی زاو 5 ستمبر 1976۔
3947,ہندی فلمن ہندِ علاو کٔر تٔمۍ بھوجوری، گجرات، ہریانوی، مراٹھی، پُجابی، بنگالی تہ سندھی فلمن منز تہِ کم۔
3948,پرنٹنگ ٹیکنالوجیک بییہ قسم چھ لیزر پرنٹر۔
3949,یِم چھُ گُروکولا تلیشیپَس پٹھ پھیلاوان، تہ اتھ منز چھِ دواہ تہ متبادل علاجن ہند اکھ مُلک شمل۔
3950,سنٹرل پارکہ کنسرونسی کٔر 1980 کس دہلس پیٹھ 2000 کس دہلس تام سنٹرل پارکہ صاف۔
3951,تالاسری بیریانی چھ قومی برانڈ پٹھۍ مقبول۔
3952,یہِ چھُ بھوُبنیشور، اوڈیشہ، ہندوستانس منز واقع، بھرتی ماتھا نزدیٖک، جمشوار پٹنہِ منز۔
3953,دیوتاہ شکریہ یہِ اوس یہِ ہفتہ دہ دہ۔ ونہِ چھ مینۍ کاشتہ اچھیوٗن ۔
3954,سمیڈجبیکن چھ سویڈن چہِ ڈلارنا کاؤنٹی منز اکھ شہری علاقہ۔
3955,بچاوتھ ایپ استعمال کرنہ باپتھ چھُ اکھ اختیار، ییتہِ تہہ یا توہہِ دکانس منز استعمال کران یا تہہہِ پٹھہ پٹھہِ
3956,ویب 2.0 برونہہ ہیکو انٹرنیٹ صارف صرف ویب پیجن پیٹھ معلومات قبل کرِتھ۔
3957,ییلہ مینس خاندار پارٹی خطر پوشر تہ گژھان، س کم کرنہ ستۍ چھٗ مے پننہِ زیاد سان سانہ دور۔
3958,میزبان شہرچ ناو چھ 7 ستمبر بوسنی آیرس منز 125 ہِم آئی او سی سی سی سی سی سیشنس منز، ییتہِ اکھ نوو آئی او سی صدر تہِ منتخب کرنہ یوان
3959,ہزیرا پتھری کیمیکل پلانٹ آو 1991–92 ہس منز کمیشن کرنہ۔
3960,کینہ باقی جرائم، ییلہ پینلٹی علاقس منز گژھان چھ، چھ پینلٹی شاٹ منز نتیج یوان ییلہ مقصدچ صورتحال چھ۔
3961,یہِ گوو صرف یہِ وُچھان زِ یہِ اوس زمینس پٹھ گژھان۔
3962,یہِ منز چِھ زِیاد کھتہ کم چِھ، لہذا یہِ چھ اکثر امہِ بجایہ منتخب کرنہ یوان۔
3963,یہِ نتیجہ چھُ نظریہِ ستہِ متنازع زِ افراد چھُ اکہِ اکہِ اکہِ فاجشی واقعہ منز مرنہ ۔
3964,یوپنیشڈس منز چھ ز زنانہ فلسفیہ ونان ۔
3965,امیُک مستحکم اپلیکیشن چُھ واریاہ احتجاج، خاص طور اِروم شرمِلا چنُو سندِ طویل گر ہندِ ہُند دُعا۔
3966,تِہِ کٔرِو ستہِ کٔرِو تِہِہِ تِہِہِ تِہِہِ تِہِہِ تِہِہِہِ تِہِہِ تِہِہِ
3967,پنن استفتاد کرنہ پتہ کٔر ویبن بنیدی طور اکھ مصنف تہ فلم ساز طورس پٹھ پننہ زندگی حصل۔
3968,ٹیبرگ چھ سویڈن چہِ جینکوپنگ کاؤنٹی منز جونکوپنگ بلدیہ ہُک اکھ علاقہ۔
3969,سیل فونن چھ ون کال چیک کران، لہذا یہ چھ کانہہہ خطر اکھ پٹھۍ معاف۔
3970,س چُھ فلمہ منز سوڈیپ ساہیرس برعکس پٹھۍ دِنہ آمُت۔
3971,یہ چھ سکوٗلن منز گِنڈنہ آمتہِ ساروے کھتہ زیاد مقبول روایتی ٹیگ گیمو منز اکھ، باقی چھ کابدی۔
3972,نیٹ بال چھ کمونویلٹس آف نیشنل مُلکن منز اکھ مشہوٗر حصہ دار کھیل۔
3973,کلارک کٔر اِدھاوس منز بیشپ، سٹیک صدر تہ علاقیی نمائند کم۔
3974,انانٹن کور یہِ وضاحت زِ کانڈِیاہس کُنہِ ہُند مطلب اوس یِتھ کٔنہِ ژھاننہِ دوران وُچھمُت۔
3975,یہِ اوس موجود تامل ناڈو کین کین کینہہ حصن ہندِس حصن ہندِس ستہِ ہندوستنہِ سرزمینس پیٹھ پوٗر۔
3976,سُمناٹ چھ واریاہ جیوٹیرلنگَن منز گڈنیچ، تہ یہِ چھِ رِگویڈَس منز ذکر کرنہ آمُت۔
3977,گول کیپر چھُ تُہ پننہِ یا تمہِ سندِس ٹیمَن منز نِش نِش نِش نِش نِش نِش نِش نِش نِش نِش نِ
3978,ہایڈ ماسٹر سندِ دفتر آو 2015 ہس منز وِزِ پرنسپال نِنہ۔
3979,امہ علاو چھ یو سی ستۍ گڈنِک ڈگری ریلہ یِنہ یِنہ یِنہِ لوٗکن منز بمِس ترقی ہُند خطر منز ژور
3980,تہہ ہیکہ سوشل میڈیا، ای میل مارکیٹنگ مہمو، ریڈیو ٹریمرز، یا کنہہ باقی قسم مارکیٹنگ استعمال کٔرتھ، مگر تہہہ چھے وضاحت کرنچ
3981,مللی پیٹھہ سڑکہ ہند اکھ شاخ چھ مغربی سکیمس ستۍ رلان۔
3982,سُہ زیوٗن 1936 منز ریڈ ونگز ستۍ تہ 1937 منز سٹینلی کپ۔
3983,اورٹنن کور پینک سرس منز پٹھۍ حملہ ختم۔
3984,زندس کور سٹیشن ماسٹرس پٹھ مدد ژھانچ سفر رکاون، ییمہِ کور مشور زِ تٔمۍ سندِ حالتس منز، ہیلہِ نہ
3985,یہ چھ ٹیلنگنگا ہس منز 10 دہہ تہوار، یتھ منز خری دہہ چھ واریاہ اہم۔
3986,تِمَن یا یِم ہسپتالَن ہُند حملہ کرُن چھِ واریاہن سطحَن پیٹھ اکھ مجرم۔
3987,19 مہِ صدی منز آو شطرنجس منز کُنہِ وقتہ ہُند ضایعہ پٹھۍ تنقید کرنہ۔
3988,جاکوچو سیٹوچی، یس سابقہ ہرومی سیٹوچی ونان چھ، اوس اکھ جاپنہِ بودھست نا، لکھر تہ سرگرمی کار۔
3989,سٹریکر سیبسٹیان کوینٹاناَن کور ٹیم میگِڈَن ستہِ اکھ نووِہ شُٹَن ہُند خرس تایلی گول کیپر ڈونگ
3990,گڈنِک پینلٹی چھِ ٹینبیکھ ونان، دویمہِ پینلٹی چھِ دکی تہ ترییمہِ پینلٹی چھِ گیرروم یُس معیارس منز ناکام گژ
3991,سُہ گُزریو 3 جنوری 1891 پٹھہِ پِنومونیاہ ستہِ ۔
3992,فلمہ منز کینہہ ناو ہندِس سیچینس خطر گوو یہ شوٹنگ پیچولا دریاوَس منز۔
3993,کمپنی ہُند وضاحت چُھ یہِ اکھ سمجی کاروبار چُھ ۔
3994,کیا تہہِ دویو چھِو تہِ مزاحیہ یتھ منز تہِ خرچ تقسیم گژھان چھِ؟
3995,ریڈ بینڈس منز چھ 2008 ہس منز تقریباً 550 طالب علم شرکت کران۔
3996,سی ٹی وی 2 سی ٹی وی ڈیوُ چھ کینیڈاہس منز انگریزی زبان ٹیلی ویژن ہند اکھ نیرورک۔
3997,کھلڑِ پٹھ ریٹائرمنٹ کرنہ پتہ کٔر لیز برنسلی منز نوجوان کوچ کم ۔
3998,ناامید غریب، مشرقی بنگال گوو جلدیہ مغربی پاکستان سندۍ سیسی طور غلبہ۔
3999,بنگلہلہ تہ پاکستان چھ زمیٖنی سرحد تہ سمندری سرحد تہِ شمل، ییلہ زن سری لنکا چھ رام سیٹو ستہِ صرف اکھ سمندری سرحد شمل۔
4000,دنیاہ کن زیاد تر حصن منز چھ کاغذی سائزچ اکھ بین الاقومی نظام استعمال کرنہ یوان۔
4001,"جٹن کور بیورلی جانسنس 22 دسمبر 1977 ایڈیشنس منز ""سوپر ماڈل"" تہِ بیان۔"
4002,بنجمنیک ٹیڈیاس کریز چھُ جنوبی کوریاہس منز گائیڈ سکیئر راڈیم نیورلی ستۍ ریس کران۔
4003,یہِ چھُ یاد کرنہ یِنہ یِنہ یِنہ یِوان زِ ڈی ایچ چھُ انحصارُک تشخیص وچھنہ یوان۔
4004,مختلف زبانن تہ معذور افرادن خطر چھ واریاہ حمایت۔
4005,سُہ چُھ کینہہ مضمونس منز شکر کینہہ خراب اثراتن متعلق ذکر کرنہ آمُت۔
4006,بٔزیٖنڈِس ستہِ چھِ لیوسیان پیچِلس ہندِ آرچین تہ پیلیوپریٹروزیوُک گنیسہِ بناونہ یوان۔
4007,جموں و کشمیرس منز چھ کشمیر ہیند یا پونڈیٹ کمیونٹی تہ کشمیر سِکھ کمیونٹی یِہ تہوار نوو لُن ؤرِ ہُند آغاز نوِ نوِ نوِ نوِ نو
4008,گوہس منز چھ گنیش چتھرتھی کنکانی تہ پاراب یا پاروا ہس منز چوٹھ ناو زاننہ یوان تہ یہ چھ بھادراپاہچ لندِس ریت
4009,جینن منز تبدیلی یِم امیُن نظامک حصہ یا ملانوسائٹسک حصہ چھِ چھِ چھِ چھِ دشونی وِٹِلِگو ستہِ ربطہ آمُت۔
4010,س چھ گری گریفینز کتاب سیریزچ اہم انٹایگنسٹ منز اکھ۔
4011,فلیٹ وارم تہ رینڈ وارم چھ تقریبا پرتھ جنگلی قسمس منز لبنہ یوان۔
4012,مقمی سیسی یونٹ چھِ رِیاڈن ونان، یِم اعلیٰ سیسی اختیارس تحت چھِ یِم شِیمشپ ونان چھِ۔
4013,ہنز بٔڑس حصس پیٹھ اثر انداز کرنہ یِنہ ولہِ سٹرو ہیکہِ ہنزِ بٔڑس حصس پیٹھ بٔڑس ہنزِ زخم ستہِ ہنزِ بٔڑ
4014,مے چھ پننہ شُرِ سندِس اکاؤنٹچ حفاظتس متعلق پریشان تہ کٔرِو بینکَس ستۍ پننہ بچاو محفوظ برقرارنہ خطر طریقہ
4015,پنن صنعتس متعلق اخبارہ خطر آن لائن تلاش کرو تاکہ تہہِ تہہ زاننہ ییلہ تہہ لوکن ستۍ بولان چھِو یوان۔
4016,یہ کامیابی آیہ تمہِ سمندری کھتہ کنہِ مہارت تہ مصنوعات نوآوری ستہِ ۔
4017,ڈرجی اکھ ڈرجی چھُ بدبختی ہُند اکھ غمگین بتھ یا قصہ۔
4018,یہ چھ اہم زِ تہہ پننہِ شمِل ستہِ پننہِ احساسات واضح طور پٹھۍ بتھ ۔
4019,سیمبا چھِ یہِ ابتدیی طور ڈوروا سندِ صلح گژھنہ پتہ نظر انداز کران، تہ شگون چھِ امہِ منز ستہِ محبتس منز گران۔
4020,یہِ چھُ بودیستی نزدیٖک، یُس کلاراشی کاؤنٹی منز چھُ۔
4021,پٔتمہِ چھِ بٔڑِس تروِتھ شملی اُتراکھنڈچ بوٹیہن ہندِ پداونہ یوان۔
4022,2002 منز آو سی ایل ایس 39 رکن تہ سات کرینسی ستۍ شروٗع کرنہ ۔
4023,کینژن ؤرین منز، آو آر آر ایف یو قونوُن آر ایف یو پیٹھ الگ گژھن شروع، خاص طور لاین آؤٹ ہُند ختم گژھنہ ستۍ۔
4024,مے چھ یتھ پیٹھ گژھنہ خطر تیار۔ مے کٔر خاص طور ز مے چھ ز بڈروم اپارٹمنٹک ضرورت، تہ تہہ چھ مے اکھ بڈروم جایہ
4025,افغنہِ سیکورٹی فوج، یتھ امریکہ ہس ستہِ اِجرا کرنہ آمتہِ اِجرا کرنہ آمتہِ چھِ، چھُ ونان زِ افغنہِ من
4026,فیلڈ ہاکی ہُند مقبولیت چھُ ہندوستنہِ ہاکی ٹیم ہُند کم گژھنہ ستہِ واریاہ کم گژھان۔
4027,"کِشوار چُھ ""سپیئر تہ سافرن ہُند سرزمین"" وننہ یوان۔"
4028,یہِ حالتہ منز چھِ شیمن کینن بال استعمال کرنہ ستۍ مٗچھِ مارنچ کوٗشِش کران۔
4029,دنیاہس منز چھ باقی پیشورانہ لیگ موجود، مگر اتھ کھیلس منز چھ نہ بیس بال یا باسکٹ بال ہند بین الاقومی مقبولیت۔
4030,تمہِ سنزِ نوو حِصہ س نہ کانہہ موگلو ستہِ فشِش تہ سہِ مراٹھا ستہِ رُکُن۔
4031,ایسپیرین چھٗنہ یوان کرنہ یِتھہ زِ یہِ ہیکہِ خونچ زیاد امکان بنان۔
4032,پرسلی کھتہ زیاد ذہین، اتھ منز چھ لیکوریسک اکھ لکٹ مز۔
4033,اوپر گنگٹک میدانس منز، خاص طور امین دریاو کین بینکن پیٹھ چھِ موسٹ قبلہ ولۍ کٔمی ولۍ۔
4034,حالانکہِ کورونری ہارٹی ہندِ بیمار چھِ اکثر بڑن بالغن منز اکھ بیمار ماننہ یوان، ٹرنر سنڈرومچ نوجوان زنان چھِ پننہِ 46XX رتہ
4035,پبلک ہیلٹس سروس کٔر 1932 منز تُسکیگی یونیورسٹیس ستۍ تعاونس منز اتھ مطالعہس پیٹھ کم شروع، یُس ألباماہس منز تریخی طور سیاہ کالج چھ
4036,یہِ اوس واریاہن خاندانن ہندِ حکومت یِتھ منز گپتا، وارڈنا خاندان، چنڈیلا، ریوہ، مُغل تہ مراٹھا سندِ سُلنکیس شمل س
4037,مثالہ، انڈونیشیاہس منز پرمبنانس منز بٔڑِ مندرہ ہندِس پیچلس منز چھِ جنوبی ہندوستنہِ ہندِس تعمیٖرِتھ
4038,ڈی سابٹڈ نیٹ چھ 2014 ہچ اکھ ہندوستنۍ ہندی زبانہ ولِس فلم ییمِک ہدایت کری جے پرکاش چھے۔
4039,کیلیفورنیا، امریکہ تہ اونٹاریو، کینیڈاہس منز چھ امیٹر فوج وچھنہ آمژ۔
4040,ٹھیک، مے چھ مالکھمب عملگارن ہند مرمت ستۍ پریشان۔
4041,ڈکن کالج پوسٹ گریڈوائٹ اینڈ ریسرچ انسٹی ٹیوٹک پیشور آو 1821 منز قیم کرنہ۔
4042,عالمی چیمپئن شپ ہنز نہ سالانہ بینڈی ورلڈ کپ مُقابلہ ستہِ گیہِ ۔
4043,پوائنٹ چھِ بنیدی طور مقابلہ ٹیم ہندِس ٹاک ڈاونہ خطر بالس منز تراونہ یا میدان گول خطر مقابلہ کِس گول پوسٹَس منز بال ک
4044,تٔمۍ کور بھندارا پیٹھہ 1954 ہس منز دوبار لوک سابھاس منز داخل کرنچ کوٗشِش، مگر تٔمۍ کور ترییِم مقام (کنگرس
4045,تمام کنٹینر یم مغربی شپنگ خطر استعمال کرنہ آمت چھ چھ چھ سٹیل ستۍ بناونہ آمت تہ چھ تِہندِ آلومینیومِیو ہِندِ مُقابلہ
4046,"2011 ہس تام آو قصبچ آبدی 41،000 ہس تام وضاحت ییلہ زن کمیونٹی ترقی ہندس بلاکس منز آبدی تقریبا 88,500 س۔"
4047,سِندِس مُلکَس منز عام طور پَژھِ لَگَن چھِ سوِین فلو انفیکشن ہُند خطر بڑمژ۔
4048,یہِ چھنہ مطلب زِ یہِ چھُنہ زِ یِم پریتھ یُس دواہ چِھ لگان چھِ، ہِندِس ستہِ ستہِ ستہِ س
4049,1997 منز بنیو ویڈیو گیمسپٹ.com اکہ مختصر وقتس تام ویڈیو گیمز.com۔
4050,تہہ چھُ زانانان زِ بلیک فریڈ چھِ کینہہ اکھ اکھ ڈیل پیش کران، حالانکہ تہہِ ہیکہِ تہہِ لوٗکھَس ستہِ لڑن
4051,دھندھر آبشار چھ بھداگھاتس منز نارماڈا دٔریاوس پیٹھ واقع تہ چھ 30 میٹر اونچ۔
4052,ذتی ناراض یا کانہہ شکایتہ نِش بچو زِ توہہِ چھِو سٹورس منز واریاہ پونسہ خرچ کران۔
4053,اگر توہہِ ساحلس یا بٔڑِ شہری مرکزس نزدیٖک چھِو، توہہِ یہِ ہیکہِ زِیاد معقول یِتھ اگر توہہِ زِیاد علاقس من
4054,اتھ علاقس منز گڈنِک گڈنِک گڈ سۍ ایتروسکین تہ رومن ہندِ ہندِ گڈ۔
4055,اگر تہہِ تِہِہِ تِہِہِ تہِ تہِ یا سندِس بیگس ستہِ آو، تیلہِ تِم آسنہ پتہ بَرِو۔
4056,اِلوپتی دوا یِم أکِس آرتھو ڈاکٹرَس دِنہ چھِ چھِ چھِ واریاہ ضمنی اثرات ۔
4057,یہ چھ انگلیسی ہس برعکس منی سٹریٹ پیٹھ۔
4058,پاکستانس منز دِیوُن سینٹر بورڈ آف فلم سینسرن فلمہِ بالغ سرٹیفکیٹ مگر کینہہہ منظرن پیٹھ اعتراض۔
4059,تاہم، چھ کمپنی یِن پونسہ برونہہہہ خطر اتھ قسمتی سکریٖن ہُند پیش کران۔
4060,سُہ گوو پننہ پیشہ ورانہ پیشورانہ پیشورانہ پیشورانہ پیشورانہ پیشورانہ پیشورانہ پیشورانہ پیشورانہ پیشورانہ پیشورانہ پیشورانہ پیشورانہ پیش
4061,چیزن ہندس پٹھۍ عام حس گژھنہ یوان ۔
4062,مختلف نفاذ چھ عام طور اکھ باقس ستۍ ڈیٹا پاس کرنہ خطر اکھ تہِ رکاونچ خطر یوان ییلہِ تِم کم کران چھ۔
4063,"توہہ ہیکہ ""چارگ بیگ"" حصل کرنس منز کامیاب۔ حقیقت یہ چھ، اکھ چارج بیگ کریڈٹ کارڈ ٹرانسمیشن کران۔"
4064,بندرگاہ چھ عام طور گرینڈ بندرگاہس کھتہ زیاد سیاحتی استعمالس منز وقف کرنہ یوان۔
4065,یہ چھ نریمنگالم پیٹھ پانمکٹی تام پیریار کِس چینلس ستۍ شمالس منز ختم گژھان۔
4066,یہ چھ مُلکُک ساروے کھتہ پرتھ ریاستہ کنہِ پبلک بس ٹرانسپورٹ سروسو منز اکھ۔
4067,پننہ آواز تھووے تھوووِو، ییلہِ دوستی باقی چھِ، تہ تٔمۍ یا تمہِ سندِس زاننہِ زِ تہہِ چھِ نہ
4068,یہِ ٹھیک کرنہ خطر کٔر IEEE آیی پی وی 6 بنو یتھ منز مزید ایڈریس س۔
4069,فرینڈن کور خیال ز نوجوان شُر چھِ اِدِس طرفہ حکومت کران۔
4070,امہِ ہندِس واریاہ چیلنج اوس پتہ باقی گیم شوَن خطر استعمال گژھنہ آمُت اہم خیال۔
4071,درجہ حرارت چھِ سیٹھاہ تھودِی تہ زیاد كھٹہ كھلوِتھ ستہِ بَگَر بَگَر ۔
4072,سُہ چھُ بین الاقومی سطحس پیٹھ ترقی تہ برننز تجزیہس پیٹھ پننہ تحقیق خطر مشہور۔
4073,تاہم، پولی علاقن منز، چھِ موسمس منز طلوع تہ طلوعس درمیان وقت زینہہ دشونی گھنٹہ کھتہ زیاد گژھِتھ۔
4074,"صرف کُنہِ گھنٹہ پتہ، کٔر شِنہوا نیوز ایجنسیَن رپورٹ زِ حکومتکِس اہلکارَن اوس تِمَن وون زِ 15,000 س مُمُت۔"
4075,یہِ کٔر ہندوستانس منز موجود شہری معاشرچ بٔڑِتھ، ییمہِ قبلی مسلن ہندِ مسلن ہندِ جواب دِنہ شروع تہ لوٗکن ہندِس
4076,2006 منز کٔر تٔمۍ یورو سیریز 3000 کس دویمس نصفس منز ریس۔
4077,میم کٹ اوس گڈنِچ گڈنِچ پٹھہِ ہندِس تہوارس منز وقف کرنہ آمژ، ییلہِ زن پاول کٹن کٔر زراعت ہند
4078,جانورن منز چھ کینہہ آرٹروپڈ تہ سپنگس تہ باقی گروپن ہند نایاب نمائند شمل۔
4079,سُہ چھِ ہارورڈ یونیورسٹی منز ایندریو ای۔ فوررس پروفیسر ایونیکس۔
4080,آررینڈیل پروسیسرن چھِ انٹرویو گرافکس کیفیات مگر صرف ز پروسیسر کور۔
4081,لکٹن وِندھیہ رینج تہ پلیٹو علاقہ چھ جنوبی منز۔
4082,یونیورسٹی کیفیٹریا ہس منز کھتہ س اکھ وضاحت۔ مے اوس نہ یہ توقع ز یہ اوس اتھ ہیکہ اکھ اکھ۔
4083,پارکر، کولورڈو: پارکر چھ ڈگلاس کاؤنٹی، کولورڈو ہس منز اکھ قصبہ۔
4084,گڈنِکن پانژ مسلہ منز سہِ پرتھ مسلہ منز ز قصہ۔
4085,گیلبرٹ، آرکنساس: گیلبرٹ چھ امریکی ریاست آرکنساسس منز اکھ قصبہ۔
4086,یِم چھِ کھیلَس منز پیچیدگی شمل کران تہ نیوکومب کِس واریاہن باقیِ قسمَن ہندِ کھتہ کھتہ کھتہ کھتہ
4087,ساؤنڈ ٹریک البم آو ڈیو سچین-جگرن ہندِ بنومژ، یتھ منز جائیڈےپ ساہنی ہندِ لگہ سۍ لکھنہ
4088,تریخی طور، کُمبھ ملاس تہِ بٔڑ تجری واقعات، یتھ منز اکھراس، دعا تہ کمیونٹی گندن، روحنی بحث، تعلیم تہ اکھ شوٹہ خ
4089,دیون نیٹ بال چھ سپریٹنس منز، دیون پورٹس نبر۔
4090,گولشان دیوایا آو انٹایگنسٹ بھوانی ہند کردار ادا کرنہ خطر وچھنہ آمژ۔
4091,یِمَو منز گڈنیُک آو برطانیہس منز مکمل کرنہ ۔
4092,ابتدیی کمپیوٹر ساینسٹسٹن ہند اکھ مقصد اوس شطرنج گِنڈنِک مشین بناون۔
4093,فرار کرنہ خطر، گروپس چھ میٹ وے ٹوکن جمع کرنہ یوان ییلہ بجلی ہندس فراہمی منز اضافہ گژھان چھ۔
4094,اگر تہہ ایوارڈ حصل کرِو، یہِ ستہِ ستہِ ستہِ ستہِ چھِ یِہ ہندِس ضروُرت۔
4095,ویکیپیڈیا آیہ 15 جنوری 2001 لری سنگر تہ جیمی ویلزن قیم کرنہ۔
4096,میس زاو 2 دسمبر 1931 اوکلینڈ، کیلیفورنیاہس منز۔
4097,احتجاجس پیٹھ چھِ ستہِ جمع کرنہ پتہ کور رہنماو نمکچ طاقت اکھ علامت پٹھۍ محسوس۔
4098,بچاوتھ ہنز کوششو چھ شدید بد موسمہ ستۍ مشکلہ ستۍ روٗد۔
4099,یہ چھ زند پٹھہ کرنہ یوان یم نہ کاربن چھ۔
4100,مے چھ اتھ تھولِس احساس ییمیک ہیکہ بہ تہہِ کیریئر تہ ذتی زندگی متعلق کنہہ غلط وضاحت یا پوچھژھِتھ ۔
4101,تاہم، سُہ خرِینہِ آو ربطہ قبول کرنہ۔
4102,2015 پٹھ چھُ یہِ اطلاع دیتہِ زِ پاکستانس منز سہِ 68 ٹرانسجنڈر لوُکھ قتل کرنہ آمُت۔
4103,رپورٹَس منز وون زِ تقریباً 1505 گھر تباہ گژھان تہ 7600 کھتہ زیاد گھر تباہ گژھان۔
4104,انوُڈ، آیووا: انوُڈ چھُ امریکہ کس آیووا ہس منز اکھ شہر۔
4105,یہِ قسم چُھ نایاب تہِ ونان تہِ تہِ چُھ آبس ستہِ رٹاکس پیٹھ گژھان۔
4106,"ٹرکیی ٹرانسپورٹچ وزیر بنالی یلدرمننن کور یہِ ضرِفچ خصوصیت ""تہِہِ ہنزِ رفتارچ اکھ مثال""۔"
4107,تم چھ تمام پرندن ہند ساروی کھتہ زیاد آواز منز، یم پٹھۍ تہ بلند آواز سان وول چھ۔
4108,پکاسا چھ فوٹو ہند انتظام تہ ترمیم کرنہ خطر اکھ سافٹ ویئر ایپلیکیشن۔
4109,ایم وی ایم وی چھ کریڈٹ کارڈ تہ ڈیبٹ کارڈن خطر اکھ معیل پروٹوکول۔
4110,پتہ چِھ تِم شُمالس منز گژھان تہ برنگ سمندرس پیٹھہ نومس تام گژھان۔
4111,"تٔمۍ کٔر یہِ وضاحت زِ ""یہِ چھٗ صرف یتھہ ہیکہِ تہہِ محبت کرنہ دوران نیشنل پوسٹ لچھنہ یوان ۔"""
4112,ہاکی پوکس چھ روبر ہند ہارڈ ڈسک یم ییلہِ ییلہِ ہاکی گِنڈنہ خطر عادی چھ یوان چھ۔
4113,یہ چھ نہ شُرِ پٹھہِ ٹیسٹ کرنہ آمُت تہ چھُنہ شُرِ ونہِ ونہِ ونہِ ونہِ ونہِ شُرِ پ
4114,واریاہ جایہ چِھ ٹرم تہ ٹرین عومی نقل و حملک اکھ شکلہ پٹھۍ استعمال کران۔
4115,1902 منز آو پلاٹ ایمیڈمنٹ کوبن ریاستچ آئینس منز شمل کرنہ۔
4116,کینہہ کمپیوٹر بینچمارک چھ سی سی یو یا جی پی یو ٹیسٹ کرنہ خطر۔
4117,ناگہ کٔر مے مڈفیلڈس منز دہِ امیسلَس ستہِ اکھ طویل پاس، ییمۍ جسی اوونز سندِس رفتارس ستہِ
4118,ورما چھ میڈیا کمپنی، برانڈ، کارپوریشن تہ یونیورسٹین خطر مواصلات، پی آر تہ مارکیٹنگ مشور فراہم کران۔
4119,یہِ کانونشنچ ضِیافتن خطر چھٗنہ كورِتھ كورِتھ واقعہ ۔
4120,1987 منز آو سُہ گڈنِکِس ورلڈ فڈ پریس اعزاز دِنہ ۔
4121,جنگس منز آو شطرنج یتھ کٔنۍ آرون نِمزوچ تہ رچرڈ رٹی ہِندِ نِو نظریہ ہِندِس سکولَس منز انقلاب۔
4122,ایف ایل یس نسبی بے قسمس منز شروٗع مگر خر پٹھۍ، ای بی سی ٹی وی نیٹ ورک ستۍ اکھ ابتدئی ٹیلی ویژن معاہدہ ستۍ، تی
4123,مثِل افراد تہ تِہندِ خاندانن ستۍ ذتی مہارتن تہ ربطن پیٹھ احتیاط سان ترقی کرنچ ضروٗرتس متعلق مشور کرنہ ہیکہِ سمجی ان
4124,پنسلوینیا ڈپٹیشن آف ٹرانسپورٹشن ہندِ ریکارڈ چھُ ہندِ اشار دِوان زِ 180 ہیلمٹ وولنگ موٹر سائیکلسٹ گُزریو 2004 تہ 2005 ہس من
4125,دویمہِ واقعہِ منز، ییلہِ چندرگپٹا الکسانڈر سندِس جنرلن ستہِ جنگچ تیری کران اوس، اکھ بوڑ جنگلی طیارہ اوس
4126,خونِ ہُند دباؤ کم کرنہ ستہِ چھُ واضح طور ہُند اِستھمِک تہ ہیمورگگک سٹریکہ دشونی رُکُن بچاونہ خ
4127,علاماتن منز ہیکن اعصابی نظامک اثرات، جگرچ غیر معمولی، تھکاوٹ، عضلات ہند کمزور، بتھ تہ جلدچ تبدیلی تہ باقی شمل ستھ۔
4128,تمو کور پٹھۍ فاینلس منز منیچر سٹی شکست۔
4129,مے ہیکہ نہ آرری منز گڈنِک نمبر پایتھ ۔
4130,یِہِ ہندِ ژنہِ ہندِ ژنہِ ہندِ ستہِ چھِ ستہِ تہ خر مرنہ ستہِ و
4131,یہِ اوس تنگ خاندانس دوران مشکل وقتن پیٹھ تہِ منعکس کرنہ آمُت۔
4132,امپری قعلہ ہند خراب چھِ کڈاپککم، سمندرچ منظر ولِس مَنز ممل پُرم پیٹھ 50 کلومیٹر دور اکھ گام۔
4133,مے! تہہِ کنہِ تہہِ مے دکانس منز دھوکہ کران، مے اوس اتھ متعلق واریاہ غمگین۔
4134,اودیپس پیچلس چھ ییلہ اکھ لڑک پننہِ ملِس پیٹھ حسد کران چھ۔
4135,برینڈور آو اکیڈمی ایوارڈ خطر نامزد کرنہ تہ زیوٗن گولڈن گلوب ایوارڈ۔
4136,کمپنی خطر اکھ بولن ونان زِ اوس 35 ملین کوبی میٹر ہندِ اکھ مٗمکِن کمزور ۔
4137,جیٹنس آیہ ایس آر اے اے خطر بم، آرسینل تہ باقی ہتھیار بناونہ خطر پوٗر۔
4138,کمپنی کٔر 1982 منز متعارف کرنہ آمتہِ تقریباً 22 ملین کمودور 64 مشین تہِ کٔرِتھ ۔
4139,گڈنِچ دورس منز، پینگوئنزن کور ایوگنی ملکن پاور پلی گولچ 1-0 ہُند قیادت، یتھ منز مارک ریکچی تہ سیدنی کراسبی مدد کٔر
4140,شملی بجلی ہندِ پٹھ چھِ شملی لگ بجلی منز تبدیل کرنہ پٹھ مبنی۔
4141,سپایراے ٹیتیفولیا ہنز اکھ قسم اوس مقمی امریکیو کھتہ آمتہِ ۔
4142,1977 منز کور تٔمۍ سِلور سٹونس نزدیٖک ایسٹون نیسٹن منز ہسکیٹ ریسنگس منز شمل۔
4143,مشرقی آرتھوڈوکس تہ پروٹسٹنٹن چھِ واریاہ یِتھ چیزن مانان۔
4144,امہِ ستہِ کور تٔمۍ پلوواہو ستۍ چالوکیاہ سنز گڈنِہ کمزور کرنہ تہ کالیاسناٹا مندرس منز فتح کِ
4145,کینہہ لکٹ یا کمل تہ پلو جمع کرو۔
4146,ترین فہرستن منز پرتھ (تقریبی، صفحات، میڈیا فائل) چھٗ اوپر وضاحت کرنہ آمتہِ ترتیبس منز ترتیب دِنہ یوان (مگر زِ، م
4147,کینہہ چھ ہارڈ ڈرائیوس پیٹھ ذخیر ڈیٹا خراب کرنچ کوشش کران۔
4148,یہ شہر چھ یونیسکو ورلڈ ہریج سائٹس ایمر فورٹ تہ جنٹار مانٹر تہِ ہاؤس ۔
4149,نوجوانہ ہندِس حاملگی ہُند ساروے کھتہ کم سطح چھ جاپان تہ جنوبی کوریاہس منز۔
4150,آب چھِ پننہِ برکت حصل کرنہ خطر (آرکا) چُھ دسہِ (چندرا، چُھ دسہِ دیوتا) پیش کرنہ یِوان۔
4151,سُہ آو مارچ 1623 ہس منز بیلوچ پوُرس منز شکست دِنہ ۔
4152,"فلم فایہ ہندین انتقبیو کور فلمہِ ""بہ ذہین ایشن ٹرلر"" پٹھۍ تعریف۔"
4153,یہِ چُھ سعودی عرب کِس بادشاہ فاسلَس پٹھ ناو آمُت۔
4154,اکہِ خرچ یا کمزور اثاثہ پیٹھ اکھ منافع آزاد قرض ہیکہِ خراب قرض۔
4155,بینڈی ہندِ زیاد غیر رسمی قسم تہِ چھِ موجود، یتھ کٔنۍ سندِ طرفہ بینڈی یتھ منز قدری سائز گول کیج چھِ مگر کورنر سٹروکس نہ
4156,جاپانس منز چھ جنگچ ٹگ سکول سپورٹس تہوارن ہند اکھ قسم۔
4157,سٹرم گریز، پتہ فرانسس منز سوچوس تہ سوئزر لینڈس منز گرینچن خطر۔
4158,کینیڈاہس منز چھ یہ واقعہ کینیڈین کینسر سوسائٹی ہند طرفہ منظم کران۔
4159,راجکمر س اکھ مشکل لوٗکھ، میجر ماکسویلن کور توجہ تہ تٔمۍ دِیوُت تھوچ تشویق۔
4160,لوکارڈ تہ نارتن چھ دشوے ورلڈ چیمپئن شپ زینان تہ پرتھ چھ ای سی ٹی طرفہ ستۍ مجموعی طور دس قومی چیمپئن شپ زینان۔
4161,مگر نصف وقتہ پتہ ایڈریانو سندِ اکھ گول بدلو یہ تہ کٔرِو اکھ زیاد حملہ آور گیم خطر۔
4162,میگھالیہ چھ اکھ سرزمینس منز قبل ریاست یتھ منز دور علاقن منز واریاہ لکٹہ مقبوُل چھ۔
4163,اکہِ راتہ، آنا تہ أمہِ سندِ ستہِ ساتھی، یُس تہِ أمہِ سندِس بوی فِرِینِس تہِ چھِ، چھِ من
4164,سُہ چُھ نہ کُنہِ مُلک۔ سُہ گژھِو زیاد بُڑِتھ ییلہِ مے اوس سُہ ستہِ ستہِ بَڑِتھ کھ
4165,فروری پیٹھ اپریل تام چھ ریتھ پارکس منز دور کرنہ خطر اکھ اکھ ۔
4166,یو سی خطر چھنہ کانہہ براہ راست وجہ زاننہ یوان، مگر جینیات، ماحول، تہ اکھ زیاد فعال ایمن سسٹم ہندِ عوامل چھ اکھ کردار ادا کران۔
4167,گپھ نظامچ لابی رٹنہ چھ تہہ پریشان تہ خوفزد محسوس کران۔
4168,گواسکرن کور گڈنِچ ٹیسٹس منز 89 تہ ڈنڈنِچ منز 97 گول، ییمہِ ہندِستانن ہندِس مطابقتس منز ح
4169,یہِ مندر چھُ ہیندِ خانددار بھگوان بملشوارس مُعزِل۔
4170,ییلہ ریاست تہ شہر چھِ رکاونہ خطر مخصوص بنیادن ہُند مطالبہ کران، یِم بنیاد چھِ عام طور واریاہ بنیدی۔
4171,یہِ چھِ متبادل محبت تہ محبت ہند علامتچ اظہار۔
4172,یہ اوس کمدی سٹریپ تہ ٹیلی ویژن شوس منز دشوے چلان۔
4173,مے چھس پٹھۍ پریشان ز ماڈیولر کینچ پیمانس ہیکہ نہ درست، تہ کیبینیٹ چھٗن نہ اکھ خاص کمرس اندر مکمل طور مطابقت۔
4174,ہندوستانن چھ کمونویلٹس گیمن ہند تمام مگر ژور ایڈیشنن منز مقابلہ کرنہ آمژ، یس 1934 منز دویم گیمن منز شروع گژھان۔
4175,تٔمۍ کٔر جرمنی تہ شُمال فرانسس منز سیکھنچ واریاہن سینٹرن منز سفر تہ مطالعہ۔
4176,ساروے کھتہ عام پیچید چُھ سیفیلٹِک ایورٹائٹس، ییمہِ ستہِ ایورٹِک ایورٹِک ایورِسم شکلچ نتیجہ ہیکہِ ہ
4177,تہہ ہیکہ کینہہ تہہِ ہُند ذٔریعہ کٔرِتھ، یتھہِ یِہِہ ؤرِہِ خاندنی ہُندِس ر
4178,این اے اے چھ نیشنل ٹایچر ڈے ہُند اکھ تریخ دِوان: ٹایچر ڈے ہُند اصل چھِ پریشان۔
4179,خاص طور، کونسلن کور نہ یہ فیصلہ ز ایسٹرس چھِ بتھ دہسہِ گژھان، مگر یہ اوس تقریباً پرتھ کُنہِ پرتھ کُنہِ عمل۔
4180,ونہہِ امریکہس منز صرف براہ راست پرواز چھُ پراویٹاییر پیٹھ۔
4181,برطانوی پارلیمنٹس منز چھ 650 پارلیمنٹ یا ایم پی رکن۔
4182,اگر س چلی انگون ہندس واقعہ ستۍ غلط گژھنہ یوان چھے، توہہ س جیلس منز سات ؤری تام خدمت کرنہ خطر سزا دِ
4183,"یہِ رپی چھُ ""مرکُر لاین"" تہ ز علامت 4 میٹر (13 فٹ) ستہِ مرکز لاین کِس کنہہ طرفہ ستہِ علامتہ یوان۔"
4184,کینہہ ایپ ہیکہ مفت ستۍ ڈاؤن لوڈ کرنہ ییلہ زن باقین چھ اکھ خرچ کرنہ یوان۔
4185,"2010 منز کالیفرنیاہس منز 10 بچہ مرنہ تہ صحتک حکامن کور 9,120 مہِ ہِندِس معاملس منز اکھ ایپیمِک اعلان۔"
4186,س چُھ پننہِ بٔڑِ مجسمہ تہ رنگہ ہند استعمال کرنہ خطر مشہوٗر۔
4187,سُہ اوس گڈنِچ باربارا اینجیل ستہِ خاندر کرنہ آمُت تہ تِمَن کور 1980 منز طلاق۔
4188,جنوری 2020 ہس منز، تٔمۍ گٔیہ ایتالیایی سیریز اے کلب سمپڈوریا۔
4189,مے چھِ زِیاد ملنہ تہ حصل کرنہ ہندِ سرگرمی متعلق پریشنی ہنز حس محسوس کران زِ یہِ چھنہ ستہِ آسان گژھان۔
4190,پُنگابس منز چھِ 1947 ہِس ہندوستنہِ پارٹیشنس پیٹھ مبنی دنیاہچ گڈنِک میوزیم تہِ، یتھ پارٹیشن میوزیم ونان چھِ۔
4191,فایرفایٹرن کور واریاہ لوُکھ بچاونہ خطر کشتی استعمال۔
4192,برطانیہَن کور اکروتیری تہ دِکِلیا ہُند فوجی اِستاد اِستاد علاقہ پٹھۍ حصِل۔
4193,1858 منز دِلہِ منٹر مُنزِ مراقبہ آو لڑایہ منز خراب کرنہ۔
4194,"سیفِلس چھُ ""بڑا نِش"" وننہ یِوان یِتھ کٔنۍ یہِ ہیکہِ واریاہن باقی بیمارن ہِندِ علامت ہِند وجہ بنِتھ۔"
4195,پام اوس البامہ کِس أکس سٹورَس منز اکھ کم کار ۔
4196,"اُتراکھنڈس منز چھ سڑکن 2,683 کلومیٹر (1,667 میل) ، یِمن منز 1,328 کلومیٹر (825 میل) قومی ہائی ویو تہ 1,453 کلومیٹر (959 میل) چھ ریاست"
4197,گڈنِچ سَبرِ بتھ سہِ فلمہِ منز استعمال کرنہ آمُت۔
4198,ٹایفائیڈ فیور، یتھ ٹایفائیڈ تہِ ونان چھ، چھ اکھ بیمار یس سالمونیلہ سیروٹائپ ٹایفی باکیٹریا ہند وجہ چھ۔
4199,تٔمۍ گِیُن یوگوسلاویین قومی طرفہ خطر تہ آیہِ 63 بار وچھنہ تہ کور مجموعی طور 38 گول۔
4200,مقبول عقیدن ہند برعکس، تِم چھنہ اجباری۔
4201,یہ منصوبہ چھ کندوا ضلعہ، مدھیہ پردیشس منز پوناسا گامس نزدیٖک واقع۔
4202,یہِ بیمار چھُ گڈنِچ ساروے کھتہ زاننہ آمتہِ زاننہ آمتہِ ہندِس ملِس منز 15 مٗتہِ قبل
4203,سوننہ خطر بیمار: سوننہ خطر بیمار، یا افریقی ٹریپانوسومیاسس چھ اکھ انفیکٹیو بمژ۔
4204,پننہِ سکول ہنز تعلیم مکمل کرنہ پتہ گٔیہ تٔمۍ نیشنل انسٹی ٹیوٹ آف انجینئرنگ تہ 1967 منز بجلی انجینئرنگس منز ڈگریس ستۍ گ
4205,کھینچ ژھاننہ خطر ہیکہ کرمورینٹ ژھنچ ژھنچ ژھنچ ژھنچ ژھنچ ژھنچ ژھن
4206,روٹ لینڈ چھ امریکہ کس آیوواہس منز اکھ شہر۔
4207,سالانہ اوسط درجہ حرارت چھ 25 °C؛ ریتہ منسط اوسط درجہ حرارت چھ 13 پیٹھ 32 °C تام۔
4208,یہ چھٗ پوٗر پننہِ پل چیک کِس سائزس پیٹھ منحصر تہ تہہِ چھٗ کتنا کھتہ کٔمیو گڈن، پلو تہ یِتھہِ پی
4209,کیرالہ منز یوتہِ اِندِیٹڈ ڈیموکریٹک فرنٹچ قونوُن چھِ، پارٹی ہندِ رہنما اہم کابینہ وزیر منتخب کرنہ یوان۔
4210,زِیاد وزن ولۍ لوٗکھ تہ زِیاد وزن ولۍ لوٗکھ ہیکہ سیلولائٹس آسان ۔
4211,اتھ مُقابلہ منز، 7 جون کور تٔمۍ چینی ٹایپی یس خلاف شروٗعات۔
4212,وجی سنگھ مطبق چھ یہِ تامل تہ تیلگوُ ہس منز ہندی فلمہِ خطر ساروے کھوتہ زیاد ریلیز تہ بین الاقومی سطحس منز کانہہ ہندی
4213,کینساس سٹی ہند پیشکش منز چھ 276 ملین ڈالر ہند مفت کرایہ شمل، یُس ونسہِ تہِ تعمیر کرنہ یوان چھُ۔
4214,یہِ چھُ 2015 ہس منز عالمی سطحس منز 200 کھتہ زائرنہ آمتہِ ویب سائٹس منز اَکھ۔
4215,تٔمۍ کٔر بوکسار کس جنگس منز ایسٹ انڈیا کمپنیس خلاف تہ لڑان۔
4216,ساد فید چُھ اہم فید ہند تعدادہ ستۍ فید ہند زیاد کرنہ ستۍ محاسِل کرنہ یوان۔
4217,یِہِ پانژھ دہہِ مِلہ، یُس دوشرا برونہہ ژور دہہ شروع گژھان چھ، چھٗ یِہ منز ترتیب دِنہ یِوان۔
4218,2002 تہ 2005 ہس درمیان آو پٹیل کینہہ ٹاک شو منز ظہر کرنہ یتھ کٔنہِ رینڈیوز سمی گریوال تہ دی منیش مالھوترا شو ستۍ۔
4219,پننہِ بہن ہندِ مرنہ کہ خبر ستہِ وُچھنہ پتہ آو ہومایونس غم ستہِ زیاد۔
4220,آئینچ حصہ بننہ خطر چھ 27 اضافی تصدیق ضٔروٗرت۔
4221,یہ فلم آیہ 12 اکتوبر 2012 پوٗر دنیاہس منز ریلیز کرنہ۔
4222,واریاہ کامیاب گژھنہ باوجود چُھ کیرالہس واریاہ چیلنج یِتھ کٔنۍ زیاد سطحہ بے روزگاری یِم معاوضہ زیاد تعلیمی زنانن، عالمی سطحس منز زیاد
4223,سُہ چُھ سٹیجَس پیٹھ بِگ مین وننہ یوان ۔
4224,کمونویلٹ گیمن برونہہ، پرمودن کور پننہ معمول 55 کلو گلو بجایہ 51 کلو وزن کلاسس منز گیٹاس مقابلہ کرنہ خطر زور۔
4225,مہاسیدھ چھ حقیقی لوٗکھ یم پننہ روحنی عملہ ستۍ جاد طاقت حصل کورمت۔
4226,سوال آو زِ مِلیریا چُھ وٹامن اے کمزورچ سبب بنان، یا وٹامن اے کمزورچ وجہ چھِ مِلیریا ہُند شدیدچ ملکچ حصہ بنان یا د
4227,تاہم، وِرا چھُ مہابیرس ستہِ روزنہ خطر انکار کران تہ زور دِوان۔
4228,سفید خون ہندِ خلیہ ہند زیاد تعداد چھِ پلمونری ہایپرپرٹینس منز ولِتھ، یُس پُرتوسس سندِ مرنُک اکھ اہم
4229,کُسمالہَن پتہ گوو شوٹنگ کرنہ تہ 1976 پٹھ 1988 ہَس درمیان زیننہ ز گولڈ تہ ترے سِلور میڈل۔
4230,یہ اوس سنگری سریینواس خطر سالانہ ہیرکٹ دہ۔
4231,رولر ڈربی چھ 30 منٹچ ز دورس منز گِنڈنہ یوان۔
4232,یہِ گوو 21 اکتوبر 2017 ہس منز کھولنہ تہ یہِ چھُ ڈاونٹ ٹاؤن لاینس پیٹھ۔
4233,کاللی، کالواڈوس کاللی، کالواڈوس چھ اکھ سابقہ کمیونیا۔
4234,تِم چھِ کینہہ وقتہ پتہ دوبار کرنہ یِنہ یِنہ یِنہ یِنہ یِنہ یِنہ یِنہ یِنہ
4235,1800 کس دہلس وسطس تام سہِ انمالی منز والپرایے پلیٹوُک بٔڑۍ ٹریکٹ قدرتی جنگلات ہندِ جنگل ہندِس تباہی پتہ شدید چائے یا کافیی کِ
4236,تِمورَس ہُند حملہ کٔرِتھ تُگلاک سلطنت مزید کمزور تہ کینہہ علاقییی سرکار آزاد بننُک اجازت، ییمہِ ستہِ گجرات
4237,روایتی تامل گرامرس منز چھ پانژھ حصہ، یتھ منز چھ ای نووٹوٹو، سول، پوروٗ، یاپُ، اَنا۔
4238,سنگرن کور 2002 ہس منز ویکیپیڈیا ترو تہ 2007 ہس منز سیٹزینڈیومس اکھ مکمل پروجیکٹ قیم یتھ منز ونہ 4500 مضامین چھ۔
4239,ایسوسی ایشن آف ایمیج کنسلٹنٹس انٹرنیشنل (ایسی ایییی) چھ اکھ آزاد تنظیم یس فیشن انڈسٹری منز ذتی خریدارن ہنز تصدیق کران چھ۔
4240,کرشن اور کانز چھ 2012 ہچ اکھ ہندی فلیش انیمیشن فلم یس ریلینس انٹرٹینمنٹ کہ طرفہ پروڈیوسر تہ تقسیم کرنہ یوان چھ۔
4241,کلاس 165 چھ ٹرین ہند نیٹ ورکر خاندانن ستۍ تعلق۔
4242,کوک تہ بال ٹورچ کم چھ پینس یا سکرٹم قبل کرنہ ستۍ کم کران۔
4243,برہما جینالایہ، یتھ کُنہِ کُنہِ لکنڈی ہُند گرٹیٹر جین مندر ونان چھِ، چھُ 11 مہِ صٔدی ہُند اکھ شُروٗعات
4244,اداکارن منز چھ جو شِشِڈو، کوجی نانبرا، ایشو تامگاوا تہ انو ماری شمل۔ یہ اوس نِکٹوسو دِنہ آمُت۔
4245,صرف ڈسلفیرم لگان چھ عام طور شراب پکانچ بچنہ خطر کافی نہ۔
4246,ماجہِ ہندِ بی 12 حیثیت ہکہِ شُرِ پتہ صحتک تعینس منز اہم گژھِتھ، یتھ پونہِ ہندِس ملِس نِوٹ
4247,تمہِ سندِ سندِ کور گارگی چُھ نیبر گژھان تہ خاندانس ونان زِ س چُھ پننہِ لڑیی دوست سمیرس ستہِ روزنہ
4248,1994 منز کٔر باجستان دانن باکس گروے کیری مقامس منز کم ہومینن ٹیبیا ہس منز اکھ کم ہندس بتھ تیار۔
4249,سُہ اوس 2000 پٹھ 2004 تام جارج مقمی بلدیہ ہُک ایگزیکٹو میئر۔
4250,پرتھ مرحلس پیٹھ چُھ گیم رپنگ استادس ستۍ پی آر پی پی پی پی پی پی پی پی پی پی پی پی پی پی یس منز تبدیل گژھان۔
4251,"مرکزی بیسن منز چھ واریاہ زیاد ذخیر یم 2,883 مربع کلومیٹر (1,113 مربع میل) کھتہ زیاد پھیلاوان چھ۔"
4252,آبس منز اکھ ناگہ وچھِ ہُند ظہرہ کٔرِو تِہہ خوفناک۔
4253,باقی سِکھ چھ یہِ رپنِچ تہوار پٹھۍ علاج کران، تہ یہِ چھِ ز رنگین پلو ہندِس پلوسہِ پٹھۍ خوشی سان جشن منز روزان
4254,یہِ ڈیزائن اوس ایل وی پیٹھ مبنی تہ یہِ پروجیکٹ گوو 1980 کس دہلس منز شروٗع۔
4255,مختصر انٹرویو پتہ کور تٔمۍ اپریل 1984 ہس منز سیگا خطر کم کرنہ شروع۔
4256,کُنہِ کُنہِ کُنہِ لَگہِ اَکھ شخص یُس بَلڈر انفیکشن سہِ یِنہِ یِنہِ رِنہِ انفیکشن حصل کرِ
4257,تِمَن چِھ ونان زِ تِمَن کس طورس پیٹھ بجٹ تہ ذہین طور خرچ کرنہ کٔرِ۔
4258,ہندوستان کین زنانن منز سۍ حالیہ 2011 فی بی اے ایشیا چیمپین شپ منز زنانن خطر پننہ بہترین نتیجہ ییلہ تم شییمہِ مُکمل گٔیہ۔
4259,مے اوس حیران ییلہ مے پیکیج کھولمژ تیلہ یہ اوس اکہ طرفہ پیٹھہ پھیرنہ آمتہِ!
4260,دتسیوک زیوٗن پننِس گڈنِکِس ؤرِس منز رڈ ونگز ستۍ سٹینلی کپ۔
4261,تِہِ ؤرِیَس منز آو فرانسیسی ڈایریکٹر جین رینویر پننہِ فلم دی ریور شوٹ کرنہ خطر کالکٹا۔
4262,تٔمۍ کٔر سینیئر سِل سرِنٹ تہ زراعت ہندِ ماہر تہِ کم۔
4263,سُہ چھُ میشل اینگیلو سندِ کم ستہِ پننہِ اتحاد خطر یاد کرنہ یِوان ۔
4264,اولہا دٔریاو چھ مہاراشٹر، ہندوستانس منز اکھ دٔریاو۔
4265,زیاد تر میکسیکو چھ نژادی طور میسیزو، ہسپانوی تہ مقمی امریکی ہند اکھ مرکب۔
4266,س چُھ نیوزی لینڈ کِس لوئر ہٹُک مقمی ۔
4267,سروس ستۍ مولِہ معلومات چھ ٹیلی فون ڈسپلے سکرینس پیٹھ ہاونہ یوان۔
4268,یہِ چھُ انڈینڈچ قومی اہمیت ہندِ یادگارن منز درج کرنہ آمُت یتھ منز کوڈ این ایم پی-90 چھُ۔
4269,لیسٹن پکٹن کور جونز 100 میٹر برسٹسٹ سٹروک ٹائٹل حصل کرنہ خطر اکھ ترووِتھ ۔
4270,جنماشتمی پٹھ چھ اکھ عملہ دھاکھہ مندر دھاکھہ، بنگلہگک نیشنل مندر پٹھ شروع گژھان، تہ پتہ چھ یہ قدیم دھاکھہ سڑکن
4271,راج ریڈے چھ اکھ مشہوٗر بھرتناٹیم تہ کوچپودی رقصگار۔
4272,بہترین نتیجہ چھ واریاہ نوجوان لوٗکھ ستۍ۔
4273,2001 منز، امریکی حملہ ستۍ کٔر زنانن دوبار کم شروع کرنُک اجازت۔
4274,اکھ پرائیویٹ پریمیری سکول، سینٹ لورنسیز پریمیری سکول۔
4275,1347 منز ٹگلوکس ہند تباہی پتہ گُلبرگاہک مقمی بحنی سلطنت حصل، ییمہِ منز 150 ؤریہ تام علاقہ حکوٗمت کٔر۔
4276,ایڈورڈن کور 2007 تام عیسیی معزز شو سونگ آف پریس ہند اِجرا۔
4277,یہِ ماننہ چھُ یوان زِ یہِ قدیم قلعہ چھُ جموںو، جموںبو لوکن سندِ رودی بنیدی بندِ بہن بھو لوکن بناونہ آمُت۔
4278,کنوینٹ خطر زمین آو کوزیما میڈیچی کٔر فریرس دِنہ۔
4279,لوٗکھ چھ بیمار شخصس ستۍ براہ راست، نزدیک ربطہ ستۍ سٹرایپ پھٹان۔
4280,مییوٹ: مییوٹ چھ مداگاسکرس نزدیٖک ہندوستنۍ سمندرَس منز اکھ جزیر۔
4281,پتہ چھِ اداکار تہ عملہ گژھنہ خطر گژھنہ خطر گژھنہ یِنہ یِنہ یِنہ یِنہ یِنہ یِن
4282,تٔمۍ گِیُن 1959 تام جاپان خطر 12 گیم تہ کور 2 گول۔
4283,میسنن وون زِ سُہ اوس لندن نِچَن خطر کھیلنہ خطر اکھ مز وقت، مگر ونہِ گوو، تٔمۍ چھُ یقین زِ سُہ چھُ کھینیر
4284,دہ دہ عدالتس منز عدالت عدالتس منز عدالت احمد فیروز تہ فدرل کورٹ عدالت عدالت الودین محمد شریفن کور اپیلک رد، ییلہ زن عدالت رچرڈ ملانجومن کور اعتراض۔
4285,جنگلات چھِ ہندِ ہندِ آبدی ہندِ پٹھۍ بچان ۔
4286,ایپلیپسای ایپلیپسای چھ دماغک اکھ مزمن حالت۔
4287,یہِ گژھہ چھِ گڈنِ تہ بدن ہندِ علمچ دری منز ژھہ ولِتھ ۔
4288,"2012 ہس تام چھ 414,714 کرواٹ امریکی۔"
4289,مے چھ پننہ پرنز ماجہ ہسپتال منز لگاننچ خوف، لہذا س چھ أکِس آیوٗرویڈ ڈاکٹر سندِ علاج ستۍ گھرس منز بہتر گ
4290,یہِ فرض کرنہ زِ سُہ اوس گڈ رلیز کرنہ خطر قابل قبول، گالنگ سندِ ممکنہ رلیز کرنہ ہُند موُجوُد تاریخ ہ
4291,یِمَن ہُندِس زِیاد فاصلہ یا اونچِس لطفوِتھ چھِ یِمَن ہُندِ حِصہ زینان چھِ یِوان۔
4292,تٔمۍ کٔر سیایڈز (شیہ)، سوفی، کالندرس تہ باقی مسلمان افسرن ہندِس مٗتعصبس منز قتل۔
4293,روایتی طور، سٹیریا اوس صرف بھوکوٹ (لڑ ملک) پننہِ روزانہ تقریبن ہند حصہ یا خاص تہوارن ہندِ علامت بناونہ خطر کم کرن
4294,تمو کٔر بٔڑِ وتھ تہ بٔڑِ موجَو ستہِ اکھ بوڑ طوفان۔
4295,واریاہ وسیع پیمانس منز ہیکہ یہِ مطلب ہیکو کانہہ یُس صنعت یا تجارتس منز کم کران چھِ ۔
4296,"اہم کردارن ہند ناو، جایی تہ ویرو، ہندی منز ""فریش"" تہ ""ہروزم"" مطلب۔"
4297,کینہہ انتقادیو کور یہِ میک کارٹنی خطر بنوِتھ واپس۔
4298,پننِس گڈنِک ہفتہ منز کور یہِ باکس آف آف انڈیا مطبق ₹290 ملین جمع۔
4299,ونہہِ تام چھِ سٹاکھلوگس 78 دہَن ہُند اکھ لُکُٹ پوٗر، ییمہِ سُہ چُھ سورجچ ژھلِتھ
4300,ییلہ کھلڑِ گژھہ گژھہ یوان چھِ، س چھے ٹیسٹ رومَن منز دخل کران تہ ٹیسٹ شروع کران۔
4301,ہنسہ روسٹاک، تہ 1956 تہ 1973 ہس درمیان مشرقی جرمنی قومی فٹ بال ٹیم۔
4302,یِم چھِ سمندرچ سطحس پیٹھ 1400 تہ 1680 میٹر درمیان لبنہ آمُت۔
4303,سُہ اوس خوفزد ز اگر نہ سُہ گواہ کرنہ یِہ، یہِ ہیکہ پننہِ کیریئرس منز اثر انداز کٔرتھ۔
4304,فنکشن کالکٹر کنہِ طور چھِ مے امہِ طوفانس دوران پننہِ قیمتی ٹکٹن ہنز حفاظتس متعلق گژھان۔
4305,رائیل میوزیم آف فائن آرٹس اینٹورپک مجموعہ کینہہ حصہ منز کریجلمن ہند کم۔
4306,یہِ ستہِ ڈیٹا یس تام ستہِ ہُندِس اِستِلاف وقتس منز کم کرِ ۔
4307,پُجابی کابدی چھ اکھ متغیر یُس 22 میٹر (72 فٹ) ہُند پیمانس پیٹھ اکھ سرکولر پچس پیٹھ گِندنہ یوان چھُ۔
4308,آو چھ ہاپ پلانٹنگ تہ ہاپ تقسیمس منز پننہ اہم کردار خطر مشہوٗر۔
4309,کامیاب سکرینٹ ستہِ پتہ، کور س ورونیکا ہس منز ٹیلی ویژن ڈیزائنر کم کرُن شروٗع۔
4310,ییلہِ توہہِ دکانس منز چھِو، تیلہِ کٔرِوو کٔرِوو کٔرِوو کٔرِوو یا کٔرِووِو
4311,مے چھٗنہ یوان زِ تہہِ مے کنہہ چیزہ خطر فیس ادا کرِتھ یُس تہہِ غلطی اوس۔ یہ چھٗ صرف غیر اخلاقی۔
4312,خاص فلم آیہ اکھ لائیو کھتہ کھتہ زِیوٗن ہندِس مقابلس منز فِلمہ کرنہ۔
4313,ویدانٹا چھ اکھ متنوع ریوائشن، یتھ منز واریاہ ذیلی سکول تہ فلسفی نظریہ چھ۔
4314,سُندِس علمچ سنزِ سنزِ سنزِ سنزِ سنزِ تعلیٖف کری خطر آزاد ہندوستانُک گڈنِک قانون وزیر
4315,شِلنگ ٹیسٹ اوس ریڈیو ایسوٹوپ طریقہ، یُس ونۍ کم وٹامن بی 12 ہس خطر ٹیسٹ کرنہ خطر تھول تھاونہ آمُت۔
4316,14 جون کور کلیوینن سریجس جنگچ اعلان۔
4317,چنڈی گڑھ گوو دن ریاستن ہندس سرحدس پیٹھ واقع گژھان تہ تمہ دشوے شہر پنن متعلقہ علاقن منز شمل کرنہ خطر منتقل۔
4318,یِہِ ؤرِس منز کور بابرن ہیرٹ کِس سلطان حسین مرزا بایکرَس ستہِ متحد، اکھ ساتھی ٹیمورِڈ تہ دور رشتہ دار، یِتھ کٔرِ
4319,اُتر پردیشس منز چھ ترے عالمی ثقافتی جایہ تہ چھُ ہندوستانس منز سیاحتی مقصدن منز سبزی درج کران۔
4320,تمہِ ستہِ برعکس چھِ ترے ماڈل: پرینسچو چٹرجی، ہیمانسھو مِلیک تہ ریکش واسسٹھ۔
4321,کیا تہہ چھنہ فٹ بال سٹڈز ہنز کانہہ جوڑ باقی؟ مے چھس خیال ز بہ چھس نہ تٔمہِ پتہ گیمہِ ہنز میچ گِن
4322,سارودیا جین مندر چھٗ مدھیہ پردیشس منز انوپُر، امارکنٹک قصبس منز اکھ جین مندر۔
4323,نارادا چھُ اصل پٹھۍ نظامس منز تبدیلی متعارف کرنہ برونہہ فارسی اثر ستۍ نظامس منز تبدیلی متعارف کران تہ درجہ بندی کران۔
4324,شاخ چھ عام طور غر غر ملکنہ، نوجوان کورین ہندۍ نِش گژھان یِم دیوتاہ ہندِس تعریفس منز گژھان چھِ۔
4325,اکتوبر 1992 ہس منز آو اکھ سائنسی رپورٹ شایع کرنہ یتھ منز کامیاب طور ملانسیٹز وٹِلِگو متثر علاقن منز منتقل کرنہ، ییمہ ستہ
4326,مالواہس منز کینہہن کور تٔمۍ سندِس سلطنت ہُند فرضس پیٹھ اعتراض، مگر مراٹھا فوجچ ہولکر فاکشن اوس تمہِ ستہِ س
4327,صدم حسینس تحت آو مندیاہن مذہبی اقلیت پٹھۍ تسلیم کرنہ۔
4328,پاپ گرگوری چھ جولیان کیلنڈرس منز غلطی ہند تصحیح خطر مشہوٗر۔
4329,فائنل منز، 11 اگست کور ہندوستان میزبان امریکہس خلاف گِنڈ۔
4330,سار ایس-کو وی-1 چھ انسانن ہندس انفیکشن کرنہ خطر زاننہ آمتہِ ستمہِ کورونوایروس منز اکھ۔
4331,امیُک مقصد چھُ دنیاہس منز تمام جغرافیتی اشیاءن ہُند علامت تہ وضاحت کرُن۔
4332,یہ تصویر آو فائنل فلمہ خطر افقی طور پٹھۍ پٹھۍ پٹھۍ پٹھۍ پٹھۍ پٹھۍ پٹھۍ پٹھۍ پٹھۍ پٹھۍ پٹھۍ پٹھ
4333,کانہا نیشنل پارکہ آو 1 جون 1955 بناونہ تہ آو 1973 منز اکھ ٹایگر ریزرو نامزد کرنہ۔
4334,کینہہ علاقہ یِم پٹھ کھتہ مقبول چھِ، یِتھ کٔنۍ مِلیٖكہِ امریکہ تہ آسٹریلیاہس منز، چھِ مقمی لوٗکھن ہند
4335,کوووولا کوووولا چھ فن لینڈ کِس کیمنلاکسوس منز اکھ قصبہ۔
4336,کیینیٹمس منز چھ بڑن شُرِن ہندِس لکٹِس رقمس پیٹھ پونسہ دِوان۔
4337,روُٹین ریوائٹی تعلُقن منز چھِ دُکان، دُکان، پرنندِ مل تہ پرندِس کھتہ كھنہِ ملِس من
4338,تِم چھِ سبز یِمَن پٹھ پرتھ سہِ چُھ پننہِ جسمَس پیٹھ برونزہ كھلہہ ۔
4339,ٹرنر سنڈرومس ستۍ ربطہ چھ خاص آٹو ایمنوُن ہندس اختلالس منز چھ ہشیموتو سنز بیمار، وٹِلیگو، پسوریاس تہ پسوری
4340,مے چھ امہ شامس کھینچ مکمل طور پسند (کھینچ انتقادی)
4341,1996 منز بنیو سُہ ہنگری فٹ بال فیڈریشنچ نایاب صدر۔
4342,لیمفوسائٹس تہ مونوسیٹس چھِ امیُن سسٹمچ سفید خونچ خلیہ ہندِ قسم۔
4343,سٹور چھ واریاہ پٹھۍ ولۍ ولۍ ۔ مے چھٗنہ یوان زِ نہ یِہس اندرس پیٹھ یِنہ یِنہ یِنہ یِنہ ی
4344,امہ علاو چھِ ہریٹج والک امریٹسرس منز مقدس شہرس منز بین الاقومی ہوٹلن ہند تیزی سان بڑان یِم نتہ زیاد روزنہ خطر بیک
4345,"تاہم، وکی سندِ مل (رین ویر شوری) چُھ تمہِ سندِس شُرِ چھُ عام طور مردانہ کھیلن پیٹھ پیٹھ، ""سہ"" تہ فٹ بال کھ"
4346,سیر چھ کھول آب تہ انسان ہندس کھول دور کران۔
4347,یہ فلم چھ 60 ہِم نیشنل فلم ایوارڈَس منز بہترین ایڈاپٹڈ سکرین پلے خطر ایوارڈ زینان۔
4348,ڈول پورنیما دہس منز صبحہ بڑِ تِمَن (بِتھ زیاد تر شینٹِنِکٹینَس منز) چھِ سافرن رنگے یا صاف سفید پوشِشِ
4349,کنہ تحقیق کٔرِو تہ دِیوُت زِ تہہِ چھٗنہ یِتھ کال چُھ ۔
4350,باقی شناخت کرنہ آمتہِ غذیی عوامل یِم بمِس ترقی تہ / یا بمِس برِتھ متثر کٔرتھ ہیکہِ شمل چھِ، یِتھ من
4351,ریاست چھ ہندوستان کِس سافٹ ویئر ہنز برآمداتک 28 فیصد حصہ۔
4352,"تریخی تہ علمدار والٹر سپینک مطبق چھُ جوگشوری ہندوستانس منز گڈنِک ساروی کھتہ بوڑ گپھ مندر تہ مجموعی لگس لحاظہ ""ب"
4353,سالانہ روُد چھُ شملی تلنگاہس منز 900 تہ 1500 ملی میٹر تہ جنوب مغربی پہاڑن پیٹھہ جنوبی تلنگاہس منز 700 پیٹھ 900 ملی میٹر درمیان۔
4354,"31 دسمبر 2021 ہس منز اتھ منز 15,319 لُکھ روزان ۔"
4355,گڈنِچ ونہِ جامائیکن بوبسڈل ٹیم اوس ریتھ ریتھڈ کھتہ کھتہ کھتہ کھتہ کھتہ کھتہ کھتہ
4356,ہومس منز چھ اکھ پٹ (گھٹاستھپانا) ہندس مقدس مقامس منز نصب کرنہ یوان۔
4357,یہِ چھُ چالیز کِس شُمال مشرقی طرفہ امریکی روٹ 93 پیٹھ واقع۔
4358,کینہہ وقتہ چھ نہ کانہہ علامت یوان ییلہ کینسر واریاہ ترقی گژھان چھ۔
4359,یہِ چھِ بننگِنہ خطر واریاہ پرتھ اپرا، خاص طور برنہیلڈ خطر۔
4360,بھوپالک اکھ رہائشی، ایل ایل میٹورن چھ بالجی موشن پکچرزس خلاف پبلک انٹرسٹ لٹِگشن (پی ایل ایل) فصلہ کران، یہ دعوی کران ز فلمہِ ہن
4361,سہیل ییلہ سُہ چُھ یِتھہِ وُچھان یِتھہ یِتھہ یِتھہِ چُھ یِتھ چُھ یِتھ چُھ یِتھ چ
4362,پرنہ بال پارکہ اوس سٹیل، کنکریٹ تہ سٹیل بناونہ آمت۔
4363,مُواٹ پوُزھا اوس وڈکُکوُور سلطنتُک حصہ ییلہ یہِ ٹراوانکورَن ستہِ قبضہ آو۔
4364,خرِینہِ، 24 اپریل کور ٹیم کم مُلکن ہندِس دورس پیٹھ گژھنہ خطر آمسٹرمینس منز۔
4365,سکرپٹ چھ نایاب تہ یہ چھ پوشیرڈ انسپیشنن منز محدود۔
4366,تِمَو کور گرافکس پکسل آرٹ یہِ یقینی بناونہ خطر زِ یہِ کھیل اوس نہ تنازعہ یوان۔
4367,تٔمۍ گِیُن کاؤنٹی چیمپین شپَس منز میڈل سکس تہ ساسکس خطر تہِ۔
4368,رینٹ رینٹ چھ انزیمن ہنز اکھ سیٹ یس پٹھۍ ملین ہندس رتہ بناونہ آمتہِ چھ۔
4369,استعمال کرنہ آمت سافٹ ویئر کس قسمس پیٹھ چھ تُہند صنعت، مصنوعات تہ مشینری ہندس مہرس پیٹھ منحصر۔
4370,یہِ مندر چھُ 23 وِزِ تِرتھینکر پارشوانتھس مُعزِل۔
4371,یہ چھ عام طور سپورٹس جورنالیزمس منز استعمال کرنہ یوان، یتھ منز ڈان کوک ساروے کھتہ مشہوٗر چھ۔
4372,اگر جُرم ژن ڈاونٹس منز دہ یا زِیاد یارڈ پیش کران چھِ، تِم چھِ ژن ڈاونٹس منز اکھ نوو سیٹ اعزاز دِنہ یوان
4373,بیبھگر وِل سٹیٹ ییتہ اکھ یادگار بناونہ آمتہِ ۔
4374,کینہہ تِم چھِ کینیڈاہس منز تہ کینہہ تِم چھِ باقے مُلکن منز۔
4375,تٔمۍ کٔر دن ؤرین تام نیٹ ورک ٹی وی نیوز تبصر کرن ولہِ تہِ کم۔
4376,یم چیزن ہنزِ زِنہ گژھہ نہ تُہۍ دشونی ناو استعمال کرنہ یِنہِ ۔
4377,کتھ بار چھس تہہ زانان ز تہہ ہیکو نہ مینۍ دکانس برونہہ پننہ سٹال پٹھۍ کرنہ یوان؟ (شپ کیپر)
4378,تمہِ سُند کردار چھُ لیٹیننٹ گورنرَس قانون ساز ممبئی ہندِس حقس تحت مسلن منز کم کرنہ منز مشور کرُن۔
4379,عام طور چِھ چیزہ بند کرنہ یوان زِ تِم چھِ نہ اکھ اکھ خریدار، مگر کینہہ چیز چھِ سیکورٹی پریشانگیہ کِنہِ وجہ ستہِ مارکیٹ من
4380,مے کٔر پننس ملہِ منز اکھ گژھن ییلہ مے بنک مینیجرس منز سخت ملازمس متعلق شکایت کرنہ خطر گژھان۔
4381,مئی 2017 ہس منز، رینسومویرک اکھ حصہ یتھ دنیاہس منز پھیلاونہ ونان چھ۔
4382,اکھ اچھی کاشت تہ مضبوط صنعتی ترقی ہند مدد تہ معیشتس منز۔
4383,تِمَن تِہِ تِہِہِ مُقابلہ کرنہ خطر پوُر زِ تہہ ہیکو اکھ چیٹہ رٹنہ تہ یہِ وِزِ زِ ت
4384,17 ہمہ صدی دوران آو کولار شہی جِس منز پننہِ ؤرین ہندِس حصس پٹھ مراٹھا حکوٗمتس تحت ییمہِ ستمہِ ؤرین ہندِس حِصس
4385,یہ کام 1971 منز شروٗع مگر یہِ ختم کرنہ منز اوس اکھ تاخیر۔
4386,پکینہم ریلوے لاین - پکینہم ریلوے لاین چھ ملبورن، ویکٹوریاہس منز اکھ ریلوے۔
4387,یہِ چھُ اشاداہ کِس ہیندۍ ریتس منز (جُنہِ ژوُل) منز پوٗر لُونہ (پرنیم) دہس منز یِوان یِت
4388,نورفولک بین الاقومی ہوییی اڈ: نورفولک بین الاقومی ہویی اڈ چھ نورفولک، ورجینیاہس منز اکھ عومی ہوییی اڈ۔
4389,اوریفرس-وریفرس چھ سویڈن کلمار کاؤنٹی منز نیبرو بلدیہ ہُک اکھ علاقہ۔
4390,یِم پوائنٹ چھُ اَمہِ شخص یُس فائنل حرکت گِنڈ کران چھُ۔
4391,سُہ چھُ رومن کیتھولک تہ چھُ 1963 پٹھ جوان رڈیل ستہِ خاندر کرنہ آمُت۔
4392,یہِ اوس مقدس تہ مُلکن ہندِ سرزمین ونان ۔
4393,ایلی لیلی تہ کمپنی ایلی لیلی تہ کمپنی چھ اکھ امریکی عالمی ادویات کمپنی۔
4394,مارکنڈیہ ٹینک چھ اکھ کھولنہ آمتہِ تہ یہ چھ اکھ سٹون دیوارس منز یتھ منز پوشر لیٹایٹ بلاکس بناونہ آمتہِ چھِ
4395,سیروکس اوس اکھ کمپیوٹر بناونہ آمُت یتھ منز سیروکس آلٹو ونان چھ مگر اوس نہ یہِ مارکیٹ کرنہ آمُت۔
4396,یہِ چھُ عام طور مکمل غلطی گژھنہ تام گژھان۔
4397,یِمَن کینہہ اصطلاح چھِ مُقابلہ، غیر متبادل اختیار تہ پیشکش۔
4398,جھیٖل چُھ اکھ کلومیٹر لگ، 50 میٹر لگ تہ 15 میٹر لگ۔
4399,تمہِ سُند مقصد اوس پینڈاوس ہندِ ہتھیار ہُند حصل کرُن۔
4400,یہ چھ زخمچ جایہ تام ایسن ڈسٹل کس حصس منز گژھان تہ یہ چھ عام طور زخمچ 24-36 گھنٹہ اندر شروع گژھان۔
4401,ریڈیوٹیوٹک یوڈین علاج پتہ چھ زریٖن 6 ریتہ تام تاخیر کرنُک مشور یوان۔
4402,مہار کمر چھ پنن دیِم ہُند دہ مہار کِس دہہ شُرِس پیٹھ دِوان۔
4403,غر غر غر غر غر غر کرنہ خطر، شرمجی چھ باقے نوکری منز سرمایہ کری کرنُک فصلہ کران۔
4404,میسوری کِس بٔڑِس بٔڑِس علاقس منز چھِ 1/2 انچ یِس پٹھ اکھ انچ یِنہ یِوان۔
4405,یِنہِ چھُ یِوان یِہ ییتہِ زیاد تر یورپی حروف آو۔
4406,تُہۍ سندِس تہِ ونسہِ مٗتعلق چھِو- یِتھہ زِ تُہۍ چھِہ کالج پٹھ کم از کم فارغیٖنہ آمُت، ت
4407,گنیش سندِ سندِس بینسہِ چھِ رکی ہِندِس تِہِمَس خطر دور کران۔
4408,ہاسنن کور گڈنِک ابراہیم کوور نیشنل ایوارڈ 2004 ہس منز پننہِ ہندِس انسانیت تہ سکولر زندگی خطر۔
4409,میگھالیہ تہ بنگلہلہِ ہس درمیان سرحد چھ تقریباً 440 کلومیٹر طویل، یتھ منز تقریباً 350 کلومیٹر چھِ پٹھۍ پٹھۍ پٹھۍ پٹھۍ پٹھۍ
4410,مے چھ مینۍ کار مونہِ شِش کرنہ ستہِ مے کٔرِتھ مایوس۔
4411,واقعہ پتہ، ریاستی براڈکاسٹر چین سینٹر ٹیلی ویژننن کوٗننگشنس ستۍ ربطہ کٔنہِ جایہِ مذہبی موادچ دریافت کرنہ اطلاع۔
4412,فلمہِ ہُند رومانٹک نقطہ نظر آو کینہہہن تنقید کرنہ۔
4413,مے چھ بے كھل محسوس کران ییلہ مینۍ سندِ خاندار مینس مددہ ورے پننہِ پٹھہِ کم کران چھِ ۔
4414,یہ بت اوس ٹھ ہفتن ہندس چارٹس پیٹھ ہاٹ سوول سِنگلز نمبر اکھ۔
4415,انسٹاگرام آو کیون سسٹروم تہ میک کرجرن بناونہ ۔
4416,یہ علاقہ چِلیکا دریاو پتہ ریاستس منز دویم رامسر مقام تہِ نامزد کرنہ آمُت۔
4417,تٔمۍ س ترے نیچھن، لیکشمی نیواس، کرشن کمار، تہ بیسانٹ کمار۔
4418,یِم کھلڑِ چھِ روایتی طور ہندِس پٹھۍ بناونہ آمتہِ، تہ یہِ چھِ تفصیٖل، رنگہ آمتہِ ملِتھ ۔
4419,ہندوستان کِس شملی سرحدس چھِ زیاد تر ہمالایہ پہاڑن ہندِ لہر ستہِ تعریف کرنہ یوان، ییتہِ مُلک چین، بھوتان تہ نیپ
4420,پرتھ پینلٹی منز چھ اکھ خاص کوڈ یس فولس وقتس ستۍ سرکرۍ میچ ریکارڈس منز ریکارڈ کرنہ یوان چھ۔
4421,شوٹنگ پتہ، واریاہ لوٗکھ کور یہِ زاننہ یژھان زِ یہِ اوس وچھِتھ۔
4422,گورلیٹس چھ موجود جرمن فٹ بال کھلڑین مائیکل بلک تہ جینز جریمیز ہند گھر۔
4423,ہوٹل کن کھینچ خوشی ہند جایہ، دژ مے پٹھۍ یہِ مطالبہ زِ سُہ سڑک پیٹھ کھینچ خریدار ستۍ کھینچ خریدار۔
4424,لوڈوسیہ اوس اتہ ختم گژھان، تہ پتہ آو واپس لٹہ۔
4425,ییل، کولمبیا، پرنسٹن تہ روٹگرزن ہندِ نمایندگی 19 اکتوبر 1873 منز، تمام سکولن استعمال کرنہ خطر قونوُن ہند اکھ معیمی سیٹ
4426,"حالیہ ؤرین منز چھِ عمد تشدد ستۍ دنیاہس منز اوسط سالانہ موت ہند شرح 100,000 لوٗکھَن منز 7.9۔"
4427,یہِ جایہ ہُند قدیم ناو چھُ تھروکادالمالی۔
4428,کلب پاؤٹ ستۍ زامژ شُرِن ہندِ تقریباً نصف شُرِ منز چھِ دشونی پاؤٹ متثر۔
4429,9 ستمبر 2005 کور ایالہن غلط دعوی کرنہ خطر گناہ دِنہ تہ کٔرِو بٔڑِس دُبارس منز کوشش، تہ 2 نومبر 2005 ہس منز سزا
4430,یہ چھ آبچ اہم ذریعہ تہ یہ چھ ریاستس منز زندگی ہند اکھ لاین پٹھ عمل کران۔
4431,"2010 ہس منز ساروے کھوتہ بوڑ قصبہ، فولیرس منز س آبدی 2,317۔"
4432,راجراجا چولا اول تہ راجندر چولا اول سہِ چولا خاندانچ ساروے کھتہ بوڑ حکمران، ییمہِ یہِ تامل سلطنتچ روتی حدس پیٹھ بڑان۔
4433,حفاظتی عوامل چھ یہ کم امکان بنان ز اکھ نفر ستۍ موت ستۍ مرنہ۔
4434,لکھنہ آمتہِ اَبکھاز ادب آو 20 ہمہ صدی ہِندِس شُروٗعاتس منز نسبتا حالے ظہر گژھان۔
4435,جیمی جارج اوس اکھ قابل ذکر ہندوستنۍ وولی بال کھلڑۍ، یس پننہِ پریمیشن منز دنیاہ کین بہترین دہ کھلڑین منز درجہ بندی کرنہ آم
4436,ڈاون سنڈروم لنکس ہندِ پوٗر فہرستہ باپت چِھ سوسائٹیٹس اینڈ ایسوسی ایشنز وِزِ ۔
4437,تِہندِ قیادت تہ ولسِہِ ستۍ کٔر چولا بادشاہن پننہ علاقہ تہ اثر بڑو۔
4438,امہ علاو چھ گروپ ہُند سائز مُتعلق یِوان کرنہ یِوان۔
4439,بہتر چھ تہہ ستۍ پٔرۍ زندگی منز خوشی سان روزان ۔
4440,تاہم، ٹریپورا ہندِ میدانہ گوو موگالن ہندِ حملہ۔
4441,باقی خصوصیاتن علاو چھ واریاہن مُلکن منز بِلِتھ یِم سیریز نمبر شمل چھِ، ییمہِ ستہِ یہِ ہُند شناخت کرنس منز مدد چھِ ی
4442,شُملی اٹلانٹک طوفان ہندِس موسمس منز چُھ 1 جون پٹھ 30 نومبر تام چلان۔
4443,انٹرنیٹ آرکیو آیہ 1996 منز براؤسٹر کھیلےن قیم کرنہ ۔
4444,سُہ اوس واریاہ مشہوٗر ٹیلی ویژن گیم شو ہند خطر مشہوٗر ۔
4445,سٹٹینن چھِ لگ بگ 15 فیصد کم گژھنچ خطر کم کرنہ آمتہِ ۔
4446,کنہہہ قسم ہُند بوکسنگُک ساروی کھتہ زاننہ آمتہِ چھُ تریِمِس میلنہِ مٗتہِ پٹھہِ عراقی
4447,قریبی ریلوے سٹیشن چھ بھروچ یس تقریباً 125 کلومیٹر دور چھ تہ قریبی ہوییی اڈ چھُ سُرات۔
4448,صوبیی آٹوموٹی سوالس متعلق تہ سۍ مختلف نظریہ۔
4449,عالمی پیشورانہ بیلیارڈز اینڈ سنوکر ایسوسی ایشن (WPBSA) چھ پیشورانہ سنوکر تہ انگریزی بیلیارڈز ہند انتظامی ادار یُس برسٹول، انگلینڈس منز
4450,پننِس خری لڑایہ ہُند منظرچ وضاحتس منز آو س کینہہ تبصر کرن وال جان آف آرکس ستہِ موازنہ۔
4451,وشنو تہ أمہِ سندِس آوٹارَن ہِندِس ریوُٹِلِسٹ عبادتس منز چھِ امہِ سنزِ تراونہ یِنہ ی
4452,تٔمۍ کٔر سیلٹک فروسٹس منز پننہِ تمام کیریئرس منز مارٹن اریک ایین سٹیج ناو استعمال۔
4453,یِم ہیکو واریاہن بٔڑِ امریکی شہرس منز تہِ لبنہ یِتھ ۔
4454,سہِ 378 ڈاکٹر، 81 فارمیسیسٹ، 337 سٹاف نرس، تہ 2012 ہس تام 77 لیب ٹیکنیکس۔
4455,ہوم سکول استاد ہند تعریف خطر چھ اکھ دہ پیش کرنہ آمُت، یتھ منز پتہ واریاہ ہوم سکولنگ گروپن منز ترتیب دِنہ آمُت۔
4456,تٔمۍ کور یہِ مز کرنہ خطر سوچ زِ جارجس تٔمۍ تٔمۍ واریاہ لگہ، مگر سُہ تہ جارجَس سۍ واقعی بٔڑِتھ
4457,یِم رولر کواسٹر چھِ وچھنہ خوفناک۔
4458,باقی وجہن منز ہیکہ اکھ شریان ہند سپسم شمل ستھ۔
4459,ریوُس منز تریِمِس لٹہ خطر، ٹیم کینیڈاہَن چھُ IIHF ورلڈ جونیئر ہاکی چیمپین شپَس منز گولڈ میڈل زیننہ
4460,ہومس کور سفرچ قیمت ادا کرنہ خطر پنن زمین کری۔
4461,رینکنگ چھ اکھ پیچید عمل یس تلاش انجن الگوریتمس پیٹھ منحصر چھ۔
4462,مے اوس نہ زانہہ سوچنہ ز مینۍ کریڈٹ کارڈ یس لونجس منز کم کٔرِتھ!
4463,4.9 میٹر (16 فٹ) ریڈس ستہِ چھُ سٹورنگ سرکلُک اکھ علاقہ کورٹ کِس پرتھ کِس کِس خرس پیٹھ۔
4464,سوڈھیایہس منز نہ کُنہِ تہِ غر غر غر غر غر غر غر غر غر غر غر غر غر غر غر
4465,مدھیہ پردیشس منز چھ اہم قبیلہ گروپ گند، بھل، باگی، کورکو، بھادیا (یا بھاریہ)، ہلبا، کول، ماریہ، مالٹو تہ ساخاریہ۔
4466,سمبالپوری علاقس منز ریاستی تشکیلس دوران، نوکھایی یس أکس رسمتی تہوار پٹھۍ زراعتس زندگی ہندس طریقہ پٹھۍ فروغ دِنہ منز اہم کردار ادا کو
4467,س چھُ دُنہ یِوان تہ کران سندِس پارٹی منز اِندِ ۔
4468,کانگریسس ستۍ قیادت کرنہ آمت حکومتن ہندِ معیلی پالیسی ہنز تریخ ہیکہ ز دورن منز تقسیم کٔرتھ۔
4469,سُہ گوڑنِک موقعہ پٹھ واپس، تہ کور 1921 منز ماسٹر ڈگری مکمل۔
4470,بادشاہ زاو 20 اگست 1931 کِس کلویلینڈ، اوہیوایہس منز۔
4471,مارک تہ سونیو، ییلہِ مصیبت ستۍ جمع گژھان گژھان چھِ، چھِ پننہِ ملِس رضامندی پیٹھ زیننہ یِوان۔
4472,یہِ ستہِ کٔر موسیقارَن ہند احترام، یِم گڈہِ غر غر غرِبری ستہِ علاج کرنہ آمُت۔
4473,ساریکا کٔر پننہِ خاندر پتہ کری کرنہ پتہ کٔرِتھ، ساریکا کٔر فلم ہی رام خطر ہاسن سندِس کپاس ڈیزائنر
4474,نیو اورلینز سینٹز کور پننہِ درخواستہ ستۍ جو ہارن ریلیز۔
4475,حالانکہ زیاد تر گیمہ چھ مفت خطر دستیاب، مختلف گیم پلی بہتر بناونہ ہیکہِ ہیکہِ خطر یِتھ ۔
4476,بنٹلی چھ پننہِ تیز رفتار، لوکس گاڑین خطر مشہوٗر۔
4477,ہوٹل کمرس منز چھ انٹرنیٹ کنیکشن واریاہ تیز۔ مے چھ خوش ز بہ چھ ویڈیو کانفرنس کرنہ یوان۔
4478,سُہ چھُ نامیبیا پیٹھہِ وحدِی شخص یُس اولمپکسَس منز میڈل کرُن چھُ۔
4479,یہ معلومات چھ میٹا ڈیٹا ونان، تہ یہ چھ پیکٹس متعلق۔
4480,سارسٹون دٔریاو: سارسٹون دٔریاو چھ بیلیز کس ٹولڈو ضلعس منز اکھ دٔریاو۔
4481,پورٹل چھِ رلوِتھ ، ییمہِ اکھ ٹنل بنان یُس چیل گژھِتھ ۔
4482,ییلہِ ریاست پننہ آبنی ذٔریعہ واپس لوٗکھ کرنہ خطر روٗدس پیٹھ پوٗر وابستہ چُھ، چہِ ولۍ ناکام گژھنہ س
4483,اگر دُہ اکھ اکھ اکھ اکھ اکھ تہ کامل دنیا بناوو، توہہ نہ گناہ۔
4484,تٔمۍ زیوٗن نیشنل بُک ایوارڈ تہ تریخ خطر پُلیٹر ایوارڈ۔
4485,یاد ز بینک اکاؤنٹ چھِ منافع حصل کران، تہ بچت كہِ اکاؤنٹ چھِ زیاد منافع حصل کران تہ یہِ ہیکہ اکی ہیکہِ رتہ یِوان۔
4486,دویِمِس بدلہ چُھ منیا ہُند دور چُھ ولِم یُس پریشنی ہُند دور ستہِ ختم گژھان چھُ۔
4487,یہِ گڈنِس ستہِ انفیکشن چُھ کانڈیڈیڈیاس یا تھرش ونان ۔
4488,تیزی سان نوٹ بنو ییلہ تہہہ اضافی پونسہ خطر گژھ محسوس کران چھ۔
4489,تٔمۍ گِیُن ڈیٹرائٹ پسٹن تہ نیو یارک نیٹس خطر۔
4490,یہِ سڑکہ چھ واریاہ پہاڑن ہند وجہ ستۍ واریاہ تصویرک۔
4491,س دِیوُت پننِس نیچِس ڈونووان چارلس ہارڈی 24 مارچ 2003 زامُت۔
4492,"ذتی خریدارن خطر چھ اوسط سالانہ اجرت 30,000$-57,500$ فی ؤری ہس درمیان۔"
4493,سکولس منز س واریاہ ترقی پذیر خصوصیات، یتھ کٔنۍ یتھ کٔنۍ امتحانن یا مقابلہ ورانہ ٹیسٹن خطر دُبار۔
4494,سنکشنری منز لبنہ آمتہِ قسم چھے واریاہ تنوع۔
4495,جون 2004 ہس منز زیوُن گولڈی نِجاد شِراز آرٹس فیسٹیولَس منز گڈنِک جایہ۔
4496,اکھ کلوموٹر پریشنی ہیکہ واریاہ مختلف حالاتن ہند نتیجس منز بٔڑِتھ۔
4497,تاہم، اگر توہہ وقتہ کم وقتہ خطر سفر کران چھِو توہہِ ہیکہِ ڈیلٹی فری سامان کینہہ مقدار خطر کٔرتھ ہیکوِتھ۔
4498,یِم چھِ دیِم اوپر کیوڈینٹ، دیِم اوپر کیوڈینٹ، دیِم نیچری کیوڈینٹ، تہ دیِم نیچری کیوڈینٹ۔
4499,یہِ بتھ ہیکہِ گڈ، دہ، گڈ، بڈس منز یا باقی جایہ منز گژھتھ۔
4500,ستہِ انفیکشن كِنہِ وجہ ستہِ چھِ وائرز اکھ نوو رلتہ بتھ کرنہ، تبدیل کرنہ تہ بنوِتھ یتھ منز میز
4501,نندیکان بیولوجیکل پارکچ ارکِڈ ہاوس چھِ یِمن کینہہہ قسم ہاوس کران۔
4502,سپلبرگ سندِ سندِ رد عملہ پتہ، باقی تنظیمن گیمن ہندِ بائیکوٹ کرنہ خطر وون۔
4503,17 ہمہ صدی ہندِ دویمس نصفس منز، پراگ ہندِ آبدی دوبار بڑاونہ شروع۔
4504,سپنگ بوب چھ اکھ مےو سنان تہ چھُ یہِ مانان زِ سُہ چھُ مےو ہند خیال کران۔
4505,واریاہ مُلکن چھُ پننہِ استادن ہُند دہ 5 اکتوبر عالمی استادن ہُند دہس ستۍ مناونہ یوان، یُس یونیسکوہس 1994 منز ق
4506,مشکلہ وجہ ستۍ سہِ شے لندن اینڈر گراؤنڈ سٹیشن بند کرنہ۔
4507,اگر تہہ واریاہ مُختٔلف کاروبار چھِو، توہہِ ہیکو تِم تِہِ تِہِہِ تِہِہِ تِہِہِ تِہِہِ تِہِہ
4508,امریکہ زیوٗن فاینلس منز کینیڈاہس شکست دِتھ سونچ میڈل۔
4509,مے چھ بٔڑین سٹورن منز الیکٹرانکس خریدری نش بچنچ کوٗشِش کران، تِکیازِ مے چھِ تِہندِ خدماتچ معیارچ خطر۔
4510,کران، ییلہِ ستہِ گر ولِس پیٹھ روزان چھ، چُھ اے کے 74 پتہ گژھان۔
4511,یہ کم چُھ ٹیلی فونس پیٹھ جواب دِنہ ولہِ مشینس پیٹھ پیغام پسند کران۔
4512,یہ نقشہ، یس عالمی ادارہ آیہ ایس آر ایسس ستہِ لڑنہ منز اکھ اہم قدم پیش کرنہ آمتہِ، چھُ عالمی سطحس منز سی اینٹیسٹن ستہِ جی ایس
4513,سُہ اوس 1996 پٹھ 2002 تام لیبر پارٹی خطر پارلیمنٹک رُکُن۔
4514,کیریکلس منز چھ اکھ نوو ہویی اڈ پیش کرنہ یتھ کیریکل ہویی اڈ ونان چھ۔
4515,نامزد ذیلی قسم کشمیر مارکھوٗر چھٗ آزاد کشمیرک ریاستی جانورن ۔
4516,بٹلہ ہند استعمال کرنہ ستۍ چھے بچہ اتھ زیاد پٹھۍ رتھ یژھان۔
4517,مہاننداہک اہم تریخری چھ بالاسون، میچی، کنکایی تہ کالیندری دٔریاو۔
4518,انفیکشن ہند علامتہ ستۍ تہِ ہیکہ پی ایی ڈی سی سی سنگین نقصان ہیکان۔
4519,سُہ چُھ مِسٹک، مُتظِف تہ ہسپانوی شاعرن ہُند پٹھۍ پٹھۍ سندِ پٹھۍ سندِ ۔
4520,ماری شلی سند 1818 ہس منز مشہوٗر رومانٹ 'فرینکنسٹائن' اوس ہپولیٹس سنز دٔلیٖل ستۍ واریاہ اثر انداز کرنہ آمُت، یی
4521,تِہِ دویمہِ راتہ آو جرمنی ہس منز فرینکفرپورت ہوییی اڈس منز صدہہ مسافر بند کرنہ، ییتہِ دیہ واریاہ زیاد
4522,ییلہِ آبچ بہاو چھِ پٹھۍ تہ لوٗکھ چھِ اتھ منز گژھان، آب چھنہ صاف۔
4523,یِم ظہر ناممکن مشنس منز گژھنہ آمتہِ، یِم رکاوٹہ یِنہ یِنہ ولِس نوجوان چھِ اکھ غیر متوقع فتح حصل کر
4524,اگر اکھ شخص یس وائرس نِش چلاوان چھِ چھِ بییہ علاقہ سفر کران ییتہِ اے البوپیکٹس عام چُھ۔
4525,وقتہ ہندِ ضروُرتہ کِنہِ وجہ ستۍ تِمَن کور اپارلَس منز اکھ رُکُن رُکُن رُکُن رُکُن۔
4526,2014 منز کٔر س سپر نانی یس منز تہ کم کٔرِتھ دیوالی پٹھ ریلیز کرنہ آمژ۔
4527,یِم لوکن منز یِم میوکارڈیل انفارکس یا یِمَن ہندِس دل ولسِل خطر ستہِ چھِ، یہِ چھِ گڈنِک سٹراکس
4528,"ڈراماہَن منز کور آسٹریلیاہ ژور پوائنٹن تہ کرواٹاہَن ز پوائنٹن پیٹھ، ییمہِ ستہِ آسٹریلی ٹیم ""ڈے ساکیروس"" ناو چھِ ش"
4529,شناوا سندِ خاندار ایشاہ بیوی چھُ پریمس نازی سندِ ساروے کھتہ بڑنہِ خاندار سلیکا بیوی سندِ کور۔
4530,کلینیکل سندروم ہیکہ دشوے پیریفیئرل تہ مرکزی زخمہ ستۍ شروع گژھتھ۔
4531,پننہِ زندگیس منز اَہِ قدر آسنہ باپت چیزن پیٹھ توجہ مرکوز کرنہ خطر پننہ خرچ دوبار ترجیٖح دوان۔
4532,یہِ چھُ وربنجا دٔریاوُک اکھ صحیح بینک ٹایفٹری۔
4533,یہِ آو 1946 منز نیو یارک سٹی منز قیم کرنہ ۔
4534,اگر تہہ خاص مہارت یا مہارتک علاقہ چھ، توہہ ہیکہ تہہ اتھ منز تھوٹہ اضافی پونسہ تہِ کٔرتھ۔
4535,راگنی دیوی سندِ مطبق چھ تریٖخی ثبوتن ہُند اِشار چھُ زِ گوٹِپوُس روایہ اوس 14 ہمہ صدی منز خوُرداہ کِس
4536,6 ریتہ ہند علاجچ نظامس ستۍ موازنہ کرنہ یِنہ یِنہ چھِ نہ چھِہ اِنتھ ٹایبرکلووزس ستۍ کم رفتارچ
4537,پتہ چھ کیبیر پنن سفرس پیٹھ گژھان، ییتہ سُہ دوا بناونچ کِس کِس کِس کِس کِس کِس کِس کِس کِس کِس کِس ک
4538,تاہم، اتھ علاقس منز امیُک استعمال گٔیہ، یتھ کٔنۍ سان فرانسسکو منز۔
4539,گلوہ یا مُقبیہِ ہُند تہِ چھِ اکھ گروہ گُگھی کواد تہِ میزبنی کران، ییمِہ تِم مقمی شِیو مندرَس منز ا
4540,امہِ تام چُھ تٔمۍ سنزِ گفتگو ہُند تحفہ تہِ مقبول۔
4541,ٹایگر ریزرو چھ 1300 مربع کلومیٹر کس علاقس پیٹھ پھیلاونہ آمت۔
4542,یہ چھ مایع سوپ ہندس پٹھۍ، مگر یہ چھ مونہ خطر بناونہ یوان۔
4543,سیدھارتھاہن کور یہِ تہِ زانہ زِ سُہ اوس نہ خوش یِتھ اگرچہ سُہ اوس غر ۔
4544,کی سنگ یانگن کور 37 منٹَن منٹَن منز کوریاہَن خطر کیفیٹیشن سیل۔
4545,اگر دشونی ملِو ہیموگلوبین پوٹی ہنز ربطہ لوان چھِ، توہہِ پرتھ حصلہ منز چھِ اکھ متثر شُرِ
4546,وقتس ستۍ، ییلہ تہہ بڑان چھ، تہہ ہیکو سٹاکس منز پننہ سرمایہ کری منز واپس بڑان۔
4547,امبولیک سٹروک ہُند اکھ خاص شکل چھُ غیر معیر ذریعہ، ایس یو ایس سنز امبولیک سٹروک۔
4548,یہ چھ 60 وریہ کھوتہ زیاد ونسہِ ونسہِ ہندِ خطر ذہنیتک مسلہ تہِ ستہِ ربطہ یوان۔
4549,تم چھ ریکریشن گرونڈ ونان اکھ سٹیڈیمس منز گِنڈ کران۔
4550,گوُگل چھ واریاہن زبانن منز دستیاب تہ چھ واریاہن مُلکن خطر واقع۔
4551,یہ فلم چھ راک کنسرٹ پیٹھ واپس تہ برونہہ کٹان۔
4552,یہِ چھُ چینی حکومتن واریاہ ؤرین تام انکار کرنہ آمُت۔
4553,شاہد کپورن کور آب و ہوا ہندس منظرس خطر 6 صفحات ہنز مونوولوج ییتہ تمہِ سندِ کردار ہایڈر چھ مگہ گژھان۔
4554,یہِ خریدری پتہ چھِووِوِوِوِوِوِوِوِوِوِوِوِوِوِوِوِوِوِوِوِوِوِوِوِوِو
4555,تہہ ہیکہ کم قیمتی چیز خریدری ہیکو انتخاب کٔرتھ۔
4556,پتہ کٔر کٔرِو کٔرِو مٗلکن خطر گپھِ ہندِس خطر خطر خطر پونسہ استعمال۔
4557,کھین چھ مُلک پیٹھ مُلک تہ خاندان پیٹھ تہِ تہِ مختلف۔
4558,ہوم انرجی اکاؤنٹ حصل تہ کنہہ مقمی حکومت پروگرامہ خطر درخواست دِژ۔
4559,بادشاہ وِراتا تہ تمہِ سندِس ذٔریعہ سندِس دورس تام، بھیمن کور جِمُتاہس مٗتحدِث تہ کٔرِتھ نہ
4560,تِم چھِ تِہندِس مختصر LOA، ساد عملہ تہ کمچ برقرارنی خطر نوجوانن ہندِس سفرچ پروگرامَس منز مقبول۔
4561,یِم چھِ ونہِ ٹیلی فون تہ باقی وائرن خطر استعمال کرنہ یِوان۔
4562,یہ چھ فسیل جھیٖل ونان اکھ لکٹ ریزروایو بناونہ خطر دِنہ آمُت۔
4563,سنکرانتی تہوار چھِ آندھرا پردیش تہ تلنگانگا ہس منز ژور دہن منز مناونہ یوان۔
4564,سُہ گٔیہِ فرار تہ وِلڈِن پٹھ زمین، ییتہِ سُہ رٹچٹ ستہِ ملاقات کٔر۔
4565,شُمال مغربی سکیمس منز چھِ پہاڑ پور ؤرۍ یس منز یِنہ یوان۔ زیاد اونچائی ہِند وجہ ستہِ چھِ پہاڑن منز درجہ
4566,واگنرن کٔر رینگ سائیکل لکھنہ خطر تقریباً بینہ ؤری روزان۔
4567,یہ چھ استعمال کرنہ یوان ییلہ لوٗکھ چھ بہتر سانس منز مدد کرنہ خطر سانس منز مشکل آسان۔
4568,IK ہیروس-ایک ہیروس چھ سویڈن کس سمیڈی بیکنس منز اکھ سپورٹس کلب۔
4569,پروگرامنگ ہندۍ ویب سایٹ ہیکہ یہِ باقے پیچید چیزن ہندِس غرِتھ ہیکہِ کرِتھ ۔
4570,فلمہ ہُند ریلیز کرنہ خطر آو 21 مارچ 2014 تام مزید تروِتھ ۔
4571,سس چھ ز بڑنہِ بینہِ ، کوزی تہ کیوری ۔
4572,مے سیاست دانن خطر چھٗ مے احترام کم گٔیہِ ییلہِ تِم پننہِ بیمار پٹھۍ نیرنہ خطر سستہ ٹریکن ہندِ پٹھ
4573,انگریزی چُھ ریاست تہ اتحاد ہندس درمیان ہند رسمتک سرکرۍ زبان۔
4574,امیُک بناون چھِ پننہِ مصنوعات غیر قانونی نِش بچاونہ خطر واریاہ مُختٔلف حکمت عملی استعمال کران۔
4575,بغی ہندِس بغی ہندِس بریتھنی ہندِس مقمی تہ برطانوی فوج دشونی تبدیل۔
4576,امیُک ذریعہ چھُ نہرو میموریل پارکہِ پٹھ واقع۔
4577,"تمہِ سندِ کور لورا چھٗنہ ""بلوک پیٹھ نوِ بچہ"" پتہ وچھِتھ ۔"
4578,مارکسن کور یقین ز مُلکن ہوِ سرمایہ کری ہنز زیاد تہ زِ کم کم کم کم کم کم کم سوسائزمس پیٹھ منتقل گژ
4579,دشونی نصف چھ نصف وقتہ ہند دور ستۍ الگ کرنہ یوان، تہ گڈنِچ تہ ترییمہِ ریکارڈ چھُ اکھ مختصر وقفہ ست
4580,پولیس چُھ ونان زِ زیارانین کٔر پننہِ خاندار مار تہ پتہ کٔرِ پننہِ خودکشی کرنہ۔
4581,بالی ووڈ ہنگامہچ تارن ایدرش دِیُت اتھ 2.5 سٹار۔
4582,بھوپالس منز راج بھوج بین الاقومی ہوییی اڈ، جبل پوُرس منز ڈومنا ہویی اڈ، گوالیر ہوییی اڈ تہ کھجورو ہو
4583,یِمَن منز چھِ کینہہہ گلوسولیا، سکیزوفرینیا، بیپولر ڈسارڈ تہ سکیزو ایفیکٹک ڈسارڈ۔
4584,لداخ سندۍ ساروے کھتہ گڈنِک رہائشی سہِ کمڈ یتھ کِمپا ونان چھِ ۔
4585,یہِ آیہِ 1904 منز قیم کرنہ تہ ونۍ چھِ سٹ جیمز پارکہِ زمینَس پیٹھ گِند ۔
4586,یہ اوس پیپ گواردیولا سندِ سُہ سُہ سُہ ٹرافی یتھ منز بیئرن میونچ پننہِ ترین ؤرین منیجر کِس طورس منز باپتھ ۔
4587,1926 تہ 1927 منز گِیُن گڈنِک ورلڈ سنوکر چیمپین شپ - ییمہ پتہ پروفیشنل چیمپین شپ آف سنوکر ونان چھِ - اوس جو ڈیوس زیننہ آم
4588,اگر چیز چھنہ یوان ییلہِ نہ منصوبہ بندی کرنہ آمت چھے، یاد ز یہ چھنہ دنیاہ ہندِ خر تہ تہہ ہیکو پٔتمہِ وقت
4589,پننہِ باقاعدگی سان چیکنگ اکاؤنٹ تہ پننہِ دلچسپی ہندِس اکاؤنٹس درمیان آٹو ٹرانسفر قیِم۔
4590,سرد جنگہ پتہ بنیو رومین مغربی یورپس ستۍ ستۍ قریبی دوست۔
4591,ییلہِ جری کرنہ یِوان چھِ ، آیی ایل ایل لنکسَن منز ترے بٔڑ فید ۔
4592,امہ برونہہ اوس یہ جموں و کشمیر ریاستک حصہ۔
4593,یہِ قانونَن دِیوُن قومی دہشت گرد تہ سمجی طور خراب کرنہ باپت سرگرمیَن ستۍ نمٹہ کرنہ خطر قونوُنی ایجنسیَن ہُند وسیع طاقت
4594,ٹیم چھُ عالمی نیٹ بال چیمپئن شپ کس کِس تہِ مُقابلہ خطر مُقابلہ کرنس منز ناکام۔
4595,پور مُلکَن کٔر کنہِ نِشمِل کمژ کُن ہُند زیاد کُنہِ تِکیاز چیلنجر شٹل آو کھتہ
4596,گرینادا اوس گڈنِچ 1984 ہس منز اولمپک گیمن منز۔
4597,کلاسیکی ذٔریعہ چھُ تہِ ریکارڈ کرنہ آمُت زِ تِہندِ معاہدہ پتہ کٔر چندرگپٹا تہ سیلیوکسن تحفہ تبادلہ، یت
4598,سہ اوس ہاسن سندِ خیالس منز اکھ طاقتور تہ مشہوٗر حکمران۔
4599,تٔمۍ کٔر أکِس آزاد جنگس منز پیتر کروچس تہِ شکست دِژ۔
4600,چنگواسا سپرنگزن منز سپا کِس مقامس نزدیٖک اکھ ہوٹل بناونہ آمُت۔
4601,لیسچینس راج نظام گوو انڈرا گاندھی ہس تحت پٹھۍ پٹھۍ ۔
4602,آسامس منز چھ اکھ بٔڑ ریل ہیڈ تہ اکھ ہویی اڈ یتھ منز باقی مٗلکَس منز رِیوتی ٹرین تہ ہویی خدمات چھ۔
4603,یہِ چھُ پُنگاب صوبہ کِس دارالحکومت لاہورس منز واقع۔
4604,مہابالیشوارس منز، مہاراشٹرس منز چھ ہندوستان میٹروولوجیکل ڈِپٹیشنس مطبق جمعہ پٹھ جمعہ صبحس تام 24 گھنٹن منز صرف 60 سینٹی میٹر (23 سینٹی
4605,واریاہ لوٗکھ چھُ سوچان زِ کانہہ شہر یس منز کیتھڈرل چھُ اکھ شہر۔
4606,تہوار خطر باقی ناو چھ راٹا جٹرا یا چاریوٹ تہوار۔
4607,سُہ اوس 1954 پٹھ 1983 تام بورنیموُتھ مغرب خطر پارلیمنٹک رکن۔
4608,موجود سلطنت، محمد V، چھ کلانٹنچ 29 ہِم سلطنت۔
4609,بییہِ، یہِ مونورایل ٹرین یُس پور ضلعس منز سفر کران چھُ۔
4610,س بنیو 2022 ہس منز جارجیا ملونی کابینہ منز ادارتی اصلاحاتن ہند وزیر۔
4611,یہِ چھُ پیریار بیسنُک جنوبی افق۔
4612,جسمہ ستۍ زیاد ضرورت ہیکہ ایڈیس تہ ہیمولیزس (رووو خون کیلین ہنز خراب گژھن) وجہ ستۍ گژھتھ، ییمہ ست
4613,گیببنز سند گرفتار کرنہ ستۍ کٔر سُندَن تہ برطانیہَس درمیان بین الاقومی اَکھ اَکھ اَکھ اَکھ دُنہِ اَکھ اَکھ اَکھ اَ
4614,تخمینہ چھُ فِلمہِ ہُند بجٹ (پروڈنگ ہُند قیمت) 120-420 ملین روٗز درمیان۔
4615,اٹلانیاہ کِس الکس شوزرَس چھُ مردن ہندِ 50 کلومیٹر چلن منز اکھ نوو اولمپک ریکارڈ بنومُت یتھ منز تٔمۍ ترے
4616,تٔمۍ گِیُن 1963 پیٹھ 1972 تام اکھ صوبی سطحس پیٹھ تارانکی خطر۔
4617,"شولی کٔر واریاہن فلمن تہ پاسچن ہنز حوصلہ تہ کٔر فلمن ہنز اکھ ژینن، ""کوری مغربی""، یُس سپگٹی مغربی اصطلاحس پیٹھ"
4618,حملہ پتہ ز ہفتہ، 29 دسمبر 2012 س مُود ۔
4619,سُہ اوس مینیسوٹا ڈیموکریٹک-فرمر-لابرو پارٹی ہُند رُکُن۔
4620,س سۍ ز شُر، مارینا تہ جیمز اوگیلوے یتھ منز سر اینگس اوگیلوے ستۍ۔
4621,"پرڈیپ پانڈی ""چینٹو"" چھ اکھ ہندوستنۍ اداکار یس بوجھ پوٗر زبانہ کِس فلمن منز زیاد طور سرگرم چھ۔"
4622,چاکیچر چھٗ اینٹی آکسائڈینٹس منز واریاہ زیاد ، چاکی بیریو ستۍ یہِ رخصت شمل کران ۔
4623,بینک گلیسی بینک گلیسی چھ آرجنٹینیا ہک اکھ ذتی بینک۔
4624,تٔمۍ سنز 2009 ہس منز گڈنِک ریلیز اوس یش راج فلمز، نیو یارک ہند اکھ پروڈیوسشن۔
4625,ریتہ کِس خرس منز، پننہِ خاندارس ستہِ بییہِ تہ پننہِ دشونی خرچ کٔرِو كٗل۔
4626,1914 منز پاسر پینلٹی ہُند دُبار کرنہ آو نِشِم کرنہ تہ گڈنِچ اجازت دِنہ یِنہ یِنہ یِنہ
4627,یہ اصطلاح چھ نوکری کرنہ یا گیم گِنڈنہ خطر سیکھنس خطر استعمال کرنہ یوان۔
4628,1975 منز آو سوبراٹا دٹا مارنہ تہ وِنود مشرا کور پارٹی حصل۔
4629,ہندِ ذتی ذتی ذتی ذتی ذتی ذتی ذتی ذتی ذتی ذتی ذتی ذتی ذتی ذتی ذتی ذتی ذتی ذتی ذتی ذ
4630,پرتھ آر آی آر آی آر آی دنیاہ کنہہ مختلف حصہ خطر ایڈریس مقرر کران۔
4631,گڈنِک یورپی فنکار یِم تیل استعمال کرنہ خطر کٔرِو سطح واریاہ صاف کرنہ خطر پسند۔
4632,مینوگوے اوس 2008 پٹھ 2013 تام آندرس ویلنکوسو ستۍ اکھ ربطس منز۔
4633,لیمسٹون سڑک شکلن چھ مختلف ہاؤس تہ شکلن ہنز مختلف شاندار سٹلاکٹائٹ تہ سٹلاگمیٹ شخصیت بناونہ آمت۔
4634,یِمَن خطر کور تِمَن پِلسِستانس منز صلح تہ سکونُک ضرورت۔
4635,اگر تہہ خاص چیلنج چھِو، توہہِ یقینی بنوِو پننہِ منصوبہ بندی یا کمپنی ہندِس رابطس تام تام تپھ یِنہ خطر اضافہچ درخواست
4636,کھولنچ تقریب اوس تقریباً ز گھنٹہ تہ ژورن منٹَن ہُند لِزر شو نیچِو لُمیئر ستہِ ۔
4637,چنڈی گڑھس منز چھ پارکن ہند اکھ بِٹ یُس شعبن پیٹھ چلان چھ۔
4638,سٹارس منز ہیکہ دہ دہ درجہ حرارت 40 پیٹھ 45 ڈگری سیلسس تام کھتہ زیاد۔
4639,اداکری ہندس ستۍ چھ گوان لوک آلاتن ہندۍ پرتھ ٹون یتھ کٔنہِ ناگرہ/ڈوبی، گُمات، مدیل تہ کانسلی ہند
4640,ایسوسی ایڈ پریس مطبق چھِ بٔڑِ بتھ بتھ بتھ لُکھ شہرس منز بڈ وولک ستہِ ہُندِس ستہِ ہُند
4641,جنوبی افریقہ منز چھِ نِفین جزیر، نیپین جزیر تہ فِلیپ جزیر دن لکٹ جزیر۔
4642,تہہ چھِ خراب قرض جمع کران ییلہِ تہہ کریڈٹ کارڈ یا باقی قرض قیم کرنہ یا برقرارنہ خطر استعمال کران ییلہِ تہِ نہ تہِ تہِ چھِ
4643,سکاٹہ ولۍ آب و ہوا چھے لداخ اکھ اعلی سطحچ بییہِ یتھ منز امہِ علاقہ کنہہ زیاد تر حصہ پیٹھ واریاہ کم ولۍ چھے
4644,کوسٹکو کاربرِز ایگزیکٹِک رکن شِپ چھِ 120 USD فی ؤری ۔
4645,انگلِ ہُند موسیقی چھِ سلیم سلیمان، ساکین جگر، گولراج سنگھ، اسلام کیی ہِندِ بنوِمژ۔
4646,یہِ قسم چِھ نایاب تہ کاروبرِ مالکانس ستۍ مُقابلہ کرنہ یِنہِ ۔
4647,مے چھٗنہ گروپ پروجیکٹن ہندِس حوصلہ۔ یہ چھٗ ہمیشہ یِوان زِ مے چھٗ تمام کام کرنہ ختم گژھان۔
4648,ایف 1 ایف 1 چھ کی بورڈس پیٹھ اکھ فصلہ کیو۔
4649,تھرمیم قلعہ چھُ پوڈوکٹوتی ضلعہ، تامل ناڈو، ہندوستانس منز پوڈوکٹوتی-کراکوڈی ہائی وے منز تھرمیم قصبس منز 40 ایکڑ وسیع قلعہ۔
4650,ییلہِ دشونی طرفہ چھِ لٹہِ لٹہِ لٹہِ لٹہِ لٹہِ لٹہِ لٹہِ لٹہِ لٹہِ لٹہِ لٹہِ لٹہِ ل
4651,مے کٔر آب فلٹر خطر مینۍ ایم سی دوبار مگر یہ چھ اکھ ریتہ کھتہ زیاد گژھان تہ کانہہ چھ نہ فلٹر (کسٹمر) ہند جایہ
4652,اکہِ نقطہ پیٹھ چھِ سائجن شِکھ سندِس کامس پیٹھ ادایگی ہندِس حکمس پیٹھ پننہِ غلطی ہندِ پوٗر کرنہ ستہِ
4653,گگگر-ہاکرا نظام اوس روُد پٹھۍ تہ آبدی ہندِ فراہم کرنہ ستۍ چھِ ونسہِ پیٹھ انحصار۔
4654,پِسما کولورَس منز چھِ مصنوعات رنگچ تہ گرافائٹ پینسل تہ نرم پِسٹل۔
4655,لٹل فاکرز-لٹل فاکرز چھ شکاگوس منز 2010 ہس منز اکھ امریکی مزاحیہ فلم سیٹ۔
4656,کینیڈاہَن چھُ مُقابلہ ہُند غالب، تمام ژور سونچ میڈل زینان تہ کُنہ گیمہ ہُند غر گژھان۔
4657,کٔرِتھ کٔرِتھ کٔرِتھ کٔرِتھ کٔرِتھ کٔرِتھ کٔرِتھ کٔرِتھ کٔرِتھ کٔرِتھ کٔر
4658,ایڈولف ہٹلرن کٔر 1930 کس دہلس پتہ آسٹریا ہس منز حملہ کرنُک شروٗع۔
4659,"2010 چہ مردم شمری منز سہِ 34,978 لُکھ روزان ۔"
4660,دویمہِ س پروڈیوسر لارین لیوین تہ اداکار ہچرسن تہ روبس ستۍ۔
4661,ٹیم چھ پننہ ہوم گیم بینک آف کیلیفورنیا سٹیڈیمس منز ادا کران۔
4662,نہ پننہِ خاندری، نہ پننہِ نِش، نہ پننہِ دوستن۔
4663,ہبریی شاعری - ہبریی بائبلک واریاہ حصہ چھ شاعری پٹھۍ لکمژ۔
4664,زیاد تر جانورن ہندین جانورن منز چھ ریٹینول پٹھۍ شکلہ آمت پروویٹامین، بیٹا کیروٹینس منز تباہ گژھان۔
4665,پتہ کور تٔمۍ بالٹی مورس منز گژھنہ خطر اکھ زیاد تنقید کرنہ آمتہِ حرکتچ اعلان۔
4666,"زمرچ پیجس منز چھ اکھ سیکشن یتھ منز باقی ""کٹوریج"" ہند فہرست چھ، تہ اکھ سیکشن یتھ منز صفحات یتھ منز زمرچ فہرست"
4667,تٔمۍ کٔر بوسٹر کربے سویم پولس شمل واریاہ کاروبرۍ منافع تیار۔
4668,کیلیفورنیا سٹیٹ روٹ 17 چُھ جنوب پیٹھ شُمالس تام قصبہ منز چلان۔
4669,ٹیلی ویژنس پیٹھ چھِ ڈکودرمس حقیقی ٹیلی ویژنس پروگرامن منز پننہِ آغاز۔
4670,یہ چھ الکننڈا، گنگس دٔریاوُک بٔڑ ذٔریعہ بہاؤ ستہِ شمل۔
4671,جاپنہِ عامن ہندِس ناوس 19 مہِ صٔدی منز میجی ریستورانس تام نہ ۔
4672,اکھ ٹیم ہیکہ کھیلس منز ساروے کھتہ زیاد ژور جایہ دِتھ تہ یِمَن منز اکھ چھُ اکھ اکھ اضافی گول کیپر۔
4673,ہندوستانہ کو ساروے کھتہ کامیاب ڈبل کھلڑۍ چھُ جوالا گوتھا، یُس صرف ہندوستنۍ یُس ز ز ز ز ز ز ز ز ز ز
4674,جواب چھ تہہ ونان ز تہہِ سرمایہ کری ہندِ خطر کتھ ؤرۍ دوپر گژھِ ۔
4675,ڈسپٹیچنگس پٹھ پروگرامر کم کرنہ دوران، ڈورسی گوو کیلیفورنیا۔
4676,کمپیوٹر بناون ولۍ چھ کینہہ ساروے کھتہ مشہوٗر ماڈل پیٹھہ پرنٹر تہِ کنہہہ۔
4677,اگلی صفحہ چھ ییتہ تہہ پننہ ایڈریس اندِتھ ۔
4678,2005 ہس منز، تٔمۍ کٔر کارپوریٹ مواصلاتس منز مشیر ستہِ ساہارا انڈیاس منز شمل۔
4679,پٹھۍ اوس میکڈونیشن آبدی زراعتس ستۍ زیاد تر شمل۔
4680,شطرنج چھ پٔتمین کینژن دہکن منز ہندوستانس منز مقبولیت منز اضافہ گژھان، بنیدی طور امہ سندِ ستار کھلڑِ ویسوانٹن انند سند
4681,غر غر غر غر گڈنِک واقعات، ناکام، غلط استعمال یا سختی ہند متعلق سوچن چھِ ۔
4682,مثالہ، کھلڑِ اکھ چُھ 5–3 ہُند قیادت تہ کلک چُھ رٹان۔
4683,ییلہِ رٹن سینس جیلس منز تھاوان، کمبھالنر دیوپال سندِ بادشاہ پدموتی سنزِ زیادگی ستہِ محبت کرنہ تہ
4684,خدا ہند فضلہ ستۍ ہیکہ چھنہ نیکی ہندس لگہ ستۍ۔
4685,"پٹنن کور فی ہُند ریکارڈ 63,063 روُس۔"
4686,سٹروک چھ دماغک دشوے دشوے دشوے دشوے دشوے دشوے دشوے دشوے دشوے دشوے دشوے دشوے دشوے دشو
4687,تم چھِ سری رجسٹریشن تہ جی ایس ٹی این لٹہِ ذمہ دار۔
4688,ریسنگ ایفیوشنڈو خطر چھ ٹورس پیٹھ رنگ کوڈڈ جرسی، تسلیم تہ اعزازات ستۍ ریسنگ سیگمن۔
4689,ونسہِ بافالو چھ 10-0-0 تہ ونسہِ چھُ این ایچ ایل ہس منز ساروے کھتہ زیاد ٹیم۔
4690,نینا سیمون زاو 1963 منز ٹریون، شُمال کیرولائنہس منز ایونیس کیٹلین ویمون۔
4691,2019 پٹھ چھ یہِ مغربی کارٹیرچ نوِ بلدیہک حصہ۔
4692,"42 قونوُن (ہسہِ ہمیشہِ اکھ پایتخت ""L"" ستہِ لکھنہ یوان)۔"
4693,ریفریجنگ نول واٹر فائل چھ ایشیار ڈیم پیٹھ تقریبا 6 کلومیٹر۔
4694,قبلہ چھُ اسلامچ تعمیراتی ہنز زیادگی ہُند اکھ تعمیٖر۔
4695,تمہِ سنزِ خاندرچ آغاز پیٹھ تہندِس ربطس پیٹھ اوس نہ اکھ اچھی۔
4696,یہ جانورن چھ اکثر مزارعین سندۍ ستۍ ستۍ ستۍ ستۍ ستۍ زاندۍ کاشتہ یوان یم زاندۍ کاشتہ چھ خراب گژھان۔
4697,یہ رپورٹ چھ آبچ ترقی ہنز منصوبہ دن حصن منز تقسیم کران - ہمالایان تہ پین انسولر اجزایہ۔
4698,2017 ہس تام چھُ اتر پردیش کِس ریل تہ شہری علاقن منز حکومت ہسپتالن ہُند تعداد 4442 (39104 بیڈ) تہ 193 (37156 بیڈ)۔
4699,"تٔمۍ وون، ""ایک دھماکہ گٔیہ تہ یہ ماننہ چھ یوان ز تمہِ ہندس گژھنہ یِنہ یِنہ یِنہ یِنہ ی"
4700,نشینا گِیُن ایسٹا ایف سی کونوچی خطر تہ آو 1998 سیزن منز بہترین ایلیون منتخب کرنہ۔
4701,ریاستس منز چھ آب و آب و آبس منز اکھ محدود علاقہ، زمیٖن ہند کم قدرتی زراعت، تہ بٔڑۍ علاقہ چھِ یِنہ یِنہ یِنہ
4702,بدقسمتی تصویر ہند لوٗکھ چھِ نو سمجی سرگرمی پتہ بہتر گژھان۔
4703,سڑکچ ز حصہ چھِ شمل ۔
4704,س س میسوری ہندِ گڈنِکُن زنان یُس امریکہ سینیٹ منتخب کرنہ آمُت۔
4705,2021 منز کور تٔمۍ پننہ یادگار غیر مُکمل شایع، یُس نیو یارک ٹایمز سسٹ سیلر فہرستس تام س۔
4706,کیپٹل بھوپال چُھ اوسط 9°C کھتہ کم تہ 24°C کھتہ زیاد۔
4707,مارینرزن کور شیدی پانژھ منٹس منٹس منز نِک مرجس منز اکھ پتہ آرام گڈنِک گول۔
4708,سٹینن چُھ یِتھہِ ذٔریعہ ہُند کمزور یاد کران؛ سُہ اوس باپیاکا تہِ ونان۔
4709,یُن بُشس ستۍ نزدیک چھُ اَتھ ٹرو چلا ونان ۔
4710,یہ اوس 1967 تہ 1991 ہس درمیان مرحلن منز بناونہ آمُت تہ یہ چھ طویل۔
4711,ساد فارمیٹ چھ اکھ لکٹ فائل بناوان، مگر کم معلومات ذخیر کران۔
4712,ہندوستانس منز چھ لوجسٹک تہ ٹریٹ ہند نقل و حمل خطر زیرساختک ضرورت۔
4713,1667 ہس منز آو ڈچن ڈوکس حملہ کرنہ ۔
4714,اگرچہ پینٹن بیٹرس منز چھ کینہہ چربی، یہ ہیکہ وزن کم کرنس منز مدد کٔرتھ۔
4715,پیج ایکسپلینکس چھنہ اہم مضمون ناوس پیٹھ۔
4716,پارسر ہو ٹوکن ہندِ الگ الگ الگ، یتھ برابر گژھان۔
4717,س چُھ ونسہِ 2019 پیٹھہ گویاکیلس میئر کم کران۔
4718,1054 منز، عظیم سکسمن کٔر عیسائیت دن اہم شعبن منز تقسیم۔
4719,چین بینڈی فیڈریشن آو 2014 ہس منز قیم کرنہ تہ چین چھ پتہ مردن، زنانن تہ نوجوان ٹیمن ہندس ستۍ واریاہ عالمی چیمپئن شپ ٹورنامنٹَن
4720,مختصر سٹیٹوریہس علاو چھ ٹرنر سنڈروم واریاہ خصوصیات ملی خصوصیاتن ستۍ ربطہ یوان۔
4721,تمام اعلی درجتی سوال پوزیشن چھ عام طور اضافی معیار واجینہ واجینہ واجینہ واجینہ باپت تبدیل کرنہ یوان۔
4722,ایڈز چھِ ہندِس لڈنہ منز لکڑی ہندِس پٹھۍ پلو یا پلو کرنہ خطر استعمال کرنہ یوان۔
4723,سٹیشنس منز چھ 3 ب پلیٹ فارمس پیٹھ اکھ منفرد ویکٹوریی تھیمڈ بار تہِ ۔
4724,مشرق، جنوب تہ مغربی سکیمس منز چھِ ٹاؤن شُمال مغربی بنگالس منز کالمپنگ تہ دارجیلنگ ہندِ پہاڑ سٹیشنن ستۍ رُکُن
4725,باقی موسیقی نظامن برعکس چھ سلفیجک پرتھ رکُن (سوارا ونان چھ) ترے واریاہ۔
4726,بنیدی تربیتس منز ہیکہ ساد حرکت شمل یم بار دہ کم کرنہ یوان چھِ۔ بنیدی تربیتک باقی مثال چھِ کشش، مدیتیشن، سٹریکنگ، ٹراونگ
4727,تمہِ سنز مرنہ پتہ آو یہِ عزت زنانن یِم سلطنت ہندِس حرمس منز سارِوی کھتہ زیاد درج تھاوان یِتھ کٔنۍ نُر جھن
4728,ایڈی چھ ہاؤس کورن خطر مڈ نامزد کرنچ کوٗشِش کران مگر آونی چھ انکار کران۔
4729,یونیورسٹیس علاو چھ واریاہ مخصوص سکول۔
4730,یہ آو 1984 ہس منز اکھ چھٗر پٹھۍ قیم کرنہ ۔
4731,کابدی کور 1937 ہس منز اولمپکسس منز بین الاقومی نمییٖنہ، یتھ ہندستانن ہندِ ہندِ ہندِ ہندِ ہ
4732,زیاد تر بینکن، کریڈٹ یونینن تہ ٹرسٹ کمپنین منز بچت ہیکہ اکاؤنٹ کھولنہ یتھ ۔
4733,سُہ آو 2014 ہس منز گڑنڈ کینسر ستۍ تشخیص کرنہ تہ 2015 پٹھہ اوس ستۍ جگر کینسر۔
4734,سُہ اوس 1986 پٹھ 2012 تام کیمبریج یونیورسٹی منز اکھ پروفیسر۔
4735,سُہ چھُ دنیاہچ سوایامبو تہ تخلیق کار ماننہ یوان۔
4736,برگویک برگویک چھ سویڈن کس گویلبرگ کاؤنٹی منز سدیرہمن بلدیہ ہُک اکھ علاقہ۔
4737,یوٗندِس مُلکَس منز آو یوٗندِس مُلکَس منز اکھ ذتی سکریننگ منعقد کرنہ۔
4738,اکھ لزبین، فریمن اوس ہیلن رامسی ستۍ امہ مرنہ تام شراکت دارانہ رتہ۔
4739,نوو سٹارچ ژارن چھِ دورہ، شہرہ وولنگ برادری ہندِس خطس منز میل کرنہ خطر تہِ زیاد مٗفید آسان یمِنہ زِن
4740,مُختصِفَن ہُند وون زِ تصدیقچ ضرورت س نتیجہ بناونہ برونہہ۔
4741,کینہہ لیگن چھ کلبن زنانہ کھلڑین ٹورنامنٹ نش نِش نِش نِش نِش اجازت دِوان۔
4742,سُہ آو میوزیمُک صلحہ کِس سفیر پٹھۍ پیش کرنہ۔
4743,سُہ آو ایری ہچ این ایف ایل پلیئر ناو تہ پرو بولس منز منتخب کرنہ۔
4744,یِتھہِ تہِ چھُ ورنِک سنزِ اینسیفلوپٹی ہُند خطر کم کرنہ خطر تھول تیامین ہُند سپلیمنس منز غور کرن
4745,"نوتنگھم فاریسٹ چیف ایگزیکٹوکشنو کور وون: ""مے چھُس فٹ بالس انسان مسلن پیٹھ ثانوی۔"""
4746,نٹنگکی نیشنل پارکہ چھُ اکھ قومی پارکہ یُس نگلینڈ، ہندوستان کِس پریین ضلعس منز واقع چھُ۔
4747,سنو آو گواسکرس منز عمد طور دخل کرنہ خطر الزام تہ آو بند کرنہ۔
4748,اگر ہم یِمِہِ سُوارَن ہِندِ علامت چھِ یِتھ کٔنۍ سَہ، را، رِی، رو، گَہ، گَہ، گَہ، مَہ، مَہ، پَ
4749,تٔمۍ کٔر 1958 منز منطقی پروگرامنگ کرنہ خطر LISP تیار۔
4750,بٔڑس کھتہ زیاد کھتہ زیاد کھتہ زیاد کھتہ زیاد کھتہ زیاد کھتہ زیاد کھتہ زیاد کھتہ زیاد کھت
4751,عادلانہ مقابلہ قیم کرنہ خطر، چھ اکھ شوٹنگ درجہ بندی یتھ پیرا شوٹنگ درجہ بندی یتھ پیریالمپک گیمن باپتھ جایہ چھ ونان۔
4752,"""فیس بنید"" مشیر چھِ دشونی طور کلائنٹس فیس ادا کران تہ سرمایہ کری ہندِ مصنوعات کنہِ پیٹھ کمیشن حصل کران۔"
4753,دیہ، میلان لوچیچ سندِ خاندری واپس تہ وچھِتھ پننہِ گھرن بُگرلرن ہندِ دِنہ آمتہِ ۔
4754,بوتھ بوتھ چھ اکھ جاپن رقص ہندس تھیٹر یس 1959 منز قیم کرنہ آمژ چھ۔
4755,یہ اوس أکِس ہفتس تام امریکہس منز نمبر 1۔
4756,یہ چھ ونڈوز ویسٹا تہ پتہ ونڈوز آپریٹنگ سسٹمک اکھ حصہ۔
4757,فلمہِ ہندِس مُقابلہ پٹھ نظر آو تجزیٖرن وون زِ ہندوستان چھِ حساس موضوعن ہندِ خطر زیاد کھلیٖز گژھان۔
4758,تہہِ پننہِ ترتیب دِنہ ییلہِ تہہ وقت کس زونس پیٹھ توجہ دِوان۔
4759,دِلہِ ہندِ بٔڑِس سمجی گروپَن منز چھِ برہمن، گجیر، جت، وشیاس، کَتریس، راجپُٹس، اِہیر، پُنگ
4760,تِمَن کٔرِو ایمرجنسی طبی فراہم تہ کھیننہِ فراہم تہِ فراہم۔
4761,ایڈورڈ اوس افریڈ ڈی گریٹ تہ ایلسوٹ سندِ نیچ نیچِو ۔
4762,میک فیشرن کٔر بینڈس انتظام تہ صوُرت تہ لڑچ پیٹھ تہِ نظر۔
4763,چُھ زِ یہِ کار چُھ کتھ قدیم۔ ستہِ سیٹ چھِ پٹھہِ تہ یہِ چھِ واریاہ خراب۔
4764,سُلالَن اوس اکہِ معاملہ رپی کرنہ برونہہ بِفلو کٔرِ ۔
4765,س3 پی وی اے سی ویکسین ہیکہ تام میکسیکو کین انڈیمک علاقن منز استعمال کرنہ خطر بہترین ویکسین ہند کانڈینٹ ماننہ یِتھ ۔
4766,یِم چھُ جاپان تہ شملی امریکہس منز تہ صرف 2010 ہس منز یورپ خطر کم کرنہ یِوان۔
4767,س بنیو ایتالیائی جمہوریہ ہنز آرڈر آف میریٹ آف نیٹ گرینڈ کراس۔
4768,تُہۍ اداکار چھِ تہہِ جج تہ تُہۍ گواہِ منز شرکت کرنہ خطر دشونی تیار کران۔
4769,یہ موسیقی چھ شیو آر کشیپ، ہماچل کن اکھ نوجوان موسیقار تہ گلوکار، ہماچلی لوک تہ معاصر عالمی موسیقی ہند اکھ مٗترابطہ ستہِ بنان۔
4770,مطالعہ چھُ ہاونہ آمُت زِ نوجوانن ہندِ زیاد تر اکثریت چھُ مشکوٗر گژھنہ برونہہ دوا استعمال کرنہ نِش گژھان۔
4771,کمیونٹی ایشن یا کینہہ گڑن ہند مدد پیش کران، مگر پروگرامن ہند غلط استعمال کرنہ خطر محتاط زِ تہہ ہیکہِ بلیک لسٹ گژھتھ
4772,کورز فیلڈ کورز فیلڈ چھ کولورڈ کِس ڈینورس منز اکھ بیس بال پارک۔
4773,ییلہِ گیس أکس مایعس منز تبدیل گژھان چھِ، اتھ کور کنڈینسشن ونان۔
4774,تٔمۍ کٔر ششی کپور سندِ فلم ویلز پروڈکشنز کالیوگ منز ریمہ لاگو سندِس خاندار تہ راج بابر سندِس بہن ہ
4775,کتابہ ہند کتابہ چھ لوہیت ضلعس منز کینہہ مقامس منز، چوکھمس منز ساروے کھوتہ بوڑ اکھ سہ۔
4776,ایجنٹ یم حصِل قونوٗنی قونوٗنی نِش کورمژ اوس، یم کم ادایگی کرنہ آمژ تہ آسہ آسہ دِنہ یِوان۔
4777,تم چھ عملچ قیادت کران یتھ منز شِک پرچم، یتھ نشن ساہب تہ گُرو گرینٹ ساہب سندِ پالکی (پالکین) ونان چھ۔
4778,یہِ چھ مغربی موسیقیَس منز اکھ تھونک (یا کم خاص طور اکھ کیر) ہُند تقریبی معادل۔ یہِ چھُ نوٹ ییمہِ ستہِ باقی تمام چھِ نیران۔
4779,آرتھرن بنو اکہِ بوسٹرس ستۍ دُشمن مگر خرِس منز بنو دوبار دوست۔
4780,پرساڈ شاہن کور فلمہِ ہُند پس منظر سکور بنان۔
4781,تِکیازِ تِہندِ علم چھِ براہ راست تجربہ ستہِ آسن، تِم چھِ تہہِ کانہہ باقے ذریعہ ہیکو کھتہ زیاد ذتی
4782,س کٔر میس یونیورسٹی منز امریکہ تہِ نمایندگی کران۔
4783,بھاگوان چندراپھراپھ جین مندر چھ اکھ جین مندر یس دیوتا جینس ستۍ وقف چھ، یُس تھانجیوور ضلعہ تامِل ناڈو، ہندوستانس منز کم
4784,ریاست ہندِس سرس منز زائرہ کرنہ چھِ فدرال کونسل ستہِ جمع کرنہ یوان۔
4785,پٹرکَن وون زِ تٔمۍ کور لورنس لیسیگ سندِس بلاگَس پیٹھ ویلس ہنزِ دِن چیزن ہنز فہرست شمل کرنہ
4786,بن کرس تہ ایان چارلسن کٔر ابراہیم تہ لڈیل کم۔
4787,یہ واضح چُھ زِ سُہدِس بُنیادس چھِ خوشی ہُند لُکُن تہ یہِ چھ واریاہ مصنوعی وُچھان۔
4788,"آکسفڈنگ انگریزی وضاحت چُھ ونان زِ یہِ لفظ ""جنگہ ستہِ"" اصل مطلب اوس ""حکومت خطر اکھ شدید مقابلہ۔ حقی جنگ یا تسلہ۔""۔"
4789,تٔمۍ زیوٗن 1972 تہ 1974 ہس منز بہترین ایڈاپٹڈ سکرین پلے خطر اکیڈمی ایوارڈ۔
4790,سُہ گُزریو 6 اکتوبر 2020 ہس منز 80 وُہُر ہاوسٹن منز۔
4791,چھِ شے منتر چھِ پرتھ منتر ہندِس اِستبار كِس خرس پیٹھ چھِ مقدس نارس منز صاف کرنہ آمتہِ ہُند اکھ ژھ
4792,تہہ پننہِ مددتی موضوعہ ہندِ انتخاب کرنہ پتہ، تفصیلی ہدایتہ چِھ لچھنہ۔
4793,مُمکنہِ نیور پروٹیکٹو ایجنٹ یِم یِمَن ہِندِس پٹھۍ پٹھۍ ہِندِس کلینیکل ٹیسٹَس منز چھِ یِمَن ہِ
4794,ہارروَس منز بناونہ آمتہِ گڈنِکِنِک کورٹ س خطرناک تِکیازِ تِم سہِ آبنی پپھ، پٹھہ، پ
4795,فرینڈ چھ اکھ گھو تہ اکھ ریتھ ستۍ اِد تہ اِیوُ موازنہ کران۔
4796,یِمَن منز کانہہ تہِ تِم یِم میشلینن ہِندِ انڈیا پُلس منز سہِ سہِ تھاونہ یِنہ خطر
4797,پننس سڑکہِ منز چھِ پریتھ کوویڈ-19 ستہِ انفیکشن گژھان تہ ہم ہیکہِ یہِ پتہ یِتھ ۔
4798,پریاگوال پینڈا گڈ گڈنِچ ریکارڈن ہند مطبق، مگر پتہ روُزِ یہِ رُکُن، ییلہِ مُلکن پیٹھ مذہبی ٹیکس ہ
4799,واریاہ شہرس تہ قصبہ چھ کرسمس منز چھ جشن منز کران۔
4800,ایونٹ مینجمنٹ سندۍ پٹھۍ کلائنٹن ہند مثبت ردعمل چھ حیرت انگیز۔ یہ چھ اتھ متوافِق طور کامیاب واقعاتن ہنز وچھنہ خطر یقینی
4801,اگلی کینژن ؤرین دوران کور الودینن چگتاے خانیت، جاران منجور، سیوسٹن، کیلی، دلہ تہ امروہا منز منگول حملن ہنز کامیابی سان بچا۔
4802,سُہ اوس سراسوت ٹیلی ویژن سٹیشن WWSB منز اکھ انکر وومن لینڈا کارسنس ستہِ خاندر کرنہ آمُت۔
4803,ڈراما ہندس متعلق فیصلہ چھ امپیئرن ہند ذریعہ کرنہ یوان، یتھ امریکی فٹ بالس منز رفیئرس ہندس طورس پیٹھ چھ۔
4804,تاہم، تِم چھُ ہاوان زِ ڈوکنگ اوس نہ بھولنہ آمُت۔
4805,اتھ منز چھ پینہندل ستۍ ریاستچ پور شملی حصہ تہ شمل۔
4806,تاہم، اشیوکاہن کور امہِ بٔڑس فوجس برقراروِتھ، سلطنت بچاونہ تہ مغربی تہ جنوبی ایشیاہس منز پٹھہِ مستحکم تہ صلح حصِ
4807,مے پتہ کِس كِس رُکُن منز کھتہ کھتہ کھتہ بَگِتھ تہ تھووِتھ ۔
4808,پٹ بنیو اتھ فلمس منز پننہ کردار ادا کرنہ خطر اکھ قسم ثقافتی آیکون۔
4809,کیمیکل جنگ چھ صرف انسان زندگیس پیٹھ براہ راست حملہ کران۔
4810,بِھارَن روُد 1912 تام برطانوی ہندوستانُک بنگال صدریتُک اکھ حصہ ییلہِ بِھار تہ اوریسا الگ صوب بنوِمژ اوس۔
4811,2000 ہس تام سہِ تقریباً 2000 لُکھ آڈمسویلس منز روزان ۔
4812,پتہ چھِ ہولی سپرنگ تہوارس ستۍ وابستہ اکھ لکٹ موسیقی ہندِ شکلہ پٹھۍ وچھنہ یوان۔
4813,سریڈیرن آو فرانسیسی حکومت دِلہ میٹروَس منز پننہِ حصہ خطر لیجِن آف انور اعزاز دِنہ ۔
4814,1978 منز آو سُہ 1978 ایشییی کھیلن خطر جاپان تہِ منتخب کرنہ۔
4815,ساروے کھتہ زیاد نقطہ چھُ شُمال اینڈیمن جزیرس منز واقع (سڈل پیک 732 میٹر (2،402 فٹ) پیٹھ)۔
4816,دویمہِ عالمی جنگس دوران آو بی بی سی سیمفونی آرکیسٹرا برسٹولس منز بچاونہ ۔
4817,سُہ چھِ فروری 2019 پیٹھہ صحت تہ میڈیکل ایڈوکولشنک نایاب وزیر۔
4818,2020 ہس منز اِلٹیٹ Kho-Kho لیگ شروع گژھنُک توقع چھُ، ییمہِ دابورس ستۍ اکھ بوڑ سپانسرشپ معاہدہ حصل کرنہ آمُت۔
4819,اگلی ہفتہ بنیو س 100 میٹر ایونٹ منز پیرس ہند چیمپئن۔
4820,سپایک سافٹ ویئر، یس امریکی ایئر فورس سنز این وی ایسٹر گلوبل پوزیشننگ سسٹمک حصہ چھ، چھُ کامیاب سان میڈیم زمین کِس دورس منز تراونہ آمُ
4821,یہ چھٗ تِہِ وجہ زِ تِم س نہ زانہ زِ سُہ اوس کُنہ ۔
4822,امہِ دوران چھِ سائکلونن کارپینٹریا کس خلیجس منز غیر قانونی مچھلی ہُند پٹھ کُنہِ ہُند کوُشِش کرنہ خطر حکومت ہُن
4823,ذتی کمپنی کنہہ کنہہ پدا کرنہ برونہہ 80 تام حکوٗمت ایجنسی مسہِ مسہِ ۔ تہ اگر لائسنس دِنہ یِوان
4824,کمیونٹی ہند ترے مرکز چھُ گولنکمپ، ہافٹینکمپ تہ ہارڈنگ ہاوسن۔
4825,اکھ مکمل پٹھۍ پٹھۍ پٹھۍ پٹھۍ پٹھۍ پٹھۍ پٹھۍ پٹھۍ پٹھۍ پٹھۍ پٹھۍ پٹھۍ پٹھۍ پٹھۍ پٹھۍ
4826,اہم کردار منز اکھ، ماریس چھ جون بغی منز حصہ لیتھ۔
4827,سکوُلرن چھِ یَکشگانَن واریاہن قسمن منز وسیع پیمانس منز درجہ بندی کرنہ آمُت:
4828,ییلہ سُہ 20 ؤری کھتہ زیاد کم کران اوس، تروِہ تٔمۍ تنظیمہ نِش گژھان پتہ، تٔمۍ کٔر نہ یہِ زانہہ
4829,یہِ فِلم چھُ میکا سنگھ سندِ گڈنِکِس اداکار کِس طورس پیٹھ کوشش۔
4830,ایم بوس اوس اکہِ تپہِ كلوُس ہُند عام وجہ، مگر پسٹایرسائزیٹڈ شیرک تعارف کٔرِو یہِ پبلک صحتس منز مُلکن منز اکھ مسلہ
4831,پتہ، 4 مہ صدی ہندِ وسطس منز، تمہِ اوس سامودراگپتا تحت گپتا سلطنتہ ستہِ کمزور کرنہ آمُت۔
4832,1980 کس دہلس کِس خرس منز پننہِ کیریئر شروع کرنہ برونہہ کٔر تٔمۍ غیر ملکی تجارتس منز کم۔
4833,ورلڈ کیٹ آو OCLC کہ طرفہ بناونہ، یُس کتابدارن ہند اکھ تنظیم چھ۔
4834,ییلہِ حوصلہ اکھ ٹایمسس تام گٔیہ، ٹیمچ دن گولن ہند دباو 82 منٹَن منز دنہِ دباو كِس سکوُرَس
4835,اکھ اکھ قرض ادا کرنہ خطر، تہہ پریتھ ریتھ کینہہ اضافی کیسہ ضرورت یتھ تہہ کم از کم ادگی کھتہ زیاد ادا کرتھ۔
4836,مے چھس حیران ز یہ تجری کرایہ کرایہ کرایہ کرایہ کرایہ کرایہ کرایہ کرایہ کرایہ کرایہ کرایہ کرایہ کرایہ کرایہ کرایہ کرایہ کرایہ
4837,اداکری منز استعمال کرنہ یِنہ آمتہِ باقی معمولی آلات ہیکن گھتھم، کانجرا، موزننگ، وینو فلٹی، وینا، تہ چٹراوینا شمل
4838,اکھ تالمچ جتی چھ ریتم سائیکل ہند بٹ شمارچ وضاحت کران۔
4839,سفید مرحلس علاو چھ تمن اکھ نیلے مرحلس تہِ ۔
4840,کیویویرس منز چھ قدیم راک کوٹ گپھ مندر وچھِتھ ۔
4841,سینٹر بورڈ ہیکہ لکڑی، پلاسٹک یا دھاتہ ستۍ بناونہ یِتھ ۔
4842,میسٹرس مطبق چھِ مندر 8 ہمہ صدی ہنز گڈنِک نصف پیٹھ علاقیی سیسی تہ فندِس تریخس پیٹھ مبنی۔
4843,یہِ ستہِ تہہِ تہہِ ہُند اِفكار دِتھ زِ تہہِ پننہِ مقصدَس تام بچاونہ خطر کتنا ضروُرت چُ
4844,بین الاقومی سائیکل پولو میچن کٔر 1990 کس دہلس منز واپس گژھان یتھ منز 1996 منز امریکہس منز گڈنِک عالمی چیمپئن شپ منعقد کورمُت۔
4845,اکتوبر 2011 ہس منز کور دیسای سندِ خاندار پریانکان اعلان ز س چھے فلم مکمل کرنہ، تہ یہ آو گڈنہ خطر دوبار نامزد کرنہ
4846,انتر حصہ چُھ وسطی اوکتاو سندِ دویم ٹیٹراچورڈ تہ اعلی اوکتاو نوٹ استعمال کران۔
4847,یہِ آو اطلاع زِ کھو سندِ سندِ سندِ سندِ سندِ سندِ سندِ سندِ سندِ
4848,1 جنوری 2017 ہس منز آو یہ مونٹہولن کِس نٔوِ کمیونیا منز ضم کرنہ۔
4849,"2010 ہس تام سہِ 186,897 لُکھ قسمچ دور ۔"
4850,امہ ستۍ کٔر امریکہس منز براہ راست غلامی ہند ختم کرنہ۔
4851,ییلہِ کینہہ بینڈی کھلڑِ چھِ یِتھ کٔنۍِہِ فِچِس مِسَسَس پٹھۍ لَگَن ہُند ضرورت یِتھ کٔنۍِ
4852,مے اوس اکھ پرنڈِ قلعہ ہُند دور کران تہ چھِ خوف ہُند احساس ییلہ مے تِہ ندِس وسطس منز اکھ وُچھم
4853,اگرچہ بھرتیہ جنتا پارٹیس منز چھ واریاہ اعلیٰ رہنما تہِ شمل یم خاندان چھ، امہِ ظہر چُھ کانگریس پارٹی ہنز کھتہ کم بی جے پی منز خاندان
4854,تٔمۍ کور 30 جون 2015 پننہ صدرک مہمچ اعلان۔
4855,یِم جوڑِ چھُ رُونڈ تہ ہیکہِ الگ کرنہ یِتھ ۔
4856,آلفا تالاسمی چھ اکثر جنوب مشرقی ایشیاہ، وسطی مشرقی، چین تہ افریقی نسل ہندین لوکن منز لبنہ یوان۔
4857,حالے چھِ کرِکیٹ فیلڈ ہاکی کھتہ زیاد مقبول گژھان۔
4858,اعلی درجے کھلڑۍ کھلڑۍ، سینیئر تہ جونیئر مُقابلہ دشوے منز، چھِ گیمُک زیاد شدید تہ تیزی سان کھلڑۍ کھلڑۍ کھل
4859,اِکبلَن چھُ یہِ ہُند کوشش کران زِ تِہِہِ چھُ زِ تِہِہِ تہِ معاوُن ہُند حرکت کِس تہِ زِیاد ماحولی
4860,انٹرنیٹک استعمال کٔر یِم ترن کاراکرن ہندِ زندگی متثر کرنہ کس طریقس پیٹھ چھُ یہِ قصہ ہندِس كِس كِس كِس شکل بناوان۔
4861,جِیِوِکاسَس منز اوس بودھزمَس ستۍ تہ جینِزمَس ستۍ واریاہ مُشابِق۔
4862,کاربس انسایڈر کاربس انسایڈر چھ اکھ امریکی کاربس نیوز ویب سایٹ۔
4863,یہِ چھُ اورپھینٹُک اکھ سرکرِ جورنہ تہ یہِ چھُ بائیومڈ سینٹرل کہِ طرفہ شائع کرنہ یِوان، یُس سپرِنگر نِشدِ
4864,یہ چھ کینہہ عالمی مارکیٹَن منز کِس ایف سی یس ستۍ تہِ استعمال کران۔
4865,میکوس منبرن چھ جلدہ پٹھ مختلف ییمہ منز تِم کینہہ پٹیوجن جسمس منز اجازت دوان چھِ ۔
4866,پنن کالج کورس شروع کرنہ منز تاخیر ستۍ چھٗ تٔمہِ ختم گژھنہ پتہ کٔرِوو کمہِ ہندِس انتظارس منز اکھ پریشان گژ
4867,ہندوستنہِ کرکٹ ٹیمن زیوٗن پننہِ کیپٹن شپ تحت 2011 کریکٹ ورلڈ کپ۔
4868,مثالہ، یہ ہیکہ راتس پیٹھ کام کرنہ خطر کٔرِتھ ۔
4869,استعمال کرنہ آمتہِ گاڑِ چھنہ ہمیشہ بالو بلیو بُکِس قمتس خطر کم کران، تہ یہِ زاننہِ زِ تُہۍ کتھ م
4870,مندرہ ہندِ پیچیدتہِ مندرَس منز چھِ اکھ مرحلہ تہِ شمل، یُس ہُلیکیر کالیانی تہِ ونان چھِ۔
4871,ایڈوان کور 16 وریہ ونسہِ ونسہِ منز پننہِ ڈبلیو بُکَن لکھ۔
4872,یِم دشونی لوٗکھ چھٗنہ زانان زِ تِم چھِ پننہِ پٹھہہِ ربطہ۔
4873,ویس مُود 28 دسمبر 2021 ، 97 وُہُر ونہِ ونسہِ منز ۔
4874,آسٹریلیاہَن کٔر دیہ فٹ بال بین الاقومی دوستی منز نیجریا 1-0 شکست۔
4875,چارلس IV کٔر پرنڈ ٹاؤنس ستۍ نیو ٹاؤن (نووی میسٹو) ہُند عمارت کٔرِتھ حکم تہ کٔرِ ڈیزائن پننہِ نِش۔
4876,یہِ ضعیف پوزیشن اوس اِلیڈ طاقتن تہ تمہِندِ فوجن درمیان بے بییہِ وجہ ستہِ۔
4877,یہِ سِلنگ اوس 2002 تام چلاونہ ییلہِ یورو متعارف کرنہ آو۔
4878,تم چھ روسی دویمہِ سطحہِ ڈویجن، سپریم لیگس منز مقابلہ کران۔
4879,یہ اوس ہبسبورگ سلطنت تہ آسٹرو ہنگری سلطنت ہنز اکھ اہم شہر۔
4880,دیوینی موُد 15 اپریل 2022 ہس منز 74 وُہُر۔
4881,سٹیٹ بینک آف انڈیا آو 1 جولایی 1955 قیم کرنہ ۔
4882,آسٹریلی لیسل جونز زیوٗن گولڈ میڈل تہ 1:05.17 منٹ ہندس وقتس ستۍ زنانن ہندِ 100 میٹر بس سٹروک فاینلس منز اکھ نو
4883,جج پیتر تھامپسننن وون ز کوکسن اوس اکھ اہم خطر تہ یہِ اوس عوام ہندِ تحفظ خطر جیلس منز سوزنہ یِنہ یِوان۔
4884,دویمہِ دہ، اکھ موسمچ واقعہ ییمہِ سیزنچ ساروے کھتہ زیاد روُد روُد ولۍ آو، دِلہِ، ہندوستانس منز اکھ
4885,پتہ گوو نیریجن 2018 کِس کمونویلٹس گیمَن منز مردن ہندِس جویلین ٹرو گول زیننہ خطر۔
4886,مارچ 1858 منز کٔر کمپبلن اَکھ بٔڑ فوج ستۍ لکنوَس پیٹھ اَکھ بار برونہہ، ییمہِ امبگھَس منز فوجس ستۍ جمع
4887,سُہ اوس 1985 پٹھ 1989 تہ 1993 پٹھ 1997 تام دوبار سپیٹ۔
4888,پروٹین یُس رگس منز حملہ کران چھُ چھُ اکھ اینٹی باڈ ونان۔
4889,ریٹائرڈ این ایچ ایل ریفری بروس ہوڈن چُھ ونان زِ تٔمۍ سندِس اعلی پروفائل ہیکہِ وجہ زِ سُہ چُھ نہ ہاکی ہال آف فیمس من
4890,زیاد تر تہوار ہندین پٹھۍ چھِ مٹون شمل، مگر سالڈ تہ مختلف سوپ تہِ چھِ مقبول۔
4891,پتہ کٔر جانسن پولیس ہند ڈِی جی بنان حالانکہ وِلکنسنن اوس پننہ نقل و حملچ درخواست دِوان۔
4892,ڈول آو نومبر 2012 ہس منز والٹر رِڈ نیشنل میلٹی میڈیکل سینٹرس منز ہسپتالس منز دِنہ۔
4893,2013 ہس منز آو یہِ وُچھ زِ سُہ اوس پننہِ گلوُن ہُندِس بِلڈرس پیٹھ اکھ تومور۔
4894,شدید روُد تہ بٔڑِین ہِندِس ستہِ سِڈنی تہ سینٹرل کوسٹَس منز بٔڑِتھ ۔
4895,سکاٹ بادشاہ زاو 27 اپریل 1927 ہس منز ہایبرگر، البامہس منز۔
4896,10 مہِ صدی کِس خرس تام چھِ اکھ لٹینی شاعری یتھ ڈِسکایس ونان چھِ، چھِ انسیڈلین ایبیی منز محفوظ کرنہ آمُت۔
4897,امہ وجہ ستۍ چھ واریاہ ماجہ یم صرف زینہ آمت چھ چھ چھ چھ فلو شاٹ حصل کرنہ خطر سختی سان حوصلہ یوان تکیاز تمہِ سنزِ ای
4898,شدید زخم ولۍ مریضن منز چھِ ترقی اعصابی ہدایت کارنی ہندِ مطالعہ ستہِ پیٹھہ یوان۔
4899,اودایپورس منز کٔر سِنگھن لگ بگ 45 منٹہ ٹھنڈے آبس منز ٹھنڈ کرنہ منز اکھ بتھ سیسیشن۔
4900,مے اوس غر غر غر غر غر ییلہ شہرچ ساروے کھوتہ بوڑ کتابہ دار نہ یتھ کتاب یس مے ژھانوو تھاو۔
4901,اَمہِ شخص ہیکہِ تھول تہ کُنہِ گھنٹن تام بَگَنِتھ ۔
4902,کیننگ ٹاؤن سٹیشن چھُ جبل لائنس پیٹھ یُس باقے علاقن ہندس رلکچ فراہم کران چھُ۔
4903,1713-14 ہس منز، پگھ پگھ پگھس اکھ پٹھۍ پٹھۍ پٹھۍ پٹھۍ پٹھۍ پٹھۍ پٹھۍ پٹھۍ پٹھۍ پٹھ
4904,یونین فوجن کور سنکن روڈس پیٹھ کنفیڈریٹسس حملہ کران۔
4905,این اے اے عدالت، یتھ ریڈ فورٹ ٹریلز تہِ ونان چھ، چھُ ہندوستنہِ نیشنل فوج کین واریاہن افسرن ہندِس عدالتن ہنز حوالہ دِوان۔
4906,ریاستس منز چھِ لکنو (چودھری چارن سنگھ بین الاقومی ہوییی ہوییی ہوییی ہوییی ہوییی ہوییی ہوییی ہویی ہو
4907,تِہندِ سندِ سندِ سندِ سندِ ہندِ نتیج س چھے تٔمۍ پننہِ رینکنہِ تِکِس تحفہ پیش کران تہ یہِ چھے الکسان
4908,واہ، مینۍ سٹاک چھ سکرکیٹنگ کران! یہ چھ مینۍ پورٹفوریو خطر اکھ بوڑ خبر۔
4909,قصرچ بناونہ سہِ لکڑی تہ سنگہ ستہِ بناونہ آمتہِ ۔
4910,یہِ ستہِ دِژ مذہبی، سمجی تہ معیلی تباہی، یتھ منز یورپی تریخس دوران اَہِ ولۍ اثر تھاوان۔
4911,س چھ مارسیلو یس پکان چھ، یس دروازس نزدیٖک اکھ لکٹ ٹایرنس منز روزان چھ۔
4912,مُقابلہ کِس اِستثنیدی ستہِ چھِ تمام ٹکٹہ مُربعس تام منتقل کرنہ ستہِ پکڑان یِمِس مُقابلہ کِس ٹکٹ
4913,اگر تِم نا راضی سۍ، تِم ہیکہِ سٹیج واپس آتھ تہ واپس یِتھ ۔
4914,فیکسن، اوکلاہوما فیکسن چھ امریکہ منز اوکلاہوما ہک اکھ قصبہ۔
4915,توانیی چُھ ونہِ فوٹوٹوٹوکسک: ییلہِ لکٹ چھِ اکسیڈائشن فروغ دِوان، کیمیکل ردعمل چھِ غیر قبل اکسیجن مولکولَن ہن
4916,جمعہ 3 اپریل کور کرنیکن 47 ونسہِ پننہ پور اپارٹمنٹ تقریباً پانژ گلوین گیسولین ستۍ صاف، ییمہ ستۍ کٔرِتھ ک
4917,ساروے کھتہ مشہوٗر ٹاپ سطحچ زمرن منز چھ سٹور ایپیرینس، ڈسکٹینٹینڈ ایٹم/برینڈ، کمپنی فیڈ بیک تہ سوال، تہ پروڈک
4918,لمیٹڈ اوورز انٹرنیشنلز تہ ٹوینٹی 20 انٹرنیشنلز پٹھۍ بین الاقومی سطحس منز چھ دشونی لمیٹڈ اوورز انٹرنیشنلز پٹھ گِند گِند
4919,جینکنز گُزریو 30 ستمبر 2020 ہس منز 68 وُہُر۔
4920,ٹینس چھ تامل ناڈوَس منز تہِ اکھ مشہوٗر کھیل یتھ منز رامش کرشنن، رامناٹن کرشنن، وجے امریٹراج تہ مہش بھوپتی شمل اہم بین الاقو
4921,انک کارٹرج انک کارٹرج چھ اکھ لکٹ کنٹینر یس منز انک شمل چھ۔
4922,گڈنِچس منز اوس اے300 نہ واریاہ کامیاب۔
4923,ہِندِس حکوٗمتس منز چھِ بھرت راٹن (ہِندِہ سارِوے شہری ایوارڈ) ستہِ گڈنِس اداکارَس منز تعریف کرنہ خ
4924,تاہم، آئی آر ایس چھ اکھ فردن سزا دِوان یِم تیزی سان پونسہ نکال کرنہ ستۍ اتھ نظامس منز فید حصل کرنچ کوٗشِش کران چھ
4925,افغنہِ سیکورٹی افسرن چھِ 2008 ہس منز کم از کم دن بار امریکی فوجیَن ہُند حملہ کران۔
4926,مثالہ، اگر تہہِ نوٹس منز انسٹا کارٹ شمل کرنہ خطر دلچسپی چھِو، توہہِ اَمہِ اکاؤنٹَس پیٹھ ای میل۔
4927,مظہرین کور کامیاب طور حکومت تہوار پٹھۍ منع گژھنہ خطر کھیل منز حصِل۔
4928,یہِ چُھ ایشییی کھینن منز تہِ یِوان، یِتھ کٔنۍ چینی تہ انڈونیشیا کھینن منز تہِ۔
4929,2015 ہس منز کور تٔمۍ نیپالس منز کاروبر شخصیت ہیتش رالہنس ستۍ خاندر۔
4930,یہ آو سونی ایی وی یس پیٹھ 26 جون 2020 ریلیز کرنہ۔
4931,جنگس دوران اوس سُہ اکھ فوجی یُس کم درج تھاوان۔
4932,انکشن، 1968 منز لانسسٹن، تاسمنیا منز شروٗع۔
4933,ریسایڈنس منز وکی میڈین - ریسایڈنس منز اکھ وکی میڈین چھ کنہہ یس اکھ تنظیمس ستۍ کم کران چھ۔
4934,سی این ایئرپورٹ سی این این ایئرپورٹ سی این ایئرپورٹ سی این ایئرپورٹ اوس اکھ امریکی ٹیلی ویژن نیٹ ورک۔
4935,سی سی ٹی وی فوٹوگرافی چھُ ریلیز کرنہ آمُت یَتھ منز چھُ پاکستان کس اسلام آبادس منز مارریوت ہوٹلَس نیبر ٹرک بم دھما گژھان۔
4936,کینہہ روایت چھ یہ تقریب شُرِ خطر روحنی زایہ یا مستقبلی ڈوییا، یُس دشونی زایہ گژھان چھُ۔
4937,سُہ گوو 1978 منز 36 وُہِ وُہِہ ونسہِ منز پیشہ ورانہ باکسنگ پٹھ پٹھ پٹھ پٹھ پٹھ پٹھ
4938,آے سلطنت اوس نگر کویل تہ تھرووالا درمیان بڑان۔
4939,تٔمۍ کور یہِ تہِ شمل زِ تٔمۍ کٔر آن لائن بلاگرز ہنز تعریف ییمہِ غلطی ہندِس لکٹہِ منز آسان۔
4940,س سہِ شہہ بہ، یتھ منز وے ایڈون لوون اکھ فنکار اوس۔
4941,اگر یہِ اکھ مضمون ییلہِ توہہِ صرف لکھنہ خطر منصوبہ چھِ، تیلہِ براہ مہربنی یہِ گڈنہِ لکھوِو تہ پتہ فائل اپ لو
4942,تھراکوئل چھُ ہندوستنہِ ریاست تامل ناڈو کِس ترووانمالایی ضلعس منز ٹیلار تالکَس منز اکھ گام۔
4943,رالیسیما کِس غرِس دوران، تٔمۍ کٔر زراعتی کمیونٹی ہندِس پریشانیس منز جواب دِنہ خطر واریاہ گاہن ہُند دور
4944,اکسسی ٹیکس چھِ دن اہم طریقن منز فروخت ٹیکس پٹھ فرق۔
4945,یہِ چھُ کِچاکیشوری مندرُک مقام یُس سیرِ کٹونہ ستہِ بناونہ آمُت چھُ ۔
4946,امریکہس منز چھ سُہ ہندِس اندرونی ساکس تہِ کھیوان، یُس کِی سی کمٹسَس منز گِند چھے۔
4947,سافٹ ویئر پروگرام بناونس منز چھ اکھ اہم کام ضروریات سمجھنا۔
4948,متثر سہِ چُھ عام سہِ ستہِ نسبتاً بُنیاد کران، باقی غیر آکٹروکولر مُسکلن ہنز غیر متنازعہ کمتہ
4949,مانین کور پننہ پیشورانہ پیشورانہ پیشورانہ پیشورانہ پیشورانہ پیشورانہ پیشورانہ پیشورانہ پیشورانہ پیشورانہ پیشورانہ پیشورانہ پیشورانہ پیشور
4950,خرِس منز چھِ جِیڈیو سمرتی ستہِ خاندر کران تہ تم چھِ اکھس ستہِ خوشگوار روزان۔
4951,لورینز چھ یِمَن اَکھ کارکردگی کِس خرس منز تِمَن ہُند دِنہ خطر زاننہ یِوان۔
4952,تِمَن کور اشار زِ رِسٹلر باپت، مُلک خطر میڈل زیننچ پننہِ مقصد تلاش کران، چھُ پننہِ کورن پننہِ ا
4953,یہ معاملہ آو 11 اکتوبر یو ایف اے کین کنٹرول اینڈ ڈسسیپلینری باڈی طرفہ سندۍ ستہِ وُچھان۔
4954,نارتھ امبریا ہکہِ بادشاہ اوسوین کور ایسیکس ہکہِ بادشاہ سیگبرٹ عیسائین بننہ خطر قبل۔
4955,یہِ چھُ مختلف ہیندِ گروپن ہندِ ثقافتی تعلقچ الزام لگوِتھ۔ مُفكِر چھِ متشکل۔
4956,یہ چھ حقیقی میگنٹ واپس کران تہ یہ چھ اتھ زِیاد نزدیک گژھنچ رکاوٹہ یوان۔
4957,اوڈیشہس منز چھ مہا شِوارَتری جگر تہِ ونان ۔
4958,مگر اتھ وقتس منز واریاہ کم سیاح ستۍ ہیکو تہہ صلح آسنہ آمتہِ روٗدنہِ شاور تہ صلحس منز تریٖنہ آمت
4959,پوجا ہس پیٹھ چھ اکھ کمیونٹی فیسٹ تہ ہریا ہند شراب پٹھۍ پیٹھ پیٹھ پیٹھ پیٹھ پیٹھ پیٹھ پیٹھ پیٹھ پیٹھ پیٹھ پیٹھ پیٹھ پیٹھ پیٹھ پیٹھ پیٹھ پی
4960,فَہادھَن کٔر تامل سنیما منز پننہِ آغاز، فلم ویلیکارن ستہِ سِواکارٹِکیانَس ستہِ اداکری کران، ییمہِ ست
4961,کینژن معاملاتن منز، شرکن ہنز چھِ بُل ہندِس ہندِس ہندِس ژندِس پیٹھ پرتھ ہندِ ژن
4962,فدرل بیورو آف انسٹایشن اوس ایپسٹائن تہ أمہِ سنزِ گھرچ تحقیق کران۔
4963,ماحولیتی موضوعن ہند فہرست: یہ چھ قدرتی ماحولیتی موضوعن ہند فہرست۔
4964,پیجس پیٹھ، تہہ چھ واریاہ متغیر درج کرنہ خطر پوٗر یوان۔
4965,جھیٖل منز ساروے کھتہ بوڑ چھِ لیج ویلنگٹن، لیج کینگ تہ لیج ویکٹوریکٹرا۔
4966,شکایت ہُند لیٹر لکھنہ یِتھہ، تیلہِ تیلہِ تیلہِ کامیاب گژھنُک بہترین موقعہ چھِ لیٹر کمپنی کِس کِس کِس کِس کِس ک
4967,یہِ ستۍ چھُ آگارٹال تہ کولکتاہس درمیان 1000 کلومیٹر کھتہ زیاد فاصلہ کم کران تہ چٹھاگنگ بندرگاہس تام ریلہ یِنہ یِوان۔
4968,یتھ وقتس پیٹھ، ریلوڈن کور انگلینڈس منز قصبن درمیان ملکین حمل کرن شروع۔
4969,یتھہِ بلاک ہیکہ کینہہ گھنٹہ پیٹھ کینہہ ہفتہ تام ستھ ۔
4970,یہ چھ ویکٹوریہ کس مغربی ضلعس منز 7624 کلومیٹر 2 ہُند علاقہ پوٗر۔
4971,یہ اوس آنند سند کیریئر ہنز گڈنِک کانڈیڈیڈیڈیٹس ٹورنامنٹ فتح۔
4972,شہرچ ہندی اخبارن منز چھ نوبھرات ٹایمز، ہندوستن ڈینک، پُجاب کیساری، پاویٹرا بھرت، ڈینک جگران، ڈینک بھاسکر، اَمار اوجلا تہ
4973,اگرچہ 4 ؤری اوس اکھ طویل وقت، تِمَن اوس واریاہ فنکار۔
4974,اکہِ وہِ، راتہ وسطس منز بوڑ گرو تِم چھِ پوٗر نیبر گژھان۔
4975,"مونار چھ سمندر سطحس پیٹھ 4,500 فٹ کھتہ زیاد تہ چائے کنہ تہ مختلف زمیٖن تہ جانورن ہندِ خطر زاننہ یوان۔"
4976,سیرمی گلیز خام موادس منز چھ عام طور سیلیکا شمل، ییمہِ چھِ فلیر کرنہ یِہ وقتہ شیشل بناوان۔
4977,لوفین کور تٔمۍ وعدہ ز سُہ سُہ بٔڑِ دِژ تہ سُہ دوبار وِزِ ۔
4978,سُہ اوس پراگ کاسلس منز روزان، ییتہ تمہِ سُند عدالتن نہ صرف ستارولوجین تہ جادوکارن بلکہ ساینس دان، موسیقار تہ فنکارن تہِ خوش آمدید۔
4979,تہہ چھِ منصوبہ بندی کرنہ آمت تہ تہہ چھِ پننہ نقشہ۔
4980,سُہ چھُ وِزنس تہ اوفٹھالمولوجی منز تحقیق خطر ایسوسی ایشنک اکھ فلو بناونہ آمُت۔
4981,خوف چھ اکثر نفسیاتی خوف تہ سپرناٹریل خوف ذیلی جنسن منز تقسیم کرنہ یوان۔
4982,2021-22 چُھ پرو کابدی لیگُک ٹھۍ سیزن۔
4983,ییلہِ دٔریٖنی عالمی جنگ گٔیہ، ییشی بنیوو رومینیا ہُک دارالحکومت۔
4984,چربی ہیکہ لوکن خطر اہم گژھتھ، مگر زیاد چربی چھ خراب۔
4985,مثالہ، یقینی بنو زِ تُہۍ ہوموینر سندِس پالیسی چھِ ہندِس گھرس تہ مالس منز کُل بدلہ پوٗر۔
4986,گیممن چھُ ال کٔدس ستۍ ربطہ خطر وضاحت کرنہ آمُت۔
4987,امہ پتہ بنیو اشورا پننہ یہووِس مُسبق یوم کیپور سندِس مُختِلاف۔
4988,مے س پٔتمہِ ہفتہ ریسٹورنٹن منز پنن پسندید دویِم کھتہ کھتہ کھتہ کھتہ کھتہ کھتہ کھ
4989,سُہ گٔیہ 1996 منز بینڈچ تراونہ تہ آو گڈر ری ویلسن ستہِ بدلہ۔
4990,والکر آو 1999 ہس منز امریکی اکیڈمی آف آرٹس اینڈ لیٹرزس منز منتخب کرنہ۔
4991,مثالہ، کینہ سطحس منز چھ الگے شمل یم آب جذب کران تہ بڑان چھ۔
4992,بنیادچ اہم مقام چھ میلانس منز لارگو ایسارکو پیٹھ۔
4993,کینیڈاہس منز چھ کپڑے (یا ویشا) کھیلس منز وضاحت کرنہ آمتہِ شخصیتن (پراسانگا) پیٹھ منحصر۔
4994,درجہ حرارتس منز اچانک، غیر وضاحت کرنہ یوان ڈراپ چھے تہہِ تنفس خراب گژھان، ییمہ ستہِ تہہ خوف ستہِ پوٗر
4995,سُہ چھُ چنڈا (2007)، جنگلی (2009)، جوہنی میرا ناام پریتی میرا کام (2011) تہ جیامنا ماگا (2013) ہِندِ فلمن منز پننہِ اداکری خطر مشہ
4996,ہندوستانن کور نصف فاینلس منز انگریزی کرکٹ ٹیمس ستۍ مقابلہ۔
4997,امیُکِس معاون سِکِٹرِی کِس دوران، ویبن کور مارین کورپس دوبار ترتیب دِنچ کوٗشِش۔
4998,یہِ چھِ زیاد تر زنانہ ، مگر کینہہ مرد تہ شُرِ تہِ پوشِشِتھ ۔
4999,ہیلپ چھ ہیلپ سینٹرس ستۍ اکھ بییہ رلک یتھ تہہ پننہِ ڈش بورڈ پٹھ وچھِتھ ۔
5000,یہ چھ پننہ فراہم کرن والین تمن کم قیمتہ پیٹھ کنہ خطر قبل کران۔
5001,علاج خطر چِھ اینٹی وائرل دواہ بہترین کم کران اگر بیمار گژھنہ پتہ جلد شروٗع گژھان (دن دن دہن منز علامتن منز)۔
5002,یونیورسٹی منز شمل گژھنہ برونہہ اوس تٔمۍ آئی سی ایل خطر کم کران۔
5003,فیلبی کور 1934 منز سوویت یونین خطر جاسوٗر کم شروع۔
5004,سُہ گوو 1850 کس دہلس منز شروٗع ییلہ سُہ سوئٹزرلینڈس منز روزان اوس۔
5005,تہہ ہیکہ اکھ اکاؤنٹنٹ منتخب کرنچ یژھان یس چھونچ کاروبری مسلن منز مہارت چھ، چھٗ بہتو تجربہ، تہ چھٗ تہہِ صنعتس من
5006,یہِ آو 1888 منز جیمز شریڈن تہ ہورٹیو بٹوملی ہند آغاز۔
5007,پرتگالچ کولونل انتظامیہ گوو 1763 منز جنوبس منز ریو ڈی جینیئر منتقل۔
5008,زیاد تر نرم شرابن منز چھ کاربنڈ آبنی اکھ بنیاد۔
5009,گھرس نیبر کٔرِو کٔرِو ہکہِ ہندِ ستہِ ہندِس طرزس منز سجاوُت۔
5010,یِم چھِ عام طور پٹھۍ پکانہ پتہ چہِ ہندِس كِس كِس كِس كِس كِس كِس كِس كِس كِس كِس كِس كِس كِس
5011,ہندوستان کِس معیلی بازرس منز یِنہ نِش یہِ دور چھُ ریاست جنوب مشرقی ایشییی بازرس تہ بین الاقومی سرحدس پیٹھ 700 کلومیٹر کھتہ زیاد تِہ
5012,سانتیاگو ڈی لاس کیبلرس بلدیہس منز چھ کل علاقہ 165 مربع کلومیٹر۔
5013,مے چھنہ پتاہ یوان ز کولکتاہس منز چھ یتھ کنہ خریدار لوٗپ۔ مے چھ تمن پیٹھ بھروسہ کران۔
5014,جان ایڈورڈ تہ فریڈ آفین ہاوسر ستۍ، میلرن بنو اکھ نوو انجن۔
5015,1990 کس دہلس خرس پیٹھہ 2000 کس دہلس خرس تام اوس یہ شہر ہالی ووڈ تہ بالی ووڈ موشن فوٹو ہند بین الاقومی پروڈیوسشنن خطر اکھ عام فِلمنگ
5016,مے اوس ہندوستنۍ وزیر خارجہ سندۍ نوٹہ ورے مشکل سوالن ہندس انتظام کرنچ صلاحیت ستہِ حیران ۔
5017,یہ چھ مغربی بنگال کس سرمپورس منز مہشس منز اکھ ریتھ لگ تہوار یوان تہ اتھ وقتس منز چھ اکھ بوڑ میئر منعقد کرنہ یوان۔
5018,مغربی نیل وائرس (این این وی) چھ عام طور مچھلیو ستۍ پھیلاوان یم انفیکشن گژھان ییلہ تمہِ انفیکشن گژھان چھِ پرتھ پرتھ پٹھ کھ
5019,یہِ بٔڑِ مربع قلعہ چھِ سمندرچ سطحس پیٹھ 150 فٹ (46 میٹر) تہ چُھ چندرگری دٔریاوَس ستۍ نزدیک تقریباً سات ایکڑ علاقہ قبضہ کران۔
5020,یوُنورسل سیریل بسُک گڈنِک ورژن آو 1995 منز بناونہ ۔
5021,پلسینس منز برطانوی مندرجہ ذیل، ییتہ عرب اکثریت ییلہ أکس یہوودی اقلیتس ستۍ روزان، کور برطانوی ہندس مسلہ ست
5022,16 جون تام، برطانوی فوجن اوس پالٹی یس پیٹھ، یتھ منز 12 میل شُمالس منز کتوا ہک استراتجی طور اہم قصبہ تہ قبلہ تھاوان۔
5023,1999 منز گٔیہ س نیشنل واپس۔
5024,کھینچ چُھ بییہِ طرفہ تہِ پننہِ بجٹُک ساروے کھتہ زیاد موج ۔
5025,پینٹھرن کور گیم شروع کرنہ خطر گڈ، تہ برنکوزن کور برینڈن میک مینس سندۍ 34 ہارڈ فیلڈ گول ستۍ گڈنِک
5026,ذتی طور چلان باس، سیاحتی ٹیکسی تہ جیپ سروس چھ سکیمس پٹھۍ کم کران تہ یہِ سِلی گُری تہِ اتھ ستۍ رلوِتھ۔
5027,رونی چُھ ونان زِ سُہ چھُ ثبوت زِ رے چھُ زند، تہ اوسمن چھُ اجے تہ ایس ڈی ستہِ ملاقات کرنہ خطر یوان۔
5028,یِمَن منز اوس یہِ ستہِ ولِس وقتس منز ہیڈرا آباد ریاست ساروے کھتہ بوڑ تہ واریاہ جدید ہندوستنہِ ریاستَن پیٹھ پھی
5029,تھٹی میو 14 ستمبر 2016 برلن منز 85 وُہُر ونسہِ منز۔
5030,2010 منز آو یہ برازیلس منز بہترین پرائیویٹ یونیورسٹین ہند نامزد کرنہ۔
5031,روس ہنز نایلیزم چھ اکثر غلطی سان اتھ وجہ ستۍ اکھ قسم سیسی دہشت گردی ونان۔
5032,یِم آیہِ داکوٹا کی تہ ریکیل گونزلسن ہندِ نصف فاینلس منز شکست دِنہ ۔
5033,نیبرسکا، امریکہ ہس منز اکھ جج اوس اکتوبرس منز اکھ مُطالبہ نِش نِش نِش نِش نِش یُس اعلی طاقتس خلاف فِلیٖج آو۔
5034,2013 ہس منز زیوٗن روچن ؤری ہندِ البم باپت اکھ ڈڈلی ایوارڈ۔
5035,مے گوو صرف زِ ییلہِ ہندوستنہِ کامبوج، ویتنام یا انڈونیشیاہس سفر کران چھِ، چھِس تِہ زیاد خوفزد۔
5036,ہٹن گُزریو 14 جولایی 2020، 88 وُہُر۔
5037,یِتھہِ رویتی موسیقی ستۍ چھِ ہندوستنۍ کلاسیکی موسیقی تہ رقص ہِندِ اہم ہندوستنۍ موسیقی ہِندِ عناصر تہِ عمل کرنہ یِوان۔
5038,صلیب اکھ صلیب چھ اکھ علامت، یس واریاہن چیزن خطر استعمال کرنہ یوان چھ۔
5039,گوآس منز چھ ز ریل لاینہ ییمہِ ستہِ سوٗٹ ویسٹرن ریلوی تہ بییہِ کنکن ریلوی ستہِ چلان چھِ ۔
5040,1972 منز آو سُوُمینیتن ہِندِس کونسل آف گربی تحقیق (ایک آر سی) ہُند ڈایریکٹر جنرل تہ حکوٗمتِ ہِندِس سرکرِی طور
5041,تٔمۍ وچھ یہِ وِگز تہ طاقتور امریکی کاروبرِن ہندِ علامت۔
5042,باقی یادگارن منز چھ انڈیا گٹ، 18 مہ صدی ہنز ستارمیتی مراقبہ جینتر منٹار، تہ 16 مہ صدی ہنز قبلہ پورانا کِلا شمل۔
5043,رے وون پتہ زِ تٔمۍ کور نہ کانہہ سکرپٹ خطر معاوضہ۔
5044,مے چھ حالیہ ترقیاتن ہند وجہ ستۍ جنگلی جانورن ہندِ حیاتاتہ خراب گژھنہ متعلق سنجیدگی سان پریشان۔
5045,1960 کس دہلس کِس خرس تہ 1970 کس دہلس شروٗعاتس منز سین سنز کاغذن منز مدد کور سمجی انتخابک نظریہ تیار کرنس منز مدد، یسہ گڈ
5046,کینہہ مشہوٗر مقمی کھتہ چھِ چکن چٹینڈ (سپیچی چکن کیری)، ولۍ چٹینڈ (سپیییی کیری) تہ سمندری کھتہ
5047,گجراتس منز گڈنچہِ گڈنہ آمتہِ، رامس لیلا ہُند کینہہ سیکینہہہ شُروٗعات آیہِ اُدِی پورس من
5048,12 اکتوبر 1920 منز کور امریٹسر خلیسا کالجچ طالب علم تہ فارکولیٹی قومی تحریک مضبوط کرنہ خطر اکھ اجلاس ونان۔
5049,اصل پٹھۍ چھٗ مدھیہ پردیشس منز انوپور ضلعہ منز ہاسڈیو دریاوُک صرف 154 اے کلومیٹر مربع علاقہ۔
5050,امریکہس منز شائع گڈنِچ ساروی کھتہ بوڈ گیم سہِ عیسیی اخلاقیاتس پیٹھ مبنی۔
5051,یہِ طوفان آیہِ انڈیرا گاندھی ہُند قتل کرنہ ستہِ شروع کرنہ یِوان - امہِ وقتہ ہِندِس وزیر اعظم ہِندِس قتل کرن
5052,شہری یونان تہ رومن کور باقی نژن بربرین ماننہ۔
5053,باقی عام طور پیش کرنہ آمتہِ ڈراما چھِ تھیاگرجا ہُند رقصیی آواز، تہ مووووا ہُند کشیٹریہ ہُند 4500 منز 700 زند پ
5054,امہ علاو چھ ریاستس قومی انگریزی اخبارن ہند علاقیی ایڈیشن یتھ کٔنۍ ریاستس منز، ٹیلی گراف، دی ہندو تہ ٹیمز آف انڈیا۔
5055,جمعہ 5 جنوری 2006 کور داؤ ایونٹ سینٹرس منز سِرنیہ سٹنگس ستہِ سِجناو سپرِٹ ڈبلیو ڈبلیو ڈبلیو ڈبلیو ڈبلیو ڈبلیو ڈبلی
5056,1969 ہس منز کور انڈرا گاندھی حکومتن ذتی پوورس ختم کرنچ کوٗشِش تہ یہِ چھنہ کامیاب تہِ سرکرِی طور ناوِ رسمہ تسلیم کرنہ۔
5057,بِلِن ہِندِس چہِس پٹھ سُہندِس پٹھ سُہند ژھانوِو تہ بِلِن پیٹھ تہ پیٹھ سُہن
5058,اکھ آئی پی ایڈریس چھ اکھ طویل نمبر یس باینری منز لکھنہ یوان چھ۔
5059,تقریبا مغربی ہندوستانس منز چھ شمالس منز تھار صحرا، مشرقس منز وِندھیا رینج تہ مغربس منز عرب سمندر ستۍ قبل۔
5060,امیُک دارالحکومت اوس کانگلا، یمفال یا امفال۔
5061,شری پاوان کمار سیٹی، فلچند سیٹی ہُند نیچوُو چھُ کوہیم جین مندر کمیٹیُک موجود صدر۔
5062,کوسٹا گوو 1990 کس دہلس منز شُرِی ہندِس پاپ پٹھ روحس منز بٔڑنہ خطر ۔
5063,امیگریلس خلاف اکھ مشترکہ لڑچ ہند منصوبہ بناونہ تہ ترتیب دِنہ خطر آو اجلاسچ دعوت۔
5064,یہ چھ تمہِ سنز مہارت یُس اتحادس متعلق چھُ ۔
5065,سٹوسھی ناکاموتو: سٹوسھی ناکاموتو چھُ بٹکوئن ہندِ متوقع مخترِفین استعمال کرنہ آمتہِ ناو۔
5066,مراٹھا سلطنت، پننہِ نوو پریوا مدھوراو اولس تحت، کٔر ہندوستنۍ زیاد تر سرزمین واپس، ٹیپو سندِس ملِس دشونی شکست دِ
5067,اکھ ہندِس وکیل یا سرٹیفکیٹڈ پبلک اکاؤنٹنٹ ماننہ کرِو، ترجیح دِیوُت اکھ ییمہِ ستہِ تہہِ چھِہ پیش
5068,"زیننہ یِہ خطر چھِ یِم نہ مُقابلہ ستہِ چھِ ستہِ چھِ یِوان چھِ ""ایس"" ونان ۔"
5069,مقمی کٔر لوٗکھن ہندِ پونسہ ستۍ چھِ مالکنہِ کمپنی ہندِ مالکرِ پننہِ علاقس منز گاڑِ ہُند حملہ
5070,مے چھس زاننہ خش زِ واریاہ لوٗکھ چھ سایبر حملن ہندِ ضیر گژھان تہ پننہ ذتی معلومات کھوم۔
5071,جانسنن کالیفرنیاہس منز ژوٗریِمِس فائنِس ستہِ، 2007 ریسَن خطر تِہِم ترن بسچ ریسَن منز 48 کار ڈرائی
5072,امہ پتہ چھ کیتھولک تہ پروٹسٹنٹنٹ موسیقیس پیٹھ مختلف طریقن منز ترقی یوان۔
5073,مے اوس پننس نٔو سی ایم او آسنچ اعلان کرنہ پتہ خوشی ستۍ پننہِ ستہِ۔
5074,ییلہ برونہہ اوس سٹیم پاور، یتھہ ٹریڈ میل اوس پاور مشینن ہند استعمال کرنہ آمت۔
5075,یہ چھ اکھ عام مثال یا معیاری طورس پٹھۍ یتھ زمرچ چیزن خطر کم کران۔
5076,بیڈس ویئر خطر کنسٹرکٹ آو جولائی 2011 منز ختم کرنہ۔
5077,ڈبلڈور چھُ تِہ وضاحت کران زِ سٹون چھُ تباہ گژھان، تہ تمہِ سندۍ دوست چھُ محفوظ۔
5078,ماحولیتی آمدنی ماحولیتی آمدنی چھ ماحولیتی نظامک اکھ غریب مستحکم ترقی۔
5079,کُنہِ کُنہِ کُنہِ کُنہِ ہارِنگ ٹیمَس پیٹھ چُھ ۔
5080,1970 کس دہلس خرس تام گٔیہ ٹریفک پرنسہِ کنکریٹ پلس پیٹھ۔
5081,بنگال صوبی مسلمان لیگ رہنمائی ہندِ نظریہ آو تقسیم کرنہ۔
5082,ایف سی گروننگن- ایف سی گروننگن چھُ گروننگن، نیڈر لینڈزہہِ ہندِ فٹ بال کلب۔
5083,دِلہِ ہُند ثقافتس منز چھُ امِچ طویل تریخ تہ تریخی ایسوسیشن ہِندِ ہِندِس دارالحکومت پٹھ اثر انداز کرنہ آمُت
5084,اکیڈمی آف موشن پکچر آرٹس اینڈ ساینسن کور 1992 ہس منز زندگی ہندس حصلہ خطر ریے اکھ اعزاز دِنہ۔
5085,سُہ اوس امریکی یورپی کُمڈُک چیپِس منز سپیٹ کُمندر۔
5086,مختلف کمپیوٹر آپریٹنگ سسٹم چھ مختلف خاص کین استعمال کران، یا تِم مختلف طریقہ استعمال کران۔
5087,نتیجہ چھ کم تہ معتدل معیارچ ثبوتس پیٹھ مبنی۔
5088,2003 ہس تام موجود زراعت ہند تخمینہ 239% اضافہ استعمال کرنہ ستۍ، یہ مطلب چھ ز 2005 ہس منز زراعت چھ تقریبا 8600 میٹر ٹن۔
5089,گووی گووی چھ بلجییی صوبہ لوکسکسپرس منز اکھ بلدیہ۔
5090,لووسٹو چھِ سوڈانکیلو بلدیہ کِس فنِش لیپ لینڈَس منز اکھ پہاڑ۔
5091,شوٹ باکسنگ قونوُن تحت قابل ذکر لڑاکارَن منز چھِ رینا کوبوٹا، کنچی اوگتا، ہروکی شِشِڈو، آیہِ تاخاشِ تہ اینڈی سوور شمل۔
5092,پِک نظامچ انتظام اوس پِک افسرن دِوان: اکھ بور اوس 100 ہِندِس سِکیاہ، تہ 1000 ہِندِس ہازاریکا ہِندِس ذمہ دِوان
5093,اگر نہ کورہہ چھ، اکھ منتخب کرنہ آمتہِ کور (بوہری) یا اکھ نبِتھ شُر (ڈریگتا) چھِ گژھان گژھان تہ امہِ ملک
5094,مے دل گوو تقریبا بند ییلہ بیٹسمن سندۍ ستہِ شے ہٹہ بٹس منز اکھ لکٹہِ کورس ستہِ واریاہ نزدیک گژھان۔
5095,زیاد تر دباؤس منز ہنز زخم منز نیکروٹک ٹیسک ہنز ہٹاونہ یِنہِ ۔
5096,1892 ہس منز ییلہ پالار واٹرز معاہدہ بناونہ آمتہِ، تامل ناڈو تہ آندھرا پردیش اوس تمہِ وقتہِ مدراس صدریتک حصہ۔
5097,ڈاکٹرن وون ز سُہ چُھ صرف کینہہ مزید دہ روزان۔
5098,برماہس منز برطانوی حکومتس منز برطانوی حکومتس منز برطانوی حکومتس 1824 پیٹھ 1948 تام سہِ ۔
5099,بٔڑس منز، تٔمۍ سنز خوف گژھان ییلہ سنز وچھ ز تمہِ سندِ سندِس جیٖل چُھ غر، یی
5100,ہندِ جانورن ہندِ موضوع چھِ ادبس منز اکھ طاقتور اکھ۔
5101,ٹنگابھدرہ کِس جنوبس منز پور مُلک اوس اکھ اکھ ریاست تہ 907 تہ 1215 عیسوی درمیان ترین صٔدی تہ زیاد مدتہ تام قیم کرنہ آمُت
5102,اتھ ٹورنامنٹس منز کٔر تٔمۍ 9 دسمبر کور شملی کوریاہس خلاف شروٗعات۔
5103,اکہِ اپرا منز چھِ سیسیلیا دوبار عجیب پرنسہِ البنی وُچھان۔
5104,ہندوستانس منز یِتھہِ لڑچ آغاز ییلہِ گورنمنٹ آف انڈیا ایکٹ 1919 ہس منز آزادی ہندِ مطالبہ پوٗر پوٗر پوٗر ناکام گژھان۔
5105,طرفہ لاینن ہندس درمیان چھ 15 سینٹی میٹر (6 انچ) ہندِ حد (وتہِ، سِرگ، وینڈ، دیوار) یِنہ خطر بال یِہ ن
5106,کوکسویل، الینوایس کوکسویل چھ امریکہ ہس منز الینوایس منز اکھ گام۔
5107,تقریبا نصف معاملن منز چھ ہایپرپیپی یا مییوپی، عام طور ہلک۔
5108,یہِ چھُ تہِ مطالعہ یِتھ منز چھِ تِبھلیوُکلوُوزس مختلف موسمکہِ حالاتن ستۍ رلان یِتھ کٔنۍ کم درجہ حرارت، کم رطوبت تہ
5109,یہ گٔیہ 1999 پیٹھ 2001 تام دن ؤرین تام کارکردگی ٹیسٹ گٔیہ۔
5110,یہِ ٹیم یُس پینلٹی دِنہ آمُت چھُ یِوان چھُ یِوان زِ یہِ چھُ لٹہِ ہینڈس منز گِند کران ییلہِ مقابلہ کرنہ
5111,ڈراکولا ہیکہ ولچیا ولاد III ہنز شہزاد ستہِ رٹنہ یِتھ، ییمہِ ستہِ ہندِس متبِق جنگنہ
5112,سُہِ تصدیق کرنہ پتہ آو أمہِ سُند ناو بلیسیڈ جان پال II تبدیل کرنہ۔
5113,جنوبی مغربی ریلوے ہندِ طرفہ چلوِتھ لنہ آو کولونل ایریہس دوران بناونہ یتھ منز ویسکو د گاما، گوہ کِس بندرگاہس من
5114,امریکہس منز موسمچ الگ الگ الگ چھ عام طور ایل نینو ؤرین دوران مختلف۔
5115,اگر یہِ صلاحیت چُھ نہ کافی زیاد، تیلہِ یہِ ویڈیو چُھ نہ ٹھیک۔
5116,مرکزی لاین چھ مرکز سٹپٹ ستۍ مختصر لاینن ہندس مساوی طورس منز ڈراونہ یوان۔
5117,تاہم، اکثر چھ کینہہ معیلی خصوصیات یم تہہ امتحان ہند رہنمائی کرِتھ یتھ منز مندرجہ ذیل شمل چھِ:
5118,رابندر ساروبار چھُ مغربی بنگال کس ہندوستان کِس ریاستس منز کولکتاہس منز اکھ مصنوعی جھیٖل۔
5119,کیپِل دیو آو 1999 ہس منز ہندوستنہِ قومی کرکٹ ٹیمُک کوچ مقرر کرنہ، ییمہِ ستہِ انشومن گیکواڈس ستہِ پتہ آو۔
5120,شے ہتھیارن منز چھ ز مُختٔلِف حالتہ یِم جنگس منز تبدیل کرنہ یِتھ ۔
5121,کالی یوگا، بھیم تہ باقی پانڈواس ہند آغازس پیٹھ رکاوٹ۔
5122,کاسٹین ہندِس اِستابِتھ مٗتعلق بمِن ہُند مِثالہ، تہ یِم کُنہِ کُنہِ وِزِ پی بی ہِن
5123,11 مئی 2020 ہس تام چھ بلاک ریوایڈ 6.25 بی ٹی سی۔
5124,2001 کس منصوبہ بندی کمیشن ہندس تشخیصس مطبق سۍ ٹریپورا ہکہِ 22 فیصد گابی رہائشی کمزورچ لاین۔
5125,تٔمۍ کٔر 1965 پٹھ 1970 تام ڈگلس کاؤنٹی کمیشنر کم۔
5126,شیلوکا چھ سنسکرتس منز تہ چھِ سنیزس منز عملچ وضاحت کران، ییلہِ زن پدم چھِ اداکارن ہندِ تِفلیق تہ گِرنہ
5127,کشمیر سند کارکوٹا سلطنت تہ امیاد کالیفایٹ تہِ کٔرِو جلدیہ شِنجیانگ خطر مُقابلہ منز شمل۔
5128,ڈایریکٹر کوشِک گَتھَن وون راجیوَن زِ سُہ سُہ صرف اگر سُہ بڈَس پیٹھ آوِ توہہِ کِس کلیمکس ونان۔
5129,ہریوٹیر پریس چھ اکھ بوسٹیڈری ایڈیشن ہاؤس یس آرکڈیا ہس ستۍ چھ۔
5130,س چُھ طویل عرصس تام بولان۔
5131,ہندوستنۍ حکوٗمتن چھِ بچاوری خطر کُل 71 آب و ہوا علاقہ ہُند شناخت کرنہ آمُت تہ یہِ چھِ سنکشنریری تہ قومی پارکن ہُن
5132,رے سندِ کم چھُ انسانیت تہ عالمی سطحس پٹھ پوٗر بیان کرنہ آمُت، تہ گڈنہِ ولۍ پیچیدگی ہندِس مایوس س
5133,تم چھ اوپر تہ نیبر گژھان۔
5134,یہِ ستہِ چھُ آبچ مقدار دہ تہ ژورین فیصد درمیان کم گژھان۔
5135,ہندوستنہِ چھِ آبدی ہند ترے ژور کھتہ زیاد تروِ عمل کران، ییتہِ اسلام اگلی ساروے کھتہ بوڑ مذہبی گرو
5136,"اتھ تام چھ شہری علاقن منز سرمایہ کری ہند کل تعداد 39,25,240۔"
5137,سُہ زیوٗن بہترین مے پلی بیک سینگر خطر 8 فلم فیئر ایوارڈ تہ اتھ زمر منز زیاد فلم فیئر ایوارڈ زیننہ خطر چھُ ریکارڈ برقرار۔
5138,سند کور بین الاقومی کمیشنس پٹھ پُلیس سندس صاف کرنس پیٹھ نگرنی کرنہ خطر زور۔
5139,مدیتیشنُک ابتدئی اصل اصل چُھ ہندوستان کِس ویدک دورس پیٹھہ۔
5140,یہ چھنہ ونہِ، مگر تحقیق چُھ ونہِ ونہِ ۔
5141,تٔمۍ کٔر اِنڈالہَس پیٹھ ٹیلوگو کم، اکھ تامل سری وشنواہِ زنانہ سندِس علمس پیٹھ، یتھ اموکٹامالیڈا ونان چھِ
5142,تبتہِ سنڈ فوکس چھ اتھ علاقس منز لبنہ آمتہِ ۔
5143,ٹی بی ایس، مقمی کمیونٹی ستۍ، کٔر 1987 منز ارواری کِس دریاوِس بٔزیس منز آبچ خطر کم شروع۔
5144,مے چھِ شُروٗعات زِ تٔمۍ سنزِ پرنزِ سامان کُنہِ تہِ تہِ وِزِہِ ہیکہِ ۔ یہِ چھُ تاخیر تہ سیٹ باکسَ
5145,پانڈیان کٔر پٹھۍ ہایسال تہ چولس دشونی ہندۍ دشونی ہندۍ دشونی ہندۍ دشونی۔
5146,رے کور اکھ غیر تجربہ کار ٹیم جمع، حالانکہ تمہِ سندِ کیمرمن سُبرتا میٹرا تہ فن ڈایریکٹر بینسی چندرگپٹا دشونی چھِ واریاہ
5147,توہہ ہیکہ کِرکلینڈ، دستخط ٹی شِرٹ پٹھ پسٹو کِس ژارس تام ستہِ کٔرِتھ ۔
5148,"امریکی ریڈ کراس چھ 20,000 کھتہ کھتہ زیاد پٹھہ پٹھہ پٹھہ پٹھہ پٹھہ پٹھہ پٹھہ پٹھہ پٹھ"
5149,یِتھ کِس خاصیتَن ہُند مثالَن منز چھِ شولینکوین فیزیکی مشق شمل یَتھ منز تمام باقی حیواناتن ہُند تصویر یا تربیت ہُند
5150,مے اوس مایوس ییلہ اہم ڈاکٹر نہ مینسہِ مے پننہِ مے مے مے مے مے مے مے مے مے مے مے م
5151,یِتھہِ راگامَن ہُند قونوُنی چھُ زِ تِم چھُ اکھ اکھ اَکِس اَکِس اَکِس اَکِس اَکِس اَکِس
5152,تِہِ ؤرۍ آو انگلینڈس منز نیشنل بینڈی ایسوسی ایشن انگلینڈس منز کھیل خطر اکھ گورننگ ادارہ بنومُت۔
5153,اکھ صوتی ڈرائیو چھ عموٗمن سی ڈی ڈرائیو یا ڈی وی ڈرائیو۔
5154,کشمیر، پیشوار تہ مولٹن ہند فتح آیہ تمہ پتہ ترے نایاب زینن ہند ناو دِنہ ستۍ مناونہ۔
5155,انٹرسٹائٹ 74 ہکہِ تمام ژور حصہ اکھ سڑکہِ حصہ بنوِتھ ۔
5156,آبچ بہاؤ چھِ زیاد تیزی سان روٗدیی موسمہ پتہ، عام طور جولائی پتہ۔
5157,بییکن چھٗ پاچپسی-نوبربھ-میڈلٹاون، نیی میٹروپولیٹن سٹیٹسٹک ایریا ہُک حصہ۔
5158,یہ آو اتھ ؤرۍ کرسمس سیزن خطر لکھنہ ۔
5159,پنن بچت کِس حسابس منز رکاونہ خطر مدد کرنہ خطر، یہِ ہندِ اضفی حالات یا غیر متوقع اخراجاتن خطر پونسہ وچھ
5160,تہہ یا کیشیئر ہیکہ یہ بار کوڈ سکن کٔرتھ۔
5161,بنیدی ضروٗرت چھٗ اکھ نفرچ ضروٗرتن ہند واریاہ درجہ بندی ۔
5162,ایم ای ای ای پی آیہ اوس گڈنچ عالمی تہ معیاری ونڈوز آڈیو ای پی آیہ ۔
5163,"2011 ہس تام میگھالیہ ہُک آبدی چھُ 2,964,007 تخمینہ آمُت یِمَن منز زنان 1,492,668 تہ مرد 1,471,339 چھِ۔"
5164,پلے بیک گلوکارہ کِہِ طورہِ، تٔمۍ چھُ فلم نیٹل خطر مہاراشٹر حکوٗمت ریاستی ایوارڈ حصل کرنہ آمژ۔
5165,پتہ کور گٹوتوکاکا پننہِ ندِس کھووِس آریمبَس باپت پرنگنڈانی منز بادشاہس پٹھ تہِ جایہ مقرر۔
5166,تمہِ سُند مل پننہِ خاندری تروِتھ ییلہِ سُہ صرف ز ؤرِ ون ؤرِ ۔
5167,دشونی سہِ ہیلمٹ پیٹھہ ہیلمٹ ستہِ رلتہِ، دشونی کھلڑِ زمین پیٹھ تہ میک گہی ہندِس دسہِ من
5168,لیتھوی چھُ اکھ قسم کِک باکسنگ یُس منیجر پیٹھ ولۍ چُھ یتھ منز کم قونوُنی تہ حفاظتی سامان چھُ۔
5169,سلطنتس منز کینہہ گمژ ہنز پیداوار آیہ مندرن دِنہ یِمَن ہندِ کینہہہ ثروتہ یِمِنہ كِ
5170,سائیکل پولو، سائیکل پولو، یا سائیکل پولو چھ اکھ ٹیم کھیل، روایتی پولو ہس ستۍ ہیکہ، مگر یہِ وجہ چُھ زِ سائیکل گھون ہندِ جایہ استعمال کرنہ
5171,امہ علاو، بِلَن ہکن پور نوٹَس منز تصادفی طور سیکورٹی فیبر پٹھۍ پھیلاونہ یِتھ ۔
5172,فینیسیوںن کور مدریییی سمندرس منز واریاہ تجری کالونی شروع۔
5173,برطانویو دہ جھیٖل بناونہ برونہہ، 1799 عیسوی منز، یہِ امیات ییتہِ جھیٖل ونہِ ڈاکٹر سکاٹس سالانہ کرایہ پر
5174,پُنگابَس منز جیلمَن وُچھِ انگریزیَس خلاف مقمی فوجَن ہُند اکھ مُتَمِل ۔
5175,یہ چھ 51°02 شمالس منز، 05°16 مشرقس منز۔
5176,1870 منز کٹچر ڈگ ایلیسن اوس بیس بال گولہ لٹہِ گڈنِک۔
5177,کرناٹکاہس منز زبان فروغ دِنہ خطر سُہندِ تجویز سۍ دشونی تعریف تہ انتقبی ستۍ ملنہ۔
5178,کینہہ ریاستہائے متحدہ تہ میکسیکو علاقہ دِیوُن دشمنن ہندِ مقمی امریکی سکالپس خطر حد۔
5179,چیسٹ ہیکہ دوستیتی این پی سی یس سندِتھ پٹھۍ پتہ یِتھ ۔
5180,کارڈیو سکولر فٹنس کارڈیو سکولر فٹنس چھٗ جسمنی فٹنس اکھ قسم۔
5181,اکسورسیسم اکسورسیسم چھ شیطانن یا باقی روحنی موجوداتن ہند بچاونک عمل۔
5182,یہِ اوس برطانوی ہندوستان کِس بنگال صدریت کِس ابتدئی ؤرین دوران بناونہ آمُت۔
5183,پی اے اے اے ستۍ چھٗ بییہ اکھ مسلہ یہِ زِ بس ہُند ختم گژھنہ چھنہ مخصوص۔
5184,اکہ دہ ییلہِ گڈ خطر دوبار گژھان چھِ، انیتا سندِس بوفِرِن سموئل چھِ گڈ گژھان تہ ستہ
5185,یہ اوس کامیاب تہ یہ آو 2007 تام کرنہ آمتہِ تخمینہ۔
5186,سٹیونز اوس 1955 پیٹھ اینٹونی سوگلیو ستۍ خاندر کٔرتھ 1958 منز تِم طلاق تام۔
5187,کاروبر کار چھ عام طور پننہ کمپنی بناونس منز واریاہ رکاوٹہ یوان۔
5188,ریاستی کٔرِ چھِ باسٹار ڈویجنس منز لبنہ آمتہِ سال ۔
5189,یہِ قصہ چھُ شُرِ ہُند ٹرچِنگ ہُند موضوعس پیٹھ مبنی۔
5190,شیوا سندِ سووو اکھ ٹینکَس منز جمع گژھان تہ اکھ دریاو - نارماڈا ہِندِ شکلَس منز شروع۔
5191,اکثر ہیکر بننہ خطر چھ واریاہ مہارت ضروری۔
5192,تہہِ چھُ اکھ شخص تہِ یُس نہ پٹھہِ زائرچ واریاہ خرچ کران چھُ۔
5193,یہِ چھُ نیپال، منیجر، کامبوج تہ باقی مُلکن منز سِجبو نونگما پانبا چیراوبا تہِ مناونہ یِوان یِتھ منز سنگاپور تہ مالزیہ
5194,کینہہ چھِ اکھ اکھ اکھ تہ کینہہ چھِ بین الاقومی اف ڈی کمَس متعلق خراب تبصر۔
5195,مہاراشٹرس منز چھ نواراتری جشن مختلف تہ علاقن درمیان خاص تقریبات مختلف، اگرچہ یم یتھ ہیکہ ونان چھ تہ یتھ ہیکہ دیوتاہس ستۍ وقف چھ۔
5196,کنہہہ ییلہِ تہہہ کٔنہِ ونان، “ہہہ، یہ چھ صرف اکھ معیار-“
5197,یہِ بنو کنیٹ ہاواہس منز ساروے کھتہ زیاد طوفانچ وابستہ ۔
5198,وِکیڈیمیا فاؤنڈیشنن کور اگست 2004 منز وِکی سپیسس منز اکھ یتھہ پروجیکٹ شروٗع۔
5199,یہ ہیکہ لیٹیوم آکسایڈ یا لیٹیوم ہایڈروکسایڈ تہ کاربن ڈایاکسایڈ مِشِش کرنہ یِتھ ۔
5200,سُہ اوس اکہِ مختصر وقتہ ستہِ امریکہ کیش گارڈس منز۔
5201,امہِ خلیاتن ستۍ قریبی ربطس منز چھِ ایکسون واپس گژھنہ خطر مُتثر کرنہ آمُت۔
5202,"لہذا چُھ وسانٹ پنچامی تہِ ""مدنا پنچامی"" ونان۔"
5203,لمنگ ڈونگَس منز وشنو مندر آیہ 1474 مِیٖی ییمہِ ستہِ (ملکہ کیمبا سندِس دورس منز) شین ریاستہ کین بر
5204,مے آو بییہِ ییلہِ بیکنگ کلرک مے اکھ خاص طالب علم ڈسکاؤنٹ متعلق ونان ییمۍ بیکنگ برونہہہ مے پونسہ بچاوت
5205,کوزی کوڈ، یتھ کالیکوت تہِ ونان چھ، چھ بیک واٹر یم اکثر سیاح ہارڈن ہندِ طرفہ وچھنہ یوان چھ۔
5206,اکھ قصبہ یتھ شیہابو دِنپوُرا یا شادی پور ناو اوس تمہِ بنومُت۔
5207,یہ عمارت بنیو 1975 منز نیشنل تریخی لینڈ مارک۔
5208,یہ آو 1850 کس دہلس منز سان فرانسسکو منز سونچ رٹنگ دوران قیم کرنہ۔
5209,یہِ چھِ جراحت تہ نرسنگ دوران صحت کری پیشہ دارن ہندِ پوشِشِش کرنہ یِوان۔
5210,2008 منز کور کاسپارو تہ أمہِ سندِس یونائیٹڈ سِلارڈِٹی تحریکس منز شمل۔
5211,1 جنوری 2016 منز آو یہِ وولوربیکٹ کِس نٔوِ کمیونیا منز ضم کرنہ۔
5212,2013 منز آو بھری ہالڈینیاہن ہند طرفہ انگلینڈچ کھو فیدرشن بناونہ، ییمۍ برطانیہس منز مستقر گژھنہ برونہہ راجست
5213,یہ ہیکہ بم بیی اندر 3395 لٹہ آب ہتھ ۔
5214,"سکاٹش گلیکس منز چھ ناو ""ایس شینٹی"" (کمناچ ڈایگی)۔"
5215,یہِ چھُ ٹیکٹ کرنہ تہ پٹ کرنہ خطر آسان بناوان، تہ متن تلاش کرنہ۔
5216,واریاہ ساروے کھتہ بوڑ آؤٹلٹ، یتھ کٔنۍ والمارٹ، چھ پننہ قیمت آن لائن فہرست کران۔
5217,یِم سرمایہ کری ہنز منصوبہ چھِ پرتھ پٹھ پٹھ پٹھ پٹھ پٹھ پٹھ پٹھ پٹھ پٹھ پٹھ پ
5218,سُبرن ریکھا ہُند اہم تِمری چھِ خرکی، روورو، کانچی، ہرمو نادی، ڈیمرا، کاررو، چنگورو، کرکاری، گُرم، گار، سنگاڈو
5219,یہِ پِلیکن چھُ جنوب مشرقی یورپ، جنوب ایشیا تہ افریقہس منز بٔڑان۔
5220,مے چھس اتھ مایوس زِ ستہِ کٔرِ ملِس ستہِ کٔرِتھ، تٔمۍ اوس نہ کانہہ یِم یِم ہمِہ وٗچھان اوس ۔
5221,سُہ اوس اکھ بے گھر شخص ہُند پلو یُس پناہنی ہُند ضرورت اوس۔
5222,لوٗکھ چھِ نفاذ تہِ بناوان تہ اتھ پیٹھ کٔرتھ چھِ اکھ جایہ ضروٗرت۔
5223,مچھلی لوٗکھ چھِ سالڈوٹرس منز یِوان یِمَن منز شملی مچھلی، مارلین، ٹونا تہ باقی شمل چھِ۔
5224,جنوبی طرزہ چھ یہِ تکنیک تہِ استعمال کران مگر زیاد اکثر سٹافچ دشونی انتھ ستہِ ہار کرنہ خطر استعمال کران۔
5225,لڑکن تہ کورین درمیان نوجوان فٹ بال حصہ منز چھ اکھ مضبوط تنازعہ۔
5226,ونہِ ییلہِ تمام امتحان چھِ گژھان چھِ، مے ہیکہِ خرِ پٹھۍ فٹ بال گندنہ خطر واپس یِتھ۔
5227,تامل ناڈو چھ ترے بین الاقومی ہویی اڈو، یتھ منز چنیائی بین الاقومی ہویی اڈو، کویمبٹور بین الاقومی ہویی اڈو، تیروچیر
5228,رپورٹ کرنہ آمتہِ چھِ ، 1 فیصد واقعہ چھُ مکمل تھایرایڈیکٹومی پتہ پٹھ پٹھ دوبار گژھنچ لارییییییییی نیورِس من
5229,منیندراگھس منز چھ آبدی ہند 13 فیصد 6 ؤری ونسہ کم۔
5230,واریاہ رشتہ دار یم جنازہ ہندِس عملس منز شمل چھِ تہِ چھِ دریاو منز اکھ بَٹ یا پننہِ جسمن پیٹھ چھِ کرمژِ كِس خرس
5231,اتھ زمرچ چھ مندرجہ ذیل 18 ذیلی زمر، مجموعی طور 18 منز۔
5232,جیس چُھ تِہ ونان زِ س گژھِ نہ تِمَن متعلق دِنہ یِنہِ ۔
5233,ہتھیار، ہتھیار تہ شیلڈ ہیکہ واریاہ چیزن منز بناونہ یوان۔
5234,"تٔمۍ کور یہِ فرانسیسی منز ""ڈے سٹک"" ونان۔"
5235,تٔمۍ گِیُن 1977 تہ 1985 ہس درمیان نیشنل ہاکی لیگس منز 404 گیم۔
5236,یہِ ہیکہ بیمارچ پھیلاؤ گژھِتھ اگر فردس نہ وچھہِ علامات تیار گژھِتھ ۔
5237,زندِس ناوِس تحت سپیکٹریٹو جونیئر تہ لا پارکیٹا، یتھ 'ڈے لٹل گھوسٹ' تہ 'لٹل ڈاٹ' ونان چھِ۔
5238,گڈنِکِس مسلس آیہ جون 2010 ہس منز شائع کرنہ یِہ پریتھ ریتہ چھُ شائع کرنہ یِوان۔
5239,"راجپوتن کور مُریَن ""تھہ كِس ٹاسک ماسٹر"" پٹھ وضاحت، ییمۍ سُہ اداکارَس بجایہ پیشہ ورانہ کرکٹٹر پٹھۍ علاج ک"
5240,اگر تہہ بیک ادا کرنہ خطر ذمہ دِنہ آمُت، توہہِ تہِ تہِ تہِ چھِہ پننہِ رتہِ عملس منز شمل۔
5241,مالو میری چھُ اکھ کمیونیا یُس ڈول کاؤنٹی، رومینیاہس منز لبنہ یوان چھُ۔
5242,سنکراچریہ مندر چھِ جِشٹھورا مندر تہِ ونان ۔
5243,یہِ میوزیمَس منز چھِ آسلینڈک فولکلورچ تخلیق تہ لوٗکھن منز 22 پینیس تہِ ۔
5244,کینہہ مخصوص سکول یتھ کینڈریا ویدیلاے تہ جوواہار نودیا ویدیلاے چھ مرکزی حکومت ہندِ ایجنسین ہندِ انتظام کران۔
5245,وِٹریکٹومی ہیکہ عام یا مقمی انیسٹیشیاہس تحت کرنہ یِتھ ۔
5246,نائٹروگلیسیرسِن ہیکہ بڈِتھ بناونہ یِتھ ، تہ غیر متوقع طور دھماتہ ۔
5247,افریقہ کن ساروے کھتہ لکٹن مُلکن منز اکھ، برونڈی چھ زمین بند کرنہ آمُت۔
5248,سُہ اوس چلسی تہ قومی ٹیم خطر اکھ کھلڑۍ پٹھۍ زاننہ یوان۔
5249,"1969 منز آو مدراس ریاستس تامل ناڈو کہ ناو، ییمہ مطلب ""تامل مُلک"" چھ۔"
5250,یہ چھ سطحس پیٹھ سفید آکسائڈیزڈیزڈ لیٹر بناونہ خطر ہواس منز گژھان۔
5251,بابی تہ سوکھ چھ اتھ فصلہس خلاف گژھان مگر خر چھ تم متفق۔
5252,علاقک واریاہ حصہ چھِ براہ راست بیک واٹرس ستۍ چینلن ہندِ نیٹ ورک ستۍ رلتہ یِوان۔
5253,جیاپیدن کور بودھ وِہارَن قیم تہ کٔرِو واریاہ بودھ مجسمہ بناونُک اِمُکُر۔ تٔمۍ کور جیاپُرا (مُتعلق
5254,عام ٹاپنگن منز چھِ پنیر، پینٹن بیٹ تہ سلیٹڈ میٹ شمل۔
5255,یہ واقعہ چھ عام طور دسمبر-جنوری ریتہ پیٹھہ ریتہ پٹھہ منعقد گژھان تہ یہ چھ ایشیاہس منز ساروے کھتہ بوڑ ثقافتی واقعہ مانن
5256,س چُھ پننہِ ملِس ایڈورڈ جانسنس ستہِ مُقابلہ فنڈ کمپنی فڈلیٹی سرمایہ کری کران۔
5257,فلمہِ منز اوس پننہِ وقتہ خطر لائیش پروڈکشن (کاسٹ خطر اکثر بینکٹ تہ پارٹیہ ستہِ)، بنوِتھ دون تہ نصف ؤر
5258,یہِ چھ پتہ بٹلن یا کارٹن منز ڈالنہ یوان ۔
5259,"رڈیفہِ سُکینیا ورما دِن شِرنی 4/5 ہُند درجہ بندی تہ لیوُکھ، ""شِرنی چھُ اکھ فتح - مقصدچ اکھ عظیم نتیجہ تہ قصہ و"
5260,فرینفیل چھ سِنگکن ایل آر ٹی لِنِس ستۍ ستۍ سُکن سٹیشن یُس سائڈ پلیٹ فارم استعمال کران چھُ۔
5261,ڈی ایس: یتھہِ تجربہ ستۍ، کیا تہہ پننہِ ہنگ اپس ستۍ ذتی ترقی ہند تجربہ تہ تہِ چھِتھ یا تہہ کینہہ
5262,یہ فلم چھ 1929 ہس منز یتھ ناو سندس موسیقی پیٹھ مبنی۔
5263,یہ چھ استعمال کرنہ یوان ییلہ اکہِ دنہِ کلاسچ صرف اکھ مثال ہیکہِ۔
5264,وقت خرچ کرُن ییلہِ تہہ بدلہ فیزیکی سرگرمیَن پیٹھ خریدری کرِو۔
5265,تمہِ سنز فوجن کور حملہ واپس مگر عملس منز سنگین ہلاکتہ کٔر۔
5266,انفوس شروع کرنہ برونہہ کٔر مٗرتھین ہندوستنۍ انسٹی ٹیوٹ آف مینجمنٹ احمد آبادس منز اہم نظامن ہند پروگرامر تہ پوٗن (ماہراسٹر)
5267,تِمَن سہِ 45 لوکوموٹو تہ کٔرِو 53 سٹیشنَن کم ییلہِ تِمن منز 12 کم کم کٔرِو۔
5268,جنوبی ایشیاہس منز یورپی کولونیزمچ آمد کرنہ برونہہ اوس برما پیٹھہ واریاہ جنگ، نگا قبضہ، میٹھی لوٗکھ تہ ہندوستان کِس شُمال مشرقی من
5269,گرے وائر پٹیری چھ تقریباً صرف پیننہِ ہندِس پٹھۍ، تہ یہِ چھُ ترے مُختٔلِف شکلہ آسان: نیرو کھتہ، ٹھنڈے پین
5270,آپریٹنگ سسٹم ہیکہ پننہِ رٹن ٹایم ماحول فراہم کرنہ خطر ماننہ یِتھ ۔
5271,نہ صرف یہ چھ تُہندِس ساتھی خطر پریشان کن، مگر یہ ہیکہ تِم تُہندِ ملی صحتس منز شک کران تہ تُہندِ اِراد پٹھ سوال کر
5272,ستہِ ونسہِ تریو ؤریہِ ہندِ جناز ہندِ ڈایریکٹر ڈریل جانسنن وون جمعہ کور کولورڈینس قلعہ زِ تٔمۍ اوس نہ
5273,یِم آرڈر چھِ اَتھہِ ستہِ پیش کرنہ یِوان ییتہِ ز آرڈر چھِ اَتھ دکان تہ ڈیلور روٹَس منز شمل کرنہ
5274,تِم ہیکہِ اَکِس نتیج واپس دِتھ، یا اَکِس اضافی سوال پوٗر کرِتھ۔
5275,تٔمۍ کٔر پننِس دویمِس میچس منز راجستھانس خلاف 114 جواب تہ بین باقی دون متثر صدین وچھِتھ زِ تٔمۍ 1970-71 ہِن
5276,2006 ہس تام اوس اُہلینڈس منز 386 لُکھ روزان ۔
5277,مختلف الگوریتم یم أکِس مسلہ حل کران چھِ ہیکہ واریاہن طریقن منز بہتر یا بدتر ستھ۔
5278,مے کٔر رلٹ گڈاونس منز گژھان تہ یہِ اوس زِیاد كھلنہِ ہندِس ستہِ ستہِ ستہِ دُژھان۔
5279,خواابس اوس گڈ اکتوبر 2012 ہس منز رلیز گژھنہ آمتۍ۔ تاہم، یہ آو پتہ 9 مئی 2014 تام اپ ڈیٹ کرنہ۔
5280,اہم فوٹوگرافی گوا تہ کولہا پورس منز فلمہ آمت زیاد تر سنیماہ ستہِ جون 2018 منز شروٗع کرنہ۔ باقی آیہ مومبیی منز ہیدرآباد تہ
5281,یہِ خوشی آو زیر قیمیت ہِندِس ہندوستان تہ پاکستانس منز خوننی تقسیم ستۍ تھوم کرنہ۔
5282,آسٹریلیاہس منز چھ مردن ہندس کھیلس خطر تقریباً کانہ ملی حمایت یوان، لہذا تِم چھِ پننہِ زیاد تر خرچ پوٗر کرنہ یِوان، ی
5283,ندی چھ اکھ بے گناہ ولۍ ولۍ تہ چھ عام طور أمۍ سندۍ ساتھیو ستۍ یِنہ خطر دِژمژ۔
5284,فورسبیکا فورسبیکا چھ سویڈن کس گویل بورگ کاؤنٹی منز گویل بلدیہ ہُک اکھ علاقہ۔
5285,امہِ ستہِ وُچھِو گیسہ ہُند بلاکڈ کرنہ خطر۔
5286,ڈونورا، پنسلوینیاہس منز چھ اکھ زنانہ دن نوبر پٹھہ پننہِ 12 ؤریہ ونسہِ نیرنہ ستہِ جنسی تعلق خطر
5287,ایجیکلٹری ڈکٹ ایجیکلٹری ڈکٹ چھ انسان مردانہ انٹومی ہند حصہ۔
5288,اگر تہہِ فنکار چھِو، تیلہِ کٔرِو آن لائن یا مقمی سٹورن منز ہینڈ بناونہ آمتہِ چیزہ کنچ کوشش۔
5289,پڈگونکر گُزریو مُمبیی منز 86 وُہِ وُہِہ ونسہِ منز اکھ مختصر بیمار ستہِ ۔
5290,حقیقت چھُ یہِ زِ ملی چیزن چھنہ خوشی ہُند معیار تہ لہذا تِمَن پیٹھ خوشی ہیکہ حصل کرنہ یِتھ ۔
5291,ہندوستنہ یا چین ہس منز بٔڑِس بازرس منز سرمایہ کری ہُند خیال ہیکہِ تام پٹھۍ پٹھۍ پٹھۍ پٹھۍ پٹھۍ پٹھ
5292,مے اوس غصہ ییلہ مے پتہ ز انتظامی ٹیمن کٔرۍ ؤرین دوران خریدارن ہندِ پونسہ خطر فایید قبول۔
5293,مغربی بنگالس منز چھ ز عالمی ثقافتی جایہ تہ چھ ہندوستانس منز ساتوہ ساروی کھتہ زائرنہ آمتہِ سیاحتی مقصد پٹھ درجہ بندی کران۔
5294,بنگباندھو نیشنل سٹیڈیمَن کور 2009 تہ 2018 ایس اے ایف چیمپئن شپ تہِ دشونی میزبنی۔
5295,اتحاد علاقہ چھ جموں و کشمیر ہائی کورٹ سندِس حِصہ تحت، یُس لداخ خطر ہائی کورٹ تہِ چھُ۔
5296,ہندِ تہ عیسیی ہندِ تہوارن ہندِ جشنن منز چھِ اکھ مِشکل گیووِیی ستہِ، یِم کھاتھہِ ونان چھِ، چھِ اکھ
5297,لیکوپینیا تہ غیر معمولی جگرچ کارکردگی ہنز ٹیسٹ چھ عام طور بیمارچ ابتدئی مرحلس منز وچھان۔
5298,مثالہ، ییلہِ کھیلن ہند بٔڑس حصہ سکرپٹنگ زبانس منز لکھنہ یوان چھ۔
5299,تٔمۍ کٔر آسٹریا تہ سوئٹزرلینڈس منز دشوے کارٹنگ چیمپئن شپن منز ریس۔
5300,گانا ستۍ چھ سُہ قطرس منز فیفا ورلڈ کپ 2022 خطر کیوٗفیٹ کرنہ یوان۔
5301,نیشن سٹیٹس-نیشن سٹیٹس چھ اکھ ویب سائٹ تہ براؤزرس پیٹھ مبنی گیم تہ آن لائن کمیونٹی۔
5302,شیواجی اوس پننہِ مہمہ ستۍ وسیع زمین تہ ثروت حصل، مگر اکھ سرکرِیی عنوان نہ تھاونہ س اوس سُہ تہہِ تکنیکی طور مُغل زِ
5303,"پتہ موغل سلطنت ہندۍ متن یتھ منز ہریدوار سندس مُطبِقَس منز ""کمبھا مل"" اصطلاح شمل چھِ، چھِ کھولاسٹ-وت-ت"
5304,سُہ اوس 1980 پٹھ 1996 ہس درمیان ورجینیا ہاوس آف ڈیلیگیٹسک رُکُن۔
5305,روکہ کھتہ کھتہ کھتہ سخت کھیل، ییمہ ستہِ اکثر ذہنی کنٹرولس ستہِ کٔمیبر سنز طاقت، پٹھ پٹھ پ
5306,نارماڈا دٔریاوَس منز چھُ نارماڈییا برہمنن ملِکہِ دیویہ تہِ پوٗر کران۔
5307,نزدیک فیشیرپ چھ فیش سندِ انتظام کران تہ یہ چھ اگشورن لیفٹ ستۍ دستیاب۔
5308,یہِ آو پتہ زِ یہِ یوٗن این ایچ ایل سٹار سندِس اعزاز دِنہ آمتہِ میموریل کپ رِنگ تہ واریاہ قیمتی ٹورنامنٹ واچ آو
5309,گنیشَن کور اَتھ رضامندی، تہ بنوِوِن أکِس کورِس یِمَن ہندِس سندِس خاندان، رِدی تہ سیدھی سن
5310,سُہ چُھ کٹی کین ارکانن ہندۍ گرم استقبال کرنہ یوان تہ جلدیہ چھ واریاہن موقعن منز رٹان۔
5311,میڈ چھ کارول ایل مینٹزرس ستۍ خاندر کران تہ تمن چھ اکھ دون شُر۔
5312,یہ بینکُک بنیدی مقصد چھِ گھر بناونہ۔
5313,الودین، یس جولائی 1296 ہس منز علی گورساسپ ونان چھ، آو سرکرۍ رسمی طور کرنہ کرنہ یتھ منز الودنیا واڈ محمد شاہ سُند سلطان آ
5314,ریلہ لوڈ کرنہ خطر، سپوے کور پودر آزاد کرنہ خطر کارٹریج کھولنہ خطر بٹناونہ۔
5315,سیرک ہندِس سرنہِ سرنہِ سندِس سرنہِ سرنہِ سرنہِ سرنہِ سر
5316,بھگواٹا پرانا چھُ یوگا ہُک اکھ شکل یُس وِراہا (تفرق) بھاکتی ونان چھُ، یُس کرشنس پیٹھ توجہ مرکوز کران چھُ۔
5317,ییلہِ تہوار رام پٹھ ناو چھِ، یتھ منز چھِ عموٗمن سِتا، لیکشمن تہ ہانومان خطر تعریف شمل، ییمہِ وجہ ستہِ رام سن
5318,2019 منز، تٔمۍ گوو تائی لیگ 1 کلب بانکوک یونائیٹڈس منز منتقل۔
5319,واریاہ موسیقارن کور اتھ مسلس منز حصہ۔
5320,بڑن (70 ؤری تہ بڑن) منز سہِ 6% افرادن ہندِس وٹامن بی 12 ہندِس توجہس کم۔
5321,کالیرز چھِ تِہِہِ نہ تبصرہ خطر دستیاب۔
5322,مانیکیشوری مندر چھ اوڈیشہ، ہندوستان کِس کالیہندی ضلعس منز واقع۔
5323,کالکٹا یونیورسٹی تہ جادو پور یونیورسٹی چھِ مشہوٗر تکنیکی یونیورسٹی۔
5324,ریاستچ سرکر زبانہ چھ انگریزی، سکیمس نیپالی، سکیمس (بھوتیا) تہ لیپچا۔
5325,اِدِناٹُک مجسمہ چھِ مندرَس منز یِتھ کٔنہِ مندرَس منز مُلناے تہ چکرشواری دیوی چھِ اکھ لکٹِس مُ
5326,یتھ تعاملتی مشور، یسہِ ریسورس انٹیوٹِس ہوِتھ، چھُ اکھ شخص سنز خطر، یِتھ حالاتس منز خطر چھِ، تہ ذتی گول
5327,وسطی ہندوستنہِ منز، بھاکتی تحریکن کٔر اکھ ذتی دیوتا یا اعلی شخصیت کہ تصورچ دفاع۔
5328,ٹرکن ہکہِ مستحکمیت متثر گژھِتھ۔ زیاد سطحچ زخمَن منز تہِ زیاد۔
5329,لیک آو کانڈوبولین تہ بیکن ہیل، سڈنی منز تعمیر کرنہ۔
5330,الکس سنز نوو ناو آو 1 جون 2021 منز اعلان کرنہ۔
5331,ہانسکوگ ہانسکوگ چھ سویڈن کس سکاون کاؤنٹی منز ایسٹرا گوگنگ بلدیہ منز اکھ علاقہ۔
5332,یہ اوس نیو انگلینڈ کس تریخس منز ساروے کھتہ ساروے کھتہ ساروے کھتہ ساروے کھتہ ساروے کھتہ سارو
5333,کنہہِ کٔنہِ دٔریٖل، ڈاکٹر میرا دٹا (دیویا دٹا)، اکھ نفسیات یُس معاملن منز مہارت چھُ یِم علمس خطر جواب چھُنہ یوان
5334,پُلاکیشینن کور جنوبس منز پلاواسسس خلاف کینہہ نتیجہ تہِ، مگر خری طور آو پلاوا بادشاہ ناراسیمہورمن اول سندِس حملہس
5335,یہِ کیٖل چُھ نہ اکثر موڈلٹ کرنہ باپتہ آرکیسٹریل موسیقی منز استعمال کرنہ یوان۔
5336,تم ہیکہِ اسرائیل ہُند شہری بنوتھ، مگر تم چھِ نہ یِنہ خطر چِھ یِنہ خطر چِھ۔
5337,ریسٹورینٹ کھتہ، جیم رکن شپ، تہ اکھ ریتھ سیل فون بل چھ تمام خریدری یتھ تہہ توجہ سان تہہِ تہہِ تہہِ تہہِ
5338,آرچی آسٹریلیاہ بورڈ کین ممبر سہِ تہِ ونسہِ مُقابلہ كین منز، یتھ منز آرچی آسٹریلیاہ کِس سی او یِم جیم لارون ش
5339,سُہ اوس اکھ محافِظ یُس کاروبار تہ کم ٹیکسَن ہُند حمایت کٔر۔
5340,کییسن کٔر اے آر ای ای ۔ ڈرم لیڈنگ تہِ قیم تہِ ہدایت۔
5341,وقتس دوران چھ یہ جشن قومی اسمبلی پیٹھ ہندوستان کین تمام چیزن ہند وسیع جشن منز ترووِتھ ۔
5342,بچہ ہندِس پٹھ بتھِو، یتھ منز سندِ یا سندِس سر براہ راست پٹھ بتھ ۔
5343,2007 پٹھ گِھنچ موقعہ کم گٔیہ تہ تٔمۍ کٔر 2008 سیزن کس خرس پیٹھ رٹایہ۔
5344,لکٹہِ آب و آب و آب و آب و آب و آب و آب و آب و آب و آب و آب و آب و آب و آب و آب و آب و آب و آب و آب و آب و آب و آب و آب و آب و آب و آب و آب و آب و
5345,اتھ منز چھ اکھ بٹینیکل باغ تہ اتھ منز چھ حصہ سنکشنری قرار دنہ آمتہِ ۔
5346,زنان چھ نزدیک ہویلس منز ہریانی لوک بتھ گژھنہ تہ تحفہ ہند تبادلہ کرنہ خطر جمع کران۔
5347,یادگار چھ اکھ روک كٹ مانوسٹر یا مندر۔
5348,تٔمۍ کٔر پننہ پیشورانہ پیشورانہ پیشورانہ پیشورانہ پیشورانہ پیشورانہ پیشورانہ پیشورانہ پیشورانہ پیشورانہ پیشورانہ پیشورانہ پیشورانہ پیش
5349,موسیقی ہندِ آلات چھِ واریاہ خاص تہِ، یتھ کٔنۍ زِ زِ زِ زِ زِ زِ زِ زِ زِ زِ زِ زِ زِ زِ زِ زِ زِ زِ زِ زِ زِ
5350,تٔمۍ گِیُن کرواٹیا یو 17، یو 18، یو 19 تہ یو 21 قومی فٹ بال ٹیم خطر۔
5351,یِم ایجنسی چھِ صارفین ہندِ شکایتہ ہُند تحقیق کران تہ ہیکہ صارفین ہندِ تحفظتی قونوٗن خلاف ورزی کرنہ خطر زور دِتھ
5352,"2010 چہ مردم شمری مطبق سہِ 25,241 لُکھ اتھ منز روزان ۔"
5353,بدلہ، کٔرِو اکھ چیز شیل یا ریکس پیٹھ واپس، ملَس پیٹھ پیٹھ پیٹھ گژھِو، تہ یہِ سوچو زِ تہہہِ چھِو یہِ چیز یژھان یا
5354,سُہ اوس کنٹکی لوئی بی نُن سند سابقہ گورنر ستہِ بلیٹَس پیٹھ۔
5355,گلوسری: اکھ گلوسری چھ لفظن ہند اکھ فہرست تہ تمہِ کیا مطلب چھ۔
5356,پرتھویرایج آیہ مہوبا ہک گورنر مقرر کرنہ پتہ دِلہِ واپس۔
5357,صرف یقینی بنو زِ تہہ ہیکہِ تہہِ سختی ہنزِ قبل کرنہ یِتھ تہ نہ وِزِ اگر یہِ وچھان چھِ زِ تہہ
5358,امہِ بدلہ چھِ تِم اشتہری تہ میڈیا ہندِ پوٗر۔
5359,نوو بناونہ آمتہِ اسلام آباد بین الاقومی ہوییی اڈن کور یہِ مئی 2018 ہس منز بدلہ۔
5360,مونیکاہس چھٗنہ کانہہ انتخاب۔ س چُھ سراج سندِس بلیک میلس ستۍ رتہ تہ سراج چھٗ پننہِ دوستن ستۍ کنیاہس
5361,ملبورن میڈفیلڈر ٹام پونڈیلجَن کور شِہ دہ منٹَس منز اکھ طویل رینج سٹریک ستۍ میچ خطر اکھ وحد گول۔
5362,ابتدئی سکرین پلے ڈیزائن لکھنہ پتہ آو سیدرتھ گریمہ گجراتس منز بولن، سلنگ تہ اکینٹ تحقیق کرنہ خطر سوزنہ۔
5363,آی سی سی ہُند دٔسہِ سیزن آو گورگن، ایرانس منز گِندنہ، ییتہِ 2017 ہس منز ہندوستانن فاینلس منز پاکستانس شکست دِ
5364,عالمی سطحس منز آیی او ایس تہ آندروڈ ریلیز آو 22 اکتوبر 2014۔
5365,شہر کِس جنوبس منز اکھ اضفی لائیو تہِ چھِ جلدی سان بناونہ یوان ۔
5366,سوما تہ سورا س ویدک معاشرس منز مقبول مشروٗعات، یتھ منز سما مذہب ستۍ مقدس کرنہ آمت۔
5367,یہِ ناقابلہ آوازہ ولِو واریاہ دیوارن پیٹھ، اکھ پریری، غیر وضاحت کرنہ یِنہِ کورس پیٹھ۔
5368,کلب گوو 2011 ہس منز بند، ییلہِ ملی مسلہ خراب سہِ۔
5369,یوجناولکیا سمریتی ولہِ 3.79 چُھ زور دِوان زِ حاملہ زنانہ ہندِس خواہش چھِ بچہ سندِ صحت مند ترقی خطر ملِتھ،
5370,روسی آنا ایفیمینکون کور 4 منٹ تہ 37.37 سیکنڈچ وقتس ستۍ زنانن ہند 400 میٹر فری سٹائل ہندس ایس13 کلاسس منز اکھ نوو عالمی ریکارڈ
5371,یودھشتھیرن کور بھیمس ہسٹنپوٗرس کِس کُند کُند کُند کُند کُند کُند کُند کُند ک
5372,غیر بائنری لوٗکھ تہِ اوس غریبیتس منز بیٹھۍ زیاد امکان وچھان ۔
5373,س کٔر مانی رٹنام سند 1997 تامل فلم اوروارس منز پننہ اداکری ہند اداکری شروع تہ تٔمۍ ؤریہ ییمہِ ؤریہ منز اوس اور پوہا
5374,یہِ فہرست چھُ سیریز مارین ہندِ ترتیبس منز وضاحت کران زِ تِمَن ہندِ ہندِ ہندِ ہندِ ہندِ
5375,یہ ہیکہ نوو انتخاب، یا بدترین صورتس منز شہری جنگس منز نتیجہ بنتھ۔
5376,افغنہِ حکمران، بیز بحادور، آو سارنگ پوُر کہِ جنگس منز شکست دِنہ تہ کٔر پننہِ ہرم، خزانہ تہ جنگہِ ہندِس طیارس
5377,ساینس دانن ٹیسٹ نمونہ منز وائرس جینوما ہُند کاپی تلاش کرنہ ستۍ نِپا وِروس پتھ ۔
5378,اَمہِ ستہِ گوو اوکری رنگین پوٹیری ثقافت راجستھان پیٹھ گنگٹک میدانس منز بڑمُت۔
5379,شُمال مشرقی مہار، یُس ستمبرس منز شروٗع چھُ، چھُ مہار پتہ موسمن منز روزان، تہ صرف مارچس منز ختم گژھان۔
5380,کینہہ قسم چھِ تھرپ شاپَن منز وُچھان یِم ژنہِ ہُند پلو یا دٔریاوہ یوان چھِ ۔
5381,20ہِ صدی کِس خرس منز کٔر تامل ہیندِ مُجرِن برطانوی تامل مندرن منز مندر رقص کرنُک بھرتناٹیم روایت دوبار دِن
5382,اکھ سٹرا ہیکہ آزادانہ تہ معیارس ستۍ روزنچ صلاحیت متثر کٔرتھ۔
5383,تٔمۍ کور پننہ کوشییی یونیورسٹی آف کیلیفورنیاہس منز پننہ کیریئر شروٗع۔
5384,پتہ گوو سُہ جنوبی ہندوستان واپس، ییتہِ سُہ 1741 مارچس منز چنڈا ساہب سند فرانسیسی حِصہ پونڈیچرری پیٹھ واپس کرنہ خطر
5385,مُنجا گاس چھِ وِسٹَس پیٹھ رلان ۔
5386,ونہِ نہ روُٹ پننہِ زراعتی سرگرمیہ خطر غلامن پیٹھ بھروسہ کٔرتھ ییلہ تِہِہ تمہِ سندِ غلام کینہہہ
5387,تہہ ہیکہ شُرِن ہندِس رحِبتس پیٹھ پونسہ بچاونہ خطر حصہ وقتہ تہ کم کٔرِتھ ۔
5388,تخمینہ مطابق، آئی ٹی تہ آئی ٹی ای ایس انڈسٹری خطر ضروری تقریبا 50 فیصد ہندۍ ذٔریعہ آو ریاستہ پیٹھ آسنہ۔
5389,تم چھ لڑان، تہ روکس چھ یہ وچھان ز سُہ ہیکہ کیبلڈ استعمال کٔرتھ۔
5390,ہندوستنۍ نیشنل کانگریس بنیوو لوک سبہ منز اگلی پانژھ پٹھہِ عام انتخابہ باپت ساروے کھوتہ بوڑ پارٹی۔
5391,تاہم، رینٹینیٹڈ کنٹرولڈ ٹیسل ستۍ مدد س نہ 2015 ہس تام دستیاب۔
5392,یہِ واقعہ یاد کرنہ خطر چھُ تُلسی وِواہ ہُند تقریب پیش کرنہ یوان۔
5393,ایلوی یو ایلوی یو اوس اکھ کمپیوٹر کرم یس گڈنِک 5 مئی 2000 ہس منز ظہر گٔیہ۔
5394,ایوینش چھ دیو ستہِ میزس پیٹھ کنہہِ وچھان کرنہ خطر ڈیوُس پیٹھ قرض دوان تہ دیو چھ وچھِتھ ردعمل کران۔
5395,یہ علاج ہیکہ نہ اکھ مختلف پٹھہ کینسر خطر مؤثر گژھتھ۔
5396,"یہ چھُ لداخ، ہماچل پردیش، اُتراکھند، سکیم تہ ارونچل پردیش ہندِس ریاستن تہ اتحاد علاقن منز 4,057 کلومیٹر پٹھ گژھان۔"
5397,ماتوراکنکی کِس کمَس منز چھُ مُتھراونگِر مُتھانارَن پننِس سرپرست، تالیہالنگنم نیڈونجلیانَس مُتعارف
5398,یہ وقتہ ہُند حد چھ ریاست تہ شہرس پیٹھ مُختلف، مگر یہ چھ عام طور 40 پیٹھ 160 دہَن درمیان آسان۔
5399,تمہِ پتہ چھِ گلوکارن ہندِ ٹیمہ یِم ہندِ ہندِ آواز تہ گلوکار گلوکار چھِ ۔
5400,سری اکال تاخت ساہب، یُس گولڈن ٹیمپلس پیچلس منز چھ، چھ سِکھن ساروے کھتہ زیاد مورِتی سیٹھاہ۔
5401,مے اوس نہ سوچن ز تِم چھِ فورڈ فوکس خطر سٹاکس منز بچت کران مگر پتہ اوس یہِ۔
5402,ییلہ تہہِ سالانہ معاہدہ منسوخ کرنُک فیصلہ کرنہ ییلہِ تہہِ ہُند اِندِس رِنڈِرِنڈِرِن
5403,تٔمۍ یس وقتس منز آسنہ خطر چھِ دہہ ساتہ کلومیٹر پوٗر کرنُک ضرورت۔
5404,زیاد تر ایپسن خطر آو ضروری مقدار ہُند شُر۔
5405,اولونکھو چھ اکھ مشہوٗر یاکوت بٔڑین لوٗکن تہ جانورن متعلق اکھ قصہ۔
5406,امریکہس منز آو یہ فلم رٹائٹس ورے رلیز کرنہ۔
5407,مے کٔر مے پننہِ بہترین ٹیکنالوجی کرٹس متعلق اکھ مُقابلہ كِس مُقابلہِ كِس مُقابلہِ كِس مُقابلہِ كِس مُقابلہِ كِس مُ
5408,ہندوستنہ کینہہ حصہ منز چھ درجہ حرارت کینہہہ وقتہ یسہ کم چھ۔
5409,ہندِس روایت چھ لوک بولن تہ بتھن ہندِ ذریعہ زند روزان۔
5410,انگریزی آو گڈنیچ مالزیہس منز استعمال ییلہ برطانوی ملزیہ تہ سنگاپورس منز س۔
5411,مثالہ، اگر تہہِ پرنہہ کارہِ یِہ کُنہِ تہِ وقتہ منز گژھِتھ، تیلہِ تہہِ چھِ اچانک ایمرجنسی اخرا
5412,تٔمۍ کٔر کشور سنز وحد بتہِ فلم سنہرا سنسار خطر 1975 منز ناشاد خطر آشا بھوسل ستہِ ہلو ہیلو کیہ ہال
5413,مُستمر عملہ ستۍ چھُ فرد چھُ پٹھۍ پٹھۍ پٹھۍ پٹھۍ تبدیلی بناونہ خطر کم کرنہ خطر کٔمی پٹھۍ لِمِ
5414,اگرچہ سنزِ ابتدیی دعواہ نِش انکار کور، چودھ پتہ کٔرِتھ کردار ادا کرنہ خطر رضامندی۔ أمۍ آو نہ اکھ ریتہ ت
5415,بوچٹَن کور 1874 منز ییل یونیورسٹی پٹھ پننہِ بیکسٹر ڈگری حصل۔
5416,مشہوٗر ہندوستنۍ قومی اسمبلی لالہ لیپٹ راے کور لاگورس منز احتجاجچ قیادت۔
5417,کینہہ لوٗکھ چھُ ونان زِ اکھ سکرپٹنگ زبان ہنز چُھ خاص استعمالس ستہِ ربطہ یِنہ یِنہ یِنہ یِنہ
5418,کابدی آو ہندوستنہِ، نیپالی تہ سری لنکن ہجرت کرنہ آمتہِ برطانیہس منز۔
5419,گڈنِچ چیز ییلہِ توہہہِ کنہہہِ پٹھہِ پٹھہِ وٗچھِتھ چھُ یہِ زِ اعلی درج چُھ ز طرفہ تقسیم کرنہ
5420,لہذا، تِم قرض ادا کرنہ ورے پننہِ رقم ہندِ ثبوت کرنہ خطر سُہ جایہ منز ڈالوِتھ۔
5421,سیرووانی واٹر فائلز چھٗ اتھ جایہ پیٹھہ دور ۔
5422,مدراس ہچ بٔڑس پیمانس ہنز دفتر آو 1688 منز قیم کرنہ۔
5423,تِمَو زیوٗن دویمہ برونز میڈل ییلہ شیلیَن 1959 فی بی اے ورلڈ چیمپئن شپ میزبنی کٔر۔
5424,تلاش انجن چھ واریاہ آسدی تہ تیزی سان کنہس متعلق معلومات ژھاننہ خطر واریاہ فید آسان۔
5425,کیرالہ چھ پننہِ ماحولیتی سیاحتی ابتدییاتن خطر زاننہ یتھ منز مغربی گتھس منز پہاڑ نیرن، ٹریکنگ تہ پرندِ
5426,آن لائن سٹور خطر اکھ ڈوڈ کارڈ ییمہ تہہ پننہ خریدری کرنچ یژھان چھ۔
5427,یہ چھ ہندوستان کِس دارالحکومت دِلہِ پیٹھ 255 کلومیٹر دور۔
5428,کران جوہار سندِ پروڈکشن ہاؤس ڈھرم پروڈکشنن کور یہِ فینٹوم پروڈکشنن ستہِ امہِ فِلمہِ منیٖز سرمایہ کری، ی
5429,س زیوٗن ٹھہ پریمیٹیم ایمی ایوارڈ تہ اکھ ڈی ٹایم ایمی ایوارڈ۔
5430,فیکل میکروبیوٹا ٹرانسپینٹن منز چھ فیکل اینیمس ستۍ انسان پروبیوٹکس ہندس انفیکشن شمل۔
5431,واسبی چھ اکھ جاسوٗب یُس روایتی طور کیبے خاندانہ کِس کِس کِس کِس کِس پٹھ تیار کرنہ آمُت چھُ ۔
5432,ییلہ س گڈنِچ لیڈِس اوس، س صحت کی دیکھ بھال ہندِ نظام تبدیل کرنچ کوٗشِش کور۔
5433,تاہم، اتھ منز چھ آبدی ہُند بُنیادچ شرح زیاد، یُس 2001 تہ 2011 ہس درمیان اوسط 12.36 فیصد فیصد چھ۔
5434,لسٹگ موُد 23 فروری 2016 ہس منز بوہمسٹڈٹ، جرمنی منز پننہِ گھرس منز۔
5435,مہی دٔریاو چھ واریاہ لوٗکھن ہند عبادت کران تہ اتھ منز چھ واریاہ مندر تہ اتھ شُرِس پیٹھ عبادت کرنچ جایہ۔
5436,فن لینڈس منز مقبوُل ہُند فہرست - یہ چھ فن لینڈس منز قصبن ہُند فہرست۔
5437,سُہ تہ لن زیَن کور اعلان زِ تِم سہِ نومبر 2008 ہس منز اکھ بچہ۔
5438,چندراگپٹا موریہَن کٔر آرتھاسٹر کِس مُصوِر چناکیہِ ہُند مدد ستہِ اکھ فوج بَڑِتھ، تہ کٔرِو 3
5439,امہ وقتس دوران، تٔمۍ کٔر اداکری منز دلچسپی تہ اداکری سٹیج ڈراماہن منز کم۔
5440,یہ آلہ پیٹھ سرکرۍ ہٹاونہ خطر چیزُک UPC بار کوڈ دوبار سکین۔
5441,پُنگابی فوجن ہند استعمال کرنہ آمتہِ خاص شکلہ اوس لوکھ مٗستی، تِکیازِ سِکھن ہندِ پوشر کرنہ یِہ کرو
5442,پولو، ییمہِ اکھ مُلک کھیل ونان ہکِو، یُس منی پورس منز شروع گژھان چھُ۔
5443,آسامس منز چھ اہم روایتی تہوار مختلف گژھان۔
5444,چاکما لوٗکھ چھٗ میزورم منز موجود چاکما آٹونوموس ضلعہ کونسل چاکمالینڈ ناو تحت اکھ یونین علاقس منز پوٗر کرنُک مطالبہ آمُت۔
5445,رٹن زیوٗن 1984 سمر اولمپکسس منز سونہ، سِلور تہ برونزی میڈل۔
5446,تٔمۍ کٔر اگرہ واپس، ییمہِ شریر شاہن ستۍ پتہ، تہ امہ پتہ دِلہِ منز لاگور تام۔
5447,کیتھولکس چھِ فیک ضلعہ، ووکھ ضلعہ، تہ کوہیم ضلعہ کین حصن منز تہ کوہیم تہ دیمپوٗر کین شہری علاقن منز اہم تعدادن منز لبنہ
5448,یِم پچ چھِ اکثر دشونی طرفن پیٹھ مترادف پٹھہ گژھان تہ ہیکہ شکل تبدیل گژھان۔
5449,یانی کنسرٹ سندۍ سندۍ ستۍ مے طاقت ستۍ پٹھۍ پٹھۍ تہ مے دہس پیٹھ گژھان۔
5450,ویلرمپٹ دریاو چھُ ہندوستان کِس تامل ناڈو کِس ریاستس منز پوڈوچری کِس اتحاد علاقس منز اکھ دریاو۔
5451,سونچ آسہ نہ صرف وقت گژھنہ خطر بلکہ تُہند روزانہ روٹینس منز خراب کرنہ نِش بچنہ خطر اِہِم ۔
5452,میڈل مشرقی مواصلات سیٹلائٹ فراہم کرن ولہِ عربسٹن وون جمعرات زِ تِم چھِ عرب نیوز چینل الالم واپس ہواس پیٹھ۔
5453,علامتن پیٹھ مبنی ہیکہ تشخیص مشکوٗر گژھتھ تہ خون ٹیسٹ تہ ریڈیو آڈین اپٹیکس ستۍ تصدیق گژھتھ۔
5454,کولگوگ چھ جنوب مشرقی ایشیاہ کین گرم روُد جنگلن منز روزان ۔
5455,گڈنِکِس ہینڈلڈ گیم کنسولی اوس سمیٹ انجینئرنگ کہِ ڈیزائن کرنہ آمتہِ مائیکرو ویجن۔
5456,یہ پین چھ ایمیزونس پیٹھ کنہ یوان تہ یہ چھ 5 ڈالر خرچ کران۔
5457,اہم ہاوی جزیر چھ اکھ سمندری سطحس پیٹھ اکھ پہاڑ ۔
5458,زنگسکر وادی چھ سٹود تہ لنگنک دٔریاوَن ہندِس ملِس منز واقع۔
5459,تٔمۍ کٔر اتھ وقتس پیٹھہ کٔر نہ کٔر، ظہر سپوے عام درخواست دِنہ دارن ہندِ پٹھۍ، مگر قصرس منز باقی سہ
5460,مے چھ افسوس ز مینۍ پسندیدہ ٹیم چھٗنہ ولہِ نہ اچھی پٹھۍ گِند کران ۔
5461,اگلی ؤرِس منز زیوُن کلبن دوبار ریاستی چیمپئن شپ۔
5462,یہ علاقہ منز چھ واریاہ ڈینوسور فوسیل لبنہ آمت یتھ منز ٹائٹانوسورس انڈیکس شمل چھ یتھ منز ریچارد لیڈیکرن 1877 منز لبن
5463,گڈنِک بیسمن تہ ترییمِس بیسمن چھ گڈنِک بیس تہ ترییمِس بیسسس ستہِ نزدیک۔
5464,"یہِ چھِ 70 کھتہ زیاد مُلکن تہ اتھ منز چھِ تقریباً 147,000 ملازمین۔"
5465,وینسٹوب آو 2006 ہس منز آلبرٹا سپورٹس ہال آف فیمس منز دخل کرنہ۔
5466,صرف 11 کھلڑۍ چھ 2022 ہس تام تمام ترے ٹریپل کرون ایونٹ زیننہ آمت۔
5467,اوگون اوگون یا اوگون چھ اکھ روح یس واریاہن افریقی مذہبن منز وچھنہ یوان چھ۔
5468,تٔمۍ کٔر QMJHL سندِ ویکٹروایٹروایل ٹایگرز خطر سیزنچ زیاد تر گِنڈ۔
5469,سُہ چھِ جون 2017 پیٹھہ فائن گیلُک لیڈر یُس انڈا کنی جایہ کران چھُ۔
5470,یہِ واقعہ آو گورنمنٹ آف کارڈینل کیرو پروویشنن ہند طرفہ فروغ دِنہ ۔
5471,کمونڈور چھ اکثر گڈن ہنز رچھنہ خطر اکیہ رونہ یوان ۔
5472,سکنٹہ ستۍ ستۍ چھ بینک نوٹ تمام جدید پونسہ ہند کیش شکل بناوان۔
5473,یہِ چھِ زراعت ہندِ عوامل ہُند رلیٖز كرنہ ستۍ شُہن کِلِو ستۍ حصِل کرنہ یِوان۔
5474,امہ علاو ہیکہ وینٹنگ میوائلٹ ہیکہ نٔو ٹاسٹِس ستۍ بحال، بحال، یا بحال کرنہ یِتھہ یِتھہ ستۍ ست
5475,1883 منز، ہومن کور پنن خیال کالکٹہ یونیورسٹی ہندِ فارغ ورین خطر اکہِ کھتہ خطس منز ہندوستنہِ منز مُصالح
5476,کُمار سندِ فِلم ہلف ٹِٹک (2012 ہس منز) ہُند ڈیجیٹل رنگچ وصِلییہِ چھُ تئاترس منز ریلیز کرنہ
5477,گائے ہندِس پٹھ چھِ ریس کیری چھِ گوہس منز سٹپل ڈایہ۔
5478,مغربی بنگالس منز مدینی پور کینہہ علاقہ چھِ سیلابہ ستۍ تہِ متثر۔
5479,ماننہ چھ یوان ز یہ وجہ اوس دلچ حملہ یا سٹروک۔
5480,گومبل تقسیم گومبل تقسیم چھ شدید قدرن ہنز اکھ امکان تقسیم۔
5481,یہِ چھُ جہازس پٹھ پٹھ آبس منز 70 میٹر فی گھنٹہ (113 کلومیٹر فی گھنٹہ) تام تیز رفتار کرنہ خطر حوصلہ کران، تہ امیُک
5482,رنگ تہوار یا ہولی چھ طویل، زیاد وسیع سپرچ تہوار ہند جشنن ہند اکھ حصہ۔
5483,پریتھہِ تہ کانہہ صنعتتی رابطہ ورنہ ستہِ غر سراج چھِ بالی ووڈ کِس بٔڑِس خراب دنیاہس منز پنُن طریقہ تلاش کرن
5484,امریکہس منز سہِ 55 فیصد بال ہُند اختیار مگر نہ گول۔ ٹیمس چیک ریپبلک گولس نزدیٖک حملہ تہ تخلیقیات کم۔
5485,نایب صدر جان سی کالہونن کور رضامندی، مگر صدر اینڈرو جیکسنن کور رضامندی۔
5486,کھیلُک بین الاقومی گورننگ باڈ، ورلڈ نیٹ بال مطبق چُھ یہ کھیل 80 کھتہ زیاد مُلکن منز 20 ملین کھتہ زیاد لوٗکھن ہندِ طرفہ
5487,پتروَن کور یوٗنڈیو ایگزٹینڈو ڈی کولمبیاہ کہِ یونیورسٹی ایگزٹینڈو ڈی ہِندِس معیارس ستہِ فارغییی ۔
5488,یا فیور تہ پریشانی چِھ اتھ کٔمیٹک استعمال کرنہ ستۍ علاج کرنہ یوان۔
5489,یِم ریاستن منز مشہوٗر ہانومن مندر یِتھ کٔنۍ ننگنالور، ناماکال، سوچینندرم، ترکواویر تہ التیویر چھِ امہ دہ پمپ
5490,جنوبی آلپس مغربی ساحلس پیٹھ سرحدہ پٹھ کم کران۔
5491,تمہِ سنز ناو چھُ جاد کِس لفظہِ ابراکادابرا ہُند اکھ کِلہ۔
5492,سُہ چھُ اتھ سوالس متعلق تعمیٖر تہ تریخ دانن ہندِس طموحیتس پیٹھ مکمل طور دستاویز کران۔
5493,لوکوت دال تہ بڈ دالس منز چھ پرتھ مرکزس منز اکھ جزیر، یتھ رُپہ لینک (یا چار چینری) تہ سونا لینک ونان چھ۔
5494,پتہ کٔر تمہِ سندِس مادنی بتھ چیرین ماتھیہِ پننہِ ولِنہِ تحت کورین سندِس خاندانس پٹھ تہ تِم تر
5495,تِہِ ؤرِہِ تِم آیہِ پننِس گڈنینیو تہ صرف بنگلِی فلم ساگینا مہاتوَس منز دوبار دِنہ۔
5496,سی این این یس مطبق کور ڈینیس پوٗر کیوباہس منز کم از کم 10 مرنہ۔
5497,ییلہ تِم دروازن تام سہِ، برہمن حکوٗمتو دہ درواز بند۔
5498,"یہ چھ تعلیمی شعبہ ہُند اکھ تہوار تہ استاد سنزِ دہ، اکھ "" مذہب خطر احترام"" دہ یُس معلمن ہُند احترام کرنُک مقصد چھُ"
5499,کیڈ ناو اکھ تخیل ولۍ لڑک چھ پانژہ کاسمی رنگ ژھنہ پتہ سپر پاور حصل کران۔
5500,ناو لفظہ چھ نوو مطلب تہ کھوٗن چھٗ کھتہ مطلب، لہذا ناو چھٗ زِیاد زِیاد زِیاد زِیاد زِیاد زِ
5501,امہِ مطلب چھُ اکھ شخصس زیاد اکثر اِرِتھ ہُند ضرورت۔
5502,ییلہِ تحقیق چلاونہ یوان، ییلہِ پروازچ دشونی ریکارڈر صحت مند آو۔
5503,یِم دریاوَن ہِندِس طرفہ رِیوٹَن پتہ، پتہ چھِ مُلکِس آبَس منز اکھ دُبار، بَگَر، لکٹہِ
5504,امہِ ہساین شریان تہ باقی کاربلا مُردن ہندِس سفرس منز تیزی سان ترقی یوان زِیرات اشورا ونان چھُ۔
5505,اشورا ہُند دہ، ٹھہ شیعہ امام علی علی علی رِدَس مطبق، چُھ عالمی معاملاتن ہندِس استراحت، غم تہ پوٗر ناقابلہ كِس د
5506,گولف تہ رگبی دشونی چھ اولمپک کھیلن منز واپس گژھنہ خطر مقرر کرنہ آمت۔
5507,واسکینڈی چھ سویڈن کس گوٹ لینڈ کاؤنٹی منز گوٹ لینڈ بلدیہ ہُک اکھ علاقہ۔
5508,"یہِ حیثیت آو صرف چارٹر ایکٹ 1833 ستہِ، ییمہِ سُہ تمام برطانوی ہندوستان کِس ""سہِ سیل شہری تہ فوجی حکوٗمتس پیٹھ سرپرستی، ہدایت تہ کنٹرول"""
5509,پتہ اوس س اکھ وکیل تہ پتہ اکھ ججس پیٹھ۔
5510,جگر ہیکہ ذخیر چِھ تِم چِھ استعمال کٔرتھ تہ تِم چِھ تِم چِھ توانییی خطر کھتہ كھوتھ ۔
5511,زندگی ہنز ساروی کھتہ بدترین اکی ہار گوو 19 دسمبر 1944 ہس منز۔
5512,پتہ کور تٔمۍ پننہِ بہ کُٹھرڈ کنٹک بادشاہ بنو۔
5513,چاندرگپتا سندس فوجی فتح تہ تمہِ سندِس سلطنتس منز چھٗنہ کانہہ ریکارڈ ۔
5514,س آو تہِ تہِ تہِ تہِ تہِ تہِ تہِ تہِ تہِ تہِ تہِ تہِ تہِ تہِ تہِ تہِ تہِ تہِ تہِ تہِ تہِ تہِ تہِ تہِ تہِ تہِ تہِ تہِ تہِ تہ
5515,پُلیکلِی، یُس کُدووکالی تہِ ونان چھُ، چھُ اونم سیزن دوران اکھ عام منظر۔
5516,یہ کھیل چھ مہاراشٹر، مدھیہ پردیش تہ جنوبی ہندوستان کین کین کین کین کین کین کین کین کین کین کین کین کین کین کین کین کین کین کین کین کین کین کین
5517,مہاراشٹر چھ مراٹھی لوٗکن ہُند گھر، یہِ غالب قومی زبانہ ولۍ گروپ، یِم مراٹھی زبان بولان چھ، ریاستُک سرکرِ زبان۔
5518,سُہ چُھ ڈے مینیس تہ بدلہ ڈبلن ڈِنما ناو ۔
5519,ونسہِ چھِ زراعتی علاقہ ہندِ تقریباً 51 فیصد کھیننہ زنہ یِنہ یِنہ یِنہ یِنہ یِنہ یِنہ
5520,یہ نمبر ییلہ تہہ اکاؤنٹ کھولنہ یوان چھ یوان۔
5521,بریزن کور گیم ختم کرنہ باپت کلوک پھیرنس منز اکھ کٔنہ۔
5522,ٹایم ورنر کیبل اوس اکھ امریکی کیبل تہ ٹیلی کمونیکشن کمپنی۔
5523,مے چھِ أمہِ پونسہ نکالنہ پتہ مرنہ ستہِ مٗقابلہ ٹیوگھن ہندِ ستہِ خطر ستہِ یِوان۔
5524,تاہم، یہ ادار چھُ وزیر اعلیٰ تعمیٖر ہندِ حکوٗمت ہندِس انتظمی کنٹرولس تحت۔
5525,1757 منز کوزی کوڈ کِس زامورینس سندِس حملہس خلاف ورزی کرنہ خطر، پالکاد راجَن کور میسور کِس ہیدر علی سند
5526,یہ چھ عام طور سرورن تہ کام سٹیشنن پیٹھ ڈیٹا ہنز بیک اپ تہ آرکیوائل خطر استعمال کرنہ یوان۔
5527,افسرن چھُ پیمل کار سٹروکٹن ستۍ بولنہ آمُت، یُس ریڈوزم نزدیٖک پور سوانس منز کٔرِس کٔرِس مقامس منز مل
5528,یہ چھِ تِمن علاقن منز جنگلی زندگی ہندِس گفتگوس تہ ساحلی کمیونٹی ہندِ لوٗکن ہندِ زندگی ہندِس حالاتس منز براہ راست اثر انداز کران
5529,مگر یہِ ستہِ بییہِ ، یِہ اکھ خطرناک صورتحال یتھ تہہِ ہیکہِ کٔرتھ ۔
5530,آراہس منز اکھ برطانوی ریلوے انجینئر، مسٹر بویل اوس یتھ حملن خلاف دفاع خطر پننہِ امیاتس پیٹھ اکھ پٹھ بناونہ تیار کرنہ آمژ۔
5531,یہِ آو آزادی لڑاکار بھگٹ سنگھ سندِ نوِ ڈاکٹر جگموہن سنگھ سندِ طرفہ قبول کرنہ۔
5532,برمودا آو انگریزیہِ وِجِنیا کمپنی کِس پرچھنہ کِس کِس کِس کِس 1609 کِس کِس کِس کِس کِس نتیجَس منز ق
5533,سُہ اوس گڈنِکِس شخص یُس کِتابہ کِس طورس پٹھ لفظ بولنہ یِوان۔
5534,سٹنگ گژھ چاد پینچود تہ جیمی فریزرس ستۍ 15:59 تہ 17:31 پیٹھ سکور کرنہ ستۍ ہاکی گیمس منز شروٗع کرنہ۔
5535,یہ چھنہ معلوم ز انسانن منز چھ کتنا نایاب سیکٹرل ہیٹرو کرومیا، مگر یہ چھ پوٗر ہیٹرو کرومیا کھتہ کم عام ماننہ یوان۔
5536,یم صاف تہ صاف بناونہ خطر چھِ تِم پلوَن پیٹھ اکھ گرم ییر دِنہ یوان۔
5537,اکھ پٹھ 8 جی بی آیہڈ آو 22 جنوری 2008 تہِ ریلیز کرنہ۔
5538,ہندِ موُلِٹ زاو 18 اکتوبر 1956 دہ ڈیس پیریز، میسوری منز۔
5539,یِم دکان چھِ تُہندِ مقمی زراعت ہندِس کمیونٹیس تہِ حمایت کرانس دوران تِہِہِ تِہِہِ کھتہ خشیی چیزوچ لطف
5540,س اوس 1995 ورلڈ کپ تہ 1996 سمر اولمپکس خطر جاپانک رمژ۔
5541,یہ اوس چاد دریاو کِس جنوبس منز کوٹوکو کِس ساروے کھتہ اہم شہر ثقافت۔
5542,تھمری چھ اکھ نصف کلاسیکی آوازچ شکل یوان زِ یہِ چھُ نوب واجِد علی شاہ سندِس عدالتس منز اُتر پردیشس منز شروع گژھان۔
5543,ٹریک اوس بینڈ ہندِ ریلیز کرنہ آمتہِ دویم موسیقی ویڈیو۔
5544,نتیجس منز چھ چینی مارشل آرٹس پننہ قومی جذباتن پیٹھ پھیلاونہ آمت تہ اتھ منز چھ عالمی پٹھۍ اپیل۔
5545,ویلسننن کور پنن گڈنِک این ایچ ایل کیریئر ایسسٹ تہِ گول، ییلہِ تٔمۍ دویمس منز لینڈ سٹروم سندس گولس پیٹھ مدد کٔ
5546,"اتھ منز چھ 15,200 کلومیٹر (9,445 میل) تہ 7,516.6 کلومیٹر (4,671 میل) ہند ساحلی خط۔"
5547,یہِ چھُ ہورھ-برڈھمن چورڈ لائنس پیٹھ چنچائی ریلوے سٹیشن پیٹھ 3.5 کلومیٹر۔
5548,امریکی سنسس بیورو چھُ ونان زِ شہرس چھُ اکھ کل علاقہ ۔
5549,مپیت ٹریزر آیلینڈ-مپیت ٹریزر آیلینڈ چھ 1996 ہس منز اکھ میوزیکل ایونٹورک کمدی فلم۔
5550,گواسکر سندِ قیادت کٔرِتھ، ہندوستانن کٔر 328/1 تام مستحکم ترقی یتھ منز فائنل دہس منز 20 اوور باقی سہِ تہِ ریکارڈ
5551,مقمی رہنماو کور شکایت ز یہِ اوس نہ تِہندِ ثقافتن ہُند نمایندگی کران، مگر شمالس منز ثقافت۔ دلچسپ طور اوس یہِ لوگو ڈیزائنر یقینی طور ہایڈا باپتھ
5552,چینس منز چھ باقے مُلکن منز اتھ منز واریاہ غیر ملکی براہ راست سرمایہ کری۔
5553,مئی 2006 ہس منز کٔر ہاملز پننہِ بٔڑِ لیگ فلیز خطر شروع۔
5554,تمہِ سندِ نیچِو اولیور ہڈسن چُھ ٹیلی ویژن تہ فلمہِ ہند اداکار۔
5555,پتہ آو داؤد خانس مغل فوجن پکر تہ مارنہ۔
5556,پرتھ گوبی خطر چھ اکھ ترکیب تہ رقص ہُند سیزن، تہ لفظن منز چھ معنین ہُند ز لایہ، اکھ لفظی تہ بییہ روحنی۔
5557,لیونیاہس منز اکھ گھول اکھ انٹر سٹیٹ 96 ہس منز گژھان، ییمہ منز 81 وُہِ وُہِر چارلس جی جیٹچک مارنہ آمت۔
5558,س کٔر 2004 ہس منز جنوبی کیلیفورنیاہس منز یہووِہ کمیونٹی سینٹرس منز اداکری شروع۔
5559,مثالن منز چھ لیکور یا کھینن ہند خدمتک لائسنس تہ دستخط کرنہ خطر اجازت شمل۔
5560,"اکھ مشہوٗر سنشین بتھ یتھ ""آہا بوسھی"" ونان چھِ چھِ کنیگامی منز گمژ۔"
5561,8 جنوری 2020 ہس منز گُزریو انفانٹا پِلار مدرس منز کولون کینسر ستہِ ۔
5562,یہ آو 28 مارچ 2006 امریکہس منز ریلیز کرنہ ۔
5563,کیریبینس منز چھ پور ڈینس کم از کم 20 موتن ہند الزام دِنہ یوان۔
5564,کیا یہ دکان چھ اَمہِ دہ کری کران؟
5565,حکوٗمتن چھِ گڑِ ہندِ شناخت تصدیق کرنہ خطر ڈی این اے ٹیسٹ خطر درخواست کرنہ آمژ۔
5566,میک ایمونڈس سند زخم باوجود، اوٹاوا گوو 5 پیٹھ 3 ہس تام گیم 3 زیننہ خطر۔
5567,لہذا، یِم فیسہ ہُند فصلہ تہِ سمجھناونہ چھُ اہم یِتھ تہہِ تہہہ زِ تہہہِ چھُ زانہہ زِ تہ
5568,صرف یہِ وجہ زِ یہِ چھِ کم قیمتہ آسان چُھ نہ ضٔروٗرتی طور مطلب زِ یہِ چھُ تہہِ خطر۔
5569,ددرا تہ ناگر ہویل تہ دمن تہ دیو چھ ہندوستانس منز اتحاد علاقہ۔
5570,"2010 ہس تام، سی ڈی پی پی ہس منز چھ 49,914 لُکھ آبدی۔"
5571,وِٹ فیلڈن کٔر 2000 تہ 2010 کس دہلس دوران واریاہن فلمن منز اداکری۔
5572,IVC منز اکھ اِہِووِوِوِوِوِوِوِوِوِوِوِوِوِوِوِوِوِوِوِوِوِوِوِوِوِ
5573,یہِ چھُ بٹکوئن بلاکچین استعمال کرنہ خطر واریاہ محفوظ بناوان۔
5574,واریاہ وقتہ، س کٔر پننہِ فلمن منز اکھ خراب لڑکی ادا۔
5575,تِم ہیکہِ سرمایہ کارن ہندِ بلک لسٹ کٔرتھ یِم زیاد سٹاک چلاوان یِم یہِ قبلہ چلاوان چِھ ۔
5576,اگر تہہ پریتھ ہفتہ خرچ کرنہ خطر پننہِ کینہہ رقم دِوان، توہہِ ہیکو بجٹ تہِ شروع کٔرتھ۔
5577,سُہ گٔیہ ویکٹوریہ کِس بادشاہ دریاو کس علاقس منز تہ کٔر مزارع دُنچ آغاز۔
5578,پینٹک کٔر اپریل 2019 ہس منز غر گپسلینڈ قصبس منز لیکس انٹرینس منز روزان۔
5579,سُہ آو موت ستہِ سزا دِنہ، مگر بین الاقومی کمیونٹی ہندِ مظاہراتہ پتہ آو یہ سزا 1999 ہس منز زندگی قیدس منز تبدیل کرنہ۔
5580,پوٗر رنگے فوٹو ٹوپو ڈگریمَن چھِ ٹیکسٹ بنینہِ گائیڈ بیکَن ہُند پٹھۍ نسلچ بدلہ، یِم ہندِس ڈرائنگ ڈگریم
5581,یہِ وچھِتھ زِ تُہۍ کُنہِ تہِ پننہِ اشتہییی نقطہ نظر ہُند مقصد ہُند مقصد ہُند مقصد ہُند مقصد ہُن
5582,یہ چھ ہیندۍ دیوی ماہ بھٹاریکا یس شاکتی ہندِ اکھ مظہر پٹھۍ پوٗر کرنہ آمتہِ چھِ ۔
5583,ٹیرملہ وینکٹیسورا مندرس منز چھ مکوتی اکادشی منز جشن منز تہِ یتھ تصور، ییلہِ یہِ چھ تیلگو بولن ولۍ علاقن منز زاننہ
5584,بِہار پٹھ ستہِ چھِ دیوتاہ تہ مہانٹن شمل چھِ یہِ تہوارِ ہندِ موقعہ مناونہ خطر اتھ مقامس منز دور کران۔
5585,ییلہ 2007 ہس منز اکھ بوڑ ریکسیہ گٔیہ، کیینسیہ کس معیشتس منز اوس زیاد مقبول۔
5586,تٔمۍ گِیُن کلبَس منز مرکزی کھلڑِ تہ کٔرِو کپتان تہِ کم۔
5587,س گُزریو 13 اکتوبر 2020 چڈلوو منز 29 وُہ وُہ ونہِ ونسہِ منز۔
5588,پور مقمی علاقس منز، مختلف قسمچ قسمن ستۍ، س نہ تاد۔
5589,یہ چھ پریشان کن ز کینہ سیسی ملک چھ غریب مزارع پونسہ براہ راست حصل کرنہ نِش بچان۔
5590,کیٹر سنز یہ تصویر چھ ساروے کھتہ مشہوٗر کیٹرن منز اکھ۔
5591,پرتگالچ افسرن کور تِم کیتھولکس خطر موتچ سزا پیش ییمۍ کیتھولک قومن منز اکھ سندِس سلطنتس دِنہ خطر
5592,ییلہِ کمل حاسنن فلمہِ ہنز ریڈ ٹا ہوم پریمیری ہُند اعلان کورمُت، تھیٹر ہندِ مالکانن کور اتھ منصوبہ ستہ
5593,دکاندارن کور پننہِ تمام بند ڈرنہ منز ییلہ سیسی رہنما مرو تہ تمہِ سندِس گڈنہ تِمَن دباو۔
5594,کینہہ چھ پیشہ ورانہ کھلڑۍ مگر باقی ہیکہ نہ۔
5595,شہرَس منز یوُنسکو سنز تمام ترے عالمی ثقافتی جایہ، کُٹوُب مِنار، ہومایون سنز ٹامب، تہ ریڈ فورٹ چھِ اتھ دورس
5596,تِمَو کٔر تِمَن ہندِس سِیاٹک اعصابَس منز اکھ مُمكِس شخصَس منز تِمَن ہندِس پُزِس
5597,وِسٹَس پیٹھ چھِ تِم اکھ لکٹِٹ بیلٹ لِژھان یُس ساری ہُند اکھ خرِس رتہ رتہ چھُ ۔
5598,کینیڈاہ ہکہِ وتھ رونہ تہِ کرِتھ مگر کوارٹر فاینلس تام گژھنہ خطر کرنہ خطر کرنہ یِنہ یِنہ
5599,یہ چھ تھیمہ ہند مطابقت یقینی بنان تہ حوصلہ خریدارن ہند بچان۔
5600,17 مئی کور تٔمۍ فیلیپینس خلاف شروع۔
5601,کینہہ نوکری بورڈ چھ کینہہ صنعت، پیشہ ورانہ گروپ یا جغرافیتی علاقن منز تہ مہارت فراہم کران۔
5602,مے چھس پننہ اے / سی وائر ہندس بٹنس منز سکرل ستۍ مے۔ (شخص 2)
5603,موسیقار ڈیو کور فلمہِ ہندِ عنوان بتھ شُبھا مُدگل ستۍ ریکارڈ۔
5604,سُہ چھُ ہندوستنہِ تریخس منز اکھ قابل ذکر بادشاہ ماننہ یوان۔
5605,لیوس زیوٗن دویمس دورس منز کنوکوت ستۍ لڑے۔
5606,یہِ چھُ 20 ہِم صدی فاکس فِلم سٹوڈیو تہ فاکس ٹیلی ویژن نیٹ ورکُک ملک۔
5607,مہابوڈی مندرچ موجود ساخت چھ 5 ہمہ صدی عیسوی گپتا دورس تام ۔
5608,"بدلہ چھ لکٹن فلٹہ یوان ییمہ ستۍ ہوا موسیقی ہندس ""ہم"" ٹونس منز اجازت دوان چھ۔"
5609,س چھ اکھ آرزو ورانہ رومانوی تہ چھ اکھ خوفناک کہِ قصہ بنونہ خطر تحقیق کران، ییتہِ کُنال چھ نہ غر قدرتی طاقتن من
5610,یہ چھ مالایہ امپٹو گمُک مغربس منز یُس تامل ناڈو کِس ٹیرپٹوُر ضلعس منز امبُر پیٹھ 25 کلومیٹر (16 میل) دور چھ۔
5611,امہِ سنز اہم مرکز چھُ کرچی، پاکستانَس منز جینا بین الاقومی ہوییی اڈ۔
5612,میگھالیہ ہُک اہمیت چھُ انسانیتس تریخس منز یِنہِ ہندِس مُمکن کردار یِنہِ ۔
5613,نیکروٹک ٹاسہ چھ بیکٹیریٖرِل بُنیاد خطر اکھ اکھ علاقہ، یتھ منز زخم ہندِ شفا کرنہ خطر واریاہ تعلُ
5614,2011 ہس منز سۍ ژور پیسسہ اکھ امریکی ڈالر برابر۔
5615,کینہہ مُفكِرَن ہُند مطبق چھِ مپِلَس جنوبی ایشیاہس منز ساروے کھتہ پرتھ ستہِ بَرِتھ
5616,تریِمِس میلینیاہس منز بنیو علامت ساد تہ زیاد بے كھہ۔
5617,سلینیٹی انفرجن تہ آلودگی ہندِس پراسیشنس منز چھِ پرییرس منز کم سطحس منز آبچ كفی مقدار چہِ نہ موُجوُد گژھنہ باپت مش
5618,سُہ اوس 1961 منز سان فرانسسکو منز کینیون سینما ہُند بنیدی ۔
5619,یہ اصطلاح گوو گوڑنچہ 1996 منز ٹوٹوہ پننہِ نوو آر اے وی 4 خطر استعمال کرنہ۔
5620,2020 ایف سی سی ہُک فصلہ کٔر کیبل کمپنین کیبل کارڈ فراہم کرنہ خطر ضروُرت ہُند ضروُرت ہُند دور۔
5621,ساری چھِ جلدی پیٹھ پلو ستہِ پوشنہ یوان تہ ٹورس تہ ہپَس پیٹھ سختی سان رلان۔
5622,کانہہ دفتر ہیلڈر ہیکہ مطلق طاقتک مقامس تام حصل کٔرتھ۔
5623,کھلڑِ ہیکہِ ڈبل موشن تہِ استعمال کٔرتھ، ییتہِ تِم ریکٹ بییہِ طرفہ ہٹ کرنہ خطر ریکٹ رٹِتھ کٔرتھ ک
5624,پاپندرچ-پپندرچ چھ جنوبی ہالینڈ کس ڈچ صوبس منز اکھ بلدیہ۔
5625,پروجیکٹ چھ تخمینہ یوان ز یہ چھ 154.916 کروڑ (2009-10 قیمتچ سطح)۔
5626,ریڈیو ٹیلسکوپ چھ ستہ ستارمی چیزن ہند مطالعہ کرنہ خطر آسہ پیٹھہ ریڈیو وائل دریافت کران۔
5627,1951 منز شروع گژھنہ کٔر سی پی آیی ہندِ کمونیزم ہندِستانس ہندِ دِمژ ہندِس ربطس منز لگاننچ کوٗش
5628,ییلہِ مے گڈسہِ پیٹھ گژھان چھِ، مے چھِ لوٗکن ہندِ خطر دُپھس منز کم محسوس یِم وسیع دنیاہ ہندِ
5629,نیو ساؤتھ ویلز پولیسن چھِ 29 وُہِ وُہِ سڈنی منز اکھ رُکُن ڈرائیونگ کرنہ خطر اِجرا کرنہ آمژ ییلہِ دو
5630,یہ اوس باکس آفسس منز اکھ غیر متوقع کامیابی تہ اتھ منز اوس واریاہ جیز۔
5631,جمع کرن ولہِ ہیکہ الگ پوسٹج سٹمپَن بجایہ اکھ مکمل بلاکس جمع کرنُک ترجیٖح دِتھ۔
5632,ریکمنن کور 2012 ہس منز پننہ 50 ؤریہہ كِس رِما ہارٹنس ستہِ خاندر۔
5633,تہہ ہیکہ یہِ کینہِ تہہ ضرورت چھِ تہہِ اکھ بٔڑ یا لکٹ کنٹینر ہُند ضرورت۔
5634,تٔمہِ وقتہ سہِ زیاد تر بالغن نہ کانہہ کمپیوٹرچ مالیت۔
5635,لٹوس سڑکہ ہُند اونچچ چھِ 2 فٹ 8 انچ تہ یہِ چُھ تقریباً 17 ٹن وزن۔
5636,تاہم، تہہِ نہ یہِ ستہِ قرضس منز ڈالنہِ، تِکیازِ تہہِ اضفی حالاتن منز کینہہ محفوظ یژھان چھِو۔
5637,ییتہِ چھِ ایڈی شاکتی ہُند مظہر بریسٹ شھرین (سٹانا پیتھاہ) منز پوٗر کرنہ یوان۔
5638,کوبی زاو 19 مارچ 1931 ہیمٹرمک، میشیگن منز۔
5639,یہ چھ اکھ سخت تہ زند بال فراہم کران۔
5640,آلہ ہندِ پیشکشَن منز چھُ یہِ اکھ میلہک ریتمک حصہ۔
5641,سُہ چُھ جوزف پی کینیڈی انٹرپرائز، انکِس صدر۔
5642,یہ چھ اہم کردار ادا کرن ولۍ چاک ڈی ہیڈس پیٹھ توجہ مرکوز کران یس اکھ کمزور مومی چھ۔
5643,سُہ اوس 2015 ہس منز انچوراجک میئر منتخب کرنہ آمُت تہ 2018 ہس منز دوبار منتخب کرنہ آمُت۔
5644,سی پی ایس یوُک گڈنِک لیڈ اوس ولادیمیر لنین۔
5645,اکھ صارف چھ پننہ موبائل آلہ کٔر آر پیڈیا آر کوڈ سنکنہ خطر استعمال کران۔
5646,لوٗکھ چھِ ساسیم بیند، گُر، شکر کینڈی تہ گڈنِس نارس منز پٹھہ پٹھہ پٹھہ پٹھہ پٹھہ پ
5647,اکہِ کھیلچ اکھ ملِس بتھ بییہِ واریاہ یِتھ ، مگر واریاہ اہم قونوُنی اختلاف چھِ ۔
5648,یوگا فلسفہ آو گڈنِچ میلنہِ مئیہِ كِس دویمِس نصفس منز ہندوُن ہندِس الگ الگ الگ الگ الگ الگ الگ الگ الگ الگ الگ الگ الگ الگ الگ الگ الگ الگ الگ
5649,1980 کس دہلس منز اوس دوبار تعمیر تہ قیم کرنچ دور وچھان۔
5650,19 مہِ صدی کِس خرس تام س برطانوی ہندوستان کِس مُسلِفَن آرکیوولوجیتی تحقیق تہ میراث بچاو کرنچ کوٗشِش شروع۔
5651,لوٗکھ اوس سڑکن منز رقص کران ییلہ تمہِ تہندِ ٹیمن عالمی کپ زینان س۔
5652,ایئر انڈیا فلائٹَس پیٹھ زیاد بہاؤ تہ کھول ٹوائلٹَن کٔر مے بیمار محسوس ییلہ مے یہِ گژھان۔
5653,پرتھ چھ ییلہ یہِ تِم ژھان چھِ تہِ ژھانان تہ ژھان۔
5654,امریکی حکوٗمتن ہندِ مطبق چھ افغانستانس پٔتمِس شہِ ؤرِیہِ منز پننہِ ساروے کھتہ زیاد زیاد سطحس منز تشددچ
5655,ییلہ علاج مٗمکِن نہ یِنہ یِنہ یِنہ یِنہ یِنہ یِنہ یِنہ یِنہ یِنہ یِنہ ی
5656,سُہ چُھ پائٹن پروگرامنگ زبان بناونہ خطر سارِوے مشہوٗر ۔
5657,مستحکم ایلیجک کنجینٹیوائٹس ہیکہ ٹاپیکل سٹیرایڈ ڈراپس تہِ ضروٗرت کرنہ یِتھ ۔
5658,ہنگرانس منز چھ واریاہ بولنہ، مگر لوٗکھ ہیکہ آسنی سان اکھ سمجھتھ۔
5659,انڈیا کاربس لیڈر ایوارڈ (آئی بی ایل اے) خطر جوری چھ اِجایہ خطر سیلنگنا جمعی طور منتخب کرنہ آمُت۔
5660,ورشابھوتھی دٔریاو چھ اکھ لکٹ دٔریاو، اِکواٹیہ ہُک اکھ تریٖفتی دٔریاو، یُس ہندوستنہِ شہر بنگالور کِس جنوبس
5661,دہہ گڈنِچ برونزی میڈل گیمَس منز، امریکہَن ہاوس سُنڈِین 2-1 ہُند شکست۔
5662,ییلہِ آسنہ پتہ چھُ تٔمۍ ہانمنٹ سنگھ پٹھ پوچھان ییتہِ راتی تٔمۍ یہِ ونان زِ ہانمنٹ سنگھ چھنہ انسان، سُہ چھ
5663,ہودا چھ رادھس منز وچھنہ یوان، اکھ سلمان خان فلم تہ اِلیانا ڈی کرزس ستہِ ناقابلہ ناقابلہ ناقابلہ، یُس عادگی ست
5664,سیمنسٹرپ: سیمنسٹرپ چھ سویڈن کس ایسٹرگوت لینڈ کاؤنٹی منز نورکپنگ بلدیہ ہُک اکھ علاقہ۔
5665,یہِ چُھ جسمس منز اکسائٹوسین ونان ہارمون ہُند آزاد کرنہ ستہِ وجہہ۔
5666,کھین، امی تہ بنیدی ضروٗرت چھ غریبن تہِ دِنہ یوان، اکھ عمل یتھ فٹرانا یا زاکت الفٹران ونان چھ۔
5667,یہ چھٗ وچھہِ آروبا، کوراکا تہ بونیرس متثر ۔
5668,"امریکہ 2000 چہ مردم شمری مطبق سہِ 7,837 لُکھ روزان ۔"
5669,پائلر سہِ وتہِ پٔلیٖروِتھ لگہِ پیٹھہ بناونہ آمتہِ ، یِم گڈنِٹ بیسہِ پیٹھ حمایت کرنہ
5670,نور جھن زاو میئر اون نیسا، اکھ عظیم وزییر سندِ کور، اکھ وزیر یس اکبرس تحت کم کٔر۔
5671,جزیہ آو برہن پور قلعس منز جمع کرنہ تہ ذخیر کرنہ ۔
5672,امہِ آو پتہ کٔر امریکی جیم وین، ڈک برٹرام تہ ڈون آرونوو دِیٹونا، مرکوسر تہ ایرو مارینس ستۍ تکنیکی ترقیس منز حمایت۔
5673,مے چھ واریاہ فٹنس گروپ وچھمتہِ یم مے شروع گژھنہ پتہ سپر سٹار بننچ توقع کران چھ (فٹنس پروسپیکٹ)
5674,یتھ ہیکہِ مُطبِق کور نہ تِتراسیکلین ہندِس اِچھنس منز فلیکلر ٹریکوما کم کرنہ خطر نہ اکھ س
5675,پننہِ گڈَس منز پننہِ نفاذ پھٹانچ رٹان۔ یہِ چھٗ مے گھر، نہ تُہۍ سندِس پٹھۍ۔
5676,2 اکتوبر 2011 ہس منز آو تمہِ دویم ای پی کمیونین ریکارڈز دسہِ ریلیز کرنہ۔
5677,تاہم، کینہہ مُفصِل چھُ اتھ مشورس خلاف، یہِ دعوا کران زِ یہِ دستاویز چُھ صرف پننہِ بہن ہندِ خاندنہِ متعلق بولان، نہ
5678,گائیٹری واٹر فائل چھ اڈِلاابادس اطراف واریاہ واٹر فائلو منز اکھ، کنٹالا واٹر فائل تہ پوچرا فائلو ستۍ۔
5679,عراقی کردچ شاعری اوس 1980 کس دہلس منز عراقی کردچ شاعرن خطر ساروے کھتہ اہم۔
5680,ساینس دانن چھ یہِ سمندرچ سطحس پیٹھ 800 میٹر کھوتہ زیاد وچھان۔
5681,یہ چھ جنوبس منز تقریبا 35 کلومیٹر (22 میل) پٹھ ولان ییمہ پتہ یہِ چھِ دِبنگ دٔریاو تہ آسام وادی کِس سرس پیٹھ لوہِٹ دٔریاو
5682,شُرِ یِم پیراجن ونان چھِ یِم کٔمیٖن ہندِ بچاو کرنہ خطر استعمال کرنہ یِوان چھِ ۔
5683,کُمونُک گڈنِکِس بٔڑِ خاندانَن منز سۍ دویمہِ صدی قبل مسیحس منز کونِنڈَن یِم شِیوزمُک ابتدئی شکل عمل کو
5684,ونہِ چھِ یہِ دٔسیٖمُل نقطہ دن کِس دسہِ کُنہِ کُنہِ کُنہِ کُنہِ، ییمہِ تہہِ دٔ
5685,ایشیاہس منز اخلاقی ترقی خطر پوٗر پوٗر نو نظریہ بناونہ بجایہ، سینن کور موجود ترقی ہند ماڈل اصلاح کرنچ کوٗشِش۔
5686,جیوا دی بنیو کین خاندانس دوران (221–207 مٔلیٖم عیسوی) اکھ کھیل۔
5687,اَتھ مقابلہ کرن ولِس کھیلَس چھُ بین الاقومی کیروم فیڈریشن ہُند منظمی کران۔
5688,یو سی ہُک وجہ ستہِ جینیاتی اجزایہ ہیکہِ خاندانن منز یو سی ہُند جمع، مختلف قومیتن، جینیاتی مارکرن تہ رلکن درمیان زیاد گژھنہ باپت
5689,بڑن زنانن منز چھ سیسٹوسیل زیاد اکثر ییلہ پتہ نوجوان زنانن منز آسان۔
5690,شو گڈنہ نومبر 2010 ہس منز شروٗع تہ گڈنہ 2021 ہس منز ختم۔
5691,یِمَن ستہِ چھِ پیش کرنہ آمتہِ پریتھ کِس مُلکِس اکھ اہم حصہ بناوان، تہ تم چھِ تِمَن پیٹھ پیٹھ پیٹھ پی
5692,بھرتناٹیم، تنجور ننزِ نِش تہ تامل ہنزِ ثقافتی خصوصیات تیار کرنہ آمتہِ تہ تامل ناڈوَس منز چھے عمل کرنہ ی
5693,یہِ جوان خاندار نہ لیکر شراب پکانُک توقع تھاونہ مگر س کٔرِو نہ گرہ وِسکی ہُند پوٗر بٹلس مکمل۔
5694,نومبر 2017 ہس منز کور ترنٹیگنٹنن اعلان ز سُہ اوس پروٹایٹ کینسرس منز تشخیص کرنہ آمُت۔
5695,بالکن ہندین مُلکن منز چھِ ونسہِ ونسہِ مُسلمین ہندِ بٔڑ آبدی ۔
5696,سُہ چھ پننہِ خاندری تہ دوستن خطر اکھ شوکر پیش کران، ییمہ سُہ فلم بناونچ پننہِ کم پتہ کرنہ خطر پننہِ ک
5697,بییہِ، رونہِ موسمس دوران چھِ آو آو آو سیزن ہندِ ہندِ ہندِ ہندِ ہندِ ہندِ ہ
5698,1000 ؤری تام اوس یہِ ستہِ ستہِ ستہِ ستہِ ستہِ ستہِ ستہِ ستہِ ستہِ ستہِ ستہ
5699,1900 منز کٔر ڈنمارکچ 3 پلےر تہ سویڈنچ 3 پلےر اکھ مکسڈ ٹیمس منز اکھ مشترکہ مقابلہ ییمہ گڈنِک مقام زیننہ آم
5700,کچپڈی، ہندوستانس منز باقی کلاسیکی رقص ہند شکلہ ہِندِس طورس ستۍ، چھُ امِچ ریشہ سنسکرت نٹیہ شسترا، یُس فنکار فنن ہ
5701,ماننہ چھ یوان ز یم چھ چھِ شہہہ میلینیاہ برونہہ دٔریاوَس منز ٹیکٹونک سرگرمی پتہ تبدیلیو ستہِ بناونہ آمتہِ
5702,کوسکولسکول-کوسکولسکول چھ سویڈن کس نوربٹن کاؤنٹی منز گلیوار بلدیہ ہُک اکھ علاقہ۔
5703,ڈر ایم چھِ واریاہ لکٹن ہندِ ہندِ ہندِ ہندِ پٹھہِ بناونہ آمتہِ ۔
5704,یہ اوس مہویرا ہندِ زندگی ہندِس وقتس منز ہندوستان کِس ژور اہم سلطنتن منز اکھ، یُس جینزم تہ گوتم بودھ ہُند بنیدی ہُن
5705,بچپن پٹھہ اکھ سپرینٹر، میک نیلن کٔر ز اولمپک کھیلن منز مقابلہ۔
5706,اَمہِ ستہِ منز چھِ سلیپنگ وٹِز سیرینز گلوکار کیلن کوینن شمل۔
5707,ٹرنر سنڈرومَس منز چھِ کلایڈ گژھنہ خطر جری ہندِ عملہ پتہ خاص طور عام۔
5708,سٹوڈیو منز صلح خطر بار دِژنہ باپتھ، دشوے اہم گنگہ چھِ جھڑِتھ تہِ تہِ یوان، ییمہِ ستہِ وشنو پن
5709,یہِ چھُ دن ؤرین منز تقریباً 2.6 ملین ڈالر ہُند قیمت۔
5710,املیپیہ تہ ریاستک باقی حصن منز بیک واٹرن منز آیہ واریاہ فلمہ فلمہ کرنہ۔
5711,تھامس چھ پننہ کمپنی خطر تجری بولن وول تہ مشہوٗر۔
5712,واریاہن ٹیلٹ سیٹن منز چھ اکھ لِڈ آسان یُس چیزن بالس منز گرنہ نش بچان چھُ۔
5713,وینکوور کینوکسن کٔر میٹ پٹینگر خطر واشنگٹن کیپٹلس منز میٹ کوک ٹریڈ۔
5714,مینز خاندار اوس ماڈیولر کیکینس ستۍ خوشی ییلہ یہ خری طور انسٹال کرنہ آو۔ یہ اوس اکلیٹک وچھان۔
5715,سیل بٹ ہند اکھ واریاہ قسم ہکہِ سائز، ہول ترتیب، کیل قسم، مقصد، تعداد تہ سیل پلان ہندِ ترتیب ستہِ الگ کرنہ یِتھ ۔
5716,بییکن، آیووا بییکن چھ امریکہ کس آیوواہس منز اکھ شہر۔
5717,چینی گارڈن ہُند اصلی ناو اوس جورونگ دریاو۔
5718,س کٔر مڈھاونس ستۍ ییہ کھیان اے گے ہم ناو اکھ ٹرلر منز کم، ییمہِ آو اچانک متثر کرنہ۔
5719,اکھ یادگار دستاویز یُس مندرچ بنیاد نشانہ تھاونہ یِوان چھِ ہیکہ برطانوی میوزیم ہندِس مجموعس منز لبنہ یِتھ ۔
5720,تٔمۍ زیوٗن جیمز ہیکمنس ستۍ 2000 ہس منز معیلی سائنسن منز نوبل میموریل ایوارڈ۔
5721,"اَمہِ دہ چھ تامل لوٗکھ اَکھ اَکھ اَکھ خوش آمدید کران، ییمہِ ستہِ ""پتھاہا نِدوُ وَزَتھھھُگل"" یا ""آپ"
5722,یہِ فِلم چھُ رمپالَس خطر اکھ بڑِس فِلمہِ ہُند ثبوت، حالانکہ خانَن کور زیاد توجہ حصل۔
5723,تھچ کنہہ رسمی طرز، مگر بدلہ چھ واریاہ ملکر پننہ طریقہ ستۍ۔
5724,سہِ امریکہ کِس پرتھ ہُند اکھ جور ۔
5725,ایلیاسس س پیریز سندس گولس پیٹھ مدد کرنہ باپت 2 پوائنٹ۔
5726,اکھ الیکٹرو کارڈائیوگرام چھ یِم بجلی ہُند سیگنال ریکارڈ کران یِتھہ یِم دلس منز سفر کران چھِ ۔
5727,لوپو دی بچھر: لوپو دی بچھر چھ 1987 ہس منز اکھ کینیڈین انیمیشن کرنہ آمت مختصر کمڈی فلم۔
5728,ایس ڈی ایس چھ ماجہ ہندین شُرِن منز زیاد گژھان یِم تمہِ ستہِ زِیاد زِیاد زِیاد زِیاد زِی
5729,سُہ کور 2006 ہس منز ییرِکووم بین الاقومی شخصیت ہُند تہِ حصِل۔
5730,ز یا زِیاد کاؤنٹین درمیان تقسیم کرنہ آمتہِ واریاہ مثال تہِ ۔
5731,امہ پتہ چھ عالمی نیٹ بال چیمپئن شپ پرتھ ژور ؤرۍ منز منعقد کرنہ آمژ۔
5732,ریتش دیشموکھن کور فلمہِ ہندِ کِس کِس کِس تہِ شمل۔
5733,ییلہِ تٔمۍ 1977 تہ 1980 ہَس منز نیو دِلہِ پیٹھہ انتخاب زیننہِ اوس، وِجپایے کور انتخابہ خطر پننہِ ہوم کاؤن
5734,یہ حالت ہیکہ اکھ نفرس ستہِ پریشان تہ آسہ تھکاوٹ گژھتھ ۔
5735,زندِ ہندِ ہندِ ہندِ ہندِ ہندِ ہندِ ہندِ ہندِ ہندِ ہندِ ہندِ ہندِ ہندِ ہندِ ہندِ ہندِ ہندِ ہندِ ہندِ
5736,سولاریس-سولاریس چھ اکھ آپریٹنگ سسٹم یس سن میکروسسٹیمز 1992 منز بناونہ آمتۍ۔
5737,سائکلوتھیمیا چھ بیپولر پریشانی ہند اکھ پرند ناو تہ۔
5738,کینہہ مسافر گاڑِ منز چھ پننہِ خریدارن خطر سفر کرنُک ہاٹ پوٹ آسان۔
5739,تٔمہِ وقتہ کٔر سورابی، شیواجی سندِس بلندپرواز ولہِ تہ سمبھاجی سندِس سندِس سندِس سند
5740,یلو فیور چھ ہیمرگیک فیورز ہندِس گروپس ستۍ ربطہ یوان۔
5741,لووینڈیگیم چھ بیلجی ہس مشرقی فلینڈرز کس صوبس منز اکھ سابقہ بلدیہ۔
5742,یہِ ہدایت کٔر کلایڈ جرونیمی، ہیملٹن لوسک تہ ولفریڈ جیکسن۔
5743,مے کٔر مایک ٹایسنس باکسنگ میچس دوران تٔمۍ بییہ باکسر سندس کانہہ ہندس کانہہ ہندس کانہہ ہندس کان
5744,یہ اوس مے علم سیکھن تہ حصل کرنُک وقت۔
5745,1838 پتہ برطانوی کنٹرول کرنہ آمتہِ صوبہ تہ پتہ آو یہ ناو ستہِ ہندوستنہِ ریاست آسام زاننہ۔
5746,ادارہ چھُ اکھ سیکھنہ آمتہِ ادارہ تہ ستہِ تعمیراتی انجینئرن خطر پیشہ ورانہ تصدیق فراہم کران۔
5747,اکھ کرٹر چھ وسیع تہ بٔڑ، تہ بییہ چھ لکٹ تہ بند۔
5748,باجی راؤن کور پننہِ ملِس ساسواڈس منز پننہِ بچپنس منز پننہِ ملِس ملِس سندِس نٔوِس ح
5749,"میٹران کٔر ""بونس لیچنگ"" تیار، یُس اکھ تکنیک چھِ یُس پلو پیٹھ ہلکہ ہلکہ ہلکہ ہلکہ ہلکہ ہلکہ ہلکہ"
5750,گڈنیے س بھیمہ شاہ بنوومُت تہ یہِ لگتاہِ ڈیزائن یا کم از کم یِم ڈھولکا ہندِ وزیر وستپالہِ ہندِ مُ
5751,یِم لنکڈِس پٹھ شمل تہ اَکہِ چیٹہ مُتعلق یُس تہہِ ایونٹَس منز سہِ۔
5752,مے چھس پریشان زِ ہم چھِ پٔٹھۍ گاڑِ ستہِ بنگالور تام گژھان۔ یہ چھٗ تمام ٹریفک تہ خراب گژھانکہِ اکھ بدر ۔
5753,سُہ زیوُن 4 ہِم مسکو انٹرنیشنل فلم فیسٹیولَس منز اکھ خصوصی ڈِپلوما۔
5754,پلاک جھیٖل چھِ میزورمَس منز ساروے کھتہ بوڑ تہ چھُ 30 ہیکٹر (74 ایکڑ) پوٗر۔
5755,یہِ سٹینٹ آو اگلی ریسچ فروغ دِنہ خطر استعمال کرنہ، یُس 20 جنوری کور نیوزی لینڈ کس ٹاپوس منز منعقد کرنہ خطر۔
5756,2000 ہس منز غر غر غر غر غر غر غر غر غر غر غر غر غر غر غر غر غر غر غر
5757,جذبتی ہندس حصلہ چھٗنہ مکمل ، تِکیازِ رسیپٹر 36 چھنہ کم قیِم کرنہ آمُت ۔
5758,1025 منز کٔر تٔمۍ ملیشیاہ تہ انڈونیشیاہ کین سریویجیا ہند شہرس تہِ کامیاب طور حملہ۔
5759,تہہ چھ صرف 24،260.07 ڈالر اکاؤنٹس منز سرمایہ کری کرنس ضروٗرت یتھ منز 50،000 ڈالر چھ۔
5760,مُمبیی بندرگاہ تہ جوہہارل نہرو بندرگاہ، یُس مُمبیی علاقس منز تہِ چھ، چھُ ہندوستان کِس حکوٗمتس تحت۔
5761,اکھ مشکوٗر آو گرفتار کرنہ، ییلہ زن ژور یا پانژ مشکوٗر گژھنہ آمتہِ۔
5762,جنگل ہندِس ریسٹ ہاؤس چھِ اکھ تصویرک نقطہ پیٹھ تہ یِمُنا دٔریاوُک اکھ سُہند منظر چُھ ۔
5763,وججیا نگر سلطنتن کٔر جنوبی ہندوستان دلہ سلطنت پیٹھ آزاد۔
5764,باسکے کانٹریس منز چھ یہ کھیل اکھ مشہوٗر گاڑِی کھیل ماننہ یوان، یتھ منز واریاہ ایسوسیشن تہ کلب چھ۔
5765,یہ چھ اکثر توقع کرنہ آمت زِ خیل اوس امیر خسروو سندۍ بناونہ آمتہِ، مگر امہِ خطر ہدایت چُھ کم۔
5766,تہہِ ہو صنعتس متعلق اکھ اکھ مقدار زاننہ تہ نہ صرف پننہ علم پر لاگو کروِتھ مگر پننہِ کمس پیٹھ پننہِ شور ۔
5767,مے دڈ کی ماروتی (میے دڈ کی ماروتی) چھ اکھ 2013 ہندوستنۍ کمڈی فلم ییمیک ہدایت کری اشیم چِبر چھے، یتھ منز ساکھ سلیم، رام
5768,کُراکاو کُراکاو چھُ کیریبی سمندرَس منز اکھ جزیر ملک۔
5769,ویب سایٹس منز سۍ پانژھ دہہ پتہ اکھ ملین کھتہ زِیاد صارف۔
5770,1970 کس دہلس منز اوس ٹیکنالوجی انضمام کرنہ آمتہِ سرکٹ پیٹھ مبنی۔
5771,تِم چھِ چیز ہنز ہٹاونس منز مدد کران یِم انٹرنیٹَس پیٹھ غیر قانونی مواد ہیکہ۔
5772,ہندِس حکوٗمتَن ہندِس طرفہ چھِ ہِندِس ہِندِس ہِندِس ہِندِس ہِندِس ہِن
5773,ہوبسن پوٗر زِ کِس کِس کِس کِس کِس کِس کِس کِس کِس کِس کِس کِس کِس کِس کِس کِس کِس کِ
5774,مگر اسلام خطر تخلیق گژھن ہند اکھ بڑو حرکت تہِ چھ۔
5775,1990 منز آو ہوم میڈیا پیٹھ اصل ڈایریکٹر سندِ 204 منٹچ کاٹ دستیاب۔
5776,25 مارچ 2015 ہس منز پننہِ ترتیبس منز، وزیر اعلی ہوم ایفیرز چھِ ہندی دیواس پیٹھ ؤریہ دِنہ آمتہِ ز ایوارڈن ہند ناو تبدیل کر
5777,س چُھ اکھ فرانکس پائلٹ یس کلکسوسور خون تہ سرندِ ہارن چھ۔
5778,پٹولمی (2میٖز صدی مٔلیٖز)ن کور پرٹشنا (محدود پیتھن) پُلوماوی ہُک دارالحکومت ونان۔
5779,"پمسوانہ چُھ اَتھ لفظی طور مطلب ""سہ، روحہ کُن کھتہ كھلنہِ"" تہ یہِ چھُ عام طور ""مُل یا زننہِ جنگہِ"
5780,یہ ہیکہ بیٹا کیروٹین غر کھین ہند کھتہ کھتہ یا دن ریتہ پتہ گژھتھ، یتھ کٔنۍ کٔرٹ، کیروٹ جوس،
5781,اکہِ شخصس ہیکہ صرف اکھ ایکسسس I تشخیص، یا اکھ کھتہ زیاد۔
5782,امہ ٹیبلس منز چھ علامتہ یونیکوڈ بلاکس منز یتھ میسکلینوس علامتن ناو چھ۔
5783,وول سٹاک، آیووا: وول سٹاک چھ امریکہ کس آیووا ہس منز اکھ شہر۔
5784,17 مہِ صدی منز، مُغل سلطنتن کور اسلام تہ ہیندِ علمتی درمیان اکھ متبادل، ییتہِ اسلامتی نگرتی آلات ہندو کمپیوُٹنگ ٹیکنالوجی ستۍ مل
5785,تٔمۍ کور مرٹا کِس راج کیشو داس راٹور سندِ کور کرمنسی بیگمس ستہِ خاندر۔
5786,س چُھ سٹی (شیو سندِ گڈنِکِس بیوی، یُس پتہ پاروتی پٹھۍ دوبار اِنکار کران چُھ) تہِ تہِ ہیموتی تہِ
5787,کِس ستہِ ستہِ ستہِ ستہِ ستہِ ستہِ ستہِ ستہِ ستہِ ستہِ ستہِ ستہِ
5788,بالغن منز چھ یہ مردن کھتہ زیاد عام طور زنانن متثر کران - ممکنہ شُرِن ستۍ تِہندِ نزدیک ربطہ کٔرِتھ ۔
5789,چولا حکمرانن کٔر پننہ شہرن ہند حفاظت کرنہ خطر واریاہ قصر تہ قلعہ بناونہ۔
5790,تاہم، واریاہن لوکن منز چھ وچھن بہتر گژھان، تاہم کینہہ لوکن ہیکہ چھہ ہند زخم یا ہایفیما ستۍ متعلق پیچیدگی ہند باقی
5791,مے چھس خوفزد یوان ز تہہ تہ پننہ مایوس کرن۔
5792,بولشویکسن کٔر 1917 منز روسس منز اکتوبر انقلابس ہُند قیادت۔
5793,نوکیا 6300-نوکیا 6300 چھ اکھ جی ایس ایم سمارٹ فون یس نوکیا کورپورنشن کہ طرفہ تیار کرنہ آمژ چھ۔
5794,"2020 چہ مردم شمری مطبق سہِ 9,326 لُکھ اتھ منز روزان ۔"
5795,ایڈورڈ ویلیام بینے زاو 1812 ہس منز مورٹن، نوتنگھامشیرس منز۔
5796,راجدیوا سندِ بییہ نیچُو بٔنیو 1252 منز بادشاہ۔
5797,تاہم، سدیوواڈھو تہِ کور عروسی تقریباتن دوران اکھ گام، ییتہ س اوپانیانا مکمل کران، تہ پتہ پننہِ بٔڑِس شُرِس پیٹھ پننہِ
5798,10 ہم تہ 13 ہم صدی درمیان چھ کینہہ ذٔریعہ خلیج لوٗکن ہُند ترکِس نِشانہ، مگر کینہہ باقی چھِ نہ۔
5799,"2011 ہِس قومی آبدی ہُند موقت نتیجہ ستۍ مطبق چُھ پُجابَس آبدی 27,743,338، ییمہِ ستۍ یہِ ہندوستانَس منز 16 وُہ"
5800,بھیمہس منز پوٗر پٹھۍ پٹھۍ ملہِ سندِس ستۍ پٹھۍ پٹھۍ پٹھۍ پٹھۍ پٹھۍ پٹھۍ پٹھۍ پ
5801,ییلہِ یہِ افریقہس منز اِندِسہِ تھاونہ یِوان، مُقمی آبدی سہِ اتھ منز کینہہ معذوری تیار۔
5802,تٔمۍ کٔر مائیکروسافٹ تہ واریاہ ویب سائٹ ڈویلپمنٹ کمپنین خطر کم۔
5803,مے چھس تہہ اطلاع دِنہ خش زِ تُہۍ سندِ شُر چھُ قومی رقص مُقابلہ کِس مُقابلہ کِس مُقابلہ منز حصہ
5804,پوڈوکٹای سلطنتس منز چھ تامل ناڈو منز وحد شہزادتی ریاست نش نش نش خاص، تہ یہ بنیوو 1948 منز صرف آزادی پتہ ہندوستنہِ اتحادُک حصہ۔
5805,سنڈلیان، بییہ مشہوٗر تامل رومانٹسٹ، کٔر 1960 کس دہلس منز کڈل پوُرا لکھ۔
5806,ریاستی سطحس پیٹھ چھ گجراتس منز سارڈار ساروار نرمدا نایگم لمیٹڈ (ایس ایس این ایل) سارڈار ساروار واریاہ مقصدچ پروجیکٹ نفاذ تہ انتظام کرنُک
5807,اصطلاح نیورسیسٹایسیرکوسیس چھ عام طور دماغ کین پیریچیمس منز سیسٹن ہند حوالہ دِنہ خطر قبول کرنہ یوان۔
5808,تِم چھِ اکھ بائیو فایلس بناونچ کوٗشِش کران یُس 2030 تام استعمال کٔرتھ۔
5809,یہِ چھُ تصدیق کرنہ آمُت تہِ زِ یہِ چُھ 2010 ہس منز دویمہِ ایونٹ میزبنی کران۔
5810,گڈنِک ہفتہ پتہ گوو بییہ گلوکار بتھ ۔
5811,"2010 چہ مردم شمری مطبق سہِ قصبس منز 11,415 لُکھ روزان ۔"
5812,مندرچ سالانہ دہ چھ پرتھ ؤرۍ 2 اکتوبر منز مناونہ یوان ییلہِ ہتھیار لوٗکھن ہند دعوت دِنہ یوان چھِ اکھ عاد
5813,ییلہِ تٔمۍ پننہِ مُلکَس خطر اکھ میڈل زیننہ یِتھ، تٔمۍ چھُ یہِ دعوا کران زِ تٔمۍ سندِ
5814,تِم چھِ پرتھ بالہِ ہندِس رفتار بناونہ خطر بولی کرنہ برونہہ اکھ طویل رِنہ یوان۔
5815,"کیرالہ سندِ تالکس چھِ مزیدِ 1,674 آمدنی ہندِ گپھ منز تقسیم کرنہ آمژ۔"
5816,گھو تہ گھو ہندِ جانورن چھِ بیمار منتقل کرنس منز کامیاب۔
5817,اوفم زاو کالیسپیل، مونٹانا منز تہ بڑاو اوبرن، واشنگٹن منز۔
5818,"اتھ وقتس دوران چھ سونالی مسلہ یوان ز اکھ بوڑ صنعتی کمپنی ""شینگ"" بڈ بینڈ سروس فراہم کرن شروع کران چھ۔"
5819,ایسٹر سنز درست تاریخ چھِ کُنہِ وقتہ تنازعہ ہُند مسلہ۔
5820,شمال مشرقی منز یہ جانورن بچاونہ تہ بچاونہ خطر آو 1988 منز ہندوستنہ کونسل آف زراعتی تحقیقہ کہ طرفہ نیشنل ریسرچ سینٹر میتھونس منز
5821,خون ہندِ ہندِ ہندِ ہندِ ہندِ ہندِ ہندِ ہندِ ہندِ ہندِ ہندِ ہندِ ہندِ ہندِ ہندِ ہندِ ہندِ ہندِ ہندِ ہندِ ہند
5822,طویل غیبت پتہ کٔر تٔمۍ 90 کس دہلس شروٗعاتس دوران مہاویل کوڈرام، بادشاہ سولومن تہ ہٹ لسٹس منز کم۔
5823,"سی بی سی چھ 11 ملین کھتہ زیاد کلائنٹن ہند خدمت کران، تہ چھ 40,000 کھتہ زیاد ملازمین۔"
5824,تامل کیلنڈرَس منز گڈنِک ریتھ چیتریا تہ اپریل کِس وسطس منز چھِ امہ ریتھچ گڈنِک ریتھ تامل نوِ ؤرِی ہ
5825,مگر بڑنہ ولۍ ڈکن تہ میسور ریاستن ہندین حصن منز چھ سر صرف أکس ملِس مرنہ پتہ شُد کرنہ یوان، یُس باقی ہندوست
5826,سُہ چھُ اکھ زنانہ ستہِ ستہِ ستہِ ستہِ ستہِ چھُ رِبا میککلین ونان ۔
5827,ملایہس منز آو 27 پٹھ 28 دسمبر 1962 تام سٹیڈیم نارا، کوالالالامپورس منز اکھ بین ریاستی مُقابلہ یِنہ یِوان یِتھ کٔرِ
5828,مثالہ، اگر تِم چھِ ریتھہ ورانہ ادگی ہند 60 دہہ کینہِ تاخیر یِتھہِ توہہِ $25 ادا کرِتھ۔
5829,جین تہ بودھ سندِ اہم فیصد تہِ ہیکہِ یِتھ ۔
5830,یِم چھِ جانورن ہندِ سلطنتس منز ساروے کھتہ پیچید چُھ ماننہ یوان۔
5831,یہ سافٹ ویئر چھِ میی 2005 پیٹھ نیوز گٹور ٹیکنالوجین ہندِ مالیت۔
5832,س چُھ 2021 پیٹھہ کوئنز لینڈ ریاستک موجود گورنر۔
5833,تٔمۍ کٔر بجلی پیداوارس منز دلچسپی تیار تہ کٔر واریاہ پٹھۍ تہ ژلرنٹر تیار۔
5834,مے کٔرِو پٹھۍ پننہِ گڈنِک پینٹنگ 3600 روٗز خطر ۔ خریدارن وون زِ سُہ چھٗ مینۍ پینٹنگ پسند ۔
5835,"کریکٹَس منز چھُ کھیلُک قونوُن اکھ کوڈَس منز مُحدِث یُس ڈی لاوز آف کریکٹَس ونان چھُ (یَتھ پتہ ""ڈے لاوز"") یُ"
5836,اگر تہہ کرسمس ایویہس پیٹھ کنہہ آرڈر کران، یہ ممکنہ نہ کرسمس پیٹھ یوان۔
5837,یہِ اوس جنگس ایشیا مینور کس مارکیٹس پیٹھ کنٹرول کرنہ خطر اکھ سلطنتی مُلک سمجھاوان۔
5838,دکن سٹیٹس ایجنسی تحت جمع کرنہ آمتہِ باقی ریاستن منز سۍ کولہا پور، مراج، سنگلی، انڈھ، بھور تہ ساوانٹ وادی شمل۔
5839,یہ مسلہ آو بلدیہ کارپوریشنن طرفہ پارکنگ کینز شرح 17 فیصد اضافہ ستۍ بدتر کرنہ۔
5840,سندِ پولو ہُند شکل چھِ دستیاب کِس مقامس پیٹھ مُطبِق مختلف۔
5841,ہارپینن کٔر مختلف کھلڑ تہ گیمہ تہِ بنو، یتھ منز چھِ کُبِل ڈیو (چھنہ پیٹھ اکھ پیٹھ شے ہندِ ہن
5842,یہ چھ سکلیٹن، عضلات، کرٹلیج ہنز کینہہ ہنز بناونہ آمتہِ ۔
5843,یہِ اوس اِرِیل مہاد قبیلہ سندِس قبضہ ستہِ بَنیاد کرنہ آمُت۔
5844,اہم فینکس پوسٹ آفیس چھ 4949 ایسٹ ون برین سٹریٹس منز۔
5845,بیڈس لیگا منز سُند آغاز اوس تٔمہِ ریتس منز ولفسبرگر ای سی ہس خلاف۔
5846,جونیئر انٹرنیشنل تھرو بال میچ آیہ دسمبر 2015 منز کوالالامپور، ملائیشیاہس منز منعقد کرنہ؛ ٹھ مٗلکن منز شرکت کٔر۔
5847,ماری کلیرچ اِنیے کمونیبوَن کور اتھ پرتھ وقتہ ہندِ ترے بہترین بالی ووڈ فلمَو منز اکھ درج۔
5848,1991 پیٹھ 2001 تام چھ امیُک آبدی 26 فیصد کھتہ زیاد بڑمُت۔
5849,علاماتن منز چھ ذہنیت تہ شناختی خرابی، حسری ہنز ضایع، موٹرس منز خرابی، پتہ کولمِن کِنہِ كِنہِ كِنہِ كِنہِ
5850,گھو تہ گھو چھِ کم ولہِ ہیکہِ انفیکشن ہُند علامت۔
5851,تاہم، اتھ منز اوس نہ کینہہ باقے سیسی پارٹین ہند حمایت۔
5852,جھیٖل چھِ طویل تہ تھول تہ شمال پیٹھ جنوبس تام چلاوان۔
5853,"2008 ہس منز سہِ الورٹا ہس منز 6,704 لُکھ روزان ۔"
5854,ٹرنر سنڈرومس منز چھِ ڈایبس منز خطر کیریوٹائپس پیٹھ مختلف تہ یہِ چھُ یِہ وُچھان زِ یہِ چھُ ایکس کروموزومُک مختصر ہند
5855,ہندوستانس منز، ییتہ زیاد تر ہندوستن روزان چھ، خاندرچ متعلق قونوٗنی چھ مذہب پیٹھ مذہبس تام مختلف۔
5856,پی سی آر تہ ڈی این اے سیکینسنگ ہیکہ ز الگ کرِتھ ۔
5857,کرچن پِنگارٹِن چھِ باویریا، جرمنی کس بایریوتھ ضلعس منز اکھ بلدیہ۔
5858,یہ ہیکہ خاص دواہو یا اینٹی بائیوٹکس ستۍ علاج کٔرتھ۔
5859,یہِ رسمَن منز اوس مطلب زِ جگانات سندِس بادشاہس تحت چھِ طاقتور سلطنت گجپتی بادشاہ تہ ساروے کھتہ کمزور دیوتیہس درمیان کانہہ فرق۔
5860,ساریکا ہند دھوکہ دہی محسوس کران تہ پننہ بدبختی خطر ذمہ دار بنان چھ مُکیش پننہِ گھرس منز دُبار کران تہ چھُ أمہِ ستہِ
5861,2022 ہِک اکھ ویب سیریز، راکٹ بوئز، اوس سارابھی تہ ہومی جے بھابھا ہنز تخلیقی زندگیہ پٹھ مبنی، ییمہِ ہِشواک سنگھ تہ جیم سار
5862,حکوٗمت آف انڈیان کور پننہِ مرنہ پیٹھ قومی ناراضچ اکھ دہ اعلان۔
5863,منندر I ہُک اکھ سندۍ سندۍ سندۍ سندۍ سندۍ سندۍ سندۍ سندۍ سندۍ س
5864,سناٹا سندِ سنز صداقت تہ تٔمۍ سندِس سخت میڈیا پالیسیہ ستۍ چھِ أمہِ سندِس ستۍ ستۍ ستۍ س
5865,اِریٖے منز اکھ ڈِسک شمل کرنُک مطلب چھُ یہِ زِ اکھ ریگراجنُک ضرورت چُھ۔
5866,یہ کارپوریٹ لنکس چھٗ پرتھ کُنہِ تہِ ردعمل ہندِ کرنس اجازت دوان ۔
5867,خوفناک حملہ ہیکہ تمام قسمن منز ذہنی بیمار لوکن منز گژھتھ۔
5868,بینیارس گڑھنا چھ ترییمہِ بٔڑِس طرز، یُس روایتی طور پرسہِ پرتھ ماننہ یوان چھُ۔
5869,ملِس دِنہ دارِ ویب ایڈریس پیٹھ کلک، تہ پور سائیکل چُھ دوبار شروٗع کران۔
5870,علاقس منز چھ نہ اکھ غر زراونہ تہ ہندوستان کِس سرزمینس پیٹھ تقریبا تمام کٔمیٖن ہیکہ لبنہ یِتھ ۔
5871,18 مہِ صدی منز، یورپی شطرنج زندگی ہُند مرکز گوو جنوبی یورپ پیٹھ پٔتمہِ مُلک فرانسس منز منتقل۔
5872,تم چھ 1976 تہ 1988 ہس تام پٹھ پریتھ گیمس منز گٔیہ۔
5873,امہ ستہِ مُقابِل صورتحال چھ ایسوسیشن فٹ بالس منز اکھ مفت کِک۔
5874,یہ ہیکہ اکھ مشہوٗر حلک توجہ مرکوز کرنہ خطر استعمال کٔرتھ۔
5875,روایتی طریقہ منز بودھ ملک سندۍ ترے پناہ تہ پانژھ پیشگو قبول کرنہ ستۍ، امبڈکرن کور پننہِ بیوی س
5876,کینہہ منٹ پتہ، دن بینک ملازمین، 20 ؤریہ ونسہِ زنہ تہ 30 ؤریہ ونسہِ ونسہِ مرد، ترو بین
5877,آسٹریلیاہ، جاپان، جنوبی کوریا تہ نیدرلینڈن چھِ سری 2010 فیفا ورلڈ کپ خطر کیوٗفیٹ۔
5878,ایس پی ڈی ہند لوٗکھ چھ انٹروورٹ یم آزاد یا اکی گژھنچ ضرورت محسوس کران چھ۔
5879,مائیکروسافٹَن کور گڈنِچ وِنڈوز 10 نومبر 1983 پٹھہِ عومی خطر پیش ۔
5880,لڑاکا چھ صرف کینہہ سیکنڈس تام کلینک کرنہ یوان۔
5881,"یورسٹار بولن وولن وولن اکھ معذرت، یتھ منز سند وون ز خدمات چلنہ خطر ""یہ چھنہ مٗمکِن""۔"
5882,تہہ ہیکہ شوک گژھتھ ییلہ تہہ ریت کس خرس منز پننہ خرچ زمر پیٹھ ادا کران چھ۔
5883,اِڈِکٹ اِڈِکٹ یا ڈِکری چھُ اکھ نوو قانونُک اعلان۔
5884,ای سی ایم ایسکِٹ ای سی ایم ایسکِٹ چھُ اکھ معیار یُس جاوا سکرپٹ سکرپٹنگ زبانہ خطر بناونہ آمُت چھُ۔
5885,پرتھ ؤرۍ چِنوہس منز چھ واریاہ لوٗکھ 4 جولایی جشن منز لطف اندوز۔
5886,یہ چھ کیریکل تالک، کیریکل ضلع، پُڈوچری، ہندوستانس ستۍ تعلق۔
5887,لکٹن پری جانورن خطر چھ یہ عام زِ تِہندِ سر کم وضاحت کرنہ یوان۔
5888,س کٔر واریاہ ؤرین تام پاکستان کِس کراچی منز کرایچی یونیورسٹی منز تعلیم دِوان۔
5889,رولر ہاکی چھُ جنوبی ہندوستانس مُقابِل ہندوستان کِس شُمالس منز زیاد مقبول۔
5890,یِم ٹی ایس آیی اینٹی باڈیز چھِ تیرایروئڈ گلینڈس زیاد تیرایروئڈ ہارمون پیدا کرنہ خطر سبب بنان۔
5891,کرشنن کور بھیمس دوریودھنا سندِس تِمَس ہُندِس ہُندِس ہُندِس ہُندِس ہُندِس ہُ
5892,نِروڈھاگوگا (سیسیشن ہُند یوگا)، یوگا ہُند اکھ ابتدئی شکل، چھُ تریِم صدیہ بییی مہابھرتا ہُند 12 ہِم باب (شان
5893,پٹھۍ حالات یتھ منز ہتھیار سلطنت، واریاہ لکٹ فوج، طاقتور علاقیی سرکرِ، تہ انٹرنیٹین جنگن شمل، دِیوُن اکھ انضفی مرکزی سلط
5894,بییہِ نیچ کمزوری ہیکہِ بنہہِ نیچ ناراضہ یا طبی حالاتہ ستہِ وجہہ ستھ۔
5895,یہِ چھُ اِنسان زِ زِ زِ ز بادشاہ سہِ پٹھۍ جنگس منز۔
5896,پریشان گژھنہ آمت، سید چھ ترش سندِس بہ رنویر (رام کپور) ہس منز مدد مانان، یُس اکھ معمولی خاندنی مرد چھ۔
5897,دیہ، میڈروڈس منز ایسٹیڈیو سٹیگو برنبیو منز، ریل میڈروڈس منز، میڈروڈ ڈربی ہندِ اس ؤری ایڈیشن منز ایٹلی
5898,پارٹی چھ ونسہِ قومی سطحس پیٹھ یونائیٹڈ پروجسیو لیینسک اکھ حصہ۔
5899,جنوبی کشمیرس منز پہلگم نزدیٖک آرو وادی تہ چنڈنوری منز تہِ سنیز کٔرِتھ ۔
5900,س چُھ اکھ خاص رول چیئر ستۍ تہِ تربیت دِوان یُس موڑن ہندِ سنی بورڈ ہنز نظر چُھ۔
5901,1965 پیٹھ 1969 تہ 1973 پیٹھ 1975 تام اوس سُہ ٹیمُک کوچ۔
5902,تاہم، چھ ہدایت یم ڈاکٹرو استعمال کرنہ خطر استعمال کرنہ خطر کران چھ۔
5903,سماج آو 7 اپریل 1875 سنیاسی (سکیٹک) دیانند ساراسوتی طرفہ قیم کرنہ۔
5904,گوو موُد 13 اگست 2019 پکنس منز 86 وُہُر ونسہِ منز۔
5905,سُہ گُند فدرال کنونشنچ تریِم بلیٹ منز 1242 ووٹَن منز 625۔
5906,تِہندِ گڈنِچ پریمیئر لیگ زینن س نہ 14 ستمبر تام۔
5907,دنیا کین کین کینہہ حصن منز ییلہِ سُہرٹرا سونڈ دستیاب چھُ، جری ہندس تھیٹرس منز امتحانہ ستہِ تشخیص تصدیق کرنہ
5908,مئی 2002 ہس منز کور فرانک ایرون بینڈ خطر ریتم گٹارسٹ طورس منز شمل۔
5909,برونکس ہایڈ کوچ کریس پٹرسنن کور ہاٹ رٹنچ کوٗشِش کرنچ کوٗشِش ۔
5910,دیابٹکس ہنز چُھ دیابٹکس ہند وجہ ستہِ پیچیدگی ہند علامتن ہنز نگرنی کرنہ یِنہ یِنہ یِوان۔
5911,مے چھس خوشی ز مینۍ زنانہ ہندس ہندس ہندس ہندس ہندس ہندس ہندس ہندس ہندس ہند
5912,گنگٹو ہلیپڈ چھ ریاستس منز ساروے کھتہ ستۍ ستۍ ستۍ ستۍ ستۍ ستۍ ستۍ ستۍ ستۍ ستۍ س
5913,"ایزھوتھپارا ناوُک مطلب چھُ ""پتھ پٹھ لکھن""۔"
5914,پتہ چھِ یہِ ماننہ یوان زِ گنیش چھِ پہاڑ کیلاش پیراوتی تہ شیوا واپس یوان۔
5915,2017 ہس تام چھ ایف آی آر ایس بین الاقومی اولمپک کمیٹی ہند طرفہ مقرر بین الاقومی حکومت پٹھۍ قبول کرنہ آمت۔
5916,چیزن خطر چُھ یِم خاص وزن انٹرویو ہُند ضروُرت چُھ۔
5917,کینژن معاملاتن منز، خاص طور ایشیاہس منز، ہیکہ أکِس تہ ز سینٹی میٹرس درمیان ہندِ قبلہ لیمپ جلدس تحت پد گژھتھ
5918,لداخ آو 31 اکتوبر 2019 جموں ولہ کشمیر ری آرگورنجنشن ایکٹ کہِ پاس کرنہ پتہ ہندوستانُک اکھ اتحاد علاقہ بناونہ۔
5919,زمینہکہِ موسم چھ واریاہ خش یوان ییلہِ کینہہہ جایہ منز درجہ حرارت یس منز گرنہ کم گژھان چھ۔
5920,پُجابی چھِ ز مُختٔلِف سِکرپٹَن منز لکنہ یِوان، یِم گُرمُکھِی تہ شاہموٗکھِی ونان چھِ۔
5921,یِم ترقیو ستۍ چھِ 1969 ہس ؤرۍ سنوکر سنوُک جدید دورچ آغازچ علامت بناونہ خطر لگان ۔
5922,یہ چھ فنکشن، استدییات تہ معیاری استدییات ہندِ استعمال کرنہ وضاحت کران۔
5923,مینز کارن ہندِ انجن ستۍ وچھِو عجیب آواز چھ مے واریاہ پریشان کران۔
5924,1993 منز پننہِ مرنہ تام اوس سُہ کیٹی سیل ستۍ شرکری۔
5925,خام کھتہ یا کم پکانہ آمتہِ پلوو کھنہ، تہ خام شیریی مصنوعات چھ عام وجہ۔
5926,ٹیگو ہُند پرچم: ٹیگو ہُند پرچم آو اپریل 1960 منز بناونہ۔
5927,ویروا تہ جے چھ واپس لڑان تہ بینڈٹ چھ فرار کران۔
5928,بین الاقومی گورننگ ادارہ، فیڈریشن انٹرنیشنل ڈی اینٹر کراس، چھ دوہری سالانہ ورلڈ چیمپین شپ میزبنی کران۔
5929,کاؤنٹی ہُند ناو چھُ ٹیسکس رینجر تہ سیاست دان جیمز بیجھ بروکس سندِ ناو۔
5930,باقی علاقہ چھُ روُدِس نیبرس پیٹھ انحصار کران یُس اکثر وقتہ ناقابل یقین تہ غیر متوقع چھُ۔
5931,اگر تہہ چیزہ چھِہ اکھ لٹہِ ، یہِ ستہِ کم گژھِ تہہِ كھوتہ كھوتہِ كھوتہ كھوتہ كھوتہ كھوت
5932,2005 منز اعلان کرنہ پتہ آو زنانن ہندین کلاسن ہند شمل کرنہ ییلہ ز بیس بال تہ سافٹ بال دشونی 2008 کھیلن پتہ اولمپکس من
5933,جموں وِزِ تہ ارد گرد چھُ اکھ خاص ہیران رقص پیش کرنہ یوان۔
5934,"ڈیلی نیوز اینڈ اینالیز سندِ توشھر جوشین دِیُت فِلمہِ 3/5 سٹار، ییمہِ ستہِ لکھوِتھ، ""چوپرا تہ مالھوت"
5935,یِم خطہ آیہِ اکہِ اخبارس منز لبنہ تہ پرنٹ کرنہ۔
5936,نیٹ ورکنگ ایونٹن ہندِ خطر مقبول صنعتن منز چھ سرمایہ کری، سافٹ ویئر، پروگرامنگ تہ بیو ٹیچ شمل۔
5937,تھانجیوورس منز ٹنپل کمپلیکس آو 1987 منز تسلیم کرنہ۔
5938,اکھ غر چھ عام طور پننہِ عام ساتھین ہندِ کھتہ واریاہ بہتر ہتھیار تہ صلاحیت۔
5939,قسم تہ لکھن ہنز ہنزِ ہنزِ ہنزِ ہنزِ ہنزِ ہنزِ ہنزِ ہنزِ ہن
5940,مومبیی منز بتھ ہُند تصویر ہُند کوریوگرافی اوس لانگینس فرنینڈزن تہ مومبیی منز اکہِ سٹوڈیو منز کھوتہ زیاد دن
5941,اکھ پولیس ٹیکٹیکل یونٹ کٔر فوری طور عمارتس منز طوفان تہ کٔر لیکڈیم مار۔
5942,زینگرن کور نہ زینہہ پتہ موورینیو ستۍ ہندس ہندس تلوار۔
5943,چھِ بٔڑ تہ لکٹن جزیر یِم انسانن ہندِ ستہِ روزان تہ روزان چھِ ۔
5944,ٹیٹینس سنز عملچ طریقہ منز چھ ژور اہم مرحلہ: نیورونس ستۍ ربط، ٹاکسنس انٹرایلیشن، میبران ٹرانس لوکشن، تہ ہدایت ور
5945,خاندانک رمی ہندِ ستہِ چیز آسان کرنہ ستہِ چھِ تمام پیک اپ کران۔
5946,دکوٹراپٹر دکوٹراپٹر چھ بٔڑۍ مینزری تھیرپوڈ تھیرپوڈ ڈرومایوسورڈ ڈینواسورڈ ہٗند جینس ۔
5947,سُہ اوس تامل ناڈوُک قونوٗنی امیگریشن ہُند سابقہ رکن تہِ۔
5948,مشن بیچس اطراف روٗد جنگل اوس سائکلون ستۍ پھٹان۔
5949,"اگر تہہ پونسہ بولان چھِو، یتھ کٔنۍ سوال پوٗر کران، ""تہنز کمپنی چُھ کیاہ گژھان؟"" چھُ، یہِ چھُ اکھ پیشکشس دوران"
5950,س دِیوُت فِلم 3.5 سٹار 5 منز منز 3.5۔
5951,میگھاتوبورو جنگلی گامس منز چھُ قومی اوسط 59.5% کھتہ زیاد اوسط شرح شرح شرح شرح شرح شرح شرح شرح شرح شرح شرح شرح شرح شرح شرح شرح شرح شرح شرح شرح شرح شرح شرح شرح شرح شرح شرح شرح شرح شرح شرح شرح شرح
5952,سُہ آو تِہ واریاہ باقی کھتہ زیاد کھتہ زیاد کھتہ زیاد کھتہ زیاد کھتہ زیاد کھتہ زیاد کھتہ زیاد کھ
5953,"2010 چہ مردم شمری مطبق سہِ 2,008 لُکھ اتھ منز روزان ۔"
5954,گولڈ فِش چھُ 10 ڈگری سیلسِی تہ 30 ڈگری سیلسِی درمیان درجہ حرارتَن منز بہترین روزان۔
5955,تاہم، ہم چھ پننہ حالے صارفین ہندِ طرفہ واریاہ شکایت موُجوُد یوان زِ یہِ مصنوعات چھ واریاہ سستہ وچھان۔
5956,کرناٹک کِس ثقافتی ہبَس منز چھِ میسور-بنگالور علاقہ پننہِ میوزک سیزن مناونہ یوان یتھ 45 دہہ ہُند دورہ
5957,ایٹر سنزِ ستہِ چھِ منینہ یوان تہ ٹرانسکشن چیک کرنہ خطر منین خطر معاوضہ پٹھ استعمال کرنہ یوان
5958,ملِس سندِس وو: جی ہاں، مے چھِ گڈن، زراعت تہ کاروبارچ حصہ تہ بچاو کرنُک وعدہ۔
5959,فرانسیسی س گڈنِک ییمہِ باکسنگ گولن اکہِ کھیلس منز شمل سہِ یتھ منز کِکنگ تہ باکسنگ تکنیک شمل سہ
5960,ایلرجی کنجینٹیوائٹس خطر، چہِ ہندس پٹھ خش آب یتھ منز سر کنسٹریکٹ کیپلیری یس پیٹھ لگنہ آمت، تہ مصنوعی د
5961,کانکن سوبم بنیوو گڈنِک ییمہِ میس انڈیا ایونٹَس منی پورَس منز نمایندگی کران۔
5962,کمپنی ہندِ افسرن تہ تِہندِ خاندانن ہندِ اکھ لکٹ گروٹ کور جانس قلعس منز پناہ، تہ رانین کور پننہِ نِش نِ
5963,کورنگ، آیووا کورنگ چھ امریکہ کس آیووا ہس منز اکھ شہر۔
5964,عظیم لنٹ چھ اکہ جمعہ منز ختم گژھان، تہ اگلی دہ چھ لیزرس جمعہ۔
5965,چارلس ڈارونن کور ترقی ہُند خیال مقبول تہ کٔر قدرتی انتخابس متعلق بولن۔
5966,برازیلس منز چھ شُرِن ہُند دہ 12 اکتوبر منز مناونہ یوان، یتھ منز مُلکُکن پٹرن سینٹ چھِ أمہِ سندِ
5967,اکھتر گِیُن پتہ بائیوپک 'بھاگ مِلکھ بھاگ' منز ملکھا سِنگھ، ییمہِ سُہ بہترین اداکار خطر فلم فایر ایوار
5968,پران اوس تھاکور بالڈیو سنگھ کِس کردارس خطر ماننہ یِوان، مگر سیپے کور سوچ زِ سنجیو کمار اوس اکھ بہتر انتخاب۔
5969,ستہِ کنہِ دِژِس تِمَن ہندِس خشِشَس منز تہ سُہند گول ۔
5970,اکہ ریتس اندر اوس یورپُک زیاد تر حصہ کھلی جنگچ حالتس منز۔
5971,تٔمۍ گِیُن کوِبیک نردیک، اوٹاوا سینیٹرز تہ لاس اینجلس بادشاہن خطر۔
5972,گڈنِچ پیشہ ورانہ ساحلی بال ٹورنامنٹ اوس اولمپیا ورلڈ چیمپین شپ آف بیچ وولی بال، یُس لیبر ڈی وینڈ وینڈ 1976 منز، پیسیفک پالیسڈس،
5973,تٔمۍ کٔر واریاہ گروان، ہندوستنی تہ کارناٹک طورس منز وسیع تحقیق ہندِ دور کران، ییمہِ ستہِ ترکیب جمع تہ موازنہ کران۔
5974,مینز دکان چھ اکھ خراب علاقہ منز تہ بہ چھس دھوکہ دہی ہند خوف۔
5975,اکھ اکھ خریدار ہیکہ سٹورس منز اکھ خریدار ہند دُبار دُبار دُبار دُبار دُبار دُبار دُبار دُبار دُبار د
5976,بالین بالین چھ بیلجییی صوبہ اینٹورپک اکھ بلدیہ۔
5977,سُہ اوس اکھ واریاہ مولِف پینٹرس یُس پننہِ پینٹنگ سٹائل اوس۔
5978,"وادی چُھ ""ہندوستانُک روح"" ونان ۔"
5979,ہندوستانس منز چھ اکھ بڑوو آبدی تہ اکھ بوڑ غریب گابی آبدی یسہ ونسہِ آبدی ہندِ آبدی ہندِ پٹھ ان
5980,17 مارچ 1976 منز، ویسکنٹی گوو روم، اٹلی ہس منز اکھ سٹروک پٹھ ممِل۔
5981,اتھ منز اوس اکھ ٹایمر ییمہ دھماکہ منز تاخیر کرنہ آمت۔
5982,"ٹیم کین ارکانن ہندِ تعاون یا ""رِتھم"" چھِ فتحس منز تہِ اہم کردار ادا کران، اگر نہ تِہندِ ملی طاقت کھتہ زیاد۔"
5983,نومبر 2015 ہس منز کور ٹی وی پیٹھ یہ شو 50 ؤری منز جشن۔
5984,1975 منز کٔر کیڈاہ سندِ سیپک ٹاکراو ٹیم دی سپورٹس پریس فیسٹ 1975 ستۍ ستۍ جرمنیس منز تہِ ہندِس مظاہری طورس منز
5985,یہِ اکہِ صدِی ہُند اَتھِمِہ واقعہ آو ویب بلاگر تہ ویب سایٹَن ہِندِ بٔنگ بوِنگ ستہِ برونہہہ وچ
5986,تِمَن کٔرِو امہِ کوششہ ستۍ مدد کرنہ خطر ذتی افراد تہِ کٔرِو کٔرِو۔
5987,جنوب مشرقی ایشیاہس منز چھ کیٹونگ سلیٹ ڈرمن یتھ مقصدس خطر استعمال کرنہ یوان۔
5988,بدلہ چھِ کینہہ لوٗکھ مانان زِ تہہِ پٹھۍ توجہِ بٔڑِس بتھس منز ادا کرنہ خطر توجہِ كرِتھ تہہ
5989,جسی چھُ اِندِس اِراد کران تہ ونۍ چھُ رینڈھاوا-سانڈھو رِیوایری بھولنہ آمُت۔
5990,جاپن فٹ بال ٹیمن ہند فہرست چُھ ترقی کران۔
5991,تٔمۍ کور تٔمۍ شِواجی پارک، دادارَس منز اکھ مشہوٗر کرِکٹ کوچ تہ رپٹ کِس کلب کرِکٹرَس منز رامکینٹ اکھ
5992,پُنگابس منز چھِ ہولی برونہہ ٹھ دہ لوکھتاک ونان ۔
5993,تاہم، تہہِ یِہ تِہِہِ تِہِہِہِ تِہِہِہِہِ تِہِہِہِ تِہِہِہِہِ تِہِہِہِ تِہ
5994,سپر ماڈلن کور فیشن شوَن منز سپڈرِل ہُند یِم سٹائلَن پیٹھ لگاونہ۔
5995,کیری آو 1 فروری 2013 ہس منز سٹیٹک سیکرٹری آف سندس طورس منز سوٗر۔
5996,دوہ طرفہ، اگر تہہ زانہہ زِ تہہِ چُھہ کِتابہ ہُند اکھ شمع یا مخصوص ژینل خریدری یژھان، تیلہِ اتھ سیکشنس
5997,سُہ چُھ لندنَس منز لاس اینجلس فیلارمورمیک تہ فیلارمورموریا آرکیسٹرا ہُند ڈایوکریٹر۔
5998,بین الاقومی اولمپک کمیٹی (آی او سی) چھِ 2016 سمر اولمپکس میزبنی کرنہ خطر برازیل کِس ریو ڈی جینیئر منتخب کران۔
5999,یہ چھ اِرسنال ایف سی دوران امریٹز سٹیڈیمَس منز خودکشی بمژنہِ متعلق۔
6000,"اکھ پاسربی وون ایسوسی ایڈ پریس ز س اوس ""تہِ شوک زِ مے ہیکہ نہ یہِ ویڈیو ہُند شوٹ یا اکھ تصویر ہُند پٹھۍ۔"""
6001,یِم سفر سہِ تٔمہِ پتہ کِس کیریئرس منز اکھ کِس کاروُن کاروُن ہِندِس اہم ۔
6002,نانول چھ تامل گرامرس پیٹھ چولا ایرا کم۔
6003,یہِ منز چھِ ڈایریکٹر سندِس آغاز تہِ قیادتس منز تہِ نشانہ۔
6004,تمہِ سنزِ نیوِ نیوِس بینہِ ، سیلیسٹ اوس اکھ مشہوٗر گلوکار تہِ ۔
6005,بییہ نوو سیٹ آو 2013 ہس منز سیزن 30 کس آغازس منز شمل کرنہ۔
6006,یِمَن منز ساروے کھتہ زِیاد مشہوٗر سۍ سری فلچند سٹی، سری جےٹمل سٹی، سری کنہائیل سٹی تہ سری منگل چابرا۔
6007,1997 منز کٔر تٔمۍ وِنود کینہ سندِ ہمالے پوُترہ ہندِ پروڈیوسشن منز اداکری۔
6008,شیٹیہلی روزری چرچ، یس ڈیم بناونس دوران غرق گژھان اوس، ہیکہ صرف ییلہِ آبچ سطح چھِ یتھہ ریتھ ریتھ منز کم۔
6009,1995 منز گٔیہ تٔمۍ ہپول ایرونی رشن لیزین ایف سی خطر گِند کرنہ خطر اسرائیل منتقل۔
6010,ایکس ونڈوز سسٹم چھ گرافکل انٹرفیسک صرف اکھ شیل۔
6011,تاتالو آو ایرانس منز روزنہ دوران تہ واریاہ لٹہ گرفتار کرنہ۔
6012,تٔمۍ کٔر 1986 فیفا ورلڈ کپ کیوٹیشنس منز گوٹمالا قومی ٹیمس تربیت۔
6013,پتہ کور Werkودرا گدا لوکیتاساری ہُند وارث۔
6014,کوکسس منز 2001 تہ نومبر 2010 ہس درمیان سات غلطی۔
6015,میچ: ٹیم چھ اکھ میچ زینان ییمہ ز سیٹ زینان چھ۔
6016,سٹریک ہنز بحالی ہنز آغاز گژھ تقریبا فوری طور واریاہ شعبہ کس نقطہ نظرس ستۍ شروع کرنہ۔
6017,کینہہ مارشل آرٹس حرکت ہیکہ چینی اوپیرا منز لبنہ یتھ تہ کینہہ مارشل آرٹسٹ ہیکہ چینی اوپیرا منز اداکار ہیکہ لبنہ یتھ ۔
6018,کینہہ عدالت چھ صرف فیصلہچ اکھ مجموعہ فراہم کران۔
6019,مایا چھ پریشان ییلہ رونی تہ نانسی اکھس ستۍ رقص شروع کران چھ۔
6020,4 اگست 1932 ہس منز گِیُن ہندوستانن جاپانس خلاف پننہ گڈنِک میچ تہ زینن 11-1۔
6021,تروکل کُنڈرم تہِ زاننہ یوان چھُ تروکل کُنڈرم اکھ پنچایت قصبہ تہ تالوک ہندوستنہِ ریاست تامل ناڈو کِس چنگلپٹو ضلعس من
6022,"1 جولایی 2006 ہس منز، تخمینہ چھ آبدی 227,904 تھس منز تھاونہ آمت۔"
6023,تاہم، تٔمۍ کور الیکٹرولوکس کِس اکھ ملازم کِس طورس منز پننہِ کیریئر شروٗع۔
6024,سُہ اوس ہالی ووڈ اداکار ڈینی کیے ہُند اکھ حیرت انگیز تحسین کران۔
6025,مغربی ہندوستانس منز چھ مہاراشٹرا ہس منز گجرات تہ کنہ منز کچ علاقہ زون IV علاقہ (بہ خطر) زمیٖن ہند درجہ بندی کرنہ یوان
6026,رن موری بنیو راچل مور، ییلہ زن أمۍ سندِس مل ریچرز بنیو۔
6027,قدیم لوٗکھ چھُ بنڈِ دہ واپسچ انتظام کرنہ خطر بون فایر لگان ۔
6028,ڈی ایس: کیا تہہ کنہہہ سیشنس دوران خطر محسوس کرنہ یوان؟
6029,پریساسو چھ پننس پینس استعمال کرنہ یوان چھٗ دہ ؤری کھتہ زیاد ؤریہ تام نِش تصویر بناوان ۔
6030,"سُہ چھ اکھ مشہوٗر ٹیلی ویژن فنکار تہِ یُس کینیڈا ٹی وی سیریز جوٹھی جوٹییالی منز پننہ کردار خطر ""سنیشنشنل سٹار"" عنوان حصِل"
6031,میل این سینٹ ہبرٹ چھ 2022 پٹھ لینڈ ون کوایککک اکھ حصہ۔
6032,ہاوسٹن، ٹیکساسس منز گربہ ڈمپسٹرس منز چھِ کم از کم 68 مختلف ٹکٹگ گجڈنہ یِنہ آمژ۔
6033,کٔرِس گڈنِکِس مراقبہ 1610 منز گالیلیو گالیلیو۔
6034,مئی تام چھِ زیاد تر ہندوستنۍ اندرونی تجرباتن منز 32 °C کھتہ زیاد درجہ حرارت آسان، ییلہِ زن زیادہ تر درجہ حرارت اکثر 40 °C کھتہ زیاد چھ۔
6035,اورنگ زیب چھ مسلمانن 11ہِ ہِمِس یِمَس صدیَس منز عیسیی حکمران تہ مجادِدِس یادچ یادچ کرنہ یوان۔
6036,لوٗکھ چھ اکثر پننہ مذہبی عمارت جیز زیاد بناونچ کوشش کران۔
6037,تٔمۍ کور یہِ تجویز زِ بییہ آب کمزور علاقن منز تبدیل کرنہ۔
6038,تٔمۍ بنو گڈنِک ٹورینٹ کلائنٹ، یتھ بٹ ٹورینٹ ونان چھ۔
6039,ڈیلی آر وی پارکچ قیمت چھ عام طور خراب موسمن دوران $90120 USD تہ آفس موسمن خطر $6080 USD پیٹھ۔
6040,امہ صبحہ کٔرِو شروٗعاتس منز، جنوب لندن ٹوٹنگس منز ز ہاؤس پیٹھ حملہ کرنہ خطر تررمزم ایکٹ 2000 تحت نون لُکھ گرفتار کرنہ
6041,شملی ریٹینوپٹی ہند وجہ ستہِ وچھن ہند زیاد چھِ عام طور واپس یِم یوان، یُس اکہ ریتس تام اکہ ؤرِ تام اکہ ؤ
6042,یِمَن حصَن منز رنگن ہُند تہوار چھُ رینگ پینچمی ونان، تہ یہِ چھُ پوورنیمہ پتہ پانژھ دہہ منز گژھان۔
6043,موجود این ایل ایل ناو 1998 سیزنس منز شروٗع، یتھ منز گڈنِک کینیڈین ٹیم شمل س۔
6044,یہ چھ صحیح جایہ منز سٹون بند کرنہ خطر۔
6045,یہِ آو نیو یارک کِس گڈنِک گورنر جارج کلینٹن پٹھ ناو۔
6046,مرد اوس أکس کُلِس پٹھ پٹھ پٹھ پٹھ پٹھ پٹھ پٹھ پٹھ پٹھ پٹھ پٹھ پٹھ پٹھ پ
6047,پرتھ ویرجس منز ذکر کرن والین باقیہ كرنہ تہ متنن منز چھ پربندھا-چینٹمن، پربندھا کوشا تہ پرتھ ویرج پربندھا شمل
6048,پرننہِ قصبَن منز چھِ عموٗمن تریٖخی تہ تعمیراتی قدر یِم تِم بحال کرنہ خطر کران چھِ ۔
6049,یِمَن سٹیٹسَن منز چھِ تُہِہِ پٔتمِس 30 بٹَس منز کل رفتار شمل، تہ اکھ گرافکس تہِ یُس تُہِہِ زونہ کس
6050,سینٹ کیٹرن چھ جامائیکا ہس منز اکھ پارش۔
6051,ریے (جوئی سینگپٹا)، پینٹنگ سیکورٹی افسر چھ پننہ تشویش اظہار کران۔
6052,713 منز، تنگ ہچ بادشاہ شُونزنگ کور کانڈراپیدہ پیٹھہ اکھ سفیر یُس عرب حملن خلاف مدد مانوُنہ یِوان۔
6053,ہم اوس خوشی ز تہہ پننہ ریستوران منتخب کرو۔ یہ کس طورس پیٹھ تھا؟ (ریستورانٹ مینجمنٹ)
6054,مقمی کمیونٹی کالج تہِ چھِ عام طور کھلی قبولتی پالیسی، مختصر تعلیمی پروگرام تہ کم تعلیم ستۍ تہِ موجود۔
6055,جینیاتی مشور ہیکہ ایف ایچ خطر مثبت کولیسٹرول سکرین پتہ جینیاتی ٹیسٹنگ منز مدد کرُن۔
6056,یہ آو ستمبر 2008 ہس منز پلیٹسٹ ایئر سٹورس منز تہِ ریلیز کرنہ۔
6057,ماری جوانا ہنز اکثر استعمال ہیکہ سنگین ذہنی بیمارچ خطر دشونی یتھ منز سکیسوفرینیا شمل چھ۔
6058,ہندوستانُک ویدک دور یا ویدک تہذیب اوس واریاہ پرنہِ تہذیب۔
6059,ستواہنن کٔر سنچی کِس بودھ سٹپاہس منز واریاہ زیاد حصہ۔
6060,یہ چھ ونۍ نیو یارک کس ناساؤ کاؤنٹی علاقس منز پوٗر۔
6061,ہندِس بتھہِ ہندِس کمپریشن چھِ اکھ تہِ تکنیک یُس اِشِشِریری بہاؤ بڑاونہ خطر استعمال کرنہ یِوان چھِ یُ
6062,مسلمن، دویمہِ بٔڑِس بٔڑِس جمدی منز چھِ مجموعی آبدی ہُند 27.01%، مغربی بنگال کِس ضلعن ہندِ ترے: مرشد
6063,ییلہِ مِر جفارَن اتھ متعلق اِتھ کٔرِتھ، کِلیوَن کور یہِ 1 مئی کِس کالکُٹا ہس منز منتخب کمیٹیَس منز حوالہ
6064,پالم کٔر، پندرس کٔر، مختلف لفی کٔرن تہ بیک واٹرن ستۍ بٔڑۍ، ییمہ ستۍ ستۍ پٹھۍ علاقہ خطر سبز ہ
6065,تٔمۍ کٔر مونٹریال کس میک گیل یونیورسٹی منز پننہ دوستن کھیل کنہہ ہنز تعلیم۔
6066,شولی چھُ مسالہ فلمہِ ہُند اکھ تعریف کرنہ یِم اکہِ کمَس منز واریاہ ژینر مِلک چُھ ۔
6067,عیسیی موسیقی منز چھ پرتھ قسم ہنز موسیقی ہنز ژینل تہ سٹائل لبنہ یوان۔
6068,بیاس دٔریاوُک آب چھُ ہندوستان تہ پاکستانس درمیان ہندوستنہِ واٹرز معاہد کہِ اصطلاحاتس تحت ہندوستانس منز تقسیم کرنہ یوان۔
6069,1993 منز، نوو قیم پروفیشنل شطرنج ایسوسی ایشنن کور 19 پیٹھہ 30 دسمبر گروننگن منز اکھ 54 کھلڑ، 11 رنڈ سویس سٹائل کیفی فائننگ
6070,پینلٹی پوائنٹ چھ اکھ کھلڑِس اعزاز دِنہ یوان ییلہِ مُقابلہ سندِس طرفہ اکھ فُل چھُ کرنہ یوان۔
6071,انڈومٹیریوسس ہند علامت ہیکہ ڈاکٹر ہند علاج کٔرتھ، مگر یہ ہیکہ ہیکہ علاج کرنہ یِتھ۔
6072,سُہ چھ واریاہ ایوارڈ حصل کران یتھ منز پانژھ نامزدگی منز فلم فیئر ایوارڈ شمل چھ تہ چھ مختلف فلم ژینرس منز اداکری خطر مشہوٗر
6073,باقی وول چھِ ڈایکریٹکس ستۍ اشار کرنہ یِوان، یُس کنسونینٹس ستۍ وچھنہ یوان چھِ۔
6074,"اگر تہہ پننہِ فوری علاقس منز اتھ ""تجربتی تحفہ"" ژھنِتھ ہیکہِ، تیلہِ چیکو آن لائن زِیاد انتخابہ باپت۔"
6075,یہ چھِ ڈلفین پننہِ قدرتی زندگی منز وچھنہ خطر مشہوٗر ۔
6076,رانا سنگا اوس شملی ہندوستانک خری آزاد ہیندۍ بادشاہ یس موغل دورہ برونہہ اکھ اہم علاقہ کنٹرول کرنہ خطر تھاوان۔
6077,شُرِن ہُندِس ترغیب ولِس لُکھ چھِ تُلس سندِس طرفہ کنیاڈین پیش کران یُس پننہِ ملِس پٹھۍ کم
6078,دن غر جنگجوَن درمیان اکھ شدید ملاقات پتہ، ییتہِ بھیمَن جتاشورَس منز شکست دِنہ تہ پننہِ جسم خراب کرنہ ستۍ زِی
6079,امریکہ چھُ وحد مغربی مُلک یُس پٹھۍ پٹھۍ سزا چھُ۔
6080,سُہ گِیُند برونہہ آسٹریلی ای لیگ مُقابلہ منز سڈنی ای سی کے خطر، مگر امہِ ؤریہِ ہِندِس شِفیلڈ یونائی
6081,ییلہِ تہہ اکین گژھنچ پسند آو، مے کور نہ یہ احساس ز تہہِ ہندِ انسان تعلقات چھٗ اہم۔
6082,رٹ یاترا چھ اکھ ہندو تہوار یس کرشن ہُند اکھ شکل جگنات منز چھ جشن منز چھ یوان۔
6083,"2000 منز ہیدرآباد 53, 128 ہس خلاف، 2007 منز بنگالس خلاف، 105, 43 ہس خلاف چھ امیننگ یم وینکیڈی سٹیڈیمس منز رنج ٹرافی ہند فائنل من"
6084,سرٹیو کولائٹس خطر معیمی علاج چھ شملیت تہ بیمارچ شدیدیتس پیٹھ منحصر۔
6085,ہوٹل کمرچ چھ واریاہ صاف، ییلہِ یہِ عملہ ستۍ ستۍ ستۍ تیزی سان خدمت اوس ییلہِ اکھ بگ تصادفی طور اندر گژھان۔
6086,یہ تہوار چھُ دِلہِ، پُجاب، ہریانا، ہماچل پردیش تہ مُغل زمانہ پتہ جموں وِزِ جموںو تہ کشمیر کِس جموںو علاقس منز مناونہ
6087,تِمن خطر س ساروے کھتہ اہم جنگلی مصنوعات ہندِس ستہِ ۔
6088,پوچائٹس ہیکہ تیز، مرمت، یا مزمن۔ تاہم، اینٹی بائیوٹکس، سٹیرایڈ، یا بیولوجکس استعمال کرنہ خطر علاج ہیکہ واریاہ مؤثر۔
6089,ملٹ تہ گڑیاہ چھِ بٔڑِس برکش آبنی مچھِل، یم چھِ لاگوون مچھِلِن خطر مستحکم مچھِلچ حمایت کرنہ آمُ
6090,ؤرین ہندس دوران سائنسی تحقیقن چھ یہ تہ وضاحت کران ز ٹیلبال، بوتکل تہ سمندری ڈرایین چھ دریاو منز نیتروجن تہ فوسفورس ہندس اہم اثر
6091,مے چھٗنہ كہِہ کوریر کمپنی ستہِ خوش۔ مے چھٗس برونہہ ادا کران، تہ ونہِ چھِ تِم مے زانانان زِ ادایگی گ
6092,آئی کے ایف چھ کورف بال ہندِ بٔڑ بین الاقومی ٹورنامنٹ، خاص طور آی کے ایف ورلڈ کورف بال چیمپئن شپ ہندِ ترتیبچ ذمہ دار۔
6093,اولمپک منظم چھِ 1992 ہس منز بارسلونا اولمپکس پیٹھہ کھلڑین خطر مفت سزا فراہم کران۔
6094,بنگال ہُند خلیج چھُ جون کِس شُروٗعاتس منز شُمال مشرقی ہندوستانس پیٹھ شمالس پٹھ حرکت کران۔
6095,تمام مولکول یا یون یتھ منز الیکٹرانن ہند آزاد جوڑ ہکن ہیکہ نوکلوفیلس ستھ۔
6096,خانواہس منز سُند شکست چھُ شملی ہندوستان کِس مغل فتحس منز اکھ مُہِم واقعہ پٹھۍ وُچھان۔
6097,تٔمہِ وقتہ اوس س ویکٹوریی گورنر تہ برماڈ کلارا اوزون اوزوالڈن ہند پیش کران۔
6098,بچنبرگ بچنبرگ چھ جرمنی کس باویریا کس اوبرالگاو ضلعس منز اکھ بلدیہ۔
6099,یہِ چھِ دیوارکونڈا ڈویژنڈک دیوارکونڈا منڈلَس منز اکھ بلدیہ۔
6100,تُہندِ خط جری طور پیشورانہ بناونہ خطر، یہِ اکہ یا دہہ تام بیٹھۍ مقرر۔
6101,اگر تہہِ کرِووِوِوِوِوِوِوِوِوِوِوِوِوِوِوِوِوِوِوِوِوِوِوِوِوِو
6102,منتخب کرن والین کور 1984 ہس منز گواسکرس کوپٹن ہندس طورس پیٹھ دوبار جواب دِنہ سنزِ حکومت ختم۔
6103,کاروبرِی کاللیٹیو، یو ایی سی، تہ بنیانگذاران سوسائٹی ہِندِ تنظیم چھ کاروبرِی خطر آن لائن کمیونٹی۔
6104,اگست کس گڈنِک دویِم دہ چُھ تُوالہس منز نیشنل شُرِن ہُند دہ۔
6105,"عام طور چھ جایہ کنہہ تمام ہندِس بتھ ""مقمی"" آسان، یم چھِ نون تہ نونہ یِوان۔"
6106,"سِن سنز معیشت تہ سمجی اشارن ہندس ترقیس منز انقلابی حصہ چھُ تمہِ سندِس مضمونس منز ""قدرت"" ہُند تصور یُس و"
6107,اگر یہِ چھِ، توہہِ تُہۍ بولنہ آمتہِ شخصس شکِر تہ پننہِ اگنۍ حرکتچ منصوبہ بناو۔
6108,2014 ہس ؤرۍ اوس رحمان خطر ساروے کھتہ زیاد وقتہ ولۍ ؤرۍ منز اکھ، یتھ منز تٔمۍ یہ دعوی کران زِ تٔمۍ
6109,اثر اوس زِیاد طاقت زِیاد زِیاد زِیاد زِیاد زِیاد زِیاد زِیاد زِیاد زِیاد
6110,یہِ اوس حکوٗمت کن اہلکارن قومی کپُک اکھ حصہ تہِ پوشمژ۔
6111,تمہِ سندِ ملِو کور خاندرچ تجویز تہِ نِش نِش نِش۔
6112,یہِ چھُ تہوار ہندوستنہِ منز ہولیکا ہندِس پرہلاڈا ہنز پوُرانک قصہ ستہِ ربطہ یوان، یُس ہیرانکاشی
6113,کمپنی آیہ 2015 ہس منز الیکس لیبنسکی تہ لیلی اوسٹاپچوکن قیم کرنہ۔
6114,"تم چھ آئی سی اے او، اے ٹی ایس بی، تہ انڈونیشیا ایویشن سیکورٹی ہک ڈایریکٹر آف ایچھنچ الزام دِنہ خطر ""سہ خاموش"" تہ تِمَن ""مقابلہ"
6115,15 دہن منز آیہ تمہِ سُند فِلمہِ ہُند حصہ رونہ، تاہم، سُہ اوس کشمیرس منز 2 تہ نصف ریتن ہندِس ٹیمس ستۍ
6116,"2010 چہِ آبدی منز کالیفرنیاہس منز 30،908,614 لُکھ سہِ أکِس شہری علاقس منز روزان۔"
6117,گدیانا ونان اکھ سونچ سندِس سندِس ریکارڈس منز پٹاداکلَس منز وجیشورا مندرَس منز ذکر کرنہ یُس پتہ
6118,تٔمۍ کور مارکسسٹ نظریہ قبول زِ تِہِ زیاد كینہہِ خاص استعمال كِنہِ كورِ غرور تہ امہِ سندِ مسلہ ہُند پ
6119,انڈونیشیاہس منز تبادلتی شرح چھ مے اکھ روپیہس خلاف واریاہ مقمی کرنہ یوان تہ یہ چھ مے اچھی محسوس کران۔
6120,لیج برییسا: لیج برییسا چھ ناپا کاؤنٹی، کیلیفورنیاہس منز اکھ مصنوعی لیج۔
6121,ہول شکلہ ہند انتخابس منز چھ کشتی ہند رفتار تہ مستحکمیت درمیان کینہہ تجارتی اَفتہ۔
6122,یہ چھ حیران کن زِ ملی آڈسٹسٹسٹوٹین ہندِ ادار چھِ قونوُنیاتَن منز کتھ بٔڑِس پیمانس پیٹھ لُپھول استعمال کران۔
6123,یہ آو 1981 منز براٹینٹ کرنہ، تہ یہ آو گڈنچہ 1987 منز استعمال کرنہ۔
6124,24 دہہِ مَرش گژھِ 4 ضلعہ تہ 48 گامہ منز گژھِ ۔
6125,پتہ ہیکہ جاپن ناخش محسوس کٔرتھ - اکہ دہ پتہ آو ٹیم کیہل پننہِ پینلٹی باکسس منز جاپنہِ کھلڑِس من
6126,تٔمۍ گِیُن 2010 ہس منز ایس ایس راجموولی سندِ ہِٹ فِلمہِ ماریادا رامننہ منز اکھ کیو۔
6127,کمپنی چھِ 2018 پیٹھہ ہانگ کانگ سٹاک ایکسچینس منز درج کرنہ آمتہِ۔
6128,آندھرا پردیشس منز واقع گوو نہ گپھ چھُ ہندوستنۍ زیاد سیٹھاہ گپھ نظام، یُس امینز ژندنہِ ہندِس
6129,اگر سرور پوائنٹ زینان چھ، دن کھلڑۍ پینٹن خطر طرفہ چلاوان۔
6130,یہ حالت چُھ ایرلینڈ سرجن رابرٹ گراوئزس پٹھ ناو، ییمۍ یہِ 1835 منز وضاحت کٔر۔
6131,10 ستمبر کِس دہس تام چھِ مالابارس منز روُد روُد بند۔
6132,سُہ آو 2010 ہس منز حکومت ہِندِستانہ سندِ پدم شری اعزاز دِنہ ۔
6133,گیل میسٹرن چھُ یہِ مشور دِوان زِ نہ صرف ناو بلکہ کھیل تہِ ہیکہِ فلیمس منز گژھِتھ ۔
6134,"کُمار سندِ نیچِو امیت کُمار بنیو 1974 ہس منز ہندی سنیماہس منز اکھ گلوکار، یتھ منز کُمار بتھ ""اپنی باس کی ب"
6135,زیکا چھُ بنیدی طور ایڈیس ایجپتی مُسکیٹوس ستۍ پھیلاوان، تہ یہِ ہیکہ جنسی ربطہ یا خون ٹرانسفرنہ ستۍ تہِ منتقل کرنہ
6136,یہِ انفوگرافی ستۍ ستۍ سندِ غلط استعمال کرنہ باپت آسنہ تہ بچاوتھ ستۍ وچھِونہِ ۔
6137,کیریکلَس اطراف زمین چھِ الویومَس منز غر غر، ییمہِ ستہِ یہِ زتی زمین بنان چھُ۔
6138,مے چھ چشیر گٹہ ہندِس پٹھۍ گژھان ییلہ بہ مینۍ دوست یس ستہِ مے چھِ یوان ییمہ ستہِ چھِ یوان۔
6139,بتھ منز چھ سپینڈو بیلٹ کہِ بتھ ٹریو ستۍ اکھ نمونہ شمل۔
6140,ماننہ چھ یوان ز امیُک سمجی نظام چھُ امیُک وقتہ خطر واریاہ ترقی پذیر۔
6141,سیلیگِلِن چھُ مرکزی اعصابی نظامس منز اعصابی ہند بچاو کرنہ خطر یِوان۔
6142,تِم چھِ تِم کھتہ تیزی سان بڑنُک امکان۔
6143,سائپ26 اے1، سائپ26 بی1 تہ سائپ26 سی1 ہند جین چھ اے اے ہند اعلی سطحہ ستہِ متعارف کرنہ یوان، ییمہ ستہِ چھِ
6144,سنگھ مُود 18 جون 2021 کور 91 وُہُرِ ونسہِ منز سی او وی ڈی 19 پیچیدییاتن منز۔
6145,اقوام متحدہ چھُ اِندِ اطلاع دِوان زِ زنانن چھِ اگر تِم نوِ قانون نِش نِش نِشِش کران چھِ ، موتچ خطر دِوان ۔
6146,یہ چھ عام طور تبدیل کرنہ آمتہِ کریکٹ فیلڈن پیٹھ گِنڈنہ یوان۔
6147,یہِ ژور چھُ ٹیکسٹ فائل ہِندِ پٹھۍ وِزِ یِتھ تام یِتھ کھولنہ یِوان۔
6148,کورٹا ہیکہ اکھ ساد اکھ یا اکھ انگرکھہ ہندس طورس پٹھ کٹِتھ ۔
6149,انٹرنیٹ فلٹر چھ اکثر کینہہ لفظ استعمال کرنہ آمتہِ بند کرنہ ستۍ کم کران۔
6150,لومو مُودِ ناگہ 40 وُہُر اوکلینڈ، نیوزی لینڈَس منز کیننہِ ناکام گژھنہ ستہِ ۔
6151,اوڈیشہ کس مغربی حصس منز چھ زیاد تر لوٗکھ مہا سورسوری سندس ملک۔
6152,ہیمو: ہیمو چھُ ریگنسبرگس منز جنوبی جرمنی ہُک اکھ لکٹ قصبہ۔
6153,کارچ وزن چھِ کنٹرو ویٹ ستۍ متوازن۔
6154,سٹہ چہِ ولۍ ولۍ ہوا تہِ چھِ موجنی توانییی سطحس منز تہِ حصہ بنان۔
6155,17 مہِ صٔدی ہُند بازر چاندنی چوک چھِ دیلہِ منز جوا تہ زاری ساریس خطر ساروے کھتہ مقبول خریدری علاقو منز اکھ۔
6156,لوٗکھن کور جے ایس باچ سنز موسیقی گِنچ دلچسپی تہِ شروع۔
6157,1960 منز آو چنڈلر سکرین ایکٹرز گیلڈک صدر منتخب کرنہ۔
6158,کروا ناو اکھ زنانہ اوس پننہِ خاندارس ستۍ گژھنہ آمتہِ ۔
6159,ہندوستانس منز آبدی ہُند اضافہ چھُ دٔریاوُک اِنتھ رلکنگ ہُند ضروُرتُک باقی دٔریاو۔
6160,جشنس دوران چھِ عطیہ ہندِ رسمہ مبادل۔
6161,یہِ ماننہ اوس زِ برطانوی سلطنتس خطر سُہواد خطر اوس سوویت یونین پیٹھ۔
6162,پننہِ فتحَس منز آو جتاؤارمن سنڈارا اولس پانڈیا کین واریاہن مُلکن یِتھ کٔنۍ جتاؤارمن وِرا پانڈیا ہِندِ مدد۔
6163,ٹریڈ مِل چھ اکھ بٔڑ، بھاری چیز، لہذا تہہ ہیکہ نہ یہِ پننہِ کارس منز مطابقت کرِتھ۔
6164,پتہ چھ س اکہ ساحلس پیٹھ تمن 15 دوستی ہند فریمش فریممنٹ حصل کرنہ خطر پوچھان۔
6165,اَمہِ ستہِ چھُ برہماپال سندِس اَکھ پرتھ استاد سٹبیر (ویوِک اوبروی) ستہِ دوست یُس برہماپال سندِ
6166,دویمہ دہ میڈے کور سکرمیشیرن ہند اِستاد، مگر نہ کٔر حملہ۔
6167,یہِ چھُ ریل وے تہ ہائی وے ستۍ تہِ رلتھ یِم اکثر سیاح استعمال کران چھِ۔
6168,خریدار تہ خریدارن درمیان موازنہ کرنہ خطر پننہِ واریاہ وقت دِوان۔
6169,یہِ اوس 17 جولایی 2013 ہنگامہ ٹی وی پیٹھ پنن ٹیلی ویژن پریمیئر۔
6170,گوتھک لولیٹا، ییلہِ یہِ اصل طور انیمہِ ہندِ بنیاد چھِ نہ، چھِ یِتھہِ ستہِ مقبول گژھان۔
6171,بنگالہ، یتھ منز بنگالہ ہندوستنہ، بنگالہ مسلمان، بنگالہ عیسائین تہ کینہہہ بنگالہ بودھ سندۍ شمل چھ، چھ آبدی ہ
6172,کیرالہ منز لٹینی کیتھولک عیسایین ہنز اصل چھ 16 ہمہ صدی منز پرتگالہ پاڈروڈو ہند مشنری کوششن ہنز نتیج۔
6173,یہ چھ یہ معلومات پیکٹ ہند شکلس منز سپدان۔
6174,دنیاہس منز پانژھ لُکھ منز ز چھِ ایم سی وی۔
6175,اِنکوتی، پِلک تہ دیوتاہوُرا ہنز تعمیراتی جایہ منز چھ مجسمہ ترتیب دِنہ تہ مقمی مذہبن درمیان فنکارانہ مُقابلہ ہ
6176,"تامل ناڈو چھُ 5,952 کلومیٹر ستۍ کل ریلوے ٹریکچ لمبت تہ ریاستس منز چھُ 532 ریلوے سٹیشن۔"
6177,مہاراشٹرس منز چھِ مکر سنکرینتی دہس منز لوٗکھ مٗلٹی رنگین ہالو (سکرِ ہندِس سرپس منز پوشر چھِ شکر کرن
6178,نیشنل ہارریکین سینٹرس مطبق اوس یہ طوفان باربڈوس کِس مشرقس منز تقریباً 210 میل تہ مارٹِنیک کِس تقریباً 305 میل مشرقس منز تقریباً 305 میل۔
6179,یم چھ امریکہ، یورپ تہ ایشیاہس منز پٹھہِ پھیلاوان۔
6180,"پتہ کٔر بیونسین پننہِ نٔو بتھ ""فورمشن"" پیش تہ کور شو ختم کرنہ خطر سٹیجس پیٹھ کالڈ پلی تہ مارسسسس منز ش"
6181,نووربکشیا اسلام چُھ تمہِ پتہ نِمتہِ یِوان تہ تمہِ سندِس پیروکار چھِ صرف بالٹستان تہ لداخس منز لبنہ یِوان۔
6182,یہ چھ تہ چھ دریاو، جھیٖل تہ جنگلی پھولن ہند اکھ علاقہ۔
6183,ونسہِ منز کمی یا ونسہِ ہنز ضروُرت چھ اکثر ہایفیما ہنز گڈنِک علامت۔
6184,زیاد تر شملی ہندوستانس ستۍ چھُ دُدھوواس اکھ واریاہ مرطوب تھوٹروپائیکل یتھ منز آب و ہوا ہندِس موسمس منز چھِ۔
6185,ہندوستانس منز بے صلحیت ہندِ بحثس دوران نومبر 2015 ہس منز خان سندِ تبصرن منز اوس دہِ ولِس افقی گروپن ہندین کین
6186,صرف تہہِ جوان چھِووِہ وجہہ چُھ یہِ مطلب نہ زِ تہہِ ہیکو ویکسین کرنہ خطر کٔرِتھ۔ کیا تہہِ چھِو نہ
6187,انٹرنیٹ ایکسپلورر 10 آو 2012 ہس منز ونڈوز 8 ستۍ جری کرنہ ۔
6188,رے سندۍ بنوِو مشہوٗر کردارن منز چھِ فلُدا دی سلیٹس، پروفیسر شونکو سائنسٹ، تارنی خورو سندِ قصری، تہ للموہن
6189,اَمہِ ستہِ آو اکھ ریگولیشن اَکٹ تہِ موُنہ، یُس ریاست جموںو تہ کشمیر تہ لداخ دن اتحاد علاقن منز دوبار بناوُن۔
6190,پرونٹیارووی واٹر فائل چھ پٹھنمٹیٹا ضلعہ، سینٹر ٹراوانکور علاقہ، کیرالہ ریاست، ہندوستانس منز 36 کلومیٹر پیٹھ آب و ہوا فائل۔
6191,مہاراشٹر چھ ہندوستانس منز ساروے کھتہ صنعتی ریاستو منز اکھ۔
6192,یہِ ہُند غر غیر معمولی درستگی اوس اکھ بوڑ کمزور گژھان۔
6193,اکھ مطالعہ منز وچھ نہ خطر کس وجہس پٹھہ گرمی ہند وضاحت۔
6194,گارنے چھ شُمالس منز کمیونیاہس منز دِوان تہ چھُ امِچ شُمال سرحدک حصہ بناوان۔
6195,ہبرڈ زاو 1951 ہس منز انڈیا ایپولس ، انڈیا منز۔
6196,ونسہِ چھِ نہ اعداد و شمارہ وٹامن بی 12 سپلیمنشنس منز دل ولسکلر بیمارچ خطر کم کرنہ خطر مدد کران۔
6197,بولن ولۍ اَندِس رپورٹ کرنہ آمُت زِ زیاد تر زخم چھِ بڈومین تہ لگَن ہندِس تہ اکھ گژھہِ ہندِ
6198,1954 منز بنیو سُہ پننہِ ألمہ میٹر وسیڈ جٹسوگیو سندِ بیس بال کوچ۔
6199,مگر خاندر پتہ چھ اریان انی ستۍ پننہ جنسی عملہ پٹھۍ پٹھۍ پٹھۍ پٹھۍ پٹھۍ پٹھۍ پٹھۍ پٹھۍ پٹھۍ پٹھ
6200,لندن بمباری ہندِ مُفتوُظ رہنما محمد سیدیک خانن آو اکھ الگ ریکارڈنگس پیٹھ ظہر کرنہ تہ کٔر بمباری ہندِ وجہ بیان۔
6201,رائل ہوٹل چھ روبنسن سندِس مالیتس منز بییہ ہوٹل کہِ مقامس پیٹھ۔
6202,یہ چیمپین شپ گیم 1966 سیزن کس خرس منز گِنڈنُک شروٗعات۔
6203,1999 منز آو پیسیفک سن ایسیڈ چائے لانچ کرنہ ۔
6204,ہندوستان کِس قونوٗنی سازن کور امہِ اقداماتہ ستۍ سماجی تہ معیتی عدم مساوات ختم کرنُک امید تہ ہندوستان کِس پریشان کلاسن خطر موقعہ کم۔
6205,کوپر زاو 25 اکتوبر 1928 ٹافٹ، کیلیفورنیاہس منز۔
6206,یہ اوس دٹریا ہِووِ لوُکن یِم یہِ مٗمکِن بناونس منز مدد کورمُت۔
6207,چکن سوپ چھ یوان یوان یس سردی تہ انفلوئنزا ہند علاج چھ۔
6208,یہ گوو 27 اکتوبر 1995 پیٹھ 16 نومبر 1998 تام۔
6209,عدالت اوس سنزِ سنزِ توجہ ییلہِ اکھ سپریم کورٹ وکیل سنزِ ذِمہِ منز رونہ آمُت عومی منز بحث آو۔
6210,ہالی گُزریو 51 وُہُر لاس الیمیتوس، کیلیفورنیاہس منز دلچ بیمار ستہِ۔
6211,دریاوَس منز چھِ 25 کلومیٹر (16 میل) ہُند اکھ وادی فِلِ (ہلوویل کانکر ملِہ ستہِ بناونہ آمتہِ) تہ 198 فٹ (60
6212,یہِ چھِ فیجی منز ہندوستن تہ تِم فیجی ہندوستن تہِ منز تہِ منز یِوان یِم بییہِ کُنہِ جایہِ واپس مُجرِتھ
6213,"پروجیکٹ چھُ کندوا ضلعہ کس گڈنیاہ علاقن منز 60,000 ایکڑ فیٹ یا 74,000 میٹر پیننہ آبچ فراہمی تہِ یقینی بناوان۔"
6214,وِکی نِیوُن کور دعواس پیٹھ مزید گڑنہ تہِ تہِ تہِ تہِ تہِ تہِ تہِ ۔
6215,پی ایس سی سی ہُک طویل مدتی دورس پیٹھ اثر انداز کرنہ خطر چھٗنہ مُختلف علاج ہُند ثبوت۔
6216,کنہہِ کُنہِ چھِ گژھہِ پننہِ دہہِ منز مہارِ سندِس دہہِ ہُند دُنہ یِوان۔
6217,ایکسٹائن مُود 10 نومبر 2017 برلن منز 82 وُہُر۔
6218,1920-1923 ہس دوران، روکیفیلر فاؤنڈیشنچ بین الاقومی صحت بورڈن کور میکسیکوس منز اکھ سستہ تہ کامیاب یلو فیور ختم کرنچ مہم شروع۔
6219,اصلی سینٹ او ایس چھ دسمبر 2021 ہس منز زندگی ہند خری تام یوان۔
6220,ہفتہ برونہہ کٔر مرکزی فلپائنس منز ز ملکن جہازن منز الگ طوفان، ییمہ منز 50 کھتہ زیاد افراد ہندس کٔ
6221,مثالہ، نانا فادنویس سندِ فوجس منز سہِ 5000 عرب شمل۔
6222,2013 ہس منز کٔر گڈ باربرن گڈنِکِس موبل ورلڈ کانگریس منز شرکت۔
6223,خوش قسمتی سان، پولیس چھ تِمَن طالب علمن خطر سخت ردعمل ہُند پیغام یِم شہرس منز صلح خراب کران چھِ۔
6224,2009 ہس تام پٹھہ پٔلۍ چھ پرتھ ؤرۍ 300 ملین ہندِس تخمینہ دِنہ یِنہ یِنہ یِنہ یِنہ یِنہ
6225,تِم ہیکِو زِیاد علاقس منز تہِ ہیکہِ ہاس یا درد۔
6226,پیشاو اوس شیوجی ہند صحیح ملہ تہ مراٹھی ہند چہراپتی ہندِ مُغل تسلیم یقینی بناونس منز اَمہِ ہُند اَمہِ
6227,یہِ چھِ وینا مالک، راجین ورما، سوپرییا کُماری، اریا بابار، رِیا سین تہ راجپال یادوُک اداکری۔
6228,یہِ ہیکہ سیل کم کرنہ ستہِ مٗتداخلت کران۔
6229,بہ کنہ دوہ ستار ہوٹلن خطر مے زیاد پونسہ لاگ کرنہ خطر امہِ اپریٹرس ستہِ چھٗنہ دوبار چھٗنہ
6230,ابتدئی ریکارڈن منز چھ یہ پونکام، ٹایروپونکام، پونکال تہ یتھہ اصطلاحہ پٹھۍ وچھنہ یوان۔
6231,تہ تہ چھ یہِ مزید ز کمیونٹی ترقی ہندِ بلوک، مہام تہ لیکھن مہرا منز تقسیم کرنہ یوان۔
6232,ویور زاو 19 جنوری 1926 پٹسبرگ، پینسلفینسیاہس منز۔
6233,پرتگالیی کٔر مغربی افریقہ کِس ساحلس تہ اٹلانٹک اقیانوسسس کری خطر کارویل استعمال۔
6234,پتہ چُھ یہِ ستہِ ریتمک ستہِ ہُندِس ستہِ گمژ: سیریز ترتیبس منز چھِ ژور لن سٹیہِ، بینی،
6235,وٹامن بی 12 ہچ پیداوار ہنز جسم ہنز ہیکہِ ہیکہِ، تہ یہِ ہنزِ غذیی پٹھ حصل کرنہ یِنہ ی
6236,ییلہ مے چیک ان باپت کنٹیرس ستۍ نزدیک گژھان اوس معیشتنی سیٹہ بٔڑِتھ، لہذا مے اوس حیران ییلہ ایئر لاین سٹافس مے
6237,یِہ چُھ پرل پروگرامنگ زبانہ منز اکھ اگر بیان ہُند اکھ مثال۔
6238,سٹیپ پہاڑ کِس ستہِ چھِ ز چھِ زیاد خراب گژھان، ییمہِ ستہِ گولیہ تہ بٔرِنہِ ستہِ چھِ ۔
6239,یہِ منز چھ اکثر تفصیٖل چہرہ ہندِس مِیک اپ شمل یِم مکمل کرنہ خطر ترے ژور گھنٹہ تام لگان چھِ ۔
6240,یہ چھ گر پھل تہ بٔڑس بٔڈس تہ لکٹن ہندین جانورن ہندۍ پٹھۍ کھانان۔
6241,رلیکسن چھ کولاجن میٹابولزمس متثر کران، کولاجن سنٹیزیس منز حصِل کران تہ امیُک بڑِس منز اضافہ کران۔
6242,کانہہ چھُ زانہہ زِ وتہِ چھُ دنیاہس منز کتِیاہ لوُکھ ایسپیرٹو بولان۔
6243,تاہم، یہِ چھُ ونان زِ تٔمۍ سندِ مرد چھِ 10000 ہس تام بہادر۔
6244,تٔمۍ کٔر مرسیان طاقت جنوبی انگلینڈس واریاہ تیزی سان بحال۔
6245,یہِ ہیکہ نہ واریاہ نایاب غیر معمولی معاملن منز کرنہ یِنہ یِوان۔
6246,مے کٔر کارپینٹرس ستۍ واریاہ مایوس ییلہ مے وچھ ز مینس ماڈیولر کیش آرڈر خطر غلط پیمییات استعمال کرنہ آمتہِ۔
6247,پروٹون، نیٹروون تہ الیکٹران چھِ ذیلی اتمک ذٔریعہ۔
6248,یہِ چھُ سرکل لاین تہِ خدمت کران یُس 8 اکتوبر 2017 ہس منز کھولنہ آمُت۔
6249,"دویمہِ دہ چُھ رنگچ تہوار یا ""دھولتی""، یُس رنگچ آبہ دِنہ تہ رنگچ اِضفی استعمال کرنہ ستۍ مناونہ یوان چ"
6250,ہیدر علی، یس ظہر تنازعہ ختم کرنہ خطر تلاش کران، کٔر برطانوی ستۍ صلح ہندس تام زیاد کران مگر آو دوبار دِنہ۔
6251,مے چھِ یِم لوُکن ہندِ تعداد ستہِ یِم سرمایہ کری ہندِ دھوکہ دہی ہندِ ضروُرت چھِ یوان۔
6252,"1950 منز کٔر ماجہ تریشہن مشنری آف چارٹی، اکھ رومن کیتھولک مذہبی مجمعچ بنیاد یس 4,500 کھتہ زِیاد نِشہ تھاوان تہ 2012 ہس"
6253,اے اے اے اے / اے اے اے چھ یہِ اتھ وقتس منز کینہہ لوُکھ خطر مشور کران۔
6254,رِیوک، کنٹکی رِیوک چھُ امریکہ کینٹکی ہُک اکھ شہر۔
6255,کرنالی چھُ نیپال کِس باقی تمام صوبن ہِندِس طورس پیٹھ اکھ اکھ اکھ اکھ لیجیٖسٹرل لیجیٖسٹر۔
6256,فایچر چھِ اہم ڈراگ شروع کران، ییمہِ ستہِ شٹلیکس فاصلہ پیٹھ واریاہ کم گژھان چھِ۔
6257,دویمہِ دہ کوراکاو سندِ فٹ بال ٹیمن کور پننہ گڈنِک کاربائن کپ زینان ییمہِ دفاعی چیمپئن جمیکا 2-1 شکست دِ
6258,بینڈ چھ آوازدار ایڈی مونٹ گومری تہ ٹری جنٹری سندۍ بناونہ آمتہِ ۔
6259,2002 منز اوس کوکو ہسٹن راکٹز باسکٹ بال گیمہ منز ستار گلوکار۔
6260,بٔڑ کریڈٹ کارڈ ہندین ہندین ہندین ہندین ہندین ضروٗرتن منز دشونی ہنز رتہ ۔
6261,اوللوین چھ امریکہ کس آیوواہس منز اکھ شہر۔
6262,مولڈر سندِ رپورٹَن منز چھِ انسپیکٹر براین رینولڈز سندِ ہُند ثبوتَن پیٹھ لَگَن، یُس ذِکِر روبیری سکوا
6263,آئی سی سی چھ مُلکن خطر ٹیسٹ رینکنگ، او ڈی آیی رینکنگ تہ ٹی 20 رینکنگ سسٹم برقراران یِم کریکٹ ہنز یِم شکلہ گِند
6264,دیہ آو کینیہس منز اکھ سو ٹن کھتہ زِیاد گڈنہ ۔
6265,یہِ ستہِ سُہ دوبار دُژ۔ تمہِ سُند دُژ بڑو تہ بڑو۔ یہِ اوس تمہِ سُند ساروے کھوتہ بوڑ دُژ۔
6266,یہِ چھُ بلیو سکوئر پریمیئر لیگ کانفرنس نیشنل منز ساروے کھتہ بوڑ ایریانا۔
6267,ییلہ آبچ سطح کم چھے، کراکل چھِ چرچس منز گژھنہ خطر عادی۔
6268,2007 منز کور بُش گارڈینز وِلیامزبرگن 23 اگست 2006 گریفنک اعلان۔
6269,برینڈن مورروَن کور گڈنِک اوور ٹایمزہِ پیٹھ 4:39 پیٹھ پننہِ گیم زیننہ یِنہِ گول۔
6270,تٔمۍ کور پننہِ زیاد تر مرد واپس تہ ریم سنگھس پننہِ تہ پننہِ نیچِس محفوظ پٹھ بادشاہس سندِ گارنٹی واپس کرنُک
6271,یِتھ قسمک مقمی ایجنسی ہُند مثالہ ہیکن لیسنس انسپیکشن ایجنسی، کاروبر اجازت ایجنسی، یا کاروبرنہِ اِکپینسی ایجنسی شمل
6272,تِمَن وون زِ ستہِ ستہِ سکوُل س سفید ستہِ کھتہ واریاہ بدتر۔
6273,دوشوے چاو آیی تہ چاو آیی مرنہ تہ چاو سم بنیوو حکمران۔
6274,اگر تہہ خوف چھِو زِ تہہِ نہ پننہِ صرف ونڈو خریدری کرنس منز رکاوٹہ یِتھ ہیكہِ، تیلہِ تہہِ پنن
6275,س گٔیہ ہندی فلم انڈسٹری منز کینہہ ساروے کھتہ بوڑ ناو ستۍ حصِل کِردار ادا کران، زیاد تر اہم کردارن ہندِ ملِ
6276,تِکیازِ ترے مرد چھِ اکھ اچھی سماجی حالت، پُلیٖس چھِ یقینی طور کمزور تہ زنان چھِ زخم یِوان یِتھ پتہ تمہِ کس طریقس پیٹھ علاج کرنہ
6277,"مثالہ، ""ہاس / اپارٹمنٹ"" تحت، تہہ ہیکو ہائٹ گج یا کرایہ / رینٹ دستاویزات برقرار تھاوان۔"
6278,پچ بلیو جنگل منز بے بے آرام گژھنہ ستۍ کٔر مے مکمل طور اکی تہ کمزور محسوس، مے دل خوفس ستۍ ریسنگ۔
6279,اندر تہ آریانا پولو بال چھِ جلدس پٹھ پوٗر تہ بٔتھہ یِوان، تہ چھِ تقریباً 4+1⁄2 انچ یا 11 سینٹی میٹر، پیمانس منز۔
6280,ہندوستانُک قومی کورف بال ٹیم چُھ کورف بال فیڈریشن آف انڈیا (کی ایف آیی) ہُند انتظام کران، یُس کورف بال بین الاقومی مقابلن منز ہندوستانُک نمائندگی کران چھُ۔
6281,کھلڑِ کِس طورس پیٹھ گِیُن تٔمۍ البیون روورز، لینلی ٹاون تہ سیلٹک خطر۔
6282,کھیلُک مقصد چھُ مقابلہ کھتہ زیاد گول ستہِ۔
6283,سُہ چُھ کارلس آرمینڈو گرجوزو کِنونیز سُند نیچُو۔
6284,میسنس ڈی لا مٹوئلٹی چھ اکھ فرانسیسی کانونشن سینٹر۔
6285,اکھ طبی امتحانن منز پتہ ز تمہِ سندِس نظامس منز س نہ کانہہ غیر قانونی دوا۔
6286,بییہِ دٔلیٖلہِ پٹھۍ، لُڈ سوریاہن کور پننہِ نیچِ شانی دِنہ تہ تمہِ سندِ نیچِوِس کور س
6287,زیاد تر معاملاتن منز چھ یہ دواہن ہندس آلرجیک ردعمل ستۍ سبب بنان۔
6288,یہِ چھُ اکھ امریکی اِکککلاو یُس کینیڈاہس ستۍ جنوبی سرحدس پیٹھ واقع چھُ۔
6289,پتہ گوو سُہ تہ بیرم خانن سیکندر شاہس ستۍ رتہ خطر پنگاب واپس، یُس دوبار فعال گٔیہ۔
6290,اوپریتی گُزریو 24 مئی 2015 ہس منز 64 وُہُر گیانشوور، کیتھمنڈو منز۔
6291,تاہم، کینہہ خوفناک حملہ ہیکہ اکھ پینٹھہ پینٹھہِ منٹ تام مختصر گژھتھ۔
6292,پرتھ ٹیمس پیٹھ چھ ژور کھلڑۍ اکہ زونس منز تہ باقی ژور چھ بییہ زونس منز۔
6293,تمہِ سنزِ سندِس پرتھ ملہِ سندِس پمپکین کوچس منز رقص پارٹی منز سفر کرنس منز مدد کران۔
6294,یہِ چھ ٹرنر سنڈروم تشخیص کرنہ خطر انتخابک ٹیسٹ ۔
6295,یہ آو 1992 منز رائل اکیڈمی سٹار نمژنہ ستۍ رد کرنہ۔
6296,روایتی طور چھُ کنٹربینڈ ز زمرن منز درجہ بندی کرنہ یِوان، مطلق کنٹربینڈ تہ ضوٗرتی کنٹربینڈ۔
6297,2019 منز، تٔمۍ گوو تایلند تہ کٔرِم بِررام یونائیٹڈ تہ بنکاکا یونائیٹڈ خطر گِند۔
6298,یہ فلم چھ اکھ کوکیین انضمام کس متعلق یس پننہ زندگی صاف کران چھ۔
6299,نالانڈا یونیورسٹی آو گڈنِچ گُپتا سلطنتس تحت قیم کرنہ۔
6300,وِلسن سنز بیمار ونان اکھ وارثی حالت چُھ جسمس پٹھۍ پٹھۍ پٹھۍ پٹھۍ پٹھۍ پٹھۍ پٹھۍ پٹھۍ پٹھۍ پٹھ
6301,یہِ وُچھِوُن زِ اکھ مُستلِم بیمار صرف زیاد پونسہ خطر تسلیم کران چھِ ۔
6302,تہوارُک گڈنِک دہ چُھ بھوگی۔
6303,مے کٔر نہ مومبیی نزدیٖک پہاڑن منز اتھ خوبصورت پیٹھ چلنچ پتھ ژھانچ توقع۔
6304,اہم زراعت ہنز پٹھۍ چھِ ریس، یتھ منز وسیع پڈے میدانن منز کٔمینہ آمژ چھے۔
6305,رنیلا اوس وسطی دورس دوران اکھ اہم جین سینٹر یتھ منز تومارا خاندان تہ چہامان خاندان ہندس ملی پٹھۍ پٹھۍ پٹھۍ پٹھۍ پٹھۍ پ
6306,یِمَن منز بَرِتھ تہ بَرِتھ چھِ زیاد محدود یِنہ یِوان زِ آب پندِ خطر استعمال کرنہ یِوان چھِ ۔
6307,تاہم، امہ وجہ ستۍ ہیکہ تمن ستۍ سفر کرنہ خطر ٹکٹ ہیکہ سست۔
6308,یہ آو 2008 ہس منز نینٹینڈو ڈی ایس خطر جری کرنہ۔
6309,یہ چھ امہِ لکٹن، مربع ہیمبرگر سلاڈن خطر زاننہ یوان۔
6310,سنجو آو پوٗر دنیاہس منز 29 جون 2018 ریلیز کرنہ۔
6311,ناوبن کور مر جفارس ستۍ تسلیٖم تہ اوس تمہ پننہ فوجک اکھ کِس أکِس کِس کِس پیٹھ پوسٹ کرنہ آمُت۔
6312,مے چھس پریشان ز تہہ چھِو بٔڑِ تہ پیچید پروجیکٹ متعلق کنہہ زانان یم مے چھنہ۔
6313,یہِ البم زیوٗن کارڈی پننہِ گڈنِک گریمِی ایوارڈ بہترین راپ البم خطر۔
6314,صاف کرنسی شرحس منز تبدیلی خطر مٗمکن ذٔریعہ ہیکن مائیکرو گلیہس منز اپسنین سرگرمی ہنز کمی تہ خون ہنزِ بٔریٖرس منز زیاد
6315,اگر تہہ نہ وضاحتہ ورے کھتہ کھتہ کھتہ کھتہ کھتہ کھتہ کھتہ کھتہ کھتہ کھت
6316,2017 تام اوس یہ گوریزیہ صوبہ ہُک دارالحکومت۔
6317,گری ہوپرن کور 63 منٹَن منٹَن منز گیمُک تٔریٖم گول۔
6318,چیتوپاہس منز گڈنِک پوسٹ آفس آو اپریل 1867 منز بناونہ ۔
6319,فلمہِ ہُند اکھ سکیل، وِشوروپم II، آو 10 اگست 2018 ریلیز کرنہ۔
6320,انفیکشن ہندِ حسدگی ہُند اضافہ کرن والین عواملن منز چھِ نوجوان عمر شمل۔
6321,مے اوس بریکرس ستۍ پنن صبر کھوُن شروع کران۔ مے کور تٔمۍ واریاہ بار زِ مے چھِ بلسہ یِتھ جایہ یژھان۔ یہ چھُ
6322,کتاکالی چھ رویتی طور زیاد تر مرد اداکار رقصگارن ہندِ فوج، یم ہیرو، ہیروین، دیوتاہ، دیوتاہ، شیطان، شیطان، پرنسہ، جانورن تہ
6323,آرٹسٹینن پیسہ چھ آرٹسٹینن ہنز پونسہ ۔
6324,یہِ آیہ 1966 منز نیو یارک سٹی منز اے سی بھاکیٹیڈانٹا سوامی پرابھپڈا کہِ طرفہ قیم کرنہ۔
6325,س اوس 19 ہِمَس قانوننی انتخابس منز نوِ پروگراسیو پارٹی ہُند کانڈینٹ تہِ۔
6326,ماننہ چھ یوان ز کینہہ عمارتہ سہِ گارنری۔
6327,یہ ضلع چھ امریکہ ہس منز دویم ساروی کھتہ زیاد خراب ضلع۔
6328,پیشگوئی چھُ پیش گوئی کران زِ کلیر ڈمپیر تہ مرڈی درمیان پلبارا علاقس منز کتھ ۔
6329,سیسٹک زخم ہیکہ رینگ بہتر بناونہ تہ زخم بہتر بناونہ خطر توجہ مرکوز کرنہ ہیکہ۔
6330,نتیجس منز آیہ تمہِ سندِس گڈ پودر نیہِ تہ تمہِ سندِس نارچ شرح کم گژھان، ییلہِ زن کلیو سند
6331,"اودھس منز چھ کینہہ تخمینہ جنگس دوران 150,000 ہندوستنہِ ہندِ مرنہ آمتہِ رقم، یتھ منز 100,000 تِم شہری سہِ۔"
6332,حالانکہ امہ دورس دوران تٔمۍ سنز موسیقی ہند کارکردگی نسبتا کم اوس، تٔمۍ کور امہ پتہ پننہ کینہہ بہترین نمبر گیوان۔
6333,سُہ کٔر سابقہ گورنر پال لیکسلٹس ستۍ 600 کھتہ کم ووٹ۔
6334,مگر دیوتاہ، یِم اگڈسٹس سندِ خوف چھِ، چھِ مردن ہندِس اعضاءس منز كرِتھ ۔
6335,یہ چھُ شمِل اعصابی نظامس جسمس منز واریاہ تبدیلی کرنہ خطر ونان ۔
6336,"یہِ چھ اکھ ایتھیہ کشٹرا (""عجایتی مقدس جایہ"")۔"
6337,موواٹ پوُزھا ہُند گڈنِک پارلیمان، لوک سابھا قیمیتس پٹھۍ، اوس جارج تھامس کوٹکپالی۔
6338,بنگالس منز چھِ زنانن ہندِ 71% 15-49 ؤریہ ونسہِ تہ 15-49 ؤریہ ونسہِ مردن ہندِ 81% ادب کران۔
6339,بیوجنیسس ہنز تصدیق کرنہ خطر نظریہ ہُند تلاش چھ تحقیقک اکھ الگ شعبہ۔
6340,اکہِ بتہ پتہ، ییلہِ سندِس پٹھہِ چھِ امیُت غر غر غر غر غر غر غر غر غر غ
6341,شروف سندِ کردارِ ہُند اکھ ستہِ ہُند ستہِ ہُند ستہِ ہُند ستہِ ہُند ستہِ ہ
6342,مے اوس حیران ییلہ صحت مرکز کہ ڈاکٹرن مے راتہ وسطس منز زائر ییلہ مے اضفی حالت س۔
6343,یہ اوس گڈنڈ اینڈ سروس ٹیکس ہنز تصدیق تہ شمل کرنہ منز تاخیر ستۍ۔
6344,یہ پروگرام چھٗ پننہ تعلیمی مواد تہ پاپ موسیقی ہندِ اپیلہ خطر زاننہ یوان ۔
6345,نیشنل انسٹی ٹیوٹ آف ڈراگ استعمالس مطبق س 2010 ہس منز 7 ملین لُکھ غیر ادویات استعمال خطر تجویز دوا لگان۔
6346,نارکول نارو، تیل نارو، مووا تہ پلیش ہِوِوِوِوِوِوِوِوِوِوِوِوِوِوِوِوِوِوِوِوِوِو
6347,"بغاوت برونہہ اوس فوجس منز تقریباً 50,000 برطانوی ہندس مقابلس منز 300,000 کھوتہ زیاد سپاہ۔"
6348,فلیگرٹن فول: باسکٹ بالس منز چھ اکھ فلیگرٹن فول اکھ سنگین ذتی فول۔
6349,کیرالہ چھ ہندوستانس منز گڈنِک ریاستو منز اکھ ییمہ ٹرانسجنڈر کمیونٹی خطر صحتک پالیسی بناونہ خطر۔
6350,بٔڑِ لوٗکھ چھِ مٗنزِ ہُندِس عملس منز شمِل تہ خوشی ہُند جمع کران۔
6351,آسام کین ریاستن منز سیٹھاہ عام گژھنہ خطر چھ سیٹھاہ زمیٖن تہ سیٹھاہ سیٹھاہ سیٹھاہ سیٹھاہ عام گژھنہ یوان۔
6352,ییلہ میو مینس مقصدس تام؟ یہ اجلاس مینس مستقبلس منز فیصلہ کران۔
6353,معاف کرنہ، کینہہ خاص کارکار تہ کارکار ہندۍ ترکیب ہیکہ فائل ناو منز تکنیکی وجوُن وجہو پیٹھ استعمال کرنہ یِتھ ۔
6354,"انڈیا ڈوڈک فہیم روحانی دِیُت اتھ 2 سٹار، ییمہِ وون زِ ""سُمن چھِ تٔمۍ سُند نیچِس بتھ تہ رقص س"
6355,17 نومبر 2020 ہس منز کور فیفا کونسلن اعلان ز یہ واقعہ آو 2022 تام وقف کرنہ۔
6356,"دہی ہندی لفظہ چُھ لفظہ ""جوگورت ہندِ پٹ"" مطلب۔"
6357,تاہم، مٗلٹی پیک چھُ مصنوعاتس پیٹھ مختلف گژھان، مگر تمہِ سندۍ سٹائلنگ چھُ عالمی سطحس پیٹھ درج کرنہ آمتہِ آسان۔
6358,ملک ریاستن ہندس پریشانی ہندس حصہ آو ستمبر 2020 ہس منز شرکت کرنہ۔
6359,یہ سیزن چُھ پریتھ ؤرۍ اکتوبرس منز شروٗع کران تہ مارچس منز فائنلس ستۍ پھٹان۔
6360,روچک کوہلین کٔر اکھ بتہ مہمانہ کم کرنہ باپت بنان۔
6361,بنیاد چھ اکھ اکھ اِسلمی خیر خطر تنظیم یُس ریاستہائے متحدہ کین حکوٗمتن قانونی طور تسلیم کران چھ۔
6362,یہِ منز چھِ اکھ کشتی تہ کشتیہ بناونہ آمتہِ فرق علاقہ تہ سمندری ثقافتس پیٹھ مختلف۔
6363,2006 ہس تام س ریاستس منز 5851 بنیدی سکول، 1759 وسطی سکول، تہ 655 ہائی سیکنڈری سکول۔
6364,واریاہ مطالعہ چھُ ہاونہ آمُت زِ عام طور شُرِن ہندِ ویکسین چھِ ایس آیی ڈی ایسچ بچاونس منز مدد کران۔
6365,جنرل ایسیمبلیو کور صدر ز ؤری ہند مدت خطر منتخب۔
6366,الزامچ شِٹَس منز چھِ غلط فصلہ ستۍ مجرمانہ جرائم تہِ ذکر تہِ یِم منز NICL پیٹھ 147.41 کروڑ پٹھ غلط خسار تہ ذ
6367,تٔمۍ سنزِ واریاہ دستاویزات چُھ وشنو سنز سلامہ ستۍ شروع گژھان، تہ وشنو سنزِ اکھ انكارنا ورہا ہُند
6368,یہ چھ اتھ علاقس منز کریکٹیرن ہند اکھ پلیٹ فارم تہ بین ریاستی میچن منز گِنڈنہ خطر فراہم کران۔
6369,کیبنی ڈیم چھ میسور کس ضلعس منز کپیلا دریاو پیٹھ بناونہ آمژ۔
6370,مے ٹیم کین ارکانن ہندس پیٹھ کتھ ہنز آواز دِژمژ، خاص طور ییلہ یہ نہ تمہِ ہنز غلطی تھاوان۔
6371,یَکشگان شاعری ہُند مجموعہ یُس اکھ موسیقی ڈراما بناوان چھُ چھُ اکھ پرسانگاہ ونان۔
6372,ہایس کٔر اپریل 2010 ہس منز جیک ٹویڈس ستۍ رٹان شروع۔
6373,2007 منز زیوُن تٔمۍ لیون آرونیانس شکست دِتھ دٔسہِ دٔسہِ گڈنِک لیزنگ ریپڈ چیمپین شپ۔
6374,پتہ گِیُن تٔمۍ مونٹریل کینیڈینَن خطر نیشنل ہاکی لیگَس منز 5 گیم۔
6375,گودھ کِس شہرس منز کٔر گودھ سلطنت، پال سلطنت تہ سینا سلطنت ہُند دارالحکومت کم۔
6376,ڈی ایس ایم-IV دورس منز اوس غلط استعمال أکس ابتدئی شکل یا کم خطرناک شکلہ پٹھۍ یتھ منز وابستگی ہند معیار چھ مُختِف۔
6377,اکھ مثال چھُ کورین خطر ٹچ سایٹ کیمرے۔
6378,اکہِ فرِہِ ہُند زندگی منز چھِ یہِ مُلکِہ تہ دوستن سندِس خاندانس تہ دوستن ہُند طرفہ یِوان، یتھ من
6379,سُہ گڈنِچ اَراد خطر، مگر پتہ آو برطانوی ستۍ اتحاد۔
6380,مُتعصب گژھنہ آمتہِ جانورن ہُند کھتہ چھ ترن حصن منز تقسیم کرنہ یوان۔
6381,نومنور سندس گر پتہ اوس نہ ایڈونیکس اکثر استعمال کرنہ یوان۔
6382,"""مخصوص ردعمل شمل"" ٹپ تہ یِتھ ردعمل جمع کرنہ خطر تِہندِ الگ ""سافٹ"" بٹن ٹپ کرِوِتھ یِتھ ردعمل جمع کرنہ"
6383,س چُھ برطانوی تہ برطانوی اداکارہ کیرا تھوبولڈ چُھ کھیلس منز تمہِ آواز دِوان۔
6384,اشوین چھ پننہِ گھر نیران، تہ دویمہِ دہ چھِ نوجوان مجرمن ہندِ اکھ گنگہ ستہِ مقابلہ کران، ییمہِ سُہ تِہن
6385,یہِ چھُ برطانیہ کِس کُنہِ موٹرواے پیٹھ سارِوے کھتہ زیاد پوائنٹَن منز اکھ۔
6386,یِمَن منز ترے چھِ رِیا اے ہَن ذٔریعہ سوندِ البمَن ہُند فہرست کرنہ آمُت۔
6387,ہایہ چھ اکثر انفیکشن پتہ یا ایلیجک ردعملک نتیجس منز یتھ کٔنۍ دوا، حشرہ بٹ، یا کھینن ہندِ نتیجس منز گژھان۔
6388,ریل ٹرانسپورٹ اوس ریاستس منز 2008–09 تام غر موجود ییلہ ریل وے ریل ٹریک پٹھ اگرتالہ تام بڑنہ آو۔
6389,چارلس ہایم چھ پننِس حکومت ہُند خری 181 مئی یس تام دہ۔
6390,ہویی اڈ چُھ ونیزیوٗلین ہندِ آزادی ہندِ رہنما اینٹو جوس ڈی ساکر سندِ ناو۔
6391,چیپس استعمال کرن والین ادگی کارڈ چھ 1990 کس شروٗعاتس پیٹھ استعمال کرنہ آمتہِ ۔
6392,ییلہ شہزادی ییلہ أمہِ وچھِتھ، تٔمۍ کور کھمننوُس سوال زِ یہِ چیز اوس۔
6393,پنچامی پٹھ وسانٹ اٹسوا (فیوُفیوُفیوُفیوُفیوُفیوُفیوُفیوُفیوُفُیوُفُیوُفُیوُفُیوُفُیوُفُیو
6394,سٹوڈیو ترے چھ واریاہ لکٹہ، تہ یہ چھ سولوسٹ تہ ڈیووس خطر مُمکن۔
6395,کارناٹک پیٹھ ہیدر علی سند غیابس دوران، برطانویو کور واریاہ جایہ بحال یم ہیدر علی اوس قبضہ کرنہ آمت تہ صرف کمزور گارنزنو،
6396,ٹرکِ ہُند بٔڑِس پیٹھ رٹِتھ کٔرِتھ، کینہہ رپورٹن منز وون زِ گارڈن کٔر ٹرکِ پیٹھ شُٹ شُٹ شُ
6397,سوٗل موسیقار سٹیوی وینڈر، اداکار ٹام سلیوان، تہ جاز گلوکار دیان شوٗر چھِ کینہہ مشہوٗر لوٗکھ یِم بیمار چھِ۔
6398,اکہ دہ کور مے اکھ طالب علم پننہِ ناوس پننہِ ہندِس ستۍ صاف کران تہ پتہ جواب شیٹس پیٹھ یہِ ہندِ ۔
6399,ماحولیتی ماہرین چھِ دِلہِ حکومتس تہِ دِلہِ ہندِ آلودگی ہُند بچاو کرنہ خطر کفی کم کرنہ تہ آبدی معیارچ مسلہ
6400,تاہم، تٔمۍ کٔر تٔمۍ اتھ وقتس منز برطانوی کونسل خطر تہ کم۔
6401,یہِ اوس 1946 تہ 1951 ہس درمیان ہیدرآباد ریاستچ ٹیلنگنگا علاقن منز شروع، کمونیسٹ پارٹی آف انڈیا (سی پی آیی) ہند قیادت کٔرِتھ۔
6402,1950 کس دہلس منز کٔر مراٹھی لوٗکھن سمیوکا مہاراشٹر سمیتی ہندِ باندھس تحت دولِس مٗلک مٗمبیی ریاستس خلاف سخت احتجاج۔
6403,اتھ دورس دوران آو بادشاہن ہُند سلطنت واریاہن بادشاہن منز تقسیم کرنہ، یِمَن منز اکھ باقیِ پیٹھ پرمیٹی لگان چھِ۔
6404,مُلکِہ پٔٹھۍ چھِ ہتھیار زنانہ ٹیمَن منز شمل تہ پریتھ ہفتہ لیگ گیمَن خطر باقی ٹیمَن ستۍ چھِ ملاقات۔
6405,رادھیکا منن آف پاسٹن کٔر اتھ پانژن بہترین بالی ووڈ فلمن منز اکھ درج۔
6406,یہِ چھُ تُہۍ کمپیوٹر استعمال کرنس واریاہ آسان بناوان ییلہِ یہِ باقے ہیکہ۔
6407,مُلکُک ڈِپٹیٹ آف زراعت چھُ وونہ آمُت زِ 30 فیصد تام کٔرِتھ ریس تہ کرنہ ہکہِ زراعت ہندِ خراب گژھت
6408,یہ گپھ چھ قدیم سدھرشان دریاو کہِ ستہِ تہ شمالیی اُپارکوٹ قلعہ نِش کنہہہ لکٹہِ ستہِ ۔
6409,تہہِ چھُ اکھ آٹومٹڈ پیغام یِتھ منز اکھ انتخابہ یِتھ تہہِ ہیکو پننہِ کیپڈ استعمال کرنہ یا بولنہ ستہِ یا
6410,سِٹسن کور 1960 کس دہلس شروٗعاتس منز ریسنگ کاروبار باقے کاروبرنی کاروبارچ پیروی کرنہ خطر تروِتھ ۔
6411,سِہِ سِہِ مُلک، گولڈن مندر (ہارمنڈر سَہِب)، چھِ امریٹسار شہرَس منز، یَتھ منز چھِ سِہِ سِہِ کھتہ
6412,اکہِ بٔڑِس مارکیٹَس منز، اکہِ اکہِ اکہِ اکہِ اکہِ اکہِ اکہِ اکہِ اکہِ اکہِ اکہِ اکہِ اکہِ اکہِ اکہِ ا
6413,"یہِ آو 1952 منز قیم کرنہ، تہ اتھ منز 19,202 ہُک آبدی چھ۔"
6414,پتہ گوو گولڈن کورل امریکہس منز تقریبا 500 جایہ تام بڑمژ۔
6415,اگر ربطہ چھ واریاہ اچھی یِہ، یہ ہیکہ کارکردگی منز کمی کٔرتھ۔
6416,1950 منز کور ایف آئی ڈی این ٹائٹل ہند اکھ نظام قیم، ییمہ ستہِ 27 کھلڑین پیٹھ گرینڈ ماسٹر تہ بین الاقومی ماسٹر ہند ٹائٹل
6417,تفریحی پننہِ انحصاری معاہد منسوخ کرنہ خطر، زیاد تر صحتک مسلہ وجہ ستۍ۔
6418,اہم چیزو منز اکھ یم اجندی مُلکن منز برونہہہ آو، اوس پٹم کپڑا۔
6419,ملِس پٹھ چھِ ملِس ہاکی، شطرنج، ٹینس تہ بڈمینٹن خطر مختلف گھریلو سطحچ لیگ منعقد کرنہ یوان۔
6420,پرتھ کھلڑِس منز س گیمہِ ہُند آغازس منز 25 منٹ، پرتھ حرکتہ پتہ اکھ مُضافہ دن سیکنڈ۔
6421,یہ چھ ڈی ایس ایل یا کم انڈ کیبل موڈیم رفتارس ستۍ موازنہ یوان۔
6422,چنڈیلاو کور پتہ اکھ تِشِشِشِشِشِشِشِشِشِشِشِشِشِشِشِشِشِشِشِشِشِشِشِشِش
6423,اکھ ڈبلر پلیٹ آو سکرٹچس پیٹھ یم ٹیلسٹریک وجہ ستۍ تھاوان۔
6424,تِم چھ اکثر واریاہن گاڑن ہندِ معمولی بناونہ یِنہ یوان ۔
6425,یہِ پہلو چھُ عام طور پلوُن تہ پلوُن ہُند واریاہ کم سچ۔
6426,شیوانا گوو سریینگری سریینواسس۔ “مے چھس پٹھۍ نہ تہہِ ونان کرنہ خش۔ مگر ونہِ چھس مے 108 ریپ بینا ہنز ضرورت
6427,تاہم، یہ فلم چھ مُلکَس منز واریاہ مسلہ مُلکَس منز سرگرمی ہُند طریقہ ستہِ ۔
6428,مداخلتہ خطر چھنہ یِنہ یِنہ یِنہ یِنہ یِنہ یِنہ یِنہ یِنہ یِنہ یِنہ
6429,اگر تہہ باقی چیز یم تہہ یژھان چھ، یا مستقبلس منز ضرورت ہوس، تیلہِ، پتہ خریدری ہندِ سفرچ دویمہِ فہرست شروع۔
6430,ہتھیار سۍ پریتھ قصبس منز پننہ رہائش گاہک شعبہ۔
6431,فلمہِ ہُند قصہ تہ سکرین پلے چھِ شیکٹیمین تالوارن سندِ طرفہ لکھنہ آمژ، تہ اِکشن سیکشن چھِ ٹینو ورنا تہ
6432,"تمہِ سنز گڈنِکٹِک البم چھِ 350,000 کھتہ زیاد کاپیہ کٔرِتھ ۔"
6433,تٔمۍ سنز سونچ میڈل چھ گوڈنچ سونچ میڈل یُس 2008 کھیلن منز زیننہ آمُت چھُ۔
6434,یہِ دُبار چھُ ڈی رِجسٹرس، گارڈین، بی بی سی، ایس اے ٹیڈ، روایٹرز، ای بی سی، سینس فرانسس کِرونکل، تہ باقی نیوز آؤٹلٹک مقمی ایجنسی
6435,تاہم، تعمیراتی کامن ہند شکلس منز چھ کینہہ ترقی کرنہ آمژ یم دریاو ہندین حصن مستحکم کران چھ، یتھ منز بٔڑِس تعمیرک ضرورت چھ
6436,امہ باوجود، تٔمۍ کٔر سُہ ٹاپ سطح ٹورنامنٹَن منز حوصلہ برقرار تہ 2005 ہس منز مقابلہ ورانہ شطرنج پیٹھ پننہِ بازری تام روُ
6437,دویمہ ہفتہ ہندِ مجموعہ ₹230 ملین (3 ملین امریکی ڈالر)۔
6438,جنگلی مل چھ چائے تہ کافے کنسہِ پٹھۍ استعمال کرنہ یوان۔
6439,جلدہ پیٹھہ ہندِ ہندِ ہکہِ ہندِ ہندِ تہِ سفید گژھِتھ ۔
6440,سُہ چُھ سویڈن اداکار سٹیلن سکرس گارڈن ہُند نیچُن ۔
6441,مریل سٹریپس چھ 21 اسکار نامزدگی ہندین فنکارن ہندۍ طور پر ساروے کھتہ زیاد نامزدگی۔
6442,تہِ ہیکہ کارٹریجس منز ستہِ ستہِ ہیکہِ ہیکہِ ہیکہِ ہیکہِ ۔
6443,جاپن فورڈ شِنجی اوکازاکیَن کور اتھ میچَس منز اکھ گول، ییمہِ ستہِ عالمی کپَس منز جاپانُک جایہ یقینی کورمُت
6444,پننہِ کیریئرس منز شروٗعاتس منز اوس ماگویئر دی گارڈین خطر چیٖف ریوٹر۔
6445,یہِ چھُ لندنس منز شائع گژھنہ آمُت اکھ صبحچ روزانہ اخبار۔
6446,جنگل کِس عمقس پیٹھہ اکھ دور، ہُند وُچھہ وُچھہ چھُ تُہندِس سندس سندس پیٹھ اکھ ژل سوزان۔
6447,اکہِ یِتھہِ واقعہَس منز چھُ حکومت ہندِس گڈنَس پیٹھ حملہ کرنُک اکھ منصوبہ ییتہِ برطانوی تہ فودل ملکر
6448,"31 دسمبر 2018 تام سہِ 10,040 لُکھ اتھ منز روزان۔"
6449,جانورن چھ کھولنہ تہ چلنہ خطر علاقہ ترجیٖح دِوان ییلہِ یہِ چلان چھ، یِم جنگلی گھوڑن ہندِ برعکس یِم گڈن
6450,اگر تہہ کنٹینرچ بحال کرنچ منصوبہ چھِو، یہ چھنہ زیاد اہم۔
6451,تِمَن چھِ یِتھ مقدارچ طاقت، مگر تِم چھِ خونچ کولیسٹرل سطح کم کران۔
6452,"2010 چہ مردم شمری منز سہِ 57,424 لُکھ روزان ۔"
6453,کوڈ اکھ کوڈ چھُ معلومات کنہہ بییہ تبدیل کرنُک اکھ طریقہ۔
6454,کوپ ڈی فرانس کوپ ڈی فرانس چھ اکھ فرانسیسی فٹ بال مُقابلہ۔
6455,کمپیوٹر استعمال کرن والین ہند تعداد ہیکہ واریاہ زیاد گژھتھ ۔
6456,غیر متوقع طور، انٹرنیٹ تہ فیدییات چھ تجری کرایہس منز شمل یم مے ژھاننچ ز ہفتن منز لبنہ آمت۔
6457,کھلڑِ چھِ تِہِہِ سٹِک تہ بال استعمال کران، تہ گولٹینڈر تہِ چھِ گِندِ کرنہ یِوان۔
6458,یِم نبِل سہِ تاجول مولک کوچی، مِلیک ابوجی اکھور بیک، مِلیک امیر علی دیوانا، مِلیک اوسمن امیر-کھور، مِلیک امیر خان، مِلیک عمر سورکھ تہ
6459,قارئین سندِس FAQ تہ امہِ متعلقہ صفحہس منز چھِ ویکیپیڈیا متعلق ساروے کھتہ عام طور ژھاننہ آمتہِ معلومات شمل۔
6460,یہِ فِلم آیہ 31 اگست 2012 ریلیز کرنہ ۔
6461,چارلس ڈی فیر بینکسن دِیوٗت شِرمنس دفترچ نایب صدرِ ہُند نِش ۔
6462,ارمن گرگوریانن کٔر روسی راک موسیقی ہند ترقیس منز مدد۔
6463,تاہم، واریاہ شہر سۍ پدری یا تجارتی مرکزن بجایہ فوجی تہ سیسی مرکز۔
6464,وقتس ستۍ، لوٗکھن کور کاربن فیبر بناونہ آمتہِ کشتی استعمال کرنس شروٗع۔
6465,یہِ وچھِتھ زِ نوو نسلچ واریاہ کم لُکھ زانہِ امہِ واقعہ متعلق، کمارَن کور اتھ پیٹھ مبنی اکھ فلم بناونُک فیصلہ۔
6466,شوہر چھ پولو سٹار ہند اشار تہ وڈا منٹرا ستۍ چھ گھرچ طاقت تہ مستحکمیت خطر دعا کران۔
6467,برگرلری ہیکہ کُنہِ تہِ وقتہ یا کُنہِ جایہِ پیٹھ گژھتھ ۔
6468,احتجاجس منز کینہہ طالب علمن کور پنن موٹر سائیکلس تحت تیل پھٹان ستۍ سخت پولیس افسر میج جانسنس ستۍ ماران، ییمہ ستۍ س گژھان
6469,ساروے کھتہ زیاد مؤثر علاج چھُ فردس پیٹھ فردس تام مختلف۔
6470,روزسیہ-روزسیہ چھ اکھ مزمن چہرچ حالت یس اکین تہ سرچ خصوصیات چھ۔
6471,کینہہ طرفدارن ہند طرفہ ہند زبان ہنز استعمال چھ واریاہ پریشان کن۔
6472,بہ چھس اعداد و شمارن ہند تجدید کرنہ تہ یہ وچھناونس منز خوش ز ہم کس طریقس پیٹھ بہتر بناوِتھ۔
6473,شیکاکی چھ پننہِ پٹھہِ کنگومم (کمکم) لاگو کران، پننہِ ہندِس ہندِس رنگس منز، تہ تِمَن منز وین پون
6474,پاپن کور فیصلہ ز تمہِ خاندرچ قبل تہ اوس زِ دوہِ بِسکوپن پننہِ اِکِس اِجرامیشن منز رٹنہ۔
6475,اکھ گرم موج گوو 29 اگست افریقہ کِس ساحلس منز گژھان۔
6476,یہِ جالسکو پیٹھ گژھنہ پتہ گوو یہِ تہ قیِم کرنہ روُد تہ پننہِ برقرار تھاونہ ۔
6477,ونسہِ، مقابلہ ورِیتی سطح تہ جنسس پیٹھ مبنی چھِ مختلف واقعاتن ہندِ واریاہ موجود بین الاقومی بینڈی مُقابلہ۔
6478,تمہِ سندِس ملِس شیواجی سندِ کرناٹک مہمہِ ہِندِس تِہِہِہِ تہِ پٹھہِ، سمبھجیَن کٔ
6479,مے کٔر ریل وے بیکنگ کلرک سندِ مددچ حصِل تعریف ییلہِ تٔمۍ ریل ٹکٹ بیکنگ عملہ ستۍ صلح سان مے
6480,"اکھ علاقیی حکوٗمت کنسہِ افسر پرتھویرایج چوانن سندِ مطبق سہِ دھماکہ ""تریییَن ہندِ طرفہ"
6481,خصوصیاتن منز چھ ملیسم، دوبار تہ سیچینن ہند استعمال شمل۔
6482,تٔمہِ ؤرِہِ تٔمۍ اوس بیگالی فلمہِ ، کیبیتا منز تہِ ظہر گژھان، تامل فلمہِ ایوال اورو تھودر کتی ہندِ اکھ ریم
6483,کوسٹ گارڈ اے کوسٹ گارڈ چھ اکھ ادار یس سمندرس منز لوکن ہند حفاظت کران چھ۔
6484,اگرا نزدیٖک اکھ حوصلہ لڑایہ منز، بابر کِس ٹرمورڈ فوجن کور سنگا ہِک راجپوت فوج شکست۔
6485,یہِ لنہ چھِ سیووک ریل واے سٹیشن پیٹھ ریل واے سٹیشن پیٹھ سیووک رینگپو ریل واے لنہِ ۔
6486,"بتھ ""بِنڈا"" آو جیٹ سنگھ کوریوگرافی کرنہ۔"
6487,ز غر ولۍ سۍ روکموکا تہ روکماکل ناو یم بٹارا انڈرا تہ بٹارا بیو ہندس ذٔریعہ تھاوان یم بٹارا گُرو سن
6488,توہہ ہیکو اکھ کیشیئر ہاوان یتھ کٔنۍ تہہ آسنہ آمتہِ چیزہ خطر کوپن یس سٹاکس منز چھ۔
6489,بھجا گپھ چھُ 22 سڑک كٹ گپھِ ہُند اکھ گروپ یُس دویمہ صدی قبل مسیحس تام چھُ یُس پوٗن، ہندوستان کِس شہرس منز واقع چھُ۔
6490,عدالت چُھ چیف ججِس سندِ قیادت کران۔
6491,اگر آر اے چُھ كفی، تی ہیلپر سیلِٹِپ تھ1 ہُند ذیلی قسم دِنہ یِوان تہ تھ2، تھ17 تہ تھٹرگ (قدِی خطر) ذیلی
6492,گریڈی چھُ مانان زِ شوٹر چھُ نہ زِیاد فوری علاقس منز۔
6493,کیبل بند کرن چھ اکھ چیز، مگر انٹرنیٹ بند کرن ہیکہ ناممکن، خاص طور اگر تہہ کم یا سکول خطر کم یا کامہ خطر گھرس منز کام مکمل کرنک ضرورت چھ
6494,راجپُٹَن کور مُغلَن مالوا، سندھ تہ گجراتچ گورنر بننہ خطر قبل۔
6495,واریاہ قابل ذکر این سی پارٹی رہنماو کٔر پنن سیٹ کٔرِتھ، ییمہِ لوک سابھا منز صرف 154 سیٹ زینان۔
6496,تہِ اکھ عام شخص ہیکہ ڈی ای اے پیٹھ تبدیلی خطر درخواست دِتھ۔
6497,مے ہیکہ نہ پننہِ چھنہ مے ییلہ احمد آباد ہوییییی اڈ کِس روے ستہِ آبہ ستہِ ستہِ س
6498,یہ چھ مرکز پیٹھہ پیرس کِس جنوبی مُقابلہ منز تہِ۔
6499,بتہ ستۍ آمدنی گٔیہِ بنڈا ایشیہ منز یِمَن ہندوستنہِ 2004 ہِندِ اقیانوُنی سونامی ستۍ متثر سہِ ۔
6500,مگر انسان ترقی ہندن علاقن ہند بچاو کرنُک خیال اوس ؤرۍ برونہہ پیش کرنہ آمُت۔
6501,میٹنگ چھ متعارف وقتس منز منعقد گژھان، یتھہ پٹھۍ ترین ریتن منز اکہ دہ۔
6502,زیاد تر کمپیوٹرن منز چھ میموری بائٹس منز تقسیم کرنہ یوان۔
6503,اگر یہ کھیل اکھ اضافی وقتہ پتہ ولہِ ڈراونہ یوان چھے، ییلہِ ییلہِ ہاکی ہِوتہِ ہِوتہِ پینلٹی شوٹوٹ چ
6504,"تھاکور چھُ تِمَن زِ بیبارَس 20,000 ₹ اضافی پاداشہ خطر زند تس تس تسلیم کرنُک ونان ۔"
6505,ایڈو دورس منز، انڈسٹری میس پروڈکشن ہند طریقہ شروع۔
6506,"یہِ کورِوو سٹِک اوس اکھ ""بندی"" تہِ ونان ۔"
6507,حالیہ ؤرین منز گوو یہ سیریز ختم گژھنہ آمتہِ ۔
6508,دویمہِ، تٔمۍ کور کنفیڈریسی خطر یورپی حمایت۔
6509,سُہ، یُس اردنَس منز آڈَمَس آزاد کران چھُ، چھُ پننہِ سندِس چہِس پیٹھ دُبار رُونہ یوان۔ چرچُک مہار
6510,یہ چھ امریکی روٹ 59 تہ امریکی روٹ 160 ہندس جلس منز۔
6511,"اکھ مختصر تامل بھرمِی ہُند اِستِفییات، یتھ منز چرا لفظ ""کادمِی پوڈھا چرا"" چھِ مغربی گَتَن منز اِڈکال"
6512,یہ چھ بحث کرنہ یوان ز سینٹارچی چُھ کرسمس کس تجارتی طورس خلاف احتجاج یا نہ۔
6513,یہ آو 27 ستمبر 1967 فرانکفرٹ، جرمنی منز قیم کرنہ۔
6514,بین الاقومی مینیٹری فنڈ آو 29 دسمبر 1945 منز قیم کرنہ۔
6515,"بتھ ""دھاکہ"" اوس ریپر رافٹار سند گند تہ ترن دہن منز 12 ملین وچھنہ یِنہ یِنہ یِنہ یِن"
6516,نیٹا آو پاس کرن تہ پکڑن ہنز مہارت تیار کرنہ خطر بناونہ ۔
6517,فلمہِ ہندِ انتقبیو سندِ منفی جیز ستہِ مِلوِتھ ۔
6518,یہ چھ جنوبی مدھیہ پردیش کِس مشرقی ستپورا رینجس منز بڑان، تہ یہ چھ مغربس منز بہان، ییمہِ مہاراشٹر کِس مراٹھوڈا، ویدربھہ علاقس
6519,یِم چھِ ببی سٹرس خطر اکھ اہم چیز یِم پننہِ روزانہ عملہ منز سیکھنہ خطر چھِ ۔
6520,2008 منز آو سپینس منز اکھ بچہ پننہِ بہنچ تالاسیمیا ہند علاج کرنہ خطر انتخابی طور پٹھۍ پٹھۍ پٹھۍ بناونہ۔
6521,ییلہِ سکوُلَس منز استعمال کرنہ یِوان چھِ یِم کتاب باگ یا سکوُل بیگ ونان چھِ ۔
6522,یہِ نہ تِہِ تِہِہ گژھنہ یِتھہِ تِہندِنہِ ہندِس پٹھ زخم پٹھ دِنہ ۔
6523,اگر توہہ سٹور مینجمنٹس ستۍ شکایت کران چھِو، مے چھِ پننہ کام کھوُن یِتھ کٔرِتھ تہہہِ نہ خوشگوار کمِ
6524,پیشکشن منز چھ 2 اکھ تہ 7 بامبو ویسل شمل یتھ منز ریس پیسٹ ستۍ پوٗر چلاونہ آمتہِ ۔
6525,پنن پوکر کیریئر برونہ کٔر میہن واریاہن ؤرین تام وکیل کم ۔
6526,بنگالہ کن سٹیٖز، خریدار، سہِ سراج کِس حکوٗمتس تحت پننہِ ثروت خطر ہمیشہ خوف، ییمہِ ستہِ ستہ
6527,فوری پیغام، یا آئی ایم ییلہ یہ عام طور مشہوٗر چھ، چُھ زیاد مقبول مواصلات ہُند سروس بنان، زیاد تر مواصلات ہُند رفتار ستۍ یُس تقریباً باقاعدہ
6528,سُہ بنیو ہریجن سیوک سنگھ ہُند بنیدی صدر یُس مہاتما گاندھیَن 1932 منز دِلہِ منز قیم کورمُت۔
6529,فلمہِ ہُند دُعا چھُ کُورسھی سندِس خاندانس تہ تمہِ سندِ جانورن ہُند گُرنہِ پٹھ گژھان۔
6530,"ریاستس منز ساروے کھتہ زیاد کھتہ زندِ نقطہ چھُ کورپوت ضلعہ منز 1,672 میٹرس پیٹھ ڈیومالی۔"
6531,تٔمۍ کور 14 گول تہ اوس ٹیمس منز ساروے کھتہ کامیاب سکورر۔
6532,سٹورَس منز کم کرنہ خطر چھِو سٹورچ عملہ تہ پونسہ یِتھ تہہِ یِتھہِ تہہِ رکانہ
6533,کینہہ بیمارن ہندِس علاو چھِ بیمار ستۍ بییہ خاندنی رکن تہِ ۔
6534,موواٹوپوزا ہُک گڈنِک بلاک پنچایٹ صدر اوس 1995 منگوزا ہس منز اراکوُزا بلاک پنچایٹ ڈویجن پیٹھ شیسن پی منگوزا۔
6535,مے چھس مے یوان ز یہ چھ نہ اکثر ز بہ چھس ز تہہ چھٗنہ پننہ درجہ حرارت کھوم کران۔
6536,معیار كر الیکٹرانک دستخط ہیکو ہند دستخط ہند معیار ڈِجیل ہندِس طورس پٹھ غور کٔرتھ۔
6537,کاللوکی چھ مفت ییمہِ مطلب چھُ زِ یہِ چھُ استعمال کرنہ خطر کانہہ پونسہ خرچ کران۔
6538,یہِ فِلم اوس 2018 ہِس ساروے کھتہ زیاد زیاد بولی وُڈ فِلمَو منز اکھ۔
6539,شیواجی سندِ فوجی فوجن کٔر مراٹھا کِس نِشِشِشِشِشِشِشِشِشِشِشِشِشِشِشِشِشِشِشِشِ
6540,یہ کرنہ خطر شیواجی سند خاص حصہ برونہہ، پرٹاپراونن کور بیہول خان رلیز، ییمہِ نوو حملہ خطر تیری
6541,نوکری ڈی اے: نوکری ڈی اے چھ یوکیوٹک سیلن ہند سیلک نوکریس منز ڈی اے۔
6542,اٹلانیاہ زیوٗن پنن گڈنِک گولڈ میڈل غر غر سلاومس منز ییلہِ آرون پیروزس سکینگ مُقابلہ کِس دن رنن من
6543,وونن 2020 ٹوکیو اولمپکسس منز ہندوستان خطر سِلور میڈل۔
6544,کنٹریکٹنگ ہُند اشار چھُ اکھ کیمیکل یُس تُہندِ جسم چھِ بناوان یُس ایسٹی کلولین ونان چھُ ۔
6545,پتہ کور تٔمۍ پرتھ منز فائنل ٹیسٹ منز مرو ہیوز، بروس رِڈ تہ کرایگ میک ڈرمٹٹ شمل پٹیشن حملہس خلاف 114 گول۔
6546,مے کٔر پننہ دہ غر مٗقابلہ منز ییلہ أکِس جادوٗر ٹی وی پروگرامس منز پننہِ لائیوٹ کٔر۔
6547,14 نومبر کور تٔمۍ لوہگادس منز قبوُل کرنہ۔
6548,کالم آو 2002 ہس منز حکومت کرن ول بھرتیا جنتا پارٹی تہ اتہِ مخالفت کرنہ آمتہِ ہندوستنہِ قومی کانگریس ہنز حمایت ستۍ ہندوستانُک 11 ہ
6549,4 اکتوبر کور أمۍ اتھ مُقابلہ منز ویتنامس خلاف شروٗعات۔
6550,زخم پتہ گڈنِکن پانژ ؤرۍ منز چھِ خودکشی ہند خطر بدتر۔
6551,تٔمۍ بنوِ عظیم تہ رنگین ہندِس لکٹِس رفتارس منز خیلُک ستہِ قبلہ کلاسیکی شکل۔
6552,مے چھ کوریر سروسک معیار ستۍ مے حصِل۔ ڈلیوری ہندِس شخصس اوس ملی تہ پیشہ ورانہ۔
6553,ناپل ہیکہ زخم، تپھ، یا خونریزی ہیکان۔
6554,1995 پی سی اے سائیکلس منز زیوٗن آننند اولیگ رومانسین تہ ماکل ایڈمسسسسس ستۍ ہنز مُقابلہ ہنز مُقابلہ، پتہ
6555,یہِ وُچھِو زِ باقی چیز چُھ تہ یہِ پیش کران۔
6556,1748 منز، کُمارُدِن خان، حیدرآباد کِس طویل مدتی نِزمِس عیساف جھا اول مُود۔
6557,گریے مٗتھ 78 وُہُر منہاتن منز دلچ حملہ ستہِ ۔
6558,"2010 چہ مردم شمری منز سہ آبدی 1,631 پیٹھ 2,658 کھتہ زیاد۔"
6559,بڑن حصن منز چھ نوجوان زخمین ہند زیاد تعداد ٹریفک ایچیکشن تہ کھیل زخمین ہندس تعلق یوان۔
6560,گروپَس منز ساروے کھتہ پرتھ مقبوُل جزیر چھِ امینی، کلبنی اینڈروٹ، کووارٹی تہ اگٹی۔
6561,تمہِ سنزِ ملۍ سۍ پی کِس واسودیوُن پِلی تہ سی پیڈماوتی امہ ۔
6562,حالانکہ، لوئیسیانا پولیس ڈِپٹیشن، میسوری سٹیٹ ہائی وے پٹرویل، ایف بی آی، تہ سینٹ لوئس کاؤنٹی پولیس ڈِپٹیشن چھِ سری تحقیقس منز ش
6563,جارج زاو ویلمس منز، یس نارتھمبر لینڈس منز چھ۔
6564,شربسبرگ، آیووا: شربسبرگ چھ امریکہ کس آیووا ہس منز اکھ شہر۔
6565,یہِ کٔر نہ ٹکٹ کینزِ فروختس منز واریاہ زیاد پونسہ خطر۔
6566,چھِ اتھ دفاعی تہِ سندِ كھِووِو تہ مے چھِو یہِ سندِوِوِوِوِوِوِوِوِوِوِوِوِوِوِ
6567,تِم گِیُن 20 اگستس منز امریکہ XI ہس خلاف میچ، تقریباً تِم ٹیم یِم تِم لاس اینجلسس منز مقابلہ کرنہ اوس۔
6568,دویمہِ عالمی جنگس دوران کٔر تٔمۍ سی بی ایس خطر نیوز رپورٹر کم۔
6569,بارابار گپھَن کٔرِو ہندوستان کِس زیاد قبلس منز راک كٹ آرکیٹیکچر ہُند روایتس پیٹھ واریاہ اثر۔
6570,زندِ ہُند قتل چھُنہ ترکیس منز اکھ نایاب واقعہ۔
6571,"ہونی سنگھس ستۍ سنی لیونس ستۍ دویمہِ بتھ ""چار بٹال وودکا"" تہِ اوس 5 دہن منز 5 ملین کھتہ زِیاد و"
6572,فری سٹوڈیو فری سٹوڈیو چھ ڈی وی وی ویڈیو سافٹٹ کہ ذریعہ بناونہ آمتہِ میڈمی میڈمی پروگرامن ہنز اکھ مفت سیٹ۔
6573,1970 پٹھ 1987 تام ساروے کھتہ زیاد ادگی ہندوستنۍ اداکار اوس راجش کھنہ۔
6574,اینسٹایسیہس ستۍ متعلق خطر چھ واریاہ، لہذا چھ اینسٹایسیولوجسٹس ستۍ مطابقت تہ جری ہندس پیش عملہ خطر مریضس بہتر بناونس س
6575,اننی ایوارڈ چھ اننی ایوارڈ اننی ایوارڈ انیمیشن منز اکھ کم تسلیم کرنہ خطر دِنہ یوان کرنہ یوان۔
6576,پتہ کور سُہ دوبار، تہ تٔمۍ چھِ پننہِ دویمہِ خاندار سارا ستہِ اکھ کور۔
6577,گیٹا فوگٹَن کور 2012 ہَس منز لندن اولمپکسَس منز حصہ، ییلہِ زن بابیتَن کور گلاسگوَس منز 2014 کِس کمونویلٹس گیمَن من
6578,پننہ گڈنِچ مواصلاتس منز قبل عملچ خطر نہ۔
6579,یہ ہیکہ واریاہ مُختِلِف معاوضہ، خاص طور کارپوریٹ ملین منز، مگر ییتہِ چھِ ہم اکھ مُشترکہ منز فید زیننہ
6580,منگلوور منگلوور منگلوور منگلوور منگلوور منگلوور منگلوور منگلوور منگلوور منگلوور منگلوور منگلوور منگلوور منگلوور منگلوور ریتو
6581,اکھ دویمہ حملہ اوس ویرجینڈر چولا ہند قیادت، ییمۍ 11 ہمہ صدی کس خرس منز سریویجیا ہس منز مالزیہس منز کیڈس شکست دِی
6582,تُہۍ جنگری ہندِ تریخ تہِ چُھ غور کرنہ یوان۔
6583,بِلَن ہُند فاین چھِ یِتھہِ تِم اکھ سرکر بناوان ۔
6584,یہ چھ علاجچ منصوبہ ستۍ شروع کرنہ خطر گڈنِک گام تہ۔
6585,بی بی سی نیوز آن لائن ہند مطبق س کم از کم شے مُترِم ۔
6586,اتھ علاقس منز چھ بیتھمنگالہ منز ز ذخیر تہ راماساگرس منز کارناٹکس منز ساروے کھوتہ بوڑ۔
6587,علاقہ منز سۍ کلوادوس، منچ تہ اورنی ہندِ ڈِپٹیشن۔
6588,کُنہِ کُنہِ کُنہِ کُنہِ کُنہِ سٹورَس منز یِہِ تہہِ کٔرِووِوِوِوِوِوِوِو
6589,اخلاقیات چھ وضاحت کرنچ کوٗشِش کران ز کینہہ عمل چُھ اَکھ تہ باقی عمل چُھ خراب۔
6590,زنانن منز ایسپیرین ہنز ممکنہ تحفظتی اثرات ہنز تحقیق کرنہ خطر چھ مزید مطالعہ ضٔروٗرت۔
6591,ییلہِ ک-1 مقبولیتس منز بڑو، گلوو کیریٹ اوس اکہ وقتہ جاپانس منز ساروے کھتہ تیزی سان بڑان ولۍ آمتہِ کھیل بنو۔
6592,نتیجس منز کور تٔمۍ گایکوواڈس ستۍ تسلیٖف تلاش کرنُک فیصلہ۔
6593,پہاڑن ہندِس لکِس طرفس چھ کم روُد رُونہ یوان۔
6594,تِم ہیکِو شکل، پیمانس، سجاوٹ، رفتار تہِ موجودگی منز مختلف گژھِتھ۔
6595,تاہم، یہ چھنہ واضح ز سُہ چُھ اکھ حقیقی شخص۔
6596,یہِ کٔر دسمبر 2006 ہس منز پنن ناو اپٹیوٹ تبدیل۔
6597,اوڈیشہ ہند موسیقی ہنز روایتس منز چھ قدیم ریشہ تہِ۔
6598,مینۍ جلد چُھ ٹھنہ یوان ییلہ مے سنیلس ستۍ رٹانچ توقع چھِ۔
6599,پوجا چھ ہیندۍ مذہبس منز پوٗر کھتہ عام پوٗر۔
6600,شکاگو ہُند بڈس منز چھ شہر کِس ساؤتھ ساڈس پیٹھ واشنگٹن پارکہِ منز اکھ اولمپک سٹیڈیم بناونہ تہ میشیگن دریاو کِس شُر
6601,اِکا تالم چھُ تالمَن ہُند گروپُک حوالہ دِوان یُس صرف 1 لگوُہُو چھُ۔
6602,1982 پیٹھ 1997 تام زینن ٹیم کوریا سیریز 9 بار۔
6603,1994 منز کٔر کیکوفونی سوسائٹی سن فرانسسکس منز دنیاہک واریاہ گڈنِک سٹا کن سٹی۔
6604,بچننن کور فلمہ شروع کرنہ برونہہ ژور ریتھ بھادوری ستۍ خاندر۔
6605,"میکانکسن کور کار مشیٖعاتن ہند تشخیص کرنہ خطر ماہرین ہنز دعوی مگر مے "" تشخیصی ٹیسٹ"" خطر ہندِس ہندِس تہ ہندِس لٹہ"
6606,"رومیو تہ جولیٹ ""سنزِ محبت ہنزِ قصہ ہنز ملہ"" وضاحت کرنہ باپت بھانسالی یژھان اتھ ستہِ اکھ الگ قصہ بنا"
6607,"تٔمۍ وون زِ یہِ فِلمہِ ہندِ ""امریکہ سندِ ثقافتی غرور"" ہُند پیشکش۔"
6608,امہ وجہ ستۍ چھ تِم باقیہ کرکوڈیل کھتہ بڑان۔
6609,سُہ گُزریو 19 اپریل 2020 ریو لینڈا، کیلیفورنیاہس منز۔
6610,کینہہ لوٗکھ چھُ یہِ مانان زِ یہِ اوس اکھ داوطلب انتخاب تہ تمو کور یہِ 28 ستمبر تام تبدیل کرنُک تجویز، یُس ماننہ یوان چھُ کنفوسیوس
6611,اگرچہ رکیٹسیاہس منز تہنز خاص کم چھٗنہ یوان، حالانکہ کینہہ مطالعہن کور رکیٹسیاہس ستۍ انفیکشن کرنہ آمتہِ
6612,تٔمۍ گِیُن 1948 تہ 1955 ہَس درمیان سنڈر لینڈَس خطر، ییمہِ ستہِ شن لیگَن ہُند ظہر کٔرِتھ ۔
6613,زلڈ، سٹار، پلٹینم، اِریڈیوم تہ پالادیوم ہِندِ دھاتہ چھِ مثال۔
6614,یِمَن دہن منز کٔر تٔمۍ دوبار بین الاقومی زبانَس پیٹھ کم۔
6615,"تعمیرُک ابتدئی قیمت س 2,17,725 روُس (23 فٹہ خطر)۔"
6616,بینڈ گٔیہ ریلیز کرنہ پتہ البم ہند حمایت کرنہ خطر دور کران۔
6617,وادی ہُند جنوبی وسیع پیمانس چھِ زیاد تر جایہ پیٹھہ وسیع۔
6618,قریبی قصب فتیہ پوُرس منز اوس اکھ مٗبھ مقمی برطانوی آبدی ہُند حملہ تہ قتل کرُن۔
6619,یہِ آو 2011 ہس منز صدر باراک اوباما سندِ طرفہ رکاوٹ کرنہ یا رکاوٹ کرنہ۔
6620,ایف ای سی چھ اکھ مشہوٗر الگوریتم ستۍ منتقل کرنہ آمتہِ معلوماتس منز ریڈیننسی شمل کران۔
6621,شطرنج چھ اکھ بورڈ گیم یس ز کھلڑین درمیان گِندنہ آمژ چھ۔
6622,نیلی آو 2005 ہس منز ہاکی ہال آف فیمس منز شمل کرنہ۔
6623,سٹیشنس نزدیٖک لاینن پیٹھ چھ واریاہ تبدیلی گژھان۔
6624,"بنگال کس خلیج پیٹھ تقریباً 1,450 کلومیٹر (900 میل) اتھ مُقابلہ ستہِ پتہ چھِ یہِ دریاو براہما پُتر (""براہما سندِ نیچِھ"") پ"
6625,علاقک پہاڑن ہند جوان دور چھُ لیبل راک شکلن منز نتیج یوان، یِم چھِ گژھن ہندِس امکانس منز آسان۔
6626,1999 منز، برڈن باگ ولہِ او'بنانن ہُند معاملس منز، اکھ انڈیا ریاستی ملازمن کور گورنرس ریاستی ملازمینن گڈ فید دہہِ ہُ
6627,پانجاب یونیورسٹی ہندِ فارمِی منز چاندی گڑھَس منز چھِ منموہن سنگھ، ہندوستانُک سابقہ وزیر اعظم، تہ بیو کیمیاہ ہنزِ لیورٹ نوبل ڈاکٹر
6628,ٹینارلو: ٹینارلو چھ نیدرلینڈز کس صوبہ ڈرینٹی ہس منز اکھ بلدیہ۔
6629,مے چھ افسوس ز یہ فلم اوس نہ مین توقعاتس پیٹھ روزان۔ مے اوس یہ لطف اندوز کرنُک امید۔
6630,1674 منز بنیو پونڈیچرری (پونڈیچرری) بلدیہ فرانسیسی کولونل سلطنتک فرانسیسیسی کالونی۔
6631,اگر تہہِ ہوم سٹیڈ یا باقی معافاتن ستۍ پوٗر چھٗنہ یِنہ یِنہ یِنہ یِنہ یِنہ یِنہ یِن
6632,پروٹوکول پروٹینن منز چھ مختلف رد عمل پروٹین شمل یتھ کٔنۍ آر این اے پیٹھ وابستہ آر این اے پولیمریز (ر ڈی آر پی)، آر این اے ہلیکاس، تہ ایکسوربونوکل
6633,یہ علاقہ آو ددرا تہ ناگر ہویل تہ دمن تہ دیو سندۍ سابقہ علاقن ہند اِجرا کرنہ ستۍ بناونہ۔
6634,1002 منز پننہِ مرنہ پتہ کور بولیسلاون سلطنتنی پالیسی شروع۔
6635,کینہہہ مُلکن منز مسلمان کمیونٹی یِم تریخی فارسی اثر چھِ، یِتھ کٔنۍ زِیاد زِیاد زِیاد زِیاد زِ
6636,امیُک ڈراینیج بیسن چھُ 40 کلومیٹر یا 25 میل ہُند حداکثر طویل۔
6637,یہ چھ پروٹین ڈسٹروفین خطر جینس منز تبدیلی ستۍ وجہ ستۍ۔
6638,سُہ آو 1971 ہس منز بدلہ دداساہب فالک ایوارڈ دِنہ ۔
6639,امہ علاو چھ جسمس پٹھ واریاہ باقی اینابولک اثرات۔
6640,نہ صرف یہِ ستہِ تہہ پونسہ فراہم کرِتھ یتھ تہہ بچت کرنہ خطر کرِتھ، یہِ ستہِ تہِ معیتی تباہی دوران نوکری
6641,پُلگ کینسر چھ پریتھ ؤرۍ 1.8 ملین لُکھ ماران، یُس کانہہ باقے کینسر کھتہ زیاد چھ۔
6642,تِمَو کور 2007 ہَس منز خاندر تہ س اوس تہِ پننِس این ٹی ڈِیَن منز جشنو راگھوانُک جونیئر۔
6643,جالندھارا، اکھ شیطان یس پرورد شیو سندس غرور ستۍ زامُت، کور أمِس ستۍ خاندر۔
6644,یہ سیریز گوو پانژ سیزن پٹھ گٔیہ، یس 18 جنوری 2013 ہس منز ختم گژھان۔
6645,آوازِ ہندِس ریکٹلَس منز ہیکِہ کانسٹرڈ ٹیمَس منز اکھ یا زِیاد آوازِ ہندِس کردار ادا کرنہ باپتھ ۔
6646,امیُک فورڈ سیڈن آو ملبورن منز پننہِ غر گژھنہ پتہ دہہ سی سی ٹی وی فڈیوچ ذریعہ یوان، حالانکہ حکوٗمتن مانان ز
6647,گڈنِچ دورچ وحد گول اوس رینجرزچ کارل رچونک، ییمہِ سندِ سیزنچ 6 ہس 19:14 پیٹھ۔
6648,"اگر تہہ نہ زانہہ، زیاد تر جایہ چھ تہہ ""مے چھ نہ امینہِ ڈپریشن زانہہ"" انتخاب دِوان، یا توہہِ ہیکو بدلہ کانسی"
6649,پلیٹ ڈے، رامسار سند عالمی وٹ لینڈز ڈے ہُند حصہ، چھ پرتھ فروری آی آر ڈی این یِنہ یِہ خراب ماحولس توجہ دِنہ خ
6650,کیا تہہ چھُ یہِ ونان زِ باقے چھِ أرتھو ڈاکٹر کھتہ بہتر؟
6651,وزن بڑنہ کرنہ ستۍ چھ مے واریاہ یقین کران تہ چھ مے رضامندی ہند احساس دِوان۔ مے چھ یہ کرنس محبت کران۔
6652,باربڈوس اوس نہ کُنہ زِ وِنٹر اولمپک گیمن منز۔
6653,اتھ منز چھ تقریباً 704 نفر ہندِ آبدی تہ 6 کلومیٹر کِس علاقس منز۔
6654,بوسفرینگر آیہ شُمال مشرقی ویکٹوریاہس اطراف کینہہ کینہہ جایہَن منز وچھِتھ ۔
6655,دپھ چیک ییلہ بازر کِس جایہ کھولنہ تہ بند گژھان چھ، ییلہِ کینہہ دکان صرف ہفتہ پٹھ کھولنہ یوان چھ۔
6656,آب و ہوا چھ ٹراپیکل موڈ، ٹراپیکل موڈ تہ خشک تہ نصف گرم درمیان مختلف۔
6657,س چلی ہک صدر گبریل بورک سندِ ساتھی۔
6658,یہ فلم چھ اکھ جوان سفید ریپر یس اندرونی شہر ڈیٹرائٹس منز روزان چھ۔
6659,ییلہ سُہ ریتہ پتہ پننہِ دہ کھولان چھِ، سُہ چھِ کرشنہ یُس چھُ وُچھان، یُس یہِ چھُ زِ سُہ چھُ خدا، تہ
6660,شیو سمارک ونان اکھ عظیم یادگار بناونک اکھ تجویز آیہ 2016 منز عرب سمندرس منز اکھ لکٹ جزیرس منز مومبیی نزدیٖک واقع گژھنہ خطر منظور
6661,آر آر ایف چیلنج چھُ فارمولہ 2000 اوپن وول موٹر سپورٹس فارمولہ بنیسہِ سیریز یُس میڈراس موٹر سپورٹس کلبَن آر ایف ستہِ وابستہ منز
6662,ترقی پذیر ٹیکنالوجی ترقی پذیر ٹیکنالوجی چھ ٹیکنالوجی یس ہیکہ یہِ ہیکو زِ ٹیکنالوجی چُھ ونسہِ تہِ تبدیل گژھان۔
6663,اگر تہہِ یِنہ خطر ادیگی کرنہ یِوان (گرمی، بجلی، آب)، توہہِ ہیکوِو گیس/گرمی تہ بجلی خطر حکومت ہُند
6664,خوش کرن کورواو پتہ وچھ ز پانڈواس اوس ونہِ زِ ونہِ زِ ییلہِ تمہِ دیوی ڈرپدی خطر مُقابلہ منز حصہ تھاوِ
6665,یِم اکثر آسٹونوموُک انسٹوٹ چھِ ہندوستانس منز ساروے کھتہ زیاد درج کرنہ آمتہِ تہ اتھ منز چھ واریاہ مُقابلہ انٹرو
6666,اپریل منز گوو جنگچ ٹگ، تہ یتھہ ستۍ بنیو دنیاہس منز نمبر اکھ۔
6667,یہ خیال زِ مے کینہہ غیر متوقع مسلہ وجہ ستۍ مینۍ شُرِ خطر اکاؤنٹ نِنہ یِنہ چھُ مے پریشان کران، ییمہِ امید
6668,نٹیہ حصہ، یا رقص ڈراما، چھٗ اگلی سیٹھاہس منز۔
6669,یہ چھ پبلک سیکٹرچ ملازمینن ریاستہ پیٹھہ تحفہ طور ایسٹر بونس موصول کرنہ خطر عادی۔
6670,گوو، سوچی، روسس منز 2014 ہندِ وِنٹر پارالمپکس منز سڑج ہاکی کھیلچ دویمہِ کھیلَس منز، سُنڈینَس 10-1 ستہِ س
6671,پتہ کور تٔمۍ کولکتہ کِس یونیورسٹی آف کالکٹا ہندِس وابستہ زیر گریڈڈڈ زنانن ہندِس کالج جوگامی دیوی کالجس منز بیکسٹر
6672,مرنہ آمتہِ منز چھِ ابراہیم بیلجن، یُس فلیسیٹی پارٹی ہندِ اکھ ترکی سیاست دان چھُ۔
6673,سُہ چُھ جرمن بیڈس لیگس منز مینز 05 ہُک مینیجر۔
6674,انندس کور 1996 ہس منز آرونا ستۍ خاندر تہ چھٗ اکھ نیچِھ، یُس روتی پٹروٹیمک طریقہ پٹھ انند اکھ ہیل ناو
6675,قدیم مصری ہُند مذہب اوس پننہِ تہذیبس پٹھۍ پٹھۍ پٹھۍ پٹھۍ پٹھۍ پٹھۍ پٹھۍ پٹھۍ پٹھۍ پٹھۍ پٹھ
6676,یہ لکٹہ قصبہ چھ ہوم ہائی وے پیٹھ تہِ یُس سیدنی تہ ملبورنس ستۍ ربط چھُ ۔
6677,زیکا وائرس یوان کرنہ آمتہِ زندِ زنانہ ہیکہ یہ وائرس پننہِ جنین منز پھیلاوان۔
6678,صوبچ لوٗکھ چُھ ہسپانوی تہ امبابورین کویوچوا زبان بولان۔
6679,گڈن ہند بیمار ہیکہ کلینیکی طور اکھ یا زیاد خصوصی علامتہ ستۍ وچھِتھ ۔
6680,پننہ علاقہ ہندِ بازرس زاننہ تہ مختلف مُقبی علاقن منز کرایہ ہنز موازنہ۔
6681,یہ چھ جنوبی افریقہ، یورپ، شملی امریکہ تہ برازیلس منز کنہ یوان۔
6682,مندر آیہ اکھ شیخارا ستۍ مونوولیتھک سٹہ پٹھ بناونہ تہ مندر ہندۍ متنن ہندۍ تعمیراتی پیٹھ مشور کرنہ آمتہ
6683,یہِ منز اوس اصلینہِ کرایڈن، ڈینڈیننگ، فرینٹری گوللی تہ رینگ وڈ سندِ مُقابلہ شمل۔
6684,عرب سمندر ہند شاخ چھ شُمال مشرقی ہمالایہ ہَند طرفہ حرکت کران۔
6685,"31 دسمبر 2021 تام س بلدیہ 6,439 آبدی۔"
6686,حدگا، یس ز ہندِس بٔڑس پٹھہِ طے کرنہ آمتہِ بٔڑس پٹھہِ طے کرنہ آمتہِ، آو خاص ترجیح دِنہ
6687,یہ واقعہ کٔر دنیاہس منز ہویی اڈن ہندِس امنس منز تیزی سان تبدیلی، تہ امریکی انٹیلیجنشن سروسس منز تہِ۔
6688,اکھ ستہِ، جولی ایل بی 2 آو فروری 2017 ہس منز ریلیز کرنہ، یتھ منز شُکلہ پننہ کردار دوبار دِژمژ۔
6689,سِکھن ہندِ ساروے کھتہ اہم تریٖخی مرکز منز اکھ بنوِتھ چھُ یہِ پرتھ پُرِ انند پور سَہِب ونان ۔
6690,یہِ فتح آیہ مودراکشاساہس منز تخلیق کرنہ، ییتہِ چاندرگپتا چُھ گڈنِک پُنگھ پُنگاب حصل کرنہ آم
6691,عرب سمندری ہندِس ہندِس ہندِس ہندِس ہندِس ہندِس طرف چھِ شُمالس پٹھ حرکت کران تہ یہِ چھُ مغربی گَتَن ہندِس وِند
6692,امیت ٹریوڈی دِیوُت موسیقی سکور تہ گپٹنن کور لٹہِ تہِ ۔
6693,تِمَن ہِندِ واریاہ دٔریاو تہ تِہندِ واریاہ تِمنہِ ہِندِس تِمدِس ملِس تہ قصبَس من
6694,گوواہتی ہائی کورٹک سرکویٹ بینچ چھ 1974 پیٹھ شیلونگس منز کم کران۔
6695,"مگر اگر توہہ 2% اے ایم ادا کران، توہہ ہیکو صرف 703,999 ڈالر ستۍ ختم گژھان۔"
6696,کم، زیادہ تر تہ قریبی ونڈوز بٹن چھ ونڈوز ویسٹا پیٹھ مبنی۔
6697,13 نومبر 2013 ہس منز آو یہِ اعلان زِ منارا ہندِ کرانویئر شرمس ستۍ فلمہِ منز پننہِ آغاز۔
6698,گنگن گوو مئی 1815 ہس منز نوِ نورفولک واپس، مزید گھریلو دُستہ خطر۔
6699,رازدنی تہ بٔڑِ قصبہ (کلاشھر، دھرمینگر) تہ کینچن پور، بیلونیا تہ گاندھی شریرا ہِندِ زیاد دور علاقن منز چھِ مسافر ہِ
6700,امہ ستۍ بنو فدرال حکومتس خطر کنہہ کنہہ کرنہ خطر واریاہ مشکل۔
6701,اکھ چیز یُس توجہ چھُ یوان چھُ یہِ زِ مُقابلہ کس طورس پیٹھ کم کران چھُ ۔
6702,یہِ پارک آو 1986 منز جنگلی جانورن ہندِ سنکشنری قرار دِنہ تہ آو 1992 منز اکھ ہندوستنۍ قومی پارک بناونہ۔
6703,ٹیگور سندِ قصہ ناسنیرہِ پیٹھ مبنی، یہِ فِلمہِ چھُ 19ہِمِس صدیہِ منز بنگالس منز اکھ اکھ اکھ لکُن خان
6704,تاہم، یہ چھ شیوِت کمیونٹی ہس منز امہِ مذہبی سرن ہند طرفہ کانہہ تہِ زِیاد ہُند دِوان چولا شہزاد ستہِ دِن
6705,کینہہ ایران کُردِ شُرِ چھِ نووِل لکھنہ یِمُکِہ اہم چھِ کردِ ادب خطر۔
6706,مے چھ خوفچ احساس محسوس کران ییلہ مے بند کمرن منز چھ۔
6707,ٹبیکس منز نِکوٹین ہیکہ لوکن ہندِ اعتیاد کرِتھ ۔
6708,1992 پٹھ سۍ تمہِ سندِ سندِ ہدایت کارنی منز ستہِ بکس آفس ناکام۔
6709,ییلہِ قومی اعزاز چھِ، پدمہ اعزازَن منز چھِ نہ ریل/آئر سفرَس منز کیش اجازت، فید یا خاص اجازت شمل۔
6710,ہندِس ہندِس دوییی سپلیمن ہنز فراہم کرن چُھ کمزورگی کم کرنہ خطر اہم استراتجی باقی۔
6711,یہِ ہیکہِ پٹہ برونہہ رلیز گژھان ییلہ تمو پتہ زِ یہِ چھُ زمینس پیٹھ دوبار رلان۔
6712,کتابن منز چھ کھیلن خطر پرتھ شہرچ منصوبہ شمل ییلہِ تِم چھ اہم ہاوسٹنگ پہلو یتھ کٔنہِ جایہ، بجٹ، ملی گارنٹی،
6713,اگرچہ سیاحت ستۍ آمدنی کم چھے، کوچ بیہار چھ مغربی بنگالس منز اہم سیاحتی جاے منز اکھ۔
6714,ٹوریوڈن کٔر پننہِ نِش شکاگو کِس مُقابلہِ منز یتھ دریاو فاریسٹ گری ونان چھِ ۔
6715,یہ اوس 2007 ورجینیا ٹیک مارس تام سکوُل ساروے کھتہ زملی شوٹنگ۔
6716,برونا مُود 16 فروری 2017 ہس منز 89 وُہُر اُتھریٹچس منز۔
6717,زیاد تر چارجر ہیکہ دیوار پلوگ، ایس بی پورٹ تہ کار چارج کرن ولِس پورٹَس منز استعمال کٔرتھ۔
6718,کینیڈین تہ مقمی امریکی چھ 90 فیصد کھلڑین ہندس کھتہ زیاد کھتہ زیاد کھتہ کھتہ کھتہ کھتہ زیاد کھت
6719,عام طور، یہ تقریب چھ بالغیتس برونہہ ادا کرنہ یوان۔
6720,اتھ منز چھ سکیپے ہندِ ذریعہ کامل سندِس بولچ ویب کاسٹ شمل۔
6721,سانسہ کِس عضلاتن ہُند ضعیفیت چھُ كاسِس كِس طاقتس منز ترمیم کران، ییمہِ ستہِ چھُ رگس منز سیکریٹنگ جمع کرنُک اجازت
6722,اگر سلیپرسن چھ تہہِ پچ کرنہ خطر ولہِ اصرار کران، توہہِ ہیکہِ تہہِ پٹ کرنہ یِنہِ ۔
6723,قدرتی مونوپولی ہند مثالن منز چھ عومی خطر یتھ کٔنۍ آبنی خدمات تہ بجلی شمل۔
6724,یہ ہیکہ باقی کینن کینن منز تہ یتھ کٔنۍ ولفس بین یا یوپیان یوٗس منز تہ لبنہ یِتھ ۔
6725,"سی این این بی این ہچ راجیو ماسینڈن دِیوُت فلمہِ 4/5 ہُند درجہ بندی تہ وون اتھ ""خر پٹھہ وچھِتھ اکھ غیر معمولی سفر"""
6726,ہندوستانس منز سائیکلنگ ہندِ تریخ چُھ 1938 تام واپس گژھان، تہ سائیکلنگ فیڈریشن آف انڈیا چُھ کھیلس پیٹھ حکوٗمت دِوان۔
6727,کارڈ یا بتھس منز کیسہ ڈالنا چھ کنسہِ پونسہ دِنہ خطر ساروے کھتہ روایتی طریقہ۔
6728,سُہ اوس تٔمِس وچھنہ خطر گژھان مگر تمہِ سُہِ سندِس بہن موُد گژھنہ برونہہ ۔
6729,ڈومینیکا ہس علاو چھ تمام مُلکن کمونویلٹ سلطنت۔
6730,یوونٹین مُود 28 مئی 2019 91 وُہُر۔
6731,واریاہ لوٗکھ چھُ سوچان زِ افسردگی چُھ صرف اکھ شخصس ستۍ ہیکہِ واریاہ غمگین۔
6732,کیسٹرانوا کیسٹرانوا چھ رومینیاہس منز ڈول کاؤنٹی منز اکھ کمیونیا۔
6733,فلسفین چھُ ڈبل ایکس ہُند اصول مطالعہ کرنہ خطر ٹرولے مسلہ استعمال کران۔
6734,سینٹرل ٹایم زونہ منز ساروے کھوتہ بوڑ شہر چھ میکسیکو سٹی۔
6735,مختلف موقعن منز چھ مختلف رقم ہند مطالبہ کران۔
6736,"تٔمۍ سہِ ونان، ""رناوت، ییمۍ فلمہ منز پننہِ حوار لکھ چھے، چھُ اکھ شخصیت یس منز روح تہ کُنہِ ہُند"
6737,یہِ چھُ عام طور ہندِ خاندر جانورن پٹھ لاگہ یِم کھتہ خطر چھُنہ یِوان۔
6738,شملی کیلنڈر چھِ آسام، اتر پردیش، کارناٹک، مغربی بنگال، بھار، جارکھند، تامل ناڈو، کیرالہ، اوڈیشہ تہ ٹریپورا ہِندِ ریاستن ہِن
6739,اکثر تِم پننہِ کم کرنہ خطر اجازت دِنہ برونہہ چھِ کلرجی ہند ترتیب دِنہ یوان۔
6740,پرتھ ؤرۍ چھ 50 ملین تہ 100 ملین لوٗکھَن درمیان ڈینگو فیور حصل کران۔
6741,ہندوستنہ کونسلز ایکٹ 1861 کٔر کونسلچ تشکیلس منز واریاہ تبدیلی۔
6742,وٹامن اے کینہِ ضِفیت (آی ڈی) ستہِ ولِس نشِش گژھنہ آمژ چھِ چُھ ولِس ستہِ منزِ ہُن
6743,مندرجہ ذیل چیر چھ پرانارو جمعہ پٹھ زاننہ یوان (یہِ منز کینہہ ناو چھِ دوبار دوبار دوبار دوبار دوبار دوبار دوبار دوبار
6744,اکھ ایپ، ہلووالٹ تہ چھ، یس اتھ قسمک کیلکلیٹر پیش کران چھ۔
6745,تاہم، کینہہ چِھ کینہہ تہِ کنہہ کنہہ جایہ، یتھ کٔنہِ یورپہِ ۔
6746,کانونشنک نتیج اوس ریاستہائے متحدہ امریکہ کس آئینس بناونہ۔
6747,سِکھزم، عیساییت، بودھزم تہ باقی مذہب چھ باقیہ كران ۔
6748,1946 منز، ییلہ صدر مینر ہیمن استفتاد کرنہ آمت، پارلیمنٹن کور پاسیکووی پننہِ پتہ منتخب۔
6749,ایلیسنن کور پننہ گڈنِکِس رومانٹ لکھنہ خطر تقریباً دہ ؤری۔
6750,مے کنہ زِ نہ گژھہ زِ یہِ لکٹہِ سٹارٹٹارٹٹارٹارٹارٹارٹارٹارٹارٹارٹارٹارٹارٹارٹارٹارٹ
6751,2011 پٹھ چھِ تِم تھمسن روئٹرزک حصہ ۔
6752,ڈیکنسٹروکشن ریکارڈز چھ آریسٹا ریکارڈز حصل کرنہ یوان۔
6753,ٹیمن ہندین کوچ ریل لوزانو، مارکو بونیتا تہ بوگدن وینٹا چھ 19 جولائی تام پننہِ روزٹرن ہند اعلان کرنہ خطر۔
6754,دداساہب فالک چھِ بٔڑِس پیمانسس منز ہندوستنۍ سنیما ہُند مل ماننہ یِوان۔
6755,جدید ریسنگ کشتین منز چھِ ژنہ یِتھ کین موادن ہندِ اکھ مرکب پٹھ بناونہ یِوان ییمہِ ستہِ تِم ہلکہ وزن
6756,امہ وجہ ستۍ چُھ میشن کوڈ تقریباً کانہہ نہ پروگرامنگ زبانہ پٹھۍ استعمال کرنہ یوان۔
6757,واریاہ وُچھان زِ بلیئر سندِس خاندار چری اوس اتھ حرکتس پیٹھ۔
6758,یہِ چھِ سِلورین دورس منز گژھنہ خطر دٔریاوُن ہندِ دٔریاوُن ہندِ دٔریاوُن ہندِ دٔریاوُن ہندِ دٔریاو
6759,یہ چھ ستمہ صدی ہندس راک کوٹ گپھ مندر خطر زاننہ یوان، یتھ منز تامل برہمی ہندس مندر چھ، یس قومی اہمیت ہن
6760,کپر پہاڑ تہ وائلس پٹھ ستہِ اکھ انچ برونہہہ راتہ، ییمہِ پیش گوئیہ کھتہ ز انچ کم چھ۔
6761,"1614 منز، تقریباً 20,000 فوج کِس کُلِس کُلِس کُلِس کُلِس کُلِس کُلِس کُلِس کُلِس کُلِس کُلِ"
6762,ہندوستانَن زیوٗن ٹورنامنٹ یِتھ منز ایرانَس 44-26 ہِندِس سکور لاینَس ستہِ فاینلس منز ہارِتھ، ییتہِ ہندوست
6763,فہرستس منز دوا ہیکہ آسنۍ یتھ ، تہ سستہ قیمتس منز ۔
6764,سُہ کٔر 2000 ہس منز باسکٹ بال پٹھ بییہِ پننہِ خاندانس ستہِ زیاد وقت خرچ کرنہ خطر رٹان۔
6765,ڈانس انڈیا ڈانس ہند شرکرن چھ کردار ادا کرنہ خطر وچھنہ یوان۔
6766,یادگار چھِ میڈن پٹھ واقع تہ یہِ چھُ کولکتہچ مشہوٗر یادگار منز اکھ۔
6767,کنجینٹیوا چھ اکھ ٹاس یس ییلڈن ہندس اندر لاین چھ تہ چھ کلیرا چھ پوٗر۔
6768,پتہ چھ اکھ سیٹھاہ منتقل گژھان یس عام طور أکِس ژور ہفتن تام چلاوان چھ۔
6769,کورنر شٹ آو حالے برطانیہ کین وزیر دفاع آف ڈیوائس طرفہ ۔
6770,جولائی وسطی ہِٹ وے پیٹھہ بجلی ہُند خراب گژھنہ ستہِ چھ واریاہ شہرہ پٹھہِ لڑان، خاص طور نیو یارک سٹی منز کینہہ کو
6771,پنن ٹریڈنگ پلیٹ فارمس منز لاگ ان کرنہ خطر آن لائن گژھ یا پننہ بروکر کال، یتھ منز تہہہ کس حدس پیٹھ تہہ سیکی
6772,لیپڈوپٹر خاندانن ہندِ مِیت یا ملِ تہ پرندِ پٹھ چھِ مِلِ ہندِ مِثالہ ۔
6773,وقتہ ہند تبدیلی ستۍ، ییلہِ یہ رقص ہند شکل سٹرا پیٹھہ سٹیجس پیٹھ پٹھ گژھان، رقص کاسٹین ہندِ ڈیز
6774,پرتھ جزویاتس پیٹھ توجہ دِژھِو - یتھ منز تِہنہِ ستہِ ستہِ ربطہ آسنہ آمتہِ پرتھ ملازم ہ
6775,ابتدئی تبدیلین منز چھ نیورل ٹاسکُک اکھ سپنگی فارم حالت شمل، فیبرن ہند اڈیم تہ ٹاسکُک کمزوری ستۍ۔
6776,یہ واضح چُھ زِ مردن ہندِس زمرس منز کتِیاہ کھلڑِ حصہ چھِ تہ زنانن ہندِس زمرس منز کتِیاہ چھِ۔
6777,ارمالی گپھ چھٗ امہِ ہندوستنۍ گپھِ پینٹنگ خطر زاننہ یوان ۔
6778,مے چھ پننہ مُلکچ اندرونی حفاظت یقینی بناونہ خطر پننہِ حصہ بناونچ عزم تہِ کران۔
6779,الاتھور، کینیولی چینل تہ کالیے دریاو چھ کشتی تہ کرایس پیٹھ سفر کرنہ خطر پسندید ہاونٹ۔
6780,ترنڈین فٹ بالر ڈوئٹ جارک چھُ ونان زِ تِہ چھُ بیکہامس پننس پیٹھ یا کریکٹنگ افسانہ براین لارا ہس پیٹھ انتخاب کرنہ ستہِ پری
6781,یہ چھ شُمال مشرقی ہندوستانس منز ساروے کھتہ زیاد وچھنہ آمتہِ زیادتی پٹھۍ کھتہ زیاد زیادتی پٹھۍ کھ
6782,اُرل آیرمیٹکٹین چھُ سکابیہ ہُند خراب کرنہ خطر مؤثر، اکثر اکھ اکھ كھونہِ دوزس منز۔
6783,ابتدئی دہن منز اوس نہ کانہہ قونوُن واضح۔ گڈنِکن ٹورنامن منز اکہِ منز اوس نہ وزن ڈویژن تہ تمام مُقابلہ كِن
6784,یہ فلم آیہ 7 فروری 2014 ریلیز کرنہ تہ پوٗر دنیاہس منز تقریبا 620 ملین ₹ (8.1 ملین امریکی ڈالر) جمع کرنہ۔
6785,سُہ گٔیہ کاغذہ کُل بینر ای روٹ اینڈ کمپنی خطر کم کرنہ ۔
6786,ییلہِ شہر بڑو، اکھ بٔڑ مارکیٹ پٹھۍ بٔڑۍ۔
6787,تٔمہِ ؤرِس دوران آو اکھ لکٹہ زراعت ہنز ملہِ ہنز آغاز۔
6788,ڈیلی بس ریپڈ ٹرانسائٹ سسٹم چُھ امبیڈکر ناگر تہ ڈیلی گٹ درمیان چلان۔
6789,1971 منز اَکہِ مہمہِ پیٹھ دوبار منتخب کرنہ پتہ یِم قومی حیثیت کم کرنہ آمتہِ، اِندِرا گاندھی گٔیہِ زِیاد،
6790,19 مہِ صدی کِس شروٗعاتس منز آو سٹلیمیٹ متعلق قونوُن مکمل کرنہ۔
6791,1929 منز پننہ سیٹ کٔرِتھ پتہ کور تٔمۍ یہِ 1931 منز دوبار حصل۔
6792,کیا تہہ ہیکو یہِ مانوِتھ زِ اکھ روبوٹ ہیکہِ اصل روبیک سندِس کیبس حل کرِتھ؟
6793,فلسفہ پیٹھ اہم پل متنن منز چھ گودپادہ کہ مذہب شسترا، سریدار بھٹہ کہ نایایہ کُنڈالی تہ بھٹہ بھوادیو کہ کارمنشٹن پڈھ
6794,"سِکیمس منز چھِ سُند لاین 6,000 میٹر (20,000 فٹ) پیٹھ لداخس منز تقریبا 3,000 میٹر (9,800 فٹ) تام۔"
6795,ڈی ایس: تہ بہ چھس ساد - بہ چھس یتھ، تہ بہ چھس پریشان۔
6796,سی وی ایس چھ شُرین منز زیاد اکثر گژھان، مگر یہ ہیکہ کُنہِ ونہِ ونہِ ونہِ ونہِ ہیکہ۔
6797,اِنِکِرشنا مُکُنڈن نیر، یُس عام طور اِنِنی مُکُنڈن ونان چھُ، چھُ اکھ ہندوستنہِ اداکار یُس زیاد تر ملیالم س
6798,پننہ اصلی اجلاسہ پتہ، تہہِ پٹھۍ پننہِ رفتار بہتر بناونس منز بحث کرنہ خطر اکھ فلیش اپ میشن قیم کرن۔
6799,ٹی بی بیچ بچاونس منز چھِ اعلی خطر ور افراد ہند سکریرننگ، مقدماتن ہند ابتدی تشخیص تہ علاج، تہ بیسیلس کلمٹی-گورین (بی سی جی) ویکسین س
6800,اکھ کٔر گمین ہندِ معاملہ ہُند انتظام، آبدی یقینی بناونہ، زمین ہُند ملکیت ریکارڈ کرن، آلاتن ہُند فراہمی ہُ
6801,جدید زمانہس منز چھ تارانا ستہِ ساروے کھتہ عام طور گلوکار امیر خانس ستہِ وابستہ یوان، ییمہِ ستہِ مقبولیت بناونس منز
6802,لوٗکھ وون تٔمۍ تہ انٹرنیٹر وزیر راڈروگھ ہینزپٹر زِ حکومتہ ستۍ دِنہ آمتہِ میڈیاگو، یا لکٹن ہاؤس چھ نہ
6803,جیوٹرایو فولی اوس 19 مہ صدی کس دویمس نصفس منز مہاراشٹر علاقس منز سماجی اصلاح ہند آغاز۔
6804,ییلہِ اٹاری 2600 ریلیز گژھان اوس، سہِ نو گیمہ دستیاب۔
6805,یہ چھ اکھ کیش مدد پروگرام یس تہہ کنہہ وقتس تام ملاقات ختم کرنس منز مدد کرتھ۔
6806,اکھ گڈے جمعہ چھ آسٹریلیاہ کین تمام ریاستن تہ علاقن منز ریاست تہ علاقیی قونوٗنی تحت اکھ چھٗ ۔
6807,سُہ اوس 2010 پٹھ 2014 ہس تام ورجینیا ہُک 71 وُہِ ساروے کھتہ زیاد گورنر۔
6808,امہ ستۍ ہیکہ تہہ کپڑا مطابقت کرنہ خطر اکھ خاص چیز تلاش کرنہ خطر حوصلہ بنوتھ تہ خر یہِ پوشِشِ
6809,ونسہِ ساروے کھتہ بوڑ پوٗرے علاقہ تہ کلائنٹ ایل ستہِ چھِ ۔
6810,یوگا گوو قدیم ہندوستان کِس آسٹکٹک تہ سرمانا حرکتَس منز پیٹھہ پٔتمہِ تہ شییمہِ صدی پیٹھہ پیٹھہ نظامنی مطالعہ تہ عملہ پ
6811,ایمیٹوفوبیا ایمیٹوفوبیا چھٗ عومی منز وُچھان یا وُچھان ہند خوف۔
6812,یِم جایہ س زراعت کرن ولۍ قصبہ، مگر دویمہِ عالمی جنگہ پتہ بنیوِم رہائشی۔
6813,آئی او سی یَن کور خرِی پٹھۍ دہ اعلان زِ ٹورچ سندِس ستہِ ستہِ ستہِ ستہِ نہ تائیوانس پی
6814,1990–91 رنجی سیزن منز، ہریانا چیتان شرماہ سندس بولنگ پیشکش تہ امارجیت کیپے سندس لڑنہ باپتھ پیشکش پیٹھ نصف فاینلس منز
6815,قرض ادا کرنہ ستۍ نہ اتھ زیاد پریشان گژھِو زِ توہہِ چھٗنہ بٔڑِس تصویرس پیٹھ نظر۔
6816,س چُھ اکہِ مُتعلِقہ مُلہِ باپتہِ گڈنِک دھوکہ كِس مُقابلہ تہ گڈنِک دھوکہ كِس مُقابل
6817,یہ فلمہِ زینن اکتوبر 2012 کینس منز ایم آیی پی جونیئر کیڈز جوری ایوارڈ تہِ۔
6818,کینہہ دور، یتھ کٔنۍ ٹیچ سکرین، چھِ انٹپ تہ آؤٹپٹس خطر کم کران۔
6819,مثالہ، اگر تہہہ سپلائرس ستۍ معاہدتی تنازعہ منز گژھان، توہہ نہ تہہہ پننہ کمپنی تمن منز دِنہ آمتہِ ت
6820,سکینگ ٹورنامنٹ چھ پریتھ زمستانس منالی تہ گولمارگ منز منعقد گژھان۔
6821,ایونٹ مینجمنٹ سنزِ نِشِشِشِشِشِشِشِشِشِشِشِشِشِشِشِشِشِشِشِشِشِشِشِشِش
6822,یقینی طور، ٹائٹینوسور س بٔڑ تھیرپوڈن ہند اہم پیشگو۔
6823,بجٹ تہ ملی منصوبہ بندی کرو اکھ سرگرمی یتھہ تہہ اکھ اکھ کران چھ۔
6824,ہارروگٹ ہارروگٹ چھُ شُمال یورکس شِر، انگلینڈس منز اکھ سپا قصبہ۔
6825,فروری 1948 ہس منز آو اکھ ٹھوس معاہدہ دستخط کرنہ ۔
6826,ساؤنڈ ٹریک البم آو ہیمیش رشمیہ تہ میٹ بروس اینججنن ہندِ ستہِ بنوِتھ ۔
6827,2000 کس دہلس کِس خرس منز کور یہِ جسم انتقبی۔
6828,ایف سی سی سی ساریووا- ایف سی سی ساریووا چھ اکھ فٹ بال کلب یس بوسنیہ تہ ہارزگوینیاہس منز گِیم چھے ۔
6829,نیہِ فہرست چھُ انسیکلوبیپیڈیا انٹرایٹس خطر یُس موجود بنیادس پیٹھ گژھن وضاحت کران تہ واقعاتن ہُند ذِکِر چھُ۔
6830,اگرچہ ریسچ مستقبل خطر چھ خطر، اموریو وون ز یہ واقعہ گژھِ وتہِ وتہِ وتہِ ۔
6831,"مگر سِکھ رہنماو ستہِ ملاقات کرنہ پتہ کور تٔمۍ یہِ نتیجہ زِ سُہ ہیکہِ سِکھ ""دوسری سطح"" سِکھ حیثیت حصل کٔرِتھ"
6832,لینکس چھ صرف کینہہ خیال تہ کمانڈن ناو شمل کران۔
6833,یتھہِ آلہ ہنز مقصد چھِ زِندِ پتہ تہ بٹہ برقرار کرنہ ستہِ زیاد۔
6834,مے اوس پریشان ییلہ مے آفس میونس منز آٹ انٹرنیٹ کنیکشن ہند وجہ ستہِ کُنہِ كھٗنہِ كھٗنہِ كھٗنہِ كھٗن
6835,آیوٹ زاو 28 جون 1968 نشوایہ، نیو ہیمپشیرس منز۔
6836,مورفی سنز کامیابی اوس برونہہہ ہنز حملہ تہ صوتی حکمت عملی ہند اکھ موازنہ ستہِ ۔
6837,1 جنوری 2020 ہس منز بنیو بلدیہ مالادیر چُھُرُک حصہ۔
6838,سوئٹ فاؤلز، یتھ مقمی بولن منز کشاڈ ویتڈن تہِ ونان چھ، چھ شیلانگس منز اکھ آب و ہوا فاؤل۔
6839,2020 ہس منز کٔر تٔمۍ مرزاپوٗر سیزن 2 منز گُڈو پینڈوِٹ سندِ کردار ادا کرنہ ۔
6840,سُہ چھ پننہِ خاندانس ستہِ روزنہ تہ روزنہ خطر اکھ جایہ پایا۔
6841,راٹومیر دوجکوویچ سندِ ٹیمُک آف سائڈ ٹرپ اوس انگریٹلی تہ صرف پانژھ منٹ پتہ کور۔
6842,یہ چھ پارٹیشنن پیٹھ فائل سسٹمن ستۍ تہِ استعمال کرنہ یوان۔
6843,جودوِیُن چُھ بیلجی ہِندِس والون برابنت صوبس منز اکھ بلدیہ۔
6844,ویل فریل چھ سکیچس منز اکھ مرد یس کیوبل گِند چھِ ۔
6845,سادووا چھٗ اکھ کمیونیا یُس سوسیوا کاؤنٹی، رومینیاہس منز لبنہ یوان چھُ۔
6846,اگر تٔمۍ یا سندۍ چھِ وچھتہِ وضاحت کرنہ آمت زِ کین مصنوعات یا خدمات کنہِ چھِ یوان، توہہ ہیکو یہِ ذتی کرِ
6847,200 کھتہ کم گوفیر سرور چھ ونہِ فعال پٹھۍ برقرار تھاوان۔
6848,تِمَن چھِ ز شُر، جیکسن جیمز سنایڈر تہ ریوی وِیوین سنایڈر۔
6849,ایکسور ایکسور این وی چُھ اکھ ہولڈنگ کمپنی ییمیک چھ اٹلانوی ایگنلی خاندانس تحت کم کران۔
6850,پالسکر سند معاصر تہ موقتہ ریوایل وشنو نارایان بھٹکھنڈن کور واریاہ ریوٹ تسلیم یم ہندوستنۍ کلاسیکی موسیقی ہندس ساختس منز ظ
6851,تجری ناکام چھ اکھ مصنوعات یس نہ گول مکمل کران چھ۔
6852,تریخی ایس کرشنسوامی ایینگرس مطبق سۍ پلاوا ٹونڈا مندالم ہند مقمی تہ پلاوا ناو ٹونڈاےیر لفظس ستۍ برابر۔
6853,امہِ دوران، ہندوستنۍ آزادی تہ امہِ دموکراسی ہُند حرکتن منز کور سیکمَس منز اکھ پرتھ سیسی تحریک حوصلہ، ییمہ ست
6854,تاہم، باقی سٹوریج آلاتن ہندِ پٹھۍ ہیکن تِم کمپیوٹر وائرس لٹان۔
6855,"پرنڈ انگریزی منز آو یہ دہ ""لانگ جمعہ"" ونان، تہ اتھ اصطلاحس ہند معادل چھ سکنڈینوی زبانن تہ فنینشس منز ولہِ استعمال کرن"
6856,یہِ اوس ایل جی بی ٹی کمیونٹی، محافِظ تہ آزادِن ہندِ دہ شکست دِنہ آمُت۔
6857,2019 ہس منز آیہ سی بی ایس کورپورنشن تہ ویاکوم اکھ ملوتہ ۔
6858,ڈرلنگن کٔر ڈبلن ، ایرلینڈس منز روزان، ییتہ س پننہ کیریئر متعلق واریاہ کتابہ لیوٗکھ۔
6859,رابٹ تہ مٗقبی سالی کور 1627 منز رپبلک آف بو ریگرگ بناونہ خطر اکھ متحد۔
6860,یِم س تقریباً پننہ تہ شیمہِ صدیَن دوران بناونہ آمُت۔
6861,واریاہ مخصوص بیمار چھِ براہ راست یا براہ راست امیُموسپریشنک سبب بنان۔
6862,سُہ آو 1984 ہس منز کرونس منز برطانوی ٹیلی ویژن سیریز ڈی جیوُل منز ظہر کرنہ۔
6863,جموں و کشمیر کِس اتحاد علاقہ چُھ ہندوستان کِس آئینچ آرٹیکل 239 ہِندِ احکاماتن تحت انتظام کرنہ یوان۔
6864,سُہ اوس کوکیین ہُند غلط استعمال کرنہ باپتھ ، یتھ کٔنۍ سٹیلز سہِ گڈ۔
6865,تِمَن سہِ کیینبنک پورٹ، مینس منز اکھ بوڑ ہاوس تہِ ۔
6866,اِکِل پے ایکٹ آو غیر مساوی پے ہُند حلک حصہ پٹھۍ یِوان۔
6867,بھوٹیریا چھِ مِنزِ واپس یِوان تہ مِنزِ اصل دستاویز واپس یِوان تہ نہ دوبار واپس یِوان۔
6868,اگر تُہۍ کاروبر نہ ریٹائرمنٹچ منصوبہ پیش کران چھِ، توہہِ پریشان نہ۔
6869,یہ چھ ویڈیو گیمز لائیو سٹرائنگس پیٹھ توجہ مرکوز کران، یتھ منز ایسپورٹ مقابلن ہند ریڈیو شمل چھ۔
6870,لکٹن شُرِ ہیکہِ بٹِتھ اگر تِم گژھِ یا کُنس ستہِ گِنگِتھ ۔
6871,انکیجٹ پرینٹر انکیجٹ پرینٹر چھ کمپیوٹرن خطر اکھ پرینٹر۔
6872,شمل چھِ سکوٗل تہِ پننہِ تِمَن خطر واریاہ سرگرمی ہُند انتظام کرِتھ۔
6873,یہِ ملِ ہیکہِ ناس پیٹھ 1.9 پیٹھ 5.6 سینٹی میٹر دور گژھتھ ۔
6874,کوٗو پارڈ چھ آرٹینسٹینا، برازیل تہ میکسیکوس منز تہِ ۔
6875,یوُٹراویولٹ لگس ستۍ ستۍ مٗتلِق آس ایزوتریٹینوینس پزوریاسسسس ہند علاج کرنہ خطر مؤثر۔
6876,تٔمۍ کٔر 1980 کس دہلس وسطس منز نوٹ زِ تٔمۍ ہیکہ نہ اکھ اکھ تحفہ یُس نہ اراد پٹھہ بول س نہ لگ کوٹر۔
6877,چین ہندِ مینیے چھُ دنیاہس منز ساروے کھتہ زملی کھتہ زملی کھتہ زملی کھتہ زملی
6878,کیمڈن کاؤنٹی چھ مقمی البیمرل کمیشنک حصہ۔
6879,پرتھ ویراجا وجے چھُ ونان زِ تٔمۍ کٔر 6 زبانن ہندِ مہارت۔ پرتھ ویراج راسو چھُ ونان زِ تٔمۍ کٔر 14 زبانن ہندِ
6880,کلان ورکی چھ کیرالہ کِس أکِس لکٹِس، مُلکِس گامَس منز اکھ صرف بُچھر۔
6881,فلمہِ ہُند موسیقی چھُ سچی نِش جگر سندِس ستہِ بند ییلہِ زن لگہ چھِ امیتھابھ بھٹاکریا، پریا ساریہ
6882,مے چھ ملین منز مل کھنہ یِنہ خطر ملین ہندِ آسان آسان آسان۔ ملین ہندِ کھتہ كنہِ كن
6883,ویکیپیڈیا کِس مضامین ہُند ژھرِتھ تہ جیز کرنُک باقی طریقہ چھِ۔ ویکیپیڈیا: موادس منز ہیکہِ واریاہ یِتھ ۔
6884,تاہم، کینژن معاملاتن منز ہیکہ یِم مسلہ ریتھ یا ؤرین تام روزان۔
6885,امہِ وقتہ، 74 وُہِ ونہِ ونہِ، تٔمۍ س 65،000 کھتہ زیاد نمونہ۔
6886,"لوس چھُ ونان زِ اَکہِ اننگنگس دوران ""بلس چھِ پرتھ خرِ پٹھ 6 بالن ہندِس نیبرس منز بدلہ پٹھہِ بولی کر"
6887,یہ واقعہ چھ آسٹریلیاہس منز وچھنہ آمتہِ ساروے کھتہ زیاد مشہوٗر واقعات منز اکھ۔
6888,اگر توہہ صرف 3 فیصد حصہ چھِو، توہہ تم چھِ یہِ مطابقت۔
6889,1994 منز کٔر شملی کوریان ترییمس سطحس منز اضافہ کرنہ ستۍ پانمنگیک بڑمژ۔
6890,ہندو-یونسی سلطنتن کٔر میننڈر سند مرنہ پتہ گڈنِس صدی قبل مسیحس منز پنن مشرقی علاقن ہندِ زیاد تر حصہ کٔر۔
6891,تاہم، یہ چھ حقیقی صورتحالک زیاد ساد کرنہ۔
6892,ڈالس ستۍ قریبی طور وابستہ ہوم بوٹ چھ سری نگرس منز تہِ رہائش فراہم کران۔
6893,تقریباً ییلہِ مییروتس منز گڈنِکِس سپیہِ منز گژھان، 1857 ہِس ہندوستنہِ شُرِفِی ہُند مُطب
6894,معاف کرنہ چھُ یِوان یِتھہ میچامی دوکڈم یا اُتام کشمیر اِندِس اِندِس ستہِ ونان چھِ ۔
6895,بلغارستانس منز چھ 1 جون شُرِن ہُند دہ منز منز منز منز منز منز منز منز منز منز منز منز منز
6896,تٔمۍ کور میزلو ٹیلی ویژن خطر کالج بولنگ، کالج فٹ بال تہ کالج باسکٹ بال ونان۔
6897,تِہندِ گڈنِکنِکِس پٹھۍ سِہ پیشہ ورانہ 35 ملی میٹر فِلمہِ ۔
6898,یہِ چھُ تہہِ ڈیلر ستہِ قیمتہ کری خطر طاقت دِوان ۔
6899,"سناپچٹ سندِ ملِک کمپنی سنپ، انکِس اکھ بولن ولۍ وون، ""ہم چھ مُلکن منز مقمی قونوُن پیٹھ عمل کران۔"""
6900,تمام اعصاب یم سپینل کارڈہ ستۍ آسن چھ چھ پی این ایس۔
6901,ایپوچ گیم پکٹ کمپیوٹر آو 1984 ہس منز جاپانس منز ریلیز کرنہ۔
6902,سوپر چھُ امریکہ کِس اوکلاہوما ہُک اکھ قصبہ۔
6903,تاہم، تمہِ سنز تعلیم سہِ گروپس پیٹھ نسبتاً کم اثر۔
6904,کینہہ سٹائل چھ پننہ توجہ ہنز زیاد تر تر ترو چی ہندس پٹھ، ییلہ زن باقی چھ مُقابلہ پٹھ توجہ مرکوز کران۔
6905,20 نومبر 2007 ہس منز آو س أکس خاص کینہہ انفیکشن خطر ہسپتالس منز۔
6906,تجارتی طور زند گارنٹی تہ باقی سڑک ذخیر چھِ آندھرا پردیش، بیہار، گجرات، کارناٹکا، مدھیہ پردیش، مہاراشٹر، اوریسا، راجستھان، تامل ناڈو
6907,میچُک اکھ واضح خصوصیت، برازیلین فورڈ رالونالڈ اوس گیمس منز زیاد دلچسپی ہند غیاب ہند ظہر کرنہ یوان۔
6908,سُہ اوس 2007 پیٹھہ 2017 ہس تام فن لینڈک عدالتک نِش کلر۔
6909,اگلی کینژن ؤرین دوران کور الٹمشن بنگالس منز اکھ بغاوت دِنہ، گوالیرس قبضہ، وسطی ہندوستانس منز بھلسا تہ اوجین ہندِ
6910,سُہ کٔر ایس وی آسٹریا سالزبرگ ستۍ ہانس بیکس منز مددگار کوچ کم کرنہ شروع۔
6911,ہارڈس آو 1834 منز چارلس ہینری ہارڈن قیم کرنہ۔
6912,نٔوِی این لینگنگِرِنگلگِی انقلابس تہ ہوسٹن ڈِنما تہ نیوِی اینگِنگِنگِنِگِن چہِ پٔتمِ
6913,سُٹلیج تہ راوی چھُ پاکستانس ستۍ بین الاقومی سرحدک حصن ہُند تعریف کران۔
6914,یہِ چُھ جونس منز ولِتھ تہ ستمبر تام لگ بگ 755 ملی میٹر آب و ہوا ستۍ روزان۔
6915,فلمہِ ہُند سکرین پلے چُھ گِرش دامیجا تہ سُریش نیرن ہُند لکھومُت۔
6916,مثالہ، ونڈوز کنٹرول کیو کنڈینڈن ہند جایہ پننہِ ایماکس معادلین ستۍ۔
6917,نہ کانہ گول دِنہ آمُت تہ خرِس منز کور یہِ نہ ارجنٹینا خطر کھیلچ نتیج تبدیل۔
6918,کانچی کٔر سلطنتس منز دویمہِ بٔڑِ شہر کم ۔
6919,یِم کھیلن منز ہیکہ پرتھ ٹیمس پیٹھ ز، شے یا ٹھ کھلڑِ ہکن۔
6920,مے چھُ 15 باقی رد کرنہ پتہ پنن نووِیو سٹارٹٹٹارٹٹ ایڈیو تیار کرنہ خطر وِی سی پیٹھہ سرمایہ کری حصل کرنہ
6921,یِم تہوارن ہنز اکھ عام خصوصیت چھُ أکِس مقدس پرچھن ہُند ہُند ہُند اِستعمال یُس تہوارچ خری دہ دیوتاہ
6922,یہِ کتاب زیوٗن کرناٹک سٹیٹ ساہیٹیا اکیڈمی، کرناٹک سنگھا، شیموگا، تہ سریما گنگمتی بومپے پرٹسٹھنا، دھارواڈ، کرناٹک
6923,ٹیکس پیئرز ایس ایلینس ہند چیف ایگزیکٹو میٹیو ایلیوتن کور ہیوز ٹیکس پیئرز سندِس خرچس پیٹھ کورٹ وقت ضروٗرت کرنہ خطر
6924,واریاہن مُلکن منز چھِ قونوُنی یِمَن منز پرتھہ خطر منز تِمَن ہُند فوری مدد کرنس ضروُرت چھِ۔
6925,امہ علاو، زینن ولۍ بیٹریس ماڈلز ایپسڈس ستۍ بییہ معاہدہ۔
6926,یِمِن کیٹَن ہِند استعمال کرنہ ستۍ حصل کرنہ آمتہِ مثبت وِ این این وی ٹیسٹچ نتیجہ ہنزِ ریاستی صحت ڈِپریشن ٹیسٹ
6927,یہِ چھُ چھِ ہندِس سفیدس منز سرووِہ مقام بناونہ یِوان۔
6928,مے کور بُرگرن ہُند اَتھ وقتہ پتہ ییلہ تِمن مینۍ گڈنِکِس بڈروم تِہ تِہِہ تِم بٔڑِ
6929,تٔمۍ کٔر پننہِ بہن میک سندِس ستہِ ہندِس سکوُل بڈ جپ ریکارڈ۔
6930,گپسلینڈ لیکس آب و ہوا علاقہ چھ بین الاقومی رامسر کانونشن ستۍ آب و ہوا علاقن پیٹھ تحفظ دِوان۔
6931,زیاد تر قبیلہ لُکھ چھِ یِہ روزان تہ یہ علاقہ اوس پرندین دنن منز گونڈ کینگز تحت۔
6932,مگر تٔمۍ اوس نہ کُنہِ بییہِ کُنہِ تہِ کُنہِ پھل پیش کران۔
6933,سیریزَس پیٹھ آو نیوزی لینڈَس منز اکھ دور ستہِ ییتہِ تٔمۍ اوسط 29 رنَن منز 117 رن حصِل۔
6934,وزیر اعظم ہند اُتراکھنڈ کونسل چھُ اُتراکھنڈ گورنر اُتراکھنڈ ہندِ مشور پٹھ تہ اُتراکھنڈ وزیر اعظم ہندِ مشور
6935,سیلینیم ڈایاکسائڈ چھ اکھ ضعیف آکسائڈیزنگ ایجنٹ تہ چھ نہ چیز آگس پیٹھ پکڑان۔
6936,دِلہِ چھُ ہائی کورٹ آف دِلہِ ہُند گھر تہِ ۔
6937,ڈیمپوُر جین مندر چھِ ایس ڈی جیین سماج دیمپوُر سندِس دورس تحت۔
6938,بیٹرس چھِ دہ یا دہ دہ دہ یا دہ دہ دہ درجہ بندی کرنہ یوان۔
6939,پننہِ مہارت تہ خشِشِی ہُند دِژ گوروڈاہن کور وعدہ زِ سُہ نہ ناگوانشِس پٹھہِ تہِ تہِ ہُند ذٔریع
6940,لکٹین سلطنتن ہندِ دور اوس اتھ علاقس منز بٔڑِ سلطنتن ہندِ ذریعہ دِنہ آمُت۔
6941,یہِ گڈنِچ مغربی خرس تام، امہِ ساروے کھتہ کم نقطہ پیٹھ، چھ گڈنِک گپھ مندر۔
6942,اکھ نوو آئی فون چھ پرتھ ؤرۍ 2016 پٹھ آو۔
6943,اتھ وقتس منز مٗتقابِل مُطبِق میچ آو زِندِ ملِون ہندِ ملِون ہندِ ترتیب دِنہ۔
6944,پِزا چھُ اکھ ہندوستنۍ ہندی زبانہ ولۍ ہاری فلم یُس اکشی اکِی اکی کینینی ہِندِ ہدایت کری منز چھُ۔
6945,ریوائنس مطبق چھ یہ تہوار زمینہ کِس شمری كِس خرِس نشانہ، تہ شمری یِنہ یِنہ یِنہ یِنہ یِن
6946,سیٹ زیننہ پتہ وون تٔمۍ زِ تٔمۍ چاندی گڑھس منز زمین حصل کرنس منز مشکل۔
6947,یہ چھ اندرے سبز یتھ منز لکٹن سینکر سیندۍ بتھ یم کھتہ یوان ہیکہ۔
6948,ییلہِ ریلٹی پوٗر چیزہ کنہِ یا استعمال کران چھِو، یقینی بنوِو زِ ریلٹی فیصد چھِ ڈبل انٹری اکاؤنٹنگ سسٹمَس منز ریکارڈ کرن
6949,نایک، انک: نایک، انکروپورٹڈ چھ امریکہس منز بناونہ آمتہِ اکھ کمپنی۔
6950,وسطی عیسایہ دوران، مُلکن درمیان تجارت بٔڑِ واریاہ عام۔
6951,کونسل آف کنسٹینس کونسل آف کنسٹینس اوس 15 ہمہ صدی منز اکھ کونسل۔
6952,ایوب شاہ اوس ٹرم شاہ سندِ بییہ نیچُو، ییمِہ علی شاہ دورانی سندِ مرنہ پتہ ڈررنی سلطنتس پیٹھ کنٹرول حصل کور
6953,بلیک بیل چھ رٹایہ رٹینٹیو تہ چھِ خشک زراعت تہ بٹہ ولۍ، لینیڈ، تہ پٹھۍ ترجیح دیوان۔
6954,دارالحکومت ایزولس منز چھ روٗد تقریباً 215 سینٹی میٹر (85 انچ) تہ لنگلی منز، بییہ بٔڑ مرکز، تقریباً 350 سینٹی میٹر (140 انچ)۔
6955,برہما مندر چھِ بِنڈوسارا دٔریاوُک مشرقی حِصہ پٹھ واقع، یُس لنگراج مندر پیٹھ ولِس بتھِس سڑکہِ پیٹھ چھِ۔
6956,یہ ہیکہ تہہِ پٹھۍ کنہِ تہِ تہِ تہِ تہِ تہِ تہِ تہِ تہِ تہِ تہِ تہِ تہِ تہِ تہِ تہِ تہِ تہِ تہِ تہِ تہِ تہِ تہِ تہ
6957,فیزو لڈ ناگا نیشنل کونسلن کور پننہِ آبدی تہ مقمی گروپن ہند سیسی اتحاد ہنز مطالبہ۔
6958,ڈزنی لینڈ ہوٹل ڈزنی لینڈ ہوٹل چھ اکھ ہوٹل یُس ڈزنی لینڈ ریزورٹس ایریا ہس منز واقع چھ۔
6959,یہِ ہیکہ نہ زِیاد ستہِ گژھنہ ستہِ گژھنہ خطر آسان۔
6960,تٔمۍ سنز غیابس منز کور تارابایین راجرام IIس پیشو سندِ پوٗسہ نِش دور کرنہ خطر حوصلہ۔
6961,بی ایس روٹی: بس چھ تُرائیور پیٹھ پیچیمالی پہاڑن، تہ پرمبلور تھونڈمنتھراے گامس تام دستیاب۔ اتھ گامس پیٹھ چھُ کورایایارو فاؤلس ت
6962,چاندھا ساہبن کور رازا ساہب تہ 150 فرانسیسی مردن تحت 4000 ہندوستنہِ ہُند فوج۔
6963,کیشورن وون ز سُہ کٔر فلم پوکر منز رندر کپورس پننہ آواز دِوان۔
6964,مے چھس امہ مانٹر سندِ ہائی ڈفیکشن ڈسپلے ہند واضح گژھنہ ستہِ حیران۔
6965,یہ چھ مسکو علاقہ کِس جنوب مغربس منز اوکا دریاو کس سطحس منز اکھ علاقہ قبضہ کران۔
6966,پرتھ کمرس منز اوس اتھ ہند احساس، عام طور پینٹ رنگہ ستۍ ہاونہ آمت۔
6967,مراٹھیو کور اکھ تانٹرک کشیٖر نِشال پوُری گوسوامی، ییمۍ وون زِ اصلی کرونشن اوس غر متوقع ستارَن ہندِ تحت منعقد کر
6968,دسمبرس منز کور تٔمۍ جنوری 2009 ہس منز شروع کینیڈاہس منز ریاستی حکومت کین تمام گاڑکن ہندِ گاڑکن ہندِ گاڑکن ہندِ ریکارڈ
6969,انیتا تہ سامس چھ اکھ لڑایہ، تہ سام شراب پکان چھ، انیتا چھ رٹان تہ چھٗ أمہِ سندِ رٹان۔
6970,اعلی آوازچِون ولہِ ہندِ لوٗکھ چھِ اکثر اوپر رجسٹرس منز رگس ترجیٖح دِوان، ییلہِ زن ہندِ آوازچ اعلی معیار
6971,یہ رنگ چھ ہندوستانس منز تیار کرنہ یوان، خاص طور لکٹن غیر رسمی کارپوریشنن، کنہہ معیار چیکہ ورے تہ چھ آزادانہ مارکیٹس منز خطر
6972,واریاہ چیزن خطر ہیکہ تہہ صرف یِم چیزن ہندِ خطر رٹیلر پیٹھ کنہِ ژھانوِتھ بہتر معاملس حصل کرنس منز کامیاب ستھ
6973,یہ چھ رکن ریاستن آزاد تجارتی علاقہ بناونہ خطر۔
6974,ہیڈ فون ایمپلائفر: اکھ ہیڈ فون ایمپلائفر چھ اکھ صوتی ایمپلائفر یُس ہیڈ فونن خطر ڈیزائن کرنہ آمُت چھُ۔
6975,کوباشی، ییمہِ پٔتمِس ؤرِیَس منز چھِ تِہِہِ ہنز زیاد چھِ شیِن ؤرین ہندِس رلٹہ
6976,امہ ستۍ کٔر تنگ، خاص طور پُنگاب علاقس منز، ییتہ امریٹ سار قتلس منز دباوتی اقدامات ختم گژھان۔
6977,مثالہ، اکھ پیشور فٹ بال کھلڑۍ چھِ شِشن ہند اکھ خاص برانڈ مشور کران۔
6978,تہِ، کیلن کوئنن یُس بینڈ یُس سیرنس ستۍ چھِ سوان چھِ، چھُ کُنہِ کُنہِ وِزِ فِشٹ استعمال کران۔
6979,"یہ ناو ""نو دِلہِ"" آو 1927 منز دِنہ، تہ نووِ رازدنی ہُند آغاز آو 13 فروری 1931 منز۔"
6980,نوِ پل چھ ترسیورس پیٹھ کوزی کوڈس پیٹھ 11 کلومیٹر کم۔
6981,گڈنِک لوٗکھ سۍ واریاہ گروپ، ثقافت تہ زبان۔
6982,امہِ دوران، تٔمۍ کٔر چیتور فتح کرنہ خطر بییہ فوج قیادت، یُس سلطنت گُھھیلا ہُند دارالحکومت یُس رٹناسیمھا سند
6983,سی این این اے بی اینچ راجیو ماسینڈن دِیوُت یہِ 5 ستارَن منز 2 ، ییمہِ طویل تہ تعلُقَس پیٹھ تنقید کران ۔
6984,نیشنلزن کٔر 1998، 2002 تہ 2006 ہس منز ورلڈ لیکروس چیمپئن شپ تہ 2014 ہس منز تریِم مقام۔
6985,یہ چھ کھلڑِ زاننہِ یوان زِ تِم کِہ تہ کُنہِ چھ شوٹ کران۔
6986,یہ نوو پریشنی اوس 1918 چہ فلپائینڈیمک منز شمل پریشنی ستۍ قریبی طور ربطہ تھاوان۔
6987,نارتھنگ ڈورگا مندر چھ میگھالیہ منز اکھ بوڑ ہیندۍ مندر تہ یہ چھ زمینس پیٹھ 51 شاکتی پیتھ منز اکھ۔
6988,یہ چھ جسمس منز ملِس، خون تہ اِرِینس ستۍ پھیلاوان۔
6989,تٔمۍ گِیُن 1960 پیٹھ 1966 تام ہنگری قومی فٹ بال ٹیم خطر 17 گیم۔
6990,گنیش چتھرتھی چھ برطانیہس منز اتہ روزان برطانوی ہیندۍ آبدی ہند جشن منز یوان۔
6991,وزیر دفاعن وون بی بی سی یس زِ ساروے کھتہ بوڑ موج ہندِس سطحس پیٹھ چھِ گڈنِچ آمد پتہ شے پیٹھ 12 گھنٹہ
6992,کُنہِ کُنہِ کُنہِ، ییلہِ پریشنی گژھان چھِ، چھِ یہِ لگتاہ زِ مے چھِ پننہِ کُنہِ پیٹھ بٔڑِ بٔڑ
6993,اصل پروٹین تہ سیٹھاہ چھ ترقیس منز زیاد پٹھۍ محفوظ تہ چھ انسانن، چیمپینزی، ریسس منکیز تہ بوس بییس منز لبنہ یوان۔
6994,ڈوال، یُس ز بالغ شُر ستہِ خاندر چھُ، کور نہ میلرَس پیٹھ اکھ بوڑ تصور، ییمہِ ستہِ یہِ قصہ متعلق اوس۔
6995,1744 منز کٔر فریڈریکن پروسیہ ہندِ عظیم بوہمیہس حملہ۔
6996,باقی بنیدی دفاعی کھیل چھ بمپ یا رِایڈ آف ونان۔
6997,ارانٹکی قلعہ چھ اکھ قلعہ یُس پُدوکوتھی ضلعہ، تامل ناڈو، ہندوستان کِس آرانٹکی قلعہس منز واقع چھ۔
6998,سینٹ گیلن سینٹ گیلن ہُک کانٹن چھِ سوئٹزرلینڈس منز اکھ کانٹن۔
6999,انیتا تہ سام چھ اکھ خوشگوار جوڑ ییمہ ساہلس غر خوشگوار تہ غر خوشگوار کران چھ۔
7000,آیووا ہک لیٹیننٹ گورنر چھ اکھ معاون گورنر۔
7001,وِی پی ایس ویکسین چھُ انجیکشن تہ ٹی 21 اے کیپسولن ستۍ دِنہ یوان۔
7002,وشنو چھ سنڈل وڈ پاسٹ، مردن ہندِ پوش تہ مقدس ٹایڈ پیش کرنہ یوان۔
7003,زیاد تر لوٗکھ چھِ امہ دہ سخت روزان تہ صرف نصفہ پُجا پتہ کھتہ یوان۔
7004,یِم سلطنتن ہندِ پٹھۍ حصِل فلسففی تہ میوزک بارڈن کور سماجی مذہبی تہ ادبی تحریک شروع یِم ونہِ تام پٹھۍ پ
7005,چھِ رنگہ یِم خاص رنگ ہاونہ یِوان چھِ، تہ چھِ ستۍ ستۍ ستۍ ستۍ ستۍ ستۍ ستۍ رنگہ۔
7006,یہ فلم آیہ شکاگوس منز فِلمہ کرنہ تہ یہِ چھُ اتھ منز جایہ یوان۔
7007,امیُک ساروی کھتہ بوڑ ستار، آلفا مونوسیروٹس، چھُ 3.93 ہُک بصری طاقت۔
7008,سلیڈر تہِ چھِ زیاد تر حالاتن منز دِمُن اکھ اکھ۔
7009,تُہہِ فارم یِم عدالتس منز استعمال کرنہ خطر مُقابِل چھِ ییتہِ تُہۍ پننہِ مُطالبہ فائل کرِو۔
7010,ڈوگر بینک ڈوگر بینک چھ شملی سمندرس منز اکھ بوڑ سینڈ بینک۔
7011,ایکسٹراپولمونیری ٹی بی چھ کمزور ایمن سسٹم تہ نوجوان شُرین لوکن منز زیاد عام طور گژھان۔
7012,اتھ منز چھ اکھ ایپل اے 4 پروسیسر تہ 9.7 انچ ٹیکس سکرین۔
7013,اَتھ شخصس پٹھ غور یُس چھُ یُس بَگَرِتھ تہ چھُ یُس پٹھ نش نش نش نش نشِش گژھنہ خطر روزان۔
7014,سرد جنگُک اکھ اہم لمحہ اوس 1962 ہس منز کوبن میسیل کِس خطرس منز۔
7015,کارنی چھ ونسہِ فٹ بال لیگ چیمپئن شپ منز شفیلڈ یونائیٹڈ خطر کم کران۔
7016,کافے آو گڈنِچ 19 مہِ صدی کِس شروٗعاتس منز کوسٹا ریکا منز بناونہ ۔
7017,سیریزَن زینو 1985 ہَس منز پرمیٹیم ایمی ایوارڈ تہ بی ایف ٹی اے ٹی وی ایوارڈ۔
7018,ریکٹس ایبڈومینس مُسکل چھُ انسان جسمس منز اکھ مُسکل۔
7019,یہ ناو چھ پوونچ وادی پیٹھ کشمیر وادی منز تُریخنی ٹوسا میڈن ستۍ تہِ نشانہ دِوان۔
7020,برنوٹس چھ غیر رسمی سڑکہِ ریسنگس منز تہ عام، عام طور شو ہندِ قمتہ باپت۔
7021,تہوار چھ اکثر قدیم منی پور کہِ واقعات مناونہ یوان تہ اکثر موسمنی تبدیلین ستۍ چھِ۔
7022,لوٗکھ چھُ یہِ دہ یلو (سفید) ہندِ لنہِ ، شیرین پٹھۍ کھنہ تہ گھرن منز یلو پھول ہاونہ ستۍ جشن منز
7023,اگر توہہِ دِندِس دِندِس ستہِ یِہِہِ تہہِ چیزہ تہہِ قیمتی چِھ، تیلہِ یِہِ تہہِ د
7024,ریڈ ڈایڈ چھ مغربی موضوعہ وڈیو گیمن ہند اکھ سیریز۔
7025,یہ اوس انتقادی تہ تجری طور کامیاب تہ انتقادی كرنہ كور تمہِ ہندِ کارکردگی ہند تعریف۔
7026,گو آو چینس منز تخلیق کرنہ، مگر خاص وقت چھنہ زاننہ یوان۔
7027,ونسہِ چھِ پریسبیٹرین تہ کیتھولکس میگھالیہس منز لبنہ آمتہِ ز ساروے کھتہ عام عیسییی مذہب۔
7028,اتھ منز چھ گیم بائی ایوانس کھتہ لکٹن لنک پورٹ۔
7029,پننہ کریڈٹ کارڈ کمپنی کال تہ بہتر شرحچ درخواست۔
7030,بیک، طرفہ، ہاک تہ ایکس کیکس ہنز سپیننگ ورژن ہکن تمام کیکس ہنز سپیننگ ورژن ستۍ تہِ کٔرتھ۔
7031,بھاراریسین، چمولی ضلعہ منز اکھ قصبہ، چھ اُتراکھنڈک موسم گریی دارالحکومت۔
7032,مقابلہ منز مقبولیت بڑنہ ستۍ، چھٗ زیاد میڈیا، فٹنس تہ پننہ دفاعس منز حصہ تہ نمییی ہند اضافہ۔
7033,تٔمۍ اوس اسلامک قانون، کرانک وضاحت، ادب تہ فلسفہس منز حصہ دِوان۔
7034,موسیقی چھُ بُدھ تہ جین متنن منز عام دورک سارِووِووِووِووِووِووِوِووِوِوِوِوِوِو
7035,اکتوبر 1916 منز کور تٔمۍ گری ایسن منز بار کورس خطر ریکارڈ، تہ تٔمۍ کور لندن سکول آف معیشتس منز ریکارڈ ییتہ تٔمۍ ڈاکٹر ٹی
7036,یہ تہوار چھ پرتھ ؤرۍ نومبر کس گڈنِک دہ منز مناونہ یوان۔
7037,نہ بین الاقومی معاہدچ خواہش ییلہ جنگ اوس یوان ییلہ یقینی طور آسن۔
7038,یوتھہِ اکھ خاص مُقابلہ ستہِ چھِ اِلٹرا سونڈ ہِندِس ہِندِس سِکلری تھیرپِی پتہ ستہِ سُکلا
7039,یہ چھ ز عنصر، ییر تہ کاربن ہند اکھ موازنہ۔
7040,یہ اوس 1994 منز نیو یارک ریپر ڈی نوتوریوس بی آئی جی ہند طرفہ قیم کرنہ آمژ۔
7041,س کٔر 1973 پیٹھ 1976 تام پنسلوینسیا ہاوس آف ریپریسٹینٹس منز کم۔
7042,یہ چھُ نوٹس پیٹھ وچھان زِ گپتا، حالانکہِ تِہندِ طاقت اوس واریاہ کم گژھان، اوس ہنز مقابلس منز روُد۔
7043,اصلی ریس منز آو کینیڈین ڈایین روے سندۍ ستہِ گولڈ میڈل زیننہ تہ یہِ سِلور آو برطانوی شلی وڈز ستہِ۔
7044,مے گژھنہ ییلہ بہ وچھۍ بجلی بورڈ کم کارن زمین پیٹھ 50 فٹ کھتہ پٹھہ پٹھہ پٹھہ پٹھہ پٹھہ
7045,شُملی سینٹینل جزیر چھُ انڈیمن تہ نِکوبار جزیرن ہندِس جزیرچ سلسلس منز واقع یُس ہندوستانُک اکھ اتحاد علاقہ چھُ۔
7046,سُہ چھ پننہِ تخلیق، دی کامن مین تہ پننہِ دہہ کارٹون سٹریپ، یو سِید اِٹ، دی ٹایمز آف انڈیاس منز زیاد مشہوٗر،
7047,یہ شہر چھٗ پننہ ثقافتی میراثہ باپت زاننہ یوان ییلہِ یہِ چھٗ یہِ جایہ ییتہِ پرورد رامن تارکا شیطان تہ سج وشوماٹرا س
7048,پوورنن کور جیز پیٹھ مبنی انتقبیو طرفہ مثبت جواب۔
7049,مئی 2019 ہس منز آو سورینسنس پانکریٹک کینسر ستۍ تشخیص۔
7050,مختصر فاؤل چھِ ذتی تہ عومی ٹیوُب وول تہ ہینڈ پمپ ستۍ یِوان۔
7051,یہ وائرس چھ جینس فلاویویروسک آر این اے وائرس۔
7052,مردہ کیک باکسر چھِ باری چیسٹہِ كِس كِس كِس كِس كِس كِس كِس كِس كِس كِس كِس كِس كِس كِس كِس ك
7053,ماننہ آمژ زِ روحن کور پننہِ پائلرال یا آسہِ تام سفر کرنہ برونہہ اتھ جھیٖلس منز گژھان۔
7054,مثالہ، تہہ ہیکہ زانتہِ زِ اکھ سوئٹر سُند اصلی قیمت چھ 69 ڈالر، تہ یہ چھ 51.75 ڈالر خطر فروخت کرنہ یوان۔
7055,شُملی امریکی فلور بال لیگ چھُ یورپہِ نِش گڈنِک تہ صرف نصف پیشورانہ فلور بال لیگ۔
7056,1869 منز کٔر نیپولیون III تحت سوئز چینل کھولنہ، ییمہ ستہِ سمندر سمندر ہندِ سمندرس ستہِ رلان۔
7057,کھلڑِ چھُ روبوٹس شکست دِوان، تہ ہالو چُھ فعال کران۔
7058,کانہری چھ سنسکرت کرشنگیری پٹھ آسن، ییمہِ مطلب چھٗ سیر پہاڑ۔
7059,سنگ ہِن پارکن کور زنانن ہندِ 12 رُون میچَن منز اکھ نوو اولمپک ریکارڈ بنوِتھ یتھ منز أمۍ سندِ سکور 115 چُ
7060,یہ چھ سری لنکاہس منز اکھ بوڑ تامل تہوار۔
7061,یہِ تہوارُک حصہ پٹھۍ چھِ روایتی طور کیٹ فلائینگ یِوان۔
7062,کینیڈینن کور ومی راج کس جنگس منز یتھہ وچھنہ منز وچھان۔
7063,فید چھ فوری شفا تہ ممکنہ کارسینومک ہٹاونہ۔
7064,اوہ! نہ واریاہ دکانہ چھ ملک کین اتھ حصس منز کاسمیری ولو بیٹ کنہ یوان۔ مے چھ حیران ز تہہہ چھ یہ۔
7065,"بینڈی سکیٹس منز چھ ییلہِ ہاکی سکیٹ کھتہ زیاد بلیڈ، تہ ""روسین سکیٹ"" چھُ تہِ زیاد۔"
7066,برچفیلڈ مُود 5 فروری 2016 جیکسن وِلِڈ، فلوریڈاہس منز۔
7067,مے چھ یِم قیمتی قدیم کِس کِس کِس کِس کِس کِس کِس کِس کِس کِس کِس کِس کِس کِس کِس مٗتعلق کٔ
7068,ڈسی مارتینی ہندِ نِکل آرورا دِیوُت اتھ 2 سٹار۔
7069,یہ چھ 51°01 شمالس منز، 03°08 مشرقس منز۔
7070,تمہِ سُند گڈنِکٹِک کام اوس مانٹوہ ہِندِس ڈِکَس منز کم کران۔
7071,روئیگی صوبہ چھ برونڈی کِس 18 صوبن منز اکھ۔
7072,واتسن گٔیہ 2003 ہس منز پیشہ ورانہ تہ گِیُن 2005 تام قومی وائیڈ ٹور۔
7073,ڈیوکیشن چھ کینہہ قسم ہنز خرچ یم حکومت ٹیکس ادا کران چھٗنہ۔
7074,مہاراشن کور خاص طور پنن فوجن ہند حکم ز نہ کانہہ شہری ہندس ملکس ملک یا ملکس ملک۔
7075,ییلہِ ہُند لیٹر یِوان چھِ، تیلہِ ہُند دستخط کرِ، تہ یہِ رِپیٹ یِہ تہہ واپس یِنہ یِوان۔
7076,کیپسایسن چھ ییمہ چلی پپرز چھ ستہِ ستہِ ستہِ ستہِ ستہِ ستہِ ستہِ ستہِ ستہِ چلاوان
7077,ہیسے ٹوہ فاسے چھ اکھ ٹھوس عملہ خطر اکھ چُھ وقتہ یُس پننہِ اہم جوڑن ستۍ اکھ كرنہ آمُت چھُ ۔
7078,ڈویلپرن خطر لینکس خطر گیم بناونہ خطر چھٗ اوپن سورس کوڈ ۔
7079,بیڈنور سندِس رتہِ منگلوور شمل مالابار ساحلس منز واریاہ بندرگاہ شمل۔
7080,اصلی مقام بنیو اکھ جزیر، یس میسیسیپی دٔریاو ستۍ احاطہ تھاوان۔
7081,زیاد تر گپھ چھ پور ؤرۍ تام تِہ درجہ حرارتس منز روزان ۔
7082,کیریبی کیریبی چھ سویڈن کس وسٹرا گوٹالینڈ کاؤنٹی منز کونگلو بلدیہ ہُک اکھ علاقہ۔
7083,یہِ ستہِ چھِ جلدچ رنگن ہندِ سلول تباہ کرنس منز نتیج۔
7084,مے چھ یہ تہِ سندِس گردنَس پیٹھ لٹان، اے مے یتھ منز واریاہ چھِونہِ مُتعصب وابستہ چھِ!
7085,مے چھس پریشان ز کینہہ کمپنی چھ پننہِ ملازمینس پیٹھ اثر انداز کرنہ ورے عملہ آٹوٹائٹ کرنہ خطر AI استعمال کران۔
7086,یہِ چھُ اَتھ سرزمین ییتہ گڈنِکن لوُکن پٹھۍ پٹھۍ پٹھۍ پٹھۍ پٹھۍ پٹھۍ پٹھۍ پٹھۍ پٹھۍ پ
7087,تمام یم تبدیلیو چھ انٹرنیٹ ایکسپلورر 8 ایسایڈ 2 ٹیسٹ پاس کرنُک اجازت دوان۔
7088,ویلے بنیو 2016 ہس منز اکھ امریکی شہری، ییلہ تمہِ پننہ میکسیکو شہریت برقرار تھاوان تھاوان۔
7089,ترییی شعبس منز چھ خدمات شمل یتھ کٔنۍ نقل و حمل، ذخیر، مواصلات، سیاحت، بینکنگ، انشورنس تہ املاک۔
7090,مہویٹرن چھُ مہانرمتی، پٹھۍ بجلی پٹھ پٹھۍ پٹھۍ پٹھۍ بجلی ہندِ پٹھۍ پٹھۍ پٹھۍ پٹھۍ پٹھۍ پ
7091,سُہ چھُ اکھ سیسی تبصر کران تہِ یُس باقی شوَن پیٹھ وُچھنہ یوان چھُ۔
7092,تہہ ہیکہ صرف پننہِ ہندِس آرس فونس تہ مدیتیشن ستۍ موسیقی سندِتھ ۔
7093,واریاہ اکثر، تم چھ اکھ رجحتی پیٹھ کامیاب گژھنچ کوٗشِش کران۔
7094,جارج تھامسن تہ کن پائل چھ لندنس منز گنگسٹ۔
7095,واریاہ گڑن چھے ہالی بڈے ہندِ شامس منز ایسٹر ویجیل ونان اکہِ خدمتس منز ایسٹر جشن منز شروٗع کران۔
7096,"تٔمۍ وون پننہِ ٹیسٹنگ افسر زِ تٔمۍ سندۍ کم سہِ ""غر، پرغر تہ شُرِی""۔"
7097,ایڈیٹ گالٹن کور خاندانچ جوا کاروبار چلوِتھ اکھ مینیجر منتخب۔
7098,اگر یِمَن دن قسمَن منز کانہہ تہِ لاگو گژھان چھِ، توہہِ پَرو یہِ تصویر اپ لوڈ نہ۔
7099,کل آبدی منز چھ 37.48 فیصد لوٗکھ شہری علاقن منز روزان۔
7100,1970 تام اوس بلیزرن پننہِ زِیاد ریول دشونی ہندِ بینہِ ۔
7101,تٔمہِ فلسفہ تہ صحت تہ ورزشس ستۍ تمہِ ستۍ ستۍ ستۍ ستۍ ستۍ ستۍ چھِ چینی مارشل آرٹسس منز کینہہ حدس
7102,مہرشٹر، گجرات تہ مدھیہ پردیش کس دکن لوا علاقس منز چھٗ بتھ ملۍ ملۍ تیار کرنہ آمژ۔
7103,امید چھ یوان زِ یہِ نتیجہ ستہِ سائنٹسٹن زمینہ سندِ عالمی گرم گژھن بہتر سمجھنس منز مدد کرِ۔
7104,پننہِ فیلانٹروپک کوششہ باپت ہاسننن کور گڈنِک ابراہیم کوووور نیشنل ایوارڈ 2004 منز۔
7105,عام طور بال بیارنگ تہ پولیوریتین وائل چھِ موٹم تہ ٹریکشن خطر استعمال کرنہ یِوان تہ یہِ آلات یا گاڑین ستۍ رلتہِ یِم رولر پن
7106,پِلٹَن کور صدریو سندِس طرفہ تصدیق زِ عیسیٖس اوس مُود۔
7107,یہ اوس جارج بریس تحت فیبرگی کیسمٹکس ہُند اکھ آف شوٹ۔
7108,"وِزِ، ""شکریہ، مگر نہ شکریہ۔ اکھ عظیم دہ۔"""
7109,یہ کھیل چھ یورپی مُلکن منز گِنڈنہ یِوان یِتھ کٔنۍ سوئٹزرلینڈ، یتھ منز پرتھ بٔڑِس شہرس منز امریکی فٹ بال کلب
7110,سُہ اوس 2010 پیٹھ 2014 ہس منز پننہ مرنہ تام کیسٹریلون ہُند مارکیس۔
7111,شیپ مُود 7 اکتوبر 2021 ، 86 وُہُر ونہِ ونسہِ ۔
7112,لکھنہ بنو خرِین پٹھۍ آمدنی ہُند اکھ مستحکم ذریعہ۔
7113,تُہندِ ذتی ملیات خطر ہیکہِ ساروے کھتہ اہم چیزو منز اکھ چھِ تِمن متعلق سوچناونہ شروع کرُن تہ تِمن پیٹھ ک
7114,بتھ چھ ڈیوڈ شینکبون سندِس ترین ڈومینٹریکسن ستۍ انٹرویو۔
7115,یہِ ہیکہِ نیبرِ یا نیبرِ منز گِنز گِنز یِتھ تہ ملی تعلیمی کلاسن خطر چھُ اکھ تیار کرنہ آمتہِ کورِک
7116,یہِ دُن کھلڑین ہندِ زندگیَن منز چُھ وُچھان: تمہِ ہندِ جنگ، تمہِ تمہِ سندِ خواب تہ تمہِ ہندِ خواہ
7117,لیوف تہ فارلوگ چھ روزانہ واقعیت بنان، ییمہ ستۍ کم کھونہ خطر زیاد خوف ولہِ چھ۔
7118,اوہ، یہ نوو سٹور ہند ترتیب چھ واریاہ پریشان کن۔ یہ چھ خریدارن خطر پریشان کن۔
7119,یہ چھ اکثر پننہ گڈنِچ سرمایہ کری خطر کم فیسہ ستہِ ڈسکاؤنٹ بروکر منتخب کرنُک اکھ اکھ اکھ اکھ اکھ اکھ خیال۔
7120,سُہ چُھ بلونہ ہُند موُل یُس پننہِ سرس پیٹھ کھتہ کھتہ کھتہ چُھ۔
7121,کینسرک گرم چُھ ریاستس منز لگاتار اتھ وسطس منز چلاوان۔
7122,مالابار بغاوتس منز کٔر مالابار کن مپِلا مسلمانن برطانوی راجس خلاف بغاوت۔
7123,ایونٹ ڈایریکٹر مارٹن لیوی، پاور بوٹ ڈیزائنر سونی لیوی ہند نیچور، کور 2016 ہس منز ایونٹ چلوِتھ ۔
7124,یہ اوس قدیم مصری ہس منز فارواہ ہندین فوجن استعمال کرنہ آمت۔
7125,"موجود قیمتس پیٹھ فی نفرہ آمدنی چھ ₹72,993۔"
7126,یہ چھ ونسہِ تقریباً 18 میل فی گھنٹہ پٹھ حرکت کران، تہ یہ چھ جمیکا کِس ساحلس پیٹھ تقریباً 390 میل دور۔
7127,سندھو چھُ ہندوستنہِ ریاست مدھیہ پردیش کس باروانی ضلعس منز اکھ بلدیہ حکوٗمت ستہِ شہر۔
7128,سُہ تہ بیل گریڈن چھِ 1940 کس دہلس پیٹھ صرف زند رہوِم ایم پی۔
7129,تٔمۍ زیوٗن ایریڈویسیس منز پننہ وقتس دوران کین وی بی کپ تہ ایریڈویسییییییییییییییییییییییییییییی
7130,دویمہِ عالمی جنگہ پتہ گڈنِیو انجیلن ہندِس سخت دورس منز شروٗع۔
7131,نایاب طریقہ چھ وِکیٹَس ماران، بالَس دشونی ماران، میدانَس منز رکاونہ تہ وقتہ كرِتھ۔
7132,یہِ منز چھ خاص دیوتاہن ہندِ تعریفس منز قسمہ شمل۔
7133,یِتھ کٔنۍ چھِ یہِ مُقدس جایہ، یتھہ گِرِنِٹ بیڈس پیٹھ اکھ بہاؤ گژھان چھِ، یہِ چھِ کینہہ زائرینس صلح ہ
7134,امانٹیہس منز گڈنِک لوُکن ہندِس مقبوُل آو III میلینیمہِ قبل مسیحس منز قیم کرنہ۔
7135,مونورایل چھ عام طور پیچید تہ مہند، لہذا زیاد تر جایہ چھ نہ یم۔
7136,ییلہِ ہٹلرن 1930 کس دہلس منز جرمنیس منز طاقت حصل گژھان، تٔمۍ کٔر موسولینی کپی۔
7137,ییلہِ زن آئرن ماسک تھاو اوس نہ پور وقتس منز ماسک پور۔
7138,یہ چھ اکھ اکھ مزہ لگان ز بہ چھس تٔمۍ خطر کھینچ خطر کھینچ خریدان۔
7139,منموہن سنگھن کٔر وزیر اعظم پٹھۍ ز پوٗر اصطلاحہ کم تہ کٔر یونٹہ پروجسیوِیو لیلینس (یو پی اے) حکومتن ہندِ سر د
7140,چوہنن دِیوُت جالور تہ قلعہ خطر اکھ مُختٔلِف سُندِس سُندِس سُندِس سُندِس سُندِ
7141,مارتینز زاو بروکلن، نیو یارک منز پورٹو ریکن ملک ملک ۔
7142,مسلہ کنٹرول کرنہ خطر کوٗشِش کٔرِ ڈیلہ انتظامیہن تقریباً 500 مٗلکَن گرفتار تہ پٔتمِس ؤرِیَس منز تِم شہرچ اَ
7143,سربیاہ کور 2001 ہس منز عالمی میراث کنونشنس منز حصہ نِنہ خطر رضامندی۔
7144,سایلندر ناتھ سینس مطبق کور پُلوماوی 96 پیٹھ 119 مٔیٖل عیسوی تام حکومت۔
7145,وکیٹیپو ڈو سی ہندِ بولن ولِک ایڈورڈزن وون زِ یہِ اوس نہ گڈنِکِس گڈنِکِس گڈنِکِس گڈ
7146,اشوکاہن وون زِ سُہ بادشاہ بننہ خطر ہُند سزا سہِ ستہِ ستہِ ستہِ ستہِ ہتھیار ظہر گژ
7147,بنزودیازیپین چھ ساروے کھتہ عام طور استعمال گژھنہ آمتہِ شراب تہ ڈی ٹی خطر دوا۔
7148,مے ہیکہ ہندوستانس منز مقمی مونی لینڈر یم انسانیت ہندس احساسس منز نہ حملہ آور جمع کرنہ باپتھ ٹیکسٹ استعمال کران چھ۔
7149,روپکا تالم چھ چتھسرا جتی روپکا تالمس تہِ اکھ معموٗلی ہُند حوالہ دِوان۔
7150,تاہم حالے مارچ 2013 ہس منز آو میگھالیہ ہائی کورٹ گوواہتی ہائی کورٹ نش الگ کرنہ تہ ونسہِ ریاستس چھ پننہ ہائی کورٹ۔
7151,تُہۍ سندِ ماجہِ پریتھ تہ زلِتھ چُھ، کیا تہہِ چھٗنہ زِ تہہِ چھٗنہ زِ ہسپتالس منز اکثر دور
7152,مے چھ یہِ وچھِتھ زِ یہِ چھِ غر غر غر غر غر غر غر غر غر غر غر غر غر غر غر
7153,فہرست صفحاتن منز چھ خاص قسمک چیزن ہند اعداد و شمار، یتھ کٔنۍ سوویت ریاستن ہند فہرست یا جنوبی افریقہ کس فہرست۔
7154,یہ چھ کم واقع، شدید درد یس تھرمل حوصلہ ستۍ تیز گژھان چھ، تہ یہ چھ حوصلہ ہٹنہ پتہ پٹھۍ پٹھۍ پٹھۍ پٹھۍ پٹھ
7155,تھار صحرا کِس دلَس منز مغربَس منز چھِ مارواری بولنہ یِوان، یُس جنوب مغربَس منز گجراتس ستہِ رُکُن چھُ۔
7156,کیلا کلارکن کور 28.66 کس دہلس منز 50 میٹر ایونٹ، ایس14 ریکارڈ۔
7157,کینژن مُلکن منز چھِ برعکس حکومتن رام دِنہ ہُند مراقبہ محدود کرنہ آمُت۔
7158,نصف وقتہ برونہہ کٔر ارجنٹائن گول کیپر سرجیو رومرون جوسف مارٹینٹس ستۍ سفر تہ ونزوئلا زیوٗن پنالٹی کِک۔
7159,ساینس دان چھ نہ یِنہ یا ٹڈپولس متعلق زیاد زانانان۔
7160,شُدھ دیسی رومانس کٔرِتھ کٔرِتھ زِ یہِ کٔرِتھ دن دہن منز 1.7 ملین ڈالر جمع۔
7161,تہہ ہیکہ اکھ کلاس اکھ مٗلِہ پٹھۍ سوچوِتھ ییمہِ ستۍ چیز بناونہ یوان چھ۔
7162,پتہ چھِ ہیندِ اعداد و شمار بوڈھِس اعداد و شمارس منز آوان، ییمہِ ہندوستنہِ بودھزمچ ٹرمینل کم گژھن ہُند و
7163,آن لائن یا دکانس منز تلاش ییمہِ تہہ چیز ییمہِ تہہ تہہِ تہہِ تہہِ تہہِ ہنز پوٗر قیمت پتہ
7164,1960 تہ 1970 کس دہلس دوران آیی بی ایمَن کٔر اہم فریم کمپیوٹر مارکیٹَس پیٹھ غلب۔
7165,پھلن ہندِس دوران چھِ دویمہِ ایس ایس 4 اے تہ مٗقبی ایس 4 بی چہِ ہنز بُنیادچ حد۔
7166,وججیا نگر بادشاہ سۍ تمام مذہبن تہ شعبن ہند صلح، یتھ کٔرِتھ غیر ملکی زائرین ہندِ ہندِ ہندِ ہندِ ہن
7167,پینک اوس میچ زیننہ تہ پنن چیمپئن شپ برقرار كرِتھ۔
7168,"سُراتس منز آیہِ تِم 30,000 لوٗکھ ہندِ طرفہ خوش آمدید۔"
7169,چوجیو سینٹی لیومن چوجیو سینٹی لیومن چھ اکھ جاپن ٹیلی ویژن سیریز۔
7170,یِمَن منز چھِ جن جے کلر مین ایوارڈ تہ ہینری نیوفیلڈ ایوارڈ شمل۔
7171,سویڈن منز چھ شُرِن ہُند دہ اکتوبر کِس گڈنِک دویِس دہس منز مناونہ یوان۔
7172,یہ ہیکہ ایئر کرایہ کیریئرن ہنز خاص ڈیزائن کی وجہ ستۍ ہکِہ ہکِو۔
7173,شطرنج اولمپِڈ شطرنج اولمپِڈ چھِ تمام قومی ٹیمن خطر شطرنج ایونٹ کھولنہ یوان۔
7174,آسٹریلی ٹورس دوران کور تٔمۍ بریسبے منز نیوزی لینڈس خلاف او ڈی آیی ای منز پنن گڈنِک پنچِس پنچِس پنچِس پنچِس پنچِس
7175,آن لائن مدد تہ ویڈیو ہاؤٹوریل چھ صارفس خطر دستیاب۔
7176,تمہِ سندِ ٹیم کٔر میچ ایج لی، کیٹلین تہ ناومی نائٹَن خطر ۔
7177,ہساین سندِ قبر بنیو شیعہ مسلمانن منز صرف پننہِ مرنہ پتہ کینہہ ؤرۍ پٹھۍ اکھ پناہ گاہ۔
7178,مِزورم لوٗکھ چھُ ونسہِ ہندوستنہِ قانونس تحت اکھ سٹیڈولڈ قبضہ پٹھۍ تحفظ۔
7179,فروری 2014 ہس منز گڈنِچ واریاہ فلمہِ ہُند شوٹ گیتم بودھ یونیورسٹی تہ گالگوٹیا کیمپس اُن تہ دی گرینڈ ونیس مِلَس منز
7180,"بارڈواے رنگنن وون، ""کواشن سنز کامیابی چھ تصدیق زِ سُہدنیات چھ زنانہ ستۍ متمرک فلمن ہندِس سلسلس منز کھولن"
7181,اکھ سلیڈنگ دروازہ چھ اکھ دروازہ یس سلیڈنگ ستۍ افقی طور کھولان چھ۔
7182,یہِ اوس صرف ز دروازہ، مگر یہِ ہیکو ژور ملِس تام بیٹھتھ۔
7183,معیار كر الیکٹرانک دستخط چھُ ڈیجیٹل سرٹیفکیٹ استعمال کران، یِم تصدیق کرنہ آمتہِ سرٹیفکیٹنگ حکوٗمتہ چھِ ۔
7184,یہِ س چُھ کمِس طریقس پیٹھ گژھان یِتھہ ہیکہِ ہم یہِ ونان زِ فلمہ منز چھِ ہندِ ہندِ ۔
7185,سُہ گٔیہِ تریوانڈروم، کیرالہ منز مہاراجا سندس کالجس منز جانورن ہندس منز پننہِ بُگرڈوڈ ڈگری ڈگری پوٗر
7186,کھینن ہندس کمزور وقتس دوران چِھ ناپسند عملہ ہندِس صورتس منز پننہِ خاندنی ہندِس لکِس تہ گُندِس س
7187,تریِم دہ چھِ مٹیو پونگل گڈنہ خطر پیش کرنہ یِوان، تِکیازِ تِم چھِ شیر فراہم کران تہ چھِ زمینہ پٹھۍ پ
7188,یہ زبان چھ پریتھ وقتس منز تبدیل گژھان، تِکیازِ نوو لفظ بنومژ تہ استعمال کرنہ یوان چھ۔
7189,یہ چُھ زبان، تقریبات تہ رقص فنکشن فارمَن پیٹھ تہِ تحقیق کران۔
7190,پننہ دستخط لکھنہ خطر، ییتہِ تہہ پننہ دستخطس منز ہیکو تہہِ یارانہ یارانہ یارانہ یارانہ یارانہ یار
7191,جِب جابَن پتہ گوو ڈِکسے سندِس ٹونس تام بییہ انیمیشن سیٹ ستہِ۔
7192,یہ اوس 18 ہمہ تہ 19 ہمہ صدی دوران یورپس منز تقریبا عام۔
7193,پننہِ مرنہ پتہ کور اورنگ زیبن سنگھ سندِس بینہِ تہ تمہِ سندِس نیچِس اجیت سنگھ دِلہِ من
7194,مے چھٗ مے پٹھۍ پکانہ ہندِس ترتیبس منز تاخیر ستۍ پٹھۍ غصہ یوان ۔ یہِ چھُ وعدہ دِنہ آمتہِ د
7195,پُنگابُک روُدیی موسم چُھ جولائی کِس گڈنِک ہفتس منز شروٗع گژھان ییلہِ بنگال کس خلیجس منز ولۍ مول
7196,باقی بیکوارڈ کلاسن منز چھ پنجابس منز آبدی ہند 31.3%۔
7197,اگر تہہ شُرِ ستہِ خریدری کران چھِو، یہِ چھِ خاص طور اہم۔
7198,تاہم، یورپہ کن تمام پروازہ منسوخ کرنہ یوان، ییمہ سندۍ والی سندۍ بیوی تہ نیچِس ہوییی اڈس منز رٹ
7199,تٔمۍ کٔر 2010 منز ڈسکیوری چینل پٹھ شارک ہفتہ تہ میزبنی۔
7200,مینو اک لڈکی چہھیے (ترییتہ چُھ مے اکھ گڑیا یژھان) چُھ 2014 ہندوستنہِ ہندی زبانہ ہندِ سٹیرکل فلم،
7201,اَتھہِ واریاہ پتہ چھِ مُولانا پننہِ پتہ دارن حُکومتَن ستۍ مشکلہ ستۍ یِوان تہِ پننہِ طاقتس منز اضافہ کران
7202,2003 منز، فوربسن کٔر سکواش کھیلچ رقم اکھ صحت مند کھیل درجہ۔
7203,ییلہِ وچھِن ولِس ہُندِس جواب دِنہ یِوان کرنہ یِوان، سٹیشن کِس کُمنڈر دِمیٹری کانڈریوَن کو
7204,فرانس 5: فرانس 5 چُھ فرانس ٹیلی ویژنز طرفہ اکھ فرانسیسی ٹیلی ویژن چینل۔
7205,اقوام متحدہ چھ رپورٹس پریشان کن ونان ۔
7206,اتھ منز چھ کیریبین ہند واریاہ لوٗکھ ۔
7207,س کٔر امریکہ کس وسٹ لافیٹ، انڈیا ہس منز پرڈوے یونیورسٹی منز فارمیسی ہند مطالعہ۔
7208,یہ کھیل اوس تیزی سان گِنڈنہ آمت تہ یہِ اوس دلچسپ واقعاتن ستۍ پٹھۍ پٹھۍ پٹھۍ پٹھۍ پٹھۍ پٹھۍ پٹھۍ پٹھۍ
7209,جٹ لوٗکھ چھِ خاص پٹھۍ پگھاب رجمنٹس منز پکستان فوجس منز تہِ کم کران۔
7210,یہِ سائز ییمہِ غر غر غر جانور چھِ ونان چھِ زینن ونان ۔
7211,سِکتا تہ کیوری چھُ یہِ کندوا میدانس نیبرِ شمل ۔
7212,1970 کس دہلس دوران امریکہس منز شُرِ جنسی زیاد کرنہ خطر پیش کرنہ خطر پروگرام تیار کرنہ آمتہِ تہ یہِ اوس اصلی شُرِن دِنہ آم
7213,1997 منز گِیُن تٔمۍ گڈنِچ گڈنِچِھ فلمہِ گُھلم-ای-مستافاہَس منز وِکرام ڈِکسٹ سنز حمایت کرنُ
7214,تاہم، یو ایس ایس ہنز تمام قسم چھنہ ناکام چھٗ اہم غلطی۔
7215,اتھ منز چھ ہندی فلم تہ ٹیلی ویژن انڈسٹری تہ، یتھ بالی ووڈ ونان چھ۔
7216,کلاریپیٹ اوس 11 ہمہ صدی تام پننہ موجود شکلس منز تیار گژھان، چرا تہ چولا خاندانن درمیان طویل جنگس دوران۔
7217,ابتدئی آٹوپسی رپورٹن چھُ وُچھان زِ یہِ کور چھِ پریشانی تہ گڈنِس پیٹھ زخمچ زور دِنہ ستہِ مران۔
7218,لورڈ ہانومان زاو اینجینری پہاڑس پیٹھ۔
7219,مچھلی ہندِ پٹھۍ چھِ جزیرن ہندِ اہم زندگی، یا بییہِ چھِ یہِ کوکونٹ فیبر۔
7220,"یہِ بیمار اوس نیو اورلینز پیٹھہ سٹیمبومپٹ سڑکہِ پیٹھ سفر کران، ییمہِ ستہِ کُل 100,000-150,000 موت گژھان۔"
7221,ییلہ تہہِ کنہہ پونسہ یِنہ خطر کٔنہہ چیزہ خطر دِنہ کرِونہ برونہہ کٔ
7222,یہ آیہ 1966 منز ہوی پی نیوٹن تہ بابی سیلن قیم کرنہ۔
7223,شکاگو خطر چھٗ احترام مختصر ییلہِ گِروکس سندِ گول صرف 56 سیکنڈ پتہ آو ۔
7224,تمہِ سندِ نیچِو نیچلاس دوم روس اوس روسُک خری بادشاہ۔
7225,کانہا، بینڈھاو گڑھ، پینچ، پانہ تہ ستپورا نیشنل پارکہ چھ پروجیکٹ ٹایگر علاقہ پٹھۍ انتظام کرنہ یوان۔
7226,مثالہ، تامل ناڈو منز، آبس منز چھِ ماگھا میلہ آبس منز چھِ قدیمیت ہُند اکھ تہوار۔
7227,پٹیلن کور بوسس پارٹیس پیٹھ زیاد طاقت ہند خواہش۔
7228,مہاوانس مطبق کور بنڈوسارا 28 ؤریہ تام حکومت، ییلہ زن پوُرانس مطبق کور تٔمۍ 25 ؤریہ تام حکومت۔
7229,عملہ چھ وضاحت کران ز تم چھ سنیجس پیٹھ نوو تہ چھ اکھ سٹیشن تلاش کران یس شو ہویی کرن یژھان۔
7230,افمیلا نوتھیڈ چھِ ہیوُن ہند علاج پٹھ مطالعہ کرنہ یوان۔
7231,کوپن چھِ بگِنِہ خریدری ہُند اکھ کلاسیکی ذریعہ۔
7232,یہِ ناوُلا اوس گڈنِکنہِ ستارمینیتی اشیاء یتھ منز تریخی سپرنووا دھماکہ ستہِ شناخت کرنہ آمژ۔
7233,تمام ورنامن منز چھِ لگہ تہِ سورا پیٹھہ تہِ شمل، یتھ منز اکھ پلووی، اکھ انوپلووی، مُکتی سوراس، اکھ چارانم، تہ
7234,تامل ناڈو منز لڑے ہنز جنگ چھ قدیم ادبس منز یتھ کٔنۍ مانو نیڈی ساسٹرم، کیٹو سیول ساسٹرم، تہ باقی سنگم ادبس منز ذکر کرنہ
7235,انفرادی واقعاتن کٔر عومی منز دلچسپی حصل تہ پریس ستۍ آو سنگین طور اطلاع دِنہ۔
7236,یہ چھ اکھ اکھ اُر پیرنچ تقریب یُس عام طور زندگی ہند گڈنِک تہ پانژھ ؤرِین درمیان پیش کرنہ یوان چھُ۔
7237,تِم س 1930 منز بییکونز فیلڈ، آیوواس منز اکھ عام سٹور کھولنہ۔
7238,ریڈ ونگزن زیوٗن پٹسبرگ کس ملون آرینا منز پٹسبرگ پینگوئنزس خلاف 3-2 سکور ستۍ چیمپین شپ فائنلس سندِس گیمہِ ۔
7239,اِتھریٖخی ثبوت چھُ ونان، یُس الکساندر کارٹرن ہُند وضاحت چھُ، یہِ چھُ وُچھنہ زِ اودیسی مہارِس تہ رقص ہالن ہ
7240,ہندوستنہِ زبانن ہندِ علاو، تٔمۍ کینہہہ غرنہِ زبانن منز تہِ گیوو، یتھ منز انگریزی، فارسی، عرب، سین
7241,امہ برونہہ تقریباً اکھ ریتہ کٔر اکھ افغان سیکورٹی افسر پولیس سٹیشنس منز شوٹنگ شروع، ییمہ ستۍ ترے امریکی فوجی زخمی تہ اکھ ہلاک گٔیہ۔
7242,اوبیڈ زاو 24 نومبر 1947 دہ ڈیمانٹ، انٹر ریووس منز۔
7243,ہم چھِ تہہِ پننہِ پرواز کری ہٗند معذرت کران زِ تہہِ چھِو زیاد بیکروُٹ کرنہ آمتہِ۔
7244,اکثر یہِ چھُ 15 پیٹھ 30 وُہُر ونسہِ تام لوٗکن منز شروع گژھان، یا 60 ونسہِ کھتہ زیاد لوٗکن منز چھِ مرد تہ زنان
7245,مے اوس پیرس تہ آمسٹڈیمس درمیان ستۍ تیز رفتار ٹرینس پیٹھ سفر کرنہ پتہ طاقت ستۍ پٹھۍ پٹھۍ۔
7246,سیدھادری چھٗ پاروتی، پرندِ شیوا سندِ خاندار۔
7247,تٔمۍ گِیُن 24 گیم تہ 1997 تام ژاپن خطر 4 گول۔
7248,مہزی (تریی کرنہ آمتہِ) چھُ اکھ ہندوستنۍ بالی ووڈ فلم، یُس جائیڈیپ چوپرا ہندِ ہدایت کری تہ جائیڈیپ چوپرا
7249,اکتوبر 2021 منز کور صدر بڈن روزن ورسلس پٹھ پٹھ پٹھ اف سی سی چیئر بننہ خطر نامزد۔
7250,الیکٹرانن ہنز یہ لکٹہ بہاؤ چھ بہاوان ییلہ ٹایپ سطحس پیٹھ تقریبا لمس کران چھ۔
7251,ویرلنگ بیمار چھِ جوان مچھِ کھتہ زیاد زخم دِوان، تہ ہیکہ ہنز ہنز تہ اعصاب زخم دِتھ۔
7252,یہ ہیکہ واریاہ مُختٔلِف مواد ستہِ بناونہ یِتھ، یتھ کٔنۍ پلاسٹک یا ایلیسٹک ٹاسِک۔
7253,یانگسٹن چُھ 2014 ہچ ہندوستنۍ ہندی زبانہ ہندِس اکھ سیسی فلم ییمِس ہدایت کری سِید احمد افسال چُھ۔
7254,چناکیہ چُھ وننہ یوان زِ تٔمۍ کٔر نانڈا بادشاہس ستہِ ملاقات، تٔمۍ حملہ، تہ کٔر اکھ پریشان فرار۔
7255,کرمناسا چُھ بِہار کس کیمسور ضلعہ ساروڈاگس نزدیٖک کیمر رینج کِس شُمالس طرفہ (1150 فٹ) 350 میٹر (1،150 فٹ) تھودس پ
7256,یِم چھِ عموٗمَن فیزیزی تہ شیرین، یِمَن منز واریاہ پھلچ مز چھے۔
7257,ہوییی اڈچ سیکورٹی اہلکار چھے یہِ وِزِ کرنہ خطر چیک کران تہ یہِ پتہ چھے زِ ترے جسم چھِ صحت مند گژھان۔
7258,160 کارٹن ہُند حد تہِ چھُ یِم اکھ متن پیغام ہیکہِ سوزنہ یِتھ ۔
7259,ہندوستنہِ سیاح چھِ اتھ پیٹھہِ کھیلس بجایہ اکھ اکھ وقتہ سرگرمی پٹھۍ نظر انداز کران۔
7260,ہندوستان چھ ایشیاہس منز ساروے کھتہ پرتھ کورف بال گِنڈنُک مُلک۔
7261,سِرنگری سریِیواسَن صرف سکونُک اَراد۔ پرتھ کُنہِ کوٗشِش۔ پرواٹمَن کور شُرِن ہُندِس ستہِ
7262,یہ اعلان آو بین الاقومی اولمپک کمیٹی (آئی او سی) صدر جیک روج یس ووٹنگ ہند ژور رونہ پتہ، لندن تہ پیرسسسس منز لٹہ مختصر فہرست
7263,راے آیہِ 250 کھتہ زیاد فلمن منز ظہر گژھان، تہ زیوٗن پننہِ کیریئرس دوران ترے فلم فیئر ایوارڈ تہ اکھ نامزد گژھان۔
7264,لیڈن موُد 23 جولایی 2014 ہس منز غیر مُحدد وجہہ ستۍ۔
7265,یہِ آو نیزمَن قومی پارک قیم کرنہ خطر دِنہ ۔
7266,سارنا چھ سویڈن چہِ ڈالارنا کاؤنٹی منز ایلوڈیلن بلدیہک اکھ علاقہ۔
7267,اگرچہ ہندوستانس منز چلاونہ چُھ پیشہ ورانہ کھیل پٹھۍ ناشناونہ یوان، یہ چُھ عام تفریحی کھیل تہ مُطبِق برقرار کرنُک اکھ طریقہ
7268,یہ فلم اوس جری بروکیمیر تہ چاد اومنن ہند پروڈیوسر بناونہ آمت۔
7269,پروبھواتی دیوی مُود 15 اپریل 1973 کینسرس ستۍ طویل جنگہ پتہ۔
7270,فری بی ایس ڈی فری بی ایس ڈی چھ واریاہ مختلف قسمن کمپیوٹرن خطر اکھ آپریٹنگ سسٹم۔
7271,پروسیکلٹر ہیکہ فدرل ایسیمبلی ہس اجازت دِنہ خطر انکارچ اپیل کرِتھ۔
7272,سُہ اوس 1936 پٹھ آسام پردیش کانگریس کمیٹیُک رُکُن ۔
7273,نیٹ بال چھ شُرین ہندِ ضرورت پوٗر کینہہ طریقہ منز مُطبِق کرنہ آمُت۔
7274,لہذا، ممبر، یم صنعتچ تمام واریاہ اہم لوٗکھ چھ، سۍ برعکس حوصلہ۔
7275,ز فلیش چھ، کم فلیش، یس اکھ اکھ اچھی پیکنک مقام چھ، تہ بڑ فلیش چھ، یسہ مزید پٹھۍ پٹھۍ پٹھۍ پٹھۍ پٹھۍ پٹھ
7276,مثالہ، ڈِپٹیٹ آف ٹریمرز چھ تجارت تہ کاروبارس متعلق قونوُن بناوان۔
7277,"مغربی تعلیم فراہم کرنہ خطر گڈنِک مقمی سکول آو 1973 منز اکھ مقمی سوسائٹی یتھ ""لامڈن سوشل فیلفیر سوسائٹی"" ونان چھ۔"
7278,علاقک زیاد تر اوس سِکھ سلطنت، ییمہِ رنجِت سنگھ 1839 منز تمہِ سندِ مرنہ تام حکومت کٔر۔
7279,شیبا انو: شیبا انو چھ جاپانہ نون کھون ہند اکھ نسل۔
7280,یِم زبانن ہندِ زیاد تر بولن ولہِ چھِ تِم ہندی ہندِ ہندِ ہندِ ہندِ ہندِ ہندِ
7281,ڈیوکنڈ واٹر فائل چھ اکھ واٹر فائل یُس رِیگاد ضلعہ کِس بھِرا نزدیٖک واقع چھُ۔
7282,پننہِ وکیلن ہندِ مطبق کور کھوُن یہِ واقعہ ستہِ خش تہ شکِرچ اظہار زِ سُہ نہ گژھنہ برونہ
7283,گرین ایکرس، فلوریڈا: گرین ایکرس چھ امریکہ کس فلوریڈا ہس منز اکھ شہر۔
7284,گڈنِکِس حصِل گوو 9:30 بجے ۔
7285,1956 ہِک ریاستہ ریگراجنشن ایکٹَن کور زبانن ہِندِس بنیادَس پیٹھ ہندوستانس منز ریاستن ہندِ خطر سرحدن ہُند تعینُق۔
7286,پرندین خطر بنیدی طور مشہور، اتھ منز چھ اکھ لکٹ تعداد ٹایگر تہ پینٹیر تہ شمل۔
7287,اِنیَن کور اِگیپ شمل، تہ بنیوُن تیل تہ گیس ہُند پروڈیوسر۔
7288,دشوے چھِ کارکردی تہ سفر کرن والین ہندین علاقن ہندِ خطر مشور یِوان ییتہِ ٹایفائیڈ چھِ انڈیمک۔
7289,پننہِ مُقبیات خطر زوننگ کوڈ اثر انداز کرنہ خطر، شہرچ منصوبہ بندی یا یتھہِ شہرچ حکوٗمت دفترچ دور۔
7290,این جی سی 4589-این جی سی 4589 چھ ڈراکو ستارچ اکھ الگ الگ الگ الگ الگ الگ الگ الگ الگ الگ الگ الگ الگ الگ الگ الگ الگ الگ الگ الگ الگ الگ الگ الگ الگ الگ الگ الگ الگ الگ الگ الگ الگ الگ الگ الگ الگ الگ الگ الگ الگ الگ
7291,مے چھس پننہ میدانن ہند غفلت تہ تِمہِ مٗشکلہ ستہِ پریشان۔ یہ چھُ یِتھ زِ نہ کانہہ چھُ تِمِس ون
7292,بییہِ، پی ٹی اے چھُ دعوا کران زِ جانورن ہکن یہِ وچھِتھ زِ زِ ژلی کٹو ہندِ کھتہ زیاد ستۍ ستۍ زِیاد
7293,پتہ گوو سُہ سٹاکھولک تہ کٔر ڈاکٹر کم کران۔
7294,عام سرگرمی یتھ منز اتھ قسم ستہِ مُقابلہ گژھِن ہُند ضرورت چھِ اخبارہ ہُند قسم تہ سڑکن پیٹھ گژھان۔
7295,جنٹ ناپولیتانو زاو 29 نومبر 1957 نیو یارک سٹی منز۔
7296,کٹم تہ ٹبیکو چھ ریاستچ کیش کاشت۔
7297,ٹی بی ہُک علاج چھِ بیکٹیریا مارنہ خطر اینٹی بائیوٹیک استعمال کران۔
7298,یہ اصطلاح اوس زیاد تر پیاجے، ایک نفسیاتس طرفہ تیار کرنہ آمت۔
7299,س اوس 1964 پیٹھ کلائیڈیڈیو گوزمنس ستۍ خاندر کرنہ آمت ییلہ تم 1974 منز طلاق دِنہ تام۔
7300,کیا تہہ نہ زانہ زِ مے چھٗس تُہندِ بینکچ خریدار؟ (خریدار)
7301,یِم ہیکو لکڑی، پلاسٹک یا باقی مواد ہُند بند تہِ ۔
7302,امہ پتہ چھ یہ دوبار زیاد ترتیب دِنہ یوان، جزوی طور فنِش کلبن تہ حوصلہ دارن ستۍ تبادلہ ستۍ۔
7303,سروٹکا سنز اعلان آو اکھ گھنٹہ برونہہ ییلہ وکیل یم برطانیہ حکومت ہنز نمائندگی کران چھ تھاونچ اکھ ہائی کورٹس منز سٹاکہ
7304,فایرفایٹرز تہ اکھ ہیلی کاپٹر ہند اکھ ٹیم چھِ کُنہِ فلای اپ رکاونہ خطر باقی۔
7305,یِم چھِ اووا، یا یِم سلول تیار کران، یِم زراعت خطر ضروری چھِ۔
7306,کفی وقتہ، لوٗکھ چھِ شاروکھ ناو زِیاد گوتہ کنہِ کنہِ خطر لڑان۔
7307,جنیو کٔر 1925 منس منس منسس منسک زخم دِژمژ، ییمہ ستہِ پننہ سرگرمی کیریئر ختم گژھان۔
7308,ہیکٹرن کور جان یان تہ جرارڈ سییرس ستۍ پننہِ واریاہ بتھ شمل۔
7309,نیو چھ پرتھ فدرال موضوعہ طرفہ کل زراعت ہند شرح ہند فہرست۔
7310,یہِ لکھو زِ تُہۍ چھِہ پرتھ ریتہ بچاونچ منصوبہ کس طورس پیٹھ گژھان۔
7311,تٔمۍ کِنہِ ہندوستنہِ ہندِس تریخس پیٹھ لُکھوِتھ اِندِہِ ہِندِ ہِندِ ہِندِ ہ
7312,کینہہ سپھیمومومومومائٹر، خاص طور یم لوٗکھ چھ گھرس منز استعمال کران، چھ آٹومائک۔
7313,تٔمۍ گِیُن کینیڈین فٹ بال لیگ منز مونٹریل ایلوئٹس خطر تہِ۔
7314,مارکس گُزریو 24 جولایی 2020 پیرس منز 86 وُہُر۔
7315,لداکیلا کلمیسی یس سطح سمندر پیٹھ 6.150 میٹر تام بڑان، اوس گڈنِچ وضاحت کرنہ آمُت تہ امہِ علاقہ پتہ ناو آمُت۔
7316,اکہِ جگر كِس پینسَس خطر چھُ یہِ منز اکھ لکٹ کورِہ آسان۔
7317,ورنال چھُ اُوانان کاؤنٹی، یوٹا، امریکہُک اکھ شہر۔
7318,درجہ بندی چھ بین الاقومی زبانہ پیٹھ زبنی ہند ختم گژھنہ تام۔
7319,ییجنتہ، ایلورا تہ ایلیپھنٹا ہس منز تمہِ سندِس دورن منز کور پننہ ہندوستنۍ فن خطر تعریف حوصلہ۔
7320,"چینہوان ونان چھ اتھ حملہ ""ایک منظم، پیش گوئی کرنہ آمتہِ تشددتی دہشتتی حملہ""۔"
7321,مرکزی علاقہ مرکزی چھ ٹگو کین پانژن علاقن منز اکھ۔
7322,رفیری پتہ چھُ اکھ سٹاک ٹاسان تہ ٹاسہ کس زینن ولۍ چھُ فیصلہ کران یُس گڈنِک سٹاک کران چھُ۔
7323,ییلہ سُہ تام گژھان اوس، سُہ اوس طویل عرص پیٹھ انتظار کرنہ خطر زور دِنہ آمُت۔
7324,مثالہ، کابدی بنیو پرو کابدی لیگ ستۍ دباونہ پتہ اکھ عالمی ظہر۔
7325,تمہِ سنزِ ماجہ، جیالاکشمی چھُ تامل تہ چھُ پیشورانہ ستہِ اکھ یِنہ تہ جینییی ماہر۔
7326,یہِ جڑِ ہُند ناو 19 مہِ صدی منز لورڈ بیرنن ۔
7327,شمنی ہندو عمل یس ہندوِس ارتھودوکسیاہس پیٹھہ نیران چھِ تہِ یِہِ تہِ پٹھہِ ۔
7328,اگر تُہۍ پونسہ چھُنہ اتھ تام گژھان، یہِ مطلب چھُ زِ تہہِ چھُ تہہِ تکنیکی طور پر پریتھ ریتہ خطر کم پون
7329,سٹیڈیمس منز ہجرت کرنہ باپتھ آو کھیل پیٹھہِ پیٹھہِ پیٹھہِ پیٹھہِ پیٹھہِ پیٹھہِ پیٹھہِ پیٹھہِ پی
7330,یہِ چھُ نیشنل لیکروس لیگُک مغربی ڈویجنُک حصہ۔
7331,س آیہ پٔتمہِ بتھ بتھ 6 نومبر پرایا گرینڈے، ساؤ پاولو، پننہِ رشتہ دارن ستہِ باربیکس دوران دُعا کرنہ۔
7332,جنوب مشرقی منز چھ کوٹا تہ بونڈی ضلعن منز اکھ بوڑ علاقہ ٹیبل لینڈ بناوان۔
7333,یہ بتھ چھ 1952 پیریز پرڈو آلاتک ریمیک۔
7334,فلمہ منز باچن سنز کارکردگی وچھ تٔمۍ فلم فایر سندِ بہترین اداکار ایوارڈ تہ بہترین مے پلی بیک سینگر خطر فلم فایر ایوارڈ نامزد۔
7335,امہ علاو چھ سونچ تحقیق ریس تہ کلاسس منز اختلافہ ہند ظہر کران۔
7336,کوپٹک زبان کوپٹک یا کوپٹک مصری چُھ اکھ مصری زبان۔
7337,تہِ چھِ پرتھ مُلکَس منز فنڈ نِشِش کرنُک اکھ مُختٔلِف حق۔
7338,"میتیہ ہند مذہبی گروپن منز چھ سناماہس، میتیہ عیسائین، ہندوستنہ، پانگال تہ منی پور برہمن شمل (مقمی طور ""میتیہ بام"
7339,یہ علاقہ چھُ جمہوریہ ہِندِستان تہ برما ستہِ بنگلہگاہُک سرحد بناوان۔
7340,واریاہ کم لُکھ چھِ رازدار خریدار تہ صرف رازدار خریدار۔
7341,أمہِ سنزِ مادری بندِ ملِہ گٔیہِ صرف اَوباماَن صدر بننہ خطر انتخاب زیننہ برونہہہ مروُن ۔
7342,یقینی بنو زِ یِم دکانن ہندِ صِرف کینہہ وقتہ منز فروخت کرنہ آمژ چِھ واضح طور نشانہ، ییلہِ وقتہ واضح طور نشانہ
7343,دویمس مقامس منز، ترکی سیبل اوزنن کور 199 پوائنٹ۔
7344,پتہ 2008 ہس منز ریسایہ ہند وجہ ستۍ کور ہنڈان اعلان ز تم چھ ایف 1 پیٹھ رٹان۔
7345,مردن وون زِ تٔمۍ سندِ مل، جوزف، اوس اکھ کارپینٹر۔
7346,ہندوستان کِس سلطنت تہ مغل دورس دوران آو مندر رقصگار سلطنت سندِس خاندان تہ کورٹس منز سرگرمی خطر منتقل کرنہ۔
7347,1 اکتوبر 2011 بنیو کیرالہ مُلکُک گڈنِک ریاست یتھ پرتھ گامس منز کم از کم اکھ بینکنگ سہلتی آسان چھ۔
7348,تقریباً 450 مئی یس پیٹھ آو ایہولس منز ابتدئی چالوکیا سٹائل تہ یہ آو بادامی، کارناٹک تہ پٹاڈاکل، کارناٹکس منز مکمل کرنہ۔
7349,برونہہ سہِ منگروو ہنز ٹھ قسم، حالانکہ ونۍ صرف ژور باقی: ایگیسیرا کورنیکولٹم، آویسینییا مارینا، سیریپس ٹیگال،
7350,یہ خیال چھ جنوری-فوریری 2016 ہس منز اکہِ تہ جونی-جولی 2016 ہس منز اکہِ تہِ کھیلناونہ۔
7351,کافے چھ عام طور گرم خدمت کرنہ یوان، تہ چھ واریاہن مُلکن منز اکھ مقبول شراب۔
7352,1856 منز ڈیموکریٹک دوبار انتخاب کٔرِتھ پتہ کٔر پیرس پننہِ بیوی ستہِ ریٹائرمنٹ۔
7353,برمنگھم سٹی فٹ بال کلب چھ اکھ انگریزی فٹ بال کلب۔
7354,1571 منز آو زامورین فوجن چلیام قلعہس منز لڑایہ منز پرتگالس شکست دِوان۔
7355,"لی سیڈولن کور اکھ کمپیوٹر یس گیمس منز أمہس خلاف زیننہ پتہ ""گو"" ونان گیمہ نِش گِندِ کرنہ۔ سُہ اوس اکھ عظیم"
7356,یہ چھ مُلکُک سارِوے کھتہ کمزور نقطہ پیٹھ۔
7357,اکھ زنان ہیکہ نہ یہ زاننہ یوان ز س چھے اتھ وقتس منز حمل۔
7358,تمام ونڈوز لائیو ایسینٹیلز پروگرام چھ 10 جنوری 2017 ہس تام بند کرنہ یوان۔
7359,سن ہُک 2003 ہُک تصویر چھِ لندن کس نیشنل پورٹریٹ گیلری منز لگان ۔
7360,تجارت اوس مالائی شبیٖل جزیر پٹھ جنوب مشرقی ایشیاہس منز تہِ بڑان۔
7361,یتھ مثالن منز چھ بٔڑِ بھدی چیتیا شمل، یُس مہاراشٹرس منز لبنہ یوان چھ، یِتھ کٔنۍ اجنت تہ کارلا گپھَن من
7362,1972 منز کور تٔمۍ ہارورڈ یونیورسٹی پیٹھہ ماگن کم لڈ فارغ کرنہ۔
7363,اخلاقیات چھ اکھ زیاد عام طبیعت ہُند قمت یُس سرگرمی ستۍ ربطہ چھُ یوان۔
7364,کمبوج چھ مہاراشٹرہ کُلکھپور ضلعس منز واقع اکھ قدیم قصبچ ناو۔
7365,کُمکارن کور موسیقی سٹایپس پیٹھ پننہ موسیقی لکھناونچ شروٗعات۔
7366,ییلہِ برطانوی فوج بٔڑِ ٹینکن ہُند طرف گژھان، یہِ اوس مُتبِق زِ نواب سندِس فوجُک بٔریٖن ہُند بٔری
7367,زیاد برونہہ تہ صفر درجہ حرارتن منز چھِ ہتھیار پروازن ہندِ منسوخ کرنہ تہ بٔڑِ سڑکن پیٹھ ٹریفک خراب گژھان۔
7368,ز زند گژھن ولۍ ژن مٹیینرز منز اکھ گژھہ كنہِ كنہِ كنہِ كنہِ كنہِ كنہِ كنہ
7369,ناماڈن کٔر مرک علاقہ ہند بادشاہ مار تہ پننہِ زندگی ہندِس ستۍ بھوتان پیٹھ اتھ علاقس تام پٹھ پٹھ پٹھ پ
7370,کاروبار ہیکہ وسطی ملک شرکت کرنہ خطر تیار ستھ ۔
7371,تہہ ہیکو اکھ آؤٹور گارٹن منز زیاد سانچینٹڈ اجزایہ باپت پھول تہ کاشت کٔرتھ ییلہ موسم اجازت دِوان۔
7372,دسمبر تہ جنوری چھ ساروے کھتہ سرد ریت، یتھ منز ہندوستنۍ ہمالایہ منز ساروے کھتہ کم درجہ حرارت چھ۔
7373,قدیم ہندوستانس منز سۍ کٹاک رقص کار بارڈس سفر کران تہ سۍ کٹاکس یا کٹاکار ونان۔
7374,اکھ ناو ناو چہِ چہِ نہ پننہِ ماحولہ ستہِ چھٗ اکھ بند ۔
7375,تریخی ڈشراتھا شرمس مطبق چھ یہ ممکنہ سمیوگیتاہس منز اکھ حوالہ۔
7376,گواسکر آو دویمس اننگس منز 96 خطر رپنہ ییلہِ ہندوستانس پاکستانس 1–0 سیریز زیننہ خطر رپنہ یوان اوس۔
7377,امہ پتہ کٔر یِم خاندانن 1947 منز ڈیمپوُر جین مندر، 1947 منز ایس ڈی جین سکول تہ 1975 منز ایس ڈی جین چارٹیٹ ہسپتال بناوُن۔
7378,جیمز لوکٹفیلڈس مطبق، ہندوستنہ مذہبن ہندِ اکھ سکوُلر، چھٗ یہِ متعلق کُمبھ ملہِ وضاحت تہ تریٖخی ا
7379,ہیدر علی سنز زینہچ درست تاریخ چھنہ یقینی طور زاننہ یوان۔
7380,یہ چھ کم کران، مگر یہ چھ آبہ واریاہ خراب کران۔
7381,یِم چھِ سری اکال تاہتھ سَہِب، دامدما سَہِب تہ انند پور سَہِب۔
7382,اَنمی آیہِ دویمہِ صبحہ بیو بیو علاقہ منز کم از کم 29 ملی میٹر ربطہ کرنہ؛ تِموکوہس منز تھریٖن ملی میٹر تہ چ
7383,کیریٹ میٹلون-کیریٹ میٹلون چھ پٹا ٹِکواہس منز اکھ پرندِ رہائشی علاقہ۔
7384,1701 منز کور انگلینڈ، پرتگال تہ نیڈر لینڈن ہسپانوی سکیسیشن جنگس منز سپینس خلاف ہالی روم سلطنت تہ فرانسس ستۍ ملکہ، ییمہِ ترین
7385,"2011 چہ مردم شمری مطبق س شہر 49,648 آبدی۔"
7386,ییلہ یہ گژھان چھ، حالت چُھ 20 ہفتہ گژھنہ پتہ شروٗع کران۔
7387,یِم آلات چھِ گڈنِکن ثقافتی مصنوعات یِم جدید زمانہ تام زند گژھان چھِ ۔
7388,یہ چھ ہندوستنہِ، چینی لوٗکھ، عرب، مالایہ تہ یورپین متثر کران۔
7389,مکسائڈیکٹین چھِ دھوکہ دہی ہند علاج پٹھۍ درجہ بندی کرنہ یوان کرنہ یوان۔
7390,کلاسیکی زنانہ بلیز کلاسیکی زنانہ بلیز موسیقی اوس 1920 پیٹھ 1929 تام گِندمژ۔
7391,ہایانگ ٹانابا، یتھ ہایانگبا ٹانابا تہِ ونان چھ، چھ پاناس ہند اکھ روایتی کشتی روُنگ ریس تہ جشن۔
7392,علاقس منز باقی گپھ چھ کارلا گپھ، پٹن بودھسٹ گپھ تہ ناسک گپھ۔
7393,شِرینو کرِو زیاد تر ژلِتھ تہ تمہِ سندِ کم آو ایبسٹریک آرٹ درجہ بندی کرنہ۔
7394,تاہم، یہ کردار آو کم کرنہ ییلہ خان اوس تٔمہِ وقتہ دنگلس منز اکھ ماں ہند کردار ادا کران۔
7395,بٹھر کیک چھ اکثر بٹھر تہ شکر پھلیہ تام شکست دِتھ بناونہ یوان۔
7396,اضافہ کرنہ یِہ فیس ہیکہِ تُہندِس خاندانس پیٹھ غر ضروٗرتی ملی پریشنی بتھِتھ۔
7397,یہ آو وول وارتھز میٹرو سٹورس منز تبدیل کرنہ تہ تبدیل کرنہ۔
7398,برعکس، ناسک، پوون، احمد نگر، دُلہ، جالگاون، ستارا، سنگلی، سولپور تہ کولہ پور کین حصن ہندِ روُدِ شاڈو ضلعہ چھِ سالانہ 1000
7399,ہندی منز اتھ پوٗر طویل دستاویزاتس منز چھِ نوجوان بھاؤدین دگرس ستۍ سندِس دشونی گُرس - زیا موہی دگر سن
7400,س س نہ گڈنِک، دویم یا ترییمہِ سُندِس طورس پٹھ مٗترِف۔
7401,سُہ زیوٗن کارلسن برونہہ ٹورنامنٹ، یُس 2013 ہس منز کلاسیکی چیمپئن شپ کارلسنس پیٹھ ہارنہ پتہ عالمی چیمپئن شپس منز
7402,کھلڑِس چُھ کھیل زیننہ خطر تمام پانژھ سوالن ہُند جری تہ جواب دِنہ یِوان۔
7403,وان ہیکہ تہ گنزِ گژھِتھ، تہ تُہۍ چُھ پننس مستقبلس منز زیاد گنزِ یژھان۔
7404,پُلاکیشِن II ہُک ایہول انسٹاپی یُس پننہِ کورٹ شاعر راوی کِریوتی ستہِ سنسکرت زبان تہ کینڈن سکرپٹس منز لکمژ چھ
7405,ونڈوز موبل 7 بڈ 7100 چھ 29 جولایی 2008 ریلیز کرنہ آمت۔
7406,نیلینڈ: نیلینڈ چھ سویڈن کس وسٹرنورلینڈ کاؤنٹی منز کرمفورس بلدیہ ہُند اکھ علاقہ۔
7407,2005 منز آو سُہ تشدد کرنہ باپت الزام مگر سُہ آو نہ گناہگار ماننہ۔
7408,کینڈی فلوس کینڈی فلوس چھ شکر یس ہواس ستۍ چلاونہ یوان چھ۔
7409,مثالہ، ڈوپامین چھ اکھ کیمیکل یس حوصلہ تہ خوشی متثر چھ۔
7410,اکھ آئی آر سی کلائنٹ چھ اکھ کمپیوٹر پروگرام یس آئی آر سی ستۍ کم کران چھ۔
7411,افسانوی ٹریپوُری بادشاہن ہنز اکھ فہرست چھُ راجمالا ہندس رنزس منز دِنہ یِوان، یُس بنگالی ولس منز 15 ہِ
7412,اَکھبرَن ستہِ آو اَدھام خانَس پٹھہِ زند تہ اَکھ بار پننہِ مرنہ یقینی بناونہ خطر کورٹیارڈَس منز
7413,یہِ چھ لاس لاگوس علاقس منز اوسورنو صوبہ ہُند دارالحکومت۔
7414,یہِ وچھِتھ زِ یہِ زِ کنہہ کِس کِس کِس کِس کِس کِس کِس دُبارس منز س نہ توجہ یُس یہِ پَر
7415,پتہ چھِ مہار کِس رپِس سندِس سرس پیٹھ پنُن ہُند دُنہ تہ یہِ ونان زِ امہِ ستہِ س گژھہِ
7416,یہِ چھُ اکھ سفر ہُند وضاحت کران یُس تٔمۍ جنوبی امریکہس منز گژھان۔
7417,شُرِ چھِ کمرس منز کھلڑِ ستۍ گِنڈنِچ اجازت۔
7418,امہِ ستہِ کور رفیہِ گینسس ستہِ اکھ خط لکھنہ خطر دعوت۔
7419,پتہ چُھ یہ سیریز واریاہن باقی زبانن منز ترجمہ آمُت۔
7420,23 اپریل 1930 آو گافار خان گرفتار کرنہ ۔
7421,س چھ ہندی، تامل، انگریزی تہ فرانسیسی فلمن تہ ڈراماہن منز کم کران۔
7422,ٹرمپَن وون زِ انتخاب اوس سٹولنہ آمُت تہ انتخابچ نتیجہ پیٹھ برونہہ کوشش کور۔
7423,گورنر چھ ریاستُک اکھ تقریرتی سربراہ باقی، ییلہ زن چیف وزیر تہ أمہِ سندِ کونسل چھُ دہ دہ حکومت کم کرنہ خطر ذمہ دار۔
7424,"بمبئی منز کار سنیزن ہند فِلم کرنہ پتہ، کُمار کور کُنڈالہ تام دُبار یوان، تِکیازِ سُہ ڈایریکٹر ""کٹ"""
7425,چیرن چھُ زاننہ یوان زِ وسطی دورس منز مرکزی کیرالہ تہ مغربی تامل ناڈوُک کنٹرول۔
7426,تِمَن کٔر زنانن ہندِ تعلیٖم تہ بیوی ہندِ بازرنہ خطر تہِ مہمہ۔
7427,یہ تصور آو بٔڑۍ کھتہ بٔڑۍ کریکٹ مُلکن منز متعارف کرنہ تہ گڈنِک لکٹڈ اوورز انٹرنیشنل آو 1971 منز گِند
7428,کربرِ ستہِ حمایت کرنہ آمتہِ گارلینڈ چُھ معمولی ہیلی نسٹک طرزس منز سندِس ستہِ ستہِ پٹھ گژھان۔
7429,یہ چھ اکھ صاف رقص، یتھ منز دیوتاہ تہ دیوتاہ، گورو تہ جمع کرنہ آمتہِ پیشکش ٹیمہ ہندِ خطر شکر تہ برکتہ خ
7430,موجود لوک سبھا منز لداخ قدتی خطر ایم پی چھ بھرتییا جنتا پارٹی ہندِ جمییانگ سیریزنگ نامگیل۔
7431,ساینس دانن ہندِ گروپ چھِ پننہِ منصوبہ پیٹھ مُطبِق مختلف جینن بار کوڈ بناونہ خطر انتخاب کران۔
7432,سُہ آو دشونی ٹورنامنٹَن منز ٹورنامنٹچ گول کیپر ناو۔
7433,سٹاکویل چھٗ امریکہ کس نیبراسکا ہس منز اکھ گام ۔
7434,کریکٹ تہ فٹ بال چھِ دِلہِ منز ساروے کھتہ مشہوٗر کھیل۔
7435,برنہیلڈ چھُ تُہِ ونان زِ سُہ چُھ نہ پننہ مصیبت بچنہ یِتھ ۔
7436,تریپورا ریاستس منز اتھ ریلوے ٹریکُک کل لمبچ چھُ 153 کلومیٹر۔
7437,وشنوائٹ ہیندِس مذہب اوس مینی پور کِس بادشاہس منز ریاستی مذہب۔
7438,دسمبر 2019 ہس منز آو اکھ نوو سیریز ریلیز کرنہ۔
7439,گڈنِچ برازیلِی گرینڈ پریس آو گڈنِچ 1972 منز انٹرلگوسس منز منعقد کرنہ۔
7440,بالن کور گاسس پٹھ تہ مارک شوارزر سندِس بتھ دسہِ ہندِس دسہِ ہندِس دسہِ ہندِس د
7441,اکتوبر 2018 ہس منز، ہاف پوسٹس ستۍ اکھ انٹرویو منز، فینٹوم فلمزک اکھ سابقہ ملازم کور بالس فلم بمبئی ویلوٹ خطر پروموشن ایون
7442,1879 منز پال ایہرلیچ سندِ مسٹ سیلُک دریافت کرنہ ستۍ آو ایریجک حالاتن ہندِ پوٗر پوٗر وضاحت خیالس تحت اِرتیک
7443,ورون، ونہِ اکھ مُختِلِف مرد، چھِ ہنی تہ مونیکا بچہ ستہِ مُقابلہ کرنہ خطر دعوت دِوان۔
7444,ڈینور برونکس خطر امریکی فٹ بال کھلڑۍ کنی میک کینلی چھ 23 وُہ وُہ وُہ ونہِ ونہِ ونہِ یِہ ونہِ ۔
7445,مے اوس مے گژھنہ ییلہ مے پننہ خاندنی فوٹو سایبر سیکورٹی ہندس خراب گژھنس منز کٔرِتھ تہ امید چھ ز مے ہیکہ
7446,بولڈنگ چھِ گیر، بیلیر تہ متعلقہ تقسیمہ ورنہ ورنہ یوان۔
7447,کمار اوس 1970 تہ 1980 کس دہلس منز 1987 ہس منز پننہ مرنہ تام اکھ اہم گلوکار۔
7448,س کٔر امہ واریاہ ایوارڈ زیننہ باپت فِلمہِ منز اکھ ساد گامہ کورِ ہُند کردار ادا۔
7449,لکٹ کلینکس چِھ اکھ یا زیاد عام عملہ دار یا عملہ ہند مینیجر چلان۔
7450,2007 منز آو فورڈ ناو ایکس ایف ای انجن نش ہندِ ناو ہندِ كرِتھ ۔
7451,مومبیی منز مقمی سڑک کھین ہند مز چھ ساد غیر مستحکم!
7452,2001 ہس منز سہِ کنسٹنس منز 1058 لُکھ روزان ۔
7453,فاسٹ 5 (اصلہ فاسٹ نیٹ ونان چھ) چھ نیٹ بال کین قونوُن پیٹھ اکھ تبدیلی یُس کھیل تیزی سان تہ ٹیلی ویژن ستۍ زیاد دوستی کرنہ خطر ڈ
7454,یورپس منز پننہ وقتس دوران آو انڈِرا بیمار صحتس ستہِ پریشان تہ ڈاکٹرن آو مستحکم طور دسہِ منز شرکت کرنہ۔
7455,س آو جنوری 2009 ہس منز اکھ اِنورری ٹریک انفیکشن ستۍ تشخیص کرنہ۔
7456,مارچس منز منعقد گژھنہ آمتہِ پارلیمانی انتخابن منز زیوٗن انٹی انڈیرا مخالف پارٹین ہندِ جنتا اتحاد کانگریسسسس پیٹھ زمین ہندِ زینگ،
7457,اگر تہہِ تہہِ نزدیک کنسہِ ولہِ پٹھ قرض حصل کرنُک انتخاب کران چھِو، توہہِ تہہِ دشونی پارٹین ہندِ
7458,یہِ چھِ کیراٹوکونس ستہِ واریاہ نایاب حالت، یُس کورنیہ ہُند ساروی کھتہ عام ڈسٹروفی چھُ۔
7459,کانڈیڈیڈیٹس ہند زیندار اوس پتہ ٹیٹلس خطر حکومت چیمپئن گندن۔
7460,مغربی نیل فیور چھ مغربی نیل وائرس ستۍ اکھ انفیکشن، یس عام طور مچھلیو ستۍ پھہلیو چھ۔
7461,تمہِ سنزِ گروپ کٔر مدراس صدریتس (اب تامل ناڈو کِس حصہ) منز ٹروچیرپالی پیٹھ ویدارانیام کِس ساحلی گامس تام شروٗع۔
7462,گرنہ ولہِ موسمس دوران چھِ نہ پَگہ مُشِشِشِشِشِشِشِشِشِشِشِشِشِشِشِشِشِشِشِشِ
7463,12 مارچ 2008 ہس منز س نیشنل ہاکی لیگس منز 6 گیم گِندنہ آمژ۔
7464,ماننہ چھ یوان ز بھاکتی تحریک کس دورس دوران چھٗ یہِ کلاسیکی موسیقی تہ تھیٹر پیٹھہ پٹھہ پٹھہ پٹھہ پٹھہ پٹھہ پٹھہ پ
7465,تٔمۍ کٔر 21 ریتن ہند نمبر اکھ پوزیشن، ریکارڈس پیٹھ سندس ساروے کھتہ زیاد طویل دورس منز۔
7466,یِمَن متعلق چھِ بغمت نظامہ نپال کِس دور مغربس منز گاندھیکی بیسن تہ کارنیلی بیسن درمیان رپتی نظامس ستہِ شمِل۔
7467,1857 کِس شُروٗعاتس منز موجود 74 منز بنگال مقمی نِفینٹری رجمن منز، صرف واریاہ گژھنہ یا غر مُتِمِل۔
7468,الیکٹرانک اجزایہ اکھ الیکٹرانک اجزایہ چھ اکھ بنیدی الیکٹرانک اجزایہ۔
7469,ییلہِ مسوٗوویچ گڈنِچ ناکام گژھان، دینہِ طرفہ مبنی ژوٗرِم سرکرِ مُدخلہ کور تہ تٔمۍ کٔرِ
7470,17 مہِ صدی دوران، روُسیو سۍ وین لوٗکن ستۍ ربطہ۔
7471,نوو جاذیب چھِ پارکہِ منز وچھِتھ تبدیلی ہُند نمیِتھ ۔
7472,ججی کور 29 مئی 2012 سردار سندِ نیچِس دہچ اعلان تہ کور 4 اکتوبر 2012 ہس منز تقسیم ڈیلز ختم۔
7473,1911 پٹھۍ بیرن کور نیوکومب گیم مشورتی کمیٹی قیم۔
7474,پوٗن ضلعہ منز ججوری منز کنڈوبا مندر چھ مہاراشٹرس منز پٹھ پٹھۍ پٹھۍ پٹھۍ پٹھۍ پٹھۍ پٹھۍ پٹھ
7475,یہ فلم آیہ میسیسیپی کِس واریاہن جاین پیٹھ شِمل کرنہ ۔
7476,انووا زاو 12 جنوری 1966 سوکوٹو ریاست نیجری منز۔
7477,خراب تہ پریشان گژھنہ آمتہِ چھِ ہایڈرن غلطی سان کم کرنہ شروع کران، پننہِ سر پٹھۍ تہ حکومتس خلاف عومی مظاہرات کران۔
7478,یہ ہیکہ تہہ واریاہ رقم ستۍ سفر کرنہ خطر خطرناک ستھ ۔
7479,بالڈیو تہ باجوا ہس منز بدشاہ ہند ختم گژھنہ خطر کٔرِتھ ۔
7480,تاہم، تٔمۍ کٔر کینہہ کیتھولک ریوایتی روایتی برقرار۔
7481,تہہ ہیکو پننہ خریدارس ستۍ تہِ ذکر کٔرتھ ز تِم ہیکو ڈلی، بچر، تہِ پوچھنا یژھان۔
7482,امریکہس منز اوس 1998 برونہہ سوین آبدی منز ہیچ 1 این 1 ذیلی قسم صرف عام۔ تاہم، اگست 1998 کِس خرس پیٹھ چھ ہیچ 3 این 2 ذیلی قسم سوین ہند
7483,صرف زنانن ہندِ ٹیمن کور مقابلہ منز حصہ۔
7484,زخمین ہند ساروی کھتہ عام قسم چھِ سٹران، سپرن، بُر، زخم، ڈسلاکاشن تہ سٹران۔
7485,ییلہِ جسمہ پوٗر نہ ژھنہ آمتہِ، پُلیٖس چھُ یہِ مشکوٗر زِ بولین اوس سندِ مرنہ پتہ پریشان۔
7486,چھِ نِش کاروبار ہُند اَمَس منز واریاہ پریشنی تہ پریشنی ہُند سبب بنان۔
7487,وولینیسٹ ایل سُبرمانیام چھُ پننہِ مشورتی بورڈس پیٹھ۔
7488,مغربی بنگالس منز سیاستس منز اوس اکھ بوڑ تبدیلی ییلہ لیفٹ فرنٹ 1977 ہس منز پارلیمانی انتخاب زینان، ییمہ ستہِ ہندوستنہِ نیشنل کانگریس
7489,یہ کھیل چھ حقیقی کھلڑین ستۍ گِند یِوان یِم گیمس منز استعمال کٔرتھ۔
7490,نوٹ زِ نتیج چُھ 1.276 اکھ رُونڈڈ نمبر۔
7491,لڑک چھِ ساسورَس پیٹھ کورِس ستہِ رُتھ تہ تمہِ درمیان چھے محبت۔
7492,یِم اختلافات باوجود چھِ نگورَس منز چہامان تہ چولوکیاہَن درمیان جنگچ کینہہ ثبوت۔
7493,1718 پیٹھہ اوس برطانیہس منز مختلف جرائمن خطر امریکی کالونین منز نقل و حمل اکھ پینلٹی، یتھ منز تقریباً أکِس ستہِ ستہِ چھٗ پر
7494,موجود گژھنہ پتہ چھ سنجے سنز زندگی وچھہِ وچھہِ كھلش یُس وچھہِ اکھ میلیارڈیر تہ نیو یارکس منز ونیی ست
7495,یہِ منز چھ واریاہ قسم کینسر شمل، خاص طور کین ہندِس تہ خونچ خلیات (لوکیمیا، لیمفوم، واریاہ مییلوم)، تہ کینہہ مزمن انف
7496,خرِس منز کور امریکی ایکسپریس پننہِ چارج کم کرنس قبل۔
7497,بوزورگ میھر سندِ وضاحت چھُ زِ چترنگ، شطرنج خطر پہلووی لفظ، آو خوسرو اول سندِس دورس دوران فارسیس منز 'ڈواسرم، ہندوستان
7498,زنان چھ میہندی تہ باقی کیسمیٹکس پنن تہ اکھ اکھ استعمال کران۔
7499,والمکلی (سناکی ناوٹ ریس) چھ اکھ بییہ واقعہ یُس اونمس ستۍ متعارف چھ۔
7500,یَکشگان بیل یا تِمبل، چھِ اکھ خاص لِلیو ستہِ بناونہ آمتہِ انگنگ بیل ہُند اکھ جوڑ۔
7501,سُہ چُھ سکاٹش نیشنل پارٹی ہُند پارلیمنٹُک رکن۔
7502,میگھالیہ چُھ واریاہ پھل، سبزی، جھوٹ تہ ادویات کین کین کین کین کین ہند گھر تہِ۔
7503,قریبی ریلوے سٹیشن چھُ ٹمکُر۔
7504,لکھر راجو چھُ تٔمۍ پننہِ قصہ سننہ خطر ڈایریکٹرس ستہِ دوبار مقابلہ کران۔
7505,پوشیمترَن کور أکِس ژور فلو فوجَس تیار، تہ بودھ مذہب تباہ کرنُک اِراد کرنہ باپت، تٔمۍ گٔیہ کوکوتراما (پتالی پو
7506,سُہ آو پارٹی ہُند گڈنِکِس غیر برہمن رہنما سٹرام کیسری سُہ صدر سندِ پیٹھ پیٹھہ پتہ۔
7507,سُہ اوس پر لارسن تہ لوکٹا لیپبی ہندِ آنا سٹینا باسیم سندِ نیچُر ۔
7508,ٹرانسفر لمیٹ ہیکو اضافی بینڈ وڈھ ادا کرنہ ستۍ بڑوِتھ ۔
7509,انگلینڈن کٔر 1920 کس دہلس منز اپیٹہ ہُند پابندی، جرمنین کٔر 1929 منز تہند استعمالس قبل۔
7510,ایڈورٹزنگ کونسلن کور کیپ امریکہ زیاد خطر اشتہ بناونس منز مدد۔
7511,واریاہ چُھ ہُند اِتھہِ اثر ہُند اِشار کران ۔
7512,مانانٹھاوڈی قصبہ پٹھ ولِتھ پتہ چھ پانمارم دریاو پیایامپالی نزدیٖک کابینی ستہِ شمل۔
7513,باقی مُقابلہ یِمَن حصہ لگانن منز چھِ فِکر سکیٹر فیلیپ کانڈیلورو، فٹ بالر سِلوین ویلٹورڈ، سنی بورڈر این فلور مارکسیر، سوُنڈر
7514,پی این ایس ایس منز چھ پور دہِ دہِ دہِ دہِ دہِ دہِ دہِ دہِ دہِ دہِ دہِ دہِ دہِ د
7515,بیگ پیٹھ، تٔمۍ کٔر 27 پیکٹ حصِل کرنہ تہ تِم چھِ مقدس نار برونہہ رونہہ۔ پرتھ پیکٹ اوس باپتھ بانا لیفس
7516,روایتی طور کریکٹیر چھ تمام سفید کیٹس منز گِنڈ کران، مگر محدود اوور سکرکٹس منز چھِ تِم کلب یا ٹیم ہندِ رنگہ لگان۔
7517,ٹورمنن کور 1978 منز آریٹا فرانکلینس ستۍ خاندر تہ تِم کور 1984 منز طلاق۔
7518,ستمبر 2015 ہس منز کور روسس سوری شہری جنگس منز شمل۔
7519,سارنیہ سند چاد پینچود تہ سپرٹ سند میشل برنر سۍ گڈنِک شوٹ ۔
7520,تہ تٔمۍ سنز ساروے کھتہ اہم ہدایت چھ پننہِ مچھہ-مشتی- تہ پننہِ کنہِ پٹھۍ آبد کرُن۔
7521,"دی کوینٹچ پرٹیکشیا مشرا دِیوُت فلمہِ 3.5/5 ہُند درجہ بندی تہ وون "" 'شرماجی نامکیون' چھُ رشی کاپوٗر سنز مہارت تہ"
7522,اگر تہہ دکانس منز کٔرِتھ یژھان چھِو، توہہِ چھِو ستہِ کھتہ خطر دکانس منز گژھنُک بہتر۔
7523,انٹرسٹائٹ 65 انٹرسٹائٹ 65 چھ امریکہس منز اکھ انٹرسٹائٹ ہائی وے۔
7524,یِم ژورِ منزِ 1770، 1855، 1913 تہ 1943 منز آو بارڈھمن قصبہ کم۔
7525,ہایڈن چھُ وحد میس ورلڈ ٹائٹل ہارڈ ییمہِ مقابلہ دوران ترے زیر ٹائٹل زینان چھُ۔
7526,کینہہ مواصلات کمپنی چھ پننہِ خریدارن خطر واریاہن مختلف جاین منز ہاٹ سپٹ تہ پیش کران۔
7527,لگوونس ستۍ سرحدس منز گاڈن ہندِس گاڈن منز چھِ جنگلاتَن ہندِ باقی، خشک، پرتھ گڈنہ ولۍ جنگلات تہ لگین ہند
7528,دیوتا چھ جشنس خطر تیلہ تیار گژھان یتھ پننہ جسم ہمیشہ صاف برقرار تھاوان، باقیہ دعوا کران، گیندۍ غذا پتہ تہ تائی پوسمس برونہہ
7529,یہِ کٔر 64 ہِم فلم فیئر ایوارڈَن منز سبزیٖن نامزدگی حصل، یتھ منز ہِرانی خطر بہترین فلم تہ بہترین ڈایریکٹر شمل س۔
7530,یہ اوس اکھ مختصر کتاب یتھ منز کمونیزمک بنیدی خیالات س۔
7531,ویس بینٹلی، کریس کوپر تہ ایلیسن جننی تہِ چھِ ملِتھ ۔
7532,مسلمان مُلکن منز چھُ یہِ دہ قومی چھُ دنہ پٹھۍ دِنہ یوان۔
7533,ییلہِ سُہ اوس دماشس منز، تٔمۍ کٔر کتابہ تہ کٔر شاعری بنو۔
7534,شیالنگباو ہندِ پٹھۍ تہ پٹھۍ چِھ احتیاط سان وزن کم کرنہ یِنہِ ۔
7535,نیکامما آو جون 2019 ہس منز اعلان کرنہ۔ یہ چھ 2017 ہس منز ٹیلوگو فلم میڈل کلاس اببییی ہند ریمیک یس نانی ہند کردار ادا کران چھ۔
7536,پرتھ ریتہ تہہِ چھِو تمام ادایگی ہُند نظر، تہ وُچھِو زِ کُنہِ چھِ واپس کرنہ خطر کُنہِ کُنہِ ک
7537,میٹا ڈیٹا ہیکہ اوپن ایل ایل حلس منز تہِ بھیجنہ یِتھ ۔
7538,رابطک کونگ ہنزِ محفوظ گژھِ تہ ہیکہ نہ گھونہ توازنہ نِش دِتھ، یا گھونہ کنہہِ تہِ مٗتل
7539,وقتس پیٹھ چھِ سیٹہ ہُند تعداد وچھِتھ، موجود 57 تام۔
7540,"امپیر چھ پوزیشن تہِ تبدیل کران تاکہ اکھ یُس ""کوئیر لیگ""س منز اوس، ونہِ چھُ، یہِ چھُ، نہ سٹریکر سندِس خرس پیٹھ و"
7541,سُہ آو وارنر برنزِن AI نظامہ پٹھۍ بناونہ ۔
7542,اکھ وے ٹریفک کنٹرول کرنہ خطر اوس پل کس کنہہ طرفس پیٹھ ٹریفک پولیس اکھ آؤٹ پوسٹ۔
7543,ملٹیپوسسس ہیکہ پریتھ ترین ہفتن تام ریتس تام اکھ بٹ دِنہ یِنہِ ۔
7544,کیتھمنڈو ہس منز واریاہ رہائشی چھ پننہ ذتی گڈ کم کران تہ دٔریاوس منز رٹان۔
7545,اداکارہ بننہ برونہہ اوس پینٹو اکھ ماڈل تہ ٹیلی ویژن ہند پیش کران۔
7546,س گژھِ اکثر پننہِ ملِس وچھِتھ گژھنہ خطر جیلس منز گژھان۔
7547,ہندوستان چھ 1964 پٹھ واریاہ وینٹر اولمپک گیمن منز تہِ مُقابلہ کران۔
7548,کرویکی مُود 5 جون 2019 کرکوکوہس منز 70 وُہُر ونسہِ منز۔
7549,یہِ چھُ مُسلمن ہند ساروی کھتہ زیاد نمائندگی کرنہ باپتھ تہِ تسلیم کرنہ یِوان۔
7550,اسلامچ روایتس مطبق چھ خدا پرتھ قومس پیٹھ نبوٗن سوزان۔
7551,تٔمۍ کٔر ہندوستان کِس بنیدی صنعتس منز زراعتس منز سرمایہ کری ہُند زور دِوان۔
7552,تٔمۍ کور ہاوانا تہ پیرس منز پننہ مطالعہ مکمل۔
7553,یہِ آو 2001 ہس منز قیم کرنہ ییلہِ ہالی فیکس بینک آف سکاٹ لینڈس ستہِ رلوو۔
7554,منیگِٹِس ساروے کھتہ عام وجہ چھِ وائرس، یتھ پیٹھہ بیکٹیریا چھے۔
7555,ایس ایس ایس یو چھُ تاوان کُمپیریچینج یونیورسٹی سسٹمچ ژور یونیورسٹی منز اکھ۔
7556,"امہِ گڈنِکِس ہفتہ کس ؤرِیِمَس منز کور فلمہِ ₹7 ملین (92,000 امریکی ڈالر) جمع۔"
7557,میچن ہند سرکرۍ قونوُنی آیہ گڈ 1981 منز لٹہِ ۔
7558,1947 منز آو برطانوی ہندوستان کِس پُنگاب صوبہ مغربی پُنگابس منز مذہبی خطن ستۍ تقسیم کرنہ تہ مشرقی پُنگابس منز ہندوستانس
7559,پتہ آو پرنس خرم سندِ قیادتس تحت اکھ جاسوسی دوبار سوزنہ، ییمہ ستہِ میوار سنز زندگی تہ امہِ ملک زیاد نقصان
7560,یہِ چھُ نیو یارک میٹروپولیٹن علاقہک حصہ ۔
7561,پہاڑن منز گڈنِک یورپی ین سہِ 1832 ہس منز کیپٹینز جینکنز تہ پیمبرٹن۔
7562,امہِ پتہ گِیُن تٔمۍ ژھنہِ جرمن فٹ بال قومی ٹیمس منز باقاعدگی سان۔
7563,مے ہیکہ خر واپس گژھتھ ۔ دیپوالالی خطر چھ اکھ طویل ہفتہ یوان ۔
7564,سٹین ہارڈ چھ مزید مشور زِ وسطی ہندوستانس منز ہیکہ مالوا ہُند علاقہ تہِ حصِل کرنہ یِتھ ۔
7565,پوپ پال IV سندِس دورِ حکومتس دوران اوس کارڈینل میڈیسی فید نِش۔
7566,مے چھِ سکیڈنگ ہِندِ افقی کھیلچ کوشش کرنہ خطر تھوٹہ پریشان۔
7567,تاہم، جینیاتی تہ ثقافتی مطالعہ چھُ مشور زِ مقمی اینڈیمینی لوٗکھ ہیکہ میڈل پیلیولیٹِٹِک دوران باقے آبدیہ نش الگ گژھتھ، یُس
7568,ٹویٹر تہ فیس بکس پیٹھ تُہۍ مختلف پسندیدہ سٹور پیٹھہ پتہ ہیکہ تہہِ تیلہِ تیلہِ تیلہِ تیلہِ تیلہِ تیلہِ تیلہِ
7569,یہ چھ اکھ سہل زِ اجرت کری ہاؤس ژھاننہ خطر بروکرج فیس چھُ واضح طور نہ چھُنہ چھُنہ چھُنہ یِنہ یِنہ یِ
7570,لوٗکھ ہُند تعداد گوو 2000 چہِ صِرفہ 169.59 ہِندِس آبدی ہُندِس مقابلہ 84 فیصد اضافہ۔
7571,گوئس میرن گوئس میرن چھ شُمال ہالینڈ کس ڈچ صوبس منز اکھ بلدیہ۔
7572,تاہم، یوگا اوس نہ بنیدی سنی تہ شیعہ اسلامن قبول کرنہ آمت۔
7573,کرسمس کھتہ ہیکہ ورینڈہس پیٹھ خدمت کرنہ یِتھ، یا کُنہِ وقتہ پکِنِک پٹھۍ۔
7574,مارچس منز کور پاکستان فوجن سیسیشنسٹن ہندس قبضہ خطر اکھ سخت مہم شروع، یتھ منز مشرق پاکستان کِس فوجی تہ پولیس شمل چھ۔
7575,ایف ڈی اے چھ واریاہ میٹرکس استعمال کرنہ ستۍ آکوسٹک نفاذک حد۔ عام طور، باقی ایجنسی چھ ایف ڈی اے قیم گڈنی ہدایت قبول کران۔
7576,حالے چھِ ایشیاہ پیٹھ ستہِ زِیاد زووووووووووووووو ۔
7577,کینہہ ریڈیو سٹیشنن منز چھ آڈیو اشتہار یم پروگرامن درمیان گِند چھے ۔
7578,یہ آو اصلی 10 مارچ 1997 پٹھ 20 مئی 2003 تام ہاونہ ۔
7579,یِم قرضن منز چھِ عام طور کم شرح تہ کم ریتھہ یِنہ خطر چھِ کم ادایگی ہُند ضروُرت۔
7580,2019 منز کٔر سینن بوہومن تہ باسو پوروبار شمل مشہوٗر بنگالی فلمن منز اداکری۔
7581,اکھ لگ یُس شیلن منز لکٹن ہندِس حصِلَس منز گژھان چھُ ۔
7582,مندر چھ پرشوناٹس خطر وقف کرنہ آمت تہ یہ چھ جینزم سندِ پیروکارن خطر زیارتک اکھ اہم مقام۔
7583,کیسٹروک لاگنگ چھ پرتھ کینسہِ ریکارڈ بناوان یس دباونہ یوان چھ۔
7584,زیاد تر اضافہ چھِ آیی کیو رینجک کم نصفس منز۔
7585,مایلن سندِ وجہ ستہِ ہندِ معاملہ تہ موت سہِ زیاد تر نیو یارک سٹی منز اعلی درجتی خاندانہ۔
7586,اگر مٗمکِنہ یِہ، بہترین حل چھ پرتھ توازنس پیٹھ کم از کم ستہِ زیاد رقم ادا کرُن۔
7587,"8،00,000 کھتہ زیاد گاڑین چھ پننہِ ستمتہِ ٹولڈ ڈرگ تہ دن ٹنل استعمال کران۔"
7588,جموں و کشمیرس خلاف 1976-77 سیزن اوپنرس منز، تٔمۍ س زیننس منز 8/36 ہُند میچ ہُل۔
7589,ہولی چھ مختلف ناو تہِ زاننہ یوان: کمویل، کمونی پاندوگا تہ کم-دھانم۔
7590,چُھ زِ تُہۍ چیز چُھ ژھنہ یوان تہ چیز چُھ تہہِ منتقل کرنہ یوان۔
7591,پارڈس منز چھ سجاوٹہ یِنہ، ڈرما بیٹس تہ باقی موسیقی، لوک آرٹ فارم، فلٹ، تہ رنگین پلونہ آمتہِ لوٗکھ شمِل لو
7592,امہِ مطلب چھُ یہِ زِ حکومت چھُ کم آمدنی پیٹھ اِندِس شخصس پیٹھ ٹیکس دِوان۔
7593,زیندِ اوس میگن کارلسن، یُس 2013 کینڈیڈیڈیٹس ٹورنامنٹ ہُند زیندِ اوس۔
7594,"تریِم نیشنل فیملی ہیلٹس سروے چھِ کیرالہِ گڈنی ""استادتی ڈلیوری"" منز 100 فیصد طبی سہولیاتن منز زایہ ستہِ رینکن"
7595,اکہِ ہیکس گرام کِس تمام خطن ہند وضاحت کرنہ پتہ آو اگنۍ ہیکس گرام۔
7596,یہِ ستہِ پتہ چُھ گوونڈس سچچ پتہ خطر حصِل۔
7597,جرمنی اوس یورپ کس معیشتس خطر واریاہ وقتہ واریاہ اہم ۔
7598,1990-2002 ہس دوران امریکہس منز آو 221 سیسٹایرکوسیس سندِ مرنہ ۔
7599,وِکیڈیمیا فاؤنڈیشن چُھ وِکی خیال تہ میڈیووی سافٹ ویئر استعمال کرنہ خطر واریاہ پروجیکٹ چلان۔
7600,یتھہ کارڈ ہیکہ تقریبا 1024 بٹ یا 128 بٹ سٹوریج کٔرتھ۔
7601,9 جنوری 1757 ہس منز کِس کپتان کوٹ تہ میجر کلپٹرک تحت 650 مردن ہُند فوجس منز طوفان تہ کِس کِلکُٹاہس پیٹھ 23 میل شُمالس
7602,"2016 ہس تام، اگر توہہِ اکھ یا توہہِ خاندر گژھِو توہہِ توہہِ کل $5,000 دوُرِتھ $2,500 دُرِتھ ۔"
7603,یہ دور گٔیہ اپریل 1469 منز شروٗع تہ گٔیہ جولائی 1487 منز ختم۔
7604,مے کٔر أکِس ہفتہ کرایس لاینرس پیٹھ گٔیہِ، تہ مے چہِ نہ سمندرچ بتھہ کھتہ زیاد آرام گژھنہ۔
7605,"مغربی بنگالچ ہیندۍ آبدی چھ 64,385,546 ییلہ زن 2011 چہ مردم شمری مطبق مسلمان آبدی چھ 24,654,825۔"
7606,واریاہن مُلکن منز چھِ یہِ دوا استعمال طبی ماحولس نبر غیر قانونی۔
7607,دیوالی چھ اریا سماجس منز اکھ واریاہ اہم دہ ییلہِ سوامی دیانند امہ دہ مُود ۔
7608,س گٔیہ 2011 ہس منز لندن آکادمی آف میوزک اینڈ ڈراماٹک آرٹ پیٹھ گریجویشن۔
7609,2014 ہس منز آو انفجری ہند سیریز ستۍ 32 نفر ہلاک۔
7610,5 جولایی 2013 ہس منز شروع گژھان، فلمہِ ہندِ جایہ منز چھ بنگالور، بانکوک تہ لندن شمل۔
7611,س گوو لاس اینجلس ہند لوٗکھ شہر بہتر بناونہ خطر۔
7612,یِم چھِ سمندرچ بٹرفلی تہ سمندرچ فرشتہ تہِ ونان ۔
7613,دکنس پور حصہ کنٹرول کرنچ کوٗشِش منز، تٔمۍ کٔر پننہِ دارالحکومت مرکزی ہندوستانس منز دُولُت آباد، مہاراشٹرَس منز منتقل۔
7614,"روایہ مطبق سہِ افسانوی سانگمس مدورایہس منز پانڈیا ہندِس سرپرستی تحت ""اکادمی"" منعقد کرنہ۔"
7615,سُہ اوس انتخابس پیٹھ کمیٹی ہُند صدر ۔
7616,کرسٹین VII گُزریو 1808 ہس منز اکھ سٹراکس ہند نتیج پٹھۍ۔
7617,جدید فارموُل اولس منز، ٹیمس چھ پننہ کار بناونُک ضرورت۔
7618,لوئالکپا اوس شک کرنہ یوان اگر تھھوڈو ننگتھل لیمس اوس اصل پٹھۍ أمۍ سنز حقیقی بہن یا نہ۔
7619,کیبرو چھ مشرقی نیپال تہ ہندوستان کِس سرحدس پیٹھ ہمالایہَن منز اکھ پہاڑ۔
7620,10 اپریل کور متیسن سِرییی حکومتس شیمیی ہتھیار دوبار استعمال کرنس منز دِنہ خطر حصِل۔
7621,1947 منز آزادانہتی حصلہ پتہ گوو نیو دِلہِ ہِندِس ڈومینون آف انڈیا ہُک دارالحکومت تہ 1950 پتہ ہِندِس جمہوریہ
7622,ییلہِ گوتم بودھ پننہِ پننہِ پانژہ سابقہ ساتھی وچھ، تٔمۍ کٔر تمن ڈرمکراپورپرتانا سوُترچ تعلیم۔
7623,زمستانس منز چھِ ہلکہ درجہ حرارتچ کینہہ دور تہِ۔
7624,یہِ آو گڈنِچ سکرین کرنہ 2013 منز مُمبیی فلم فیسٹیولَس منز۔
7625,موراویان چرچ تہ ایفڈریشن آف انجیلیکل اصلاحی کانگریجن چھ ایسوسیٹڈ رکن۔
7626,مے چھس پریو کھولنہ آمتہِ پٹھہِ پٹھہِ پٹھہِ پٹھہِ پٹھہِ حل کرنہ آمتہِ ۔ کوریر کمپنی کٔر اتھ س
7627,ہیمہ پربھاتھ کینہہ فلمہ منز اداکار ہند کینہہ فلمہ منز چھ 1997 ہس منز امریکہ، 1995 ہس منز ڈور، 1999 ہس منز راویما، 1993
7628,ییمہِ ؤرۍ مے مختلف نظامن ہندِ مدد ستۍ واریاہ ٹیکس پونسہ بچاونہ۔
7629,2022 ہس تام چھ تقریبا تمام کمپیوٹرن منز یو ایس بی یس تہ چھ پرندین معیارن ہند جایہ۔
7630,مز چِھ شراب تہ کرم چھِ قہ یا جوسہ منز شمل کرنہ یوان تہ یِہ ستہِ چِھ ژھلوِتھ ۔
7631,پتہ ہیکہ حالتس منز اعصابی یا نفسیاتری ظہر، کٹراکس، ہندسہِ تہ کینسلٹل غیر معمولیات تہِ شمل گژھِتھ۔
7632,یِم یِمَن حصہ کٔرِو، کٔرِو جنگجوَن ہِندِ کردارَس منز، ییمہِ مقصد پننہِ تہ تِہندِ قبیلن خطر
7633,اِکادشیَن کٔر وِشنوُن بدلہ وون زِ لوٗکھ یِم تِہ دہ روز روز کروِو یِنہِ ہِنز گناہ ستہِ
7634,یہ فلمہِ فلمہِ ہُند پریمیشن دِیُت 2017 ہَس منز ونیز فلم فیسٹیولَس منز۔
7635,مے چھُ قیمتہ بڑنچ امکانس متعلق پریشان ییمہِ ستہِ پننہِ فروخت ہنز تعداد کم گژھان۔
7636,مگر یِمَن ہِندِ زیاد تر رِیوُلٹَن منز چھِ صرف روٗدِس موسمَس دوران آبدی ہندِ رتہ یِوان تہ لہذا چھنہ
7637,ییلہِ باقی کردار ادا کرنہ کھتہ زِیاد کرنہ یوان چھِ، کوٹچی ہُند ماسکوٹ کپڑا چھِ باقی دن کردار ادا کرنہ یِتھ ہی
7638,اگلی ز مقبوُل، ڈیمپوُر تہ موکوچونگ س 1961 پٹھ قصبہ پٹھ درج کرنہ آمُت۔
7639,تمہِ سنزِ اگلی بٔڑِ ہِٹ سہِ 1948 ہِندِ فِلمہِ، شاہیڈ تہ مِلہِ۔
7640,یِم لوٗکھ یِم شہرَس منز روزان سہِ نہ یِم نہ کرنہ آمتۍ تِمَن برونہہہ ترجیٖح۔
7641,یِم تنظیم یِم کہِ واریاہ سرگرمی سہِ، چھِ ونسہِ تہِ دِنہ آمتہِ خطر ستہِ ہایبرنشن منز گژھان۔
7642,شاہ جھن سندِ حکمس پیٹھ آو 23 جنوری 1628 منز واریاہ ستہِ ستہِ ستہِ ستہِ ستہِ ستہِ ستہِ س
7643,یِم جٔزیٖر س برطانوی راجس دوران مدراس صدریت کِس مالابار ضلعس ستہِ ربطہ آمُت۔
7644,"لوکوُس سندِ مطبق چھ یہ واقعہ وضاحت کران ز ""ملکہ مہابالی ہُند ثقافتی شخصیت، یُس ہندو، قابل قبول تہ شمل سمجھنہ آمُت"" ""ب"
7645,یہ چھ تریخچ خراب گژھنہ پیٹھ اکھ سڑکہ پٹھ بیٹھان۔
7646,جھوٗم کاشت چُھ نہ صرف قدرتی بییہِ تنوع خطر خطر بلکہ یہِ تہِ زراعت ہند کم قیمتہ غیر مصنوعی طریقہ۔
7647,یِمَن سٹائلن ہُند مقبولیت منز اضافہ چھُ چینی معاشرَس منز ولۍ ولۍ ہِندِس دِتھ دِتھ دِتھ دِتھ دِت
7648,زیکا فیور (تھ زیکا وائرس بمِس تہِ ونان چھِ) چھُ زیکا وائرس ستۍ ولہِ اکھ بیمار۔
7649,امریکی فٹ بال گوو رگبی تہ سٹاکر سندِ کھیلہ پٹھ ترقی۔
7650,تِم چھِ 200 کھوتہ زیاد روبرین ہندِ خطر مجموعی طور 355 الزام یِم کلِس کٔمیٖنہِ چھِ، یتھ منز کلِکِس کٔمیٖن
7651,اگر توہہ جنگجو چھِو توہہِ مدد کرنہ خطر ایجنٹ پننہِ ستہِ نیرِ گژھِو کم امکان۔
7652,یِمَن منز چھِ کریسٹور، کریسٹینا، کریسٹین تہ کریسٹوس شمل۔
7653,یہ چھ روہٹک ضلعس منز ز ذیلی ڈویژن منز اکھ۔
7654,لداخ چھ تبت گزیل تہِ ہُند گھر، یُس تبتس ستہِ مشرقی لداخس سرحدس منز وسیع علاقہ چھِ روزان۔
7655,مقبول تفریٖق بنیو تریخی کلاسیکی پیشکشن ہند جایہ کرنہ باپت معیار۔
7656,گڈنِک انٹرایکشنس پیٹھ ہیکہ زنان مردن کھتہ زیاد خوشی ہیکان۔
7657,ییلہِ اکھ کھلڑِ کورٹس منز چھُنہ یوان، س چُھ کینہہ بییہ طریقہ کھیلس منز مدد کرنُک توقع کرنہ یوان، یتھ کٔ
7658,سُہ چھِ رِیاہ ہُند مدد حصل کران تہ چھِ بھرتی واریاہ مختلف طریقہ پلوُتھ تہ پرتھ پوزیشن ہُند فوٹو کلک کران۔
7659,جری مدتہ زیاد، کم اکھ نفرس پرتھ ریتھ ادا کرنہ یوان۔
7660,یہِ سکرپٹ آو نیشنل فلم ڈویلپمنٹ کورپورنشن آف انڈیاہِ دہہ پننہِ ایونٹ، فلم بیزار خطر 2016 ہس منز منتخب کرنہ۔
7661,کینہہ چھ خونہ منز ہایڈروجن یون تہِ نکالان۔
7662,لییک وڈ، واشنگٹن: لییک وڈ چھ ریاست واشنگٹن ہس منز اکھ شہر۔
7663,گم، مُلک تہ حقیقت یہِ، پور دنیا اوس اکھ لکٹ وِروس ستہِ پریشان، یُس ایس آر ایس-کو وی- 2 ناو تھاوان۔
7664,نوراتری تہ دیوی ہند عبادت چھ تریٖخی سِکھزم ادبس منز ذکر کرنہ یوان، خاص طور داسم گرینٹَس منز یُس روایتی طور گُرو گوبِنِ
7665,جاپان چِھ برونزی میڈل رونس منز امریکہ گِیُن، ییلہِ کُوبا تہ جنوبی کوریاہ سُہ میڈل خطر مُقابلہ کرِ۔
7666,باقی قابل ذکر ریلوے سٹیشن چھ پانٹنگر، لالکوئن تہ ہالڈوانی منز۔
7667,علامتن منز ہیکہ رفتارچ مسلہ، مزاجچ مسلہ، تہ سوچچ مسلہ شمل گژھتھ۔
7668,ییلہِ تِم مقصدس تام یِنہ پتہ زیاد پونسہ یِنہ یِوان چھِ چھِ چھِ چھِ چھِ کینہہ ٹیکسی ڈرائیورن ہُند روی
7669,چیکہِ زِ فیس چھُ تُہندِ بجٹس منز۔
7670,یہ پیگ گوو 1971 منز امریکی ڈالر کمزور گژھنہ تام ۔
7671,وانواتو سنز آزادی آو انگریزی تہ فرانسیسی بولن ولۍ کمیونٹین درمیان سیسی تنازعہ ستۍ تاخیر، ییلہ زن جزیر فرانسس ستۍ اکھ علاقہ
7672,نوجوان لڑکہ پٹھۍ، ٹینڈولکرس اوس اکھ بگھِ ولِس ماننہ یوان، تہ اکثر پننہِ سکولس منز نوو شُرِ ستۍ لڑے شروع۔
7673,شُملی کاوکاسین جمہوریہَن منز چھِ شُرِ عام طور مختلف ہاؤسَن منز اکھ بیگ ستۍ گژھان ییمہِ ستہِ چُھ شُم
7674,تالبٹ مُود 3 نومبر 2020 87 وُہُر ونسہِ منز۔
7675,"بال ہُند ""لین"" چُھ پریتھ بارہ بال ہُند اتھ ہُند ہُند تبدیلی ولِتھ ۔"
7676,تہہ ہیکہ واریاہ مقصد یتھ تہہ ریٹائرمنٹس برونہہ تہ ملنہ خطر ضروٗرت چھ۔
7677,ٹریک ہُند سیکشن آیہِ ہٹاونہ تہ باقی ایتھلیٹکس سٹیڈیمن منز قرار دِنہ۔
7678,"""آخری ایئر ویندر"" منز سینما گرافکس اوس واریاہ غر حوصلہ تہ یہ اوس صرف نہ یہِ وٗچھِتھ ۔"
7679,تہہ ہیکہ باقے کاروبار یا ساتھی ستۍ سوال کٔرتھ اگر تمن منز چھِ صحیح ماڈلن پیٹھ کانہہ مشور۔
7680,کناپیل ورکی ویدین اوس منتخب پنچایت کمیٹی ہند گڈنِک صدر۔
7681,تقریباً 130 قبل مسیحس منز آو خری یونکو بیکٹریین بادشاہ ہلیوکلز آسہِ حملہ دوران مارنہ تہ یونکو بیکٹریین سلطنت اوس اصل پٹھۍ موجود گژھان۔
7682,استادس چھ اکھ نمونہ بنوتھ تہ پی آرپہس چھ اتھ کپی کرنہ یوان۔
7683,یہ چھ ز جزوی طور تسلیم کرنہ آمتہِ مُلکن منز تہِ استعمال کرنہ یوان، ابکازیا تہ جنوبی اوسیتیا۔
7684,سُہ چھ اکھ دوست یاد کران یُس تِہِہ یژھہ گلی ہیکو۔
7685,یِم رگ یِم ونہِ موجود سہِ اتھ نظامس مطبق درجہ بندی کرنہ آمُت، حالانکہِ بھٹکنڈے سندِس نظامس منز چھِ
7686,کھو کور اکھ گرونہ ولۍ شاخ تہ کھوو یہِ پیٹھہ کھونہِ مردن منز اکھ مارنہ خطر استعمال۔
7687,3 دسمبر 2000 ہس منز آو بییہ بٔڑِ مِلِس پٹھ حصِل کرنہ ییلہِ سٹی سی سی تہ سیپک ٹاکراون ہُند کھیل کینیڈ
7688,سیریز منز کٔر مِرِلو بنِسایو، الیسندر نگرنی، لیونارڈو بریسیو تہ فلوییا الیسندر کِہِ اداکری۔
7689,مرفیٹ سکولس منز س ونڈوز خراب تہ دروازہ نیبر۔
7690,یہِ سنز حصِل کٔر 1982-83 ہَس منز گجرات سٹیٹ ڈِپٹیشن آف آرکیوولوجیا تہ یونیورسٹی آف پینسپلینیاہ ہُک میوزیم آف ڈی ہِ
7691,یہ اوس بہترین اجندی زبانہ زبانہ ہندِ فلمہِ خطر اکھ اکیڈمی ایوارڈ نامزد تہ۔
7692,شہرَن منز روزان چھِ واریاہ لوٗکھ، چھِ رلکاوٹہ خطر مُلکَس منز گژھنُک پسند۔
7693,بنیدی سیفِلس چھُ عموٗمَن بینہہ شخص سندِس انفیکشن زخمَن ستہِ براہ راست جنسی ربطہ ستہِ حصل کرنہ
7694,ہائپوٹیرایڈزم چھُ زیاد گژھان۔ ٹرنر سنڈروم ولۍ زنانن منز چھُ 30%-50% ہشیموتو سنز بیمار، ییتہِ تیرایڈ گلینڈ آٹو ای
7695,کینہہ تہوار چھِ بینڈی چوُر دیوا (دیوالی)، میلہ ماگی، ہولا موہلا، راخری، ویساکی، لوہری، گُرپُرب، گُرو راویڈاس جیانٹی، تی
7696,اکتوبر 2010 ہس منز کور کیوا پننہ پننہ پننہ پننہ پننہ پننہ پننہ پننہ پننہ پننہ پننہ پننہ پنن
7697,پتہ کٔر تٔمۍ کلاسیکی گیتارچ مطالعہ تہ 18 وریہ ونسہِ منز ووکل کلاس مکمل۔
7698,ہندِس دُشِشِشِشِشِشِشِشِشِشِشِشِشِشِشِشِشِشِشِشِشِشِشِشِشِشِشِشِش
7699,بنہِ امیُن نظامُک حصہ پٹھۍ، جلدچ خلیاتَن منز ٹول رسیپٹر چھِ پٹیوجنن تہ سیل ہنز نقصانَن ہُند ردعمل شروع کرنہ
7700,ڈی سی چُھ مثبت پولس منز بہاوان تہ منفی پولس منز واپس آوان۔
7701,تٔمۍ کٔر پاناما کینال بناونس دوران یلو فیورس خلاف تہ مہمری۔
7702,تٔمۍ کٔر 1948 تام یہ پوزیشن کم کران تہ 1963 پیٹھ 1965 تام دوبار۔
7703,کینژن مُلکن منز چھِ انٹراپمنٹ مجرمانہ ذمہ ورانہ خلاف اکھ مٗمکن دفاع۔
7704,یہ چھ دورےتی ٹیبلس پیٹھ کیمیکل عنصر 84 تہ امیُک علامت چھ پو۔
7705,پننہِ خریدری ہنزِ ضروُرتَن متعلقہ کوپن خطر پننہِ مقمی اخبار سنچین۔
7706,تاہم، روُسی فوج س 14 ستمبر تام واپس آو۔
7707,یہ اوس تِہ وجہ زِ نظام خطر زیاد تر گیم سہِ موجود آرکیڈ گیمن پیٹھ مبنی۔
7708,تہہ پننِس ایل ایل یس ہنز گھریلو بناونہ پتہ، تہہِ تہہِ تہِ پننِس نوِ مقامس منز کم کرنہ خطر
7709,گروموف مُود 22 جنوری 2021 83 وُہُر ونہِ ونسہِ منز۔
7710,رچرڈس اوس فیلیپس II سندِ مدد، یُس ونۍ فرانسُک بادشاہ اوس۔
7711,یہِ چھِ عظیم شیوا مندر کالیشور تہ رامسوارس نزدیٖک (یمِہِ اکھ مندر ونان چھِ ییتہِ شیوا تہ وشنو اکھ اکھ وچھان چھِ)۔
7712,تم چھ مانان زِ شیوا اوس مہابالی ہُند 'کلادیوُم' (خاندنی دیوتاہ) تہ زِ اتھ وقتس منز اوس نہ وامانا مندر۔
7713,فیلڈ ہاکی چھ ہندوستانس منز اکھ مشہوٗر کھیل۔
7714,چاندی گڑھس منز آبدی ہندِ ترقی ہُند شرح منز چھِ اکھ اہم کمی، یتھ منز 2001 تہ 2011 ہس درمیان صرف 17.10 فیصد اضافہ چھِ۔
7715,اگر دباؤ زیاد چھے، توہہ زیاد گیس حل کرنہ یِتھ ۔
7716,1909 تہ 1932 ہس درمیان کٔر تٔمۍ ہندوستنی سنگیٹا پڈھدی ہندِس مہِ زووِیوِی کم پیش، ییمہِ ہندوستن
7717,گنگلین خلیہ چھ ماحول ہندِ سطحس متعلق معلومات دِوان، تہ چھِ رٹین تہ کنہِ ہندِس موازنہ ستہِ کم ردعمل کران۔
7718,واریاہ گروپَن ہو 1932 منز کالگری، آلبرٹا منز سی سی سی ایف بناونس منز مدد۔
7719,ہاوس آف روپر چھ ساروے کھتہ زیاد اہم انگریزی آرسٹوکراتک خاندانن منز اکھ۔
7720,ییلہِ روُسہِ ہاوسٹڈ اولمپک گیمَن سرکرۍ 23 فروری منز ختم گژھان، اولمپک دور سرکرۍ 16 مارچ 2014 ہِندِ وِنٹر پارالیم
7721,پالمن زاو 3 مارچ 1831 بروکٹن، نیو یارکس منز۔
7722,سُفریٖمَن چھُ اتھ دعوی کران زِ کھیل چھُ بندِس طورس منز بدقسمتی طور خراب تہ یہِ چھُ جانورن خوف تہ تکلیفَس ستہِ رت
7723,"ڈیوڈ گورڈن وائٹ چھ ترے باقی اہم سٹریم سکوُلر ہند نقل کران یم ""تھہِ چھِ مُتعصب طور ہُند ثبوت"" چھِ زِ ویدک مذہب چھ"
7724,پانڈیا بادشاہن کور کمبیکونم نزدیٖک لڑایہ منز اکھ خراب شکست۔
7725,آئی پی وی 6 چھُ اَکھ اَکھ پروٹوکول چیک کرِ غلطی تہ چیکسوم رٹِتھ۔
7726,یہِ چھُ تلاش انجن ہندِ اہمیت تہ مقبولیت ستۍ درجہ بندی کرنہ آمتہِ نٔتیٖج واپس یِوان۔
7727,تِمَن کٔر برطانیہ پیٹھ آزادی خطر ایرِی جنگَس منز اکھ اہم کردار ادا۔
7728,کھینچ اہم حصہ یُس روایتی طور پکانس منز استعمال گژھان چھُ، چھُ پاسانڈا ونان۔
7729,آٹو ایٹ آٹو ایٹ چھ مائیکروسافٹ ونڈوز خطر اکھ فری ویئر پروگرامنگ زبان۔
7730,ایپِگلٹِس ایپِگلٹِس چھِ ایسوٗفاگس منز اکھ تھوووِ فلپ۔
7731,سُہ زاو ونیزس، اٹلیہ منز تہ آو فلادیفیا، پینسلوینسیاہس منز بڑمژ۔
7732,اکھ شخص ہیکہ اتھ سخت کھاسہ یتھ تِم بتھ، رپہ كرِتھ، یا کوششہ ستہِ واریاہ تھکر گژھتھ۔
7733,زندگی ہندِ ابتدئی مرحلن منز چھِ واریاہ قسم چھِ شُرِس نزدیٖک بڑان۔
7734,غیر مساوی سائز چھِ ز گپھ، یِم دشوے مشرقس ستۍ مشرقس منز اہم دیوتا گناپتی ہُند مجسمہ ستۍ چھِ۔
7735,تہِ، یتھ منز یتھ ناو ہندۍ مصنوعات منز ہیکہ مختلف مقبوُل مقبوُل مختلف اجزایہ ہند ذٔریعہ مٗختٔلف اجزایہ ہ
7736,تمہِ سندِ مل، رچرڈ والمسلی بلیر، کرِ ہندوستنہِ سیل سروسس منز کم ۔
7737,دِلہِ منز ونہِ تباہ کرنہ آمتہِ کِلا راے پیتھورا قدری ہُند تعمیر چھُ پرٹی وِراجس ستہِ ربطہ یِ
7738,ہندوستنہِ ہمالایہ، تھار صحرا تہ ہندوستنہِ گنگٹک میدان چھُ شُمال ہندوستان کِس قدرتی منظرنامچ غلب۔
7739,تٔمۍ کٔر ہارورڈ یونیورسٹی منز پنن ماسٹرز تہ ڈاکٹر ڈے مکمل۔
7740,زیاد تر وقتہ، تہہ ہیکہ آن لائن لاگ ان کرنس منز سۍ۔
7741,وارنا دٔریاو چھ اکھ دٔریاو یُس مغربی ہندوستنہِ ریاست مہاراشٹرس منز سنگلی ہند وارنا دٔریاو وادی تہ کولہا پور ضلعہ منز چھ
7742,اوپر ذکر کرنہ آمتین ستۍ چھ ٹیمس منز مرد ڈینیل ارنمنارٹ، ٹامسو ڈی اورسوگن، جےڈن ہڈلر، میٹن لوسن، کیمرون میک ایوی، نیڈ میک
7743,پننہ پیچید ترتیبہ خطر مشہوٗر، ورنام چھ کارناٹک موسیقی منز اکھ بنیدی شکل۔
7744,میریڈیٹس زاو 16 نومبر 1907 کلوئلینڈ، اوہیوایہس منز۔
7745,کرسیلوفن کور 3 ٹاپ فیو تہ پانژ ٹاپ دنہ۔
7746,نتیجس منز چھ اکہِ راتس تٔمۍ لوٗکن ہندِ ستہِ سختی سان مارنہ یِوان یِم پننہِ كم کرنہ ستہِ گژھان
7747,یہ چھ ونسہِ جنوبی امریکہس منز وحد مُلک یُس یِتھہِ عملہ منع کران چھُ ۔
7748,2016 منز بدلو یونٹی اکہ وقتہ خریدری پیٹھ اکھ رکنیت ماڈل۔
7749,پیریفیرل سینسروری موٹر علامتن یا سپینل کارڈک کم حوصلہ ستہِ مٗشترکہ تخلیق ہنز موجودگی چھِ بتھ پٹھۍ فولٹ کمزوری بجایہ
7750,دیابٹکس ہنز پٹھۍ پٹھۍ پٹھۍ پٹھۍ پٹھۍ پٹھۍ پٹھۍ پٹھۍ پٹھۍ پٹھۍ پٹھۍ پٹھۍ پٹھۍ پ
7751,سٹیو ووزنیک زاو 11 اگست 1950 سن جوس، کیلیفورنیاہس منز۔
7752,ایموج چھ عام طور استعمال یوان ییلہ لوٗکھ اکھ اکھ متن کران چھ۔
7753,1998 منز کٔر جرمن فولکس واجن گروپن بنٹلی 430 ملین پونسہ خطر خریدم۔
7754,مے اوس نہ یہ ذہین ہوم سیکورٹی سسٹم چہِ چہِ چہِ چہِ چہِ چہِ چہِ چہِ چہِ چہِ چہِ چہِ چہِ چہِ چہِ چ
7755,اوپر اِیُرِری ٹریکس منز اکھ یو ٹی آیہ چھُ پییلون افریٹس یا کینہہ انفیکشن ونان۔
7756,سائکلون کلیرن کٔر کرتھہ کِس 100 کلومیٹر شُمالس منز ساحلس پیٹھ گژھان، ییمہِ پیلبارا علاقس 195 کلومیٹر فی گھنٹہ تام ہواہ ستہ
7757,یِتھ زیاد سیل یِم تقسیم کران چھِ، تیزی سان بدتر چھِ کینسر۔
7758,قدیم سپٹاپرنی گپھ، اکھ قدرتی گپھ یُس بودھ کِس دہس تام ولِس، چھٗ صرف کینہہ کلومیٹر دور۔
7759,کھتہ زیاد مارکیٹہ ہندِ سامان خریدنہ خطر چھِ صارفینن نہ گارنٹی ہندِ حصِل گژھان۔
7760,میسنگ خاندان چھ یہو ، تہ یہ چھ روس تہ پولینڈ پیٹھ نیران ۔
7761,مے چھٗ مے نِش كران زِ تہہِ چھِو اکھ نوو کلائنٹ متعلق عومی طورس پیٹھ خراب قسم کران ییمہِ ہمہِ واریاہ کوشش ستۍ زین
7762,"فرض کٔرِو زِ تہہِ چھِ 10 ؤریہَن تام 10,000 ڈالر اتھ اکاؤنٹَس منز ڈالوِتھ ۔"
7763,میزورم کِس معاصر لوٗکھ چھ کرسمس، ایسٹر تہ باقی عیسیی جشن مناونہ یِم واریاہ پرندِ قبلی عادیات تہ عملہ بدلہ چھِ۔
7764,سُہ اوس 1975 پٹھ 1992 تام برگ ڈورف گڈمن ہُک صدر تہ سی او۔
7765,دویمہِ عالمی جنگہ پتہ، وو کور پننہِ خاندری پٹھ واپس۔
7766,یِتھہِ کٔنۍ، عیسایین خطر، ایسٹر ییلہ چھِ خر گپھِ ہُند علامت۔
7767,اَمہِ موقعہ منز آو اکھ عومی تقریب جمعہ سنزِ کامیابی ہند جشن منز ولہِ، تہ یہِ اوس یِم موقعہ زِ سُہ آو ددا کِ
7768,اکھ شخص ہیکہ یا صلح یا تشدد کس طریقس پیٹھ پننہِ گلوُن ہند ردعمل کٔرتھ۔
7769,مگر سنچس تہ باقی س نہ اندر اجازت دیوتہِ، لہذا تِم سہِ ای میل لکھ۔
7770,ڈومینیکن ریپبلکس منز چھِ تہِ لکٹن گروپن ہُند مخالفت۔
7771,"ٹوٹل انڈیا ہُند لیمسٹون چھُ 93,623 ملین ٹن ہُند تخمینہ یوان۔"
7772,مے سندس دلس منز گژھن ییلہ مے نہ ییلہ نہ ییلہ نہ ییلہ کھینچ مز یس منی منی منز ژھانوو
7773,سنگھبھمَس منز ہس منز 1820 ہس منز بغاوت، کولَن 1832 ہس منز مغربی بنگالَس منز بغاوت۔
7774,"پاکستانن اعداد و شمارن مطبق س اپریل 83,000 ہس منز مغربی بنگال پیٹھ مُسلم پناہ گزین۔"
7775,یہِ چھُ نہ صرف کھیلَن خطر، یہِ چھُ موسیقیَن خطر تہِ۔
7776,"جارکھند چھ 7,970,000 ہیکٹر ہند جغرافیتی علاقہ بٔڑان۔"
7777,دِلہِ ہُند بلدیہ آبچ فراہمی چُھ دِلہِ جال بورڈ ستہِ انتظام کران۔
7778,سُہ چھِ بیٹ تہ ہپِ نسلن منز اکھ مشہوٗر شخصیت۔
7779,مے چھ خوشی ز صحت سینٹرس منز ساروے کھتہ زیاد تجربہ ڈاکٹر چھ امہ ہفتہ کنسٹرس خطر دستیاب۔
7780,نوجوانن ہندس مُقابلہ منز کٔر کنیگ پیمیی ٹایپ پیٹھ زیاد پٹھ پٹھ پٹھ پٹھ پٹھ پٹھ پٹھ پ
7781,یو ایف آئی چھ تمام آئی بی ایم کمپیوٹرن منز موجود واریاہ بی او ایس فارم ویئر انٹرایٹس ہند جایہ کران۔
7782,اکرونیم چھ اکثر مِنہِ آلہِ ہندِ طورس پٹھ ستہِ ہندِسہِ ہندِسہِ ہندِسہِ ہندِسہ
7783,زینڈر یس نیٹ ناکام گژھنہ باپت کوٗشِش کرنہ پتہ، پولیس کین واریاہن کور اتھ ہارپونچ جواب۔
7784,یہِ فِلم آو 24 فروری 2017 ریلیز کرنہ ۔
7785,تٔمۍ کٔر اکھ کونسل مناونہ ییتہ کینہہن تٔمۍ برطانوی ستۍ تسلیم کرن، کینہہ جنگس پیٹھ پیٹھ پیٹھ پیٹھ پیٹھ پیٹھ پیٹھ مش
7786,ییلہ تہہ پننہ خاندان خطر اکھ ایمرجنسی فنڈ قیم کرنہ ییلہ تہہہ کٔرِو کٔنہِ مضافہ پونسہ قرض واپس
7787,کرسٹڈ سکیبی چھ بیمارچ اکھ زیاد شدید شکل۔
7788,یہِ چھُ علاقس منز 40 سکِی کلومیٹر (15.4 سکِی کلومیٹر)، دنیاہس منز وحدہ ساروے کھتہ زیوٗنہِ پارک، یُس شُمال مشرقی ہندوستانس
7789,سیر، براہ مہربانی پینٹنگس پیٹھ نہ تھونہ۔ اگر توہہ اتھ پیٹھ تھونہ کران چھ، توہہِ چھٗ توہہِ اتھ پیٹھ ادایگی کرنہ یِوان
7790,خری طور، ایلیرین افسر کلاسن کور ریاستس پٹھ کنٹرول۔
7791,سُہ چُھ باوسر تہ کووپاس کس شہزاد سندِ نیچِ ۔
7792,ہندوِ مِثالہِ پیٹھ مبنی چھِ یہِ رام، لوُو تہ کُش سندِ نیچِن ہُند نمیِتھ ۔
7793,سِرنگری سندِ مشہوٗر سندِس سندِس سندِس سندِس سندِس سندِس سند
7794,یہِ چھُ ریدرکرک ہُند بلدیہِ ستہِ ربطہ تہ یہِ اوس 1855 تام اکھ بلدیہ۔
7795,اکھ شلوہ کٔر پننِس بنسہِ کِس کِس کِس کِس کِس کِس کِس کِس کِس کِس کِس کِس کِس کِس ک
7796,پٹنا پیراٹزن ہندِ ڈیلہ منز فائنل منز یو ممباَس منز ٹرافی واپس لگانہ خطر 3 پوائنٹ۔
7797,کرنلیگ کرنلیگ چھ وورلی، سورری، انگلینڈس منز اکھ گام تہ سولیل پارش۔
7798,بائیو مین، کلسیم فلوورو فوسیلیسیٹک اکھ بائیو ایچٹیوٹک شیش، چھ گڈنہ ٹوبولر اکلیسیشن ستۍ حسدگی ہندس خلاف تیزی
7799,منی پور سند طویل تریخس منز اوس یوبی لیکپی س بادشاہن شری گوانڈجے ہندِ تہوارس منز شرکت کرنہ آمتہِ ؤریٖن سرکرِ
7800,پِزا رینچ: پِزا رینچ، انکشن چھ اکھ میڈ ویسٹرن فسٹ کیسول ریسٹورن چین۔
7801,نیٹسوکی اوس اکھ بٹن فاسٹینر اکھ انرو باکس کس کورڈس پیٹھ۔
7802,خرِس منز چھِ لیکشیا تہ سالونی بوسہ یوان مگر لیکشیا چھِ دوبار پریشان گژھان ییلہِ تمہِ سندِس نظر بییہ بییہِ بی
7803,تاہم، 2010 برونہہ س نہ امریکہس منز تمام کینیبینوائڈ غیر قانونی۔
7804,تِہندِس سمجی حیثیت تہ غرِتھ وجہ ستۍ چھِ تِم اینشولس معاملہ رٹنہ خطر دھمکی دِوان۔
7805,"2011 چہ مردم شمری مطبق س سرینگرس آبدی 20,115۔"
7806,"یہ عمارت آو فوری طور پولیسہ ستۍ حصل کرنہ، ییمہِ ""یہِ ماننہ خطر دلیل"" تھا زِ گڈنِس منزرِ اوس گڈنِک عمار"
7807,"کینہہ برطانوی فوجن کور ""نہ زندگار"" ہندِس پالیسی متعارف۔"
7808,اَروالِی سلسلہ پیٹھ دٔریاوِی ہُند بہاو پتہ، دشوے شُمال پٹھ یمنہ تہ جنوب پٹھہہ عرب سمندر پٹھ۔
7809,"30,000 کھتہ زیاد لوٗکھ س شہر نیرنہ یوان ۔"
7810,2015 منز، تٔمۍ کٔر قرضس پیٹھ جے 2 لیگ کلب ایویسپا فوکوکا منتقل۔
7811,اگست 1914 منز بنیو رِٹھوفن اولی عالمی جنگس منز گڈنچ افسر۔
7812,1990 کس دہلس منز آو ایئر کارسٹرینل تہ پارکنگ سہولیات بڑوِتھ ۔
7813,تاہم، 2001 منز 16 وُہِہ ونسہِ ونسہِ منز عام سکریننگ ہنز باقیہ حکمت عملی ہکن مختصر مدتس منز کم قبل کرنہ ی
7814,سلمبم چھُ أکس ہتھیارَس پیٹھ مبنی ہندوستنۍ مارشل آرٹ یُس جنوبی ہندوستانس منز ہندوستنۍ زیاد قبلہ منز شُروٗع چھُ یُس
7815,کُنہِ کُنہِ کُنہِ کُنہِ ہُند بمِس وجہ ستہِ چھِ دماغ کم کم کران۔
7816,لوٗکھ ہیکو باقین لوٗکھن ہندِ گیم میکر استعمال کرنس منز تہِ مدد حصل کٔرتھ۔
7817,وکی چھُ وچھان زِ یہِ چُھ کتھ ناعادل، تہ پننہ سفرہ خطر پونسہ جمع کرنہ خطر پیش کران۔
7818,امہ پتہ آو س 1994 منز میس ورلڈ تاج دِنہ، ییمہ پتہ س فلمن منز اداکری ہند پیشکش دریافت کرنہ شروع۔
7819,تاہم، پہاڑ تہ جنگل ہندِ پوٗر كِنہِ وجہ ستہِ چھِ زمینچ صرف 27 فیصد زراعت خطر دستیاب۔
7820,تاہم، اکھ ساد نوٹنگ چھ ترقی یسہ نہ نیم کولون تہ سرمایہ کری ہند استعمال کران چھ، مگر بدلہ چھٗ یہ نوٹنگ ہند تمام توسیع ہند اشار کر
7821,بروکن ہیل چھ آسٹریلیاہ کِس مرکزس منز اکھ منینہ قصبہ۔
7822,پرتھ پٹھۍ چھ متغیر اخراجات یم پرتھ ریتس منز اضافہ چھ کران۔
7823,اگرچہ سُہ اوس شری کرشن سنز اکھ خش، تٔمۍ کٔر شری رادھا سنز نفرت۔
7824,یہِ جایہ چھُ بھوتانسی تہ بُدھ متنزِ دُکپا کھارگو رویتی باقی پیروکارن خطر اکھ اہم سفر بناونہ آمُت۔
7825,پننہِ سکیکر کاروبرِی منصوبہ بناونہ خطر کانٹہ تہ میٹنگ ہند منصوبہ بناووِو مقمی بینکَس منز سرمایہ کار، قرض ک
7826,سٹور پاور اوٹجس ستۍ متعلق ژور اضفی موت آیہ دویمہِ ربطہ رونہہ آمتہِ، ییمہ ستۍ کل تعداد ہلاکتو ٹھ ت
7827,یہِ فِلم آیہ 11 دہہِ دوران پکالہ گامس منز شِکر کرنہ ۔
7828,یہِ مندر چھُ پننہِ 27 فٹ ٹال گرینٹ اِڈول خطر زاننہ یِوان، یُس دٔسہِ تِرتھنکرہِ شری 1008 مِنیسوُوُرا
7829,یِمَن منز گڈنِک، مہانگرن کور برطانوی منتقدَن ہندِ طرفہ تعریف۔ فیلیپ فرانسن کور یہِ خیال زِ یہِ اوس رے سند
7830,"اتھ منز چھ فین 16,000,000 کھتہ زِیاد رکن، یم پوٗر دنیاہ پیٹھہ چھ۔"
7831,وایاناد چھ ریاستچ فریس واٹر جھیٖل منز اکھ - پوکوڈ جھیٖل ہند گھر۔
7832,مان تہ بھرتی چھ سندِس سنیشن دوبار کم کرنچ کوشش کرنہ خطر بولنُک ہکِو۔
7833,6 جون 2018 کور پروڈیوسرن ہند اکھ سکیٹ ویڈیو ستۍ اہم فوٹوگرافی ہنز آغاز کرنچ اعلان یتھ منز اداکار سنگھ تہ خان، سٹی ہند ڈائریکٹر
7834,2015 ہس منز کور نارینڈر موڈی گورنمنٹن سمارٹ سٹیٹس مشنک اعلان۔
7835,2006 منز، ہندوستانس منز تقریبا 1.25 ملین لُکھن کور وِروس۔
7836,2013 منز کور ریاستن پارلیمانن اِمہِ ستہِ اِمہِ ستہِ اِنزِ حُکُمت لِکھ لِکُرِ ہُند اثر چُھ مطالعہ کر
7837,طالب علم چھ ترین سٹریمن منز اکھ انتخاب کران، یتھ منز لیبرل آرٹس، تجارت، یا سائنس چھ۔
7838,فلمہ چھ تمام فنکارانہ کمہِ پتہ یوان، یتھ منز سینماک آزادی ہُند حق چھ۔
7839,زیاد تر الگ کرنچ مشق چھ واریاہ خاص تہ تمن ہندِ مدد کرنہ خطر چھ اکھ خاص آلہ ضٔروٗرت۔
7840,"ہندوستن ٹایمزچ انوپما چوپران کٔر فلمہِ 5 ستارَن منز 1 درجہ بندی تہِ ونان زِ ""جوُنگسٹاہ چھِ مغز مرنہ تہ غر"
7841,ییلہِ بونڈ ختم گژھان چھِ، بونڈ ایشیویر چھِ تہہِ اہم رقم واپس ادا کران۔
7842,انٹرنیٹ پیٹھ انتظامیہ چھ عام طور ویب سایٹ ہند انتظام تہ کنٹرول کران۔
7843,11 مہ صدی ہس منز وچھ مشرقی چالوکیاہس تحت ٹیلوگو ادبک پٹھۍ پٹھۍ۔
7844,6-12 ریت یا کھوتہ زیاد مدتہ خطر چھ ہفتہ دشونی ہند علاج ضروری۔
7845,2021 جنوب مشرقی ایشییی کھیلن منز کورش مُقابلہ گوو ہانوئی، ویتنامس منز 10 پیٹھ 13 مئی 2022 ہس تام ہاؤین آلمی ضلعہ سپورٹنگ ہالَ
7846,تُلسی کالیاننا (سہِ) چھِ زیاد تر کارٹکا شُکل دُوداشی (کارٹک ریتہ کس وُچھِس لُونہِ مرحلس دہِ دہِ) یا ا
7847,آنل سکس ہیکہ اکہِ شرکر پیٹھ بییہِ جنسی طور منتقل گژھنہ آمژ بیمار گژھِتھ ۔
7848,چیکا چھ پننہ طبی ٹیسٹ پاس کرنہ آمت تہ یہ چھ 1 جولایی پیٹھہ قبل کرنہ آمت پننہ معاہدہ ستہِ یورو 2016 ٹورنامنٹ پتہ ڈی گین
7849,پونی سندِس مِیَس چھِ زیاد تر (پڑھ کرنہ آمتہِ)، تہ امِکِس سندِس ستہِ چھِ ڈوکر یا ہُن
7850,میہما، فوکوئی منز انڈر واٹر ٹگ آف وار فیسٹیول چھ 380 ؤریہ ونہِ ، تہ یہ چھ پرتھ جنوری منز منعقد گژھان۔
7851,ڈورگن کٔر پتہ واشنگٹن، ڈی سی یس منز قانون کارپوریشن آرینٹ فوکس ایل پی پی منز کم۔
7852,کینہہ باکس چھِ اکھ پوشر تہ بڈ ہینڈل ستۍ کنہ یوان۔
7853,آرورری چھ آلوار ضلعہ خطر اہم آبچ ذریعہ۔
7854,تہِ، انفرادی طور، تِم چھ اکثر باقی قابل ذکر خاندان کین رن منز اہم اثر۔
7855,امہ علاو چھ کلاسیکی زبان سنسکرتس دویمہ سرکریی زبان قرار دنہ آمتہِ، حالانکہ اتھ منز چھ نہ مقمی بولن ولۍ تہ امہ
7856,"برطانوی سفارت خاندرن ہندِ اکھ بولن ونان زِ تِم چھِ ""چینی حکوٗمتَن ستۍ ربطس منز تہ یِمِہ معلومات صحیح گژھِتھ فوری ق"
7857,اگر توہہِ یہِ کرِو، توہہِ فِڈَس پیٹھ مُراقب کرِو یِتھ زِ منفی جیز چھنہ وچھِتھ ۔
7858,جنگس دوران آو نہ لڑایہ پریشنی ردعمل ہند واریاہ معاملہ رونہ ۔
7859,نیو جرسین کور 1:20 بیک ٹاِب گولن ستۍ جواب، گڈ پٹھۍ پاور پلے گول، پتہ اکھ مختصر ہینڈ گول۔
7860,جھیٖل کس طرفس پیٹھ چھ واریاہ کرکوڈیل وچھنہ آمژ۔
7861,تٔمۍ کٔر تِم استعمال تہ تِہندِ خیالن بِتھبِلِس سندِس سمجھنس مطبق مُطبق۔
7862,10 منٹہ كِس آڈیو کلِپَس منز آو 2017 لاس ویگاس سٹائلَس منز حملہ کرنہ خطر حصِل کرنہ آمُت زِ یہِ چھِ لون
7863,منجو چھ اکھ نیشنل فلم ایوارڈ، اکھ کیرالہ سٹیٹ فلم ایوارڈ تہ سات فلم فیئر ایوارڈ جنوبی شمل واریاہ ایوارڈ حصل کران۔
7864,پُجاب زراعت ہُند یونیورسٹی چھُ عالمی سطحس منز زراعت ہُند مطالعہ خطر اکھ اہم ادار تہ 1960-70 کس دہلس منز پُجاب سندِ سبز
7865,فرانسس منز ہیکہ کینہہ سائڈرس محفوظ ناو ستۍ فید کٔرتھ۔
7866,امریکی سامواہ ہنز نیشنل پارکچ سپر معیار، مایک رینولڈزن کور ز موڑن ہندۍ شرح زِ یہِ چھِ شے میٹر تھول۔
7867,وِبرادا اوس اکھ مُرد یُس پننہِ شہرچ لوٗکن خطر دُعا کرنہ باپت مارنہ آمُت۔
7868,یہ اوس اتھ متعلق سستہ تہ واریاہ زیاد پھیلاؤ وول تہ سافٹ ویئر ٹائٹل ستہِ ۔
7869,سٹولٹینبرگ چھ عالمی کمیونٹی فارییی ایڈ کِس آبدی خطر رُکُن ۔
7870,افق چھ اکثر دیوتاہن تہ دیوتا ہندین ہیروینن درمیان دوئل ریت یا زیاد مدتھ پٹھۍ بیان کران۔
7871,کٹیکس منز اوس سُہ اِنڈا جاپنیکا ریس ہایبریڈیززیشن پروگرام یس کرشنسوامی رامیہ ستۍ شروع گژھان اوس۔
7872,ہندس زخم تہ ترقی ہندس تاخیرچ خطر چھ اتھ ابتدئی وقتس منز اہم۔
7873,سُہ چھُ ہالی ووڈ وولک آف فیمس منز اکھ ستار۔
7874,کورن پالسس منز چھ کنسرٹ، کھیلچ واقعات، نمژ تہ باقی کمیونٹی واقعات۔
7875,کارپال پڈ چھ باقی گھون تہ کھون پیٹھ تہ لبنہ یوان۔
7876,"صحتک مُنزِ سرکار روسٹم پکیاہَن وون رِپورٹن زِ کم از کم 28,000 لُکھ چھُ مرکزی جاواہَس منز پننہِ گھر نِش کرنہ خطر"
7877,ویکیپیڈیا مضامین ہندۍ زراعت کرن ولۍ مجموعہ چھے بولنہ آمتہِ لفظہ ریکارڈنگ تہِ دستیاب گژھان شروع گژھان۔
7878,کیرالہ چھ صرف حالے رنجی ٹرافی کرکٹ مُقابلہ منز کم کران، ییمہِ 2017-18 منز تریخس منز گڈنِکِس گڈنِکِس بار
7879,جرمنی تہ عثمانی سلطنت ہندۍ کالون آیہِ لیگ آف نیشنن ہندِس مُلکِس طورس پیٹھ متحد طاقتن منز تقسیم کرنہ۔
7880,یہِ اوس اتھ دہ برونہہ منعقد کرنہ آمتہِ ریوُفینٹنگ ہُند نتیج ستہِ کرنہ آمتہِ ۔
7881,فلمہِ کٔر نہ ٹکٹ بیلنس منز زیاد پونسہ خطر۔
7882,اگر توہہ پننہِ ملیاتس ستۍ انضباطس منز گژھنچ کوٗشِش کران چھِوو، یہ چھٗنہ خطر اکھ خطر اکھ خ
7883,یہِ تہِ ماننہ یوان چھُ زِ مشہوٗر نیلکنتھ مہادیو مندر چھُ ییتہِ یہِ واقعہ گٔیہِ۔
7884,"س آو ""سستیی بیندی لڈ فارمر پروجیکٹ"" ہُند ذمہ دِنہ۔"
7885,وڈ اوس جوئل ڈی کیر سنز تصورس تحت، ییمہ کاروبار ییمہِ کینہِ کینہِ چھِ ہندِس کنہہ کاروبارس منز خراب کرنہ
7886,فلمہ منز چھ ز صحفین ہند پیٹھ یم اکھ بوڑ دھوکہ دہی پٹھ آوان چھ۔
7887,ٹرک چھُ آگ لگنہ شروع گژھان تہ لوٗکھ ہیکہِ بلیز نِشِش کرنچ کوشش کرنہ منز سنیز واپس یِتھ ہیکہِ وٗچھِتھ۔
7888,ہندوستانس منز یتھ منز بنگلہ یس منز یتھ کِردار تہ جایہ چھِ بنگلہ یِوان، دی بیسٹارڈ چیلڈ چھُ 1971 بنگلہ یِہ آزاد
7889,جان چھ دفترچ عملہ کم کران تہ اصل کیسبلانکا فائل تیار کران، تہ چُھ جری کران۔
7890,"پراگ چھِ گوا وی سی مطالعہ مطابق ""الفا-"" عالمی شہر درجہ بندی کرنہ یِوان، یُس وِنہ، مِنیلا، تہ واشنگٹن، ڈی سی یس ستہِ موازنہ"
7891,لیکٹیشن میسٹائٹس منز چھِ نہ زیاد تر معاملاتن منز اینٹی بائیوٹیکس ضروٗرت آسان تہ یہِ ہیکِو صرف بیکٹیریل انفیکشنن خطر استعمال کرنہ
7892,پوشر تہ جلدس پیٹھ دھات جمع کرنہ نِش بچاونہ خطر، ہیکہِ ہیکہ بچاوتھ پلو یا ہیکہِ پلوہِ ہیکہِ بیکہِ من
7893,ونڈلو، ایکسکوتی، چوریکو تہ سورپوتیل ہِون پٹھۍ کھتہ کھتہ کھتہ یِنہِ چھِ گوان کیتھولکسَن منز ب
7894,ڈِیوگو کوسٹا کور کھیلچ سوندِ ہیکہِ گول، ییمہِ ستہِ ریئل میڈروڈِس قبضہ پیٹھ غلبہ تھاونہ آمت
7895,سرو تہ سروووووووووووووووووووووووووووو
7896,اکھ ٹھوس مارٹنگل ہنز استعمال کرنہ یِنہِ، لہذا پٹھۍ پلوٹ چھِ سیکورٹی خطر اکھ ضرورت۔
7897,مسلمان روایتس مطبق کور یہوو یہوو دہ دہہ تہ روزان۔
7898,تمام جانورن چھِ تِمَن شکار کرنہ خطر گژھان۔
7899,اُتر پردیش ٹیمس چُھ یو پی یودھا ناو یُس جی ایم آر گروپ ہُند ملِک تہ گجرات ٹیمس چُھ گجرات فورٹون غر ناو یُس گوتم ای
7900,سرکرِ کھیلَس منز چھِ ٹیمَن شُرٹ تہ جرسی ہُند اِستاد اِستاد اِستاد اِستاد اِستاد اِستاد اِستاد
7901,ایف سی سی پیٹرجالکا- ایف سی پیٹرجالکا چھ اکھ فٹ بال کلب یس سلوواکیہس منز گِھڑان چھ۔
7902,مے چھٗ زِ ییلہِ ہم ملکن منز کم کران چھِو، ییلہِ دویمہِ رکاوٹہ خطر اکھ ملک تہ ملک جایہ
7903,تٔمۍ کور تِمتہ نو ؤریو پتہ بیلجی ٹیم واٹرشکی ستۍ مختصر وقتس منز تراونہ۔
7904,یِمَن منز اتھ دہ ختم گژھنہ آمتہِ چھِ فاریہَن منز پندر پورَس منز پربھودھینی اکادشی تہ پوشکر فاریہَس من
7905,یہ واضح طور چھ امیُن ردعمل اتھ طریقس منز تبدیل کران یُس وائرس خطر فید ہوسکتا۔
7906,روڈلنگن چھ سوئٹزرلینڈ کس شاف ہاوسن کینٹنس منز اکھ بلدیہ۔
7907,یِم چھِ اکثر جونیئر وزیر یِم اکہ خاص کابینہ وزیرس منز مقرر کرنہ یوان چھِ ۔
7908,تِمَو کور اولمپکس کھولنہ ورنہ ورنہ برونہہ ترے ہفتہ لاس اینجلسَس تام، یُس 30 جولایی منز گٔیہ۔
7909,اوپن سورس تحریک بنییہ 1998 منز مفت سافٹ ویئر تحریک نش الگ۔
7910,جتی ہند ناو چھ علاقیی اصل ہنز اثر انداز کران، یتھ کٔنۍ مثالہ آندھری تہ اودِچیا۔
7911,تہہِ ہیکو گلوُگل سندِ پٹھ پٹھ پٹھ پٹھ پٹھ پٹھ پٹھ پٹھ پٹھ پٹھ پٹھ پ
7912,واریاہ پتہ آو سُہ برطانویو دہ دوبار قیم کرنہ، ییمہِ 1839 پیٹھ 1842 تام حکومت کٔر۔
7913,تمہِ سُندِ سُندِ سُکُل چھِ شینتی مینون، یُس بنگالورَس منز ڈینز اکیڈمیُک اکھ سکوُل چُھ۔
7914,یہ چھ سرورک اکھ وحد ورژن یُس آفس 2019 چلتھ ہیکہِ ۔
7915,ہندوستان کِس حکوٗمتَس ستۍ چلان چھِ پانژہِ فیبر فیکٹری، پانژہِ پروڈکشن ہُند مظہر ہُند مرکز تہ سَبر فیبر کر
7916,ونسہِ ہیکِہ آبدی کم گژھنہ منز 500 تام تخمینہ یِتھ ۔
7917,دریاوُک اکھ لکٹ بہاؤ چُھ باسواناگوڈی منز بگل راک نزدیٖک شروع گژھان، تہ یہ چُھ میسور روڈَس نزدیٖک اہم دریاوَس ست
7918,یہ اوس پرتگالہ ہندِ دفاع خطر اکھ فوجی قلعہ۔
7919,1935 پیٹھ 1945 تام اوس ناگاسن آسامس اندر صرف آزادانہتی درخواست کران۔
7920,ہائی سکولس منز گِیُن تٔمۍ ریاستی سطحس پیٹھ تھرو بال تہ تیلہِ ٹینسس منز تہِ دلچسپی، ییلہِ زن یہِ ماڈلنگ شوَن منز
7921,ییلہ س گژھہ چھِ ، یودھی چھِ پریشان گژھان ، تہ پتہ چھِ لکھناونہ شروع کران ۔
7922,یہ چھ بنیدی طور یتھ خیال یتھ کٔرنگ، مگر یہ چھ آٹومٹک طور کرنہ یوان۔
7923,وولی بال چھٗ بییہ مشہوٗر کھیل تہ یہِ چھُ اکثر ساحلس پیٹھ سنڈی ساحلس پیٹھ مِکِہ ہِفٹ کورٹَن پیٹھ گِندنہ یوان۔
7924,تم چھ جسمس منز کھین منز موجود وٹامن استعمال کرنس منز مدد کران۔
7925,اورگل چھ کیٹالونیا، سپین کس صوبس منز اکھ کاؤنٹی۔
7926,ونسہِ چھِ جاپانس منز لوٗکن ہندِ تمام طبقن منز اِکیبنا واریاہ مقبول۔
7927,کینیڈاہَن زیوٗن فاینلس منز آروکوئس نیشنلز 21-4 ہس پیٹھ شکست دِتھ چیمپینشپ۔
7928,پال گروس سندِس نیرتھ دستاویزاتس منز چھِ قدیم مصریہ پیٹھ سٹک تہ بال کھیلن ہند اعتراف کران، تہ 16 مہِ صٔدی یورپَس من
7929,امہ ستۍ کور تِم طاقت قیم کرنہ تہ سیسی نمائندگی تہ تجارتی فوید حصل کرنس منز مدد۔
7930,تاہم، یِمن منز چھِ ہندِس گلوکارٹکوائڈس منز مزمن گلوکارن ہندِ علامتن ہندِ کنٹرول کرنس منز اثر یِوان، یِتھ ک
7931,روُسی فوجن کٔر یوٗکراین کِس پیشکشس شکست دِنہ خطر سوٹو تہ کرمننا ہُند تمام سڑکن منز خراب۔
7932,تقریباً 3 میٹرچ عمقہ ستۍ چھ روپ کنڈس جھیٖل کِس ستۍ لبنہ آمتہِ قدیم انسان ہندین ہندین ہندین ہندین
7933,ایشیاہس منز چھ استعمال زیاد تہ یورپس منز چھ کم۔
7934,یہ ریاست اوس 2000 تام علاقہ ستۍ ہندوستانس منز ساروے کھتہ بوڑ، ییلہ امہ جنوب مشرقی چتس گڑھ علاقہ اکھ الگ ریاست نامزد کرنہ آو۔
7935,بدلہ ہیکہ پانژ یا دہ منٹ پتہ میدانس منز دخل کٔرتھ۔
7936,2013 منز کور ڈینینو ٹریول سیبو سٹی، فلپائنس منز کم شروع۔
7937,یِمَن منز چھِ نون بال ساروے کھتہ مقبول تہ ساروے کھتہ زیاد پیشہ ورانہ کھیل یتھ منز دن بال دویمہِ کھتہ
7938,بولین بیانن ہند اِختیار تہِ چھ یا سچ یا غلط گژھان۔
7939,سُہ چھُ کرافورڈ، ٹیکساسس منز اکھ رینچ، یُس ویکوُس نزدیٖک چھُ۔
7940,ہندوستان کس مردم شمری مطابق 2011 ہس منز، ریاستس منز چھ جنسی نسبت 986 زنان فی 1000 مرد یس قومی اوسط 940 کھتہ واریاہ کھتہ زیاد تھاوان۔
7941,میکڈونیش فالینکس چھ فیلیپس II کہِ طرفہ تیار کرنہ آمتہِ اکھ بچن ہندِ شکل۔
7942,بی اے تہ آیبریا چھ اکھ عالمی ایئر لائن اتحادس تحت شرکری تہ چھٗ تِہ کوڈ شریر معاہد۔
7943,آرکیوولوجی مقام چھ ایس ایس 95 نمبرس تحت ایس آئی اے ہک یادگار قرار دخل کرنہ آمژ۔
7944,کینیڈین ہند شوُٹ چہِ درستگی اوس ونان زِ یہِ چھِ واریاہ درستگی۔
7945,امریکہس منز چھِ 8 ہندِ ہندِ استعمال کرنہ یِوان کرنہ باپت ٹگ آف وارچ اکھ شکل کمپرس، سکول، گڑن تہ باقی واقعاتن منز مُقابلہ من
7946,یہِ فِلمہِ آو یش راج فِلمن ہِندِ طرفہ تقسیم کرنہ تہ 3 مئی 2013 ہس منز 400 سکرینن پیٹھ ریلیز کرنہ۔
7947,یہِ ایوارڈ چھُ کھلڑِ یُس ساروے کھتہ زیاد پوٗٹ دریافت کران چھُ۔
7948,تہہ ہیکو پونسہ ستۍ کنہہ کنہِ کرِتھ مگر اتھ چھِ ونہِ تہِ قبل۔
7949,ہیپٹیٹس سی، ڈی تہ ای ہیکہِ حاملگی یا زینہ دوران پھیلاوِتھ ۔
7950,پتہ گوو سُہ ہاوانا تہ ملی عمل شروع۔
7951,بیل خاندانچ باقی چھ ونۍ اعلیٰ ریاست نیو یارک تہ کیلیفورنیاہس منز روزان۔
7952,پرندن منز چھ یہِ بٔڑِ تہ اتھ ستہِ چھِ بٔڑِ پرواز ہندِ مُشکلہ ۔
7953,تٔمۍ کور یہ یا سیارنیہِ ہندِس ناوُلا یا اکھ غیر معمولی گلیکس پٹھۍ شناخت۔
7954,ییلہِ نوجوان ایبریٹ اوس بیورھٹرس خطر اکھ مسلہ وچھنہ آمت۔
7955,کُنہِ کُنہِ کُنہِ چھُ یہِ زن یا بییہِ زنہ ہندِ بچہ خطر کرنہ یِوان۔
7956,مگر ترن ہندِ طاقتور سرکرۍ وون شُروٗعاتی تریخی جنوبی ہندوستان کِس سیسی تہ معیتی زندگیس پیٹھ غلب۔
7957,امیُک ناو چھُ 27 فروری 1844 ہِیتی پٹھ قومی آزادی یاد کران۔
7958,امریکہس منز اوس 1990 کس دہلس منز واپس گژھنہ برونہہ بٔڑ نوکری ہُند اضافہ تہ بے روزگار کم گژھان۔
7959,تمہِ سنزِ ملِہ کور 1991 منز تٔمۍ اکھ، تہ ہیملٹن کٔر ٹھیک۔
7960,کولسٹروٹس کولسٹروٹس چھ لینکلن شیر، انگلینڈس منز اکھ گام تہ سولیل پارش۔
7961,ٹوشام راک انسٹایپ چھ اکھ اپی گرافک ریکارڈ یتھ منز ساتوتا مذہبچ پیروکارن خطر اکھ صوملس قیم کرنہ تہ آبدی ٹینکن ہن
7962,تٔمۍ کٔر سلیی تھیٹر تہِ کٔر ییلہ سویینڈسن رٹنہ آمت۔
7963,سپاسم چھ ژور ہفتن تام روزان، تہ مکمل بحالی ہیکہ ریتھ لٹہ لٹہ لٹہ لٹہ لٹہ لٹہ لٹہ لٹہ لٹہ لٹہ لٹہ لٹہ لٹہ
7964,تمام انڈیا ریڈیو چھ امیُک مواد ایر مراٹھی، ایف ایم گولڈ تہ ایف ایم رینبو شمل واریاہن چینلن منز ولۍ۔
7965,مظاہری ہندین ہند گڈ چھِ احتجاج کرنہ برونہہ گڈ پکیٹ تہ رالی ہندِ لائسنس حصل کرنہ یِنہِ ۔
7966,جگن ہکو نہ پننہ حوصلہ پٹھۍ حوصلہ ییلہ تمہِ سندِس ٹیمن خری منٹچ گول حصل کور۔
7967,مے اوس نہ گژھنہ ز مینۍ کمپنی مینۍ لیپ ٹاپ اتھ تیزی سان بدلہ کٔرِ ۔
7968,اِنارشی ہُند دور پتہ کور پال خاندانن 8 ہمہ صدی منز ژور صد ؤری ہُند آغازس تام علاقہ حکوٗمت۔
7969,واریاہن افریقی تہ ایشییی مُلکن منز پتہ سیروولوجی مطالعہن منز چھُ وِروسَن ہِندِس آبدی منز اتھ علاقن منز وسیع پیم
7970,بنیدی آمدنی ہیکہ قومی، علاقی یا مقمی سطحس پیٹھ لاگو کٔرتھ۔
7971,ژن کاراکرن منز ز ہیکہ پازلن خطر منفرد کمبو تہ تکنیک استعمال کٔرتھ۔
7972,کینہہ کنسرٹَس منز چھِ اہم موسیقارَن تہ ساتھیَن ستۍ اکھ اکھ اکھ اکھ اکھ اکھ تعاملہ یِم نوٹ تبادلہ کران چھِ، تہ
7973,سٹیٹ روڈ ٹرانسپورٹ کورپوریشن (ایس آر ٹی سی)، یس اُتراکھنڈس منز اُتراکھنڈ ٹرانسپورٹ کورپوریشن (ایچ ٹی سی) پٹھۍ ترتیب د
7974,نیشنل فائیل گیس، کور اکھ توانییی کمپنی۔
7975,فوربس منز ریڈ بینڈ کیتھولک کالج چھ لڑکن تہ کورین ہندِ ہندِ ہائی سکوُل۔
7976,ڈی ایس: کیا چھ کینہہ فرِ یِم نہ أکس سبِ پٹھۍ کم کرِ؟
7977,مرکزی حکومت چھ علاقہ کس ملی صحتس منز زیاد براہ راست شمل، ریاستن برعکس، یم مرکزی امداد چھ یتھ تِم انتظام کران چھ۔
7978,مے اوس کمہِ منز سیلڈچ ہُند اِضافی ہُند بونس حصل کرنہ پتہ دنیاہِ ہُند اوپر۔
7979,اتھ معاملس منز چھ یہ سمجھناونہ خطر اہم زِ تُہندِس خرس پیٹھ چھِ ڈلیوری ٹیم کیاہ توقع کران۔
7980,کیرالہ نانام، تھریاٹم، کالیٹم، دییام، کووتھو تہ پادیانی چھِ علاقہ کِس مندر ثقافتس ستہِ وابستہ باقی رقصچ شکل۔
7981,ییلہ اشوکاہ تکششِلا یِس تام س، شہرین دِیوُت تٔمِس خوش آمدید تہ وون تٔمِس زِ تِمن ہُند بغاوت اوس صرف
7982,یہ مقابلہ، یس ہانگ کانگ ایف سی یس پننہ سٹیڈیم پیچلس منز میزبنی کران چھ، چھ اکھ دعوت انٹری ٹورنامنٹ۔
7983,یہ اوس لندن، انگلینڈس منز بیکر سٹریٹ پیٹھ۔
7984,16 مہِ صدی منز اوس ایشیاہس ستۍ تجارت اکثر پرتگالہ ستۍ کنٹرول۔
7985,2017 منز کٔر تمو اوپل تہ ووشال موٹرز گروپ پی ایس اے خطر کٔر۔
7986,شیشناگ ہنز سٹین شکلہ ہیکہ زمیٖن، آسہ تہ زیر دنیاہ ہندس پٹھۍ وچھِتھ۔
7987,سُہ چھُ فازے کلینُک اکھ حصہ ملِک تہِ ۔
7988,سُہ اوس 1988 پٹھ 1993 تام ریپبلک آف سائپرس ہُند تریِم صدر۔
7989,تمہِ سنزِ ماجہ گِیُن این ایف ایل منز پیشہ ورانہ فٹ بال تہِ۔
7990,کھو کھو آو 1982 منز نیو دِلہِ منز گڈنِک گڈنِک ایشیییی کھیلن منز شمل۔
7991,شُمال مغربی ہندوستان تہ مُقبی پاکستانَس منز مارشل آرٹس اوس روایتی طور واریاہ اصطلاحن ستۍ ونان مگر وتہِ ساروے کھتہ عام چُھ شستار ویدیا
7992,1832 ہس منز پارلیمانی اصلاحن منز وچھ مشرقی انڈیا کمپنی ہند اثر کم گژھان۔
7993,نانین کٔر پننہِ فِلمہِ 2008 ہس منز رومانٹک کمدی اشٹا چمما ستہِ شروع تہ کٔرِو تجارتس منز کامیاب واریاہن فِلمن منز
7994,تہوارُک اہمیت چھُ یہِ زِ یہِ چھُ بدیَس پیٹھ خطر خطر خطر خطر خطر خطر خطر فتح تہ اَدھرمَس شکست دِ
7995,اِریتھراین سمندرچ پریپلس منز چھِ ز اہم ستواہن ٹریڈ سینٹرن ہند ذکر: پرٹسٹھنا تہ ٹیگرہ۔
7996,کینہہ متن چھُ یہِ مشور زِ ناوِ ہندِ رسمہ گڈنِک نوو لُونہ یا زینہ پتہ 10ہِ دہہِ پوٗر لُونہ
7997,امیُن نظام چھِ گژھنکہِ ٹریکٹِس صحت مند حصَن ہُند حملہ کران۔
7998,کلوگومالی چھُ ہندوستنہِ ریاست تامل ناڈوُک تھوتھ کُڈی ضلعہ کِس کوویلپٹی تالکَس منز اکھ پنچایت قصبہ۔
7999,یِم گروپن کٔرِو مغربی ساحلس پیٹھ کورنوالس تام جنوبس پیٹھ تہِ تِہ قیم۔
8000,اصلی مندر آو جللی کرنہ، مگر 2002 منز آو اکھ نوو بناونہ۔
8001,نمییی ہند عمارتہ پیٹھ چھ باغہ جنوب مغربس تہ شمال مشرقیس تام نرم پٹھۍ پٹھۍ پٹھۍ پٹھۍ پٹھۍ پٹھۍ پٹھۍ پ
8002,"2004 ہس تام، نوو انفیکشنن ہند تخمینہ تعداد تقریبا 400,000۔"
8003,ٹیپہ گائیوکی یس نوو شکل حصِل تہ دہائیو کھتہ زیاد تر بنیوو پُراٹانی، بنگالی بتھن ہندِ نصف کلاسیکی شکل۔
8004,1905 منز آو سمبالپور ضلع اوڈیشہس منز منتقل کرنہ تہ سورگوجا ہند ریاست بنگال پیٹھ چہٹس گڑھس منز منتقل کرنہ۔
8005,سُہ چُھ شہزادی یوجینیا ستہِ خاندر کران، بادشاہ چارلس III سندِ نیچو۔
8006,ڈھارمنڈرا کور زِ کمار اوس ملینیس منز تہِ دلچسپی۔
8007,کارل راڈل چھ بیس ڈراما کران، تہ جیم گورڈن چھ ڈرما ڈراما کران۔
8008,تھراشیر چھ پننہِ نٔو ہوم ایریانا، وینی پیگس منز ایم ٹی ایس سینٹرس منز منتقل گژھان۔
8009,ٹوشامس منز چھ آبدی ہند 14 فیصد 6 ؤری ونسہِ منز کم۔
8010,سُہ اوس 1985 پٹھ 1998 ہس درمیان منیسوٹا ہاوس آف ریپریسٹینٹس منز۔
8011,ہولی ستۍ وابستہ چھ واریاہ ثقافتی تقریبات۔
8012,1903 منز کور کمیونٹی ہنز رپورٹن اکھ اضافی 2.6 ملین ہیکٹر آب و آبک تجویز۔
8013,فارویل، کیلیفورنیا فارویل چھٗ الیمڈ کاؤنٹی، کیلیفورنیاہس منز اکھ غیر انکوراوٹڈ کمیونٹی۔
8014,یِمَن کینہہ چیزَن منز چھِ ہُندِس اجازتس منز ہُندِس تہِ احتجاج، تہ ہُندِس تہِ تہِ تہِ تہِ شمِل
8015,یہ شو گوو 7 نومبر 2017 تہ 8 جنوری 2018 پیٹھہ بند۔
8016,مقبوُلَس منز دویمہِ سُورم چھُ رشابھم۔
8017,ہچ ٹی ایم ایل کوڈک ترقی ہنز تاریخ گِیٹ ستۍ ریکارڈ کرنہ یِوان۔
8018,یہو چھِ پولینڈس منز ہتھ ؤرۍ کھوتہ زیاد ؤرۍ روزان ۔
8019,فوجس منز چھ بچاوتہ کمس منز مدد کرنہ خطر دعوت دِنہ آمُت۔
8020,خری طور، بالجی راؤ تہ مارکیز ڈی بسی-کاسٹیلنو کور اکھ صلح معاہدہ حصل۔
8021,تِم چھِ پریشان محسوس کران ییلہِ راتہ زیاد گژھان تہ دہ چہِ کم روشنی آسان۔
8022,ییلہِ الیکٹران توانیی سطح تبدیل گژھان چھِ، تِم چھِ پننہِ جایہِ اکھ الیکٹران ہاؤس تراونہ یوان۔
8023,"چوانگ نورفیل سندِ قیادت کرنہ آمتہِ لیہ نِوٹِٹیون پروجیکٹ، یتھ ""گلیسیئر مین"" تہِ ونان چھ، چھ، چھے گلیسیئر واپس"
8024,عام ضمنی اثراتن منز چھِ گژھن، گژھن تہ دھوکہ دہی شمل۔
8025,جاپنہِ ہندِ اِمورٹ ماری امیموتوَن کور ترین پوائنٹرَن ستہِ کھیل رلوِتھ کرنُک کوٗشِش مگر مٗشِش
8026,ہیو! فلمہ منز چھ سنیزن مے واریاہ ناخش بناوان۔
8027,پوے آو تمہِ سندِ مرنہ پتہ شدید دردہ ستہِ تباہ کرنہ۔
8028,تقریبا 5.35 ملین لُکھن کور اتھ واقعہ ییلہ یہ گڈنِچ ریڈیو کرنہ آو۔
8029,گونوریہس منز بچاو کرنہ خطر ویکسین ہند ترقی چُھ گژھان۔
8030,"گڈنِک بتھ، ""انگریٹ کی سیٹی""، آو 7 اگست 2014 ریلیز کرنہ، تہ راجستھانی لوک بتھ ""آنجون کی سیٹی"" ہنز نمونہ"
8031,"2017 ہس منز، وینکوورس منز فی گیمہ پیٹھہ اوسط شرکتچ تعداد 15,000 کھتہ زیاد کھتہ بِفالوس منز۔"
8032,ترے زنانن چھ قومی چیمپئن ہندِس مندرہ ستۍ تہِ پننہ اولمپک ڈبلیو بیک کرنہ آمژ۔
8033,بورو چھ پارڈو تہ مرڈی درمیان پلبارا ساحلس منز گلی فوج وتھ ہند امکان تہِ پٹھ تنقید کران۔
8034,ییلہِ یہِ اکھ نایاب واقعہ چھِ وچھان، یہِ چھُ انفیکشن کرنہ آمتہِ موادن ہندِ صحیح انتظامچ ضروُرتس پیٹھ زور دِوان۔
8035,بوسر زاو 10 جنوری 1928 روزاریو، ارجنٹینیاہس منز۔
8036,مسلمانن تحت اوس نرتیا تہ بھواگس پیٹھ زیاد دباو - رقصک مہارت، بیان تہ حسدتی سائز۔
8037,پربھواتی اوس واریاہ آزاد تہ گاندھی سندِ دعوتس پیٹھ گوو پننہِ آسھرمس منز روزنہ ییلہ زن جے پرکاشن پننہِ مطالعہ کران۔
8038,اگر سورس ویب سایٹ چھنہ اتھ واضح طور وضاحت کران، توہہِ فائل اپ لوڈ کروِو نہ۔
8039,ییلہِ زن، سُہ چھُ جاپن ڈراما تہ فلمن منز پننہِ اداکری خطر مشہور۔
8040,لکٹہ نیلے لگہ چھِ وِکیڈیمیا فاؤنڈیشنچ مختلف منصوبچ نمائندگی کران۔
8041,ییلہِ ٹرنر سنڈروم ولۍ کورِہ شُرِ شُرِ گژھان چھِ، تِہندِس اونچاہس چھُ عام طور تہِ نہ قابل ذکر طور غیر معمولی۔ مُشارے ك
8042,سٹارڈ فہرستس منز چھ وسطی چیز ہندس پٹھ۔
8043,"20,000 ؤریہ ونہِ ونہِ سٹون ایج ٹیلہ چھِ ریاستس منز حصِل کرنہ آمژ، ییمہِ ستہِ چھِ فنکارن ہن"
8044,یہِ چھِ واریاہ زیاد طاقت تہ پیمانس فراہم کران، تہ یہِ چھِ کھلڑِ دفاعی کھتہ زیاد کھلڑِ تہِ اجازت دِوان۔
8045,ہنڈا چھ اکھ جٹ تہ بناوان، یتھ ہنڈا جٹ ونان چھ۔
8046,کینہہ دِتھ کٔر بُغدِس منز تیزی سان شمل، ییلہِ زن باقی دِتھ دِتھ کٔرِتھ تہِ بُغدِس خلاف عمل کرنہ
8047,"جین کارٹرس آو أکس مقمی کالجس منز گرافکس آرٹس انکوٹرس منز ""بے مایوس"" نِشِشِکِس ونانہ ستۍ نقل کرنہ۔"
8048,وِلیام واٹسن، کمپنی ہندِ نمایندگی کرنہ آمژ سِراج کِس عدالتَس منز، کور کلِیوَن حکمرانس ستہِ غلبہ كرِتھ عدالتَ
8049,یہِ چھُ، اگر سکور 10-10 تام گژھان، کھلڑِ چھِ پٹھۍ پٹھۍ پٹھۍ پٹھۍ پٹھۍ پٹھۍ پٹھۍ پٹھۍ پٹھۍ پٹھۍ
8050,جی پی 2 ایکس منز ہیکہ ڈیو ایکس، ایکسوی ڈی، ایم پی 3 تہ اوگ وربس سِتھ ۔
8051,لہذا چُھ زامورینن پونتھور پیٹھہ پونتھور پیٹھہ پونتھورکون ہندِ بادشاہُک ناو ۔
8052,یِم اصلاحاتن ہُند مقبولیتَن منز آو وڈرو ویلسن 1910 منز گورنر کِس طورس پیٹھ اختیار۔
8053,محفوظ چھِ پننہِ آزاد محفوظات ( ایف ایس) تہ مضبوط محفوظات ( ایس ایس) منز تقسیم کرنہ یوان۔
8054,لیمرس منز چھِ مٗقابِل ایچٹر ہاکس سندِ کینہہ اثر، یُس اکھ لُو سکسن ہندِس بولیکٹ چھُ۔
8055,صبحہ ہندِس پٹھ۔ سیر، ہم توہہِ خطر کم کرِو؟ (پلیس)
8056,چہراپتی شیواجی بین الاقومی ہویییی ایئرپورٹَس منز چھِ کمژ متثر گژھان تہ واریاہ یِنہ یِنہ یِنہ یِن
8057,تُہِہِ سُندِس دورِس منزِ تہِ سُندِس دورِس منزِ تہِ خری تام، آیہِ ابِن بَتُوتاہس سفی مسلمان مقدس
8058,پتہ اوس گڈ دارا شوکوپ سندۍ اکھ ساتھی۔
8059,خری یا ترییِم سیٹَس منز چھُ طرفن ہُند تبدیلی گژھان ییلہ اکھ ٹیم 11 پوائنٹ تام چھُ۔
8060,5 کروڑ بجٹس پیٹھ بناونہ آمت یہ ہیکہ نہ پنن بجٹ پوٗر کرِتھ۔
8061,گروسفیلڈ مُود 17 جنوری 2021 80 وُہُر ونسہِ منز۔
8062,سان جوس کانونشن سینٹرک بیرونی انٹرویو۔
8063,کارناٹک موسیقی بنوِتھ ظہر كمِل کمِن ہندِ موسیقی کم یا ترکیبن ہندِ اطراف ۔
8064,یِم چھِ کیتھیواڈَس منز گڈنِچ جین مجسمہ ماننہ یِوان۔
8065,ٹریڈنگ پوسٹ چھ اکھ ہوم ویورس دکان ییمۍ 2006 ہس منز سیاحتی ایوارڈ زیننہ آمت۔
8066,ہوم گارنڈن بنو زراعت ہندس شعبس منز اکھ اہم حصہ۔
8067,نِش وقتہ تام سہِ نِش 1-1 باقی، تاہم انڈونیشیاہَن کور شِہن ژور منٹَن پیٹھ دوبار قیادت۔
8068,مچھلی ہند علاج ستۍ چھِ مچھلی ہندِس علاجس ستۍ مچھلی ہند اکھ اہم صنعت۔
8069,تاہم، باکس آفسس منز بنوو یہ پونسہ اوس کمزور۔
8070,یہِ زینو اکیڈمی ایوارڈ تہ آو 1974 منز باقین ترین خطر نامزد کرنہ۔
8071,یہِ خصوصیات چھُ جمعہ شروع گژھنہ آمتہِ لیپ ؤرۍ ستہِ شمل۔
8072,بارابار ہلَس منز چھِ ژور گپھ: کران چوپر، لوماشِی، سُوداما تہ وِسواکرما۔
8073,حالے اوس سُہ مدھور بھندارکر سندِ فِلم ہیروینس منز اکھ دوستی ہُند ظہر۔
8074,ٹھنڈ، بتھ، خونریزی تہ تخلیقہ پتہ چِھ وسطی اعصابس کمزور۔
8075,سبِیِل سکیلارک چھٗ مجموعی طور 441 پرواز بناونہ آمُت۔
8076,یہ فلم چھ ہندوستنۍ انیمیشن سیریز چھوٹا بییمس پیٹھ مبنی۔
8077,قدیم مارکنڈسوار شیوا مندر چھ مارکنڈسوار سڑکہ منز مارکنڈسوار ٹینک کِس طرفہ، جگنات مندر، پوٗری، اوڈیشہ، ہندوستان کِس شُمالس تام واقع
8078,فوگن کور پولیسس دویمہ تام انتظار کرنہ خطر حوصلہ۔
8079,بینڈساران کور أمِس پٹھۍ پٹھۍ یاد تہ کور اشوکاہس ٹیکشِشِلا ہس منز گژھنُک پوٗر۔
8080,سنلیس منز ممبرن کور اِجیز تہ کٔر فرانکس ہیو بادشاہ منتخب۔
8081,باروک دورہ پتہ، کینہہ کمکارن کور کنسٹرٹی گرسی لکھ۔
8082,بِہارس منز چھِ واریاہ ریوائتی پینٹنگ سٹائل استعمال کرنہ یوان ۔
8083,اگرچہ یہِ بنیدی طور اکھ ٹرشِنگ ہُند ہُند ہُند ہُند ہُند ہُند ہُند ہُند ہُند ہُن
8084,حقیقت یہِ چھِ ہریکتاہ اکھ فنکشن فارم یُس راگا، کارناٹک موسیقی، رقص، بولن، بیان تہ ڈراماک ٹیکنالوجی ہُند علمچ ضروُرت چھُ۔
8085,احتیاطک اکھ اہم پہلو چھ خونس منز کم اکسیجنک بچاو، ییمیک ہیکہ اکسیجنک سپینل کارڈ چھ بچاوتھ۔
8086,تٔمۍ کٔر موجود امیرز مِلیکَس ہُند مقامس منز فروغ دِیُت، تہ تٔمۍ کٔر پننہِ قریبی دوست نوِ امیرز نِنہ
8087,پتہ آو 1995 منز سُہ سرکرِ آپریٹنگ افسر مقرر کرنہ۔
8088,دہلی منز شاہ الام دوم سنز غر موجودگی اوس معاہدک شُملِتھ وجہ ستہِ، ییمہ سُہ برطانوی ستہِ دستخط کور۔
8089,1990 منز بنیو یہ اے ایی یو کمپیوٹر سافٹ ویئر ریسرچ اینڈ ڈویلپمنٹ سینٹر۔
8090,سہیٹی ونیاسام / نیروال یا نیروال چھ اکھ یا ز لننچ اکھ بار گژھان، یتھ منز پرتھ بار منز بہتر نمیییی ہندس
8091,ڈیٹا ایٹ ہیکہ سٹیک کِس اوپر پیٹھ ہیکو ہٹاونہ یِتھ ۔
8092,امہ وجہہ چِھ نانکنگ ونۍ جدید نقشن پیٹھ نانجنگ ونان ۔
8093,"یہِ چھُ ""بِلِس پٹھ روپ"" ونان، یُس سنسکرت ڈیم ""بِلِس"" تہ ""بِلِس"" وڈِس پیٹھ مشتمل چھُ۔"
8094,مے چھٗنہ کانہہ تہِ تِہ صاف ٹرین وچھِتھ! یہ ٹرین چھٗ واریاہ صاف!
8095,اکھ اکھ اکھ مثال سہِ خاندنی رکُن یا خاندنی دوست یُس کاروبارس منز کامیاب اوس۔
8096,مے چھ مایوسی ہنز احساس محسوس کران ییلہ مے وچھان چھ ز مینۍ نیچھن چھٗ کتھ لٹہ تٔمۍ سندس تعلیمس منز کتھ قرض دِوان
8097,یہ چھ واتاررو ہندِ مغربس منز واتاررو ہندِس مقمی تحفظتی علاقس منز۔
8098,یہِ مندر اوس جین کمیونٹیَن منز مدِیُل چولاس، پتہ پلاواس تہ وجے نگر بادشاہن ہند ملی حوصلہ ستہِ بڑمُت۔
8099,سندِ یا ملاقات چھُ عام طور ٹیبلس پیٹھ گژھان۔
8100,گر ولِس فیکٹرس کھتہ زیاد، اتھ کٔرِتھ زِیاد طاقت آب و ہواس پیٹھ یوان ییلہِ تِم چھِ ژھلوِتھ۔
8101,شریٖر شاہ سوری یِنہِ قیم سور سلطنتَن کور مختصر وقتس منز مغل حکوٗمت متل۔
8102,سُہ گژھ 20 جنوری 2015 پوٹنی ویلے قبرستانس منز گژھہ۔
8103,یلو فیور چھِ زیاد تر عام طور علامات تہ سفرچ تریخس پیٹھ مبنی کلینیکل تشخیص۔
8104,س اوس اچھی تعلیم یافتہ، یسہ اوس اکہِ فرِہ باپتہ غیر معمولی۔
8105,یم چھ اوپر (بڑا) تہ کم گپھ شمل۔
8106,مے چھ امہِ ریتھ ریتھ منز آمدنی ہندِس دخلس منز پریشان، ییمہِ ستہِ نزدیک مستقبلس منز ترقی ہنز وضاحت کرنہ خطر
8107,تٔمۍ کٔر ریڈیو شوَن منز پننہِ کیریئر شروٗعات شروع، ماڈلنگ تہ پتہ بالی ووڈَس منز منتقل، ییمہِ سُہ 1980 کِس دہلس
8108,بریکر چھِ کُنہِ وقتہ اَکہِ کمیشن حصل کران ییلہِ معاہدہ مکمل گژھان چھِ ۔
8109,گڈنِک راکٹ سہِ پٹھۍ پٹھۍ پٹھۍ پٹھۍ پٹھۍ پٹھۍ پٹھۍ پٹھۍ پٹھۍ پٹھۍ پٹھۍ پٹھۍ پ
8110,1985 منز آو گارسیاہس گرفتار کرنہ تہ اکھ دوا علاج سینٹرس منز سوزنہ۔
8111,مارینگو، آیووا-مارینگو چھ امریکہ کس آیووا ہس منز اکھ شہر۔
8112,ییلہِ سرور کم کران چھِ، شٹلیک کور مُقابلہ کِس عدالتس پیٹھ مختصر سروس لاین پیٹھ گژھنہ یِنہِ یا یہِ چھِ اکھ غلطی ماننہ ی
8113,بِگ آیلینڈک رہائشی ہکن ہکن ہندِس دہِ دہِ دہِ ہاواہِ وقتس منز 40 پیٹھ فی فی فی فی فی ہِیُٹ تھورِ
8114,ایریا کوڈ 308 ایریا کوڈ 308 چھ نیبرسکا خطر اکھ ایریا کوڈ۔
8115,یہِ کٔر تِمَن حملہ کران، تہ بہن منز اکھ کٔر پننہِ مزاحمت کٔر۔
8116,دیسی رومانس بتھس منز آو یہ جاواانی ہائی دیوانی سندِ پس منظر موسیقی ستۍ حوصلہ۔
8117,اکہِ ڈراپٹ ڈراپس منز گِیُن دشونی طرفہ مُقابلہ طور، مگر پوائنٹس بند کرنہ خطر نہ سہِ نہ ختم کرنہ خطر
8118,تمہِ سندِ بہ ٹیڈی چھِ آبدی منز مردن ہُند کُن۔
8119,ٹینڈولکرن کٔر نوبر 1989 منز 16 ؤری تہ 205 دہہ ونسہِ منز کاراچی منز پاکستانس خلاف ٹیسٹ شروع۔
8120,مینیجرن کور مے پٹھ گژھان تہ پتہ اوس مے واریاہ خش ہندس ستۍ گژھان۔
8121,بائیسٹڈ بائیسٹڈ چھ سویڈن کس سکاون کاؤنٹی منز اکھ شہری علاقہ۔
8122,مور کٔر 1975 تام نایاب صدر کم کٔرِتھ ییلہ سُہ صدر بنو۔
8123,اکھ بٔڑ میٹ کارڈ ٹکٹ مشین چھٗ انتظار کمرس منز ۔
8124,جنوبی ایشیاہ، مشرقی افریقہ، جنوبی افریقہ تہ کیریبین مُلکن منز چھِ ہجرت کرن ولۍ کینیڈاہ تہ امریکہ پننہِ متعلقہ کمیونٹی خطر آریا س
8125,اکھ معمول نظام چُھ ٹھ یا زیاد اِتانیوم پروسیسر استعمال کران۔
8126,گارسیٹی زیوٗن 21 مئی 2013 میئر بننہ خطر اکھ انتخاب۔
8127,لیسنگ زاو 22 اکتوبر 1919 ایرانس منز۔
8128,کھتہ چھ سورجس منز، عموٗمَن پٹھہ پَر یا کورٹیارڈس منز، ییلہِ کٔرِتھ چھِ سورج دیوتا، سوریا سن
8129,مزید وضاحت کرنہ خطر وضاحت کرنہ خطر وضاحت کرنہ یِتھ وجہہ ستہِ وضاحت کروِو زِ تہہِ کنہِ ی
8130,صرف سرٹیفکیٹ کن خریدار ہیکہ یِم شراب شراب شراب شراب شراب شراب شراب شراب شراب شراب شراب شراب شراب شراب شراب شراب شراب شراب شراب شراب شراب شراب ش
8131,ٹاپکِرچن چھِ باویریا، جرمنی ہس منز مِہل ڈورفک اکھ بلدیہ۔
8132,اگر واریاہ تصور آلات استعمال کرنہ یوان چھ، تِم چھ ریتمک اکھ رٹامس منز اَتھ وقتس تام رٹام کران ییلہِ اہم اداکار دوبار آواز پٹھۍ پ
8133,یہِ چھُ جنگلی پہاڑن ہندِ وسطس منز یِوان، یُس صرف پہاڑن ہندِس بسہِ پیٹھہ پیٹھہ دستیاب چھُ۔
8134,س چُھ تِمَن کھیلچ وُچھان، ییمہِ ستہِ ستہِ محبت کرنہ آمژِ مرد تہ تِہندِس متبادل شُرِی ہند
8135,کران چھُ اَکھِ اَکِس-47 سندِس سیاستدان بہن ہِندِس قیادتس منز گُندِس جنگس منز لڑان سنز بچاوان۔
8136,بوکسار جنگہ پتہ کٔر شاہ الام دوم، اکھ سوٗویئر یس برطانوی ہندس طرفہ صرف شکست دِنہ آمتہِ اوس، 1765 ہس منز الہ آباد معاہدس دست
8137,پننہِ پونسہ سرمایہ کٔرِتھ، روبو ایڈویزر سندِ فیس پالیسی ہُند تیزی سان قبل کرو۔
8138,کیمَن کٔرِ سنزِ بیوی کتی تہ تمہِ سندِ شُرِ خطر مدد حصل کرنہ خطر بٔتھ اُریگن پہاڑَن من
8139,"اکھ اکھ سنیز ہیکہ 40,000 ڈراپلٹ رلیوُتھ ۔"
8140,تمہِ سُند نامزدگی ہُند تقریبا ترین ؤرین تام سینیٹَس منز۔
8141,"پانژھ ہٹ چھ غیر معمولی تہ عام طور بال واپس آسنہ آمتہِ فیلڈر ""اوورٹرو"" ہندس مددس پیٹھ انحصار کران۔"
8142,تٔمۍ کٔر کمپیوٹر گرافکس تہ مولٹی میڈیکل مطالعہ تہ اداکری کیریئر شروع کرنہ برونہہ گوو لندن منز ترینیٹی کالج آف میوزک۔
8143,اَکِوٹ ایس سی آیہِ چھُ اَکِس شدید نگرنی یونٹَس منز علاج کرنہ خطر، خاص طور سرکِل سپینل کارڈَس زخمَن ہنز خ
8144,امہ وجہ ستۍ چھ الیکٹران اتمی نوکری منز پروٹونن ہند طرفہ کشری کرنہ یوان۔
8145,ریاست چھ سڑکہ تہ ریل نیٹ ورکن ہند ذریعہ باقی ریاستن ستۍ اچھی سان رلکنہ یوان۔
8146,واریاہن ایشیی تہ افریقی مُلکن منز چھِ تقریباً 80 فیصد لُکھ مثبت ٹیسٹ کران ییلہِ زن امریکہ منز چھِ 5-10 فیصد لُکھ آبدی ٹیسٹ ٹیبروکلین ٹیسٹ
8147,"مارکیٹنگ گژھنہ نومبر 2013 ہس منز شروٗع ییتہِ سنیز پتہ فلمہ ہند اکھ سیریز یتھ منز ""ہائی وے ڈیریج"" ہن"
8148,پُجابی ثقافتی میراث بورڈن کٔر کینہہہ منظر تہ گفتگوس متعلق اعتراضہ ستۍ اختلافات ہُند اضافہ۔
8149,شاہن وون زِ تنازعہ ستۍ، یہ علاقہ میگھال سلطنتک حصہ بنوِتھ تہ یہ شہر آو اسلام آباد پٹھۍ دوبار ونان۔
8150,پی آر ٹی سی بس چِھ پُڈوچری یو ٹیس منز اکھ اہم کردار ادا کران۔
8151,اگر تہہ پننہ خطر سخت بجٹ مقرر کران تہ اتھ پیٹھ قبل کرنہ ترجیٖح دِوان، توہہِ ہیکو سستہ چیزہ ہند خریدری ختم۔
8152,ویمبناڈ جھیٖل چھ کیرالہ ہکہ ساروی کھوتہ زیاد بیک واٹر، تہ ہندوستانس منز ساروی کھوتہ زیاد زیاد جھیٖل۔
8153,نہرون وون زِ سُہ اوس نہ زِیاد مرد مرنچ یژھان۔
8154,حقیقت یہِ ، تٔمۍ کٔر شوٹنگ تام تام تام تام ییلہ امیُنٹی تقریبا ختم گژھنہ آمُت۔
8155,س گُزریو ہندِ رتہ پتہ لاس اینجلسس منز 79 وُہُرِ منز۔
8156,بٔڑِ تعدادَس منز چھِ زیاد تر شیشہِ فصلچ خرس درمیان شیشہِ وچھان، ییلہِ تام آبدی ہندِ ژھرِ مارس منز تپ
8157,تُہۍ پننہِ خاندارس ستۍ تیلہِ تیلہِ تیلہِ تیلہِ تیلہِ تیلہِ تیلہِ تیلہِ تیلہِ تیلہِ تیلہِ تی
8158,ضمیر چھ پرتھ کُنہِ شُرِس پیٹھ اکھ فرشتہ تہ شیطان ہُند مُعرفہ۔
8159,گمچ معیشت چُھ زراعت، ٹرک تہ سنگین ٹرک ٹرانسپورٹس منز ولۍ۔
8160,ڈی انپڈینڈنٹس منز رے سندۍ سندۍ سندۍ سندۍ سندۍ سندۍ سندۍ سندۍ س
8161,دشونی ہسپینیا گاڑ س کم از کم اکھ سیکنڈ کم وقتہ کھتہ کم تھول۔
8162,دنگل ہُک پوٗر دنیاہس منز تقسیم کرن ولۍ حصہ ₹525 کرور 1 جون 2017 ہس تام۔
8163,2001 پٹھ 2005 تام اوس سُہ چٹانوگا ہُک میئر۔
8164,کمپنی چھ مسافر گاڑ، ٹرک، ون، کویس، بس تیار کران۔
8165,تم چھ زمیٖن، حصہ تہ باقی جانورن یم نہ ہندِ ہندِ ہندِ ہندِ ہندِس كِسہِ كِسہِ ك
8166,1 نومبر 2011 پیٹھہ چھ یہ بلدیہ بیورسٹڈٹک حصہ۔
8167,رگبی ہس منز چھِ کھلڑۍ کھیل دوران کنہِ پوٗٹہِ پیٹھہ بیاکھ پیٹھہ تہِ گژھِتھ ۔
8168,صلح و آرامہ طریقہ ستۍ مالکھنس پیٹھ فتح کرنہ خطر ناکام گژھنہ تہ ٹھ جنرل ہند زیاد کٔرِتھ، پرٹی ورایجن کو
8169,خری منٹہ ٹکٹ منسوُک منسوُک منسوُک منسوُک منسوُک منسوُک منسوُک منسوُک منسوُک منسوُک منسوُک منسوُک منسوُک
8170,زیاد تر ریاستَن منز چھِ سائیکل ریکشاؤ تہ کولکتاہَس منز ہندِ پُلڈ ریکشاؤ تہ بجلی ریکشاؤ لکٹِس دورے سفرَن خطر
8171,ہیوٗوی ہس منز چھ کینہہ مُلکن منز واریاہ مسلہ۔
8172,1965 منز، وزیر اعظم لال بحادور شستری ستۍ اکھ اجلاسس دوران آو گائیٹری کانگریسسسسس منز شمل کرنہ خطر دوبار دعوت۔
8173,اُدیاگِری گپھَن منز چھِ وشنویسم (وشنو)، شیکٹسم (دُرگا تہ ماتریکاس) تہ شیوزم (شیو) ہُند اِکِوٗن
8174,اَضافی شُروٗعات شروع زِ نوِ کارٹرائجَن منز کاغذ، یُس پٹھۍ استعمال کرنہ آمتہِ کاغذ کھتہ زِیاد پٹھۍ پٹھۍ
8175,مگر ونہِ چھِ لوٗکھ ہومس اکھ اہم فلسفیہ مانان۔
8176,حکومت آف انڈیان کٔر تٔمۍ 1992 ہس منز بھرت راٹن، امیُک ساروے کھتہ زیاد شہری ایوارڈ ستۍ تعریف۔
8177,س چھ ٹیلی ویژن ٹریمرز تہ واریاہ فلمن منز اداکری کٔر۔
8178,2005 منز، 50 ہِم فلم فایر ایوارڈچ ججَنن کور اتھ 50 ؤریہِ ہِندِ بہترین فلم ناو۔
8179,حالے، بینڈی چھ اورالس نیبرچ دوبار مقبولیت حصل کرنُک آغاز، خاص طور پتروپول تہ کرومتاؤس منز۔
8180,سُہ زاو 7 اکتوبر 1945 سینٹ لویس، میسوری منز۔
8181,پاللی پورم قلعہ یا (پلی پورٹ کاسٹلو ایم سیما) چھ جنوبی ہندوستان کِس کیرالہ، وِپین، ارناکُلم ضلعہ کِس پاللی پورم، وِپینس منز اکھ قلعہ
8182,ریلائنس انڈسٹری بنو گڈنچ ہندوستنۍ کمپنی ییمہ منز آمدنی 100 بیل ڈالر پیٹھ اضافہ کرنہ آمتۍ۔
8183,8 ستمبر 2008 چُھ 2008 پیریالمپک گیمن ہنز دویمہِ بٔڑِس دہ، یتھ منز چھِ مندرجہ ذیل مضمونس منز تمام ہائی لوٹ جمع کران۔
8184,وزیر اعظم منموہن سنگھن کور جولائی 2005 ہس منز ہِندِستان-امریکہِ سٹیٹس سِل نیوکلیر معاہدچ مُقابلہ خطر امریکہس منز دور۔
8185,ییلہِ دہ بیٹر رپنہ آمتہِ چھِ، اننگنگ ختم گژھان تہ ٹیمن کٔرِ کردار تبدیل۔
8186,تاہم، تِہندِ ساروے کھتہ بوڑ کامیابی آو ییلہِ تِم 1998 منز ہایکن کپ زیننہ۔
8187,یہ اوس گورو تہ ایڈمنٹ کھان ابو پتہ تریِم ملیالم فلم یس ہندوستان ہندِ سرکرِ آسنہ خطر آسنہ خطر منتخب کرنہ آمُت۔
8188,"1959 تام، مغربی بنگالس منز چھ 950,000 ٹن ہند سالانہ کھینچ کمزور۔"
8189,سیل چھ خاندانہ برونہہ تنی نیرنچ کوشش کران مگر بییہِ ۔
8190,پورٹیبل پارٹیشن چھ موقت دیوار یم پٹھ پٹھ پٹھ پٹھ دیوارن بجایہ کمرن تقسیم کرنہ خطر استعمال کرنہ یوان چھ۔
8191,"ریاست خطر 2007-2008 ہس منز فی نفرہ آمدنی ₹72,993 رینکنگ ریاستن منز 10 ملین کھتہ زیاد آبدی ہندین ریاستن منز تریِم تہ"
8192,واریاہ ہم جنس پرست تہ لزبین بنیوو عام طور بیسجنل تہ ٹرانسجنڈر افرادن ہند کم قبول کران۔
8193,ہندوستن ایئرنوایٹس لمیٹڈ: ہندوستن ایئرنوایٹس لمیٹڈ چھ ہندوستانس منز اکھ ایئر سپیس کمپنی۔
8194,لیکروس آو پولینڈس منز منعقد کرنہ آمتہِ 2017 ورلڈ گیمَن منز گڈنِک گڈنِک گیمَن منز ۔
8195,س چھے انوریکسیہ نیروساس، ذتی نقصان، تہ کم ذتی عزت ستۍ رتۍ رتۍ رتۍ رتۍ رتۍ رتۍ رتۍ رتۍ ر
8196,رِی بوہی ضلع چھُ پننہِ پینایاپلَن خطر زاننہ یوان تہ یہِ چھُ ریاستَس منز پینایاپلَن ہُند ساروے کھتہ بو
8197,لیبانس چھ امریکہ کس پنسلوینسیاہس منز اکھ شہر۔
8198,فلم فایرس ہند راچٹ گپٹا دِیوُت یہِ 3 سٹار تہ وون زِ یہِ فلم چھِ اکھ دیوانہ، وٹہ تہ ہٹہ پتہ اکھ روحنی د
8199,مرکزی ہیٹرو کرومیا چھِ کم مقدار ملانین ہندِ اِریز منز زیاد وضاحت کرنہ یِوان۔
8200,بلیرسبرگ، آیووا بلیرسبرگ چھ امریکہ کس آیوواہس منز اکھ شہر۔
8201,تاہم، حالے چھِ یَکشگانن زنانہ فنکارن وچھان، یِم مرد تہ زنانہ دشوے کردار ادا کران چھِ۔
8202,سُہ آو 4 ہِم بٹالیون، 12 ہِم فرینٹیئر فورس ریجمنٹس منز مُعینِم کرنہ۔
8203,549 عیسوی تام آیہِ کاغذ کیٹہ ولِتھ پٹھۍ پٹھۍ پٹھۍ پٹھۍ پٹھۍ پٹھۍ پٹھۍ پٹھۍ پٹھۍ پٹھۍ پ
8204,س کٔر امریکہ کِس اکھ کنوینٹ سکولس منز موسیقی ہند مطالعہ۔
8205,اکثر ایس آیی اے اے سکوٗرچ (مکمل زخم) لوٗکن چھٗنہ كم موٹر بحالی، مگر بہتر ہیکہ یِتھ ۔
8206,کری ولۍ کٔر ستارولوجینن مشور یم تٔمۍ تٔمۍ کٔرِم دیوتا ہس منز تروِتھ۔
8207,گرشویلر زیوٗن 1947 ہس منز عالمی فِجِر سکیٹنگ چیمپئن شپ تہ یورپی فِجِر سکیٹنگ چیمپئن شپ۔
8208,پربھواتین کور رتان سینس ستہِ بہتر زنانہ یِنہ خطر چیلنج۔
8209,اگر ڈیلر چھُ قیمت یِتھ مقدارس تام کم کرنس نِش نِش كران ییلہِ تہہِ پوٗر ادا کرنہ یژھان چھِ ۔
8210,تاہم، پرنسٹن کھلڑین ہند اکھ گروو کور یہ احساس ز ز زِ نیپ اوس متنازعہ نہ، تِم سۍ پننہِ مُقابلہ سندس سک
8211,جابزن کور یہ فیصلہ ز تمہِ پتہ تمام ایپل کمپیوٹر سہِ موُس استعمال کران۔
8212,یہِ چھُ تجویز کرنہ آمُت زِ ٹیبروکلووزس واقعات ہُند شرح ہیکہِ آبدی ہُند تبدیلی ستہِ رُبطہ یِتھ ۔
8213,"2015 منز کٔر راؤن پنن گلوُن ہندِ بگِنِک آغاز ""نا ٹام ہمین جانو"" ستہِ۔"
8214,ڈی این ایس سی یس چھٗنہ خطر کرپشن استعمال کران، تِکیازِ یہِ چھنہ ضٔروٗرت۔
8215,س گُزریو سیویل کِس اکھ ہوٹل کمرس منز، 33 وُہُر ونسہِ منز۔
8216,جریچو چھ فوززی، اکھ امریکی ہیوی میٹ بینڈچ فورٹ مین تہ۔
8217,اے ڈی اے چھٗ ونہِ ڈایٹ سوڈس متعلق اپ ڈیٹ کرنہ آمتہِ پالیسی نِش ۔
8218,لوٗکن چھِ کم چربی ہُند ٹاس تہ اکثر کھینہ پتہ چھے کم پٹھۍ کم پٹھۍ۔
8219,نہ ناس گرینگ خطر چھنہ اکھ ریسپیک، تِکیازِ مختلف قسم چھِ۔
8220,یہِ بنووُو لاسلی یُس گڈنِک افریقی امریکی یُس ای سی وی ٹیٹل حصل کرُن۔
8221,یہِ مندر چھُ بھوان پٹنا کِس جنوبس منز واقع۔
8222,اتھ صورتس منز، یہِ ہیکہ تہہِ ہیکو ساروے کھتہ زیاد رقم یِتھ، اگر تہہہ زیاد پونسہ تہ زیاد یژھان تہِ۔
8223,مثالہ، راگا بھاج تہ امہِ سندِس مُختلافات چھُ لوک موسیقی پٹھ درجہ بندی کرنہ آمُت، ییلہِ زن ہجاج ہِون رگ
8224,پانماہ گلیسیئر-پنماہ گلیسیئر چھ پاکستان کِس شُمال علاقن منز اکھ گلیسیئر۔
8225,لیٹلز گُزریو 9 ستمبر 2021 ہس منز 78 وُہُر۔
8226,یتھہِ اکھ سٹک، ونۍ کیمبریج کس میوزیمس منز، چھِ کینہہ کھلڑِ بچاونہ خطر کنڈِس پیٹھ لٹہ لٹہ لٹ
8227,خری کریڈٹس منز چھ پور خاندان آدی ہس منز لطف تہ خش کران ییلہِ آونی چھ ادی ہندِ خاندری ہندِ خاندری ہن
8228,کینیڈی اوس 1953 پیٹھ 2009 ہس منز تمہِ سندِ مرنہ تام سارجنٹ شریئرس ستہِ خاندر کرنہ۔
8229,یہِ اوس یہِ اتھ وقتس منز دنیاہک ساروے کھتہ بوڑ عمارت بناونہ۔
8230,مختلف مُلکن منز چھِ واریاہ سی او وی ڈی 19 ویکسین ہُند منظوری تہ توسیع کرنہ آمُت، یِمَن ہُند بٔڑِس پیمانس پیٹھ ویکسین
8231,مِسلی چھُ اکثر شیر یا یوگھرتس ستۍ کم کرنہ یِوان، یا کُنہِ وقتہ پھلن ہندِس ستۍ۔
8232,واریاہن قصن منز چھِ دعا یا شرِ ہند مقصد یا جنسیہ ہندِ شُرِ ۔
8233,میکروسکوپ چھ چیزن تمن کھتہ زیاد وچھنہ یوان، تقریباً 1000 گڑہ زیاد۔
8234,تِمَن پِکپَن خطر فہرست تہ مقام فراہم کرِو، پتہ تِم پننہِ ستہِ ستہِ سوزِوِو۔
8235,ٹریزر یا لٹہ ہیکہ نہ ہیکہِ ہیکہِ ہیکہِ۔
8236,یہ اصطلاح اوس پلیٹ ٹیکٹونک نظریہ برونہہ استعمال کرنہ آمت، مگر 1970 کس دہلس پیٹھ چھ یہ اصطلاح استعمال زیاد گژھان۔
8237,14 مہِ صدی منز کٔر بادشاہن ویسارا یا ڈکن ستہِ یادگار بناونہ باپت تِم مگر پتہ کور پننہِ ریویتی ضروریات پوٗرنہ خ
8238,نِک بیس چھُ مفت، تہ اتھ منز چھُ اکھ ملین کھتہ زِیاد کھتہ زیاد گیم۔
8239,سُہ بنیو 1905 منز بینک کلرک تہ پننہِ فٹ بال افسر طورس پٹھ پننہِ کیریئر شروٗع۔
8240,میگھالیہ سکول چھ ریاستی حکومت یا ذتی تنظیمن ہندِ ذریعہ چلان، یتھ منز مذہبی ادار شمل چھ۔
8241,"سِرنگری اوس پریشان۔ یہ گاو چُھ ""میوا"" گژھان؟"
8242,یہ موقعہ اوس برطانوی سلطنتن آنگلو-شیخ جنگ شروع کرنہ خطر استعمال کرنہ آمت۔
8243,آبچ ذخیر تہ تقسیم کرنہ آمتہِ ذخیر چھِ لُکھ ہُند جایہ کرنُک امکان - اکھ بحالی عمل یُس سمجی علمدار تہ سیسی گروپن ہُ
8244,2004 ہس تام، آٹاری 2600 چُھ 30 ملین یونٹ کنہ آمت۔
8245,بینڈی اوس 1910 پیٹھ 1930 کس دہلس منز ایسٹینیاہس منز گِنڈنہ آمت تہ مُلکَس اوس کینہہ ؤرۍ تام قومی چیمپئن شپ۔
8246,یہِ تہِ چھِ تِہِ مُفصل نوٹ لکھوِتھ یِتھ کٔنہِ پرتھ نفرہ کٔرِو ۔
8247,آرنین کور ہٹلرن سندِس بولن ہندِس تحفہ ہندِس تحفہ متعلق کینہہ خیالہ ستہِ پننہِ کردار ہند
8248,سِکل پولو ایسوسی ایشن آف انڈیا آو سرکرۍ 1966 منز قیم کرنہ آمتہِ یہِ چھُ جِی پور، راجستھانس منز پنُن دفتر۔
8249,اولمپک گیمن منز چھ شوٹنگ کھیل ہمیشہ گڈنِک میڈل اعزاز کرنہ خطر حصل کران۔
8250,پوڈکاسٹنگ چھُ اِندِ معلومات ڈیجیٹل آڈیو فائلہ ہِنز اکھ طریقہ۔
8251,نہ چھٗنہ یِتھ وقتہ ہُند تعدادس پیٹھ حد یِتھ منز اکھ تجویز دوبار كرِتھ ۔
8252,یہ چھٗ اچھی پٹھۍ مجسمہ بناونہ آمتہِ ، تہ امیُک پیچید چہر چھٗ خاص طور قابل ذکر ۔
8253,اگر تہہ کنہہ یژھان یس تہہِ زندگی ہندِ زیاد تر مدتھ چھے، تیلہِ تہہِ ساروے کھتہ زیاد قیمتی ماڈلن
8254,بیزوس بنیو 5 جولایی 2021 ہس منز ایگزیکٹو سیرمن۔
8255,تریِمَس منز، گوو واشنگٹن پنالٹی مشکلَس منز تہ دن پاور ڈراماہن پیٹھ دن گول دِنہ۔
8256,مل مل چھ سویڈن کس سکاون کاؤنٹی منز ہوگناس بلدیہ ہندس اکھ علاقہ۔
8257,61 کس منٹس منز وحد گول آو ییلہ ایڈسن منڈیزن گول پیٹھ تقریبا 25 یارڈ پیٹھ پٔتمہِ جینس لیمنس منز اکھ کم سکرمر شُرِ۔
8258,یہ چھ کالنگاہس منز کلوتھنگا سندِس جنگس دوران واقعاتن ہند وضاحت کران تہ یہ چھ نہ صرف جنگچ پمپ تہ حالاتن ہند وضاحت کران، بلکہ
8259,پٔتمہِ گیمن ہندِ واریاہ ڈیٹا بیس تہ اعلی تجزییی صلاحیت ستۍ، کمپیوٹر ہیکہ کھلڑین شطرنج سیکھنچ مدد کٔرتھ تہ
8260,10+2+3 منصوبہ تحت، ہائیئر سیکنڈری ایگزیمینشن پاس کرنہ پتہ، طالب علم ہکن عام یا پیشہ ورانہ ڈگری پروگرامن منز ریکارڈ کرِتھ۔
8261,یورپی یونین ہیکہ اکھ قسم فدرل حکومت تہ ونان۔
8262,سُہ چھُ ویسٹ ہیم یونائیٹڈ تہ انگلینڈ قومی ٹیم خطر کم کران۔
8263,1973 منز آو یہ علاقہ اتھ قومی پارکس منز تبدیل کرنہ۔
8264,تِہندِ مقصد چُھ نامعلوم، تِکیازِ تِم پرندِس عہدس پیٹھ اہم واقعاتن ہُند ربطہ چھِ ۔
8265,"پُنگابَس منز چھُ ہندوستانَس منز سٹیل رولنگ میل پلانٹچ ساروے کھتہ زیاد تعداد، یِم فٹیھ گڑھ ساہب ضلعَس منز ""سٹیل"
8266,تِمَن منز چھِ گڈنِچہِ صٔدی عیسوی دوران بناونہ آمتہِ واریاہ ملِتھ تہ ملِتھ پٹھۍ پٹھۍ پٹھۍ پ
8267,بدلہ چھ بالس کھلڑین ہندِس کھیلن ہندِس لٹہِ منز سکور کرنہ خطر کم دِوان۔
8268,مزید، غر غر غر غر غر غر غر غر غر غر غر غر غر غر غر غر غر غر غر غر غ
8269,علاقی پارٹین چھِ 1916 پیٹھ ریاستی سیاستس پیٹھ غالب۔
8270,1990 منز، س گٔیہ نیو یارک سٹی منتقل۔
8271,برطانوی ین کٔر شملی صلحس منز تہ پننہ تجارتی دلچسپی بڑو۔
8272,حکومت چھِ ٹگیرانانگس منز واریاہ کھیلچ سہلتی خطر 2 ملین ڈالر ہُند اکثریت تہِ ادا کران۔
8273,1857 ہِس ہندوستنہِ بغاوتس دوران، دِلہِ دِلہِ ہِندِس قحطس پٹھ اکھ خونین لڑایہ پتہ آو مشرقی انڈیا کمپنی ہُند فوج
8274,اتھاکتا ونان چھِ چھِ پانژھ ستہِ زِیاد کاتھکالی ڈراما یِم آتھاکتا ونان چھِ، یِمَن منز زیاد تر 20 ہمہ صدی بر
8275,شملی سولاویسی منز قومی حیثیت چھُ زیاد مختلف تہ اتھہ پتہ انڈونیشیا کین باقی حصن۔
8276,آبدِ علامت چھ اکثر کنہہ طرفہ پٹھہِ وُچھنہ یوان ییلہ نوٹ چُھ لکُٹہِ ہُند ذریعہ تھونہ یوان چھِ ۔
8277,خاندان چھ حصہچ اکھ ترییی رتہ برقرار۔ بییہ ترییی رتہ رتہ، دوست تہ نیرن ہند دِنہ یوان۔ تہ باقی تر
8278,یہِ بُلک چھُ اکھ ٹورن بنہ خطر بناونہ آمُت، یُس منگو ہُند اکھ ژھرِ چھُ ز پوسٹَن درمیان رُکاونہ یوان
8279,ڈی ایس: تہہ کیاز تہہ لوٗکن پیٹھ گژھنچ درخواست کرنچ ضرورت؟
8280,سیمس منز چھ پننہِ منٹرس تہِ ییمہِ سُہ سُہ سند مشور اِجریتی ذمہ کری کرنس منز استعمال کٔرِتھ۔
8281,پنن ہفتہ ہندِ روٹِن ہندِ خریدار حصہ بنو۔
8282,"رحمانن کور مارولس ستۍ ہندی، تامل تہ تیلگو ہس منز ""مارول اینٹم"" ہند پروموشن ٹریک بنونہ خطر شراکت دار۔"
8283,کالی یوگا ہس منز کٔر ایڈی شینکاراچریا 1191 عیسوی منز اتھ گپھ دور۔
8284,ورشابھوتھی چھ سنسکرت لفظ ورشابھہ ستہِ نِش یُس اکھ بُل ہُند حوالہ چھُ ۔
8285,یہِ ہُندِ قسمچ باوجود، یِمَن منز چھِ ترکیب یِم موسیقی ہُند اتھ ژینن ہُند مرکز بنان۔
8286,کینہہ زنانہ کر ٹریڈر، کلریک تہ استاد کم۔
8287,جنوبی ہندوستانس منز سیسی ماحول گوو بڈامی چالوکیاہس سندس بدس سلطنتس پیٹھ لکٹن سلطنتن پیٹھ بٔڑ سلطنتن منز تبدیل۔
8288,ڈینگو چھُ عام طور کانہہ باقے طریقہ پٹھہ پھیلاونہ یوان۔
8289,سُند مطالعہ تہ سرگرمی ہُند اہم علاقہ چھِ کاسٹ کِس تباہی۔
8290,زیاد تر عیسیی ناو یا گروپ چھ یا کینہہ حدس منز فن استعمال کران یا استعمال کران۔
8291,ییلہ جینر اکھ لکُٹ شُر اوس، تٔمۍ کور زِ س سہِ اوس ڈیسلیکسیا۔
8292,لڑے چھ باکسنگ رینگس منز گژھان، عام طور، باکسنگ گلو، گارڈ، شُرٹ تہ صرف پاٹہ ستۍ، یتھ منز کِکس استعمال کرنہ خطر
8293,مگر اتھ وقتس منز س نہ کھیلیی میدانک تہ پولو ہندس تہِ تہِ تہِ تہِ تہِ تہِ تہِ تہِ تہِ تہِ تہِ تہِ تہِ تہِ تہِ تہِ تہِ تہ
8294,اگر کُنہہ چھِ غر غر غر غر غر غر غر غر غر غر غر غر غر غر غر غر غر غر
8295,یہ اوس سونی آن لائن انٹرٹینمنٹ پی سی، میک تہ پلیٹسٹائن 3 خطر بناونہ آمت۔
8296,تاہم، شاہو اوس دابھدیٖدس معاف کرنہ تہ تِمَن تِمَن پننہِ ججیر تہ ٹائٹل برقرارنُک اجازت دِوان زِ تِم گجرات پیٹھ
8297,امیُک گڈنِکِس قیِمتی تصدیق آو 22 دسمبر 1797 ہس منز اکھ ڈایریکٹریل ریپبلک قیِم کرنہ ۔
8298,کوکی بغاوت کرن والین گروپن چھُ کوکی سندِ خطر اکھ الگ ریاست یُس موجود ریاست منی پور پیٹھ نیرنہ یژھان چھُ۔
8299,یہ قلعہ آو 1972 منز آرکیوولوجیکل سروے آف انڈیا کہ طرفہ تعمیر تہ شروع کرنہ۔
8300,14 ستمبر 2006 ہس منز مغربی ہندوستانس خلاف پننہِ انتقبیاتن ہند جواب تہِ تِمَن مانو زِ تٔمۍ سندِس کیریئر اوس پننہِ 40 ہ
8301,ز بٹن سِتھ ۔ تہہِ ہیکوِوِوِوِوِوِوِوِوِوِوِوِوِوِوِوِوِوِوِوِوِوِو
8302,اکھ دعوت نامہ ہیکہ عام طور وارنامس پیٹھ پیٹھہ یوان۔
8303,مے کٔر اکھ بے ستہِ تہ مزری تجربہ ہند امید، مگر یہ واقعہ کٔر مے توقعات کم، ییمہ ستہِ مے رکاوٹہ ہ
8304,کینہہ لوٗکھ چھٗ أمۍ سندِ کمس متعلق واریاہ مضبوط رائے۔
8305,علاو، اگر توہہ سنگین زخمی گژھان چھِو، توہہِ چھِو نہ یِم بِتھ ادا کرنہ خطر تہہِ ہیکہِ طریقہ روتہِ
8306,پوماکس چھ بلغارستانس منز روڈوپ پہاڑن، یونان تہ ترکیس منز روزان۔
8307,دیوتا لیننگٹِ پانام نِنگٹِ چھُ اکھ بینہِ یُس لیمرین سناریک چننگ کھومبی ناو چھُ۔
8308,کینہہ لوٗکھ چھِ ہارواکس ہنز دور کرنچ کوٗشِش کران، ییمہِ ہیکہ ہارڈرومس خراب گژھتھ۔
8309,تاہم، علاج (یتھ منز بڑنہ آمٹین ڈوز شمل چھ) چھ عام طور مؤثر۔
8310,واریاہ پٹیوجن ہیکہ پلاسٹینٹا پیٹھ گژھتھ تہ انفیکشن ہند سبب بنتھ۔
8311,پور علاقس منز تباہ گژھنہ آمتہِ گھرن ہندِ دہ چھِ كھلان۔ زیاد روُد تہ ملِک چھِ توقع کرنہ یوان۔
8312,شدید گرمی ہیکہ تہہ سوتھ بناونہ یتھ منز چھِ تہہِ یِتھ کٔنہِ ملِس ملِس ملِس ملِس مل
8313,ایمون آو 2007 منز شون لیلاچور سیلز تہ لودوویچ بڈن سندۍ آغاز۔
8314,سُہ بنیو 1970 منز میشیگن ہاوس آف ریپریسٹنٹٹسک رُکُن۔
8315,یہِ وچھان زِ س چُھ صورتحال سمجھنچ کوشش کرنُک ضرورت چھُ، دیپتی چھُ مونیکا سڑکہِ کھین ہند علاج خطر پوچھان، ییمہِ دوران تِم
8316,رامبھاگ کیمپس چھ دیوارن ستۍ احاطہ کرنہ یوان تہ یہ چھ زمین کین تقریبا 85 ایکڑ پیٹھ پھیلاوان۔
8317,مینۍ لیپ ٹاپ ٹھیک کرنہ خطر چھٗ توہہِ شکریہ ۔ یہ چھٗ ونہِ اچھی پٹھۍ کم کران ۔
8318,امہ علاو چھ ماتوراس منز ڈیٹا خاندانس ستۍ وابستہ ستۍ ستۍ ستۍ تہ حصل کرنہ آمژ۔
8319,سارڈار سندِ نیچِون کٔرِو سات دہن منز 2 ملین ڈالر بڑم۔
8320,سُہ اوس دویمہِ عالمی جنگس دوران امریکی فوجس منز۔
8321,زیاد تر تھراپیسٹ یم ڈی آیی ڈی ستۍ مریضن ہند علاج کران چھ کران چھ واریاہ مختلف طریقہ استعمال کران۔
8322,پین چھِ 2018 پٹھ برطانوی اداکارہ انبلی ویلیس ستہِ ربطس منز سہِ ۔
8323,رے سنزِ فلمن ہندِ قصری ہُندِ ترتیب چھُ موسیقی ہندِ شکلن ہِندِ طرفہ نمایندگی کرنہ یِوان یِتھ کٔنہِ سون
8324,مرد چھ زنانہ کھتہ 10 گڑیاہ کھتہ زیاد ہارٹ ہارٹ ہارٹ ہارٹ ہارٹ ہارٹ ہارٹ ہارٹ ہارٹ ہارٹ ہارٹ ہارٹ ہارٹ ہ
8325,گمِس لوٗکھَس وچھِو تِہِہ زِیاد گژھہ ییلہِ ہم گڈ گژھہِ زِ مے چھِ تِمَن خطر افسوس
8326,ہیسوڈن چُھ ونان زِ پےون چھُ اکھ انفرادی دیوتا تہ لُکھن ہندِس گروٗپر ۔
8327,تِم چھِ واضح طور یِتھہِ سہِ ہندِ ژینیتی ہنزِ ہنزِ ہنزِ ہنزِ ہنزِ ہنز
8328,"تٔمۍ کور کھیلس منز 19.2 پوائنٹ ہُند اوسط مجموعی طور 18,822 پوائنٹ۔"
8329,سُہ چھ ایشیا پیسفیکشن ہند مشور بورڈ برطانوی ٹیلی کمونیکشنس منز۔
8330,تیز ایسکیمک سٹریک خطر چھ مختلف درجہ بندی ہند نظام۔
8331,عملہ کور تیزی سان پننہِ دھوکہ دہی ہندِس مٗقابلہ منز جری کرنہ۔
8332,اگر تہہِ داون خطر خریدری کران چھِو، تیلہِ چھِو تِہِہِو تمام لُکھن ہُند فہرست بنوِتھ یِم تہ
8333,سُہ اوس اکھ اوٹفیلڈر، اکھ پینچ ہائٹر، تہ اکھ گڈنِک بیسمن۔
8334,"ایس بی ایس چھ تخمینہ یوان زِ یہِ چھُ أکِس ؤرِیَس منز فی 10,000 بتھ 3 پیٹھ 4 منز گژھان۔"
8335,پتہ چھ تلاش کرن والین ہندۍ ٹیم ہندِس تِمَس پیٹھ محفوظ رہنہ دوران پتہ پتہ پتہ پتہ پتہ پتہ پتہ پتہ پتہ
8336,"لفظ ""آریا"" چھنہ صرف اوپیرا منز استعمال کرنہ یوان۔"
8337,یہِ واقعہ کٔر نہ صرف مراٹھا راجپٹس ستۍ ربطہ خراب کرنہ، بلکہ یہِ تہِ نتیج آو مراٹھا ہندس درمیان اندرونی پریف منز۔
8338,تہہِ ہیکہ تہہِ پننہِ مُقابلہ کرنہ برونہہہ کانہہ کانہہہ کانہہ کانہہہ گژھنچ ضرورت، یتھ من
8339,کٹمن چھ اکھ کٹنیوس ڈاکٹر یس باکسر سندِس چہر تہ چہر كٹہ، خون تہ زیاد بتھنہ ستہِ آزاد بچنہ خطر
8340,بینرجیہ چھُ وضاحت کران زِ یِم جایی تہ ویررو چھِ بدلہ وارِیاہ، تِم چھِ پننہِ جذبتی ضروُرتہ ستۍ انسانیتس منز آسان۔
8341,بنگلہگ لوٗکھچ تقریباً ز ترییی چھ زراعتس منز کم کران تہ ڈیلٹا کِس زریٖن ولِس سطحس پیٹھ کٔمیٖن و
8342,حالے، بالکومرنن کور اوداییر رومانوی، یُس تانجیوورس منز راجراجا چولا سندِس بریہادسوارا مندرچ تعمیرس پیٹھ مبنی چھ۔
8343,سُہ چھُ ژور بُکھ ترے آٹو بیوگرافی تہ سِکھس بُکھس پیٹھ لکھومُت۔
8344,دموکراتی جنوبیس منز آو متحدہ اقوام متحدہ تہ امریکہ ہند حمایت۔
8345,یہ خطر چھ شُرِ منز ساروے کھتہ زیاد خطر یِم ز پیٹھ ترن ریتھ ونہِ ونہِ ونہِ چھِ ۔
8346,کولونل ڈیر تہ نایاب کمیشنر ایرون، امریٹسر خطر سینیئر سبلک حکوٗمت، کور نہ جمع جمع کرنہ نِش بچاونہ یا جمعس صلح سان تقسیم کرنہ
8347,یہ چھ شمالس منز سبرن ریکھا دٔریاو پیٹھ جنوبس منز روشکولیہ دٔریاو تام پٹھ پٹھ پٹھ پٹھ پٹھ پٹھ پٹھ
8348,پرینون کور اَتھ اَتھ اَتھ اَتھ اَتھ اَتھ اَتھ اَتھ اَتھ اَتھ اَتھ اَتھ اَتھ اَتھ ا
8349,2007 منز کٔر کمپنی سیلیکون وادیس منز اکھ ہدایت کار کھولن۔
8350,ناگہ چھ لوٗکھ یم ستہِ کانہہ ربطہ چھِ یوان چھِ یِم منجناتَن کنہِ تھاونہ تہ کنہہ کنہہ کٔر
8351,عام طور بولنہ باپت چِھ 48 پیٹھ 50 انچ چلنہ خطر کافی۔
8352,غریب سرنگری سریینواس! یس سُہ اوس ونہِ پننہِ بٔڑِس بتھنہِ ہندِس زراعتس ستہِ کٔرِتھ؟
8353,کچمان وادی منز سہِ منظرہ شُروٗع ییتہِ سینڈ ڈونس زمینہ ہُند نقل و حرکت فراہم کورمُت یِم ضروری تھاونہ یِوان۔
8354,2008 ہس منز آو ایڈیشن ہُند منسوخ کرنہ چھنہ ڈاکارُک مستقبل خطر۔
8355,کینہہ فنکار چھُ تٔمِس کتاب آف گڈس منز بادشاہ سن ستہِ شناخت کران۔
8356,پتہ، کھو تہ گالنگ، پتہ اکھ سِفِیارڈ کر، یُس گروپ نش الگ گژھان۔
8357,تہِ واریاہ یونان، یتھ کٔنۍ تریخی میگسٹینس، ییمہِ پتہ دیماچس تہ دیونسیس ستۍ، آیہِ موریان عدالتس منز روزنہ خ
8358,ایشیی بینڈی فیڈریشنس منز چھ امتی منز تہ پننہِ ہدایت کارڈ۔
8359,کورکو، اکھ منڈا زبان، چھ ریاست کِس مرکزی سطحس منز 4 کھتہ زِیاد لکھ بولن وول۔
8360,یہِ مُختِف تہ عملی کِس مُصرف چُھ واضح۔
8361,ایورٹ پنن بولنہ ختم کرنہ پتہ، لنکنن کٔر دن یا ترن منٹن تام بولن۔
8362,تٔمۍ کٔر گربارنیہ کراکوک، فلوریڈ ڈورفر ای سی، ایف سی سی زوریچ تہ ایف سی اورلیکون تربیت۔
8363,2009 منز کور تٔمۍ جنوبی مشرقی علاقیی میڈیکل سینٹرس منز آئی ٹی ڈِٹیریٹس منز کم کرنہ شروع۔
8364,جہاز یم نہ پننہِ پٹھ گژھتھ سۍ آو جلژ ۔
8365,پُجابی ہندِ عروٗفیی روایات تہ تقریب چھُ پُجابی ثقافتُک اکھ مضبوط اظہار۔
8366,"2010 چہ مردم شمری مطبق س سی ڈی پی ہس 103,483 آبدی۔"
8367,سُہ زاو بوسٹن، میساچوسٹوس منز تہ بڑو نیو ہیمپشیر کس نشوایہ منز۔
8368,فرانسس منز آو روباسس منز اکھ ڈرائیونگ انسٹوٹر مارنہ ییلہ أمۍ سندِس کارس پیٹھ بجلی ہُند پال گر۔
8369,اکہِ شرابچ کلاسیکی رقصگار سندِ سُندِ پیشکش زیوٗن تٔمۍ پننہِ گڈنِک نندی ایوارڈ بہترین اداکار تہ پننہِ دو
8370,لاگوون ساحلی لاین ہکہ آب و ہوا چھ ٹراپیکل مونسونن ہندِ طرفہ غالب۔
8371,فلمہِ بنو تٔمۍ مشہوٗر، تہ تٔمۍ کور تسلیم زِ اگرچہ س سہِ اکھ لکٹہِ کردار تھا، یہ اوس تٔمۍ سندِ سارو
8372,چتھرا تھیرونالن کور 1937 منز عومی سڑک ٹرانسپورٹ سسٹم قیم کرنُک فیصلہ۔
8373,اکہ دہ اوس تِم رقص تہ بتھس منز اتھ زیاد گژھان زِ بہن ہندِ صبحچ کھتہ اوس نہ خاندان ملِس منز لگان۔
8374,سرد آبس منز نمییی ہنزِ سیریز ردعمل ہکہِ وچھِتھ۔ سرد آبس منز سوٗنہ چھِ شدید ردعمل ہنز ساروے کھتہ عام
8375,غیر تامل بولن ولۍ، تمہِ سندِس گفتگوس منز چھ اداکارہ ابھرمِی دِژِنہ آمتہِ، حالانکہ پوجا کمارن کور فلمہِ ہندی
8376,حکومتن کور پور لاگورس منز اکھ تلاش کرنہ شروع۔
8377,تٔمۍ بنو 15 اگست 2022 انکوش ہزر موشن پکچرز فلم کمپنی۔
8378,للبھ گیندِ باغ یا مختصر للبھ چھُ بنگالور، ہندوستانس منز اکھ پرندِ گیندِ باغ۔
8379,مچھلی ہند چھِ لگوون پیریپیری تہ جزیرن پیٹھ واقع واریاہن گاہن منز اہم قبضہ۔
8380,تاہم، میک میہن سندِس نظرس منز، ییمہِ ریسٹل مینیا باقے سپر کارڈن منز الگ کرُن اوس یہِ زِ یہِ اوس یِمَن نہ رٹلنگ
8381,کینہہ افسران ستۍ چھُ ونان زِ اہم مندر چھُ بھرت چاکراوارتھی بنوومُت۔
8382,اکھ ہیکہ یہِ موڈ اختیاری طور بند کرِتھ مگر یہِ چھنہ مشور کرنہ یوان۔
8383,"2011 ہس تام چھ ریاستی طور کنٹرول بی ایس این ایلس منز 57,897 زمین لاین دستخط تہ 325,279 جی ایس ایم موبائل سروس کنیکشن۔"
8384,فلمہِ ہندِ صوتی ٹریکَن منز چھِ پٹ ٹاپنگ ڈانس فلڈر نمبر، نرم رومانٹک بتھ تہ وِلِن ہنزِ میسٹر پیس شمل پ
8385,کمیٹین کور اتحاد ہندِ حمایت کرنہ خطر اکھ حل حصل۔
8386,یہ البم آو 2 مئی 1978 ریلیز کرنہ ۔
8387,رونس چھ بیلجی ہس مشرقی فلینڈرز کس صوبس منز اکھ بلدیہ۔
8388,زیاد تر سیاہ چائے چھ سری لنکا، انڈونیشیا تہ مشرقی افریقہ پیٹھ آوان۔
8389,"سکوٗل پیٹھ 1,500 کھتہ زِیاد طالب علم آیہِ ایونٹ وچھان۔"
8390,یو ایس اے سائیکلنگ سندِ طرفہ ساروے کھوتہ طویل اکہِ دہہِ سڑکہِ ریس چھُ لوتوجا یُس لوگان، یوتاہ پیٹھ جیکسن، وائی
8391,"امہِ دوران، ہنری VIII سند 1533 قسمچ ریسٹینٹ آف اپیلزس منز وون ""یہِ زِ انگلینڈُک یہِ سلطنت چُھ اکھ سلطنت۔"""
8392,سن ڈیگو تہ پٹسبرگس دشونی منز چھ 9-5 ریکارڈ۔ تاہم، سٹیلرزن زیوٗن پننہِ ہڈ ٹا ہیڈ میچ اپ یس ٹیے بریکر کم کٔر۔
8393,پنن کاروبارچ قیِم کرنہ تہ قیمت مقرر کرنہ خطر، بییہ کامیاب ضروری تیلچ خاص طور آن لائن یا پننہِ علاقس منز مچھِل۔
8394,لہذا، تقریباً اکہِ صدہ دہ، کمبھ ملہِ 11 ؤریہ پتہ واپس یوان۔
8395,تٔمۍ گِیُن 1967 پیٹھ 1969 تام شکاگو بیرز خطر۔
8396,فلمہِ ہندِ گڈنِکِس وچھِ پوسٹر تہ اکھ ٹیزر آیہِ میی 2012 ہس منز فلمہِ ہندِ بازرتی عملک حصہ پٹھ ر
8397,سماج چھ اکھ ذتی دیوتا ہُند تصور تہِ انکار کران۔
8398,اُتر پردیش سرحدس نزدیٖک چُھ یہِ زبان بھوُجُری منز شمل کران، ییلہِ یہِ مدھیہ پردیش سرحدس نزدیٖک بھگلی ستہِ شمل چُ
8399,یہِ چھُ واریاہ اہم تِتیٖپی تہ چاندی ہندِ مہاشسورو مارڈنی گُروُک زینہ یِوان۔
8400,خطر چھُ اتھ ستہِ ربطہ یوان ییتہ جسمس پیٹھ زیاد چربی ذخیر چھے یوان۔
8401,ساروے کھتہ عام زخم چھِ گڈ (مشترکہِ لٹہِ لگیمنٹ گڈ گڈ تہ کم گڈ گڈ گڈ گڈ گڈ
8402,کینسرس خطر یس ستہِ چھِ ولِتھ، ہیکہِ کیم تھراپی تہ ریڈیو تھراپی استعمال کٔرتھ۔
8403,ستپورا ٹایگر ریزرو چھ اکھ غر مرکزی ہندوستنۍ جنگلی ماحولیتی نظامک حصہ، لہذا یہ چھ بییہِ بتھری ہندِ تنوعس منز واریاہ غر
8404,مین سی ای او اوس مے صرف 7 ؤری برونہہ اکہِ ولۍ مے ستہِ ولۍ، مگر تٔمۍ کور مے ستہِ ہندِ شو
8405,"یہِ چُھ فنُک ""تاریخ پٹھۍ کھیل"" ہُند ژینن، مگر اکھ یُس پٹھۍ رنگین ہُند مِک، پوشر تہ چُھ چُھ چ"
8406,ریاست آو 16 نومبر 1907 ہس منز ہندوستنہِ علاقہ پٹھ بناونہ ۔
8407,یہِ چھُ اکھ تجری ہٹ ثبوت دِوان، حالانکہ یہِ اکھ شُرِنگ بجٹ۔
8408,یہِ نظام چھُ ژور بٔڑِ حصن منز تقسیم کرنہ یوان۔
8409,گوتم (1977) کور سینٹال پارگناہس منز سینٹالس منز اکھ نوو کرنہ تہ ریس کھنہ ہند تہوار یتھ تِم جوم ناوا ناوٗ نا
8410,یہِ چھُ اکھ ڈاونر سندِس لکٹہِ یِتھ کٔنۍ زِ مے چھِ اتھ کمس ستہِ مٗتعلق واریاہ یاد۔
8411,گپھ مندرس پیٹھ چھ جین راک بیڈ ہندین ہندین ہندین ہندین ہندین ہندین ہندین ہندین ہندین ہندین ہندین ہندین ہندین ہندین ہندین ہند
8412,بادامی گپھ مندر چھُ ہندوستان کِس کارناٹک کِس شملی مرکزی حصہس منز بادامی قصبس منز واقع۔
8413,"تقریباً 30,000 لوٗکھ ہُند بُڑ اوس ایونٹچ تریخس منز ساروے کھتہ بوڑ اکھ۔"
8414,1990 کس دہلس پیٹھہ چھِ یہِ کھیل زیاد تر جاپنِس K-1 پروموشن ستۍ غالب، یتھ منز کینہہ مقابلہ باقی پروموشنن تہ زیاد تر پٹھۍ
8415,یہِ چھِ تِمَن واریاہ پونسہ خرچ کران یُس عام طور حکومتو دِوان چھِ ۔
8416,پینڈین حکومتس دوران سٹیلر تہ سونچ سکنن پیٹھ چھٗ تامل بھرمِی تہ تامل سکنن ہندِس ستہِ چھٗ تامل ہندِس ستہِ و
8417,واقعاتن ہندۍ ز قسم چھ: ریگوا تہ ڈبلز ریگوا۔
8418,مومبیی منز جو وی مارریٹ ہوٹل منز 27 جون 2014 ہس منز اکھ خاص میوزیکل کنسرٹ منعقد کرنہ۔
8419,اکہِ رپورٹَن منز چھُ ہُند اشار دِنہ آمُت زِ لوٗکھ چھِ بییہ جنسی مسلہ باپتہ ایس ٹی آیہِ پیٹھ معلومات خطر طبی پیشور ست
8420,کیوِک کیوِک چھ سویڈن چہِ سکاون کاؤنٹی منز سیمرشمن بلدیہک اکھ علاقہ۔
8421,وِلیامزَن گِیُن کوری کپَس منز مغربی صوبہ خطر رگبی تہِ۔
8422,یہِ ہیکہ چلان، ژھپنگ، ٹامبلنگ، تھورِس سٹنگ، فلپنگ تہ توازن شمل گژھِتھ۔
8423,چُھ، تہہ چھُ مے زانانان زِ یہِ مٗتلِف گڈ چُھ ہندِس پٹھۍ بناونہ آمتہِ؟ تِہِ وضاحت تہ
8424,لوٗکھ یِم ٹرپ سٹورن منز کم کران چھِ چھِ چھُ اکھ معلوماتچ واریاہ۔
8425,ییلہ س ژور ؤری ونہِ ؤریہِ ؤریہِ ؤریہِ ؤریہِ ؤریہِ ؤریہِ ؤریہِ ؤریہِ ؤریہِ ؤ
8426,تٔمۍ کٔر 15 رن، ییمہِ وکار یونیس ستۍ بولیر کٔر، ییمہِ تٔمہِ میچس منز تہِ پننہِ آغاز کٔر، مگر یہِ اوس مشہ
8427,"ایسٹ ویسٹ پیپ لاین چھ انڈیا انفارکلچر ٹرسٹرس ستۍ حصل کرنہ آمژ، یس 13,000 کررِ ہندِ حسابہ باپت بروکفیلڈ ایسٹ مینجمنٹ"
8428,تہہ غلطی ہندس پٹھۍ کٔرِتھ، تہہ ہیکو غلطی ہند ذمہ دِتھ تہ غلطی ہندِ دوبار كرِتھ ہیکوِت
8429,یہِ آو یہِ ریلیز کرنہ پتہ واریاہ مقبول تہ اتھ منز چھ واریاہ فنکار۔
8430,تمہِ سنزِ خاندار سہِ ز کتابہ، یِمَن منز دشونی مذہبی کتابہ سہِ۔
8431,کینہہ تجربہ چھُ یہِ مشور دِنہ آمُت زِ غیر تھرمل نمییی سطحَس پیٹھ ہیکہِ بیولوجی اثرات سِتھ، مگر صحت ہندِ خطر
8432,دویمہِ دور چھِ دویمہِ دویمہِ دویمہِ دویمہِ دویمہِ دویمہِ دویمہِ دویمہِ دویمہِ دویمہِ دویمہ
8433,زونہ فرانکا علاقہ سینٹرل شاخ، یس ایل 9 بیسوس علاقہ ستۍ شمل چھ۔
8434,ییلہِ وقتہ ہُند اِشار کرنہ یِنہ یِوان چھِ یِم جایہ بجایہ وقتہ ہُند اِشار کرِتھ ۔
8435,یِمَن منز چھِ لیورپول یونیورسٹی، کولمبیا یونیورسٹی تہ روم لا سپیینزا یونیورسٹی شمل۔
8436,زیاد تر مُلکن منز چھِ ای او ایس کیمرن ایس ایل آر کیمرن ہُند ساروے کھتہ زیاد مارکیٹ حصہ۔
8437,نیرِیولٹ، وچھِ ولِٹ، یِنہِ ولِٹ، انفارمیٹ، مائیکرو وول، ریڈیو وول، تہ کم فرکانسی ریڈیو فرکانسی (لنگ وول) چھِ
8438,دویمہِ نصفچ گڈنِچ منٹَن منٹَن منٹَن منز کور یوُروگویان لوئس سُرایزَن میچُک دویمہِ گول، ییمہِ س
8439,کُنہِ کُنہِ کُنہِ تِمَن چھِ راتہ منز سیکورٹی خطر ریفیکٹو مواد۔
8440,37 وُہِ ونہِ ونسہِ منز، تٔمۍ کٔر اکھ لوپولیسٹ پلیٹ فارمَس پیٹھ صدر خطر۔
8441,یہِ چھُ صارفینن ہندِس خلاف ورزیہ نہ سرکرِی ریوپیٹریس منز پیکج انسٹال کرنُک اجازت دِوان۔
8442,پننہِ چُھ چُھ چُھ وُچھان، س چھِ پننہِ نٔوُو ؤرِ وُچھِ ولِس پہاڑس پیٹھ خوشی سان گِند کر
8443,تہہ چھُ پننہ زخم دِنہ خطر خوف یِم ستہِ چھُ تہہِ پننہِ پوٗر پتاہِ پتاہِ گِند (ف
8444,باقی قسم ہیت چھ، مگر یِم چھِ بٔڑِو۔
8445,مے اوس پریتھ قلعہ کین دیوارن ہندس کم گرافٹی ہندس مقدارس پیٹھ غصہ۔
8446,ایی یی چھ دنیاہک ساروے کھوتہ بوڑ پیشہ ورانہ خدمات نیٹ ورک منز اکھ۔
8447,دیمیٹڈ آف آرکیوولوجیا، میوزیم، تہ آرکیو، مدھیہ پردیش حکوٗمت، کور جوابس منز بچاوت کرنہ خطر عمل کران تہ کٔر واریاہ
8448,یہِ ستہِ چھُ أکِس ؤرِیَس منز 8 ارب امریکی ڈالر ہنز معیتی زیاد نتیج۔
8449,تٔمۍ کٔر دویمہِ جنگ کس خرس منز جرمنی منز برطانوی فوجن تسلیم۔
8450,15 اگست 2013 ہس منز بنیو تمہِ سندِ چینل یو ٹیوبس پیٹھ ساروے کھتہ زیاد اشتہار کرنہ آمتہِ چینل۔
8451,یہِ چُھ ہُند مقصد سیل یا ارجن ہُند مُمکن دوبار نوکری ہُند نتیج بنان۔
8452,تٔمۍ کٔر ہانوئی جنرل یونیورسٹی منز ویتنامسچ تعلیٖم کرنہ منز ز ؤری ۔
8453,مُمکِل غر غر غر غر غر غر غر غر غر غر غر غر غر غر غر غر غر غر غر
8454,2008 سمر اولمپکس ہندِس ستہِ رلوِس ستہِ واریاہ دورہ پتہ، تائیوان تہ چینن کور پننہِ سیسی پوزیشنس پیٹھ
8455,ہندوستانس منز ستۍ صنعتتی پیداوارُک ریاستچ حصہ 1980 1981 منز 9.8، ییمہ 1997 پیٹھہ 1998 ہس تام 5 % تام کم گژھان۔
8456,دشونی طرفہ چھِ شٹلِ ہندِ اہم جسمہ خطر اہم شٹلِ ستہِ انٹروکل۔
8457,ویروا واپس گژھان، تہ جایی چھ پننہِ رتہِ منز مران۔
8458,تاہم، آرڈرچ خرس منز، تہہ ہیکہِ مینیل رسیپٹ انٹرویو پٹھ گژھنچ ضرورت۔
8459,اکھ اکھ اکھ اکھ اکھ اکھ اکھ اکھ اکھ اکھ اکھ اکھ اکھ اکھ اکھ اکھ اکھ اکھ اکھ اکھ اکھ اکھ اکھ اکھ اکھ اکھ اکھ اکھ اکھ اکھ اکھ ا
8460,امہ پتہ کٔر ریاستی حکوٗمتن ملکیت کہ مسلہ پیٹھ آروروری بیسن ہندِ مقمی کمیونٹی خلاف اکھ مقدمہ۔
8461,کانگریسَن زیوُن اکھ زیاد زیاد ترو ، ییمہِ منز 533 منز 415 سیٹ حصِل کٔرِتھ ، یُس آزاد ہندوستان کِس لوک سبھا انتخاب
8462,یہِ گوو ییلہِ مندرچ وائل ز مندرَس منز پھٹان (متی 27:51)۔
8463,یہ چھ واریاہ رفتارس پیٹھ تہِ ولِتھ ۔
8464,"جینا ہای ٹو ٹو ٹو ٹوک ڈیل سنز متنازعہ موضوعہ، یتھ منز ""موہ میین لی"" ہندِ بتھ ستہِ تھاونہ آمت، کور شیو"
8465,ڈمفریس اوس سابقہ ڈمفریشیر کاؤنٹی ہُند کاؤنٹی قصبہ۔
8466,جاپان بین الاقومی تعاون ایجنسی چھُ سینٹر اینڈ سٹیٹ کین شاخن خطر طویل مدتی قرض ہُند منظوری دِنہ یِوان کرنہ یِوان، ییمہِ تِ
8467,اَتھ وسیع پیمانس منز اَتھ اَتھ اَتھ اَتھ اَتھ اَتھ اَتھ اَتھ اَتھ اَتھ اَتھ اَتھ اَتھ
8468,مہابھراتاہس منز کٔر کیمیکا ہند شیطان فوج پانڈواسس ستۍ جنگس منز لڑان۔
8469,کارپوریشنس منز چھ پوروریمس منز 15 بس سٹینڈ، 4 ڈپوت، اکھ سینٹرل ورکورِم، تہ پوروریمس منز اکھ ہایڈ آفیس۔
8470,کینژن معاملاتن منز چھ بٔڑِس رٹِس منز جری ہُند جری ہُند دور کرنہ ضروری۔
8471,کُٹُوُن اوس تمِس جنگس منز اِڈمبل، والایور سندِس جنگس منز شکست دِتھ۔
8472,دِلہِ ہِندِ آبدی ہُند سطح چھُ کم گژھان تہ امِچ آبدی ہُند ضِلُلچ اضافہ گژھان، لہذا ساکن چھُ اکثر آبدی ہُ
8473,کُنہِ کُنہِ کُنہِ چھِ دہہ لبنہ منز لبنہ یِنہِ تہِ باقے ذٔریعہ ہِندِ لبنہ ستہِ
8474,سُہ اوس جولائی 1986 پٹھ مارچ 1988 تام 36 ہِمُک وزیر اعظم۔
8475,سُہ بنیو حملہ آور قومی رہنما رہنماو ستۍ شمل یم ہندوستنہِ خطر ہوم راول مانان چھ۔
8476,فلمہ ہندِ تریخ دان انجا وایبر چھِ 1941 کِس فلمہِ سِکندرَس منز جدید تہ وسیع پیمانس منز ہندوستنہِ افسانہ ہنز بنا
8477,یِتھہِ رویتی موسیقی، اہم ہندوستنۍ موسیقی ہندِس اہم ذِکِرِتھ یِتھ کٔنۍ ہندوستنۍ کلاسیکی موسیقی تہ رقصس ستہِ، رابندر
8478,ہڈ کرش برونہہ فائلہ بچاون کرن چھٗ اہم ۔
8479,کرنہ خطر چھِ ملِس محفوظ، تہ چیس چھِ یہِ پکان۔
8480,نٔوِہ خاندر کرنہ آمتہِ زنانہ چھِ پانژھِہ سنگھٹ یا لکٹہِ کلای پوٹس پیش کران یتھ منز تِمَن پیٹھ دی
8481,2016 ہس منز، تم چھ سِلور سپورٹسک کمزور رپورٹ کران۔
8482,ہیکہ ہکہِ ہندِس رِیاہ ہِڈریشن حل ہکہِ ہندِس منز تہِ بناونہ یِتھ ۔
8483,حالانکہ یہ صرف نوو ریکارڈنگ خطر لاگو کرنہ خطر تھاونہ، خدمت کرن ولۍ سپوزن خوف ز یہ ایکٹ تہِ تمن تمن پیٹھ واپس عمل کرنہ
8484,یہ چھ ایسن ڈپٹیمنٹ کس پیکارڈِی علاقس منز۔
8485,ڈیٹھو، آرکنساس ڈیٹھو چھ امریکی ریاست آرکنساسس منز اکھ قصبہ۔
8486,نہرون کور دن ہندوستنہِ کمیونٹین درمیان ربطہ کرنس منز خوش آمدید تہ حوصلہ۔
8487,نایانا چھٗ اکھ نہ یُس ریٹ 'نی' ہُند مطلب 'ستہِ قیادت کرن' پیٹھہ بناونہ آمُت چھٗ ۔
8488,سُہ گوو نیو ساؤتھ ویلز کس ڈورریگو کِس لکٹِس قصبس منز بڑوُن۔
8489,18 مہ صدی منز وچھِ نوو متحد برطانیہ دنیاہ ہندِس غالب سیٹھاہ طاقت بننہ یوان، ییلہِ فرانس سلطنتتی مرحلس پیٹھ پننہِ اہم ریل بن
8490,پروگراجنس چھ اکھ فٹ بال کلب یس یوٗروگوے منز کھیوان چھ۔
8491,کُنہِ کُنہِ کُنہِ چھِ فاریہ یُس اکھ قسم مٗلک ماننہ یوان ۔
8492,فیبولرس پیٹھ چھٗ اِستِفییُک کارٹر بناونہ یِمِہ امکان چھِ رن۔
8493,ڈپٹیمنٹس ستۍ سنز سندۍ پٹھۍ نوکری سہِ واشنگٹن، ڈی سی تہ جیکٹرا۔
8494,دلاوانور ستھروملزوارم پلوا راکککٹ مندر چھ تامل ناڈو منز گنگے تہ منڈاگاپٹو درمیان واقع۔
8495,"ہندوستانس منز تہ باقی جایہ منز آو سُہ اکثر ساردارن ونان، ییمہِ مطلب چھُ ہندی، اُردو تہ فارسی زبانَس منز ""چیو""۔"
8496,تہہہ نہ سہِ نہ یِہ چیز ییمۍ پٔتمِس ترے لٹہ یژھان تہ تہہ چھِہ گڈہِ بتھ ۔
8497,تمو کور ڈیجیٹل زمینہ سی ٹیلی ویژن خطر آنالو ٹیلی ویژن خطر پرنہ این ٹی ایس سی معیار جایہ۔
8498,آیہڈ نانوس منز چھ اکھ ویڈیو کیمر شمل یس ویڈیو رٹنہ خطر استعمال کٔرتھ۔
8499,اگرچہ ٹایفائیڈ خطر ویکسنسنگ پروگرام چھِ مؤثر گژھان، مگر تِم ہیکہِ ہیکہِ ٹایفائیڈ فیور ہیکو نہ ختم کرنہ۔
8500,پتہ کور تٔمۍ اینجلا ایگل تہ اوون سمیٹسس خلاف دویمہِ قیادتچ مُقابلہ۔
8501,اکھ سند ییمۍ بادشاہس منز گژھان کور مشور ز تمہِ سندِ نیچِس نیچِس رٹا سپٹمی پوجا پننہِ پٔتم گ
8502,"واریاہ گِیُن ؤرِہ ہندِس سِرِیٹ ایجنٹ تھیمہِ ""فور تُہرِوِوِوِوِوِوِوِوِوِوِوِ"
8503,یہِ چھُ تامل ناڈو، ہندوستان کِس سیواگنگا ضلعہ ٹروپتھُر تالکَس منز پلیارپٹی گامَس منز واقع۔
8504,زبوُک تامل ناڈو نسل چھُ ہندوستانس خطر منفرد تہ ہولسٹائن گاڑِ ہندِ یورپی کِس قسمس مُقابلہ چھُ ہُند واریاہ مز۔
8505,رفیری چھ صرف میچچ خری علامت دِوان۔
8506,بدلہ، توہہ ہیکو فاکس گروپ یا اجلاسس منز ماڈل چلوِتھ ییمہِ نہ بہ چلاوان یا نہ گژھان چھے۔
8507,26 فروری 2019 ہس منز آو تھیوڈورکس دلچ مسلہ کِنہِ وجہ ستہِ ہسپتالس منز دِنہ۔
8508,افسانہ چھ اکھ اکھ منصوبہ بناوان ییمہ سُہ نہ پننہ گول حصل کرنہ کران۔
8509,یِم قسمن ہائی وے منز چھِ ژور لاین یا زیاد۔
8510,ہیررو چھ نامیبین سکولن تہ یونیورسٹی آف نامیبیا منز قیم کرنہ یوان۔
8511,ٹیمہِ ہندِ اکھ کھلڑِ ہیکہِ کمانڈر یُس پننہِ ٹیمس پیٹھ ہدایت کران چھُ۔
8512,گیسویل: گیسویل چھ سوئٹزرلینڈس منز اووالڈن کینٹنس منز اکھ بلدیہ۔
8513,یہ چھ پنکیک، یِتھ تہ زیاد کم کران۔
8514,سٹروینسی آو 28 اپریل 1772 کوپنگ کِس دروازن نیبر قتل کرنہ ۔
8515,رقص کار سنزِ پیشہ ور چھِ ٹیکا ستہِ مُتعارف کرنہ یِوان تہ یہِ چھِ مختلف جواہِ ہندِ ٹکٹہِ ستہِ مُت
8516,یِم فیزیولوجی اصلاحی طریقہ، یِم قدرتی طور آہِ رفتارس پیٹھ گژھان چھ، چھِ علاج کِس کِس شکلس ستۍ یا نہ گژھان۔
8517,صاف پٹھۍ قبل کرنہ آمتہِ کارپوریشنن چھٗ عومی طور تجارت کرنہ آمتہِ کارپوریشنن پیٹھ کینہہ مز۔
8518,سکیم چھ اکھ فلیڈگلنگ گیمنگ انڈسٹری منز مزید سرمایہ کری کران یتھ منز کاسینو تہ آن لائن گیمنگ دشونی فروغ دِوان چھ۔
8519,سُہ چھُ پننہِ شُرِیت ہُندِس تُلِس گلیلیو گلیلیی ہُند پٹروُٹ پٹھۍ یاد یِوان۔
8520,کانگریس چھٗ 1996 تہ 2009 ہس درمیان منعقد گژھنہ عام انتخابن منز پننہ ووٹ حصہ تقریباً 20 فیصد کھوم ۔
8521,فرانس تہ برطانیہس درمیان آیہِ بین الاقومی منز باقاعدگی سان منعقد کرنہ۔
8522,یہ اوس 1857 ہس منز ہندوستنۍ بغاوتس دوران تنازعہ ہند مقام ییتہ برطانوی فوجچ 4 فوجی ویکٹوریکٹرا کراسز اعزاز دِنہ آمُت۔
8523,سُہ چھُ زیاد تر برازیلین قومی ٹیمس ستۍ پننہِ کامیابیہ باپت یاد کرنہ یِوان۔
8524,مینز ساتھی ہند استیمی تہ غیاب چھ مے ذہنی ہنز حسس منز رکاونہ ییلہ مے تنظیمس منز آر آر ہ ہ ہِڈ ڈیو
8525,مییروتس منز بغاوت ہند گڈنِک بڑِہِ پتہ دن ریتہ پتہ، دن فوجن کرنالس نزدیٖک ملاقات۔
8526,وقتہ ہندِس برنہہِ خطر چُھ بچو ییلہِ سٹرائبر ڈرائیورن ستہِ پوٗر چُھ۔
8527,چہِ فیس آف ڈوٹ چھِ سینٹر لاینس پیٹھ علامتہ آمُت۔
8528,گڈنِکِس ز سہِ بودھِست جَت، تہ خری ز سہِ ہیندِ جَت۔
8529,انگریزی چُھ مختلف قومی تہ آبدی گروپن منز اکھ عام زبان پٹھۍ بولنہ یوان۔
8530,ایچ آئی وی / ایڈیس چھ بنیدی طور غیر محفوظ جنسی تعلقاتہ ستۍ منتقل کرنہ یوان۔
8531,بریگ ہنز ثروت چھ سیمپلون پاس ستۍ ۔
8532,یہِ چھِ تاز سمندرکہِ آبہ ہُند تبادلہ کم کرنہ تہ یہِ بنوِو لگوونہ تہ پریشان۔
8533,پرنسہِ آٹیکس پیٹھہِ ہُند آواز چھُ تُہۍ سندِس سندس سندس سندس سندس سن
8534,حقیقت یہ چھِ تہندِ خاندرچ تاریخ چھِ چھِ شن دہن تام مقرر کرنہ آمُت۔
8535,گڈنِچنچ دہ آو 1 جولایی منز جشن منز۔
8536,تمو روو نایا ڈور کورٹ کیس تام سات ؤریہ تام ربطس منز، ییمہ دوران کمارن کور مدھوبال تہ أمہِ سندِس ملِس خلاف گوا
8537,یہِ چھُ امریکی کارٹون نیٹ ورکُک لٹینی ورژن ۔
8538,مولنکاداکمس منز اکھ مستحکم یادگار بناونہ خطر چھُ کوشش کرنہ یِوان ییتہِ سُہ آو کرمژ، تہ تہِ پننہِ گھرس نزدیٖ
8539,س چھ پی آیی پی پی پیہ پٹھ زِ ویز چھُ اکھ مسلمان۔
8540,جدید زمانہس منز استعمال کرنہ آمتہِ عنوانس پیٹھ چھِ واریاہ تبدیلی۔
8541,گونڈو، اکھ واریاہ نایاب یوسہ ناسس پٹھ خراب گژھان۔
8542,بلو ٹورچنگ چھ اکھ بیٹھۍ ہند اِتھہ اثر یُس ستۍ ستۍ ستۍ ستۍ ستۍ ستۍ اثر چھُ۔
8543,روز موُد 6 نومبر 2021 ہس منز 92 وُہُر انگلینڈس منز۔
8544,اریہ سماج سکوٗل تہ مندر چھ تقریبا تمام بٔڑۍ شہرس منز تہ ملی علاقن منز لبنہ یوان، خاص طور شمال ہندوستانس منز۔
8545,بلغاریہ ویکیپیڈیا آو 6 دسمبر 2003 بناونہ ۔
8546,پتہ سُہ کٔر جسمہ ژھلان تہ تِم سوامپس نزدیٖک دفن۔
8547,مغربی نیل وائرس انفیکشن ہُند تشخیص چھُ عام طور خون سرم یا سیریبر سپینل فلائڈ (سی سی ایف) ہُند سیرولوجک ٹیسٹ ستہِ مکمل کرنہ یِوان،
8548,مہام، یتھ مہام تہِ ژھنہ آمت چھ، چھ ہندوستنہِ ریاست ہریانا کِس روہٹک ضلعس منز اکھ لکٹ شہر۔
8549,مرکزی امریکہ ہند زیاد تر چھ کیریبین پلیٹ پیٹھ روزان۔
8550,سیدھارتھ روئی کاپُر تہ بیجو نامبیارن ہندِ پروڈیوسر کرنہ آمتہِ، یہ فلم چھُ یو ٹی وی سٹپ بائی ہندِ خری پرو
8551,پوٗر دہ پتہ ہیکہ گاڑِ ڈرائیونگ تہِ خطرناک ستھ۔
8552,اداکار جان ابراہیمس ستہِ اعلی درجتی ربطہ پتہ کور باسون 2016 ہس منز اداکار کران سنگھ گروورس ستہِ خاندر۔
8553,فلمہِ کٔر باکس آفسس منز اچھی پٹھۍ کم کرنہ ناکام ۔
8554,شیطان آیہِ دویمہِ راتہ ہُند گیمس منز یُس مشرقی کانفرنسس منز بِفالو سبرسس پیٹھ پانژ پوائنٹ ستہِ پیٹھہ پٹھہ
8555,والنوٹ چھ امریکہ کس آیوواہس منز اکھ شہر۔
8556,پرتھ ٹیمس منز چھُ زیاد تر 11 کھلڑین (مبدلہ ہندِس حصس منز شمل)، یِمَن منز اکھ گول کیپر گژھِ ۔
8557,س س 2013 ہس منز نیپالس نِمژ کرنہ آمژ یُس فیلیپینس منز منعقد کورمُت اوس۔
8558,ریاست چھ راجیا سبھا ہس منز اکھ نمدۍ سوزان۔
8559,تِم چھِ ونہِ وچھان زِ تِم چھِ صرف یہِ سوچان زِ تِم چھِ وچھان زِ تِم چھِ وچھان زِ تِم چھِ وچھان زِ تِ
8560,ایڈی پتہ چھِ نکی سنز حقیقی شناخت وچھان تہ س اوس آونی تہ رامن سنزِ خاندر پتہ ایڈی تہِ وچھان۔
8561,مے چھ خوش محسوس کران ییلہ بہ بہ بہ بہ بہ بہ بہ بہ بہ بہ بہ بہ بہ بہ بہ بہ بہ بہ بہ بہ بہ بہ بہ بہ بہ بہ
8562,یو پی ایف سی چھِ صوتی ٹریک ریکارڈَس ستۍ موجود یونٹ تہِ اکہِ ونڈو سِکیمس تحت نوِ یونٹَن خطر کام کرنُک پٹھ پٹھ فراہم کران
8563,سمندر یس چھ عام طور آرٹیکٹک کھتہ زیاد علاقہ اینٹارٹکٹک نزدیک۔
8564,شاہن دِیوُت تٔمِس مرزا راجہ ہُند ناو، تہ تٔمِس 100،000 روپیہ ہُند رقم۔
8565,تاہم، سکرپٹ لکھنہ پتہ کور رحمانن سکور کرنس متعارف۔
8566,کولمبیاہَن کور 1970 تہ 1980 کس دہلس منز کامیاب گژھنہ ورے پروجیکٹ دوبار كرِتھ کوٗشِش ۔
8567,تٔمۍ کٔر پننہِ کیریئرس دوران تقریباً 7،000 بتھ ریکارڈ، یتھ منز کینہہ زبان تہ بولن ہندۍ کٔرمژ کٔرمژ کٔرم
8568,یہِ کھیل گوو 30 جولایی 2016 لندن کِس پالس تھیٹرس منز سرکرِی کھولنہ۔
8569,تاہم، کا ایف ڈی نہ صرف ملی مرکز۔
8570,کھلڑِ رولک نتیجس پیٹھ بٹ بناوان۔
8571,اگست 2016 تام سہِ 50 کھتہ زیاد مُلکن زِکا وائرسُک فعال نقل و حمل۔
8572,ہندوستنہِ مانان چھُ زِ اسورا بھگوان چھُ یِم دیوا تہ دیواہن منز پننہِ بیان کران۔
8573,طویل جدایی پتہ کور تِم 2011 ہس منز طلاق۔ تمہِ سندِس سندِس بندِ نیچ شروٗعن کٔرِ فلم کالیانمَس
8574,ملی منصوبہ بنوِتھ خطر، تیلہِ گڈنِچ ضرورت چھِ تہہِ واضح تصویر یتھ منز تہہِ ملیچ ملیچ پٹھۍ
8575,امہِ پیٹھہ، یودیو سندِس سندِس سندِس بُلکَس منز، ییمہ سُہ کنہہہ کم ختم کرنہ
8576,تِمَن منز چھِ مخصوص اجزایہ، یِمِہِ ترکیبَن منز مختلف اقمیات (108 کھتہ زیاد) بتھِتھ ہیکِو، ییمہِ س
8577,تٔمۍ کٔر شکاگو بلیک ہاک ایلومنی ایسوسی ایشن کہ ناو تہ کم۔
8578,پروگرام چھ ذہنی بیمارن ہند احاطہ کران یتھ منز چھ سکیزوفرینیا، افسردگی، بیپولر پریشانی، تہ اتھہ شمل۔
8579,ایمرجنسی کنٹرایسیشن ہیکہ جنسی طور منتقل گژھنہ بیمارن ہند خلاف بچاو کرُن۔
8580,ایپٹو زاو 15 دسمبر 1997 لاس بینوس، کیلیفورنیاہس منز۔
8581,تٔمۍ کٔر جوڈھ پوُر پارک گیلرز ہائی سکولس منز پنن ہائی ہایر سیکنڈری ایڈوکشن مکمل۔
8582,کھین تہ غر کھین چیزن ہندس بیگس منز نہ ڈالنہ خطر محتاط ۔
8583,مغربی بنگال ہُند مِل بنو مشرقی بنگالس پیٹھ خام موادن ہندِ خطر کم وابستہ۔
8584,سیمن ونان اکھ دہشت گرد چھ جان میککلین مارنہ خطر گژھان۔
8585,س چُھ تِمَن ہُندِس اطلاع دِنہ خطر پننہِ گمَس منز واپس فرار کران زِ اکھ غر ولِس چُھ ۔
8586,مے چھس پریشان زِ تِہِہِ ہیکہِ تہِ مُقابلہ كِنہِ ہندِس خطر پد خطر وسیع پیمانس ۔
8587,10 دسمبر کور تٔمۍ سنز قبرستان ہند خدمت لندن کِس أکِس لکٹِس چپلَس منز منعقد کرنہ، ییمہِ پتہ تمہِ س
8588,ورما کور یورک یونیورسٹی ہند شُلِچ سکوُل آف بزنس پیٹھ فارغ تہ میڈیا انڈسٹری منز داخل گژھنہ برونہہ پروکٹر اینڈ گیمبل تہ باقی 500 ف
8589,یہِ زاننہِ زِ سالانہ رقم ہُند خریدری منز چھِ عام طور اکھ بٔڑِس برونہہہِ قیمت شمل۔
8590,اراز بوداگوُو زاو 7 دسمبر 1938 اگدمس منز۔
8591,ییلہ زخم گژھان چھ وچھان ڈاکٹر ہیکو یہِ ونان زِ یہِ چھِ یوان۔
8592,یہِ اوس پروگرامس منز اکھ مضبوط سیٹ بیک بنان۔
8593,پتہ چھ شاخ گمژ تہ زمین کِس مرکزس منز بٔڑِتھ یُس گڈنہِ ستہِ پٹھہِ پٹھہِ تہ پھولن ستہِ
8594,پراگس منز چھ مرکزی بوہمیان علاقہ ہندِ انتظامی ادار تہِ ۔
8595,گڈنِچ نصفچ آغازس ستۍ برابر نہ، دویمہِ شُروٗعات کوئنز لینڈس ستۍ پیش کرنہ ستۍ شروع۔
8596,"سوشل سرگرمی گورو گُلٹیَن کور نیشنل کمیشن فار زنانَس منز تہِ فِلمہِ ""ملِس زنانَس خطر الگ لفظہ"" مُتثِر کران ییمہِ"
8597,ٹونی کلیف ناو اکھ سوچدار اوس یِم خیالاتن ہند ساروے کھتہ بوڑ حامی منز اکھ۔
8598,واریاہ بتہ س ٹیلی ویژن شو ستۍ حوصلہ آمتہِ ۔
8599,مننڈر سندِ مرنہ پتہ آو ہندوستانس منز نوو سلطنت تہ جمہوریہ ہندِ ظہرہ ستہِ تٔمۍ سنز سلطنت واریاہ
8600,پتہ آو سُہ پننہِ لگَس پیٹھ ٹونڈی ڈوگ ستۍ وِزِتھ شُرِ ۔
8601,سمیئر چھ پننہِ بہنہِ اطلاع دِوان یُس سمیئرس بچاونہ خطر پننہِ دوستہ سوزان چھُ ۔
8602,باقی ز س آسٹریلیاہ کین باقی حصن پیٹھہ سڈنی منز دور کران۔
8603,افریقی فولکلورس منز چھِ مُتثر ہایانا گژھنہ آمتہِ گژھنہ تہ مُتثر گژھنہ آمتہِ جانورن ہُند وضاحت کر
8604,یہِ رسم چھِ روحن پننہِ پیشکشَن ستہِ رضامندی ہُند درخواست ستہِ ختم گژھان، تہ یہِ یقینی بنو زِ اگلی کوشش بہتر س۔
8605,ییلہ صرف متغیر رفتار ہُند حد استعمال کرنہ یِوان چھِ، اتھ چُھ کنٹرول کرنہ آمت موٹر وے ونان۔
8606,مُشترکہ فید چھُ اصلی اہم پٹھ محاسِظ کرنہ آمتہِ فید یِم پٹھ محاسِظ کرنہ آمتہِ رتہ آمتہِ ر
8607,امریکی تہ برطانوی قبلتہ ستۍ آو جلدے امریکی قبلتہ ستۍ قبل کرنہ۔
8608,س گڈنہ پتہ ہیموریج ستہِ موُد، ییمہِ ستہِ ترین گھنٹن ہندِ سخت کم پتہ واریاہ خون ہُند ضرو
8609,یہِ چھُ گڈنِچ مطلب زِ کارندن ہِندِ جایہِ منز سہِ موقتہ وقف۔
8610,یِمَن ہُند رد کرنہ آمُت، یِمَن ولہِ ججَرَن زِ تِم چھِ یِہِ ستہِ كفی علم ۔
8611,یہِ ایکسپریس وے چھُ مُلکُک ساروے کھتہ بوڑ گرین فیلڈ ایکسپریس وے یُس لیکنوو تہ اگرا درمیان سفرچ وقت 6 گھنٹہ پیٹھ 3.5 گھنٹہ
8612,آکنانورو تہ پرانانورو چھ سانگمس دورس منز سپیر، شمری، شیلڈ، بوس تہ سلمبم استعمالک وضاحت کران۔
8613,لیسٹنگ ورے کھتہ زیاد کھتہ زیاد کھتہ زیاد کھتہ زیاد کھتہ زیاد کھتہ زیاد کھتہ زیاد کھتہ زیاد کھ
8614,اِتھِ کِس مُختِلف پِنچمنَس چھُ عظیم دیوی مہدیوی ستہِ شناخت کران، تہ یہِ چھُ وشنو دیویَس منز چھُ تمام طاقتہ تہ چھ
8615,گڈنِچ گیمس منز سرور یا رسیویر بننہ خطر انتخاب تہ ختمچ انتخاب چھ گرم اپ شروع گژھنہ برونہہ سنز سٹاس ستہِ فیصلہ
8616,تمہِ سنزِ بہ سوزن برگمن گُزریو جنوری 2006 ہس منز 48 وُہِ ونہِ ونسہِ ۔
8617,کینیڈین پریریز کینیڈین پریریز چھ کینیڈینک اکھ علاقہ۔
8618,ز ڈاکٹرن چھُ ونان زِ یہِ چھُ اکھ اکھ اکھ اکھ اکھ اکھ اکھ اکھ اکھ اکھ اکھ اکھ اکھ اکھ اکھ اکھ اکھ اکھ اکھ اکھ اکھ اکھ اکھ اکھ ا
8619,ہابو ایف چھ ہابو، سویڈنہس منز اکھ سپورٹس کلب۔
8620,مے اوس بینک کم کاربر سندِس ستہِ ستہِ ستہِ واریاہ کم محسوس کران ییلہ مے سندِس عجبس پیٹھ
8621,تٔمۍ کٔر سلیور ٹینکا تہ کپر جٹل - سلطنت دورچ ز بنیدی سکن، یتھ منز 175 گرین ہند معیمی وزن تھاوان۔
8622,تاہم، گرینن کور پنن نامزدگی 5 میی 2017 ہس منز رد۔
8623,یہِ چھِ ہار فلمہِ، ویڈیو گیمہِ، کمیک تہ موسیقی ہِندِس پٹھۍ وُچھنہ یوان۔
8624,یہ تقریب چُھ عام طور ماجہ، ماجہ، بہن تہ بہن، یا بیندِس باقی سرپرستن ہُند شرکت ہُند ضروُرت۔
8625,"یہ چھ پور 150,000 لکٹ ؤرۍ، یس شیرین ہندس ستۍ تھوٹہ بڑ چھے۔"
8626,آگوست کِس خرس تام شُمال ہندوستان پیٹھ نیبرن ہُند اَغرِ ہُند اَغرِ ہُند اَغرِ ہُند اَ
8627,ییلہ یِم ملِو دِیوتھ چھِ یِنہ یِوان، تہوار چُھ دہ یِنہ یِنہ یِنہ یِنہ یِنہ ی
8628,یہِ چھُ مختلف فرض زِ کتھ کٔنۍ کرٹن بننہ آمُت۔
8629,حکوٗمت کن شعبن، یتھہ ذتی شعبن، کمپنین، بینک تہ سکولن چھِ، چلڑن تہ سرگرمین منز حصہ کٔرتھ نیمی ذمہ دِنہ س
8630,سُہ آو خیرکار خطر پونسہ خطر کانسٹر دِنہ خطر دِنہ ۔
8631,تاہم، اگر تہہ تہ تہہِ ساتھی دشونی واریاہ پونسہ کم کران، توہہِ تہِ کنہہہ ہیکہِ تہہِ یِتھہ
8632,منندر I سُند دارالحکومت اوس پُنگابس منز ساگالہ (یہِ دہ سیلکوٹ) منز۔
8633,تمہِ سُند واپس فلم اوس ستار ستہِ مطالعہ آمتہِ تریٖخی ایپک کرانتی یُس ؤرِیُک ساروے کھتہ بوڑ ہٹ اوس۔
8634,انٹرایکشن چھ لفظ یم عام گرامر قونوٗنی مطابقت چھٗنہ یوان۔
8635,زراعت تہ اتحاد سرگرمی ہند شعبہ چھ ریاستچ آمدنی منز 13.2 فیصد حصہ حصہ دوان۔
8636,کینہہ گلو چھ موڈ خطر پوشنہ یوان تکیاز تم چھ اکھ اچھی نظر آسن۔
8637,تہہ پننہ رکن شِپ نمبر حصل کرنہ پتہ، پننہ کارڈ حصل کرنہ خطر کوسٹکو کِس مقامس منز گژھ۔
8638,عام طور چھ تمام ٹیکس واپس 15 اپریل تام دِنہ یوان۔
8639,ہم سہِ شُرِس پیٹھ ییلہِ تِہ أکس رازدار خریدار ستہِ مثبت ردعمل موُجوُد یُس سوشل میڈیا ہُند اثر انداز کران وچھِتھ۔
8640,ہیملٹونین سائیکل چھ اکھ ہیملٹونین سڑک، یسہِ سائیکل تہِ چھ۔
8641,بادشاہن کور ڈوککس سندِ پیک، مجموعی طور 12 ہِم۔
8642,یہ چھ مگھم سند رویتی طرزہ نش دور۔
8643,تقریباً اکھ ریت پتہ، 23 جولایی، تِمَو کور آگھدم پننہِ کنٹرولس تحت۔
8644,یِم بیمار ہیکہِ بیکٹیریا، وائرس، فنگیا، یا پیراٹیس ستہِ وجہہ ستھ۔
8645,ہندو 24 گھنٹہ ٹیلی ویژن نیوز چینل چھِ این ڈی ٹی وی انڈیا، ڈی ڈی نیوز، زی نیوز، اےج ٹیک، نیوز18 انڈیا، نیوز18 اُتر پردیش اُترکھکھکینڈ تہ ای بی پی نیوز۔
8646,سرکرِ کھیلَس منز چھِ ٹھۍ قونوُن یِم بینڈی ہندِ تمام سطحَن پیٹھ لاگو کرنہ خطر ڈیزائن کرنہ آمُت، حالانکہ
8647,1750 تام، ہندوستانن کٔر دنیاہ کنہِ صنعتی پیداوارچ تقریباً 25% پد ۔
8648,تامل لوٗکھ اوس پریشان زِ اکھ تریخی تہ غر رقصچ روایت چھٗ سمجی اصلاح ہندِ عفوہ ستۍ قسم کرنہ آمُت۔
8649,یہ چھ یہِ گڈنِچ لٹہِ مِلکِس پٹھۍ تہ یہِ گیسس منز تبدیل کرنہ ستۍ کران۔
8650,ڈریزل پھیرنچ حالات، یتھ سخت ریم ونان چھ، سہِ تراژدی ہند ساروی کھوتہ امکان وجہ۔
8651,یہِ چھُ کرِکیٹَس منز عالمی صورتحالس ستہِ متوازن، ییتہِ بین الاقومی کھیل چھِ تمام بٔڑِو کرِکیٹَن مُلکن منز گھریلو کھیلہ
8652,یہِ مندر اوس راج ساہل ورمن پننہِ کورِ چیمپوتھ سنز یادس منز بناونہ آمُت۔
8653,ذتی آمدنی ہُند اکھ عام پیمانس چھُ اوسط گھریلو آمدنی۔
8654,س چھِ ہندی، تامل، تیلگو، کینیڈا تہ مراٹھی فلمن منز وچھنہ آمت۔
8655,ہوورز مطبق چُھ نیٹ ورک پرٹزر خاندان ہندِ مالیت۔
8656,سُہ گُزِ لٹا منگیشکر، مننا دی، مہندر کپور، گیٹا دُت، محمد رافی، سُلکشنا پینڈِٹ، ایس جناکی تہِ ستہِ ڈیوٹ تہِ ۔
8657,لکٹن چرچس اوس سینٹ جان دی بپٹیسٹ چرچ ونان ۔
8658,سورینلی پٹھہِ اناییرنگل ڈیمُک واضح وضاحت چھُ ۔
8659,پالٹ یا نہ پٹھۍ چھِ کلِفٹ لیپ ستۍ ساروے کھتہ عام زایہری ہندِ زایہ ورنہ ہندِ غلطی قرار دِنہ
8660,فلمہ منز کٔر شبنام تہ ناڈیمن اہم کردار ادا۔
8661,ساروے کھتہ غر ولۍ قصہ منز چھ اکھ اداکار شمل یُس مروُم تہ انما ستۍ مٗتقابلہ کور۔
8662,تِم کٔر اکتوبرس منز البم مکمل، تہ مارچ 2008 ہس منز ریلیز کٔر۔
8663,ہندوستانس منز ساروے کھتہ وسیع پیمانس منز آب و ہوا ہند نظام اوس وسطی دورس منز سلطنت حکمرانن دخل کرنہ آمت۔
8664,ڈویل آو زمین تہ باقی مالیت بچاونہ یا قبضہ کرنہ خطر استعمال کرنہ ۔
8665,واریاہن علاقن منز چھ مختلف میکرو آب و ہواہ یوان، ییمہ ستۍ یہ دنیاہک ساروے کھتہ زیاد آب و ہواہ مختلف مُلکن منز اکھ چھ۔
8666,ییلہِ صدرس منز آو، سینس آو ہندِس کینسرس ستہِ تشخیص، تہ دِنہ زِ پانژھ ؤرِہِ ونسہِ روزنُ
8667,یہِ چھُ غر غر غر غر غر وُچھان زِ کینہہ انتقبی چھِ تامل ناڈو پیٹھ باجینیتی نتیجن ہُند تصدیق کران
8668,1950 تہ 1960 کس دہلس منز کٔر ہیلٹنن پنن کاروبار پوٗر دنیاہس منز بڑو۔
8669,ہپٹک واسکلر بیمار چھ سندرمس منز ٹرنر سندرمچ وسیع واسکلر تہ دلک اثراتک اکھ پہلو تہِ وچھان۔
8670,انسٹائن تہ تمہِ سندِس گروپن وون زِ ہیزنبرگ ہنزِ دوبار سوچناونہ یِن۔
8671,حکومت کمزور گژھان تہ لنینن کور مزید اختیار حصل کرنہ شروع۔
8672,ونسہِ چھِ زینن ولۍ واریاہ ٹراپیہ، کیش انعام، گریک مارک، تہ امہِ پٹھۍ۔
8673,ٹیمن کور میزبنی گڈنہ آمتہِ گیمن برونہہ جرمنی منز تقریباً اکھ ؤرۍ تربیت گٔیہ۔
8674,چیراناد تالک ہُند سڈکوارٹر اوس تیرنگدی ہُند قصبہ۔
8675,یہ چھ لیمپھٹک نظامچ واریاہ قسم کینسر منز اکھ۔
8676,کیرالہ روایہ ہند واریاہ فندۍ شکل یتھ کاتھکلی موسیقی، موہنیائیٹ، ایکسہاراسلوکام، تہ امہِ ستہِ چھِ گڈنِچ
8677,سمبھاجی سندِ سلطنتس منز آو زیاد تر مراٹھا سلطنت تہ مغل سلطنتس درمیان جنگن ہندِ ستہِ، تہ گوہہس منز سیدس، میسور تہ
8678,"چھِ ہنزِ بیمارچ تعداد ہیکہِ مِنزِ درجہ بندی کرنہ یِتھ: ""نہ سپایکس""۔"
8679,مقدس باقیات چھ مقدس ریلکس ونان تہ چھ عام طور چرچن منز استعمال کرنہ یوان۔
8680,کینہہ اوپسٹریو مزارع چھ آبنی بہاؤ ہند الزام دِنہ آمُت ییمہ ستہِ آبنی بہاؤ کم گژھان چھُ ۔
8681,پننہِ آمد پتہ وچھ تٔمۍ میسورین فوجس خراب تہ پٹھۍ پٹھۍ پٹھۍ پٹھۍ پٹھۍ۔
8682,سی پی آر چھ اکھ عام تکنیک یُس کُنسہِ اضفی حالتس منز سانس منز مدد کرنہ خطر استعمال کرنہ یوان چھُ۔
8683,زونز بٹن ٹاپ دری ہندس کونس منز ۔
8684,برکسویل، اوہیو برکسویل چھ امریکہ کس اوہیو ہس منز اکھ شہر۔
8685,ڈی ایس: تہ تہہ چھ یہ کتنیتی وقتس تہہ کران، الکس؟
8686,اکھ فصلہ ہیکہ بند کرنہ بناوِتھ تہ یہ واپس کرِتھ۔
8687,اکھ فوجی آو پٔتمہ اکتوبرس منز افغندی پولیس اہلکارن پٹ پٹ پٹرولس پیٹھ ہندِس نارنہ دِنہ پتہ مارنہ ۔
8688,دریاوچ بحالی کرنہ خطر چھِ کوشش کرنہ یوان ۔
8689,20ہِ صدی ہِس شروٗعاتس منز بنیو پروویڈنس ریاستُک وحدِ دارالحکومت۔
8690,مثالہ، توہہ ہیکہِ پونسہ یِتھ پونسہ كھوتھ كھہِ كھہِ كھہِ كھہِ كھہِ كھہِ كھہِ كھہ
8691,بییہِ دٔلیٖلہِ مُطبِق چھِ یہِ رات ییلہِ شیوا تہ پاروتی خاندر گژھان۔
8692,ہندوستانس منز چھ واریاہ سنگ تہِ شمل یم چھ شمِل یتھ کٔنۍ زوایسیٹ، اپوفیلیٹ، گوانسیٹ، مسکوویٹ میکا، امندین، تہِ چھِ۔
8693,سُہ آو جیرمس ستۍ آشیانز فلمہ منز تہِ وُچھنہ۔
8694,اُردو تہ امہِ سندِ بولنہ، دکھنی چِھ زیاد تر ریاستچ مسلمان آبدی ہندِ طرفہ بولنہ یوان۔
8695,1985 منز آو آئی اے اے ایف ڈیکٹلون سکورنگ ٹیبل تبدیل کرنہ۔
8696,ریاستچ جغرافیتی علاقہ منز زامژ، کم یا مطالعہ کرنہ آمژ قابل ذکر فنکارن منز چھ ہریوانش راے باچن، موٹیل نہرو، ہریش چنڈر
8697,تٔمۍ کٔر حالے RAI ٹی وی پیٹھ فیمگلیا منز اکھ پریمی ٹایم ایتالیی ٹیلی ویژن سیریز منز اکھ میڈیکو کم۔
8698,یہِ کلپَس منز وون موجھائیڈینَن تہِ کھینچ زہر کرنہ، ٹرک استعمال کرنہ یا کم از کم ٹرین ہُند دُبار کرنچ کوٗش
8699,یہ چھ اسلام کوٹ تہ ناگار پارکرس درمیان گوری گامس منز۔
8700,کینہہ ماہر چھُ مانان زِ پتہ مدرنزم چھُ ونہِ ختم گژھان، خاص طور ادبس منز۔
8701,بینکن چھ اکثر تہہ حوصلہ کرنہ خطر محدود وقتس تام انوٹوریٹری شرح پیش کران۔
8702,"مثالہ، فرض کٔرِو زِ تہہِ چھِو بچت کنہِ اکاؤنٹَس منز $10,000 سرمایہ کری کران یُس 2.5% منفی چھُ، یُس ریتھ من"
8703,ہاسن زیزیمی چھُ جالورس خلاف اکھ بے بے كھہ جج ہُند حوالہ دِوان، یُس ارام شاہس خلاف تمہِ سندِس فتح پتہ کُنہ
8704,اکھ متبادل نظریہ چھُ مشور زِ بیمارچ علامت ہیکہِ ہایڈروجن سولفائڈ سندِس رلنہِ سیلن پیٹھ ہایڈروجن سُلفیڈ سندِ
8705,سُہ اوس 1993 پٹھ 2001 تام امریکہچ 42 ونڈ صدر۔
8706,ییلہِ تانس بینڈش متن ہندِ سِلابَن ہندِ پٹھ گمژ چھِ یِم بولٹن ونان چھِ ۔
8707,حکوٗمت چھِ مٗتعلق کنہہہ معلومات جری کرنہ خطر احتیاط کران، تِکیازِ یہِ ہیکہِ تحقیق تہ سوزا سندِس زندگیس
8708,یہ چھ عظیم! مے چھ نہ پننہ کلاسس پیٹھ انتظار کرُن۔
8709,نِشاہن چھِ خر یہِ وضاحت کران زِ روشنی چھِ گڈس منز رٹھاونہ یِوان، تِکیازِ روشنی چھِ راز کمرس منز
8710,نوٹ زِ تمام الگوریتم ہیکہ تمام معاملاتن منز لاگو گژھِتھ ۔
8711,ڈی فرانکو گُزریو 91 وُہُر پناما سٹی ، فلوریڈاہس منز ۔
8712,ییلہ تہہ قرض یا کریڈٹ کارڈ استعمال کرنُک ضرورت چھِو، چھِ وقتہ۔
8713,تاہم، راجگوپلاچارین کور نہ انتخابن ہند مقابلہ، تہ پرکاسم آو منتخب کرنہ۔
8714,"متثر لوُکن ہُند تعداد اوس 100,000 یا 104،000 فی 211 ہس منز تخمینہ آمُت۔"
8715,رسٹینٹ راک سٹراٹا چھ پشوپٹینٹس مندرس منز شمل جاین منز بہاؤ منز وقف کران۔
8716,شکاگو چھ ونۍ ستمبر 2007 ہس منز بین الاقومی اولمپک کمیٹیس منز اکھ پیش کران، تہ میزبان شہر 2 اکتوبر 2009 ہس منز منتخب کرنہ یوان۔
8717,اگوری قلعہ اوس خایراوالا خاندان تہ چنڈل خاندان ہند رہائش گاہ ۔
8718,یہ بتہ گوو میناج سند دویم امریکی نمبر اکھ بننہ۔
8719,س چُھ ونان زِ سکیٖنگ چھُ تِہ آزادی تہ تیزی ہُند احساس دِوان۔
8720,2002 منز آو س یی وی سی اے زنان آف ایکیویمنٹ ایوارڈ ستۍ اعزاز دِنہ ۔
8721,مُغل شہزادہ محمد شاہ اوس موسیقی، شاعری تہ پینٹنگ ہُند بییہ اکھ بوڑ حامی، ییمۍ سُہ فارسی شہزادہ نیدر شاہن ہندِ ہندوستانس پیٹھ حملہ کر
8722,یہِ ٹیسٹَس منز چھِ سیرمَس مُختِلِف اینجین ستۍ سمونیلہ ہُند مُودِ بیکٹیریل ساسپینشن ستۍ مُختِلِ
8723,تقریبا پرتھ انیمہ ہندِ شخصیت ہکہِ ہیکہِ ژھنہِ یِتھ ۔
8724,ڈاکٹر، من تہ بھرتی چھ خاندانس ونان ز یہ اوس سمیر سند حقیقی رنگ ہند ہاونہ خطر اکھ عمل تہ ز گارگی چھ ونہ محفوظ۔
8725,"اے ٹی ایف مطبق کور ڈانگ وانگن گروپچ ""اکشن پلان"" کاغذس منز، لوسس منز حکوٗمت کن عمارتن ہند اکھ اکھ كھٹہ تہ حکوٗ"
8726,تاہم، فینازوپیریدین چھٗ نہ محفوظتی پریشانیہ کِنہِ وجہ ستہِ عام طور مشور کرنہ یوان۔
8727,ایچ ٹی ایم ایل 5 ویڈیو تہ آڈیو ٹیگَن ہُند سپورٹ تہِ اوس وعدہ آمُت۔
8728,مے چھ حیران کن ز کینہہ ایونٹ مینیجر چھ کم یا نہ منسوخ کرنہ تہ واپس کرنہ باپت پالیسیہ ستۍ مٗتعلق کٔرِتھ تہ دِ
8729,یہ ہیکہ اکھ خطر بنان تہ ہیکہ ہیکہ ہندس گژھانكہِ ٹریکٹِس زخم ہند وجہ ستہِ ہندِ جری ہندِتھ ۔
8730,ہندوستان کِس ثقافت، لوٗکھ تہ قبیلہ ہُند تنوع چھُ مُلکَس منز مختلف کھیلن ہندِس شعبس منز وضاحت کرنہ یِوان۔
8731,بیل گیتس، سٹیو بالمر تہ جو بیلفایورن کور یہ اعلان۔
8732,میس ٹانک پور ہازیر ہو (ترییی میس ٹانک پور، بییہ موجود) چھُ 2015 ہچ اکھ ہندوستنہ ہندی سیسی سیٹیر فلم یُس وِنود کپری ہ
8733,نیشنل ہائی وے 52 چُھ کوٹا ستۍ جِی پورس ربط کران تہ نیشنل ہائی وے 21 چُھ جِی پورس اگرا ستۍ ربط کران۔
8734,آو 1920 منز بییہ اکھ عمل کرنہ، مگر یہ کٔر ایرلینڈس بغاوتہ کِس وجہ ستۍ ناکام۔
8735,تشخیص چھ عام طور علامتن تہ خون ٹیسٹن پیٹھ مبنی۔
8736,بین الاقومی الگ گژھنک امکانس ستہِ روٗدِتھ، اوس ستہِ کمزور پاکستانن ہندِ معیشت مزید کمزور۔
8737,کینہہ ریوٹَن منز چھِ ریس یا باقی دشونی، بتھ تہ پَٹ شمل۔
8738,کیرالہ ہکہِ ساروے کھتہ اہم عیسیی پناہ گاہن ہندِ مرکز منز اکھ چھ یہ مقدس مُلکہ نہ صرف کیرالہ پٹھ بلکہ مُقبی ریاست
8739,تُہِہِ كِس ذمہنی ہُند حصہ چھُ اِندِ پٹھۍ اِندِس ریکارڈس پیٹھ عام طور اِندِس کمپنیس ستۍ ریکارڈ کرنہ
8740,سارناٹس منز سفر کرنہ دوران، گوتم بودھس کور گنگس پیٹھ گژھان۔
8741,ڈارڈک چھ اکھ جغرافیی اصطلاح، نہ اکھ قومی یا زبنی اکھ۔
8742,ہاسانیہ چھُ عرب زبانہ یُس پور مُلکَس منز وسیع پیمانس پٹھ بولنہ یوان چھُ۔
8743,شولی چھ ز کتاب تہ واریاہ مضامین ہند موضوع ۔
8744,کمپنی بنو ؤرین دوران واریاہ لکٹن ریل کمپنین ہند اکھ مرکب۔
8745,عراقیَن دہ ترین منٹَن پتہ حصِل ییلہِ میڈفیلڈر ناسات اکرمَن گول کٔر۔
8746,گورکا ہُند بادشاہن کٔر واریاہ سلطنت حصِل تہ 1768 منز نیپالس منز طاقت حصِل۔
8747,حالیہ ؤرین منز چھُ شُملی مغربی اکھ فوج بنومُت، ییمہِ 2005 پیٹھ 2009 تام قومی چیمپئن شپ زینان چھُ۔
8748,مغربی بنگال کس ریاستس منز چھ یہ دہ جھولان پورنیما تہ ونان۔
8749,مینیچٹی موُد 8 جولایی 2007 ہس منز 56 وُہُر ونسہِ منز رنگین ہندِ کینسر ستہِ ۔
8750,26 ہِک اِنڈکس منز چھُ کاروبارچ کارکردگی 25 ہِک قومی اوسط کھتہ زیاد۔
8751,یہِ حالت چھِ تمام جانورن تہ باقی زیاد تر جسمن خطر صحیح۔
8752,ڈونگال ڈونگال چھُ کاؤنٹی ڈونگال، ریپبلک آف ایرلینڈک اکھ قصبہ۔
8753,ویکٹوریہ ہچ سٹیٹ لائبریری چُھ سزا دیون ریل وے ہند اکھ ڈرائنگ ۔
8754,فیروز شاہ کوٹلا چھ فیروز شاہ کوٹلا کریکٹ سٹیڈیمس ستۍ باقی۔
8755,"اپوپلیسی، ییمہِ ہنز مطلب چھِ یونی لفظ ""عنف ستہِ تھووِتھ"" پیٹھ، گڈنِچ وضاحت کرنہ خطر ہپ"
8756,کینہہ زنانہ منز ہیکہ ہیمن جنسیہ پتہ تہِ ہیکہِ ہندِس تہِ تہِ تہِ تہِ تہِ تہِ تہِ ہندِس تہِ تہِ تہِ تہِ تہِ
8757,"کنجیکٹیوٹل بتھ چُھ ""فعال ٹریکوما"" ونان تہ یہ چھ عام طور شُرَن منز وچھان، خاص طور پٹھہِ شُرَن شُرَن منز و"
8758,ملیالم، ہندوستانس منز کلاسیکی زبانو منز اکھ، چھ کیرالہ ہُند سرکریی زبان۔
8759,تم چھ کینہہ بییہ جایہ گھر تلاش کرنہ خطر حوصلہ یوان۔
8760,شامز اود ڈین الٹمش اوس مملک بادشاہن ہند ترییم ییمۍ شمال ہندوستانس منز سابقہ گروڈ علاقہ حکوٗمت کٔر۔
8761,اوورسیس، ایم جی-او میے دیوتا! کٔر 10 دہن منز 2.5 ملین امریکی ڈالر بڑ۔
8762,گلوُگل یا ای بی ییلہِ تہِ وِزِ یہِ کنہِ کٔنہِ بییہِ کٔنہِ کٔنہِ کٔنہِ ۔
8763,اِیکون چھُ کمپیوٹرس پیٹھ واریاہن جایَن منز استعمال کرنہ یوان۔
8764,توہہ ہیکہ اکہ خاص چیزس متعلق زیاد زاننہ یا یہ فیصلہ کٔرتھ ز تہہ پتہ چھنہ اتھ ضرورت۔
8765,تمام وقتہ ساروے کھتہ بوڑ پرتھ ہیکہ مداگاسکر کِس پرتھ پرتھ ۔
8766,ییلہِ تٔمۍ سندۍ دوستن ایجنسی پیٹھ پننہِ نوِ محبت دلچسپی محسوس کران، تِم چھِ مِلَس منز نیینا سنزِ پِرس دِژم
8767,یہ چھ تصادفی طور پتہ رونہ آمتہِ ٹاسہ پیٹھہ بتھِتھ ٹاسہ نِش انفیکشن بچنہ خطر۔
8768,یہِ ہکہِ لودا ایئر ہُک پوٗر غر گژھنُک مطلب۔
8769,فلمہ منز چھ بارون سوبتی[2] تہ شیناز ٹریسوریوالا ہند کردار ادا کران۔
8770,یہ چھ جانورن ہندس ادویاتس منز قیم کرنہ یوان یتھ منز سارکوپٹک کھتہ شمل چھِ جگرن ہندِس لہرس منز علاج کر
8771,کونسلچ رکن چھ اونٹاریو کِس لیٹیننٹ گورنر نِنہ یوان۔
8772,ییلہ آرنولڈ 1473 منز مرنہ آمت، ڈوک چارلسن کور گیلڈرز پننہِ بورگونڈن نیڈر لینڈس منز شمل۔
8773,امیت ساہنی، ییمۍ ویر داسن ہند گِندنہ آمژ چھُ اکھ جوان تہ پرتھ سرمایہ کری بینکر، یُس پننہِ خوابن ہن
8774,پتہ کٔر تٔمۍ کٔرِینا کپور تہ وِیوِک اوبروی ستۍ ڈراماٹک ٹرلر کوربنس منز کم۔
8775,تہہِ چھِو تِمَن کٔنۍ ییلہِ تہہِ ژھنہِ گژھان چھِو؟
8776,یہِ دریاو چھُ بٔڑِ کولمبیا دریاوُک اکھ تِمتہِ ۔
8777,میدان پیٹھہِ گژھنہ ستہِ آگہ کٔر ڈویجن ہُند پیشگام متثر، یُس باقی ناوب سندِس فوجس پیٹھ الگ تھاونہ آمُت
8778,بدلہ پِپَت تھونکینیاَن کور دشونی گول، آٹھ منٹ الگ، یِتھ منٹچ دشونی تایلندَس ستہِ ستہِ تِہِ
8779,گریم چھ 2021 پیٹھ قانونس منز تہ کانگریس ایچیسرز خطر تعلیٖمک معاون سیکرٹری۔
8780,2-3 دسمبر 1984 ہس منز ہندوستانس منز گژھنہ آمت بھوپال فاجس پیٹھ مبنی، فلمہ ہند ستار سۍ مارٹن شین، میشا بارٹن، کال پین،
8781,اکھ چُھہِ پَلٹ چھِ گژھان ییلہِ پَلٹَس منز اکھ کھول چھِ ۔
8782,1918 منز بنیو سُہ مُمبیی کِس سیدنہام کالج آف کمرز اینڈ ایونیکس منز سیسی معیشتک پروفیسر۔
8783,"یِم آیہِ 1875 منز وارانسی منز شٹیرتھ پرکش (""حقیقت ہُند لکٹ"") ناو ستہِ شائع کرنہ۔"
8784,مثالہ چِھ آن لائن یا قانونی کتابن منز نوٹ ۔
8785,اکھ نمونہ ہند تشخیص کرنہ خطر کم از کم ترن ریتھ یہ کٔرِو۔
8786,1937 منز مرنہ نارایان سندِ مل تہ سُہ آو میسور کِس حکوٗمتس پیٹھ اکھ کمیشن قبول کرنہ خطر زور، تِکیازِ سُ
8787,کچپڈی کٔرِتھ بٔڑِس پیمانسس منز کرشنہِ ہُند وشنویس مُندِ روایت پٹھۍ تیار، تہ یہِ چھُ تھانجیوُورَس منز
8788,زِیوُن چِپو موکویناہس مطبق چھِ أمہِ سندِ سندِ بتھ محبت تہ ساتھی ہندِ متعلق۔
8789,و این این وی انفیکشنک عام نتیجہن منز چھِ لیمفوسائٹک پلیسیٹوسس، پروٹین سطحچ اضافہ، رِفیٖک گلوکوز تہ لیٹک ایسڈ سطحچ شمل، تہ
8790,اینڈیرٹ: اینڈیرٹ چھ اکھ انٹرنیٹ ریلی چیٹ نیٹ ورک یس 1992 منز بناونہ آمُت اوس۔
8791,تاہم، جاپانَس آو 0-9 سکوُک ستۍ امہِ میچَس منز شکست دِنہ ۔
8792,یہ خیال اوس شُرِ ہندِس ارکیسٹرس منز مختلف موسیقی ہندِ آلاتن منز شُرِ ہندِ تعارف کرنہ۔
8793,یِم 10 پیٹھ 15 فیصد یِم تہہ پٹھۍ پٹھۍ بچتہ خطر پننہِ پیِچک پٹھۍ لگان چھِ یِتھ اکاؤنٹَس منز گ
8794,مالواس آو جنوبی ہندوستنہِ راشٹراکوتا خاندان 8 مہِ صدی کِس خرس پیٹھ 10 مہِ صدی تام حکومت کرنہ۔
8795,مزید معلومات خطر مے مے انفرادی مصنوعات ہند صفحات وچھِو۔
8796,باقی ہندوستانس ستہِ موازنہ منز چھ کیرالہ نسبتاً کم سیکٹرینزمس تجربہ کران۔
8797,اگر تہہِ سوچوِو زِ تہہِ ہیکہِ 12 پیٹھ 18 ریتَن منز قرض ادا کٔرتھ، یہ ہیکہِ اکھ اکھ اکھ اکھ اکھ انتخاب۔
8798,اَلباماَس منز آو اکھ نوکری پاور پلانٹ بند کرنہ پتہ ییمہِ ترین یونٹَن ہُند بجلی کٔر، ییمہِ پٹھۍ سن
8799,مہوڈی جین مندر چھ گاندھی نگر ضلعہ، گجرات کِس منسا تالوکاہس منز مہوڈی قصبس منز واقع۔
8800,آل انڈیا کانگریس کمیٹیس منز، امیُک 705 ممبرن منز 446 ہندِس طرفہ گژھان۔
8801,کینہہ مثالہ منز چھ کوبی بیف، میٹساکا بیف، تہ اومی بیف شمل۔
8802,ڈوریودھنا تہ تمہِ سندِس نچوِ شاکونی کور بھیمس واریاہ وقتہ مارنُک کوٗشِش۔
8803,"تاہم، تٔمۍ کور یہِ تہِ وُچھان زِ دُت ""جسمہ بناونچ اکھ اکھ اِپِتھمچ نمائندگی کران تہ اگر مے سُہ سکرینس پیٹھ"
8804,سخت سوالہ پیٹھ چھِ سوماجولو مِکس اپُک دریافت کران تہ یہِ وچھان زِ پیکیج چُھ نیتن سندِ ڈاکٹر ستہِ گژھِتھ۔
8805,"1961 منز، اصلی پروجیکٹن کور مغربی ہندوستانس منز تقریبا 2 ملین ایکڑ (8,100 کلومیٹر) آب و آب ہند انداز 100 ملین ڈالر ہندس قیمتس پیٹھ۔"
8806,اوسمندن کٔر ڈارتموُٹس کالج تہ یونیورسٹی آف کیلیفورنیا، لاس اینجلسس منز مطالعہ۔
8807,ہِگوینن کٔر میسی سندِس مددہ ستۍ 8 ہِمِس منٹَس منز سکورچ آغاز۔
8808,2014 منز آو ہارٹ انٹرنیٹ ہال آف فیمس منز شمل کرنہ۔
8809,ییلہ یہ گڈنچہِ بنوو، یہ اوس شہر پیٹھہ اکھ لکٹہِ طریقہ۔
8810,مے گژھہ خوف گژھان ییلہ مے وچھ ز مینۍ اکاؤنٹ ہندِ توازن چھٗ اکاؤنٹ ہندِ خطر ضروٗرت کم۔
8811,1787 ہس منز، جودھ پوُر پٹھہِ وجی سنگھ سندِس اکھ سفیرن کور پننہِ موگھال شہزادہ شاہ الام دومس پیش کران، ییمہ
8812,لداخس منز کرکورم رینج چھنہ بلٹسٹنس منز تِہ طاقتور۔
8813,امیگریشن چُھ اکھ اکھ سمرل یتھ منز 60 ممبر قانون ساز امیگریشن ( ایم ایل اے) چُھ۔
8814,زیاد تر چھ ناس پیٹھ دوبار ختم گژھنہ تام، تہ مردن ہندۍ چھ طویل۔
8815,2016 ہس تام چھ ایس اے اے اے معیارچ پانژھ مُختٔلِف ترمیم۔
8816,1380 کِس دہلس تہ 1510 کِس شروٗعاتس درمیان کٔر واریاہ اسلام مشنر اسلام پٹھ پٹھۍ پٹھۍ پٹھۍ تہ لداخِی لوٗکھَن ہُند
8817,اکھ پیشورانہ لیگ، لیگ ڈی فٹ بال امریکی پیشورانہ (ایل ایف اے) آو 2016 منز قیم کرنہ۔
8818,فلمہ منز کور انتقبیو ہند طرفہ واریاہ کم جیز۔
8819,تروویٹامکوور یا ٹرونکوورک شہزادی ریاست چھ شدید مشہوریتس پیٹھ گژھان۔
8820,سیموکاہس ہیکہ نہ موجود ثبوتن پیٹھ مبنی یقینیات ستۍ تاریخہ یوان۔
8821,1980 کس دہلس منز، گڈنِک جینیٹل ہیرپس تہ پتہ ایڈیس آیہِ عومی ضمیرس منز جنسی طور منتقل گژھنہ آمتہِ بیمار پٹھۍ بتھ
8822,س گٔیہ 800 میٹر ریسس منز تہِ ریس تہ چھِ نیم فاینلس منز 6 متہِ ۔
8823,کینہہ ایس ٹی آیی ای، یتھ کٔنۍ ایچ آئی وی ہِو، ہیکہِ ماجہ پیٹھ یا حاملہ یا بہنہ دوران شُرِس منز منتقل کرنہ یِتھ ۔
8824,فریجن کیپ چھ سپیرس پیٹھ ۔
8825,ہڈ آفس چھ بوسٹن، میساچوسٹس منز واقع۔
8826,ڈیٹا حصل کرن ہیکہ مشکل ہوسکتا اگر سافٹ ویئر دری ور ورے گژھان۔
8827,1291 منز کٔر الودینن کیرا ملک چججو سندِ گورنر سندِ بغاوت کرنس منز اکھ اہم کردار ادا۔
8828,پریشان گژھان چھِ ویروا گببر سندِس دِنَس پیٹھ حملہ کران، پننہِ باقی مرد ماران، تہ گببر پکڑان۔
8829,سُہ چھ اکھ مذاق گُڑیا تہ چھُ پمپیر کورِن پیٹھ محبت کران۔
8830,سُہ چھِ الیگرھ مسلمان یونیورسٹی پٹھ تہِ ہندِس اعزاز دکترا حصل کرنہ آمُت۔
8831,ہارنگٹن چھُ امریکہ کس ڈیلاویئرس منز اکھ شہر۔
8832,ہیمبر پروفیشنل پارکہ چھ برطانوی کولمبیاہس منز اکھ پروفیشنل پارکہ۔
8833,سُہ چُھ امریکی اداکار رینس تہ جین ہاؤارڈَس منز زامُت دویمہِ نیچُن۔
8834,خری دہ چُھ رام ناوامی تہِ، رام سنز زایہ ۔
8835,تاہم، حملہ پتہ چھِ اے اے پی نیوز ایجنسی ونان زِ سُہ آو ہسپتالس منز گژھنہ برونہہ اکھ مزید شراب خطر واپس دِنہ یِم کرنہ
8836,یہ بتھ آو برطانیہس منز 15 فروری 2013 ریلیز کرنہ۔
8837,مگر یہ ہیکہ اکھ قسم کھلڑِ تہِ ہیکہِ ۔
8838,مُلکِس سطحس پیٹھ چھِ 2010 ہس تام ؤریٖنہ یِنہ یِنہ یِنہ یِنہ یِنہ یِنہ یِنہ یِنہ
8839,ڈرگواٹِی ہُند اکھ جوان بہ کمال دیوی آو موگھال ہرمس منز سوزنہ۔
8840,دیواپالہ پتہ کٔر پال سلطنت سیٹھاہ شروع۔
8841,ییلہ تہہِ تہہِ چھِو اچھی ریکارڈ برقرار کرنہ خطر تیار، پننہ صحت کی دیکھ بھال ہنز ضروٗرت برقرار، تہِ چھِو، تہ
8842,ییلہ تہہ سالانہ رقم نیرنہ برونہہ، سوچو ز تہہ کتنا ضرورت چھ۔
8843,مراٹھان کٔر 1737 ہس منز دِلہِ ہِندِ جنگ تہ بھوپال ہِندِ جنگ پتہ مالوا شمل کرنہ خطر پننہ علاقہ بڑم
8844,کنسٹیبل فٹزپٹرک اوس گریٹا ہس منز لکٹن پولیس سٹیشنن ہند ذمہ۔
8845,اگر تِم تہِ محبت کران، تِم تہہِ پننہِ فصلہ احترام کران۔
8846,پٹھہ چھِ سِریٖن بییہِ ، ییمہِ لیوانٹ میسوپوتھمیاہس پیٹھ الگ کران چھِ ۔
8847,ییلہِ انٹرویو کرنہ یِوان چُھ، کوڈ چھُ اکھ مطابقت پذیر فیدچ فعال کران۔
8848,ہم اوس واریاہ خوشی ییلہِ ہم کانارا بینکس منز اکھ بٔڑ کلکر حصل کٔرِتھ۔
8849,پولیس چھ مجرمانہ قانون خلاف ورزی کرنہ وچھان لوکن گرفتار کرنہ ستۍ مجرمانہ قانون نافذ کران۔
8850,خریدری چھ رنگین ثقافتن ہند اظہار کران، راجستھانی کپین منز چھ واریاہ آہر تہ پٹھۍ کم۔
8851,یورپی سینٹرل بینک چھ یورپی یونینک اہم بینک۔
8852,اکھ غر قبیلہ کس شخصس ستۍ دِنہ آمتہِ فاسٹ سہِ زیاد زیاد زیاد زیاد زیاد زیاد۔
8853,عملس منز، یہِ کٔر چینس منز ساروے کھتہ زیاد زیاد زیاد زیاد غیر ہالی ووڈ فلمہ خطر جاپنہِ انیمیشن فلم یارنا ناو ست
8854,اتھ چھ آرتھوڈوکس، سِرو ملانکارا کیتھولکس، مارٹھوومیت تہ پنٹی کوسٹال۔
8855,امہ وجہ ستۍ، کوچ دوبار کوشش کرنہ ستۍ ہیکہ ز کھتہ زند گژھہ۔
8856,امہِ ستۍ کٔر فِلم رلیز گژھنہ پتہ 10 دہن اندر 250 کرور کلبس منز داخل۔
8857,تِمَن ہُند لُکَس تام رُزِو، یُس نوٹَن درمیان کُنہِ اختلافہ ہیکِو۔
8858,نکولا تہ ساہادیو چھُ مہابھراتہس منز مہارت مند سوارڈ مین ونان ۔
8859,اگر توہہِ دہس دوران تہِ کیمپ گژھِو توہہِ سورچِھ کرِو۔
8860,مرکزی ڈکین پلیٹاو چھِ ستہِ سخت جنگل ہندِس علاقس منز چھِ ریاستچ زیاد حصہ پوٗر، یتھ منز ہیدرآباد شمل چھِ۔
8861,س س 2000 سمر اولمپکس ہند گولڈ میڈل سکواڈک حصہ۔
8862,بٹوہ چھ پور پٔنسہِ پٔنسہِ پٔنسہِ واریاہ فنکارانہ عملہ ۔
8863,1962 منز کٔر تمو ڈوجر سٹیڈیم کھولنہ، تہ تم چھ اتہ پٹھہ گِند کران۔
8864,کینہہ تخمینہ ستۍ چھ زمینکہ آب فی ؤرۍ أکِس میٹر یا زِیاد پٹھ کم گژھان۔
8865,مغولین ہندِس ملِس تہ مغولزمس منز سہِ ملِس معذوریت ہندِ اصطلاحن منز ذہنی ضفیاتک اکھ خاص قسم ہن
8866,سِموکا ہس پتہ آو تمہِ سندِس بتھ کانہا (تھہِ کرشنا تہِ ونان)، ییمۍ مغربس منز سلطنت ناسِک تام بڑو۔
8867,یہِ خاندان اوس اصلی پُنگاب، ہندوستان کِس امریٹسر ضلعس منز موجود مجیتاہس نزدیٖک اکھ گام کوٹلا سلطان سنگھ ستہِ ربطہ تھاوان۔
8868,اشوین سند گنگ چُھ اکھ گھر دُستھ کرنُک فصلہ کران یُس منز صرف اکھ پرندِس قبضہ کران چھُ۔
8869,یہِ کٔرِتھ کٔرِتھ کٔرِتھ کٔرِتھ کٔرِتھ کٔرِتھ کٔرِتھ کٔرِتھ کٔرِتھ کٔرِتھ ک
8870,ابھاس کمارن کور پنن ناو 'کشور کمار' تبدیل تہ پنن سنیما کیریئر بمبیی تالکیز منز کورس گلوکار کم کرنہ شروع، ییتہ تمہِ
8871,پتہ پننہِ دٔہِمِس ؤرِیَس دوران چھُ خروالہِ شُنگا سلطنتس ستہِ لڑنہ تہ شہزاد براہسپٹی میٹرس ستہِ شکست
8872,سواوی منز آو تمہِ سندِ وزنس متعلق مذاق کرنہ ۔
8873,یِم چھِ گڈنِک پروسیسر یِم انٹرویوٹ ویڈیو سہِ ۔
8874,ہایوس ہایوس چھ اکھ ویب سایٹ ییتہ لوٗکھ دوستن ستۍ آن لائن رٹنہ ہیکِو۔
8875,"ترری ""نسہ ریسیی طور مٗسٹر فرڈیننڈس سندس خلاف ورزی کران تہ عدالتن کور اتھ قبول کرنہ"" ، موریسنن وون۔"
8876,جنوبس منز، سند صوبہ منز ہندوستان کِس اہم ستہِ ستہِ، موہنجو داروُک بٔڑِس پیمانس منز بے قبل مقامہ سۍ نوٹ دِژ
8877,سُہ اوس ایچ آئی وی انفیکشن کس علاجس منز سمجھنہ خطر مشہوٗر ۔
8878,یہ چھ ییلہِ کھیل چیلنج ہند موڑ شمل کرنہ ستۍ زیاد مشکل گژھان۔
8879,مُغل سلطنت اوس جنوبی ایشیاہس منز اکھ اسلام ریاست یس ٹیمورِد خاندانن ہندِ حکومت کران اوس۔
8880,ایلو ریٹائرمنٹ سسٹم چھ ایف آیی ڈی ای تہ واریاہن مُلکن استعمال کران۔
8881,الیا چھٗ سکی یِن وِرڈھان دلمیا ناو اکھ کُلِس کردار ادا کرنہ خطر ادا کران، ییمہِ سندِس دوستس پیٹھہ رٹِ
8882,سٹیہ چھ اِضفیاتس منز چھِ انضمیشنُک اصول۔
8883,"تحقیق گوو ""فٹ حل وٹامن اے"" ہنز شناخت کرنہ پتہ یوان ییمہِ ستہِ راتہ بگہ تہ سیروفٹھلمیا ہنز برعکس گ"
8884,یہ اوس ہندوستانس منز أکس مسلمان زنانس ستۍ خاندر کرنہ ستۍ أمہِ سندِس کورس علاو۔
8885,جنوری 2020 ہس منز آو یہ اعلان ز ویلاسکسکسس اوس ٹرمینل ایسوفیجیل کینسر۔
8886,تاہم، اکھ گپھ چھُ یہِ زِ تہہِ نہ تہہِ پننہ وقتہ زیاد حد دِنہِ ۔
8887,امہ ریلیز گژھنہ کس وقتس منز، 'آنداز' اوس ونہِ ساروے کھتہ زیاد کھتہ زیاد ہندوستنہِ فلم، ییلہِ تام ات
8888,کلاسیکی ادبک مطالعہ اوس روایتی طور انسانیتن ہند اہم توجہ۔
8889,اصلاح یہودیت چھ یہودیتس ہند اخلاقی قونوٗنی قونوٗنی قونوٗنی پیٹھ توجہ مرکوز کرنہ خطر یہودیتس ہند تعلیم دِوان۔
8890,یقینی بنو زِ تہہِ چھِو یہِ قیمت کری خریدارس ستہِ تجارت کران۔
8891,سکرسٹڈ چھ سویڈن کس جنکوپنگ کاؤنٹی منز جنکوپنگ بلدیہ ہُک اکھ علاقہ۔
8892,سُہ زاو راک ویلے، مریلینڈس منز، مگر گائیٹرسبرگ، مریلینڈس منز بڑو۔
8893,چالوکین فنکارن ہند کینہہ مشہوٗر ناو چھِ ریوڈی اووجا، ناراسوبا تہ انیوارتا گُنڈا۔
8894,جِمٹن جِمٹن چھِ سویڈن کِس نوربٹن کاؤنٹی منز لولیا بلدیہک اکھ علاقہ۔
8895,"ناو ""پولو"" چھ پتہ چہ انگریزی زبانہ آمتہِ ۔"
8896,تِم چھِ ونہِ دنیا کین مختلف حصن منز شہرن منز تہِ روزان ۔
8897,اینٹل کور پروسیسر چھ پنٹیوم ایم ٹیکنالوجی پیٹھ مبنی۔
8898,مے اوس خوف ز بہ کٔرِمِس اداکری ہندِ موقعہ ضروُرت کران، تِکیازِ مے اوس کاسٹنگ ڈایریکٹرن ہندِ طرفہ ترتیب دِ
8899,یہ سندرم آو گڈنِچ وضاحت 1968 منز امریکی ڈاکٹر اینگیلو دی جارجس دسہِ ۔
8900,یہِ کٔر شہرچ تقریباً 95 فیصد اضافہ، یتھ منز کم از کم ز سکول تہ شہرچ ہسپتال شمل س۔
8901,امیُک مجسمہ، فنکار تہ نِشِشنی ہنز واریاہ اثر کٔر سلطنت ختم گژھنہ پتہ فنن ہنز ترقی متثر۔
8902,تہِ چھِ ملی قونوُنی ہُند تعداد منز مختلف ملی مصنوعات ہُند اضافہ۔
8903,مثالہ، پنن بینک اکاؤنٹ قیِم کرِو تاکہ یہِ آٹو پٹھۍ پننہِ چیکنگ اکاؤنٹ پیٹھ 50 ڈالر ریتہ کم از کم اکہِ ریتہ بچاونہ
8904,فوز فنگوریا چینسو ایوارڈ آیہ ٹیلی ویژن چینل فوز ٹی وی کہ ذریعہ قیم کرنہ۔
8905,بِرِن گڈنِکِس ز دورَن منز پننہِ طاقتتی ڈراماہ منز ز فید حصِل ۔
8906,17 مہِ صدی منز ییلہِ احمد سلطنت گوو گڈنہ ییلہِ کوچ تہ مُغل علاقن شمل گژھان، یہِ آیہ تمہِ ستہِ اندِ آمدنی ہ
8907,یِتھہِ معاملن منز ہیکہِ اکھ بیمار، ذہنی عدم توازن تہ موقتی دیوتاہ گژھِتھ۔
8908,کیرالہ ہنز بصری فن چُھ ریویتی دیوارن پیٹھ ریاستک ساروی کھتہ مشہوٗر فنکار راج راوی ورما ہنز کمہِ تام۔
8909,ہم چھِ یِم بچاو کرنہ خطر پننہِ بہترین کم کران تہ یِم مُستقبل نسلن خطر پیش کران۔
8910,یہِ چھُ تہہ اہم خصوصیات دِوان، یتھ کٔنۍ نامحدود مصنوعاتچ فہرست، 2 سٹاف اکاؤنٹ، تہ شاپفی ٹیمہ سندِ پٹھ پٹھ پ
8911,جی چرچ لاینس پیٹھ ٹریک کم آو اکثر 1916 منز مکمل کرنہ۔
8912,خاندر زندگی چھ ز لوٗکھن ہندس ذتی رتہ زندگی ہندس رتہ بتھنہِ ہندِس رتہ خطر اکھ موقعہ
8913,اپریل نوِ ؤرِ تامِل ادبس منز چھِ اپریل نوِ ؤرِ تام واریاہ حوالہ۔
8914,یِمِس دورہ کِس وقتس منز، یِتھہ آیہول ریکارڈس منز ذکر کرنہ آمُت، پوُلاکیشن II اوس پنن سلطنت ترن مہاراشٹرک
8915,حالانکہِ ہُند ہُند ہُند ہُند ہُند ہُند کھیل چھِ چینس منز صدین تام، ہتھیار چھِ قدیم زمانن پیٹھہ چینی
8916,ہم اوس اکھ ریسٹرس منز دور کران تہ مے اوس نہ مینۍ پسندیدہ پکانس ستۍ مینس ستۍ پکانچ توقع کران۔
8917,یہِ چھِ گریڈ II درج کرنہ آمتہِ تہ اتھ منز چھِ اصلی خصوصیاتن ہند اکھ واریاہ۔
8918,ٹریولنگ ویب سایٹ چھ جایہ پیٹھ جیز ہاونہ، یا کنہہ کٔرِہ جایہِ منز کٔرِتھ۔
8919,"تہِ، ٹرنر سنڈرومک اکھ نایاب قسم، یتھ ""رنگ ایکس ٹرنر سنڈروم"" ونان چھ، چھِ تقریباً 60 فیصد ذہنی معذوریت ستہِ اکھ ایسوسیشن۔"
8920,مے چھُ حکومت ہندِس انفارمیشنس منز سرمایہ کری کرنہ خطر ناکام ستہِ زیاد پریشان۔
8921,یہِ پارک اوس پٹھۍ نیلگری تھر نیشنل پارک ناو زاننہ یوان ۔
8922,پٹیلن کٔر کانگریس منز وزراین ہُند رہنمنی یُس پوٗر ہندوستانس منز حِصہ برقرار کرنہ خطر حِصہ حِصہ حِ
8923,یہِ چھِ وُچھان زِ 17 ہمہ صدی دوران آو زل تہ باقی قیمتی چیز قبلہ منز دفن کرنہ۔
8924,باقی شطرنج علامت چھ شطرنج علامت بلاکس منز۔
8925,دِلہِ منز انگلینڈس خلاف گڈنِک ٹیسٹ منز آو سُہ گڈنِک ہندوستنہِ بننہ خطر کیلنڈر ؤرِیَس منز 1000 ٹ
8926,تِمَو زیوٗن روُسہِ پریمیئر لیگ ترے تہ روُسہِ کپ ساتہ ترے۔
8927,2009 منز آو سُہ بین الاقومی انیمیڈڈڈ فلم ایسوسی ایشنک صدر منتخب کرنہ۔
8928,مرکوٗری چھِ واریاہ اینٹی مائیکروبیل، تہ انفیکشنچ ابتدئی مرحلن منز اوس کینہہہ بیمارچ ترقی متثر کرنس منز کافی ییلہِ یہِ کینکر یا
8929,ریگلیشن چھ عام: ایکس پی ستۍ 40 فیصد مریضن منز سہِ بنیدی جری ہندِس اکسسیشن پتہ ریگلیشن، 60 فیصد ثانوی اکسسیشن پتہ
8930,ٹیپ I ایف جی ایمس منز چھ کلائٹورسک حصہ یا پور حصہ ختم گژھان۔
8931,تِم چھِ پٹھ پٹھ مواد کھانان، یتھ کٔنۍ کٔنۍ بٔدنہ۔
8932,واریاہ طریقہ یم چاقی تہ کم وٹامن بی 12 ہند حیثیت ہندس درمیان ربطس وضاحت کٔرتھ ہیکہ۔
8933,گوہ انکیسیشنَن منز سہِ ہیندِ تہوارَن ہُند پابندی، تہ ہِندِ یِم نہ عیسیییتَس منز تبدیل کروو
8934,ہاکی سٹکک اکھ خر چھ واریاہ سخت تہ یہ چھ کھلڑِ یِس پیٹھ پھیلاونہ خطر استعمال کرنہ آمُت۔
8935,یہ چھ اکھ چیز یم لوٗکھ فلمہِ نوری فلمہِ ہندِس نظر اندازس متعلق پسند چھِ ۔
8936,کدمبواسا کٔر اتھ دورس دوران سلطنت ہندِ سرکر وزیر اعظم کم۔
8937,زنانہ رقصگارن ہندِ پوشِشِم چھِ ز مُختِلِف۔
8938,ڈگوچی موُد 11 فروری 2022 ہس منز 64 وُہُر ونسہِ منز۔
8939,"انڈیا ڈے ہندِ روہِت کلنانین کٔر ڈایریکٹرس ""تھہِ چیزہ یِم ڈراما ہنز ضرورت چھ""۔"
8940,بالغی پتہ چھ زنانہ ہندس پٹھ مردن ہندس کھتہ زیاد بٔڑ۔
8941,ہینڈ ٹاڈ لڑی تہ ہتھیار ہند عمل سہِ قدیم چینی فوجن ہند تربیتس منز اہم۔
8942,زیکا وائرس چھ وائرس خاندان فلوویرایڈین ہند اکھ رکن۔
8943,گروپ چھ ڈرما تہ باقی موسیقی ہند آلات لگان، جایہ پیٹھ جایہ، گنڈ تہ رقصس تام چلاوان۔
8944,"یِم 10 ؤرِین ہندِ خرس پیٹھ، تُہۍ سندِس اکاؤنٹچ بیلنس 16,288.95 ڈالر۔"
8945,مندرن برونہہ چھُ اکھ پلمیرا کُلڑ ہُند بَرِتھ تہ یہِ چھُ أکس لکِس بَلوسٹراڈ ستہِ ستہِ
8946,تہہ ہیکو قرض ادا کرنہ خطر اکھ اضافی پونسہ تہ استعمال کٔرتھ۔
8947,سُہ اوس شہہِ مُلکِووِو منز اکھ یِم لیز شِکس ناو زاننہ یِوان اوس ۔
8948,عیسییت چھِ زیاد تر چائے باغہ کِس قبضہَن منز یِم چائے کِس کِس کِس کِس دُورَس منز ڈارجیلنگ، جالپائیگُری
8949,1839 منز کٔر لکٹ پکسن علاقس منز روزن ولۍ واریاہ لوٗکھ مار۔
8950,کتنیہ اکثر چھُو تُہۍ پننہِ جیم رکن شِپ استعمال کران؟
8951,کلب سطحس پیٹھ گِیُن تٔمۍ بوکا جونیئرز تہ وولیرو لی کینٹ خطر۔
8952,یہِ قونوُنی آو 3 اپریل 1858 لیوین واٹس منز کانونشنہ ستۍ قبول کرنہ۔
8953,مرڈانین کور پورنڈس منز وارسا ہس منز کینو مورانو تھایٹرس منز پٹھہ پریمیشن، یُس مُلکچ ساروے کھتہ پر
8954,سپایئر چھ تُہند کمپیوٹرچ جاسوٗر کران تہ اتھ پیٹھ کینہہ چیز استعمال کران۔
8955,اوہ اے! اچانک، تٔمۍ یاد۔ بھیمنا سندِ دکان بند کرنہ آمژ۔ یہ اوس کوویڈ-19 پینڈیمک وجہ ستۍ۔ اوس پرتھ کُنہِ پ
8956,ہوم پکانہ آمتہِ تہ ریسٹورنٹ کھتہ چھِ کینہہہ وقتہ ذکِر مختلف۔
8957,سب کنجینٹیوٹل خونریٖن چُھ عام طور نہ دردچ نتیجہ، حالانکہ کُنہِ وقتہ ہیکہ متثر چھِ ہیکہِ ٹھنڈ، سخت، یا کڑ
8958,چیٹس منز ہیکہ تہہ مختلف emoji ہند انتخاب تہِ دستیاب۔
8959,یہ اوس وقت ییلہ کماری فلمہ بنان یم تجری طور کامیاب تہ انتقادی طور پٹھۍ پٹھۍ پٹھۍ پٹھۍ پٹھۍ پٹھۍ پٹھۍ پٹھۍ پٹھۍ
8960,ونہِ تھوٹہ پریشان گژھنہ، سِرِنگری سریِینواس گوو اکھ مزید دوست، کارپینٹر۔
8961,ملیالمہ ہکہِ پوونانی سکرپٹ اوس برطانوی راجس تام جزیری لکھنہ خطر استعمال کرنہ آمُت۔
8962,لوس XIII سندِس آٹوپسی منز وچھ ز لوس XIII اوس شُرِ ملِس ملِس ملِس ملِس ملِس ملِس ملِ
8963,سونی ہند ساروی کھتہ مشہوٗر مصنوعات منز اکھ اوس سونی پلیٹسٹایشن، یُس 1995 منز بناونہ آمُت اوس۔
8964,سرونگیٹی ویکسین ریلیون ویکسین ریلیون چھِ غیر ویکسینٹڈ سرونگیٹی افرادن ہندِ مقابلہ شدید ڈینگوُک زیاد خطر۔
8965,میزوُک اکثریت (87 فیصد) چھ مختلف مذہبن منز عیسائین، زیاد تر پریسبیٹیرین۔
8966,1950 منز آو ہندوستان تہ سکیمس درمیان اکھ معاہدہ کرنہ ییمہ سکیمس ہندوستنۍ پروٹیکٹوراٹک حیثیت دِنہ۔
8967,یہِ کھیل کنہہ تعداد لوٗکھ ہکن گِنڈ ہیکہِ، حالانکہِ اکھ معمولِ گروپ گِنڈنِک لُکھ ہندِس لُکھَس من
8968,فریمن زاو سلاڈ پوائنٹ، میکے، کوینز لینڈس منز۔
8969,یہ چھ 51°03 شمالس منز، 04°52 مشرقس منز۔
8970,ستمبر 2010 ہس منز آو میشل پی ٹی اےہ طرفہ جانورن خطر پننہ کم خطر اعزاز۔
8971,تِہندِس مُقابلہ دوران، پینڈے یَن نہ پننہِ ریکارڈ کرن تہ ٹایپ کرنُک انتخاب، دھوونیَس مزید کھولنُک اِجرا کرنُک ا
8972,یہِ چُھ ونسہِ زانہہ زِ تٔمۍ سندِس جسمس منز کتھ مصیبت۔
8973,زیاد تر کاشتہ دار سہِ کرایہ دار مزارع تہ سہِ وقتس پیٹھ زمینہ کنہِ حصہ ہُند حق دِنہ آمُت۔
8974,مشرقی ہندوستانس منز چھ مہا آسٹامی یس امہ دہ مہر کرنہ یوان تہ پوشنجالی، کُماری پوجا تہِ ستۍ شروع کرنہ یوان۔
8975,کینہہ ٹیلی ویژن سیریز بناونہ ستۍ برونہہ کٔر سندۍ بنگالی ٹیلی ویژن فلمہ تہِ ۔
8976,نہ پریتھ شُر یِمَن منز یِم خطر کینہہہ عوامل چھِ چھِ ، چھِ ایس ڈی ایس پٹھ مران ۔
8977,یہ بند کرنہ چھُ جزوی طور منظم کھیلن ہندِس پالیسیس منز کمی تہ چیننہِ کھیلن ہندِ پالیسیس پیٹھ زیاد مارکیٹ دِنہ آمتہِ اتھہِ
8978,نہ پھولن پیٹھ کھتہ کھوو! اگر توہہ یہ کران چھ، مے ہیکہِ نہ یِم کٔرتھ!
8979,فینہِ چھِ ایل ایف ہُک 29 رکن، یِم چھِ ایل ایف منز قومی اکثریت بناوان۔
8980,چیزس پیٹھ تھووِو تہ اصل پٹھۍ سوچو ز یہ چُھ تُہند جسم کس قسمس ستۍ تہ اگر یہ تہہ پٹھۍ پٹھۍ پٹھۍ پٹھۍ پٹھ
8981,یہِ چھِ واریاہ خراب خونری ہُند زیاد امکان بنان۔
8982,یہِ چھُ کلب فٹ بالَس منز ساروے کھتہ زیاد لیگ پریمیئر ڈویجن تہِ منعقد کران۔
8983,وِشنوَن کور اَتھہِ وون زِ لوٗکھ یِم تِہ دہ روز تہ اکادشی سندِ پوٗر کروِو، یِہ وِکنٹھا
8984,یہِ فِلمہِ چھُ چینی سِنزِ تہِ اثر۔
8985,"تِہِہِ پوٗر اعداد و شمارن پیٹھ مبنی، کیلکلوٹر چھِ 204,855.95 ڈالرس منز مستقبلچ فنڈک قدر ہاوان۔"
8986,2001 منز آو س لندن، انگلینڈ پیٹھہ موسیقی ڈیو بیسمنٹ جیکس ستۍ موسیقی ویڈیو 'رومیو' منز ظہر۔
8987,یہ چھ مے خش۔ مے چھِ اکھ ستہِ بَگَرِتھ علاقہ خطر پوٗر، مگر تہہِ چھِو مے پرتھ سڑکن تہ ب
8988,یِمَن منز کینہہ مائیکروب چھِ جنسی طور منتقل کرنہ خطر ونان ۔
8989,ہاوسنگ حکوٗمتن درمیان چھِ سامانچ قونوُل تفصیلس منز مختلف مگر یہ چھ ہمیشہ کھلڑین تہ مُلڑین ہندِ حِفاظت خطر۔
8990,حالے دن ٹیسٹَن منز ٹرٹَن خطر رٹنہ باپتھ باوجود، گوواسکرَن کور 30 ہارڈ پتہ کیپِل دیوِس کِس کپتانس پ
8991,ریاست چھ زیاد زیاد زیاد زیاد زیاد زیاد زیاد زیاد زیاد زیاد زیاد زیاد زیاد زیاد زیاد زیاد زیاد زیاد زیاد زیاد زیاد زیاد زیاد زیاد زیاد زیاد زیاد زیاد زیاد زیاد زیاد
8992,سُہ اوس اتھ حیرت انگیز زِ ییلہ سُہ دِلہِ واپس گژھان، سُہ کٔرِو کٔنہِ سِلور ٹرافی کِس کٔرِس ریس خطر واپس۔
8993,دہ آو دِسہِ دہِ دِسہِ دِسہِ دِسہِ دِسہِ دِسہِ دِسہِ دِسہِ دِسہِ دِسہِ دِسہ
8994,تٔمۍ کٔر ساروواکی یِن باقے مُلکن ہندِ قانون احترام تہ اطمینان کرنہ خطر غر مُلکن ہندِ کاروبار کرنہ تہِ ح
8995,کٹا مُقابلہ تہِ چھِ، ییتہِ تِہِہِہِ سٹائلچ مُقابلہ تکنیک پیش کران چھِ تہ تِہِہِنزِ کارکردگی پیٹھ فیصلہ کرن
8996,یہ ٹیسٹ ہیکہ یا ہیکہ نہ آزاد، یتھ حالتس پیٹھ منحصر یتھ منز تہہ روزان چھ۔
8997,کالج چیمپئن چھ جاپان سند قومی چیمپئن ہند تشخیص کرنہ خطر ریس بالس منز ایکس لیگ چیمپئن (ایک نصف پیشہ ورانہ لیگ ییتہ ٹیمہ
8998,الزی ہایمر سنز بیمار خطر چھنہ کانہہ علاج۔ دستیاب علاج چھ نسبتاً لکٹ علامتتی فوید پیش کران مگر یہ چھ طبیعتس منز پھیلیاتی باقی۔
8999,گژھنہ دوران، ساروے کھتہ زیاد جوان بہن وچھ کرم کٔر دریاو منز پھٗران۔
9000,ہندوستنہِ سمندرَس منز یورپی موجودگی تہ ہندوستنہِ خام تہ ختم کرنہ آمتہِ چیزن ہُند اضافہ کرنہ ستہِ ہُند
9001,ونہِ چھُ گودن ہندِ بھروسہ ستہِ کالینگزن شکست دِنہ خطر گڈنہ یِنہ یِوان ۔
9002,انتقادی طور خطر ستۍ ہاوی ملۍ سندۍ سندۍ سندۍ ستۍ چھ سندۍ ستۍ ستۍ ستۍ ستۍ س
9003,یہِ خط س اصلیِس طورس منز خودکشی ہندِ یا خودکشی ہندِ وقف کرنہ خطر۔
9004,س کٔر لیرنر سنز اکیڈمی، مومبیی منز پننہ سکولنگ مکمل۔
9005,مے اوس پریشان ییلہ مینۍ شُرِ سندِس اکاؤنٹ کھولنہ بنکس منز سخت موسمس منز گژھان ز مے اوس نہ کینہہ ضروری
9006,ڈیمس منز چھ لوٗکن مز خطر 47 علاقہ۔
9007,تُلیہل ہویییی ایئرپورٹ چھِ بیر ٹکینڈرجائٹ ہوییییی ایئرپورٹ پٹھۍ دوبار ناو آمُت۔
9008,یہِ آبدی چھِ 1936 پیٹھہ نیو انگلینڈس منز ساروے کھتہ بدتر ییلہِ 150 کھتہ زِیاد زِیاد مرنہ آمتہِ
9009,بادگم چھ 34.63°N 76.04°E پیٹھ واقع۔ اتھ منز چھ اوسط اونچائی۔
9010,پیگاسس ایئر لاین ہندِ پرواز یتھ منز 178 ملِسہِ رتہِ آو، ییمہِ ستہِ میہِمِت گِکن گل ناوِ اکھ نفر
9011,ڈیلینی چھ اپریل میککلینس ستۍ خاندر کران تہ اَتھہ ستۍ چھِ تِمَن ژور کور۔
9012,گڈنِچ لیفٹیننٹ: گڈنِچ لیفٹیننٹ چھ واریاہن مسلح فوجن منز اکھ فوجی درجہ۔
9013,شہری جنگ ہند آغازس منز، کانساسس اوس نہ سرکر فوج۔
9014,یہ چھ گڈنچہِ گڑنچہِ گڑنچہِ یِمِس برانڈس ستۍ یِتھ کنہہ یِہ یِہ چُھ یِوان۔ کیا تہہِ چھ
9015,بلاس کر 1965 پیٹھ 1969 تام گوام ہک موبائل پٹرولیم کمپنی خطر کم۔
9016,کیررو روڈ کیررو روڈ چھ انگلینڈ کس نروچس منز اکھ برطانوی فٹ بال سٹیڈیم۔
9017,"پہاڑ ہندِ سندِ سندِ چھِ ""ریری"" ونان اکھ بہتر شکلہ منز لگِہِ ہُند عمل کران۔"
9018,تاریخ دان عبدالحمید لاہوری آیہ 19 نومبر 1635 ہس منز شاہ جھن ستۍ اتھ شہرس منز۔
9019,کالج کیمپس نزدیٖک ٹرفٹ سٹور چھِ ہمیشہ ناو برانڈ کپڑا سٹور ۔
9020,ہارسی سٹیشن تہ بو سٹیشن چھ سٹیشنن ہند مثال یم چینی مارشل آرٹس کین واریاہن طرزن منز لبنہ یوان چھ۔
9021,یہ رقم شمل کرِو یُس تہہِ دِنہ یوان چھِ، تہ تُہندِس منفی شرحس ستہِ۔
9022,تصدیق خطر اکھ ووٹ چھے جمعرات 21 جولایی 2005 منز منعقد کرنہ یوان۔
9023,سِنگل تہ ڈبل چھِ دشونی مقابلن منز گِنڈنہ یِوان، یتھ منز 1988 پٹھہ اولمپک کھیل تہ 2002 پٹھہ کمونویلٹ کھیل
9024,فنکار ڈیوڈ ڈیٹونان کٔر آرٹ بیسلس منز اکھ ایڈیشن۔
9025,یہ حرکت چُھ مُلکچ کاروبار کرنچ سہل بہتر بناونہ تہ سمندری لوجسٹک بہتر بناونُک مقصد۔
9026,روُسہِ بٔڑِ ماگنیٹوگورسک آیرن اینڈ سٹیل کمپنی (می ایم کے) چھُ اوڈیشہس منز 10 میٹ سٹیل پلانٹ بناونُک منصوبہ بناوان۔
9027,سلمبم آو تہِ پابندی تہِ تہِ تہِ تہِ تہِ تہِ تہِ ملی شِش جزیرس منز امہِ مقمی تامل ناڈوَس منز زیاد عام۔
9028,یہِ چھُ تِہَس مدد کران زِ یہِ کس طورس پیٹھہ وضاحت کرنہ آمُت چُھ ۔
9029,کافے بیے کافے بیے چھ جنوبی کوریاہس منز اکھ کافے فرانچیس۔
9030,مارکیٹ کِس تباہیس متعلق وضاحت کٔر تِمَن پننہِ سرمایہ کری ہندِ پورٹفوریو تنوع کرنُک حوصلہ۔
9031,قومی ٹیمس ستۍ کور تٔمۍ 2014 ورلڈ چیمپئن شپس منز مقابلہ۔
9032,کِشورَن کور نسیب، کولے، مرڈ تہ دیش پریمی منز امیتابھ خطر آواز دِنہ نِش کٔرِنہ۔
9033,تِم نہ تِہِ لڑکن ہندِس ٹیمس پیٹھ تہِ کھیلاوان۔
9034,زیاد تر لوٗکھ ہندِس طورس پیٹھ، مے اوس گاندھی ستہِ ستہِ ستہِ ستہِ زانہہہ، مگر مے اوس نہ تٔمۍ
9035,سُہ کٔر انڈینا ہک امریکی سینیٹر کم۔
9036,مثالہ، یونائیٹڈ ایئرلائنس تہ لوٹھ ہانس دشوے چھ سٹار ایلائنسک حصہ۔
9037,آبدی ہُند ضخامت چھُ 350 نفر فی مربع کلومیٹر۔
9038,"""پتی ورٹا"" خاندر بنوِتھ، سویٹرِ ہون نہ کانہہ بییہ نفر پننہِ شُرین ہند ملِتھ۔"
9039,راجستھانس سندِ ساروے کھتہ پریتھ حوالہ چھ 625 مئی یس تام چھِ یِنہ آمتہِ سٹون انسپیشنس منز لبنہ یوان۔
9040,یہِ چھُ ونان زِ یہِ چھُ تقریباً 6000 ؤریہ برونہہ گژھان۔
9041,امہ ستۍ چُھ مسلہ یہِ زِ اکھ فائنٹ آٹومٹون ہیکہِ رِفارکس واپس رٹِتھ ۔
9042,یہِ مقبوُل چُھ اَنا چوکھور ونانہ آمُت اَکہِ قریبی جایہ پتہ ناو یوان۔
9043,یہ چھ پریشان کن ییلہ صارف پننہ خریدری ہنز تجرٗبس پیٹھ ردعمل دِنہ کران چھٗ ۔
9044,دیو کور پانجابس خلاف نومبر 1975 منز ہریانا خطر 6 وِکٹ ہول ستۍ اکھ حیرت انگیز آغاز، ییمہ ستۍ پانجابس صرف 63 رنس تام محدود تہ ہ
9045,موبائل ستہِ ہُندِس حِصہ خطر، پرتھ ڈسپیس ٹاپ وِزِ پیجہِ ہِندِس بٔڈس پیٹھ موبائل وِزِ لنکس پر
9046,بِہارہِ ملِو سہِ موریہ کس خرس دوران یِہِ یِوان ۔
9047,عام طور چھ ہیمی انجن چھوو چھو تہ پرنن انجن ڈیزائنن کھتہ زیاد طاقتور۔
9048,شہرس پٹھ چھ واریاہ عبادت کینہہ جایہ واقع، یتھ منز پرتھ شعبس منز واریاہ چھ۔
9049,نمونہ ہیکہ تہہ وقت تہ کوشش بچاون کرتھ تہہ خطر ڈیزائن پیش کرنہ ستۍ۔
9050,یہِ آو بیندوسارا سندِ مرنہ پتہ اشوکہَن دِژمُت۔
9051,پتہ کور سنجے دتن بییہ ناو خطر باینسٹورم کرنُک تجویز۔
9052,ترین پیٹھ ژور گروپن منز کفی آرکرز ستۍ یوتہِ مُقابلہ خطر زِیاد زِیاد زِیاد زِیاد ز
9053,یہِ عطر بنیو دویمہِ جنگس دوران فوجیو پننہِ شیرین دلن ہندِ طرفہ اکھ پسندید تحفہ۔
9054,امہ پتہ چھ اکھ سیشن ییتہ طالب علم چُھ سیکھان زِ مدیتیشن کٔنۍ کٔنۍ۔
9055,سانڈا چھ ٹورنامنٹَن منز عمل کرنہ یِوان تہ یہِ چھُ عام طور وُشو مُقابلَن منز ٹاولو واقعاتَن ستہِ منعقد کرنہ یِوان۔
9056,یہِ تہوار چھُ خاص طور ہندوستان تہ نیپالس منز ہندوستنہِ مُقمی سطحس منز ہندوستنہِ مُقابلہ کران۔
9057,"سیفی ہندِ اکھ جری ونان کور اتھ ""بے اکھ ناو کوشش""۔"
9058,مصنوعی انٹیلیجنجنسی چھ اہم گیم پروگرامک مختلف حصن منز لاگو کرنہ یوان۔
9059,جیمز ڈوئٹ ڈانان کور یہ ناو صرف گھونزون ہندِس لگس منز حوالہ دِنہ خطر پیش۔
9060,کینہہ چُھ خونس منز اضافی گلوکوز فلٹر کرنس کیاہ کوشش کران۔
9061,"تمام پٹھۍ پٹھۍ پٹھۍ پٹھۍ، یہ گوو ہندوستانس منز شروع تہ 800,000 لوٗکھ مارنہ۔"
9062,25 اپریل 2014 ہس منز آو سیریز ژوٗرم سیزن خطر دوبار ۔
9063,رہائشی چھ پننہِ دھوکہ کران یتھ منز ریکارڈ کرنہ یِتھ درجہ حرارت ہیکہ۔
9064,یہِ آو 1 مئی 2010 ٹایگرونٹ تہ ملبیلولن بنومُت۔
9065,یہِ ٹیزر آیہِ تِہ ؤرۍ تِہِہ ؤرۍ پریتھ دہ ٹی وی پٹھ ریڈیو کرنہ۔
9066,ایس ایس 4 اے نمبرچ وائرل پروٹین ہکہِ لکٹہِ سرِکٹہِ (میکروسیفالی) ہُند وجہ ہُند وجہ ہُند وجہ ہُند وجہ ہ
9067,پتہ آو نوسرات خان گجراتس پننہِ فتح کرنہ خطر سوزنہ، ییتہ تٔمۍ پننہِ سولونک بادشاہس شکست دِیُت۔
9068,ڈیزائنر چھُ سوچان زِ موٹرسٹ چھِ کینہہ دہ یِتھہِ گاڑین منز سفر کران۔
9069,یہ وائرس ہیکہ زیاد تر تر موسم گرما تہ پٹھۍ خرس منز لبنہ یوان۔
9070,2007 پیٹھ 2019 تام اوس گربسکی پولینڈ کس سینیٹک رکُن۔
9071,تٔمۍ کٔر پاکستان سنیما ہنز گڈنِک 20 ؤرِ ہنز غلب ۔
9072,سکی لینڈ چھٗ جنوب مشرقی واشنگٹن ، ڈی سی ہس منز اکھ علاقہ ۔
9073,سُہ گوو 2006 پیٹھ 2011 ہس منز پننہِ مرنس تام اکھ ذتی اجرتی ہجرتس منز، 2010 ہس منز کاتری شہریت قبول کرنہ ستہِ۔
9074,پتہ چھ لاین تیزی ہند مختلف سطحن پیٹھ تہِ گِند یِمَن منز ڈبل تیزی، ٹرپل تیزی، کڈروپل تیزی تہ سیٹھپوپل تیزی ہکن ش
9075,چھِ شن ہفتن کھتہ زیاد وقتہ كِنہِ مٗتعلق چھِ امیُموسوپریسنٹ یِتھ کٔنۍ سائکلوسپورین ہیکہِ استعمال کٔرتھ ۔
9076,مہمانن چھِ اکھ اضافی قیمتہ باپت واریاہ شراب چکھنُک تہِ موقعہ۔
9077,یہ قصبہ چھُ شُملی یارک شِرَس منز ڈربی تہ تھرسک درمیان اے61 پیٹھ واقع۔
9078,تٔمۍ کور مشور ز مریخس پیٹھ موسمنی تبدیلی چھِ غر طوفانن ہند وجہہ۔
9079,خان دٔریاو، یتھ کنہ تہِ ونان چھ، چھ اکھ دٔریاو یس ہندوستان کِس ریاست مدھیہ پردیش کِس تجری دارالحکومت انڈورس منز بہاوان چھ۔
9080,یلاسٹین چھ خون کین ہندس رتہِ منز اہم زِ یہِ چھ خون بہاوانس منز مدد کران۔
9081,تِمَن پوُژِ زِ تِم چِھ نہ بینکَس منز گژھان تہ ذتی قرض حصل کران۔
9082,نتیجہ اوس ریپبلک آف ایرلینڈ ہُک الگ کرنہ۔
9083,ہندوستانچ قومی ٹیم چُھ دنیاہس منز 25ہِم درجہ بندی کرنہ آمُت تہ چھُ صرف کینہہ میچ گِندِ ۔
9084,یہ کلاس ہنز ترجیٖح یِتھ اگر توہہِ پننہِ موسیقی تہ رقصچ تعلیمس متعلق سنجیدگی آسان چھِو۔
9085,روشنی خطر خطر خطر کمر نیرنہ پتہ، س چھ تصویر تہ پیکیج وچھان، یم ویکرم تہ أمہِ سندِس ساتھی سن
9086,اگر ریسس منز چھ واریاہ لُکھ یِتھ پٹھۍ ستۍ چلان، تیلہِ چھُ شرکن ہندِس میدانس منز گرنہ خطر ابتدیی
9087,سُہ اوس 100 ملین دستخط حصل کرنہ خطر گڈنِک یو ٹیوبر تخلیق کار تہِ۔
9088,یتھہِ راگامس منز، یِم سارمَن ہندِس اِختِرِی آواز دِنہ خطر ہمیشہ یِتھ ترتیب استعمال کرِتھ۔
9089,اکثر چھ صرف گڈنِچ تہ ترییمِس شعر گژھان۔
9090,توہہِ ہیکو پننہ آرڈر ہُند درخواست یِہ سکرینس پیٹھ پپ کرِتھ وچھِتھ ۔
9091,ییلہ لیمبرگینی 1979 منز اورراکو بناونہ روٗد ، 791 اورراکو اوس بناونہ آمُت ۔
9092,یِم چھِ زیاد تر اکثر ہائی سکولن، کالجن تہ یونیورسٹین منز دِنہ یِوان۔
9093,کچواہ راجپٹس، پرٹیھارا راجپٹس، تہ تومارا راجپٹس چھ 12 مہ صدی پیٹھ پٹھ 16 مہ صدی منز مغلینن ستۍ اتھ قبضہ تام ناروارس پی
9094,ٹیم چھ پرتھ پینلٹی ہُند شُروٗع کران تہ اگر یہ گیم ٹھیک نہ کران چھِ، ٹیم چھ پرتھ اکھ مزید پینلٹی ہُند شُروٗع کران ی
9095,ڈیوڈینم چھ لکٹن رٹین ہند گڈنِک حصہ۔
9096,لوٗکھ چھِ یِم یِم تِم پننہِ کنہِ چھِ، عام طور پٹھۍ پٹھۍ پٹھۍ پٹھۍ پٹھۍ پٹھۍ پٹھۍ پٹھۍ۔
9097,اینگکلنگ سنز اصل چُھ 400 ؤریہ ونسہِ مغربی جاوا، انڈونیشیاہس پیٹھ واپس گژھان۔
9098,س گِیُن تمام 6 میچَن منز تہ جاپانَن زیوُن دویمہِ مقام۔
9099,نومبر 2017 ہس منز کور اسلام پسند دہشت گرد تنظیم آئی ایس ایل ہن ہندو پناہ گزینن ہند حملہ کرنچ دھمل یم کمبھ ملہ تہ ترسور پورمس منز دور
9100,حکمران بنونہ خطر تربیت یافتہ آہِ ایشیلا بییَن کور مالہار راؤ تہ أمہِ سندِ نیچِ سندِ سندِ مرنہ
9101,پرتھ سنز سندِ اکھ طرف چھِ تمام یورو مُلکن منز سہِ۔
9102,"مثالہ، Qg5 چُھ مطلب ""کیاہن چُھ جی فائل، پننہِ رینک""۔"
9103,تٔمۍ زیوٗن 1955 یورپی چیمپین شپَن منز یِم واقعاتَن منز ز سِلور میڈل۔
9104,2004 پٹھ 2006 تام گِیُن تٔمۍ ایس ایس وی جھن رجنسبرگ خطر۔
9105,براش سکرپٹ براش سکرپٹ چھ اکھ عادی اتھ سکرپٹ ٹایفیس۔
9106,فلوڈ بال گیم چھ سرکرۍ ترن دورن پیٹھ گِنڈنہ یِم پرتھ 20 منٹ (15 منٹ جونیئرن خطر) گِنڈنہ یوان۔
9107,کنی فرانسس کنی فرانسس چھ اکھ امریکی پاپ گلوکار۔
9108,تٔمۍ کٔر زراعتی زمین ہُند اکھ ایکڑ خرید تہ پننہِ ہُند کٔرنہ کوٗشِش۔
9109,امریٹڈ سٹیٹس سینیٹن 11 اگست 2021 ہس منز آو تمہِ سنز نامزدگی تصدیق کرنہ۔
9110,تٔمۍ کٔر غیر معمولی نفسیاتس منز سینٹ لویس منز واشنگٹن یونیورسٹی پیٹھ ڈگری حصل۔
9111,اگرچہ اکاؤنٹ ہیکہ الگ گژھتھ، تہہِ تہہِ یِتھہ یِتھہ تہہِ منز اکھ ناکام گژھِتھ چِھہِ ت
9112,فلیش میموری فلیش میموری چھ کمپیوٹرز تہ الیکٹرانکس خطر اکھ میموری سٹوریج آلہ۔
9113,نفاذی کمیٹی، مقمی نمائند تہ شن مقمی فڈریشنن ہند صدر یا تمہِ سندِن ہندِن ہندِن ہندِن ا
9114,رحمان سند اعزاز چھ شے نیشنل فلم ایوارڈ، ز اکیڈمی ایوارڈ، ز گریمی ایوارڈ، بی اے ایف ٹی اے ایوارڈ، گولڈن گلوب ایوارڈ، پانژن فلم فیئر ایوارڈ،
9115,اوڈیشہ کِس مغربی حصس منز چھُ سمبالپور ضلعہ منز ہیرکُڈ ڈیم دنیاہک سارِوے کھتہ زیاد طویل زمین ڈیم۔
9116,یہِ چھُ مشور کرنہ آمُت زِ پی سی ایس کے 9 چھِ زیاد تر جگر کِلین پیٹھ ایل ڈی ایل رسیپٹرن ہُند تعداد کم کرنہ ستہِ ایف ایچ وجہ بنان
9117,مے چھنہ کیمسٹری لیب پیٹھہ ہیکہ پٹھۍ پٹھۍ پٹھۍ پٹھۍ پٹھۍ پٹھۍ پٹھۍ پٹھۍ پٹھۍ پٹھۍ پٹھ
9118,بجلی کار چھ شہری مقبوُل خطر ڈیزائن کرنہ آمُت، یتھ کٔنۍ شہرس یا قصب۔
9119,سُہ چھِ پرنسٹن یونیورسٹی منز شِرمن فیئرچیلڈ یونیورسٹی فیزکسک پروفیسر۔
9120,جمیکا، ییمہِ ٹورنامنٹَس منز صرف اکہِ گڈ گژھان چھ، کور نہ 2011 ٹورنامنٹَس منز گِنڈ کرنُک فیصلہ۔
9121,اکہِ کووری زبانہ پیٹھ بییہِ ہیکوٗن اکھ کووری ہند ترجمہ کرنہ۔
9122,نیشنل ویٹر سروسن کٔر ٹورنڈو دوران فی گھنٹہ 130 میل (210 کلومیٹر فی گھنٹہ) کھتہ زیاد ہوا ہند تخمینہ۔
9123,کمزور وٹامن بی حیثیت چھُ ونسہِ زِیاد خطر ستہِ رلتہ یِوان ۔
9124,عام عادیاتس ستۍ مطابقتس منز کٔر کینہہ حکمرانن ایسویمیدھا تہ باقی ویدک ذریعہ کم۔
9125,یہِ آو سانتا مونیکا سٹوڈیو کہِ طرفہ تیار کرنہ تہ سونی کمپیوٹر انٹرٹینمنٹ کہِ طرفہ شائع کرنہ۔
9126,یہ چھ خاص طور مندر کیش ڈرانٹن ہند تعداد پٹھ واضح یم بناونہ آمتہِ سہِ ۔
9127,لیون رقص کرن والین چھ عام طور پرتھ لیونس منز ز لُکھ آسان۔
9128,مُقلِف ڈسکاؤنٹ شرح تلاش کرن چھُ مستقبلکہِ کیش بہاؤ ہُند صحیح انداز کرنہ خطر اہم۔
9129,غصہ تہ مشکوٗر، سُہ چُھ راتہ انیتا سندِس گھرس منز گژھان تہ ونڈو ستۍ گژھان۔
9130,تہہِ کمِہ مطلب چھِ؟ س چُھ نہ دوبار گژھِتھ؟
9131,تُہۍ دنہِ ہُند ژلِتھ چُھ یِم سنگین بیمارن ہُند خطر کم کران۔
9132,اگر کنہہ مذہبی عقیدس منز تنازعہ کران چھ، توہہ ہیکن تِم ہیرسی ہنز الزام دِتھ۔
9133,ہیوز، آرکنساس-ہیوز چھ امریکی ریاست آرکنساسس منز اکھ شہر۔
9134,اکثر یِم چھِ رنگین آب تیار کرنہ خطر آبس منز براہ راست دُونہ یِوان۔
9135,یہِ چھُ محدود ثبوت زِ ڈرائیونگ سِموُلٹرس پیٹھ تربیت کرنہ ستۍ سڑک علامتن ہند شناخت کرنہ پتہ کارکردگی بہتر۔
9136,یہ آو 1955 منز دریافت کرنہ تہ آو 1958 منز طبی استعمال خطر منظوری دِنہ۔
9137,امہِ علاقہ منز پننہِ نوِ دکانہ ہُند کھولنہ دہِ پیٹھ پھٹہ چھ صرف مینہِ سانس دور گژھان۔
9138,پرتھ زایہ چھ مے اکھ یاد ز بہ چھ بڑان۔
9139,واریاہ نیبِس دسہِ دسہِ ہُند کورنر پیٹھ آرڈر ٹیب - پتہ آرڈر یُس تُہۍ رٹِتھ تہ آرڈر ٹیب کرنہ خطر
9140,مے آو ییلہ مے سٹاک بروکرس ستۍ ییمۍ ہتہِ ہتہِ غریب لوٗکن دھوکہ دِتھ تہ تِہندِ پونسہ ست
9141,ہندوستنہِ موسیقی چھِ ہتھیار رگاس استعمال کران، مغربی موسیقیَس منز چرچِ ہندِ حالتہ کھتہ زیاد۔
9142,ٹورسٹائن گروڈ اوس گُلابی گنگس پیٹھ اکھ پروجیکٹ تہِ آزادانہ پٹھ تیار کورمُت۔
9143,رن اٹسوا، بین الاقومی کیٹ فیسٹیول، تہ گلوبل گربا فیسٹیول ہِو ثقافتی واقعات چھُ گجراتس منز اندِ ثقافت بین الاقومی سطحس پیٹھ ہاوس کرنہ
9144,زِیاد وقتس منز گول یُس نِش کرنہ آمُت، رِچارڈزن وون زِ فلایرز کھلڑۍ اوس نہ پٹھۍ وِسسٹل سندِ ۔
9145,1960 کس دہلس منز اوس اتھ بہاؤس پیٹھ پانژھ آبنی میل۔
9146,مثالہ، چھِ لکٹن کاروبرِ مالکانن خطر واریاہ حکوٗمت ہُند ڈرونٹ دستیاب۔
9147,اتھ طریقس پیٹھ، تہہ نہ تہہہِ مضاف چیز یم کنہ خطر مشکل چھ۔
9148,سکیڈیری منز چھ ز بجلی ہاؤس یتھ منز پرتھ 65 میگاواٹ ہند اکھ یونٹ چھ۔
9149,سُہ چُھ 1961 پیٹھ 1971 تام لیورپول کھلڑۍ پٹھۍ زاننہ یوان۔
9150,ییلہِ سُہ کوٗش اوس، ٹیک گِیُن 13 بٔڑِ بُول گیمَن منز۔
9151,کُنہِ کُنہِ کُنہِ تٔمۍ سُہ اوس یِم تٔمۍ کٔرِ ۔
9152,وِواہ پنچامی چھُ اکھ ہیندۍ تہوار یُس رام تہ سِتا ہندِ خاندرچ جشن منز چھُ۔
9153,زمینہ کس موسمس منز چھ درجہ حرارت اکثر سرد گژھان۔
9154,مصنوعات ہندِ واپس آسنہ متعلق پریشانیہ کٔر صارفین پننہِ خریدری متعلق زیاد بے وضاحت۔
9155,تاہم، واریاہ زیاد شرح چھ صرف کینژن حالاتن منز سٹیٹک طور اہم۔
9156,مقمی حکومت چھِ تحقیق شروع کرنہ آمُت تہ مزید رپورٹ چھِ وچھنہ آمُت۔
9157,یہِ چھُ غر محفوظ جنسی عملن منز ربطہ آمُت، یِتھ کٔنۍ جنسی پیشکش، پروٹوکشن، تہ باریئر تحفظک استعمال کم کرنہ۔
9158,2016 منز آو اینگولا منز اکھ بوڑ بٔڑس منز شروع تہ اتھ بٔڑس پیمانس پیٹھ ویکسینشن مہمہ ستۍ شمل گژھنہ برونہہ
9159,کھیلچ افرادن کور قیادتس خلاف زور سان بغاوت ییمہ تمن فیدتہ تھاوان۔
9160,پتہ کٔر دیوتاہ انسان ہندس پداونہ خطر اکھ اکھ اکھ بناو۔
9161,جاپان تہ اِچِگو صوبہچ نقشہ آیہِ 1870 کس دہلس منز اصلاح کرنہ۔
9162,سُہ اوس ساروے کھتہ مشہوٗر توہہِ ولۍ ہُند اکھ یُس اکہِ تراژیک واقعہ پتہ جاد تروِو۔
9163,بچپن پیٹھہ کٔر تٔمۍ مشین پسند تہ تمن ستۍ تجربہ۔
9164,"انٹرویو منز آو 2 پیٹھ 6 جولائی درمیان 2,536 ہندس سٹورچ پیش کرنہ۔"
9165,شناختی زندِ چھِ اکھ اکھ ستہِ بہترین دِندِ بنان، تِکیازِ تِم جینیاتی طور ہیکہِ ہیکہِ چھِ۔
9166,تمام لگہ چھ پونم ہریہرانن سندِ ستہِ لکھنہ یوان تہ تمام موسیقی چھِ انڈریل ہریہرانن ستہِ بنومُت۔
9167,یہ چھ کھین ہندِس دٔسہِ پوٗر کرنہ خطر اکھ تہوار۔
9168,آبدی کھیل تہ جہاز ہند سہولیات چھ جھیٖلس منز تہِ فعال۔
9169,مُگھمَن کور پتہ نارایین سنزِ 'ڈارک روم' قسم تہ تٔمِس تٔمِس پننہِ تعریف ہُند اظہار کران۔
9170,امہ علاو، برطانوی ستۍ تعاون کرنہ خطر کانہہ مقمی ہنزِ ہنزِ ہنزِ تہِ تہِ تہِ تہِ تہِ تہِ تہِ تہِ تہِ تہِ تہِ تہِ تہ
9171,2014 منز کٔر تٔمۍ کولرز ٹی وی سنز حقیقی سٹینٹ سیریز فیر فیکٹر: کھترون کی کلادی 5 منز حصہ ییتہ س ختم یا ہٹاونہ خطر
9172,ییلہِ صارفین ہندِ سامان کمپنین شہرس منز بناونچ یونٹ تہ ہڈکوارٹر قیم کور، تیلہِ زِ بنووِتھ تہِ واریاہ زیاد۔
9173,مے چھ دل بھاری ییلہ، ییلہِ مے اکھ اعتیاد مشیر اوس، مے چھ نہ دواہ ہندِ اعتیاد ستۍ بیمار ہتھیارَن ہندِس ل
9174,بودھبھشان سمبھجی منز چھ شیوجی یس انكارناونہ مانان ییمہ زمیٖن بچاوت تہ انصاف برقرار كر۔
9175,شوبشی اوس گڈنِک گڈنِک گڈنِک گڈنِک یُس تصدیق کورمُت زِ ویروس ستہِ آو انفیکشن کرنہ۔
9176,ماننہ چھ یوان زِ کُنڈلپور چھُ جینزمُک 24 ہِم تیرتھنکارا مہاویرا ہُند زینہ یِنہِ ۔
9177,یہ مذہبی جایہ چھ شیکٹس، بودھزم تہ وشنویسمس ستۍ ربطہ یوان۔
9178,نہ کُنہِ علاجس موازنہ چھِ کُنہِ ہُند بول تہ زبان ہُند علاج ستہِ ایپہاسیاہِ خطر چُھ کُنہِ كِ
9179,یہ ہیکہ اندرونی وینس تھراپی یا اندرونی مسکل انجیکشن ستۍ دِنہ یِتھ ۔
9180,کیلیکُٹ بین الاقومی ہویی اڈ، یُس 1988 منز کھولنہ آمُت، چھ کیرالہ منز دویمہ ساروے کھتہ پرتھ موجود ہویی
9181,"پینڈو منز براہماپوترا منز ساروے کھتہ زیاد ریکارڈ کرنہ آمتہِ ڈایرکیٹ ڈایرکیٹ س اگست 1962 ہس منز 72,"
9182,مورگس ستۍ اتھ نقطہ نظرس منز شمل اوس ایزیترومایسن ستۍ بٔڑس پیمانس منز علاج۔
9183,2020 ہس تام سہِ 15 مُلکن یِم یِنہ یِوان یِمَن منز یِنہ یِنہ یِنہ یِنہ یِنہ یِنہ
9184,بٹنگ بٹنگ چھ ییلہ کمپیوٹر شروع گژھان چھ یوان چھ۔
9185,مقصد چھ یہ زِ تہہ تہ تُہندِ ساتھی تہ تہہِ كنہِ بجٹیی ضروریاتن ہندِ حدس منز اَتھہِ كم کم کران۔
9186,یا کینہہہ صورتس منز، اکہِ سڑکہ پوٗر کرنہ پتہ، اگر متبادل نسل ہندِ سڑکہ موجود چِھ، یا ستہِ رپل (بسیل
9187,کاؤنٹی آو 1777 منز پاسکوٹینک کاؤنٹی کِس شُمال مشرقی حصہ پیٹھہ بناونہ ۔
9188,مچھِ متعلقہ تجارتَن منز واریاہ لوٗکھ تہِ متثر گٔیہ۔
9189,غصہ چھُ یہِ زِ تٔمۍ سندِس پور خاندر تہ زندگی سۍ اکھ جھوٹ ۔
9190,زیاد تر ممبرن چھ قونوُن یِم تِم پیٹھ عمل کرنہ خطر ضروٗرت چھِ ۔
9191,ہندوستان بنیوو 1947 منز برطانوی راجس پیٹھ آزاد۔
9192,لہذا، بہ کٔرِس عام کھیلس خطر تیری کران۔
9193,دعایہ جمعس منز زنانن ہند حصہ چھ کمیونٹی پیٹھ کمیونٹی پیٹھ مختلف۔
9194,نناساہبن بنو پونہ ہندِس دارالحکومتس منز تہ مراٹھا سلطنت کین باقی حصن منز سفر کرن والین خطر کینلن، مندر تہ لوڈج۔
9195,20ہِ صدی منز آو بیاس پروجیکٹَس تحت آبدی تہ ہایڈرو الیکٹرک بجلی پیداوار کِنہِ مقصدَن خطر دٔریاو تیار کرنہ۔
9196,مینیکسھو سندِ منصوبہ بندی کرنہ آمتہِ حکمت عملی پتہ کٔر فوجن مشرقی پاکستانس منز واریاہ تیری ہندِ عمل شروع، یتھ منز تربیت تہ بنگ
9197,پتہ کور تٔمۍ ایکس.کم شروع، ییمہ کمپنی پیی پی ایل بناونہ خطر اکھ شمل۔
9198,2011 منز بنیو ایسٹونیا یس یورو استعمال کرنہ خطر 17 ہِم مُلک۔
9199,کرنری ہارٹ بمژ چھِ اچانک مرنُک ساروے کھتہ عام وجہ۔
9200,ٹیلیلوواس منز اداکری کرنہ پتہ آو سُہ باقے ہالی ووڈ فلمن منز ظہر۔
9201,مے چھس پریشان ز طاقت چُھ روُد تہ راتہ گژھہ گژھہ۔
9202,یہ اہم مضمونچ موُد وقت چھ تیزی سان نزدیک گژھان، تہ بہ چھس واریاہ پریشان محسوس کران۔
9203,یہ لیگ کٔر 1989 پیٹھ 1997 تام میجر انڈورو لیکروس لیگ پٹھۍ کم کران ییلہِ زِ ستے ٹیم 10 گیمہ ہندِس پروگرامس منز گِندنہ
9204,2008 منز بنیو تٔمۍ عالمی وسیع ویب فاؤنڈیشنک ڈائریکٹر تہ بنیو۔
9205,یِم دواہ یِمِہِ آلرجیک ردعملچ وجہ چھِ یِوان یِتھ کٔنہِ ہِندِس پٹھۍ چھِ كوڈین، مورفیہ سُلفیٹ، ڈی
9206,یوِکیپیڈیا، یُس اکھ سائیکلپلوپیاڈک اکھ مثال چھ، صرف آن لائن۔
9207,سیسٹایرکوسس چھُ پوُر دنیاہس منز علامتتی ایپلیپسیا ہُند ساروی کھتہ عام وجہ۔
9208,پنن بچت بناونہ خطر گڈنِک گام چھُ پوٗر وقت یا حصہ وقتہ کم حصل کرُن۔
9209,پولیسس مطبق آیہِ 12 پارٹی گور امبلنس ستۍ اوبرن تہ کنکورڈ ہسپتالن منز ییتہِ تِم مشکوک دواہ ہندِ زیاد دواسہ باپ
9210,واریاہن معاملن منز چھ قاتل خودکشی کران یا پولیس چھ مارنہ یوان۔
9211,لاجنگ تہ النگجانی سۍ اَہَم دریاو تہِ ۔
9212,یہِ چھُ ونان زِ انسان ہُند ذٔریعہ آو پریتھ ؤرۍ دیویہس پیش کرنہ۔
9213,سکاٹ ویلینڈن سندِ سندِ سندِ سندِ سندِ سندِ سندِ سندِ سندِ س
9214,سندھ کِس گورنرَس کور نہ نیدر شاہ سندِس مطالبَس پیٹھ پوٗر پوٗر۔
9215,تِم ہیکو یہِ اکھ اچھی محسوس برقرار کرنہ خطر زیاد تہ زیاد اکسیکوڈون لگان۔
9216,سلمڈوگ ملینیر خطر سنز موسیقی کٔر تٔمۍ 81 سٹہِ ایوارڈَن منز بہترین اصلی سکوٗر تہ بہترین اصلی گڈ حصل۔
9217,یہ چھ مرکز پیٹھہ پیرس کِس جنوبی مُقابلہ منز۔
9218,یہ اوس تقریبا 3.8 ارب ؤری برونہہ ایورچینس دوران وچھنہ آمت۔
9219,جگرتی کولائٹسس جواب چھ ممکنہ واریاہ فیدیی یتھ منز اکھ مطالعہ منز چھ بیمارن منز 67.7% پوٗر ریمیشن یوان۔
9220,تٔمۍ کور یہِ تہِ نوٹ زِ برادیرن کٔر نہ واریاہ بٔڑِس ساس بناونہ ۔
9221,مے چھٗنہ یوان زِ تہہِ چھٗنہ کانہہ عمل کرنہ یا کانہہ اطلاع دِنہ ورنہ ورنہ ورنہ ورنہ ور
9222,پالار انیکوت پیٹھ پالار دریاو ہند آب چھ کوسٹھالیئر دریاو کس بیسنس منز واقع پوونڈی ریزرویر تہ ایڈایار دریاو کس بیسنس منز واقع چمبرمبککم
9223,ییلہِ خرگوش آسٹریلیاہس منز اکھ خرگوش چھے، ایسٹر بیلبی چھے اکھ متبادل طورس پٹھ دستیاب۔
9224,ککار اوس برہن پوٗر کِس ہیندۍ شہرین ہندِ جزیہ ٹیکس جمع کرنُک ذمہ۔
9225,مہاراشٹر کریکٹ ٹیم، مومبیی کریکٹ ٹیم، تہ ویدربھ کریکٹ ٹیم۔
9226,"6 ون ونہِ ونسہِ ونسہِ منز چھِ شُرِن ہُند کل تعداد 7,423,832."
9227,اوپٹیما، اوکلاہوما-اوپٹیما چھ امریکہ کِس اوکلاہوما ہُک اکھ قصبہ۔
9228,تٔمۍ کور 1949 منز سیٹو جینیٹکس منز اعلی تشخیص ستۍ گریڈ ڈگری حصل۔
9229,مہویرا ہُک مجسمہ آو لوٹس پوزیشنس منز کارکلا ہس منز اکھ گرینٹ سٹہ پٹھ بناونہ۔
9230,ییلہ یہ بچاو کرنہ یوان، توہہ ہیکو تہہ ہیکہِ ہیکہِ شروع کرن۔
9231,"ہندوستنہِ میڈیاَن منز آو یہِ سُہد اَتھ اَتھ ""ہمالایہ سونامی"" ونان ۔"
9232,1962 منز زیوُن پاؤلِس ٹور ڈی فرانسس منز لڑایتی ایوارڈ۔
9233,اِختِلافَس منز وچھِ 400 کھلڑِ کھتہ زیاد کھلڑِ ہیمرَس منز گژھان تہ 12 ٹیمَن ہندِ خرچ کرنہ آمژ
9234,دنیاہس منز زیاد تر پریس منز کور جلیانوالا بغھ سنز قصہ یاد، تہ کور اُدیوائرن دعوا زِ اوس قتلچ ذمہ دار اوس۔
9235,پننہ قرضس متعلق تہِ صاف گژھان۔
9236,دشوے چھ اکھ کرچنگ ایکشن ستۍ برونہہ ییمہ ستۍ چھ عضلات شمل تہ شٹچ طاقت بڑان۔
9237,پیتر تہ کیٹرن اوس پریتھہ ونان زِ تِمَن منز چھ واریاہ محبت کران۔
9238,دنیاہس منز ساروے کھتہ قدیم تہ پریتھ کھیلن منز اکھ ماننہ یوان، ہندوستانس منز چلاونس چھ اکھ شاندار ماضی۔
9239,اتھ منز چھ گاہک خدمات سینٹر تہ کینہہ جانورن ہندۍ حیاتات۔
9240,سُہ تہ تٔمۍ سنزِ لکٹہ ٹیم، یتھ منز پیتر میلز شمل سۍ یہ یقینی بناونہ خطر ز ؤریہَن ہُن
9241,چٹور سند خوفزد نبِیَو کور پڈمینی الادِنَس تسلیم کرنُک خیال۔
9242,یہِ دُعا چھُ وضاحت کران زِ تٔمۍ پتہ کٔر ترے بٔڑِتھ گڈ۔
9243,یہ چھ پریشان کن ییلہ أکِس مُلکَس تِمَن ہتھیار دِنہ ستۍ بینسہِ منز جنگ حوصلہ کران چھِ ۔
9244,یِم لوٗکن ہیکہِ نہ واضح علامت یا علامت۔
9245,ییلہِ لوٗکھ وِکیس لکھ کرِتھ، وِکیڈیمیا پروجیکٹ چھِ استعمال کرنہ خطر مفت۔
9246,منافع ادا کرنہ نِش بچنہ تہ پننِس مجموعی ایف آئی سی او کریڈٹ سکور بہتر بناونہ خطر، چھِ مہینہ وارِہ وقتس پیٹھ تہ پوٗر ادا کران
9247,انتظامی طور چُھ ریاست 38 ضلعن منز تقسیم کرنہ یوان۔
9248,امہ پتہ کور س کینیڈا فلم باچن تہ ہندی فلم خون آشک منز ز چیزن ہندِ خطر بتھ۔
9249,پینسہ ہیکہ آر بی آیہ ستہِ سونہ منز تبدیل کرنہ یوان ۔
9250,بھیمہ تہ شیطانس درمیان اکھ شدید لڑایہ گٔیہ، ییتہِ ز مساوی طور لڑایہ لڑاکارن رکاوٹ تہ کٔرۍ اکھ تہِ پٹھ کٔر۔
9251,تاہم، فایرفیس چھ تِہندِ ویب سایٹَس پیٹھ اکھ صفحہ فراہم کران یتھ منیَس منز تِہِہ زیاد تلاش انجن ہُند فہرست یِتھ منیَس منز
9252,ییلہِ تِم پروڈیوسر دِیوُن رد کرنہ یِوان یِم پننہِ سکرپٹ قبل کرنہ نِش انکار کران چھِ، تِم چھِ کتابہ دکانن
9253,یہِ چھُ 1980 کس دہلس پیٹھہ جاپانَس منز ساروے کھتہ بوڑ پی سی سی سی بیلر تہِ ۔
9254,تم چھ سسہ جدید زنانہ منز تبدیل کران تہ تمہِ چھُ تمہِ گھرچ سوزان۔
9255,میک ویروس چھُ ڈار موشن پکچرزن تریلوگک ڈیجیٹل میڈیا لمیٹڈ تہ ایوزوم فلمز پیوٹس ستۍ تعاونس منز پروڈیوس کرنہ یوان۔
9256,دشونی گول کیپرن کور پننہِ طرفہ سطح برقرار کرنہ خطر سیووِی، یتھ منز موزیلمن گڈنِکِس نصفس منز ز پتہ
9257,واریاہن بیکٹیریا ہندس طریقس چھ نہ فگوسائٹس ستۍ کھتہ یا مارنہ یوان۔
9258,1660 منز آو چارلس II برطانیہ واپس آو تہ أمہِ سُند تخت حصل۔
9259,ریاستی فاجشی اہلکارن وون زِ موجود سائکلون ہندِس مُلکَس، سکولَس تہ کمیونٹی ہالَس علاو چھِ یِم بچاوتہ خطر ریلف کیمپ
9260,سِکلز اوس کینن بالہ ستۍ بدیمی زخمی تہ کٔرِو اکھ کھیل۔
9261,واریاہ کیکیٹ چھِ یِتھ کٔنۍ زِیاد جری منز روزان، یتھ کٔنۍ زِیاد جری منز روزان۔
9262,مے چھُ ماڈیولر یونٹ سندِس اجلاسس دوران مے کینہہ کینہہ کینہہ کینہہ کینہہ کینہہ کینہہ کینہہ ک
9263,سُہ آو ستمبر 2013 ہس منز چیک ریپبلک ہند موقت ہیڈ کوچ ناو۔
9264,اسامی سندِ فتوُہِ سلیٹن مطبق، اِلٹُتھمشن کور جواب زِ یِتھ واریاہ ادعایات ہندِ دہ س گژھان۔
9265,خر، ریکٹ بال، یتھہ اکھ کھیل، چُھ امریکہس منز تہِ گِندم کرنہ یوان۔
9266,ہندوستنہِ قومی فوجُک جنرل لوگناٹانس آو انڈیمن تہ نِکوبار جزیرن ہُند گورنر بناونہ۔
9267,زیاد بحث کرنہ پتہ چھِ توکرام تہ سنڈری حکومتس ستۍ معاہد کران۔
9268,تِہندِ پروگرامن متعلق مزید وچھناونہ خطر، تہ اتھ لنکس ژھنہ خطر یِم تہہ پننہِ علاقس منز موقعن ہُند طرف
9269,ڈایٹری ماڈل روُد پور کمزِس دوران سۍ سۍ سۍ سۍ۔
9270,یہِ آو ٹرانسلیٹ کرنہ تہ 19 ہمہ صدی کس خرس منز آو رضیاتک ترجمہ۔
9271,ایزھماتور ایزھماتور چھُ کیرالہ، ہندوستان کِس پٹھانماتھیٹا ضلعس منز اکھ گام۔
9272,سفر کرن والین چھِ کیرالہ کِس زیاد تر بندرگاہن منز مسلمان خریدارن تہ روزنگرین ہندِس مقمی علاقن ہنز واریاہ بوڑ موجودگی ریکار
9273,اَمہِ وقتس دوران کٔرِ اِہِلیا باین گوہاد قبلہ حصِل۔
9274,ہم چھٗنہ یقینی زِ تہہ ہیکہِ توہہِ اتھ قرضس ستہِ طویل مدتی ملی بد ادا کرُن۔
9275,"یہِ چھُ تقریباً 245 کلومیٹر طویل تہ اتھ منز چھُ تقریباً 5,410 کلومیٹر کِس ڈرناج علاقہ۔"
9276,تٔمۍ کٔر 1959 تہ 1971 ہس درمیان دوہ ڈویجنس منز واریاہ سیزن گٔیہ۔
9277,س تہ تمہِ سندِس بتھ پٹولمی XIII بنیو مصرچ رہنما۔
9278,تمہِ سنز انتظامیہن کور بٔڑِتھ معیلی تبدیلی تہ کٔرِو واریاہ گھریلو واقعات یِم ہندوستانُک قومی سلامتی متثر کران۔
9279,ہندی، انگریزی تہ اُردو منز چھ واریاہ اخبار تہ دورچ جری کرنہ یوان۔
9280,کمپنی آو 1913 منز ایسنس منز خاندنی کھتہ کاروبار پٹھۍ شروع کرنہ۔
9281,آب و ہوا ہند تبدیلی آب و ہوا ہند تبدیلی چھ زمین ہند آب و ہوا تبدیل گژھان۔
9282,تاہم، واریاہن باقی مُلکن منز چھ یہِ وُچھان غیر معمولی۔
9283,یِم اخراجاتن خطر پننہ بجٹُک تقریباً 30 فیصد بجٹ بناونچ کوشش۔
9284,کرشن دیوا رایا ہُند حکوٗمت چُھ تیلگو ادبک اَہِ ولِس دورس پٹھ زاننہ یِوان۔
9285,شیکھارجی یس ستہِ چھِ اشٹاپادا، گرنار، دیلوارا مندر مُنزِ پہاڑ ابو تہ شترونجیاہس ستہِ چھِ سویتامبرا پنچا تارت
9286,دسمبر 2005 منز کور ایلرڈن بی ایل ستۍ بیلور پٹھ گریجویشن۔
9287,نِپا وِروس بِمِس چُھ اکھ بِمِس وجہ یُس خطرناک وِروسہ ستہِ چھُ۔
9288,روایتی طور، سفر کرن ول رقص ہندِس گروپَس منز سۍ پور پٹھۍ مرد (بہ زیاد برہمن)، یِم گام پیٹھ گام منتقل گٔیہِ تہ ہندو مندرَ
9289,عام علامتن تہ علامتن منز چھِ فیور، ژل، راتہ ہندِس سوتہِ، کھتہ کم، وزن کم، تہ تھکاوٹ شمل۔
9290,مثالہ، اکھ نیٹ شاٹ ہیکہ حریف شٹل لیکس بڑنہ خطر زور دِتھ، ییمہِ ستہِ ہارنگِ ہنز موقع دِوان چھُ۔
9291,کینہہ چُھ زیاد تر کمپیوٹنگ کِس ابتدئی تریخس منز کٔرِتھ ۔
9292,ییلہ تیلہِ پوٗکِس قبضہ تہ یِہ لگتا تھا کہ تِم ہیکہِ سکور کرنُک دور موقعہ ستھ، روُسی فنکارن کور بوڑِتھ
9293,پرتھ تھیسلس منز چھ بلاکس شمل یم تعدادس منز کل 150 چھ۔
9294,ریاستس منز چھ ترے بین الاقومی ہویی اڈ، چتراپتی شیواجی مہراج بین الاقومی ہویی اڈ، مومبیی، ڈاکٹر باباساہب امبڈکر بین الاقومی ہو
9295,سٹافائزر چھِ بُس پیٹھ مختلف پوائنٹن پیٹھ پہاڑ بناونہ یوان۔
9296,سُہ اوس 2589 پٹھ 2566 پٹھہ مٗتمہِ عیسایہ تام مصرُک فرعون ۔
9297,یہِ سننہ پتہ کٔر نارادا وشنوُس ستہِ توہہِ دِژنہ خطر دِژ۔
9298,مے کٔر پننہِ سندِس جیٹس منز پننہِ سندِس سندِس سندِس سندِس سندِ
9299,کیمپنگ (سانتھ/اکھراس)، کھین، آب، صحت، اضفی صحت کی دیکھ بھال، آگ سروس، پولیس، مصیبتہ ہند انتظام ہنز تیری، تہ لوٗکھن ہندِ
9300,یہِ جیوُل اوس مارکیٹ کِس جایہ تہ اکھ شہری پارک جمع کرنہ خطر تصور کرنہ آمُت۔
9301,توہہ کنہِ زِ تہہِ کٔرِو بلیڈ تبدیل کرنہ بھولنہ؟ ونہِ چھِ مے پننہِ چہرس پیٹھ اکھ ژھل۔
9302,پلس سۍ اصلیِس طور بٔڑ مارجن ہندِ قیادت کرنہ آمتہِ ابتدئیات خطر حمایت ہاونہ آمت۔
9303,روزسر چھ امریکی ریاست ٹیکساسس منز اکھ گام۔
9304,مُل پیریار ڈیم چھُ پیریار تہ مُلایار سندِس مُقابلہ منز بناونہ خطر بناونہ یِوان، یِتھہ پِریار نیشنل
9305,ہالی فیکس کور پتہ بینک آف سکاٹ لینڈس ستۍ ملنہ تہ بنو ایچ بی او ایس۔
9306,نوکھایی چھِ کمیونٹی تہ گھریلو سطحس منز دشونی مناونہ یوان۔
9307,یہ علاقہ چھ بمبیی ہائی کورٹ سندِس حِصہ تحت۔
9308,تٔمۍ کٔر یونیورسٹی آف ہاوسری تہ فلسفی کلوج تہ لوس سکول مکمل۔
9309,اِرڈیسن دِیوٗت چیرمن پرومالس اطمینان زِ تِم چھِ رِیاہَن قیم قیم قیم کرنہ یِوان۔
9310,ورینڈاوانس منز چھ یہ دہ خاص پوجا تہ رادھا کرشنن ہند پوٗرتی عادی عادت ستہِ مناونہ یوان۔ ییتہ چھ یہ تہوار شے دہ ت
9311,"مییروتس منز آو اکھ بٔڑ فوجی کینٹنس منز، 2,357 ہندوستنۍ سپاہ تہ 2,038 برطانوی فوج 12 برطانوی فوجن ہندِس گروس ستۍ قیم کرنہ"
9312,ساروے کھتہ زیاد پہاڑ چھٗ ہاؤہ آٹھ یتھ منز اونچائی چھ ۔
9313,فوجی حکوٗمتن کٔر تہِ بے مشور طریقہ رد عمل۔
9314,میکل تہ جین چھ ماریہس شکِر گژھان ییلہ س واپس آسہِ منز پرواز کران چھ۔
9315,بالی ووڈ ہنگامہ کہِ تارن ایدرشَن دِیُت اتھ 2.5 سٹار۔
9316,خاص طور اگر تہہِ بٔڑِ شہرچ دور کران چھِو، توہہِ بٔڑِس پیمانسس منز ٹرپ سٹور چھِ چیزن ہندِ وسیع انتخاب پیش کران، اکثر بہتر مع
9317,1963 ہس منز 18 ونہِ ونسہِ منز کوٗفمنن کور ٹونی کورٹسس ستہِ خاندر۔
9318,کنجور اکھ کنجور اکھ چھ وینکوور، برطانوی کولمبیاہ ہند اکھ الیکٹرانک موسیقی پروجیکٹ۔
9319,تٔمۍ بنو موسیقی ہند شے ژینر: خیل، تارنا، ناکش، گول، قٗل تہ بالبنا۔
9320,شرکرن کور 5 اپریل کس راتہ ڈانڈی منز وقف، ییتہ یاد آو 7 اپریل ختم۔
9321,چنائی منز ایگومور میوزیمس منز آڈیو گائیڈک معیار چھ کم۔
9322,انڈمان تہ نِکوبار جزیرن منز چھ اکھ گرم روُدیی ہندِس کینپی یُس ہندوستنہِ، مِنمارا، مالزی تہ انڈمی کینہہہ چیزن ہ
9323,زنانن ہندِس لیکروس ورلڈ کپ (WLWC) ہُند آغاز 1982 منز۔
9324,ہندوستان چھ ریاستن ہند اکھ اتحاد تہ اتحاد علاقن ہندِ قانونس منز مٗطبق مٗطبق مٗطبق۔
9325,مینو چھ شوک ستۍ پریشان گژھان ییلہ زن ٹینیاہ چھ زند رہیی کرنہ خطر انتظام کران، زندگی قید کرنہ ستۍ سزا دِنہ برون
9326,سُہ چھِ بنیدی طور تامل فلمن منز کم کران تہ چھِ تیلگو، ملیالم، ہندی، کانڈا تہ بنگالی فلمن منز تہ کم کران۔
9327,آرکیوولوجی ثبوت چھ 1500 قبل مسیحس منز علاقس منز انسان ہندس مقبوُلیت ہند موجودگی ہند حمایت کران۔
9328,ییلہِ زن، باقین کور صرف کینہہ فنکار برقرار کرنہ خطر ترجیح یا ہیکہ صرف وقتس منز زائرنہ خطر فنکارن دعوت دِتھ۔
9329,آبس تام آسہ طیارس ترین منٹ لگنہ، ییمہ دوران طیار چلاون ہندِس عملے کور کنٹرول واپس حصل کرنچ کوٗشِش۔
9330,کلاریو چھِ خریدارن ہندِ ڈیجیٹل سیکورٹی خطر بٹ ڈیفینڈرس پیٹھ مبنی اکھ قسم اینٹی وِروس فراہم کران۔
9331,تِمَن ہنز وزنچ پٹھۍ 21 گرام، یتھ منز 5 گرام کُن تہ 16 گرام چلاونہ چھ۔
9332,پٹر بورو کاؤنٹی منز تقریباً 31،000 رہائش گاہن ہندِ علاقس منز طوفان، کٔرِتھ کٔرِتھ تہ ہایڈرو پالس دخل کرنہ پت
9333,پتہ چُھ وُچھان زِ پرتھ آمدنی ہُند ذریعہ چھِ کتھ پونسہ لگان ۔
9334,پارلیمنٹ تہ وزیر اعظم ہند رکن چھٗ ہاوس آف کامنز منز ووٹنگ منز شرکت کرنہ خطر ضروٗرت تہ باقے کاروبارن ستۍ رٹان کرنہ یِ
9335,یہ چھُ جارکھند تہ اوڈیشہ کینہہ حصہ منز تہِ عمل کرنہ یوان۔
9336,ماسچیرانو چھ 2006 ورلڈ کپ پتہ ژور مختلف فیفا ورلڈ کپ ٹورنامنٹن منز شرکت کران۔
9337,مغربی بنگالس منز لوک موسیقی چھ اکثر اکیٹرا، اکھ اکھ سٹارنگڈ آلہ ستۍ یوان۔
9338,یہ ساد ترتیب چھ ہواس منز دخل کرنہ خطر واریاہ کارکردگی۔
9339,مردن خطر اوپی چھ زنانن خطر اوپی کھتہ کم وسیع تہ مختصر۔
9340,یہِ چھِ لکٹہ، لکٹہ، تہ بوڑ تہ اتھ منز چھِ بیکِٹ سکرین۔
9341,مرکزی میزف ستہِ پتہ چھِ کیلڈونین جنگلچ باقی۔
9342,تھراپی ہیکہ شُرِ تہ نوجوان بالغن منز کم کرنہ خطر استعمال کٔرتھ۔
9343,باقی علاقی کھیلن منز چھ الواتہ کال شمل ییتہ واریاہ سپریکل ریکہ ہندۍ آسان چھ۔
9344,مے اوس کتابہ ہند خریدری پیٹھ ڈسکاؤنٹس ہند انتظار کرنس منز خوشی۔ مے چھ یم پیٹھ سات ہندۍ روپیہ بچاونہ آمژ۔
9345,1880 کس خرس منز سۍ تمام ٹکٹ ملبورنس منز۔
9346,کینہہ ڈسٹرٹس چھِ تِمن منز کرم ہندِس تام، یتھ کٔنۍ کرم پوف تہ ژھلوِتھ ۔
9347,یہِ چیک کرنہ خطر کٔرِو پور پٹھۍ دروازہ کھولنہ تہ محفوظ طریقہ دروازہ بند۔
9348,فلور بال آو رسمی طور 1970 کس دہلس کِس خرس منز گوٹھنبرگ، سویڈن منز بین الاقومی تہ زیاد منظم کھیل پٹھۍ منعقد کرنہ۔
9349,یہِ بتہ سہِ گلوکار جاسٹن بیبر تہ بیلی ایلیش ہندِ ترمیم۔
9350,سیاحن ہندین ہندین ژنہ آمت گرمی چھ سٹلاگمیٹک سائزس متثر کران۔
9351,پلمونری کِس كِس كِس كِس ٹیسٹَس منز ہیکِہ ہویی بہاؤ ہُند حد، محدود ضِل، کم پھیلاؤ ہُند صلاحیت، مِشکلہ ك
9352,انوج چھِ بِگ فٹ سٹی ہُند کِس کِس حصہ تہِ، اکھ سنیما پلے یُس مہاش دتانین نیٹ فِلیکس انڈیا خطر لکھوِتھ تہ
9353,سنکیگھٹہ اوس اکھ تریٖخی جین سینٹر تہ اوس سیٹرو خاندان، سامانتا راجس سندِس کنٹرولس تحت۔
9354,امہِ ترمیمس دوران پننہِ ستہِ مہرِ نِش نِشمِلچ ممکنہ نقصان چھ مے واریاہ پریشنی ہُند سبب بنان۔
9355,پاکستانن کور ہندوستانس منز برآمد کرنہ بجایہ پننہ مقمی مصنوعات پروسیس کرنہ خطر نوو فیکٹری تہ قیم۔
9356,ییلہِ نینیٹل مُلکُک مشہوٗر پہاڑ سٹیشن تہ ضلعہ ہڈ کوارٹر تہِ چھِ نہ انتظامی دفترن خطر کفی کُلو جایہ۔
9357,جموں و کشمیر چھِ تہِ پننہِ منظرنی زیاد، پھول باغ، سیپل مزارع تہ بییہِ خطر مشہوٗر۔
9358,ربطن ہند فروغ دِنہ خطر ہیکن مُلکن پروٹیکشنزمس منز باپتھ تجارت کرنس منز اتفاق کرِتھ۔
9359,چاندی گڑھ جنکشن ریلوے سٹیشن چھ ہندوستنہ ریلوے نیٹ ورکچ شملی ریلوے زونس منز واقع تہ چھ ہندوستان کین زیاد تر علاقن ہندس ستۍ ر
9360,سُہ آو خری وچھِتھ ریڈ شارتھ ستۍ نمبر 3 ڈویین وادی میامی ہیٹ جرسی ہندِس پوشِشِس منز۔
9361,ہیموتی چھُ کرناٹک نزدیٖک جنوبی ہندوستانَس منز اکھ دریاو تہ کیوری ہُند اکھ اہم تِفریٖفری۔
9362,اکھ جنوبی کوریا تہ ترے شملی کوریاہ فوج آو اِکشنس منز مارنہ ۔
9363,ییلہ زن، اکہ زندِ شخصیت (رادھا) ہُند اکھ منفرد کم چھِ سکونس منز پننہ مصیبت رُکُن، ییلہ زن باقی زندِ ہُن
9364,اتھ منز چھ بٔڑ ہیڈ لائیو، واریاہ مختلف بیک لائیو، تہ واریاہ بییہ ہوا۔
9365,بیزفید بیزفید چھٗ نیو یارک شہرس منز واقع اکھ انٹرنیٹ میڈیا کمپنی۔
9366,مے چھس پانس پیٹھ واریاہ پونسہ بیکس پیٹھ خرچ کرنہ خطر مکمل طور غصہ محسوس کران ییلہِ وچھہِ چھِ یِہ لَگہ یِ
9367,"روُتھ چھُ اکھ بوڑ زنانہ جسم بناون ولہِ ""سٹرنگ آرمس آف ڈی ما"" ایڈیشنس منز اکھ ظہر کران، ییمہِ سٹیرایڈ استعمال کرنہ خطر"
9368,اگر توہہِ طویل عرصہ خریدار اوس، توہہ ہیکہِ کم شرحس پیٹھ تجارت کرنس منز کامیاب ستھ۔
9369,دیو زیوٗن 16،4425 ہس منز اننگ بولنگ پیشکش ستۍ ہندوستان خطر میچ۔
9370,1960 منز آو یہِ چرچ رونہ ییلہِ حکومت ڈیم بناونُک فیصلہ کورمُت۔
9371,انڈیمک علاقن منز ہیکہ جنگلی پولیو ویروس تقریبا پور انسان آبدی ہیکان۔
9372,فلمہ منز گڈنچ مارکیٹس منز 2000+ سکرین تہ مغربی تہ پوُر دنیاہس منز تقریباً 2550 سکرین ستۍ 550 سکرین ریلیز ۔
9373,مے چھٗنہ یوان ز کینہہ لوٗکھ چھ کریڈٹ کارڈ قرض جمع کران۔
9374,کنہہ خون یا ملِہ ہیکوِہ خراب اکٹوپک حاملہ ستہِ ولِتھ ۔
9375,گر چھِ انٹرایٹ پوائنٹ پیٹھ تقریباً 10 منٹ پیٹھہ ۔
9376,ڈاکسیسیکلین تہ رفیپسیسن ستۍ مٗتبادلتی تھراپی چھنہ مٗمکن انٹایگنزمہ کِنہِ وجہ ستۍ مشور کرنہ یوان۔
9377,کرسٹڈ سکابیہ منز چھٗ نہ نہ کرسٹڈ سکابیہ منز چھٗ زیاد وائرلٹہ یوان ۔ تاہم، یِم چھِ ز ملین تام واریاہ زیاد تعداد۔
9378,"اَمہِ مطلب گٔیہِ پتہ ""جسمس پیٹھ کینہہ چیزہ یُس تِہِہِ ہُندِس تِمَس منز پور تھاونہ یوان۔"""
9379,ڈریم کاسٹ خطر اکھ بندراہ بنونہ، مگر یہ آو منسوخ کرنہ۔
9380,یہ کھیل چھ ٹی آوموٹو تہ ہسٹنگز منز دن کلبن منز گِندنہ یوان، یتھ نیوزی لینڈ ٹگ آف وار ایسوسیشن ستۍ حمایت کرنہ یوان
9381,کینیڈین کینی ایوسیشن آو 1900 منز قیم کرنہ تہ 1936 منز برطانوی کینی یونین قیم کرنہ۔
9382,یہِ کٔر اصلی ہیڈکوارٹر 1 انفینیٹ لوپس منز جایہ، یُس 1993 منز کھولنہ آمُت۔
9383,تمام 24 مسلمان شہری تنظیمن ستۍ اکھ متبادل معاہدہ آو 2 فروری 2013 ہس منز حتمی طور قیم کرنہ ییلہ حاسن پانژھ سنیزن ہندِس منز تبدیلی
9384,بڑن، بدلہ، تِم چِھ تِمَن کینڈی، ستہِ تہ لکٹہ رقم ستہِ جری کران۔
9385,یہِ چھُ ونان زِ اتھ پیٹھ چِھ اتھ کارس منز موقتی پٹھۍ تہ یہِ چھُ ونان زِ اتھ منز چھِ ونڈو تہ سورچ ستہِ تہِ ۔
9386,ہوییی اڈس منز ریکارڈ کرنہ آمتہِ ساروے کھتہ زیاد درجہ حرارت س 18 جولایی 1978۔
9387,مغربی بنگالس منز چھ انسنی ترقی ہندس انڈیکس منز ہندوستنۍ ریاستن منز 28 ہُم ساروے کھتہ زیاد درجہ بندی تہِ، یتھ منز انڈ
9388,مراتھس منز 1771 منز شاہ الام دوم یس آو کرنہ برونہہ دِلہِ ۔
9389,تاہم، 1990 کس دہلس منز، خاص طور بڑن ولۍ تہ زیاد الگ گڈن ہندین آبدی منز، یہ عمل موجود۔
9390,یہِ چھُ ضمانت زِ ٹی ڈی ایس چھُ مستقبلس منز اکھ فعال کریپٹوگرافی معیار تہِ باقی۔
9391,تٔمۍ وقتہ کٔر تٔمۍ عام ریلویٹی تہ میٹمی میزیکل فیزکسس منز کم۔
9392,کُنہِ کُنہِ کُنہِ پوسٹولائٹس چُھ نہ درست مگر تِہندِ نتیجہ خطر چُھ ضروری۔
9393,یِمَن کینہہہ ملہِ ہندِ ہندِ ہندِ ہندِ ہندِ ہندِ ہندِ ہندِ ہندِ ہندِ ہندِ ہندِ ہندِ ہندِ ہندِ ہندِ
9394,تٔمۍ کٔر پننہ معاصر پریمس نیرس ستۍ ز دہیی کھتہ ز دہیی کھتہ زملہ فلم انڈسٹریس منز غلب۔
9395,2016 منز بنیو مکھڈو اکھ امریکی شہری۔
9396,یہ چھ ہندوستنۍ زیاد قبلس تہ باقی یتھ منز ایشییی مُلکن منز مقبول۔
9397,یہ صرف منفرد طور درجہ بندی کرنہ یوان اگر کانہہ باقی مُقابلہ دارن اتھ رقمس پیٹھ اکھ بڈ ڈالنہ آمُت۔
9398,یہ چھ کولکتہ کِس أکس سلمس منز لوٗکھن ہندِ زندگی پٹھ مبنی۔
9399,شری انیرودھہ اوپاسنا فاؤنڈیشن (مممبیی، ہندوستان) چھ یِم قدیم ہندوستنۍ مارشل آرٹس فارمَن ہُند تجدید کرنُک کوٗشِش کران تہ
9400,ریکسیشنن ہند وجہ ستہِ چھِ عظیم افسردگی پتہ ساروے کھتہ بوڑ اقتصادی تباہی۔
9401,ماجہ تریساہس کور 1962 ہس منز رامن مگسکوشن صلحہ تہ 1979 ہس منز نوبل صلحہ ہندس اعزاز شمل واریاہ اعزاز۔
9402,خرچ کم کرنُک بییہ طریقہ چھِ گھرس منز کھتہ خطر کھتہ خطر تجارت کرُن۔
9403,کیننی چھ پٹھۍ پٹھۍ یا شرابس ستۍ مکسڈ شراب بناونہ خطر مکسڈ کرنہ یوان۔
9404,باہو کٔر لڑایہ شروع، لہذا مے کور بے اراشی سان واپس لڑنہ۔
9405,تامل نوِ ؤرِ دوران ریلیز کرنہ آمتہِ، یہِ اوس مثبت جیز باوجود باکس آفسس منز مایوس۔
9406,اگر توہہ نہ توہہہِ توہہہِ چھِوو نہ دکانس منز گژھنہ برونہہ آرڈرچ مجموعہ قیِم کرنہ خطر چھنہ
9407,مے چھ افسوس ز تہہ چھ محسوس کران ز ییلہ علاجہ پتہ 21 دہہ بدلہ 45 دہہ کھتہ کھتہ کھتہ خطر پوٗر
9408,تٔمۍ کٔر 1 مارچ 1815 پاریس منز اکھ حیرت انگیز ماریہ۔
9409,سیاست نِش نِش گژھنہ پتہ، تٔمۍ کٔر پننہِ بٔڑِس ملِس پٹھ سکتہِ زندگی روزان، پننہِ نِکنچِ
9410,پولیسن کور وضاحت زِ کونال چھُ قتلس منز اکھ مشکوٗر تہ چھُ أمہِ گرفتار کرنچ کوٗشِش کران۔
9411,دلہ ہچ تقریبا 49% آبدی چھِ کینہہ شہری سہولتہ ورنہ ورنہ ورنہ ورنہ ورنہ ورنہ ورنہ ورنہ
9412,علاقہ منز باقی ریاستو کور ساحلس پیٹھ شروٗعات تہ اندرونی علاقہ بڑو۔
9413,روزنچ قیمت چھ کم، تہ اجرت تہ اجرت چھ موجستنی۔
9414,افسرن ہند مطبق، یہ دوبار کھولنہ خطر واریاہ دہ لگتھ، یتھ منز واریاہ زمین تہ تِمن ہندِ نتیجس من
9415,تالاسیمیا ہس منز کم علم ور مٗلکن منز بیمارچ بٔڑِتھ وجہ ستہِ ہیکہِ صحیح علاج تہ تشخیصس منز آسہِ مشکل آسان۔
9416,نینو کوری (2017) اوس اکھ فلم یتھ منز نانی تھامس ستۍ اکھ بار اکھ ستۍ اداکری کران، تہ فلمس منز اَدھی پینیسیٹی تہِ اکھ اہم کردار ادا کر
9417,این ایس ایل پی ویب سایٹ چھِ تہِ پننہِ شُرین خطر کم قیمتہ صحت مند کھتہ تہ کھتہ کھتہ خطر کھتہ خطر کھتہ
9418,ملبورن آیہِ میچس منز ایڈیلیڈ یونائیٹڈس پیٹھ 6-0 زیننہ ستۍ تہندِن ز لیگڈنہ آمتہِ نصف فائنل منز۔
9419,2017 ہس منز آو یہ فنکار ڈونالڈ ٹرمپ، ریاستہائے متحدہ امریکہک صدرس پیش کرنہ۔
9420,1913 منز کور محمد علی جیناہ مسلمان لیگس منز شمل۔
9421,ٹریور زاو نیو یارک سٹی منز کلیر ویملنگرن۔
9422,جولائی 2010 ہس منز آو گڈنِک ایشییی ایل ایتھلیٹکس چیمپئن شپ منعقد کرنہ۔
9423,1915 منز شنگ سونگ کِس طورس پٹھ زامُت، وای آو چینی انیمیشن ہُند بنیدی منز اکھ درجہ بندی کرنہ۔
9424,1967 کس ریاستی مجلس انتخابس منز آیہ تمام سوسیالیسٹ پارٹی ہند ختم کرنہ تہ سی پی آیہِ مخالف پارٹی ہندِ حیثیت کھوم۔
9425,یہِ چھُ امریکی تریخس منز ساروے کھتہ زیاد تریخی مقامات منز اکھ وچھان۔
9426,کشتی، آبدی کھیل، ریسٹورینٹس تہ ریسورٹس چھِ رجکمل ٹورزم تہ زیتون ریسورٹس کِس خاننڈی جھیٖلَس منز کم کران۔
9427,جارجیاہن کور موقتاً ایرانس منز تمام پروازن منز تہ بند۔
9428,2010 چہ مردم شمری مطبق سہِ 444 لُکھ اتھ منز روزان ۔
9429,اتھ منز چھ اکھ بوڑ مجسمہ شمل یتھ منز باغن ہندس سطحس پیٹھ نظر چھ۔
9430,یہِ چُھ بدلہ ہائپرٹی ہائریڈزمُک کلینیکل علامت تہ تیرایڈ گلینڈک بڑچ وجہ بنان، یُس گوتھِر پٹھۍ وُچھنہ یوان چھُ۔
9431,سُہ اوس 1990 ہس دوران ملیالمس منز صرف اکھ ریلیز، یُس وینا میٹییا ویلنگوکال اوس، ییمیک ہدایت کری کوچن ہنیفاہن ہندِس ہد
9432,تہہ چھِو پننہِ پیشورانہ ونان تہ ونہِ تہہ چُھ نہ وقتس پیٹھ ٹایرچل (منیجر) پرتھ۔
9433,واریاہ تجری ویکسین چھِ دستیاب، یتھ منز اکھ ملِک اکھ چھِ زنہ ویکسینشنس منز استعمال گژھان تہ پیڈم ایچ 1 این 1 (2009) خلاف ویک
9434,اگر تہہ پرنٹر ماڈل، برانڈ، یا ٹایپ چھِو، توہہ ہیکو اتھ پرنٹرس خطر بہترین قیمت آن لائن ژھیننہ خطر گوگل سند
9435,ٹوڈا ٹربلن ہندۍ بناونہ آمتہِ مقمی ہندۍ ہندۍ ہندۍ ہندۍ ہندۍ ہندۍ ہندۍ چھِ منفرد
9436,پتہ اوس جگات سنگھ مڈھو سندِس طرفہ مالہار راؤ ہولکر رٹنہ یِتھ ، ییلہِ زن جیپپا راؤ سکیڈینیا اوس اسواری ہُند حمایت
9437,ہم ہیکہ اتھ گامس منز وشیشٹا برہمارشی مندر پایتھ ۔
9438,کرسمس ہُک رویتی حصہ چھُ تھیٹر تفریٖقی۔
9439,ؤرین دوران چھ یہِ پرتھ ؤرۍ ہتھیار کھتہ زیاد گژھان۔
9440,مرد چھ مختصر پٹھۍ ہندِ ہندِ ہندِ ہندِ ہندِ ہندِ ہندِ ہندِ ہندِ ہ
9441,تمام بٔڑ کمپٔنیَن چھِ ہیڈکوارٹر یِم کاروبارچ کنٹرول چھِ ۔
9442,تٔمۍ کٔر 1789 تہ 1797 ہس درمیان ساتہ بییہ کمٹ دریافت۔
9443,سُہ اوس 2004 پیٹھ 2009 تام مغربی بنگالُک 22 وُہِ گورنر۔
9444,لہذا، تمہِ سندِس دورِ حکومتس دوران آو موغل حکومتس تحت اکھ چند ثقافتی سلطنت ہُند بنیاد بناونہ۔
9445,ستنامی، ییمۍ گُرو گَہاسِڈاسَن پتہ آو، اکھ سُند یُس خطر خطر تہ کاسٹ نظامَس خلاف بھاکتی پیش کورمُت
9446,"دستاویز کِس اوپرس پیٹھ، تہہِ ہیکو گڈنِک پارٹہ منز ""پرومسیسیوری نوٹ"" عنوان تہ پتہ مٗتبِق معلومات شمل۔"
9447,والکر گُزریو 92 وُہُر چولا ویسٹا، کیلیفورنیاہس منز دلچ ناکام گژھنہ ستہِ۔
9448,نیپال کِس زیاد تر شہرس منز چھِ ریویتی کانسٹر منعقد کرنہ یِوان، یتھ منز کَتھمنڈو، نارنگارھ، پوکھارا، اِتھاری، ہ
9449,نیجری ہنز گیمہ ہنز ساروی کھتہ بہترین موقع اوس گڈنِک نصفس منز تہ۔
9450,مے وچھۍ نٔو صحت ہندِ مرکز تہ اوس امیُک سہل تہ امیُک صافیت ستہِ متثر۔
9451,دسمبر سی اے اے ہُک اکھ رپورٹَن منز چھِ ایجنٹَن ہندِس کاروبارس منز کُنہِ واریاہ واقعاتہ وچھان۔
9452,ٹایمز آف انڈیا ہندِ میینا اییرن دِیوُت 5 منز 3 تہ کٔر اتھ فلمہِ ہنز اِراد بیان تہ بنوِر چھِ اکھ۔
9453,پتہ چُھ گاڑِ ہُند رفتار زاننہ یِنہ یِنہ یِنہ یِنہ یِنہ یِنہ یِنہ یِنہ یِن
9454,دنیا کین تمام حصن منز سیاح ویتھری تہ وایانادس منز باقی سیاحتی مقصدن ہندس زیاد مز خطر ویتھری منز روزان۔
9455,مے چھس سوال ز مینس انشورنس چھ صحت سینٹرس منز تمام ضروری علاج پوٗر۔ مے چھس یقینی بنون ز مے چھس نہ کانہہ غیر متوقع ملی بڈ۔
9456,6 اگست 1965 ہس منز کور امریکہ ووٹنگ رِٹس ایکٹ پاس۔
9457,اتھ برونہہ آو واشنگٹن، ڈی سی خطر اکھ برونہہ اضفی اعلان۔
9458,اگلی ساروے کھتہ بہترین پیشہ ورانہ اقدامات چھِ دھوکہ کنٹرول کرُن۔
9459,کرم تہوار چھ عام طور بھادرا (اگست-سبت دسمبر) مہرس منز چہِ ژھلیووِل پرنما (پورینما) ہُند دہ بھادو اکادشی پٹھ
9460,اکہ لکٹہ نمونہ پتہ کور تٔمۍ فنکارن ٹیم ایس اے ہس منز آواز دِنہ خطر وون، ییمہِ تِم کٔر۔
9461,بودھ چھِ اژھنہ بد خلق بناونہ ستۍ کرنہ یوان۔
9462,سارجی خطر چھ یہ ریویتی یوان زِ أمہِ سندِس ملِس ستہِ چھِ روزگار زنس ستہِ سوزنہ یا دِنہ یوان۔
9463,زیاد تر ممبر زبانن منز چھ نمبر تہ متن بناونہ خطر آسنی پٹھۍ مدد۔
9464,ریاستس منز چھ 12 نیشنل پارکس تہ وائلڈ لائیف سینکچرین، یم ریاست کل علاقہ ہند 13.8 فیصد حصہ چھ۔
9465,یہِ منز چھِ عام طور 12 کھلڑِ، پرتھ وقتس پیٹھ چھِ 6۔
9466,"تری، ییمہِ وون زِ سُہ اوس ادعایاتن متعلق ""غصہ تہ پریشان""، اوس یہِ ماننہ یِوان زِ تِم کِنہِ ولہِ ""برِ"
9467,زنانن ہندس دورس پیٹھ چھ اہم ٹورنامنٹ عالمی زنانن ہندس سنوکر چیمپئن شپ۔
9468,ڈٹ مُود 7 جولایی 2021 کولکتہ منز 95 وُہُر ۔
9469,پتہ، 21 ستمبر 1949 تس منز کور تٔمۍ اکھ مرکب معاہدہ دستخط، ییمہ ستۍ سلطنت ہندوستانس منز ضم کرنہ، ییمہ ستۍ یہِ حصہ سی
9470,کابدی اوس 1951 منز گڈنِکس ایشیییی کھیلن منز اکھ نمہ ایونٹ پٹھ گِندنہ آمتہِ تہ دوبار 1982 منز، 1990 من
9471,ساؤٹ بریج چھ امریکی ریاست ماساچوسٹس منز اکھ شہر۔
9472,امیُک آنالوگ طبیعت چھُ واریاہ مسلہ ہند وجہ تہِ۔
9473,سلطنتی صوبن ہندس علاو سۍ اتھ علاقن منز الوپ، گنگا، بینا تہ سینڈراکس ہندِس قبضس ستۍ حکوٗمت کٔرم
9474,مردن ہندِ ڈبل چھِ بڈمینٹنُک سارِوی کھتہ زیاد حملہ آور شکل، یتھ منز طاقتور جپ میش تہ واریاہ تیز ردعمل ہند اِباد چھے۔
9475,سُہ گٔیہِ پننہِ ماجہ ہیلن ستہِ اکہِ شُرِ ونسہِ ونسہِ منز کیلیفورنیا منتقل۔
9476,انڈو کیریبین کمیونٹی ہند ڈرامر یِم نِیو یارک سٹی منز فگوا (ہولی) منز جشن منز چھِ ۔
9477,افسر چھ گیمچ قونوُن پیٹھ عمل کرنہ تہ کلک پیٹھ نگرنی کرنہ خطر ذمہ دار۔
9478,ہندوستانس منز چھ عومی منز جذبتی ہندس ہندس ظہر کرنہ یوان۔
9479,مے کٔر مے پننہِ موبائل پیٹھ اکھ پیغام ز گیس ایجنسین کور مینس آرڈر منسوٗک؟
9480,ویب پیٹھ ساروے کھتہ بوڑ تلاش انجن چھُ گوگول پننہ مختلف خدماتن ہندِ ذریعہ پرتھ دہ 200 ملین کھتہ زِیاد سوال رٹنہ
9481,یہِ وِزِ ہیماکل پردیشس منز آبدی ستۍ مقمی عمارتہ ہندِس دور گژھان چھِ ۔
9482,اگر مٗمکِنہ یِہ، توہہِ ہنزِ لکٹہِ وقتس تام ہنزِ لکٹہِ ہنزِ لکٹہِ ۔
9483,س اوس ماحولیتی انتظامک انحصار کرنہ کس عملس منز ذمہ دار۔
9484,فوٗوا سیکنڈری سکول : فوٗوا سیکنڈری سکول چھُ سنگاپور کِس جورنگ مغربس منز اکھ سکول۔
9485,اکھ کھتہ كِنہِ وجہ ستہِ چھُ س پننہِ وحدِ نیچِ گوروڈاہس منز کھتہ خطر پیش کرُن۔
9486,"تخمینہ چھُ یِوان زِ اتھ علاقس منز چھِ ونسہِ 400 بنگال ٹایگر تہ تقریباً 30,000 کھتہ کھتہ کھتہ کھتہ کھتہ"
9487,ہینمن زاو 25 ستمبر 1956 مارشال، میشیگن منز۔
9488,شمالس منز چھ یہِ بٔزیٖن شولیارِس اِدمالہ دٔریاو پیٹھ الگ کران۔
9489,یہ چھ شہری علاقن منز اچھی سان مُطبِق، تہ یہِ ہیکہ زِکا فیور، ڈنگو فیور تہ چیکنگوُنیا شمل باقی بیمار تہِ منتقل کرُن۔