ID,kashmiri_text
1,اتھ منٛز چھ رابرٹ لنڈسے دنٛدن ہنٛد معالج بین ہارپر تہٕ زوے وانامیکر سوسن ہارپر سنٛد کردار ادا کران۔
2,"جیکب چُھ پنٛنِس پیٚترَس لبنس خٲطرٕ کٲم کران تاکہ سُہ ہیٚکہِ أمۍ سنٛز کورِ راحیلس سۭتۍ کھاندر کٔرِتھ۔
"
3,2002 پؠٹھٕ 2016 ہس تام اوس سہ ارجنٹینا ہک جنرل آڈیٹر۔
4,امیوٗک مطلب اوس زِ ہواوے ہِیو٘ك نہٕ امریکی کمپنین سۭتہِ کاربار کرِتھ ۔
5,"یہِ چھُ وۄنہِ  مردَن تہٕ زنانَن ہٕنٛدین  کلب ٹیمَن باپتھ ساروِی کھۄتہٕ بوٚڑ آٮٔی ایف ایف اِوینٹ۔
"
6,زنگار سلطنتٕکۍ خان گلدان بوشوگتو خان سنٛز کمک ہنٛد مدتہٕ سۭتۍ کوٚر تبتی باشندن 1684 منٛز دوبارٕ حملہٕ۔
7,مِثالے ، ٹایلیٹ  پیپر یَتھ مۄچر  یا زِیٛادٕ شیٹ آسن تَتھ ہٮ۪کہِ کم شیٹ والہِ او٘ك تٲشی ٹالیٹ پیپرٕ کھۄتہٕ تھو٘د اكٲیی قٲمتھ ٲسِتھ ۔ 
8,"لہذا اگر بولۍ دِنہٕ وول بولۍ لگاونہٕ وِزِ عملی طور  موجود چھُنہٕ، تیٚلہِ کرِ پانَے بولۍ تمۍ سٕنٛدِ طرفہٕ مُقرر رقمَس تام کارکردٕگی ہُنٛد مظٲہرٕ۔
"
9,عمر فاروق عبدالمطلبَن کوٚر آز ریاستہٲئے متحدَس منٛز أکِس عدالتَس برٛونٛہہ کَنۍ نارتھ ویسٹ ایئر لائنز پرواز 253 ؤڑاونٕچ کوٗششہِ ہٕندِس الزامَس منٛز 'مجرم چھُنہٕ' آسنٕچ گُزٲرِش۔
10,لکشدیپ جزیر انتظامیہ ہک مسٲفر جہاز ایم وی امیندیوی چھ اولڈ منگلور بندرگاہس پیٹھ رکتھ۔
11,علاماتن پیٹھ مبنی تشخیص ہیكہِ شكاور ٲسِتھ  تہٕ امیوٗك تصدیق چھُ خوُنكہِ ٹیسٹ تہٕ ریڈیو آیوڈین جزب کرنہٕ سٕتہِ سپدان ۔
12,زٕ نیٚچوۍ ٲسۍ پنٛنس مٲلس خٲطرٕ تہ  ژھانٛڈنہٕ خٲطرٕ تیار ییٚمیک تٔمۍ پورٕ زنٛدگی خواب اوس وچھمت-احترامٕچ حتمی علامت۔
13,اوٚش غدودَس چُھ اُوش کہ شریانہ  کِنیۍ خون واتان، یہ شریان چھُ أچھ ہندِ شریانک اکھ شاخ ۔ 
14,"ایبٹَن کوٚر مذاق سۭتۍ شروع زِ وٲحِد جمناسٹکس یَتھ منٛز سُہ حصہٕ چھُ نِوان سُہ چھُ زبٲنی جمناسٹکس۔
"
15,سہ چھ ڈایری ہٮ۪تھ بالکونی پؠٹھ وۄٹھ دنک فٲصلہٕ کران۔
16,سکوُلٕکۍ  لنچ چھ سیٹھاہ بے٘ مزٕہ ؛ بہٕ چھٗس نہٕ پان یَم كھینہٕ خٲطرٕ انِتھ ہیكان ۔ 
17,"لوہارو قلعہ، یُس 16 ہِمہِ صٔدی منٛز بناونہٕ آمُت چھُ، چھُ ہندوستان کِس ریاست ہریانہ کِہ لوہارو قصبس منٛز ریاستی محفوظ آثار قدیمن ہُند یادگار۔
"
18,وِواہ  پنچمی چھُ رام تہٕ سیتایہ  ہُنٛد خانٛدر مناونٗك اکھ ہیندِ تیوہار ۔
19,سونالی چھےٚ کمپنی بدلہ ہٮ۪نک ارادٕ کران۔
20,ٹیمن زیوٗن 2009 NJCAA  نیشنل فٹ بال چیمپین شپ ۔
21,"ڈی ایس : لہازا چھٗ بی ڈی ایس ایم تِیوٗتھ كان٘ہہ چیز یتھ  متعلق تو٘ہہِ كوشاں چھِو ، توہہِ زونوٕ توہہِ چھِ صلٲحیت، تہٕ بنوو یہٕ اکھ پیشہٕ؟
"
22,مےٚ چھٗ  اڈِجہِ  ڈاکٹرو وارِیاہ دوکھ دیُتمٗت۔
23, پکھشن ہُند یہ پناہ  گاہ، یُس پکھش وچھنہٕ باپت بہترین چھِ، وندَس منٛز چھِ تَمہِ وِزِ بہترین سٲل جاے بنان ییٚلہِ واریاہ      ہجرتی پکھش چھِ اور یِوان۔
24,مےٚ اوس نہٕ ٹیبلس پیٹھ ییژاہ تیز ڈلیوری ہُند توقع، خاص طور از شامس ریسٹورانٹک شورٕ دار ماحول وچھتھ۔
25,"سویڈیٲییو٘ دِیوٗت بڈِس   پیمانس پیٹھ دِیوٗت ، تہٕ رازدانہِ اوسلوس انٛد پٔکہٕ پھہلییہِ كلب ۔
"
26,ییلہ بہٕ امیر لکن کن وٕچھان چھس یم کنہ تِہ طریقہٕ پونٛسہٕ کماوان چھ، مےٚ چھ نفرتک احساس گژھان۔
27,گۄڈنکۍ مشکوٗک کیس آیہ 31 دسمبر 2019 ڈبلیو ایچ او ہس نش رپورٹ کرنہٕ۔
28,أمۍ سُنٛد اَکٕے خواب چُھ فلم پروڈیوسر-ڈایریکٹر بنُن۔
29,گرینڈ فاینلن منٛز زیوُن تمِہ سنگلز تہٕ ڈبلزس منٛز سۄن ۔
30,ڈک ٹرومس متعلق چھ ٲٹھ فلمہٕ بناونہٕ آمژٕ ،حال حالٕیہ  2010 ہس منز ۔
31,"شانتنو ہدیکر تہٕ ابھیشیک کھنڈیلوال سٕنٛدِ وایی آر ایف سٹوڈیوَس منٛز رَلاونہٕ آمٕتہِ تمام بٲتھ ۔
"
32,"لکی چارمز چھ اناجک اکھ امریکی برانٛڈ یس جنرل ملزن بنوومت چھ۔
"
33,"روو زاو 18مارچ 1962 ٹھس منٛز بالٹیمور، میری لینٛڈس منٛز۔
"
34,یہِ تہوار چھُ ہیٚنٛدِ کیلنڈر مُطٲبِق اکتوٗبر یا نومبرس منٛز آسان۔
35,یہ چھ تکلیف دہ ز کمپنی کتھ کٔنہِ کوٚر  لوکن بے وقوف بناونہٕ خٲطرٕپرامڈ مارکیٹنگ ہنٛد استعمال۔
36,یہٕ چھ خیال یوان کرنہٕ ز گیلی پولیس پیٹھ اتحادی فوجک حملہٕ ناکام گژھنٗک اکھ وجہ چھ سکروی۔
37,یہِ چھٗ اہم زِ تِمن انصرن یِم نیروپیتھی ابتر بناوان چھِ تہٕ یِمَن وجہَن درمیان یٖی فرق کرٕنہِ  یمو٘ سٕتہِ علاماتھ بنان  چھہِ تہٕ تِم وجوٗحات یم پرداكھ كرنس سٕتہِ وابسطہٕ چھِ  ۔
38,امہِ کِنہِ کوٚر پٗشیہ مِترن سنگھرام تباہ ، تتہِ  مٲرِن  بو٘دھ پٲدٕرِ  تہٕ در٘او ۔
39,یم ہیکن شوشن ہنٛد کینسر ، دلٕچ بیمار تہٕ واریاہن بیمارین ہنٛد سبب بنتھ ۔
40,"زیادٕ اوسوُدٕ حال  محلن منٛز تھر٘فٹ سٹورن منٛز چِھ شہر کین باقی حصن منٛز تھر٘فٹ سٹورن ہنٛدس مقابلس منٛز بہتر معیارٕکہِ فرش  آسان۔
"
41,کارپس کیورنوسم جایہ ستر  چھِ مردانہ کارپس کیورنوسمس ہوی آسان ۔
42,تِم چھِ مویوُس گژھان تہٕ چھِنہٕ باقین برٛونٛہہ کنہِ کھٮ۪و٘ن یژھان۔
43,ٹرنر کہ علاج کس طریقس منز چھ آکسینڈرولونک اضافہٕ چھُ حطمی قدس  منز تقریبا 2 سینٹی میٹر (1 انچ) اضافہٕ کران۔
44,"تِم ہیکَن سٹوو ٹاپس پیٹھ یا لوٚتس کُکرَس منٛز رننہٕ یِتھ۔
"
45,بہٕ ہیٚکہٕ نہٕ ایم۔ ایس دھونی تہٕ أمۍ سند ٹیم گندان وچھن زیادٕ پرجوش ٲستھ۔
46,امہ پتہٕ ٲس شٗبھ  لابھس رکشا بندھنس پیٹھ راکھی گھنڈنہٕ خٲطرٕ سنتوشی ما ناوٕچ اکھ بین۔
47,اگر کانٛہہ بچاو کرن وول پنالٹی ایریا اندر حریفس پؠٹھ تشدد سان حملہٕ کران چھ، تیٚلہ چھ پنالٹی شاٹ دنہٕ یوان۔
48,"لا بریا  کین ٹار کھۄڈن منٛز لبنہٕ ینہٕ وٲلۍ کرنز ٲسۍ کم و بیش مکمل۔
"
49,"ہندوستانَس منٛز تِہ چھِ واریاہ کَنہِ یِم نیم قۭمتی چھِ مثلاً زوئسائٹ، اپوفیلائٹ، کیوانسائٹ، مسکووائٹ میکا، المنڈین بیترِ۔
"
50,مےٚ گوٚو حٲرتھ ییٚلہ مےٚ وٗچھ ز یٗس پیکج مےٚ واپس کوٚر سٗہ ووت نہٕ زانٛہہ تہ تہنٛدس گٗدامس منٛز!
51,"بہر حال، خدماتن ہِنٛدۍ قیمت، یِتھ کٔنۍ زن پلمبِنٛگ، ہیٚکہِ تٔھدِس پیمانس پیٹھ مختلف ٲسِتھ، تہٕ تۄہہِ پَزِ آن لایِن قیمتن ہُنٛد موازنہ کرُن یا أندۍ پٔکۍ کال کرٕنۍ۔ 
"
52,"یہِ جسمٲنی زبان چھِ اِشارٕ کَران زِ تُہۍ چھِو نہٕ أمِس پننِس دۄہَس منٛز دعوت دِوان۔
"
53,یہِ ٲس بیٚلٹالہ گٔرلز ہایہ  سٔکوٗلٕچ طالبہِ عٔلِم ییٚتہِ پیٚٹھٕ أمہِ سیكنڈری  اِمتِحان پاس کوٚر۔
54,"لیوسَن زینہٕ دوٚیمِس راؤنڈَس منٛز ناک آؤٹ کٔرِتھ لڑایہِ۔
"
55,یہ اوس یونین فوجس خٲطرٕ اکھ حٲرانگی ، تہٕ ایٚم حٲرانگی گٔیہ اصل پٲٹھۍ کٲم۔
56,تمہِ سنزن دویمین  زنانن منز ٲس  کانگڈاہچہِ محتاب دیوی یمِس گُڈن یا کتوچن تہ و نان ٲسۍ تہٕ راج بنسو یوسہٕ کانگڈا کِس راجا سنسار چند سٕنز کوُر ٲس ۔
57,1836 منٛز ، ییلہٕ ورجینیا تر٘ٗواہ ؤرِش ٲس، تٔمہِ تہٕ پوہن کوٚر خانٛدر ۔
58,زیادٕ تر کریژھدار پٔش چھ ڈایپسڈ، تہٕ یہِ حالت چھنہٕ میملن منز  ۔
59,مندرٕکۍ ٹاورُک شمال مشرقی تہٕ جنوب مشرقی بٔتھۍ، یم تِہ خستہٕ ٲسۍ آمٕتۍ کرنہٕ، چِھ سیرِیٚو تہٕ مسالہ سۭتۍ دوبارٕ سیوٚد کرنہٕ آمٕتۍ، مگر کُچ پٲٹھۍ۔
60,منی پورُک آب و ہوا چھُ واریاہس حدس تام امہِ خٕطہٕ چہِ جگرافی سۭتہِ مُتٲثر۔
61,کمیونٹی سینٹر  آبہٕ  انتظام کہ طٔریقہٕ  ذٔریعہٕ، 26 جنوری 1999 ہس منٛز، بنوو ارواری بیسنٕ كیو٘  162 ارکانو  ارواری پارلیمان ۔
62,کشورس اوس 1980 پیٹھہٕ مرنس تام  لینا چنداورکرِ سٕتۍ خاندر كرِتھ ۔ 
63,پنٛنس باقٲعدٕ چیٚک كھاتس تہٕ  پنٛنس سوُد وٲلس كھاتس درمیان کٔریو اکھ خۄدکار مٗنتقلی  قٲیم۔
64,وقتس سۭتۍ سۭتۍ آو 1957 منٛز لٲنہ بجلی فراہم کرنک اجازت دنہٕ۔
65,ممبیی تہٕ پونے کس مضافاتی علاقن باندرا ہس منٛز پدم شری محمد رفیع چوک (ایم جی روڈس تام پھہلتھ) چھ رفیع سنٛدس ناوس پیٹھ تھونہٕ آمُت۔
66,بورڈ آف نیچروپیتھی اینڈ یوگا سائنس چھ ریاستس منٛز واقع۔
67,تٔمِس ٲس جنوٗبَس منٛز آبٕچ شدیٖد کٔمی تہٕ پرٛٮ۪تھ ؤرۍ یہِ شُمالَس منٛز بے تہٕ بے یِنہٕ وٲلِس سٔہلابَس مُتعلِق فِکِر۔
68," 2010چہ مردم شمأری مُطٲبق ٲسۍ اتہ 2,478  لُکھ روزان ۔"
69,ہان گزریو پننس آبٲیی شہر شیلبی چارٹر ٹاؤن شپ ، مشی گنس منٛز ۔
70,تٔمۍ زیٛوٗن 2012 ہس منٛز سویڈش آرٹس کونسل طرفہٕ آسٹریڈ لنٛڈگرین میموریل ایوارڈ۔
71,تاہم، اگر تُہہِ  تہٕ تُہُنٛد شیٚریٖک دۄشوٕے واریاہ پونٛسہٕ زینان چھِ، تیٚلہِ ہیٚکہِ تۄہہ منٛزٕ کانٛہہ تہٕ امہِ قٕسمٕکہِ  اخراجات تقسیٖم کرنُک انتخاب کٔرِتھ ۔ 
72,"سُہ کرِ ہدایت کار تہٕ راجپوتَس مُتعلِق کانٛہہ تہِ شک دور ۔
"
73,ہنری مورٹن سٹینلے اوس گۄڈنیُوک یورپی ییٚمہِ  سٲرِسیہ  دریاوس  سٕتہِ سٕتہِ سفر کوٚر ۔
74, بناون والیو چھُ ینگستان دوبرا ناوٕ اکہ سیکوئلُک اعلان کوٚرمت، یُس جیکی بھگنانی سنٛدِ کردار كہِ  وزیر اعظم بننہٕ پتٕچ  دٔلیٖل بیان کٔرِ۔
75,سُہ چُھ اَتھ سایٹِہ پیٹھ ویڈیو اپ لوڈ کرن وول گۄڈنِیُک نفر تِہ۔
76, کاسٹری چھ سینٹ لوسیا ہٕچ رازدٲنۍ۔
77,کونگو کین چیراہن تہٕ چیرا پیروملن درمیان تعلقاتن  ہنز صحیح نوعیت  چھ  تاحال مبہم ۔
78,یہِ چھُ ہستینا پورُک ساروِی کھۄتہٕ پرٛون جین مندر یُس 16 ہِمِس جین تیرتھنکر شری شانتی نتھا ہَس سمرپِت چھُ۔
79,قلعہ کس دِفاعی دیوارَس اوس نہٕ واریاہ حدَس تام کانٛہہ نقصان وۄتمُت، تہٕ اوس پتہٕ قٕلعہٕ آمُت  گیریسن پٲٹھۍ اِستعمال کرنہٕ۔
80,التٗتمشن کوٚر سلطنتٗك اِنتظامیہ مٗنظم ،  تہٕ تر٘ٲوٕن مغلن ہِنٛدِس حملس تام  شمٲلی ہندوستانس پیٹھ امہِ كہِ  تسلٗطٕچ بُنیاد  ۔
81,تفریح  یا کھیل  چھِ  جٔدیٖد ناون منٛز زیادٕ تر ٲبی سٲلٗك وجہہ ۔ 
82,اگرچہِ فِلمہِ  برلن انٹرنیشنل فِلم فیسٹیولس منٛز “کریٹکس پرائز“ مِیوٗل ، مگر اتھ اوس عام طور  خاموش  استقبال سپدان ۔
83,فلِم انڈسٹری منٛز یِنہٕ برٛونٛہہ تہٕ پتہٕ آیہ یہِ كینژن  ماڈلٛنگ موقن پِٹھ كٗنی زٕنہِ وٗچھنہٕ ۔ 
84,یہِ ٲس  ہِندی تہٕ انگریزی دۄشوٕےبطور  سرکٲرِ زبان  استعمال کرنٕچ ضمانت، یتھہٕ کٔنہِ گیہ ہندوستانَس مَنٛز دٗ لِسانییت قٲیِم۔
85,اتھ اہلیتس پؠٹھ کٔر أمۍ 23 ستمبر ملیشیاہس خٕلاف شروٗعات۔
86,"یہِ بینک اوس 1816 ہَس منٛز قٲیِم کرنہٕ آمٕژ  وفٲقی بینکٕچ اکھ شاخ ۔
"
87,"یہِ ہیٚکہِ کُنہِ برادری منٛز بلوغیت خٲطرٕ رسمی  دٲخلہٕ تِہ ٲسِتھ۔
"
88,امہ سۭتۍ چُھ تۄہہ چیزٕ کس اصلی قیمتُک فیصد میلان یَتھ کنن قیمت نمایندگی چھُ کران۔ 
89,یُس رقم سُہ جمع کرنس منز کامیاب گوو تمہ منزٕ تہ دیُت نہ تٔمۍ  دہلی کیٚنہہ ۔ 
90,ماہرین موسمیات چھِ و٘نان  زِ تِمَو اوس طوفان كہِ یِنٗك تمبیہہ كورمٖٗت ۔
91,بھونیشور چھ باقی ہندوستانس سۭتۍ ہوٲیی وتو، ریلو تہٕ سڑکو ذٔریعہ وارٕپٲٹھۍ جورتھ۔
92,ییلہِ الیکٹران چھ توانٲیی ٗند سطح بدلاوان چھِ ، تِم چہِ پننہِ جایہِ ایلیكٹرونِك گو٘د تر٘اوان ۔
93,رابسن آو واپس انگلینڈ نیو کیسل یونائیٹڈ F.C. سَمبالنہٕ خٲطرٕ ۔
94,پرٛتھ ملکس چھ الگ الگ حقوق  فند ننکۍ۔ 
95,"براڈس اوس مشرقی لندنس منٛز آیل آف ڈاگس، پوپلرس منٛز ذامت۔
"
96,تۄہہ پزٕ پنٕنۍ نا اطمینانی   زورٕ سان ظٲہر کرٕنۍ تہٕ کَتھ کرٕنۍ زِ تُہۍ چِھو بہترین خدمت یژھان۔
97,تم ٲسۍ ہمیشہ ترک ، تاجک تہٕ پشتونو  نششہ، بیوٚن زمرٕہ ۔
98,چالوُکیا بادشاہ کیرتی ورمن اول سٕندِۍ نیچِوِ پُلاکیشِنن ژھُن تختس پیٹھ قبضہٕ کرنہٕ باپت پنُن پیتٕر گدِ پیٹھٕ  وٲلِتھ ۔ 
99,جنوب مشرقی ایرانس منٛز واقع شہر سوختہ چھ میسوپوٹیمیاہس سۭتۍ تجارتی وتھ ظٲہر کران۔
100,پولیسَن کوٚر اکھ 36 وٗہٗر چیلٹنھم نفر ژوُرِ ہنٛز سازشہِ ہنٛدس شَکَس منٛز گرفتار۔
101,بُزرگ نفر چھُ اکثر گَرَس منٛز گۄڈٕنیُک ماملہٕ لبنہٕ یِوان یِمَن منٛز واریاہ پرٹوسس کیس چھِ آسان، تہٕ چھِ اکثر شُرٮ۪ن خٲطرٕ لاگہِ ہُنٛد ذٔریعہٕ آسان چھِ ۔
102,فوٹو مونٹیج: اکھ فوٹو مونٹیج چھ دۄن یا تمہِ کھۄتہٕ زیادٕ فوٹوو سۭتۍ بنیمٕژ آسان۔
103,"تٔمس اوس 1904 پٮ۪ٹھ1941ٕ ہس منٛز تٔمۍ سٕنٛدس مرنس تام نیلے وِلسن ریگنس سۭتۍ خانٛدر کٔرتھ۔
"
104,گۄپھ چھِ گلہِ  پٮ۪ٹھٕ 160 میٹر زِییٹِھ تہٕ 90 فٗٹہِ سرٛنہِ۔
105,"ٹورین کنٛگ لسٹ ٲس شاید مذۂبی دستاویز بجایہ اکھ حکومت۔
"
106,امہِ ڈیمُک زیچھر چھُ 696 میٹر تہٕ یہِ اوس 1974 ہس منٛز بناونہٕ آمُت۔
107,عدلیہ چھُ نینیتالس منٛز واقع اتراکھنڈ ہاے کورٹ تہٕ لۄکچن عدالتن ہٕنٛدس نظامس پیٹھ مشتمل۔
108,سٹیشن چُھ نورفوک كِس  کاؤنٹی سرحدس پیٹھ۔
109,نظر گٗزرتھون والیو كیمراہو  کوٛر دون  زَنانن ہٗند   کُنی زَنی ہوٗٹلہٕ پٮ۪ٹھ نیرٗن رِكارڈ ۔ 
110,سری ویشنو سیکٹ ہُک وینکٹ تتھاچاریہ اوس  کرشن دیو رایا سُنٛد راجاگرو تہٕ یِم ٲسۍ اثر وٲلۍ ماننہٕ یِوان۔ 
111,"پرٛانہِ تنظیمہِ ہٕنٛزٕ نااہلی، ییٚمہِ  سپاہ پنٛنٮ۪و برطانوی افسرن  نِش ووپر بنٲوِ ، آیہِ حل کرنہٕ، تہٕ 1857 پتہٕ چہِ اكٲیی آیہِ زیادٕ تر ""بےٚ قٲعدہ"" نظامس پٮ۪ٹھ مٗنظم كرنہٕ ۔"
112,انگرِیزی زبانہ  منٛز چِھ مختلف قسمن ہٕنٛدۍ پرناوتۍ ۔
113,مارچ 2010 ہس منٛز کوٚر ڈربی نیوز نیٹ ورکن دعوا زِ 98% کھۄتہٕ زیٛادٕ رولر ڈربی مقابلہٕ آیہ ڈبلیو ایف ٹی ڈی اے قوٲعدن تحت مٗنعقد کرنہٕ۔
114,موثر وکندریقرت یقینی بناونہٕ خاطرٕ چھ یمن ادارن کٲفی انتظٲمی، قانوٗنی تہٕ مالی اختیارات تفویض کرنہٕ آمٕتۍ۔
115,"اگر دۄشوٕے اضٲفی دورٕ گول کرنہٕ بغٲر گِنٛدنہٕ یِیہِ، تیٚلہِ کَرِ پنالٹی شوٗٹ آؤٹ کھیل طے ۔
"
116,ڈولوہن ہور صدر  كلِنٹنس نِش 379-159 كہِ  الیکٹورل کالج بھارٕ فرقہٕ  سٕتہِ ۔
117,استھایی ہنٛد گۄڈنیک فقرہ (مخدا) چھ بندش ہنٛد ساروٕے کھۄتہٕ اہم جز تکیاز یہ چھُ عملی طور زیادٕ تر کیڈینسن خٲطرٕ مواد فراہم کران۔
118,فلمہ منٛز چھ راہول بوس، شیکھر کپور، پوجا کمار، اینڈریا جیریمیا تہٕ جے دیپ اہلاوت معاون کردارن منٛز۔
119,ماہرینِہ تہٕ ماہرازٕ دۄشوٕنی ہنٛز چھ رسمہٕ مطٲبق پوُزاہ کرنہٕ یوان  تہٕ پتہٕ چھ ریوٲیتی ہیٚنٛدِ خانٛدرٕ کیو رسمو مطٲبق خانٛدر کرنہٕ یوان۔
120,سیمس ٲسۍ اکہِ ساتہٕ سٲرۍسٕے مُلکلس منٛز 130 دُکانہٕ، پتہٕ تمہ پتہ اوس ریکارڈ۔
121,یہ چھ کینژن اہم ضلعہٕ سڑکن ہنٛز نگرٲنی تہ کران۔
122,"اَمہِ اضافُک اکھ بوٚڑ حِصہٕ اۄس کھیٚنٕکٮ۪ن قۭمتَن منٛز۔
"
123,پننہٕ تحقیقس منٛز مدد کران، کوشل چِھ پننہٕ دلچسپ تٲریخی تہٕ قدرتی مقاماتن ہینز نمائش کران۔
124,پننہ ماجہ، کریما (پیدٲیش کاشتوری) سند طرفہٕ پرورش کرنہٕ آمت، رحمانس، یس پدم شیشادری بالا بھونس منٛز پرن اوس، اوس پنٛنس خانٛدانس سہارٕ دنہٕ خٲطرٕ کٲم کرٕنۍ۔
125,از UTC   چہ 23:09 بَجے ووت اِنٹرنیٹ اینسایکلوپڈیاہس منز انگریزیس منٛز لیکھنہٕ آمٕتین  نوشتن ہُند تعداد دَہ لَچھ کھۄتہٕ زیٛادٕ ہ۔
126,وونہ گو٘، فلم چھےٚ ناکام گژھان، خاصکرتھ دٔویمس ہافس منٛز تہ کیاز اتھ منٛز چھُنہٕ کانٛہہ سنسنی خیز ژیوُہ   تہٕ نہ کانٛہہ صدمہٕ تہٕ حٲرتھ ۔
127,ریاسن ہِنٛزن قانون ساز اسمبلین ہٕندین ممبرَن ہٕنٛدۍ پٲٹھۍ ژارنہٕ یِنہٕ وٲلۍ لوکھ چھِ مختلِف ریاستی اسمبلین مَنز کانگریس قانوٗن ساز پارٹیہِ بناوان؛ تہُنٛد صدر چھُ عام طور پارٹی  طرفہٕ وزیر اعلی کِس عہدٕ  باپت نامزد گژھان۔
128,وارِیاہ ناولہٕ ،مضموُن تہٕ افسانہٕ شایع کرن وِٲلس ناراینس چھُ ہِندوستٲنۍ تحریر باقی دُنِیاہس تام واتناونُک شرف دِنہٕ ایوان ۔ 
129,پرٛؠتھ جمٲژ چُھ اکھ الگ ناو؛ تِم چِھ پنٛنہِ کارکردگی منٛز تہِ مختلف آسان۔
130,یہِ چھُ اَمہِ پزرٕ سۭتۍ ثٲبت زِ شہرَس منٛز چھِ ہندوستانٕکۍ بٔڈۍ منٛدرَ یِتھ کٔنۍ زَن اکشردھام مندرُک نیٹ ورک، تہٕ شری رام منٛدر ایودھیا ہَس منٛز سنگ مرمرٕچ نقش و نگٲری وُچھنہٕ یِوان۔
131,شارلٹ چھ ولبرس وضاحت کران ز یہٕ چھ دنیاہک فطرت ۔
132,میلبورن مڈفیلڈر ٹام پونڈیلجاکن کوٚر شیٚمِس منٹس منٛز لانگ رینج سٹرائیک سۭتۍ میچہٕ خٲطرٕ وٲحد گول۔
133,باقٕیہ ہمكال یوگا نظامَن ہُنٛد زِیٛادٕ تَر حصہٕ چھُ اٗپنشدن منٛز ہاونہٕ آمُت تہٕ کینٛہہ بودھ متن چھِ رٲومٕتہِ ۔
134,ڈیموکریٹک الائنس آف ناگالینڈ چھ سیٲسی پارٹین ہنٛد ریاستی سطحک اتحاد۔
135,کمیونزمس مٗتعلق امبیڈکر سٕندِ خیالات آیہ  تٔمہِ سٕندِس مضموُن بُدِھ اِزٕم اینڈ کمیوُنزمس منز ظٲہر کرنہٕ۔
136,تمو دیت پاکٹ کیلکولیٹرن ہٕنٛد زمانہٕ برٛونٛٹھ تیز تہٕ درست حساباتن ہنٛد اجازت۔
137,جلدٕی پھٔہٕلیٚو یہِ ویڈیو میڈیاہَس منٛز۔
138,امہ پیتھوجینٗک زیادٕ لِپِڈ مواد چُھ امکیٛن واریاہ منفرد طبی خصوصیاتن ہنٛد سبب بنان۔
139,عام باوٕت چھِ   رلہٕ ملہٕ قسمکۍ تہٕ تہنٛد تعداد چھُ لَگ بَگ 20۔
140,دفاعس منٛز کٔر آننٛدن تہٕ تانن جسٹس ٹی یس پؠٹھ زور ز سہ کر کھو سٕنٛز سزاے موت کم کٔرتھ عمر قٲد۔
141,سہ چھ پرینکا جھا یس  میلان تہٕ دوستی کران، یس اکھ دفترٕچ کنسلٹنٹ چھےٚ، تہٕ أمس ملنہٕ پتہٕ چھ سہ سنچری بناوان۔
142,بہٕ ہیٚکہٕ نہٕ یقین کٔرتھ زِ میون مول موج ہیکِہ میانِہ اعتمادک استعمال مےٚ جوڑ توڑ کرنہٕ خٲطرٕ کٔرتھ۔ یہ چھ میانہ راز دٲری ہنز سخت خلاف ورزی۔
143,امہ سۭتۍ بنییہ موجودٕ جوسٹکس نٔیس انٹرفیسس سۭتۍ مطابقت نہٕ تھوان ۔
144,تُوہہِ چھٕو روازٕ ہواہس اندر نہٕ اژنہٕ دِتھ  سِپٕہ بنٛد کرُن یژھان ۔
145,"یہِ تیوہار چُھ یوٗرپ تہٕ شُمٲلی امریکہ کیٚن کیٚنٛژن حِصن منٛز بطور محبت، مسرت  تہٕ رنٛگن ہٗنٛد سونتہٕ  جیٚشن  پھٔہلِیومُت۔
"
146,لکرِ ہُنٛد سانچہٕ استعمال کٔرِتھ بنوو تٔمۍ پنُن پان پلاسٹک اوٚنٛگجہِ  بدلاون وول۔
147,تمہ وِز سوُنچ  کانگریسن  زۭ یہ آسہ زیٛادٕ جمہوری مٗتبٲدِل ۔۔
148,سۄ ٲس رننہ کس پروگرامس منز گۄڑنچ مقٲمی شیف ۔
149,زنانہٕ کھلٲڑۍ چِھ اکثر مرد کھلاڑین ہنٛدس مقابلس منٛز ہلکہٕ مالٹ استعمال کران۔
150,یہ چھ انسٲنی ترقی ہندس فہرستس منز درجہ بندی کِنیۍ ہندوستٲنی ریاستن منز نوِمس نمبرس پیٹھ۔ 
151,"سوڈایکِس زاو 18 ستمبر 1975  فیئر فیکس، ورجینیاہس منٛز۔
"
152,"40 گز وسیع مٲدانک خیالچ کٔر ہارورڈن نٔو ہارورڈ سٹیڈیمک سائز کہ وجہ سۭتۍ مخٲلفت۔
"
153,"بین الاقوٲمی سطحَس پیٹھ چھِ ژور بٔڈۍ مُقابلہٕ گژھان: ژۄن ؤرۍ یَن ہٕنٛز ورلڈ نیٹ بال چیمپئن شپ، کامن ویلتھ گیمز، تہٕ سالانہٕ کواڈ سیریز تہٕ فاسٹ 5 سیریز۔
"
154,اکھ چِھ مہا سرسوتی تہٕ بیاکھ چِھ نیل سرسوتی ۔
155,تٔمۍ تھوٚو واریاہن شماریٲتی زمرن منٛز ریڈ سوکس ٹیمک ریکارڈ قٲیم ۔
156,سفید گنٛدتھ کوٚر تٔمۍ ٹرومپوسکی اٹیک سۭتۍ آغاز۔
157,گۄڈٕ، ایکسائز چُھ یوان صرف مخصوص سامانس پٮ۪ٹھ لاگو کرنہٕ ۔ 
158,حکومت چھ پتھورا گڑھس منٛز نینی سینی ہوٲیی اڈہ، اترکاشی ضلعس منٛز چنیالیسورس منٛز بھارکوٹ ہوٲیی اڈہ تہٕ چمولی ضلعہٕ کس گوچارس منز گوچار ہوٲیی اڈہ تیار کرنک منصوبہٕ بناوان۔
159,حتاکہ یہ اوس نہٕ اثر دار،  پتہٕ آو یہ  بطور قبل علامتی سِلہٕ كہِ موُجوُد آسنٕكہِ سکریننگ ٹیسٹ  کامیٲبی سان یختیار کرنہٕ ۔
160,"مسٲفر گوٚو اَتھ کَتھہٕ پیٚٹھ اُلجھنَس منٛز زِ جِسم بدلاونہٕ پتہٕ کُس اوس سُہ۔
"
161,سروبلیجورا یا سروبلیجور چُھ اکھ لۄکُٹ دریاو یُس اوڈیشہ، ہندوستان کِس سٗبرن پوٗر ضلعہٕ کِس بیرمہاراج پوٗر سب ڈویژن کس سبلیا علاقس منٛز واقع چُھ۔
162,میتھیونین چھ واریاہن نیورو ٹرانسمیٹرن ہٕنٛدس پیداوارس منٛز اکھ ضروٗری کوفیکٹر۔
163,فری ویئر چھ اکھ سافٹ ویئر یس لوکھ ادایگی  ورٲے ہیکن حٲصل کرتھ ۔
164,وۄں گوٚو ، شاید کار اندر ہیکہ تۄہہ اکھ برانڈ فیلڈ ٲستھ ۔
165,امہ برۄنٛہہ ز تہۍ کرِو پنٛنہ ماضی ہٕکۍ پریشان کرن وٲلۍ مٲلی پچھتاوٕ  ترک، تۄہہ چھ گۄڈٕ پنٛنس پانس سۭتۍ یہ اعتراف کرنک ضرورت ز تۄہہ چھےٚ غلطی کرمژ۔
166,1997 تھس منٛز زیوٗن کیشو ستھاپتن کاٹھمنڈو کہِ مییر باپت انتخاب ۔
167,اكثر بِہٲرۍ پناہ گٗزین چھِ بے٘ وطن رودۍمتۍ ۔ 
168,یہِ منٛدِر اوس دۄن دریاوَن- ورشابھاوتی تہٕ پَشِماواہِنی ہِنٛدِس سنگمَس پیٹھ تعمیر کرنہٕ آمُت۔
169,کمیونسٹ پارٹی ہُنٛد اثر بڑٮ۪و واریٛاہ، تہٕ اقتدار حٲصل کرنُک امیُوک مقصد گوٚو ٲخٕر کار انتخبن  دوران پوٗرٕ۔
170,یہِ چُھ سَڑکہِ ذرِیعہ پاناجی  پٮ۪ٹھہٕ 60  کِلومیٖٹَر دوٗر تہٕ  چُھ بیلگاوی واسکو ڈے  گاما ریٖٚل وَتہِ کِنہِ  مَڈگاووں پٮ۪ٹھہٕ  46 کِلومیٖٹَر مَشرِقس منز  تہٕ بیلگاوی پٮ۪ٹھہٕ  80 کِلومیٖٹَر جنوٗنَس مَنٛز واقعہ
171,یہِ ریواج چھ خاص پٲٹھہِ جنوُبی ہندوستانس منٛز مضبوٗط مگر باقین جاین تِہ چُھ مناونہٕ یوان۔
172,میسوٗرس متعلق چھہُ وننہٕ یوان زِ منگلور کِس یتھ بحری جنگس منز راوٕری یمو وُنس تام بناونہٕ آمٕتی کیٚنٛہ بهترین جہازٕ.
173,أڈجِہ کرنٛزَ چِھ ہاوان زِ کینٛہہ قبل  تٲریخی انسانن چُھ ٹی بی اوسمُت، تہٕ تحقیق کارَو چُھ 3000 پیٹھہٕ 2400 قبل مسیح تام مصری ممِیین ہہنزِ ریكہٕ اڈِجہِ منز  تَپ دِقُک خرٲبی وٗچھمٕژ ۔ 
174,"اتھ منٛز چِھ افریمیم زمبالسٹ، جونیئر، راجر سمتھ، تہٕ ایڈ برنس اداکار۔

"
175,بیٛارِٮ۪ن منٛز پرِندن ہٗند وبٲیی زٗكام چھٗ مُختٔلِف علاماتہٕ ظٲہِر  كران تہٕ عمومن  مارِتھ ژھنان  ۔ 
176,عرٲقی کردٕستانس منٛز چھ ایرٲنۍ کردٕ مصنفینن ہنٛزٕ تحریری کامہِ واریاہ عام۔
177,گۄڈٕ كو٘ر ہسپتالو یہ دوا تمہ وز استعمال ییٚلہ کٲنٛسہ مریضس سیٹھاہ نندرٕ ہنز ضٔروٗرت  آسان ٲس ۔
178,مقٲمی ٹیٹنس چھ عام طور ہلکہٕ آسان۔ صرف% 1 ماملہٕ  چھ مٗہلک آسان، مگر یہ ہیٚکہ عام ٹیٹنس کہ آغاز برٛونٛہہ گژھتھ۔
179,کینژن کامین منز چھُ ہاسنن پننِس مٲلِس ماجہِ کُن اِشارٕ کورمُت ، خاصکرِتھ اُنایپول تہٕ دسا اوتارمس منز “ کلایہ ماتُم “ بٲتس منز ۔
180,یہ چھ کیمرون قوٗمی فٹ بال ٹیمہِ مرد تہٕ زنانہٕ دۄشوٕنی ہنٛد انتظام کران ۔
181,یِہ کمپنی چھ 100 کھوتہٕ زیادٕ معروف یو۔ایس برانڈ بناوان ۔
182,نیپولینی جنگن (1803–1815) منٛز فرانسچہ شکستہٕ پتہٕ،  وۄتلییو برطانیہ  19مہ صدی ہند  اکھ اہم بحری تہٕ سامراجی طاقت پٲٹھۍ تہٕ پنن سامراجی تسلط وہرووُن۔
183,وزن ہیکہ  تمہ وِزِ کم گژھِتھ ییلہ کٲنٛسہ نفرس واریاہ کالہٕ پیٹھٕہٕ ایسوفیگیل کینڈیڈیاسِس آسہِ ۔
184,19ہمہ صٔدی منٛز برطانوی نوآبادیاتی حکوٗمت کس پوٗرٕ قیامہٕ  پتہٕ گوٚو ہندوستٲنہ مارشل آرٹس زوالکس دورس منز۔
185,یِہ قانوٗن گژھِ نہٕ جولائی 2008 ہس تَام لاگو، امَہ کِنۍ گژھِ نہٕ أمس پَنُن فون استعمال کرنہٕ باپت جرمانہٕ۔
186,سۄ ٲس پنٛنس خانٛدانس منٛز گۄڑنچ زنان ییٚمۍ تعلیم حٲصل کٔر۔
187,"یٗتھُیہ لفظی معنے  چُھ وارسا کِس پراگا ضلعس سۭتہِ  وابستہٕ۔
"
188,ہلکہٕ بندوقہٕ چِھ سکرین شٹ کرنُک نمونہٕ بناونہٕ خٲطرٕ استعمال یوان کرنہٕ۔
189,امہِ دٔریافت سۭتہِ آو ستہٕ تٲجی    مربع کلوٗمیٖٹرکِس رقبس پٮ۪ٹھ محیط نیشنل سایٹرس جین سینکچری-کم-بایوسفیر ریزروُک قیام عملہِ منٛز۔
190,فروری 2010 تام ٲس نہٕ یمن ہنٛد ناو۔
191,صِرِف لگ بھگ آبٲدی ہندِس تر٘ییمِس حصس چھِ صاف چنہٕ آبس تام رسٲیی ۔ 
192,مقٲمی لوکن ہنٛد خیال چُھ زِ لوکن ہند چھ اکھ حصہٕ یُوس ہمیشہٕ خٲطرٕ زندٕ روزٕ ۔
193,آمدنی ہنٛد بنیٲدی زٔریعہ چِھ سیاحت مگر گامس منٛز چِھ مسافر تہٕ ۔
194,ساوو میلوسیچن زیوٗن سربیا تہٕ مونٹینیگرو خٲطرٕ پنُن ہتھم کیپ، اکھ اعدادوشمار یتھ منٛز یوگوسلاویہٕ فٹ بال ٹیمس سۭتۍ کھیل شٲمل ٲسۍ۔
195,سینٹ پیٹرز برگ، فلوریڈا پولیس آو پانٛژ وُہُر کِنڈر گارٹن  طالب علمس  ہتھکڑلاگان   ویڈیو پٮ۪ٹھ ٹیپ کرنہٕ ییٚمۍ امہِ برۅنٛہہ بلیٹن بورڈ پٮ۪ٹھ کاغذ ژٔٹۍ مٕتۍ تہٕ أکِس اسسٹنٹ پرنسپلس دوٚگۍ لگاوان وُچھنہٕ آو۔ 
196,تانگکوبن پاراہوُ چھُ سطح سمندر پیٹھٕہ 2084 میٖٹر یا الہٕ پلہٕ 6873 فٗٹ  تھوٚد ۔
197,یہِ منٛدر چھُ ہمالیہ کِس دامنَس منٛز بیاس دٔریاو وادی منٛز بناونہٕ آمُت، یُس دھولادھار سلسلہٕ کٮ۪ن شیٖنہٕ تینٛتٲلٮ۪ن ہُنٛد برون٘ہہ كنہِ چھُ ۔
198,امیوٗک صڈر دفتر  چُھ کولمبوہس منٛز اکِس مشہوُر گول عمارٕژ منٛز واقع۔
199,تِم نیۍ 1000 پولیس اہلکارو پننہِ کام پیٹھ تہٕ تتہِ پیٹھ۔
200,زہرس منٛز تبدیلی ہیٚکہ موسمہٕ یا تھزرٕ کہ وجہ سٕتۍ تہ گٔژھتھ۔
201,مسیحا سُنٛد عیسٲئی عقیدٕ چُھ ہم كال  یہودی تصوٗر نِش وریاہ مٗختلف ۔
202,پاپانو اوس انگلینڈس منٛز پٔدٕ گٔمٕتۍ، مگر تیم سٕندِس خاندانس اوس اٹلی پیٹھہٕ آمُت۔
203,تۄہہ کیاز چھ، دویہ دوہس  شاندگنڈِس پیٹھ بِہِتھ  تہٕ فلمہٕ وٗچھان آسان ؟ بہتر چھٗ  توہۍ نیریو  نیبر تہٕ گندیو!
204,پنجابس منز چھ دسمبر پیٹھ فروریس تام کم کھۄتہ کم درجہ حرارت آسان۔
205,پلیٖسس میلیہ پتہٕ زنانہ ہنٛز گاڈۍ نزدیکی گلی منٛز ییٚتہ سۄ تہٕ اکھ مرد کھڑا ٲسۍ۔
206,ستمبر 1939 منز، کانگریس کیو وزیرو دِیُت وائسرائے لاڈ لِن لِتھگو سند جنگس منٛز تِمن راے ہینہٕ ورٲے شٲمِل گژھنہٕ کِس فیصلس خلاف احتجاج کرنہٕ خٲطرٕ اِستِفا۔
207,امہ سٕتہِ چھٗ زا شٗرین  وایرسس سٕتہِ لَڑُن واریاہ مٗشکل بنان ۔ 
208,ڈبلیو ڈبلیو ای یس سۭتۍ کٲم کرنہٕ برٛونٛہہ اوس آریاس انکاگنٹو رنٛگ ناوٕ سۭتۍ زیٛادٕ مشہوٗر۔
209,تٔمۍ کٔر کیرالہ کس تریویندرمس منٛز مہاراجہ کالجس منٛز حیوانیاتس منٛز پننہٕ انڈرگریجویٹ ڈگری مکمل، یس وۄنۍ کیرالہ یونیورسٹی منٛز یونیورسٹی کالج، ترووننتھا پورم کہ ناوٕ سۭتۍ زاننہٕ چھ یوان۔
210,"2013 ہس منٛز گٔیہ دنیاہس منٛز لگ بگ 77,000 نفر انسیفلائٹس سۭتہِ مارٕ ۔"
211,رؠتہٕ وار دۄہ 2.7 لوٗکھ ٹکٹ کٕننہٕ سۭتۍ گٔیہ یہ دور ترٛیٚیمس ہفتس تام جٲری۔
212,ڈسلفرم۔  ڈسلفرم چھ اکھ دوا یس طویل مدتی شراب نوشی ہنٛد علاج کرنہٕ خٲطرٕ استعمال چھ یوان کرنہٕ۔
213,پننس نٔوس اکاؤنٹنٹس نش کٔرو وابسطگی ہنز چِٹھہِ حٲصل یتھ منٛز عٗجرت، وقت، فرائض تہٕ باقی توقعاہن  ہیوین چیزن ہٗنٛد واضح ذِکر آسہِ۔
214,مےٚ دژٕ واریاہ رۄپیہ تہٕ کٔرٕم سٹیڈیمس تام واتنہٕ خٲطرٕ سیٹھاہ جدو جہد، تہٕ ییٚلہ امہ پتہٕ تہ CSK ٹیٖمن خراب پٲٹھۍ گنٛدتھ میچ یلہٕ ترٛوو مےٚ کھوٚت واریاہ شرارتھ۔
215,"اَمہِ پتہٕ آو سُہ گَرٕ واپس تہٕ کوٚرُن پنٛنٮ۪ن باین آلَو تہٕ وو٘ننكھ زِ تمو٘ كٕر كرم دِوتاہس بے٘ عزتی ،تَوَے آیِہ تِمن بُرٕ دۄہ۔
"
216,یہِ چُھ ریوٲیتی طور أکس برہمن گھرس منٛز اُنیری پانیکرس سۭتہِ منسوب کرنہٕ یِوان، تہٕ بنییو  فن پیشكٲری ہندِ مكتب  کیرالہ کالمنڈلمس منٛز قٲیم کرنہٕ آمُت غلبہٕ وول طرز ۔
217,زیادٕ تر تلاش چھِ وِلن یا راکھیس  مارنس تہٕ شہرت انعام دنس پیٹھ مرکوُز ۔
218,سہ چھ موزمبیقک ژوٗرم صدر یس پنٛنس عہدس پٮ۪ٹھ چھ۔
219,یہِ چُھ  بطور نارٹن انٹرنیٹ سیکیورٹی تہٕ نارٹن سِسٹم ورکسُك  حصہٕ  تہِ شٲمل كرنہٕ آمُت ۔
220,"حالاتَن تہٕ جِسمَس سۭتۍ رٲبطہٕ کرنس منٛز چھُ پھیکین ہُنٛد اِجازت دِنہٕ یِوان، اَمی مۄکھٕ چھُ جِسمٕچ جانچ تہٕ لڑٲے غیر قانونی۔

"
221,مےٚ اوس نہٕ خیال ز ڈراییونگ لایسنسک طریقہٕ کار ہیٚکہ تمام ہدایتو باوجود یوتاہ سہل ٲستھ۔ بہٕ گوس پٔزۍ پٲٹھۍ متاثر۔
222,"رِموٹ کنٹرول گاڑِ، ڈرٚون، سایڈ واک چاک، سائنس تجربہٕ، جاسوسی کِٹٕ، دوربین، یا بیٚیہ کانٛہہ تہِ چیز کٔرِو یُس یادٕ پٲدٕ کرِ۔
"
223,نوارا صوبہٕ: نوارا چھ پیڈمونٹ، اٹلی ہنٛد اکھ صوبہٕ۔
224,1977 پیٹھٕ 1991 تام اوس سہ زیورچ انشورنس گروپک سی ای او تہ۔
225,عیسٲئیت چھِ بنیٲدی طور  چائے باغ کٮ۪ن قٔبیٖلن منٛز وُچھنہٕ یِوان یِم دارجلنگ، جلپائی گٗڑی تہٕ علی پوٗردوار ضلعہٕ کٮ۪ن دوازن منٛز چھكرِتھ چھِ ۔
226,بِرگٕچ دولت چِھ سمپلون پاس کِہ وجہ سۭتۍ ۔
227,"2008 تام چھِ ٹی ڈبلیو آٮٔی ایفَس سۭتۍ وابستہٕ 53 مُلک، یِمَن منٛز سکاٹ لینڈ، آئرلینڈ، انگلینڈ، ہندوستان، سوئٹزرلینڈ، بیلجیم، اٹلی، جنوبی افریقہ تہٕ امریکہ چھِ۔
"
228,اَمہِ پتہٕ دِیُت رفسنجانی یَن اِشارٕ زِ ایران چھُ ایران چن جوہری سرگرمیَن ہِنٛدِس تعطلَس پیٹھ سمجھوتہٕ تہٕ کَتھ بات کرنہٕ باپت تیار۔
229,راماین آو  پانژن ورین کٲم کرنہٕ پتہٕ  1973 منز  شائع کرنہٕ ۔
230,جئیہ چھُ ٹھاکُر سنٛزِ بیواہ نوشہ رادھایہ  کُن یوان، یوٚسہٕ واضح زٲوِجارٕ سانتمہِ سٗند خلوُص پیار واپس کران چھے٘ ۔
231, ٹگ آف وارٕچ بُنیاد چھِنہٕ سیٛكہٕ پٲٹھہِ ، مگر یہِ کھیل اۄس کمبوڈیا، قٔدیٖم مصر، یونان، ہِنٛدُوٚستان تہٕ چیٖنس منٛز کرنہٕ آمُت۔
232,یہ شو چھ رشمی شرما ہن پروڈیوس کوٚرمت تہٕ اتھ چھ دلیپ کمار ہدایت کٲری کران۔
233,رقبہٕ کہ لحاظ سۭتۍ چھ ڈویژن آسٹریلیاہس منٛز ساروٕے کھۄتہٕ لۄکٹ۔
234,تنہٕ چھٗ  بییہِ طوُفانٗك درجہ كم  کٔرتھ اكھ اول  قٕسمٗك  طوفان بناونہٕ آمٗت ۔
235,"بوٚموار دۄہ کوٚر انگلش فٹ بال ایسوسیشنن (ایف اے) اعلان ز منیجر سیم ایلارڈائسن دیت ""نامناسب طرزٕ عمل"" کہ وجہ سۭتۍ پنٛنٮ۪و انتظامی فرٲیضو نش استیفی۔"
236,ورلڈ ایکسٹریم سکینگ چیمپین شپ چھ پرٛیتھ ؤری والڈیزس نزدیٖک چوگاچس منٛز منعقد گژھان ۔
237,کارڈ گیم کارڈ گیم چھ کانٛہہ تہ کھیل یس پلینگ کارڈ سۭتۍ گنٛدان چھ ۔
238,اسہِ  کٔر راتھ ترٛیٚیہ لٹہِ تہنٛز چٹھۍ واتناونٕچ کوُشِش تہٕ توہہِ  ٲسۍوٕ نہٕ تتہِ ۔(کورئیر)
239,یہٕ اوس اینڈریو کلاسن تہٕ لینرٹ بیوٹینہیکن لیکھمتۍ ۔
240,اکھ موجودٕ دھنور وید-سمہیتا چھ 14مہ صدی ہٕنٛدس وسطس منٛز، برہاٹ سرنگدھرا پدھتی (ایڈ۔ 1888)۔
241,مظاہرینو کٔر سیاست دانن تہٕ مشہور نفرن ہندِ قیادتٕچ کانٛہہ تہِ کوٗشش رد تہٕ بٲوٕکھ اکہِ رہبری ورٲے عوٲمی تحریک روزنٕچ خٲہش۔
242,گُڈ فرٛایڈے کیٚن ویسپرن ہِنٛز دُعا چھےٚ صِرِف تِم کَران یِم نہٕ رب سٕنٛدِس جذبہٕ کِس جیٚشنس منٛز شٲمِل گٔژِھتھ ہیكن ۔
243,خنزیرن خٲطرٕ چھ ٹینیا سولیم انفیکشنک وٲحد ذریعہٕ انسانن سٔتۍ گژھان، یس اکھ قطعی میزبان چھ۔
244,تم لاگن ترٛٮ۪ن دۄہن ہٕنٛز وٲنٛسہ منٛز آلہ منٛز نٮ۪بر نیرن شروع کرن۔ 
245,آیہ ایچ بی ین كو٘ر  پنٛنہِ کامیٲبی ہٕنٛدِ وجہ کِنہِ میکسیکو چہِ وفٲقی حکومتُک احترام حٲصِل ۔
246,وۄنۍ گوٚو میگھالیہ چھ وُنہ تہ قومی اوسط 75 کلومیٹر فی 100 مربع کلومیٹر کھۄتہٕ واریاہ کم۔
247,سلواڈور اوس 1549 منٛز تھومے دا سوساہن قایم کوٚرمت ۔
248,یہٕ سیریز آو 14 جنوری 2022 منٛز نیٹ فلکس پیٹھ رلیٖز کرنہٕ۔
249,تمہِ  کوٚر موسیقی بجایہ بیوٹیشین بننہٕ باپت مٗتعلہٕ كرنٗك فٲصلہٕ ۔
250,تٔمِس اوس  شٲہی خزانہٕ، تہٕ واریاہ قۭمتی جوٲہِرات مثلن كوہ نُور تہٕ چھٗ یٹھہٕ كٕنہِ  اکثر توٲریٖخس منٛز امیر ترین شخٕص مانٛنہٕ یِوان۔ 
251,بہٕ چھس ییمہِ یتھ سہ ماہی منٛز آمدنی منٛز گراوٹ سۭتۍ  مایوس، ییمہ سۭتۍ   مستقبل قریبس منز وسعتک تصوٗر  مٗشکِل بنان چھٗ ۔
252,ساونڈ ٹرٛیک البم اۄس ہمیٚش ریٚشمیا تہٕ میٖٹ برادٲرس انجنن ترتیٖب دیتمت۔
253,کینٛژن کھیلن منٛز چھ بطور ٹیم کٲم کرنک ضرورت آسان ، ییٚلہ زن باقین منٛز اکہ مہارتٕچ ضرورت چھُ آسان ۔
254,پٲکستانس منٛز کٔر کل دلن کک تہٕ ہیپی نیو ییر پتہٕ 2014 ہس منٛز شروعٲتی ہفتہٕ کس آخرس پٮ۪ٹھ ترٛیٚیم ساروٕے کھۄتہٕ زیٛادٕ کمٲے۔
255,1291 تھس منٛز کوٚر علاؤ الدینن کارا کِس گورنر مٔلِک چھجو سنٛز بغاوت ختم کرنس منٛز اہم کردار ادا۔
256,تمۍ سٕندِ مرنُک اصل وجہ تہٕ وقت اوس 2002 تام لوکن نشہ کھٹِتھ تھاونہ آمُت۔
257,کھلٲڑۍ چھ یہ کران مگر امہ پتہٕ چھ سہ پنٛنہ والٹہٕ منٛزٕ نیبر کڑنہٕ یوان۔
258,2008 کین بیجنگ کھیلَن منٛز روٗز سۄ ومینز ایئر رائفل سٹینڈنگ ایس ایچ ۱ ہَس منٛز ژوٗرِمِس نمبرَس پیٹھ یِنہٕ وٲلِس تمغہٕ نِش واریاہ کم وقتہٕ سۭتۍ۔
259,سُہ ووتھہِ  وۄمیدوار یُویٹ کوٗپَر، اینڈی برنہَم تہٕ لِز کینڈلَس خلاف ۔
260,سولرو چھ آسٹریلیاہس منٛز سپلایس تہٕ ایرانس منٛز سالار پٲٹھۍ کٕننہٕ یوان۔
261,خوبصورت ایر بی این بی اپارٹمنٹ ترٛاونہٕ وِزِ پھٖٹ مے٘ دِل  تکیاز یہ اوس بیٲلہِ برٖژ ہمسایگی ۔
262,جغرافیائی طورس پیٹھ چھ یہٕ کران کم از کم مغربی یورپ ، شمٲلی امریکہ ، آسٹریلیا تہٕ نیوزی لینڈٕک ممالکن ہند احاطہ ۔
263,سٗہاسنی  راجارام نائیڈوُ، یوٚس پنِنہِ سٹیج ناوٕ  سنیہا سۭتہِ  مشہوٗر چھےٚ،  چھےٚ اکھ ہندوستٲنہِ  اداکارہ یوٚسہٕ  بُنیٲدی طور  تامل تہٕ تیلگوٗ زبانن ہنزن  فلمَن منٛز کٲم کران چھِ ۔
264,آریہ سماج اوس 10 اپریل 1875 بَمبٔیہ مَنٛز دیانند سرسوتی یَن بنوومُت۔
265,"سترِیا، یا سَترییہ نِرٛتِیا، چُھ اَکھ اَہم ہِنٛدُستٲنہِ کلاسیکی رَقٕس۔
"
266,مقررہ اخراجات چھ تم بلہٕ   یم گرِ  ہٕنٛدِ پٲٹھہِ  پرٛٮ۪تھ رٮ۪تہٕ اكی رقمہٕ  یوان چھے٘ ۔
267,بہٕ چھس نہٕ یژھان ژٕ گژھکھ مےٚ پرٛیتھ ساتہٕ ونن ز مےٚ کیٛاہ چھ کرن۔ امہ سۭتۍ چھ مےٚ جیرٕ وۄتھان۔
268,تاہم کوٚر تٔمِس اکبرن معاف، تہٕ ٲمِس آو یہِ اختیار دِنہٕ زِ یا تہٕ روزٕ سُہ پننِس دربارس منٛز جٲری یا گژھِ زیارت کرنہ بیٚیِہ؛ بیرامن ژٲر دوٚیم وتھ ۔
269,یہ فلم ٲس بیروُن مُلكی  بازرن منٛز 250 ہن  سکرینن پیٹھ ریلیز كرٕنہِ  مُقرر یمن  منٛز سری لنکایہِ منٛز 40 سکرین، سنگاپورس منٛز 20 سکرین تہٕ کینیڈاہس منٛز 20 سکرین شٲمل چھِ ۔
270,دۄشوٕنی روایتَن منٛز چھِ یہِ کارکردٕگی أکِس بٔڑِس کالی وِلاکوَس برٛونٛہہ کنہِ گژھَان یَتھ منٛز کھوٗپرٕ تیٖلَس منٛز موٚٹ سویتھ ڈُبِتھ چھِ، یُس لیٚدرِ گاشہِ  دزان چُھ۔
271,ییٚلہ استعمال کرن وٲلۍ پنٕنۍ تلاش بہتر بناوان چھ ، تم چھ تجویزس منز تہ بناوان ۔
272,ہندوستٲنہِ  کلاسیکی موسیٖقی سۭتہِ چھِ واریاہ موسیٖقی ہندِ ساز وابسطہٕ۔
273,سۄ چھےٚ شٲیستگی سان أمس نکار کران، تہٕ سہ چھ أنٛدری ہٮ۪وان، تہٕ چھ یہ دٔپۍ ز تہ خۄدکٔشی کران۔
274,مرکزی مندر چھُ بوٚڑ تہٕ اَتھ منٛز چھِ ابتدٲئی چیمبر تہٕ  گربھ گرٛہ۔
275,یہِ چُھ کرسمسس پیٹھ رٮ۪وٲیتی کھٮ۪ن ۔
276,کوسٹا گوٚو 1990 کس  دٔہلس منٛز بچپنک پاپ پیٹھٕ بالغ گیونس کن۔
277,"امریکی سنوکر چھُ کھیلٕچ  اکھ شوقیہ صوُرت  یُس تقریباً خاصوصن  امریکہَ ہس منٛز گنٛدٕنہٕ  یِوان چھُ ۔
"
278,جزیرن پیٹھ قٲیم  كاہ ورك شاپ تہٕ زٕ ناوٕ بناون وٲلۍ یارڈ چھِ گاڈٕ ہٲن٘زن ہندۍ ضروُرِیات پوٗرٕ كران ۔ 
279,ترٛیمس پیریڈک آغاز گوٚو گول سکور کرنہٕ سۭتۍ۔
280,وارِیاہ کدمبا نوشتہٕ چھ پلوا-کدمبا دشمنی ہُند تفصیل فراہم کران۔
281, تٗرکمانستانٗک دویم ساروی کھوتہٕ بوٛڑ، دریائے مٗرغاب، چُھ  زیچھرَس منٛز978 کلومیٹر ، یتھ منٛز تٗرکمانستانٕ مٕنزِ 530 کلومیٹر چھِ ۔
282,تۄہہ چھوٕ بہترین کٲم کٔرمٕژ تہٕ طے شدٕ تٲریخہٕ برٛونٛہٕے چھُو سورے مۄکلوومت۔
283,باقی ترٛے چِھ لَبنہٕ آمٕتۍ تہٕ اِطلاع چِھ یِوان دِنہٕ زِ تِم چِھ غیر جان لیوٕ زخمَن سۭتۍ دوچار گٔمٕتۍ، ہَسپتالٕچ دیکھ بھال ورٲے واقعہٕ نِش دور ۔
284,فیٹ ریٹ فیٹ ریٹ  چھٗ لاینیکس خٲطرٕ اکھ اوپن سورس ایکسٹینسیبل ڈاؤن لوڈ مینیجر ۔
285,ساؤتھ آئی لینڈس منٛز دیوٗت پولیس تہٕ اے اے ین مشورٕ ز پہاڑِ درن ہندِ سفرٕ وِزِ  چھ زنجیرٕ ضروری۔
286,دریایہ کین چھ وسطی ہندوستان کس بٗندیل کھنڈ خطس منٛز بڑٮ۪و دریاوو منٛزٕ اکھ تہٕ مدھیہ پردیش تہٕ اٗتر پردیش ریاستو مٔنٛزِ وسان۔
287,امہ پتہٕ کٔر تٔمہِ  کیئر باپت کٲم ،  لوُکن تولیدی صحتس مٗتعلق  زانٛکٲری دِوان  ۔
288,کینڈی سۭتہِ بٔرتھ اکھ نٕلہِ چھِ لٹھِیو٘  سۭتہِ  پھٗٹراونہٕ یوان ۔
289,یہِ اوس ایچ ایس بی سی ایریناہس منٛز سیبرس خٲطرٕ سیریزُک ترٛیٚیِم نۄقصان، یِم پننِس گھریلو آئس فٲیدٕ سۭتۍ فٲیدٕ تُلنس منٛز ناکام روٗدۍ۔
290,اَتھ دریاوَس چِھ اکثر سانگپو-برہم پُتر دریاو وننہٕ یِوان۔
291,اونم کس موسمس منٛز چھٗ رسمی عبادتٗک رقص، تھِیم  پیش كرنہٕ یوان ۔
292,مسلمان، خاص طور سنی مسلمان، چھ یقین تھاوان ز حضرت محمد سٕنٛز گژھہ نہٕ کانٛہہ تہ شکل آسٕنۍ۔
293,سہ اوس 1979 پٮ۪ٹھٕ 1987 تام لندن سمفنی آرکسٹرا ہک پرنسپل کنڈکٹر ۔
294,بولٹَن زینہِ ترٛےٚ اولمپِک سۄنہٕ سٕندِ میڈل۔
295,بلیڈ ہیکَن یا تہِ عام استعمال باپتھ ہموار ٲسِتھ یا تیز رفتٲری باپتھ ہجرٕ سان ٲسِتھ۔
296,منٛدرَس منٛز ٲسہِ أمہِ سٕنٛدٮ۪ن اجدادن تہٕ سماواسرنا سٕنز موُرتھ تہِ ۔
297,پدم وبھوُشن، پدم بھوُشن، تہٕ پدم شری، چھِ  اہمیت کِس کم گژھن وٲلس ترتیبس منٛز۔
298,2013 ہس منٛز کٕر ڈائننو ٹریولن سیبوُ سِٹی  ، فلپائنس منٛز کٲم  شروٗع ۔
299,"ییٚلہِ گاش أچھ منٛز اژان چھٗ، 11-سی آیہ ایس -ریٹِنال چُھ آل ٹرانس صورتس منز  الگ سپدان۔
"
300,بہٕ چھس کھوژان ز تہۍ چھوٕ ینہٕ والؠن شیٛن ریتن منٛز سٹاک مارکیٹس متعلق یتھ مایوس کن نظریہٕ تھاوان۔
301,وٹامن بی  12 تہ چھ اکھ سٲتھی  اٮ۪نزایم یٗس اکِس  کاربن سایکلس منٛز میتھایلمالونیل-کو اے یس سوکینیل-کو اے منٛز تبدیل کران چھُ ۔
302,بہ چھُس حیران یتھ  سہ ماہی وقتس منز خیریدٲری ہُند تعداد وچھتھ۔  تہ مےٚ اوس نہ پننس مالس پیٹھ یُوت زیادہ ردِ عملک توقع۔  
303,امہ پتہٕ کٔر تٔمۍ پی ای سی زوولے تہٕ ایف سی ڈین ہیگس ژورَن  سیزنَن منٛز  تربیت ۔
304,تِم چِھ سِکھ جھنٛڈٕ، یتھ نشان صاحِب ونان چِھ، تہٕ گُرو گرنتھ صاحبٕچ  پالکی (ڈوٗلۍ) ہیتھ جلوسٕچ قیادت کران۔
305,2012 منز کوٚر ریاستہٕ کیو لیڈرو ہنٛدستٲنۍ مرکزی حکوٗمتس نش ریاستس منٛز پایدار امنہٕ کہ احساس خٲطرٕ سیٲسی ذریعہٕ تلاش کرنہٕ باپت رٲبطہٕ۔
306,اینٹی سایکوٹک دوا چھ أمس نفرس بیٚیہ سایکوسسک تجربہٕ کرنک خطرٕ واریاہ کم کران۔
307,بہٕ کٲژیٛاہ لٹہ ونے ژےٚ ز ژٕ ہٮ۪ککھ نہٕ پنن ریڑٕ میٛٲنس دکانس برٛۄنٛہہ کنہ لٲگتھ؟ (دکاندار)
308, ہڑپہ دور کس آخرس  منز ٲسۍ لوکن ہنٛز بٔڈ ہجرت گجرات پیٹھ شمٲلی مہاراشٹرا ہس کُن سپدیمژ۔
309,فلمہ ہنٛد سینماٹوگرافر اوس پولینڈُک آرٹور زوراوسکی۔
310,امیُک ناو اوس نیو یارکُک گۄڈنکس گورنر جارج کلنٹن سٕنٛدِس ناوس پیٹھ تھومُت۔
311,رچرڈ ڈومنگوز چُھ ونکینس ایل گیٹو نیگرو فلمہ باپتھ کتھ باتھ کران ۔
312,فِلمِہ ہُنٛد ٹریلر آو 28 اکتوبر 2013  جٲری کرنہٕ۔
313,باقیہ ٹیسٹ یتھ کٔنہِ زن الیکٹرو کارڈیوگرام تہٕ خونٕکہِ ٹیسٹ چھ خطرٕکہِ انصر بدِ كڈنہٕ  تہٕ باقیہ مُمکِنہٕ وجوہات مُسترد کرنہٕ خٲطرٕ  کرنہٕ یوان ۔
314,"کوراکاو، مارٹنیک، فرانسیسی گیانا، تہٕ جمیکا چھِ کونکاکاف گولڈ کپس منٛز گِنٛدُن یُس بیٛکہِ رٮ۪تہٕ امریکہَس منٛز گِنٛدنہٕ یِنہٕ وول چھُ۔
"
315,اجات شتروُ ہن كو٘ر کاشی پٮ۪ٹھ  قبضہٕ تہٕ كورٗن لوكچین بادشٲہِیتن پیٹھ تہِ  قبضہٕ ۔ 
316,لامحدوُد واریاہ پیمٲیشہِ رو٘س تعاداد چھِ  تہٕ یِمن چھِ اکثر عدد ونان ۔
317,امہ کٹ کس نمونہٕ پیڈس منٛز چھ کولائڈیل گولڈ اینٹی ہیوٗمن آیہ جی جی یا گولڈ اینٹی ہیوُمن آیہِ جی ایم آسان۔
318,"فری ہٹُک مطلب چھُ یہِ زِ أکِس ٹیمُک اکھ کھلٲڑۍ چھُ تَمہِ جایہِ پٮ۪ٹھ کھیل دُوبارٕ شروع کران ییٚتہِ بال ٲخٕری لَٹہِ گِنٛدنہٕ لایق ماننہٕ ٲس یِوان۔
"
319,یہ فلم آیہ 7 فروری 2014 ریلیز کرنہٕ۔
320,کر٘سٹل سِٹی  مسوُری کر٘سٹل سِٹی چھٗ جیفرسن کاؤنٹی، مسوری منٛزاکھ شہر ۔
321,واریاہ خاص حکمت عملی ژھٲرو یم تہنٛدین مقصدن تام واتنہٕ خٲطرٕ استعمال كرنہٕ یِن تہٕ یمن كیو پانوٕنہِ  مواضنہٕ ۔
322,نِیو گراؤنڈز چِھ اکھ امریکی ویب سائٹ یوسہٕ  گلینسائیڈ، پنسلوانیا، امریکہ ہس منٛز چھے٘ ۔
323,یہِ کٲم گٔیہِ 1762 ٹھس منٛز شُروٗع، یہِ گٔیہِ صِرِف 1775 تھس تام مُکمل۔
324,"تامِل  ناڈو کانگریس کمیٹی ہُنٛد صدٕر کامراجَ  آو   راجگوپالاچاری زیننہٕ نِش رُکاونہٕ باپتھ ، منتخب رٗكنو٘ دسہِ ،تنگوتوری پرکاسم   بطور  وزیر اعلیٰ باپت  وۄمیدوار بناونَس پٮ۪ٹھ مجبوٗر كرنہٕ ۔ 
"
325,"اکھ نوجوان کارٕبٲرۍ اداکار آدتیہ سنگھ (ادھیان سمن) چھُ ریا (آریانا ایم) سۭتۍ محبت کران۔
"
326,ڈینجی لینڈ ، ڈینجی پیٹھ اکھ جزیرٕ ، زمینس پیٹھ ووت ۔
327,ییلہِ احتجاج تیزِیو ، رہنٗماہن تو٘ر بطورِ علامت نوُنٗك طاقت فِكری ۔
328,اے ٹی ٹی سی چھ بردانگ، سنگتم، تہٕ سی سی سی ٹی چیسوپانی، نامچی منز واقع۔
329,یہ ہیٚکہ ہارڈ ڈسک استعمال کرنہٕ بغٲر آپٹیکل ڈسک ڈرائیو پیٚٹھٕ چلاونہٕ یتھ ۔
330,سکلیروتھراپی چھ اکثر ٹیلانجیکٹاسیاس تہٕ ورمہٕ دار  رگن خٲطرٕ استعمال یوان کرنہٕ یم رگ کڑنہٕ پتہٕ برقرار روزان یا  دٗبارٕ گژھان چھے٘ ۔
331,أکہِ فراہم كرن وٲلہِ ، نیشنل گرٕ٘ڈن کٔرِ زٕ 'برابر كرن واجِنہِ خبردٲری ' جٲری، ییٚمیٗک مطلب  فراہمی منز  مٗمکنہٕ کٔمی چھوُ ، یو٘سہٕ  دستی ہٗرراونہٕ آیہِ  ۔ 
332,"تمۍ كٕر ہتہٕ بدین فِلمن منٛز اِلیاراجا سٕنٛزِ ٹوٗلہِ منٛز بطورِ پیانو وایَن وٲلۍ تہِ کٲم ۔
"
333,وایاکام 18 موشنٕ پکچرسچ پیشكش  واٹ دی فش ( بطورؤٹ دی ایف!$#  بناونہٕ آمٕژ) چھِ اکھ مزاحیہ فلم یَتھ منٛز ڈِمپل کپاڈیا اداکٲری چھِ کران تہٕ ییٚمِچ ہدایت کٲری گُرمیٖت سنگھَن کٔرمٕژ چھے٘ ۔
334,پگناٹیلی ین روٚٹ سفارتی تجربہٕ ییٚلہ سہ پولینڈ تہٕ آسٹریا ہک پاپل لیگیٹ اوس۔
335,"یہ پرٛوگرام چھ ٹیلی فے تہٕ برطانوی کمپنی آیی ٹی وی سٹوڈیوہن تیار کوٚرمت۔
"
336,"قرون وسطس دوران کر لوٗکو زیٛادٕ کھوتہٕ زیٛادٕ دٔلیلہٕ لیکھنہ شروٗع۔
"
337,مون سوُن چھٗ  جوُن پیٹھہٕ ستمبرس تام  سٲرِسیہ ریاستس روُد تر٘اوان۔
338,اگر تہۍ یہ بنیٲدی طور پیدل پکنہٕ خٲطرٕ استعمال کٔرو، تیٚلہ ہیٚکو تہۍ کم موٹر وٲلس ماڈلس کن گٔژھتھ۔
339,"شٗمار چھِنہٕ دَرجہِ پوائنٹس، یا انعامی رۄپیَن ہِنٛز نشاندِہی کران، مگر یِم چھِ زنانَن ہِنٛدِ  ٹینس کین  مختٔلِف سطحن پیٹھ وضاحتس مَنٛز مدد کرنُک اکھ نِظام ۔
"
340,یم کوپن ہیکوكھ صرف اکہ لٹہ اِستعمال کٔرِتھ تہٕ چھٗكھ   اکثر عام فروخت  ہفتہٕ کس ٲخرس تام میعاد ختم گژھان۔
341,ساروی کھۄتہٕ تھود بال چھ ہوہی اچٹ یمیچ بلندی چھ.
342,پرتگالی آیہ ڈچ ایسٹ انڈیا کمپنی ہٕنٛد ذٔریعہٕ کڈنہٕ، یمو کوژیکوڈ تہٕ کوچی درمیان تنازعس دوران تجارتس پیٹھ قابو حٲصل کوٚر۔
343,"جٗلائی 2019 ہَس تام ٲسہِ  آئی این ایفَس پانٛژن خطن منٛز 53 مُکمل تہٕ 19 ایسوسیٹ نیشنل میمبر۔
"
344,2014 ہس منٛز کوٚر نَرینٛدر مودی سٕنٛدِ اِنتِظامیاہن اعلان زِ واجپای سُنٛد زا دۄہ، 25 دسمبر یِیہِ بطورِ جان  حُکوٗمتُک دۄہ (گُڑ گَورنَنس ڈے) مناونہٕ۔
345,یہ جزیرٕ چھ کنشی  دریاوٕچ فنلیانگ دریاو  تہٕ نملیانگس دریاوس منز تقسیم سۭتۍ بنان۔
346,اینفیلڈ چیٖز ریلوے سٹیشن چُھ قصبہٕ  کِس مرکزس  بُتِھہِ کَنِہ ۔
347,بانونہٕ ینہٕ والٮ۪ن اہم چیٖزن منٛز چھِ انجینیرنگ مصنوعات، الیکٹرانکس، بجلی آلات، کیبلہٕ، سٹیٖل، چمرٕ، کپٖٗر، زیورات، سمندری جنگی جہاز، آٹوموبایل، ریلوے کوچ تہٕ ویگنہٕ شٲمِل ۔
348,پارکر برٛدٲرس: پارکر برٛدٲرس چھ تماشہٕ تہٕ گیمہٕ بناون وٲلۍ تہٕ اکھ برانٛڈ۔
349,یہِ تحریر  چھ کننڑ ادبٕكہِ  پرانہِ  کننڑ پٮ۪ٹھ جٔدیٖد کننڈس منٛز تبدیلی ہنٛز نشاندہی کران ۔
350,تٔمۍ چھ ووٚنمت ز سہ چھ نہٕ سبکدوش  گوٚمُت، تہٕ یہ ز سُہ ہٮ۪کہ بیٚیہ دورِ منٛز حصہٕ نِتھ۔ ۔
351,گُرۍ سوارن ہندۍ حملہ تہ آیہ برطانوی میدانی فوجی دستو دسۍپسپا کرنہٕ۔
352,کانٛہہ تہٕ مطالعہ چُھ نہٕ یوس کنٹیکٹ ٹریسنگ ہند نٲئ طریقن ہند موازنہ چھ کران یتھ منٛز زَن سوشل نیٹ ورک تجزیہ موجودٕہ کنٹیکٹ ٹریسنگ کین طریقن سٕتۍ چُھ۔
353, چینوِ میژِ ہنز بے٘ زُو اچھِ دارِ  ٲس تس پتہٕ پكان باسان ، اكھ عجیب تہٕ ویکھٕژ  نظر تھٲوِتھ ۔
354,فٹ بال چِھ باقٕیہ تچھٗٹِین سٕتہِ تہِ جٗڑتھ ؛ نِو یرس ڈے  چھٗ روٲیتی طور کالج فٹ بال باؤل گیمن ہنٛد تٲریخ، یتھ منٛز روز باؤل تہ شٲمل چِھ ۔
355,ٹھوٗل چھُ نَیہِ زندٕگی تہٕ دوبارٕہ زِنٛدٕگی ہِنٛز قدیم علامت۔
356,کرن جوہر سُنٛد پروڈکشن ہاؤس دھرما پروڈکشنن کٕر فینٹم پروڈکشنَس سۭتہِ ، یُس ژورو فلم سازو انوراگ کشیپ، وکرما دتیہ موٹوانے، وکاس بہل تہٕ مدھو منٹینا چَلاوان چھِ ، اتھ فِلمِہ مٲلی معاونت  ۔
357,"ہِگاشیکاتا خانٛدانُک زیوُٹھ تہٕ ہِگاشیکاتا فروٗٹ کمپنی ہُنٛد مٲلِک۔
"
358,یِم ٲسہِ سمندری جہاز رٲنی ، زمینی سروے تہٕ حِساب كِتاب  ۔
359,"فوس گُزریو 25 اپریل 2020 دوہ  87 ؤری وٲنٛسہِ منٛز۔
"
360,کرشن دیو رایہ سٕنٛز حُکُمرٲنی ٲس واریٛاہ زبانَن منٛز ادبُک اکھ دور، حالانٛکہ یہِ چھُ خاص پٲٹھہِ تیلگُو ادبُک سو٘نہری دور ماننہٕ یِوان ۔
361,بیرینیٹ گزریوو 1 فروری 2017  سٹاک ہوم، سویڈنس منٛز 74 وٗہٗر۔
362,گۄپھِ انٛدَر چھِ ژور دروازہ یِمَن 'رنڈوار (جنگُک دروازٕ)' 'پاپدوار (گناہُک دروازٕ)'، 'دھرمدوار (دھرمُک دروازٕ) تہٕ 'موکشدوار (موکشُک دروازٕ)' ناو چھُ۔
363,کُنہِ ساتہٕ چھ تبدیلی وٲلہِ اِبسٲنی  بچو کھۄتہٕ زیادٕ عقلمند آسان ۔
364,ٹیمپلیٹ چھُ تۄہہِ باپت گۄڈٕے ڈیزائن ژٲرِتھ تُہنٛد وقت تہٕ محنت بچاوان۔
365, 1984 کِس شروعاتس منز موکلٲو ژٲر کرن والیو دیو سُند دور  گواسکر بییہِ کپتان بنٲوِتھ ۔ 
366,"2020 منز دیُت حکومت ہندَن أمِس مُلکُک ژورِم ساروِی کھۄتہٕ بوٚڑ شہری  اعزاز پدم شری۔
"
367,ہندوستانی رزمیہ مہابھارتس مطٲبق اوس یہ خٕطہٕ ونٛگا سلطنتک حصہٕ۔
368,کھجر چھٗ 8 فٗٹ (2.4 میٹر) تہٕ 8 فٕٹہٕ 6 آنٛچہ (2.6 میٹر) درمِیان  تام ۔
369,تاہم، فلم سپٕز نہٕ تجارتی پٲٹھۍ  کامیاب تہٕ برڈے ین کوٚر پنُن ٹریڈ مارک کامیڈی کُن رجوع، یوٚدوے زَن فِلم ہٕنٛزِ ناکٲمی مایوس ٲس۔ 
370,پنٛنہِ کمپٔنی خٲطرٕ پَنٕنہِ  مقصد طَے کرنہٕ وِزِ کٔرِزیٚو نہٕ پنٗن پان ناکام گَژھٗن  طَیہ ۔
371,اگر تحفہٕ وصول کرن وٲلس اتھٕ تنٛگ چھ، تیٚلہ کٔرو تمن تمہ رقمہٕ کھۄتہٕ زیادٕ رقم دنس پیٹھ غور یس تہۍ تمن تیٚلہ دِی ہِو ییٚلہ تۄہہ خبر آسہا ز تم چھ مٲلی طور محفوظ۔
372,پرٛٮ۪تھ اكھ چھٗ جوان بینہِ سۭتہِ عشقہٕ بٲزی  کران تہٕ امتحانس منٛز ناکام گژھان ۔
373,2017منٛز تُج سوانسنن مینز کس انڈر 19 سکواڈٕچ ذمہٕ دٲری ۔
374,دلہ سلطنتس پٮ۪ٹھ قبضہٕ اوس تیمور سٕنٛزو ساروٕیہ  کھۄتہٕ بجو  کامیٲبی یو منٛز اکھ ، تکیٛاز تمہِ وز ٲس دِل دنیا کیٚو امیر ترین شہرو منٛز اکھ ۔
375,ژوٗرمہِ صٔدی برٛونٛہہ اوس آندھرا پردیشَس منٛز جین متٕچ عملہِ منٛز یِوان کرنہٕ، تہٕ کولانوپکا اوس گۄڈٕنِکہِ زمانہٕ پیٹھٕہٕ جین مت کیو نُمایاں مرکزَو منٛزٕ اکھ۔
376,"مرد چھِ رٮ۪وٲیتی طور كٗھٖلہٕ جایہ  ""ونکم"" طریقہٕ  آفتابَس پوُزاہ کران تہٕ پتہٕ  پنُن کھٮ۪ن کھٮ۪نہِ گژھان ۔ "
377,َصَدر ہیٚکہِ پیدٕ گژھن وٲلۍ مسلہٕ تہٕ معاملہٕ تہِ حل کٔرِتھ، تہٕ تِمَن مسلن حل کرنہٕ خٲطرٕ کیا چھُ آمُت کرنہٕ یا کیا ییہِ کرنہٕ تمیُک خاکہٕ تہِ پیش کرِتھ۔
378,1996 منٛز آو سہ آفیسر آف دی آرڈر آف آسٹریلیا بناونہٕ۔
379,تقسیم گژھنہ برونہہ مہ پنجابٕچ رازدٲنۍ لاہور  اوس پاکستانک حصہٕ بنیومت۔
380,ضمانتس پؠٹھ رہا گژھنہٕ پتہٕ چھ یووان آریاہس گژھن وول نۄقصان کم کرنٕچ کوٗشش کران تہٕ اتھ واقعس منٛز چھ أمۍ سنٛد ناو ہٹاون یژھان مگر وۄنۍ چھ آسان واریاہ ژیر گوٚمت۔
381,کوٗشِش کرِو اکھ USP بناونٕچ، یِم تہنٛزٕ خصوصی خدمتن ہٕنٛز یِم تُہۍ انجام دِیو۔ 
382,ہندوستان کِس سلطنت تہٕ مو٘غل دورن دوران آیہ مٔنٛدرن منٛز نژن وٲلہ سلطانن ہندِس عیالٗك  تہٕ دربارن ہنز تفریح فراہم كرنہٕ باپت  منتقل کرنہٕ۔
383,صحت عامہ ہکٮ۪ن مرکزن منٛز، یم حکومت کہ صحت چہ رٲچھ راوٹھ ہٕنٛد نظامٕکہِ صف اول چھِ ، گٔیہ 8 فیٖصد کٔمی ۔
384,اکھ میموری سِٹک پرو ڈُوو ہیکو میموری سٹوریج باپتھ تہِ استعمال کٔرِتھ۔
385,کیرالہ ہک بیاکھ روٲیتی کھیل چھ ناون ہنز دور، خاص  پٲٹھۍ سنیک ناون ہنز دور۔
386,"أمۍ فلمہ زیوٗن 1989 ہس منٛز بہتٔریٖن فلمہ ہنٛد فلم فییر کرٛٹکس اٮ۪وارڈ۔
"
387,1980 أندۍ پٔکۍ کوٚر زیادٕ تر ریاستو  مُہلک انجیکشن استعمال کرُن شروع ۔
388,چھان بین  چھِ تِمن لُوکن ہنٛز شناخت کرنٕٗك  عمل یِمن چھٗ یا نَشہ آور چیز استعمال کرنچہِ بے٘ ترتیبی ہٗند  خطرٕ ٲسِتھ ہیكہِ   تہٕ عموُمن  انتظام کرنہٕ خٲطرٕ مۄختصر چھِ  ۔
389,اگر یہ عصمت دری ہٗند ماملہٕ  اوس نہٕ امیُک مطلب اوس یہِ کہِ قٲتِل اوس  کُنہِ ذٲتی وجہہ کِنۍ پوجایہ ہُنٛد قتل کوٚرمُت تہٕ قٲتِل اوس تمن أنٛدِ پکہِ۔
390,تصویر چھ عام پٲٹھہِ یہٕ ز دنیاہس منٛز کتھہٕ کٔنہِ چھِ مٗختلف چیزسپدان ۔
391,زٕ نظریہ چھ وجے نگر سلطنتکس لسٲنی آگرس متعلقپیش آمتۍ کرنہ۔
392,ٹریپونیمل اینٹی باڈی ٹیسٹ چھ عام طور ابتدٲیی انفیکشن کہ دۄیہ پیٹھہٕ پانژ ہفتہٕ پتہٕ پوزیٹیو گژھان۔
393,تِم چھ ماجہِ بیارین تہٕ أمۍ سٕنٛدین بچن درمیان استعمال گژھان ۔
394,یہ سافٹ ویئر چھٗ مئی 2005 پیٹھہٕ نیوز گیٹر ٹیکنالوجیزٕچ ملکیت ۔
395,"جنوٗب مغرِبی وَہرات چِھ دۄن حصن منٛز تقسiم گَژھان، خلیج بنٛگال حصہٕ تہٕ بحیرہ عرب حصہٕ۔
"
396,"ماحولیٲتی علاقَس منٛز چھِ وِندھیا تہٕ ست پورہ سلسلَن منٛز روزن جایَن ہٕنٛدۍ کینٛہہ بٔڑۍ حصہٕ شٲمِل۔
"
397,جوہان لٗڈوِگ وون کروسیجک زاو سیکسنی سلطنتس منٛز راتھمینسڈورفس منٛز ۔
398,یہ جنٛگ اوس جاپٲنۍ ہوم آیی لینٛڈن پٮ۪ٹھ گۄڑنیک امریکی حملہٕ۔
399,بہٕ چھٗس  تہنٛز ورزش وٗچھان یہ وچھِتھ بہ  كھوژان چھُس۔  (فٹنس پراسپیکٹ)
400,یہِ چُھنہٕ یِتھہ کٔنہِ زِ تۄہہِ پیٚیَو تس یا تمِس سٕتہِ وٗچھان روزنٕچ  ضٔروٗرت
401,امِچ جاے رٕٹ سیٹریون سی 3 تہٕ سی 2 ہن  بِلترتیب 2002 تہٕ 2003ہس منٛز ۔
402,یہِ کٔرِو کم از کم ترٛٮ۪ن رٮ۪تَن تام کُنہِ  طریقٗک تعیٗن کرنہٕ خٲطرٕ۔
403,"کرگِل چھُ ہندوستانَس منٛز لداخ كہِ زیر انرظام علاقٗك  اکھ شہر تہٕ مشترکہ رازدٲنہِ ۔
"
404,"مارچ 2020 ہس تام كرِ امہِ  پرٛٮ۪تھ دۄہ 56,256,596 تلاشہِ  حٲصل  ۔"
405,1990 كِس دہِلِس منٛز، بنٲو أمہِ  1992 تٕچ فِلِم دِل آشنا ہے تہٕ ٲس اتھ یدایتكار، یتھ منز  دِویا بھارتی تہ شاہ رُخ خان اہم کِردار ادا ٲسہِ  کٔران ۔
406,أمس سٕتہِ ٲسہِ تس شٗرِ افِگینیا ، ایلیكٹرا ، اوریسٹس تہٕ كرایسومِتھِس ۔
407,فأئدٕ مند روزنہٕ خٲطرٕ گژھ جراحی ہنٛز پیچیدگی ہنٛز شرح 4 فیصد کھۄتہٕ کم تھاونہٕ ینہِ۔
408,ہرنیاکاشیپو بَڑِیٚو گھمنٛڑ کرنِہ، لوٚگ پانَس بگوان سمجنِہ، تہٕ کٔرٕن منٛگ زِ پرٛیتھ کانٛہہ گژِھہ صرف تمۍ سٕنٛز عبادت کرُن۔
409,بونہم چھ از تام کٮ۪ن ساروٕے کھۄتہٕ بڑٮ۪ن راک ڈرمرن منٛز اکھ مانٛنہٕ یوان۔
410,اتھ منٛز مبتلا لوٗکن چھ دنیاہس منٛز پنٕنۍ وتھ ژھانڈنس منٛز دُشوٲری آسان۔
411,باسنگر آو یہ کردار تر٘اونہٕ باپتھ عدالتس منٛز ننہٕ ۔
412,"اوڈنسبرگ چُھ سویڈن چِہ واسٹرا گوٹالینڈ کاؤنٹی کِہ فالکوپنگ میونسپلٹی ہُند اکھ علاقہٕ۔
"
413,"جانسَن آو  2012  ہس منٛز أکِس مظلوُم سندِ پٗلسس شكایتھ كرِتھ لگٲوِمتین الزامن پیٹھ  جون 2013 ہس  منٛز گرفتار كرنہٕ ۔
"
414,"بادشاہن کوٚر أمِس لٔڑکَس کینٛہہ تہِ پیش- سۄن، گاوٕ، ہسۍ، گام، کھین، یِہ تہِ سُہ یژھان اوس۔
"
415,تس آو صرف پننہِ سخٕت محنتِہ سۭتہِ كموومُت پونسہٕ جوٲہرات پیش کٔرنہٕ پتیی نیرنُك اجازت دِنہٕ  ۔
416,سنگلزس منٛز زیوٗن أمہ 1982 تہٕ 1984 تھس منٛز آسٹریلین اوپن ۔
417,2012 کس وسطس تام چھ پوٗرٕ دنیاہس منٛز لگ بگ اکھ ساس آوٹ بیک ریسٹورینٛٹ چلان۔
418,ضلع نوشہرہ: ضلع نوشہرہ چھ پٲکستان کس صوبہ خیبر پختون خوا ہک اکھ ضلع۔
419,امہٕ دِیوٗت تیوُتوُیہ كاربن ، مگر كم سلفر ۔
420,مےٚ چھ ِیہ شٲرٹ پزی  پسند ۔ یہ رنگ چھٗ  سٗے یٗس بہٕ ژھاران ٲسٕس ۔
421,گیزیل کیرولین بنڈچن ٲس برازیلس منٛز جرمن نژاد خاندانس منٛز زامٕژ۔
422,جھیل ایری: جھیل ایری چھے٘ شمٲلی امریکہ کٮ۪و عظبم  جھیلو منٛزٕ اکھ ۔
423,اَچانک کوٚر سِرٛنٛگیری سِرٛی نِواسن اَسُن بنٛد۔ أمِس أنٛدۍ پٔکۍ پرٛٮ۪تھ کانٛہہ چیٖز تہٕ پرٛٮ۪تھ نَفر  اوس سٮ۪ٹھا خۄش۔ یہِ تہِ گوٚو خۄش۔ أمۍ ووٚن پنٕنۍ اَتھٕ پنٛنٮ۪ن شُرٮ۪ن کُن پِلنٲوِتھ،“پٔکِو، گَرٕ گَژھو“۔ سِرٛنٛگیری سِرٛی نِواس چُھ وٕنہِ تہِ کُنہِ ساتہٕ ڈٮ۪کہٕ چاران۔ مگر وۄنۍ چُھ أمِس اَسُن تہِ خۄش کَران۔ تہٕ یہِ چُھ شہرس منٛز سارِوٕے کھۄتہٕ بَڑَ اَسان۔
424,سٗروُ وادی تہٕ  دراسس اندۍ پٕكۍ كِس علاقس منز چھِ كین٘ہہ كاژٕرۍ ہاپتھ تہِ ۔
425,مٲلکہٕ ایرک فلیمنگ سنٛد ونن چھ ز منی چھ 40 پیٹھہٕ 50 سرنڈو نشہ جمع کرنس منٛز 4 پیٹھہٕ 5 ؤری لگۍمتۍ۔
426,یہ میادٕ چھٗ سخٕت گاسہٕ ژاپنس منٛز مدد کرنہٕ خٲطرٕ اکھ موافقت ۔
427,"گۄپھ نمبر 3 چھُ اکھ بوٚڑ وہارا یا مٹھ یَتھ منٛز کینٛہہ دلچسپ مجسمہٕ چھِ۔
"
428,امیُک تعمیر گوجُلے  1487 منز شروع تہٕ 1489 منز گو مکمل۔
429,خۄشک سیلہٕ چھ آز عام پٲٹھۍ بیٹری ہٕنٛد شکلہ منٛز استعمال گژھان ۔
430,"تھر٘و بال چھُ اکھ غٲر رٲبطہٕ بالِہ ہٗند  کھیل یٗس نَوَٕن کھلاڑٮ۪ن ہٕنٛدٮ۪ن دۄن ٹیمَن درمیان مستطیل کورٹَس منٛز جالہِ اپارِ یپارِ گِنٛدنہٕ یِوان  چھٗ ۔
"
431, اتھ ہندی پٲٹھہِ  مکمل دستاویزی فلمہِ منٛز چھِ ضیا محی الدین ڈگر سنٛدِس  نیٚچوِس  نوجوان بہاوالدین ڈگرس سٕتہِ  تمہِ سٕندِ  دۄشوٕیہ  وۄستاد ہاونہٕ آمٕتہِ  ۔
432,یتھین ادارن تہٕ منصوبن ہنٛد سالانہٕ جشن تہ چھ مہاراشٹرٕ دۄہ مناونہٕ یوان۔
433,بیاکھ اکھ اختیار چُھ یہِ زِ تۄہہ منٛز کرِ اکھ راتس کٲم ، ییٚلہ زن بیاکھ دۄہس کٲم کرِ، لہذا روزِ کانٛہہ نتہٕ کانٛہہ ہمیشہٕ موجود۔
434,25 مارچ آو عوٲمی ٹرانسپورٹ 14 ہَن دۄہن خٲطرٕ معطل کرنہٕ ۔
435,یِتھہٕ کٔنہِ کوٚر تٔمہِ پنٛنیٚن دلیٖلن خٲطرٕ ضروری مواد جمع۔
436,باقٕے معٲشی پابٔندین ہٕنٛدۍ پأٹھۍ چھےٚ اکھ پابٔندی ممالکن درمیان تجارت رکاوان۔
437,بہٕ چھس ؤری وادو پیٹھٕ امہ بینٛکک وفادار خریدار، مگر از یۄس خدمت مےٚ میلیٛیہ سۄ چھےٚ نا قابل قبول۔ مےٚ چھےٚ کٲنٛسہ سپروایزرس سۭتۍ کتھ کرٕنۍ۔
438,"تٔمۍ کوٚر اِظہار زِ أمۍ سُنٛد عیال کَرِ أمۍ سٕنٛدِس بٲیِس مددتہٕ خٲطرٕ پنٕنۍ پورٕ کوٗشِش، یہِ وۄمید زِ اکھ معجزہٕ ہیکہ گژھتھ۔
"
439,برادری طرفہٕ آیہ  تمہِ سنزِ كامیٲبی ہٗند جشنہٕ  مناونہٕ خٲطرٕ   اكھ تقریب مٗنقد كرنہٕ ، تہٕ یہیہ  اوس سوٗ موقہٕ ییلہِ تس دادا كیلكر سٕنز  بایوگرافی آف بٗدھا دِنہٕ آیہ، یٗسس اكھ مٗصنِف تہٕ تس خاندانٗہِ دوست اوس ۔
440,فعال انفیکشن چُھ ایچ آی وی/ایڈز والین لوکن تہٕ سگریٹ نوشی کرن والین منٛز زیادٕ آسان۔
441,"1620  منٛز ٲس پلائی ماؤتھٕچ بنیاد پیوریٹن مذہبی علیحدگی پسندَو أکِس پناہ گاہ پٲٹھۍ ترٲومٕژ، یِمَن پتہٕ زائرین ناوٕ سۭتۍ زاننہٕ اوس یِوان۔
"
442,"2010 چہِ مردم شُمٲری مُطٲبِق ٲس اَمہِ قصبٕچ آبٲدی 4,136۔
"
443,مہاراشٹر فٹ بال ٹیم چھ سنتوش ٹرافی منز ریاستچ نمایندگی کران، یُس اکھ غیر پیشہ ورانہ فٹ بال مقابلہ چھ ۔
444,"اَمہِ کِس نٔتیٖجس منٛز چُھ ستبیٖرس ژوٗرِ روزُن پیوان ، مگر سُہ چُھ جلدٕیہ شُکلا سٕنٛدِ دٔسہِ رٹنہٕ یِوان تہٕ ھ سٹوڈیو انٛنہٕ یِوان، ییٚتہِ سُہ پنٛنہِ بےٚ گو٘نٲہی ہِنٛز وضاحت کران چھُ ۔
"
445,"امہِ برٛونٛہہ چھُ ، رومن کیتھولک چرچ تہٕ کینٛہہ باقی عیسٲئی تنظیمو کوٚر مشرقی تہٕ نٔو دورٕک کینٛہہ طریقن ہٕنٛدس حوالہٕ سۭتۍ خدشات تہٕ ناپسندیدگی ہُنٛد اِظہار كورمُت  یتھ منٛز یوگا تہٕ مراقبہ شٲمل چھُ۔
"
446,"سُہ چھُ بھگوان جگن ناتھ سٕنٛدٮ۪ن تمام خزانن تہٕ جادادُک سرپرست دیوتا۔
"
447,اکھ ٹیم یُس امہِ اصولٕچ خلاف ورزی چھُ کران چھُ آف سایڈ تہٕ یا تہِ چھُ بالہِ پٮ۪ٹھ قبضہٕ راوراوان اگر تِمَن نِش یہِ آسہِ یا اگر نہٕ تِمَن نِش آسہِ تکنیکی فاؤل چھُ گژھان۔
448,عام مِثالہٕ چھے٘ ڈایٹ آف ورمز یا ڈایٹ آف سپیئر۔
449,گورکھا لینڈ تحریکہِ كِنہِ  پیو٘ 2017 ہَس منٛز مغربی بنگال كِس  سیاحتی صنعتَس پٮ۪ٹھ منفی اثر۔
450,وایرل ہیمورجک فیور چھ واریاہن بٮ۪مارن ہنٛد ناو۔
451,دیسایٖیَس باسیوو زِ پردَس پٮ۪ٹھ مَرُن چُھ تٔمِس نفرٕ سٕنٛدِ خٲطرٕ نامُنٲسِب ییٚمہِ حٔقیٖقی زِنٛدگی منٛز موتھ رُکوومُت آسہِ۔
452,"فلمہِ چھِ  کُل تقریباً 110 ملین  زینِمٕتہِ ۔
"
453,رش ٲس گۄڈنچہ لٹہ 26 اکتوبر ریلیز گژھن واجیٚنۍ مگر کنہ وجہ سۭتۍ آیہ یہ پتہٕ 24 اکتوبر تام برٛۄنٛہہ پکناونہٕ۔
454,سُہ اوس 2001 کنفیڈریشن کپ خٲطرٕ جاپان ٹیمک رُکن۔
455,"وۄنۍ گوٚو، کٔپوٗر گوٚو شوٗٹنٛگ شروٗع گژھنہٕ برٛونٛہہ 10 دۄہ فلمہ منٛزٕ نیٚبر تہٕ امہ بدلہٕ کٔرٕن دھرما پرٛوڈکشنٕچہ رومٲنی مزٲحیہ گوری تیرے پیار میں۔
"
456,سپریم کورٹَس اپیل چھِ ہائی کورٹ کِس فیصلَس چیلنج کران زِ اے ایم یوٗ اوس نہٕ کانٛہہ اقلیتی اِدارٕ یَتھ آیٖن کِس آرٹیکل 30 (1) نَس تحَت تحفظ حٲصِل چھُ۔
457,ہلٹنَنن کۄر پنُن دستخٔط أکِس آن لائن عرضی فری پیٚرس ہلٹنَس منٛز شٲمِل، ییٚمِچ میزبٲنی آئی پٹیشنَن کٔرمٕژ، یَتھ منٛز کیٚلیفورنیا کِس گورنر آرنالڈ سكیوینگرس معٲفی ہٕنٛز اپیل كرنہٕ آمٕژ ٲس ۔
458,یہِ تاریخی قلعہ یَتھ کونڈاپلی قلعہ  تہِ ونان چھِ ، اوس 14ہِمہِ صدی عیٖسوی دوران ریڈڈی سلطنتٕکہِ پرولیا ویما ریڈی یَن بنٛوومُت۔
459,بہٕ کیاز کرٕ انکم ٹیکس ادا ییٚلہ نہٕ ننٛدوستانس منز 98% لوکھ چھ کران؟
460,1978منٛز نونا گیپرنداشویلی سۭتۍ شروع گژھن واجیٚنۍ واریاہو زنانَو چھُ اوپن جی ایم خطاب حٲصِل کوٚرمُت۔
461,چنئی سینٹرل، چنئی ایگمور، کوئمبٹور جنکشن، تروچیراپلی جنکشن، مدورائی جنکشن، سیلم جنکشن تہٕ کٹپاڈی جنکشن چھ A1 گریڈ سطحس پیٹھ اپ گریڈ کرنہٕ آمٕتۍ۔
462,اَہم بندرگاہن  منٛز چھِ کِرٛشنا پٹنَم، چِننیی، اِینور، چِٹاگانٛگ، کولمبو، کولکَتہ-ہلدِیہ، مونٛگلا، پَرا دیٖپ، پورٹ بٔلییر، ماتربٔری، تھوٗتُھو کٗڈی، وِشاکھاپٹنَم تہٕ  دھامرا شٲمِل۔
463,1953 منٛز ترٛوو تمو کمیونسٹ حکومتہٕ نش بچنہٕ خٲطرٕ سوویت زون۔
464,فلمہ ہنٛدِ مۄختصر حِصہٕ وٗچھنہٕ پتہٕ کٔر انوراگ کشیپن رضاكارانہٕ طور پانہٕ فلم ایڈِٹ كرنٕچ پیشكش ،  چونکہ بہلس  اوس نہٕ تمہ وز کانٛہہ ایڈیٹر، سٗتہِ گو٘ رضامند ۔
465,دیو آو مارچ 1985 تھس منٛز دُبارٕ کپتان مُقرر کرنہٕ تہٕ کٔرٕن  1986 تھس منٛز اِنگلِستانس  خٕلاف ٹیسٹ سیریز زینَس منز  ہندوستانٕچہِ  رہنمٲئی۔
466,برون٘ہہ كٗن درِیاوٕچ گرزونۍ گٕتھ چھِ مٗنسلک خطرٗک احساس كرناوان ۔
467,ییلہٕ تھیسیس پنن جہازٕس متعلق سوچان چھ، تیمس چھ اتھ بارس منٛز توقعات آسان کہ کم حصہ ہکن کتتھ ملتھ، تم کتھ پأٹھ چھ تعامل کران، تہٕ تم کتھ پأٹھ چھ وسیع تر دنیاہس سۭتۍ تعامل کران۔
468,خاص کٔرِتھ کرسمس پتہٕ چھُ تِم وُنہِ تہِ  ٹیگَ تِتھیہ كٕنہِ تھوِتھ لبٕنہِ آسان ۔ 
469,راجر ایبرٹ بنیو پلٹزر انعام زینن وول گۄڑنیک فلمی نقاد۔
470,یہ چھ ریاست کنیکٹیکٹک آبٲدی ہنٛد مرکز ۔
471,"چیٚنہٕ تہٕ صنعتی مقصدن خٲطرٕ آبٕچ فراہمی چھِ بھوتھاتھنکیٹو کِس بیراج کہِ ذریعہ ذخیرٕ کرنہٕ کِس آبُک اکھ حِصہٕ پوٗرٕ کران۔
"
472,ایشیاہُک گۄڑنیُوک پن بِجلی  پلانٛٹ (1902 منٛز بناونہٕ آمُت) اوس  کھوورین آبشارن پیٹھ  تہٕ  اوس    بنگلور شہرس بِجلی فراہم کران۔
473,جینی کوزین (1942 منٛز پیدٲیش) چھےٚ اکھ نسوان حمایتی شاعر تہٕ جنوبی افریقی نسُلک انتھولوجسٹ یۄس کینیڈا تہٕ برطانیہس منٛز چھ روزان تہ کٲم کران چھےٚ۔
474,مثلن، توہہِ  ہیٚکو پننِس بجٹس نظر تر٘ٲوِتھ  تہٕ وٗچھِتھ اما تِم شعبہٕ چھا ییتین تو٘ہہِ پنٕنہِ خرچہٕ کم کٔرِتھ ہیٚکو۔
475,یہ شکل تہِ چھ رنر سنٛدۍ پٲٹھۍ باسان۔
476,چندی گڑھس منٛز چھ لی کاربوزیر سٕنٛدیو واریاہو اوپن ہینڈ مجسمو  منٛزٕ ساروٕے کھۄتہٕ بوٚڑ مجسمہٕ، یٗس 26 میٹر تھو٘د چھٗ ۔
477,چٹاسوارم چھِ سورام جملہٕ، یِم کمپوزشنہِ منٛز ترٛاونہٕ چھِ یِوان، عموٗمَن اکھ کریتی یوٚس اَمِچ خوبصوٗرتی بڑاونہٕ باپتھ شٲمِل چھِ یِوان کرنہٕ۔
478,ایچ اے آیی چھ اکھ فہرست یتھ منٛز انسٲنی ترقی ہنٛد تمام ٲٹھ اہم شعبہٕ شٲمل چھ۔
479,اہلکار چھ کارکن سٕنٛز غٲر ذمہٕ دٲری حٲدثک وجہ مانان تہٕ پلانٛٹ چھ لگاتار کٲم کران۔
480,"یہٕ چُھ زمین حٲصل کران تہٕ تھاوان تہٕ یہٕ چُھ آبائی برادری ہنٛد فائدٕ خٲطرٕ انتظام کران۔

"
481,مُنٲسِب عملہِ یا طریقہٕ کارٕچ کٔمی ہٕنٛدِ وجہہ سۭتہِ گوٚو دادو ماجرا ژھوٹھ سومراونٕچہِ   جایہِ  ژھوٹہٕ ڈھیر جمع ۔
482,ورتھن دِژ بلغاریہ کس ہرسٹوفس 6-0، سٲتھی آسٹریلوی کمس 6-2، تہٕ امریکہ کس ایلیٚسنس 6-4 تہٕ ووکیس 6-4 سۭتۍ شکست، میٚکسیکو کس لوئسس نش 3-7 سۭتۍ ہارنہٕ برٛونٛہہ۔
483,"مگر کٮ۪نٛہہ چھ تم یم کٮ۪نٛہہ تہ چھنہٕ پٲدٕ کران تہٕ یمن منٛز مشغول افرادن یا یمن پٮ۪ٹھ منحصر باکین ہنٛز فلاح و بہبوٗد خطرس منٛز چھ تھاوان۔
"
484,اتھ چھ زٕ 615 میگاواٹ ری ایکٹر تہٕ  چھ 1983 تہٕ 1985 ہس درمیان کٲم شروع کران ۔
485,اٹلانٹا چھ پورٕ جنوب مشرقی امریکہس منز سفرک اکھ بوڑ مرکز ۔
486,اتہ چھ خشک سالی ہُند خطرٕ، تکیاز اتھ منٛز چھ جنوب مغربی مون سون کہ اکشر تاخیر یا ناکٲمی ہٕنٛد وجہ سۭتۍ کم بروسہٕ منٛد رُود پیوان۔
487,اکھ نایاب تہٕ زیادٕ مطلوب چیز ژھانٛڑنس منٛز خریدارس  مدد کرنہٕ پتہٕ اوسس بہٕ پرجوش۔
488,تم چھ اکھ سجیٚش اضافہٕ آسنہٕ سۭتۍ سۭتۍ موبائل فون بچاونس منٛز تہ مدد کران۔
489,الجزیٖرُک سنیپ چیٹ مواد ہیکَن ڈسکوری چینلہِ نیبَر سعودی باشندٕ وچھِتھ۔
490,اکھ مقٲمی ڈاکٹر ووت اتھ نٔتیٖجس پٮ۪ٹھ زِ کانٛہہ غٲر متعدی لاگہ دار چیز اوس نیوٗ اورلینز پٮ۪ٹھٕ أکِس پیکیجس منٛز آمُت۔ 
491,1994  منٛز زِیوٗن أمۍ انڈسٹری منٛز پننِہ تعاون خٲطرٕ فِلم فیئر لائف ٹائم اچیومنٹ ایوارڈ۔
492,اتھ گوٚو ژیر مگر  2018 ہس منٛزاوس   یہِ سرکٲرِ طور استعمال  خٲطرٕ تیار ۔
493,سُہ اوس تامل ناڈوٗ کِہ قانوٗن ساز اسمبٔلی ہُنٛد سٲبق مٮ۪مبر تِہ ۔
494,"ہندوستانَس منٛز چھِ کرکٹٕچ اکھ زیٖٹھۍ تٲریخ، یوٚس برطانوی دورِ حکوٗمتَس دوران مُلکَس منٛز مُتعٲرف کرنہٕ آمُت چُھ۔
"
495,کونٹریراس آئی ورڈیالیز مۄیہ 6 جولائی 2020 ییٚلہ سۄ87 ورش ٲس۔
496,پروڈیوسرو دیت نہٕ أمس مزید قسط لیکھنک اجازت تکیاز سۄ چھےٚ زنانہٕ۔
497,بلٹز گوٚو ستمبر 1940 مَنز شروع تہٕ میۍ 1941  تام روٗد جٲری۔
498,کاؤنٹرس پیٹھ دستیاب ژاسہِ  دواہن ہُنٛد استعمالس چُھ تنبیہہ کرنہٕ آمُت تہٕ امہ سۭتۍ چھُ مدد میولمت۔
499,امچہِ شاخہٕ چِھ پوُرٕ دٗنیاہس منز پانژن براعظمن منز پھہلِتھ ۔
500,زندگی چھنہٕ نا وۄمید ، مگر اسہِ منزٕ  پرٮ۪تھ اکھ  چھٗ نا وۄمیدی سان انسان۔
501,قدیم زمانَس منزٲس پن گنڈنچ رِیت کورین ہندِ باپت تہِ ضروری ۔
502,تہنٛزِ کمپنی چھِ 1985 تہٕ 1998 ہس درمیان 20 کھوتہٕ زیادٕ تماشہِ بناونن لاسن دِژمٕژ ۔ 
503,کینٛہہ ساروٕے کھوتہٕ کم مطالعہٕ کرنہٕ آمژٕ ذٲژٕ چھ سکمی آرتھروپوڈز، خاص طور پٲٹھۍ پنہٕ پونپٕرۍ۔
504,فرنانڈوز: فرنانڈوز چُھ اکھ سویڈش ڈانس بینڈ یُس 1986 تس منٛز ٹورسبیس قریب وٹسینڈس منٛز تشکیل اوس آمُت دِنہٕ۔
505,انگریٖزۍ چھےٚ چندی گڑھٕچ کٗنہِ سرکٲرِ زبان۔
506,سٹرائیک فورس ایم ایم اے آو 2011 ہس منٛز یو ایف سی یس کننہٕ۔
507,"ڈبلیو ایف ٹی ڈی اے کٮ۪ن مقابلَن منٛز چھِ ترٛییہ پیٹھ سَتھ سکیٹنگ ریفری تہٕ واریاہ نان سکیٹنگ اہلکار (این ایس او) انجام دِوان۔
"
508,توہہِ  ہیٚکِو مٗختلف رقمن منٛز سرمایہ کٲری کٔرِتھ ، مگر یہ چُھ شروٗع کرنہٕ خٲطرٕ اکھ اصل رقم۔
509,میتا چھِ تس وَنان زِ تِمَن  گوو نٕہ وُنہِ ژلنَس  واریاہ ژیٖر۔
510,سہاکیان اوس 1960 منٛز سٹیپاناکرٹ ، این کے اے او ، آزربائیجان ایس ایس آرس منٛز زۄمت۔
511,کمار سُند نیچوُ  امیت کمار بنیوو 1974 منز  كُمار سٕندِ دسۍ فِلم بڈتی كا نام داڈھی باپتھ “ اپنے بس كی بات نہیں “ پیٹھ ہندی سینماہس منز گلوکار۔
512,اہم فصل چھِ مٗٹھ  ، تموک تہٕ مكٲیہِ ۔ ۔
513,مگر تم ٲسۍ نہٕ یہ تہ یژھان ز تم گژھن اتھ خٕلاف ووٹنٛگ کران وٕچھنہٕ ینۍ۔
514,پرٲنٮ۪ن کھٮ۪نن منٛز چھ لۄکٹہِ جراثیم آسان یم بیٚمارِ پٲدٕ کٔرِتھ ہٮ۪کن۔
515,میون رہنما چھ أکس اہم منصوبہ خٲطرٕ میٲنِہ ٹیمٕچ محنت تسلیم کرنس نشہ انکار کران تہٕ امہ سۭتۍ  چھ مےٚ شرارت کھسان۔
516,یہ اوس تہنُد گۄڈنیوک سٹوڈیو البم یتھ منز دۄن ورین منز نوٚو سامان اوس ۔
517,"واریٛاہ حادثٲتی اِستعمال کرنہٕ بغٲر چھُ سٹاف اشارُک استعمال کٔرِتھ کرناٹک موسیقی لیکھُن مُشکِل گژھان۔
"
518,یہِ چھ ہائیڈروکلورک ایسڈس سۭتہ ردِعمل كرِتھ ہائیڈروجن سلفایڈ تہٕ کیڈیمیم کلورایڈ بناوان ۔
519,"متحد مصرک بادشاہو وچھ پنن پان ہورس سٕنٛدٮ۪ن جانشینن ہٕنٛدس طورس پٮ۪ٹھ۔
"
520,یہٕ چُھ ریاستہائے متحد کِس فلاڈیلفیا، پنسلوانیا شہرس منٛز۔
521,"2011ہس منٛز، ٲسہِ ژور پیسو اکِس  امریکی ڈالرس برابر۔

"
522,مشرِقس منٛز دۄن ہمالیٲیی رِیاستن، سِکِھم تہٕ أروٗناچل پرٛدیشس منٛز چُھ كٲفی شیٖن پیٚوان۔
523,واریاہو طٲلب علمو تہِ ترٛٲوِ برطانوی سکوُل تہٕ نیوُكھ ہندوستٲنہِ سکوُلن منٛز دٲخلہٕ۔
524,چولا خانٛدانٕچ سلطنت ٲس جنوٗبی ہِنٛدُستانٕچ اکھ سمنٛدٔری سلطنت، یۄس دُنیا کس تٲریٖخس منٛز سارِوٕیہ کھۄتہٕ زیٖٹھِس وقتس تام حكوُمت كرن  واجنٮ۪و پادشٲہِیتو منٛزٕ اکھ ٲس۔   
525,سپراگن ییلہِ پنٕنہِ  سوٲرِ  بُش سیریزس منٛز منتقل کٕر ،  رون ہورنیڈیٚین چلٲو ڈیٹوناہس منٛز أکِس ریسہِ منٛز نمبر 24 ، تہٕ روُد بہِمِس نمبرس پٮ۪ٹھ  ۔
526,ماسٹر باسیوو شو خٲطرٕ اکھ اصل بگ بیڈ۔
527,"پننُ مقصد حٲصل کرنہٕ خٲطرٕہ کئرِ مینیجر پنُ پان بیاکھ ونتھِ پیش۔

"
528,"كارٕبٲرِ ادارٕكہِ   کمرشل ڈائریکٹر وکٹر لیپٹوون وو٘ن، ""تم ٲسہِ یا تہِ غٗنڈٕ گردی  کران یا  کٗنہِ حریف کمپنی پیٹھہٕ """
529,مٗمکنہٕ  تشخیصس مٗتعلق تِہنزِ پریشٲنی  كرنٲوۍ تِم یكدم طبی مشورٕ حٲصِل ۔
530,اورلی ہوٲیی اڈَس پٮ۪ٹھ گیہ اکس وسن وٲلِس ٹیوُنِس اییر جہازس  کھٕر، یمہِ كِنہِ  140 مسافر کڑٕنہِ پییہِ ۔
531,سِرٛنٛگیری ین کوٚر دٮ۪کہٕ چارُن بنٛد۔ یہِ اوس خاص گاوِ، لَکشمی رٲزۍ۔ پتہٕ آسہٕ سارے گاوٕ تہِ أمِس سۭتۍ دوستی یَژھان کَرٕنۍ۔
532,اَتھ منٛز چِھ وۄنۍ زٕ بٔڑ بین الاقوٲمی کمپٔنین ہٕنٛد مقٲمی ہیڈ کواٹر ۔
533,10 اگست 2019مور تمہِ پھٲن٘سہِ دِتھ پان ۔
534,از چِھ واریاہ لُکھ گرمجوشی تہٕ محبت سان کوکیزَن مٗتعلق  سونچان ۔
535,حالانٛکہ اکاؤنٹنگ خٕدمات ہیکن قۭمتی بٲستھ، مگر تم ہیکن ٹیکس مٲفی  تہٕ ٹیکس بچت  ذریعہِ جلدی پننہِ ادائیگی کٕرِتھ ۔
536,امہ گؠونٕچ تعٲریٖف آیہ امہ چہ موسیقی تہٕ امہ کٮ۪ن الفاظن ہٕنٛد سرٛیٚنہ معانی خٲطرٕ کرنہٕ۔
537,"کینٛہہ کھلٲڑۍ چھِ اینگلو عربن سۭتۍ تہِ تجرُبہٕ کران۔
"
538,"سیٹی بجاونہٕ وز چھ نٗمایاں کھلٲڑۍ بال ژھنان، اکثر یہ پنٛنیٚن لورین تل ""لگٲوتھ"" تہٕ پنٛنین سٲتھین کُن لایان۔"
539,سر جان مارشلن دیت حیرتک اظہار ییٚلہ تٔمۍ ہڑپہ ہٕکۍ یم زٕ مجسمہٕ وچھ۔
540,جموں و کشمیر چھ پرٛیتھ ؤریہ مرکزی حکوٗمت طرفہٕ گرانٹ حٲصل کرن والیو ساروٕے کھۄتہٕ زیادٕ وصول کرن والیو منٛزٕ اکھ۔
541,"أکِس موقعَس پiٹھ ییٚلہِ تمِس پتہ لوٚگ زِ تٔمۍ سٕنٛدۍ بقایہ چھِنہٕ پوٗرٕ پٲٹھۍ ادا کرنہٕ آمٕتۍ، سُہ آو سیٹَس پیٹھ صرف أکِس طرفہٕ میک اپ کٔرِتھ وُچھنہٕ۔
"
542,"اکھ تٲریٖخی تِجٲرتی وَتھ یَتھ ساولیا گھاٹ ونان چھ، چھ تَمہینی گھاٹ روڈ پیٹھٕ وادی کُنڈالیکا منزۍ وَسان۔
"
543,"بادشاہتن کوٚر 20 پٮ۪ٹھ 23 مے 1944 ہس تام ٲییٖنی ریفرنڈم منعقٕد۔
"
544,اکھ خاص شکل یتھ نیوروسیسٹیسرکوسس ونان چھ، یس دماغس متٲثر کران چھ، ہیکہ اعصابی علاماتن ہند سبب بنتھ۔
545,نونگمایتھیم: نونگمایتھیم چھ اکھ میتی مٔنی پوری کنیت یا خانٛدانک ناو یتھ ہنٛدوستٲنۍ نژاد چھ۔
546,زٕ بٔڈۍ مال چِھ: کینٹن مال تہٕ گرینڈ سینٹرل مال۔
547,تٔمۍ کوٚر پنٛنہ پیشورانہٕ زندگی ہنٛد آغاز ماراتھنس منٛز تہٕ پتہٕ گوٚو سی ڈی اولمپیا۔
548,میوزیم چھ ملٹن کینز، بکنٛگہم شایرس منٛز بلیچلے پارکس منٛز واقع۔
549,تٔمۍ گِیُند 1962 کِس فیفا ورلڈ کپس منٛز کولمبیا کہِ قومی ٹیم خٲطرٕ۔
550,حالانٛکہِ روٗسی انقلاب پتہٕ اوس وُنہِ تہِ سوویت یوٗنِیَنس منٛز بینڈی گِنٛدنہٕ یِوٚان، مگر تِمو نیو نہٕ واریاہن ؤرِین تام کُنہِ تہِ بین الاقوٲمی کھیلَن منٛز حصہٕ۔
551,"درحقیقت،اوس  گۄڈنیُک ایڈیشن  اٹلی پیٚٹھٕ اكھ  حقیقی وسطی  رومان بنٲوِتھ   شائع کرنہٕ آمُت، یُس أکس فرضی ترجمہٕ كارن  دریافت تہٕ دُبارٕ شائع کوٚر۔
"
552,"گول پتہٕ روٗد ریئل میڈرڈ قبضہٕ برقرار تھونس منز ناكام  تہٕ ایٹلیٹیکوَ ہن کوٚر ریئل میڈرڈٕچ پاسنگ گیمُک زیادٕ تر حصہٕ کامیٲبی سان بنٛد ۔
"
553,واریاہ تعلیمی ادارٕ چِھ دیوی ہنٛد آشیرواد حٲصل کرنہٕ خٲطرٕ صبحس خاص دعا یا پوُزایہ ہٗند احتمام كران ۔
554,تنہٕ چھٗ  یہِ طوفان کیٹیگری 1 کس درجس پٮ۪ٹھ والنہٕ۔
555,"کرزئی یَن چھُ مَحکمہٕ انصافَس ووٛنمُت زِ تِم ہین  قونوٗنُک بییہ جٲیزٕ، تہٕ قونوٗنُک  نفاذ گژھہِ رُکاونہٕ یٗن ۔ 
"
556,سی اے جی ین کٔڑ آر آیی اٮ۪لس معاہدس منٛز مقابلہٕ محدود کرنس پؠٹھ تہ غلطی، یہ ونتھ ز آر آیی اٮ۪لن دیت اکرس اکہ بولہٕ کس بنیادس پؠٹھ 1.1 بلین ڈالرک ٹھیکہ۔
557,"احتِجاجَن مُقابلہٕ کرنہٕ خٲطرٕ کوٚر حکوٗمتَن 12,000 خاندانَن باپتھ معاوضہٕ پیکیجَس منٛز ہُرٮ۪ر تہٕ 2,200 لوٗکَن میج مُختٔلِف سرکٲرِۍ محکمَن منٛز نوکرِی۔"
558,ہیچری چِھ زیادٕ تر رینبو ٹراؤٹ تیار کران یۄسہٕ امریکہس منٛز کھونہٕ چھ یوان ۔
559,پانس شفٹ خٲطرٕ مٗتد  مقرر کرنہٕ وز پزن تۄہہ لگاتار زٕ گٲنٛٹہٕ مقرر کرٕنہِ۔ تاہم، تو٘ہہِ  ہیٚکو زیوُٹھ شفٹ مٗقرر کٔرتھ، یہِ  فرض کٔرتھ زِ اضٲفی گٲنٛٹہٕ چھ اکھ أکس پتے۔
560,"یہِ چُھ دۄشوٕنی ایٚپ سٕٹورسن  پیٚٹھ، مگر تۄہہِ پیٚیَو خاص طور ""اِنٛسٹا کارٹ"" ژھانٛڑنٕچہِ  تہٕ ناو تہٕ شکٕلہِ   ذٔریعہٕ یہِ مخصوٗص ایٚپ وٕچھنٕچہِ  ضٔروٗرت۔"
561,اکھ تیز گیند باز چُھ بیٹس مینس شکست دنہٕ خٲطرٕ سادٕ رفتارک اِستعمال کران ۔
562,امریٖکاہن زیٛوٗن فاینلس منٛز کیٚنَڈاہس شِکست دِتھ سۄنہٕ سُنٛد تمغہٕ۔
563,امہٕ پتہٕ گٲی یہٕ جلدی باقی ریلیزن خٲطرٕ ٹاپ 100 لسٹہٕ نش۔
564,وكیلن چھٗ اِخلٲقی خلاف ورزی باپت سزا دِ نہٕ یوان ، یِتھہٕ كٕنہِ زن اسامہِ  ہٖند عتماد ظٲہِر كرٗن  یا اسامہِِ ہندِس   میلس  ردِعمل نہٕ كرٗن ۔
565,مسلمان سوداگرن آیہ یمن منڈین منٛز سرکٲرِ قۭٲمتن پٮ۪ٹھ مٔولہِ ہینہٕ تہٕ دٗبارٕ کٕننہٕ خٲطرٕ خصوصی اجازت نامہٕ تہٕ ایجارٕ دٲری دِنہٕ ۔
566, تالن چھِ سَتھ بنیٲدی قسم۔ تہ زن گوٚو  لگو، دھرتم تہٕ انودھرتم سۭتۍ بناونہ یِتھ تال۔
567,ایپیڈرمس چھٗ ژمہِ ہٗند نیبرِم تاہ ۔
568,قدیم ترین اَدبی حوالو چھُ ژورَن قٕسمَن ہنٛدۍ قلعن منٛز فرق کٔرمٕژ: پہٲڑی قٕلہٕ، آبی قٕلعہٕ، جنگلی قٕلعہٕ، تہٕ صحرائی قٕلعہٕ۔
569,فلمہ ہنٛز ہٮ۪دایت کٲری چھ اجے بھویانن کٔرمٕژ تہٕ یہ چھےٚ روہت بنوالیکر سٕنٛز دٔلیٖلہ پٮ۪ٹھ مبنی۔
570,نینیتالس منٛز چھٗ وندٕ  منٛز نومبر پٮ۪ٹھٕ شروٗع سپدان تہٕ منٛز مارچس تام روزان۔
571,یہ اصطلاح ٲس 1909 منٛز ولیم بیٹسنن ایجاد کرمژ ۔
572,"شیلینگ اوس 2002ہس تام چلن وول زر  ییلہٕ یوُرو متعارف کرنہٕ  آو ۔

"
573,"21 نومبر تام ٲس لگ بگ 26,000 لوکو اتھ اقدامس منٛز دلچسپی ظٲہر کٔرمٕژ، حالانٛکہ یہ چھنہٕ معلوم ز کۭتیو لوکو کوٚر اتھ تقریبس منٛز رسمی طور شرکت۔"
574,گَھرِ نیرنہٕ برٛونٛہہ بنٲوِو ہمیشہِ خٔریٖدٲری ہُنٛد فِہرِست ، چاہے توہہِ كینہہ تہِ مۄلہِ ہیو٘ن آسہِ ۔
575,مقدس کراسٕچ قۄربان گاہچ تصویر ٲس اگنک رابن بنٲومٕژ۔
576,نائٹ کٕلَب پٮ۪ٹھٕہ واپسی دوران چھے٘ رونی نشَس منٛز گٲڑِ چلاوان تہٕ یِہنٛزِ ایس یوٗ وِی چھِ  نینسی  ہنٛدِس سکوٗٹرَس سۭتۍ ٹاس یوان ۔
577,تٔمۍ کوٚر ٲخٕرکار 1983 پیٹھٕ پننس مرنس تام بیٹی مانس سۭتۍ کھانٛدر۔
578,ایل بینکس چھ نیشنل فیوُچر ایسوسیشن تہٕ کینیڈیٲیی قٲیدٕ نٲفِظ كرن والین ہنز لاسن ۔
579,خانٛدرٗك  عمل چِھ مردَن تہٕ زنانَن گھریلو کِردارَس منٛز انان۔
580,اگر مٔہہِ سٕنٛز لال انسٲنی ژَمہِ منٛز اَژِ، تیٚلہِ ہٮ۪کہِ یہِ وایرس ایپیڈرمل کیراٹینوسائٹس، ژَمہِ منٛز موٗجوٗد سکِن فایبرو بلاسٹن تہٕ لینگرہانس سیلَن انفیکشن کٔرِتھ۔
581,بوسٹن کالج ایگلزن کٔر ییل بلڈوگس سۭتۍ شوٹ آوٹس منٛز فروزن فورس تام ترقی۔
582,2015منٛز ٲس تقریباً 1.1 بلین لوٗکَن ایچ آئی وی/ایڈز علاوٕ باقیٕ ایس ٹی آیہٕ۔
583,"یکشگاناہَس منٛز چھِ تقریباً 30 مُکمل پیشہٕ ورانہٕ جمٲژ تہٕ تقریباً 200 شوقیہ جمٲژ ۔
"
584,ڈیڈ سی  چُھ فلسطینٗک ساروی کھوتہٕ بوڑ آبہٕ  ذخیرٕ، ییلہٕ زن مارج سنورچ وادی  اکھ موسمی جھیل بناوان چھے٘ ۔
585,نوکِیا ای 7-نوکِیا ای 7 چُھ اکھ موبائل فون ماڈل یُس نوکِیاہن بنوومُت چُھ۔
586,عمارتس منز چھ اکھ ہوٹل ، کاربارک مرکز ، دفتر تہٕ یوتتھ تام ز نجی اپارٹمنٹس تہ ۔
587,کھمنو گوٚو مویرینگس منٛز کٲم کرنہٕ خٲطرٕ مدد حٲصل کرنہٕ خٲطرٕ جایہ جایہ۔
588,اتھ تقریبہ منٛز چھ یہ جوُرِ سترٕ پنہٕ  (مالا) سۭتہِ  جوڑنہٕ یوان۔
589,"پرٛٮ۪تھ چنٛدن وَلمس منٛز چھِ لَگ بَگ ہَتھ ویٹھِ پوُٹھہِ  كھوُرِ واین وٲلہِ واتان ۔
"
590,فرایجین ٹوُپہِ چھ نیزس پیٹھہٕ كٕنہِ  آسان ۔
591,"منظر نامہٕ تہِ آو   بہتریٖن منظر نامہٕ باپتھ بافٹا ایوارڈ باپتھ تہِ نامزد کرنہٕ ۔
"
592,"اے (پوٗرٕ زخمَ) ہُنٛد ایشیا سکور والین  زیادٕ تر لوٗکَن چھُنہٕ كٲم كرن واجینہِ موٹر ریکوری گژھان، مگر بہتری ہٮ۪کہِ یِتھ ۔
"
593,تِم چِھ اکثر بجن عمارتن یا محلن منٛز اعلان کرنہٕ خٲطرٕ استعمال یوان کرنہٕ۔
594,"پتہٕ کیٚن مرحلن منٛز، چِھ اعصابی ٹشو ہٕنٛز فائبرک سکلیروسیس گژھان۔
"
595,فریکشنل ڈوز یلو فیور ویکسِنیشن چھُ ویکسیٖن خوراك كہِ  کم مقدارٗك حوالہٕ ، یُس  بناون والٮ۪ن ہٕنٛزو   سٗفٲرشَو   مُطٲبِق دُبارٕ تشکیل دِنہٕ آمُت چُھ ۔
596,رتیش دیشمکھ تہ گوٚو فلمہ ہٕنٛدس کاسٹس منٛز شٲمل۔
597,"وۄنہِ گوٚو، أمِس آو ؤرِیہِ کِس ٲخرس پیٚٹھ نیرنہٕ خٲطرٕ وننہٕ۔
"
598,سُہٕ شخص یا گروپ یٗس پونسہٕ دِوان چھٗ ،تس چھِ فٲیدٕ دِنہٕ وول ونان ۔ 
599,دندن ہند کھۄکھریر چھ عام طور پٲٹھۍ بدبو شَہہ تہٕ خراب ذائقک بٲعث بنان۔
600,جرمن نیوُکلیر رِایکٹر انشورنس ایسوسیشن تہِ چھِ دٗبارٕ بیمہٕ صنعتس  منٛز شٲمل ۔
601,"یہِ ہیٚکہِ وُنہِ تہِ ہنا بدتمیز بٲسِتھ، مگربہٕ ونہٕ بییہِ ، تو٘ہہِ چِھو نہٕ دوست۔
"
602,کٗراش پہلوان چھِ پننٮ۪ن حریفَن رٹنہٕ خٲطرٕ تولیہ استعمال کران، تہٕ یتِہُنٛد مقصد چھُ پننٕنہِ حریف پتھر دٲرِتھ دِنہِ ۔ 
603,بینڈٕچ اکھ خصوٗصیت ٲس أمۍ سنٛد غٲر ملکی میک اپ تہٕ پۄشاک۔
604,"مانچسٹرس منٛز چھ ٹرم ٹایمس منٛز برطانیہس منٛز ساروٕے کھۄتہٕ زیٛادٕ طٲلبہ علم آسان۔
"
605,اتھ عملہٕ دوران  چھِ أمِس أکہِ  گیٚنگہِ دٕسہِ  عصمت دری تہٕ مار گنڈ  کرنہٕ یوان ۔
606,"گۄڈَے بنٲوو کھینُک منصوبہٕ تاکہ تُہۍ ہیکِو پننِس کچنس منٛز برونٹھے موجود چیز استعمال کٔرِتھ تہٕ کِریانہٕ دُکانَس منز سیلِہ ہُند فٲیدٕ تُلِتھ۔
"
607,اکہِ لٹہِ ییٚلہِ خلیس انفیکشن گو، وایرس چھُ اینڈوپلاسمک ریٹیکولمس نٔو شکٕل دوان، تہٕ بٔڑۍ بُبر بناوان، ییٚمہِ سۭتۍ خلیہِ مران چھُ۔
608,"1945 منٛز، ایڈ کونسلن کٔر نیشنل سیفٹی کونسلس سۭتۍ کٲم شروع۔

"
609,تۄہہ کیاز چھو اسہِ یم احمقانہ پلو لاگناوان؟  تۄہہ چھٗنا کانہہ  اصل پوشاك یٗس جان باسہِ ؟
610,اتھ منٛز ہیٚکن  زانٛکٲری سنسر کرن واجنیٚن ویب سائٹہٕ  ، یا تمام  ویب سائٹہٕ  سینسر کرٕنہِ  شٲمِل ٲسِتھ ۔
611,أمۍ سٕنٛد مرنہٕ پتہٕ بنیٛوو مینوس انڈر ورلڈس منٛز مرن والٮ۪ن ہنٛد جج۔
612,یمو منٛزٕ کیٚنٛہہ دوا یم مزٕ خٲطرٕ چھ نوان ، چھ معٲشر دٔیمن ہنٛدس مقابلس منٛز زیادٕ اصل پٲٹھۍ قبول کران ۔
613,گردنہِ ہٗند پتِم حِصہٕ پھہلاونہٕ باپتھ ہٮ۪کہ ڈاکٹر گردنہِ ہندِس پتِمِس حِصس منز خصوصی آلہٕ نصب كرِتھ ۔
614,البتہ  یونس خانَن کٔرۍ 41 رنہٕ تہٕ شاہد آفریدی یَن کٔرۍ 7 بالَن 22 رنہٕ تہٕ پاکستانَن کٔر 171-9 پیٹھ کامیٲبی حٲصل۔
615,نہرون کٔر دۄشوٕنی ہندوستٲنۍ برادرین درمیان میل جولس خیر مقدم تہٕ حوصلہ اَفزٲیی۔
616,2001 منٛز انڈیا ہُک دورٕ جنوبی افریقہ ہَس منٛز گژھن والہ دویمہٕ ٹیسٹ میچ انڈیا تہٕ جنوبی افریقہ ہَس درمیان سینٹ جارج پارک، پورٹ الزبتھس منٛز کوٚر میچ ریفری مائیک ڈینسن حدٕ کھوتہٕ زیادٕ اپیل کرنس پیٹھ ژورن ہندوستٲنۍ کھِلٲڑین پیٹھ ہَرجانہٕ، سۭتی کوٚرُن ہندوستٲنۍ کپتان سورو گنگولِیس پیٹھ تہِ ہَرجانہٕ پَنُن ٹیم قابو نہ کرنہٕ خٲطرٕ۔
617,گاوِل گڑھ تہٕ مہادیو پہاڑن منٛز ست پورس منز چھُ اکھ أبی شڑ تہِ یمیُک بُتھ جنوبس کُن چھُ۔
618,اگر کانٛہہ چیٖز عموٗمَن 90 سینٹ آسہِ، تیٚلہِ چھُنہٕ 10 ڈالرَن منٛز 10 کٕنُن پٔزۍ پٲٹھۍ کانہہ تہِ ژُورِ ۔
619,"یہِ مٔنٛدِر چُھ موُنہِ ژِتھرو٘ تہٕ فَنی کامہِ باپتھ مشہوُر۔
"
620,پریتھ وریہٕ چُھ اوسط 1200 ٹن گاڈٕ تہٕ كنجہِ وٲلہِ جانور  رٹنہٕ  یوان، یمن منٛز % 60 جھینگا گاڈٕ چھے٘  ، امہٕ پتہٕ چِھ مٗلیٹ یوان  ۔
621,وونہ گو٘، کُنہِ تہِ بڈِ ناوٕ كہِ  اتھ سٕتہِ وابسطہٕ آسنہٕ بغٲر گوٚڈنِچ كٲم  آسنہٕ کنہ، روُز ماضی بڈٕ  تنقیٖدی تعریف حٲصِل كرنہٕ باوجوُد واریاہ پردٕ حٲصِل كرنس منز ناكام ۔
622,اتھ پیٹھہٕ كٕنہِ چھِ  اکھ یا زیادٕ نیمٕ چہِ لنجہِ تہٕ امبہٕ پنہٕ وتھٕر اكِس پوشہِ مالہِ سٕتہِ جوڈنہٕ یوان ۔ 
623, جٹا ورمن سُندر اول سندین فتحن منز دِیوٗت تس جٹا ورمن ویرا پانڈیا ہِوٮ۪و  وارِیاہو پانڈیا شٲہی یو٘ مدتھ ۔
624,اجے ین کوٚر 29میی 2012 دوہ سن آف سردار كہ تٲریخُک اعلان تہٕ دِژن 4 اکتوبر 2012 ڈسٹرِبیوُ كِس سوداہس  حتمی شکل ۔
625,پتہٕ گِندن یِم زٕ دٗپہرٕ پتہٕ پانوٕنہِ (یُو ٹی سی) ۔
626,سینڈرسن چھٗ پنٕنہِ مٗہِم تیز کرنس منٛز مدتہٕ باپت  سوشل میڈیاہُک استعمال کوٚرمٗت۔
627,یہِ ووت زمرٕ 5 کہ  حدُک سمندری طوٗفان بنِتھ ساحلس تام ، یُس اَمہِ قسمٕکہ طوٗفانٕچ ساروٕے کھۄتہٕ مضبوٗط سطح چھِ۔
628,یہِ فلم ٲس ایپل انكارپوریشن كِس بانی سٹیو جابس  سنٛزِ زندگی پیٹھ مبنی ۔
629,یمن علاقن منٛز مسلمانن ہٕنٛزِ روزدٔری ہنٛد زیادٕ فیصد چھُ ، تمن منٛز چھ جنوُب مشرقی ایشیا، جنوبی ایشیا، مشرق وسطی، شمالی افریقہ، ہارن آف افریقہ تہٕ زیٛادٕ تر سب صحارا افریقہ شأمل۔
630,الماتی منٛز چھٗ میڈیو  مصنوعی شینٗک وٲحد میدان۔
631,"تقریباً 6500 قبل مسیح منٛز اُبرٮ۪و بلوچستانَس منٛز سندھ کِس الوویم کِس حاشس پیٹھ زراعت۔
"
632,فائل اپ لوڈ وزارڈ اِستعمال کرنہٕ خٲطرٕ شٗکریہ۔ مہربٲنی کٔرتھ ترٛاو پنٗن ردعمل، تبصرٕ، بگ رپورٹ، یا مشورٕ ٹاک پیجس پیٹھ۔
633,یمن کمپنین منٛز چھ تِم بینک شٲمل یم زٕ ہتھ ؤری برونہہ  چلان  ٲسہِ ۔
634,"أمِس چھِ واریٛاہ ایوارڈ میلِمٕتہِ  یَتھ منٛز  فلم فیئر ایوارڈن باپت پانثھ نامزدگی  شٲمِل چھے٘ تہٕ یہِ چھُ مُختٔلِف فلمی صِنفن  منٛز اداکٲری باپتھ مشہوٗر۔
"
635,زیادٕ کھوتہٕ زیادٕ شمال-جنوبک فاصلہٕ چھ 285 کلومیٹر، ییٚلہ زن زیادٕ کھوتہٕ زیادٕ مشرق-مغربک حصہٕ چھ 115 کلومیٹر۔
636,تٔمِس ٲس اکھ بینہِ تہِ، کِرسٹین، یۄس زینہٕ پتہٕ فوراً گُزرییہِ ۔
637,"ہولی چھِ تیلگوٗہَس منٛز کامُنی پُنامی/کام پُرنِما یا جاجِری ونان ۔
"
638,زیادہ تر ملکن یا کسٹم یونینَن منٛز چھِ مرکزی بنک آسان یم پننہِ کرنسی متعلق معلومات چھِ دوان۔
639,"بادشاہ سٕنٛد طرفہٕ ؤزیر اعظم سٕنٛز تقرری چھےٚ مشورس پٮ۪ٹھ مبنی۔
"
640,یہ چھ گریٹ آیکلف کہ سول پیرشک اکھ حصہٕ۔
641,فری سٹائل سکرپٹٕک شایع کرن وٲلۍ چھ ایڈوب ، آی ٹی سی تہٕ لیٹراسیٹ ۔
642,لاراک چھ واریاہ کالہٕ پیٹھہٕ ویگن، مطلب چھ یہٕ ز سہ چھنہٕ ماز یا جانورن ہٕنٛد پٮ۪ٹھٕ پٲدٕ گژھن وٲلۍ باقی مصنوعات کھیوان، یتھ کٔنۍ زن دۄد تہٕ ژامن؛ تہٕ چھ جانورن ہٕنٛدین حقوقن ہنٛد کارکن۔
643,"اگر یہِ واریاہ زیوٗٹھ آسہِ، تیٚلہِ ہیٚکن اوٚنٛگجہِِ وایٗن  مُشکِل بنٲوِتھ ۔
"
644,سینٹ لوسیا (1605) تہٕ گریناڈا (1609) کیٛن کیریبِیَن جزیرَن پیٹھ کالونیہٕ ژمییہ تیزی سان ۔
645,یہ وٕچھتھ اوس شرارت کھسان ز شرابین ہمدردی کرنہٕ تہٕ تمن شراب نوشی پیٹھ قابو کرنس منز مدد کرنہٕ بجایہ چھ تم اچھیٹن ہٕنٛدۍ پٲٹھۍ ورتاونہٕ یوان۔
646,"سُہ ہیٚکہِ پوٗرٕ ہندوستانَس منز 3100 سائبر سینٹر قٲیِم کٔرِتھ تہٕ مِلہٕژھ مُلکٕچ لَگ بَگ تمام ریاستَن منٛز کام کرنُک شاندار موقعہٕ۔
"
647,برہمسس گو٘  جلدیہ  کلارایہِ  سۭتہِ  محبت یو٘سہِ تمہِ سندِ كھو٘تہٕ 14 وریہہ بٔڑ ٲس۔
648,وۄمید چھِ زِ لیٖگہِ ہُنٛد جٲیزٕ گژھِ 18 اپریل تام مُکمل۔
649,ییٚلہِ تِہنٛدِ  قومی ترانہ واینہٕ آیہِ  دۄن ٹیمَن ٲسہِ مُختٔلِف رسٕم ۔
650,نیلسی ، فلیکس بورٹن ، یاٹن ، بروکلی تہٕ بیرو گورنی چھ نزدیٖک۔
651,1979 منٛز آو فیئر چائلڈ چینل ایف سسٹم II ناوٗک جاں نشین جٲری کرنہٕ ۔
652,"واریاہ عیسٲیی جمٲژن ہنٛد خیال چھ ز اکہ لٹہ ییٚلہ اکھ روح جہنمس منٛز گژھہ، سہ چھ ہمیشہٕ تٔتی روزان۔
"
653,یم چھ غٲر مستحکم تہٕ غٲر متوقع اثاثہٕ یمن ہند انتظام کرٗن  مشکل چھٗ ۔
654,سیکیٖن گُزریو 9 اپریل 2020  ٹوکیووَس منٛز 93 وُہُر۔
655,1857 کس بغاوتس دوران گٔیہ ریاست کiن شمٲلی حصن منٛز بغاوت، ییٚمچ قیادت تاتیہ ٹوپے ہویو سربراہو کٔر۔
656,تٔمہِ لو٘ڈ  فرانسیسی تہٕ ہندوستٲنہِ   تہٕ امریکی انقلٲبی جنگس منٛز۔
657,"گِندنٗك علاقہٕ اوس ""ڈِوجن لٲنہِ"" ہِنٛدِ ذٔریعہٕ دۄن برابر حصن مَنٛز تقسیٖم آمُت کرنہٕ۔
"
658,"ھہمیشی ییلہ تی پاونسی خرچاون یہ زینان چی . یہ چھُ ایون بہِ کھتس منز لیکھنس  
"
659,یہِ اوس جارجز بریک تہٕ پابلو پکاسو سٕنٛدٕ ذٔریعہٕ شروٗع گوٚومُت۔
660,"برہم پُترا دٔریاوَس منٛز چھِ زٕ تھدِ آبکٕۍ موسم وُچھنہٕ یِوان، اکھ ریتہٕ کالہِ کِس شُروٗعس منٛز یُس پہاڑَن منٛز شیٖن گلنہ سۭتۍ سپدان چھُ، تہٕ بیاکھ چُھ ریتہٕ کالہِ کِس ٲخٕرَس منٛز وَہرٲژ روٗدٕ کہِ  بہاو 
کہِ وجہ سۭتۍ سپدان ۔"
661,معزس اوس نہٕ کانٛہہ شُر، مگر سُہ اوس پننٮ۪ن تُرک غۄلامن پننٮ۪ن نچین ہٕنٛد پٲٹھۍ مانان، یِمَن سپاہن تہٕ نٲظِم دۄشوٕنی ہنٛز تربیت  تہٕ بہتریٖن تعلیم فراہم کرنہٕ یِوان ٲس ۔
662,"آر اے چُھ جیٖنن ہٗند  حركتس منز یٗن یا غیر عملی كرٗن  باقاعدہ بناوان۔
"
663,سہ مُود 53  وانسہ منز دماغس نزدیک اینوریسمٕچ پیچیدٕگی  سۭتۍ ۔
664,فطرتن چھٗ  یِہ اکثر نزدیکی کٗلِس  کھسان ۔
665,بول تہٕ ریکارڈ کٕور آرٹ ورکس منٛز اوس حقوق نسواں ہٗك  مضبوٗط  پیغام ۔
666,وچھیو ز جوڑن چھا خریدٲری قیمتس منٛز شٲمل یا اضٲفی فیسس پیٹھ دستیاب۔
667,ماسکیلا گزرییہ 23 جنوری 2018 ہس منٛز جوہانسبرگس منٛز پروسٹیٹ کینسر سۭتۍ، 78 وہر۔
668,یمن فنکشنن ہنٛدِ سطحک اندازٕ لگاونہٕ خأطرٕ چھ ٹیسٹ تیار کرنہٕ آمتۍ ۔
669,"گراہم اوس ریاضی کس أکس شعبس منٛز اکھ مسئلہٕ حل کران یتھ ریمسی نظرِیہ ونان چِھ ۔
"
670,میگھالیہ ہس منٛز چھِِ بڈۍ  جنگل، برپور حیاتیٲتی تنوع، تہٕ واریاہ ٲبی ذخیرٕ۔
671,ییٚمہِ عٮ۪بارتہِ مُطٲبِق چھے٘ پدمِنی جوہر کرِتھ   مرنہٕ برٛونہہٕ  پنٛنٮ۪ن دۄن نیٚچوٮ۪ن ہٕنٛز ذِمہٕ وٲری علاودیٖنَس حَوالہٕ كران ۔ 
672,تتہٕ کٔر تٔمۍ کریٹسس مایوسی ہنٛز وضاحت ، ییٚمۍ یہ سیٹیم کس زینوس ہیٚچھنٲو ۔
673,رقصک آغاز چھ دعا ہچ علامت، یتہِ  پیٹھہٕ رقاص باقی پیشكش  شروع کران  چھُ ۔
674,برصغیر پاک و ہندس منٛز چھ لانٛزٕ لڑایہ ہنٛز اکھ پرٛٲنۍ تٲریخ۔
675,تاہم، گوڈنکس زمانس منٛز اوس روایتی مواد تہٕ جڑی بوٹی میک اپ خٲطرٕ استعمال یوان کرنہٕ۔
676,گیب چھ کنہ ساتہٕ یونٲنی ٹایٹن کرونوس برابر آسان۔ گیب چھ کلٮ۪ن کٹٮ۪ن ہنٛد دیوتا تہ۔
677,گروُپ سی یس منٛز دِژ ازبیکستانن کوالا لمپور کِس بُکیت جلیل سٹیڈیمَس منٛز ملیشیاہس 5-0 سۭتہِ شِکست ۔
678,جینوٹائپ I چھٗ  پانژن ذیلی کلیڈن منٛز تقسیم کرنہٕ آمٗت ، اے پیٹھہٕ ایٕی یس تام۔
679,سہ آو سایکلنگ منٛز واپس، مگر زانٛہہ تہ زیٖننۍ نہٕ بیٚیہ کانٛہہ بٔڑ ریس۔
680, واریاہ جلدی  چھِ لُوکھ شرُکھ ناوٕ  زِنٛدٕ ژھاوجِہ ہِنٛدِس أکِس  ٹُکھٕ مۄکھ ژُوان۔
681,"میزورم کین جنوبی بالن منٛز ٲسۍ بیپٹسٹ چرچکۍ  پیروکار  غلبہ 
 تھوان۔"
682,"کنہ چھےٚ اکھ أکس پٮ۪ٹھ مرکزس منٛز ساروٕے کھۄتہٕ بڑِ پٮ۪ٹھٕ ساروٕے کھۄتہٕ لۄکچہ ہموار کنہ تام تراونہٕ یوان۔
"
683,"سویڈنَس منٛز چھُ بینڈی پننہِ ""ثقافت"" خٲطرٕ مشہوٗر - بینڈی گِنٛدُن تہٕ تماشٲیی بنُن دۄشوٕنی خٲطرٕ چھِ واریٛاہ حوصلک تہٕ لگنک ضروٗرت آسان۔"
684,ٲسہٕ سٕتہِ چنہٕ یِنہٕ ووال ٲبِیتھ بٕڈراون وول رل ہیكہِ گھرِ تہِ بناونہٕ یِتھ ۔ 
685,ٹُوِٹَرس پٮ۪ٹھ پنٛنیٚن مدِ مٖقابلن  ہِنٛدین پوسٹن پیٹھ گِندوٕنہِ راے دِنہِ چھے٘ تٗہنزِ كمپنی ہٗند پروفایل بناونٕچہِ عام وتھ ۔ 
686,ییلہٕ 2007 منٛز اکھ بوڑ کساد بازاری آیٔیہٕ کرنہٕ تہٕ کینیشین معاشیات گیٔی زیادٕ مقبول ۔
687,2007 ہَس منٛز آو گریگوری ہاکی ہال آف فیمس خٲطرٕ مُنتخب کرنہٕ۔
688,"تجربہٕ کارس متعلق ییٖژاہ تۄہہِ نِش زیادٕ زانکٲری چھِ، مطلوبہٕ رِکارڈ ژھارنٕک موقعہٕ چھِ تیٖتاہ بہتر۔
"
689, نارائنن کوٚر اندرا تہٕ وزیر اعلی ہس استفاء دنُک تہٕ فوجس تہٕ پُلسس غأر أئینی تہٕ غأر اخلأقی حُکمن نظر انداز کرنُک مطالبہٕ.
690,6 دسمبر 2010 آو تَس لتھوینین نیشنل پر٘ایز  دِنہٕ ۔ 
691,"نونیز چُھ ریاستُک گۄڈنیُک ہسپانوی تہٕ لاطینی لیفٹیننٹ گورنر تہِ ۔
"
692,كامبل ، تھکاوٹ، دِلہٕ دٗبرایہ منز مٗشكِالت ، دورٕ پینہِ   تہٕ أنٛدرۍ خون یٗن تہ ہیٚکہ صحت یاب گژھنس  دوران بطور  یلو فیورٕچ پیچیدٕگی ظٲہر گژھتھ ۔
693,سُہ چُھ سوٚیم بھوُ تہٕ دُنیاہُک تخلیق کار مانٛنہٕ یِوان۔
694,ییٚلہِ ہُمایوُں  پنٛنہِ جَلایہِ وطنی پیٚٹھٕ ہِنٛدُستان واپس آو، تمہِ  ووٚن پنٛنیٚن أمیٖر زادن زِ تِم کٔرِن سٲرسٕے مُلکس منٛز مُختٔلِف زٔمیٖندارن تہٕ جٲکگیٖر دارن سٕتہِ  خانٛدرٕکہِ  رِشتہٕ قٲیِم۔ 
695,دروزک تعلق چُھ اسلام تہٕ عیسائیت سۭتۍ مگر زیادٕ فلسفس پٮ۪ٹھ مبنی ۔
696,تٔمۍ زِیوٗن 1956 کِس وِنٹر اولمپکسس منٛز کناڈا خٲطرٕ سرتل تمغہٕ۔
697,20 جوٗلایہ  1296 تھس منٛز مور علاؤ الدینن سلطانس سلام کرنٕکہِ بہانہٕ جلال الدین تہٕ کوٚرُن پنُن پان نوٚو بادشاہ آسنُک اعلان۔
698,آلہٕ  چھُ مضموُنہٕ  خٲطرٕ درخواست کیو آرپیڈیا ویب سرورس سوزان۔
699,"سپینٕکۍ وزیر اعظم جوس لوئس روڈریگز زاپاٹیرو تہٕ ملکہ سوفیاہن کوٚر میڈرڈ کِس حقس منٛز بحث۔
"
700,مُجرِمو چھِ موروکو ڈا روسِنہا تہٕ وِڈِگَلٕکۍ مُقٲمۍ لُکھ خطرس منٛز ترٛٲوِمٕتہِ ، تہٕ چھِكھ حُکامن ہنزِ  فوری  کاروٲیی ہِنٛز منٛگ کَرمٕژ۔  
701,از چھٗ زرن منز  فلوٹِنگ ایكسچینج  شرح مٖشترقہٕ ۔ 
702,صرف چھےٚ ترٛیٚیہ سرکار ترٛیٚن ؤری ین منٛز روزان۔ 
703,جولیاٹا ، ایڈاہو جولیاٹا چھ ریاستہائے متحدہ امریکاک اکھ شہر ۔
704,برازیلس منٛز چھےٚ گانٛٹہٕ  بیارِ وُڑاونہِ شُرٮ۪ن، نوعمرن تہٕ  نوجوانن تام   خٲطرٕ تہِ اکھ تفریحی سرگرمی۔
705,یہ آیہ ہندوستانس منٛز 28 جون 2019 رلیز کرنہٕ۔ یہ آو نیٹ فلکس پیٹھ آن لاین سٹریمنگ باپتھ دستیاب کرنہٕ۔
706,لٗكہ گژھن سپاین بورڈٕ پیٹھہٕ امہ کہِ استعمالہٕ سٕتہِ گژھن واجِنیو٘  پیچیدگِیو٘  نشہِ بچنہٕ خٲطرٕ یوٗت بہٕ  تیوُت جلد تٗلنہٕ یِنِہِ ۔
707,ڈگلس ، اوکلاہوما ڈگلس چھ یوٗ ایس ریاست اوکلاہومس منٛز اکھ شہر ۔
708,"سنہ 1968 ٹس منز کئرِ تِمو الاسکا نارتھ سلپ آئل پروڈکشن خاطرٕ ایکسنس سۭتۍ شراکت۔

"
709,ڈیویڈنڈ اسٹاک چھ کمپنی ہنٛد منافُک اکھ حصہٕ شیئر ہولڈرن دِوان۔
710,اتھ کی ہنز زانكٲری چھے٘  پرتھ ہستی ہنز شناخت ثٲبت کرنس منز کٲمہِ یوان ۔
711,امہ رسمہٕ پتہٕ یی پوککلم صاف کرنہٕ تہٕ ہٹاونہٕ۔
712,حاضری ہُند تاریخی تہٕ جدید تخمینہٕ چِھ ذریعن درمیان واریہ مختلف آسان۔
713, ژورمہ پٮ۪ٹھٕ شروٗع کٔرِتھ زیٖنۍ ورسٹاپینن سلورسٹونس منٛز 70 تھم وۄرس گرینڈ پری۔
714,اگرتو٘ہہِ  تنخواہ  یا ویسے تہِ باقٲعدٕ آمدنی چھوٕ ، تٗہنزِ  خٲلص آمدنی ہنٛد تعیٗن کرٗن چھٗ واریاہ سہل۔
715,کیسپین ٹائیگر اوس سٕہن ہند دوٚیم ساروی کھۄتہٕ بوٚڑ نسل۔
716,یہٕ لاگت آیہ 1476.96 کرورن ہنٛد گۄڑنکہ تخمینہٕ کھوتہٕ ہرراونہٕ۔
717,پالیسی ہٕنٛز ترتیب ہٮ۪کو پرٛٮ۪تھ استعمال کرن وٲلس تہٕ پرٛٮ۪تھ مشینہٕ خٲطرٕ ترتیب دِتھ ۔
718,كارٹن ہنز دور  چھِ عموٗمَن بہم  موٹر سپورٹن ہنز    سیٹھاہ شر٘وجہِ صوُرت ماننہٕ یوان ۔ 
719,نیوارک ایئر پورٹ پیٹھہٕ پرواز بھرنہٕ پتہٕ  چھ 3407 ہوٲئی جہاز کس کاک پٹس منٛز اکھ زنانہٕ آواز (پائلٹ) ہوٲئی حکامن یہ اطلاع دوان كنو بوزان ز تہٗنٛد ہوٲئی جہاز چھٗ لینڈِنگ اپروچ آن کران۔
720,ریتہٕ کول چھُ مارچس منٛز شروع گژھان تہٕ مئی یَس منز چھُ ساروی کھوتہٕ ژوٚر اَوسَط درجہ حرارت آسان یُس 46 ڈگری C (115F) تام واتان چھُ۔
721,یِمہِ  مسلہٕ گژھِتھ ہیكن یِمن منز چھٗ آلیہ تناسٗبٗك كھڈا نہٕ گژھٗن ، چھوُٹنٕچ اہل،یت راونہِ ، زنانہٕ جایہ سترس منز كم لٗبٲبِیت ، احساس كم گژھٗن تہٕ جوہر نیرنس منز اہلیت ختم گژھٕنہِ ۔ 
722,سُہ اُوس فینِش پارلیمنٹ  تہٕ یورپِین  پارلیمنٹک رٗکُن۔
723,یہِ أس 1990 باپتھ 25 نمبرس پٮ۪ٹھ ، حالانٛکہ وۄنہِ چِھ یہِ کم مقبوُل  ۔
724,پرٛٲنس زمانس منٛز اوس یہ پوٗرٕ شمٲلی ہندوستٲنۍ برصغیرس منٛز مشہوٗر، مگر از چھ یہ شاذ و نادر عملس منٛز۔
725, فلم چھےٚ أکس نوجوان جورِ مٗتعلق  یو٘سہٕ خانٛدرٕ پتہٕ واریاہ مزاحیہ واقعاہن ہنٛد تجرُبہٕ کران چھے٘ ۔
726,تمہٕ وقتہٕ پیٹھہٕ چِھ پارٹی جمہوری مرکزیت کِس بنیادس پیٹھ کٲم کران ۔
727,"ریون سٹون ڈیل چُھ ایڈن، کَمبریا، انگلستانس  منٛز اکھ گام تہٕ شہری عیسٲیہِ علاقہٕ ۔ 
"
728,اوسطن کم پسینہٕ چھِ  ، چُھ جٗلائی یتھ  منٛز اوسط۔
729,مثلاً، تُہٕنٛز حُکوٗمت ہیٚکہِ یہِ ؤنِتھ زِ اگر کانٛہہ شخٕص سَتن ؤرِین  لاپتہٕ آسہِ  سُہ یی موُدمٗت مانٛنہٕ۔
730,جنوُبی اند چھٗ عموُمن  سرف بورڈ چہِ سوارِ خٲطرٕ مخصوص آسان  ۔
731,یہ چھ ڈیمنشیا تہٕ سکیٖزوفرینیا والٮ۪ن لوٗکن منٛز تہٕ اینوکسک برین چوٹہٕ پتہٕ ظٲہر گژھان۔
732,"یہ اوس گٹار ڈرونس تہٕ ٹیپ لوپن سۭتۍ یس دوہراونہٕ یِنہٕ واجنٮ۪ن آوازن ہٕنٛز کیکوفونی پٲدٕ کران اوس۔
"
733,پولیس نسل پرستی خلاف سپدۍ پورٕ دنیاہس منٛز ریتہ واد احتجاج ۔
734,"سُہ اوس جان یلوٹ، ڈاکٹر ماریا ٹیلکس تہٕ ہیری ٹیبورس نشہِ متٲثر۔
"
735,اصٕل خبر چھےٚ یہ ز یہ سوال ہیٚکہ تٗہندِ  خٲطرٕ ینہٕ والہِ فروختٗك سطح آسٲنی سان بند كرنس مدتھ كرِتھ ۔ 
736,اکورڈینس منٛز ہیکن کیلن بجائے بٹن تہٕ آسان۔
737,امہِ كٕرِ  برازیل، ارجنٹینا، کولمبیا تہٕ پیروہس خدمات فراہم ۔
738,"یہِ اوس 2020 کِس سمر اولمپکس خٲطرٕ بطور رولر کھیل زیر غور ۔
"
739,مگر مسلم لیگہ ہندۍ مطالبہ آیہِ صِرف یوپی تہٕ مدراسَس منز مکمل پٲٹھۍ پورٕ کرنہٕ۔
740,یہ اوس پننہِ  وقتٗك  سیٹھاہ  جدید بمبارو منٛزٕ اکھ ۔
741,گیسٹر٘یٹٕز گیسٹر٘یٹٕز چھٗ جرمنی ،باویریا کس لِنڈاو ضلعس منٛز اکھ بلدِیات ۔
742,سِنگھ گوٚزرِیو 8 ستمبر 2022 ،95 ؤریہہ  وٲنٛسِہ منٛز۔
743,وٹیلگو، یتھ لیوکوڈرما تہ ونان چھ، چھ جلدٕچ اکھ طویل مدتی حالت یمیچ خصوصیت چھ ز جلدٕکین پیچ چھ پنن رنگ راوآن۔
744,ستمبر 2011 ہس منٛز کھول این ایل سی ایسن جیجو، جنوبی کوریاہس منٛز اکھ نوٚو سکول۔
745,چونکہ ریٹینوِک ایسڈ ہیکو نہٕ ریٹینل یا ریٹینولس منٛز  ژو٘مرٲوِتھ ، کارنیاہس پیٹھ  یم اثرات آسن ریٹینوِیِک ایسڈ باپت  مخصوُص ۔
746,مہاراشٹرک علاقٲیی ادب چھ ریاست کین خاص حصن منٛز مراٹھی لوکن ہنٛز زندگی تہٕ حالاتن متعلق۔
747,یہ اُوس گۄڈنچہ لٹہ جنوری 2006 تہٕ اپریل 2007 درمیان بی بی سی ون پیٹھ نشر کرنہٕ آمُت۔
748,فلاینٛگ پو٘ژھٕ لٲوِ  چھ مٮ۪وٕ تہٕ کلٮ۪ن ہٕنٛدِ باقیہ  مواد کھٮ۪وان، تہٕ کٗنہ ساتہٕ  کیٚمہِ  تہِ ۔
749,سوٗ چھٗ پننِس مزہبی تبلیغی  دوست سنز 1814 ہچ چِٹھہِ تہِ  شٲمِل كران ییٚمہِ زائرین منز انجیلٕکہِ نقل بٲگرٲوِ تہٕ کینٛہہ عیسائیت منز مٗتقل كرنٕچ كوُشِش كٕر ۔ 
750,1971 منٛز پنٛنہٕ گریجویشن پتہٕ کٔر وانگن ووگ میگزینس خاطرٕ کٲم شروٗع۔
751, گٔنۍ، تھٔدۍ تہٕ سرسبز وَنَن ہُنٛد اکھ واریاہ بوٚڑ سائبان چھُ نوٚکریک تہٕ اِمہِ کِس ماحولَس وَلان۔
752,کرناٹک موسیقی ہندۍ لیکھتھ نوٹ آیہِ 17 مہِ صدی کِس أخرَس تہٕ 18 مہِ صدی کِس گۄڈس منٛز دُبارٕ زندٕ کرنہٕ یُس تنجورَس منز شاہاجی II سنز حکمرٲنی سۭتۍ رلان اوس۔
753,آزٲدی پتہٕ چھ پنجاب زیادٕ تر اکھ زرعی معاشرٕ۔
754,ناسک تہٕ اجین تیوہار چھ اکِسیہ  ؤرِیس یا اکہِ وریہہ پتہٕ مناونہٕ آمٕتہِ ، عام طور ہردوار کٗمبھ مٲلہٕ پتہٕ تقریبا ترٛییہِ وہٕرِ ۔ 
755,یہٕ گیم ٲس آئی ٹیونز کین گیمن ہنٛدن حصن منٛز مٔلۍ ہیٚنہٕ خٲطرٕ دستیاب۔
756,دٔیمِس نصف حِصہٕ کِس آغازس منٛز بَڑھٲو  لاینیل بِیوکسِس لگہٕ کہِ ذٔریعہٕ فرانٛسنُک برونٛہہ پَکُن، مگر جانی وِلکِنسَنن کوٚر امہِ پَتَے سکور تہٕ کوٚرُن خَصارٕ کم واپس أکِس پۄیِنٹس پیٹھ۔
757,"اتھ پیٹھ كھو٘ت  17 ستمبر 2018ہس منز 640 ۔

"
758,تغلق خاندانن کوٚر مسلمان نوابن ہندِ بغاوتک مقابلہ خاصکر محمد بن تغلق سٕنٛدس دورس منز ، بلکہ  فیروز شاہ تغلق ہوین باقی  سلطانن ہندس دورس منزتہ۔
759,"بکسر چُھ ہِنٛدُستان کِس مشرِقی حِصس منٛز رِیاستہِ بِہارُک اَکھ شَہر، یتھ مشرِقی اُتر پرٛدیشس سۭتۍ سَرحَدس رلان چھِ۔
"
760,سہ چھ جنگلی جانورن ہند رٲچھ کَرن وول  بنن یژھان ۔
761,ساسہٕ بٔدۍ مشرِقی پٲکِستٲنہِ سپٕدِ مارٕ، تہٕ لگ بگ اَکھ کَرورپناہ گٗزین  ژٔلہِ نَکھٕہ كِس ہِنٛدُستٲنہِ رِیاستس مغرِبی بنٛگالس کُن۔
762,بمے٘ وٗچھ ز کرناٹکس منٛز چھ سیاحن سۭتہِ کینٛژن مقٲمی باشندٕن ہنٛد برتاؤ ناگوار تکیاز سیاح چھ نہٕ کننڑ زانان۔
763,اگر نہٕ تۄہِہ پنُنہِ كِرایہ یا گھرٕ جوُرِ ،  تیلِہ پیوٕ تۄہِہ،کم از کم عٲرضی طور، کٲنسِہ ہُند گرٕ گژھنچ ضرورت۔ 
764, جٲرِحانہٕ کارٕوٲئی ہندِس نیصفس پیٹھ پِٮ۪و ہمایوں ہس یہِ ترک کرٕنہِ  تہٕ پِیوس گجراتس پیٹھ توجہہ دِیوٗن ییتہِ احمد شاہ سندِ خطرٗك مٗقابلہٕ كرٗن اوس ۔ 
765, قلعہ آو 2008 ٹھس منٛز بطور  یونیسکو عٲلمی ثقافتی ورثہ  مقام  درج  فہرِست کرنہٕ ۔
766,یہِ چِھ صوبہٕ تہٕ مشرقی حصس منٛز ساروٕے کھۄتہٕ بٔڑ میونسپلٹی۔
767,شہری چکر چھ افریقہ ہس منٛز پھہلن والہِ  یلو فیورٗک نٗمایاں پٲٹھہِ ذِمہٕ وار۔
768,"اکتوبر 2015 ہَس منٛز کوٚر ڈیل اِنکارپوریشنَن اعلان زِ سُہ کرِ ای ایم سی حٲصِل۔
"
769,اوڈیشہ ہس منٛز چھ 2018 ہس تام ہیومن ڈیولپمنٹ انڈیکس 0.606۔
770,تۄہہ پزٕ نہٕ زانٛہہ تہِ اِن ایپ چیٹس حقارت کرُن زِ یہ چھُ ضابطک اکھ طریقہ۔
771,سیاحن ہٕنٛدِ وجہہ كِنہِ  چھِ دِنانت  بیکری رٮ۪تہٕ کالہِ کِس موسمس منٛز بٔڑس پیمانس پٮ۪ٹھ كنان دنان ۔ 
772,1999 کس اپتداہس  منٛز کٔر پاکستٲنۍ فوجن قبضہٕ لٲنہِ  (ایل او سی) اپور ترِتھ  دراندٲزی تہٕ کوٚرُکھ کرگل ضلعس منٛز زیٛادٕ تر ہندوستٲنہِ علاقس پٮ۪ٹھ قبضہٕ۔
773,پال طرز اوس سینا سلطنتس تحت مِلیو وراثتس منز تہٕ رود ترقی کران۔
774,سمسٹی: سمسٹی چھ اکھ کمپیوٹر گیم ییٚتہ کھلٲڑۍ شہر بناوان چھ۔
775,2015 کس أکس رپوٹس منٛز چھ ونٛنہٕ آمت ز سطحس پٮ۪ٹھ مارسہٕ چہ کرٛٮ۪ہنہ رکھٕ آسہٕ آبہٕ سۭتۍ متٲثر گٔمژٕ۔
776,سیٚکہِ کَنہِ تہٕ سیٚکہِ کَنہِ ہِنٛدِس برآمدس منٛز چُھ ہِندوستان اَہم مُلکن منٛز شٲمِل۔
777,1838 پتہٕ گٔیہِ انگریزَن ہُنٛد زیر کنٹرول صوبہٕ تہٕ پتہٕ ہندوستٲنۍ ریاست آسام اَمہِ ناوٕ سۭتۍ مشہوٗر۔
778,2011  منٛز اوس سہ بنگ بندھو انٹرنیشنل کانفرنس سینٹر، بنگلہ دیشس منٛز رابندر اُتساب تقریبس منز موجود۔
779,ڈین اوس 2009 پیٹھہ 2015ہس  تام ڈیلاوییرُک 25 ہم لیفٹیننٹ گورنر۔
780,معموٗلی زخٕم والیٚن مٔریٖضن چُھ سُویہ  علاج یُس بٕتھہِ چہِ رَگہِ ہِنٛزِ کمزوٗری یا فالجہِ منٛز آسان چُھ، أچھن ہِنٛز حِفاظت کَرٕنہِ  تہٕ پیٛارُن۔
781,امہ برٛونٛہہ ٲس سۄ 2013 پؠٹھٕ 2017 ہس تام پارلیمنٹٕچ سپیٖکر۔
782,فن لینڈن زیوٗن ویستیرس، سویڈنس منٛز 2004  عالمی چیمپئن شپ، ییٚلہ زن باقی تمام چیمپئن شپہٕ   سویڈنن، سووِیت یوُنینن تہٕ روُسن زیٖنہِ ۔
783,پی ایچ ڈی پروگرامس منز میٲنس دٲخلس متعلق رٕژ شیٚچھ بوٗزتھ چھس نہٕ بہٕ کنہِ ویژان۔ 
784,"سارِوٕے کھۄتہٕ کم گاڈٕ ہٲنٛزَس تِہ آو وزیرن نِش قانونی مُقدِمہ کرنک اِجازت دِنہٕ۔
"
785,فیڈرل آئینی عدالت چھ جرمنی ہنز ساروی کھوتہٕ اہم عدالت۔
786,رٮ۪وٲیتی طور چھِ ممنوعہ اشیا دوٛن ضٗمرن منٛز تقسیم کرنہٕ یوان ،حطمی ممنوعہ اشیا تہٕ مشروط ممنوعہ اشیا ۔
787,"یِم رپورٹ چھِ کلائنٹَن خٲطرٕ، لہاذا کٔرِو تِمن پالیسیَن تہٕ ترجیحاتن پیٹھ عمل۔

"
788, پُلسن ووٚن  تِم چھ وٕنہ تہ تحقیقات کران تہٕ تمو دژ نہٕ ماملس مُتعلق مزید تفصیٖل۔
789,یِم چھ اکثر باقی بیمارٮ۪ن سۭتہِ گژھان ، یتھ کٔنہِ بولنکہِ مٗشكلات ۔
790,"مسٹر ایڈورڈزن ووٚن زِ پوسم اوس نہٕ زانٛہہ تہٕ زندٕ روزنُک موقعہٕ۔
"
791,تٔمہِ ٲس مِس أرتھ 2013 ہَس منٛز نیپالٕچ نمٲیندگی کٔرمٕژ یٗس فلپائنَس منٛز مٗنعقد كرنہٕ آو ۔
792,کاشت کٲری چھِ امچ ساروِی کھوتہٕ اَہَم اقتصٲدِی سرگرمی، یُس امکہِ معیشتُک 70 % کھوتہٕ زیادٕ حصہِ چھُ ۔
793,"یِم پلو بینک چھِ گرجا گھرن تہٕ باقی نجی خیرٲتی ادارن ہٕندِ ذٔریعہٕ چلاونہٕ یِوان، کُنہِ ساتہٕ تُہندِس مقٲمی فوڈ بینکَس سۭتۍ تتھۍ جایہِ۔
"
794,شدید ہٹِس ورمہٕ وٲلہِ  لُکھ ہیٛکن مشٲہدٕ خٲطرٕ ہسپتالس منٛز دٲخل كرنہٕ یِتھ  ۔
795,  اتہِ چِھ غٲر مساوی حییتٕچہِ زٕ گۄپھہٕ ، دۄشوٕے چھِ مشرقس کُن یتھ منز باگ  اہم دیوتا گنپتی سٗنٛد مٗجسمہٕ چھٗ ۔
796,مےٚ چھ ونٛنہٕ آمت ز اتھ تل چھ ایمیزون کھۄتہٕ بوٚڑ دریاو۔ یہ چھنہٕ پزِ پٲٹھہِ  بیُہن لایقٕ۔
797,بےٚ گرٕ لوٗکن ہٕٗنٛد تعداد چھٗ پٔتمٮ۪ن  کٮ۪نٛژن ورین منز  وارٕ وارٕ ہریومٗت ۔
798, یمن گۄڈٕ پری ایکلمپسیا آسہِ گوٚمت،تِمن منز گژھِ باقیہ  خطرٕ كین انصرن شِدت سان یلاج كرنہٕ یٗن ۔ 
799,ییٚلِہ کِرَن لوُكن تھی تِمس تھاپٕر لایان چھے٘ ، سوُ  چُھ واریاہ شراب چیٚون شروٗع کران۔
800,میون جسم روُزِن  بٮ۪مارٮ۪ن تہٕ عیب نِش پاک تہٕ مےٚ گژھ چانہِ  صحبتٕچہِ  سعادت حٲصِل گژھٕنہِ  ۔
801,قسمیت لو پیسہ دلی چھےٚ سنجے کھنڈوری سٕنٛز ہدایت کٲری منٛز بنن واجیٚنہ ۲۰۱۲ ہٕچ بالی ووڈ کامیڈی تھرلر فلم۔
802,1985 منٛز آو کمپنی نیشنل میڈل آف آرٹس دنہٕ ۔
803,"یہِ ٲس جاپٲنۍ فٹ بال کلب تہٕ أکِس امریکی فُٹ بال کلبَس درمیان گۄڈٕنِچ بٲجہِ بٹھ ۔
"
804,مےٚ دِت ییمہ عجٲیب گرُک دورٕ کرنہٕ خٲطرٕ پونسہٕ، تہٕ بہٕ کرٕ یِمن کاریگری نمونن ہنز پننۍ پٲٹھۍ زان ۔ 
805,"آیلینڈرو کوٚر 2008 کِس دٲخلہٕ کِس ڈرافٹَس منٛز ترٛیٚیِمہِ راؤنڈُک انتخاب کرنہٕ خٲطرٕ دِفاع کار مارک آندرے برجرنَس انہیم ڈکسَس سۭتۍ تہِ سودا۔
"
806,راجندر III سُنٛد ٲخٕری رقم شُدٕ تٲریٖخ چھُ 1279۔
807,"محمد ششمن کوٚر 2002 ہس منٛز مغربی صحارا ہک متنازعہ دورٕ۔
"
808,سُہ چھ ڈینش سکولک اکھ مثٲلی پٲداوار ۔
809,رتھ سپتمی چھ  كشیپ ریشِس تہٕ تمہِ سنزِ آشینہِ آدِتی سِریہ زینٕچ نِشاندیہی تہِ كران  تہٕ لہازا بطور سوٗریہ جینتی مناونہٕ یوان ۔ 
810,تیم سٕنز بیوہ، ریمہ ہورٹن، کوٚر تیم سٕنز خاکس محفوظ۔
811,"تمام اختلافات چھِ  تر٘اونہٕ یِوان  تہٕ زِٹھٮ۪ن چھِ نواکھائی جٗہار  مبارک دِنہٕ  یِوان ۔
"
812,پنٕنۍ توانٲیی کریو کیٚنٛہہ نوٚو ہیٚچھنس منٛز خرچ، یتھ کٔنہِ مٗصوِری  یا رنٗن  ۔
813,گٗجرات چھٗ بھارتی ریلوے كِس مغربی ریلوے خطس تحت یوان ۔
814,لاگ ان چھےٚ اکھ ہندی فیچر فلم یتھ منٛز ترٛین مختٔلف نفرن متعلق تہٕ انٹرنیٹ تہٕ سوشل نیٹ ورکنگ سایٹن کتھ کٔنۍ یمن ہنٛز زندگی تبدیل کٔر۔
815, ماہے تہٕ  یانم ضلعن  منز چھے٘  ملیالم تہٕ  تیلگو زبانہٕ  ہیکن ورتاونہ یِتھ ۔
816,بی سكایہ بی ، یوُ کے ٹیلی ویژن براڈکاسٹنگ تہٕ ٹرانسمیشن کمپنی  چھٗ پریمیرشپ فٹ بال نشر کرنہٕ كیو یختِیارو  خٲطرٕ سیٹانٹا سپورٹس طرفہٕ اکہِ سنگین حریف بولی ہُنٛد مقابلہٕ درپیش ۔
817,"وادی ہُنٛد جنوٗبی حصہٕ چھُ زِیٛادٕ تر جایَن کشادہ۔
"
818,وٗنکینس چھ ڈونالڈ برین سکوٗلک ڈین ماریوس پاپافتھمیو ۔
819,الہٕ پلہٕ ٲسۍ 300 نوجوان مٗبینہٕ طور یمن حملو باپت ذِمہ دار۔ 
820,دریایہ کاویری ہٕنٛدۍ 173 کلومیٹر (107 میل) زیوٹھ معاون دریاو اوس 32 ٹینٛک بران۔
821,کینیڈی یس اوس 1956 پیٹھہٕ  1990 تس منز  تٔمہِ سٕندِس مرنَس تام سِٹِیفن ایڈؤرڈ سِمتَھس سۭتہِ خانٛدر کٔرِتھ ۔
822,مثلن، کیا پنٕنہِ تفریحی اخراجات کم کرٕنہِ  یا پریتھ ہفتہٕ زیادن گٲنٛٹن کٲم کرٕنہِ آسیا زیادٕ  ناخثشگوار ؟
823,یہ چھُ مشرقی كینڈا تہٕ شُمال مشرقی ایمریكاہس منز مقٲمی ۔ 
824,بیتھمنگلا قصبہٕ، راماساگرا گام، بنگارو تروٗپتی (گٗٹاہالی) ۔
825,تٔمۍ گِیونٛد نِیٚو یارک نِکٕس، ڈیٹرائٹ پسٹنٕز تہٕ بالٹیمور بُلیٹس خٲطرٕ۔
826,دادرا اینٛڈ نَگر ہَویلی تہٕ دَمن اینٛڈ دیٛوٗ چُھ مغرِبی ہِنٛدُستانس منٛز واقع ژۄن مُختٔلِف حلقن ہُنٛد بَنیومُت۔ 
827,"یہِ سورُے چھُ اَتھ پٮ۪ٹھ منحصر زِ توہہِ کَتہِ تہٕ کَر چھِو پانناوان ۔ 
"
828,راجستھان چھ ہندستانٕچ ساروٕے کھۄتہٕ بٔڑ ییر  ووپداون واجیٚنۍ ریاست تہٕ افیون یٲدٕ کرن واجیٚنۍ تہٕ صَرف کرن واجیٚنۍ اہم ریاست۔
829,موتٕچ ترجٗمٲنی چھِ بطور مرد سپدان تہٕ زِندگی ہنز بطور زنانہٕ ۔ 
830,جاپٲنۍ فارورڈ شنجی اوکازاکی ین کوٚر امہ میچک وٲحد گول، ییٚمہ سۭتۍ ورلڈ کپس منٛز جاپانس جاے حٲصل گٔیۍ۔
831,صرف اکھ چیز چھٗ امہِ نِشہِ مٗچھہِ   زِ تو٘ہہِ ہیكِیو  مصیٖبتَس منٛز صارفینَن اَکہِ لَٹہِ خٲطرٕ ادٲئیگی منز ژیر  یا رِعایت دِنہِ یژھِتھ ۔
832,"ہینڈلن کوٚر مشہور رقاصہ ماری سالے خٲطرٕ اوپرا منٛز کنہہ بیلے موسیقی۔

"
833,فری ہولڈ ٹاون شپ، نیو جٔرسی: فری ہولڈ ٹاون شپ چھ نیو جٔرسی منٛز اکھ ٹاون شپ۔
834,کمپیوٹر تہٕ اتھہ سۭتۍ لیکھنہٕ آمٕتۍ تہٕ پرنٹ کرنہٕ آمٕتۍ کاغذن ہند کینہہ حصہٕ آو ننہٕ۔
835,پٲداوارس منٛز کٔمی باووٚجوٗد ہٮ۪کَن تٲجر منٛگَہِ  منٛز اضافہٕ کِنہِ  رمضانَس منٛز زیادٕ نفع حٲصِل کٔرنٗك مزٕ تٗلِتھ ۔ 
836,بی بی بی شكایات چھے٘ خاص كرِتھ  30 ہن كاروبٲرِ دوہن اندر اندر دور كرنہٕ یوان ۔ 
837,امہ سۭتۍ گوٚو آئس لینڈٕک بینکنگ سیکٹر تباہ ۔
838,ہمالیہ  دامنہٕ چہِ كوچھِ من واقع ، چُھ  یہِ کٗل 500  مربع کلومیٹر کس رقبس پیٹھ مٗشتمل ییمہِ  منٛزٕ 350 مربع کلومیٹر  بنیٲدی ركھ چھے٘ ۔
839,ترٛیٚیِم تصور یُس یوگ سُوترا بناوان چُھ سُہ چُھ مراقبہٕ تہٕ خود احتسابٕچ سنیاسی روایت۔
840,کینیڈاہس منٛز چھ یہ تقریب کینیڈین کینسر سوسایٹی ہٕنٛد ذٔریعہٕ منعقَد کرنہٕ یوان۔
841,ہیریسس آو نَستہِ پیٹھ زخمُک  یلاج کرنہٕ تہٕ پتہٕ آو رہا کرنہٕ ۔
842,فِلمِہ چُھ بُک مائی شو ہَس منٛز6/10 ریٹنگ حٲصل کٔرمٕژ۔
843,تَمہِ وِزِ اوس گاڑِ منٛز پیٹرول گیجَن اِشارٕ کوٚرمُت زِ تمِس نِش اوس صِرِف سَتھ میٖل تیٖل باقی۔
844,موریہ فن تعمیرٕچہ ساروی کھوتہٕ زیادٕ وسیع مثالہٕ چھ اشوک ستارٕ تہٕ اشوک سنٛد نقشہٕ دار فرمان، یم اکثر شاندار پٲٹھۍ سجاونہٕ چھ یوان، یتھ منٛز 40 کھوتہٕ زیادٕ حصہٕ چھ پورٕ برصغیرس منٛز پھہلتھ۔
845,اوپن سولارس آو پتہٕ ایلومس کرنل تہٕ اوپن انڈیانا ڈسٹری بیوشنس منٛز شٲمل کرنہٕ۔
846,1885 ہس منٛز بنیوو لیہہ موراوین چرچ کہِ أکہ مشنک صدر مقام۔
847,لیسی چیبرٹ اوس امہ برٛونٛہہ بناونہٕ آمٕتین قستن منز  میگ سٕنٛدِ باپتھ صوتی  اداکار ۔
848,یِم چھ زیٛادٕ تر طوطو کھۄتہٕ لۄکٕٹۍ آسان، تہٕ انسانن سۭتۍ چھ رٕتۍ پٲٹھۍ رلان۔
849,تمو کوٚر برطانیہ ہس نش آزٲدی خٲطرٕ آئرش لڑایہ منٛز اہم کردار ادا۔
850,کریڈٹ كادٗك انتخاب كرنہٕ بجایہ نقد رقم تھونہٕ سۭتہِ چِھ کینٛہہ فأئدٕ:
851,"صحیح پٲٹھۍ،  ریکٹسیا چھ اکہٕ جینسک ناو، مگر غیر رسمی اصطلاح ""۱"" ریکٹسیا ""۲""، کثرت ""۳"" ریکٹسیا ""۴""، عام طور پاٹھ کیپٹلائزڈ، عام طور پاٹھ ریکٹسیلس آرڈرک کنہہ ممبرن پیٹھ لاگو چھ گژھان۔"
852,"یہِ چُھ وۄنہِ  ہندوستان تہٕ تامِل ناڈوُ  حکوُمتن ہٕندِس مُشترکہٕ مٗہِمہِ  منٛز تبدیل کرنہٕ آمُت یَتھ منٛز برابر اِکوِٹی ہولڈنگ چھے٘ ۔ 
"
853,تِمَن چِھ وارِیاہ کَم لاگتٔچ تہٕ بِجلی ہٕنٛز ضرورَتھ آسَن، آکسیٖجَنُک چُھ مُستَقیٖل ذٔریعہٕ فراہم کَران، تہٕ آکسیٖجَن سِلنٛڑَرَن دوٗر دَراز عَلاقَن واتناونٔک قٕمتی، تہٕ اَکثر خوفناک کامہٕ چُھ خٲرِج کَران ۔ 
854,تعجب چھُ یہِ زِ بیٛاکھ انفیکشن یُس یِتھی اثر فراہم کرنُک امکان چھُ سُہ چھُ واٮٔرس کہِ وجہ سۭتۍ گژھَن واجیٚنۍ بیمٲرۍ ڈینگی تپھ۔
855,ہِنٛدُستٲنہِ قومی ٹیٖمن زیٛوٗن 1990 پیٚٹھٕیہ 2014 ہس تام ایشیٲیی کھیلن منٛز مردن تہٕ زنانن ہُنٛد پرٛٮ۪تھ كان٘ہہ  کَبڈی مُقابلہٕ۔
856,ریاست چھےٚ ہندوستٲنۍ پارلیمنٹ کس ایوان زیریں، لوک سبھاہس منز 80 نشستہٕ تہٕ ہندوستٲنۍ پارلیمنٹ کس ایوان بالا، راجیہ سبھاہس منٛز 31 نشستہٕ سوزان۔
857,سہ گزریٛوو 6 میے دۄہ 2018 ہس منٛز 63 وہر فالجہ سۭتۍ۔
858,اتھ برعکس، أکِس محفوٗظ سایکل پارکِنٛگ  ہنزِ  غٲر موجوٗدگی ہِنٛز شِکایت چھےٚ وِزِ وِزِ تِمن شہرن ہِنٛدیٚن ، یِمن منٛز سایکل چلاون والین ہِنٛز فیٖصدی کم چھےِِٚ،  سایکل چلاون والیٚن ہِنٛدِ دٔسہِ یوان ۔
859,ہوروِک ہوروِک چھٗ سویڈن چہِ بلیکنگی کاؤنٹی منٛز سلویسبرگ بلدیٲتی علاقٗك اكھ محلہٕ ۔
860,"رِیٲستی قونوٗن ساز اَسمبلی چھےٚ قونوٗن ساز اسمبلی ہِنٛدٮ۪ن نمتَن رُکنن ہِنٛز بَنیمٕژ۔
"
861,"یہِ فِلِم چھےٚ زنانَن ہِنٛدِ حملَ گِراونس  پٮ۪ٹھ مرکوٗز تہٕ یہِ چھےٚ اکھ مُہِم جوُ  فِلِم۔
"
862,تہۍ ہیٚکو یا تہ پرون پلاسٹک بیگ، دوبارٕ استعمال گژھن وٲل بیگ، یا پنن جولنہ اِستعمال کٔرتھ۔
863,"مندرٕکہِ   دیوار  چھِ کنٮ۪ن ہِنٛزِ شاندار مٗجسمہٕ كٲری  سۭتہِ  بٔرِتھ ۔
"
864,تُملُک یہِ اوٹ چھُ ایکہِ مُقٲمی نزاکژ کِنۍ استعمال گژھان یُس موٚدُر گژھنس ستۍ ستۍ نمکین تہِ چھُ گژھنہٕ یِوان۔ 
865,تمۍ سٕندۍ سکہٕ چھ ساروٕے کھۄتہٕ کثیر تہٕ ساروٕے کھۄتہٕ بٔڈس جغرافیٲیی علاقس منز چھِ لبنہٕ یوان، باقین ہند-یونٲنی بادشاہن ہندس مقابلہ۔ ۔
866,پٲکِستانُک سارِوٕے کھۄتہٕ بوٚڑ شہر کراچی چھُ ڈیلٹا کِس مغرِبس منٛز بحیرہ عرب کِس سٲحِلس  پٮ۪ٹھ واقع ۔
867,"لائن بیکر چھِ دِفٲعی لٲنہِ پتھ کُن لٲنہِ منٛز مگر دِفٲعی بیک فیلڈس برٛونٛہہ کنہِ کھڑا گژھان۔
"
868,مگر امریکَس منٛز چھِ کاسمیٹکس فوڈ اینڈ ڈرگ ایڈمنسٹریشن (ایف ڈی اے) ذریعہٕ باقٲعدٕ بَناونہٕ یِوان،اَمہ باپت چھِ مزیٖد ضروٗرت یِم تۄہہِ پورٕ پینو کرنۍ۔
869,کیمیٲیی تھیارن ہٗنٛدس محادٕ  چُھ ونان زِ یِم تمام كیمیا گژھن   تباہ کرنہٕ یِنہِ ۔
870,2010 ہس منز آیہ ڈیفٹ پنک ساونڈ ٹریك بناونہٕ باپت ژارنہٕ ۔
871,"راک آئی لینڈ، کیوبیکس منٛز ہسکل فری لائبریری تہٕ اوپیرا ہاؤسس منٛز، بین الاقوٲمی سرحد نشان زد کرنہٕ خٲطرٕ چھِ لائبریری کس مرکزس منٛز اکھ بلیک لائن ترچھی پٲٹھۍ چلان۔
"
872,اتھ بٲتس پیٹھ ووتھ  2008 منٛز ڈیرٹی سرکٹ ناو کس اکس فنکار سند طرفہٕ کینٛہہ تنازعہٕ۔
873,فلمہ منٛز چھ نٔو اداکارہ ریا وج تہٕ تاہا شاہ مرکزی کردارن منٛز۔
874,یہِ طریٖقہ اوس  مارکونی سٕندِ دٔسۍ گۄڈٕنیُک پین بہر اوقیانوس  ٹرانسمِشنٕکہِ  رِسیپشن سٹیشن خٲطرٕ استعمال كرنہٕ آمٗت ۔
875,سُہ گُزریو 28 جون 2019 ہَس منٛز 83 ؤریہہ  وٲنٛسہِ منٛز۔
876,صرف اکھ نامزدگی، وکٹر کیرنی، یس بلا مقابلہ منتخب آو کرنہٕ۔
877,روزٕ چِھ طلوع آفتاب پیٹھ شروع گژھان تہٕ غروب آفتاب سپدِتھ ختم گژھان۔
878,پلوٕچ بناوٹ چھےٚ سیٛٹھا گٔنۍ یتھ فی آنٛچہِ لگ بگ 160 کھڑا پنہٕ داوٕ تہٕ 170 دولہٕ داوٕ آسان چھےٚ۔
879,"بتراہن کوٚر 2011ہس منٛز سکرین پلے ہک گۄڈٕنیک مسودٕ مکمل۔ تٔمس کٔر رتوک اوزاہن مدد۔
"
880,ایم پیٕکۍ اہم لوکہ رقص چھ رائے، کرما، سیلا، مٹکی، گنگور، بدھائی، بریڈی، نوراتا، اہیری تہٕ بھاگوریا۔
881,گلیکسی ایکسپریس 999 چھ اکھ منگا یس 1977 منٛز لیجی ماتسوموٹوہن بنوومٗت اوس۔
882,یہِ چھِ تمن بیارِ بچن ہنٛز دٔلیٖل ونان یِم پکھہٕ ہیتھ زایہِ ۔
883,رازدانیہ شہر امپھالس چھ سالانہٕ اوسط 933 ملی میٹر (36.7 انچ)  رُود میلان۔
884,یہ چھ أکس ساز کس ٹونسککُن تہ اشارٕہ۔
885,"تِمَن چیٖزن پٮ۪ٹھ مہٕ کٔرِو کوٗشِش یا مہِ لٲگِیو٘ اتھیہ  یِم امہِ  بجٹَہٕ کھۄتہٕ زِیٛاد آسن۔
"
886,امچ شناخت آیہٕ جاپانی قوم کہ آغاز کہ طور پأٹھۍ کرنہٕ ۔
887,لوٗکَن ہٕنٛزِ جسمٲنی حركتن كٗن  دِیِو توجہٕ- اگر تِم پنٕنہِ  کھۄر گِلناوان  یا پنٕنہِ  گٔرِ كٗن  وُچھان چھِ ، امیُک مطلب چھُ شایَد یہِ زِ تِم چھِ جلدی منٛز تہٕ یِمَن پَزِ نہٕ پرژھٗن ۔
888,مِثالے، ڈیل ویب سایٹس پیٹھ ہیكِیو توہہِ كینن ،اِپسان ، لیكسمارك تہٕ زعراكس پرنٹر وٗچھِتھ ۔
889,ترٛیٚیمِس ہفتس منٛز،ہیكن  یلاج نہٕ كرنہٕ آمٕتین معاملن منٛز اندرمن ہنزٕ  تہٕ دیمٲغی پیچیدگی پٲدٕ گٔژھتھ ، یِمہٕ%10-%20 معاملن منٛز مہلک ثٲبِت سپدِتھ ہیكن ۔
890,کینٛژن جاین چھ تم اناج تہٕ گور ہی چیز  تہِ جمع کران یم کٕنٛنہٕ چھ یوان تہٕ کٕنٛنچ  آمدٔنی چھِ جمٲژ  منٛز تقسیٖم  کرنہٕ یوان ۔
891,سہ اوس ہیوی میٹل بینڈ بلیک سبتھ کس رکن پٲٹھۍ مشہور۔
892,سماج چھُ ذٲتی خدا  تصور نِشہ تہِ اِنکار کران۔
893,ٲخٕر کار چھےٚ تِرشا ہَس اکھ کور زیٚوان تہٕ پنُن تمام وقت بچس خٲطرٕ وقف کَرُن شروٗع کران۔
894,عٲلمی سطحس پٮ۪ٹھ چھ صٔدیو پٮ۪ٹھٕ یمہٕ  لڑایہ جٲری۔
895,چنداکا ایلیفینٹ سینکچری چھ رازدٲنی شہر بھونیشورس نزدیٖک اکھ 190 کلوٗمیٹر زیوٗٹھ محفوظ علاقہٕ۔
896,یہِ آو اپریل 1962 ہس منٛز آمد رفت  باپتھ کھولنہٕ۔
897,امہ تہ یِنہٕ والین کینژن ؤرۍ ین منٛز رُکٲوے علاؤالدینَن چغتائی خانتے سٕنٛدۍ منگول حملہٕ جاران-منجھور (1297-1298)، سیوستان (1298)، کلی (1299)، دہلی (1303) تہٕ امروہہ (1305) پیٹھ۔
898,"2010 چہ مردم شماری مطٲبق ٲس امچہِ آبٲدی 33,505 ۔"
899,ماریوان چھ پنٛنٮ۪ن دۄن بولیوارڈن، فلاکے پینجوین تہٕ فلاکے حلبجا خٲطرٕ زانٛنہٕ یوان۔
900,سُہٕ اوس 1985 پیٹھہٕ 1993 تام ہلیری لیونس سٕتۍ مٲرٕ۔
901,ایی آر ویولینگتھ چھ مرئی روشنی کھوتہٕ زیٹھ مگر ٹیرا ہرٹز تابکاری مائکروویو کھوتہٕ چھ کم۔
902,قرون وسطی ہٕنٛدس ہندوستانس منز  سپُد کلاسیکی موسیقی ہٕنٛدین الگ الگ مکتبن ہُند انتدا یمن گھرانہ ونان چھِ۔ 
903,گورنر دفترس منٛز کٔرِو یہِ یقینی بناونہٕ باپت  پتہ زِ تٗہنزِ غٲر حٲضِری اوس اِجازت میوُلمٗت ۔
904,کتھک كلی سکول چِھ وۄنۍ پوٗرٕ ہندوستانَس سۭتہِ سۭتہِ مغربی یورپ تہٕ امریکہ کین حصن منٛز لبنہٕ یِوان۔
905,"سپیڈ وے موٹر سپورٹس چھ نو ریسنگ فیسلٹیزن ہنٛد مٲلک یتھ منز لگ بگ 885,000 آسنٕچ مشترکہٕ سہولیت چھ۔"
906,سہ آو 2004 کس الٮ۪کشنس منٛز ریاست مغربی ورجینیاہک گورنر منتخب کرنہٕ۔
907,"تو٘ہہہِ  ہیٚکِو عدالتٕچہِ  ویب سائٹہِ پٮ۪ٹھ تہِ فارم ڈاؤن لوڈ کٔرِتھ۔
"
908,یمن مذہبن چھ منی پورس منٛز زیوُٹھ تٲریخ۔
909,یِہ ہے بکراپور (ترجمہٕ۔ یِہ چُھ ژھاوجن ہنٛز سرزمین) چُھ 2014 ہٕچ ہِندوستٲنی ہندی زبانہِ  ہنٛز سمٲجی طنزیِہ فِلِم یُس دیہی ہندوستان کِس پَس منظرَس منٛز چُھ بناونہٕ آمٕژ۔
910,سوٗ اوس ٲفینہِ ہٗند عٲدی ، ریاستٕكہِ ماملات درگٗزیر كران ، تہٕ آو  حریف  دربٲرِ جمٲژن ہٕنٛدِس  اثرس تل ۔
911,تقریباً أکس رؠتہٕ پتہٕ 23 جولایی کوٚر تمو اگدھم پنٛنس اختیارس منٛز۔
912,ییلہٕ زن سکول انتظامیہ ہن شیشہٕ آرڈر کرنٕکہِ فیصلِچ ذمہٕ دأری نی، گیلینن وون اتھ سیو٘د بوزنہٕ نہٕ یٗن ۔ 
913,اوٚک طرفہٕ ٹریفک قابوٗ کرنہٕ خٲطرٕ ٲس کدلہٕ کِین دۄشوٕنی طرفن اکھ ٹریفک پولیس چوکۍ ۔
914,جیمہِ کِس بھدرواہ کِس واسکی منٛدرَس منٛز چھِ واسکی ناگ سندِ مٗجسمہٕ چھِ ماگھ سنٛکرانٛتی پٮ۪ٹھ ولنہٕ یوان  تہٕ یِم چھِ ویساکھا سنکرانتی پٮ۪ٹھ ترٛٮ۪و رٮ۪تو پتہٕ تٗلنہٕ یِوٛان۔
915,یہِ زیوٗن تارکین وطن انگریز جیمز مورن ییٚمۍ ٹھوس ربڑٕکہِ پیہِ وٲلِس ہچِوِس  سایکلس سوٲرِ  کٔر۔
916,ییٚمہِ ساتہٕ تُہۍ گرِ ٲسِو تمہِ ساتہٕ چیٖز لیٚکِھتھ تھاوُن چُھ تۄہہِ دُکانس منٛز تِم مٔشِد نہ گژھنس منٛز مدد کران، یِتھ کٔنۍ ہیٚکہِ تُہُنٛد سفر، وقت تہٕ پونٛسہٕ بٔچِتھ۔
917,امہ مشورٕ پتہٕ  ہیٚکن  دوا حٲصل کٔرنہٕ یِتھ ۔
918,1974پیٹھہٕ چھے٘ ، ہندوستانۍ  حکومتن شوُرِش زدٕ کشیرِ ہندیو  علاقو پیٹھہٕ ٹرکِنگتہٕ تہٕ  دیگر سیاحتی سرگرمی لداخ کین  نسبتاً غیر مٗتاثرعلاقن  كٗن    تبدیل  کرنٕچہِ  حوصلہ افزائی كٕرمٕژ ۔
919,پَژھیٚن تیل، پٔٹی، گور، جلگوزٕ تہٕ پُھلیا یا لایہٕ پیش کَرُن چُھ رٮ۪وٲیت ۔
920,"نژُن، ڈراما، رتھ دوڑ تہٕ زار  ٲسۍ باقی مقبول شغل۔
"
921,سہ چھ پنن اکھ گنڈٕ، باتوک، دیوس مارنہٕ خٲطرٕ سوزان تہٕ چھ ٹوٹوہس اطلاع دوان۔
922,یہِ جزیرٕ چُھ اکثر توٲریخی سویڈش صوُبہٕ اپلینڈس منٛز شٲمل کرنہ یوان۔
923,لندنس چھےٚ  2012 کین اولمپک کھیلن ہنٛز میزبٲنی کرٕنۍ۔
924,کپاس تہٕ تموک چھ ریاستٕکۍ نقدی فصل۔
925,"وۄں گوٚو، باقی چیٖز ہیٚکن نہٕ واریاہ رٕتس قیمتَس پیٹھ کٕننہٕ یِتھ۔
"
926,روشنیہ تٔحریٖکہِ ہندِس  بٲنی بیازِدَ سٗند نیٚچُو جلال الدین آو  1601 منٛز غزنی  نزدیٖک مو٘غل فوجَس سۭتہِ  لڑایہِ منٛز مارنہٕ ۔
927,سۄ بنییہ  2016   ریو منٛز سنگلز تہٕ ٹیم کِس زمرس منٛز اولمپک چیمپین ۔
928,رٹرن ہوٗر واٹسنس نش تہٕ  آو پتہٕ ترٛیمس مقامس پیٹھ ۔
929,نیٹ بال چھُ پیسفک گیمَن منٛز شٲمِل کرنہٕ آمُت، یُس اکھ كشیر كھیلن ہٗند تقریب چھٗ  یَتھ منٛز جنوٗبی پیسفک  كہِ اندِ پخہِ كِك 22 مُلکَ  شرکت كران چھِ ۔
930,یہ چھ پارکس تہٕ ویسٹ ویالونگس درمیان نیویل ہائی وے پیٹھ۔
931,1960 کِس دٔہلہِ کِس شروٗواتس منٛز لیٚچھمٕژ سیانڈلیان سٕنٛز ابتدٲیی تحریر، یونا رانی چھِ کاریکلا چولا سٕنٛزِ زندگی پٮ۪ٹھ مبنی۔
932,یِہندِ  خٲطرٕ خریدٲری یا ذٲتی زانٛکٲری فراہم کرنہٕ برٛونٛہہ کٔریو یمن یِمن كمپنِین ہنز  تصدیٖق۔
933,ایچ آٮٔی وی والیٚن منٛز چُھ سرگرم ٹی بی گژھنُک خطرٕ پریٚتھ  ؤرِۍ یہِ لَگ بَگ %10 فیٖصد تام بَڑان۔
934,نائٹس برج نائٹس برج چھ وسطی لندنس منٛز اکھ رہٲیشی ، کاروبٲری شاپنگ ضلع ۔
935,کیلویڈوس  بناونٗک طریقہٕ چھٗ سائڈر دۄیہ لٹہِ ڈِسٹل کرُن ۔
936,بکسر کہِ جنگہ پتے یوژھ شاہ عالم دویمن ، یُس  برطانوی یو دٕسۍ ہراونہٕ آمُت اكھ خود مختار حُكمران اوس ،1765  منز الہ آباد معاہدس پیٹھ دسخت كرِتھ تِہُند تحفُظ یقینی بناون  ۔
937,اردو تِہ چھ شہرن منز عام، حالانکہ مسلمانن ہنز اکثریت چھ راجستھٲنۍ زبانو منز أکس بطورِ پننِہ گۄڈنچ زبان بولان۔
938,پننس انسٹا کارٹ شاپر سکرینس پیٹھ فراہم کردٕ فہرست استعمال کٔرو-اگر تۄہہ پننس بدلنہٕ تہٕ رقم واپس کرنہٕ کس انتخاب کس بنیادس پیٹھ کسٹمرس فون کرن آسہ۔
939,یہِ چھُ پوٗرٕ دُنیاہَس منٛز پننہِ سٕہن ہنزِ  آبادی خٲطرٕ زاننہٕ  یِوان تہٕ یہِ چھُ دۄشوٕیٚو وَنس سۭتۍ محبت کرن والٮ۪و تہٕ فوٹوگرافرو دٕسہِ  سٕہہ وچھنہٕ خٲطرٕ ہندوستانس منٛز بہترین جایو منٛز اکھ سَمجھنہٕ یوان ۔
940,سو٘ آیہِ  1988 منٛز ارونا راجے سٕنٛزِ رِہاائی منٛز اکھ تناضہٕ  دار کِردار ادا کران وٗچھنہٕ ۔
941,ڈومینیکا وَرٲیی چِھ سٲری ملک کامَن وِٮ۪لٕتھ دٲیرس منز ۔ 
942,کوراپوزا، کوراپوزا جالوٹسومُک مقام، چھُ ٲبی کھیلَن ہُنٛد اکھ مقبول مقام۔
943,پنن تمام سامانہ تہٕ رشتہ  ترٛٲوتھ کوٚر پانڈوو ہمالیہ کُن پتِم یاترا سفر۔
944,مےٚ چُھنہٕ پننِین کَنَن پیٹھ پژھٕے ۔ تۄہِہ کِتھ پٲٹھۍ ہیکوٕ ژوٗر گژھنہٕ پتہٕ اَکے دۄہ ژور رٔٹتھ ؟(شہری)
945,تمن منٛز چُھ مرکزی یکساں كیٹو پلازمس أندِ اندِ  نیوُکلایہ  دٲیرٕ ، ییلہٕ زن پوژھ ہیتھ كیٹو پلازم نیوکلی  أنٛدِ اندِ ولِتھ آسان چھُ ۔ 
946,سۄنہٕ سۭتۍ چھُ سُہ مارک سپیٹز سٕنٛدِ أکِس اولمپیاڈَس منٛز سَتھ سۄنہٕ تمغہٕ نِشہ اکھ سۄنہٕ  تمغہٕ دوٗر یُس 1972 منٛز میونخ اولمپکسَس منٛز قٲیِم اوس کرنہ آمت۔
947,سُہ چُھ نٔتیٖجس متعلق فِکر کرنہٕ بغٲر تِہ کران یِہ سُہ صحیٖح سمجھان چُھ۔
948,یہِ چُھ ممبر ریاستن آزاد تجارتُک علاقہٕ بناون ۔
949,اكہِ خوُن شِٹھراون وٲلۍ واوٕ گینژِ كوٚر دارین الٕہ الہٕ ، تِمن ژایہ تھر کنڈس نٹھ ۔
950,خوٗنٕکہِ اینٹی باڈی ٹیسٹ ہٮ۪کن فٲیدٕ منٛد ٲستھ، مگر پٔتِمیو لاگو٘ نِش ہٮ۪کن نہٕ موٗجوٗدٕ انفٮ۪کشنن الگ کٔرتھ۔
951,"بوپیراچی سند خیال چُھ زِ ہندوکش کِس جنوبس منز فتح حٲصل کرنہٕ پتہٕ میول ڈیمیٹریسَس ""ہندوستانُک بادشاہ""  لقب ۔"
952,تِجٲرتی چیٖزن ہِنٛدۍ مُختلف برانڈ آزمٲیِو اگر تتھ قۭمت کم چُھ کرنہٕ آمُت یا اگر تتھ کم بڑاوٕ چُھ دِنہٕ آمُت چُھ ۔
953,14 اکتوبر دۄہ فلوریٚڈا انٛٹرنیٚشنٛل یوٗنیؤرسٹی خٕلاف أکِس کھیلَس منٛز لڑایہِ ہٕنٛدِ وجہہ كِنہِ  گٔیہِ 13 یوُ ایم کھلٲڑِ مٗعطل۔
954, أمۍ انڈیکسن کٔر جنوری 1984 منٛز ایف۔ٹی30 یچ جاے حٲصل ۔
955,یہٕ چھ اکثر بطور  دٗنیاہ کٮ۪و براعظمو منٛزٕ اکھ درجہٕ فہرست کرنہٕ یوان۔
956,چربی ہیٚکہ لکن خٲطرٕ اہم ٲستھ ، مگر واریاہ زیادٕ چربی چھےٚ خراب۔
957,"یِم چھِ دھوکہٕ خٲطرٕ استعمال سپدان کرنہٕ تہٕ پتہٕ مُخٲلِفَس کورٹ کِس زِیٛادٕ حصس پھیرنَس پیٚٹھ مجبوُر كران ۔
"
958,أمۍ کٔر 14 اگست 1947 کہ دۄہہ پنٕنۍ آزٲدی بیٚیہ حٲصل۔
959,أکِس خریدار سندِ  سٲنین  غٲر موموٗلی خدماتن متعلق اکہِ دلہٕ لیكھمٕتہِ جٲیزٕن كٕر سٲنہِ مشہوٗری ۔
960,پرٛیتھ زمرٕ کس ٲخری حصس منٛز ترٛٲیو کینٛہہ جاے۔
961,کینیڈین ریڈ کراس، کِڈز ہیلپ فون، تہٕ گارڈِیَنز آف دی چلڈرن کینیڈا ہِشہٕ تنظیٖمہٕ چِھ ہیکان لوکن مقامی طور دستِیاب وسیلن کُن وتھ ہٲوِتھ ۔ 
962,امیُک تعمیرگو 1869 منٛز شروع تہٕ 1882 منٛز ووت اند۔
963, عوٲمی جاے آسنہٕ باوجوُد چھِ تِمَن کمرٕ کِس سطحس پیٹھ ، كٗنہِ درجس تام ذٲتی  رازدٲری  فراہم  كرنہٕ باپت لۄکٕٹہِ  دروازٕ ۔
964,کھیٚنہٕ تام محدوٗد رسٲیی چھ کیمپس منٛز تشددک بٲعث بنیمٕژ۔
965,کیرول سٕنٛدِ عیالن چھِ بیان جٲری كرِتھ  رَحَمٕچہِ  اپیل  کٔرمٕژ۔
966,السرٹیو کولائٹس چھ أکس عام ورمہٕ  کس عملس سۭتہِ  وابستہٕ یٗس جسمہٕ کیٚن واریاہن حصن متٲثر کٔرتھ ہیٚکہ۔
967,"بلانکَن کوٚر کلبُک کنٹرول تَمہِ وِزِ حٲصِل ییٚلہِ اطالوی کارلو انچیلوٹی ریئل میڈرڈَس منٛز شٲمِل گوٚو تہٕ زیوٗنُن تِمَن سۭتہِ یوٗ ای ایف اے چیمپئنز لیگ خطاب ۔
"
968,اصلی کارٹون سیریزس منٛز ٲس اتھ کردارس ہنس کونریڈن آواز دژمٕژ۔
969,امہ پتہٕ ہٮ۪کن لکھ پنن پونٛسہٕ تمن چیزن پیٚٹھ خرچ کٔرتھ یم تم یژھان چھو ۔
970,اگر تم بی فلیٹ 4ٹون بوزن تہٕ تمن پزِٕ نہٕ حُکمٕچ پیروی کرٔن ۔
971,نیلاپٹو بٲرڈ سینکچری تہِ چھِ امہِ کِس آب سمنہٕ كِس  اندِ پكہِ كِس  علاقس منٛز نزدیٖک واقع ۔
972,میوربھنج، کیونجھر، کالاہانڈی، کوراپُٹ، تہٕ سندر گڑھس منٛز ییٚتہِ قبٲیلی آبٲدی زیادٕ چھِ، یہِ تہوار چُھ سیٹھاہ خوشی سان مناونہٕ یِوان۔
973,سہ چھ شیشک ڈبہ پھٕٹراوان تہٕ پرٛٲنۍ آرک ری ایکٹر چھ پنٛنس سینس منٛز تھاوان۔
974,پننِس چندس منٛز زیادٕ تر بالہٕ (8) تر٘اون وول  گۄڈنیُک کھلٲڑِ چھُ کھیل زینان۔
975,"اِدامالا تہٕ پویم کُٹی دریاو چھِ اَمہِ حصُک زیادٕ تَر حصہٕ نیران ییٚلہِ زن اَمیُک جنوبی کنارٕ مرکزی پیریارَس منٛز وَسان چھُ۔
"
976,"دیوی دُرگا ہٕنٛز ساروِی کھۄتہٕ زِیٛادٕ بیانک شکل ماننہٕ یِنہٕ واجیٚنۍ کالراتری چھِ سپتمی پیٹھ آدر یِوان کرنہٕ۔
"
977,"چیف پادریو دِیوٗت  پیلاطس ، عیسیٰ ہس سزائے موتٗك مطالبہٕ كران  اکہِ  نوِٚ الزامٗك  اطلاع  ""تِکیازِ تٔمہِ کوٚر خۄدایہِ  سُنٛد نیٚچُو آسنُک دعویٰ۔""
"
978,زنانَن ہٕنٛد کھلۍبیلٹ چُھ جوناگڑھ کین اپارکوٹ گۄپھن ہٕنٛدین اعداد و شمارَن ہِوی۔
979,تِمن چھے٘ اکثر سماجس منٛز کٲم کرنس منٛز مٗشكِلات یوان ، تہٕ نوکری برقرار تھاونس منٛز  دٗشوٲری  گژھان۔
980,سُہ چھ ڈبلیو ڈبلیو ای یَس منٛز کانٛہہ تہِ ٹائٹل زینن وول ساروٕے کھۄتہٕ لۄکٹ پہلوان تہِ۔
981,فلپ ریوی لیچھ کتاب  تہٕ كٕرن  یہِ  2016ہس  منٛز شائع۔
982,بہٕ اوسُس سونی کِہ طرفہٕ تِہندِ ٹی۔وی خٲطرٕ وصول کرنہٕ والِہ رقمہٕ سۭتۍ پریشان ییلِہ اکھ انسان دوٚیمِہ برینڈٕ پیٹھ یوتھُے ٹی۔وی کم قیمتس پیٹھ ہیکِہ ہا أنِتھ ۔ 
983,تم چھ پرٛیتھ چیز امہ کہِ  اصلی قیمتہٕ  دۄگنس پیٹھ کٕنان۔ یہ چھٗ سیٹھاہ افسوُسناك ۔
984,اَمہِ مۄکھٕ ترٛوو أمۍ پنٛداہ رٮ۪تھ برٛونٛہہ گَھرٕ تہٕ تَتہِ پٮ۪ٹھ چھُ پننِس پیٚتٕرَس نِش روزان۔
985,دسمبر 2015  منٛز آو یہ اعلان کرنہٕ زِ سُہ چُھ گُردٕ کِہ کینسَرُک علاج کران۔
986,وۄنۍ گوٚو، تتہ چھ کمپنیہ یم برٛونٛہہ کن پونٛسہٕ خٲطرٕ یژھٕ منظم تصفیہ ہٮ۪نٕچ پیشکش چھ کران۔
987,کیمرونن بناو خندق کس بٔنمس حصس پٮ۪ٹھ اکھ تھری ڈی فلم۔
988,"اگر تۄہہِ آن لایِن آرڈر کوٚرو، تیٚلہِ تھٲوِو کانٛہہ تہِ پیکنگ رسید یُس اندَر آسہِ، مگر باقی پیکیجنگ ژھنِو ترٛٲوِتھ ییٚتین نہٕ تُہند مول موج یہِ وُچھِ۔
"
989,"پرتھ فرس پیٹھ چھ3""x2""  بیج آسان یس امکس ذٲتی کردارس، یا ""فرسونا"" ہنٛز وضاحت چھ کران۔"
990,2007 ورلڈ کپ چِہ تَیٲری دوران كٕر  تیندوُلكر  سنٛدِس وتیرس پیٹھ  بھارتی ٹیم كہِ  کوچ گریگ چیپلن نۄقطہٕ چینی ۔
991,یہِ چھُ ہندوستانُک وٲحِد تیرتھ ییٚتہِ مرکزی دیوتا بھگوان اراناتھ سٕنٛز قدیم تصویر چھِ، یۄسہ قدیم زیر زمین کُٹھس منٛز محفوظ چھِ۔
992,موجودٕ جیلُک علاقہ اوس اکھ ڈیٚمب یتھ منٛز واریاہ ڈلہٕ نابد اوس کھوتمُت، یا ایکورس کیلامس، یتھ مقٲمی پٲٹھۍ بوجہو چھِ وَنان۔
993,ونکیس چھِ ڈویجن I منٛز اکھ ریفری تہٕ زٕ سسٹنٹ ریفری ترٛےٚ آفیشل سسٹم کٲم کران۔
994,وۄنۍ گوٚو، ہندوستان چھ أکس بٔڑس پلیٹ فارمس تہٕ معاصر سامعیٖنن تام وصیح رسٲیی سۭتۍ کھیل چہ ترقی ہنٛد مرکز۔
995,مے٘ گیوو زنتہ دِلٕے بہتھ ییلہِ بیٹس مینن سٗند اكھ سِكسر تماشہِ بینن منز بِہِتھ اكِس لوكٕچہِ كورِ نكھٕ  پیو٘ ۔
996,یہ بینڈ چُھ گلوکارن ایڈی مونٹگمری تہٕ ٹراُئے جنٹری پیٹھ مشتمل۔
997,یِہنز بِكری چھے٘ عام طور  اكتوٗبر تہٕ اِبتدایی دسمبرس منز كٗنہِ وِزِ  سپدان تہٕ ِیم چھِ وارِیاہس تعدادس منز چھاپ سپدان ۔ 
998,شمٲلی کوریاہن نِیوٗو  ٹوکیوس منٛز 1964 سمر اولمپکس تہٕ لاس اینجلسس منٛز 1988  سمر اولمپکس بائیکاٹس منٛز حصہٕ۔
999,فِلمِہ منٛز چُھ سدھارتھ گپتا، یَس عنوٲنی  کِردار ادا کران چُھ۔
1000,ہاکی لیٚجنٔڈ میجر دھیان چنٛد سُنٛد زایہِ دۄہ چھُ 29 اگست 1905  ۔
1001,عملہِ ہٗند موُجوُدٕ فِكرِ ترٗن چھُ گگرن ہندِ  ڈبلیوٗ ایل ڈی ایس كھِنچاو  سٕتہِ مٗمكِن سپدیومٗت ۔ 
1002,موریہ سلطنتس سۭتۍ تجارت بڑاونس سۭتۍ آو بیرونی دنیاہس منٛز نو سائنسی علم تہٕ ٹیکنالوجی۔
1003,ببا، یہ کتھ ژٹھ ۔ ژٕ پزی  نہٕ یٗتھ ہِیوٗ ونٗن ۔ ژے٘ چھٗیہ نا دماغ ؟ (نیوچٗو) 
1004,نیٹ ورک تیز بناونہٕ خٲطرٕ ، چھے٘ یہِ سب نیٹن  منٛز تقسیم کرنہٕ یوان  ۔
1005,اتھ منز چھُ روحٲنیت، ویرُت، فکر انگیزی، نیکی، اخلٲقی گاٹجار یکجا کٔرِتھ،  یا ونو  یہ چھُ نغمہ تہ موسیقی ہُند اکھ سنجیدٕ قسم۔
1006,ییلہٕ ہٹِس ورم  بدتر گژھان چھٗ کھرۄکھ ہیکن کم گژھِتھ ۔
1007,یہ چھ سہ سافٹ وییر یس صٲرف صرف کم وقتس خٲطرٕ استعمال کٔرتھ ہیٚکہ۔
1008,مثال پٲٹھۍ، پُدنہٕ، لیوینڈر تہٕ اوریگانو چھِ وۄپداونہِ تہٕ لوننہٕ خٲطرٕ آسان کُلۍ۔
1009,بیٚیہ أکۍ سٹیل بناون وٲلۍ، کولویلزن کوٚر جولایی 1954 ہس منٛز پنن کاربار بٔڑراونک فٲصلہٕ۔
1010,گاندھی پیٹھ اوس اتھ حملس سیٲسی مقصد خٲطرٕ استعمال کرنُک الزام۔
1011,خلجی سٕنٛدۍ ذریعہٕ قیمتن پیٛٹھ قابو کرنہٕ سۭتۍ گٔیہ قیمت کم، مگر مزورۍ تہِ کٔرٕن یتھ حدس تام کم ز عام لُکن میول نہٕ کم قیمتن ہنٛد فایدٕ۔
1012,شیلا گنن ووٚن پتہٕ ز سۄ ٲس یمن رپورٹن ہنٛد ذٔریعہٕ۔
1013,امہِ  برعکس چھُ ، ڈوکوزلر ایٹ ال سندِ  حالیہ مٗتعلن لو٘بمٗت ز وٹامن بی 12 کس سطحس تہٕ جیریاٹرک آبٲدی (اٮ۪ن = 335) منز کمزوری درمیان اوس نہٕ کانٛہہ تہ تعلق۔
1014, فِلم آیہِ  شِکاگوہس منٛز فِلماونہٕ  تہٕ چھے تتی سپدان ۔
1015,یم چھ تھدیٚن عمارتن ہٕنٛز تعمیٖر یا دارٛیَن  ہٕنٛز صفٲیی خٲطرٕ تہ استعمال یوان کرنہٕ ۔
1016,تمہِ  بَنوو یہِ قحطہٕ  خٲطرٕ اِمداد کِس أکِس منٛصوٗبس تحت قحط کیٚن مُشکِل تٔریٖن حالاتن مُقابلہ کرنہٕ باپت ۔ 
1017,یتھۍ اختلاف چھ مورمن تہٕ مرکزی عیسٲیی جمٲژن درمیان پرتشدد تنازعاتٕکۍ بٲعث بنیمٕتۍ۔
1018,"برابر زیچھرٕچ زٕ تلوارٕ جوڑٕنۍ، حالانٛکہِ دُنیاہ کٮ۪ن کینٛہَن حِصَن منٛز چھِ غٲر عملی مانٛنہٕ یِوان، مگر یہِ چھُ عام تہٕ برصغیر پاک و ہندَس منٛز اوس یہِ انتہٲئی فٲیدٕ منٛد مانٛنہٕ یِوان۔
"
1019,یہِ چُھ ساوتھ ڈکوٹا، امریکہ کِس بلیک ہلزَس  منٛز۔
1020,سنڈروم وٲلۍ لوک ہیکن نہٕ حاملہٕ گژھتھ تکیاز تمن چھنہٕ شکم  آسان۔
1021,لیون ہیتھ: لیون ہیتھ چھ بابیرگ، سفولک، انگلینڈس منٛز اکھ گام تہٕ سول پیرش۔
1022,یہ چھ عمومن تمہ وز گژھان ییٚلہ کورِ لگ بگ 10.5 ورشہ آسان چھےٚ۔
1023,"ترٛشوٕے مقامات چھِ تجٲرتی تہٕ رہایشی علاقہٕ یتیٚہِ مصروف سڑکہٕ تہٕ واریٛاہ ٹریفک چھُ۔
"
1024,"المنیفَن کٔر گَھریلوُ تشدُد تہٕ شُرٮ۪ن ہندِس استحصالس مُتعلق   زانٛکٲری پٔھہلاونہٕ باپت  کٲم۔
"
1025,"اگر  کٲنٛسہ مٗشیٖرن  کٲنٛسہ  
 نفرس  یس تۄہہ بھروسہٕ  احترام کران چھوٕ جٲنی كٕرمژ چھے٘،سۄ كرِ غٲلبن توہہِ سٕتہِ  تہِ جان ۔"
1026,خاموش فالج گژھنٗك خطرٕ چھٗ وٲن٘سہِ سٕتہِ بڈان مگر یہِ ہیكہِ خاصكر  شدید خوُنچہِ  كمی والین بالغن تہٕ شٗرین تہِ مٗتٲصِر كرِتھ ۔ 
1027,حسین سندِ  خاندانکۍ   زندٕہ روزن وٲلۍ رُکن تہٕ أمۍ سٕنٛدۍ پیروکار آیہ قیدی بناونہ، دمسکس کن پکناونہ  تہٕ تتِہ قید کرنہٕ۔
1028,فیبیو بزیَن اوس پننِس پرٲنِس مگر مشہور ژور انجن وٲلِس ریڈ ایف پی ٹی یَس منٛز حصہٕ نِنُک فٲصلہٕ کوٚرمُت، یِتھ کٔنۍ زَن واٹپنکٹس منٛز مشہور ریسر ہینس بوہنک اوس۔
1029,مارنڈا کیلنڈر، یٗس  کردار میرا سیالہِ ادا کوٚر، چھٗ کلیر بطور جاسوُس کٲمہِ پیٹھ تھوان ۔
1030,ڈاکٹر چھ اکثر زیادٕ وزنہٕ والین لوٗکن ونان ز وزن کم کرن چھ تہنٛد صحتہٕ خٲطرٕ جان۔
1031," دٔریاوٕ کِس دہانس  أنٛدِ پٔکہِ کوچی شہر چھُ پننٕنہِ  آبٕچ فراہمی ،اکہِ كھسوٕنہِ جاے یوسہٕ سمندری آب اژنہٕ نِشہِ محفوُض چھِ ،الووا پٮ۪ٹھٕہ انان ۔
"
1032,فتح گیہ میر جعفر سٕنٛد پتھ کھسنہٕ سۭتۍ ممکن، یس نواب سراج الدولہ سنٛد کمانڈر ان چیف اوس۔
1033,کالی کٹ انٹرنیشنل ہوٲیی اڈٕ، یس 1988 تھس منز کھولنہٕ آو، چھ کیرالہ ہک دوٚیم ساروٕے کھۄتہٕ پرٛون تہٕ مالابار علاقک ساروی کھوتہٕ پرٛون ہوٲیی اڈٕ۔
1034,رکارڈوہس گو٘   تیز کراس اتھہٕ  مگر عمر بریوو سنٛد گولَس کُن فطری سِمت بدلاوٗن  اوس سینٹی میٹر نیبر۔
1035,نشیداہن گو٘ 8 دسمبر 2017 ٹوکیو منز دِلکہِ دورٕ كِنہِ ہلاك ۔
1036,یہٕ آو 3 اکیڈمی ایوارڈز خٲطرٕ نامزد کرنہٕ تہٕ 1950 منٛز 2 آسکر جیت۔
1037,تمہِ سٕنٛز اَمہِ ؤرِیِچہِ ٲخری رِلیٖز تہٕ تازٕ تٔریٖن فِلِم ٲس کیا کوٗل ہے ہَم دویُم حِصہٕ، یۄس 27 جُلای  2012 ہس منٛز رِلیٖز آیہِ کرنہٕ۔ 
1038,زینٚتھیلیسما ذخیرن  تہٕ خوُنس منٛز کٔم گنین  لپوپروٹیٖن سطحَن تہٕ ایتھیروس کلروسیٚس كِس بڈیمتِس خطرس دٔرمیان تعلقس  خٲطرٕ چُھ شبُتن ہٗند بو٘ڈ باڈو٘ ۔ 
1039,یژھو٘ وارِیاہو٘ گوپھو٘ یِمن منڈپ تہِ ونان چھِ چُھ  یہِ مٔنٛدِر قٔدیٖم ہیٚنٛدِ کَنیو٘ منزٕ ژٹِتھ گوپھہٕ فن تعمیٖرٕچ بہتٔریٖن شہادت ۔
1040,"فیونا کولکوہون آو سپیڈ بوٹن سۭتۍ تعارُف کرنہٕ ییٚلہِ سۄ مِس انگلینڈ III منٛز لوچ لومنڈس پیٹھ ٹرایل رنن منٛز اکھ مسافر ٲس۔
"
1041,کٹکس منٛز اوس سہ کرشنا سوامی رامیہ سٕنٛد طرفہٕ شروع کرنہٕ آمت انڈیکا-جاپونکا توٚمل ہائبرڈائزیشن پروگرامس تحت۔
1042,مقبول مندر مقامات ٲسۍ زٲیرینن نشہ فیس رٹان، یتھ پیرایم یا کنیکے ونان چھِ۔
1043,KITE کیرالہ چھُ حکومت کیرالہ کس تعلیمی محکمس تحت اکھ ریاستی ملکیتٕچ خصوصی مقصدٕچ کمپنی۔
1044,اِنٹرنیٚٹن چھِ گۄڈَے دُنیاہس منٛز عظیم چیز أنۍمٕتۍ، مگر سۭتی چھِن سٕپیم، پِھشِنٛگ، سٕکیمِنٛگ بیترِ تہِ أنۍمٕتۍ۔
1045,یم ممی ٲسِکھ اینڈیس کس أکس پہاڑس پیٹھ دریافت کٔرمٕتۍ۔
1046,یہ وٕچھن چھ حٔقیقتن مایوس کن ز میٲنس بچن ہنٛدِس دیکھ بھال کس خرچس منٛز کوتاہ اضافہٕ چُھ گومت۔
1047,اگر اعصٲبی نظامس خرٲبی  آسہِ  تہٕ خوٗنٕچ جانچ بے نتیجہ آسہِ ، تیٚلہِ گژھِ  سربو سپاینل فلیوُڈ بی-12 سطح میننہٕ باپت   لمبر پنکچر كرنہٕ یٗن ۔ 
1048,صنعت کٲری سٕتہِ گیہِ  اتھہٕ كیو اوزارو٘ برعقص   گردِ منز زیادٕ اضافہٕ ۔ 
1049,بورڈ آف ڈائریکٹرزَن ہُنٛد چیئرپرسن یا کمپنی ہُنٛد سی ای اوٕنۍ چِٹھۍ چھےٚ سالانہٕ رپورٹُک ابتدٲیی حِصہٕ۔
1050,واریاہ پاپ تہٕ راک موسیقار چھ گٹار یا پیانو پیٹھ پننۍ بٲتھ بناوان ۔
1051,لوم، ناروے-لوم چِھ ناروے کِہ اوپلینڈ کاؤنٹی منٛز اکھ بلدیہ۔
1052,"جرمن پادرین ہٕنٛدٮ۪ن اعلیٰ صفن منٛز ٲسۍ گریگیریس واریاہ دشمن۔
"
1053,یتھِس شخصس منز ہیکن اتھ مُتلق علامت ٲسِتھ،مثالے دلچِ دُبرارے تیز گژھٕنیۍ،  اگر انجاینا ہیُو  کانہہ دلُک دود   برونٹھٕے  آسِہ،  زنگن ہُند لنجر، تہٕ دِل بیہنک علامت ۔
1054,تُہۍ چِھو مےٚ ونان ز تُہۍ چِھو راتھ ترٛیٚیہ لٹہ چٹھۍ دنہٕ خٲطرٕ گرٕ آمتۍ، یہ چھ مےٚ خوفزدہ کران، تِکیازِ بہٕ اوس پٔتمیو دۄیَو دۄہو پیٹھ پوٗرٕ دۄہس گرِ تہٕ بہٕ چھس نہٕ یژھان ز یہ دستاویز گژھِ راوُِن۔ (کسٹمر)
1055,یہ چھ شمٲلی نیمکرہک اکھ جہار دار کُل۔
1056,یہٕ گنٛدنہٕ خٲطرٕ چِھ اصلی گیم اٮ۪م یوٗ ٮ۪س ٹی انسٹال کرٕنۍ۔
1057,"پیرا ایس ایف کیپٹن کرن سنگھ ڈوگرا چھُ چینی اہلكارو دسہِ رٹنہٕ یوان   ییٚلہِ تٔمہِ سنٛد ہیلی کاپٹر معمول چہِ  تربیتی مشقہِ دوران چینی سرحدَس پٮ۪ٹھ وسہِ پیوان چھُ ۔۔
"
1058,"چھاپ پسدن وٲلِس ذرایہ ابلاغس  منٛز چھِ آسامٕکہِ روزانہٕ شایع گَژھن وٲلہِ  اخبار: اَمر اَسوم، اَسومیہ خَبر، اَسومیہ پرٛتیٖدِن، دینِک اگرادوٗت، دینِک جَنم بھوٗمی، دینِک اَسم، گنہ ادِھکار، جَناسادَھرن تہٕ نِیومِیا برتا شٲمِل۔
"
1059,آر ایٚس آر ٹی سی چُھ راجستھان، نَیہِ دِلہِ، اُتر پرٛدیش، ہریانہ، مٔدھیہ پرٛدیش، مہاراشٹرٛا، پنٛجاب تہٕ گُجرات کیٚن بَڑیٚن شہرن خٲطرٕ بَس خٕدمات چَلاوان۔
1060,سُہ اوس نیشنل ہاکی لیگہ منٛز گۄڈنکٮ۪و کینیڈا کٮ۪و مقٲمی کھلاڑٮ۪و منٛزٕ اکھ۔
1061,209 کلومیٹر زیچھرٕ  سۭتۍ چُھ یہِ دویم ساروی کھۄتہٕ بوٚڑ دریاو یُس کیرالہ منٛز پیریار پتہٕ وسان چھ۔
1062,شہرچہ بنیأدی پایداری پیٹھ تشخیصک اکھ وجہ چھ وسٲیلن ہنٛد کم استعمال تہٕ امکین غریب ہمساین ہنٛد کاربنک اخراج۔
1063,پوٗرٕ دنیا ہَس منز کوٚر زیادٕ تر پریسَن جلیانوالہ باغٕچ دٔلیٖل یاد، تہٕ او ڈایرس پیٹھ لگووُکھ قتلِ عامُک ذِمہ دار آسنُک الزام۔
1064,تٔمہِ کٔر مردن منٛز بیمارن متعلق بیدٲری بڑاونس پٮ۪ٹھ کٲم ۔
1065,کمبھمپتی ہری بابو چھ جولائی 2021 پیٹھہٕ میزورامک گورنر۔
1066,اتھ موقعس پیٹھ چھ اکھ گٗڈی تہ لہراونہٕ یوان  یس اتھ تہوارس ناو  دِوان چھے٘ ۔
1067,وۄمید چھِ زِ سۄ كرِ  ییٚمہِ ؤرۍ کِس ٲخرَس پیٹھ پننِس باقی ٹیمَس سۭتہِ وائٹ ہاؤسُک دورٕ ۔
1068,ریان میکنرنی سُنٛد شاٹ بچوو  ریان ڈینیئلزن ۔
1069,جوار، سٕتھٕر تہٕ دالہِ پھٔلۍ چھِ نیم بنجر علاقن منٛز وۄپدان، ییٚلہِ زن  نیہ  شكر ، توٚمُل تہٕ کٕنٕک  روٗدٕ علاقن منٛز وۄپدان چھُ ۔
1070,باقیہ  واریاہ  پرنس آف ویلز موُدِ خانٛدر کرنچہِ وٲن٘سہِ برو٘ن٘ہیہ ۔
1071,"آسٹریلیٲیی  بِریٚٹ ایمرٹَن پوٚک ییٚلہِ تمہِ کروشیا ہُک حملہٕ آور پاس رُکاونہٕ باپت ہینڈ بال فاؤل کوٚر۔
"
1072,یہِ ایونٹ چھُ پرٛٮ۪تھ ژورِ ؤہٕرِ  مٗنعقد  کرنہٕ یِوان تہٕ اَتھ منٛز چھِ 12 ضروُرتٕكہِ کھیل ؛ میزبان مٗلک چُھ باقیہ  ژورن ہٗنٛد انتخاب کران۔
1073,"1 فروری 2021 ذاو یمن بٲژن بیٛاکھ شر، اکھ نیٚچو۔
"
1074,ٲخر کار! مےٚ چھِ خٗشی ز تو٘ہۍ چھِوٕ  سانہ طرفہٕ کتھ کرنہٕ خٲطرٕ تیار (پروفیشنل)
1075,"ییٚلہ انگریزو برمی گائیڈن شمٲلی ہمالیہس منٛز روزن والیٛن لکن متعلق پرژھ گٲر کٔر، تمن آو ""ناکا"" وننہٕ۔"
1076,بمبئی رِیاست آیہِ 1 مئی 1960 بمبیہِ تنظیمِ نو ایکٹ کہِ ذریعہ گجرات تہٕ مہاراشٹر کین لسٲنی ریاستن منٛز تقسیم کرنہٕ۔
1077,پرٛدیوُمن چُھ رُکمٔنِی تہٕ کِرشن سُنٛد نیٚچو۔
1078,"تاہم ٲسہِ  1923 ہس منٛز کے ایم ٹی یس  50,000 اركان  ۔"
1079,کنگ ایڈمنڈ شہیٖدَس اوسُکھ 855 منٛز کرٛسمس دۄہ مسح کوٚرمُت تہٕ انگلینڈُکس بادشاہ ولیم  ٲسٕکھ کرٛسمس دۄہ 1066 منٛز تاج پوشی کٔرمٕژ۔
1080,کارکُن پر٘تھوِی مہاسکے یَن کوٚر سینٹرل بورڈ آف فِلِم سرٹیفیکیشَن (سی بی ایف سی) سوزنہٕ آمٕژ چِٹھہِ ذٔریعہٕ فِلمہِ ہِنٛدِس ٹریلرَس منٛز ہاونہٕ آمٕتہِ ٹوائلٹ لیٖکیج سینَس پٮ۪ٹھ اعتراض۔
1081,میٚک کلین کاوُنٛٹی کہِ ڈِسٹرٛکٹ اَٹارنی، ٹِم کوکیٚنڈَلن ووٚن زِ  جیمی روز بولِن سٕنٛز لاش ٲس 26 وٕہرِس کیٚوِن انٛڈر ووڈ سٕنٛزِ شۄنٛگن کُٹھِ چہِ المارِ منٛز لبنہٕ آمٕژ۔
1082,بہٕ اوس پننس نٔوس مکانس منٛز شاک لگنہٕ سۭتۍ پریشان ییٚلہ زن مےٚ بہترییٖن بجلی تارٕ اننہٕ خٲطرٕ واریاہ اوس خرچوومت اوس۔
1083,آن لاین چھِ واریاہ لۄکٕچہِ كامہِ  ییٚتٮ۪ن تُہہِ یتھ منز توہہِ تِیوُت پونسہٕ صِرِف کیٮ۪نٛہن گھنٹن کٲم کٔرِتھ  زیٖنِتھ ہیٚکِو۔ 
1084,"شرما سٕنٛدِ مُطٲبِق، ""مۄغل شہنشاہن ہِنٛزٕ ہولی مناوان چھِ واریاہ تصویٖرٕ  ""۔
"
1085,"واریہن مورخینن ہنٛد خیال چھ ز بلیک سبتن کوٚر 1960 کس دٔہلہ کس ٲخرس منٛز ہیوی میٹل میوزک ایجاد۔
"
1086,یہٕ اوس جزوی طوروکٹوریایی  جنسی جبرکہِ اخلاقیاتٗ تہٕ گِرجہِ كین تبلیغ كرن والین ہٗند نتیجہِ یِم ہیندِ مزہبس نۄقطہٕ چینی كران ٲسہِ ۔ 
1087,نٔتیٖجہٕ چھِ این بی سی تہٕ آٮٔی او سی كہِ وصادتہٕ ۔
1088,نازکا وٗڈٕر  پیٹھ چھ عجیب ڈرائنگہٕ یم نہٕ  سمجھِتھ تہِ ہیكو۔ 
1089,1972 منٛز آو عجٲیب گھرس  قاہرہ کِس عجٲیب گھرس منٛز توُتنخامٗن  مجموٗعہ وۄزٗم  دِنہٕ ۔
1090,امہِ باوجود اوس لیہہ تہٕ یارکندس درمِیان اکھ بٔڑ تِجارتی وتھ قٲیِم کرنہٕ آمٕژ۔
1091,روئنگ ٹینک چھِ بُنیٲدی پٲٹھۍ آف سیزن روئنگ، مسلَن ہٕنز مخصوص کنڈیشنگ، تہٕ تکنیکٕچ تربیتہٕ باپتھ استعمال یِوان کرنہٕ، یا صرف اَتھ صورتہِ منٛز ییٚلہِ خراب موسم آبٕچ تربیت رُکاوان چھُ۔
1092,تٔمۍ گنٛد 22 ہن ؤرین تام پیشورانہٕ طور بیس بال تہٕ کرٮ۪ن 755 ہوم رن۔
1093,لینگلی ، اوکلاہوما لینگلی چھٗ ایمریكاہس منز  ریاست اوکلاہوما ہٗک اکھ قسبہٕ  ۔
1094,تمہِ سٕندِ نفصِیٲتی مۄلہٕ آن٘كون سپدنٗك چھٗ اِمكان  ۔ 
1095,میک گنلی چھ اکھ مصنف تہٕ نیشنل ڈاون سنٛڈروم سوسایٹی ہنٛد ترجمان تہ۔
1096,یہ مختصر دلیٖل ٲس 4 جولایی 1776  أکس بُڈٕ نفرس متعلق۔
1097,ہندوستٲنی سوتی پَلو ٲسۍ 18 مہِ صدی منز عالمی تجارتک ساروٕی کھۄتہٕ اَہَم تیار شدٕ سامان، یُس امریکہ پیٹھ جاپانَس تام پورٕ دُنیا ہَس منز  استعمال گژھان اوس۔
1098,کرکولا کرکولا چھٗ فِن لینڈ، پایجانے  توِستیاہٗک اکھ بلدیٲتی علاقہٕ ۔
1099,"پتہٕ گنٛزٕ تٔمۍ مونٹریال کینیڈینز خٲطرٕ نیشنل ہاکی لیگہ منٛز 5 گیمہٕ۔
"
1100,وۄنہِ گوٚو فلمہِ منٛز چھٗ أمہ سٗنٛد ٲخری ناو بدلٲوتھ ڈلون تھاونہٕ آمٗت۔
1101,اکہ لٹہ ییٚلہ پونٛزی سکیمہِ  واریاہ زیٛادٕ سرمایہ کار میلن ، نظام گژھِ  ہمیشہٕ تباہ ۔
1102,پرٛانہِ ورژنہٕ پتہٕ آو فونر بدلٲوِتھ ونڈوز 95 چلاون بنٛد کرنہٕ۔
1103,عیساییت اختیار کرنہٕ پتہٕ، چھنہٕ لوکھ کنہٕ أکس فرقس  پابند آسُن محسوس کران تہٕ چھکھ فرقن درمیان وابستگی بدلنچ تراے۔
1104,شُمٲلی ہِنٛدوستان چین باقٕیہ رِیاستن ہندِ پٲٹھی  چھٗ مغربی بنٛگالس تِہ شُمٲلی ہنٛدوستٲنہِ کلاسیکی موسیٖقی منٛز وراثت۔
1105,موغلو بنٲوِ سیٹھاہ صاف سِکہٕ ،  %96 کھۄتہٕ كم نہٕ زانہہ ، تہٕ 1720 کِس دہلِس تام مو٘لس منز  کُنہِ تہِ  کٔمی ورٲیہ۔
1106,اَتھ شہرس چھِ اکھ زیوٗٹھ تٲریخ، یَتھ منٛز واریٛاہ ہیٚنٛدۍ تہٕ مُسلمان خاندان چھِ یہِ اکھ ترقی پذیر تجٲرتی شہر تہٕ شُمٲلی گجراتٕچ علاقٲیی رازدٲنۍ بناوان۔
1107,توٲریٖخ دان ایٚس. کرشناسوامی آینگرسٕندِ مُطٲبق  ٲسۍ پلاو ٹونڈایی منڈلمٕکۍ بسکیٖن در تہٕ پلاو ناو چھٗ ٹونڈایار لفظس ہیٛوٗ۔
1108,یہِ تیوہار چھٗ پریتھ وریہِ 1 تا 10 دسمبر مناونہٕ یوان ۔
1109,ژوُرِمِس   انگریز  میسور جنگس منز ، ہروو ٹیپوُ رلہٕ مِلہٕ   برطانوی ایسٹ اِنڈِیا فوجن مراٹھاہن تہٕ حیدراباد كِس نِظام سندِ گیمایتہٕ سٕتہِ ۔
1110,کولسٹرپ اوس ناردرن پیسیفک ریلوے ین 1924 منز قٲیم کوٚرمُت۔
1111,آٮٔی ایس او چُھ دۄشوٕنی زبانن ہِوی کوڈ ، جی ڈبلیو ڈی دِوان ۔
1112,نتیجتن ، اکھ بدلاونہٕ آمُت جینُک اظہار ہیکہٕ خراب یڈ منز شُرِ سنز نشوونٗما تہٕ غٲر لاگدار  بیمارن ہنٛدِس  پروگرامس  منٛز ثٲلثی کٔرِتھ ۔
1113,1947 ہَس منز ہندوستان چہِ آزٲدی پتہٕ کٔر تٔمۍ 17 ہَن ورین تام ملکٕکۍ وزیر اعظم سندِ حیثیت کٲم۔
1114,کم از کم شیٚن ریتن تام ٹی بی نش بچاون والہِ  دواہ سۭتہِ  یلاج کرنہٕ سۭتہِ  چھ 6 ریتھ كم  یلاج کرنہٕ كھو٘تہٕ  کامیٲبی ہنٛز شرح تھٕز  آسان ، حتا كہِ فرق كم تہِ ٲسِتن ۔ 
1115,ایسپرین چھنٗہٕ یوان دِنہٕ تِکیازِ امہِ سٕتہِ ہیٚکہ خون ینٗک زیادٕ  اِمکان بنتھ ۔
1116,ججس چھ وکیلن پنٕنۍ شروعٲتی تہٕ اختتامی دلیل ختم کرنک اجازت دنک اختیار۔
1117,"اَکہِ دۄہ ییٚلہِ ڈرٛامہ خٲطرٕ ریہرسل کران ، چھُ انیتایہ سُنٛد بوائے فرینڈ سیموئیل  گَھر یِوان تہٕ تس حٲران کران۔
"
1118,سُہ چُھ أکِس کورِ  میلان یۄسہٕ ہنا ڈجِمٕژ  چھےٚ۔
1119,ایکس ونڈو سسٹم خٲطرٕ چھ واریاہ ساس پرٛوگرام دٔستیاب۔
1120,"یہ چھٗنہٕ اصلی اکھ ""سازینہٕ "" ، یہِ چھٗ اکھ وایلن محفِل موسیقی ۔"
1121,یہِ موسیقی آیہِ 29 اکتوبر 2013  شروٗع کرنہٕ ۔
1122,کوریٲیی جزیرٕ نما کس بالآخر دٗبارٕ اتحاد خاطرٕ عوٲمی حٮ۪مایت چھ حالیہ ورین منٛز کم گٔمٕژ، نوجوان نٔسلس چھِ  اتھ امکانس متعلق زیادٕ شکوُک ۔
1123,اتھ چِھ عام طور پٲٹھۍ زٕ پٹہ آسان یِم سندو پٮ۪ٹھ کھسان چِھ ۔
1124,بہٕ چھٗس نہٕ در حقیقت  گروپ پروجیکٹن ہٗند پرستار۔ یہ چھ ہمیشہٕ محسوس گژھان ز مے٘  چھِ تمام كٲم کرٕنۍ پیوان ۔ 
1125,اپریل 1918  منٛز کوٚر تٔمۍ ایمسٹرڈیمس منٛز قومی مقابلس منٛز مقابلہٕ ۔
1126,یونیورسٹی ہنٛد ایتھلیٹٕک ٹیمن چُھ کارڈینلز وننہٕ یوان ۔
1127,"بی بی سی مُطٲبِق، ""پوٗرٕ دُنیاہَس منٛز چھُ اقوام متحدہُک تخمینہٕ  زِ 50 ملین کھۄتہٕ زِیٛادٕ مورفین ڈٲیہ اسیٹیٹ، کوٗکین تہٕ مصنوعی دوا استعمال کرن وٲلہِ چھِ ۔"""
1128,نازیو کٔرۍ ڈچ یہودی حراستی تہٕ دفع استیصال کیمپن منٛز منتقل۔
1129,"انڈیا ٹوڈے ہٕکہِ روہت کھلنانی ین کٔرِ ہٮ۪دایت کارس ""ہر تتھ چیز [ہاونہٕ خٲطرٕ] یہِ  [اتھ] ڈراماہس ضرورت اوس"" تعریف ۔"
1130,بوبی رابسنس آیہ فٹ بالس منٛز تہنٛز کامہ خٲطرٕ واریاہ اعزاز دنہٕ ۔
1131,1857 پتہٕ کٮ۪ن ؤرِیَن منٛز ٲسہِ پریاگ وٲلہِ  تہٕ کٗمبھ مٲلٕہ كین  زائرینن ہٕنٛدِ ہجوُمَ  بغاوت تہٕ نسلی ٗظلمٕكہِ اشارٕ دِووٕنہِ  جھنڈٕ پكناوان ۔
1132,اپریل 2019 تام، اوس نہٕ کُنہِ تہٕ ویکسین كِس طبی استعمالس اِجازت دِنہٕ  آمُت، تاہم چھِ  وٗنکٮ۪ن واریاہن ویکسین طبی آزمٲیش  چلان۔
1133,ییتہٕ، راینر اوس اکھ اداکار تہٕ بروکس اوس اکھ مصنف۔
1134,سہ چھ ہندوستان کین عظیم بادشاہن منٛز اکھ ماننہٕ یوان۔
1135,طالب علم چھ ترٛیٚیو  شعبو منٛز اکہ شعبک انتخاب کران، یعنی لبرل آرٹس، کامرس، یا ساینس۔
1136,كٹھكو٘ش تہٕ وٗنَل چھِ ڈٮ۪سمبر تہٕ جنؤری رٮ۪تن ہٕنٛدِ عام خصوٗصیات۔
1137,بارساناہس منٛز مناونہٕ ینہٕ واجیٚن ہولی چھےٚ امہ لحاظہٕ منفرد ز ییٚتہ چھےٚ زنانہٕ مردن لاٹھہِ ہیتھ مردن ژلراوان ۔
1138,تمِس اوس  1969 پیٹھہٕ 2013 منٛز مرنس تام  لوئس این ٹیچنس سۭتہِ خانٛدر۔
1139,چلی یا چری چُھ منی پوُری راس نژنن ہنز بُنیٲدی نژن تحریک ۔
1140, فَروختہٕ کیٚن تَمام قٕسمَن مُتعلِق کٔرِو کَتھ یِمن ہِنٛدِ اِستعمال کرنُک تۄہہِ یَرادٕ چُھو تہٕ تُہہِ  کِتھہٕ  کٔنہِ  چِھو یِمن اِستعمال کرنُک یَرادٕ تھاوان۔
1141,گگرایہ طوفانس منٛز پھسنک خیال چھ مےٚ اہرٕ بیہناوان۔
1142,تکنیکی ٹیمن ووٚن  تِم چھ، وٗچھان یہِ تہِ ٲسہِ   پننین لیپ ٹاپن  پیٹھ کران چھِ ۔
1143,یہٕ چھ شمال مغربی الینواے تہٕ جنوب مشرقی آیووا کٮ۪ن کواڈ شہرن ہنٛد حصہٕ۔
1144,ماہرازٕ تہٕ ماہرینہِ چھِ پتہٕ اَکھ أکِس نِش بِہِتھ پنٛنہِ تہٕ پنٛنیٚن عیالَن ہِنٛدِ خٲطرٕ اَبدی خُشی حٲصِل کرنہٕ باپت برہما، وِشنوٗ تہٕ شِو سُنٛد دویہ خٲر حٲصِل کرنہٕ باپت دٗعا کران ۔۔
1145,تاہم ، ٲسہِ گاندھیس پنٛنہِ امہِ فٲصلٕہ باپت ٹھوس وجوُہات ۔
1146,ٹرنر سنڈروم چھٗ ایمریكاہس منز  خود بخود حمل گِرنہٕ كہِ  کٗل تعداد کہِ تقریبا 10  فیصدك ذِمہٕ وار ۔
1147,یہ لگون چُھ سیلابن ہنٛد جمع آب برقرار تھونہٕ خٲطرٕ بچاونُک کٲم کران یوٚتام نہٕ سیلابن ہنٛد آب وارٕ وارٕ سمندرس کُن چُھ یوان تراونہ۔
1148,یہِ چھُ احمد آباد پتہٕ گجراتُک دۄیِم سارِوٕے کھۄتہٕ بوٚڑ شہر تہٕ آبٲدی لحاظہٕ ٲٹھِم سارِوٕے کھۄتہٕ بوٚڑ شہر تہٕ ہندوستانُک نٔوِم سارِوٕے کھۄتہٕ بوٚڑ شہری سموہ۔
1149,ساروِی کھۄتہٕ عام نوینہ سیل بوٹ چھِ سلوپ، یَتھ منز اکھ مستول تہٕ زٕ سیل چھِ، ییٚمۍ عمومَن برمودا رگڈ مین، تہٕ اکھ ہیڈ سیل چھِ۔
1150,مےٚ کھوٚت شرارتھ ییٚلہ سایکل کٕنن وول  مےٚ میٛانہ بجٹہٕ نیبر سایکل ہاوان روٗد ۔
1151,"توہہِ چھٗ مٗقرررٕ صوُدٕچہِ ادایگی سپدان ، عموُمن بانڈُک میعاد ختم گژھنَس تام  ورِیس دویہِ پھِرِ  ۔
"
1152,"برطانوی فوجس ٲس 300,000 جاپٲنہِ فوجی سمندری جہازس كیتھ  گرٕ سوزنٕچ کٲم تہِ ۔"
1153,کیلنڈرک دورکیلنڈرک دور چھٗ کیلنڈر ذریعہٕ استعمال گژھن وول ورین ہندِ شٗمارٗك نِظام ۔ 
1154,گۄڈنکہ مطٲبق کٔر 30 ساتواہن بادشاہو لگ بگ 450 ہن ؤرۍ ین تام حکوٗمت ، ییٚمیک آغاز موریہ سلطنت کہ زوالہٕ فوراً پتہٕ سموکا سٕنٛزِ حکمرٲنی پیٛٹھٕ گوٚو ۔
1155,بنڈس لیگا زینَن وٲلِس  بایرن میونخس اوس کھیلس منٛز  بالہِ  پیٹھ   % 70 قبضہٕ تہٕ ٲسِس ستتھ شاٹ ییٚلہ زَن ڈورٹمنڈن صرف نَووے لگٲوِ ۔ 
1156,یہٕ اوس قدیم  پیوُبلون لوُکن خاطرٕ اكھ  ثقافتی مرکز ۔
1157,یہٕ چھ سالزبرگس قریب واقع ، تہٕ چیمگاؤر الپس سٔتۍ گھیرتھ۔
1158,ٹریکوما ہٕچ زیٛادٕ تر منتقلی چھےٚ كٗمبس اندریہ  گژھان۔
1159,ییلٕكہِ مارک آرکوبیلوہن تہِ كٕر  ہیٹر٘ک ۔
1160,1877 منٛز تھوو ملکہ وکٹوریَایہ  ؤزیٖرِ اعظم بینجمن ڈسرایلی سٕنٛدِس مشورَس پٮ۪ٹھ ہندوستانٕچ مہارانی خطاب ۔
1161,ژٕ چھُکھٕ مےٚ 45 ہن منٹن فونس پٮ۪ٹھ پیارنٲوتھ ونان ز ژٕ ہیککھ نہٕ مےٚ کانٛہہ تہ مدد کٔرتھ؟ 
1162,"ارجنٹیناہَن دِژ بَٹہٕ وارِ دۄہ شامَس ہیمبرگَس منٛز گروپ سی کِس انتہٲیی دِلچسپ گۄڈٕنِکِس میچَس منٛز آئیوری کوسٹَس 2-1 سۭتہِ شِکست۔
"
1163,گۄلٲبہِ  مثلث علامتُک استعمال چھ یِمَن متٲثریٖنَن عوٲمی نظرن منٛز انان۔
1164,"گۄڈٕنیُک ہاف مۄکلنہٕ برٛونٛہہ کینٛہہ لمحہٕ آو میتھیو فلیمینی وِلینَس پیٹھ ژیٖرۍ ٹیکل کرنہٕ خٲطرٕ یلو کارڈ ہاونہٕ۔
"
1165,یو ایس نیشنل انسٹی ٹیوٗٹ آف ہیلتھ چھُ تجویز کران زِ شُگَرٕچ بیمٲرِ منٛز مبتلا تمام حاملہ زَنانَن ہٕنٛدِۍ أچھَن ہُنٛد ییہ وارٕ پٲٹھۍ معائنہٕ ییہِ کرنہٕ۔
1166,"کوکیلا چھےٚ اکھ خوفزد کوٗر یۄسہٕ نوکری ژھارنہٕ خٲطرٕ جدوجہد کران چھےٚ۔
"
1167,"اگر تۄہہِ میڈیاہَس متعلق کینہہ سوال چھِ، تیٚلہِ کٔرِو مارکیٹنگ اکاونٹس ای میل۔
"
1168,یمو منٛزٕ چھ گۄڈنکۍ ترٛےٚ ہندوستٲنۍ پنجاب کِنۍ وسان، ییٚلہ زن پتہٕ ینہٕ وٲلۍ زٕ پوٗرٕ پٲٹھۍ پنجاب، پاکستان کِنۍ وسان چھ۔
1169,تمۍ دیت 12 دسمبر 2021 پنٛنہ ریاستی نمٲیندٕ سیٖٹہ پٮ۪ٹھٕ اِستیٖفہٕ۔
1170,تاہم ، زنانَن ہِنٛدِس کالجیٹ سطحس پیٹھ چھُ اکھ نوٚو اصول قٲیِم کرنہٕ آمُت یُس محافظَن گول دایرٕ منٛزۍ گزرنُک اِجازت چھُ دِوان۔
1171,امبا پورم گۄپھہِ ہُنٛد مندر یا نیڈمبی بسدی چھُ ریاست آندھرا پردیش کِس وجے واڈاہَس نزدیٖک امبا پورم گامَس منٛز چٹان ژٔٹِتھ جین گۄپھہِ ہُنٛد مندر۔
1172,"ہاؤس آف کامنزسمنز  بحث سپدنہ پتہ  چرچل سٕندِ تقررٕ پتہٕ
ترٲوۍ پارلیمنٹ ممبرو ڈایرَس خلاف تہٕ حکوٗمت کِس حِمایَتَس مَنٛز 37 ہو مقابلہٕ 247 ووٹ۔"
1173,تٔمۍ بنوو اکھ طاقتور فوجی نظام تہٕ کٔرٕن اثر دار سیٲسی تہٕ سمٲجی بہتری ہُند آغاز۔
1174,زنانہ چھےٚ نہٕ کانٛہہ تِہ قابل فہم زبان بولان، تہٕ اِتھ پٲٹھۍ چھُ امِہ کَتھ ہُند تصدیٖق کرُن چِھ مشکل زِ أمس کیا گوٚو۔
1175,چاکلیٹ بناونہٕ خٲطرٕ یُس کوکویا استعمال چھ گژھان سُہ چھ اکھ زٲویُل پاوڈر آسان ۔
1176,تمو ژھونڈ مایباہَن نِش مشورٕ مگر مایباہَن ہیوٚک نہٕ یمن بچہٕ پیدٕ کرنس منٛز مدد کرِتھ۔
1177,شاہ عالم دویمن لِیوكھ پنُن نظمن ہُند  دیوان  تہٕ تس اوس آفتاب تخلص ۔ 
1178,ناگن ہٕنٛدِ قبٲیلی رقص چھِ ناگاہن  ہٕنز وراثتی خلوت پسندی ہاوان ۔ 
1179,زیادٕ گٗمہٕ یِنہٕ وول ریتھ چھٗ اوسطن اكتوُبر ییلہِ ٲركھ یوان چھِ ۔ 
1180,ییٚلہ گواسکرن میدانس منٛز پننہ ٹیمٕچ قیادت کٔر، تٔمس آو پھل لاینہ۔
1181,اتھ منٛز چُھ عام طور پانہٕ وتھٕر، سُپھارِ ڈوُن  آسان، یتھ سۭتہِ كین٘ہہ علامتی  پونسَہٕ تہٕ     اکھ نوٚو پلو٘ ٹُکرٕ-دُُوٗتہِ یا سٲڑِ آسان چھِ ۔
1182,تِم بنییہِ  پتہٕ جۄُراسکس دوران گۄڈٕنِكیو تھیروپوڈسو پیٹھہٕ  ۔
1183,مرکب دھات چھ اکھ یا زیٛادٕ عناصرن ہنٛد اکھ مرکب۔
1184,کلائیو رُود شِکار گاہ کہ پشہِ  پیٹھہٕ صورتِحال وچھان تہ میر جعفرَس نِشہ خبر  واتنک توقع کران۔
1185,خبر چھ ز گلشن دیویا اوس مخالف بھوانی سنٛد کردار ادا کران۔
1186,زِیٛادٕ تَر معاملَن منٛز چھُ وجہ نامعلوٗم، حالانٛکہِ اَمہِ برٛونٛہہ ہٮ۪کہِ وائرل انفیکشن، ایٚنٹی بائیوٹک تھیرپی، یا جذبٲتی پریشٲنی ٲسِتھ ۔
1187,سربراہنچھِ ےژھان زِ دُہا گَژھِ یِتھ ؤرۍیَس منٛز پَننٕس ٲخری مرحَلَس منٛز دٲخل۔
1188,یونانَس منٛز چھِ گُڈ فرٛایڈے تہٕ بٹوار تہٕ سٕتی ایسٹر سنڈے تہٕ ژٔنٛدٕروار  رٮ۪وٲیتی طور مناونہٕ یِنہٕ واجِنہِ عوٲمی چھُٹی ۔
1189,بہٕ چھس سیٹھاہ خوش  ز مےٚ وٗچھ عجٲیب گھرس منٛز تم فن پارٕ  یم تامل ناڈوٗ تہٕ رومس درمیان تجارتس مٗتعلق ٲسہِ ۔
1190,سینٹ گیلن سٗند  کینٹون سینٹ گیلن سٗند کینٹون چھٗ سوِزرلینڈس منٛزاکھ کینٹون ۔
1191,امہ پتہٕ کٔر بسکیٖن مشرقس منٛز گنگا کس طاسس کن ہجرت، ییٚتہ تمو لۄکٹۍ گام تہٕ الگ تھلگ فارم قٲیم کٔر۔
1192,بمبَے فِزِکل کلچر ایٚسوسییشن کالج آف فِزِکل ایٚجُکیشن (بی پی سی اے سی پی ایی)۔
1193,"تٔمِس اوس 1943 پٮ۪ٹھٕ 2008 ہَس تام تٔمۍ سٕنٛدِس مرنَس تام گُنَر لیگرگرینَس سۭتۍ خانٛدر کٔرِتھ۔
"
1194,"وِین آو 2008 ٹھس منٛز وِل آئسنر کامِک بُک ہال آف فیمس منٛز شٲمل کرنہٕ۔
"
1195,یہِ چھِ آسٹریلوی آؤٹ بیک تہٕ نیو یارک سِٹی ہندِس پس منظرس منز قٲیم کرنہٕ آمٗت ۔
1196,مُقٲمی لوٗکَن ہُند مانُن چھُ زِ اتھ آبشارس چھُ کھۄژُن۔
1197,یہِ اوس نیوُ انگلینڈ کِس  توٲریخس منز ساروی کھوتہٕ در٘وگیو٘  طوفانو٘ منزٕ اکھ ۔
1198,اولمپکسس منٛز اوس بارباڈوس گۄڈنچہ لٹہٕ  1968 منٛز سمر اولمپک گیمن منٛز ۔
1199,نکاراگوا مٕنزِ  گٗزرنہٕ پتہٕ چھ سمندری طوفان فیلکس سٕتہِ  کم از کم 21 نفر ہلاک تہٕ 200 کھۄتہٕ زیٛادٕ لاپتہ گٔمٕتہِ ۔
1200,"میٚیر گزریو 4 نومبر 2020 ہس منٛز 78 وہر۔
"
1201,چینی ڈریگن چینی ڈریگن اوس چین كِس  شہنشاہ سٕنٛزعلامت ۔
1202,وَہرٲژ پتہٕ چُھ یہِ خٕطہٕ خۄشٕک گَژھان تہٕ چُھ پھر٘اٹہٕ وول بنان ۔
1203,"دوٚیمس جنٛگہ عظیمس منٛز اوس اتھ پٮ۪ٹھ 1945 ہس منٛز ریڈ آرمی قبضہٕ کوٚرمت۔
"
1204,سُہٕ اوس 90 کس دہائی کس شُروادس تام 2000 کس دہائی کس وسطس تام مقبول۔
1205,یہ تیوہار چٗھ اتھ ریتس دوران پرٛیتھ ؤریہ اکہ پھِرِ  نون راتن مناونہٕ یوان، یٗس عام طور ستمبر تہٕ اکتوُبر کیٚن گریگورین ریتن منٛز یوان چھٗ ۔
1206,یہِ تقریٖب ٲس فارسی تہٕ اردٗو شعرن  منٛز منٲونہٕ ۔
1207,یہ ہیٚکہ میژ، چوُنہٕ سٗرخہِ ، پلاسٹر تہٕ ژمہِ ہنزِ بیمارِ منٛز تہِ ٲسِتھ ۔
1208,اوویچکنَن کوٚر 50 سیکنڈو پتہٕ بیٚیہِ گول تہٕ کٔرٕن واشنگٹنَس ترٛےٚ سۭتۍ برتری حٲصِل۔
1209,"ٹرکہِ ییٚلہِ بیریئر پیٹھۍ اژنچہ کوشش پتہٕ وونُکھ کینژن رپورٹَن منٛز زِ محافظو کٔر ٹرکہِ پٮ۪ٹھ گولہِ چلاونہ شروع۔
"
1210,تٔمۍ ووٚن زِ یِم غیر معمولی قابلیتہٕ چِھ تِم چیز یِم کانٛہہ تہ ہیٚچھتھ ہیٚکہ ۔
1211,کم مقدارس منٛز تہ چھٗ الكوہل دیماغس سٗست کران۔
1212,اکھ زیادٕ کٹوتی وول  صحت مرکز تہِ چھ اہم۔
1213,ناگالینٛڈ کیٚن تمام قَبٲیِلن چھ پنٕنہِ پپننہِ ضیافتہٕ ن، تہٕ تِم چھِ پنٛنیٚن ظِیافتن منٛز واریاہ زیادٕ ماز، گاڈ، تہٕ كھٗمب كھٲرِمٕتہِ چیز  اِستعمال کَران۔
1214,گولیٚن ہِنٛدِ نِشانہٕ چھِ وٕنیُک تانہِ  لَبن تہٕ نَکھٕ تلہٕ چین  عمارتن پیٚٹھ موجود ۔
1215,یہِ چھٗ انگریزی یس  منٛز تہٕ چھٗ oo سٕتہِ لیكھنہٕ یوان  یتھہٕ كٕنہِ بوُٹس منز چھٗ ۔
1216,اگر کانہہ شراب چینہ یا پانس نش تھونہ باپت گرفتاری سپدِ، تٔمِس یِیہِ ترٛین ؤرۍ یَن ہُند قید  یا لورِشلکھ سزا دنہ۔ 
1217,مٗلٲذِمو٘  ووٚن ز زیٛادٕ تر لڑکہٕ ٲسہِ چڈایہِ كھسان   ییٚلہ طوُفان آیہِ ۔ 
1218,2021ہس تام چِھ اتھ جھیٖلس منٛز دنیاہک ساروٕے کھۄتہٕ بوٚڑ سپیل وے۔
1219,"ترائی چھُ أکِس پتلہٕ پچِہ منٛز بھابھرَس متوازی پکان۔
"
1220,متھون چکرورتی ین کوٚر اتھ فلمہ منٛز معاونک کردار ادا۔
1221,باسٹوس گزریو 23 نومبر 2020 ہس منٛز کاسکیس، پرتگالس منٛز، 91 وہر۔
1222,پنٛنٮ۪ن گرکٮ۪ن سۭتۍ زیٛادٕ وقت گزارنہٕ خٲطرٕ گوٚو سہ باسکیٹ بال نش 2000 سس منٛز سبکدوش۔ 
1223,"نیبرٕ آرڈر کرنہٕ بدلہٕ أنِو پرٛٮ۪تھ دۄہ کامہِ پیٹھ  پَنٕنہِ کافی تہٕ دُپہرُک کھٮ۪ن/كینژھا ۔
"
1224,معاشیاتس منز پزٕ تبدیلی ہنز قدر ، کسٹمر ویلیو ، یا پروڈیوسر ویلیو منز اضافہٕ کرن ۔
1225,انڈونیشیاہس منٛز چھِ ہندوستٲنہِ انڈونیشیٲیی  ہیندِ لوُکھ ہولی بطور رنگن ہٗنٛد تیوہار مناوان ۔
1226,آسہٕ  دۄشوٕنی ہنٛد دل گژھِن یکجا  تہٕ اکوٹہ  دڈكِن ۔
1227,فلمہ ہنٛز ہدایت کٲری چھےٚ راکیش اوم پرکاش مہراہن کٔرمٕژ، تہٕ اتھ منٛز چھ فرحان اختر ٹایٹل رولس منٛز، یتھ منٛز سونم کپور، میشا شفیع تہٕ دیویا دتہ زنانہٕ مرکزی کردارس منٛز چھ۔
1228,یمن ہنٛد ناو چھ 16 مہٕ صدی ہنٛد اطالوی اناٹومیسٹ گیبریئل فیلوپیو کس ناوس پیٹھ تھونہٕ آمت۔
1229,أمہِ  کوٚر مِس کیٚنَڈا خٕطاب حٲصِل تہٕ بیٚیہِ وٲژ مِس یوُنِورس تقریبہِ ہندِس فاینلس تام ، تہٕ  ٲس مٗكلكٕچہِ نٗمایندگی كرن واجینہِ گوڈنِچ  ہِندوستٲنہِ زنانہٕ ۔ 
1230,"یہِ دور چھُ تٲریٖخ دان ہندستانُک سۄنہرِی دور مانان۔
"
1231,زیادٕ تر ایس ٹی آٮٔی چھِ قٲبل علاج تہ ٹھیٖک گژھن وٲلۍ ۔ سارِوٕے کھۄتہٕ عام انفیٚکشنن منٛزٕ چھُنہٕ سیفلس، گونوریا، کلیمیٖڈیا، تہٕ ٹرائیکومونیاسس قٲبلہِ علاج، ییٚلہِ زن ایچ آٮٔی وی/ایڈز چھُنہٕ ٹھیٖک گژھان۔
1232,یہِ کٔرِو تُہۍ بِلکُل تِتھے پٲٹھۍ یِتھۍ پٲٹھۍ  تُہۍ بدل مُتبادلو بغٲر آڈر ٲسِو  کران۔
1233,بلک گٲی 85 وٕری ہٕنٛز عمرس منٛز انگلینڈ کس باتھ، سومرسٹس منٛز مٔت۔
1234,واریاہ لُکھ چِھ سابقہ برطانوی کالونین منٛز روزنہٕ خٲطرٕ انگلینڈ ترٛاوان ۔
1235,تمو گِندۍ ایف ٹی ایکس ایریناہس منٛز پننۍ گریلو کھیل تہٕ زینِکھ ترٛےٚ چیمپین شپ۔
1236,أچھ  گاش چہِ خرٲبی مقابلہ کرنہ باپت چھُ  تکنیٖکی مہارت والیٛن چیزن ہُنٛد اکھ وسیع قسم دستِیاب۔
1237,بینیٹ، اِیووا بینیٹ چُھ امریکہ ہس منز  اِیوواہٗك  اکھ شہر۔
1238,یہٕ چُھ اکھ مسلہٕ تِکیازِ یِم خلیہٕ چِھ آفتاب چہِ روشنی نِش بچاوان۔
1239,اونٹن ہنٛز لڑاۍ ٲسۍ قدیم ترک قبٲئلو 1000 وٕرۍ برونٛہہ شروع کٔرمٕژ ۔
1240,ییٚلہِ تان  بندش  کٮ۪ن حرفَن منٛز گٮ۪ونہٕ چھِ یِوان یِمَن چھٗ بول تان ونان۔
1241,شاہ عالم دوم كھو٘ت پتہٕ  الہ آباد کُن پتھ تہٕ روُد   1761 پیٹھہٕ  1764 تام  اودھ کِس نواب شجاع الدولہ سندِس حفاظتس منز ۔
1242,مشرقی افریقی ساحلس تہٕ جنوبی عربس پیٹھ چھ روپیہ ۔
1243,زنٛگن منٛز ہیكن ورمہٕ دار رگہٕ  اوویرِین وین رِفلیكس  کہ وجہ سۭتہِ  ٲسِتھ ۔
1244,اسقاط حمل تہٕ مانع حملس متعلق یِمن ہٕنٛدِ خیالات یتھ پٲٹھۍ مختلف معاملاتن پٮ۪ٹھ یِمن ہٕنٛدِ تعرید کرنہٕ آمٕتۍ تہٕ یِمن پٮ۪ٹھ سپُد تنقید تہٕ مرنس پٮ۪ٹھ یہنٛدِ خیالات خراب آسنہٕ کِنۍ سپُد تنقید۔ 
1245,مےٚ چھ حٲرتھ ز کٲتیاہ لوٗکھ چھ یمن نہٕ مرکب سودچ بنیٲدی زان تہ چھ۔
1246,شُرین ہٕنٛدِ جنسی استحصالہ کِہ روک تھامٔک پروگرام اوس  امریٖکَہَس مَنٛز 1970 چِہ دہٲیی دوران تیار کرنہٕ آمت تہٕ دَراصل ٲسۍ بَچَن دِنہٕ آمِت ۔  
1247,"روزن فِیلڈ گزریٛوو 24 جولایی 2020 ہس منٛز سینٹیاگوس منٛز 77 وہر، شوٗشہٕ کہ کینسر سۭتۍ۔
"
1248,اتھ بِلہ میول صدر سنز منظوری تہٕ آیہ 1 مارچ 2014 منز  گزٹس منز شایع کرنہٕ۔
1249,ساریکا چِھ وَنان تمہِ  دِتہِ جانیَ یس پۄنٛسہٕ مگر مُکیش چھُ تمہِ سُند   یقین کرنس اِنكار كران ۔ 
1250,اپریل 2019. ہس منٛز غٲب گَژھنہٕ برٛونٛہہ اوس پینٹِک لیکس ایٚنٹرٛنس کِس گِپس لینٛڈ قصبس منٛز روزان۔
1251,ییلِہ تُہۍ یِہ واپس کٔڑیوُن ، بۄنہٕ کَنہِ دِنہ آمتِہِ مطٲبق کٔرِیو چِھٹِہ نظرِ ثٲنی۔  
1252,سخت مٗجرم آسنہٕ کِنہِ چھِ یِم ترٛے٘  لڑکہٕ امہِ سٕنٛزِ سرگرمی ہٗنٛد مرکز بنان۔
1253,"یہِ چُھ عام طور تیٚلہِ سپدان ییٚلہِ ہاكی لورِ دَبہٕ سۭتہِ  خون یِیہِ۔ 
"
1254,اکھ اشنکٹبندیی طوٗفان چھٗ پارکہ کٗن گژھان، تہٕ امہِ سٕتہِ چھُ روُد  لاگان ۔
1255,ہنٛدستانٕکۍ پٲٹھۍ چھ مختٔلف ملکن منٛز امہ کھیل ہٕنٛز شناخت مختٔلف طریٖقو کرنہٕ یوان، مگر امہ کھیلہ ہنٛد جذبہٕ چھ ہیُوے روزان۔
1256,تِمَن ٲس اَمِہ دورٕ کیٚن أکِس یا زیادٕ اہم ہتھیارن منٛز مہارت حٲصل یتھ منٛز نیز (ویل)، تلوار (وال)، ڈھال (کیدہم)، تہٕ کمان تہٕ تیر (وِل امبو) شٲمل چِھ۔
1257,سوٗ ووٚتھ 2000 تہٕ 2011 ہس منٛز دۄیہ لٹہ پیرو کِس صدر سٕنٛدِس  انتخابس منٛز۔
1258,وۄنِہ گو٘ ، ہیندِٮ۪و کٕرِ  ہمالیاہس منز درٕ بند تہٕ واپس یینہٕ چہِ وتہٕ كریكھ  بنٛد ۔
1259,مرکٔزی دٲخلہٕ سیٚکریٹرٛیَن چُھ رِیٲستی حُکامن ووٚنمُت زِ تِم ونن مالیگاوں ہس منٛز مُقٲمی سربَراہن سٕتہِ کَتھ باتھ كرِتھ تِمن  اَتہِ اَمن برقَرار تھاونہٕ خٲطرٕ مَدد دِیوٗن ۔ 
1260,"سہ پلیٛوو پنٛنس مٲلس ماجہ سۭتۍ چینی بندرگاہ شہر تیانجنس منٛز۔
"
1261,تۄپتہٕ اگر کھلاڑیو تقریٖبن ہٕنٛدۍ قٲیدٕ قانونَن ہٕنٛز خلاف ورزی کٔر، تیٚلہِ چھِ یِم مقابلہٕ منزٕ  یِوان کڑنہٕ تہٕ یِمن ہٕنٛدۍ نشانہٕ چھِ یِوان مِٹاونہٕ۔
1262,دٚویمین لفظن منز، اکھ کمپنی چھ بہتر کارکردگی سۭتۍ بچتس ملٲزمن سۭتۍ بٲگراوان۔
1263,پیلگروم چُھ وٲحد مصنِف ییٚمۍ ترٛیٚیہ لٹہ گاؤڈن گریفل ایوارڈ حٲصل کوٚر ۔
1264,آرسیلر متلن چھ 10 بلین ڈالرٕ کس بیٚیہ أکس میگا سٹیل پروجیکٹس منٛز سرمایہ کٲری کرنہٕ کین منصوبن ہند تہ اعلان کوٚرمت۔
1265,کولِن فیرل ، رابرٹ ڈٗوال ، پال ہرمین تہٕ جیک نیشن تہ چھِ اداکار ۔
1266,1 اکتوٗبر 2011 بنیوو کیرالہ ملکس منٛز گۄڈنچ ریاست یتہِ پرٛیتھ گامس منٛز کم از کم اکھ بینکنگ سہولت چھےٚ۔
1267,"یوٗنیورسٹی کَرِ رۄطبہٕ ًداوِمژِ   گیانی زیل سنگھ پنجاب ٹیکنیکل یونیورسٹی کیمپس پٮ۪ٹھٕہ کٲم ۔
"
1268,شُمٲلی ہِنٛدُستان کین  وریاہَن  حِصَن ہِنٛدِ پٲٮ۪ٹھِ ، چِٗھ  دٗدھواہَس مَنٛزاِنتِہٲیی اودٗر نیم اسطوٲیی گرم آب ہوا یتھ سٕتہِ خوشك وندٕ ہِیوٗ موسم چھٗ ۔
1269,امہ قٕسمٕہٕ كین فوری علاماتن چھٗ  ایٚنٹی ہسٹامائنو ، اِپینفِراین  تہٕ ایر وے سپورٹہٕ سٕتہِ یلاج كرنہٕ یوان ۔ 
1270,نیو گنی منٛز، گوٚو قبٕل از تاریخک اختتام واریاہ پتہٕ، تقریباً 1900 منٛز۔
1271,تسٹمٗك اوس سیٚٹھا دَباو تہٕ سون گول اوس  یِہِنٛدِس رحم كرمس پیٹھ ۔ 
1272,امہِ خٕطُک زیادٕ تر حصہٕ اوس سکھ سلطنت، یتھ پٮ۪ٹھ رنجیت سنگھَن 1839 ہَس مَنٛز پننِس مرنَس تام حکوٗمَت کٔر۔
1273,یہ آو اکہ دۄہ پتہٕ 10 نومبر یورپس منز شروع کرنہٕ ۔
1274,یٗتھٗیہ پٲتھٕر پكان گو٘  اداکار-رقاص گیہ  اتھ لیمپَس أنٛدِ اندِ  جمع  تاکہ سامعین ہیٛکن ٗچھِتھ زِ تِم کیا چِھ اظہار کران۔
1275,پرمارا بادشاہ بھوجا اوس اکھ مشہور واریاہ گیٲنی نفر۔
1276,وینوم ہیو٘ك  نہٕ أمس ورٲیہ چلِتھ  تہٕ تمو ترٛوو 1993 منٛز گیوٗن  ۔
1277,ہیکنگن گِنٛدِ پنٕنہِ زیادٕتر  پیشہٕ ورانہٕ زِندگی  ہندِ  میچ 2  منٛز۔
1278,انشولس چھ اکھ لۄکُٹ بوے آکاش ییٚمہِ سند کردار ادھیان سمن ادا کران چھُ ، یُس انشولس سۭتہِ واریاہ جُڈِتھ  آسان چھُ ۔
1279,تٔمۍ کٔر 2011 ہس منٛز آیی پی سی الپاین سکینگ ورلڈ چیمپین شپس منٛز نکولس بیریجنی یس سۭتۍ سکی۔
1280,ایورا کین کینژنلوکن ہنٛد خیال اوس زِ بحری جہاز چِھ درحقیقت روح ۔
1281,1994 منٛز بنیوو سوئٹزر ڈلاس کاؤبایزک خٲطرٕ کوچ ۔
1282,اگستٕچہِ گۄڈنِچہِ ژٔنٛدر وارِ چُھ تووالوٗ ہس منٛز بَچن ہُنٛد قومی دۄہ آسان۔  
1283,باقیہ آیہِ  کوانٹیکو، ورجینیاہس منز ایف بی آی اکیڈمی منز تھاونہٕ ۔
1284,تقریباً 3 میٹر سرٛنیرَس سۭتۍ چھُ روپ کنڈ جیل کِس بٔٹھِس پیٹھ لبنہٕ یِنہٕ وٲلۍ ہتہٕ بٔدین قدیم انسٲنی کرینزو  بٔڑِس پیمانَس پیٹھ  موجود آسنہ باپت زاننہٕ یِوان۔
1285,"ییٚلہِ زَن پلمبر عمومن گٲنٛٹہٕ حساب معاوضہٕ  چِھنہٕ نِوان، تو٘ہہِ  کٔرِیو عام طور  تُہنٛدِس گَرَس منٛز پرٛٮ۪تھ گٲنٛٹہ چِہ کامِہ خٲطرٕ 45 پٮ۪ٹھٕ 200 امریكی  ڈالرَن ہٗند  رقم ادا۔
"
1286,یمن لوکن سٹروک چُھنہٕ گژھان تِمن تہِ ہیٚکہ سٹروک آسنُک  غلط تشخیص تِہ گٔژِھتھ۔
1287,"سوازی لینڈَس منٛز  انسٲنی حقوقٕن باپت  منصوٗبہ بنٛد مُظٲہرَن برٛونٛہہ لَگ بَگ 50 نفر گرفتار کٔرمٕتہِ ۔
"
1288,کنہ ساتہٕ چھ کیریٹسو کس وسطس منٛز اکھ بینک آسان ۔
1289,رٮ۪تہٕ کالہِ چھ ریاستس منٛز طوفٲنی ہوا، طوفانی لہرٕ، طوفان ہشہ رُودٕ شرانیہ، منزۍ منزۍ خشک سٲلی، تہ  سمندر کس سطحس منز  ہُریر۔
1290,اكِس گگرایہ طوفانس  دوران، پیوٚو اكھ بۄڈ كٗل وٕسۍ  میانۍ مكانہٕ نِشہِ اكھ رژھ  ڈلِتھ  تہٕ بہٕ گوس سیٹھاہ خوفزدٕ ۔
1291,"یہٕ اوس سنیڈر، ڈیوڈ ایس گویر تہٕ کرسٹوفر نولانن لیوٗکھمت۔
"
1292,بنڈس ورسملنگچ وٲحد کٲم چِھ وفٲقی صدر سنٛد انتخاب کرن۔
1293,"انڈونیشین علماء کونسلَن کوٚر 2009 وُک فتویٰ نافذ یَتھ منٛز یوگا ہس پٮ۪ٹھ پابندی کرنہ آیہِ تِکیازِ اَتھ منٛز چھِ ہیندۍ عنصر۔
"
1294,"یٗس گۄڈٕنِیوٗك  امریکی فٹ بال گیم چھے٘ ماننہٕ یِوان سو٘  آیِہ 6 نومبر 1869 تھس منٛز دۄن کالج ٹیمَن رٹگرز تہٕ پرنسٹنس درمیان گِنٛدنہٕ۔
"
1295,تٔمہِ  کوٚر ستاراہس منز یوتیشور چھاونی پیٹھ یلغار تہٕ دِتٗن تارا بھایی ہندِس فوجس شِكست ۔ 
1296,غٲر مٗلکی باشندٕ چھِ ہمیشہٕ  حٲران گژھان ییلہِ تَم پریتھ اندٕ كٗنہِ حٲدِشہٕ ورٲیی ٹریفک افراتفری منٛز پكان  وٗچھان چھِ ۔
1297,سُہٕ گوو جرسی، چینل آئلینڈس منٛز پننس گھرس منٛز برونکپیمونیاہس سۭتۍ۔
1298,ہِنٛدُستان اوس امہِ وِزِ فنٛ، دستہٕ کٲری تہٕ فنہِ تٲمیرٗك اَکھ بہترین  مرکز، تہٕ دُنیِاہِکہِ کینٛہہ بہتٔریٖن  مٲہِرِ فن تٲمیر، کٲرۍگَر، دَستکار، مصَوِر تہٕ  لِکھٲرۍ ٲسہِ شاہ جَہان سندِس سلطَنتس منٛز روزان۔
1299,"غزہ آو 1967 ٹھس منٛز تمہِ وقتہٕ بناونہٕ ییلہٕ اسرایٖلَن یہوُدِ برادری  تہٕ فوج غزہس منٛز ژون ۔
"
1300,تہوارک  ترییِم دۄہ چھُ مٹو پونگل۔
1301,تٔمِس چھُ اکھ دوست یاد پیٛوان یُس پننہِ مرضی مطابِق کیجہ  قابو  اوس ہیکان کٔرِتھ۔
1302,پنن سٲری پونسہٕ ہارنہٕ پتہٕ کٔر تٔمہِ نفرن وۄمیز ہندِ زٕژِ باپت  جدوجہد۔
1303,پی ایچ پی یس سۭتۍ پروگرام کرنہٕ آمژ ویب سایٹہ منٛز  پیج آسان یِم پاس ورڈ سٕتہِ محفوُض آسان چھِ ۔ 
1304,بیہ اكہِ  مقبوُل  تامِل ناول نگار سانڈلیاہن لیٚچھہِ 1960 کِس دٔہلِس منٛز کدال پوٗرا۔
1305,تمو کوٚر واریاہ گیت ریکارڈ یمن منٛز گانا تہٕ وایلن اوس برابر اہمیتک حامل۔
1306,اوٹر میڈیا ۔ اوٹر میڈیا ہولڈِنگز، ایل ایل سی چِھ اکھ امریکی ڈیجیٹل میڈیا کمپنی۔
1307,۔2003–04 رس منٛز کٔر ہیکنگَن ڈی ایف بی پوکل سیمی فائنلس منٛز وی ایف بی لوبیکٕچ رہنمٲیی۔
1308,ویتنامس منز سونٛتہ کالہ  امہ روایتی فصل لونن  تقریبچ  صداقت چھےٚ اکھ فرحت بخش حیرٲنی۔
1309,پہاڑن منٛز دٲخل گژھن وٲلۍ گوڈنِکۍ یورپی ٲسۍ 1832 منٛز کیپٹن جینکنز تہٕ پیمبرٹن۔
1310,أمہِ  سٕنٛز تازٕ تٔریٖن آسٲمہِ  فِلِم چھےٚ أنوٗرادھا، ییٚمِوٗك  ہِدایت کار راکیش شرماچھٗ ۔
1311,یہ چھ عام وزجارٕ نِشہِ  مختٔلف یٗس كولڈ یوُرٹِكارا   ورٲیہ لوُکن منٛز وٗچھنہٕ یِتھ ہیكہِ ۔ 
1312,سہ چھ ونکیٚنس سپر گروپ Destroy Rebuild Until God Shows خٲطرٕ مرکزی گلوکار ۔
1313,"لال جی چھُ ڈولہِ منٛز تھاونہٕ یوان  تہٕ  یتھ سۭتہِ گٮ۪وان تہٕ نژَان  عقیدت مند آسان چھِ ۔
"
1314,اونگر ریلوے پریزرویشن سوسایٹی تہِ کٔر یہٕ لٲن ہٮ۪نٕچ پیشکش۔
1315,"برنس، یُس ہڑپاہس منٛز تہٕ رُکوٚو، کوٚر امہِ جایہِ ہٕنٛزِ قٔدیٖم چنایہِ منٛز استعمال گژھن واجیٚنۍ پٔکِتھ سیریٚن ہُنٛد ذِکر مگر مقٲمی آبٲدی ہٕنٛدِ طرفہٕ یِمن سیریٚن ہٕنٛز بے ترتیبی سان لوٹ مار تہِ کٔر۔
"
1316,راماینَس منٛز ییٚلہِ رام تہٕ سیتا ایودھیا واپس آے، لوٗکَو منٲو دیوالی، تہٕ اَمہِ کہِ شیٚمہِ دۄہ گوٚو رام راجیہ قٲیِم۔
1317,زیادٕ تر سائپریوٹ امریکی چِھ یا تہٕ مشرقی عیسائی یا سنی مسلمان ۔
1318, مثالہ پٲٹھۍ، تُہۍ ہیٚکو ہمیشہ خریدٲری گژھنہٕ اکھ دۄہہ برٛونٛہہ اِشتِہار وچھن ضروری زٲنتھ۔
1319,سٹار چھ ویسٹرن کانفرنس فاینلس منٛز ڈیٹرایٹ ریڈ ونگسس سۭتۍ مقابلہٕ کرنہٕ خٲطرٕ برٛۄنہہ پکان۔
1320,برٹوگنی برٹوگنی چُھ بیلجیٲیی  صوبس منز لکزمبرگٗك  اکھ بلدِیٲتی ادارٕ ۔
1321,سہ اوس 2018 پؠٹھٕ 2020 ہس تام ہاکی کلب ڈنامو منسکک سربراہ۔
1322,1975 ؤری، ییٚلہِ کالی کٹَس منٛز تیوہارٕچ میزبٲنی کرنہٕ  آیہِ ، اوس سکوٗل کالولساوم  کِس تٲریخَس منٛز اکھ اہم موڑ ۔
1323,کمپنی چِھ  روزانہٕ 200،000 کھوتہٕ زیادٕ نٔوِ صٲرف رجسٹریشن حٲصل کرنٗك دعوا كران ۔ ۔
1324,"ریاستس منٛز چھِ ،1972 تھس منٛز پننہِ قیام پتہٕ وُنیُک تام 23 ریاستی حکومتہٕ آمژٕ ، یِمَن ہِنٛد  اَوسَط دور  18 رٮ۪تو کھوتہٕ تہِ کم اوس ۔
"
1325,لندن تہٕ مرسی سایڈَس منٛز افواہَو چھُ فٹ بال مینجمنٹ سیریز چیمپئن شپ منیجر بناون وٲلۍ پال تہٕ اولیور کولیئرَس پریمیئر شپ فٹ بال ٹیم ایورٹنَس باپتھ مُمکنہٕ بولی سۭتۍ جوڑمُت۔
1326,"سُہٕ زاو ہیورڈ، کیلیفورنیاہس منز ، تہٕ گُزریو سین ڈیاگو، کیلیفورنیاہس منز۔
"
1327,دکاندارو وٲلہِ خوفہٕ سٕتہِ  شٹر  ییٚلہ سیٲسی رہنما موٗد تہٕ أمہِ سٕنٛدیو گٗنٛڈو  تمن دباو تروو۔
1328, انسان دوست کوششو باپت آو  ہاسنس 2004 منز  گۄڈنِیک   ابراہم کوور نیشنل ایواڈ دِنہٕ ۔
1329,"عیسیٰ ہن تُل پنٕن صلیب (سائرین کِس  سائمن سٕندِ مدتہٕ سٕتہِ) پھان٘سہِ ہنزِ جایہِ تام ،یتھ "" كلہٕ کھوپرِ ہنز جاے""، یا عبرانی پٲٹھِ “گولگوتھا“ تہٕ لاطینی ہس منز  ""کلویری"" ونان چھِ ۔ "
1330,تاہم، مقٲمی طور چھ ؤری شین روایتی موسمن منٛز تقسیم کرنہٕ آمت: گرشم، وہرات، شرت، ہیمنت، شیت تہٕ بسانت۔
1331,لوٗکھ چھِ یہِ دۄہ لیٚدُر (سفید) لٲگِتھ ، مۄدٕرِ ضیافتہٕ كھیتھ تہٕ  گَرَن منٛز لیٚدٕرِ پوش ہٲوِتھ مناوان ۔
1332,"موہنا تہٕ نیلی چھ یہٕ زاننہٕ پتہٕ غصہٕ منٛز تہٕ املاکی واپس حٲصل کرنہٕ خاطرٕ عہد کران۔

"
1333,دریایہ سیرٹ چھ شمال طرفہٕ مالڈویا کہ جنوبہٕ کنۍ وسان۔
1334,یہ ونن چھ مشکل ز معلومات چھا صحیٖح کنہ غلط۔
1335,کینژن سٹورن منٛز ہیکن گلیارٕ منطقی طور ترتیب دنہٕ یتھ ییٚلہ زن باقین منز تہۍ ترتیب وار حسابس منز چیز ژھانڈنہٕ خٲطرٕ کینژس کالس فہرستس اندۍ اندۍ ژھانڈان چھوٕ۔
1336,"گریٹر نوئیڈاہس منز بُدھ انٹرنیشنل سرکیٹ، یُس دلہِ ہند اکھ مضافاتی علاقہٕ چھٗ ، اوسبرونہہ  فارموُلا 1 انڈین گرینڈ پریکسٕچ میزبٲنی کٔران ۔۔
"
1337,كٕنہِ ہٗند  اَکھ نٔموٗنہٕ چُھ گَوا یُنوَرسِٹی منٛز نُمٲیش خٲطرٕ تھاونہٕ آمُت۔
1338,بالاجی تہٕ تمۍ سٕنٛدیو اولادو کوٚر مراٹھا حکوٗمتس وسعت دنس منٛز اہم کردار ادا۔
1339,حکوٗمتہِ ہِندن کٕر  1992 تھس منٛز ساروِی کھۄتہٕ بٔڑٕ شہری  ایوارڈ  بھارت رتنسٕتہِ یزتھ افضٲیی ۔
1340,باقیہ  گروُپ سی ٹیم چِھ کوریا گِندِ ریپبلک سعودی عربس سۭتۍ ، یُس چین-ملیشیا کھیلہٕ پتہٕ ژو٘وُہہِ گٲنٛٹہٕ پتہٕ اتھہِ سٹیڈیمس منٛز گنٛدِ ۔
1341,مےٚ چھُ پننہ ورزش کرنہٕ پتہٕ سٲرۍسٕے دۄہس پان طاقت ور تہٕ خۄش باسان۔
1342,"عیسایی ثقافتن منٛز چھ کنہ ساتہٕ امیک مطلب یہ ز شرۍ چھنہٕ جنسس متعلق زانان۔
"
1343,مزید اینٹی پیراسائٹِک تھراپی سۭتۍ چھنہٕ کانٛہہ تہِ فأئدٕ۔
1344,کینٛہہ انجینیرنگ ادارٕ چھ طالب علمن جواینٛٹ اینٹرٛنس امتحان کہ ذریعہ درج کران۔
1345,زخم کس ایپسلیٹرل سائڈس پیٹھ چُھ جسمس موٹر فنکشن، پروپریوسیپشن، تہٕ تھرتھر تہٕ زیرِ ہُنٛداحساس راوان۔
1346,لاگہِ ہٗند  خطرٕ کم کرنہٕ خٲطرٕ چُھ عوٲمی جاین منٛز بٕتھیُک ماسٕک یا تھو٘پ تھوںٖك   اِستعمال کرنُک مشوَرٕ دِنہٕ آمُت۔ 
1347,سۄ گٗزریٚیہِ 1 ستمبر 2020 بٮ۪مارِ سۭتہِ 50 ورِش ۔ 
1348,خانٛدرٕ  دۄہ صُبحس چھُ سمیر پٗلیسس وضاحت كران زِ کیٛاہ سپُد مگر پُلیس چھٗ تمہِ  سٕنٛدس مٲلس سمکھنس پیٹھ اصرار کران ۔
1349,بس ٲسٕکھ پتہٕ کوچ کمپنی ذریعہٕ ڈُبلِن ہیوسٹن ریلوے سٹیشنَس پیٹھ تھٲومٕژ، ییٚتیتھ ڈرایورن  ڈولوے ہٕنٛدِس مٲلکہٕ سٕنٛدِس نیٚچوِس پیٹھ کھالنٕچ کوشش کٔر۔
1350,ہندوستان کِس پوٗرٕ ساحلس پیٹھ اوس غٲر قانوٗنی پٲٹھۍ نون کننہ یِوان ۔
1351,درینگباڈی چھُ کندھ مال ضلعُک اکھ پہاڑی مقام ۔
1352,"1,070-2، 290 میٹر کس تھزرس پیٹھ واقع علاقن منٛز چھ سارۍوٕے کھوتہٕ زیٛادٕ روٗد پٮ۪وان، یس 2,290 میٹر کھوتہٕ زیادٕ تھزرس پیٹھ تیزی سان کم گژھان چھ۔"
1353,فیلوشپ منٛذ ہٮ۪کَن اکہ وِزِ صرف 50 ممبر ٲسِتھ ۔
1354,ییلہٕ مرد تہٕ زنانہٕ اکوٹہٕ سونا استعمال  کرن تیلہٕ چھ  اكشر زیادٕ سوِم سوُٹ  لگاونہٕ یوان۔
1355,"سیپک ٹاکرا اوس سکوٗلَو یوٗتاہ اصل پٲٹھۍ قبول کوٚرمُت زِ یہِ بَنیٛوو پوٗرٕ مُلکَس منٛز یہِ کھیل متعارف کرنہ، فروغ دِنہٕ تہٕ منظم کرنس منٛز مدد کرنہٕ باپت اے ایس ای سی کِس مینڈیٹُک حصہٕ۔
"
1356,10 مہِ صٔدی تام ٲسۍ یِم ہتہٕ والٮ۪ن نظامن منٛز تبدیل گٔمٕتۍ۔
1357,"تمۍ ٲس 250 کھۄتہٕ زِیٛادٕ فلمَن منٛز اداکٲری کٔرمٕژ، یِمَن منز ملیالم، تامل، کنڑ، تہٕ تیلگو فلمہٕ  شٲمِل چھےٚ، تہٕ یہِ اوس پنِنہِ مزاحیہ کردارَو تہٕ وِلَن کِردارَو باپت مشہور۔
"
1358,أکِس تھیٹر گروپَس سۭتہِ  کینٛہہ وقت گُزارنہٕ پتہٕ کوٚر تٔمہِ  تفریٖحس پیشہٕ بناونُک فٲصلہٕ۔
1359,مارچ 2017 منٛز کوٚر ڈبلیو ایچ اوَن برازیٖلَس منٛز ایمرجنسی ذخیرٕ سۭتۍ 3.5 ملین خوراکَن سۭتۍ ویکسِنیشن مُہِم شُروٗع۔
1360,کیا ژٕ ہیککھٕ مہربٲنی کٔرتھ مریضن باپت دستیاب سہولیاتن ہٕنٛز وضاحت کٔرتھ؟ بہٕ چھس یژھان یہ یقینی بناون ز صحت مرکزس منز آسن میانہِ آرام خٲطرٕ تمام ضروری سہولیات۔
1361,1967 منز كو٘ر سوتنترا پارٹی جن سنگھس سٕتۍ اتھہٕ واس،  یمِچ قیادت بھیرو سِنگھ شیكھاوت كران اوس ۔
1362,"خواب ٲس گۄڈٕ اکتوبر 2012 ہَس منٛز ریلیز گژھَن واجینہِ ۔ وونہِ گوو ، یہِ آیِہ پتہٕ 9 مئی 2014 تام مُلتوی كرنہٕ ۔
"
1363,اکھ نوٚو ایل ایل سی کھہہ سۭتۍ درج کرُن چھُ نامناسب تِکیازِ تُہنٛد آجر شناختی نمبر تہٕ کاروبٲری کریڈٹ ہسٹری گژھِ ضایہِ۔
1364,جج چھُ پولیسس جولی سٕنٛدِ خٲطرٕ اکھ باڈی گارڈ فراہم کرنُک حکم دِوان ییٚلہ تمس راجپال سٕنٛدِ معاون  حملہٕ کران چھِ ۔
1365,"شوٗٹنٛگ ہنٛد بیٛاکھ شیڈول گوٚو میے 2014 کس شروٗعاتس منٛز موریشسس منٛز شروٗع۔
"
1366,"رامہٕ ہوٗنۍ چھ کل 4,040 گٲنٛٹہٕ خلاہس منٛز لاگ ان کوٚرمت ۔"
1367,کپتان سونیاسو میاموٹو اوس شاندار باسان ییٚلہ زَن گول کیپر یوشیکاٹسو کاواگوچی ہن کٔر آسٹریلوی کپتان مارک وڈوکا ہس خلاف اہم بچاو كٕرِ -یَتھ منٛز گۄڈنکِس ہافس منٛز دۄگنہٕ بچاو  شٲمل اوس۔
1368,"ڈے نہِ زِندگی پیٹھ اکھ دستاویزی فِلِم جبنر جلساگھور ٲس 2008 منز ریلیز گمٕژ۔
"
1369,بجران گڑھ قلعہ  چھٗ بھارتی ریاست مدھیہ پردیش کِس ضلع گٗنا کِس  بجران گڑھ گامس منز  واقع ۔
1370,"وضاحت کٔرِو زِ کیٛاہ گوٚو تہٕ صورتِحال کِتھ کٔنۍ آیہِ سنٛبالنہٕ۔
"
1371,جٔنوٗبی تایوانس منٛز نی سٔہلابن زٕ زنانہٕ ڈٔہِتھ۔ 
1372,"سُوٛ گوو 8 وٕری ہٕنٛدس عمرس منٛز شعر لیکھنہٕ تہٕ گیٹار بجاناں شروع۔

"
1373,فلمہ کوٚر سنگل سکرین تھیٹرن منٛز تہ اصٕل کارکردگی ہنٛد مظٲہرٕ یتھ منٛز لگاتار دۄن ؤرین ہٕنٛز کاروبارس منٛز گراوٹ پتہٕ نوٹ بندی ہٕنٛز مشقہ سۭتۍ مٔزید اضافہٕ شٲمل اوس۔
1374,18 اگست 2020  بنیو کوشیاری گوا ہٗک گورنر تہِ۔
1375,یہِ آو حکوٗمت ہِنٛد طرفہٕ 2014 ہس منٛز مُتعارُف کرنہٕ۔
1376,یہِ آبشار چُھ وۄنہِ  1979  تھس منٛز قٲیِم کرنہٕ آمژٕ جنٛگلی زُو ذٲژن ہِنٛزِ چھپن جایہِ ہُنٛد اَکھ حِصہٕ تہٕ وۄنہِ  چُھ مَگرمَچھن تہٕ باقٕیہ  جانوَرن ہِنٛدِس شِکارس پیٚٹھ ٹھاک لگاونہٕ  آمُت۔ 
1377,ملکہٕ کٮ۪ن الگ الگ حصن منٛز اوس منظم تجارتی کارپوریشنو ذریعہ  واریاہپن تجارتی  چیٖزن  ہنٛز  تیز اندروُنی تجارت موُجوٗد ۔
1378,یتھے پٲٹھۍ ہیکِو تُہۍ یہِ جانکٲری تھایی لینڈ تہٕ ہندوستان ہوین  مُلکَنتہ بییہ یوٗرپی یوٗنین ملکو پیٹھٕ تہِ حٲصل کٔرِتھ۔
1379,کٗونس منز نژوٗن ژھایہ آكار چھٗ  تھرٕ تھٕرٕ وتھِمتِس بدنس بامبرِ لہر وُزناوان۔
1380,شیواجیٚن سوُز  پرتاپ راوس ناراضگی ہنز چِٹھہِ ، تہٕ کوٚرنس تو٘تام مٗلاقاتسر یوٚت تام نہٕ  بہلول خان بیٚیہِ رٹنہٕ  یی  ۔
1381,پنٛنِس بجٹَس پیٹھ روٗزِو قٲیِم، ادٕ یہ کوتاہ تہ مشکل باسہ گۄڈٕ۔
1382,عہدٕ تہٕ اعزاز چِھ پنُن پنُن مُقرر وقت مکمل گژھنٕکہ حسابہٕ ۔ 
1383,یہ اوس ساروی کھۄتہٕ اہم زیارت گاہن منٛز شمار  یا یتھ منٛز 50 پناہ گاہ شٲمل ٲسہِ ۔
1384,"جِنٛد ضِلعہٕ چُھ شُمٲلی ہِنٛدُستان چہ ہریانہ رِیاست کیو 22  ضِلعو منٛزٕ اَکھ۔
"
1385,تۄہہ چھٗ پنٗن قرضہٕ واپس ادا کرنٕچ ضٔروُرت، ترجیحاتن  پتہٕ كھو٘تہٕ جلد ۔
1386,گلک گوو نیو یارک سٹی منٛز جگرچ ناکامی سۭتۍ، 54 وٕری ہٕنٛز عمرس منٛز۔
1387,2009 ہس تام چھ کولڈ پلے ہن 55 ملین کھۄتہٕ زیٛادٕ رکارڈ کٕنِمٕتہِ ۔
1388,محمد شاہ تغلق سٕنٛدس دورِ حکومتس منٛز آسہٕ یِژھٕ بغاوتہٕ وارِیاہ عام ۔
1389,درہمس منٛز چھ زٕ یونیورسٹی ، ڈیوک تہٕ این سی سینٹرل ۔
1390,"مارٕچ 2017 ہَس منٛز آو ویمینس  بٔڑِ أنٛدرم كہِ  کینسرُک شروعٲتی قٕسٕم وٗچھنہٕ ۔
"
1391,آشاڈ نوراتری، یَتھ گُپت نوراتری تِہ ونان چِھ، چِھ مون سون موسم شروع گژھنس دوران آشاڈ (جوُن-جٗلائی) کس قمری ریتس منٛز مناونہٕ یوان۔
1392,وۄں گو سُہ چھُ مزید ونان زِ ییلہِ زن آسٹین سُند نثر تِم موضوع عامیت برونہہ پکنٲوِتھ ہیوک ، ناراینن یِیوک نہٕ تہِ کرِتھ ۔ 
1393,تیم سُند خاندر گو سان ڈیاگو منتقل ییلہٕ سُہٕ ٲس لۄکٹ۔
1394,نشہ آور چیزک غلط استعمال ہیٚکہ تہنٛدس صحتس خٲطرٕ نقصان دہ ٲستھ تہٕ بعض حالاتن منٛز ہیٚکہ جان لیوا تہ ٲستھ۔
1395,"1948 ہس منٛز کٔر أمۍ کٲم کرٕنۍ بنٛد تہٕ آو أکس کارٕبٲرۍ ضلعس منٛز تبدیٖل کرنہٕ۔
"
1396,جمہوریت چھ مٗلکس اندر تنازعہ کم کرنٗک اکھ طریقہٕ ۔
1397,اینابیتھ چِھ لبیرنٹس منٛز تلاشچ قیادت کران، تہٕ پننہٕ اکھ خواہشات پورٕ کران۔
1398,نشانہٕ بناوَن والین مُلکَن منٛز چھِ کیوبا، ایران، سوڈان، شام، افغانستان، لیبیا تہ سومالیہ شٲمِل۔
1399,9 اگست،2008، چھٗ 2008 اولمپک کھیلن ہٗنٛد نٗمایاں دۄہ، بۄنہٕ كٕنہِ  دنہٕ آمتِس مضموُنس منٛز چھٗ جھلكِین ہٗند فہرِست ۔ 
1400,سارِویہ کھوتہٕ اہم چھُ بُدھ بھوُشنم  یُس مرٲٹھۍ تہٕ سنسکرت پٲٹھۍ لیکھِتھ چھُ ، تہِ ترٚے بییہ کِتابہٕ  نایکا بھید ، سات ساتک تہٕ نکھشِکا چھِ ہِندوستٲنۍ زبانہِ منز ۔ 
1401,ستمبر 1966 منٛز گوو بی ایم سی جگوار کارز لمیٹڈس سۭتہِ  ضم۔
1402,یہ چھ گۄڈنچن فلمن منٛز بہتٔریٖن اداکارو منٛزٕ اکھ ونٛنہٕ یوان۔
1403,تمہِ وۄن زِ تس چھُنہٕ یاد زِ آرمی منٛز شٲمِل گژھنہٕ برٛونٛہہ ٲسا امہِ  کانٛہہ قابلِ ذِکر ہاکی گِنٛدمٕژ  یا نَہ، حالانکہ تمہِ وۄن زِسوٗ اوس کُنہِ کُنہِ ساتہٕ جھان٘سی منٛز پننٮ۪ن دوستن سۭتہِ گٲر رسمی پٲٹھہِ گِندان ۔ 
1404,ییٚلہ تم رٹنہٕ چھ یوان تم ہٮ۪کن 20 وری کھوتہٕ زیٛادٕ زنٛدٕ روٗزتھ۔
1405,"ہتھیارن ہنٛد ذخیرٕ کرن وول علاقہٕ چھ یتھ کٔنۍ بناونہٕ یوان ز بندوقہٕ چھ ""سٹرا ٹوکری سۭتۍ تہٕ اندٕ اندٕ چمکدار بیک لئٹ شیشہٕ کین کیسن"" سٔتۍ نیبر گژان۔"
1406,دُعاییہ ہٗك  دویم حصہٕ چھُ بچس زیٹھ زندٕگی كانچھان ۔
1407,یم چھ حیاتیاتی ہتھیارن ہنز کینٛہہ مثالہٕ یم پورٕ تاریخس منز استعمال گیۍ۔
1408,یمہ دلیلہ  چھےٚ مرزا صاحبن، ہیر رانجھا ، سوہنی ماہیوال، ساسسی پنون، جگا جٹ، دلّا بھٔٹی، پورن بھگت، جیونا مود بیتر ۔
1409,یہِ چھٗ  یقینی بناونہٕ خٲطرٕ زِ انجن روزن  زمینہِ پٮ۪ٹھہٕ تھوٚد ۔
1410,چانہ  غیر معمولی نازک مہارتس متعلق  تہٕ  سٲنہِ  کامہ منز تہندس دتس متعلق سوچتھ  چھُنہ مےٚ حیران گژھنہ ورٲے کانہہ چارہ  زِیہِ كوٗتاہ چلینج آسہِ  زِ اكھ مٗتبٲدِل یہِ لبنہٕ یٗس آرام سان ٹیم كِس حركیاتس سٕتۍہشر تھاوان آسہ ۔ 
1411,مثللے، اگر توہہہِ پٲن٘سہٕ بچاونہٕ خٲطرٕ  کامہِ  باپت سایکلس پیٹھ گژھان چھِو تہٕ تٗہٗند سایكل گژھہِ خراب ، تو٘ہہہِ كیاہ كرِیو ؟
1412,یہ چھ شمالس منٛز کاراکورم بالہٕ سلسلس منٛز سیاچن گلیشیر پیٹھٕ جنوبس منٛز اہم عظیم ہمالیاہن تام پھٕہلتھ۔
1413,ہیکی کوٚر 1979 منٛز پننہٕ حمل کہ وجہ سۭتۍ گروپہٕ ترک۔
1414,اکتوبر 2021 ہس منٛز کوٚر صدر بائیڈنن روزنورسلس مستقل ایف سی سی سربراہ نامزد۔
1415,اتھ خطسس منٛز ٲسہِ کیلواڈوس، منچے تہٕ اورنے محکمہٕ۔
1416,ایچ ٹی سی ایچ ٹی سی کارپوریشن چھِ تائیوانس منٛز سمارٹ فون بناون واجینہِ  ۔
1417,ییٚلہِ یہ استعمال کرنہٕ خٲطرٕ تیار چُھ آسان، یہِ چُھ اكھ گیس آسان۔
1418,امپھال انٹرنیشنل ایئرپورٹ چھ رازدٲنی امپھالس منٛز واقع یس امپھال پیٹھٕ کولکتہ، گوہاٹی، نیہ دلہ، بنگلورس تہٕ اگرتلہ تام سیود پروازٕ جوڑان چھ۔
1419,بجہِ  خریدٲری، یتھہٕ کٔنہِ زن  گٲڑِ، سکوُل خرچہ، تہٕ مکانہٕ کِنہِ چھٗ اکثر تۄہہِ اہم قرض تٗلنٗک  ضٔروٗرت پیوان۔
1420,"پننہِ کینو سوارِ باپت زاننہٕ یِنہٕ وول تھیرووالم چھُ سیاحَن منٛز تیزی سان مقبول گژھان۔
"
1421,یہ چھُ تقریباً اکھ روایت بنیومُت زِ ہندوستانُک تقریبن پرٛؠتھ وزیر اعظم چھ کم از کم اکہ لٹہ پراٹ کھؠنہٕ خٲطرٕ اتھ کوچس منز ووتمت۔۔
1422,دباؤ وارٕ وارٕ کم کٔرتھ ہیکو ڈکمپریشن دود رکٲوتھ ۔
1423,شیوکس سۭتۍ اَمہِ کِس جنکشنَس پیٹھ چھِ سیکیُل فلیٹ ٹیمریکس تہٕ میریکیریا کین پیچَن دریر رٹان۔
1424,تمہِ گِنزٕ 2018 ہس تام جاپانس خٲطرٕ 19 گیمہٕ تہٕ کوٚرن 1 گول۔
1425,امہ پتہٕ گوٚو فورا فلسطینٕک عرب تہٕ یہودی درمیان خانہ جنگی شروع، تہٕ برطانوی فوج ہٹیہ لڑایہ دوران پتھ۔
1426,گۄڈنِیُک پوسٹر آو 30 اپریل  2018 جٲری کرنہٕ یَتھ منٛز کپوُر سنجے دت باسان اوس  ییٚلِہ سُہ 2016 ہس منٛز گۄڈنچ لَٹِہ جیل منٛز دَراو۔
1427,"گریگورین کیلنڈرَس منٛز چھِ پرٛٮ۪تھ 400 ؤرۍ یَو منٛز 97 لیپ ؤری آسان۔
"
1428,پننہ نقل و حرکت باپت زاننہٕ ینہٕ وٲلۍ مراٹھا ٲسۍ مغل-مراٹھا جنگن دوران پنن علاقہٕ مضبوط کرنس منز کامیاب تہٕ پتہٕ کوٚرکھ برصغیر ہند کس أکس بٔڑس حصس پیٹھ قابو۔
1429,ساروِی کھۄتہٕ مقبول اعلیٰ سطحک زمرَن منٛز چھِ سٹورُک تجرُبہٕ، بند کرنہٕ آمُت آئٹم/برانڈ، کمپنی فیڈ بیک تہٕ سوال، تہٕ پروڈکٹ سوال تہٕ پروڈکٹ فیڈ بیک شٲمِل۔
1430,1950 تہٕ 60 کین دہلین منٛز کٔر سوامی ناتھنن ہیکساپلایڈ گندمک سائٹوجینیٹکسس منٛز بنیٲدی تحقیق۔
1431,شٲعر ہینرچ ہائن اوس 1797 منٛز ڈسلڈورفس منٛز زامُت۔
1432,"پٲکستان بننہٕ پتہٕ گوٚو یہِ أکِس انتہٲئی مقابلہٕ جٲتی  کھیلَ  تیار یُس  صِرِف ""ببسنتس "" تام محدوٗد چھُنہٕ ۔"
1433,"امہِ بجایہِ ہیٚکہِ حکومت یہِ ؤنِتھ کہ اکہِ مخصوٗص تعداد پتہٕ کٲنٛسہِ شخصس "" موٗدمُت"" تصور کرُن۔ "
1434,یہ چھ ہریکین گورڈنس سۭتۍ جڑتھ، یس واریاہ مضبوٗط اوس۔
1435,پوٹرس اوس برتھا اونورس سۭتۍ 1871 پیٹھ 1902 منٛز پننس مرنس تام خانٛدر کٔرتھ۔
1436,یتھ کٔنۍ ز تہۍ ہیٚکو ؤنتھ ، اکھ کمپیوٹر چھ سیٹھا طاقتور ۔
1437,یہ ٲس ٹاپ 5 ہٹ، ییٚلہ یہ 1982 منٛز جٲری ٲس گٔمٕژ۔
1438,زیادٕ تر لوکھ چھ علاقٲیی زبانہٕ بولان یمن مردم شماری منز مراٹھی چہ بولہِ ونان چھِ۔
1439,ملکس منٛز چھ واریاہن جاین ماسٹر کلاسن ہنٛز میزبٲنی تہ یوان کرنہٕ ییٚتہ كٗمبہٕ  کڑھٲیہِ  تہٕ میژ بناون ہشن سرگرمین منٛز حصہٕ چھ نوان۔
1440,مگر سُہ اوس یژھان تمہِ سٗند لندنس منٛز بِہٗن  ، کینٹربری منٛز  نہ۔
1441,جو لیڈلین کوٚر 71 منٹن پیٹھ ستِم گول تہٕ انتھونی سٹوکسن کوٚر 74 منٹن پیٹھ کلایڈسڈیل بینک پریمیر لیگ گیمہِ ہٗنٛد ٲٹھم گول۔
1442,یہِ کھیل چھِ زٕ مخالِف ٹیٖمہٕ گِنٛدان ییٚمیُوک مقصد مُخٲلِف ٹیمہِ ہِنٛدِ گول کہِ ذریعہٕ اکھ لۄکٕٹ سخٕت بال لگاونہٕ خٲطرٕ زیٖٹھِس کالس سنٛبھالنہٕ یِنہٕ وول لٔکرِ ہُنٛد ماللیٹ استعمال کٔرِتھ سکور کرُن
1443,تاہم چھ یژھ علامتہٕ یم واضح علامتہٕ چھ فراہم کران ز بوزنک نۄقصان چھ موجود۔
1444,یہِ اوس گۄڈٕنِچہِ لَٹہِ ییٚلہِ کٲنٛسہِ سربَراہِ مُلکَن روٗسی بینڈیَس مُتعلِق کَتھ کرنہٕ خٲطرٕ اکھ میٹنگ قبوٗل کٔرمٕژ ٲسۍ۔
1445,اَمِہ سۭتۍ چُھ بٔڈس پیمانس پیٹھ آبی حیاتس تِہ نقصان واتان۔
1446,اوکارہٕک تاناشاہ چِھ بیٹ مینس منز ظٲہر گژھان، “بہادُر تہٕ عریان“ قسط “ییٚلہ OMAC  حملہ کران چھُ “ ۔ 
1447,باقٕی علاماتن منٛز چھ تپھ ، کلہٕ دود، بے٘ چینی، تنگ یٗن ، کھٮ۪نس منٛز دٗشوٲری، شاہ ہینس منٛز دٗشوٲری، پیشاب كرنہٕ وِزِ زلنٗك  احساس، پیشابس منٛز رکاوٹ، تہٕ بڈِس پیشابس پیٹھ قوبوُ نہٕ روزٗں  شٲمل۔
1448,"یہ چھ متحدہ امریٖکا کٮ۪و پرٛانٮ۪و اندروٗنی شہرو منٛزٕ اکھ۔
"
1449,ژٹھ تہ زال یا جھوم کاشت کرنٕچ حوصلہ شکنی کرنہٕ باوجود چھ میزورامس منٛز ورتاوس منز تہٕ چھ اتیُک ٹوپوگرٛافی متٲثر کران۔
1450,امہِ وِزِ کٕر سویہ را بایی،شِوا جی سٕنز حوصلہٕ مند بیواہ تہٕ سمبھا جی سٕنز وورٕ مٲجہِ ،اناجی داتو ہِوین اثر رسوُخ والین دربارین تہٕ باقیہ وزیرن سٕتۍ میلِتھ سامبھا جِیس خلاف، سوُ تختس پیٹھ بیہنہٕ نِشہِ رُکاونہٕ باپت سٲزِش  ۔
1451,أمہِ  چھےٚ واریاہن پنٛجیبہِ  فِلمن منٛز اداکٲری کٔرمٕژ۔
1452,کانگریس چھےٚ اَمہِ برونہہ دِلہِ، آندھرا پردیش، میگھالیہ، ہریانہ، اتراکھنڈ تہٕ مرکز زیر انتظام علاقہٕ پڈوچیری منز اقتدارَس منٛز وٲحد جماعت روزمٕژ۔
1453,شرمین گزرییہ 18 اگست 2020 ، 64 وریہہ  وٲنٛسہِ منٛز۔
1454,پنک چھ سٹریٹ ایج تہٕ چھ اکھ ملحد  بنِتھ روزان۔
1455,عالمی جنٛگ I تہٕ عالمی جنٛگ II  کنہِ آو نہ یمو منٛزٕ کانٛہہ  مٗنعقٕد کرنہٕ۔
1456,تریپورہ حکومتس چھِ ترٛےٚ شاخ: انتظامی ، قانون سازیہ تہٕ عدلیہٕ۔
1457,"تٔمۍ کٔر 1903ہس منٛز اٹلی پٮ۪ٹھٕ امریکہ گژھنہٕ پتہٕ یہ سکیٖم استعمال۔
"
1458,اگر نہٕ پھٗٹمج بنہِ ، ٹیسٹ چھٗ منفی ۔
1459, آبشارَس تام واتنہٕ خٲطرٕ چُھ ٲخری کِلومیٖٹرُک سَفَر پكان تیہ كرنٗك ضروُوت ۔ 
1460,واریاہ لۄکھ چھِ امہِ دۄہ پوٗرٕ دۄہس فاقٕہٕ تھوان ۔
1461,تِم یمن نہ شدید  انفیکشن آسہ ، تہندِ مۄکھٕ چُھ ڈایکُلاکسِسِلِن یا سیفٔلیکزِن  تجویز ۔ 
1462,ہِنٛدُستٲنہِ فوحن کوٚر جوٲبی کاروٲیی منٛز آپریشن وِجے، یُس 26 می 1999  شُروٗع کرنہٕ آو۔
1463,اتھ دٗنیاہس منٛز چھِ واریاہ مٗختلف قسمٕکہِ افسانوی مخلوُق تہٕ دییو٘ لبنہٕ یوان ۔
1464,"پبلک ہیلتھ پریکٹیشنرو چھِ سماج ، ثقافت تہٕ دستیابی ہنٛدس رولس پیٹھ زور دِتھ مادہ کس استعمالس انفرادی کھوتہٕ وسیع نۄقطہٕ نظرٕ سۭتہِ  وُچھنچ کوُشِش کرمژ۔
"
1465,گۄڑنیک فِیٹ پلانٛٹ آو 1900 منٛز کھولنہٕ یتھ منٛز 35 ہو اہلکارو 24 گاڑ بناو۔
1466,"سہ چھ وۄنۍ پنٛنس ٹرینر فرینک کیرولس تحت ایل سیگنڈو، کیلیفورنیاہس منٛز تربیت حٲصل کران۔
"
1467,دویمہٕ طرفہٕ، ٲسہِ  گُرِ  سوار  زیٹھہِ  نیزٕ لكرِ سٕتہِ بنٲوِتھ   آسان ، یتھ منٛز دھارِ نِش وۄزُل پلو گنڈِتھ آسان اوس یُتھ نہٕ حریف سُند خوُن تھپہِ پیٹھ پشپہِ .
1468,ہندوستان بنیوو 1998تام دنیا ہک ساروی کھوتہٕ بوٕڑ دودھ پیدٕ کرن وول ملک، یو ایس امریکہس پتھ، عالمی پیداوارک تقریبا 17 فیصدی 2010–2011 منٛز۔
1469,یورپس منز گوو تپہ دقٕٗك  شرح 1600 چہ دہائی کِس شروعاتس منز تھدٗن شروع تہٕ 1800 چِہ دہائی منز ووت  بلند ترین سطحس پیٹھ ،  ییلہ یہِ تمام موتن ہندِ تقریبا %25  دٗك سبب بنیوو۔ ۔
1470,2019 ہک ہندوستان ٹایمز رپوٹ تہ چھ ST چہ کل آبٲدی 13 % سۭتۍ اتفاق کران، یمو منزٕ مینا 7 % ساروٕے کھۄتہٕ بوٚڈ گروپ چھ۔
1471,پریتھ کرِتی چُھ کُنہ مخصوص راگُک بَنیومُت آسان۔ حالانکہِ کیٚنہہ چھٕ اکہِ کھۄتہٕ زیٛادٕ راگَن ہِنٛدۍ ، یِمن چھُ راگامالِکا وننہٕ یِوان (راگَن ہِنٛز مال)۔  
1472,"اتفاقاً اوس یہِ دۄہ کھو سٕنٛزِ لۄکچہِ بیٚنہِ کھو جُمایی سُنٛد 28 ہِم زآ دۄہ۔
"
1473,"اگرچہ ویسٹ منسٹر 1931 کس قانون کہ ذریعہٕ قانون سٲزی ہنٛز آزادی آیہٕ دنہٕ، مگر آئینی رابطٕ ٲسۍ موجود۔
"
1474,ٹیرین مارجنل ڈیجنریشنٕچ وجہ چھنہٕ معلوم، امیک پھیلاؤ چھ مردن تہٕ زنانن منٛز تقریبا برابر آسان، تہٕ یہ چھ عام طور  زندگی ہنٛد دویمس یا ترٛیٚیمس دہلس منٛز گژھان۔
1475,"جین مندر چھِ ریاست مدھیہ پردیش، ہندوستان کِس وِدیشا ضلعس منٛز واقع ۔
"
1476,2012 ہس منٛز بنیو یہ سویڈنس منٛز یونایٹنٛگ گرجا گرک حصہٕ۔
1477,"ییٚلہِ 1986  منٛز آٮٔی ایف ایفٕچ بُنیاد ترٛاونہٕ آیہِ، یہِ کھیل اوس زیادٕ تر نورڈِک مُلکَن منٛز، باقی یورپ تہٕ جاپان کین واریاہَن حِصَن منٛز گِندنہٕ یِوان۔
"
1478,چک تھامپسنس سۭتۍ ، شینکلن بُلوٚوُکھ 1958 این ایف ایل چیمپئن شپ گیم ۔
1479,تتہِ ژورتمہِ موُن بطور  پنٗن گھرٕ  ۔
1480,"تَمہِ گِیوو ""ماے کَنٹری، ٹِس آف دِی"" تہِ۔"
1481,کورِ چھِ 79  دۄہَن تام یِمَن بیالین ہنٛز رٲچھ کران۔
1482,جارج ڈین مُود 3 نومبر 2021 منٛدلہٕ کس آپریشنس دوران۔
1483,حیدرآباد آو امہ مۄكھٕہ  ژارنہٕ تکیاز یہ چھ پننس مغل اثر  تہٕ فن تعمیر لحاظہٕ بھوپالس سۭتہِ  وارِیاہ رلان ۔ 
1484,ایکسونل زخمَس پٮ۪ٹھ شوان خلیین  ہُنٛد ردِ عمل چھٗ تیز آسان۔
1485,"أتھہِ دوران چھِ ممی جی تہٕ مِنٹو، ہنسل بلڈرَن ہُنٛد رَخت کٔرِتھ، کٔپوٗرس  سبروالَس خٕلاف اُکساوان۔
"
1486,یہ سمجنٕچ کوشش کٔرو زِ یہِ چیز عام طور کٲتس چھُ یوان ۔
1487,"2013 ہس منٛز تٕر  یلو فیور كِس  نٔتیٖجس منٛز پوٗرٕ دنیاہس منٛز لگ بگ 127,050 شدید لاگ تہٕ 45,000 موٗدِ ، یمو منٛز لگ بگ 90 فیصد افریقہ ہس سپٗد ۔"
1488,خاموش فالجن ہٗند چھٗ علامتی فالجو كھوتہٕ پانژھ گنہٕ شرحس پیٹھ گژھنٗك تخمینہٕ ۔ 
1489,ہیٚندین خٲطرٕ چھ نرمدا ہندوستان کین ستو پوِتر دریاوو منٛز اکھ؛ باقی شیٚہ  چھِ گنگا، یمنا، گوداوری، سرسوتی، سندھو تہٕ کاویری۔
1490,ہولی چِھ مختلف ناوو سۭتۍ تہِ زاننہٕ یوان: کاماولا، کمونی پانڈوگا تہٕ کام دہنم۔
1491,کیا یہِ چھا  واقعی اکھ جان  سودا ، کِنہٕ كانہہ چھٗ كنٗن یژھان یا توہہِ زور تہِ ہینس پیٹھ مجبوُر كران یہِ نہٕ زن توہہِ ضروُوتھٕے چھٗو ؟ 
1492,یِہ جاے چھےٚ منی پور تہٕ أنٛدۍ پٔکۍ علاقہ کین لوٗکن منٛز مقبول۔
1493,تو٘ہہِ  ہیٚکو پنٕنہِ انشورنس پریمیم پنٛنہ کٹوتی منٛز اضافہٕ کٔرتھ کم کٔرِتھ ، یعنےدعوا دۭخل  كرنہٕ وِزِ یٗس رقم تو٘ہہِ ادا كران چھِو ۔ 
1494,1 جنوری 2016 ، ہیمینکوسکی چھ ہولولا ہک اکھ حصہٕ ۔
1495,ساروٕے کھوتہٕ زیادٕ آبٲدی وول تہٕ ساروٕے کھوتہٕ زیادٕ شہری ضلع چھ دیماپور ضلع، یتھ منٛز ساروٕے کھوتہٕ کم آبٲدی وٲلس ضلعہٕ لونگلینٛگٕکۍ ستھ گنا بسکین چھ۔
1496,ییٚلہ تو٘ہہِ  خریدٲری كرنٗك منصوُبہٕ بناوان ٲسِیو٘  یہِ ایڈرس كریو چك ۔
1497,"کِمَس چھُ شُمٲلی کوریا چہِ سپریم پیپلز اسمبلی کِس پریزیڈیمُک صدر سُنٛد خطاب حٲصِل، یُس شُمٲلی کوریا کِس قانون ساز اِدارَس منٛز خالص رسمی کردار چھُ۔
"
1498,رورشاچ ٹیسٹ چُھ واریَہَن فِلمَن، ٹی وی سیریزن، ڪتابن، کامِکسن منز استعمال گژھان۔
1499,تٔمۍ ترٛوو ٲخٕرکار 2010  منٛز مانچسٹر یونائیٹڈ برمنگھم سٹی خٲطرٕ ۔
1500,نرمدا دٔریاو چھُ دنیاہٕکہِ  مشہوُر ماربل راكس كِنہِ وسان ، تنگ گژھان تہٕ أکِس آبشارَس منٛز وسان یَتھ دھوندھر ونان چھِ۔
1501,بی ٹی گروٗپ چُھ برطانیا ہس منٛز  بوڈ مواصلٲتی خدمات  فراہم كرن وول ۔
1502,مےٚ گیہ حدٕ روٚس خوشی ییٚلہ بنٛک ملٲزمن میٲنس شُرۍ سنٛد مستقبل محفوظ بناونہٕ خٲطرٕ مختلف اختیارن پیٹھ کتھ کٔر۔
1503,"نایِٹ رِیویرا: دی نایِٹ ریویرا چھِ اکھ سِلیپر ٹرین یتھ فرسٹ گریٹ ویسٹرن چلاوان چھِ۔
"
1504,"مارکنڈیشور چوک پٮ۪ٹھٕ پوٗری-برہمگیری سڑکہِ تام گژھَن واجیٚنہِ مارکنڈیشور سڑکہِ ہٕنٛدِ دٔچِھنہِ طرفہٕ ہٮ۪کَو اتھ جایہِ تام واتِتھ۔
"
1505,اگرچہ کٮ۪نٛہس گۄڑنکس سنسکرت ادبس منٛز ونگا ناوک ذکر چھ، مگر امہ خٕطٕچ ابتدٲیی تٲریٖخ چھےٚ نہٕ وارٕ پے۔
1506,گاڈن ہنز یم ذٲژ اکہِ لٹہِ تقریباً ختٕم گمژٕ ٲسہ مانٛنہٕ یوان چھِ ریتہٕ کٲلِس دوران آبٕچ سطح بڑنہٕ کہِ وجہ سۭتۍ نمایان پٲٹھۍ واپس آمژٕ۔
1507,بہٕ گووس سٮ۪ٹھاہ خۄش ییٚلہ باگوانن  سون آنگٗن سبزارس  منٛز تبدیل کۄر۔
1508,جِنسی تناسٗب چھٗ 963 زنہٕ  فی 1000 مرد ۔
1509,امہِ خٲطرٕ چھُ اکھ خاص ہان سپدان۔
1510,دلہ منٛز چھ سپریم کورٹ آف انڈیا یُس قومک سارۍوٕے کھۄتہٕ بوٚڈ عدالت تہ چھُ۔
1511,لوٗکھ چھ سونٛچان ز زیٛادٕ وزن آسنک مطلب چھ ز اکھ نفر چھ نٮ۪تہٕ سۄتھ یا خراب۔
1512,سپلی اوس مین ہٹنس منٛز زامت، ڈیبی تہٕ بل سپلی سنٛد نیچو۔
1513,1998 کین  سیلابَن دوران اوس بنگلہ دیشُک 70 فیصد کھوتہٕ زیادٕ زمینی علاقہٕ پھوٹمٗت ، یمہٕ سۭتۍ 31 ملین لوُکھ تہٕ 1 ملین مکانہٕ متٲثر گیہِ ۔
1514,"بورڈ گیم کیفے تہ چےٚ چینس منٛز واریٛاہ مشہوٗر ونٛنہٕ یوان۔
"
1515,"یہِ چھُ لوٗکَن ہندِ باپتھ پنٕنۍ اختلاف ختم کرنہٕ تہٕ نَیہِ سرٕ تعلقات شروٗع کرنُک موقعہٕ۔
"
1516,"تاہم، یہٕ قانون سازی چِھ نہٕ لاگو کرنہٕ آمژ، حالانکہ یہٕ چُھ قانون چہ کتابہٕ پیٹھ موجود تہٕ مختلف عیسائی گرجا گھرن ہنٛز منظوری ہنٛد تابع ییہٕ لاگو کرنہٕ۔
"
1517,"ایجَنسی ووٚن زِ ہتہٕ بٔد سٲحلی گامو منٛز آیہ 40,000 لُوکھ کَڑنہٕ، ییٚلہ زَن کینٛہہ ہوٲئی پرواز تہٕ ریل سٕروِس تِہ آیِہ متٲثر کَرنہٕ۔"
1518,آسٹریلیاہن  بنٲوۍ   تِہندِس  گوڈنِکِس میچس منز ہندوستانس خلاف   268 رن ۔
1519,یہِ چھُ للت پوٗر پیٹھٕ 65 کلومیٹر مشرقَس منٛز تہٕ ساگر پٮ۪ٹھٕ 110 کلومیٹر شمالَس منٛز۔
1520,سیررو چِرِپو سیررو چِرِپو چھٗ کوسٹا ریکا ہٗک ساروی کھۄتہٕ تھو٘د بالہٕ تھو٘نگ  ۔
1521,مدھیہ پردیشن زیوٗن مہاتما گاندھی نیشنل رورل ایمپلایمنٹ گارنٹی ایکٹ 2005  منز بہترین کامہ باپت 10 ہم نیشنل ایوارڈ۔
1522,جارحانہ کھلٲڑۍ یا تِہنٛدۍ لٔٹہِ ہیکَن نہٕ کُنہِ تہِ وِزِ کریزَس منٛز اژِتھ۔
1523,برہمن چُھ اَتھرو ویدُک کانہہ منتر پَران۔ 
1524,یمن 6 ہوٲیی اڈن علاوٕ چھ بیاس تہٕ پٹیالہ ہس منٛز 2 ہوٲیی اڈہ یم نہٕ وُنِیک تام کُنِہ تجارتی پروازٕچ کٲم چھ کران۔
1525,"سہ اوس 2017 پٮ۪ٹھ 2021 ہس تام ایریزونا سٹیٹ سینیٹک رکن۔
"
1526,وۄں گوٚو، کینژن نفرَن ہیٚکہِ اتھ علاقس منٛز تھکاوٹ یا دَگ محسوس کرنہ یِتھ۔
1527,منی پوٗرَس منٛز چھُ امۍ کھیلک ابتدا سِگول کانجی سٕنٛدین گۄڈٕنِکین پیشروَن سۭتۍ گومُت۔
1528,ییٚلہِ یہِ کِتاب پوُرٕ مشرقی ایشیاہَس منٛز پٔھہلییہِ، امیوٗك پییو٘ اوکی ناوا تہٕ کوریا ہِوین خطن منٛز مارشل آرٹس كِس وٗصعتس  پٮ۪ٹھ  واریاہ اثر ۔
1529,"ہندوستانکہِ  انڈیمان تہٕ نِکوبار جزیرٕ  یِم اصلی زمینہِ پیٹھہٕ  تقریباً 1,200 کلومیٹر جنوب مشرقس منٛز  چھِ ،  یہٖندِ  سمندری سرحد چھِ ماینمار، تھایی لینڈ تہٕ انڈونیشیاہس سۭتہِ رلان ۔"
1530,  باقیہ  مسلہٕ آسن اتین   یِم أتھہِ  معاملَس منٛز تٗلنہٕ یِنہِ گژھن ۔
1531,"سلون پریواتَن کوٚر 74 مِس منٹَس منٛز میچُک وٲحِد گول۔
"
1532,آسٹریلیٲیی  سکواڈس منٛز چھِ ٲٹھ نٕوِ  کھلٲڑِ یمو  نہٕ امہ برٛونٛہہ  اولمپکسس منٛز مٗلکٕچ نٗمٲئندگی کٔرمٕژ چھے٘ ۔
1533,"عام طور چھُ ٹاپ روپنگ ناوٕ سۭتۍ زاننہٕ یِوان، ٹاپ رَزِ کھسُن چھُ سُہ کھسُن یَتھ منٛز کوہ پیمٲیی امینچ یا وَتہِ ہٕنٛدِ بنیادٕ پیٹھ ژیرۍ کھسان چھِ۔
"
1534,یہ چھ واریاہن جانورن ہندین آنتن مننٛز لبنہٕ یوان ۔
1535,2007 تس منٛز زیٖنۍ اورواہن 2007 اے ایف سی چیمپینز لیگہ منٛز پنٕنۍ گۄڈنچ ایشیٲیی چیمپین۔
1536,مقامی کلاسیکی موسیقی ہٕنز شکل، سوپنا سنگیتمچ ترقی چھےٚ کیرالہ کین فنن منز مندرن ہندِ  ثقافتک مکمل تعاون ہاوان۔
1537,وونہِ گو٘، مقدس كِتابن  منٛز چھُنہٕ پونگل مناونُک کانٛہہ تہِ ثبوُت۔
1538,عیسٲیی سیاحو لیوکھ وسطی وقتس منز جنوبی ہندوستانس منز عیسائین ہنز کمی مطلق ، ییمِہ سٕتۍ مشنریزن  اَمِچ کشش بڑیے ۔
1539,ہایاو میازاکی چھ اینیمے، یا جاپٲنۍ اینیمیشن کس شعبس منٛز اکھ رہنما۔
1540,"ؤچھِو زِ تُہُنٛد سیل فون فراہم کرن وول چھا تُہنٛدِس علاقس منٛز اِنٛٹرنیٚٹ خدمات پیش کران تہٕ کیٛاہ تو٘ہہِ  ہیٚکوا پنُن فون تہٕ اِنٹرنیٹ جوُڑِتھ ۔ 
"
1541,"اوٹاوا سُنٛد کوچ برائن مرے گوٚو نہٕ معطلی پیٹھ حیران۔
"
1542,یہِ پلیییہِ ممبئی منٛز ، ییٚتہِ یہِ  جمنا بائی نرسی سکوٗلَ گیہ ، تہٕ پتہٕ كرٕن  مِٹھی بھایی کالیجَس منٛز تٔعلیٖم حٲصِل ییٚتہِ أمہِ  فوُڈ سائنس تہٕ کیمسٹری منٛز گریجویشن کٔر۔
1543,"ویکسینیشن ذٔریعہٕ سوائن انفلوئنزاہَس پٮ۪ٹھ قوبوُ کرُن چھُ حالٕیہ دہِلین منز زِیٛادٕ مُشکِل بنیومٗت ، تِکیٛازِ وایرَس کہِ ارتقا کِس نٔتیٖجس منٛز چھُ رٮ۪وٲیتی ویکسینَن مٗتعلق مٗتضاد ردعمل  لبنہٕ آمٗت ۔
"
1544,پرٛیتھ سٹور چُھ مختلف، مگر تُہۍ گژھِو  پنٕنۍ ارادٕ باونس قابل آسنۍ۔
1545,کینٛہہ بدتر ڈیزائنن ہنٛد انحصار اوس سی پی یو چہ رفتارس پیٚٹھ تہ ۔
1546,یہٕ کارروائی آیہِ 375 ملین ڈالرن پیٹھ كرنہٕ ۔
1547,اتھ سفرس دوران چھٗ پیریار پیریار ٹائیگر ریزرو مٕنزِ گٗزران، یس ریزرو کیٚن مختٔلف حصن درمِیان  وسان   سرحد بناوان چھ۔
1548,وۄنہِ گوٚو، سہ آو اتھ پروازس منٛز بیٚیہ تفویض کرنہٕ تہٕ تٔمہِ سٕنز جایہ آو  کانٛگرٕسہِ بل نیلسنن تھونہٕ ۔
1549,"اَمِیُک تعلق چُھ چینس منٛز کوجو، ویتنامس منٛز ڈا کاو، کوریاہس منٛز جیگیچاگی تہٕ جاپانس منٛز کیماری سۭتۍ تہِ آسنُک دعویٰ کرنہٕ یوان۔
"
1550,اٗتراکھنڈ ٲس ہندوستٲنہِ ہمالیہ کس مرکزی حصس خٲطرٕ قدیم پُرانچ اصطلاح تِہ۔
1551,یوٗتاہ ممکن گژِھہ چِٹھۍ ژھوٹراونچ کوشش کٔرِو۔
1552,یتھہٕ کٔنہِوٗچھنہٕ آمٗت چھُ ،یِمن  کامیاب یلاجہِ پتہٕ دٗبارٕ خٲرِشہِ  ہٗند شکار  گژھان چھِ ہیكن اکہ پیٚٹھٕ ژۄن دۄہن ہندِس کم وقتس منٛز  منٛز نوِسرٕ گژھنٕچ علامتھ ہٲوِتھ ۔
1553,اتھ علاقس أنٛدۍ پٔکۍ، ییٚتہ موجودٕ پراگ چھ، ٹولمیوس سٕنٛد طرفہٕ بناونہٕ آمتس دٔیمہ صٔدی ہٕنٛدس نقشس منٛز چھ أکس جرمن شہرک ذکر آمت کرنہٕ یتھ کاسرجس ونان چھ۔
1554,بلدِیاتٕچ اَہم معٲشی سرگرمی چِھ زراعت ۔
1555,مے٘ گوٚو زمیندٲری خٲطرٕ ضروری مختلف قسمٕکہِ  اوزار تہٕ سازسامانہٕ  سۭتۍ  حیرتھ ۔  میون  مطلب چھٗ ، کس ٲس پتاہ اتھ منز چھِ ٹو٘نگرین  ہندِۍ ییتۍ قسم ۔ 
1556,سدیہ قصبہٕ کِس مغرِبس منٛز چھُ دریاو بیٚیہِ اکہِ لٹہِ جنوٗبی مغرِبس کُن پھیران تہٕ چھُ دۄن پہٲڑی کۄلَن، لوہِت تہٕ دِبانٛگس سۭتۍ رَلان۔
1557,داراہن کٔر دۄیہِ پھِرِ گول کرنٕچہِ کوُشِش مگر سہُ آو آف سایڈ قرار دِنہٕ۔
1558,841 منٛز آو کیپوا برطرف کرنہٕ تہٕ ریڈیلچس کہ ذٔریعہ خدماتس پٮ۪ٹھ تھاونہٕ آمٕتۍ کرایہ دار فوج مکمل پٲٹھۍ تباہ کرنہٕ۔
1559,تمہِ  ڈرٛایورن اوس نہٕ شیٚیو رٮ۪تو پٮ۪ٹھٕ کلہٕ چھوٚلمٗت تہٕ تس آسہٕ کلس مچھ وژھمژٕ۔
1560,یہ چھ ساروٕے کھۄتہٕ زیٛادٕ پونسہٕ زینن واجیٚنۍ آیی او ایس ایپ کس مقامس پیٹھ ووتمت۔
1561,حاملہ  آسنہٕ وِزِ ہیکہِ ڈیابِٹِک ریٹینوپیتھی تہِ شُگر واجنِین زنانن ہندِ باپت اکھ مَسلہٕ ٲسِتھ۔
1562,منسلک آلہ آسُن چھُ پریتھ کمپوزیشنُک اکھ لٲزمی حصہ تہٕ تِم چھِ مرکزی گلوکار سندۍ ذریعہٕ نغمہ فقرَن ہنٛز پوٗرٕ پٲٹھۍ پیروی کران تہٕ تِمَن چھِ بڑاوان۔
1563,ہیمکسم چھ بیلجیئم کس صوبہ اینٹورپس منٛز اکھ بلدیہ ۔
1564,لیسٹر ہولٹ ، این۔ بی۔ سی نیوزِ ہُند اکھ اینکر اوس ناظِم۔
1565,دِن تایی فُنگنِس ژیاولونگباؤ وس گژھن  ضروری اردَاہ تاہ  آسٕنہِ  ۔ 
1566,مےٚ اوس اندازہ کوٚرمت ز مےٚ ہیکہ  ہے کھُر یِتھ  تہ  ییٚمہ پھرِ کٔر مےٚ اکھ تفصیلی پیشکش تیار۔
1567,1893 ہَس منٛز آیہٕ ہیٚمبٔرگ، جرمنی منٛز آبچ فراہمی منز کلورین مِلناونٕچ  کوُشش کرنہٕ تہٕ 1897ہَس منٛزاوس  میڈ سٹون، انٛگلینڈ،  گۄڈنیُک قصبہٕ ییٚمہِ پنٕنہِ  سارٕیہ آبٕچ فراہمی كلورِنیٹ كٕر ۔ 
1568,کمپنی ہنٛدس کسٹمر سروسس پیٹھ پننہ عدم اطمینانک اظہار  تہنٛدس سوشل میڈیا پیجس پیٹھ شر٘و٘د كرنس مٗتعلق کٔرِیو غور۔
1569,"1991منز کوٚر ٹورلنگٹنن میبیلینَس سٕتۍ ایکِس معاہدس پیٹھ دستخط یَتھ منٛز تیم ہر وریِہ ۱۲ ہن دۄہن کٲم کرنہٕ خٲطرٕہ $800,000 ادا کوٚر۔"
1570,یہ آیہ پوٗرٕ دنیاہس منز 9 نومبر 2004 ریلیز کرنہٕ ۔
1571,فیروز شاہ اُوس پننِس بٔڑِ بب سٕندۍ پٲٹھہِ تُرک-ہندوستٲنہِ نژاد ۔
1572,یانکیز ٲس بیس بال ٹیمن منٛز کھۄڈنٕچ یمو وردی نمبر لگٲو ۔
1573,میامی ہنٛد گول ٹینڈر کونر نیپ ییٚمہِ کھیلس منٛز 53 بچاو  کٔرِ، آو مڈویسٹ علاقٲیی ٹورنامنٹٗک ساروٕے کھۄتہٕ شاندار کھلٲڑِ قرار دنہٕ۔
1574,"بنٛگٲلۍ ہیٚنٛدین تہٕ ہِنٛدوستان کین مشرِقی تہٕ شُمال مشرِقی رِیاستن نیٚبر شَکتا ہیٚنٛدین خٲطرٕ چُھ نَوراترٛی لفظُک مطلب دیوی ہِنٛدِس جنٛگجوٗ دیوی پہلوس منٛز دُرگا پوٗزا۔
"
1575,"بٔڑ کالڈرونن کوٚر ریاستی عہدن پٮ۪ٹھ قبضہٕ تہٕ کٔرن وفٲقی نٲیب کس طورس پٮ۪ٹھ أکس مدتس تام خٔدمت۔
"
1576,مغربی عیسٲیتس منٛز، ایٚسٹرٹائڈ، یا ایٚسٹر سیٖزن، چُھ ایٚسٹر سنٛڈے پیٚٹھ شروع گژٛھان تہٕ ستن ہفتن تام روزان، یُس 50 مہٕ دۄہ، پیٚنٹیٖکوسٹ آتھوارٕ کہ ینہٕ سۭتۍ ختم چُھ گژٛھان۔
1577,رٔوی یَس ٲس یٖژاہ دیانت  تہٕ  اوس احترامَس لایق شخٕص تہٕ أتھہِ  سۭتہِ اوس  بڈٕ مزٕدار ۔
1578,سیپک ٹاکرا چھُ فلپائن کِس ایلیمنٹری تہٕ ہائی سکوٗلَن ہٕنٛدِس نصابَس منٛز شٲمِل۔
1579,سۄ اوس اکبَر بادشاہ سُنٛد پسنٛدیٖدٕ نیٚچُو۔
1580,"ریفری یس اطلاع دِنہٕ ورٲے ہٮ۪کَو تبادلہٕ کٔرِتھ تہٕ بال گِنٛدنہٕ وِزِ ہٮ۪کَو پیش کٔرِتھ۔
"
1581,کمپوزرو کٕر  پنٕنہِ موسیقی موسیقی سٹیون پٮ۪ٹھ لیکھٕنہِ  شروع ۔
1582,شوہس میجہِ  واریٛاہ اصل ٹی آر پی تہٕ مئی 2019 ہَس منٛز گو٘  ختٕم۔
1583,"اِنز چِھ ارکانن لائبریری، كھینٕچہِ  سہولیات تہٕ پیشہٕ ورانہٕ رہائش تہِ فراہم کران۔
"
1584,کنہ ساتہٕ چھنہٕ مفروضہٕ صحیح آسان مگر یم چھِ  پننیو نتیجو خٲطرٕ ضروری آسان۔
1585,"درحقیقت، کروموزوم 6 ہس پیٹھ ہیکہِ یہِ تعلٗق  جینیاتی امیدوارن منٛز ساروی کھوتہٕ زیادٕ تسلا بخش  تہٕ ہم آہنگ ٲسِتھ ۔
"
1586,تمۍ سنز موج چھِ تبتٕچ تہٕ  مول چھُس جرمن نسلُک  آسٹریلوی۔
1587,سٗرینامس منٛز چُھ ہولی پھگوا رنگن ہنٛد تیوہار۔
1588,یہٕ اوس کین کٹسموٹو، سٹیو مور تہٕ رچرڈ رچ سنٛد پروڈیوسر۔
1589,آہوم ریاست ٲسۍ آسام چہِ برہم پُترا وادی ہنز اكھ پتہٕ ینہٕ واجینہِ وسطی بادشٲہِیت ۔
1590,باقٕے ہیٚکن خیرٲتی ٲسِتھ تہٕ پُزارین ڈالہِ  پیش کٔرِتھ یا تِمن  اجدادن ہنٛزِ جٲنی خٲطرٕ دُعایہ پرنہٕ خٲطرٕ ادایگی  کٔرِتھ ۔
1591,سِکھ چِھ اَمِہ وجہ كِنہِ نومبرس أنٛدِ پٔکہِ  گروُ نانک سنٛد گُرپورب مناوان تہٕ یِہ چُھ سِکھ ریوایتن منز پیوست كرنہٕ آمٗت ۔ 
1592,الیکٹرانَن ہُنٛد یہِ لۄکُٹ کرنٹ چھ تمہِ وقتہٕ وسان ییلہِ پیوٚت لگ بگ سطحس کُن چھُ لگان۔
1593,وایرس ہیٚکہ وَسِ عام طور پلیٹلیٹس بناونہٕ نش رکٲوتھ۔
1594,کم تعدادَس منٛز کھلاڑین سۭتۍ ٹورنامنٹ ہیکَن راؤنڈ رابن فارمیٹ استعمال کٔرِتھ، یَتھ منٛز پرٛیتھ کھلٲڑۍ پرٛیتھ بیٛکِس کھلٲڑِس خِلاف اکھ کھیل گِنٛدان چھُ۔
1595,2019 ہس منٛز بنییہ سیٲسی بدامنی تہٕ تمہِ سندِ استعفاہچ  منگ    اکھ بحران ۔
1596,سُہ اوس ریاست وسکونسنُک 36 ہِم تہٕ 39 ہِم اٹارنی جنرل ۔
1597,"أمس چھ اے ایس اےین دۄیہ لٹہ سپورٹس رپورٹر آف دی اییر ناو دیتمت۔
"
1598,سورن منٛز چھ تسلیم كرن وٲلہِ آسان یمن سۭتہِ پرِندن  تہٕ ببہِ دۄد دِنہٕ والین ہندِ  انفلوئنزا وایرس لٲرِتھ ہیكن چھِ  ؛ امہ سۭتۍ چھ وایرس مختلف شکلن منٛز تیار گژھنس تہٕ تبدیل گژھنس قٲبل گژھان۔
1599,یہٕ چھ پارٹیشنن پیٹھ فائل سسٹمس سٕتۍ تہٕ استعمال گژھان ۔
1600,طوفان چہِ موٗجوٗدٕ وتہِ پٮ۪ٹھ چھِ امٕکین   باقایاجاتن ہندِ  کیریبین سمندرس مَنٛز اپور ترِتھ دٲخل گژھنٕچ تَوقَع۔
1601,باغین ہٕنٛدِس  زیر قبضہٕ کِلیٖ نوچی، مُلایہ تیٖووُ تہٕ کٮ۪نٛہہ مشرقی حصن ہٕنٛدۍ علاقہٕ چھِ وٕنہِ تہِ سُنامی امداد کس پنٛنس حصس پیٛاران۔
1602,یتھۍ ٹیسٹ چھ کینٛہہ پیشیو خٲطرٕ ضروٗری، یتھ کٔنۍ سپاہ تہٕ بم وٲلۍ۔
1603,سہُ زاو 10 اکتوبر 1946 دوہٕ  ریڈِنگ ، برک شائر ، اِنگلستانس منز ۔
1604,"4,000 جاپٲنۍ جہازرانو-یمن منٛز ایڈمرل مِنوروٗ اوٹا تِہ شٲمل اوس-کٔر سارِوی خۄدکٔشی ۔"
1605,مےٚ بیوُٹھُے نہٕ یہِ  ییٚلہ مےٚ بینک طرفہٕ امِس  نابالغ سٕنٛدس کھاتس  منٛز پیش کرنہٕ آمٗت سودٗک شرح وٗچھ ۔ یہ چھٗ میانہِ توقع کھوتہٕ سیٹھاہ بہتر ۔
1606,"میگھاہٹوبورو جنگلی  گامَچہِ آبٲدی ہٗند % 13 چھٗ 6 وریہہ  کھوتہٕ کم وٲنٛسہِ ۔
"
1607,"جٔنوُبی تہٕ مغرِبی ہِنٛدُستانس منٛز چُھ یہِ ہیندِ  قمری رٮ۪تھ بھدرپدا کِس دٔۄیِمِس پَکشس منٛز یِوان تہٕ گَنیش اُتسو پتیہ پچھس منز  یِوان۔
"
1608,جزیرٕ جاواہس منٛز چھ واریاہ اعتقادۍ روزچ تیار کرنہٕ خٲطرٕ مقدس ناگن منٛز سران کران، اکھ رسم یتھ پڈوسن چھ ونان۔
1609,پرانَس پؠٹھ اوس ٹھاکر بلدیو سِنگھ سٕنٛد کِردار باپتھ غور یِوان کرنہٕ، مگر سپی ین سوٗنٛچ زِ سنجیو کمار چُھ بہتر انتِخاب۔
1610,تہٕ سنی، ستیا تہٕ ڈاکٹر دتہ چِھ بوُتس کھۄژنٲوِتھ تہٕ كھوژنس  پتہٕ راز حل  کٔرتھ گرٕ نیبر نیران۔
1611,أمہِ  کٔر 2008 یو ایی ایف اے کپ رینجرس تہٕ زینٹ سینٹ پیٹرزبرگس درمیان فاینلٕچ میزبٲنی  ۔
1612,اصلی پیکاڈلی ریڈیو رود 1152kHz ز کہ اے ایم فریکوئنسی پیٹھ نشر گژھان۔
1613,چولا پادشاہو کٔر عملی  طور کپٗر وونٛنہٕ کس صنعتس حوصلہ افزایی تہٕ کوٚرُکھ امہِ پٮ۪ٹھٕہ  محصول حٲصل۔
1614,"اکھ پائلٹ پروٚگرام چُھ مختلف قٕسمن ہنٛدین  2,921 کھوتہٕ زیادٕ تنٛصیٖاتن منٛز سیٹھاہ كم  رِسائیکلنٛگ مۄل وول  اکھ نوٚو مواد استعمال کرٛان۔"
1615,تہ کیٛاز لوٗکھ چھ ٲکس لیڈرس مانان، لیڈر ہیٚکہٕ لوٗکن کٲم کرنہٕ خٲطرٕ مجبوٗر کٔرتھ۔
1616,پی ایل ایل چھُ اکھ ٹریولنگ لیکروس لیگ بننَس پٮ۪ٹھ توجہ مرکوُز کران یُس دُنیاہ کین بہتٔریٖن کھلٲڑین  امریکہ کٮ۪ن مُختٔلِف شہرَن منٛز اَنِہ ۔
1617,"کیسلَن کٔر ترٛٮ۪ن ریسَن منٛز کوٗشِش، تہٕ گوٚو ٹوٗ ٹاپ ٹین سٹارٹَن سۭتہِ  ٹالڈیگَس منٛز اہل سپدنس  منٛز ناکام مگر روٗد کینٹکی منٛز 38 ہِمِس  تہٕ پوکونوَس منٛز 32ہِمِس  نمبرَس پٮ۪ٹھ ۔
"
1618,فیملی ڈالرک ہیڈکوارٹر چھ میتھیوزس منٛز ، شارلٹ ، شمالی کیرولائنا کس مضافاتس منٛز ۔
1619,زبورٕچ کتاب تہٕ امثالٕچ کتاب چھ تقریباً تمام شاعری۔
1620,ییلہٕ سر مارٹن لینگ 2002 کس شروعاتس منٛز سبکدوش گوٚو اتھ منٛز آیہ بیاکھ تبدیلی ۔
1621,"سۄ چھےٚ گرے گریفن سٕنٛدس کتابہٕ سلسلس منٛز اہم ڈاکوو منٛز اکھ۔
"
1622,"سروے منٛز آیہ 2 جولایۍ تہٕ 6 جولایۍ درمیان 2,536 کاسٹ کرنہٕ۔"
1623,"وُشو چُھ ایشیٲیی کھیلن، جٔنوٗب مشرِقی ایشیٲیی کھیلَن، ورلڈ كمبیٹ گیمز ، تہٕ باقٕیہ مُختٔلِف  كشیر کھیلَن ہِنٛدین مُقابلَن منٛز اَکھ سرکٲرِ تقریب ۔
"
1624,خانن كو٘ر  پنٛنِس پیٚترٕ ناصِر حُسین سٕنٛزِ 1969 تٕچہِ فِلمہِ پیٛار کا موسمس منٛز ترٛن و رِین ہنزِ وٲن٘سہِ  منٛز  ، مۄختصر وقتہٕ خٲطرٕ  ، شَشی کٔپوٗر سنٛدِ لۄکچارُک کِردار ادا۔
1625,بٔڑس کنٹینرس خٲطرٕ آسہ قۭمت تہ تھوٚد۔
1626,زبردست دشمن پاکستانس خلاف پانژن ٹیسٹن ہنٛز سیریز ٲس تمہ سٕنٛز ٲخری۔
1627,بی ایف آٮٔی یَن اوس  آستانا-الماتی منٛز 2011 کٮ۪ن ایشیٲیی سرمٲیی کھیلَن منٛز اکھ ٹیم سوزنُک منصوٗبہٕ بنوومٗت مگر چھیكرس سوُزُن نہٕ ۔ 
1628,بلیک بیلٹ گژھن اِنسٹرکٹَر ٹرٛینی، سپیشلٹی ٹرٛینَر، تصدیٖق شُدٕ ٹٛرینَر تہٕ ند یاپھتہٕ اِنسٹرکٹَر  نامزد كرنہٕ یِنہِ ۔
1629,آئنائزنگ ریڈی ایشن چھ بے نقاب ٹشوک ڈی این اے نقصان دتھ کٲم کران یتھ کٔنۍ یہٕ مران چھ۔
1630,لاس ایسٹریلاس: لاس ایسٹریلاس چھ ٹیلی ویسا کٮ۪و اہم ٹیلی ویژن نیٹ ؤرکو منٛزٕ اکھ۔
1631,اتھ کھیلس منٛز كٕر یورپی نوآبادیاتیو بڈِس پیمانس پیٹھ ترمیم ، تشدد کم کرنہٕ ، امِیوٗك  موُجوُدٕ کالج تہٕ پیشہ ورانہ شکل پادٕ  کرنہٕ باپت ۔
1632,وِوِن گٗزریو 17 جٗلایی 2020 ایٹلانٹاہس منٛز 95 وٗہٗر  ۔
1633,کنہ ساتہٕ چھ کانٛہہ اتھٕ تنٛگی ہٕنٛدین حالتن ہنٛد شکار گژھان تہٕ تمن دنہٕ خٲطرٕ چھ نقدی اکھ بہترین تحفہٕ۔
1634,"ارکی ٲسۍ شٲہی پہٲڑی ریاست باگھلٕچ رازدٲنۍ، ییٚمِچ بُنیاد أکۍ پنوار راجپوت رانا اجائی دیوَن ترٲومٕژ ٲس۔
"
1635,"باقی ترٛےٚ سپدۍ BC تہٕ پورٕ مُلکَس منٛز اخبارن ہٕندین کَورن پیٹھ شائع، ییٚلہِ اکہِ لٹہِ شُروع کرنہٕ آیہِ۔
"
1636,سوٗ مِیوُل  پنٛنہِ دویم خانٛدارنہ کرسٹین روہنہِ شکاگوہس منٛز أکِس دوست سٕنٛد ذٔریعہٕ  ۔
1637,شاہ عالم دویِم سندِس دورس منز آو نو٘و مغل فوج بییہ قٲیِم كرنہٕ ۔ 
1638,لیوکرباد گرم سران چُھ لیوک کس بالکل شمالس منٛز پاسس کن۔
1639,باقٕے عَلامَتن منٛز ہیٚکہِ زنگہِ نلن  پٮ۪ٹھ مٗسلہٕ موٚٹٗن  شٲمِل ٲسِتھ، یَتھ پریٹِبِیَل میکسیڈیما ونان چھِ، تہٕ أچھَِ پھٹِتھ نیرنہِ ، ، اكھ حالت یۄسہٕ گریوٕز اوپتھوماپاتھی سٕتہِ گژھان چھے٘ ۔ 
1640,"یہ آو 5 ژن آسکرن خٲطرٕ نامزد کرنہٕ تہٕ 1941 منٛز زیوٗنن اکیڈمی ایوارڈ۔
"
1641,آندری ہنٛد تعلق چُھ گاندھاری تہٕ ارسابھی  سۭتہِ، تہٕ اتھ پیٹھ چھُ  بییہ وارِیاہن  گوٚڈنِكین  ساسن ورین ہندین سنسکرت متننمنز  بحث کرنہٕ آمٗت ۔
1642,یہ چھ اکھ قدرتی مقام، تہٕ ییٚتہ چھ مقدس رودرکشا کُل لبنہٕ یوان۔
1643,ساینسس منٛز چھ یہِ اصطلاح دونونی طریقو سۭتۍ استعمال گژھان ۔
1644,ماڈیوُل چھِ تعمیری بلاک ہی  یم ییلہِ نصب گژھن  یِم چھِ  نوِٚ فیچر دٔستیاب كران  ۔
1645,"کمپنی چھِ ایشیا، افریقہ، امریکہ تہٕ مشرق وسطیٰ ہَس منٛز کٲم کران۔
"
1646,امیک وجہ چھ یہ ز امہ قٕسمک سرطان ہیٚکہ باقیو سرطانو کھۄتہٕ زیادٕ تیزی سان پھٕہلتھ۔
1647,تٔمۍ کٔر ایٹیٹو میڈرڈ بی ایم، بی ایم سیوڈاڈ ریل تہٕ قومی ٹیمٕچ تربیت۔
1648,"وۄنٛہِ گوٚو، تٔمہِ کوٚر یہِ  اِنکِشاف تہِ زِ یِتھہٕ کٔنہِ دت ""جِسم وٗصعتوار كرنٕچہِ علامٕژ ہنز ترجٗمٲنی كران چھُ  تہٕ اگر مےٚ پردس پٮ۪ٹھ تمہِ  سُنٛد کِردار ادا کرُن چُھ تیٚلہِ اوس وٗصعتوار جَسٕم ضروُری""۔"
1649,سُہ روُد 1932  منز سر دادا بھایی نیروب جی ٹرسٹ بننہٕ پیٹھہٕ نصف صدی تام امِیُک ٹرسٹی ۔  
1650,2017 ہس تام اوس سہ بہتریٖن مرد جاپٲنۍ ٹیبل ٹینس کھلٲڑۍ مانٛنہٕ یوان۔
1651,یہ تنازعہ گوٚو فلپاینس پٮ۪ٹھ امریکی قبضس خٕلاف فلپاینی سیٲسی جدوجہد پٮ۪ٹھٕ پٲدٕ۔
1652,"گرہا پرویسم پتہٕ چھِ نارٕچ اکھ رسم یتھ پراوسیا ہومم ونان چھِ،  جوُرِ رِگ وید کٮ۪ن ترُٛواہن وید منترَن سۭتہِ ادا کران۔
"
1653,کامینن چھ سٹرلنگ انجن ڈیزائنس پیٹھ واریہ کٲم کٔرمٕژ ۔
1654,امہ علاوٕ ، پرٛٮ۪تھ عمارتس منٛز آسن پیدل پکن وٲلۍ پلو یم أکس عمارتس بییس عمارتس سۭتۍ جوڑن ۔
1655,تٔمِس برٛونٛہہ آیہ  میچ اہلکارَ سندِ دٕسہِ گۄڈَے ترٛے باقٕیہ  کھلٲڑِ بُك كرنہٕ ۔ 
1656,گانٛٹہٕ بیٲرین چھُ اکھ زیٹھ تہٕ متنوع تٲریخ تہٕ  مختلِف قسمن ہنزٕ گانٹہ بیارِ چھِ  پورٕ دنیاہَس مَنٛز میلن پیٹھ وٕڑاونہٕ یِوان۔
1657,"تماشٲیی  چھِ یا تہِ 15 اگست یا  اتھ سٕتہِ رلن والہِ ہفتہٕ كِس اندس پیٹھ  ""انڈیا ڈے"" مناوان۔"
1658,ٹیفٹیہ: ٹیفٹیہ چُھ سویڈن چہِ ویسٹربٹن کاؤنٹی منٛز امیا بلدیہ یُک اکھ علاقہٕ۔
1659,وننہٕ چھُ یِوان زِ ہمایوں ہن اوس دِلہِ پیٹھ دُوبارٕ قبضہٕ کرنہٕ باپت پنُن کامیاب حملہٕ شروع کرنہٕ برٛونٛہہ ترٛین دۄہن اتھ قٕلعس منٛز ڈیرٕ ترٲومُت۔
1660,"گِریگورِیَس اوس رومَس منٛز زامُت، مگر صحیح تٲریخ چھٗنہٕ معلوم۔
"
1661,کونڈا ریڈی قٕلعہٕ، یَتھ کونڈاریڈی بُروجو تہِ ونان چھِ، چھُ اکھ قٕلعہٕ یُس آندھرا پردیش، ہندوستانس منٛز کرنول شہرَس منٛز چھُ واقع ۔
1662,ییٚلہ پٗلسن اِشارٕ كو٘ر ، 10 وٗہٗر ڈرٛائیوَر رٗكیو٘ تہٕ در٘او  پنٗن  شوٗ وٗہٗرِس  بویہ ہیتھ پٗلیٖسَس سۭتہِ  کتھ کرنہٕ خٲطرٕ گاڑِ منٛز نیبر۔
1663,انگریز ٲسۍ پنٕنۍ گولہ بارود بچاونہٕ خٲطرٕ ترپال استعمال کران، ییٚلہ زن نواب سندۍ  فوجن اوس نہ یُتھ کانٛہہ احتیاط کوٚرمت۔
1664,یوتام پتہٕ چھیكرس ہمایوں ہن  پننٮ۪ن مُو٘غلن سۭتہِ ہتہٕ بٔد سِندھی تہٕ بلوچ قبٲلہِ  جمع كٕرِ تہٕ پتہٕ قندھار تہٕ امہِ پتہٕ  کابُل کُن  پیشقدمی كٕرٕن، بیٚیہِ تہِ ساسہٕ بٔد گٔیہِ أمِہِ سندِ طرفہٕ  جمع تِکیٛازِ ہمایوں روُد  لگاتار پنُن پان گۄڈنِكِس   مو٘غل بادشاہ بابر سٗند  صحیح تیموری ولی عحد آسنٗك عیلان كران ۔۔
1665,اتھ مقصدس خٲطرٕ چھِ محلس اندر واریاہ کمرٕ تہٕ جایہِ استعمال  یِوان کرنہٕ۔
1666,یہِ سپٗد 1904 منٛز، ییٚلہِ امریٖکاہن ترٛنوے تمغہٕ زیٖنۍ ، تہٕ 1908 منٛز ییٚلہِ پوڈیمَس پیٹھ ترٛیو برطانوی ٹیٖمو قبضہٕ ٲسۍ کٔرۍمٕتۍ ۔
1667,ترپوراہٕکی پہأڑی بادشاہ أسی ہندو روایتن رسمن تہٕ رواجن ہنٛدی تھٔدی کفیل.
1668,دٗنیاہکہِ تمام خطہٕ تہٕ ثقافتہٕ چھِ تقریبا یکساں طور متٲثر گژھان ۔
1669,کنسولن تہٕ موبایل فونن خٲطرٕ تہ چھ کھیلٕکۍ ورژن۔
1670,"بادشاہَن لیچھِ پانہٕ اكھ رمضییہ  تیلگو نظم،
 امٗكتا ماالیادا۔
"
1671,وارِیاہ مقامی لوُكھ چھِ  دوہے كریگ لِسٹس پیٹھ  فہرِست كھاران ، لہذا چھُ  یہ سرٕ كرٕنۍ لایق جایہ ۔
1672,ییلہٕ زن اصلی الہام بنیٲدی طور انگلینڈ پیٹھہٕ آو، جرمنی تہٕ روسس سۭتۍ تہِ آو ابتدٲئی تبادلہٕ کرنہٕ۔
1673,"اپارٹمنٹ کمپلیکس یا رہائشی احاطہٕ چُھ اپارٹمنٹ عمارتن ہنٛد اکھ گروٗپ۔

"
1674,"سوٗ اوس  فلم ڈیتھ آن دی نیلَس منٛز اینڈریو کیچڈورین سٕندِ سكِردارس منز شامِل كرنہٕ آمٗت ،یوسہٕ  اگاتھا کرسٹی سٕنٛزِ اَمی ناوٕچہِ  ناولہِ پٮ۪ٹھ مبنی ٲس ۔
"
1675,"اخبارن، رسالن تہٕ سپورٹس پروگرامن منٛز تہٕ چِھ اشتہار شائع گژھان۔

"
1676,مایکونوسس منٛز چھ واریاہ پرٛٲنۍ ریوٲیتی ونڈ ملہٕ، یم جزیرس پیٹھ ہَر جایہ چھے٘ ۔
1677,جیٹ زمانہ شروع گژھنہٕ کہ کینٛہہ وقتہٕ پتہٕ گٔیہ دۄشوے کیفلاوک منتقل۔
1678,باب دوم چھ حکومتٕچ ایگزیکٹو برانچ قٲیم کران ۔
1679,6 فروری 1840  منٛز کوٚر کیپٹن ولیم ہابٛسَن تہٕ لگ بگ 40 ماوری سردارو ویٹنگی کِہ معاہدَس پیٹھ دستخَط۔
1680,سابِقہ چیف ایگزیکٹیو اولی پیکا کلسوو روزِ غیر ایگزیکٹو حیثیتہ صدر سٕنزِ کُرسی پیٹھ۔
1681,1998 منٛز ، گیہِ کیلی گٗڈی کی بورڈ بجاونہٕ خٲطرٕ بینڈس منٛز شٲمل ۔
1682,ادایگی ان٘زرنہٕ پتہٕ چُھ پنن یونٹ گھر اننُک وقت۔
1683,بٔہمہِ صدی ہِنٛدِس تحریر، راجترنگینی مُطٲبق ، ییٚمیُوک ترجمہٕ سر مارک آرل سٹینن کوٚرمُت چُھ،  ٲسہِ   لوہارا سردار كھش قبیلٕكہِ ۔
1684,"مغربی بنگال چُھ ہندُستان کِس مشرقی تنگ خطس پیٹھ، یُس شمالس منٛز ہمالیہ پیٹھٕ جنوبس منٛز خلیج بنگالس تام پٔھہلتھ چُھ۔
"
1685,مغربی مہاراشٹرا کین پہٲڑۍ ضلعن بالترتیب دکن سلطنت تہٕ مرٲٹھۍ سلطنت دورٕکیو ہتہ بدیو  پہٲڑۍ قٕلعن ہٕنٛدیو کھنڈراتو سۭتۍ بٔرتھ ۔
1686,ریاستٕ کین  کینٛہن حصن منٛز چھُ گۄڈے مارٕچ کِس رٮ۪تَس منز اوسط کھۄتہٕ دۄگنہٕ روٗد پیوٚمُت۔
1687,"یہِ پیک چھُ بلاکرَن ہُنٛد ساروِی کھۄتہٕ بوٚڑ وٲحِد گروپ یَتھ منٛز دۄشوٕنی ٹیمَن ہٕنٛدۍ ارکان قربت سکیٹنگ کران چھِ، یِتھ پٲٹھۍ ترتیب دِنہٕ آمُت زِ پرٛٮ۪تھ کھلٲڑۍ چھُ بیٛکہِ پٮ۪ٹھٕ 10 فٹَن انٛدر آسان۔
"
1688,19 صدی کس ٲخرس تام ووت یہِ کھیل برطانیہ، فرانس تہٕ امریکہس تام ییٚتہ امریکن سٹار بائیسکل اکھ مقبول ماونٹ اوس۔
1689,لاش چھ زندٕ گژھان تکیاز امر چھ پنٛنس اصلی جسمس منٛز واپس گژھنس پیٹھ مجبوٗر گژھان۔
1690,1998 پٮ۪ٹھٕ 2000 تام اوس سہ سربیاہک نٲیب ؤزیر اعظم۔
1691,مرٲٹھۍ بولن وٲلس خانٛدانس منٛز منال (نیہ منتری) تہٕ منوہر گواسکرس زٲنتھ، گواسکرن کوٚر کانپور کس چمڑٕ کس صنعت کار سٕنٛز کور مارشنیل گواسکرس (نیہ مہروترا) سۭتۍ کھانٛدر۔
1692,یہِ فائل چھےٚ پروگرامس ونان زِ صٲرفس کِتھ کٔنۍ چُھ مواد ہاونہٕ یوان۔
1693, ستن درجن منز  نامزد کرنہٕ آمٕتۍ، چھِ مارک فارسٹٲرزٕنۍ “فایِنٛڈِنٛگ نیٚورلینٛڈ تہٕ مِلیَن ڈالر بیبی۔ 
1694,چندر گٗپتن یِم زن باقیہ فتوُحات كرِمژٕ آسہن تِمن مٗتعلق  چھے غٲر یقینِیت  ، خاصكرِتھ جنوُبی ہِند كِس دكن خطس منز ۔
1695,"تٔمہِ سٕنزو  گۄڈٕنِچَو پسنٛدیٖدٕ خانٛدارِنِ یٚو منٛز ٲس اکھ راجپوٗت شَہزٲدِ  مناوتی بھائی یوٚس مارواڑٕکِس  راجہ اٗدے سنگھ راٹھور سٕنٛز کوٚر ٲس۔
"
1696,عالمی ثقافتی ورثہ مُقامُک یہِ سِلسٕلہٕ چھُ صرف تہٕ صرف راجستھان کین پہٲڑی قٕلعن پیٹھ بَناونہٕ آمُت۔
1697,یمو منٛز چھنہٕ کانٛہہ تہِ اقدام جگرٕكہِ  ذخیرٕ چہِ  حالتٕچ نشاندہی کران۔
1698,"امیک مطلب چھ یہ ز پرٛٮ۪تھ کٲنٛسہ چھ خۄداے سنت بنٛنہٕ خٲطرٕ بلاوان۔
"
1699,1347 تام ٲس بہمنی سلطنت جنوبی ایشیا کس دکن علاقس منٛز اکھ آزاد تہٕ مقابلتی  مسلم سلطنت بنیمٕژ ۔
1700,تٔمس (سینڈراکوٹوس) سۭتۍ اکھ معاہدٕ کرنہٕ تہٕ مشرقی صورتحالس ترتیب دنہٕ پتہٕ، سیلیوکس گوٚو اینٹیگونس خلاف جنٛگ کرنہِ۔
1701,یہِ چُھ آرنپریورس نزدیٖک ختم گژھان ییٚتہ یہِ ہایۍ وے اونٹارِیو ہایۍ وے 417 ہَس سۭتہِ  میلان چُھ ۔
1702,ملرن کوٚر پنٛنہ کیریرک آغاز سیلٹکس سۭتۍ تہٕ پتہٕ آو 2001 کس منٛز آرہوسس قرضس پٮ۪ٹھ دنہٕ۔
1703,اَمِہ مقدس دۄہ چِھ بھگوان ہنومان سٕنٛدۍ عقیدت مند أمہِ سُنٛد جشن مناوان تہٕ أمِس  حیٚفاظت تہٕ آشیرواد منگان۔
1704,یہ گوٚو امہ وجہ سۭتۍ زِ سوویت یونین پھٹیو 1992 کیٚن کھیلن برٛونٛہہ ۔
1705,واریٛاہَن خطن منٛز چھُ یہِ تہوار سونتہٕ کِہِ فصلَ لوننہٕ پتہٕ،  تہٕ باقِین منٛز، فصل لوننس دوران یوان ۔ 
1706,ڈی ایس آٮٔی تہٕ ڈی ایس آٮٔی ایٚل ایٚل سٕنٛدۍ پٲٹھۍ چھ 3 ڈی ایس لٲنہ منٛز جی بی اے سلاٹٕچ کٔمی ۔
1707,اَتھ چیٖزَس پٮ۪ٹھ زِیٛادٕ کھۄتہٕ زِیٛادٕ 6 ڈالر بوُلہِ دِتھ چھُ  اے تھٕز بوُلہِ دِنہٕ وول ۔ 
1708,یہِ کتھ باتھ ہیٚکہِ 1931 کِس ٲخرَس مَنٛز سیکنٛڑ رونٛڑ ٹیبٕل کانفرنسُک بٲعث بٔنِتھ۔
1709,اتھ خاندانس منٛز چِھ تقریبا 900 انواع، زیادٕ تر سالانہٕ یاکثیر سالی  بوٹین ہندۍ۔
1710,سنبھاجی پھیور  ؤلۍ ؤلۍ تہٕ چالٲکی سان گرٕ واپس امہ برۄنہہ زِمغل کرہن تس پیٹھ حملہٕ ۔
1711,ڈوپاماینک زیادٕ ارتکاز چھ ہولوکنیشن تہٕ فریبک سبب مانٛنہٕ یوان۔
1712, کاؤنٹی ہُنٛد ناو او امریکہ کِس 16 ہِمِس صدر ابراہم لِنکنس  پٮ۪ٹھ تھوٚنہٕ ۔ 
1713,فشر زاو 1 مارچ 1951  لنکن، نیبراسکس منٛز  ۔
1714,بالرن ہنٛز درجہٕ بندی چِھ تہنٛدِ اندازٕ مطٲبق کرنہٕ یوان، عام طور  تیز بالر، سیم بالر یا سِپنر ۔
1715,بہٕ اوسٖٗس  تازٕ ترین ماڈل کرہنِس  رنگس منٛز یژھان۔ ژٕ کیٛاز چھٗكھ  مےٚ یہ پرٛانۍ لیدٕر کار کٕنان؟
1716,بیگرامس منٛز کُشان سلطنت چہِ ریتہٕ کالٕچ راز دٲنۍ چھِ کٲفی مقدارس منٛز رومی سلطنت پٮ۪ٹھ درآمد کرنہٕ آمُت سامان حٲصِل کران خاص طور  شیشٕک مختلف قسمٕک سامان۔
1717,سہٗ اوس سکویر  ، انکارپوریشن كہِ بورڈ آف ڈائریکٹرٗك رٗکٗن ۔
1718,"سُہ گُزریٛوو 18 اکتوبر 2019 90 ؤریہہ  وٲنٛسہِ منٛز رانکاگواہَس منٛز۔
"
1719,سُہٕ چُھ  زارا لباس تہٕ مٗنصلك چیزن ہندِیو پرچوُن دٗكانو٘ كِنہِ بہترین پٲٹھہِ زاننہٕ یوان ۔
1720,بالہٕ چھِ نَوَن بالَن ہِنٛدِس ترتیٖبس منٛز تھاونہٕ یِوان مگر کانٛہہ خاص ترتیب چھُنہٕ۔
1721,یہِ چُھ کروٚہُن لاگنُک اکھ اہم وجہ، یُس ورنہ تہوار کین دۄہن منع چُھ۔
1722,فلمہ ہنٛد آغاز چھ أکس نفرس (سنجے دت) سۭتہِِ گژھان یُس سُلہِ  صبحٲیہ  بییر  چٮ۪وان چھُ  تہٕ پتہٕ  بییر تہٕ اڈلی کھٮ۪وان چوان چھُ ۔
1723,1970 منٛز پَنُن نوبل انعام حٲصل کرنہٕ برٛونٛہہ لیوٗکھ نارمن بورلاگن سوامی ناتھنس:
1724,یہِ آبشار بنٛیوٚو واریٛاہ خودکشیَن ہُنٛد وجہ تہِ تہٕ چھُ واریاہ موتو باپتھ بدنام۔
1725,"2000 پیٚٹھٕ چھِ امریکہ، کینیڈا، برطانیہ، آسٹریلیا تہٕ یورپس منٛز سیفلسٗك  شرح بڑان، بنیٲدی طور  تِمَن مردن منٛز یِم مردن سۭتہِ جنسی تعلق تھاوان چھِ ۔
"
1726,"2010 چہ مردم شمأری مطابق ٲسۍ اتہ 12,586 لکھ روزان ۔"
1727,آدی شنکر اوس اکھ مذہبی فلسفی ییٚمۍ ہندومتس فروغ دیُت تہٕ ادویتا  فلسفہ پھہلوو۔
1728,دراوڑی فن تعمیٖرس منٛز بناونہٕ آمُت، یہِ منٛدر اوس پلوا خاندان کِس نرسمہاورمن دوم سٕنٛدِس دۄرس منٛز بناونہٕ آمُت۔
1729,سٹیٹ بینٛک آف انڈیا آو 1 جولایی 1955 ہس منٛز قٲیم کرنہٕ۔
1730,اَمہِ میوٗزک ویڈیو سۭتہِ  میج سنہایہ  پنٕنہِ  گۄڈٕنِچ فلِم تٗم بِن، یوٚس انوبھو سنہاہَن  ڈایرٛٮ۪کٹ تہٕ سپر کیسٹس انڈسٹریز لمیٹڈَن پروڈیوٗس کٔرمٕژ ٲس ۔
1731,تشخیص ہیکہ مشکل ٲستھ کیازکہ علامتہٕ ہیکَن غٲر مخصوص ٲستھ۔
1732,تھار ریگِستانُک زِیٛادٕ تر حِصہٕ چھُ راجستھانَس منٛز واقع، امہِ کِس % 61 جغرافیٲیی علاقُس پیٹھ پھہلِتھ ۔ 
1733,دِلہٕ منٛز چھِ وارِیاہن بَڑیٚن شہرَن ہِنٛدِ  کھنٛڈرات لَبنہٕ یِوان   ۔ 
1734,"تۄہہِ پیٚیَو باقٲعدٕ زِنٛدٕ روزنٕكہِ  اخراجات، بِلہٕ تہٕ کِریانہٕ باپت منصوُبہٕ  خٲطرٕ رٮ۪تہٕ پتہٕ رٮ۪تہٕ بجٹٕچ ضٔروُرت۔
"
1735,"یہ ہٮ۪کو کھنٛڈس سۭتۍ رلٲوتھ تہ کیکن خٲطرٕ آیسنٛگ بنٲوتھ۔
"
1736,"فی سیزن   اوسط لگ بگ $20,000 تنخواہ كِنہِ چھِ کھلاڑِ باضٲبطہٕ نوكری كران،  زیادٕ تر لیکروسس غٲر وابسطہٕ ، تہٕ چھِ مٗختٔلف شہرن منٛز روزان، کھیلو باپت ہوٲیی جہازس منز قصبس منز یوان ۔ "
1737,"تمہ کنۍ چھ اتھ شعبس منٛز أمۍ سٕنٛدس ناوس پٮ۪ٹھ کٮ۪نٛہن تھیوریمن ناو تھاونہٕ آمت۔
"
1738,شدید بیمارِ  چِھ تقریبا 0.5% لوکن منٛز آسان۔
1739,"جرمنی منٛز چِھ لگ بھگ 4،100 دٗکان، تہٕ دٗنیاہس منٛز  7،600۔

"
1740,تٔمۍ تھوو سہ ناو 1945 ہس منٛز اگست انقلابس دوران۔
1741,سانہِ  برادری منز  اکہِ لاگدار بیمارِ ہٗند اچانك پھہلٗن  چھٗ سیٹھاہ تكلیف دہ ۔
1742,ایرانس منٛز چِھ پولو فیڈریشن آف ایرانٕچ حکومت۔
1743,باسان چھُ سرداری پیٛٹھٕ سلطنتن منز درجہٕ بَہ درجہٕ تبدیلی چھےٚ ینہٕ والین دورن منز سپزمژ۔
1744,کیٚنٛہہ دۄہ گژھِتھ چھُ گنیش چترتھی نہ مۄکھٕ اکھ بوٚڑ بارٕ جلوس نیران یتھ منز  چالٕکۍ سٲرٕی لوکھ  شٲمِل  چھِ سپدان۔
1745,"أکِس صند یافتہٕ  مٲلی منصوبہٕ سازس (سی ایف پی) گژھہِ سی ایف پی خطاب حٲصل کرنہٕ خٲطرٕ واریاہ تجرٗبہٕ آسُن تہٕ واریاہ امتحان پاس کرِمٕتہِ آسٕنہِ ۔
"
1746,داغ ؤچِھو، خاصکٔرِتھ گردٕنۍ، کژھ تہٕ اندرۍ پھچن أندۍ پٔکۍ۔
1747,ڈیلٹاہس منٛز بیٚیہِ کُنہِ جایہِ ماحولیٲتی نِظام تباہ گژھنہٕ کِس نٔتیٖجس منٛز چھِ ماہی گیر سرحدَس نزدیٖک گاڈٕ رٹنَس پٮ۪ٹھ مجبوٗر گٔمٕتۍ۔
1748,یہ قلعہٕ چھُ جمنا دٔریاو بٔٹھِس پٮ۪ٹھ امہِ كِس گنگایہ سٕتہِ  سنگمس نِش  واقع۔
1749,یہ دٔلیٖل چھےٚ اکہ فلیش بیکس منٛز گژھتھ 10 ؤری برون٘ہہ سپدِمٕتہِ حالات بیان كران ۔ 
1750,رام نگر قلعہٕ چھُ رام نگر، وارانسی، ہندوستانس منٛز اکھ قلعہٕ۔
1751,حالانٛکہ پرٛیتھ لٹہ اوس سہ صرف دۄیو ؤرییو کھۄتہٕ کم وقتس تام دفترس منٛز۔
1752,وننہٕ چھ یوان ز ہُنن ہٕنٛدیو حملو کوٚر یورپ تہٕ وسطی ایشیاہس سۭتۍ ہنٛدوستان کس تجارتس سیٹھاہ نقصان، خاص کٔرِتھ ہند-رومی تجٲرتی تعلقات، ییٚمہ سۭتۍ گپتا سلطنتس واریاہ فٲیدٕ ووت۔
1753,یہٕ چُھ N، Q، R تہٕ W ٹرینن سۭتۍ خدمت کران۔
1754,حال حالٕیہ  ،آیہِ ڈیٹا بیسکہِ تصوٗرات فائل سسٹم تیار کرنہٕ خٲطرٕ استعمال کرنہٕ  ۔
1755,ہالمسٹاڈ چُھ سویڈن کس ہالینڈ کاؤنٹی منٛز اکھ قصبہ۔
1756,عائشہ چھ اکھ پرٲنۍ اخبار كترن لبان  یوسہٕ وضاحت كران چھے٘ زِ منوہر کتھ کٔنہ آو   غبن کران رٹنہٕ تہٕ آو برخاست تہٕ گرفتار کرنہٕ۔
1757,پرٛیتھ قسمٕچ موسیقی ہُند صنف تہٕ انداز چھ عیسٲیی موسیقی منز لبنہٕ یوان ۔
1758,کینگری ہُک ایشور مندر چھُ 1050 عیسوی ہُنٛد۔
1759,"اگر نہٕ یہِ چیک کرنہٕ یِیہِ، یا سفید پس منظرس أنٛدۍ پٔکھۍ سوٗرۍ رنٛگ ہاوان، تیٚلہِ ہیٚکِو نہٕ تُہۍ یہِ زون وچھان۔
"
1760,سہ اوس سیٹرڈے نایٹ لایو باپتھ شارٹ فلم بناون وول دوٚیم نفر۔
1761,وونہِ گو،1605 ژس  منٛزتمہِ سندِس بٗڈِبب اكبر سٕنٛدِ مرنہٕ پتہٕ آو سُہ رچھنہٕ  یِنہٕ باپت  پنٛنہِ ماجہِ جگت گوسایں نِشہِ  واپس ، یمہِ سٖٗند  تس سہٹھاہ محبت اوس تہٕ اوس تسٗند سكھ خیال تھوان ۔ 
1762,کلرمونٹ کاؤنٹی، اوہائیو ہس منٛز چھ ترٛین ہنٛد موتک تصدیق سپُدمت۔
1763,"تاہم، اکھ بیٛاکھ مٗتعلہٕ گو٘ 3,828 ہن نفرن ہنٛدس نموٗنس منز ، یِم غٲر ادارٲتی امریكی آبٲدی ہنز نٗمایندگی كران ٲسہِ ، وٗمرِ سٕتہِ وابسطہٕ میكوُلر  گِراوٹس تہٕ وِٹامِن بی كِس میارس درمِیان وابسطگی ژھانڈنس منز ناكام ۔"
1764,کریٹس پیٹھ گوٚو مِنوآن سقافت   4700 ؤریہہ  برونٛہہ شروع ۔
1765,  تمۍ  سندِس مرنس پیٹھ کور حکُومتِ  ہندن اکہِ دوہ کہِ قومی سوگُک اعلان۔
1766,سکوٗل چھِ انڈین سرٹیفکیٹ آف سیکنڈری ایجوکیشن یا سنٹرل بورڈ آف سیکنڈری ایجوکیشن یا مغربی بنٛگال بورڈ آف سکنڈری ایجوکیشنَس سۭتۍ وابستہٕ۔
1767,دیچِھ حقوق نسواں چِھ معاشرٕک لگاونہٕ آمٕت جسمچ فکسڈ امیج تصوٕرٕچ مخٲلِفت کران ۔
1768,راکٹَس چھِ 'ساؤنڈنگ راکٹ' ونان، یُس زمینی ماحولٕکۍ پیٚٹھِم علاقہٕ تلاش کرنہٕ باپت ڈیزایِن کرنہ آمت چھُ۔
1769,توتہٕ رود کیسن نفرٕ سٕنٛد خٲطرٕ پراِن یتھ کٔنۍ ز سُہ اوس زندٕ ۔
1770,آٹو باڈی دکانس منٛز قۭمتی مرمت نش بچنہٕ خٲطرٕ کٔرِو پننِی گھرِ مرمت تہٕ پننہ کارِ ہٕنز دیکھ بھال۔
1771,نیشنل ویدر سروسَن چھِ مشرقی سمندری بٔٹھِس پٮ۪ٹھ واریٛاہَن شہرَن باپتھ واریٛاہ زِیٛادٕ گرمی ہٕنٛز وارننگ پوسٹ کٔرمٕژ یِمَن منٛز عام طور  امہِ قٕسمُک خطرناک گرم موسم چھُنہٕ آسان ۔
1772,ییٛلہِ رسیور  تَیار آسہِ ،سرور  کَرِ سرٕو ، حالانٛکہِ رسیورس   پَزِ سرور  سٕنٛدِس رَفتارَس مُطٲبَق گِنٛدُن
1773,بیافرا چھٗ یوٗنایٹڈ سٹیٹس چہِ گرین پارٹی ہٗنٛد رٗکٗن۔
1774,دیپاولی، ایودھا پوجاے، سرسوتی پوجاے، آیا ویکنڈا اوتارم، کرشنا جینتی، تہٕ ونایکا چترتھی ہیتھ باقی بٔڈۍ ہندو تہوار تہ چھ مناونہٕ یوان۔
1775,تلنگانہ ہچ لگ بگ 75 % آبٲدی چھےٚ تیلگو بولان تہٕ 12 % اردو۔ 
1776,دیوراٹَن دیُت عنوانَس پیٹھ تنقیٖدٗک جواب، یِہ ؤنِتھ زِ تمہِ  سُنٛد ارادٕ اوس نہٕ  یِہ لفٕظ ییہٕ بطور اشتعال انگیز وٗچھنہٕ ۔
1777,یہ چھ صرف ماجہ نش وراثتس منٛز میلان، حالانٛکہ کٮ۪نٛہہ نایاب مستثنیات چھ۔
1778,اگر مسٹر ہارپر تتہِ آسِہے تیلہٕ آسہے نہٕ تمہِ سندِ  ووٹن  نتیجہٕ بدلوومُت۔
1779,کیٛاہ تو٘ہہِ  کٔرِوا  یِتھیہ  پٲٹھِ ردِ عمل ظٲہِر اگر تہنٛد ٹوٹھ پنن فرض ادا کرنہٕ خٲطرٕ بے رحمی سان مارنہٕ ییہِ ؟
1780,کلاینٹن سوٗز مےٚ گرٕ پیٹھٕ ننہٕ خٲطرٕ اکھ گٲڑۍ تہٕ بہٕ روٗدس حٲرتہٕ سۭتۍ أچھن مرن دوان۔
1781,ییلہِ زن یہٕ لیكہٕ  انگریزی چھٗ ، یہٕ چھٗنہٕ بے حیایی ماننہٕ  یوان ۔
1782,وونِہ گو٘ ، یِمن خانقاہن تہٕ ستاواہن حکومتس درمیان سہی تعلٗق چُھنہٕ   واضح ۔
1783,ساؤنڈ ٹریک پیٹھہٕ  واریاہ بٲتھ آیِہ بیناکا گیت مالا کِہ سالانہٕ سرفہرست فلمی بٲنَن ہِنٛدِس فہرستَس منٛز شٲمل کرنہٕ۔
1784,منصوٗبہٕ چھ یِم  باقٲعدٕ عنكن تہٕ گاگلن  سۭتہِ لگاوٕنہِ ۔
1785,اینٹی تھائرایڈ دواہن ہٕنٛدۍ مضر اثراتن منٛز چِھ سفید خون کیٚن خلین ہٕنٛدس سطحس منٛز ممکنہٕ طور مہلک کٔمی شٲمل۔
1786,سوٗ اوس 1975 پیٹھٕہ 2022 ہس تام فِن لینڈکہ  پارلیمانک رٗکٗن ۔
1787,تۄہہِ روزیو زیادٕ صحیٖح پتاہ زِ تُہۍ کٲژاہ ادایگی چِھو کران، تہٕ ہیٚکِو پنُن پان رُکٲوِتھ ییٚلہِ تُہۍ پنٛنِس خرچن حدس نزدیٖک وٲتِو۔ 
1788,یہِ چھُ کومارم بھیم پیٹھٕ 30 کلوٗمیٹر تہٕ حیدرآباد پیٹھٕ 350 کلومیٹر کِس فٲصلَس پیٹھ واقع۔
1789,ملازِمن چِھ اکثر پننہٕ نوكری راوان ییلہِ كمپنی  چیپٹر  7 فائل کران چھِ ۔
1790,یِمَن مُقابلَن ہُنٛد مقصد اوس مُخٲلِفَس کُنہِ تہِ ضروٗری طریقہٕ  تھدس پلیٹ فارمہٕ پٮ۪ٹھہٕ دٲرِتھ دِیوٗن ۔
1791,یہ آو سویریجز ٹیلی ویژنس پٮ۪ٹھ نشر کرنہٕ ، ییٚمیوک اکھ سیزن اکتوبر-دسمبر 2008ٹھس منز نشر كرنہٕ  ۔
1792,بیلے ویوُ، اِداہو بیلے ویوُ چُھ امریکہ کِہِ اِداہو ہٗك اكھ  شہر۔۔
1793,یہ کٲم آیہ پیٹنس پیٹھ تر٘اونہٕ ، یُس نارمنڈی منٛزِ تقریبا بلا مقابلہ در٘او ۔
1794,"ملیالم زبانہِ مَنٛز چھُ لفظ 'تھنمالا' ہُک مطلب ""ماچھہِ بال""۔
"
1795,ایوینجر ٹو، یتھ منٛز ٹیمو میکینن، پاسکو واٹسن تہٕ برائن ہینڈیکوٹ ٲسۍ، راؤنڈ برطانیہ ریس ٲس شروعاتہٕ پیٹھٕ ٲخرس تام کامیٲبی ہٕنٛز دلیل۔
1796,سُہٕ چُھ سُہٕ متنبہ کران زِ سُہٕ چُھنہٕ سُہٕ سُہٕ سُہٕ خٲطرٕہ کُنہٕ تہٕ آسان بناونہٕ یوان۔
1797,بہٕ چھس پرٛیتھ وِزِ چٲنس بٕتھس پیٹھ اسنہٕ ہنا وٕچھان ییٚلہ تہٕ ژٕ پننس لیپ ٹاپس پیٹھ انٹرنیٹ استعمال چھکھ کران۔ باسان چھم ز ژےٚ چھُے یہ انٹرنیٹ کنیکٹیویٹی پسند۔
1798,11 ہِمِس  کلاسس منٛز ترٛوو کوٗیکن ہائی سکول  ۔
1799,یہِ چھٗ کینٹکی دریاوس سۭتہِ سٕتہِ ریاست کس مرکزی حصس منٛز  ۔
1800,یہ قلعہٕ آو 17ہمہِ  صٔدی منٛز مدوٗراے کس تھیروملایی نایک سٕنٛدس دور ِحکومتس منٛز بناونہٕ ۔ 
1801,"سُہ آو این ایف ایل پلیئر آف دی ایئر قرار دِنہٕ تہٕ  پرو باؤلَہٕ باپت  مٗنتخب کرنہٕ۔
"
1802,کوشش کٔرِو پننِہ ماہانہ آمدنی ہُنٛد کم از کم 25 % بچت خٲطرٕ الگ  تھاوُن۔
1803,وۄنٛگوٚو، 1966 پیٚٹھٕہٕ چھٗ  پدما کہِ زمین ژٹنہٕ سٕتہِ  660 مُرَبع کِلومیٖٹر کھۄتہٕ زیادٕ زٔمیٖن اَتھٕہٕ گوٚمُت۔ 
1804,1 میی  1996 پٮ۪ٹھہٕ چھٗ  رولینڈ ہیلفریچ میٚیر۔
1805,دۄہہ چھ رسمی شرانہٕ سۭتہِ سُلی  شروع گژھان، پانس  خوشبودار تیل متھان، ییمہِ پتہٕ پوُزاہ کرنہٕ  یوان چھے٘ ۔
1806,باقی سیكہِ كنہِ ہی جوڈن وٲلہِ ، یم فائیلایٹس تہٕ تاہ دار كنین  سۭتہِ  چھ آسان، چھ تعمیرٲتی کٲمیٚن خاطرٕ تہٕ استعمال یسپدان ۔
1807,کینٛہہ کھلٲڑۍ چِھ نہٕ سیڈل کمبل اِستعمال کران۔
1808,"نرمدا چھُ مدھیہ پردیش کِس انوپ پوٗر ضلعہٕ کِس امرکنٹک ۄُڈرو  پیٹھٕ نیران۔
"
1809,یہ آو گۄڈنچہ لٹہ 18 مارچ 2019 جٲری کرنہٕ ۔
1810,"سیفلسَس منٛز مرکٔزی نٲجن ہٗند نِظام مٗبطلاع  گژھٗن   (یا تہِ علامتو ورٲیہِ  یا علامتہٕ ہیٚتھ) ہٮ۪کہِ لاگہِ ہندِس  کُنہِ تہِ مرحلَس منٛز گٔژِھِتھ ۔
"
1811,فورٹ ولیمُک گورنر جنرل  اوس  شروعٲتی  كٗنوٗہِمہِ صدی  منز سركٲرِ مكانہٕ بننس تام بیلوِڈیرے كلكتہ ہس منز روزان ۔
1812,"تٔمۍ گینٛد تمہ وقتہٕ کٮ۪ن سرکردٕ کنڈکٹرن سۭتۍ، خاص طور پٲٹھۍ ہربرٹ وان کاراجنس سۭتۍ۔
"
1813,یتھ کٔنۍ آیِہ سیپک ٹَکراوٕچ اکھ گیٚم، یتھ منٛز کھلاڑین ہنٛز ایٚکروبیٹک حرکتہٕ چھ وٕچھنہٕ یوان، باضٲبطٕہ پٲٹھۍ بین الاقوٲمی سطحَس پیٹھ سرکٲرۍ طور متعارف کرنہٕ۔
1814,سُہ بنیوو 1977 پٮ۪ٹھٕ1983 تس تام فریڈرکسٹاڈ کیتھیڈرلک ڈیٖن۔
1815,مےٚ چھ افسوس ز میون پسندیدٕ ٹیم چھنہٕ از جان گنٛدان۔
1816,واریاہ فرضی ساینسدان چھ پننس دعواہن ہندِس حیمایتس منز   حقیقی ساینسی ثبوُت ژاران ۔
1817,زنانہِ ہُنٛد اہم کِردار پیش کرنس منٛز مدتہٕ خٲطرٕ پٕرِ امہِ  تیلگوٗ سبق۔   
1818,"افریقہ تہٕ مشرق وسطیٰ ہس منٛز چھ مانکالا اکھ مشہوٗر بورڈ گیم آرکیٹایپ یتھ منٛز واریٛاہ علاقٲیی تغیرات چھ۔
"
1819,باقی مسلن منٛز چھ درجہٕ بندی، جنس، بین ضلعہٕ، تہٕ شہری تہٕ دیہٲتی عدم مساوات شٲمل۔
1820,یِتھٮ۪ن معاملن منٛز چھِٗ بَڑِ أنٛدرم کہِ ٲخری حِصُک ڈِجِٹل تفتیٖش ریٚٹوویٚسِکل پاوچس منٛز نرمی ہاوان۔ 
1821,تاخیر کہ وجہ كِنہِ لو٘گ اداكار ژارنس  منز نسبتا زیادٕہ وقت، یتھ منز واریاہ اصلی ژارِمٕتہِ اداكار پروجكٹ نِش الگ گیہ ۔
1822,تجٲرتی تہٕ صنعتی توانٲئی ہنٛد استعمال چھ کاروبأرو دٕسہِ  قوبوُ یوان کرنہٕ ۔
1823,"یہِ اوس تمۍ سُنٛد شیٚیِم عالمی ریکارڈ تہِ، یُس سپیٹز سٕنٛدِ طرفہٕ قٲیِم کرنہٕ آمُت وٲحِد اولمپیاڈ ریکارڈٕ کھوتہٕ تہِ اکھ کم اوس۔
"
1824, سطح یِم نہٕ تختہٕ ہِشہِ آسن ہٕ  ہیٚکن وقتس سٕتہِ وتنہٕ یِتھ  ییلہِ زن تختہٕ سطح ہموار روزن تہٕ پرانن نہٕ ۔ 
1825,یہ کونسل چھ درج فہرست قبیلن ہٕند زیادٕ تعداد والین 527 ہن گامن منز مقٲمی حکمرٲنی ہٕنٛدین کینژن چیزن خٲطرٕ ذمہٕ دار۔
1826,1980 كِس دہِلِس  منٛز ژاو سُہ کینٛژس کالس سِیاستس منٛز تہِ۔ 
1827,پنٛنہِ ضٔروٗرِتہٕ حِسابہٕ ڈِزاین تہٕ بناونہٕ آمتین سافٹ وِیر پیكیجن باپت دِیو آن لاین ژھانڈو ۔
1828,14 مہٕ صدی منٛز، کمبوڈیاہٕچ ملکیت گیۍ 1389 تام سِیامس نِش۔
1829,"مٔلِک نائک سنٛدِس  قیادتس منٛز دٕژ علاؤالدین سٕنٛدِیو 30,000 مَضبوٗط گٗرِ سَوارو امروہا  کِس جنگس منٛز منگولن شِکست ۔"
1830,میٛون دکان چھ أکس خراب ہمسایہ گری  منٛز تہٕ مےٚ چھٗ ژوٗر گژھنُک خوف۔
1831,ٹیبلوئڈ پریسَس منٛز چھُ لگاتار وُچھنہٕ یوان ، تٔمہِ چھُ بطور شرٲبِہِ  علاج ژھورمٗت تہٕ  پُلیٖسس چھِ پتاہ  ، یُس گۄڈٕ پرتشدد جُرمَن باپت  جیلَس منٛز سزا گٗزاران اوس۔
1832,"ایسٹرُک تعین چُھشمس قمری ژكھر کِس بُنیادس پیٹھ کرنہٕ یوان ۔
"
1833,"یِم لُکھ زیادٕ مذہبی ماننہٕ  چھِ یوان ،  چھِ یہِ عمل لگاتار ترٛٮ۪ن دۄہَن  جٲری تھوان، یَتھ ترِ ماگھی  ونان چھِ ۔
"
1834,ہندوستانُک وٲحِد فعال آتش فشاں، بیرن آیلینڈ  چھُ ییتی واقع ۔ 
1835,خیال چھ یوان کرنہٕ ز کینٛہہ ڈھانچہٕ چھ اناجٕک ذخیرٕ۔
1836,یہ فلم ٲس دسمبر 1995 منز امریکی تھیٹرس منٛز ریلیز گٔمٕژ ۔
1837,دِوِیا ناوٕکہِ أکہِ سردارن مور سُہ تہٕ کوٚرن وریندرا علاقس پٮ۪ٹھ قبضہٕ ۔
1838,"پرٛیتھ ٹیٖمس منٛز چِھ زیادٕ کھۄتہٕ زیادٕ 11 کِھلٲڑۍ (مُتبٲدِل ورٲے) آسان، یِمو منٛزٕ اَکھ گول کیپر آسُن گَژھِہ ۔
"
1839,2000 ہس منزٲسہِ  بیلے ہیونس منز لگ بھگ 480 لوُکھ روزان۔
1840,خاموشی گٔیۍ واریاہ یتُھوے مےٚ تِمن نِشانن كُن نظر ترٚٲو یِم میٲنۍ وتھ طے كرہان۔
1841,ایلیٹ چھُ وینی تہٕ بڈی یس  لبان تہٕ چھُ پننٮ۪ن دوستن بچاونہٕ خٲطرٕ پٮ۪ٹ پیراڈیسو گژھان۔
1842,نقل و حمل خدمات چھ بنیٲدی طور ملکی جہاز تہٕ مسافر جہازٕ ذریعہٕ فراہم کرنہٕ یوان۔
1843,کولیئرز چھِ وُنیُک تام تبصرٕ خٲطرٕ  غیردستیاب۔
1844,کِشَن گَڑھ چُھ ہِنٛدُستانُک شَہرِ سَنٛگہِ مَرمَر نٲوِ زاننہٕ یوان ۔
1845,نوُر جہاں گیہ پاکستان یتہِ تمۍ گلوکار احمد رشیدی یس سٕتۍ جورِ بنٲو ۔
1846,مقامی طور سفر کرنہٕ باپتھ چھ ملکس منٛز زیادٕ تر حصن ہنٛدۍ پٲٹھۍ ریاستس منز آٹو رکشہ تہٕ سایکل رکشہ۔
1847,تمۍ سندِ مرنہٕ پتہٕ دیوُت اورنگ زیبن، پننہِ منصوبہٕ حِسابہٕ زبردستی اجیت سِنگھ برونہہ كُن مغل فوجس منز شٲمِل كرنہٕ باپت ، سِنگھ سٕنز مۄنڈ تہٕ تمۍ سُند نیچوُ اجیت سِنگھ دِلہِ اننك حُكم ۔
1848,فِلِم چھےٚ مزٕ سۭتۍ بٔرِتھ، ضروٗری چھُنہٕ زِ زٲنِتھ مٲنِتھ۔
1849,ایر ایشیاہسیاہن کوٚر این ٹی ایس سی تفتیشس تام تبصرٕ کرنہٕ نش انکار، یٔمچ کینژھن ریتن تام جٲری روزنک توقع چھ۔
1850,1955 ہس منٛز ترٛوو اورباچن کالیج تہٕ گوٚو نِو یارک شہر ییٚتہِ تٔمِس تِھری پیٚنی اوپیراہس منٛز شاگرد سٕند حیثیتہ کٲم کٔر۔
1851,"اتھ فلمہ منٛز چھ زینت امان، اندرانی ہلدر، شبھ مکھرجی تہٕ راجیش شرماہن اداکٲری کٔرمٕژ۔
"
1852,کینٛژو  طریقو چھِ یِم کلورین کھۄتہٕ بہتر ۔
1853,زیادٕ لٕٹہِ بو٘ڈ پیشاب یٗن ، وزن كم گژھٗن ، آولٗن پھیرٗن ، تھكاوٹھ تہِ تپھ تہِ چھِ دود تیزنہٕ وِزِ عام ۔ 
1854,غٲر ضروری خرچہٕ ختم کرنہٕ یا ضرورت مطٲبق پنٗن  بجٹ رقم ویپراونہٕ خٲطرٕ روزیٛو پننس بجٹس  پیٹھ باقٲعدگی سان عمل کران ۔
1855,واریاہَن گامَن منٛز چھِ واریاہ مندر یِم دریاو کِس زیچھرس تہٕ کھجرَس پیٹھ پھہلِتھ چھِ۔
1856,بہ چھُس ترہران ز مےٚ  ما چھ ہوش رٲوۍمٕتۍ نتہٕ کیٛاز چھس نہٕ بہٕ ہیکان چانہ کتھِ کن تھٲوتھ۔ (دوس ۱)
1857,تمۍ ترٲوِ 1945 منز گاوں کی گوری فِلِمہِ منز کٲم کرِتھ ہندی فلمن منز قدم ۔  
1858,"تقریبن 16,000-39,000 افراد چھ ہونین تہٕ باقی جانورن نزدیک یوان یمن پرٛیتھ ؤریہ ریبیز چھ گژھان۔"
1859,علاودیٖنن اوس   پدمِنی  ژھلہٕ سٕتہِ حٲصل كرنٗك اِرادٕ كو٘رمٗت ۔
1860,قٔدیٖم مارکندیشور شِو مٔنٛدِر چُھ مارکنٛڈیشور تالابس نكھہٕ  ، ،جگن ناتھ منٛدر، پوٗری، اُڈیشہ، ہِنٛدُستان کِس شُمالس منٛز ماركنڈیشور سڈكہِ پیٹھ واقع ۔
1861,ہٹِس ورم ہیكہِ  ہیکہ لیرنجیل ڈِپتھیریا ، بیکٹیریل ٹریکائٹس ، لارینگوٹراکیوبرونکائٹس ، تہٕ لارینگوٹراکیوبرونکو نیومونائٹس تہِ ٲستھ ۔
1862,"اگر تلہٕ پیوت زیادٕ بڑِ، جرٲحی سۭتہِ کڑنٕچ ضرورت ہیكہِ  پیتھ ۔
"
1863,گلگامشٕچ دٔلیل چِھ قدیم میسوپوٹیمیاہٕچ اکھ زَبردَست نظم ۔
1864,آرٹ فلمہٕ بناون وٲل فلم ہدایت کار چھِ یمن بلک بسٹر فلمن سۭتۍ واریاہ مختلف بناونہٕ خاطرٕ کوشش کران۔
1865,تاہم، یتھ کٔنۍ زن پرٛیتھ کانہہ چھ زانان، لوکن ہند خٲطرٕ چھ بدلن مشکل۔
1866,آرمڈ فورسیز سٕپیشل پاورز ایکٹن (AFSPA)، یُس 1958 منز ہندوستٲنی حکومتن منظور کوٚر، تمۍ دتۍ ہندوستٲنۍ فوجس اتھ علاقس منٛز نظم و ضبط برقرار تھاونہٕ خٲطرٕ خصوصی اختیار۔
1867,"اَتھ خٕطس منٛز تہِ چھِ ہولِکایہ  ہنز  داستان موُجوُد ۔
"
1868,"یہ چُھ ہنٛدستٲنہ ریاستن تہٕ مرکزی زیر انتظام علاقن لداخ، ہماچل پردیش، اتراکھنڈ، سکم تہٕ اروناچل پردیشس سۭتۍ 4,057  کلومیٹر پکان۔"
1869,فائٹ کارڈس منٛز ٲسہِ  لگاتار  جاپٲنہِ  کِک باکسرن تہٕ تھائی (موئے تھائی) باکسرن  درمیان لڑٲیہ شٲمل آسان ۔
1870,کتھکلی ہٕنٛدِ رٮ۪وٲیتی موضوع چھِ لُکہٕ دٔلیٖلہٕ، مذہبی داستانہٕ، تہٕ ہیٚنٛدۍ رضمییو٘  تہٕ پُرانو  پیٹھٕكہِ روُحٲنی خیال۔
1871,یہِ کرن وول وٲحِد ناو كورمٗت نِظام ییمہِ یہِ كو٘ر اوس 7 جون 1997 تھس مَنٛز سین سلواڈورس نزدیٖک گرمِیٲتی طوفان اینڈریس۔
1872,ایسوفیجیل کینسر چھ ایسوفیگس سس منٛز کینسرک اکھ قسم۔
1873,در حقیقت چھِ  ہسہِ بزات خۄد  ہنٛدستٲنِہ ریواجن منٛز تٲریٖخی اہمیت تھاوان۔
1874,الگ الگ  کرنس منٛز چھٗ تٗہٗند   پوٚنٛسہٕ اكِس یا دۄن  سرمایہ کٲرۍ ین منٛز تراونہٕ بجایہ مختلف سرمایہ کٲرۍ ین منٛز تھاوٗن شٲمِل ۔
1875,"سینڈ سٹونٕچ زیادٕہ تر اصلی ساختہٕ چِھ میٹامورفزِم کہِ ذریعہِ تباہ گژھان۔
"
1876,"تاہم ، محمد ابن نجیب بکراننٕۍ جہان ناما ہَن (c. 1200-1220) کٔرۍ خلج لُکھ بطورِ ""ترکن ہند قبیلہ"" بیان یِم زبان بدلی منزۍگزران ٲسۍ ۔"
1877,"1 جنوری 2019 ہس تام چِھ اتھ منٛز لگ بگ 10,200 لوُکھ روزان ۔"
1878,کاڈُنگان (7 صدی عیسوی) سٕندِ ذریعہ سَپٕز اتفاقن پانڈیا طاقتٕچ بحٲلی  شیوی ناینارن تہٕ  ویشنو الورن ہندِس اہم بننس سٕتی ۔ 
1879,توہہِ ہیٚکو یہ تخمینہٕ تہِ كرِتھ   زِ مٗمكِنہٕ طور  کتھہٕ پٲٹھہِ كرنتِم   قرٕض واپس ۔
1880,"1 جنوری 1941 ہَس منٛز آیِہ فلومینینس ڈی فیرا فوٹیبول کلبٕچ بُنیاد تراونہٕ۔
"
1881,یہِ چھِ برطانیہ ہس منٛز ساروی کھۄتہٕ پرٲنہِ سائنس پارک ۔
1882,برطانوی عوام بانبریوو  تہٕ سامراج مُخٲلف تہٕ ہندوستان نواز حٲمیو راورٲو پنٕنۍ تمام حمایت۔
1883,کیمپ سائٹ یِمۍ آبَس، گَنٛدٕ آبَس تہٕ بجلی سٕتۍ منسلِک چھِ آسان یہِ چھُ تُہندین پژھین باپت زِیادٕ آرام دہ بناوان۔
1884,سہٗ چھٗ اکھ سیٲسی تبصرٕ نِگار تہِ   یٗس باقین شو ہن منٛز نظرِ گژھان چھٗ ۔
1885, وری گزرنس سۭتۍ سۭتی گٔیہِ یہ برادری محصور تہٕ سمٲجی تہٕ معٲشی طور اکثریتی برادری نشہ  الگ۔
1886,1993 منٛز پنٕنۍ صدارت ختم گژھنہٕ پتہٕ کٔر بشن تم سرگرمیہٕ یمو باقین لوکن مدد کوٚر۔
1887,انسانن منٛز چھ کھورُکھ ہیرِم حصہٕ ڈوسرل حصہ ۔
1888,بہٕ اوسس نہٕ روتلہ آکلینٛڈ کہ شہرٕ مٔنٛزِ گٲڑۍ چلاونس بہران، تہٕ مےٚ اوس نہٕ  پان محفوظ باسان۔
1889,مایکروسافٹن کوٚر ہوم پریمیم تہٕ الٹیمیٹ ایڈیشنس منٛز ونڈوز میڈیا سینٹرس سۭتۍ ونڈوز وِسٹا جٲری۔
1890,بییہ طرفہٕ چھنہٕ یوایس بی جویسٹکس کیلیبریشنٕچ ضروٗرت ۔
1891,تٔمہِ اوس وفورڈ کالیجس تہٕ واشنگٹن یوٗنیورسٹی منز پوٚرمُت ۔
1892,امٹس سُنٛد لۅکُٹ نیٚچو وِکاس تہٕ تسٕنٛز خاندارِنۍ بھارتی چلوو ہسپتال آنندوانس منٛز تہٕ بییٚہِ نیوکھ حِصہٕ سیٚٹالایٹ پروجیکٹس کِس آپریشن منٛز تہِ۔ 
1893,مُختلِف داستانو  مطٲبِق گوٚو پرماردی حملہٕ پتیہٕ فوراً مٔرِتھ یاسٗبقدوش ۔
1894,امِچ آبٲدی چھےٚ 2010  منٛز 212 بسکیٖنن ہٕنز ۔
1895,تٔمہِ بنٲو اکھ پروڈکشن کمپنی ٹین تھٕرٹن پروڈکشنز تہِ ۔
1896,بریڈلبین تہ چھ فیڈرل ہائی وے  کس شروعس نزدیک۔
1897,سُہ اوس بطور کھلٲڑۍ تہٕ کوچ ہمیشہٕ تنازعاتہٕ خٲطرٕ اصل ۔
1898,منٛدرَن برٛونٛہہ کنہِ چھُ اکھ تاڈ کُل کھڑا کرنہٕ یِوان تہٕ  چُھ لٔکرِ ہندِ جنگلہٕ تہٕ خۄشك تاڈ وتھرو٘ سٕتہِ ولنہٕ یوان ۔ 
1899,واریاہ تھرِ گاسہ تہٕ فرن تہ چھ پاین بنجرس منٛز وۄپداوان۔
1900,تمۍ سٕنٛز خانٛدارنہ مولی ین کٔر آنندس منٛز سیاحن ہنٛز میزبٲنی۔
1901, امریکہ تِہ چھ براہ راست غٲر ملکی سرمایہ کٲری منز تہِ رہنٖمٲیی كران۔
1902,"تنتر چھُ باطنی رٮ۪وایتَن ہُنٛد اکھ سلسلہٕ یُس ہندوستانَس منٛز 5 مہِ صدی عیسوی تام پٲدٕ گژھُن شروع  گومُت اوس ۔
"
1903,زوال چھ ایکسولما کہ سوجنہٕ پتہٕ گژھان، تہٕ أخٕرکار چھ مالہ ہوۍ ایکسونل سپیرائڈز بنان۔
1904,ڈھولكی  تہٕ تمبوُرٕ  چھِ کورسس سۭتہِ یکسانگی منٛز واینہٕ یوان ۔
1905,غذٲیی اجزاء کہ اضافہٕ سٕتۍ چھ کلٮ۪ن کٹٮ۪ن ہٕنٛدٮ۪ن انواعن درمیان زیٛادٕ مقابلہٕ پٲدٕ گژھان۔
1906,تٕمہِ  سٕنٛدِ مرنُک وجہہ اوس شِشنٲرِس  کینسر تہٕ دلٕچہِ بٮ۪مٲرِ ۔
1907,"جلی کٹو چھُ عموٗمَن ہِنٛدُستٲن چہٕ رِیاست تامِل ناڈوَس منٛز مٹو پونٛگل دۄہ پونٛگل تقریبہِ ہِنٛدِ حِصہٕ پٲٹھۍ مناونہٕ یِوان، یُس پرٛٮ۪تھ ؤرِیِہ جنؤرِیَس منٛز سپدان چھُ۔
"
1908,اشوک اوس واریاہن سٹوپاہن ہندِ تعمیرک ذمہٕ دار، یم بٔڈۍ گنبد ٲس یمن پیٹھ بدھ سنٛز علامتہٕ آسٕہ۔
1909,"یہِ چھُ نَیہِ دِلہِ پیٹھٕ 250 کلوٗمیٹر شُمال مغرِبس منٛز تہٕ ریاستی دارالحکومت چندی گڑھ پٮ۪ٹھٕ 260 کلوٗمیٹر جنوٗب مغرِبس منٛز واقع۔
"
1910,رِیاستَس منٛز اوس اکھ زرخیز میدان شٲمِل، یُس توٚمُل پٲدٕ کران اوس۔
1911,الورنا قٕلہٕ یتھ ہالرن قعلہٕ تہِ ونان چھِ ، چھٗ گوا کٮ۪و پرانیٖو قعلو منٛز اكھ ۔
1912,"دَاہ ؤریہہ پتہٕ چُھ لُفی 17 وُہُر تہٕ  واریاہ تربیت كرِتھ ۔
"
1913,ستمبر 1988 ہس منٛز مٲر أکہِ سواین فلو وایرسن  اکھ زنانہٕ تہٕ باقیین كو٘رٗن انفیكشن ۔
1914,حاملہ زنانہٕ ہٮ۪کن یہ استعمال کٔرتھ ، مگر تم زناننہٕ نہٕ یمہٕ ببہِ دۄدھ چاوان آسن ۔
1915,تیم سٕندِس پاس چِھ زٕ بہنٕ، کیری تہٕ لوری، تہٕ اکھ بھائی، روبی۔
1916,اقلیتی جمٲژن ہٕنٛد رقص چین باقی شکلن منز چھ موگٕکۍ سنگراہہ تہٕ اوا رقص، ہلمک ہایی ہک رقص، گاروہک وانٛگلا رقص، تہٕ چکماہک بیزو رقص شٲمل۔
1917,پنٛنس حکومتس دوران، کٔر تٔمہِ پنٛنس نٔسلی گروٗپ، ہٗتٗسٕچ  حٮ۪مایت۔
1918,ہنولس منٛز واقع مہاسو دیوتا مندر چھ پنٛنہ روٲیتی لٔکر کامہ خٲطرٕ قٲبل ذکر۔
1919,کِل دِلٕچ موسیٖقی ٲس شنکر-احسان – لوئے (شنکر مہادیون، احسان نورانی تہٕ لوئے مینڈونسا) ترتیب دِژمٕژ، بٲتھ ٲسہِ  گلزار سٕنٛدِ ۔
1920,"ارجنٹیناہس منٛز ، آیہ 50,000 کاپی کٕننہٕ خٲطرٕ سنگلس گولڈ  صند  دِنہٕ ۔"
1921,یہِ چھٖ امہِ كِنہِ زِ آرتھوڈوکس چرچ چھٗنہٕ پننین گِرجن منز سازن ہٗند  اجازت دوان ۔
1922,"مکر سنٛکرانتی چھُ اُتراکھنڈُک اکھ مقبول تہوار۔
"
1923,ریاست چہ آبٲدی ہٕٗنٛد گنیر  چھٗ  189 نفر فی مربع کلومیٹر ییٚمچ 2001-2011 چہ دہایہ ہٕنٛز بڈنٕچ  شرح  %18.81 چھے٘ ۔
1924,"ٹریفکَس منٛز اضافہٕ آو ؤریہِ کِس شروٗعاتَس منٛز  دِیوٗت کوانٹکاسٹن اضافٗك اطلاع  ، مارچ کِس ٲخرَس منٛز40,560 پیٹھہٕ اپریل کِس ٲخرَس منٛز 57,201 وِزٹر  ۔
"
1925,پوٹلوئی ہُنٛد شاندار ڈیزائن اوس منی پوٗرٕکہِ  ویشنو بادشاہ مہاراجہ بھاگیہ چندرَن أکِس خوابس منٛز تصَوُر کوٚرمُت، یَتھ منٛز تٔمہِ  پنٕنہِ  کوُر پوٹلوئیَس منٛز نژان وُچھ ۔
1926,پیری پلس چھ  قدیم ہند-یونٲنۍ حکمرٲنی تہٕ اتھ علاقس منٛز ہند-یونٲنۍ سکن ہنٛز مسلسل رایج آسنچ  مزید وضاحت کران ۔
1927,پوٗرٕ مغربی بنگالس منٛز چھ مختٔلف شہرن، قصبن تہٕ گامن منٛز پنڈال کھڑا کرنہٕ یوان۔
1928,سُہ اوس گۄڈٕنکِس عٲلمی جنٛگس دوران دوٚن ؤرِین امریکی فوجس منز ۔
1929,اتھ عرصس دوران اوس اکھ قومی وٗشوُ نظام یتھ منٛز معیٲری قٕسٕم، تدریسی نصاب، تہٕ تربِیت دِنہٕ وٲلہِ سٕنز  درجہٕ بٔنٛدی شٲمِل ٲس۔
1930,"جہازٕ درٛاو دیار بکر شَہرٕ پٮ۪ٹھٕہ تہٕ چھُ ترکی ہندِس  ساروِی کھۄتہٕ زِیٛادٕ آبادی وٲلِس شَہرس اِستمبولس  کُن پَکان۔
"
1931,"یہٕ چُھ مدافعتی نظام کہ ذریعہٕ جٲری گژھن وٲلہِ سائٹوکائنز کہ وجہ سۭتہِ گژھان یُس پھٹن والہِ سیفلس بیکٹیریا سۭتہِ جٲری گژھن وٲلہِ لپوپروٹینن ہنٛدس ردعملس  منٛز چُھ ۔
"
1932,سُہ آو پتہٕ ٹونڈایی یِچ موٗر زنٛگہِ ؤلِتھ بٔٹِھس پیٚٹھ  ییرٕ گژھِتھ ووتمٗت  لبنہٕ۔
1933,سوٗ بنیٛوو اکھ آنر سوسایٹی ہٗند  رٗکٗن یتھ آرڈر آف دی کویف ونان چھِ ۔
1934,اکتوبر 2018 ہس منٛز کوٚر فیبری ین اعلان ز أمس چھ ششنار کہ کینسرُک تشخیٖص کرنہٕ آمت۔
1935,ورژن 7.0 پیٹھہٕ شروع کرتھ ، گیم میکر آو یو یو گیم کمپنی ہند ذریعہ شایع کرنہٕ ۔
1936,لہمان اوس 2008 ہس منٛز ژٹنہٕ تام کٲم کران ۔
1937,یِتھہٕ  کٔنہِ زن  لفٕظ 'وِسَرجَن' یا 'نِماجَنَم' مَطلَب چھُ زِ اَمہِ دۄہ چھُ بھگوان گنپتی سٕنٛزِ مُورت  کُنہِ دٔرِیاوَس   ، سَمنٛدرَس یا آبَس منٛزتر٘اونہٕ یوان ۔
1938,یہِ چھُ خاص طور نومبرَس منٛز بلیک جُمہ دۄہ تہٕ سائبر ژٔنٛدٕروارِ دۄہ پوٚز تِکیازِ زیادٕ تر چیٖز آسَن سیٹھاہ کَٹوتی پیٹھ۔
1939,یہِ صوبہٕ اوس تُمُل، نون، میوٕ، شراب تہٕ قیمتی دھات تہٕ زیورات ساروٕی کھۄتہٕ بوٚڈ وۄپداوَن وول۔
1940,یہِ وٗچھٗن  چھ کروٹھ ز کورئیر پیمنٹس ٲس  غلط طریقہٕ عمل  کرنہٕ آمٕژ ، ییٚمہ سۭتۍ  مسلہٕ حل كرنس  غیر ضروری پریشانی تہٕ تکلیف سپُد ۔ 
1941,"زنانَن ہُنٛد ایونٹ آو  1988 تھس مَنٛز اولمپکسس مَنٛز  بطور اكھ  مظٲہرٕ ایونٹ  تہٕ 1992 تھس مَنٛز اَکھ  سرکٲرِ میڈل ایونٹٕ ٕمٗتعارٗف كرنہٕ ۔۔
"
1942,"اَمہِ سۭتۍ ہیٚکہِ ٹیٖمہِ کِس حملہٕ آور طرفس فٲیدٕ مِیلتھ مگر ییٚلہِ تِہنٛدِس دِفاع کِس معاملس منٛز یِیہِ تیٚلہِ ہیٚکہِ نقصان تہِ گژھت۔
"
1943,اگر خونک سرطان چُھ أکِس جایہِ آسہِ ، تِمن ہیٚکہِ ریڈیو تھیریپی كرنہٕ یِتھ ۔ 
1944,گلوکوزٕچ زیادٕ مقدار چھ سافٹ ڈرنکن تہٕ پھلن منٛز لبنہٕ یوان۔
1945,ہلدوانی منٛز اندرا گاندھی انٹرنیشنل سپورٹس سٹیڈیم چھُ اتراکھنڈ فٹ بال ٹیمہِ ہُنٛد ہوم گراؤنڈ۔ 
1946,یہِ چھُنہٕ اكھ اولمپیٲیی  کھیل، مگر یہِ اوس 1932 کِس سمر اولمپکسَس منٛز اکھ نُمٲیِشی کھیل۔
1947,ٹیمٗک حوصلہٕ چھ یوُت پست  تکیازِ اسٲمۍ چھِ  پریتھ وِزِ ناد دِنہٕ وقتہٕ تِم تہندِین جاین آسنٗك توقع كران ۔ 
1948,ورلڈ مارشل آرٹس ٹورنامنٹس دوران اپنٲو تٔمۍ جیکی چین سٕنٛز شناخت۔
1949,یہ البم آو 30 ستمبر 1997 جٲری کرنہٕ ۔
1950,8 اکتوبر مُود ڈنکن ایبولا وایرس بیمار سۭتۍ۔
1951,کنہٕ تہٕ صورتس منٛز، کونسلہٕ پتہٕ ینہٕ والن ورین منٛز، کمپیوٹیشنل سسٹم یس اسکندریہ کس چرچس ذریعہٕ تیار اوس آمت کرنہٕ معمول بننہٕ۔
1952,رِلیٖز گَژھنہٕ وِزِ ٲس 'انٛداز' اوٚتانہِ  سارِوٕے کھۄتہٕ زیادٕ پونٛسہٕ زینن واجیٚنہِ  ہِنٛدُستٲنہِ  فِلِم، یوٚتانہِ  امیُوک ریکارڈ اَمی ؤرِیہِ  کٔپوٗر سٕنٛزِ برساتن پُھٹروو۔
1953,زیٛادٕ تر الگ تھاونٕچہ مشقہٕ چھےٚ واریاہ خاص تہٕ یمن ہٕنٛدِ باپتھ چھ مخصوٗص آلہ درکار۔ 
1954,تبتی رامہٕ ہوُن ،یٗس منزۍ منزۍلداخین ہٗند جب كھیوان چھٗ ، چھٗ شِكٲرۍ جانورو منزٕ زیادٕ ہ مارنہ یوان۔
1955,"از چھ یہ عام طور تسلیٖم یوان کرنہٕ ز ہٹشیپسوٹن کوٚر فرعون سند مقام حٲصل۔
"
1956,ہیمپٹورپ چھ سویڈن کس اوریبرو کاؤنٹی منٛز اوریبرو بلدیہک اکھ علاقہٕ ۔
1957,تھراپی ہنٛد استعمال ہٮ۪کو شرٮ۪ن تہٕ نوجوان بالغن منٛز لاچٲری کم کرنہٕ خٲطرٕ کٔرتھ۔
1958,یمو منٛز چھ زٕ، S1 تہٕ S2، سٹیتھوسکوپ سۭتۍ ہاونہٕ یوان۔
1959,2019 منز ، اوس سُہ ریپبلکنک صدر ۔
1960,اَمہِ خوفہٕ  زِ مانِک شاہ ما گَژھِ مارٕ ، جنرَلن  لوگ امِس پنٗن مِلٹرٛی کرٛاس رِبَن یہِ ونان  ، “ أکِس موُدِمتِس  شخصس ہیكو  نہ  مِلٹرٛی کرٛاس اعزاز دِتھ “
1961,1808 منٛز کٔر ڈچی ین کنفیڈریشن آف رائن منٛز شمولیت۔
1962,"توٚہہِ  ہیٚکِو 30,000 ڈالرن ہٗند  قرضہٕ نِتھ یُس تۄہہِ ترٛٮ۪ن ؤریَن منٛز واپس کرنٕچ ضٔروٗرت پیٚیہ۔"
1963,یِم چھِ تِم شاٹ یِم قونوٗنی شاٹ گِنٛدُن مُشکِل بناونہٕ خٲطرٕ بناونہٕ چھِ یِوان، یِتھ کٔنہِ زن کیو بالہِ تہٕ آبجیکٹ بالہِ درمیان بیٛاکھ بال ترٛاوٕنہِ ۔
1964,ییٚلہ تِہ بہٕ فٹ بال گنٛدان چھس، مےٚ چھ واریاہ خوشی گژھان۔ زن اوسس بہٕ یہ کھیل گندنہٕ خٲطرَے زامُت۔
1965,اتھ ماڈلس چھِ بنیٲدی طور ہندو مُفکِرن ہٕنٛز حمایت۔
1966,بیٹلزن كٕر بہترین نٔوِ ہو٘نر مند تلاش كرنہٕ تہٕ بناونٕچہِ وو٘مید ۔
1967, 26 کِس اِشاریہس پیٹھ مزُورۍ ہنٛز کارکردگی چھ 25 کِہ قومی اوسط کھوتہٕ زیادٕ۔ 
1968,پتہٕ کوٚر سوماوامسی خاندانٕکۍ بادشاہن خطہٕ یکجا کرن شروع۔
1969,باقیہ ضٗمرٕ پیج  یم اتھ فہرستس منٛزظٲہر گژھان  چھِ ،  چھ بطور ذیلی غٗمرٕ  الگ الگ ویندنہٕ  یوان ۔
1970,تم علامتہٕ یم بچپنس، درمیانی یا بجہ وٲنٛسہ منٛز شروع گژھان چھ تِم چھِ واریاہ کم ۔
1971,عالمی بینکہِ مطٲبِق آو ہندوستانَس منٛز کُل زرعی زمینک صرف 35% 2010 منٛز معتبر پٲٹھۍ سیراب کرنہٕ۔
1972,یہٕ چھ کوارٹرنری ہنٛد دوٚیم تہٕ کینوزویک ہنٛد سٔتم دور۔
1973,یوٚدوَے صارفن چھنہٕ اضٲفی فیس پسند، تۄہہ ہیٚکو وننہٕ یِتھ ز تہنٛدس ایپس منٛز کٲتیاہ بیگ کٔرو دٲخل تہٕ ٲخٕری کینژن سکرینن منٛز کٔرو دٲخل۔
1974,سلیکوسس چھے٘ اکھ مٗستقل بیمٲرِ ییٚمیٗک کانٛہہ یلاج چھُنہٕ ۔
1975, جزیرٕ چھِ واریاہن ہجرت کرن والین پرِندن یِتھہٕ کٔنہِ زن  ہارسفیلڈس برونز كٗكوُ ،، زیپز   فلائی کیچر تہٕ جاوان تالاب کینكڈٕن خٲطرٕ بطور منزٕ رٗكنٕچ جایہ تہِ بكار یوان ۔
1976,ہیک بیری ، ٹیکساس ہیک بیری چھ U.S. ریاست ٹیکساسک اکھ شہر ۔
1977,"اٮ۪چ آیی ین چھ فرنچائزس پٮ۪ٹھ مبنی ٹورنامنٹ تہ منعقد کران یَتھ ہاکی انڈیا لیگ (ایچ آیی ایل) ونان چھ۔
"
1978,پوٗرٕ ملکس منٛز چھ مقدس رسومات ادا کرنہٕ یوان۔
1979,اتھ منٛز چھ أمس بطور اکھ أچھ ہلكہٕ  تہٕ اکھ گہرٕ اچھِ آسنٕچ وضاحت كرنہٕ آمٕژ ۔ 
1980,تاہم، سوُدِ مٗرکب چٗھ قرض یا سرمایہ کٲری پیٹھ سوُد لگاونٗك سیٹھاہ عام استمال سپدن وول  طریقہٕ۔
1981,"اگر تۄہہ شاپرس 4 سٹار ریٹنٛگ دژ، تۄہہ آسن کٮ۪نٛہہ وجہ، یتھ منٛز ""واریاہ کم کتھ باتھ""، ""لیٹ ڈلیوری""، ""چیزن ہٕنٛدۍ مسلہٕ""، ""تفصیلس پٮ۪ٹھ کم توجہ""، ""ناقص متبادل انتخاب"" تہٕ ""باقی"" شٲمل چھ۔"
1982,ذہنس منز منصوبہٕ بناوٗن چھٗ سیٹھاہ بہتر ، نتہٕ ہیكِو توہۍ سُہ دوہ  آرام كرنس منز یا فِلم وٗچھنس منز  بہتر پٲٹھۍگزٲرِتھ ۔
1983,"أمہِ سٕنٛزِ ویٚسہِ ہُنٛد اَکھ داوٕ چُھ نتاشا تہٕ نِروانس درمِیان شہوتی رغبتُک کھیل شروُع کَران ۔
"
1984,1954منز آو یِہ ملُک جینیٖوا  کانفرنسس منز دۄن حِصن منٛز تقسیم کرنہٕ ۔
1985,تمۍ سٕنز کُور چھے شانتی مینن، ہوسہٕ بنگلور کیس اکِس سکوُلس ڈہنز ایکڈمی ہنز پرنسپل چھے ۔
1986,نیوروسیفیلس چُھ  مرکزی نٲجین ہٗند نِظام مٗلوش كرن والہِ لاگہِ ہٗند حوالہٕ ۔ 
1987,1851 منٛز ووٚن بشپن ز یہ ظٲہر گژھن چھ ییٚقیٖنس لایق۔
1988,"نایبورگ: نایبورگ چھ سویڈن چہ نوربوٹن کاونٛٹی ہٕنٛد کالیکس بلدیہک اکھ علاقہٕ۔
"
1989,تٔمۍ ترٛوو بطور براڈکاسٹر پنن پیشورانہٕ زندگی جٲری تھاونہٕ خٲطرٕ کمیٹی۔
1990,بہٕ چھٗس 10 ہو ؤریو پیٚٹھٕ پاک حالانٛکہ مےٚ چھ پننہ سنجیدگی مٗتعلق دویم خیال یِوان۔
1991,1707 منٛز اورنگ زیب سٕنٛد مرنہٕ پتہٕ آو سامبھا جی سنٛد نیچو شاہو  بہادر شاہ اول،نوٚو مغل بادشاہ، سند زریعہ رہا کرنہٕ۔
1992,"جینز لیہمن بَنیٛوو گۄڈنیُک کِھلٲڑِ یُس سیموئیل ایٹو ہس پسپاہ كرِتھ فاینلس منٛز سوزنہٕ آو۔
"
1993,کوپیکی سنٛد گول اوس وٲحد ایکشن ییٚلہ سلوواک قومی فلاییرز گول کیپر براین باوچرس پک پھسلیٛوو، ییٚمہِ شینس پیٹھ 24 ہن منٹن منٛز 11 بچاو كٕرِ ۔ 
1994,جیل ہاؤس راک ستارٕ ایلوس پریسلے، جوڈی ٹائلر، تہٕ مکی شاگنی۔
1995,رلیشنل ماڈل کہ لحاظہٕ سۭتۍ منظم ڈیٹا بیسس چھ رلیشنل ڈیٹا بیس ونٛنہٕ یوان۔
1996,سہ اوس آیی آر آیی ایف ایف تہٕ پرسپولیسس منٛز بورڈ آف ڈایریکٹرزن ہنٛد رکن تہ۔
1997,بورس چھ سٹیجس پٮ۪ٹھ وچھنہٕ یوان ، مگر سہ چھ کٲفی افسردہ ۔
1998,موزو، اکھ سمٲجی فلم ریٹنگ سائٹن دیت چٹاگانگس 5  منٛز 3.5، یمہٕ سۭتۍ یہ اکھ 'تجویز کردہ' فلم بنییہ۔
1999,ترٛٗچ  چھِ أکس جنگلس منٛز كھٹِتھ  أکس پٕہرِ منٛزگٲر قونوُنی شراب بناوان ۔
2000,مقٲمی زبانن ہندِ اخبار یتھہٕ کٔنہِ زن ہندی، نیپٲلہِ، گٗجراتہِ، اوڈیا، اٗردو، تہٕ پنجیبِہِ والین تہِ چھِ مٗنتخب پرن وٲلہِ ۔
2001,استمال كرن وٲلہِ  چھِ اكِس اسامہِ   سرورس سۭتہِ جوُڑِتھ آی آر سی نیٹ ورکس تام رسٲئی حٲصل کران ۔
2002,"بیاکھ اکھ تعریف، یُس دکنس اکھ مختلف اکٲئی ویندان چھٗ ، چھٗ ""وسطی ہندوستان"" بطور مدھیہ پردیش تہٕ ""مشرقی تہٕ وسطی اٗتر پردیش""بیان کران۔"
2003,"ایریا کوڈ 203 اوس اکتوبر 1947ہس منز بنیمٕتیو٘  ایرِیا  كوڈو منز اکھ۔

"
2004,"اتھ اضٲفی وقتس چھُ عام طور رُکاونُک وقت یا زخمُک وقت وننہٕ یِوان تہٕ یہِ گژھہِ میچ سکریٹری تہٕ دۄن کپتانَن دِنہٕ یُن۔
"
2005,بریٹرپیٹز چُھ آسٹریا کِس ٹائرولس منٛز اکھ پہاڑ ۔
2006,پوارن کوٚر پتہٕ امہٕ کتھہ ہُند ننیر، دِتُن تنڈولکرس سارنٕے برۄنہہ  دھونی سُنٛد ناو برونہہ کُن اننک سہرٕ  یٔمۍ کپتان بنتھ واریاہ زیادٕ کامیٲبی حٲصِل کٔر۔
2007,پوسٹ چھ ڈیٹا جمع کرنہٕ خٲطرٕ کٲم کران یس زن أکس مخصوٗص وسٲیلس پٮ۪ٹھ چھ عمل کرنہٕ یوان۔
2008,مدِ مٗقابلہٕ ٹیمس خلاف کوچ سٕندۍ بے عزتی ہُند تبصرٕ اوس ناقابل معٲفی۔
2009,دٔلیٖلہ مطٲبق چھ یہ دواراؤتی برٛونٛٹھ تٲریٖخی سوانا بھومی سلطنتس سۭتۍ تعلق تھاوان۔
2010,امہ لاوٕ کِس انفیکشنس چھِ کینڈیڈیاسس یا تھر٘ش ونان ۔
2011,پرٛٮ۪تھ أکِس پٮ۪ٹھ اوس لیٚکِھتھ،  اعلیٰ قٕسمُک کیلہٕ حٔلوٕ، اٮ۪س اٮ۪س فارمٕز“۔ سِرٛنٛگیری سِرٛی نِواسن دیُت اَکھ پادرِس۔
2012,کینیڈا ، انگلینڈتہٕ باقی دنیاہس منز چھ موسیقی ہندۍ سامعین ۔
2013,شیریٖن شٛرینٛگر، یوٚس پننہِ سٹیج ناو شیریٖن یا شِریٖن ناوٕ سۭتہِ  زاننہٕ چھِ یِوان،یہِ چھےٚ اکھ ہندوستٲنہِ  اداکارہ، ییٚمہِ  تامِل، کنڑ، ملیالم تہٕ تیلگوٗ زبانَن ہِنٛزن فلمَن منٛز کٲم چھِ کٔرمٕژ۔
2014,یہ چھےٚ أکس جورٕ ترون (سومت نجھون) تہٕ شریشتی (مونا واسو) کس بارس منٛز اکھ دٔلیٖل یمن ہنٛد تعلق چھ تقریبا پوٗرٕ۔
2015,تِم ٲس ٹورنٹو ، اونٹاریو ، کینیڈاہس منز روزان ۔
2016,امیک مطالعہٕ چھ ہنٛدوستٲنۍ زرعی تحقیقس منٛز أکس نظامٲتی مسلہٕ کس حصہٕ طور کرنہٕ آمت۔
2017,نیٹ بال آسٹریلیا تہِ چھُ اکھ ترمیم شُدٕ کھیل چلاوان یَتھ نیٹا ناو چھُ  یوسہٕ 8 پٮ۪ٹھ 11 وٕرین باپت چھے٘ ۔
2018,ایم جی 1 بنیو MG1A3، یس پتہٕ MG3 بنیو۔
2019,شو چُھ وۄنی ایم جی ایم گرینڈ گارڈن ایرنس منٛز منعقد گژھان۔
2020,"تقریبا 3,848 کلومیٹر زیوُٹھ، برہم پٗتر چُھ خطس منٛز آبپاشی تہٕ نقل و حمل خٲطرٕ اکھ اہم دریاو۔"
2021,یِمَو مَنٛز آو 74 موتَن ہُنٛد وجہہ یَلو تپھ زاننہ۔
2022,افغان حکمران باز بہادرس آو سارنگپور کِس جنگس منٛز شکست دِنہٕ تہٕ سُہ ژول پنُن حرم، خزانہٕ تہٕ جنگی ہسۍ ترٲوِتھ پناہ خٲطرٕ خاندیش۔
2023,شمٲلی تہٕ جنوبی قطبن پٮ۪ٹھ چھ آبک ششمہٕ تہٕ منجمد کاربن ڈایی آکسایڈ آسان۔
2024,"2001 کَس منٛز ٲسۍ ڈاوُن ہَم مارکیٹس منٛز 6,730 لُکھ روزان ۔"
2025,پورٹلن منٛز چِھ نمایاں مضمون تہٕ تصویر، خبرٕ، زمرٕ، اہم مضمونن ہندۍاقتباس، متعلقہ پورٹلن ہنٛد لنک، تہٕ ایڈیٹرن خٲطرٕ کامہٕ ہندۍ فہرست شٲمل۔
2026,کشمین ، آرکنساس چھ امریکی ریاست آرکنساسک منٛز  اکھ شہر ۔
2027,1936 منٛز، برلنَس منٛز 11 مہ اولمپک کھیلَن منٛز کوٚر چینی مارشل فنکارَن ہٕنٛدِ اکہِ جمٲژ گۄڈٕنِچہِ لَٹہِ بین الاقوٲمی سامعینن برٛونٛہہ کَن پنُن فن مُظٲہرٕ۔
2028, نہرو تہٕ کانگریسَن کوٚر 1930 کِس گۄڈنیکس دہلِس منٛز ہندوستٲنۍ سیاستس پیٹھ غلبہٕ حاصل۔
2029,رومن انسائیکلوپیڈسٹ تہٕ طبی مصنف، اولس کارنیلیس سیلسس چھٗ اتھ بیمارِ  اسکیبیز ناو تھونہٕ تہٕ امچہِ خصوصیات بیان کرنٗک سہرٕ گنڈنہٕ یوان۔
2030,ہاسلیمیر چھ ویورلی، سرے، انگلینڈس منٛز اکھ قصبہٕ تہٕ سول پارش۔
2031,"یہٕ اوس کینچی کینیمیکی سٕتۍ لیکھنہٕ آمُت تہٕ جے سی اسٹاف سٕتۍ چُھ متحرک۔

"
2032,ووں گوو، اغوا کرن والؠن منٛز اکھ مہابیر بٔھٹی (رندیپ ہوڈا) چُھ یِہ پوٗرٕ کرنہٕ باپتھ کینٛہہ تِہ کرنہٕ خٲطرٕ تیار۔
2033,کروکشیتر جنگس دوران مٲرۍ بھیمن کُروکشیتر جنگس منٛز کُنی زٲنۍ ہتھ کورو بٲے۔
2034,اكہِ وہرِ آو امہ ایٚلبم پتہٕ  ڈوگی بیگ ۔
2035, 9 فروری 2013 گوٚو کمل حاسن وشوروپم کہِ فرانسیسی پریمیئر باپتھ پیرس۔
2036,"2011 چہ مردم شمأری کٔرِ شٔہری علاقن ہنٛزِ آبٲدی خاطرٕ زٕ اعداد و شٗمار فراہم: این سی ٹی حدوُدن  منز 16,314,838، تہٕ توسیعی شہری علاقن خاطرٕ 21,753,486۔"
2037,نوراتری راتن دوران چُھ اکھ قابل ذکر تلنگانہٕ رواجس منٛز تیلگو ہیندۍ زنانہٕ شٲمل آسان یم نوراتری دیوی خٲطرٕ باتھوکمما چِھ بناوان۔
2038,مثال کے طور پر، اگر تۄہہ نش اکھ پرٛانہ كار چھے٘ یۄسہٕ کُنہِ تِہ وِزِ خراب  گژھتھ ہیٚکہ، توہہِ چھٗ تیلہِ اچانك ہنگٲمی خرچہِ گژھنٗك اِمكان ۔ 
2039,ہرگاہ تُہٕنٛدِس کارٕبارس منٛز چیٖزن ہٕنٛز ڈِزایننگ تہٕ بناوٗن  شٲمل چھِ ، تیٚلہِ ہیٚکہِ سافٹ وییر تُہٕنٛدِس پٲداوار بناونس منز  واریاہ زیادٕ مدتھ کٔرتھ ۔ 
2040,خلجی خانٛدان تہٕ پتہٕ اسلٲمی خاندانن دوران ٲس ہندوستانس منز غلٲمی منٛز لوکن ہنٛدۍ زٕ گروپ شٲمل-فوجی مہمن دوران گرفتار کرنہٕ آمٕتۍ افراد، تہٕ تم لُکھ یمو نہٕ پنٕنۍ ٹیکس ادا کٔرۍ۔
2041,ایلومینیم چھ ہلکہٕ وزنک دھات یتھ منٛز واریاہ رٕژ تھرمل کنڈکٹوٹی چھ ۔
2042,آسام چھُ آرکڈ زٲژن منٛز غٲر معموٗلی طورأمیٖر تہٕ فاکسٹیل آرکڈ چھُ آسامُک ریاستی پوش۔
2043,بًھاوے ہن كٕر گاندھی آشرمس منز  پرناونہٕ، مٗتعلہٕ ،یندٕر كتنہٕ تہٕ برادری ہنزِ زِندگی منز بہتری اننہٕ  چین ہِشن  كامین منز سیٹھاہ دِلچسپی سان شركت۔
2044,نوجوان چندس اوس نہٕ گِندنس کُن كانہہ  سنجیدٕ رٖٗجہان  حالانکہ  تس ٲس  کٗشتی خو٘ش کران۔
2045, امہِ پتہیٕ گیہ مزید مزید منحوُس فوجی شمولیت ، ییلہٕ اورنگزیب  ملتانُک تہٕ سندُھک گورنر 	تٲیِنات کرنہٕ آو ۔ 
2046,سۄ چھ پنٕنۍ حفاظتی خول تہٕ خاندان پتھ ترٲوتھ سڈنی خٲطرٕ پنٛنہ گۄڑنچ مہم شروٗع کران۔
2047,یہٕ ہیٚکہِ پرٛوگرامِنٛگ پریکٹس، کوڈ، چِپ، یا جسمٲنی رکاوٹ ٲسِتھ۔
2048,عالیایہ ٗنٛد دوست ابھیہ ، یٗس سونہٕ كھنن واجیٚنہِ  دِیایہِ  ڈیٹِنگ  کران چھُ ، چھٗ ظٲہر کران زِ أمِس چھِ عالیایہِ باپت  احساسات، تہٕ عالیہ چھ ابھیہ ہس ژارنٗک فٲصلہٕ کران ۔
2049,ریاستی حکومت چِھ کوچ بہارَس سیاحتی مُقامہ رٔنگۍ فروغ دِنٔچ کوشش کران ۔ 
2050,پرٛانہ یونیورسٹی آف پنجابس چھ شہرس منٛز زٕ کیمپس۔
2051,"یہ چھ زیادٕ تر زنہ لاگان، مگر کٮ۪نٛہہ مرد تہٕ شرۍ تہ چھ لاگان۔
"
2052,کچی پٗڈی ہنٛد ناو چُھ آندھرا پردیش کِہِ کرشنا ضلعہٕ کِس گامہٕ کِس ناوس پیٚٹھ تھاونہٕ آمٗت یتھ  کچی پٗڈی ناو چُھ-پوٗرٕ ناو کچیلاپورم یا کچیلاپوری ہٕنٛز مختصر شکل-ییٚتہ یہِ بنیوو ۔
2053,اتھ مسلس چھ از کونگس برگٕکۍ ستھ کدل ونٛنہٕ یوان۔
2054,"مکانن ہٕنٛدین خرچن منٛز مدد چِھ تِمن خاندانن خٲطرٕ تہِ دستیاب یِم پننِس علاقس منٛز اوسط آمدنی ہُند 50 فیصد کھۄتہٕ کم کماوان چِھ۔
"
2055,تِمہ چِھ عام طور  تُلنَس مَنٛز واریاہ آسان، مَگَر رایفٕلَس ہِیوِس زیٹھِس بَنٛدوٗقِس مُقابلَہٕ  چِھ یِمَن ہندِ اشرٗك حد تہٕ   نِشانٕچہِ دٗرٗستی كم آسان ۔ 
2056,"مونٹریال چھُ وسکونسن، امریکہُک اکھ شہر۔
"
2057,"پتہٕ مۄیہ  رشل بچہٕ زیٚنہٕ وِزِ تہٕ تمۍ سٕنٛدِس نیٚچوِس آو بینجامن ناو تھاونہٕ۔
"
2058,کھلاڑین ہنٛد لگاتار وقت ضایع کرنٕکۍ طریقہٕ چھ ژکھ کھالان۔
2059,"یہِ چھُ آسٲنی سان وَضاحَت کران زِ ہندوستانٕکہِ لَگ بَگ تمام بٔڑِ شہر کیٛازِ چھِ دٔریاوَ بٔٹھیٚن پٮ۪ٹھ واقع ۔
"
2060,"یہِ چھُ اَکثر جراحی سۭتۍ بچاوک اِجازت دِنہٕ باپت کیموتھراپی سۭتۍ اکھ نواڈجوانٹ پٲٹھۍ استعمال گژھَان، اِتھۍ پٲٹھۍ چھِ کولسٹومی ہُند ضرورت رُکاوان۔
"
2061,فلمہ ہنٛز موسیقی چھ وشال بھاردواجن ترتیب دژمٕژ، ییٚلہ زَن بٲتھ  گلزارن لیکھمٕتہِ چھِ ۔
2062,مصنوعی کھاد تہٕ کیٚمۍ مار دواہن ہنٛدس مقابلس منٛز چھ نامیٲتی مصنوعات تہٕ گھریلو زراعتس ترجیح دنہٕ یوان۔
2063,یکشگانس مُتعلِق گۄڈٕنیُوک تحریٖری ثبوٗت چھُ ، سوماسموٗدرا، بیٚلاری ضِلعہٕ کِس لٔکشمی نارائن منٛدرَس منٛز أکِس خۄطبس پٮ۪ٹھ لبنہٕ آمٗت ، تہٕ چھُ 1556 عیٖسوی تٲریخٗك ۔
2064,"یہ چھ عموٗمن بسترس سۭتۍ یا بیڈ رومس منٛز بیٚیہ کنہ جایہ تھاونہٕ یوان۔
"
2065,وائٹن گِنٛزٕ 1950 تہٕ 1963 ٹھس درمیان رُٹ آکلینڈ خٲطرٕ ریکارڈ 195 گیمہٕ۔
2066,بو٘کس بنٛد کرنہٕ خٲطرٕ كریو٘  ہیرِ كنہِ كھوہورِس كوُنس پیٹھ اكیس ٹیپ ۔
2067,مغربی بنگالس منٛز شانتی نکیتنس منٛز روایتی طور  پوش کس سٔتمہ دۄہ منعقد گژھن وول پوش میلہ چھ اتھ تہوارس سۭتۍ غیر متعلقہٕ۔
2068,یہ زیوٗن جرمن ایڈولف اینڈرسنن، یُس شطرنجُک سرکردٕ ماسٹر ماننہٕ اوس یوان۔
2069,وَتہِ گٔیہِ أمِس کیلہٕ دٮ۪لَس پٮ۪ٹھ رِکِنۍ۔ شوٗں، یہِ گوٚو بۄن، تہٕ أمۍ سٕنٛزٕ چپلہِ گٔیہٕ رَبہِ منٛز بنٛد۔
2070,رام چندر پنت اماتیا باوڈیکر اوس اکھ دربٲرۍ منتظم یس شیواجی سنٛز ہدایت تہٕ حمایتس تحت مقٲمی کلکرنی ہٕنٛدۍ عہدٕ پیٚٹھٕ اشٹ پردھان سٕنٛدس عہدس تام ووت۔
2071,کار پلے چھٗ وٗنکینس آیی فون 5 ، آیی فون 5 سی ، تہٕ آیی فون 5 ایس سپورٹ کران ۔
2072,تمِس آیہ دِلِ ہندِس اکِس ہسپتالس منز ہنگٲمی طورکورونری اینجِیو پلاسٹی کرنہٕ ۔
2073,کیپسڈ کیپسڈ چھ وایرسُک پروٹین کٔنڈ ۔
2074,ووں گو٘و، تہنٛد کلاینٹ چھ تمن مخصوص دۄہ دوان ییٚلہ کٲم پوٗرٕ گژھن تہٕ تم ہیکن نہٕ تۄہہ سۭتۍ کٲم کٔرتھ۔
2075,تِمَو كو٘ر  15 دسمبر 2013  خانٛدَر ، مگر پتہٕ گوٚکھ 2015 ہَس منٛز طلاق۔ ؤنکیٚنَس چھےٚ سۄ انیش جوگَس ڈیٹ کران۔
2076,"اکتوبر 1992 منٛز، آیہٕ اکھ سائنسی رپورٹ شائعہٕ کرنہٕ یتھ منٛز میلانوسائٹس وٹلیگو سۭتۍ متٲثر علاقن منٛز کامیٲبی سۭتۍ ٹرانسپلانٹ کرنہٕ آو، یمہٕ سۭتۍ اتھ علاقس مؤثر طریقہٕ سۭتۍ دوبارٕ رنگ دنہٕ آو۔
"
2077,سُہ اوس پنٛنہِ رنگ ناو کرس کینڈیڈو سۭتۍ مشہور ۔
2078,اتھ چھ پارادیپس منٛز اکھ بوٚڈ بنٛدرگاہ تہٕ کینٛہہ لۄکٕٹۍ بندرگاہ۔
2079,امیُک ساروی کھۄتہٕ تھوٛد مقام چھٗ ہایی ولہیز، یٗس 621 میٹر تھو٘د چھٗ ۔
2080,قانونُک تقاضہٕ چھُ یہِ زِ مرد جمناسٹ لَاگَن پنِنِس معمولَس دوران کم از کم اکہِ لَٹہِ فرشہٕ کِس پرٛیتھ کوٗنَس اَتھہٕ۔
2081,کمپنی ٲس  برونہہ سکاٹِش پریمیئر لیگچہِ امداد كرن واجینہِ ۔
2082,برگشامرا برگشامرا چھ سویڈن کس سٹاک ہوم كاونٹی منٛز نورتالجیے میونسپلٹی منٛز اکھ علاقہٕ۔
2083,جزیرٲتی خطس منز چھِ مٗلكٕكہِ   تمام جزیرٕ شٲمل ۔
2084, ییٛتہِ چِھ زٕ آبشار، بٕنِم آبشار، یُس زَن بِہتٕریٖن سٲر کَرنٕچ جاے چِھ، تہٕ پٮ۪ٹِھم آبشار، یُس بیہ تہِ تھزرس چھٗ ۔ 
2085,سُہ اوٚس واریاہ زیادٕ مایوس ییلِہ تٔمۍ سند كٖمبہٕ أکس حٲدثس منٛز مارٕ گو ۔
2086,تہنٛز چھاتہ ہیٚکہ ژاس یا دگ تہ ٲستھ۔
2087,"گوٚڈِنگ، آئیڈاہو: گوٚڈِنگ چُھ ایمریكا  کہِ آئیڈاہوُک اکھ شہر۔
"
2088,تاہم، ڈولے ہیکن نہٕ از تہ تیوت دور شمالس منز زُوِتھ۔
2089,بروُن٘ہمین  کھیلن منٛز گِیُونٛد تِمو زٕ فارورڈ تہٕ زٕ بیک ہیتھ  ۔
2090,"ان ایپ فوٹو اسکینر استعمال تہٕ  ٹیپ کرِو   ""فوٹو استعمال"" 
بہترین فوٹو قبول کرنہ باپت۔"
2091,توٚہۍ  چھِو تمو  مالیو منزٕ اکھ یم نہٕ  سانیہِ  پٗیہ  سمجان چھِ ۔
2092,تمہِ سٗند بویہ  اوس  وِسکونسِنٗک گورنر، لوٗسیئس فیئرچایلڈ  ۔
2093,"مدرا یا ہستہٕ چِھ اتھن ہنٛد اشارٕ یم کُنہٕ دنہٕ آمژٕ عملہٕ ہنٛد معنی ظأہر کرنہٕ خاطرٕ استعمال چِھ یوان کرنہٕ۔
"
2094,مئیَ یس منٛز دِژ ٹوروُ ہن ٹکا ہَس دعوت، تہٕ تٔمہِ کوٚر بینڈس منٛز گِیوُن شروُع۔
2095,"کلایو ووت 29 جوٗن 200 تن یوٗرپی فوجن تہٕ 300 تن سپہن ہنٛد تحفظ ہٮ۪تھ أمۍ سٕنٛزِ زنٛدٕ روزنٕچہ ممکنہٕ کوٗششہ ہٕنٛز افواہ كنۍ مُرشد آباد۔
"
2096,اکھ نوٚو نسل چھ پننس گۄڈنکس اولمپک مقابلس منٛز قومی ٹائٹل پانس سۭتۍ نوان۔
2097,گواسکر سٕنِدِس  قیادتس  منٛز بنٲوِ  ہندوستانن  ٲخٕری دۄہ 20 اوو٘ر باقٕیہ روزنس تام وارٕ وارٕ ترقی كران 328/1 ییمہِ وِزِ   ریکارڈ پھٔٹرٲون واجین فتح توتام تہِ  مٗمكِن ٲس ۔
2098,کلمبر سپینِیل چھُ زیٹھِ تہٕ اویزان جٔژ تہٕ کن آسن والہِ ہُونۍ  ذات یۄس برطانیہ ہس منٛز تیار چھےٚ کرنہٕ آمٕژ۔
2099,وۄں گو 1979 منٛز گٔے اتھ بیٛاکھ چھل، ییٚمۍ کِس نتیجَس منز کانگریس (I) بنٛیوٚو، یُس 1981 منز انتخٲبی کمیشنَن کانگریس پٲٹھۍ تسلیم کوٚر۔
2100,دریں اشنا ، آیہ 1378 ہس منٛز مدٗرائی سلطنت چہِ جایِہ نایک وجے نگرٕکہِ   گورنر بناونہٕ  ۔ 1529 ہس منٛز کوٚر نایک گورنرو آزٲدی ہنٛد اعلان تہٕ کوٚرکھ مدٗرائی نایک خاندان قٲیم ۔
2101,گوا ہٕکۍ گرجا گر تہٕ کانوٮ۪نٹ چھ یونیسکو کہ طرفہٕ عالمی ثقافتی ورثچہِ جایہ  قرار دنہٕ آمٕژٕ ۔
2102,"تٔمۍ چھ پننہ دۄہدشپرارتھنایہ سہرٕ  دیتمت یُس تمس ""اعلی ذہنی حالت"" حٲصل کرنس منٛز مدد کران چھُ یس تمس شطرنج گنٛدنس دوران بہتر توجہ دنس منٛز مدد چھ کران۔"
2103,"کٔملۍ ٲسۍ جیل برنہٕ یوان تکیٛاز تم ہٮ۪کہٕ ہن نہٕ پنن قَرٕض ادا کٔرتھ۔
"
2104,"2003منز کوٚر سکمن پورٕ پٲٹھۍ نامیٲتی   کاشتکٲری منز تبدیل کرنک فیصلہٕ تہٕ  2015 منز بنیوو یہ ہدف پورٕ کٔرتھ ہندوستانچ گۄڑنچ ""نامیٲتی ریاست""۔"
2105,"ماحولیٲتی علاقُک تقریبن 30 % حصہٕ چھُ نسبتَن برقرار کُلیو سۭتۍ ؤلِتھ۔
"
2106,اگر نہٕ أسۍ انکم ٹیکس حکامن ہنٛد طرفہٕ منٛگ کرنہٕ آمت اضٲفی ٹیکس ادا کرو، تۄہہ چھ ٹیکس آڈٹ کین خوفناک نتیٖجن ہنٛد مقابلہٕ کرن یم پٔتۍمین پانٛژن ؤرین منٛز تہنٛز تمام مٲلی معاملات ژھانٛڈن۔ (اکاونٹنٹ)
2107,"ترایہ چھِ ساختی طریقہٕ یِم چینی مارشل آرٹس تربیتس منٛز استعمال چھِ یِوان کرنہٕ۔
"
2108,"پیگاسس ایئرلائن جہازٕ یَتھ منٛز 178 سَوٲرِ آسہٕ  اوس آز مہمت گکن گل نٲوِ  شخٕصَن اغوا کوٚرمُت۔
"
2109,"دیہیجیاہن سُنٛد ونُن چھُ زِ راجندرن آسن پننِس مٲلۍ سٕنٛدِ 
 استعمال کرمتۍ تِمے کٲرۍ گر شامل کٔرۍ متۍ تہٕ تِم تھنجاور پٮ۪ٹھ منتقل کرۍ متۍ۔"
2110,2001  منٛز ٲسہ ایمبرٹنس منٛز 298 لُکھ روزان ۔
2111,میک کینزی اوس 19 فروری 1918 ہالی ووڈ، کیلیفورنیاہس منٛز زامُت۔
2112,"بیرن کٔر 1910 ہَس منٛز قٲیدن  ہُنٛد اکھ سرکٲری مجموعہٕ شائع۔
"
2113,فاکسیان اوس انتظامیہ چہ نرمی سۭتۍ خوش۔
2114,اَتھ چُھ مشرِقس کُن بُتھ، اَتھ  چُھ اَکھ مُکھ مندپ، اَکھ گُدھا مندپ تہٕ اَمیُوک مُقدس مقام چُھ أکِہِ سُر مٔنٛدِر طرزٕکہِ وِمان بالٲیی ڈانچہِ سٕتہِ  ؤلِتھ ۔
2115,اکہ  جماعت کہ طرفہ دوکھٕ  چہ زِیرِ سۭتۍ  آیہِ کُنہِ حَدَس تام حوصلہٕ افزٲئی کرنہٕ تہٕ این آی ٹی یَس مۄکلیے این سی اے اے ٹورنامنٹٕچ حِمایت۔
2116,"لاگت کم کرنٕچ کوٗشِش کٔرِو یِتھ کٔنہِ زَن تو٘ہہِ  تمہِ وِز کٔرِیو اگر تُہنٛز آمدنی کم گژھہِ یا تۄہہِ گژھہِ کانٛہہ غیر مُتوَقع خرٕچہٕ  یمہِ سۭتہِ توہہِ معموُل کھوتہٕ زیادٕ سختی  گژھہِ ۔
"
2117,سریجیت مکھرجی سنزِ ہدایت کٲری منزبنیمژ فلم “راجکہنی“ تہِ چھِ 1947 منز تقسیم بنگال کِس موضوعس پیٛٹھ مبنی۔
2118,کھلٲڑِ چِھ رول کِس نٔتیٖجس پٮ۪ٹھ شرط لگاوان ۔
2119,"  باسان چھُ زِ نواب اوس تِمَن حالاتو نِشہ بے خبر یِمَن منٛز تمۍ سٕنٛدۍ قیدی  ٲسۍ تھاونہ آمتۍ، ییٚمہِ کِس نتیجس منٛز زِیٛادٕ تَر قیدۍ بدقسمتی کنۍ ہلاک گٔیہِ۔
"
2120,تم کمپیوٹر یم ونہٕ تہٕ پی اے ٹی اے استعمال چھ کران چھ زیٛادٕ تر صنعتی ایپلیکیشنن تہٕ سرایت شدٕ نظامن خٲطرٕ استعمال گژھان۔
2121,"مہاویر چھُ اکیڈمی منٛز اژنہٕ نِش رُکاونہٕ یِوان، تہٕ کورٮ۪ن چھُ نیبر نیرنَس منع کرنہٕ یِوان۔
"
2122,ہیرالڈبیچ ہیرالڈبیچ چھ جرمنی منٛز باویریا کس ضلعہٕ فورچیمس منٛز اکھ بلدیہ۔
2123,ناقٲبلِہ یقین! تِم مٲلی رکارڈ ٲسہِ زن زٲنتھ مٲنتھ خلت ملت  کرنہٕ آمٕتہِ ۔
2124,مثلن ، زٕ  اِكوٹہٕ ٹپہٕ كھینہٕ واجِنہِ آسن ربڑ بالہٕ آسن لچکدار  ۔
2125,أمِس چھُ خۄدٲئی چھان تہِ ونٛنہٕ یِوان، امہِ سٗند  ذِکِر چھُ  رِگ ویٚدَس منٛز، تہٕ أمِس چھُ میٚکنِکی  تہٕ فن تعمیركہِ علم ستھاپتیہ ویٚدُک سیہرٕ گنڈنہٕ یِوان۔
2126,اگر تۄہہ پننِس درخاستس  جلدی کرنک ضروٗرَت چھُ، تہِ تہۍ ہیکو عام طور 24 پیٹھ 48 گنٹن منٛز اتھ پیٹھ کارروٲئی کرنہٕ خٲطرٕ پونسہٕ بٔرِتھ۔
2127,کُلس نزدیٖک چھ پیشاب کرُن، اِدرار  کرُن یا گندٕ آب چھكٗن چھُ  منع ۔
2128,کینٛہہ زمرَن پٮ۪ٹھ بنٲوِو خرچن ہُنٛد حد، یِتھ کٔنۍ زَن کھٮ۪ن تہٕ تفریح، تہٕ وقتس سۭتۍ سۭتۍ روزیو تِمَن پٮ۪ٹھ قائم۔
2129,تاہم اتھ منز چھُ غربتک سطح واریاہ زیادٕ، خاص طور گٲمی علاقن منز۔
2130,ییٚلِہ تو٘ہہِ  پَلَو ہِی کینٛہہ چیز ہیوان چِھو، تۄہِہ چَھنہٕ توتام پتاہ زِ توہہِ باپت كیاہ چھٗ بہترین یو٘تام نہٕ تو٘ہہِ امہِ باپت كوُشِش كریو٘ ۔ 
2131,"نیہ شكر ، نارجیل  چِپس، مٮ۪وٕ تہٕ مونگ پھلین ہٗند  پرساد چھُ عقیدت مندن بٲگراونہٕ یِوان۔
"
2132,ییٚلہ ٲخٕری بال پوٹ کرنہٕ یی،  ساروٕے کھۄتہٕ زیٛادٕ پوینٹ حٲصل کرن وول کھلٲڑِ چھُ فریم زینان۔
2133, صرف امہ وجہ كِنۍ  ز توہہِ  چھِو جوان امیوٗک مطلب چھٗنہٕ  توہۍ ہیٚکو ویکسین نیُن ترٲوِتھ ۔ توہہِ چھٗو نا بوُزمٗت زِ سرکارن چھٗ اسہِ سارِنٕے باپت ویكسِنیشن  كرٗن لازمی بنوومت؟
2134,نیوُ یارک شہر آو راتھ شامس ونٛدٕ طوفان كِس خطرس تل  ، یتھ منٛز نو آنچہِ  شین ینٕچ پیشن گوُیی ٲس۔
2135,ٹیلر اوس سہٗ نفر ییٚمہِ  چائنا اِن لینڈ مِشن شروٗع کوٚر ۔
2136,عموٗمَن چھُنہٕ نیوزی لینڈَس منٛز انتخابن درمیان ترٛٮ۪و ورییو٘ كھو٘تہٕ زیادٕ آسان ۔ 
2137,اضٲفی لۄکٹین ہوٲیی اڈن منز چھ اکولا، امراوتی، چندرپور، رتناگیری تہٕ سولاپور شٲمل۔
2138,امہ پتہٕ گِنٛدِ تٔمہِ پٹسبرگ پینگوینس سۭتۍ 3 سیزن تہٕ گوٚو 1988 منٛز سٗبكدوش ۔
2139,پتہٕ کٔر پانڈوو درپدا شہزادی دروپدی سٕنٛدس سویمورس منٛز شرکت۔
2140,جاوِیر پاسٹورَن کوٚر 27 مِس منٹَس منٛز ارجنٹینا خٲطرٕ دوٚیُم گول، یَتھ منٛز  تہِ میسی ہن مدتھ كو٘ر ۔
2141,ؤری واد کیو افواہو پتہٕ کوٚر جارج لوٗکاسن ذٲتی طور آرلینٛڑو ہَس منٛز سٕٹار وارز “سیٚلِبرٛیشَن V“  اجتِماعس منٛز بُلوٗ-رے یس پٮ۪ٹھ سٹار وار ساگا ہُک 2011 کِس ہردس کیُتھ پوٗرٕ دُنیاہس منٛز جٲری گَژھنُک اعلان۔ 
2142,واریہن جرمن رائفل مینن ہنز کٲم ٲس مشین گنس سپورٹ کرن۔
2143,"بہ سپدُس بیقرار یُتھُے اسۍ 
بفیلو شہرس منز وٲناکھ علاقہٕ کِنۍ نیران نیران بے گرٕ لوٗکھ تہٕ نشہٕ کرن وٲلۍ وُچھ ۔"
2144,"تہنٛزِ ژمِہ منٛز چھ زٔہریل غدود آسان یم باقٕے مٲنن ہیٚکن مٲرتھ۔
"
2145,ٹراٹر گزریوو 17 جنوری 2022 ہس منٛز پرنسٹن، نیو جرسی منٛز، 90 وہر۔
2146,رسم الخطٕچ زبان:  رسم الخطٕچ یا رسم الخطٕچ زبان چھےٚ اکھ پروگرامنگ زبان یۄس رسم الخطٕچ حمایت چھےٚ کران۔
2147,"آبری اوس زیویئر اوبریَس سۭتۍ خانٛدَر کٔرِتھ، تہٕ أمِس چِھ تمہِ خانٛدرَپیٹھہٕ اکھ کوُر۔
"
2148,رازٕ علی شیر خان آنٛچن سٕنٛدِس قیادتس منٛز بلتی حملس دوران آو واریاہن بودھ منٛدرن تہٕ  ہُنٛر مٔنٛدی ہِنٛدیٚن نٔموٗنن نۄقصان واتناونہٕ۔  
2149,مخلوط طرزٕکۍ مُقابلہٕ چھِ ساروِی کھۄتہٕ زِیادٕ عام، ییتہِ حریف پوائنٹٕس سکور کرنہٕ باپتھ مختلف قسمٕکۍ سٹرائیک، تھرو تہٕ ہولڈز چھِ کران۔
2150,تُہٕنٛز مُجرِمانہٕ تٲریٖخ تہِ چھےٚ مدِ نظر تھاونہٕ یِوان۔ 
2151,یتھ لنگركِس   سِنکس چُھ تھو٘پ لوگمٗت تہٕ بییِہ چھٗ بدبوٗدارگندگی سۭتہِ بٔھرِتھ ۔
2152,نومبر 2013 ہس منٛز کوٚر جیک مینن اعلان ز تٔمۍ سٕنٛز نستہٕ منٛزٕ آو ژمہ ہند زہرباد نٮ۪بر کڑنہٕ۔
2153,15 وُہُر پرٲنۍ ایلومینیم ناوَو سۭتۍ شروٗع کٔرِتھ، پاور بوٹ پی ۱ ناوٕ گٔیہٕ دٔہلس دوران ڈرامائی طور  اتھ حدس تام تیار ییٚتہِ مونو ہل جڑواں انجن ناوٕ تقریباً 1800 ایچ پی تیار ٲس کران۔
2154,"یہ سپد این ڈی پی پارٹی تہٕ گریٖن پارٹی درمیان مہادٕ کرنہٕ پتہٕ ۔
"
2155,"سان کرسٹوبل صوبہٕ: سان کرسٹوبل چھ ڈومینیکن جمہوریہک اکھ صوبہٕ۔
"
2156,کاسٹکو چہ بہترین سیزنہٕ کِس ٲخرس پیٚٹھ فروخت چھےٚ بہار کِس ٲخرس پیٚٹھ آسان۔
2157,"برازیلَن زیوٗن وومینز انڈور والی بال کِس گولڈ میڈل میچَس منٛز امریکہَس (رۄپہٕ)  3-1سۭتۍ شکست دِتھ سۄنہٕ تمغہ۔
"
2158,سوٗ اوس دسمبر2014 تہٕ ستمبر 2017 ہس درمیان کوسووو ہُک وزیر اعظم۔
2159,وننہ چھ یوان ز تمۍ کوٚر دباوس تل یتھ انضمام کس معاہدس پیٹھ دستخط۔
2160,وقفہٕ وِزِ اوس  یوُ پی  ترٛ٘یٮ۪و گولو سۭتہِ برونہہ ۔
2161,"مہاراجہ رنجیت سنگھن کٔر 1809 منٛز قعلعچ مرمت ۔
"
2162,سرحٔدی اختلافاتن ہٗند بییہِ نموُدار سپدٗن بنیوو  1962ٹھس منٛز چین ہِنٛدُستان جنگُک وجہ، یتھ دوران چینن  اروناچل پردیش کس زیٛادٕ تر حصس پٮ۪ٹھ قبضہٕ کوٚر ۔
2163,کالِندی دٔریاو چُھ برٛہمگِری بالٔو پیٚٹھٕ نیران یتھ سٕتہِ  تھیٖروٗنیلی منٛدرَس نزدیٖک واتنہٕ وِزِ لۄكٕٹ كو٘ل پاپاناسِنی  رَلان چھے٘ ۔
2164,کُنہ وِزِ چھِ بیٹِنگ ٹیمٕكہِ سٲری كاہ اركان بیٹِنگ كرنںچ وٲرِ نِوان مگر،  اِننِگ ہیكہِ وارِیاہو٘ وجوُحاتو٘ كِنہِ تِمن سارِنیہ ہندِ یہِ كرنہٕ برون٘ہیہ ختم گژھِتھ ۔
2165,پریڈس منٛز چھِ سجٲوِتھ ہٕسہِ ، ڈول وایٗن تہٕ باقیہ موسیقی ، لُكہٕ فنٕكہِ قٕسم ، ییرونہِ چیز ، تہٕ مٗكھوٹہٕ لگٲوِتھ رنگا رنگ پلو٘ ژھنِتھ  لوُكھ آسان ۔ 
2166,اتھ شروٗعاتس دوران چُھ رقاص رقصن ہٗند  اکھ سلسلہ پیش کران یِم وقتس دوران ہیٚچھنہٕ یِوان  چھِ ۔
2167,"2010 چہ مردم شماری مطٲبق ٲس قصبٕچ  کٗل آبٲدی 4,486 ۔"
2168,شہزادٕ خُرَمن کوٚر پنٛنِس مٲلِس پٮ۪ٹھ نوٗر جہانہِ ہِنٛدِس اثرس  پٮ۪ٹھ ناراضگی ہُنٛد اِظہار تہٕ کھوٚتُس أمہِ سٕنٛدِس پسندیدٕ  پنٛنِس وۄرٕ بٲیِس تہٕ أمہِ سٕنٛدِس زامتٕرِس شہریارس ماتحت روزنَس پٮ۪ٹھ شَرارت ۔
2169,غلام قادر  قتل کرنہٕ تہٕ شاہ عالم دویِم بییِہ تختس بیہناونہٕ پتہٕ   آیہ 1788منز اکھ مرہٹہ چھاونی پیٹھ دِلہِ منز  مُستقل پٲٹھۍ قبضہ کرنہٕ تہٕ كٕركھ دون دہلین تام ہِندوستانس پیٹھ حكومت یوتام تِمن پیٹھ برطانوی ایسٹ اِنڈِیا كمپنی دویمِس انگریز مراٹھا جنگس منز قبضہٕ كو٘ر۔
2170,دعوت پتہٕ اوس قبیلہٕ دون بٲژن زیوراتن پیٹھ برابر حق دوان۔
2171,یہِ اوس وٗشكہٕ  تہٕ الفالفا کِس  پٲداوارس منز فرانسٗک گۄڈٕنیُوک خطہٕ ۔
2172,حالانٛکہ گنپتی سنٛز کلاسیکی شکلہ ہنٛد حوالہٕ نہٕ دنہٕ، مگر گنپتی سنٛد ساروی کھوتہٕ گوڈنیک ذکر چھ رگ ویدس منٛز لبنہٕ یوان۔
2173,أمہ سٕنٛز کور گارگی چھےٚ بۄن وسان تہٕ چھ كٗمبس  ونان ز سۄ چھے٘ پنٛنس بواے فرینٛڈ سمیرس سۭتہِ روزنہٕ خٲطرٕ نیران ۔
2174,ریاست بننہٕ پیٹھہٕ اوس گوہاٹی ہائی کورٹُس میگھالیہ ہَس تام  دٲئرٕ اختیار ۔
2175,سیٲسی تناؤ کس دورس منٛز اوس کھومینے اہم علماہن منٛز اکھ۔
2176,ززگن-ززگن چھ سویٹزرلینٛڈ کس آرگاو کینٹن منٛز راینفیلڈنک اکھ بلدیہ۔
2177,یِمن کٔر ٹیٚکس رِکارڈ ہِویٚن بَڑاوٕ دِنہٕ والیٚن ہِنٛدِ رٔسوٗخن تہٕ جان ایٚل سُلیوان ہِویٚن عٔظیٖم سرفرست  مشہوٗرِیَتو  مدد ۔
2178,سکھ مت کین پانژن تختن (مذہبی اختیارٕچ عارضی نشستہٕ) منٛز چھ ترٛےٚ پنجابس منٛز۔
2179,یہ سپُد جولائی 2011 منٛز شنٛگھائی منز ۔
2180,چارلوٹے ٹاؤن کانفرنٕس چارلوٹے ٹاؤن کانفرنٕس ٲس کینیڈین کنفیڈریشنس مٗتعلق   اکھ کانفرنس ۔
2181,مَلیلا تھیٖرتھم چُھ گٔنِس جنٛگلَس منٛزباگ۔
2182,گرٖین فنٛچ چھ آسٹریلیا تہٕ نیوزی لینٛڈ دۄشوٕنی منٛز تہ متعارف کرنہٕ آمت۔
2183,بینٛڈک ناو آو تہنٛدِ گٹارسٹ تہٕ کمپوزر دایی ناگاؤ سٕنٛدس ناوس پیٹھ تھاونہٕ ۔
2184,تامِل ناڈوٗہس منٛز چھِ لُکھ فرش کولمو سۭتۍ سجاوان۔  
2185,"اِنجیکشَن اِنٹرفیرون الفا ہَس سۭتۍ مِیلِتھ ہٲو آیسوٹریٹینائنَن جینیٲتی وارٹَن ہُنٛد علاج کرنٕچ کینٛہہ صلٲحیت۔
"
2186,پُلاکیشِن اولن نِیو واتاپی ، یُس کرناٹٕکا کِس باگل کوٹ ضلعس منز جدید بادمی چھ ، پننِس اختیارس منز تہٕ بنووُن یہ پنٕنۍ رازدٲنۍ ۔
2187,فورٹ اگواڈا چھُ سَدٲہِمہِ صٔدی ہُنٛد اکھ اصل پٲٹھہِ  محفوُظ پٗرتگٲلہِ  قعلہٕ، یَتھ سۭتہِ اکھ گوا، ہندوستانَس منٛز، سنکیرم بیچَس پٮ۪ٹھ کھڑا لائٹ ہاؤس تہِ چھُ، یُس بحیرہ عربس  کُن نظر تھوِتھ چھٗ ۔
2188,امہِ پتہٕ آیہِ  1017 ہَس منٛز راجندر چولن سنٛز اكھ  مُہِِم مشرقی کیرل سوزنہٕ ییمہِ  کٗداملائی ناڈوس پٮ۪ٹھ قبضہٕ کوٚر۔
2189,امی سکوٗلن اوٚن 2016  منٛز بِگ ٹینس منٛز دویم کھیل ۔
2190,گردشس منز چھِ زیادٕ تر نوٹن ہنز خصوصیت ، یتھ واٹر مارک یا حفاظتی پن، یِم الٹرا وایلٹ لایٹہِ منز وُچھُنہِ سۭتۍ اتھِ چھِ یِوان۔
2191,سواریزَن کوٚر 83 مِس منٹَس منٛز ایڈریانو سٕنٛدِ مدتہٕ سۭتہِ ہیڈرس سۭتہِ گول، تہٕ پتہٕ 88 مِس منٹَس منٛز کوٚر تٔمۍ اردا توران سُنٛد مدتھ گولس منز  تبدیل، ییٚمہِ سۭتہِ  بارسلوناہَس آرام دہ فتح حٲصِل گٔیہِ۔
2192,تٔمۍ سٕندیٚو دویو فرزندو کٔر 1842 منٛز مختصر وقتہ خأطرٕ حکوٗمت.
2193,بیٹریس پریر چُھ أکۍ ابنیگیشن خاندانک نوعمر ۔
2194, کورونری اکھ کورونری چھ اکھ یُتھ چیز یمیک پتہ دویمین چیزن سۭتۍ ہیکو لگٲوتھ ۔
2195,تٔمۍ سٕنٛدۍ منیجرَن کٔر سۄ برطرف ییٚلہِ تٔمۍ پنٕنۍ کینٛہہ مُفت ڈایِٹ کوک پریشٲنی منٛز أکِس دوستَس سۭتۍ شیئر کرۍ۔
2196, پھٔہلنہٕ پتہٕ، ییٚلہِ زَن بے نقاب سورن منٛز قوت مدافعت کم گژھان چھِ، اَمی قٕسمٕكہِ نٔوِ پھٔہلَاو ہیكن گژھِتھ ۔ 
2197,آن لایِن اِشتِہار بٲزی چُھ سُہ اکھ چیٖز بَنیومُت ییٚمیُک اِنٹرنیٚٹس پیٹھ اعتِماد کَرن وول سماج عٲدی چُھ گوٚمُت، تہٕ ییٚمِچ زیادٕ خبر دٲری تہِ چھکھ۔
2198,سبولا چھ ایونایٹڈ سٹیٹس کہ آیووا ہک اکھ شہر۔
2199,اگر فیکل کیلپروٹیکٹن کم آسہِ ، تیلہٕ چھ اندرمن ہندِ  ورمٗک امکان 1 فیصد کھوتہٕ کم آسان۔
2200,"سِسٹمس منٛز دٲخل کرنہٕ آمٕتہِ کوپن گژھن اِنٹرنیٹَس پٮ۪ٹھ پرنٹ کرنہٕ یِنہِ یتھ منٛز پرٗن لایكھ  بارکوڈ آسہِ ۔
"
2201,فرشہِ كین ہچِوین تختن ہٖند كٕر كٕر گژھنہ اوس گچہ رٲژ منز ناپسندیدٕ یِنہٕ وٲلہِ سنز ژینوٕنہِ دِوان ۔
2202,گلو کراٹے چِھ ناک ڈاؤن کراٹے قانونن پیٹھ مبنی، مگر باکسنگ گلوز لگٲوتھ چھ کلس پیٹھ مُکہٕ لاینک اجازت دوان۔
2203,"یِمَو علاجَو سۭتۍ چھِ تھیلیسیمیا میجر والین منٛز متوقع زندگی بہتر گٔمٕژ۔
"
2204,یِمن ٹینگَن چھِ اِکوٹے چندردرونا پرواتھا شرینی یا چندردرونا پہٲڑی سلسلہ ناوٕ سۭتۍ تہِ زانان تِکیٛازِ یہِ چھُ قدرتی طور  ژندرٕ زُونہِ ہٕنٛز شکل اِختیار کران۔
2205,یم چھ چین کس صوبہ گانسو کس مغربی حصس منٛز بناونہٕ یوان۔
2206,لائیڈ لور اوس گۄڈنِکٮ۪و منٛز اکھ یِم تِم بَڑِ کرنچ کوشش کٔر۔
2207,1970 کس دٔہلس تہٕ 1980 کس دٔہلہ کس شروٗعاتس منٛز گلف آیہ بومس دوران ریاستس منٛز اہم ہجرت وٕچھنہٕ۔
2208,ٹیلی ویژن شوس منٛز چھ حریف  شٲمل یم دوُر دراز مقامن منٛز زِندٕ روزنہٕ باپت كاركردگی منٛز حصہٕ  نوان چھِ ۔
2209,میک کلین چھٗ ماروِنس تمِس یہ وننٕچ کوٗشش کرناوان زِ کمرٕ کتہ چھُ ۔
2210,میتی لوکھ چھ ریاست منی پور کین ترین اکثریتی گروپن منز اکھ۔
2211,کرٹیئس تہٕ سٹرابوہٕندۍ ابتدٲئی یونٲنی اکاؤنٹس چِھ امیُک ناو ڈیریڈینز تہٕ آئڈینس ونان۔
2212,5 فُٹ تھدِس تصویرس تِتھِس صورتس منز18 نرِ  یٗس   جیومیٹرک ترتیبس منز رقص كین حالن ہُند اظہار كران چھُ ۔
2213,کارتِھکا دیٖپم چُھ أتھۍ سۭتۍ وابستہٕ اکھ تہوار یُس جنوٗبی ہِنٛدُستان تہٕ سِری لنٛکاہس منز  مختلف تاریخس پیٛٹھ مناونہٕ چُھ یِوان۔ 
2214,کیٖمیا سٕتہِ پٲدٕ گَژھن والہِ کنٛجنٛکٹِوایٹسس منٛز مُبتَلا لُکن پَزِ نہٕ  کیٖمیا كہِ  پٔھہلنہٕ نِش بچنہٕ خٲطرٕ پنٛنیٚن أچھن اَتھٕ لاگٗن ۔
2215,امہِ کردار خٲطرٕ مِلیٚو تٔمِس نیشنل ایوارڈ تہِ۔
2216,"چمکدار پوشاک تہٕ چیزن ہٗند  نتیجہٕ ہیٛکہٕ ""خریدار بدِ كڈٗن ""ٲسِتھ ۔"
2217,"امریکن سسٹمک مطلب اوس بینکنگ، نقل و حمل تہٕ مواصلاتس پٮ۪ٹھ پونٛسہٕ خرٕچ کرٕنۍ۔
"
2218,NITI AAYOG  SDG انڈیا انڈیکسس مطابق چھ ریاست جنسی مساواتس منز 9 مس نمبرس پیٹھ، صاف آبہٕ تہٕ صاف صفٲیی منز 10 مس نمبرس پیٹھ۔
2219,دویم دریا یُس پیٹھہٕ نشان زد چُھ، چُھ جعفر گنج کِس جنوبس منٛز ناتھ پور کارخانس نزدیٖک ہورساگر کس واتس نیبر کھسان تہٕ منشی گنجس منٛز جوگنی گھاٹس کن پکان۔
2220,1966 منٛز آو کانگریسن نیشنل ٹریفک اینڈ موٹر وہیکل سیفٹی ایکٹ نافذ کرنہٕ ۔
2221,"نیوزی لینڈک حوالہٕ سۭتۍ، برطانوی پارلیمنٹن تھٲو نیوزی لینڈچ پارلیمنٹ ہنٛز رضامندی سۭتۍ نیوزی لینڈس پیٹھ لاگو گژھن وٲل قانون سازی منظور کرنک اختیار برقرار۔
"
2222,عمر چھ سٔلیٖمس سۭتہ ہوٲئی جہازس منٛز ژلنس دوران پننہ فونہِ ذٔریعہٕ بم چالو کرنٕچ کوٗشش کران مگر ناکام گژھان۔
2223,"یہِ ٹیوٗب چھِ سٹارسٹریک کِس اہم حصَس سۭتۍ جُڑِتھ یُس چلاونہٕ یِیہِ۔
"
2224,"حکوٗمت ہِنٛدُوستانن چُھ دھیان چنٛد سٕنٛدِس اعزازس منٛز اکھ یادگار ڈاک ٹکٹ تہٕ گۄڈٕنِکہِ دۄہُک کَوَر جٲری کوٚرمُت۔
"
2225,"مارشل آرٹٕکۍ تھیم ہیکَو ٹیلی ویجن نیٹ ورکَن پیٹھ تہِ لبیٚتھ۔
"
2226,مثلن، اکھ بینک ہیٚکہ تۄہہ اکھ بچت کھاتہٕ دتھ یتھ سودک شرح 2.5 % آسہ۔
2227,وزیر اعظم فرنسک گروسیٚنی یَن چھُ یمہِ کتھہِ ہندِ تحقیقاتٗك  حُکم دِیُوتمُت زِ یہِ تقری كیازِ روُز چالوٗ۔ 
2228,2009 كہِ وۄباہ پتہٕ آیہِ یہِ وٗچھنہٕ باپت وارِیاہ سروے كرنہٕ زِ كس كس اوس انفلنزا ویكسین كرنہٕ آمٗت ۔ 
2229,پی این ایسس منٛز چھٗ دٗبارٕ پٲدٕ  گژُھن تیز، یمہٕ سۭتہِ شرح  فی دۄہ 1 ملی میٹر تام  بڑان چھِ ۔
2230,پی این ایس چھُ سی این ایس کِس مُقابلَس منٛز مایٚلِن ملبہٕ صاف کرنس منٛز واریاہ تیز تہٕ زِیٛادٕ کارگر، تہٕ شوان سیٚلہٕ چھِ امہِ فرقُک بُنیٲدی وجہ۔
2231,2000 پیٹھٕ 2014 تام اوس سہ آسکر خٲطرٕ ہیڈ رائٹر ۔
2232,یو ایس نیشنل اوشینک اینڈ ایٹموسفیرک ایڈمنسٹریشنٕكہِ اكہِ مٗحقیِق  جوڈِتھ پرلویٹزَن ووٚن زِ جماعتُک ڈیٹا اوس صحیح مگر تٔمہِ كٕر مقالہٕ كین نتیجن سٕتہِ نا اتعفٲقی ظٲہِر ۔
2233,تیز پروسٹیٹیٹسٕچ تشخیص کرٕنۍ چھ نسبتاً سہل امہ کہ علامتو ہٕنٛد وجہ سۭتۍ یم انفیکشنٕچ تجویز چھ دوان۔
2234,"13 جوٗن 2011 آو سہ ڈبلیو ڈبلیو ایی کس معاہدس نش یلہٕ ترٛاونہٕ۔
"
2235,لوک داستانو مطٲبق، ٲس قدیم دورس منز لوڑی ریوٲیتی ریتہٕ کِس ٲخرس پیٚٹھ مناونہٕ یوان ییٚلہ ونٛدٕ موسم یوان چھٗ ۔
2236,"لفافہٕ کٔرِو والمارٹَس (یا تہٕ مقٲمی ایڈریس یُس سٹور فائنڈرس پیٹھ لبنہٕ ییِہ) یا بینٹن ویل، آرکنساسس (اے آر) منٛز کارپوریٹ 'ہوم سٹور' ایڈریسس پیٹھ۔
"
2237,تكنیكن ہنزِ ژٲر پیٹھ سین سٕنزِ كامہِ دِیوُت ماریس ڈوب سٕنزِ كامہ مدد ۔
2238,نارایان سروور یا نراین سر چھُ کوری کریکَس پیٹھ ہندین خٲطرٕ اکھ گام تہٕ تِیرتھ۔
2239,یہِ چھٗ بودھن ہندِ دٕسہِ تہِ مٗقدص ماننہٕ یوان ۔ 
2240,جنگہٕ پتہٕ کوٚر کالاسن 1950 منز پننہ پیشورانہٕ زندگی ہند آغاز ۔
2241,"سفری پابٔنٛدی ہندِس ترمیم  شُدٕ فہرستَس منٛز لگٲوو ٹرمپن شُمٲلی کوریٲیی ین امریکہَ ہس منٛز دٲخٕل گژھنَس پٮ۪ٹھ پابٔنٛدی۔
"
2242,اگر تُہۍ رِٹیل سِٹورس منٛز کٲم چھُو کران تیٚلہِ کرِو گراہکن ستۍ کتھٕ زِ یِمن چھا ذٲتی خریدٲری کِنہٕ نا۔ 
2243,کوِنسی چُھ شمٲلی فرانس کِس شہرس منٛز اکھ کمیون ۔
2244,یہودیت تہٕ زوراسٹرینزم چھ ساروٕے کھۄتہٕ پرٛون زندٕ توحید پرست مذہب مانٛنہٕ یوان۔ 
2245,عام طور چھِ  تمام جایہ ہاو ڈکھہٕ کرٛاوُت جایہ ہاو، یِم ناوُت تہٕ اشارٕ ناوتین ہندۍ لٔگۍ رٹان چھِ۔
2246,فروختک حجم چھ پریتھ ؤرۍ یِہ 566.5 ملین یورو کھوتہٕ زیادٕ ۔
2247,جنگ شروٗع گژھنہٕ برٛونٛہہ دِیُت بھیماہن تجویٖز زِ ستیاکی کَرِ بطورجنرل پانڈو فوجٕچ قیادت  ، مگر یُدھیشٹھر تہٕ ارجُنن ژور دھرشتادیومن ۔
2248,جعفری یَن چھِ ایوارڈ شوَن ہِنٛز میزبٲنی کٔرمٕژ یَتھ منٛز فلم فیئر، زی سنے ایوارڈز، تہٕ آئیفا شٲمِل چھِ۔
2249,علاج چھ عام طور  واریہن ؤرین تام جٲری روزان ، تہٕ چھ نہٕ ہمیشہٕ کٲم کران کینٛہہ۔
2250,"رولر ڈربی چھُ 30 منٹَن ہٕنٛدٮ۪ن دۄن مٗدتن  منٛز گِنٛدنہٕ یِوان۔
"
2251,سُہٕ اوس 1976 پیٹھہٕ 1979 تام 20 مہٕ صدی فاکسُک صدر۔
2252,پیدٲیشی حالات تہٕ ٹیومر یم کورڈ کمپریس چھ کران تم ہٮ۪کن ایس سی آٮیی ہنٛد سبب بٔنتھ، یتھ کٔنۍ زن ورٹبرل سپونڈیلوسس تہٕ اسکیمیا ہیکن ٲستھ۔
2253,فرینکلنن کوٚر پنین رپورٹ کرنہٕ آمٕتۍ پتنگن ہند تجربہٕ برونٹھ کینژن ؤرین تام بجلی ہنزن راڈن متعلق قیاس آرائی۔
2254,بیمارِ ہِنٛدِس شدید مرحلَس منز اوس مریضن ہِنٛد سیرمٕکۍ سیمپٕلن مَنٛز زِکا ہُک RNA۔
2255,تمۍ سٕنٛدۍ معمول کین ہتھیارن منٛز چھ اکھ سکیٹرگن، پستول تہٕ بیس بال بیٹ شٲمل۔
2256,یہِ چُھ یتھہٕ کٔنہِ زِ سٹور ہیکہ تۄہہ کوپن تہٕ کٕنٛنس مٗتعلق تازٕ صورت حال سوُزِتھ ۔
2257,یہِ فِلِم ٲس سی اشوِنی دَتن وِجیانتھی موٗویٖز بینرس تحت بَنٲومٕژ۔
2258,یہ ہیٚکہ نہٕ تۄہہ خٲطرٕ سودا بناون  وول ٲستھ، مگر یہ چُھ تُہنٛدِ خرچہٕ جمع کرنہٕ وِزِ غور کرنٗك  چیز۔
2259,پروجیکٹٕچ منصوبہٕ بٔنٛدی، نفاذ تہٕ قٲبوٗ کرن چھ پروجیکٹ مینجمنٹک بنیٲدی شعبہٕ۔
2260,یہ ہیٚکہ دَوا غلط ڈوزس منٛز ننہٕ ینہٕ کہِ وجہٕ سٕتۍ تہ گژھتھ ۔
2261,ریاست چھےٚ ہندوستان کہ پارلیمان چہ لوک سبھایہ خٲطرٕ 5 رکن تہٕ راجیہ سبھایہ خٲطرٕ 3 ین نشستن ہنٛد انتخاب تہ کران۔
2262,پرٛٮ۪تھ ؤرِیہِ چھِ مہاراشٹرٛا حُکوٗمت اَکھ نوٹِفِکیشن جٲری کَرِتھ  1 مئی بطور یوم مہاراشٹرٛا  مَناونہٕ خٲطرٕ عوٲمی چُھٹی ہٗند علان كران ۔ 
2263,ٹوائلٹ پیپرٕکہِ گوڑنَِكہَ  رول آیہ برطانیہ ہس منٛز 1890 منٛز بناونہٕ ۔ 
2264,ٲخر کار، کاسلنگس أنٛدۍ پٔکۍ ٲسۍ اصول معیٲری بناونہٕ آمٕتۍ-کاسلنگ کیٚن اصولن منٛز ٲس تغیرات 19 مہ صدی ہٕنٛدس ٲخرس تام اٹلی منٛز جٲری۔
2265,بٲ٠تٕكہِ  بول چھ کمار سٕنٛد دٔسۍ لیکھنہٕ آمٕتہِ۔
2266,کنہ ساتہٕ ہیکن تم کیٹاٹونیا بدتر بنٲوتھ یا مضر اثر ترٲوتھ ۔
2267,یہِ چھٗ بوسٹن شہرٕ پیٹھہٕ سیو٘د   مِسٹِک درِیاوس اپارِ ۔
2268,"بالاسن دٔریاو چھُ گاڈٕ رٹنہٕ باپتھ اکھ اصل جاے ییٚتہِ اَتھ علاقَس منٛز ٹراؤٹ ہِش گاڈٕ لبنہٕ چھِ یِوان۔
"
2269,امیُک شمٲلۍ شہری ضلعہٕ سپرینڈلنگن چھ فرینکفرٹ کس جنوبس منز ۔
2270,مایوسی منٛز گوٚو سُہ شِیوَس نِش تہٕ تِمَن کٔرٕنۍ اکھ قٲبل رہنما دِنٕچ درخواست یٔمۍ سندس بہادُر قیادتَس منٛز  تِم اسورن پیٹھ فتح حٲصل کٔرِتھ ہیکن۔
2271,یِہ کل چھ دوٚر تہ، تہٕ دۄپھن پٮ۪ٹھ چِھس نہٕ کٔنٛڑۍ تہ آسان کٮ۪نٛہہ۔ 
2272,سمتھن ٲس کُل $15 مِلیَن  خریدٲری کرنہٕ خٲطرٕ آٮٔی ایس سی یَس 215 مِلیَن ڈالرَن ہٕنٛز بولی لگٲومٕژ۔
2273,انکور سٕنٛز ماجہ نندیتا اروڑا، نندیتایہ ہُند دوست اجے شیٹی تہٕ تِہنٛز  وکیل کاجوری سین ہیتھ چھُ  ڈاکٹر رومیش حقس پٮ۪ٹھ لڑنہٕ خٲطرٕ اکھ ہنگامہٕ خیز سفر کران۔
2274,بڑونِس سیٲسی تناؤس لو٘گ  1947ہس  منٛز آزٲدی سۭتہِ ٹھانہٕ ۔ 
2275,"خانَس اوس لگ بگ اَکی وِزِ دۄشوٕنی فلمَن ہِنٛز شوٗٹِنٛگ کرٕنۍ ۔
"
2276,یہِ منٛدر چھُ بھوانی پٹنہ کِس جنوبس منٛز واقع ۔
2277," جھارکھنڈَ كِسریاستس   منٛز قومی پارکہٕ تہٕ زولوجیکل باغ چھِ اَمہِ قسٕمُک اکھ منظر پیش کران ۔
"
2278,أسہِ کرو تمام ستن کروشیٲیی گرامر معملن ہنٛزِ وضاحتہٕ سٕتہِ  شروع ۔
2279,اکہ لٹہ ییٚلہ یہ پواینٛٹ أکس ٹیمہ ہٕنٛد طرفہٕ حٲصل کرنہٕ چھ یوان، سہ ٹیم چھ زینان۔
2280,ییتہِ زن ناولہِ منز ہندوستان جدوجہدِ آزٲدی ہٕندِ نُمیاں حوالہٕ چھِ ، توجہ چھُ عام اِنسان سٕنزِ زِندگی پیٹھ  بیانی طور مرکُوز یتھ سٕتۍ ناراین سُند  معموُلُک مذاقک خوراک چھُ ۔ 
2281,شاہن دِیوُت حُكم زِ تنازعہ  كِنۍ  بنہِ علاقہٕ مغل سامراجُک حِصہٕ تہٕ شہرس آو اِسلام آباد  نوو ناو  تھونہٕ ۔ 
2282,"1998 منز کٔر بوبی ودھو ونود چوپڑا نہِ فِلمہِ کریبَس منز نیہا سٕندِ مدِمُقٲبلِہ کٲم۔
"
2283,وقتس سۭتہِ سۭتہِ چھٗ یہِ تعداد کم گژھان، واریاہ مریض چھ آپریشن پتہٕ كِس اكِس وریس دوران ژورِ پیٹھہٕ شییہِ پھِرِ حاجتھ لگنٗك اطلاع ِدِوان ۔ 
2284,یم مجسمہٕ ہیکن اتھ وقتس دوران غٲر ملکین سۭتہِ ہندوستانین  ہنٛدِ بڑونہِ  رٲبطہٕ ظٲہر کرتھ ۔
2285,"یہٕ بَنِیو پتہٕ دویمیٚن ملکن سۭتۍ فٲصلن ہنٛز پیمٲیشِہ خاطرٕ استعمال گژھن وول شروعٲتی نقطہٕ۔
"
2286,لاول چھ قرون وسطی ہنٛد اکھ شہر تہٕ امیک ذکر چھ گۄڑنچہ لٹہ 11مہ صٔدی دوران کرنہٕ آمت۔
2287,2014 منٛز، کوٚر سُہٕ مارول سنیما کائناتس منٛز سپر ہیرو فالکن کس طورس پیٹھ شٲمل۔
2288,مگر یِمَو منٛز چھِ زِیٛادٕ تَر نالہٕ صِرِف رُودٕ کِس موسمَس منٛز آب نِوان تہٕ اَمی مۄکھٕ چھِنہٕ یِم سدایی آسان۔
2289,پیمائشک نظامک برطانوی انتخاب، سامراجی نظام، کنہن ملکن منٛز چھ مختلف طریقن سۭتۍ استعمال گژھان۔
2290,"پرٛٮ۪تھ وٲنٛسہ ہٕنٛدۍ لوٗکھ ہٮ۪کن اراونٛڈ دی بے ریسس منٛز دورٕ کٔرتھ۔
"
2291,ابخاز اَچھر آیہِ 19 ہِمہِ صٔدی منٛز تخلیٖق کرنہٕ۔
2292,زہوین ووٚن أکس پریس کانفرنسہ منٛز زِ أمۍ ٲس ڈروگبایہ سۭتۍ ملاقات کوٚرمُت۔
2293,مہاکاوی منٛز اکس بیکس معمولی واقعس منٛز، جاٹاسورا، اکھ راکشس یس برہمن سنٛد وسوتھ اوس یودھیشتھر، دروپدی، تہٕ جڑواں باین، نکولا تہٕ سہدیوا کوٚر بدریکاسرمس منٛز روزنس دوران اغوا۔
2294,سوٗ اوس مارچ پیٹھٕہ نومبر 1998 تام ایوان نمٲینٛدگانٗك   سپیکر۔
2295,"رٮ۪تہٕ کِس ٲخرَس پٮ۪ٹھ کٔرِی مۄلہٕ آنكون  زِ تۄہہِ یِمہٕ تبدیلی کَرِوٕ  تِم چھے کارگر ۔
"
2296,بِہار کہِ سرکارُک ٲییٖنی سربَراہ چُھ گَورنَر آسان، یُس ہِنٛدُستان کہِ صدٕر سٕنٛدِ دٔسۍ تعیِنات  کرنہٕ چُھ  یوان ۔
2297,"1760 تام اوس دکنس منٛز نظام سنٛز شکستہٕ سۭتۍ مراٹھا طاقت 2,500,000 مربع میل (6,500,000 km2) کھوتہٕ زیادٕ علاقس سۭتۍ پننس عروجس پیٹھ ووتمُت۔"
2298,زیروکسن اوس اکھ کمپیوٹر بنوومت یتھ زیروکس آلٹو چھ ونان مگر یہ اوس نہٕ مارکیٹنٛگ کران کینٛہہ۔
2299,پتہٕ بنیٛوو سہ اکھ ہوٹل مینیجر تہٕ اکھ واریاہ مشہوٗر سپورٹس صحٲفی۔
2300,"راتھ کوٚر شُمٲلی کوریاہَن اعلان زِ سربراہ مملکت کم یونگ نام چھُ یِنہٕ وٲلۍ سرمائی اولمپکسَس باپتھ جنوبی کوریا کِس شہر پیانگ چانگَس منٛز تقریبن منٛز شٲمِل گژھَن۔
"
2301,امہ پتہٕ ٲسہِ تم ضِلہٕ  کس دٲیِرے یختیارس تحت یتھ منٛز تِم ٲسہِ ۔
2302,اے ایم ڈی 3100، یس ایچ آی وی خٲطرٕ اکھ اینٹی ریٹرو ویرل دوا کس طورس پیٹھ تجویز اوس آمت کرنہٕ، چھ ویسٹ نیل انسیفلیٹسس خلاف وعدٕ کوٚرمت۔
2303,تۄپتہِ یِمَن رسمن سۭتۍ وابستہٕ رسم چھِ پننیو روایتی علاقو نِشہ برونٹھ پھٲلیمتۍ تہٕ ٹیکنالوجی تہٕ ہجرت ذریعہٕ چھِ تبدیل گٔمٕتۍ۔
2304,یہِ چھُ مانٛنہٕ یوان زِ  کریم نگر ویمولواڈا ہایی ویٚیس پٮ۪ٹھ کریم نگر پٮ۪ٹھٕ لگ بگ 9 کلوٗمیٖٹر دور ایلگندل قلعس تہٕ ماناکنڈورس چھےٚ اکھ خفیہ سرٛۄنٛگ رلاوان۔
2305,"2012 ہس تام ، ٲسہِ 414,714 کر٘وٹ امریکی ۔"
2306,ہوین لنگلونَس منٛز بٲتھ ہیکَو کُنہِ تہِ منی پوٗری آلاتہٕ سٕتۍ گیوِتھ یِتھ کٔنۍ زَن پیناہَس سۭتۍ وایِتھ تہٕ چھِ عموٗمَن جٲرِحانہٕ آواز وٲلۍ آسان مگر یِمَن منٛز چھُنہٕ کانٛہہ تہِ بٲتھ آسان۔
2307,1999 ہس منٛز کٔر کمن پنٕنہِ ریکارڈ لیبل، کوٗیین بی انٹرٹینمنٹ شروٗع۔
2308,اتراکھنڈس منٛز چِھ کماؤنی ہولی منٛز موسیقی شٲمل۔
2309,مایوٗس گٔژھِتھ کوٚر ٹیپو سٗلطاننامہِ دور كین  باقٕیہ  مٗسلِم حکمرانن سۭتہِ  رٲبطہٕ قٲیم كرٗن  شروٗع۔
2310,تمام غلام چھ پنن ڈیٹا بیس ماسٹر کیربروس سرور پیٹھہٕ  ہم آہنگ کران ۔
2311,پرنسپل چھٗ مٗقابلس  منٛز حصہٕ ننہٕ خٲطرٕ پانژن طٲلب علمن ژاران۔
2312,رات سُند باقأئدٕ فلم ایسٹر اوس دتا،مگر ڈائرکٹر اوس عام طور ایڈٹنگ ہُند حکم دوان ییٚلہِ زن اصل کأم دتاہن أس کٔرمٕز.
2313,27 کامہِ دۄہَن ہُنٛد شیڈِیوُل ختم گژھنہٕ پتہٕ گوٚو بیٛاکھ شیڈِیوُل  دسمبر كِس اپتداہس منز  لکھنؤوَس منٛز شروٗع۔
2314,ہیگرٹی تہٕ رین فریو سٕنٛد مطابق آسہٕ ڈراوڑۍ زبانہٕ زراعت کہ پھلاونس سۭتۍ برصغیر پاک و ہندس منٛز پھہلتھ۔
2315,نفسیات چُھ  مطالعہٕ ز أسۍ کتھٕ کنۍ چھِ سوچان، محسوس کران تہ عمل کران۔
2316,شیعہ مٗسلمان چھنہٕ اتھ تٲریخس پیٹھ خانٛدر تہٕ پارٹین  ہٗنٛد منصوُبہٕ بناوان۔
2317,لوٗکھ چھ نژان ، گیوان تہٕ خاص قٕسمٕچ موسیقی بجاوان ۔
2318,تمہِ كو٘ر ستمبر  2007 تس منز شروع تہٕ  جنوری 2009 وس   منز ترووٗن ۔ 
2319,"کاسترو سنٛد دعوی چھ ز یہ پابندی چھ تہنٛدین لوکن خلاف ""نسل کشی""۔"
2320,یہ جوٗر ٲسۍ کڈز انکارپوریٹڈ کیٚن شرکاہن تہٕ باقی ٹی وی شوزن منٛز لگوٚومت ۔
2321,بٲے سنٛدِ مرنٕچ خبر بوزِتھ گوٚو ہمایوں غمس منٛز غرق۔
2322,سنٛکرم، اَکھ لۄکُٹ گام، چُھ آنٛدھرا پرٛدیش کِس اَناکاپلی ضِلعس منٛز اناکاپلی کِس مشرِقس منٛز تقریٖباً اَکھ میل دوٗر واقع۔
2323,کامہِ ہنٛزِ جایہِ کنٹرولٗک استعمال کرِتھ ، چھُ سلیکوسِس  تقریبن  ہمیشہٕ اکھ رٗکاونہٕ یِنہٕ واجینہِ بیمٲرِ ۔
2324,واریاہن مٗلکن منٛز چھٗ یہِ آرام دہ کھیٚن ماننہٕ یوان ۔
2325,"حالانٛکہ أمۍ سٕنٛد خٲطرٕ اوس نہٕ یہ پروجیکٹ اکھ بایوپک، بلکہ اکھ متٲثر کرن واجیٚنۍ دٔلیٖل۔
"
2326,تاہم ، سائنسدانو چھ نہٕ اتھ کتھۍ پیٹھ یقین تھاوان ز یہٕ چھا درست یا غلط۔
2327,"شاہن کٔر پنٛنیٚن پاکِستٲنہِ  فِلمن ہِنٛز شُروٗعات شعیب منصوٗر سٕنٛزِ خُدا کے لِیَے پیٚٹھٕہ، یَتھ منٛز أمہِ اكھ لو٘كٗٹ مزاحیہ كِرداراَدا کوٚر۔
"
2328,فُٹ بال کھیلَس منٛز چھِ سکور کرنٕکۍ واریاہ طریقہٕ۔
2329,"امہ علاوٕ، آو یوڈی یس سخٕت رائٹر بلاک دنہٕ، ییٚمہ سۭتۍ سہ کانٛہہ تہ کٲم پوٗرٕ کرنہٕ نش رکاونہٕ آو۔
"
2330,لَچھِ بٔدۍ لُکھ چھِ گۄڈَے أنٛدۍ پٔکۍ کیٚو علاقو منٛزٕ خطرٕ چہِ جایہِ منٛزٕ کڑنہٕ آمٕتۍ۔
2331,1994 منٛز کیرالہ پنچٲیتی راج ایکٹ تہٕ کیرالہ میونسپلٹی ایکٹ کس نفاذس سۭتۍ کٔر ریاستن مقامی خود مختٲری منٛز اصلاحات لاگوٗ۔
2332,مائرزن وون ز یمن رگن پز اینڈووینوس تکنیکو  سۭتہِ  یلاج کرُن، جراحی انتظامہٕ  پتہٕ بار بار گژھنک زیادٕ شرح  ، تہٕ اعصابن  % 15تام خرٲبی  گژھنکہِ خطرٗک حوالہٕ دِتھ ۔
2333,ییٚلہِ اہلِكارو خرٲبی ہٗند پییہِ لگاونہٕ باپت بندوُق پھِیوٗر ، ہتھیار چلیو٘  ۔
2334,روزوو چُھ ڈومینیکا كہِ کیریبین جزیرٕچ رازدٲنہِ ۔ 
2335,1990 تس   منٛز، گو 204 منٹن ہُند اصلی ڈائریکٹرس  کٹ گھریلو میڈیاہس پیٹھ دستیاب۔
2336,بھلی، بریلی زبانہٕ تہٕ بھیلالی چھےٚ ریاستس منز بولنہٕ ینہٕ وٲلۍ بڈۍ قٕسم۔
2337,نٔتیٖجن  آیہ کھیل زیادٕ تماشٲیی تہٕ کیمرہ دوست بناونہٕ خٲطرٕ واریاہ تبدیلیِ کَرنہٕ۔
2338,"یہ بٲتھ چھ سٲرسٕے سینو سفیرس منٛز ساروٕے کھۄتہٕ مشہوٗر بٲتو منٛزٕ اکھ۔
"
2339,"پلاوا ٲسہِ  جنوبی ہندوستان کٮ۪ن  حصن پٮ۪ٹھ حکوٗمَت كران ،یِہنز   راز دٲنہِ کانچی پورم ٲس ۔
"
2340,کینیڈاہٕچ قومی آئس ہاکی ٹیم روٗز 9-0 ریکارڈٕ سۭتۍ ناقابل شکست ۔
2341,بینکنگ سیکٹرس منز چھ مقرر تہٕ غیر مقرر بینک شامل۔
2342,"نر ہونٮ۪ن مقابلہٕ چھِ زانانہٕ تقریباً ترٛےٚ گۄنہٕ زیادٕ متٲثر گژھان۔
"
2343,روڈ چُھ اکھ سلاوین عظیم دیوتا، کائناتُک باپ۔
2344,وضاحت کٔرو ز چیکنگ اکاونٹ چھ بنیادی طور ادایگی کرنہٕ خٲطرٕ استعمال کرنہٕ یوان تہٕ سیونگ اکاونٹ چھ رقم جمع تھاونہٕ خٲطرٕ استعمال کرنہٕ یوان۔
2345,"میٹالوکلیپس میٹالوکلیپس چِھ اکھ اینیمیٹڈ کامیڈی ٹیلی ویژن سیریز ییٚمچ ہٮ۪دایت کار جون شنپن چھ کٔرمژ۔
"
2346,فوجی ین ہِنٛدِ نیرنہٕ پتہٕ نیٛوٗو باقٕیہ  مُتٲثِریٖنو عبداللہ ڈاکٹَرس ۔ 
2347,بلورڈے ، ٹیکساس بلورڈے  چھُ ریاستہائے متحدہ امریکاہُک اکھ شہر یُس ٹیکساسس منز واقع چھُ۔
2348,ساینسدانو یمو ؤری وادو برٛۄنٛہہ أمس ننہٕ مۄنٛڈجہ متعلق لیوٗکھمت اوس، اوس ووٚنمت ز یہ ٲس گۄلٲبۍ رنٛگٕچ۔
2349,تِم ہٮ۪کن ؤنہِ تہِ تِم مسٲیل تلاش کٔرتھ یِم نہٕ تِمن الفا ہس منٛز میلیٛیہ۔
2350,1997 تھس منٛز گوٚو سُہ جاپان فٹ بال لیگ کلب کاواساکی فرنٹیلس منز  منتقل۔
2351,لٮ۪پٲرڈ گیکوہن تہٕ چھ دنٛد آسان تہٕ تم چھ لگ بگ 100تو دنٛدو سان زٮ۪وان۔
2352,تٔمۍ سمکھوو سُہ شیواجی پارک، دادرس منٛز مشہوٗر کرکٹ کوچس تہٕ مشہور کلب کرکٹر راماکانت اچریکرس ۔
2353,"ہندوستانس منٛز ہیٚکو میٚژ ٲٹھن زمرن منٛز درجہٕ بندی کٔرتھ: ایلوویل، کرٛیٚہُن، وۄزُل، لیٹرائٹ، جنگل، خۄشٕک تہٕ ریگِستان، نمکین تہٕ الکلین تہٕ پیٹی تہٕ نامیٲتی میژ۔
"
2354,"اَمہِ جنٛگہٕ سۭتۍ گٔیہِ برطانوی ایسٹ انڈیا کمپنی ہِنٛدِس سرپرستی منٛز انگریزن ستلج دٔریاو کِس جنوٗبَس منٛز موجودٕ ہندوستانُک عملی طورتمام اِختِیار۔
"
2355,أمۍ اوس اکھ مقالہ پوٚرمت یس تمہ تابکأری ہٕنٛدٮ۪ن جسمٲنی پہلُون متعلق لیٛوٗکھمت اوس۔
2356,شیٚن ریتن ہٕنٛدۍ خرچہٕ بچٲوتھ بناو نقدی بچت ڈوٚکھ۔
2357,"آسٹریلیاہَن زیوٗن پنالٹی شوٹ آؤٹ 3–1 سۭتۍ۔
"
2358,اكہِ سجاوٹڮ كُلِیوٗك نل ہیكہِ تِمن پوش پھو٘لنہٕ برون٘ٹھیہ ژٹِتھ اندر ژاننہٕ یِتھ ، ییتہِ تِمن پتہٕ  آبہٕ گملس منز تھوِتھ پوش پھو٘لن ۔ 
2359,تانترک متنن منٛز چھٗ یہِ بطور بھیرواٗتسو واضح كرنہٕ آمٗت  تکیاز یتھ موقعس پیٹھ چھ بھیرو تہٕ بھیروی، تمہِ سٕنٛز شکتی یا کائناتی قووت ، تانترک پوُزایہِ  ذٔریعہ وٗزناونہٕ یوان ۔ 
2360,امیوک وجہ چھ یہ ز یہ ہیکہ جلدٕی مریضن ہنز صحت منز سی۪ٹھاہ بہتری انِتھ۔
2361,پری گیم پاور بڑنس سۭتۍ گوٚو عارضی طور کویسٹ فیلڈک ویڈیو ڈسپلے آف لائن۔
2362,کارلوس کورونیلن کٔر پنٛنہ پیشورانہٕ زندگی ہنٛد آغاز ریڈ بل برازیل کس جوانَن منٛز ۔
2363,یہِ ناو چھُ کُنہِ ساتہٕ آرا کہِ ناوٕ سۭتۍ تہِ اچھراونہ یوان۔
2364,منی کیشوری مندر چھُ ہندوستٲنہِ ریاست اٗڈیسہ،  کِس ضلعہٕ کالاہانڈی منٛز واقع ۔
2365,یوکی اوس 2009 وس منٛز آسٹریلین اوپن جونییر سنگلک چیمپین۔
2366,پرائیویٹ کمپنیہٕ چھ پرٛیتھ ریتہٕ میڈیکیئر ایڈوانٹیج پلان کیئر باپت اکھ مقرر رقم حٲصل کران۔
2367,"سکیئنگ، سنو رگبی، سنو سائیکلنگ، تہٕ سنو فٹ بال چھِ ہندوستانَس منٛز گنٛدٕنہٕ یِنہٕ وٲلہِ کینٛہہ عام ونٛدٕ کھیل۔
"
2368,یہِ چھٗ 1947 پٮ۪ٹھہٕ آزاد ہندوستانُک حصہٕ روُدمٗت ۔
2369,تو٘ہہِ  چھوٕ پنٛنس شیٚیمس ؤریس منٛز سالانہٕ وضیفہٕ سٗپٗرد كران ۔ 
2370,"مثال پٲٹھۍ، مراکو منٛز، اسلام پسندو دِژ حالٕے  یہودین پارٹی منٛز شٲمِل گژھنٕچ دعوت۔
"
2371,بیاکھ اکھ اختیار چھ پنٛنین ہمساین سۭتۍ لٲنہ منٛز کتھ کرٕنۍ تہٕ وٕچھن ز کیٛاہ تم چھا رٔلتھ کانٛہہ گیم گنٛدٕنۍ یژھان یتھ کٔنۍ زن چارڈس۔
2372,پورندرس چھےٚ أمۍ سٕنٛز خانٛدارنۍ نوکری ژھانٛڑنہٕ خٲطرٕ تنبیہ کران، مگر سہ چھ وۄمید کران ز لوٗکھ ین أمس نش اورے تہٕ کرنس کامہ ہٕنٛز پیشکش۔
2373,26 فرؤری 2006 دوہ جیشنَس منٛز نِیو 400 تو فنکارو جمٲژَو تقریبَن منٛز حصہٕ ۔ 
2374,تہنٛدیو  سمٲجی اصلاحاتو بنوو   پتہٕ اکھ ثقافتی ماحول ییمہِ ستہِ  داج، تہٕ ذات پاتس پیٹھ مبنی امتیاز، یا چھوُت چھات ہی عمل  ختم کرٕنہِ  مٗمکن بنیوو ۔
2375,بطور محادٕ کہِ حصہٕ ، تر٘ٲوِیو توہہِ مٗقدمہٕ اننہٕ یا ثالث سٕنٛدِس فٲصلس اپیل کرنُک كان٘ہہ تہِ حق ۔
2376,پننہِ دوہ دِش چہِ كامہِ دوران مدتٗك ضروُرت علامتٕہ ژھانڈنہِ تہِ چھٗ  اكھ جان خیال ۔
2377,آئی جی اینن دیِژ کھیلس 10ہو منٛزٕ 9.0 ریٹنگ ۔
2378,سہ اوس 2003 پیٹھ 2011 تام ورمونٹک 80 تِم لیفٹیننٹ گورنر۔
2379,اصلاحات گیہ غٲر مُلکی سرمایہ کٲری  ہندِ شعبہٕ کھولنہٕ  ، سرمایہ  كین بازرَن منٛز اصلاحات ، گَھریلوُ کاربار غٲر منظم کرنَہٕ تہٕ تجٲرتی نظامَس منٛز اصلاحات کرنہٕ سٕتہِ برونہہ كٗن ترقی كران ۔
2380,نوٹ کٔرِیو نتیجہٕ، 2.061، چُھ اکھ سوبوُتھ عدد ۔
2381,کیٹرپلرن چھ جسمٕکۍ خاص حصہٕ تہِ آسان یم آواز کران چھ ۔
2382,ہندوستان کٮ۪ن واریاہن حصن منز  باقین جاین منٛز ، چھ یتھنٕیہ  مگر لۄکچن برادٔرین ہنٛز زیارتہٕ تہٕ سرٛانٕکہِ تیوہار یِمن  ماگھ مٲلہٕ، مکر مٲلہٕ یا یٹھٗیہ ہیوٗ وننہٕ یوان چھٗ ۔ 
2383,1998 منٛز اکھ نوٚو ڈانس کھیل  یتھ ڈانس ڈانس ریولیوشن بائے کونامی ونان چھ ۔
2384, خٕطس منز  چھِ ہندوستان کٮ۪ن واریٛاہ  سیٹھاہ ماننہٕ  یِنہٕ وٲلہِ پہٲڑی مُقامَ  یِتھہٕ  کٔنہِ  زَن سری نگر، شملہ، منالی، نینی تال، مسوری ، کوشانی تہٕ ماؤنٹ آبو ۔
2385,بڈ بنیوو پتہٕ برسٹلُک ہیلتھ آفیسر تہٕ بنٲوٕن صاف آبٕچ فراہمی یقینی ، تہٕ  پننس پپورم کیریرس دوران حاصل کری متین ثبوتن ہُند دستاویز  ز تایفایڈ چھُ آب بردار بیمارین منز اکھ۔
2386,مالکووِچس اوس 1982  پیٹھہٕ 1988 منٛز طلاقس تام اداکارہ گلین ہیڈلی سۭتۍ خانٛدر کٔرتھ ۔
2387,یہ لفظ چُھ جرمنی تہٕ آسٹریا کین ملکن منٛز اِستعمال گژھان ۔
2388,تمۍ كٕر پننِس موبایل فونس پیٹھ دروكھ ۔ یہِ اوس سخ ووکھٕ۔
2389,"بُزرگ نفرَن چھُ وُنکیٚنَس عملی كاركردگی ہٖںد تخمینہٕ چھُ  تشخیصی عملس  دوران وٹامن بی 12 کِس روطبس  پٮ۪ٹھ   کرنہٕ یِوان ۔
"
2390,"سۄ آیہ اَمہِ کِردارٕ باپتھ واریٛاہَن ایوارڈَن باپت  نامزد کٔرنہٕ ، یَتھ منٛز 2007 ہُک آٮٔی ٹی اے بہتٔریٖن اداکارایہ ہٗند  ایوارڈ شٲمِل چھُ ۔
"
2391,"بییہِ، علامات ہیکن عارضی ٲستھ تکیازِ ایمبولس چُھ جزوی طوربییہِ  جذب گژھان تہٕ  کُنہٕ بییِس جایہِ گژھان یا  مکمل طور  ختم گژھان۔
"
2392,"وینگرن ووٚن، ""تٔمۍ سوز سُہ - تُہۍ ہیٚکِو نہٕ ؤنِتھ زِ یہٕ چُھ نہٕ پوٚز۔""
"
2393,ایگریکولاہن لیوُکھ 16 ہِمہِ صدی  كِس وسطس منٛز کانكنن منٛز گردِ سٕتہِ شاہ ہینہٕ سٕتہِ   ششنأرِ کیٛن مسائلن مٗتعلق ۔
2394,پنٕیہ شکایتہٕ کٔرِو لیکھِتھ درٕج تاکہِ تۄہہِ روز رپورٹ بناونُک ریکارڈ موجود۔
2395,اُروشیول چُھ رٲبطہٕ سۭتہِ پٔھہلان  مگر یہِ ہیٚکہِ جان گریس یا تیٖلس منز رلن واجِنہِ صابنہِ  تہٕ سرد آبہٕ سۭتہِ تہٕ محلام متھنہٕ سٕتہِ چھلنہٕ یِتھ ۔ 
2396,یتھٗیہ بہٕ ویران وٗزٕ منزِ پوٚكٗس ، اكھ رتھ شِٹھراون واجینۍ چِخ گیہ ، مے٘ پھٔٹ تھٕرِ كٕنڈِس تٲر ۔
2397,اَمِہ علاوٕ آو اکھ رَزاکارانہٕ انخلا تہٕ اینتھراکس ویکسینیشَن پروگرام 15 پیٹھ 55 عُمرِ ہٕندین لوکَن باپت قٲیِم کرنہٕ ۔ 
2398,پدماؤتی بسادی چھِ یِمَو منٛدرَو منٛز ساروِی کھۄتہٕ زِیٛادٕ زاننہٕ یوان ۔
2399,واریاہن ملکن منٛز چِھ ٹگ آف وار کلب، تہٕ مرد تہٕ زنانہٕ دۄشوے چھ اتھ منٛز حصہٕ نوان۔
2400,لوکھ ہیکن سٹاک ایکسچینجس پیٛٹھ سرمایہ کٲری ہیتھ تہٕ کٕنِتھ ۔
2401, جشن چِھ  پنجاب، ہریانہ، تہٕ چندی گڑھس منٛز تہٕ واریاہن جاین یتھ کٔنہِ زن پاکستان تہٕ انگلستان  کین کینٛژن  حصن منٛز  خاص طور رنگارنگ آسان ۔
2402,تنقید نِگارو چھٗ اکثر رے سٗنٛد مواضنہ اینٹون چیكوف ، جین رینوئر، وٹوریو ڈی سیکا، ہاورڈ ہاکس تہٕ موزارٹس سۭتہِ كو٘رمٗت ۔
2403,ژے٘ ٲسِن    خوش مزاج دل تہٕ اسوٗن بٗتھ ۔ 
2404, باقیہ یواریخ  تہٕ تحریر یِم پرتھوی راج سٗند  ذِکِر كران چھٗ تِمن منز چھٗ  پربندھ چنتامنی، پربندھ کوش تہٕ پرتھویراج پربندھ شٲمِل۔
2405,عقیدت مند چھِ  پوُرٕ بہارٕکہِ سنت تہٕ مہنت ہیتھ اتھ جایہ یہِ تیوہارڮك موقہٕ مناونہِ یوان ۔ 
2406,"یہِ فِلم چھےٚ 2 اگست 2013 ریلیز گژھَن واجِنۍ ۔
"
2407,یہٕ اوس نہٕ صدی کس دویمس نصفس تام ز امیجنگ، سرجری، طبی دیکھ بھال، تہٕ بحالی طبس منٛز کٔر پیشرفتہ ایس سی آئی نگرانی  منٛز کٲفی بہتری منٛز اہم کردار ادا۔
2408,یہِ افسر اوس تمہِ وِزِ پننہِ بٹیلِینہِ ہنزِ “ اے“ كمپنی ہنز كمان سمبھٲلِتھ ، ییمہِ وِزِ امِس  سِتانگ بر٘ج ہیڈس كھوہورِ اندِ اہم پہاڈ   پگوڈا ہِلس ، یتھ پیٹھ دٗشمنن قبضہٕ اوس كورمٗت ، پیٹھ جوٲبی ہملہٕ كرنٗك حٗكٗم دِنہٕ آو ۔ 
2409,12 جون 2012 آو یہِ روُسس منٛز شروع کرنہٕ۔ 
2410,یہِ چھُ کیلیفورنیا کِس پیشہٕ ورانہٕ ٹیمہِ خٲطرٕ یِژھ گۄڈٕنِچ چیمپئن شپ۔
2411,1969 تھس منٛز ترٛوو کاجین نکاتسو تہٕ گوٚو مختلف ٹی وی سٹوڈیون منٛز شٲمل۔
2412,میور پوٗرین لیٖکھۍ ویا کرکے پچتایا بٲتٕکۍ بول۔
2413,اصلی مجسمہٕ یم جدید دورس تام زندٕ روٗدۍ تہٕ اوڈیا مندرن منٛز پینل ریلیف، یم 10 مہ پیٹھہٕ 14 مہ صدی تام چِھ، چِھ اوڈیسی رقص ظٲہر کران۔
2414,"نیشنل انفلوینزا امیونایزیشن پروگرام آو 16 دسمبر 1976  مؤثر پٲٹھہِ رٗكاونس تام  اوس کل 48,161,019 امریکی ین ، یا آبادی ہنٛدِس   %22 ہنا زیادیہ حِصس حفاظتی كرنہٕ آمٕتہِ ۔ "
2415,ریویو ایگریگیٹر ویب سائٹ راٹن ٹماٹوزس پیٹھ چھ فلمہ 13 ریویوزن پیٹھ مبنی 15 فیصد منظوریچ ریٹنگ۔
2416,زیٛادٕ تر کمپٔنی  یژھن زِ تو٘ہہِ  کٔریو تمن  حالیہ خریدٲری ہندِ تجرٗبٕچ وضاحت كران اكھ یا زٕ پیرا فراہم ۔ 
2417,"گرجہ گھرٕکین خدماتن منٛز چھ ڈول آسان، یم عام طور استعمال گژھان چھ تہٕ مقامی طورس پیٹھ چھ ""کھوانگ"" کچھ ونٛنہٕ یوان۔"
2418,تو٘ہہ کُس سٹارٹ بٹن دباوِو کرِ فٲصلہٕ ز مشینِ کتھ زبٲنہِ منٛز چھِ کٲم کَرٕنہِ،  لہاذا بنٲیِو  صحیح بٹٗن دباوٖٗن  یٔقیٖنی ۔
2419,سُہ اوس ارب پتی محمد الفید سُنٛد نیچو ۔
2420,امچ بنیاد ٲس 2000 سس منٛز ایرک ایلنبوجن تہٕ جان اینگلمینن کلاسک میڈیا کِس طورس پیٹھ تھومٕژ ۔
2421,امہ کس نتیجس منٛز چھ کیرلس منٛز زنانن معاشرس منٛز واریاہ زیادٕ مقام تہٕ اثر و رسوخ حٲصل۔
2422,"کیٚنٛژن گُردوارَن منٛز چھِ رٲژ ہِنٛزٕ دٗعایہ مجلِسہٕ تہِ مُنعقد کرنہٕ یِوان، یِم آفتابَس لوسنس أنٛدِ پٔکہِ شروع گژھان چھِ ییٚلہِ رہرہ (شامُک دعا) پرنہٕ چُھ یِوان، اَمہِ پتہٕ چھُ ژیٖر رٲژ تام کیرتن آسان۔
"
2423,"تِمَو چھِ ایشیا پیسیفک فسٹ بال چیمپئن شپس مَنٛز 2 تمغہٕ زیٖنمٕتہِ ۔
"
2424,ذہنس منٛز تھیو زِ مصنوعاتُک انتخاب چُھ سٹورٕ  مٗقابلہٕ زیادٕ محدوُد تہٕ قۭمتھ چھِ کٗنہِ ساتہٕ تھٕدِ آسان۔
2425,یہ گول اوس تمۍ سنٛد گۄڈنیٚک ورلڈ کپ گول تہ ۔
2426,"یہِ چھُ باقی کارڈموم پہاڑو نِش پیریار دٔریاو چہِ سرٛنہِ تنگ ٲبی وتہِ الگ کورمُت۔
"
2427,"کرنزن  سۭتۍ دفن کرنہٕ آمتۍ، أس چِھ عام طور  جسمس پیٹھ مختلف بانہٕ وچھان، یمن ہنٛد اوسط چُھ فی قبر منٛز میژِ ہنٛد بانہٕ تقریباً 5 یا تمہٕ کھوتہٕ کم۔
"
2428,"1809 منٛز، فرانسس بوکانن-ہیملٹنن لیوکھ زِ بھوانی پور تہٕ دیوانرجس درمیان اوس نوٚو چینل ""طاقتور دریاو کھوتہٕ مشکل کمتر، تہٕ درمیٲنی ملکس دور کرنُک خطرٕ""۔"
2429,"بلومینوَس منٛز چھُ وُنہِ از تِہ روُد پٮ۪وان، تہٕ مٲہرِ  موسمیات  چھِ ونان زِ  بۄدھوارِ  تام چُھنہٕ امہِ كہِ رُکنُک اِمکان۔
"
2430,اَپاچی لاسنہِ تحت جٲری کرنہٕ آمُت بیس چُھ اکھ مفت سافٹ ویئر۔
2431,خیال چھ یوان کرنہٕ زِ سہُ اوس لِنکن شائر کس مشرقی ہالٹنُک ۔
2432,أمۍ کٔر ہمالیٲیی ریاستن منز سارۍوٕے کھۄتہٕ زیادٕ شرح خواندگی تہٕ فی کس آمدنی حٲصل۔
2433,ابھا پوٗر، پولو تہٕ انترسوربھ جایہِ نزدیٖک جین تہٕ ہیٚنٛدۍ منٛدر چھِ قرون وسطی کِس دورَس منٛز جین مت تہٕ ہندو دۄشوٕنی ہٕنٛدِ بقائے باہمی ہُنٛد اشارٕ دِوان۔
2434,"یِمَن زخمَن ہُنٛد بُنیٲدی وجہ چھُ غلط لینڈنگ  ماننہٕ یِوان۔
"
2435,البمُک اکھ ڈیلکس ورژن آو اکتوبر 2017 منٛز رلیٖز کرنہٕ۔
2436,یہ آو اپریل 2009 ہس منٛز لندنس منٛز جی 20 سمٹ منٛز قٲیم کرنہٕ ۔
2437,"مِثالہِ پٲٹھۍ ہیٚکِو تُہۍ ؤنِتھ، ""ہاے اِنسٹا کارٹ۔ مےٚ چھُ کوپن کوڈ مگر یہِ چھُنہٕ میٲنِس کارٹس پیٹھ لاگوٗ گژھان۔ کیا تۄہۍ ہیٚکوٕ مدد کٔرِتھ؟""
"
2438,تاہم، غذٲییتچ کٔمی چُھنہٕ صرف واریاہ کم کھؠنک مسلہٕ۔
2439,18 اگست 2021 کوٚر ریلائنس انڈسٹریز لمیٹیڈن (آر آٮٔی ایل) وون ز أمۍ چھ مہاراشٹرا کس ناگوتھانے قصبس منٛز پنن مینوفیکچرنگ یونٹ بند کوٚرمت۔
2440,یہِ مۄیہِ پرسنہٕ  پتہٕ فالج گَژھنہٕ سٕتہِ ، ییٚمہِ کہِ وجہ سۭتہِ تس  تٕرٛہن گٲنٛٹن ہِنٛدِ  پرسنٕكہِ عزابہٕ پتہٕ  سیٹھاہ خوُن ضایہ گو٘۔
2441,اتھ سۭتۍ چِھ عام طور  استوائی بین گرم نم کنورجنس زونُک (ITCZ) موسمی سفر گژھان، یُس انتہٲئی غیر مستحکم موسمک اکھ کم دباؤ وول بیلٹ چُھ، شمالس کُن ہندوستان کُن چُھ۔
2442,تھیروپرنکٗندرم، یَتھ تِروٗپَرانکُندرم یا تِروٗپَرانٛگُندرم تہِ ونان چھِ ، چُھ تامِل ناڈوُ ، ہِنٛدُستان کِہ مدٗراے ضِلعُک اَکھ قصبہٕ۔
2443,بیرم خان گوٚو ٲخر نوابن پیٹھ غٲلب گژھنَس منٛز کامیاب، تاہم، تہٕ آو یہٕ طے کرنہٕ زِ مغل کٔرِ پنجابس منٛز ساری کھوتہٕ مضبوٗط سُر حکمران سکندر شاہ سوری یَس خلاف مارچ۔
2444,باجی راو سٕنٛزِ کامیٲبِیہِ آسہٕ جٔنوٗبی ہِنٛدُستانس منٛز مَرٲٹھٮ۪ن ہُنٛد تَھزر تہٕ بَجر تہٕ شُمٲلی ہِنٛدُستانس منٛز سِیٲسی حُکُمرٲنی قٲیِم کَرٕنہِ ۔
2445,یہ چھ فایل تیزی سان کھلنک اجازت دوان تکیاز ریم چھ مستقل سٹوریج کھوتہٕ تیز۔
2446,"ریاستٕٗك  جغرافیٲئی وقوع چھٗ  سمندری ماہی گیری سۭتۍ  اندرون مٗلک گاڈٕ پیداوارُک اِجازت دِوان ۔
"
2447,شمالس منٛز چھ درجہ حرارت بڑان تکیاز اختاب چہ عمودی زٕژٕ چھ ٹراپک آف کینسرس تام واتان۔
2448,"مےٚ گوٚو پزی سخ افسوس ییٚلہ مےٚ پنُن بچہ مغربی رقص پیش کرنہٕ وز توجہ کم دوان تہ  بے گنڈ وتیر ہاوان وُچھ،  ییٚلہ سُہ پننین یارن سۭتی سٹیجس پیٹھ مغربی رقص کران اوس۔
"
2449,اتھ عرصس دوران اوس قحط کہ موسم تہٕ فصلن ہنٛدۍ نمونہٕ وچھنہٕ خٲطرٕ گروپ بناونک بٲعث، ییٚمیک مقصد أخٕرکار غریبن غذائی کمی نش بچاون اوس۔
2450,1940منز اوس تٔمِس تتہ علاج یِوان کرنہٕ ییلہٕ جرمنی تیزی ساں یورپ فتح کران اوس۔
2451,اکہ ؤرۍ یہ پتہٕ آیہ 2000 منٛز لارڈ کولن سٕنٛد طرفہٕ جٲیزٕ ماننہٕ۔
2452,مارکھا وادی ٹریک کہِ وتہِ پیٹھ چھِ  رمبک، شنگو، سکایو، سارا، مارکھا تہٕ ہنکر گام ۔
2453,نوٹن پٮ۪ٹھ ؤچھِو میٖل تہٕ رنگ بدلاووٕنہِ میل تہٕ ہالوگرام كرِیوٗكھ نوٹ پتھ برونہہ پھِروِتھ سرٕ ۔ 
2454,"تُہۍ ہیٚکِو میل انَن وٲلِس سۭتۍ تہِ کَتھ کٔرِتھ اگر تُہۍ سُہ نیبرٕ وُچھِو یہِ پرژھنہٕ خٲطرٕ زِ تِمَن نِش چھا تُہندِ خٲطرٕ کانٛہہ پیکیج۔
"
2455,ہنومان جنموتسو چُھ اکھ ہیٚنٛدِ مذہبی تیوہار یُس ہیٚنٛدِ دِوتاہ ہنومان سُنٛد زیٚون مناوان چُھ، یس پوٗرٕ ہنٛدوستانس تہٕ نیپالس منٛز سیٹھاہ احترام کرنہٕ یِوان چھٗ ۔
2456,"2010چہِ  مردم شمأری مطابق ٲس آبٲدی 4,847 ۔"
2457,ڈیمُک صحیح مُقام چھُ تعلقہٕ ہیگڈا دیواناکوٹَس منٛز بیچناہلی گامَس نزدیک۔
2458,سمندرک كر٘ٗہٗن ،سِر سٲوۍ سنیر  چھٗ تِمن مخلوُكن كھٹان یِم تۄہہِ خوفزدٕ كران چھِ ۔
2459,یہٕ چُھ لاطینی امریکاہس منز  سیٹھاہ  اہم امداد باہمی  بینک۔
2460,امہ وقتہٕ ہٹٲو راشٹرکوٹو بادامی ہنٛد مغربی چالوکیا ۔
2461,پرتھوی راج آو پجن رائے یس مہوباہُک گورنر  مُقرر کرنہٕ پتہٕ دِِلہِ واپس۔
2462,اگر توہہِ پانس كِیوٗتھ  یا گرس کیُتھ چیز ہیوان چھِو ،دٗبارٕ لیكھِو اكھ فہرِست ۔ 
2463,"یِتھ پٲٹھہِ کٔر میسی یَن میچَس منٛز مدتھ  کرنٕچ ہیٹ ٹرک مُکمل ۔
"
2464,یہ اوس متھراہس نش برسانہ قصبس منٛز اصلی ہولی کھۄتہٕ واریاہ برٛۄنٛہہ مناونہٕ یوان۔
2465,یمو کامیابیو کٕرِ  یادو بادشاہ رام چندر، كاكتِیا بادشاہ پرتاپ رٗدر، تہٕ ہویسالہ بادشاہ بَھلالہ III علاؤالدینٕنہِ باج گٗزار  بننَس پٮ۪ٹھ مجبوٗر۔
2466,2018 ہس منٛز آیہٕ ریسٹن ورجینیاہس منٛز روزنہٕ خٲطرٕ ساروٕے کھوتہٕ اصٕل جاے قرار دنہٕ۔
2467," گانٛٹ بیرن ہٕنٛدِ  تھزرُک 
 ریکارڈ چھُ أکِس ترُکونل  باکس ڈیلٹا گانٛٹ بیرِ حاصل۔"
2468,1992 منز، 19 وری وٲنسہ منٛز، بَنیوو ٹنڈولکر یارک شائر ہاوَن وول گوٚڑنٕک سمندر اپار زامُت کِھلٲڑۍ، یۄسہٕ ٹنڈولکر نہِ ٹیمس منٛز شٲمِل گژھنہٕ برونٛہہ ٲس نہٕ زانٛہہ تہِ یارک شائر نیبر کِھلٲڑین ہُنٛد انتخاب کران۔
2469,بلغاریہ ہن گیوند 1949 ہس منٛز گۄڈنچہ عالمی چیمپئن شپس منٛز ۔
2470,رائل ہوٹل چھ رابنسن سنٛز ملکیت منٛز اکس بیکس ہوٹل کس جایہٕ پیٹھ ۔
2471,سۄ چھےٚ ناگ وَنشی كھیترِین ہنز ییشٹ دیوی ۔ 
2472,اونٹارِیو ہایۍ وے 7- اونٹارِیو ہایۍ وے 7 چُھ اونٹارِیو، کینیڈاہس منز اکھ صوبٲیی ہایۍ وے۔
2473,یم دوا چُھ پلیسینٹا اپور تران تہٕ  ببہِ ہندس دودس منز اژان ۔
2474,"دۄیمہِ ریلیزِ پتہٕ تہِ ہیچ نہٕ یہِ فِلم باکس آفسَس پیٹھ رُت کاروبار کٔرِتھ۔
"
2475,"اگاتی  چھٗ کوٗچی پٮ۪ٹھ سیٚدُیہ  پَروازَن ہٗند  اکھ ہوٲئی اڈٕ ۔
"
2476,لونلی پلینٹ بلیو لسٹ 2008 ہن چھ ہرمیندر صاحبس دنیاہک بہترین روحانی مقامو منز اکھ قرار دیتمت۔
2477,شروٗعس منٛز ووٚن کاؤنٹی صحت کیو اہلکارو ز ایالا ٲس ٹھیک تہٕ اوٚنگج ٲس رننہٕ آمٕژ، ییٚمہ سۭتۍ اوٚنگجہ منٛز کانٛہہ تہ بیکٹیریا ہلاک گومت آسہ۔
2478,کار کِراے، کار کِراے چھٕ، ییٚلہِ تۆہہ کار کِرایَس پیٛٹھ رٔٹِو ـ
2479,بُلپِٹ، اِلِنوئس بُلپِٹ چھُ مُتحِدٕ رِیاستکہِ اِلنوئسُک اَکھ گام۔
2480,پننس دور حکومت کس عروجس پیٹھ کٔر کوژی کوڈ کیٚو زمورینو جنوبس منز کولم پیٹھٕ شمالس منٛز پنتھالینی کولمس تام أکس علاقس پیٹھ حکومت۔
2481,ناناگھاٹ  جایہ اوس اكھ  اہم درٕ یٗس ستاواہنن ہنزِ رازدانِہ پرتشٹھانس سمندرس سٕتہِ رلاوان اوس ۔  ۔
2482,درخاستَس پٮ۪ٹھ غور کرنہٕ باپت كرِ  عدالت بۄموارِ دۄہ سٗنوٲیی ۔
2483,یہ آو 27 اپریل 1994ہس منٛز بناونہٕ ییٚلہ کیپ صوبہٕ آو تقسیٖم کرنہٕ۔
2484,"نر تہٕ مادٕ اکوٹہٕ تھاون چھ پرایمیٹن ہٕنٛد طویل ہچھنہٕ کس دورس سۭتۍ متعلق۔
"
2485,وۄنہِ گوٚو، ہندوستانٕکہِ پٲٹھۍ، دوٚن برادرَین ہنٛدِ تعلقات چھِ  کُشیدٕ تہٕ گہے گہے  چھٗ  فرقہ وارانہٕ تشدٗد سپدیومٗت ، یِتھہٕ كٕنہِ زن بابری مسجِد پھٗٹراونہٕ كِس نتیجس منز ۔ 
2486,"۳۴
ساس کھوتہٕ زیادٕ افراد چھِ کمپٔنی باپَتھ کٲم کران ـ"
2487,"نورسن دیت 2007  منٛز ڈبلیو سی ایل پننس زامتِس ڈیمین ڈکیولی یس نش، تہٕ امہ پتہٕ چھ یہ غیر فعال گومت۔
"
2488,امہ تقریبہ سۭتۍ میول قبیلس سۭتۍ تعلق تھاون واجنہ جور اعزاز۔
2489,"آبُک بہاو چھُ صبحن 7:30 بجہِ سُترواڑی واتان تہٕ صبحن 10:00 بجہِ چھُ کولاڈس منٛز آب ہُران۔
"
2490,اَکھ قٲبل ذِکِر مِثال چھےٚ صلاح الدین، یُس اکھ ہُنر منٛد پولو کھلٲڑۍ آسنہٕ خٲطرٕ زاننہٕ اوس یِوان، ییٚمۍ أمۍ سٕنٛزِ گُرۍ سوارِ ہِنٛزِ تربیت منٛز اہم کردار ادا کوٚر۔
2491,کینہہ  ٲلِچہِ رسٕکہِ  مصنوعات بناونس منز  چھٗ وارِیاہس مقدارس منٛز کھنڑ استعمال كرنہٕ یوان  ۔
2492,پنجابس منٛز چھ نو ؤریہ بطور بیساکھی مناونہٕ یوان یو٘سہٕ  زیادٕ تر13 یا 14 اپریل یوان چھے٘ ، بِکرم سموت یا کیلنڈر کہِ بیساکھٗک گۄڈنیوُک دۄہ۔
2493,امہ پتہٕ چھ میژہٕ ہنٛز مورتی تحلیل گژھان تہٕ مانٛنہٕ یوان ز گنیش چھ پارؤتی تہٕ شیوس کن کیلاش پہاڑس پیٹھ واپس یوان۔
2494,اکثر، اگر یہ جلدی لبنہٕ چھ یوان، یہ ہیٚکہ ٹھیک کرنہٕ یتھ۔
2495,مےٚ چُھ خوفک احساس گژھان ییلِہ مےٚ نَوین لُکن میلٖن آسان چھٗ ۔
2496,اتھ منٛز چھ ریکارڈ پروڈیوسر تہٕ ڈی جے ڈپلو، ایپ ڈرمز، تہٕ والشی فایر شٲمل۔
2497,اکہ لٹہ ییٚلہ کھلٲڑۍ امہ منٛزٕ نیر، سۄ چھےٚ ٹیسٹنگ کٹھٮ۪ن منٛز اژان تہٕ ٹیسٹنگ شروٗع کران۔
2498,یہ چھ پینٹڈ گرے ویئر کلچرس (c.1200–600 BCE) سۭتۍ وابستہٕ، یس نہٕ گنگا-یمنا دوآب کس مشرقس منٛز پھہلتھ اوس۔
2499,2010 ہَس منٛز  یم تہ  گرفتٲریہ   کرنہ آے ، تمن منٛز  ٲسۍ لگ بگ نصف بنگس سۭتۍ وابستہ۔
2500,دہرادونک جولی گرانٹ ہوٲیی اڈہ، دہلی ہوٲیی اڈس تام ڈیلی شےٚ پروازو سۭتۍ چھ یہ ریاستک ساروٕے کھوتہٕ زیادٕ آوُر اییرپورٹ۔ 
2501,سینٹرل ٹیکسازن، یتھ منٛز جھیل بوکنن تہٕ جھیل ٹریوس چھِ ، چھِ قحطٕکہِ شدید اثرات وٗچھمٕتہِ ۔
2502,"یِم دۄشوٕے باقی بٹن چھِ پروڈکٹ تفصیل تہٕ/یا پی ایل سی کوڈَن بۄنہٕ کَنہِ لبنہٕ یِوان۔
"
2503,11 نومبر 2018 دۄہ کٔر تمہِ جاپان کہِ قومی ٹیم باپتھ نارویس خلاف شروٗعات۔
2504,1907 تَس منٛز کوٚرتمہِ  میٹرِکُک امتحان پاس تہٕ نیہِ ؤری نیوٗن ایلفنسٹن کالجس منٛز دٲخلہٕ، یُس  بمبئی یونیورسٹی سۭتہِ  منسلک اوس، تٔمِسندِ  مطٲبق بنٛیوو پنِنہِ مہار زٲژ ہُنٛد گۄڈنیُوک یہِ كرن وول شخص ۔
2505,مٗمتازِ اوس آرٲیشی ہیروینہِ ہٗند رول تہٕ ہدایت كار كھوسلہ ہن بنٲوِ تس سٕتہِ ژور بٲتھ ۔
2506,"امہِ برٛونٛہہ کٔر ایوانسی ین پورٹلینڈ سٹی کونسلس منٛز ژۄدہن ؤرین خٔدمت۔
"
2507,یہ جنگ گوٚو 1787 منٛز ختم ییٚلہ مراٹھاہن ٹیپو سلطانن شکست دژ۔
2508,"اُدیاگیری تہٕ کھنڈاگیری گۄپھہٕ چھِ آرکیالوجیکل سروے آف انڈیا کہِ طرفہٕ آدرش سمارک یادگارَن منٛز اکھ درٕج کرنہٕ آمٕتۍ۔

"
2509,باقٕی چھ ییلہ لوُکن مخصوص طبی حالات  آسن چرس بطور  دوا  استعمال کرنٗك  اِجازت دِوان  ۔
2510,بہٕ چھس معٲفی ہیوان۔ بہ كرٕ ضروُر یہِ شیرنس منز مدد ۔ مہربٲنی کٔرتھ  دِیو دوستن سون حوالہٕ ۔( كھوربانہٕ كنن وول) 
2511,بریبرن سٹیڈیم ، وانکھیڑے سٹیڈیم ، تہٕ نیو وی سی اے سٹیڈیم چھ ریاستس منز بین الاقوامی سطحس پیٹھ تسلیم شُدٕ کرکٹ سٹیڈیم تہٕ یمو چھُ ہندوستانٕکین کینژن مشہور فتوحاتن ہُنٛد مشاہدٕ کوٚرمُت۔
2512,یی چُھ سونتس منز وندٕ پَلون باپت تہِ ۔ 
2513,"آسامس منٛز چھِ ڈانس آرٹٕچ تٲریخ قدیم زمانہٕ پٮ۪ٹھٕ گٔمٕژ، ییٚمیُک ثبوت ترٛامٕچ پلیٹ نوشتہٕ تہٕ شیو مت تہٕ شکتی مت چن روایتَن سۭتۍ وابستہٕ مجسمہٕ سۭتۍ چھُ میلان۔
"
2514,روایتی طور کٔر أمۍ قدامت پسند رواج تہٕ سماجی فلاح و بہبودس درمیان سمجوتہٕ کرنٕچ کوشش ۔
2515,ربڑ بطخن ہنٛز اکھ خاص تعداد جمع کرنہٕ سۭتۍ کھلن سطحن ہٕنٛزٕ نو جمٲژٕ تہ۔
2516,"امِہ وادی ہنٛز اوسط بلندی چھ سطح سمندر پؠٹھ 1,850 میٹر (6,070 فٹ)، مگر أندۍ پٔکۍ پیر پنجال سلسلٕچ اوسط بلندی چھ 10,000 فٹ (3,000 میٹر)۔"
2517,تٔمۍ کوٚر واریاہ کم وٲنٛسہ منٛز ہارپسکارڈ تہٕ آرگن واین شروٗع۔
2518,ریاستی حکومتن چھ تپ دق، لیپراسی، کینسر تہٕ ذہنی بیمارین ہٕند علاجہٕ خٲطرٕ اکھ خصوصی پرٛوگرام شروع کوٚرمت۔
2519,اتھ تضادس پیٹھ کوٚر پتہٕ پلوٹارکن، تہٕ حالٕے تھامس ہوبز تہٕ جان لاکن بحث۔
2520,"چوٗنٛکِہ  جزیرن منٛز چھٗنہٕ کانٛہہ موُلہٕ  باشندٕ، امہِ موٗجوٗب چھُ عٲلِمو یِمَن جزیرن ہِنٛز آباد کٲری مٗتعلق  مُختلِف تواریخ  تجویٖز کٔرِمٕٕتہِ ۔
"
2521,بی بی سی یَن کٔرِ طالبان  حکوٗمتَس منٛز تمہِ سٕنٛزِ زِنٛدگی مُتعلِق ترجمہٕ كرِتھ تحریر شائع۔
2522,امہِ  فلِمہِ ہٗند رلیز اوس گوڈٕ  جوٗن 2020 ہَس منٛز  طے کٔرنہٕ آمٗت ، یہِ آو کووِڈ-19 وو٘باہ  کہِ وجہہ كِنہِ بناونس منز  رُکاوٹَہٕ  تہٕ تھیٹر بند آسنہٕ کِنہِ  غٲر معینہ عرصہٕ  خٲطرٕ ملتوی کرنہٕ۔
2523, کُلۍ چھِ لیٚہس نزدیك ہِمالِیاہس برونہہ كٕنہِ ۔
2524,اصلی فِلمِہ منٛز چُھ اہم کِردار اسرائیلی تہٕ فلسطینی ییٚلہ زَن ٹوٹل سیاپا ہَس منٛز چِھ تِم ہِندوستٲنہِ تہٕ پاکستانہِ۔
2525,یہِ چُھ پٲنۍ پانے مَضموٗن تہٕ زیادٕ تر باقی صَفَحن ہِنٛدِس بوٚنِمِس حصَس پیٹھ کیٹیگری ٹیگَو سۭتۍ بنان۔
2526,"رمیٹایڈ آرتھرائٹس، ٹوفاسیٹنیبٕچ دوا چھِ وِٹِلِگو کِس علاج خٲطرٕ آزمٲٮٔش کرنہٕ آمٕژ۔
"
2527,ہاسن آو ہِندوستٲنۍ وزیرِ اعظم نریندر مودی سندِ دٕسۍ سوچھِ بھارت ابھِیان خٲطرٕ ژارنہٕ ۔ 
2528,"یہ پروگرام اوس نِک کیو منعقد کوٚرمُت، یتھ منٛز 11,000 کھۄتہٕ زیادٕ سامعین ٲسۍ ۔"
2529,"منی پوٗرَس منٛز آو رتھ یاترایہِ  ہُنٛد ریواج آو کُنوُہمہِ صٔدی منٛز مُتعارُف کرنہٕ۔
"
2530,تمہِ سندِس مٲلہِ سندِ دفترس منز فوت سپدنہٕ پتہٕ آو تمہِ سنز جاے پٗرونہٕ باپت  شافی سٗند تقرٗر كرنہٕ ۔ 
2531,یہٕ چھ اکھ ارضیاتی ترُ نُقطہٕ بناوان یس افریقہس منٛز ساروٕے کھوتہٕ پایین مقام چھُ۔
2532,ایم ایس سٗبھہٕ لکشمی كو٘ر، تمہِ سندِس  خانٛدار سُنٛد قوم پرست تامل ہفتہٕ وار کالکی شروع كرنہٕ خٲطرٕ پون٘سہٕ جمع كرنہٕ باپت ، 1941 ہس  منٛز ساوتری  منٛز نارد سُنٛد مردانہٕ کِردار تہِ ادا ۔
2533,بھگوان وشنو ہن کھول  ویکنتھمک (تسنزِ روزن جاے) دروازٕ  دۄن اسُرن ( راکشس)  ہندِ خٲطرٕ حلانکہ تِم ٲسۍ تس خلاف۔ ۔
2534,اَمۍ کھیلَن کٔر مہارت بہتر بناونہٕ تہٕ واریٛاہ کالَس بِہنہٕ، وۄدنیہ  روزنہ  یا کٲم کرنہٕ پتہٕ زنٛگہٕ ڈیجہ کرنہٕ باپت اکھ مشقہ پٲٹھۍ کٲم۔
2535,یہِ آو رِیاستی سیاحتی محكمہٕ تہٕ  فن تہٕ ثقافت محكمہٕ دسۍ مٗنعقد كرنہٕ ۔ 
2536,"یِمَن علاقَن منٛز چَھنہٕ یِنہٕ وٲلِس مُستقبِلس منٛز عوٲمی صحت کین بنیٲدی ضروٗرتن تام امہِ قٕسمٕچ رسٲیی ہُند توقع کرنہٕ یِوان۔
"
2537,نیشنل ہاکی لیگس منٛز آیہ 9 مارچ  2008 ، 8  کھیلہٕ گنٛدنہٕ۔
2538,"2000 پٮ۪ٹھٕ چھ یہ ریس بگاٹی سٔرکیٹس پٮ۪ٹھ لی مانسس منٛز منعقد کرنہٕ آمٕژ۔
"
2539,“ہریانہ طوُفان“ لقب ہیتھ اوس سہُ مقٲمی کرکیٹس منز ہریانہ کرکیٹ ٹییمٕچہِ ترجمانی کران ۔
2540,ملٲزِم ہیکن تۄہہ ؤنتھ  تمن کمہِ دۄہ چھِ نوِٚ چیز میلان تہٕ چیز کَر چِھ کٕننہٕ یوان۔
2541,"امہ برۄنہہ مضمونس منز ،اوس تمۍ امریکین متعلق لیوکھمت زِ  تِم ٲسۍتمِۍ سٕندِس دورس دوران ،تس نِش رُوحانِیت زاننۍ یژھان۔ سویڈنٕچ امریکی اداکارہ گریٹا گاربو 
 کٔر تس اتھ پیٹھ ژکھِ سان کتھ، حالانکہ تمۍ کوٚر امہ نشہ انکار۔  "
2542,بجٹ مقرر کرنٗک گۄڈنیٗک قدم چھٗ یہ جٲیزٕ نِیُن ز اصلی کٲتیٛو٘  پونٛسو٘  سۭتہِ  چھوٕ  تۄہہِ کٲم کرٕنہِ۔
2543,بہٕ چھس وۄنۍ سٹریٹ فوڈ آزماونس کھوژان تکیازِ سٲنس ہمسایس چھ لۄکٹیو کھینہٕ جایو پیٹھ کھینہٕ سۭتۍ ایکولی گومت۔
2544,شہر ٲسۍ سامان کننہٕ باپت بازارن ہٕندۍ پٲٹھۍ کٲم کران، تہٕ مختلف قسمہٕ کین تاجرن، دکاندارن، کٲریگرن، مَہاجَنن، ووورین، دَستٕہ کارن، عہدٕدارن تہٕ مذہبی شخصیتَن ہندۍ ٲسۍ مسکن۔
2545,12 اگست 2019 کوٚر گوگل ڈوڈل فار انڈیاہن سرابھائی سنٛد 100 ہم زینہٕ دوہ مناونہٕ یوان۔
2546,ژٕ  چھُکھ  پوٗنٛژم نفر ییٚمۍ مےٚ پیٹھ أکس نٔوس نفرٕ سٕنٛز غلطی خٲطرٕ کرٛیکھ لٲج، سر۔ (دکان کلرک)
2547,ٲخٕری دۄیو  کورو کو٘ر امہٕ صوُرتہٕ  خاطرٕ مخصوص آرٹ ورک متعارف ۔
2548,دوٚیمہِ طرفہٕ کوٚر گجرات فارچوٗن جاینٹسٕکۍ کوچ من پریٖت سنگھَن لگاتار زٕ فائنل ہارنہٕ پتہٕ ٹورنمنٹ زینٕنٕکِس موقعَس پیٹھ افسوٗس۔
2549,"یہ آو سمندرس منٛز کم یا کانٛہہ تجربہٕ نہ تھاون والٮ۪ن بٔرتِین دنہٕ۔
"
2550,ساریے شک آور علامژ یم نہ پانژن ہفتن منز ژلن چھیے وارٕ پٲٹھی وچھنہ تہ زاننہ یوان۔
2551,تقریباً80% رُود چھُ جولائی-ستمبر کِس وَہرٲژ موسمَس منٛز پیوان، ییٚمہِ سۭتۍ سٔہلاب ہیکہِ یِتھ۔
2552,فرانسیسی تہٕ سپینش کھینن منٛز چھ ترکیبہٕ یمن بناونہٕ خٲطرٕ سائڈک ضرورت چھ آسان ۔
2553,گریناڈا، سینٹ جارج، کوینز پارکہِ منٛز ورلڈ کپ کِس سپر 8 مرحلَس منٛز دیُت آسٹریلیاہَن سری لنکاہَس سَتَو وکٹَو سۭتۍ شکست۔
2554,1863 ٹھس منٛز اوس سر ویر ہٮ۪نری لیونگ جھیل بناون یژھان۔
2555,مِرزا حُسین گُزریٛوو 29 اکتوبر 1564 دوہ تہٕ مِرزا حَسن گُزریٛوو 5 نَومبر 1564 دوہ ۔
2556,مےٚ پھوٚل دل ییٚلہ مےٚ اکھ کٲرۍگر نزاکت سان أکس لٔکر جوٗلس پیٹھ کٲم کران وچھ۔
2557,یم لڑکہٕ چھ پنٕنۍ موزٕ پورٕ پٲٹھۍ گندٕ کران تہٕ تیلِہ تِہ چھ تِمن پتہٕ چھلنہٕ ورٲے بیکِہ میچہ خٲطرٕ دوبارٕ لاگان۔
2558,کلائیوہن کٔر فرانسیسی گولین ہُند مُقابلہٕ کرنہٕ خٲطرٕ پنٕنۍ فوجکۍ دٔچھنہ طرفہٕ 200 گَز شُمالَس منٛز کنہہ سیرٕ بھٹن پَتہٕ زٕ 6 پاونڈَر تہٕ زٕ ہووٹزر نسب۔
2559,جین تہٕ بودھ لِکھٲرۍ تہِ آیہ  بارسس، حالانکہ پتمین  صدین مقابلہ  اوس یہُند تعدا د کم۔
2560,جزیرٕ چھ زیادٕ تر پہٲڑی ، خاص طور وسطی تہٕ مغربی حصن منٛز ۔
2561,ہِندو کیلنڈر چھُ قمری مگر زِیٛادٕ تر بٔڑۍ دۄہ چھِ تٲریخی کیلنڈرُک قمری حصہٕ اِستعمال کٔرِتھ تاریخ تھاوان۔
2562,یِمن منٛز چُھ گھٹاڈاکور یکشگان كہِ  سٲحلی صوُرتٕچ   اکھ براہ راست شاخ، ییلہٕ زَن مُدالپایا سیٹھاہ  نزدیکی سان  جٗڑتھ شکل چِھ ۔
2563,"از چُھ یہِ دیوُ ہٗک اکھ توٲریٖخی نشان تہٕ دُنیاہس منٛز اصلی  پُرتگٲلہِ   سَتو عجوُبو٘  منٛزٕ اکھ چھٗ ۔
"
2564,کُمار اوس 1970 تہٕ 1980 كین دہِلین  منٛز، 1987 تھس منز پنٛنِس مرنس تانہِ اَکھ اَول درجُک گُلوکار۔
2565,"گہا یا دندن ہِنٛز خرٲبی چھُ ڈینٹل کیریز وننہٕ یِوان۔
"
2566,"آہوئی اشٹمی ہٕک روزٕ تہٕ پوٗزا چھِ ماتا آہوئی یا دیوی آہوئی یَس باپت یِوان کرنہٕ۔
"
2567,وونہِ گو٘ یہِ چھٖٗنہٕ دون بادشٲہِیتن درمِیان كٗنہِ فوجی تصادٗمٗك ذِكِر كران ۔ 
2568,کیا یوہہِ  چِھوٕ وٗنہِ  پٔزۍ پنُن ماہانہٕ  نیوُ یارکر یا ٹائم میگزین پران؟
2569,چڑایہ پہاڑن  پیٹھ میژ چھےٚ زیادٕ رُڈُک شکار گژھان، ییٚمہ کس نتیجس منز گلیز تہٕ بنجر  کنیہ پہاڑ ننۍ چھِ نیران۔ 
2570,تم چھ بہادر تہٕ ہوشیار ، تہٕ تہنٛدۍ حوش چھ واریاہ تیز۔
2571,گوٲہی دِنہٕ وول بیٛاکھ شخص یُس اکھ اکھ طالبہٕ علم تہِ اوس، ووٚن عدالتَس زِ سُہ سمکھیوٚو فٹلاڈز ذٔریعہٕ پورٹَس سۭتۍ۔
2572,مےٚ ٲس سیٹھا فکر ز یس کیک مےٚ بیکرس نش آرڈر اوس کوٚرمت سہ ہیٚکہ نہٕ بنٛد آسنہٕ کنۍ وقتس پیٹھ وٲتتھ۔
2573,کاروٲیی ہُنٛد وَقت چُھ رِیاست تہٕ ؤریہِ کہِ موقہٕ  حِسابہٕ مُختٔلِف آسان، مَگر تُہہِ  گٔژِھو ریجِسٹرٛی ہِنٛز صند  پانٛژن کارٕبٲرِ دۄہَن انٛدر انٛدر رَٹٕنہِ ۔
2574,خۄداہن لیٖکھہِ موسیٰ ہَس خٲطرٕ مزیٖد زٕ تختہٕ تہٕ تھٲوِن  تِم صندوُقس منٛز۔
2575,أمس چھ وونکیٚنس کیٹ فوسٹرس سۭتۍ خانٛدر کٔرتھ یمٕس ستٕۍ ٲمس زٕ شُرۍ چِھ ۔
2576, وُژھہٕ  پکنس یا واریاہس کالس پکنس چِھ صحت مند ورزش ونان۔
2577,تمہِ  سٕنٛدِ فوجن کوٚر حملہٕ پسپاہ  مگر یہِ كران گوكھ  شدیٖد جٲنی نۄقصان۔
2578,وۄں گوٚو، مٲلی تناو آسنہٕ کنۍ آو یہ کلب 2008 ہس منٛز بنٛد کرنہٕ۔
2579, شوٚ ہن چھِ واریاہ اوارڈ زیٖنمٕتہِ  یمن منٛز پنٛداہ ایٚمیٖ  تہٕ ژور گولڈن گلوب اوارڈ شٲمل چھ۔
2580,"موُجوُدٕ دورس منٛز،چھے٘ كٗنہِ ساتہٕ  غٲر کھاندر شٗد زنانن ہٗنٛد گروٗپ  دوستی ہنٛدِ احساس سۭتہِ روزٕ تھاوان، حالانکہ یہٕ عمل چُھ آلمی آسنہٕ  نِش دوُر۔
"
2581,جھیٖل کس آبی تہٕ ڈیمبن  ہنٛدس ماحولس منٛز رکارڈ کرنہٕ آمٕتہِ میکروفائٹ نباتات چھ 117 زوٗوٕ زٲژن  پیٹھ مشتمل، یمن ہنٛد تعلق 69 نسلن تہٕ 42 خاندانن سۭتہِ  چھٗ ۔
2582,14 نومبر سوٗزِ أمہِ  تِم قٲد کٔرِنہٕ خٲطرٕ  لوہا گڑھ  
2583,"تٔٹۍ سندس ایال جٔژ چُھ اکثر ٹکھ   (ہاگ) یوان ہینہ، تہٕ لوٚٹ چھُ  ژھوٚٹ یوان تھونہ چِھ ڈاک یا لٹنہٕ یوان تاکہ یہٕ یہ نہ  سوار سنٛدس میلیٹس ولنہٕ۔
"
2584,"بہٕ گوس کیمبیمن ہٕنٛز پریشانی ورٲے عملہٕ تہٕ آسٲنی سان   
 سٲنس ویکیوٗم کلیٖنرس سٔروس کرنہٕ سۭتہِ  حٲران۔"
2585,موختصر وقت تہٕ  محدود دستیٲبی کِنہِ   چھس بہٕ زیادٕ اكشر سبق پیش کرنس منٛز ناہل ۔
2586,نیوکومب بال میچہٕ خٲطرٕ آو 30 منٹن ہٗنٛد حد ، 15 ہن منٹن ہنٛدین  نیصف حصن پیٹھ مبنی تجویز كرنہٕ ،  یٗس کھیل شروع گژھنہٕ برٛونٛہہ ٹیمن درمیان محادٕ سۭتہِ  بدلاونہٕ یتھ ہیٚکان اوس ۔
2587,"یہِ چھُ وسطی ہندوستٲنہِ ریاست مدھیہ پردیشَس منٛز واقع، یہِ چھُ ڈلپت پور پیٹھٕ 12 کلومیٹر تہٕ بُکسوہا پیٹھٕ 25 کلومیٹر دور۔
"
2588,1913 منز گوٚو محمد علی جناح مسلم لیگِ منز شامل۔
2589,ریاستٕی  رازدٲنہِ  چھےٚ کولکَتہ،  ترٛیٚیِم سارِوٕیہ بوڈ میٹروپولِس ، تہٕ آبٲدی لحاظہِ ہِنٛدُستانس منٛز سٔتیُم سارِوٕیہ  کھۄتہٕ بوٚڑ شَہر۔
2590,جسمس منٛز ذخیرٕہ کرنہٕ آمٕتہِ وِٹامِن بی12 ہٗك کُل مقدار چھٗ بالغن منٛزدۄیہِ  پیٚٹھٕہ پانژن ملیگرامن درمیان  آسان ۔
2591,تۄہہ پزن أکس موسمس منٛز 6-8  ہفتہٕ پلو تہ ژھانڈٕنۍ۔
2592,اتھ  منٛطَرَس منٛز چِھ واریاہ قصبہٕ تہٕ شہر، یم بیک واٹر کر٘وزو  خاطرٕ بطور  آغاز تہٕ اختتامی نۄقطہٕ کٲم چھِ کران۔
2593,بلانکَ سپٗد 2013 ہَس منٛز پیرس ٹیمس منٛز شٲمِل، تہٕ کو٘رٗن تِمَن لیگ1  كس منٛز لگاتار خطاب زیننس تہٕ پٔتمہِ سیزنَہٕ کھ گھریلوُ  ٹریبل زینَس منٛز مدتھ ۔ 
2594,"یہِ میچ، یَتھ پتہٕ ""اصلی بینڈی میچ "" ناو دِیتُکھ، آو دراصل 1875 منٛز لندن کِس کرٛسٹل پیلسَس منٛز منعقد کرنہٕ ۔"
2595,دوٚیمِس ہافَس منٛز کٔرِ اینجل ڈی ماریاہَن 47 مِس تہٕ53 مِس منٹَس منٛز زٕ گول، یَتھ منٛز گۄڈنِكِس  گولَس  منز پاسٹورَن مدتھ كو٘ر ۔ 
2596,وننہٕ آو زِ کنگنا رناوت تہٕ عملِٕكہِ  باقیہ ارکان آیِہ باغیو دٕسہِ چمبل وادی نزدیٖک کنگنایِہ سۭتہِ فوٹو تٗلنہٕ خٲطرٕ رکاونہٕ ۔
2597,کلوروپرمازین آو 1950 مnز تیار کرنہٕ ، یمہٕ سٕتۍ یہٕ چھ ساروی کھوتہٕ پرvن اینٹی سائیکوٹک دوا ماننہٕ یوان ۔
2598,"ڈی ایچ ہیکِہ پورٕ ٲسس منز وارہن دندن پیٹھ موُجوُد ٲسِتھ  ، ٲس کِس أکِس حصس منز دندس پیٹھ یا أکِس دندس پیٹھ ۔
"
2599,بالاسورس منٛز ریل حٲدثہٕ پتہٕ چھ مےٚ ریلِہ منز سفر کرنہٕ کس امکانس پیٹھ تھر وۄتھان۔ 
2600,"وینچورا ذایہ 15 جولایی 1951 ہس منٛز منیپولس، منیسوٹاۂس منٛز۔
"
2601,"ریل روڈ گٔیہ  پٔھہلٕنۍ شروٗع تہٕ اکھ نو ریلوے کمپنی ہٕنٛز بنیاد آیہ ترٛاونہٕ۔
"
2602,تمۍ کوٚر 1956 کس سمر اولمپکسس منٛز یونائیٹڈ ٹیم آف جرمنی خٲطرٕ مقابلہٕ ۔
2603,کیوبا ہک اکھ شاندار، جوس راؤل کیپابلانکا، یس اختتامی کھیلن منٛز پننہٕ مہارتہٕ خٲطرٕ زاننہٕ چھ یوان، زیون 1921 منٛز لاسکر نش عالمی چیمپئن شپ۔
2604,"یہ اوس سویوز 10 ہک بیک اپ مشن، یس ڈاک کرنس منٛز ناکام گوٚو۔
"
2605,دریایہ زوب کس ؤسیع مٲدانس پٮ۪ٹھ چھ تلچھٹٕچ تشکیل۔
2606,پلاٹ چیک چھ شٮ۪ن ؤرین تام ورلڈ ریسلنٛگ فیڈریشنس منٛز مقابلہٕ کرنہٕ خٲطرٕ زانٛنہٕ یوان۔
2607,وۄنٛہِ گوٚو، پُلیٖسَن ووٚن زِ لٔڑکہٕ سٕنٛزِ  36 ورِش  پیٚچیٚنہِ  لِنڈا وان پولَس پٮ۪ٹھ چُھ جِسٕم فروشی كرناونہٕ ، نابالغ  خراب كرنہٕ  تہٕ شُرِ سٗنٛد  بہبوُد خطرَس منٛز تراونُک الزام لگاونہٕ یِوان۔
2608,اتھ حالتس منٛز چھُ کھلٲڑۍ زخمَن ہُنٛد امکان کم کرنہٕ خٲطرٕ أکہِ خاص رولنگ تکنیک ہُند استعمال کران۔
2609,امہِ پتہٕ زیٖنۍ تمہ سیٚنِما فِلِم “ڈریٖم گٔرلز“ منٛز پنٛنہِ اداکٲری باپت واریاہ اعزاز۔ 
2610,کیٹاگری ٹری توسیع  ہیکو كٗنہِ تہِ پیجس پیٹھ یٗتھ ٹری ہاونہٕ باپت استمال كرِتھ ۔ 
2611,"یِم نِشانہٕ چھِ ترٛین  قٕسمٕن ہندِ : آسمیوتا ہستاس، سمیوتا ہستاس تہٕ نرتا ہستاس۔
"
2612,اَہَم مقامن منٛز چھِ اُدے گِری منٛز رانی گُمفا اُدے گِری، تہٕ للت گیری، رتنا گِری تہٕ الاتگیری جاین پٮ۪ٹھ مُختٔلِف گۄپھہٕ تہٕ مندر شٲمِل۔
2613,فری سٹائل بی ایم ایکس چُھ بی ایم ایکس بائک چلاونُک اکھ انتہایی کھیل۔
2614,"اسلٲمی نبی محمد اوس 7 مہ صٔدی عیسوی منز عربس منٛز روزان۔
"
2615,"1980  پٮ۪ٹھٕہ 1996 ہس تام اوس سُہ فلوریڈا سینیٹُک رُکُن۔
"
2616,مضلوُم ، ییٚمِہِ  سٕنٛز پچھان بطور  رایكروفٹ ، البرٹا كِس 45 وہرِس ہیٚرالڈ کیٚتھ والڈنر كرنہٕ آیہ، ،اوس 14 شین سومبراون والہِ گر٘ٗپٗك حِصہٕ موبایٚلرن ہٕنٛدِس أکِس گروپُک حصہٕ یُس شمٲلی بی سی یس منٛز چیٚٹوینٛڈس نزدیٖک أکھ دوُر دراز علاقہٕ دریافت كران اوس ۔ 
2617,کُنہِ ساتہٕ چِھ اعداد زیادٕ معنی تھاوان ییٚلہِ کمپیوٹر تِمن أکِس شکلہِ منٛز بدلاوان چُھ۔
2618,یہ چھ ولم کالی، پلیکالی، پوککلم، تھمبی تھلال تہٕ اوناویلو ہوین ثقافتی عنصرن سۭتۍ مناونہٕ ینہٕ والین تہوارو منز اکھ۔
2619,توہہ ہیکہ ژکھ کھسِتھ  تہٕ توہہ چُھو یہ حق ، مگر بدتمیز روزنہٕ سٕتۍ روزِ رٹن وول بچاوس کُن۔
2620,800 منٛز کرٛسمَس دۄہ شارلمینَس شہنشاہی  تاج لاگنہٕ پتہٕ ہُرییہ کرٛسمس دۄہٕچ اہمیت۔
2621,عیسٲیی موسیقار سٹیوی ونڈر، اداکار ٹام سلیوان، تہٕ جیز گُلوکار ڈیان شوور چھِ کیٚنٛہہ مشہوٗر لُکھ یِمن یہِ بیمٲرۍ چھےٚ۔
2622,اکتوبر 2003 منٛز بنیوو سہ ماساکی کانو سنٛد جانشین  مینیجر۔
2623,ریاستک تقریبا 76% حصہٕ چھ جنگلو سۭتۍ ولِتھ، 8% چھ زیر زمین، 3% چھ بنجر تہٕ یہ چھ نا قٲبل کاشت علاقہٕ ماننہٕ یوان، ییلہٕ زن باقی چھ قٲبلِ کاشت تہٕ وونہ آمت علاقہٕ۔
2624,تٔمہِ چھ بلغاریٲیی  قومی ٹیٖمہٕ خٲطرٕ بطور اٹیکنگ مڈفیلڈر گیُنٛدمٗت۔
2625,"بینڈی پلے کرنٕکۍ قونوٗن ہٮ۪کَو فیڈریشن آف انٹرنیشنل بینڈی چہِ سرکٲری ویب سائٹہِ پٮ۪ٹھ لبنہٕ یِوان، تہٕ یِہنٛز نگرٲنی چھِ رولز اینڈ ریفری کمیٹی کران۔
"
2626,تہۍ ہیٚکو ایف ٹی سی کہ شکایتی معاون سنٛد استعمال کٔرتھ دوکہ دٲری ہُند اطلاع دِتھ۔
2627,کینژن قسمن  ہندۍ یننیورانن ہیکو جانچ کٔرِتھ زِ تِم کۭتیاہ حساس چھِ۔
2628,گۄڈٕ گۄڈٕ اوس نہٕ تس یہ خیال ز اکھ نوٚٹ کتھ پٲٹھۍ چھ بناوان۔ 
2629,لیپروسکوپی چھےٚ حملٕہ كیو  گۄڈنکٮ۪و  کینژو ہفتو پتہٕ کرنہٕ یوان۔
2630,"کوپن کٔرِیو استعمال تہٕ  سیٛلِہ پیٹھ چیٖز کٔرِیو جمع، توتتام  تام 
 یٗتھ نہٕ تِم خراب  یا ضایع گَژھن۔"
2631,ہیریرو چھ نمیبیا کس سکوٗلس تہٕ نمیبیا چہ یونیورسٹی منٛز ہاونہٕ یوان۔
2632,"رابرٹس چھ یونایٹڈ سٹیٹس کس اداہووس منٛز اکھ شہر۔
"
2633,سہ گزریو 2012 ہس منٛز لیبیا کس بن غازی منٛز امریکی سفٲرتی مشن کٮ۪ن حملن منٛز۔
2634,اتھ پیٹھ  منحصر ز توہہِ  کتین چھِوٕ پون٘سہٕ لاگان  توہہِ كرٕ پیٹھہٕ چھِوٕ بچت كران ، یہِ پون٘سہٕ ہیكہِ وقتس سۭتہِ سٕتہِ  کٲفی سوٗد كمٲوِتھ ۔
2635,انفوسس منٛز کٔر تٔمۍ ہندوستان پیٹھ آیی ٹی سٔروسز آؤٹ سورسنگ خٲطرٕ گلوبل ڈلیوری ماڈل واضح، ڈیزائن تہٕ لاگو۔
2636,نٗمایاں  تیوہارس چھِ مہا شِوراتری، یا عظیم شِوراتری ونٛان ، یٗس ( گٹہٕ پچھ) چہِ 13 ہمہ رٲژ تہٕ پھاگن ریتہٕ كہِ 14 ہمہ دۄہ مناونہٕ چھٗ یوان ۔
2637,اکثر ابتدایی پنجٲبۍ ادبی کامہِ چھِ منظوم یتھ منز پتہٕ ینہ والین دورن تام نثر  زیادٕ عام  گو نہ۔
2638,موت ، یا تھاناٹوس ، چُھ زندگی ہنٛد برعکس ۔
2639,"ایف سی اِنٹریکٹ بیمبٔرٕگ چھُ اَپَر فرانسونِیا جرمنی کِس بیمبٔرگَس منٛز اکھ فٗٹ بال ٹیم۔
"
2640,2010 ہس تام کوٚر HOA ہن 24.8 ملین امریکی گھرن تہٕ 62 ملین باشندن پیٹھ حکومت ۔
2641,امہ سۭتۍ چھ تہنٛد غذٲییتچ قدر محدوٗد گژھان تہٕ تم چھ صارفینن خاطرٕ کم قابل قبول بنان۔
2642,پٔتمہِ ریتہٕ کٔر تِمو الجزائرس منٛز اقوامہِ متحدہ ہکین ہیڈ کوارٹرَن پیٹھ بمبٲری۔ حملَس منٛز گٔیہٕ 37 افراد ہلاک۔
2643,اوسمانتھسک نَسل چُھ اولیسی خاندان تہٕ چُھ اکھ سدا بہار لۄکٹ کل۔
2644,سہ اوس عام پٲٹھۍ قبیلس منٛز پرٛؠتھ کٲنٛسہ دعوت کران۔
2645,کلیرماونٹ، ورجینیا کلیرماونٹ چھٗ امریکا کس ریاست ورجینیاہس منٛز اکھ قسبہٕ ۔
2646,ایٹلانٹن کوٚر گۄڈٕنیوٗك سكور ، مگر واشنگٹنن کوٚر ترٛیٚہِ مِنٹہِ پتہٕ برابر تہٕ كٕرن دویِمِس پیرڈس منز برتری حٲصل۔
2647,"1,500 ڈالر فی کِس سالانہٕ آمدٲنی وٲلِس مُلکَس منٛز چُھ خانٛدر عام ہیندِ كُمبس خٲطرٕ اکھ بوٚڑ مٲلی بور ۔"
2648,"تٔمۍ گیند 1970 تہٕ 1982 تھس درمیان یوگوسلاویا خٲطرٕ، تہٕ کٔرن شےٚ گول۔
"
2649,ڈانس ڈراما رقصٗك ترتیب  چھُ ویشنو پڈاولین ہٕنٛدِ ڈراما تہٕ دٔلیٖلہٕ  شر٘ۄدھِ کران، ییٚمہِ آسام تہٕ مغربی بنگالَس منٛز لبنہٕ یِنہٕ وٲٲلِس  نٗمایاں گوڈیا ویشنو سۭتہِ  وابستہٕپیشكٲری ہندِس فنس  تہِ ترغیب دِژ۔
2650,کرائی کلس منز چھ، اكہِ نوِ  ہوائی اڈُک تجویز یتھ کرائی کل ہوائی اڈٕ ونان چھِ ۔
2651,سُہ آو حٲدثہٕ پتہٕ کینٛہہ دۄہ کیچوئرا ڈو سولس منٛز دفن کرنہٕ۔
2652,غربت چھ کینٛژن مُلکن منٛز، خاص طور ترقی پذیر ملکن منٛز، اکھ مسلہٕ۔
2653,ییٛمہِ کھیلُک اِنٛتِظام چُھ فیڈریشَن اِنٛٹَرنیشنَل ڈی جِمناسٹِکَ وٗچھان یُس زَن کوڈ آف پوایِنٹٕس بَناوان چُھ   تہٕ بیٛیہِ باقٲیدٕ سٲری تھٕدِ بینالیقوٲمی مُقابلٕہٕ آراستہٕ كران چھٗ ۔ 
2654,"قاعدن تحت چھِ کھیلَس دوران کھیلٕچ زٕ بُنیٲدی حالت کھیلَس منٛز بال تہٕ بال گِنٛدنہٕ نِش نیبر۔
"
2655,تہنٛدس مہلک حٲدثس منٛز گوٚو تہنٛدس الیگزینڈر ہارنس سیٹھاہ نقصان ۔
2656,یمن مشینن منٛز نوٹ ترٛاونہٕ سۭتہِ ہیكہِ  پنٛنہِ پونٛسٕچ صداقت دستی  تہٕ اثر دار پٲٹھہِ  یقینی بناونس منٛز مدتھ میٛلِتھ ۔
2657,وہرٲژ ہنٗد مٗسلسل روُد آو دارین چھاونہٕ ، تہٕ نیبرٕ  كھسوٕنہِ سیلابہٕ آبن كٕر سۄ یینہِ والہِ قیامت كِس احساسس منز مبتلا۔
2658,تِہ کیازٕ سینا اوس اکھ گیسٹ ڈرائیور ، سو اوس نہٕ پوائنٹس حٲصل کرنہٕ خٲطرٕ نا اہل ۔
2659,"چینِیَو چھُ اکثَر امریکہُک دورٕ کوٚرمُت تہٕ وۄنہِ  چھِ یِمَن نِش یِتھی  صلٲحیتٕکہِ  ہیچھناونٕكہِ تہٕ تربیتی پروگرام ۔
"
2660,میوزک ٹیچرس گوٚژھ نظم و ضبط برابر آسن، تہٕ مےٚ اوس ڈر ز نوجوان آزاد طٲلب علمس راوِ اکھ رُت ٹیچر اگر نہٕ سہ پنن پان بدلاو۔
2661,تٔمہِ بٗلاوِ میوٗچوَل، سی بی ایس ریڈیو، این بی سی، تہٕ این بی سی ریڈیو خٲطرٕ گیمہٕ ۔ 
2662,تھریکاکارا مندرس منٛز چھ اکھ بٔو٘ڈ سال دِنہٕ یوان ، یُس عوامس خٲطرٕ یلہٕ چھٗ آسان  تہٕ اتھ منٛز چھِ وٗہ ساس كھو٘تہٕ زیادٕ لٗكھ شركت كران ۔
2663,الواریز چھ پننس فنس منٛز پننہٕ ثقافت تہٕ نسوانی پنک جشن مناوان ۔
2664,تِمن پٲوِو  وجہہ یاد زِ تِمن چھٗ ہنگٲمی حالاتو پیٹھہٕ سٗبقدوش گژھنس تام بچت كرنٗك ضروُرت ۔
2665,تِم چھِ وانی ہندِس مٲلِس ماجہِ سۭتہِ خُشی سان روزان یوٚتتھ تام  روی تہِ یوان چھُ ۔ 
2666,یہ ہؠکہ مییلن کہ نقصان سۭتۍ اعصاب کہ ریشس نقصان واتنٲوتھ۔
2667,یِہ چُھ کاگیرا دٔریاوس پٮ۪ٹھ اَکِہ کٲنٹٕکۍ پٲٹھۍ کٲم کران ۔
2668," نومبر1, 1956 دوہ ہِندوستٲنۍ رِیاستن ہِنٛدِس نیہِ سرٕ ترتیٖب دِنس دوران آیہِ لکشدیپ جزیٖرٕ مالابار ضلعہٕ نِش الگ کرنہٕ تہٕ اِنتظامی مقصدو خٲطرٕ أکِس علیحدٕ مركزی ریرِ انتظام علاقس  منٛز سو٘مبراونہٕ ۔"
2669,اتہِ چھِ واریٛاہ قٔدیٖم تہٕ توٲریٖخی یادگارَ، یِمَو  منٛزٕ کینٛہہ بطور ہندوستانٕکہِ قومی یادگارَمحفوٗظ چھِ ۔
2670,فروری 1943ہس منٛز ہوو تٔمہِ میکس نیومینس یہِ ترتیب ۔
2671,یہ اوس گوٹ فرڈ سوارتھولم، فریڈرک نیج تہٕ پیٹر سنڈے ہن بنوومت۔
2672,تاہم ، 2008 کس اکس مطالعس منٛز چھ یہ نتیجی اخذ کرنہ آمُت ز اینٹوپروکٹس چھ برایوزوانن سۭتۍ قریبی تعلق تھاوان ۔
2673,"یہ اصطلاح ہیکو سیاق و سباق وراے جزوی معلومات بیان کرنہٕ خاطرٕ تہٕ استعمال کٔرتھ۔
"
2674,"
سی آئی بی سی چھُ کاہ مِلیَن کھوتہٕ زیادٕ   خریٖدارن
 ہٕنٛز خیزمَتھ کران تہٕ اَتھ چھٕ ۴۰,۰۰۰ کھوتہٕ زیادٕ موزوٗر ـ"
2675,امیک استعمال چھ شونگنہٕ چین کینژن بے نظمین ہُند علاج کرنہٕ خٲطرٕ تہِ یوان کرنہٕ ،مثالے نندرِ منٛز پکن  ۔
2676,دہی ہانڈی چھِ پرٛٮ۪تھ اگست/ستمبرَس منٛز کرشن جنم اشٹمی پگاہ مناونہٕ یوان ۔ 
2677,کینٛہہ خدمات چِھ مرکزی بناونہٕ آمٕژ ، ییٚمہ سۭتہِ کینٛژن  دفترن منٛز  نوکری ختم گٔمژٕ چھے٘  ۔
2678,سہ چھ مانچسٹر یونایٹڈ تہٕ انگلینٛڈ کہ قومی ٹیم خٲطرٕ بطور ڈفینڈر گنٛدان۔
2679,بینکو کریڈِ كوُپٗك اپتدا چھٗ كریڈِت یوٗنِینن منز ۔ 
2680,ایس ڈی اے ٹی چھ عالمی سطحہ کین سٹیڈیمن ہٕندۍ مالک چلاون وول تہٕ  یہ چھُ  کھیل  مقابلن ہند انتظام کران۔
2681,جمایکاہن چھےٚ سارے چھپن جایہِ یلہٕ ترٛاوِمژٕ تہٕ کیوباہن چھُ طوفان چہِ تیٲری ہٕنٛدس سلسلس منٛز “متحرك حلاتن“ ہٖٗند اعلان کوٚرمُت۔
2682,یہِ چُھ شراون کِس ریتس (عام طور اگستس منٛز) پتھوری اماوسیا (نو زوٗنہِ ہنٛدِ دۄہ)  یوٚان۔
2683,شمٲریاتی تجزین کٔر غٲر طبی بچن ہنٛز چھوٹ تہٕ معاملاتن ہنٛد کلسٹر وٲل کمیونٹیزن منٛز اہم اوورلیٚپٕچ شناخت۔
2684,تم ٲسہِ غٲلبن  گٗپتا سلطنتٕکہِ جٲگیردار ، یوٚتام نہٕ کڈاریٹن ہنٛدٮ۪و ہملو کٗشان حکومتٕکہِ ٲخری باقیات تباہ کٔر ۔
2685,"سٹریٹ ہاکی بالِ چھے  استعمال سپدان  تہٕ میچ چھُ توتام گنٛدٕنہٕ یِوان یوتام اکھ ٹیم پانٚژ پوائنٹ سکور کٔرِ یا  وقت، چھٗکر گِنٛدٕنہٕ ورٲیہ ختم   گژھہِ ۔
"
2686,پٹیلن وُچھ زِ بوس اوس  پارٹی پٮ۪ٹھ زیادٕ اختیار حاصل کرُن یژھان۔  
2687,گلیسن زاو26 فروری 1916 بروکلن نیویارک شہرس منز۔
2688,ٹایفڈاٹ چھ اکہ خاص 50 کےڈی اوو ایم پیی اینٹیجنس خٲطرٕ مخصوص اےجےایم تہٕ اےجی جی اینٹی باڈیزن ہنٛز موجودگی پیٹھ مبنی۔
2689,سٹیٹس ری آرگنائزیشن ایکٹ، 1956 ہَن کٔرۍ لسٲنی خطن ہندس بنیادس پیٹھ مبنی ریاست دُوبارٕ منظم، ییٚمہِ کِس نتیجس منٛز نٔوۍ ریاست بَنییہِ۔
2690,رے ین اوس  گۄڈٕ اکس  بَجہِ حویلی منٛز فلمہِ ہٕنٛز شوٹنگ کرنٕس مٗتعلق تصوٗر كورمٗت ، مگر پتہٕ کوٚرُن  مشہوٗر قصبس منز فِلماوٗنٗك فٲصلہٕ ۔ 
2691,کلونازیپم چھ مرگی ہندین کینژن خاص قسمن ہند علاج کرنہٕ خٲطرٕ استعمال کرنہٕ یوان ۔
2692,"دوٗدھ ساگر آبشار چُھ ہِنٛدُستان کٮ۪و سارِوٕے کھۄتہٕ تھدٮ۪و آبہٕ شارو منٛزٕ اَکھ یَتھ 310  میٖٹر تھزر تہٕ اَوسَط کھجر30 میٖٹر چُھ ۔


"
2693,"ادے پور کٮ۪ن اخبارن مَنٛز چھِ ہندی روزنامہٕ راجستھان پترِکا، دینِك  بھاسکر، نوبھارت ٹائمز، اپرانہا ٹائمز تہٕ پراتا كال  شٲمِل ۔
"
2694,پُلاکیسن سٕندۍ کادمباہن پیٹھ فتح پتہٕ کٔر گنگاہو بییہ اکہِ پھِرِ چالوُکیاہن تل بالادستی قبوُل ، مُمکنہٕ طور کُنہِ فوجی تصادُم ورٲیی۔
2695,غوربند تہٕ  بامیان کین  ا فغانن پیٹھ  حملہٕ کرنہٕ باپت آو  نٲدر سندِس نیچوِس  نصر اللہ سٕندِس قیادتس منز اکھ دستہٕ سوزنہٕ ۔ 
2696,روایتی کاہ اَکہِ طرفہٕ بینٛڈی تہٕ رِنٛک بینٛڈی دۄشوٕے چھِ آٮٔی او سی کہِ ذٔریعہٕ تسلیٖم کرنہٕ یِوان۔
2697," ہندوستن چہِ 2001   مردم شُمٲرِی مُطٲبِق، ٲس میگھاہٹوبورو جنگلی  گامٕچ آبٲدِی 6,879۔
"
2698,ڈوڈن کٔر 1945 منٛز الیگزینڈر سٕنٛز جاے حٲصل تہٕ بنیوو جورجیا ٹیکس منٛز ترٛیٚیم ہیڈ کوچ ۔
2699,"2014 کِہِ  راے شٗمٲری  مُطٲبِق چھِ 10ہو٘ منٛز  6 ناروِیٲیی ایسٹرَس دوران سفر کران، اکثر كٗنہِ گٲمی مكانس كٗن ۔۔ 10ہو٘ منٛزٕ 3یو٘  ووٚن تِہنٛدِس مخصوُس  ایسٹرَس منٛز چھے٘ سِکییِنگ شٲمِل۔
"
2700,محفوظ تہٕ محفوظ طریقہٕ سۭتۍ کر نقصان کم ۔
2701,"اَمہِ قٕسمٕکیو تنازَعو منٛز اوس ساروِی کھۄتہٕ زِیادٕ قابل ذِکِر دَہن بادشاہن ہُنٛد جنٛگ، یُس پرُشنی (جدید دورُک روی) دٔریاو کِس بٔٹِھس پیٹھ سپُد۔
"
2702,"کرشنا دیو رایایَن لیٖچھ پانہٕ  اکھ جنگ نامہٕ  تیلگو نظم امٗك تامیادا ۔
"
2703,25 جولائی 2012 دِیوُت دیون آیی سی  ایل منزٕ اِستفا تہٕ روُد بدستوُر بی سی سی آیہ ہس حمایت کران ، یمہِ سٕتۍ تمۍ سٕندِ بی سی سی آی یس منز واپس یِنٕچ وتھ بنییہِ ۔
2704,أمہِ  کٔر گۄڈنِچہِ لٹہِ ملٹی ٹاسکِنگ فیچرس تہِ حیمایت ۔
2705,کینہہ مرد چھ پنٕنۍ لِنگ بوٚڈ بناونہٕ خٲطرٕ آپریشن کران۔
2706,تٔمہِ کٔر جیواسکیلا خٲطرٕ بطور پی آر نمایندٕ کٲم تہٕ دِتُن جنسی لٲنہٕ خٲطرٕ فونن جواب دِوان  تعلقاتن باپت  مشورٕ۔
2707,11 اگست دوہ فائنلس منٛز  گِیوٗن٘د ہِندوستانن میزبان امریكاہس خلاف ۔ 
2708,امہ برٛونٛہہ کٔر تٔمۍ 2009 پیٹھٕ 2013 تام بطور وزیر اعظم کٲم۔
2709,اتھ منٛز ٲس اصلی کروڈن، ڈینڈینونگ، فرنٹری گلی تہٕ رنگ ووڈٕک مضافاتی علاقہٕ شٲمل۔
2710,"جھارکھنڈٕٗك  زِیٛادٕ تَر حِصہٕ چھٗ چھوٹا ناگپور سطح مرتفعَس پٮ۪ٹھ واقعہٕ۔
"
2711,ییٚلہ بہٕ گامہٕ مٔنٛزِ پکنان چھس، بہٕ چھس تمن لوکن خٲطرٕ افسوٗس محسوٗس کران یم نہٕ وسیع دنیاک تجربہٕ چھ ہٮ۪کان کٔرتھ۔
2712,بِل چھے٘ خریدارس بطور ادایگی ہٗند التجا دِنہٕ یوان ۔ 
2713,یہ ہیٚکہ صرف تتھ ماحولس منٛز پھلتھ ییٚتہ انسٲنی نجاست غذا یا آبس سۭتۍ رٲبطس منٛز آسہِ۔
2714,"انگریزَو كو٘ر یہِ  تسلیٖم زِ بطورِ اَكھ  شٲہی ریاست  چھے٘ رِیاسَت  اندروُنی طور  خۄد مۄختار روزان ۔
"
2715,زیادٕ تر سوُدٕ وٲلہِ كھاتہٕ  چھِ اكہِ یا دویمہِ طریقہٕ سوُدٗک حساب لگاوان۔
2716,رایلٹی سوٗد چھ مستقبلس منٛز رایلٹی ادٲیگی ہنٛد اکھ سلسلہٕ جمع کرنک حق۔
2717,وفاقی ریاستن منٛز ، چھ دارالحکومت ضلعہٕ اکثر وفاقی ضلعہٕ آسان ۔
2718,گوبند گڑھ قلعہ چھٗ اكھ  تاریخی فوجی قلعہ یٗس  بھارتی ریاست پنجاب کِس  شہر امرتسرس منز باگ واقع چھَٗ ۔
2719,"مشرِقس کُن جٲری دٔریاوَس سۭتہِ چُھ بیٛاکھ اکھ معاون دٔریاو  مُلا دٔریاو رلان ، ییٚمہِ لٹہِ  اَمہِ کِس دٔچِھنِس بٔٹھِس پٮ۪ٹھ ۔
"
2720,جدید واٹر بیڈ اوس 1960 چہ دہایہ ہٕنٛدس آخرس منٛز سان فرانسسکوہس منٛز چارلی ہالن ایجاد کوٚرمت۔
2721,کینٛہہ بٔڑ ڈِپارٹمنٹ سٹور چھِ ذٲتی خٔریٖدٲری خدمات پیش کران، لہاذا ہیكِو٘ توہہِ تِہندِ باپت  چیز تجویز كرِتھ ۔
2722,آدی چھٗ چھیكرس  رمن سنزِ جایہ ہٗند پییہ كڈان  تہٕ  اونی ہندِ مدتہٕ سٕتہِ بچاوان ۔ 
2723,ہنٛدستانن کٔر آزادی تحریکہٕ آزٲدی  پتہٕ حٲصل یۄس بٔڑس پیمانس پیٚٹھ عدم تشدد سٕتہِ  مزاحمت تہٕ شہری  نافرمانی خٲطرٕ مشہوٗر ٲس۔
2724,سُہٕ گٲی ویسٹ منسٹر سکولس منٛز سکول تہٕ کرسٹ چرچ، آکسفورڈس منٛز مطالعہٕ۔
2725,تٔمہِ اوس وونمٗت زِ سہٗ ییہِ دویمہ دۄہ صبحٲے اینٹی فریز باپتھ واپس ۔
2726,جیفرسن، اوکلاہوما- جیفرسن چھ ریاستہاے متحدہ امریکا کہ اوکلاہوما ریاستک اکھ قصبہ۔
2727,جدید ادبک رجحان چھ اکثر سیٲسی بنیاد پرستی کن ۔
2728,وادی اردن چھ ڈیڈ سی ٹرانسفارمُک اکھ حصہٕ،گریٹ رفٹ ویلی ہٗنٛد تسلسٗل چُھ ، یُس افریقی پلیٹس عربی پلیٹ نِشہِ الگ  کران چُھ ۔
2729, گوڑٕ گژھن تِم  یہِ ہاونہٕ باپت، زِ تِہٗند اقتصٲدِیات چھٗ محكم ،کنہہ شرائط پورٕ کرٕنہِ ۔
2730,"تمہینی گھاٹ اوس نہٕ گۄڈٕ موٗجوٗد، تِکیٛازِ پوٗرٕ علاقہٕ چھُ ٹاٹا پاورَس تحت۔
"
2731,بیٛاکھ اکھ آیہ 1920 ہس منٛز نٲفذ کرنہٕ، مگر آیرش بغاوت کہ وجہ سۭتۍ گٔیہ یہ ناکام۔
2732,"اکھ لازمی عنصر اوس قربٲنی ہنٛد الاو- دِیوٕ اگنی- یتھ منٛز ارپن تراونہٕ آیہٕ، تکیازِ نارس منٛز پیش کرنہٕ آمُت ہر چیز اوس بھگوانس تام واتُن یُن ماننہ یوان۔
"
2733,"مڈل گیم چھُ سُہ مرحلہٕ یَتھ منٛز زِیٛادٕ تَر کمبِنیشنہٕ چھِ گژھان۔
"
2734,"رحمانَن چھِ ایتھلیٹک تقریبات، ٹیلی ویژن تہٕ انٹرنیٹ میڈیا، دستاویزی فلمہٕ تہٕ مختصر فلمَن باپتھ اشتہاری جنٛگل تہٕ آرکیسٹریشن لیٚکھمٕتۍ، یَتھ منٛز اکثر چیک فلم آرکسٹرا تہٕ چنئی سٹرنگ آرکسٹرا استعمال چھِ یِوان کرنہٕ۔
"
2735,پرانہ زمانہٕ پیٹھہٕ چھ امکہ سیٲسی اثر و رسوخ باوجود، معٲشی ترقی تہٕ انتظامیہ ہس منز امکہ خراب ریکارڈ، ناقص حکمرٲنی، منظم جرم، تہٕ رشوت خوری چھ یِہ ہندوستان کین ساروٕے کھوتہٕ پسماندٕ ریاستن منز تھاومٕژ۔
2736,"ووں گو٘ و تمام عملہٕ آو بچاونہٕ تہٕ آیہِ محفوظ پٲٹھۍ زمینَس پیٹھ واپس۔

"
2737,بٹلرس مِیوُل  ہِنڈس کمیوُنٹی کالج ریمنڈ، مسیسپی منٛز وضیفہٕ ۔
2738,صِرِف ہیكن  پلیس کِک تہٕ ڈراپ کِک  پوائنٹ سکور کٔرِتھ ۔
2739,تصویرس سۭتۍ روزن واجنہ علامتہٕ چھ مہرٕ پیٹھ مہرس تام مختلف آسان، یمہٕ سۭتۍ تصاویرو سۭتۍ علامتن ہیند معنی اخذ کرن چھ ناممکن گژھان۔
2740,گِزمو گِِزمو چھٗ کنہ لۄکٹہِ تکنیکی چیزٗک پلیس ہولڈر ناو ۔
2741,"ساینسدانو چھےٚ یہٕ صرف سطح سمندر پیٚٹھ 1000 میٹر کھوتہٕ زیادٕ جایَن وُچھمٕژ۔
"
2742,ستمبرس منٛز آیہِ سۄ جاپان واپس تہٕ گٔیہِ جے ایی ایف یوٗنائیٹڈ چِبا ہَس منٛز شٲمل۔
2743,بیگاہن کٔر بٲتس منٛز نوۍ لفظ شٲمل تہٕ اصلی ورژنک نمونہٕ کٔرن بٔڑس پیمانس پؠٹھ استعمال۔
2744,1975  منز، سکمٕچ بادشاہت ختم کرنہٕ پتہٕ، کٔر انڈین نیشنل کانگریسن 1977 کین الیکشنن منز اکثریت حٲصل۔
2745,"از چھے٘ یہِ زٲنہِ كٲری تہِ  جٲری کرنہٕ آمٕژ زِ جیٚکسن-ٹریٚگس ایٚسپرٹ آسہِ مشروُباتن ہنز اکھ خاص لٲن، یۄسہٕ ایٚتھلیٚٹ  ایٚونٛٹُک جشن مناونہٕ خٲطرٕ بناونہٕ آمٕژ چھےٚ۔
"
2746,مےٚ سوچ ز سیکنڈ ہینٛڈ بائیک ہینۍ چھٗ جان خیال مگر مے٘ پیو٘و بایكہِ ہندِ شیرنہٕ سمبالنہٕ باپت بایكہِ ہندِ قیمتہٕ کھۄتہ دو٘گنہٕ ادا كرٗن ۔
2747,اوسگوڈ ہال لا سکوُل: اوسگوڈ ہال لا سکوُل چُھ ٹورنٹو، اونٹاریو کینیڈاہس منٛز۔
2748,پولینڈس منٛز چُھ ٹگ آف وارک اکھ ورژن ڈریگن بوٹک استعمال کٔرتھ گنٛدنہٕ یوان، ییٚتہ 6 یا 8  ہنٛدۍ ٹیم اکھ أکس کُن لمنچ کوٗشش کران چِھ۔
2749, چٔھتیٖس گڑھ حکوُمت چھے٘ یہِ  سرکٲرِ طور سٗکولن تہٕ کالجن منٛز وزیر اعلی رمن سنگھ سٕنٛدِ حٗکمہٕ مٗطٲبق مناوان ۔ 
2750,اکہ لٹہ ییٚلہ تُہۍ یہِ کران چِھو، تُہۍ چِھو یژھان کالہِ پوٗرٕ توجہٕ دنس قٲبل بنُن۔
2751,تہۍ ہیٚکو پنن فیصلہٕ ذٲتی ترجیح تہٕ سایز  کین ضرورتن ہٕنٛدس بنیادس پیٹھ نتھ۔
2752,لداخس منٛز چھِ واریاہ جھیٖل مثلاً کیاگو سو۔
2753,سورن ہٕنٛدِ ژاسہِ یا پۄندِ سۭتہِ پٲدٕ گژھن وٲلہِ ایروسول ذٔریعہٕ ہوہَس منٛز منتقل گژھن واجینہِ مٗنتقلی  تہِ چھُ لاگہِ ہُنٛد اکھ اَہَم ذٔریعہٕ۔
2754,فاینانس ڈپارٹمینٹ چھ آلسۍ۔ مےٚ ووٚن تمن تریٚیہ لٹہ تۄہہ رسٲیی دنہٕ خٲطرٕ تہٕ تمو کوٚر نہٕ وٕنہ تہ یہ۔
2755,سۄ چھےٚ ٹایٹنن منٛز اکھ تہٕ چھےٚ اوشیئنسٕنۍ تہٕ ٹیتھایسٕنۍ کور۔
2756,تمام ایٚس ٹی آٮٔی چھنہٕ علامتی آسان، تہٕ علامات ہیٚکن نہٕ انفیٚکشن پتہٕ فورن ظٲہر گٔژھِتھ ۔
2757,آبی جلوُسن منز چھِ ریوایتن  مہابھارت تہٕ راماین ہویٚن رضمِین  ہنٛدِ منظر ہاونہٕ یوان ۔
2758,بازرس منٛز بیجو کہ نقصان کہ وجہ سۭتۍ لوٚگ  ٹاون ہال اجلاسس دوران  امیک بانی سٹیجس پیٹھ نٔنۍ پٲٹھۍ ودنہ۔
2759, خیامیان تہٕ پی پی این اے  ہن تٗلمٕتہِ خِیم پوینٹ ہٮ۪کن تیرن ہندِ نِشانہٕ ٲسِتھ ۔
2760,"اوڈیسی کارکردٕگی چھِ باقٕے رٮ۪وایتَن ہٕنٛدۍ خیالات تہِ ظٲہِر کٔرمٕتۍ یِتھ کٔنۍ زَن ہندو دیوتاہن شیو تہٕ سوریہ سۭتۍ سۭتۍ ہندو دیویَن سۭتۍ وابستہٕ۔
"
2761,آن لایِن وِنڈو شاپنگ کرنہٕ خٲطرٕ تھٲیِو وقتُک اکھ حصہٕ الگ تاکہتو٘ہہِ  ہیٚکِو یہِ بامبرِ رو٘س كرِتھ ۔ 
2762,کولکتہ پورٹ ٹرسٹ چھُ کولکتہ تہٕ ہلدیہ گودِین  ہٗند انتظام چلاوان۔
2763,کینٛہہ تحقیق دان  چھِ تجویز کران زِ وٹامن بی 12 ہٗك کہِ سطحٗک موُجوُدٕ معیار چُھ واریاہ کم ۔
2764,"کلاکریک - کلاکریک چُھ سویڈن کِس اوسٹرگوٹلینڈ کاؤنٹی کِس موٹالا بلدیہ ہُک اکھ علاقہٕ۔
"
2765,یہِ سلطنت آیہِ امکِس کٕن دِنہٕ پتہٕ ناو دِنہٕ، شاہ میر۔ 
2766, تٔمۍ مور سُہ ییٚلہِ تٔمۍ أمِس اَتھٕ لاگٕنٕچ کوٗشش کٔر۔ 
2767,سہٕ اوس 1991 پیٹھ 1997 تام کامن ویلتھ آف میساچوسٹسک 68 ہم گورنر۔
2768,مقرر تٲریخہٕ پتہٕ تریٚیہ دۄہ تہ چھ تہوارک حصہٕ۔
2769,امہِ صوبٕکۍ اہم دریاو چِھ ٹارو، پیرما تہٕ سینو۔
2770,اَمہِ جوٗرۍ کوٚر از رۄپہ تمغٕہ پوزیشنہِ پیٹھٕ شروٗع تہٕ زیوٗنُکھ فاینل راونڈَس منٛز اکھ مقام حٲصل کٔرِتھ سۄنہٕ تمغہٕ۔
2771,ایبی گٗزریو 1989تس  منٛز تہٕ کوٚرُکھ ایریزونا کس ریگستانس منٛز دفن۔
2772,امچی ادوِیات چھِ  صحت عامہ ہٗك  اکھ حِصہٕ، خاص طور پتھ کھورِ علاقن منٛز۔
2773,تم بناون اکس ہیروہس یا ٹاورس نِشانہٕ  اگر نہٕ کانہہ کریپ آسہِ ۔
2774,"روتھ آٮٔی آر اے یَس منٛز سرمایہِ کٲری کرٕنہِ چھِ کم آمدنی وٲلیٚن نوجوانَن خٲطرٕ خاص طور  اکھ اصل خیال، یہِ زٲنِتھ زِ ٹیکس كِس  شرحس منز  گژھِ تِہنٛزِ زِنٛدگی منٛز مُمکنہٕ طور ہُریٚر۔
"
2775,غیر حملہٕ آور، سادٕ علاج یم گرس منٛز ہیٛکو کٔرتھ، دفترس منٛز طریقہٕ کار کرنہٕ برونٹھ گژھیک آزمٲئش کرٕنۍ۔
2776,"ارجنٹیناہَس اوس پیراگوے برٛونٛہہ کنہِ بالہِ پٮ۪ٹھ تقریباً 60% قبضہٕ۔
"
2777,"ولیم کیسلن کوٚر یہ مظٲہرٕ ز گیسٹرک رسس منٛز چھ اکھ ""اندرونی عنصر"" آسان یس ز ییلہٕ مأز ننہٕ سۭتۍ ملہٕتھ چھ امہٕ حالتس منٛز وٹامن جذب گژھنک نتیجہٕ۔"
2778,مَگر چھانن ووٚن، “اَز چُھ نہٕ مےٚ یوٗت زیٛوٗٹھ مَس کاسنہٕ خٲطرٕ وقٕت۔ 
2779,انٹرا ایمبریونِک کولَم چھُ اکھ وٲحِد کھوکھٗر  یُس تھن والین زٗو زٲژن منز كینژس كالس  موُجوُد روزان چھٗ ، ییمہِ كِنہِ  اَمیُک ناو  اَکثَر ژھۄ٘ٹرِتھ   لولمِک کیویٹی وننہٕ یوان چھٗ ۔ ۔
2780,سُہ اوس جیری سینفِیلڈ، کارل رِینر تہٕ اینڈی کافمین ہچ  نمٲیندگی کرنہٕ خاطرٕ زیادٕ زاننہٕ یوان ۔
2781,"مگر حالات گٔیہِ گندٕ، تہٕ سنگھ صاب تہٕ جٹا ہَس چھِ دُشمنی ۔
"
2782,سۄ چھنہٕ أمس انہ گٹہ منٛز وٕچھان تہٕ چھےٚ پلو ژھٕنان کٔڑتھ۔
2783,"تٔمۍ گنٛز بل ڈاگسس سۭتۍ منیسوٹا ڈولوتھ یوٗنیورسٹی منٛز کالج ہاکی۔
"
2784,تَمہِ گِیُند آسٹریلیا خٲطرٕ انگلینڈ، نیوزی لینڈ تہٕ واریاہن باقی مُلکن خلاف۔
2785,"جٔدیٖد شُمٲلی ہِنٛدُستان تہٕ شُمال مغرِبی ہِنٛدُستان کِس سماجس منٛز چُھ کروا چوتھ اکھ رومٲنی تیوہار مانٛنہٕ یِوان، یُس خانٛدار تہٕ خانٛدارینہِ درمِیان محبتٕچ علامت چُھ ۔
"
2786,سُہٕ گیہٕ سٹیٹن آئلینڈس ، نیو یارکس منٛز پیدٕ۔
2787,ماہریٚنۍ ہُنٛد وعدٕ: آ بہٕ گژھہٕ ژےٚ سۭتۍ سٲنۍ آمدنی تہٕ خرچہِ سنبالنَس منٛز شٲمِل۔
2788,اتھیہ پٲٹھہِ  چِھ کینٛہہ بادشاہ سِکو٘  تہٕ خوطبو   سۭتہِ ونِس تل  یِوان ، یہٗند ناو پُرانن ہٕندٮ۪ن فہرستن منٛز چِٗھنہٕ یوان ۔
2789,GParted GParted چھ اکھ کمپیوٹر پروگرام یوس پارٹیشنن پیٹھ کٲم کرنہٕ خٲطرٕہ استعمال گژھان چھ ۔
2790,نہ تِمن تِجارت کَرن والٮ۪ن یِم دوٗر بازرَن منٛز کیلہٕ ہٮ۪کہٕ ہٲن کٕنِتھ۔ تہٕ پنٛنٮ۪ن گٲون تہِ نہٕ۔ 
2791,ییٚلہِ لٲن بنٛد گٔیہِ، اتھ منٛز ٲسۍ صرف 80 مسٲفر۔
2792,بیسنٕچ شمٲلی پٔٹ چھ صرف 25 کلومیٹر (15.5 میل)۔
2793,اتھ صوُرتس منٛز، چُھ یہِ سمجُن  اہم زِ تہنٛدِ طرفہٕ کیٛاہ چُھ  ڈیلیوری ٹیمس  نِش توقع ۔
2794,فلمہِ مِیوُل  عام طور تنقیٖد نِگارن ہٕٗنٛدِ  مٗثبت ردعمل ۔
2795,گاولنگ ڈبلیو ایل جی گاولنگ ڈبلیو ایل جی چھٗ اکھ كشیر اٗلمٗلكی قونوُنی كابٲرِ ادارٕ ۔
2796,سۄ چھےٚ بھیمس لڈوٗ فراہم کران ییٚلہ سہ سخت لڑایہ منز آسان چھ ۔
2797,گندنہٕ میژ چِھ ہندوستانس منٛز ساروٕے کھۄتہٕ بوٚڑ میژ گروپ بناوان، یُس کل زمینی سطحک 80% چُھ۔
2798,"نومبر 2017 ہس منٛز کوٚر ٹرنٹیگنٹن اعلان ز تس چھ پروسٹیٹ کینسرک تشخیص کرنہٕ آمت۔
"
2799,کانسٹیبل الیگزینڈر فٹزپیٹرکن ووٚن نیڈ کیلی یس ز سہ کر تم پانس پیش ۔
2800,"چمکدار گیمہٕ یتھ کٔنۍ اینڈرسنک امر گیم تہٕ ایور گرین گیم یا مورفیک ""اوپیرا گیم"" ٲس شطرنج کس فنچ ساری کھوتہٕ زیادٕ ممکنہٕ چوٹی سمجنہٕ یوان۔"
2801,ہیرو ہؠکن تہنٛد مقصدٕ مطٲبق واریاہن قٕسمن تہٕ وزنن ہٕنٛدۍ ٲستھ۔
2802,ٲخرس پیٹھ، سہلاب بیسن چِھ اکثر ملحقہ دریاون ہنٛدین لیویزن درمیان بنان۔
2803,سوشل میڈیا چھ کمپنی ہنٛدس کسٹمر بیس تہٕ کسٹمر سروس نمائندن سۭتہِ  جٗڑٗن زان٘ہہ كالہِ  کھوتہٕ زیادٕ آسان بناوان۔
2804,دٗرگاپوُر مرکزن چھے٘ علاقس منز  چاے، کھنٛڈ، کیمیا  تہٕ کھادِ ہٕنٛدٮ۪ن شعبن منٛز واریاہ صنعتہٕ قٲیم کرِمژٕ۔
2805,"امریکاہَس منٛز چھٗ پرٛٮ۪تھ ؤرۍ  تقریباً 55,400 لٗكن نوِ سرٕ انفیكشن گژھان ۔ 
"
2806,پنٕنہِ سہی عرضی  تہٕ سٹی کلرکس سۭتۍنِش  جمع کرِمٕتہِ  دسخط کٔرِو پنٛنہِ درخواستہٕ کس قونونن  ٲخری تٲریٖخس تام دٲیِر ۔۔
2807,مال چِھ بٔڑ جاے یمن منٛز واریاہ پکنٕچ ضٔروٗرت چِھ آسان، لہذا ہیٚکہ نہٕ یہِ واریاہ تھزن ہیلن باپت بہتٔریٖن وقت ٲستھ۔
2808,15 نومبر 2000، آو جنوٗبی بہار نٔو ریاست جھارکھنڈ بناونہٕ خٲطرٕ الگ كڈنہٕ۔
2809,آزادی پتہٕ کِس دورَس مَنٛز کٔر پارٹی ہندوستان کین زیادٕ تر ریاستن تہٕ مرکز کین زیر انتِظام علاقن پیٹھ حکوٗمَت۔
2810,AICC سی چھِ تمام اَہم انتظامی تہٕ سیاسی فیصلہٕ کران۔
2811,"تم چِھ بحر الکاہل کٮ۪ن جزیرن ہٕنٛزو دۄیو جمٲژو سۭتۍ بناونہٕ آمٕتۍ۔
"
2812,گلی پرانتھے والی چھےٚ چاندنی چوکٕچ اکھ سڑک خاص طور کھین چیزو باپت 1870 پیٹھ۔
2813,سی ایی ایس ہیٚکہِ پانیہ  یا کونس میڈلارس سنڈرومہٕ سۭتہِ گژھِتھ ۔ 
2814,شری آتیشیا شیتر سِمہانا گڈے جوالا مالنی دگمبر جین مندر یا آتیشیہ شری کھیتر سِمہانا گڈے چھُ کرناٹک کِس چکمگلور ضلعہٕ کِس نرسمہا راجا پورس منٛز اکھ مشہوٗر جین مندر۔
2815,ہٹاونہٕ ینہٕ وٲلہ سٹیکرس یا ٹیپ کس ٹٗکرس پیٹھ لیکھو نامزد تحفہٕ وصوُل کرن وٲلہِ سٗنٛد ناو۔
2816,وۄنہِ گو٘ ، امہٕ برونٹھ سپٕدِ  واریاہ  بالٲئی ٹریسِكس  منٛز نابوُد ۔
2817,"اَمہِ کھیلِہ ہُنٛد فٲصلہٕ چھِ زٕ ایمپایر كران ، یِمَن بین الاقوٲمی میچن منٛز ترٛیٚیِم امپایَر تہٕ میچ ریفری مدتھ  کران چھِ۔
"
2818,"بوٚڑ دھماکہٕ بوٗزِتھ کھوٗژ ہانگرائی زِیٛادٕ ، أچھ کرِن بنٛد ، تہٕ خاموشی سان روٗد خوٗلَس انٛدَر۔
"
2819,"پرٛٮ۪تھ جامَس دوران چھِ کھلٲڑِ سرکٹ ٹریکَس پٮ۪ٹھ گرِ ہندِ طریقہٕ سکیٹ کران۔
"
2820,بینزوڈیازیپائنز چھ طویل عرصس تام تر٘اونٕكہِ  اثرات پٲدٕ کرنہٕ خٲطرٕ ساروی کھوتہٕ قٲبل ذکر دوا یتھ منٛز علامتہٕ  بعض اوقات استعمال بند كرنہٕ  پتہٕ واریاہن ؤرین تام برقرار روزان چھِ ۔
2821,پولو میدان کِس سطحس چِھ سطح اصل گنٛدنہٕ کِس حالتس منٛز تھاونہٕ خٲطرٕ احتیاط سان تہٕ لگاتار زمینی دیکھ بھالچ ضرورت آسان۔
2822,"1298 تھس منٛز آیہ دِلِہ نزدیٖک 15,000 پٮ۪ٹھہٕ 30,000 افراد ، یمو حالٕے اسلام قبول کوٚرمت اوس ، بغاوت کہ خوفہٕ اَکِیے دۄہ قتل کرنہٕ ۔"
2823,یہ ہیٚکہ تمہ وز پٲدٕ گٔژھتھ ییٚلہ لوٗکن سخٕت نۄقصان واتہ، یا کٲنٛسہ انتہٲیی پریشان کن چیٖزک تجربہٕ گژھ۔
2824,زنانہٕ شایقیٖن آسہٕ  تٔمِس پننہِ خوٗنہٕ سۭتہِ  لیٚکھِتھ چِٹھہِ سوزان۔
2825,خیال چھ نیم کلاسیکی گلوکٲری ہنٛد اکھ قسم یس اودھ کیو دربارو پیٹھٕ چھ یوان۔
2826,ہوٹلس منٛز چھ شور ناقابل برداشت، ییٚتہ أنٛدۍ پٔکۍ تعمیری کٲم زورن منٛز چھےٚ۔
2827,"ڈیروُلوہس چھِ مارٕچ 2020 پٮ۪ٹھٕہ اثر تر٘اون وٲلِس  جینا فرمَس سۭتہِ تعلُقات ۔
"
2828,کیرالہ تہٕ تامل ناڈوٗ کین مختلف حصن منز لبنہٕ ینہٕ وٲلۍ رومی سکن ہنٛد ذخیرٕ چھ امہ کتھِہ ہُند تصدیق کران۔
2829,ٹروکلیا ہک مطلب چھ لاطینی منٛز پللی ؛ ژورمہٕ اعصابک ناو چھ امہٕ ساختہٕ پیٹھ تھونہٕ آمت۔
2830,لۄکٹۍ جنگلٲتی پیداوار، یتھ کٔنہ زن ٹنڈو پنؤتھر یم بیڑی ولنہٕ خٲطرٕ استعمال چھ گژھان، سیل بیول، ساگوانُک بیول، تہٕ لک تہ چھ ریاستٕچ گأمی معیشتس ڈکھ کران۔
2831,بچہ دانہ ہنٛد سرطان چھ بچہ دانہ ہنٛد سرطان چھ سہ سرطان یتھ منٛز بچہ دانہ ہٕنٛدۍ مختلف علاقہٕ شٲمل چھ آسان۔
2832,بالاجی راو سٕنٛدِ دورٕ کِین  گۄڈٕنِکٮ۪ن ؤرین منٛز، كو٘ر راگھوجی اول بھونسلے ین  جنوٗبی تہٕ مشرقی ہندوستانس منٛز مراٹھاہن ہٗند اشر قٲیم  کرنس منٛز مدتھ ۔
2833,"أمۍ سنٛد دچہ بٲے یوٹو ساتوہن تہ گینٛد جاپان قومی ٹیمہٕ خٲطرٕ۔
"
2834,"خصوصیات چِھ ""گپتا کلاسیکیزم"" ہنٛد اثر و رسوخ تہٕ تجویز کران، تہٕ امہٕ موجوب چُھ سُہٕ یمن ہنٛز تعمیر 8 مہٕ صدی منٛز تھوان۔"
2835,جےٚ پور طرزٕ گوٚو راجپوٗت حکمرانن ہٕنٛزِ سرپرستی منٛز تیار، تہٕ تِمو کٔر ہندو مذہبی موضوعات ہیتھ  کتھک رقصٕچ حمایت۔
2836,انٛگریٖزۍ اخبارن منٛز چھُ ہندوستان ٹایمزسارِوٕیہ کھۄتہٕ بوٚڑ روزنامہٕ یتھ دوہ دِش    اکھ لچھٕ کھۄتہٕ زیٛادٕ کاپی چھپان چھے٘ ۔ 
2837,"تٔمۍ زیوٗن کلر فوٹو گرافی پٮ۪ٹھ پنٛنہ کامہ خٲطرٕ فزکسس منٛز نوبل پرایز۔
"
2838,تمہِ کوٚر میرتا كِس رازٕ کیشو داس راٹھور سٕنٛزِ کورِ، کَرمناسی بیگمہِ سۭتہِ خانٛدر۔
2839,خطرٕ چھ اتھ جایہ سۭتۍ وابستہٕ ییٚتٮ۪ن جسمس منٛز زیٛادٕ چرٕب چھ جمع گژھان۔ 
2840,"نیٛوٗز ۱۸ خٲطرٕ پنٛنِس جٲیزس منٛز دِتہِ  راجیٖو مَسندن فِلمہِ 1.5 سٹار، یہِ لیٚکھِان زِ یہِ فِلِم چھےٚ ""اَکثَر أکِس مُشکِل بی فِلمہِ سۭتہِ رلان"" تہٕ یہِ ٲس  ""المیہ ہُك استحصال ""۔
"
2841,ٹاڈ آو گوٚو سٮ۪ٹھاہ چھۄکہٕ لد تہٕ یہ اوس وٕچھن والٮ۪و لوٗکو فلموومت۔
2842,کرسٹی بارڈیکی کرسٹین بارڈیکی چھ اکھ کینیڈین واٹر پولو کھلٲڑ ۍ۔
2843,"تٗہٗنٛد لفافہٕ  ہیٚکہ ""زایہِ دۄہ مٗبارک"" یا ""مٗبارک باد"" ہیوٗ کٮ۪نٛہہ ونِتھ  ۔"
2844,بِچور سِرٛنٛگیری سِرٛی نِواس۔ أمۍ سٕنٛدۍ کَن ٲسۍ نیٖلۍ، تازٕ زَخٕم ہِوۍ بَنیمٕتۍ۔ أمۍ کٔر سٮ۪ٹھا کوٗشِش سورُے امنَس منٛز تھاونَس۔ یہِ اوس شُرٮ۪ن کرٛٮ۪کھ لایان اَگر تِم بَڑِ کَتھ کَرٕ ہن۔ ییٚلہِ پرٛیٚشر کُکرَس سیٖٹی تہٕ سیٖٹی نیرِہا یہِ اوس پنٛنہِ خانٛدارِنہِ، پارَتامہ ہس کُن دولہٕ وٕچھان۔
2845,ٹریش ویر کمپیوٹر چھ اکثر مفت سافٹ وییر استعمال کران یتھ کٔنۍ لینکس آپریٹنگ سسٹم۔
2846,امہ پتہٕ ہیکیو تہۍ آن لاین درٚالٕز خدماتن  سۭتۍ کھاتہٕ کھوُلتھ تہٕ پینی سٹاکٕچ خریدٲری تہٕ تجارت شروع کٔرتھ۔
2847,کربی فلاور سمتھن دژ تجویز ز یہٕ ہیکو بطور  ہیٹروکرومیا  سمجتھ ، حالانکہ باقیہ مٖفكِرو چھُ اختلاف ظٲہِر کورمٗت ۔
2848,"ٹایفائیڈ تپھُک ساروٕے کھۄتہٕ بدنام کیریئر، مگر کُنہٕ تہٕ طریقہٕ سۭتۍ اوس نہٕ ساروٕے کھۄتہٕ زیادٕ تباہ کُن، میری میلون، یتھ ٹائیفائیڈ میری ونان چھِ۔
"
2849,"بِہارس منٛز چھِ ترٛےٚ مُختٔلِف علاقہٕ، ییٚتہِ  1,800  ملی میٹر کھۄتہٕ زِیٛادٕ روُد پیوان چھُ۔"
2850,"دلہ پؠٹھ 160 میل دور آگراہس منٛز ٲسہ کم از کم 6,000 مختلف غیر لڑاکا قلعس پیٹھ جمع گٔمٕتۍ۔"
2851,سہ چھ رابٲرٹ ایبرٹسبرگر سنٛد نیٚچو تہٕ اینڈریاس ایبرٹسبرگر سنٛد باپٔتھر۔
2852,یہِ چُھ وۄنہِ اکھ  نۭمایاں وتھ ییمہِ طریقہٕ  ثقافتی مٲہر بشریات  تحقیق كران چھِ ۔ 
2853,مٲنڈِتھ اوٹ چھُ ورقن منز پھرنہ یوان تہ امکۍ کنارٕ چھ وٹنہ یوان تہ پتہ تلنہ یوان۔
2854,"عام طور چھِ أکِس ٹیمَس منٛز پانٛژھ یا شےٚ مٲہِر بیٹس مین  تہٕ ژور یا پانٛژھ مٲہِر بالر تہٕ وکٹ کیپر شٲمِل آسان۔
"
2855,کیرالہٕ کین کینژن حصن منٛز چھِ لۄُکھ تھِروٗ اونمس دوران تہٕ امہِ پتہٕ مختٔلف کھیلن تہٕ رقصن منز حِصہٕ نِوان ۔
2856,دہشت گردو ٲس  گنٛگا دٔریاو کس آبس زہر رلاونٕچ دھمکی دِژمٕژ۔
2857,برطانوی نوآبٲدیٲتی انتظامیَہ ہن كٕرِ اصلاحٲتی پروگرام شروٗع ، یَتھ منٛز ہندوستٲنہِ  اعلی ذٲژ تہٕ حکمرانَن حکوٗمتَس منٛز شٲمِل کرنٕچ تہٕ مغرب  کاری ہنزٕ  کوٗششہٕ ختٕم کرنٕچ کوٗشش کرنہٕ آیہ ۔ 
2858,بہٕ چھس فکر مند ز میٲنس بجٹس منٛز یم بائیکہٕ چھ ہیکن نہٕ میانہ پریتھ دۄہ کہ 50 میل اکہ طرفہٕ سفرٕ خٲطرٕ کٲفی پائیدار ٲستھ۔
2859,"2020 چہ مردم شماری مطٲبق ٲسۍ ییٚتہ 4,520 لکھ روزان ۔"
2860,سہ اوس پاپینیو کس انتخٲبی علاقس منٛز لبرل پارٹی خٲطرٕ نامزد۔
2861,باقی کھلٲڑِ چِھ کورٹ كِِس زٕ بٹا تر٘ییمِس حصس تام محدوٗد آسان، یٗس سینٹرسركلس لاینہٕ بغٲر  کورٹس منٛز کٗتہ تہِ  جایہِ گژھتھ ہیٚکہ۔
2862,سندھ-بلوچستان تہٕ کچس سۭتۍ اوس اکھ سرٛن خلیج یا سمندر موجود۔
2863,موقعس متعلق غٲر ضروری سوال پرژھنہٕ ورٲیۍ پیِیو کیک۔
2864,وایرولوجی چھ زکام کس وایرسس ہوٮ۪ن وایرسن ہنٛد مطالعہٕ۔
2865,دھوتی چِھ سفید پلوک اکھ ٹکرٕ یُس بنیٲدی طور پٲٹھۍ ہندوستٲنہ لکھ لگاوان چِھ ۔
2866, كایتھا تہٕ مالوا تہزیبن سٕتہِ وابسطہٕ كٕنِِوِ تہٕ لویِوِ ہٹہیار بناونٕكہِ  دورٕكہِ مقامات چھِ  رِیاست كِس مغرببی حِصس منزدریافت كرنہٕ  آمٕتہِ ۔ 
2867, امریکاہس منٛز چھ آئینی حقوقن ہنز  ضمانت امریکی آئین  دیوان ۔
2868,پتہٕ کٔر أمۍ پراسیکیوٹر بنٛنہٕ خٲطرٕ أکس ؤریس تام کابلس منٛز تعلیم حٲصل۔
2869,بیٚنٛگلور پُلسَن کٔر فوری طور ییٚمہِ معاملٕٗك  تفتیٖش تہٕ تِمو کوٚر پنُن بَیان تہِ دٲخل ۔
2870,چیزنٕے چُھ قدر مگر تِم چِھنہٕ پانہٕ کِہنۍ کران ۔
2871,آنجہانی ارییاکوڈی رامانوجا آینگر، اکھ تجربہٕ کار کرناٹک موسیقی گلوکارس، چٗھ ہم كال گیون محفلٕہٕ حییت  قٲیم کرنٗک سہرٕ گنڈنہٕ یوان یٗس از تام کرناٹک موسیقار استعمال کران  چھِ ۔
2872,حالانٛکہ برطانیہ تہٕ سلطنت گیہ دویمہ جنگہ عظیمس منٛز فتح یاب، مگر تنازعکۍ اثرات ٲسۍ أنٛدۍ پٔکۍ تہٕ نیبرم دۄشونی منٛز واریاہ زیادٕ۔
2873,گوتمی پتر ستکرنی تہٕ تس سٕنٛدس جانشین واسِستھی پتر پلاماوی سٕنٛدس دورِ حُکوٗمتس منٛز ووت یہِ  خانٛدان پنٛنس عروٗجس پٮ۪ٹھ۔
2874,"یہِ چھ میونک کس جنوب مغربس منٛز امرسی جیٖلس پٮ۪ٹھ واقعہ۔
"
2875,کُنگالو٘: کُنگالو٘ چُھ سویڈن چہِ واسترا گوٹالینڈ کاؤنٹی منٛز اکھ شہری علاقہٕ۔
2876,انسٹا کارٹ چُھ  خریدارن ہنٛز سیٹھاہ  منٛگہِ وٲلہِ  علاقہٕ وۄزلیو٘  مستطیل علاقو  سۭتہِ  ہاوان ۔
2877,چولا سمنٛدری فوج اوس قدیم ہندوستٲنہِ سمنٛدری صلٲحیتن ہٕنٛدِ عروجچ نٗمایندگی کران۔
2878,أمۍ کٔر کتھ باتھ ہٕنٛز بنیاد فراہم ییٚمہ کس نٔتیٖجس منٛز انگریزو ہندوستان ترٛوو۔
2879,فیلڈ آرمی ہنز کمان چھ عام طور جنرل یا لیفٹیننٹ جنرل کران۔
2880,"آیرلینڈٕچ بادشاہت آیہ ہینری اوٗٹھم سٕنٛدس دورس منٛز ؤجودس منٛز۔
"
2881,تمام دہہ ہندسہٕ چھ اکھ ٲخری سکور بناونہٕ خٲطرٕ جوڑنہٕ یوان ۔
2882,یتھ کٔنہِ  چِھ مٗلک کین کینٛژن  حصن منٛز رولر باسکٹ بال تہٕ رولر کرکٹ تہِ گنٛدنہٕ یوان۔
2883,"اگر تُہۍ کُنہِ اہل آٮٔی پی یا سی بی آی مُلکُک دورٕ چھِو کران، تیٚلہِ ہیٚکِو تُہۍ کینٛہہ چیٖز پنٛنِس گَرس واپس سوزِتھ اگر تُہۍ امریکہَس منٛز روزان چھِو۔
"
2884,"تمام سٹیشنن منز چھ ایسکلیٹر، لِفٹ، تہٕ ٹیکٹایل ٹایلہٕ یِم سٹیشن  كیو دٲخلی دروازٕو پٮ۪ٹھٕہٕ ٹرینن تام نابینا لوکن ہٕنٛز رہنمٲیی کران چھ ٗ۔
"
2885,سُہ اوس 7 جنوری 1964 ٹھس منٛز لانگ بِیٖچ، کیلیفورنِیاہَس منٛز زامُت۔
2886,لڑایہ چھےٚ باکسنگ رنگس منٛز گژھان، عام طور باکسنگ گلوز، ماؤتھ گارڈ، شارٹس، تہٕ ننگی پٹن سۭتۍ کک استعمال کرنہٕ خٲطرٕ۔
2887,"ترٛیٚیمِس پیریڈس منٛز، زیوٗن ہنرک زیٹربرگن ڈیٹرائٹُک کھیلُک ترٛیٚیُم گول ۔
"
2888,پوپ جان پال دومن بنوو سہ 1999 تس منٛز سکوانی ہک علاقٲیی پریلیٹ۔
2889,"ہندوستانَس مَنٛز روزَن وٲلیو  40,000 انگریزو مَنٛز آیہِ تقریباً 6,000 مارنہٕ۔"
2890,تہنز فلمہٕ سو کرور تہٕ سیٚنسر آیہِ تنقیدی طور  سراہنہ۔
2891,امیُک مٔنٛزِم حصہٕ ہیٚکہِ یلہٕ گٔژھِتھ تہٕ اکھ زخٕم بنٲوتھ۔
2892,اتھ اداکارس اوس تھیسپس وننہٕ یوان تہٕ سُہٕ اوس یونٲنی۔
2893,سُہ گوٚو میڈرِڈ ییٚتہِ تٔمہِ واریاہ سخٕت مُطالعہٕ کوٚر تہٕ ینامہٕ زینہِ ۔
2894,اتھ سافٹ ویئرس منٛز چھ موزِیلا فایر فاکس، موزیلا تھنڈر برڈ، سی منکی، تہٕ موزیلا سن برڈ شٲمل۔
2895,الیکٹران چھ یکساں منفی برقی چارج تھاوان ییٚمۍ کہ وجہ سٕتۍ تم ایکس بییس سٕتۍ دور گژھان چھ ۔
2896,دی بلیٹنَس مُطٲبِق چھُکھ پٔتمین 70 تَن ؤرۍ یَن منٛز 4000 کھۄتہٕ زِیٛادٕ لَٹہِ ؤچھنُک دعوا کوٚرمُت، مگر اکھ تہِ چھُنہٕ قٲبلِ تصدیق ثوبوٗت۔
2897,یہ فلم آیہ ملیالمس منٛز بطور ایوان مریادرمن تہِ دُبارٕ بناونہٕ یتھ منٛز ملیالم اداکار دلیپ  ہیرو تہٕ  نِکی گالرانی بطور ہیروین ٲسہِ ۔
2898,گۄڈٕنِچ فِنش  قومی چیمپئن شپ آیہِ 1908 ہَس منٛز مُنعقد کرنہٕ تہٕ یہِ ٲس  کُنہِ تہِ ٹیم کھیلَس منٛز مُنعقد گۄڈٕنِچ قومی فنِش چیمپئن شپ ۔
2899,ایپلیکیشنَن منٛز چُھ سیل فون (موبائل) ٹیلی فون، ریڈار، ایئرپورٹ سکینر، مائیکروویو اوون، ارتھ ریموٹ سینسنگ سیٹلائٹ، تہٕ ریڈیو تہٕ سیٹلائٹ کمیونیکیشن شٲمل۔
2900,"یہِ چھُ راجستھان کٮ۪ن پہٲڑِ قٕلعن منٛز شٲمِل اکھ عالمی ثقافتی ورثہ مُقام۔
"
2901,شوینسٹین: شوینسٹین چھ باویریا، جرمنی منٛز ہوفک اکھ قصبہٕ۔
2902,لائبیریا سوزنہٕ آمٕتہِ واریاہ سیاہ فام لوُکھ ٲسہِ تبلیغ كرن وٲلہِ ۔ 
2903,یہ چھ سکالرن ہٕنٛد طرفہٕ پٔتۍمہ مردم شمأری منٛز غلط گرٛنٛد سۭتۍ منسوب کرنہٕ آمت؛ ناگالینٛڈس منٛز 2011 ہٕچ مردم شمأری چھ از تام سارۍوٕے  کھۄتہٕ زیادٕ بروسہٕ منٛد مانٛنہٕ یوان۔
2904,تۄہہ آسہ یہِ چیز تتھ رِیاستس منز اونمٗت ییتہِ تو٘ہہِ روزان چھٕو یا پننہِ ڈاك پتاہ كین 100 میلن  اندر اندر ۔
2905,تٔمہِ سُند نیٚچوٗ ایڈورڈ بیلیول چھٗ  پتہٕ 1332 پیٹھہٕ 1356 ہس تام سکاٹش تختس پیٹھ  دعوا كران ۔
2906,سہ اوس گوٚڈنیک ایشیٲیی ماڈل یس لویی وُٹان سٕنٛز مہمہ منٛز آو۔
2907,تمۍ دبٲو آپایکا تہٕ گووِنداہن ہنز بغاوت تہٕ جنوُبس منز دیُتُن باناواسی کدمبن فیصلہٕ کُن شِکست ۔
2908,ترٛین کروشیٲیی  بچاو كرن والین پتہٕ دویم بہتٔریٖن، یمن درمیان 181 تھن  کیپن تجربہٕ ٲسِتھ  ، ہیو٘ك نہٕ  رونالڈو  دو٘یمِس ہافس تام گولس پیٹھ کانٛہہ شاٹ لگٲوِتھ ۔
2909,تاہم اکہٕ دوہ یِن  اِزریلی خدایس کُن واپس ۔
2910,واجپایی ین کٔر پنٕنہِ سكوٗلی  تٲلیٖم گوالیَار کِس سَسرؤستی شِشوٗ منٛدرس منٛز حٲصِل
2911,مثالہ پٲٹھۍ، فلوریڈاہس منٛز، چھ تۄہہ مقدمہٕ کرنہٕ باپت پانژھ وری میلان۔
2912,یتھیہ كٕنہِ چھُ ، اكیوِناكسن ہٗند وقت  تہِ چُھ پرتھ ژو٘ن ورین منٛز اكھ دوہ بدلان ۔
2913,تمو کوٚر تم سمأجی اصلاحات کرنس پٮ۪ٹھ اتفاق یم لیبر پالیسی ٲسۍ۔
2914,"دفتر پٮ۪ٹھٕ نیرنہٕ پتہٕ کوٚر بادشاہ بھومیپولن سہ پرایوی کونسلر مقرر۔
"
2915,گلیمر، پونسہٕ، طاقت تہٕ میڈیا ہچ قابل رشک زندگی ہنٛدس پردس تل چھ اکھ یتھ پزر آسان یس اکس وقتس منٛز ناقابل یقین تہٕ حٲران کن چھ۔
2916,واہ! سٗندرا یہِ چھِ اكھ سیٹھاہ جان ڈرایینگ! اصل كٲم ۔
2917,"موجودٕ مندر اوس 18 ہِمہِ صٔدی منٛز چندواڑہ کِس دیو گڑھ قلعس پیٹھ فتح پتہٕ ناگپور کِس مراٹھا حکمران رگھوجی بھونسلے یَن بنوومُت۔
"
2918,کینٛہہ ہندوستٲنہِ فلمی اداکارایہِ  یتھ کٔنہ زَن ہیما مالنی کٔر پنٛنہِ پیشورانہٕ زِندگی ہنٛد بطور كچہ پٗڈی   تہٕ بھرت ناٹیم رقاصہ آغاز ۔
2919,یہ ٲس راگنی نندوانی ہنٛز گۄڈنچ فلم ییٚمہِ ٹی وی پیٚٹھٕہ فلمی صنعتس منٛز وو٘ٹھ ژھنہِ ۔
2920,"ریفری سٗند گۄڈنٮ۪تھٕیہ  اطلاع دِیوٗن  چھَٗنہٕ ضروٗری۔
"
2921,لینڈ لائنہِ  ذریعہٕ ٹرانسمیشن چہِ جاۓ آو  ریڈیو ٹرانسمیشن ، تہٕ 1960 پیٹھہٕ سیٹلائٹ ٹرانسمیشنہٕ  ذریعہٕ  ۔
2922,بین الاقوامی ٹیمن کوٚر 2002 تہٕ 2005  درمیان ترییو مُہِِمَو ذریعہِ نٔوۍ نسل تحقیٖقی ویسل پولارسٹرنہٕ سۭتۍ دریافت۔
2923,اقتدار سمبھالنہٕ پتہٕ تھوٚو غازی ملکن پانس  غیاس الدین تٗغلق ناو-یتھہٕ  کٔنہِ كورٗن  تٗغلق خاندان تہٕ ناوٗك  آغاز ۔
2924,قلعہٕ تہٕ امِکۍ أنٛدۍ پٔکۍ علاقہٕ یمن تیلہِ  بارہ محل اوس ونٛنہٕ یوان، ٲسۍ جگادیوارایارس وجے نگر سلطنتہٕ دٔسۍ جنٛگن منٛز تمہِ سندِ   بہۄدُری ہٕنٛدِ خٲطرٕ دِنہٕ آمٕتۍ
2925,ATP 250 مہاراشٹر اوپن ، اکھ ATP ٹور چیمپئن شپ تہٕ جنوٗبی ایشیاہس منٛز منعقد گژھن وول وٲحد ATP 250 سطحُک ٹینس چیمپئن شپ ،چھ پرٛٮ۪تھ ؤرۍ یہِ مہاراشٹر دٔسۍ بالی واڑی یس منٛز منعقد یوان کرنہٕ۔
2926,سۄ ٲس انگلستانٕچ  سرکٲرِ عہدس پیٚٹھ فٲیض گۄڑنِچ زنانہٕ۔
2927,سُہٕ چِھ پننہٕ مضحکہ خیز آوازن تہٕ عجیب اندازن خٲطرٕہ مشہور۔
2928,مالیوتھم چھ تامل ناڈوٗ ہس منٛز رؠوٲیتی کھیلو منٛزٕ اکھ۔
2929,"اتھ جایہِ اندِ پكہِ  چُھ وۄنہِ اکھ باغ ، کمپلیکسس منٛز چھِ باقین جاین نٔوِ بُت تھاونہٕ آمٕتہِ ۔
"
2930,تیم گو پتہٕ ٹیلی ویژن ٹیلنٹ شوزس منٛز جج کس طورس پیٹھ مین اسٹریم شہرتس تام۔
2931,جنوریس تام ٲس افواہن ہنٛز کثرت ز اینفیلڈ کارتوس آسۍ جانورن ہنٛز چربی سۭتۍ پشلاونہ یوان۔
2932,دٗبارٕ جایزٕ ینچہِ كمیٹی  ہٕنٛزِ رٗکٗن نندنی سرڈیسایی  ووٚن دی ٹایمز آف انڈیاہس ز کٗمارن وُچھ حیدر دۄیہ لٹہِ تہٕ کٕرن  یہ یو/اے سرٹفکیٹ دِتھ  پاس ۔
2933,نیشنل ویدر سروسہِ  چھُ شیٚن ریاستن خٲطرٕ ریڈ فلیگ وارننگ جٲرِی کران خبردار کٔرمٕتہِ زِ امہِ گرمی سۭتۍ ہیٚکہِ آسانی سان جنگلن نار لگتھ ۔
2934,زنانہٕ تہٕ أمۍ سٕنٛد سٲتھی دۄشوے آیہ کنگز کراس پولیس سٹیشن ننہٕ ییٚتہ یمن واقعس متعلق پرژھ گٲر کرنہٕ آیہ۔
2935,یِمو منز چِھنہٕ وارِیاہن بادشاہن ہٕنز توٲریخی ثبوتَو سۭتہِ  تصدیق گژھان  ۔ 
2936,کٗمبھ مٲلہٕ چھِ المین  ہنزٕ جایہِ روزمژٕ ۔
2937,"گَرَس منٛز چھُ أکِس شُوژ جایہِ  اکھ بانہ (گھاٹاستھاپنا) لگاونہٕ یِوان۔
"
2938,امہِ علاوٕ کٔر نظامن  موسیقی ہندوستٲنہِ  برادری ہٕنٛدس أکِس لۄکٹس ذیلی حصس تام مۄحدوٗد روزنہٕ باپتھ مجبوٗر۔
2939,أکس بالغ زنانہ پیٹھ چھ تم عام طور کینٛہہ مستہ سۭتۍ ؤلتھ آسان۔
2940,صارف ہیکہ کمپیوٹرس ؤنتھ ز میولمت متن بدلاو بیٚیہ کنہ چیز سۭتۍ۔
2941,اسرٲیلی، امریکی تہٕ یورپی اہلكارو  کھۄل حملُک الزام ایرانَس پٮ۪ٹھ ۔
2942,فلمہ ہنٛز موسیقی ٲس لکشمی کانت-پیارے لال، متھون، آرکو، سنٛندیپ شیروڈکر، گوروو-روشین تہٕ پرانائے ریجیا ہن ترتیب دژمٕژ۔
2943,"کٮ۪نٛہہ اہم سفید آب کٮ۪ن کایاکرن منٛز چھ ابھینو کالا، شلبھ گہلوت تہٕ جان پولارڈ شٲمل۔
"
2944,تِم چھِ اِکہٕ وَٹَیہ   سفر کَران تہٕ سُہ چُھ  أمِس محبت کَرُن ہٮ۪وان   ۔
2945,تٔمہِ  پٔھہلٲو سلطنت زانٛگسکَار تہٕ سِپِتی تام ۔ 
2946,تٔمۍ سنٛد خیال چھ ز لوک جیلس منٛز ترٛاونہٕ بجایہ گژھ علاجس پؠٹھ توجہ دنہٕ ین۔
2947,یہٕ چھِ کولمبیاہس منٛز اینڈیس پہاڈن منٛز کورڈیلرا آکسیڈنٹلس پٮ۪ٹھ روزان۔
2948,سسٹوسکوپی چھ لۄکٹہِ پشاب بانُک یوریتھرا کہ ذریعہٕ اینڈوسکوپی ۔
2949,سہٗ چھٗ لورِیل گروپٗک 5 ژِم سی ای او ۔
2950,سینٹ فریسس پتھ کھسنہٕ پیٹھ مجبور کرنہٕ پتہٕ آو مرچہ قبضس منز  ننہٕ۔
2951,لائیو موڈس منٛز ہیکہ کھلٲڑۍ منتخب گرس منٛز اکھ سم کنٹرول کٔرتھ۔
2952,وکیمیڈیا فاونڈیشن دریافت کرنہٕ پتہٕ کوٚر پیٹرکَن ویلزَس دُپہرٕ کِس بَتَس پیٹھ سمکھٕنَس مُتعلِق ای میل۔
2953,کیٚمہِ مار دوا ثھكِتھ مٕہہِ جالہِ چھِ پٗر اشر ، یتھہٕ كٕنہِ یِم انوپھیلِس مٕہِس خلاف چھِ یِم ملیرِیا ہیتھ آسان چھِ ۔ 
2954,یہ چھ عام طور جِنسی خٗشی ہٗند  اکھ انہار ، یا جذبٲتی وجوُہاتن باپتھ ۔
2955,پنٛنہِ بولہِ ہُنٛد  جٲیزٕ کٔرِو بیٚیہِ تہٕ اَکہِ لَٹہِ کٔرِو کنفرم بِڈ بٹنَس پیٹھ کلک ۔
2956,تہنٛدِس آمدنی ہندس بیانس منٛز  تعداد  چھٗ فِكرِ لایكھ ، تہٕ یہِ چھٗ  بےچینی ہنٛد احساس پٲدٕ کران۔
2957,لوننٗك  تہوار، نویاچی پنچم، چھٗ دویمہ دۄہ مناونہٕ یوان ؛ نٔو لوُنمُت  دانہ چھٗ کھہو (یا منٛدرو) پیٹھہٕ گھر اننہٕ یوان تہٕ پوُزا  چھ  کرنہٕ یوان ۔
2958,چارواکا چھٗ اکھ ادھرمِک فلسفہٕ ، لہذا  ٲسہِ باقیہ مذہب چارواچک تعلیماتن  منفی نظرِ وٗچھان  ۔
2959,"ڈچ ٲسۍ دوٚیمس جنٛگہ عظیمس تام جٔزیٖرن پنٕنہ جادادٕکۍ پٲٹھۍ مانان۔
"
2960,"یہٕ چُھ لازمی زِ شردھا گژھہٕ نیچو انجام دِنۍ- عام طور  ساوٕے کھۄتہ زیُٹھ، یا  مٲل پکھِِ ساروی کھوتہٕ بوٚڑ  مرد رشتہ دار، یُس پتمین ترین نسلن تام محدود چھُ۔
"
2961,اتھ بنیادس پیٛٹھ چھ سدھاکر چٹوپادھییاہن یہ نتیجہٕ اخذ کوٚرمت ز کانہا اوس بدھ متس حمایت کران ، تہٕ اوسُن اکھ انتظٲمی محکمہٕ بودھ گوسانِین ہٕنٛدِ بہبودٕ خٲطرٕ وقف اوس ۔
2962,واریاہ علاقہٕ چھ غیر ملکین خٲطرٕ محدود، تہٕ یمن تام واتنہٕ خٲطرٕ چھُ سرکٲرۍ اجازت نامک ضرورت۔
2963,چول ٲسۍ قرون وسطی کس گۄڈنکس بادشاہ وجےالیہ چول سٕند زمانہٕ پیٹھٕ شاندار مندر بناون وٲلۍ۔
2964,یہ شو اوس 1988 پٮ۪ٹھٕ 1994 تس تام سی بی ایس پؠٹھ بٹہٕ وار دۄہ صبحس  ہاونہٕ یوان۔
2965,تمن چھٗ  ناو تمہِ طریقہٕ سۭتہِ مِیوُلمٗت ییمہِ طریقہٕ تِم اندِ  پكہِ كینكڈن ہندِ پٲٹھہِ ژلان چھِ ۔
2966,سہ اوس 2008 پؠٹھٕ 2018 تام چینا نیوکلیر سوسایٹی ہنٛد صدٕر تہٕ پارٹی سربراہ۔
2967,"1936 پٮ۪ٹھٕ انٹرنیشنل باسکٹ بال فیڈریشن (ایف آیی بی اے) سۭتۍ وابستہٕ، ہندوستانس چھ ایشیا کٮ۪و ساروٕے کھۄتہٕ زیٹھٮ۪و باسکٹ بال رٮ۪وایتو منٛزٕ اکھ۔
"
2968,حاملہ ملکہ چھ پنٕنۍ ژھۄٹھ پانے تراوان، جبلت کہ ہدایتہ۔ 
2969,ٹرسٹس چھنہٕ پانہ نہ کانکنی تہٕ نہ پٲداوارس منٛز کانہہ شرکت ، مگر یہٕ چھ باقٲعدگی سان رائلٹی ہنٛز ادائیگی حٲصل کران یس پتہٕ شیئر ہولڈرن منٛز تقسیم چھ یوان کرنہٕ۔
2970,اکتوبر 1916 ہَس منٛز سپٗد سوُ گریِز اِنس منٛز بار کورسہٕ خٲطرٕ درج، تہٕ امی وقتہٕ نِیوُن   لندن سکوٗل آف اکنامِکسس منٛز تہِ دٲخلہٕ ییٚتہِ تمہِ ڈاکٹریٹ مقالس پیٹھ کٲم  شروٗع کٔر۔
2971,فن تٲمیرٕچ یہِ جاے چھِ آرکیالوجیکل سروے آف انڈیا دٕسہِ  محفوظ  تھونہٕ آمٕژ ۔
2972,مگر کیٚنٛہہ اعلی پیمانٕكہِ  مال چِھ خٔرِدارن  كشِش   كرنہٕ باپت  مقٲمی واز تہٕ ریسٹورینٛٹ  ژھاران  تہٕ سۭتۍ ریوٲیتی ایس 'بارو، پیزا ہٹ، تہٕ کیلیفورنیا پیزا کچن  تہِ تیار بہٕ تیار پیش تھوان ۔
2973,مو٘غلن  سۭتہِ  اَمُن محادٕ پتہٕ، تہٕ نَوجوان علی عادل شاہ II  بطور  سُلطان  قبول کرنہٕ پتہٕ بنییہِ بیجاپوٗر حکوٗمت زِیٛادٕ مُستحکم، تہٕ أمہِ  پھِیوٗر پنُن توجہ شیواجیَس کُن۔
2974,پتہٕ بنٲوِ 3 ڈی ایف ایکسن اکِس ویڈیو کارڈس پٮ۪ٹھ اکہِ کھۄتہٕ زیٛادٕ جی پی یوُ ۔
2975,لیسنگ زاو 22 اکتوٗبر 1919  ایرانس منٛز ۔
2976,1647 یَس منٛز، بنوو شاہ جہاں نن اورنگزیب گجرات پٮ۪ٹھ  انِتھ بلخُک گورنر، لۄکٹس نیچوس مراد بخشنہِ جایہ ، یُس تتہٕ بے٘ اشر شٲبِت گومٗت اوس ۔ 
2977,سواتُلا گُندَم آبشار چھُ ہنٛدوستانٕچ رِیاست تلنگانہ کِس کوومارام بیٖم ضلعَس منٛز واقع واریاہَو آبشارَو منٛز اکھ۔
2978,امہ پتہٕ گٔیہ سۄ انگلینڈ منتقل تہٕ پنن ناو تھوٚون پنٛنِس آبٲیی شہر کس ناوس پٮ۪ٹھ۔
2979,بم والٮ۪ن پیٚیو  واریاہ لوٗکھ بچاونہٕ خٲطرٕ ناون ہنٛد استعمال کرٗن۔
2980,"تمو بنوو چرچ آف آیرلینڈ، اینگلیکن چرچک اکھ شاخ۔
"
2981,ژمہ ہنٛد اپیتھیلیم چُھ بیکٹیریا، فنگس تہٕ وایرسسٗك  مٗقابلہٕ کران ۔
2982,تمۍ سٕنٛز بینہ کویتا وشوناتھس چھ کرٚکیٚٹر گنڈپا وشوناتھس سۭتۍ کھانٛدر کوٚرمت۔
2983,ٹوڈا قبٲئلن ہٕنٛد طرفہٕ بناونہٕ آمٕتۍ  مقٲمی دستکٲری ہندۍ چیز چھِ  منفرد یادگار  بناوان تہٕ  اسہِ منٛز مثبتیت پٲدٕ کران۔
2984,گول کَرن وٲلِس چھِ مخالِفَن ہٕنٛدِ لٹہِ ہِنٛدِ چیک نِش بچنہٕ خٲطرٕ کریزَس انٛدر خاص مراعات حٲصِل۔
2985,ہووڈ چھ سویڈن کس ویسٹرنورلینڈ کاؤنٹی کس سنڈسول بلدیہک اکھ علاقہٕ ۔
2986,یہ دۄہ چھ ہندوستان تہٕ نیپال کس متھلا خطس  منٛز سری رامس سۭتہِ وابستہٕ مندرن تہٕ مقدس مقامن منٛز بطور  سیتایہ تہٕ رام سُنٛد ویوا اُتسو مناونہٕ یوان ۔
2987,"ایڈورڈز زاو 17 مارچ 1775 مونٹگومری کاؤنٹی، میری لینڈس منٛز۔
"
2988,ورجن 8 سۭتہِ چھٗ یہِ مالویرٕچ میزبٲنی كرنہٕ باپت زاننہٕ یِنہٕ واجِنین سایٹن تام رسٲیی رٗكاوان ۔
2989,چتسوارا چھُ صرف سُرن ہُنٛد بَنیومُت تہٕ اتھ منز چھِنہٕ لفظ۔ 
2990,"کُنہِ کُنہِ ساتہٕ ہیٚکہِ خوٗنٕچ  طبی جانچ أنٛدروٗنی عنصر تہٕ میٚادٕ کیٚن پیریٹل خلیین خٕلاف اینٹی باڈیز خٲطرٕ کرنہٕ یتھ ۔
"
2991,شیف دٔریاو، شیفیلڈ کِس سٲلٲبی آبَس منٛز گوٚو ییرٕ گژھنہٕ سۭتہِ  اکھ نوجوان لڑکہٕ تہِ ہلاک۔
2992,امہِ ساحلچ خصوصیت چھِ امہ چہِ آبہٕ لہرٕ یِم 4 کلومیٹر تام واپس چھِ وسان تہٕ چھِ اکہِ ترتیب سان نظرو ڈلان۔
2993,تمو ووٚن زِ انفرادیت پسند ٲسۍ سوشلِزٕم حمایت نہٕ کرنہٕ خٲطرٕ خود غرض ۔
2994,وارڈ مُود 20 فروری 2021 نیو یارک شہرس منٛز ، 90 وُہُر۔
2995,ممکنہٕ دشمنی کہ وجہ سۭتۍ چھنہٕ ڈاکسائکلائن تہٕ ریفامپیسنس سۭتۍ امتزاج تھراپی ہنٛز سفارش یوان کرنہٕ۔
2996,ساینسدان چھنہٕ ٹھوُلن یا مِنین مِتعلق زیادٕ زانٛکٲری  ۔
2997,دنیاہ چہِ  آبٲدی ہٗنٛد تقریبا  ژوُرِم حصہ چھٗ  پرٛیتھ ؤریہ تقریبا 1 فیصد آبٲدی منٛز نو انفیکشن گژھنہٕ كِنہِ ایم ٹی بی سۭتہِ  متٲثر گومٗت   ۔
2998,یمن کمپنین ہنٛدِ حصس  چھ ِعمومن   تقریباً 20 گۄنہٕ رایلٹی پیٹھ تِجارت کران۔
2999,زیادٕ تر چھ پٗر سكوُنمگر کٮ۪نٛہہ دٗکان چھِ اعلی ریستۄرینٹن ، ایپارٹمینٹن ، یا ریٹیل آوٹ لیٹن منٛز آسان تہٕ تۄہہ چھٗ اتھ منٛز رلنہٕ باپت سوُ حِصہٕ جان بناوٗن ۔ 
3000,انفیکشنک خطرٕ چھ اتھ پٮ۪ٹھ مبنی ز تم کٲژیٛاہ پھر چھ جنسی تعلقات بناوان۔
3001,دۄشوٕے ٹیمو ٲسہِ ترٛیٚیمس دورس منٛز 12:33 باقیہ روزنہٕ وِزِ پوٗرٕ طاقتس  منز ۔
3002,أمۍ کوٚر اعلان زِ وکیاہَس مِلیوٚو وینچر کیپیٹل، ییٚمہِ سۭتۍ تِم میڈیا وکی سافٹ ویئرَس پیٹھ کٲم کرنہٕ باپت کُل وقتی انجینئر سٕنٛد خدمات حٲصل ہیکَن کٔرِتھ۔
3003,سہ اوس گوڑنیک افریقی امریکی ییٚمۍ دی ایپسکوپل چرچس منٛز بشپ کس طورس پٮ۪ٹھ صدارت کٔر۔
3004,گریناڈا اوس گۄڈنچہ لٹہ 1984 تھس منٛز اولمپک کھیلن منٛز۔
3005,یم ماڈل، یمو بڑٕ کاسمیٹکِس کمپنیین سۭتۍ گۄڑنٮ۪تھ غأر منافع بخٕش تہٕ خصوصی سوداہن پٮ۪ٹھ گفت و شنید کٔر، گیہ فوری طورس پیٹھ تسلیم، تہٕ یمن ہنٛد ناو گوٚو عام عوامس منٛز مشہُور۔
3006,کینژن ٹیبلٹَن پیٹھ چُھنہٕ ہدفن ہندِ ناوٕ علاوٕ کینٛہہ تہ لیکھنہٕ آمت ۔
3007,1966 کِس ریسَس منٛز کٔر ارداہو ناوَو منٛز صرف ژورَو کورس مُکمل۔
3008,یِہ چیز چھ پرٮ۪شان کران ییلہٕ چنئی ہٕندین واریاہن کالجن ہنٛدۍ طالب علم بس ڈے دۄہہس پیٹھ خلل انگیز برتاوُک مظٲہرٕ چھ کران ۔
3009,مثلن، کٮ۪نٛہن سطحن منٛز چھ طحالب آسان یم آب جذب چھ کران تہٕ چھ بڑان۔
3010,مےٚ بیٹھ وٲنج ییٚلہ بس گھاٹ سیکشنس منٛز واریاہہِ لٹہ بالہٕ دٔنٛدر کِنۍ پچ۔
3011,"یہِ چھُ غٲر محفوظ جنسی طریقن  سۭتہِ منسوُب کرنہٕ آمُت، یِتھ کٔنہِ زَن جنسی امتیاز، جسم فروشی، تہٕ رکاوٹَن ہٕنٛدِ تحفظُک استعمال کم گژھُن۔
"
3012,امہِ درِیافت سۭتۍ آۓ ستٲجی مربعہٕ کِلومیٹر کِس علاقَس پیٹھ محیط نیشنل سِٹرَس جین سینچِری کم بایوسفیئر ریزروٕچ بُنیاد عملہِ منز اننہٕ۔
3013,سٹیشن ، تہٕ اتھ خدمت کرن واجیٚنہِ  تمام ریل گاڑِ چھےٚ لندن اوور گراؤنڈ ذٔریعہٕ چلاونہٕ یوان ۔
3014,اتھ منٛز چھ نباتٲتی جراشیم  شٲمل یِم باقٮ۪ن حیوانن یا خلیین  منز روزان چھِ ۔
3015,باقٕیہ  چِھ اسرٲیل تہٕ بحیرہ رومس منٛز وسان، یتھہٕ  کٔنہِ  زن  ہڈیرا سٹریم تہٕ وادی کبیبا۔
3016,یہ ؤچُھن چھ واریاہ مشکل زِ کمہِ قٕسمُک دوا اوس کھینہٕ آمُت۔
3017,عام طورچھِ لچھِ بٔدۍ لُکھ امہِ وِزِ گَرٕ کُن گژٛھان۔
3018,وٗہِمہِ  صدی تام، بنیو شٗمال مغربی ہندوستانس منز 7 مہِ صدی ہنِس شروعاتس منز شطرنج كِس آگرس مٗتعلق اكھ اتعفاق راے ۔
3019,یٗس فایل ناو تو٘ہہِ ژوروٕ سوٗ چھٗ سیٹھاہ لۄكٗٹ  یاحد کھوتہٕ زیادٕ عام باسان ۔
3020,یہ چھ برطانیہس منٛز کنہ تہ سڑکہ ہٕنٛدٮ۪و ساروٕے کھۄتہٕ تھدٮ۪و مقامو منٛزٕ اکھ۔
3021,بہٕ گوس یكھ دم  تہٕ ژاس  تِمو٘ مٕنزِ تہٕ مِڈ فیلڈ پیٹھہٕ دِتٗم اسماعیلس  زِیوٗٹھ پاس ، یٗس جیكسن اوونس سنزِ رفتارِ سٕتہِ سٕتہِ  نیصفس مٲدانس دویو٘ ۔
3022,فوکارڈ چھ مغربی آسٹریلیٲیی  کلبہٕ خٲطرٕ گنٛدان تہٕ نارٹن چھٗ سڈنی منٛز واقع کلبہٕ خٲطرٕ گنٛدان، یس سیزنس دوران پرٛیتھ آتھوارِ گنٛدنہٕ خٲطرٕ کینبرا پیٹھٕ  گٲڈِ چلٲوِتھ یوان چھٗ ۔
3023,ہندوستٲنۍ جزیٖرٕ نما ہُک ساروی کھوتہٕ جنوبی تونٛتھ چھُ کنیا کُماری یوٚس بحیرہ عرب، خلیج بنگال تہٕ بحر ہندٕک مِلنُک مُقام چھُ۔
3024,بلیوُ جان چِھ اکہِ قٔسمٕچ کٔنہِ یۄسہٕ   کیسلٹنس نزدیٖک لبنہٕ چھ یوان ۔
3025,یم نالہٕ چھ بٔڑس تیستا دریاوس تہٕ امکہ معاون دریاو رنگیتس منز شٲمل گژھان، یس ریاستس منز شمال پؠٹھ جنوبس کن وسان چھ۔
3026,"کلوک چھُ رِپورٹ دوان زٕ سرکٲری بیعزتی باوجود چھِ واریاہ برطانوی از تہِ ""ہندوستانَس منز برطانوی قانونچ حکمرانی بچاوننس منز تمِس ہیرو زانان“۔"
3027,شیٛامل مِتراہن کوٚر فِلِم آنٛندشرٛم خٲطرٕ کِشور تہٕ آشایہ سۭتہِ اَکھ دٗگانہٕ  “سارا پیٛار تُمہارا“ رِکارڈ۔
3028,مشن بیچس أنٛدۍ پٔکۍ رودک جنگل اوس سمندری طوفانن سۭتۍ ہموار کوٚرمُت ۔
3029,"سہ اوس باقٲعدٕگی سان انسٹی ٹیوٹ ڈیس ساینسز پولیٹیکس تہٕ ہمبولٹ یونیورسٹی منٛز لیکچر دوان۔
"
3030,یہٕ چھ کرپٹوگرافی منٛز استعمال گژھن والہ تکنیکی اصطلاح ڈیجیٹل سگنیچر کھۄتہٕ مختلف۔
3031,ہیلو 3 ہس منٛز چھ آن لائن گیمن ہنٛد ساروٕے کھۄتہٕ زیادٕ کھلٲڑۍ ۔
3032,یہِ چھےٚ خبر دِنہٕ آمٕژ زِ کَگایان، کالِنٛگا تہٕ باگِیو شہرس منٛز ٲسۍ نَو نفر زخمی گٔمٕتۍ۔
3033,اتھ عرصس دوران کٔر شہنشاہ ناگابھاٹا اولن (750-780 اے ڈی) تہٕ مِہِر بھوجا اولن (836-890) مارشل آرٹسس پٮ۪ٹھ مختلف متنن ہنٛز شروٗعات تہٕ تِم أسۍ پانہٕ یِمن نظامن ہٕنٛز مشق کرن وٲلۍ۔
3034,یہ چھ واریاہ کم آسان ، تہٕ صرف کینٛہہ چھ موجود ۔
3035,ییٚلہ ڈیوڈ کوورڈیل واپس آو ، تٔمہِ کو٘ر بینٛڈس منٛز اصلاح ۔
3036,"39,000 مقٲمی ریوکیوان لوٗکھ تہ ٲسہِ یم لڑنہٕ خٲطرٕ مجبوٗر  کرنہٕ آیہِ ۔"
3037,اتھ آپشنس متعلق چھ واقعی کینٛہہ اصل چیز۔ 
3038,مسافرَو ووٚن زِ تِمَن باسیو زِ زَن تِہکٲنٛسہِ تہِ پَے  ٲس نہٕ  زِ کیا چھُ چلان تہٕ سٹی ریل ٹرانزٹ افسر ٲسہِ نہٕ  قوبوُ ہس منز  باسان ۔ 
3039,سُہ اوس سلطان ہیمینگکوبونو III سنٛد زٹھہ نیچو ۔
3040,تٔمۍ کٔر 1963 1963 تہٕ  1971 ہس درمیان ویلز خٲطرٕ 30 کیپ حٲصل ۔
3041,ییٚلہ نینایہ یہ پے چھ لگان ز ستبیر چھ کٮ۪نٛہن لۄکٹؠن ژوٗرن ذٲتی طور زانان، سۄ چھےٚ یمو منٛزٕ کیٚنٛہن سمکھنہٕ خٲطرٕ واریاہ دلچسپی تھاوان۔
3042,اَمہِ پتہٕ  جلدٕیہ كور امہِ  1970 منٛز کھلوناہَس منٛز ہیروینہِ پٮ۪ٹھ مبنی کِردار ادا۔
3043,یہ چھ عصری ریاضی تہٕ انجینیرنگ ہٕنٛدٮ۪ن واریاہن شعبن خاطرٕ کٲفی طاقتور۔
3044,ڈیلٹاہس  چھِ سمندرٕ تہٕ دریائے سندھ دۄشوٕیی  سٕتہِ اولوُدگی بٗتھہِ ۔ 
3045,مشقت کہ ذٔریع ختم کرن-مشقت کہ ذٔریع ختم کرن چھ قۭدٮ۪ن پٮ۪ٹھ تشدد تہٕ قتلک اکھ طٔریقہٕ۔
3046,"پریانکا چوپڑاہن کوٚر ""رام چاہے لیلا"" بٲتس منٛز کیمیو کردار ادا۔
"
3047,"یہِ آو 1910 پٮ۪ٹھٕہ ہوچسٹ اے جی دٕسہِ  تجٲرتی ناو سلورسنَس تحت تیاركرنہٕ  تہٕ كٕننہٕ ۔
"
3048,"بھکتی سوروپا دامودرا سوامی سٕنز سربرٲہی منز کوٚر اسکونن شمال مشرقی ہندوستانس منز سکولن ہند اکھ نیٹ ورک شروع، ییٚتہ 4,000 کھۄتہٕ زیادٕ طٲلب علم ویشنو روحٲنی قدرن پیٚٹھ مبنی تعلیم حاصل کران چھ۔"
3049,جھیل واشنگٹن پیٹھ 520 فلوٹنگ برج، یس ٹیکنالوجی سۭتۍ مالا مال ایسٹ سائڈک اکھ بوڑ گزرگاہ چھ، ووت معمولی نقصان ۔
3050,اکہِ دۄہ کوٚر بادشاہن تٔمہِ سٕنٛدِ دٔسہِ رنِمتِس کھٮ۪نس پٮ۪ٹھ ناپَسنٛدی ہُنٛد اِظہار۔
3051,اتھ منٛز چھ جینیفر ٹلی ٹفنی تہٕ بریڈ ڈوریف چکی سنٛد کردار ادا کران ۔
3052,سہ اوس ورنگل قلعک کمانڈر۔
3053,زینن وٲلس چھ باقٕے حصہٕ ننہٕ والٮ۪ن لڑکن ہنٛد 'کانچا' میلان۔
3054,یہ وایرس ہیٚکہِ زیٛادٕ تر رٮ۪تہٕ کٲلہِ کِس  تہٕ ہردٕ كِس   ٲخٕرس منٛز لٔبنہٕ یِتھ ۔
3055,بھٲری ہانكلن چھِ زٕ حلقہٕ آسان ۔ 
3056,بیمار ہنز لاگت ہیکہ 2009 وس منز ورلڈ بینک کہ حسابہٕ  زیادٕہ بور والین مٗلكن منز فی وریہہ 150 بِلین امریكی ڈالر كھو٘تہٕ زیادٕ ٲسِتھ ۔ 
3057,نوراتری لفظٗک مطلب چھٗ سنسکرتس منٛز 'نٕو٘ رٲژ '، نو وٗک مطلب چھُ نٕو تہٕ راتری ہٗند  مطلب چھٗ راتھ ۔
3058,"علاء الدین چُھ تاریک چراغ استعمال کران تاکہ جافارس اتھ منز پھنسہٕ۔

"
3059,ایچ ایس این آیہ 1982 تھس منٛز شروٗع کرنہٕ ، حالانٛکہ یہ بنیوو نہٕ 1985 ہس اند پکہ قومی ۔
3060,"2009 تام چھُ فلور بالُک کھیل لَگ بَگ 80 ہن مُلکَن منٛز گِنٛدنہٕ آمُت۔
"
3061,چٲنِس دِلس منز روُزِن  تمام جاندارن ہنز بجٲیی ۔
3062,"تھومان كٗٹھوُ  آبشار چھُ اکھ ستن  مَرحَلن ہٗند  آبشار یُس جنگلس  مَنٛز واقعہٕ چھُ۔
"
3063,ایس سی آٮٔی چھُ بلنٹ فورس صدمہٕ کین تمام معاملَن منٛز تقریباً 2 % موجود۔
3064,یوٚدوَے کانٛہہ خاص علاج چھُنہٕ موٗجوٗد، پیراسیٹامال (ایسیٹامنفین) تہٕ آرام ہیٚکہِ علامتَن دوران مدد کٔرِتھ۔
3065,"2007 منٛز آو کلیو سپورٹورَر، سٹیشن ویگن ورجن لانچ کرنہٕ۔
"
3066,امہِ وجہہ كِنہِ ،  کٔرِ نہٕ تٔمہِ  مارچ کرن والٮ۪ن منٛز کانگرس پارٹی ہٕنٛدِ میمبر  ، بلکہ کٔرِن پنٛنہِ آشرمٕکہِ بسكین بھرتی ، یمن گاندھی سٕنٛدٮ۪ن سخ اوٚصوٗلن ہٕنٛدس نظم و ضبطس منٛز تربیت دنہٕ آمٕژ ٲس۔
3067,تیجانو میوُزِک ایوارڈن باپتھ ایوارڈز تہٕ نامزدگی آیہ تہنٛزٕ ویب سایٹہ پیٹھہٕ  نِنہٕ۔
3068,"لاء لارڈَو کٔر بیڈ فورڈ شائرُک شہر لوٹنَس منٛز ڈینبیگ ہائی سکوٗلٕچ سٲبِق طالبہ شبینہ بیگم سُنٛد سکوٗلَس منٛز مسلم جلباب لَگاونٕچ اپیل رَد۔
"
3069,"سہ اوس وینس، اٹلی منٛز ذامت تہٕ فلاڈیلفیا، پنسلوانیاہس منٛز اوس رچھنہٕ آمت۔
"
3070,أکِس کرناٹک راگَمس منٛز چھِ کینٛہہ جُز آسان - گۄڈٕنِچ آواز، ٹونل سسٹم، پچ، پیمانہٕ، اورنامنٹ، تہٕ اَہم لیہ۔
3071,مثلن دروازٕ کھولن، کنہہ تھوٚد تُلُن یا کنہہ آن کرُن۔
3072,غیاس الدین تٗغلق گوٚو محمود خانس سان  1325 عیسوی یس منٛز کٗشک وسہِ پینہٕ سٕتہِ مارٕ  ، ییٚلہ زن أمہِ  سٗنٛد زیُوٹھ نیچٗو وٗچھان اوس ۔
3073,واریاہ کوہَن نہٕ کھسَن وٲلہِ  چھ اتھہِ  ینہٕ والین كھسنٕہ كین چاكہٕ نِشانن ، اینكرن ،  بولٹن تہٕ بوزنہٕ یِنہٕ والین تینتالین پیٹھ گٗلیلن  تِہ اعتراض کران۔
3074,امہِ سۭتۍ میول ہندوستٲنی کلاسیکل موسیٖقی شٲہی دربارو پیٹھ عوامَس تام واتنَس منز تہِ مدد۔
3075,1 دروازٕ، ڈبل دروازٕ، دارِ، فرش، ایئر کنڈیشنگ، ہیٹنگ، شیلونگ، اِنٹرنل لاکنگ سسٹم، تہٕ یا آؤٹ ڈور لاکنگ مٗتبٲدِل ہِِوِ خصوصیات ژٲریو٘ ۔
3076,یہِ چھٗ سبز یتھ اندن تہٕ زنگن سنگترٕ رنگ چھٗ ۔
3077,تٔمۍنیُو 1980کس سمر اولمپکسس منٛز حصہٕ تہٕ زیوٗنن کٲنٛسہ تمغہٕ۔
3078,"سٹروک کین واقعاتن منٛز چِھ جغرافیائی عدم مساوات وچھنہٕ آمژ، بشمول جنوب مشرقی امریکہس منٛز""سٹروک بیلٹ"" ہنٛد وجود، مگر یمن تفاوت ہنٛد وجوہات چِھ نہٕ بیان کرنہٕ آمت۔
"
3079,روٲیتی یکشگَانس منٛز چھِ زنانن ہِنٛدۍ کِردار مرد ادا کَران۔  
3080,أمۍ سٕنٛز شروٗعات ٲس 5 مٮٔے 2015 ہس منٛز جے 2 لیگس منٛز ایف سی گیفو ہس خلاف۔
3081,گیر چھ بیلجیئم کس صوبہ لیجس منٛز اکھ میونسپلٹی۔ 
3082,اوٕ مۄکھم آو تس  ستن ؤرۍ ین جیلُک سزا دنہٕ۔
3083,ڈولفنز جنرل منیجر رینڈی مولرن دیوُت اشارٕ زِ میامی کٔر مستقبلٕکہِ امکانات بہتر بناونٕچہِ وۄمیز منٛز تجارتس پیروی ۔
3084,انڈین آرڈر آف میرٹ اوس 1837 تہٕ 1907  درمیان مقٲمی فوجین  دٔستَیاب وٲحِد بہادُرِی ہُنٛد تمغہٕ۔
3085,"اَز دُپہرَس آیہِ لیک ڈِسٹرکٹ کِس اوریجنل ماؤنٹین میراتھنَس منٛز اكہِ فیل دورن تقریبہِ باپت تمام 2,500 دورن وٲلہِ مٗجراہ نِنہٕ ۔"
3086,واریاہ سکواش مقامات چِھ چھاپ نہٕ تر٘اون والین كھو٘ر بانن تہٕ اچھن بچاوٗك  اِجازت دِوان ۔ 
3087,پِریٹل چُھ اکھ نوجوان بین الاقوٲمی ییٚمۍ آسٹرِیا انڈر 21 قومی ٹیمہٕ خٲطرٕ گِیُندمُت چُھ ۔
3088,گریوز بیٚمارِ ہٕنٛز بیٛاکھ اکھ علامت چھےٚ ہائپر تھایرایڈزم۔ یعنی، تھایرایڈ ہارمون ٹی 3 تہٕ ٹی 4 رٗك  زیادٕ پٲداوار۔
3089,تولاسی چھِ وشنو سٕنٛزِ  پوجایہِ منٛز خاص پٲٹھۍ مقدس ماننہٕ یِوان تہٕ أمۍ سٕنٛزٕ شکلہٕ چھےٚ کرشن تہٕ وِتھوبا تہٕ باقےٕ  متعلقہ ویشنو دیوتاون ہٕنٛزِ شکلہِ ہٕنٛزٕ۔ 
3090, 1939 پیٹھ 1942 ہس  پننس مرنس تام اوس تَمِس  کلارک گیبلس سٕتۍ خانٛدر ۔
3091,"پوٚت دٔپِتھۍ کٔر پنٛنہ غیر موجودگی ہنز بے وایہ وضاحت: ""کیا سمپراس نش صرف اکھ میچ گنٛدنک تہٕ پنن ومبلڈن ٹائٹل بچاونک توقع کرن چھ مناسب؟"""
3092,واریاہ زیادٕ رائبوفلوین یُس لوکھ بناوان چِھ، تم چِھ وِٹامن فَلین منٛز استعمال کران۔
3093,اتھ چھ 104 یورپی تہٕ شمٲلی افریقی ایئرپورٹن درمیان 387 وتہٕ ۔
3094,سارۍوٕے کھۄتہٕ پرٛانہِ چینی گانٛٹ بیارِ آسہٕ سترِ، ہجرٕروٚس تہٕ اکثر مستطیل آسان۔
3095,یہ ہیکو ایپلیکیشنس اندر براؤزرٕچ فعالیت پیوست کرنہٕ خٲطرٕ استعمال کٔرتھ ۔
3096,کاربنس چھ ایٹمی ماس 12 تہٕ ایٹمی نمبر 6 ۔
3097,مےٚ اوس نہٕ زانٛہہ یہِ توقہٕ  ز بہٕ کرٕ زنانہٕ انسٹرکٹرس نش ہیٚچھنس منٛز یوتاہ آرام محسوٗس، مگر سۄ ٲس  بےٚحد صٲبر تہٕ زانن واجیٚنہِ ۔
3098,کُنوُہ جنوٗبی كوریٲیی عیسٲے چھِ شین ہفتن یرغمال روزنہٕ پتہٕ دراندازو نِشہِ یہٕ تراونہٕ آمٕتۍ ۔ 
3099,جیسلمیر ، مارواڑ ، بیکانیر ، میواڑ ، الور اور دھنڈھار ٲسۍکینٛہہ اہم راجپوت شٲہی ریاستہٕ۔
3100,کلب سوشل وای ڈیپورٹیو کمیونیکیشِیانز  چھ گوٹیمالا  شہرُک گوٹیمالیٲیی  فٗٹ بال کلب ۔
3101,یہ چھ پگمنٛٹ واجنٮ۪ن خٕلین ہٕنٛز بےٚقابو نشونما کہ وجہ سۭتۍ آسان، یمن میلانوسایٹس ونان چھ۔
3102,مہراز چھُ مہرنہِ ہنٛد منٛزاتھہٕ پننِس اتھس منز نِتھ تٔمِس تھوٚد وتھنَس منٛز مدد کران تہٕ پتہٕ چھِ تِم دۄشوےپکان  ویگس انٛدۍ پٔکۍ، مہرنۍ چھےٚ  پکان برونٹھ برونٹھ۔
3103,"یِمَن جٔزیٖرن منٛز چھِ پرٮ۪تھ أکِس پنٕنہِ  بوُلہِ ۔
"
3104,پورنا ہک ساؤنڈ ٹریک اوس سلیم سلیمانن ترتیب دیمُت ییٚلہ زن بٲتھ ٲس امیتابھ بھٹاچاریاہن لیکھمٕتۍ۔
3105,کیلیفورنیا جاگوارز کیلیفورنیا جاگوارز چھ اکھ سٲبقہٕ فٹ ساسَر کلب یُس زن  امریکہس منٛز گنٛدمُت اوس ۔
3106,اتھ مطالعس منٛز چھٗ زیادٕ فولیٹ مركوُزِیت تہٕ كم وِٹامِن بی  12 واجِنین ماجین ہندِ دٕسہِ ہٕچ کم مٮ۪قدار چھ،  6 وریہہ  وٲنٛسہ منٛز زیادٕ ایڈپوسیٹی تہٕ انسولین مزاحمت والہِ شٗرِ زامٕتہِ ۔ 
3107,"این ایچ آر سی ہن چھ مزیٖد ووٚنمت ز 2016 منٛز ملکس منٛز درج 30,000 کھۄتہٕ زیادٕ قتل معاملو منٛزٕ ٲسۍ اتر پردیشس منٛز 4,889 مقدمہٕ۔"
3108,کینٛہہ آی ڈی بناون وٲلۍ ہیکَن تشویق پٲٹھۍ کیٚنہہ دتھ ، مثلاً مخصوص رقمہٕ سۭتۍ زِیٛادٕ آرڈر باپت مُفت شپنٛگ۔
3109,تامل ناڈوٗ ہس منز امراوتی دریاو کس بٔٹِھس پیٹھ لبنہٕ ینہٕ وٲلۍ واریاہ سکہٕ ، یم چیراہن ہندۍ ماننہٕ چھ یوان ، چھ ابتدٲیی چیرا تٲریخ نگٲری ہنٛد اکھ بوٚڈ ذریعہٕ ۔
3110,گلانشمر گلانشمر چھٗ سویڈنس منز اوریبر٘و کاؤنٹی منٛز اوریبر٘و بلدِیاتٗك  اکھ علاقہٕ ۔
3111,یہِ بیمٲرۍ آیہ گۄڈنِچہِ لٹہِ 1942 منٛز  وقتہٕ برٛونٛہٕے زامتِس بچس منٛز وچھِتھ بیان کرنہ۔ 
3112,سہ اوس آپریٹر تھیوری تہٕ بےٚ ترتیب میٹرکسس پٮ۪ٹھ پنٛنہٕ کامہ خاطرٕ مشہوٗر۔
3113,یہ حالت چھ واریاہ عام ، تہٕ امیوٗک چھٗ واریاہ مطالعہٕ آمت کرنہٕ۔
3114,خۄش گژھِتھ  اوسس بہ زن ہوہس منٛز پکان ییٚلہ ہنٛدوستٲنۍ ٹیمن شاندار فٹ بال گنٛدتھ لبنان ہارنوو۔ (نفر ۱)
3115,لہذا، ییٚلہِ زن تۄہہِ یِمَن سوداہن ہُنٛد فٲیدٕ تُلنہٕ خٲطرٕ بینک بدلاونک ضرورت پیٚیہِ، یہِ ہیٚکہِ اَتھ لایق ٲسِتھ۔
3116,تِم ہیکَن شکارس تِہنٛدِس کمپیوٹرس پیٹھ واریاہ کٲم کرنہٕ خٲطرٕ ؤنِتھ۔
3117,سینٹرل پارک کنزروینسی کٔر 1980 پیٹھہٕ 2000سس تام سینٹرل پارک صاف ۔
3118,اَمہِ دۄہ چھِ اَہَم تقریبہٕ ایودھیا تہٕ پوٗرٕ ہندوستانَس منٛز واریٛاہَن رام منٛدرَن منٛز مناونہٕ یِوان۔
3119,آٹوموبائل انشورنس آسنہٕ سۭتہِ ہیکن یم  کینٛہہ خرچہ ختم کرنہٕ یِتھ تہٕ تۄہہ قرضہ نش دور تھاونس منٛز مدتھ میلِتھ ۔ 
3120,اكہِ مطالعہ سٕتۍ چھٗ پَے لگان زِ ادبہ سان كتھ كرنہٕ سٕتۍ چھٗ   تقریبا 60٪ وقت ادٕ سٲ ونان ۔
3121,"ہوراسیو پگانی اوس لیمبورگینی سۭتۍ لیمبورگینی ڈیابلو ہشن گاڑٮ۪ن پٮ۪ٹھ کٲم کران۔
"
3122,1911 ہس منٛز قٲیم کرنہٕآمٕژِ  کاؤنٹی ہٗند  ناو اوس کلیئر واٹر رِوعرس پٮ۪ٹھ تھونہٕ آمُت ۔
3123,چینی مارشل آرٹسٹ چھ غیر چینی یا مکسڈ جنگی کھیلن منٛز تہ مقابلہٕ کران، یتھ منٛز باکسنگ، کک باکسنگ تہٕ مکسڈ مارشل آرٹس شٲمل چھ۔
3124,شپٹ شاپر ایپ چِھ شوکھ سبز تہٕ اتھ منٛز چھ اکھ سبز بیگ ہلکہٕ سبز كِنارِ  منٛز ہاونہٕ آمٗت، اتھ تلہٕ كٕنہِ چھٗ  شپٹ ناو ۔
3125,سیاح ہٮ۪کن گنگ ٹوک پٮ۪ٹھٕ لاچنگ تام پوُرٕ  گٲڑِ بٗك كرِتھ  یا مُشترکہٕ گٲڑِ منز   سفر كرِتھ ،  نذدیٖک گام ییٚتہِ روزنٕ  جاے چھےٚ تہ ہیٮ۪کن اتہِ راتس روُزِتھ ۔ 
3126,تم چھ انسانس لاگ  گژھنہٕ پتہٕ ٲڑٕ دۄہہ پیٹھہٕ پانژن دۄہن تام شروع گژھان ۔
3127,زیادٕ تر جواب دہندگانو یمو 'باقی' جواب دیت تِم ٲسۍ پنن شناخت  آدیواسی مذہبن ہنز پیروی کرٕنۍ  زانان یتھ کنۍ زن گونڈٕکۍ کویا پونیم۔
3128,أتھہِ دوران چُھ أکِس زنانہٕ کِردار (رادھا) سنٛز وٲحِد کٲم ژھۄپہٕ کٔرِتھ پنٛنِس قٕسمَتس منٚز تكلیف تٗلٗن ، ییٚلہِ زَن بیٛاکھ زنانہٕ اَہم کِردار (بسنتی) چھےٚ بس اكھ خۄش گامہٕ كوُر چھ٘ے ۔ 
3129,انڈین پلیٹ  ذریعہ ٹیکٹونِک حرکت کہِ وجہ سٕتہِ پو٘ك یہٕ اکِہِ ارضیاتی ہاٹ سپاٹہٕ پیٹھہِ -ری یونین ہاٹ سپاٹ-یتھ پیٹھ وۄنہِ  ری یونین کہ آتش فشاں جزیرٗك قبضہٕ چھُ ۔
3130,چندیل ڈیم، اچھا ڈیم تہٕ گلوڈیہ بیراجِچ تعمیر چھےٚ مُکمل گٔمٕژ۔
3131,"مالدیپَس منٛز چھِ دُنیاہَس منٛز تھیلیسیمیا ہٕکۍ ساروِی کھۄتہٕ زِیٛادٕ واقعہ یَتھ منٛز آبٲدی ہُنٛد کیریئر ریٹ 18% چھُ۔
"
3132,یٗتھٗے مے٘ سنِس ، كرہنِس كرٛیرِس منز نظر ترٛٲو ، اكھ لوٚژ خوفناک پھِسراریہ باسییہ امہِ كہِ سنِرٕ  پیٹھہٕ یوان ، ییمہِ سٕتۍ  بہٕ ترہریوس۔ 
3133,2011 کس مقابلس تہٕ 2017 کس مقابلس درمیان کو٘رر تٔمہِ ٹی وی ایی رواں تبصِرٕ فراہم ۔
3134,"2015 ہَس منٛز ٲسہِ مائیکروسافٹ سٹورَس پٮ۪ٹھ 670,000 کھۄتہٕ زیادٕ مختلف پروگرام۔"
3135,سُہ چھ پھٹمت باسان تہٕ اویناشس بیٚیہ مارتھ تہٕ المارِ منٛز ترٛٲوتھ چھ سہ تمس بوسہ دوان۔
3136,"تٔمۍ گینٛد 1949 پٮ۪ٹھ 1957 ہس تام جنوبی افریقہ خٲطرٕ پنٛدہن ٹیسٹن منٛز۔
"
3137,تۄہہ پزِ پنُن خرچہٕ تِہ برقرار تھاوُن، تِکیٛازِ تۄہِہ آسِہ پونسہٕ  رٹنہٕ خٲطرٕ ریکارڈ جمع کرُن۔
3138,بہٕ گوس یہ وٕچھتھ حیران ز آٹو یونینہٕ چھےٚ بنگلورو شہرٕ کین مسافرن ہنٛز بہتری کھۄتہٕ   پننین مفادن ترجیح دوان۔
3139,جدید توپ خانہٕ سیرؠن ہٕنٛدۍ بھٹن پیٹھ ترٛٲوتھ دیت کلائیوہن فوجس واپس باغ کس متعلقہ پناہ گاہس منٛز واپس گژھنک حکم۔
3140,موجودٕ عالمی وومینز ورلڈ چیمپئن چھِ چینٕچ جو وینجون۔
3141,پٗلسہٕ  كمِشنر ، ایٚنٛٹنِیو کارلوس کمارا سٕنٛدِ مُطٲبِق چھنہٕ  پُلیٖس تھانس منٛز  ایٚم ایٚس ٹی کہِ طرفہٕ اۄلِویرا روڈریٖگسس مُتعلِق کانٛہہ تہِ شِکایت درٕج۔
3142,وِٹامِن اے چھٗ چربی منٛز گلن وۄل وِٹامِن تہٕ انسانن خٲطرٕ اکھ ضروری غذائیت۔
3143,گول کیپر چھِ خاص پٲٹھۍ پننہِ جایہِ خٲطرٕ بناونہٕ آمٕتۍ خاص اَتھہٕ پَنٛجہِ استعمال کران تہٕ یِم چھِ دۄشوٕنی اتھن پیٹھ لاگان مگر کُنہِ تہِ قٕسمٕچ لوٗر چھِنہٕ استعمال کران۔
3144,"دٔلیٖلہِ ہٗند  تناضہٕ چھُنہٕ یہِ زِ منجوناتھ روُدا زِنٛدٕ یا موٗد، مگر بلكہِ اگر منجوناتھ  زِنٛدٕ روزٕ یا مَرِ تمیوٗك اشر، تہٕ ٲخٕرکار چھِ یِہیہ  كامیٲبی ۔
"
3145,امہِ پتہٕ بنٲو  أمہِ  جارج ٹاؤن، گیاناہَس منٛز ترٛیمِس ٹیسٹس منٛز پنٕنہِ  گۄڈٕنِچ سنچری، 116 تہٕ 64* تہٕ برج ٹاؤن، بارباڈوسس منٛز ژوٗرِمِس ٹیسٹس منٛز 1 تہٕ 117* رنہٕ۔
3146,"ڈینیل بریئرن تھٲو فلائرس 3–2 سۭتۍ، تہٕ اتھ عرصس منٛز صرف 27 سیکنڈ باقی آسنہٕ سۭتۍ گۄڈنیکس انٹرمشنس منٛز۔
"
3147,ریاستس منٛز ساروی کھۄتہٕ زیادٕ لبنہ ینہٕ والین آبشارن منز چھ ایلیفینٹ فالز، شڈتھم فالز، وینیا فالز، بشپ فالز، نوکلیکائی فالز، لنگشیانگ فالز تہٕ سویٹ فالز شٲمل۔
3148,"أتھہِ دوران چھِ سِمبا واریٛاہَن زَنانن تہٕ کورین سۭتۍ ماجہِ تہٕ بیٚنیہِ ہِنٛدِ رشتہٕ پیدٕ کران، یِمو منٛزٕ اَکھ آکروتی دوے چھےٚ، اکھ نوجوان زنانہٕ یوٚسہٕ سِمباہَس پنٛنِس اُستاد سٕنٛز یاد پاوان چھےٚ۔
"
3149,یہِ اوس کٮ۪نٛژن ملکن منٛز واریاہ برٛونٛہہ سزہٕکۍ پٲٹھۍ استعمال کرنہٕ یوان۔
3150,تاہم،  سٹیرائڈزن چُھ آے سی پی یس منز اضافہٕ بننُک سبب تِہ یوان وننہٕ، خاص طور  مقدارس منز تبدیلی سۭتۍ ۔ 
3151,دوٚیمہٕ سطحک تعلق چھ اتھ تصویر سۭتۍ یۄسہٕ انسان پانہٕ دیمن بٕتھ کنہ پیش چھ کران۔
3152,"اَتھ منٛز چھِ ژور گیوِمٕتہِ  بٲتھ تہٕ باقی ٹریک چھِ سازینہٕ  ۔
"
3153,19 ہِمہِ صدی ہندِس  ہندوستانَس منٛز برطٲنوی نوآبادیٲتی حکومت کِہ پھہلاوٕ سۭتہِ ، آیہِ باقین كلاسیكی رقص  چین صوُرتن سٕتہِ سٕتہِ كتھكس تہِ  حوصلہ شکنی كرنہٕ تہٕ یہِ گو زوالَ پزیر ۔
3154,"اگر تُہٕنٛز رِیایتی  ایٚل ایٚل سی مُختٔلِف طٔریٖقس پیٚٹھ تشکیٖل کرنہٕ آمٕژ آسہِ یا آسن اَتھ منٛز باقٕے شٔریٖک شٲمِل، تُہہِ  ہیٚکِو سیٚٹھا اَہم ٹیٚکس تہٕ قونوٗنی مسلَن  منٛز پٔھسِتھ ۔
"
3155,آئی بی اے این یس منز گوڑنک ژور حروف چھ پورٕ دنیاہس منز ہیُوُے معنی تھاوان ۔
3156,بِلِنگے بِلِنگے چھُ سویڈنَس مَنٛز سكانے كاونٹی كِس ایسلوو بلدِیٲتی علاقٗك اكہ محلہ ۔
3157,کوہ پیمائی ہنٛز سرگرمیہٕ ہکن بعض اوقات مختلف مقامی امریکی ثقافتن تہٕ ابتدٲئی یورپی متلاشکن تہٕ آباد کارن ہنٛد ذریعہٕ تخلیق کردٕ راک آرٹ سائٹس پیٹھ قبضہٕ کرتھ۔
3158,یہ چھ سہ میڈیاہس بیان کرنہٕ خٲطرٕ استعمال گژھان، یس صرف اکہ لٹہ چھ لیکھنہٕ یوان۔
3159,ٹھولن ہُند بینیڈکٹُک آگُرس متلِق چھ واریاہ دلیلہٕ ۔
3160,اگر تُہۍ ٹریڈملس پیٹھ یوان چِھو تیٚلہ چُھ زخمی گژھن سہل آسان، لہذا تُہۍ چِھو یژھان خریدٲری دوران ماڈلن ہنٛز حفاظتی خصوصیاتن پیٹھ غور کرن۔
3161,"مرد تہٕ زنانہٕ چِھ نشہ آور چیزن ہنٛدِ غلط استعمال كین  مۄختصر تہٕ طویل مدتی اثراتن منٛز اختلافاتن ہنٛد اظہار کران۔
"
3162,کٔم غلط ذٔریعہٕ چھ تہنٛز آمدٔنی آلودٕ کران؟ پنٛنیٚن مٲلی وسٲیلن ہنٛدۍ ذٔریعہٕ كر ظٲہِر ۔
3163,"پھٲنس دِنہٕ کِس أکِس نٔوِس حُکمَس منٛز آو کھو سٕنٛز پھانسی 8 دۄہَو پتہٕ 20  مئی 2016 جُمعہ دۄہ صبحٲے 6 بجے دُوبارٕ طے کرنہٕ۔
"
3164,اکھ کامیاب مُصنِف (علی فاضل) چھُ پننہِ گرل فرینڈ (انیسا) سُنٛد بوے (گلشن گروور) متٲثر کرنہٕ خٲطرٕ اکھ گیک آسنُک بہانہ کران تِکیازِ سُہ چھُ پننِس بیمہٕ سُنٛد ذہین آسنٕچ توقع کران۔
3165,راتھیب چھُ اکھ عجیب تہوار تہٕ غٲر معمولی واقع چھُ یُس لکشدیپ کِس کارواتی علاقس منٛز شروع چھُ گژھان۔ 
3166,1799 منز تہندِس مرنَس پیٹھ گوٚو زیادٕ تر خطہ انگریزن تحت تہٕ تہندِ نیرنہ پتہ بَنیوو 1956 ہَس منٛز یونین ٹیریٹری۔
3167,دوٚیمہِ لیٖگہِ منٛز روُد تِہُند گۄڈنِیُک ؤری تہِ کامیاب، تِم روُدِ تر٘ییمِس نمرس پیٹھ ۔ 
3168,"را کس 20 جولایی کس قٕستس منٛز گوٚو سہ براین کینڈرکس شکست دنس منٛز کامیاب۔
"
3169,1965 ٹھس منٛز آو وزیر اعظم لال بہادٗر شاستری یَس سۭتہِ  مٗلاقاتس دوران  گایتری  کانگریسس منٛز شٲمِل گژھنہٕ باپت دٗبارٕ وننہٕ ۔ 
3170,ٹریور اوس نیو یارک شہرس منٛز کلیئر ویملنگرس زامت ۔
3171,"14 جُلایی  1954 ہس منٛز زامُت، سارَتھ کُمار رامناتھن، چُھ اَکھ ہِنٛدُستٲنہِ اَداکار، سِیاست دان، فِلِم ساز، تہٕ گُلوکار۔
"
3172,توٗلوٗ، دکشن کنڈا تہٕ اڈوپی ضلعہٕ کِہ جنوٗبی علاقٕچ زبان آیہ متعارف کرناونہ یمہ سۭتۍ یہ عام لوٗکَن منٛز مقبول سپٕز۔
3173,پیداوار خٲطرٕ چِھ پیمانہٕ عام طور سکینرک حصہٕ آسان، لہذا تھٲوِو  چیز صرف سکینرس پیٹھ۔
3174,دۄیو طلاقو پتہٕ چھ تس وۄنۍ أکس کول کارٕبأرِس سۭتۍ خانٛدر کٔرتھ۔
3175,اٗتر پردیشس منٛز چھ ترٛےٚ اہم عالمی ثقافتی وراشتی مقام تہِ: تاج محل، آگرا ہٗک قلعہٕ، تہٕ نزدیكیہ فتح پوُر سیکری۔
3176,یہٕ قٕلہٕ چھُ شاہ جہاں سنٛدِس دورَس منٛز مغل فن تعمیر کہِ عروجٕچ نمایندگی کران تہٕ چھُ فارسی محلٕک فن تعمیرَس ہندوستٲنی رواجَن سۭتۍ مِلاوان۔
3177,کیٚنٛہہ کوٚنٛز کٔرۍ چھ کٲنٛسہ نفرٕ سنٛد کی رنگ تہٕ بیلٹ جوڑنہٕ خٲطرٕ استعمال کرنہٕ یوان۔
3178,امہِ سۭتۍ گوٚو ہندوستٲنین مَنٛز یہِ یقیٖن پٲدٕ زِ اندرا یہ ہٗند  کانگرس اوس حقیٖقی کانگرس۔
3179,میگھالیہ ہس منٛز چھ واریاہ قٕسمٕکۍ دۄدل حیوان، پرندٕ، کریٚژھۍ دار،پرِندٕ تہٕ کیٚمۍ تہ۔
3180,"تمۍ سٕنٛز بیٚنہِ گٔیۍ مدد تہٕ کٲم ژھارنہٕ خٲطرٕ جایہِ جایہِ۔
"
3181,یتھۍ ناقدچھِ اختلاف کران ز عصری ووشوہن چھ فارم ورک تہٕ جنٛگی ایپلیکیشنس درمیان اکھ ڈایکچٹومی پیدٕ کرنس منٛز مدد کوٚرمت۔
3182,ژاس ہیکہِ اکھ وٲحد عَلامَت ٲسِتھ یۄسہ أمِس نفرَس دمہٕ کہ وجہہ سۭتۍ آسہِ، یا دمہٕ  کِس عَلامَتس منٛز چھِ کھرٛۄکھ، دم تہٕ سینس دم گژھنُک احساس تہِ شٲمِل۔
3183,پرینیتی چوپڑا؛ پیدٲیِش 22 اکتوبر 1988 چھےٚ اکھ ہندوستٲنہِ  اداکارا یوٚسہٕ ہِنٛدی فلمَن منٛز کٲم کران چھِے٘ ۔
3184,ریو ڈی جنیرو کس شمالس منٛز واقع علاقس منٛز آیہ 24 گھنٹن منٛز 10 انچ (أکس رؠتس برابر) رود۔
3185,"بال رٹنہٕ پتہٕ چھِ ترٛٮ۪ن سیکنڈَن انٛدر انٛدر تھرو کرنہٕ یِوان، صِرِف پھیکہٕ پٮ۪ٹھِ تہٕ صرف اَکہِ اَتھٕ سۭتہِ ۔
"
3186,یہ چھُ باسان زِ تس ٲس سنسکرت ادب کین مختلف ہَیتن ، ہندو قانونن   تہٕ پُرانن  ہنز زان ۔
3187,بے شک! بہٕ سپدٕ خوش اگر  بہ  تۄہہ تقریبہ خٲطرٕ بہترین کیک ژارنس منٛز مدد ہیکہ کٔرتھ۔
3188,بھوُٹانس منٛز لوتشمپا لوُکھ تہٕ میانمارس منٛز برمی گورکھا تہِ چِھ یِہ تہوار مناوان ۔
3189,"ریڈیولوجیکل ٹیسٹ، یتھ کٔنہِ زن ایکس رے، سی ٹی سکین یم "" بڈونین دیماغ كین زخمن پیٹھ گول بناوان چھِ"" تہٕ ایم آر آیہ ، تہِ ہیكن بیمٲرِ بدِ كڈنہٕ باپت استمال كرنہٕ یِتھ ۔ "
3190,کونکن ریلوے لٲن، یوٚسہٕ  1990 کِس دٔہلِس منٛز بناونہٕ آیہِ چھے٘ مغربی سٲحِلس پیٹھ  مٗتوٲضی پكان  اہم شہرَن رلاوان ۔
3191,لہذا طاقتس منز ہُریر سپدِتھ   کٔر سامبھا جِین پرتاپ گڈھ گاٹھو کِنۍ وارِیاہ قعلہٕ زیننٕہٕ باپت پیش قدمی ۔
3192,اکھ سینٹر بورڈ ہیٚکو لکرِ، پلاسٹک یا دھات سۭتہِ بنٲوتھ ۔
3193,"یہٕ گوو 50,000 تہٕ 120,000 ؤریو برٛۄنٛہہ زیر آب آتش فشاں سرگرمی سٕتۍ تشکیل۔"
3194,زیادٕ ترگوپھہٕ  چھے٘ وہرِ ورییس  اکسٔیہ  درجہ حرارتس پیٹھ روزان ۔
3195,اگر تِم وٕچھِتھ ہٮ۪کن زِ تۄہہِ چھے٘   مجبٖوُری، تیٚلہِ چھٗنہٕ  تِہندِ توہہِ نیرنہٕ دِنٗك امكان ۔ 
3196,نِکَن کٔرۍ تٔمِس پہاڑٕ پٮ۪ٹھ بُن وسنَس منٛز مدد یتھ کٔنۍ رابِن  فیمیَن کٔرۍ۔
3197,ستریا پیشكش  چھےٚ واریاہن طرزن منٛز یوان یتھ کٔنہِ زن سوُتر دار (یا سٗترا بھنگی)، مخصوص کردٲرِ  بھنگی، پربیش، نرتیہ تہٕ جھموُرا ۔
3198,"تٔمِس نِنہٕ برٛونٛہہ ووٚن کھو، ییٚمِس پنٛنِس عیالَس سۭتۍ کتھ کرنُک موقعہٕ دِنہٕ آو، ووٚن پنٛنہِ رودِتھ ماجہِ تہٕ بیٚنہِ زِ سُہ کرِ تٔمۍ سُنٛد تقدیر قبوٗل۔
"
3199,اکھ اہَم حوالہٕ چھُ مو٘غل خانٛدان کِس  بٲنی بابر سٕنٛدِ  شُرٲہمہِ صٔدی ہندِ  شروٗعاتٕ چہِ  سوانح عمری سۭتہِ میلان ۔ 
3200,تٔھدین پہاڑن ہندِ  موسمن تہٕ پتَھ کھسنٕچہِ  کٔمی کۄر فوج ہمالیہ ہَن منٛز تباہ ۔
3201,میلبورن آو تیمِہ وقتہٕ پیٚٹھٕ وُہ٘و منٹو تام داہن نفرن تام کم کرنہٕ ییٚلہ ڈینی آلسوپ ژیرِ لڑایہ كِنہِ كڈنہٕ آو ۔
3202,سہ گوٚو اکتوبر  2008 کس فہرستس منٛز ۵ نمبرس پیٹھ، گۄڈنچہ لٹہ ییٚلہ سہ جولائی 1996 پتہٕ ٹاپ 3 منزٕ نیبر اوس۔
3203,تٔمہِ کٕر  1957–58  سیزنس دوران مونٹریال کینیڈینزس سۭتہِ  پننہِ این ایچ ایل پیشورانہٕ زندگی شروع  ۔
3204,"کھٮ۪ن چھُ ہاوُس بوٹس سۭتہِ پكن وول عملہٕ بناوان  - یتھ  زیادٕ تر  کیرلہ ہُک ذٲیقہٕ آسان چھٗ ۔
"
3205,انٹرنیٹ ایکسپلورر 5.01 ، اکھ بگ فِکس ورژن ، آو دسمبر 1999 منٛز جٲری کرنہٕ ۔
3206,سایٹریِنن  چِھوۄمیٖد طٲہِر کٔرمٕژ  زِ   2000  ہَس منٛزایكس ایم استمال بند گژھنہٕ پتہٕ رٕٹہِ سی 6   امِچ جاے ۔
3207,"چندی گڑھ چھٗ آزٲدی پتہٕ كِس ہندوستانس منز گۄڈنِكیو منصوُبہٕ بند شہرو منز اكھ 
 تہٕ چھٗ بین الاقوٲمی سطحس پیٹھ چھ پنٛنہ فن تعمیر تہٕ شٔہری ترتیب  خٲطرٕ زانٛنہٕ یوان۔"
3208,زیکا وایرس چھُ مٔہہِ  سٕنٛزن مِڈ گٹ اپتھیٖلیل سیٚلَن منٛز نقل سپدان تہٕ پتہٕ أمہِ  سٕنٛزن سیلوری  گلینڈ سیٚلَن منٛز۔
3209,شوٚون کٔرۍ پانٛژ ساونٛڈ ٹرٛیک البم تہٕ ہتہٕ کھوتہٕ زیٛادٕ ڈیجیٹل سنگلز ریلیز۔
3210,اکہ لٹہ ییٚلہ زنانہ ماہوٲری شروٗع چھے گژھان، سۄ چھےٚ حٲملہٕ گژھنس قٲبل آسان۔
3211,"نَیَن لیٖگن ہِنٛدۍ رُکُن چھِ اَکثَر مُقابلَن درمِیان ٹیٖمہِ سۭتۍ وابسطہٕ آسنہٕ ورٲے اِکہٕ وٹہٕ مشق کران تہٕ حکمت عملی بناوان۔
"
3212,ریپرسن ہنزٕ  چِھ واریاہ شکلہٕ ، تِِم چِھ أمہِ سٕنٛدِ ایجنٹ ۔
3213,شانگلو میوٗنسپلٹی تہٕ انکانگ میوٗنسپلٹی چھِ شٗمالس منٛز ۔
3214,یہ چھٗ گۄڈنیوٗک کنسول یٗس روم کاٹریج تہٕ اكھ مائیکرو پروسیسر استعمال  کران چھٗ ۔
3215,سہ چھ تمن لوکن منٛز اکھ یمو ویکیپیڈیا تہٕ ویکیا شروع کوٚر ۔
3216,ڈگلسس منٛز چھ گرم ، مرطوب ریتہٕ کول تہٕ عمومن ہلکہٕ پیٹھٕ ٹھنڈٕ وند آسان ۔
3217,یہِ بنٲوِو یٔقیٖنی زِ تو٘ہہِ انِیوُكھ تِم دوست یِم تمی قٕسمہٕ  كین سٹورن نظر دِنہِ یژھان چھِ  تہٕ صِرِف ونڈو شاپِنگ ہٗند ارادٕ تھوان چھِ ۔ 
3218,پروکٹوسیگمایڈائٹس چھ ریکٹم تہٕ سگمایڈ کولنٕكہِ ورمٕچ وضاحت كران ۔ 
3219,حالانٛکہ سُہ اُوس أکہِ امیر خانٛدانٗك  سُہ اُوس پننین پوٚنسن مٗتعلق  لاپرواہ ۔
3220,پُرکٔشش رنگن ہٕنٛز تجٲرتی دستیابی ہندِ  وجہ سۭتہِ  چھِ وارٕ وارٕ قۄدرٔتی رنٛگن ہنز جاے  مصنوُعی رنگ رٹان ۔ 
3221,امی رٲژ چھ سدداہس، سونالی ہٕنٛدس بٲیس کٮ۪نٛہہ مقٲمی گنٛڈٕ مار دوان یم تہنٛد دکان تباہ کرنٕچ کوٗشش کران چھ۔
3222,ریاستس منٛز چھ کٮ۪نٛہہ اعلی کارکردگی ہنٛد مرکز تہ یم اوڈیشہ ہس منٛز متعلقہٕ کھیلن ہٕنٛز ترقی خٲطرٕ کلنگا سٹیڈیمس منٛز قٲیم کرنہٕ آمٕتۍ چھ۔
3223,ییٚلہ بہٕ پننس قرضکس مقدارس متعلق سوچان چھس، مےٚ چھےٚ انیہ گوٚٹ باسان۔
3224,تِم چھ برطانوی حکومتٕچ اکھ ایجنسی ۔
3225,سوٗ چھ اکھ جنگلی لڑکہٕ یٗس جنگلس منٛز روزان چھٗ ۔
3226,پلٹن  چھِ پوُرٕ دٗنیاہ پیٹھہٕ باصلٲحیت موسیقارو سۭتہِ بنیوٚمُت۔
3227,یہِ چھٗ اكھ جان خیال تِمن مٗتبٲدِل چیزن مٗتعلق سونچٗن یِم توہہِ، یم  توہہِ یژھان  ٲسِوٕ تہٕ تِم گوڈے موكلیمٕتہِ ٲسہِ ، تمو بدلہٕ  ہیتھ ہیكِیو ۔
3228,یہِ چھ میکسیکو پیٹھٕ جنوٗبی امریکہ کہ سرحدن تام پھہلتھ ۔
3229,پُلیٖسن ٲس أکِس طالبہِ علِم سُنٛد بیٚگ سٹیشن پلیٚٹ فارم پٮ۪ٹھٕ ژوٗرِ نِنہٕ پتہٕ زنانہٕ ژھانٛڑنس منٛز مدتٕچ اپیل کٔرمٕژ۔
3230,"بطور کھلٲڑۍ گینٛد تٔمۍ البیون روورز، لینیلی ٹاون تہٕ سیلٹک خٲطرٕ۔
"
3231,سُہ چھ نہٕ تبدیلی پسند کران تہٕ سہ چھ اکثر ماضی ہکۍ خواب وٕچھان ۔
3232,"سوم تہٕ سور ٲسۍ ویدک معاشرَس منٛز مقبول مشروبات، یِمَو منٛز سوم مذہبَن جایز  اوس کوٚرمُت۔
"
3233,ہوم پیج ٲس ویب پیج بناونہٕ خٲطرٕ استمال سپدن واجینہِ اکھ مقبوُل کمپیوٹر ایپلیکیشن ۔
3234,یہ چھ یوم جمہوریہ پتہٕ ترٛیٚیمہ دۄہ 29 جنوری شامس كرنہٕ یوان۔
3235,دَہَو دۄہَو پتہٕ ووٚتھ گوَرنر جنرل اتھ مسلس منٛز تہٕ یِہ آو حل کرنہٕ۔ 
3236,یہ آو  پتہٕ 26 مارچ 2021  آیہ او ایس 14 باپتھ اننہٕ ۔
3237,شہنشاہن کٔرۍ لی بایی واریاہ تٲریٖف تہٕ سونٛچن ز یہ چھ واریاہ اصٕل۔
3238,یہِ مہٕ مانِو زِ صِرِف اَمہِ مۄکھٕ زِ پانٛژ ؤری برٛونٛہہ اوس اکھ دُکان مالَس منٛز زِ یہِ آسہِ از تہِ تَتی ۔
3239,تِم جُز ہیٚیِو مو٘لہِ  یِمن ہِنٛز تۄہہِ ضٔروٗرت چَھو یُتھ زن تُہہِ  ژَمہِ واتنہٕ خٲطرٕ پَنٕنہِ  مصنوعات بَناوٕنہِ  شُروٗع ہیٚکِو کٔرِتھ ۔ 
3240,یہ چھےٚ اکھ طویل مدتی حالت ییٚمیوٗک نہٕ  کانٛہہ تہِ یلاج چھٗ ۔
3241,مُمبیی  کنیکشَن چھے٘ بۄنہٕ کَنہِ دِنہٕ آمتین فِلم فیسٹیولَن منٛز ہاونہٕ آمٕژ ۔
3242,"صرف اکھ بٲتھ، ""یہ جو ہلکی ہلکی کھمریا""، یُس ساجد-وجدن ترتیب دیوٗت اوس، تِہ آو البمس منٛز شٲمل کرنہٕ۔"
3243,مانوآ كو٘لہِ ہندِ پننیو٘ بٹھیو٘ پیٹھہِ   کھسنہٕ کنہِ  آیہ منوا ہس منٛز واریاہن  گھرن منٛزسہلاب یِنٕكہِ اطلاع ۔ 
3244,"سٹیڈیمس منٛز چھےٚ 4,300  ہنٛز استعداد یتھ منٛز لگ بگ 1,700  ولِتھ سیٹہٕ چِھ ۔"
3245,"سیاہ فام کھلٲڑۍ سچل پیج تہٕ جوش گبسن گٔیہ مایوس ییٚلہ رابنسن گۄڈٕ منتخب آو کرنہٕ۔
"
3246,آئی او سی یِکہِ اکہِ  آئرش رٗکنن پیٹرک ہکی ین کوٚر اتفاق ۔
3247,تٔمۍ تہٕ أمۍ سٕنٛز جمٲژ وٲتۍ 4X100 ریلے ریس کس فاینلس تام۔
3248,یہ   وجہ آسہ تہِ ، تۄہہ پز تمن کال کرٕنۍ تہٕ پرژھن۔
3249,الاگرامم جین مندر چُھ اکھ جین مندر یُس بھارتی ریاست تامل ناڈو کِس الاگراممس منٛز واقع چُھ ۔
3250,فجی ہنٛز جنماشٹمی ہنٛز تقریبات چھ امہٕ لحاظہٕ منفرد ز تم چَھ ٲٹھن دۄہن جٲری روزان، یس ٲٹھمس دۄہ تام گژھان چھ، یمۍ دۄہ کرشنا زاو۔
3251,"مغربی براعظمی یورپ كیو٘  گرجا گھرو کوٛر شارلیمین سندِس دورس منٛز 8 مہِ صدی کس آخرس تام آخری رومن طریقہٕ استعمال، ییلہٕ تمو ٲخر کار الیگزینڈرین طریقہٕ اپنوو۔
"
3252, ایملجنگاہس  ہیسل ہولمس سۭتہِ سیود رلاون واجینہِ شہرا چھِ  جنوُبس منٛز۔
3253,2011 منٛز نیُو ہیلین او ایس پروجیکٹن گوگل سمر آف کوڈس منٛز حصہٕ ۔
3254,ہیچھرٕ تماشٲیی یس باپتھ   ہیٚکہ غلطی سمجِنہِ مٗشكل ٲسِتھ ۔
3255,چدمابرمس (تھلایی) منٛز پنچ موُرتھی ویدھی اُلا، تھیرتھاوری، تھانڈوا درشنم آرتھی ییہٕ تھایہ پٗسمس پیٹھ مُنعقٕد کرنہٕ۔
3256,کلنگ گزرییہ 18 نومبر 2019 کینسر سۭتۍ 60 وریہہ وٲنٛسہِ منٛز۔
3257,یہِ چُھ ضِلعہٕ کیو سارِوٕے کھۄتہٕ پرانیو قٕلعو منٛز اَکھ ماننہٕ یِوان۔
3258,"تۄپتہٕ، بالأخر، اکتوبر 2008 تہٕ مئی 2009 وَس درمیان آو نہٕ توٚتہِ کانٛہہ تہِ سٕہہ وچھنہٕ۔
"
3259,امیُک ناو چھُ اکہِ فارسی/عربی لفظہٕ پیٹھٕ آمُت ییٚمیُک مطلب تخیُل چھُ۔ 
3260,"یہٕ لفظ اوس گۄڈٕ یونٲنی افسانن منٛز شٲعر ہومرن استعمال کوٚرمت۔
"
3261,اوماہا، آرکنساس-اوماہا چُھ امریکی ریاست آرکنساسُک اکھ لۄکٗٹ شہر۔
3262,تتہٕ کو٘ر تحقیقن 1948 منٛز فجی یس پنٕنہِ گۄڑنِچ رنگین فلم بناونس منٛز مدتھ  ۔
3263,وِنڈوز لایِو فوٹو گیلری تہٕ وِِنڈوز لایِو میل آو وِنڈوز وسٹا باپتھ بنٛد کرنہٕ۔
3264,مغرِبی آسٹریلِیاہٕکۍ پُلیٖسن کوٚر پٔتمہِ ہفتہٕ یہِ جورٕ زمینی کوریر کہِ ذٔریعہٕ سوزنہٕ آمُت اکھ ڈبہٕ رُکاونہٕ پتہٕ گِرفتار، یُس مبینہ پٲٹھۍ  جنوٗبی آسٹریلِیا پیٛٹھٕ نیٚچِوۍ  پنٛنہِ ماجہِ سوٗزمُت اوس۔ 
3265,"نرتھاملائی، لۄکٹٮ۪ن پہاڑن ہُنٛد اکھ دوپھ  چھُ ریاست تامل ناڈو، ہندوستانَس منٛز ترِ٘چی-پڈوُکوٹائی شاہراہَس پٮ۪ٹھ ترِ٘چی پٮ۪ٹھٕ 25 کلومیٹر دوُر۔
"
3266,"پَننہ چیٖزُک ناو کٔرِو ٹایِپ تہٕ وُچِھو زِ کیٛاہ کانٛہہ چیز چھا میلان، محض اتھ صورتس منٛز۔
"
3267,یہٕ اوس یونائیٹڈ ورلڈ چارٹ کس سالک اختتامچ چارٹس منٛز 15 مہٕ نمبرس پیٹھ۔
3268,گینگ آف گھوسٹٕس چھےٚ 2014 ہٕچ اکھ ہیٚندی ہارر کامیڈی فلم یَس وینس ریکارڈز اینڈ ٹیپس پرائیویٹ لمیٹڈ تہٕ ستیش کوشک انٹرٹینمنٹن پروڈیوس کٔر۔
3269,"یہِ ہیٚکہِ نہٕ پرٛیتھ کٲنسہ پیٹھ کٲم کٔرِتھ، مگر یہِ چھُ تُہٕنٛز مجبوری ہاونٕچ اصل کٲم کران۔
"
3270,شكلہٕ وٗچھنہٕ باپت ہییو٘ كٗنہِ تہِ پنس نِش نوٹس جٲیزٕ  یمن منز ہولوگرام ہشہِ  عالا خصوصِیات تہِ شٲمِل چھے٘ ۔
3271,یہ دعوا چھ یمن مشروباتن منٛز وِٹامِن تہٕ ہو٘مراون والین جٗزن   متعلق۔
3272,ریاست کس شمٲلی حصس منٛز واقعہٕ شہر جوسس نزدیٖک سیٹھاہ  روُد پینہٕ كِنہِ سربند پیٹھہِ آب نیرنہٕ سٕتہِ آو سہلاب ۔ 
3273,"یہِ اوس 1999  منٛز کوسوووَس منٛز نیٹو ہوٲیی حملَو سۭتۍ تہِ استعمال کرنہٕ آمُت۔
"
3274,یِتھہٕ پٲٹھہِ  چھُ قدیم سنسکرت متنس منٛز ڈراما،  با مسرت  شعوری  حالت  نیشناونہٕ تہٕ ڈٲلہِ دِنہٕ باپت  زندگی ہُنٛد پرٛیتھ پہلوُ شٲمل کرنُک اکھ فن۔
3275,یہٕ موسیقی ٲس جنکی اکٔس ایٚل تہٕ ہانس زیمرن ترتیب دژمٕژ ۔
3276,"تۄہہِ پیٚیَو یا تہِ یہِ پنٛنِہ گۄڈٕنِچہِ میٖٹنٛگہِ منٛز نِنٕچ یا وقتہ برٛونٛہہ  دٲخل کرنٕچ ضٔروٗرت۔
"
3277,اکتوبر 1590 تھس منٛز کوٚر أمہِ  مِرزا سنٛجر ہَزارہ سٕنٛزِ کورِ، ظوہرہ بیگمہِ سۭتہِ خانٛدر۔
3278,سٕہہ نژن والین منٛز چھ عموٗمن زٕ نفر پریتھ سہس اندر آسان ۔
3279,پادٕرِ چِھ اکثر تِہنز کٲم کرنٗک اجازت میلنہٕ برٛونٛہہ مٗقرر کرنہٕ یوان ۔
3280,تیم سٕندِس باپَس کٔر مشرق وسطیٰ کہِ اکہِ کمپنی منز کٲم۔
3281,میزوزویکس دوران ٲسہِ ساروی کھۄتہٕ لۄکٕٹہِ ورٹبریٹ ممال تہٕ کرٚنکہٕ لچہِ۔
3282,امہ پتہٕ جلدی چھ أکس خانٛدرس منٛز رگھو تاراہس سمکھان، سۄ زنانہ ییٚمس سۭتی تس گایتری سمکھنہٕ برٛونٛہہ خانٛدر کرن اوس۔
3283,یہ زبان چھےٚ مشرق پیٹھٕ مغربس منز مختلف پٲٹھۍ بولنہٕ یوان ۔
3284,"ییٚلہِ تُہۍ أمِس نفرَس سۭتۍ کتھ کران چھِو تیٚلہِ ہٲیو ہناہ دباو تاکہِ تِم کَرَن تۄہہِ پیٹھ پژھ۔
"
3285,کٲفی وَہرٲژ روٗد آسنہٕ کِنۍ چھِ ہندوستانَس منٛز کوپین نظامَس تحت زٕ ذیلی گرم نم آب و ہوا ہکۍ قٕسم: Cwa تہ Cwb.۔
3286,"اکھ پرٲنۍ کتاب یتھ منٛز 1,000 صفحہٕ چھ، پرنہٕ کہ خیالہٕ سۭتۍ چھ مےٚ من پھیران ۔"
3287,"یہ چھُ 2,603 ​​مربعہ کلومیٹر رُقبس  احاطہ کران۔"
3288,"فلمہ ہنٛد اختتام چھ مارک سنٛدس بائبل کس حوالس سۭتۍ گژھان ""اگر سوٛ پورٕ دنیا چھ حٲصل کران تہٕ پنن روح چھ راوران تیلہٕ أمس کیا نفع ملے گا؟"" مرکس 8:36 """
3289,ناگالینڈٕکۍ ناہموار تہٕ پہٲڑی حالات چھ نقل و حمل  کین بنیٲدی سہولیاتن ہنز ترقی منز اکھ بوٚڈ رکاوٹ بنان۔
3290,آر این اے یس منٛز چھ تم جین آسان یم زیادٕ روٹا وائرس بناونہٕ خٲطرٕ استعمال چھ گژھان۔
3291,ووں گو٘و، تمی وقتہٕ کوٚر تمہ مراٹھا جنرلن ہنز کمزور قیادتس پیٹھ توجہ، یم اکثر تہندین شکستن ہند ذمہٕ دار ٲسۍ۔
3292,ییلہ زن  زیادٕہ تر لوُکن 46  کروموزوم آسان چہِ ، ٹی ایس وٲلین لوُکن  چھ عموُمن  کینٛژن یا تمام خلیین منز منز  45  آسان چھِ ۔
3293,الیکشنن منز آیہ ساروٕے کھۄتہٕ زیادٕ سیٹہٕ بھارتیہ جنتا پارٹی، یعنی 122 سیٹہٕ۔ 
3294,اصول  چھِ جسمٲنی طاقت کھیلَس پیٹھ غلبہٕ حٲصِل کرنس رُکاوان۔
3295,دریں اشنا ، چھُ   اکشے ژوُرِ پٲٹھِ اكھ شرٲبہِ ظٲہِر گژھان ، یٗس نارجیل برِتھ شرابہٕ چوان چھُ ، تاكہِ باسہِ زِ سوٗ چھٗ  کھوُپرٕ آب چوان ۔
3296,واریاہ لکھ چھِ سونٛچان  اگر  ختنہ  کرنہٕ یی  آلیہ تناصٖب چھٗ بہتر باسان ۔
3297,گاروس منٛز چھنہٕ کانٛہہ تہ رٕتۍ پٲٹھۍ منظم مجلس یا دربار۔
3298,یہِ کھیل، یَتھ پورٕ گَژھنس منٛز 5 گٲنٛٹہٕ تہٕ 17 مِنٹ لٔگۍ، ٲس گول کیپر مارٹی ٹرکو تہٕ ایوجینی نابوکوف سٕنٛدِ کھیلہٕ سۭتۍ نشان زد گٔمٕژ، یِمَو مِلٲوِتھ114 سیو کٔرۍ۔
3299,"آرسنلَن زیٛوٗن  برٛونٛہہ 2004 رس منٛز لیٖگ خٕطاب۔
"
3300,"بییٚکس خصوٗصیتس منٛز ہٮ۪کن آوازن تہٕ ریکارڈن خاطرٕ ہوی نشان ٲستھ۔
"
3301,اکھ لۄکٕٹ کتھ کرنہٕ پتہٕ ووٚن تٔمہِ مداحن ٹیم یو ایس اے ونٗن ،یہِ  تمو کوٚر ۔
3302,الیانا ڈی کر٘وز سُنٛد بویہ  فرینڈ اینڈریو نی بون چھُ مہمان کردار ادا کران حالانٛکہ سوٗ  چھُنہٕ اداکار۔
3303,مےٚ چھٗ اشتعیاق ز مےٚ چھےٚ سٹور کھٗلنہٕ برٛۄنٛہہ یمن دۄن ترین  دۄہن منٛز واریاہ کٲمہِ  کٔرتھ سپداوٕنہ۔
3304,ٲخرکار رلے وجے نگر کِس شمالس منز دکن سلطنتہٕ تہٕ جنوری 1565 منز کوٚرُکھ تالیکوٹا جنگس منز عالیہ رام رایا سندس فوجس پیٹھ حملہٕ۔
3305,دورِ ہُنٛد وقت چھ خطس ، موسمس تہٕ باقی رنرن پٮ۪ٹھ منحصر آسان ۔
3306,أمۍ گنٛد 2000ہَس منٛز ڈھاکہ منٛز ہنٛدستانس خِلاف پنُن گۄڈنیوک ٹیسٹ میچ ۔
3307,"منجوُ ناتھس ، ییٚمہِ  وۄمید رر٘ٲومٕژ چھےٚ، چھُ احساس گژھان  زِ یہِ سورٗیہ گژھِ نہٕ  ضایع۔
"
3308,1 جولایی 2022 ہس تام ٲسہِ دۄشوٕے طریقہٕ بیٚیہِ اکہِ لٹہِ ڈاؤن لوڈ کرنہٕ باپتھ دستیاب۔
3309,سہ چھ سونی تہٕ چیر بونو سنٛد نیٚچو ۔
3310,دوہلی بولی، یتھ لوسی تہ ونٛنہٕ چھ یوان، ٲس میزورمٕچ گۄڈنچ زبان تہٕ یہ چھےٚ میزو زبان ناوٕ  زانٛنہٕ یوان۔
3311,چیف جسٹس ایڈورڈ ڈی وایٹن تٗلنوو  ہارڈنگس عہدٗک حلف ۔
3312,واریاہ بجو تیل کمپنیو چھ گنگا ڈیلٹا خطہٕ کس تلاشس منٛز سرمایہ کٲری کٔرمٕژ۔
3313,تمن رٮ۪تن منٛز چھ پارکہ منٛز ینٕچ تجویٖز یوان دِنہٕ۔
3314,"رنتھمبورقومی  پارک چھِ سوائی مادھو پوُر ریلوے سٹیشن پٮ۪ٹھ 7  کِلومیٹر دوٗر۔
"
3315,یہ مسلہٕ ہیٚکو سب ووُفر استعمال کٔرتھ حل کٔرِتھ ۔
3316,مرکز ترایہ فلمہٕ چھےٚ مہاراشٹرس منز مقبول، خاصکرتھ شہری علاقن منز۔
3317,ہنٛدستانن چھ عالمی کھیلن ہنٛدس پرٛؠتھ ایڈیشنس منٛز حصہٕ نیومت۔
3318,اتھ ننہٕ مۄنڈجہ چھ تتھۍ رنٛگ آسان یم أمۍ سٕنٛدس کمبرس پٮ۪ٹھ آور گلاسٕکۍ ہوۍ چھ باسان۔
3319,"زون ترجیحات چھُنہٕ تُہنٛدِس دستیاب آرڈرز سکرین کِس اوپن میٹرو (آرڈرز) سیکشنَس منٛز یُس تُہۍ وُچھان چھِو تتھ پیٹھ کانٛہہ اثر تراوان۔
"
3320,تمہِ  سُنٛد مول اوس گُرداس پوٗر ضِلعہٕ کہِ بٹالہ ہُک تحصیٖلدار تہٕ یہِ ٲس پانٛژن باین تہٕ دۄن بیٚنٮ۪ن منٛز سارِوٕے کھۄتہٕ لۄکٕٹ۔
3321,"شےٚ فی طرفہٕ اِنٛڈور نیٹ بالہِ ہِنٛدِ پٲٹھۍ ہٮ۪کَن حملہٕ آور کھلٲڑِ شوُٹِنٛگ سرکلَہٕ  نٮ۪بَر پیٹھہٕ دۄن پوائنٹن ہندِ  گول شوُٹ کٔرِتھ ۔
"
3322,گۄڈنچہ ژور گیمہٕ آسہٕ ڈرا، مگر کارلسنن زیٔن گیم 5 تہٕ 6۔
3323,کمزور شاہ عالم دویمن كو٘ر  ایسٹ انڈیا کمپنی ہندِس  مشورس سٕتۍ  رضامندی ظٲہِر ،یمۍ تمِس مراٹھاہن پیٹھ زانہہ تہِ پژھ نہٕ كرنُک مشورٕ دیُت ۔
3324,"کولمِک کیویٹی حصَنطبقن  منٛز تقسیٖم کرُن، مثالے  پیری کارڈیل کیویٹی/پیری کارڈیَس، یتیٚتھ دِل بنان چھُ ، چھٗ پیچیٖدٕ جاناوارَن ہٕنٛز اناٹومی ہٕنٛدِس بحثَس آسان بناوان۔
"
3325,اَتھ فِلمہِ منٛز چھٗ مرحوُم سُشانت سنگھ راجپوُت  بطور دھونی دِشا پٹانی، کیارا اڈوانی تہٕ انوپم کھیرَس سۭتہِ۔
3326,ٹیم چِھ گی۪وان گۄڈنیک  بٲتھ  پرٛٮیتھ کامیٲبی پتہٕ چیجٕگ کمرس منٛز ۔
3327,"وِٹامن اے کِس حیثیتَس منٛز چھِ دۄیو  الگ كاركردگیو٘  ذٔریعہٕ أچھَن ہٗند  صحت شٲمِل ۔
"
3328,سنکلیئرن گیُند 1955 پٮ۪ٹھ 1971 ہس درمیان ویلنگٹن کرکٹ ٹیم خٲطرٕ تہ ۔
3329,شطرنجٕچ حکمت عملی چھِ کھیلَس دوران طویل مدتی پوزیشننگ فٲیدٕ ترتیب دِنس تہٕ حٲصِل کرنس پٮ۪ٹھ توجہ مرکوز کران، مِشالے ، مُختٔلِف مو٘ہرٕ کَتین تھووكھ ییلہِ زن مٗتعلقہٕ طریقہٕ فوری چالن سٕتہِ تعلٗق تھوان چھٗ ۔ 
3330,"کومنڈور ٲسۍ اکثر جبٕچ رٲچھ کرنہٕ خٲطرٕ کُنۍ زٔنۍ تراونہٕ یوان۔
"
3331,کھیل كین ٲخری ژِہین منز گیہ رۄخ بدلاون وٲلہِ واقع ۔ 
3332,سُہ اوس ڈائمنڈ نیکلیس کس معاملس منٛز اکھ اہم فرد ۔
3333,کھلٲڑۍ ہیکہِ پرٛیتھ سطح کِس شروٗعاتس منٛز کردار ژٲرِتھ ۔
3334,تٔمۍ کٔر پنٛنہ پیشورانہٕ زندگی ہنٛد آغاز نیگرو امریکن لیگ کس کنساس سٹی مونارکس سۭتۍ۔
3335,امہِ سۭتۍ چھِ دٔریاو ژٔکِس پٮ۪ٹھواریا دۄب بنیمٕتہِ ، ییٚمہِ سۭتہِ  زنٛڈ  کھتِمتہِ چھِ ۔ 
3336,کلاسس دوران چھ کینژن لوکن کتھ کرنک طریقہٕ تیوٗت کھرٕوُن آسان۔زِ  باسان چھُ چاک بورڈس ٹھٲسِکھ کلۍ۔
3337,یہٕ اوس تمہٕ وقتہٕ ییلہٕ ٹھاسنٕكیو كٗلفہٕ نِظامو   فلنٹ لاک میکانزم   فرسوُدٕ بنوو  ۔
3338,"اَتہِ ٲسۍ 5 گیمز ریکارڈ، 16 نیشنل ریکارڈ تہٕ 41 پرسنل بیسٹ تہِ۔
"
3339,"اتھ چِھ پرٛٮ۪تھ دۄہ لگ بگ 210,000 اخبارن ہنٛز گردِش ۔"
3340,"راجستھانَس منٛز چھِ ریلوے تہٕ بس نیٹ ورک دوشوٕنۍ ہٕنٛدِ لحاظٕ اکھ بین شَہری سطحٗك  رسلو رسٲیل  نظام تہِ ۔
"
3341,کوگلیانو ہن کوٚر اویلرن   دو٘یم سیود فتح  تہٕ بلیک ہاکسن دو٘یم سیو٘د شِكست دِوان او ٹی یس منٛز راتک پنن دویم گول 3:01 كس پیٹھ سکور ۔
3342,مۄغل شٲہی ڈانٛچس چھُ کُنہِ ساتہٕ 1600 ہس منٛز بابر سٕنٛدس پٗترِس اکبر سٕنٛدِ دورُک ونٛنہٕ یوان۔
3343,اِنسٹا کارٹ کمیونٹی سپورٹ ممبَر چھِ ای میلَن ہُند فوری جواب دِنہٕ خٲطرٕ پنٕنۍ بہترین کوشش کران۔
3344,"کانگسا اڈو جاگو ناوٕ کِس ڈراماہس منٛز گوٚو ورکودارا پاٹیہہ سورتی منتراہس نِش نجات حٲصِل کرنس منٛز کامیاب، تہٕ کانگسا آو پانہٕ باسودیوا سٕنٛدٮ۪و نیٚچوٮ۪و ککراسنا تہٕ نارائنا سندِ  دٕسہِ مارنہٕ۔
"
3345,سۄ ٲس واریاہ لٹہ قید خانس منٛز ، تہٕ تٔمس مارنچہ دھمکی دِنہ  ۔
3346,باوا پیارا گوپھِ منٛز چُھ اکھ ٹُکرٕ نوشتہ لبنہٕ آمُت یُس جین متس سۭتۍ امکہٕ وابستگی ہنٛز تصدیق چُھ کران تکیازِ اتھ نوشتہ منٛز چُھ اکھ اصطلاح خاص طور  جینن ہندِ ذریعہٕ استعمال یوان کرنہٕ۔
3347,وولفیرس پتہٕ بنیوو  675 منٛز تہٗند بوے ایتھلریڈن مرسیاہُک بادشاہ  ۔ ۔
3348,برطانیہ ہس منٛز کبڈی ہنٛز گورننگ باڈی چُھ انگلینڈ کبڈی فیڈریشن یوُ کے۔
3349,ییٚلہِ زن دۅہ گرم چھِ گژھان؛ رٲژٕ چھِ ٹھنڈ گژھان روزان۔ 
3350,مختلف بھیل زبانہٕ چھےٚ ہند-آریایی زبانہٕ یم مغربی مدھیہ پردیشٕکۍ 50 لچھ بھیل بولان چھ۔
3351,نرمدا وادی چھےٚ ہندوستانس منٛز پیلیوونٹولوجیکل مطالعاتن خٲطرٕ انتہٲیی اہم مانٛنہٕ یوان۔
3352,"یہِ چُھ سوٗی یلاج یُسژمہِ ہنزِ بیمارِ باپت  اِستعمال سپدان  چُھ ۔
"
3353,ہجوم متٲثر کرنہٕ مۄکھٕ چھِ تقریرن سۭتۍ سۭتۍ تامل فخر ہاونہٕ کہ غرضہ روایتی تامل کھیل یتھ کٔنۍ زِ سلم بٹم، سٹِلٹ تماشہٕ تہٕ سٹریٹ ڈرامہ ہاونہٕ یوان۔
3354,تمہِ  کٔر 1997 تھس منٛز انگریزی زبٲنہِ ہنزن  فِلمن منٛز اداکٲری شروُع ۔
3355,سوٗ چھٗ الیکٹرک گِٹار تہٕ اوٚور ڈبِنگ منٛز پنٛنہ کامہ خٲطرٕ مشہوُر۔
3356,سیریز ہُنٛد شیڈول آو بۄدوارِ دۄہ لیٖگہِ طرفہٕ جٲری کرنہٕ۔
3357,"ایریا کوڈ 516 ایریا کوڈ 516 چُھ نیو یارکُک اکھ ایریا کوڈ۔

"
3358,"وزیٹر: ""بہٕ چھس ہناہ مایوس تکیاز مےٚ چھ پٔزۍ پٲٹھۍ کیٚنہہ کٲم  آن لائن مکمل کرنک ضرورت، تہٕ واٮیی فایی نہ آسنہٕ سۭتۍ چھ مےٚ خدشہ ۔"""
3359,قصبس راتس نژنس  یا نوِس آلس پیٹھ  خرٕچ کرنس مہٕ  تمبلِیو۔
3360,یہِ چھُ یَتھ جایہِ ہٕنٛدِس تٲریٖخَس تہٕ ثقافتَس مُتعلِق تٲریٖخی زانكٲری  فراہم کران ۔
3361,"ییٚتہ ونووٕ أسۍ تۄہہ کٮ۪نٛہہ ساروٕے کھۄتہٕ زیٛادٕ قبول شدٕ ؤرجن۔
"
3362,ہدایت گژھن تمہ وز شروع ییٚلہ تہۍ سۄ زبان ژٲرو یتھ منٛز تہۍ تم بوزن یژھان چھوٕ، تہٕ شروع کرنہٕ خٲطرٕ دبٲیو سٹارٹ بٹن۔
3363,10 اپریل 2006 ہَس منٛز دِتٗكھ  خانَس پانٛژن ؤریَن ہِنٛدِ قٲدُک سزا تہٕ سوٗزُکھ 13 اپریل تام جودھ پوٗر جیل یوٚتتھ تام أمِس ضمانت میجہِ ۔
3364,نووک اوس 26 جولائی  1934  جرسی سٹی، نیو جرسی منٛز زامُت۔
3365,اگرچہ ونیُس تام کانٛہہ تہِ نوٚو شہری سایکل قٲیم چھُنہٕ گوٚمُت، مگر ساینسدانن ہُنٛد خیال چھُ زِ یہِ ہیٚکہِ کُنہِ تہٕ ساتہٕ بیٚیہِ گٔژھِتھ۔
3366,"بینڈیَس منٛز چھِ تشکیل بیان کران زِ کِتھ کٔنۍ چھِ ٹیمٕک کھلٲڑۍ عام طور  پنُن پان رنکَس پیٹھ تھاوان تہٕ اکثر چھُ ایسوسی ایشن فٹ بالَس منٛز تشکیل سۭتۍ موازنہٕ یِوان کرنہٕ۔
"
3367,"آل انڈیا انسٹی ٹیوٹ آف میڈیکل سائنسز دہلی چھُ علاج تہٕ تحقیقہٕ باپت اکھ اہم میڈیکل سکول۔
"
3368,مسلمان چھِ سٲرِسٕیہ  آسامس منٛز زٕ عیٖدٕ (عید الفطر تہٕ عید الاضحی) بڑٕ شوقہٕ سان مناوان۔
3369,زانانَن ہِنٛز اکھ جماعت یۄسہ ہندوستان چن  زنانَن ہِنٛز نمسایندگی کران چھِ، کوٚر اسمبلی منٛز رَسمی طور قومی پرچم پیش۔
3370,امہِ  علاوہ چھٗ سٕنِس سمندری آبس منز میں گاڈن ہندِ باپت  اضافی غذائی جٗز  آسان ، یٗس  مقامی آبادی کیُت  خوراکُک تہٕ  آمدنی ہٗند اكھ  اہم ذریعہ چھٗ ۔
3371,روایتی تٲریخ چُھنہٕ پیٹرا ہیریرا سنٛزِ شرکتس متعلق کِہنۍ ونان۔
3372,اتھ کھیلس منٛز چھ زٕ ٹیمہٕ آسان یم اکھ أکس خلاف لڑان چھ ۔
3373,"ابراہیم سٕنٛزِ زِنٛدگی ہنٛز اکھ اَہَم آزمٲیِش ٲس یہِ زِ پنن ٹوٹھ نیٚچو مٲرِتھ اللہ سٕنٛدِ حُکمُک مُقابلہٕ کرُن۔
"
3374,اوہو! مےٚ ٲس  نہٕ پتاہ یتھ فِلمہِ منز چھٗ  رجنی کانت ۔ اتھ فلمہ منٛز اوس تِہٗند یُن بِلکل  غیر متوقع۔
3375,یہ چھ میون ہر وقتک پسندیدٕ کھین، اگر تہۍ مےٚ اجازت دِیِو، بہٕ کھیمہٕ یہ پورٕ دوہس۔
3376,پنجابس منٛز چھ 23 یونیورسٹی، یمن منٛز 10 پرائیویٹ، 9 ریاستی، 1 مرکزی تہٕ 3 ڈیمڈ یونیورسٹی چھ۔
3377,"کمپنی ہنز اکھ بیاکھ برانڈ تہٕ ٲس RUEHL No.925 ونان یُس جنوری ۲۰۱۰ہس منز بند گو۔

"
3378,یہ گیم چھےٚ آیۍ او ایس، اینڈرایڈ تہٕ ونڈوز فون آپریٹنگ سسٹمن پؠٹھ دستیاب۔
3379,اینیمی چھےٚ 2013 ہٕچ ہندوستٲنۍ ہندی زبٲنۍ ہنٛز ایکشن تھرلر فلم ییٚمیک ہٮ۪دایت کار آشو ترکھا چھ-عنوان چھ زأنتھ مأنتھ شٮ۪ن اہم کردارن ہٕنٛدٮ۪ن ناون ہٕنٛدۍ ابتدٲیی حروف استعمال کٔرتھ غلط لیکھنہٕ آمت۔
3380,اَمہِ دۄہ چھِ ماہ دی دالِہ ہٕنٛز کھِیژٕر  تہِ بناونہٕ یِوان تہٕ اَمی مۄکھٕ چھُ اَتھ دۄہَس 'کھِچڑی والا پروا' تہِ ونان ۔ 
3381,انٹرسٹیٹ 57 انٹرسٹیٹ 57 چھ امریکاہس منز اکھ انٹرسٹیٹ ہائی وے ۔
3382,سُہ اوس بَس 23 وُہُر تمہٕ وقتہٕ ۔
3383,بینک چھ مختلف سائز کین وۄزُم ہینہٕ والٮ۪ن تہٕ قرض دِنہٕ والٮ۪ن مِلنُک اجازت دوان ۔
3384,یہ نمبر چُھ لوُکن تِہندِ ضرورتچ عوٲمی معاوِنت ژھانڈنس منٛز مدتھ کرنہٕ خٲطرٕ موُجوُد۔
3385,نمَکل قلعہٕ چھُ اکھ تٲریخی قلعہٕ، یُس جنوبی ہندوستان کس ریاست تامل ناڈو کس نمَکل ضلعہٕ کس نمَکل شہرس منٛز واقع چھُ۔
3386,"امریٖکی کانگریسٕ  طرفہٕ شایع  أکِس رِپورٹَس منٛز چھُ تسلیم کرنہٕ آمُت زِ یہِ وارننگ ٲس سمووا ہَس منٛز 8.0 شدت کہِ بُنیُلہِ پتہٕ شُراہ منٹَ  پتہٕ جٲری کرنہٕ آمٕژ۔
"
3387,"سیلولوز چھ اکھ واریاہ پیچیدٕ کاربوہائیڈریٹ ، یتھ منٛز 3,000 یا زیادٕہ گلوکوز اِكٲیی  چھے٘ ۔"
3388,"مۄدرِ پونٛگل زِیافتكہِ  حِصہٕ یَتھ سَکرا پونٛگل تہِ ونٛان چھِ ، چھِ ہیٚنٛدِ منٛدرَن منٛز بطور تۄبرٗك   بٲگراونہٕ یِوان۔
"
3389,کیٚنٛہہ ڈاکٹر چھ سوچان ز صدمہٕ چھ پھٹنک سبب بنان یس ڈی آٮٔی ڈی ہوین بیمارین منز وچھنہٕ چھ یوان۔
3390,یہِ اوسُکھ نکیل سۭتۍ لیڈ ٹارگٹ پیٹھ بمباری کرتھ بنومُت۔
3391,"پیشکٲری ہنٛز ترتیب چھ اکہِ 
 حطمی تلانا  سۭتہِ ختم سپدان  ۔"
3392,ہولسٹین، آئیووا: ہولسٹین چُھ ریاستہائے متحدہ امریکاہُک اکھ شہر۔
3393,"راجماچی گامہٕ پٮ۪ٹھٕ ؤسِتھ ہٮ۪کَو گۄپھِہ تام وٲتِتھ۔
"
3394,ہیم چندر آو 5 نومبر 1556 کہ دۄہہ مُغلن خٕلاف پانی پت کس دوٚیمس جنگس  لڑان لڑان  جنگ کس میدانس منز مارنہٕ۔
3395,کوکوریو مُود 22 اکتوبر 2018 منٛز 59 وہر وٲنٛسہ منٛز ماسکوَس منٛز ۔
3396,امہ برٛونٛہہ 2012 منٛز گیوند أمہ ماسکوس منٛز گیلفینڈس خلاف عالمی چیمپئن شپ میچ تہ۔
3397, بہتر چھ ، تۄہہِ  کٔریو یہ ٹھیک۔ بہٕ کرٕ نہٕ غلطیو خٲطرٕ کانٛہہ تِہ بہانہٕ قبول۔
3398,پرٛبھاؤتی کوٚر رَتن سیٚنَس چلینج زِ سُہ دیٖن تٔمۍ سٕنٛدِ کھۄتہٕ بہتر زَنان ژھٲنٛڈِتھ۔
3399,اسکیمک فالجس ہیكہِ ، اگر   ترٛیٚیہِ پٮ۪ٹھٕ ساڑن ژورَن گٲنٛٹن انٛدر لبنہٕ یِیہِ، اَکہِ دواہ سۭتہِ  یلاج کرنہٕ یِتھ یٗس گنڈ پھٗٹراوان چھٗ ۔ 
3400,ییٚلہ تہۍ پکنہ گژھان چھوٕ، تہۍ کٔرو پنٛنین پانژن حواسو منٛزٕ پرٛیتھ أکس سۭتۍ ہم آہنگ گٔژھتھ وق صرف۔
3401,واریاہ کم چھ غریبن ہندس بھگوانس متعلق کینٛہہ خاص کران ۔
3402,سیٹھاہ ناكارٕ  لوُکھ چِھ جہنمس منٛز بطوردر٘ٹھایك بییہِ پٲدٕ گژھان  ۔
3403,فائبر چینل چھٗ سٗیہ  ڈِسک سب سسٹم  واریاہن کمپیوُٹرن سۭتہِ  جوڑنٗک اِجازت دِوان ۔
3404,سہ اوس 2000 پؠٹھٕ 2001کس تام آسٹریلوی کیپٹل ٹیریٹریک ؤزیر اعلی۔
3405,کینبرا ایئرپورٹ چھ کینبرا ایئرپورٹ گروپ پیٹی لمیٹڈ کہ زیر انتظام تہٕ چلاونہٕ یوان ۔
3406,یہٕ کلب اوس 1995 منٛز انڈوران پریمیر لیگک بانی رکُن ۔
3407,"مایا چھِ پننہِ بیٚنہِ رونی یس خٲطرٕ پنٕنہِ جذبات ظٲہِر کرنہٕ خٲطرٕ فون کران تہٕ تمہِ سٕنٛدِ فوٹو فریمہٕ منٛزٕ رونی سُنٛد فوٹو ژوُرِ نِوان۔
"
3408,لڈن اوس واریاہ گیم شوز ہنز میزبانی خٲطرٕ مشہور۔
3409,تخمینہٕ  مٗطٲبق چھ 15 فیصد لوٗکھ فالج پتہٕ اکہ ؤرۍ کھۄتہٕ زیادٕ عرصس تام پیشاب رٗكنٗك  تجرٗبہٕ کران ۔
3410,ویڈل زاو فرینکفرٹ ایم مین، جرمنی منز ۔
3411,ترٛیمس لٹہ ییٚلہ کٲنٛسہ کھلٲڑس جرمانہٕ چھ یوان دنہٕ، یہ آسہ ذٲتی جرمانہٕ، مطلب چُھ زِ سُہ گژِھ باقی میچہٕ نِش محروم۔
3412,سِنٛگھ پوٗر، ییٚمہِ جایہِ پیٚٹھٕہ لگ بگ اَکھ کِلومیٖٹر دوٗر اَکھ گام، اوس جین مذہب کِس  کٔہِمِس  تِیرتھانکر، شرییاسن ناتھ سنز زینہٕ جایہ ۔
3413,مغلو کوٚر برصغیرس اہم اضافہ ییٚلہ تمو ہند فارسی فن تعمیرس فروغ دیُت۔
3414,"برطانوی اِنتِظامیہَن کٔر رۄپٕیہ بطور زرِ  معٲشی سرگرمی نٲفِذ تہِ اکھ منظم قبٲئلی حکومتی  نِظام تہِ یُس تٲریٖخی سمٲجی حکمرٲنی ہِنٛدِ طریقہٕ نِشہِ   واریاہ مختلف اوس   ۔
"
3415,فلمہ ہٕنٛز تشہیر آیہ مشہوٗر ریئلٹی ٹیلی ویژن شو کامیڈی نائٹس ود کپلس منٛز تہ کرنہٕ۔
3416,فیملییل ڈیسلیپیڈیمیا چھ پانژن قسمن ہند آسان، یمن منز ذیلی قسمہٕ شٲمل چھنہٕ آسان، تہٕ پریتھ اکھ چھ بدلاونہٕ آمٕتۍ لپڈ پروفایل تہٕ جینیٲتی غیر معمولی دۄشوٕنی منز درجہٕ بندی کرنہٕ یوان۔
3417,ایف آٮٔی ڈی ایی چھُ بین الاقوٲمی اولمپک کمیٹی طرفہٕ بطور کھیلَن ہٕنٛز گورننگ باڈی  تسلیم کرنہٕ آمٕژ ، مگر شطرنج چھُنہٕ زانٛہہ اولمپک کھیلَن ہُنٛد حصہٕ روٗدمُت۔
3418,نٔو پارٹی ٲس ترقی پسند تہٕ عوٲمیت پسنٛد اصلاحاتن پٮ۪ٹھ اعلی موقف اختیار کرنہٕ خٲطرٕ زانٛنہٕ یوان۔
3419,صوبيدارَس اوسُکھ بیٚیہِ 'شیہ پیٹھٕ باہ' رکن  مُقرر کرنُک اِختیار دِیُتمُت۔
3420,اگر یِہ تٲریخ نیرِ تہٕ تۄہہ بوُزوٕ نہٕ وٗنہِ تہِ  كِہینہِ ، توہہِ ہیكِو اكہِ فون كالہِ یا ایی میل سٕتہِ پتہٕ لگِتھ زِ اما چِٹھِہ ٲسا موصوُل گٲمژ ۔
3421,خٲلی حِصہِ چھِ ہاوان زِ كھِلٲڈِ اوس نہٕ دورس دوران گِندان ، یا اوسٗس نہٕ كانہہ درجہِ ۔
3422,"ایبیویلس منٛز بنیئو گوڑنک پوسٹ آفس 1886 تس منز۔

"
3423,1990 کس دہائیک کارٹون سیریزک کیٹ ، دی رین اینڈ سٹیمپی شو ۔
3424,ایشیٲیی کپ چُھ ایشیٲیی فٹ بال کنفیڈریشن خٲطرٕ اہم بین الاقوٲمی مقابلہٕ۔
3425,بلدیٲتی انتخابات ہٕنٛد ذٔریع منتخب گژھن وٲلۍ پنچایت یا مقامی خود مختار حکومت چھےٚ واریاہن گامن منز خود مختار حکومت خٲطرٕ موجود۔
3426,میککی، کینٹکی: میککی چھ ریاستہاے متحدہ امریکہ کس کینٹکی ہس منٛز اکھ شہر۔
3427,یِم  بنییہ برطانوی راکٹٕ كِس  وٗصعتس منز پٗر اشر، ییمہِ سٕتہِ كانگریو راكیٹٕچہِ ترغیب لٕجہِ ، یٗس پتہٕ جلدٕیہ نیپولِین سندین جنگن منز اِستعمال كرنہٕ آو ۔ 
3428,ڈرٛامہ برتین  ٲخٕری کینژن منٛٹن منٛز اوس گول تہٕ سٕتی  قطر کِسڈِفینڈر حسین یسرس خلاف لاپرواہ ٹیكل كرنہٕ باپتھ سیود ریڈ کارڈ تہِ ۔
3429,کنہ ساتہ چھےٚ موج یہ سوٗنٛچتھ دلہٕ ملس منٛز گژھان ز تس سٕنٛدس نیٚچوس چھنہٕ کٮ۪نٛہہ تہ گوٚمت۔
3430,مِثٲلی طور گَژھِ تُہُنٛد ہنگٲمی حالاتن خٲطرٕ بَچومٗت  رقم تۄہہِ ڈَکھ دیُون لایق آسُن تہٕ، ضٔروٗرت پیٚنَس پیٚٹھ،شیٚیہِ پیٚٹھٕ ٲٹھن رٮ۪تن تانہِ  تُہنٛدیٚن تمام خرچن ہِنٛز اَدٲیگی کَرُن ۔
3431,میٲنۍ شٗر پدما چھِےٚ گِندنس منٛز واریاہ جان۔ پٔتمہ ؤرۍ آیہ سۄ 100 میٹر دورِ منز اوَل۔
3432,شاید % 50 کھوتہٕ زیادٕ لوکن منٛز چھ نامعلوم وجہ كنہِ  دٲیمی پھیپھر كھسان ، یہِ   چھٗ خۄد مدافتی  رد عملٕکہِ وجہ سۭتہَ آسان ۔
3433,سوُد چھُ پرٛٮ۪تھ ؤرِیہِ یا ؤرِیَس منٛز اَکہِ لَٹہِ مٗركب کٔرنہ یوان۔
3434,مایی مدر دی کار-مایی مدر دی کار چھ اکھ امریکی فینٹسی سٹکوم۔
3435,پنٛنہِ ویب سایٹہِ پٮ۪ٹھ اِشتِہارن ہِنٛز آمدٔنی زیننہٕ  باپت  کٔرِو گوُگل ایڈسینس یا لِنک شیئر ہِوِ اِشتِہارٲتی پلیٹ فارم استعمال کرنَس پٮ۪ٹھ غور۔
3436,یہٕ فقرہ آو دوٚیمہٕ جنگ عظیم کس اختتامس پٮ۪ٹھ نیورمبرگ ٹرایلس دوران دوبارٕ استعمال کرنہٕ۔
3437,بہ گوس خۄش ز سپروایزرن کتھ پٲٹھۍ کوٚر کامیٲبی سان  کلاینٹ سٕندس دفترس منز صفٲیی ہند وقت گوشوارٕ منظم تہٕ تھوون سہ بےٚ داغ۔
3438,گوڑنک ساتہٕ گیت ٲس فلمس منٛز استعمال آمت کرنہٕ۔
3439,"سمہاہَن اوس پننٮ۪ن دوستَن سۭتہِ  مِیلِتھ 1972 منٛز ""نٹرنگا"" نٲوِ  اکھ تھیٹر گروٗپ شروٗع کوٚرمُت۔"
3440,"چناب، توی تہٕ راوی چھ اہم دریاو یِم جموں علاقہٕ مٔنٛزۍ وسان چِھ۔
"
3441,یہٕ چُھ شینہٕ پٹرین پٮ۪ٹھ سلیج سۭتۍ سوار گژھتھ گنٛدنہٕ یوان ۔
3442,2022 منٛز، کوٚر یہٕ جوڑی ژور گریمی ایوارڈز جیت۔
3443,ٹگ آف وارُک بیٚیِہ دُبارٕ اشعات آو  2 اکتوٗبر 2015 بطور  پال میک کارٹنی آرکائیو کلیکشن كہِ حِصہٕ كرنہٕ ۔
3444,چنئی منٛز چھ موسیقی ہنٛد موسم  مونجہِ ہو٘ر تاملس منٛزمارگھازی ریتس منٛز آسان تہٕ چٗھ مکر سنکرانتی یا پونگل تہوارس سۭتۍ ختم گژھان۔
3445,محمد بِن تٗغلقن بنوو یِم علاقہٕ سُنی اسلامس تحت اننہٕ خٲطرٕ  خٗراساں  تہٕ عراقس (بابل تہٕ فارس) تہٕ  سۭتی چینس پیٹھ حملہٕ کرنُک منصوبہٕ  ۔
3446,گاگاہن کوٚر پتہٕ انکشاف ز یہ البم ییہ 29 مئی 2020  ریلیز کرنہٕ ۔
3447,"مغربی بنگالُک اکھ صنعتی علاقہٕ ہلدیہ چھُ وِشوکرما پوٗزایہِ خٲطرٕ مشہوٗر۔
"
3448,اتھ منٛز اوس 2019 ہس منٛز بند گژھنس  تام گوُگل فیوُژن ٹیبل تِہ شٲمِل ۔
3449,امہ کنۍ، گژھ اینٹی ڈیٚرویٹو ننہ وز اکھ مستقل سی شٲمل کرن۔
3450,"حصہٕ نِنہٕ وٲلۍ مُلک ٲسۍ سری لنکا، بنگلہ دیش، پاکستان، نیپال، کوریا تہٕ میزبان ملک ہندوستان۔
"
3451,شہری ادارٕ میونسپل کارپوریشن چندی گڑھٕچ اہم ذمہٕ وٲرِین منز چھٗ  شہرس منٛز صحت و صفٲیی  یقینی بناونہِ ، سڑكنہٕ لایٹو٘ سٕتہِ روشن كرنہِ ،  پارکن ہنٛز رٲثھِ راوٹھ تہٕ گندٕ آبٗك بدرو  ۔
3452,خاص کمانڈ ہٮ۪کو کی ہن  ہٕنٛد امتزاج ذٔریع تہِ چالو کٔرِتھ ، یمن کی بورڈ شارٹ کٹ ونان چِھ ۔
3453,تاہم، ووٚن نینٹینڈو تہٕ سونی یَن زِ تِم چِھ مختلف لوٗکن ہٕنٛدۍ خاطرٕ بناونہٕ آمٕتۍ۔
3454,کیوریکوس منٛز ؤرِیُک اوسط درجہ حرارت چھٗ ۔
3455,سوویت یونین تہٕ امریکہ کہِ سفارتی مداخلتہٕ تہٕ  تاشکنٛد  اعلانیہ  پتہٕ  جنگ بنٛدی ہٕنٛدِ اعلان  سٕتہِ گیہ دۄن مٖلكن درمیان مٗژٗكری ختم  ۔
3456,مےٚ چھ پسند یتھ پٲٹھۍ یہ مشیر میانین مسلن سۭتۍ نمٹان چھ۔ سۄ چھےٚ ہمدردی تہٕ صبر انان۔
3457,یہٕ چَھ سہ ترتیب یۄسہ 2004  منٛز اِستعمال أسۍ کرنہٕ آمٕژ ۔
3458,اكہِ كیمپ سملٕكہِ رُكنن وو٘ن زِ وارِیاہ سكاوٹ گیہ زخمی ییلہِ اِكس چھپن جایہ منز اكھ بٗكھٲرِ وسِتھ آیہِ ۔ 
3459,"عاشورا، یمیک لفظی معنی عربیس منٛز چھ""دہم""، چھ محرمک دہم دوہ ۔"
3460,تٔمۍ پرنوو سپاسالار سکول، یونیورسٹی آف تہرانس منٛز 35 ہن ؤرین تام۔
3461,ٹیلی ویژنس پیٹھ چھ اکھ لیدٕر لٲن وٗچھن والین سامعینن گوڑنچ ڈاون لائن ہاونہٕ باپت الیکٹرانکی طور  مٲدانس پیٹھہٕ لگاونہٕ یوان   ۔
3462,قبطی کیتھولکن چُھ قبطی آرتھوڈوکس چرچ بطور فِرقہٕ بندی وٗچھان ۔
3463,ڈلہیم ڈلہیم چھ بیلجیئم کس صوبہ لیجس منٛز اکھ مونسپلٹی۔
3464,ندھی چھ پے لگان ز سۄ چھےٚ وۄنۍ کارتکن شُر ہٮ۪تھ حٲملہ۔
3465,اکثر چھ یہ حملہٕ انسٲنی وتیرٕہ سۭتۍ گژھان۔
3466,"اَمہِ بٲنس کمان سۭتۍ چلاونہٕ یِنہٕ وول تیٖر ہیٚکہِ ہا قٔدیٖم زمانَس منٛز اِستعمال کرنہٕ یِنہٕ وٲلِس کُنہِ تہِ بخترس تٔرِتھ۔ 
"
3467,تمۍ کٔر ترٛیمس ٹیسٹس منٛز 103 رنہٕ بنٲوتھ 51.66 پیٹھ 205 رنہٕ بنٲوتھ سیریز ختم۔
3468,وِی تہٕ نِنٹینٛڈو 3 ڈی ایسن ہندِ  پٲٹھہ،  ہیکن کھلٲڑِ ایم آیہِ  آیہِ ایس بنٲوتھ ۔
3469,پوُزایہِ باپت ترجیحی وقت چُھ   آفتاب كھسنہٕ  پتہٕ اکِس  گھنٹَس اندر اندر ۔
3470,"کالابرو زاو 3 فروری 1934  بیونس آئرس، ارجنٹیناہس منٛز۔
"
3471,ونی چھےٚ گۄڈٕ تس انٹرویو کران، تہٕ تمہِ  سٕنٛز زندگی چھےٚ اکِس  فلیش بیکس منٛز ظٲہر گژھان تکیاز دٔلیٖل چھےٚ وۄنہِ  ماضی یس منٛز گژھان ۔
3472,یمن علاقن منٛز چھِ قومی سطحس پٮ۪ٹھ تسلیٖم شُد لاماسنگی، کوتھاپلی آبشار، تاجنگی ڈیم، اشٹابر باغ، علاقائی زرعی تحقیقی اسٹیشن (آر اے آر اٮ۪س)، ژوُنٛٹھہِ   باغ، میوٕ  باغ، ڈرٛیگن فروٗٹ باغ تہٕ کافی باغ شٲمِل
3473,یِتھیہ كٕنہِ چھٗ اتھہٕ سٕتہِ جِسمٲنی كھوكھرین ہنزِ تلاشی  دوران رٹنہٕ ینہٕ نِشہِ بچِٗن تہِ مٗشكَل ۔ 
3474,اَتھ بدل رختس منٛز بدلوو  ورکُداراہَن پنُن پان وِرتھا کِس جایہِ   ابیلاوا نٲوِ  قصاب یا محل كِس وازٕ سندِس رختس منز ۔
3475,مثال، تۄہہ ہیٚکو اکھ یتھ ماڈل ییٚژھتھ یتھ منٛز وٲنجہ ہٕنٛز دبرایہ ہٕنٛد شرحٕچ نگرٲنی آسہ یتھ تۄہہ پنٛنہ ورزش کس شدتس پیٹھ نظر روز۔
3476,امہِ پتہٕ کٔرِ برطانوی فوجن یمو منٛزٕ واریاہ طرفدار  فوجس  حوالہٕ۔
3477,مےٚ چھُ  فون پھٕٹنہٕ پتہٕ نوٚو سکرین لاگنکس قیمتس متعلق تشویش۔
3478,یہٕ آو قانونی طور چیمبر آف ڈپٹیزس منز تبدیل کرنہٕ ۔
3479,اوپیئڈ مخٲلفن یتھ کٔنہِ زَن نالٹریکسونس چھِ یمن ہٕنٛدس استعمالس حمایت کرنہٕ باپت عارضی ثبوُت۔
3480,"اپریل 2013 ہس منٛز آو اکھ نوٚو ٹریلر ریلیز کرنہٕ تہٕ فلمہ میلیٛیہ 16 تہٕ 19  میٚے 19  کس کانز فلم فیسٹیولس منٛز مارکیٹ سکریننٛگ۔
"
3481,ڈینگو وایرسس چھ ژور مختلف قٕسم۔
3482,"تم چِھ فی الحال زیادٕتر ویسٹ کوسٹ مین لائنہِ تام  خدمات فراہم كران ۔ 

"
3483,یہٕ اوس ارجنٹینیٲیی مٲہرِ تعمیرات سیزر پیلی تہٕ ایح كے ایس آرچِٹیكٹن بنوومٗت ۔ 
3484,کانچنجنگا ہچ چوٹی، دنیہچ ترٛیٚیم ساروٕے کھۄتہٕ تٔھز چوٹی، چھ ریاستٗک ساروٕے کھۄتہٕ تھو٘د مقام، یس سکم تہٕ نیپال کہ سرحدس پیٹھ واقع چھٗ۔
3485,بییرٕ باپتھ   چھِن درخاست گۄڑیہ  امریکہ، انگلستان تہٕ جاپان پیٹھہٕ  ینہِ ہیتِمٕتہِ ۔
3486,جھیل کولاک: جھیل کولاک چھےٚ مغربی وکٹوریہ، آسٹریلیاہس منٛزتازٕ  آبٕچ اکھ بٔڑ جھیل۔
3487,امہ پتہٕ لۄب کیپوئراہن اکھ نوٚو کردار-بطور مجرمن ہنٛد نژن ۔
3488,مگر 1954 ہس منٛز آو لوز تھیٹر زیادٕ تر فلمی تھیٹرس کنٹرول کرنہٕ خٲطرٕ بناونہٕ۔
3489,"تِہنٛز دِلی تہٕ بے ساختہ پیشكٲری  چھِ دِلہٕ شٹھیمتِس جہانگیرس وشنوَ ہس سۭتہِ تٔمہِ سٕنٛز پرٛٲنہِ دوستی یاد پاوان تہٕ تِمو کیٛازِ کوٚر گۄڈٕنِچہِ لَٹہِ جے ڈی سی شروٗع تہٕ سُہ چھُ شانت گژھان ۔
"
3490,غیر ملکی سیاح چھ جاٹوجک بازرس جے جے بازرس یا چٹوچک ویک اینڈ بازر پٲٹھۍ زاننہٕ یوان ۔
3491,"3 نومبر 2016 کوٚر عدالتن اکھ فٲصلہٕ شایع یییمہِ یہِ نتیجہِ ہوو زِ  ""ایم پی ٹی ہٗك اہم  عزم چھٗ وارِیاہو نٗمایاں طریقو   غلط""۔"
3492,"فیتھیے: فیتھیے چھُ تُرکی ہٕنٛدِ مُگلا صوبُک اکھ شہر تہٕ ضِلعہٕ۔
"
3493,اکہِ وٕہٕرۍ پتہٕ ہیوٚت کمپنی سونی پکچرز اینٹرٹینمنٹ بناونہٕ خٲطرٕ کولمبیا پکچرز۔
3494,زیادٕ تر گندٕ  بستین منٛز چھِ بنیٲدی سہولیاتن ہنز نا كٲفی  فرٲہمی تہٕ ، ڈی یوُ ایس آیی بی رپوٹہٕ مٗطٲبق چھِ الہٕ پلہٕ %22 فیصد لوُکھ نیٔبرٕ کِنہِ اِدرار  کران۔
3495,سُہ آو 1916 ہس ممنز بالک پلاؤک ضلع افسر تہ مقرر کرنہٕ ۔
3496,بییہ، جسم، کرم، خیالات تہٕ تمام جذبات چھ روح کہ حقیقی نوعیتہٕ نش الگ۔
3497,منی پوٗر چھ پننین تمام ہمسایہ ریاستن سۭتۍ قومی شاہراہو  سۭتۍ جورتھ۔
3498,الرجی ہند رد عمل چھ دۄنوے تاخیر (سیل ثالثی) تہٕ فوری (اینٹی باڈی ثالثی) قسمن ہندِ  تہٕ یِمن منز چھِ آیہِ جی اِیی شٲمل (اینٹی باڈیز چھ دٗبارٕ انفیکشن كین  واریاہ تیز علاماتن منٛز ثالثی كران ماننہٕ یوان )۔
3499,"پروڈیوسر چھِ فِلمہِ منٛز ہاونہٕ آمٕتین دنن كرن والین  جُرمَن مُتعلِق بیدٲری فروغ دِنہٕ خٲطرٕ غٲر سرکٲرِ تنظیٖمَن باپتھ فِلمہِ ہِنٛز ذٲتی نمائشہِ ہٗند منصوٗبہٕ بناوان۔
"
3500,مہاراشی پرشوٗرَام دھام منٛدر آو اتہِ 16ہِمہِ صٔدی منٛز تعمیٖر کرنہٕ ۔
3501,وۄنٛہِ گوٚو، اکھ گیم  چھِ 15 منٹَن ہٕنٛدٮ۪ن دون حصن منٛز تقسیٖم کرنہٕ یِوان یَتھ درمیان ترٛٮ۪ن منٹَن ہُنٛد وقفہٕ آسان چھُ ۔
3502,تمۍ سند مول اوس ٹی وۍ یس پیٹھ موسمُک حال ونن وول تہٕ   موج ٲسس ٹراول اجنٹ۔
3503,"مایکروسافٹٕکۍ سینیَر نٲیِب صدٕر سٹیون سینوفسکی یَن ووٚن زِ مائیکروسافٹَس چھِ آفسَس منٛز PDFفایلہٕ پٲٹھۍ بنٲومٕتۍ ڈاکمنٹ سیو کرنہٕ باپت ریتہٕ پتہٕ ریتہٕ 120,000 درخاست کران۔"
3504,سٹیٹ بنک آف انڈیا کہ طرفہٕ جمع کرنہٕ آمتہ اکہ تحقیقہٕ مطٲبق چھ اتر پردیش 27ہن ؤرین (1990-2017) ہٕنٛدس عرصس منٛز پنٛنہ ہیومن ڈیولپمنٹ انڈیکس (ایچ ڈی آیی) چہ درجہ بٔنٛدی بہتر بناونس منٛز ناکام رودمت۔
3505,"یم چِھنہٕ  عام طور استعمال سپدان ،  حالانکہ تم چِھ قانونی طور جٲیز ۔

"
3506,یہِ چُھ  كابے ہالیٖڈیٛز ہوم سٕٹے چہِ  وَتہِ پٮ۪ٹھ بیٚیہِ چُھ کوڈاگوہكِس  سارِوی کھوٛتہٕ تٕھدِس مُقامَ  تھاڈیانٛڈامولَس نَزدیٖک ۔
3507,باقٕی چھ سادٕ آسان ، یتھ کٔنہ زن پڈنگ تہٕ برتھ ڈے کیک۔
3508,زیورخ پولیسن وون ز سابو اوس زیورخ کس بھنہوفسٹریس ایونیو سۭتۍ چکر کران، یس شہرچ ساروی کھوتہٕ خاص شاپنگ سٹریٹ کہ ناوٕ سۭتۍ زاننہٕ چھ یوان۔
3509,"اگر تِم جوان تہِ آسن، تِمن کٔرِیو پونٛسہٕ سَمبالنس متعلق ہیٚچھناوُن شُروع۔
"
3510,سانہِ کامہ ہنز ہم آہنٛگی چھِ انسٲنی فہم تہٕ غلطیَن ہِنٛز معٲفی پیٹھ منحصر۔
3511,نظریٲتی طور چھ زندگی ہند چکر مختلف مرحلہٕ پیٹھہٕ مداخلت ہنز حکمت عملی کرتھ زندگی ہند چکر پھٹراوُن سہل باسان۔ 
3512,وٲے ! امۍ بینٛک منیجرن ژھٕنۍ كن صاف كرنہٕ باپت کنس منز اونگٕج ۔
3513,أمِس میٛوٗل 1989 تھس منٛز فِلِم رام جی راو سٕپیٖکِنٛگ منٛزٕ پننہِ فنہٕ سٕتہِ مٗتٲصِر كرنٗك جان موقہٕ  ، یتھ منٛز أمہ،  بد معاش رام جی راو سُنٛد کِردار ادا کوٚر۔
3514,"اثاثن ہِنٛدِ اَمہِ اِختِلافہٕ پتہٕ اوس چندی گڑھ تمہِ وِزِ بطور  قومی شناختٗك  شہر بناونہٕ کِس منصوٗبہٕ کٲم کرنہٕ خٲطرٕ اصل پٲٹھہِ تیار۔
"
3515,وۄستاد تہٕ طٲلب علم چھ پننہ معمول چہِ وردی بجایہ شوخ رنگن ہندِ پلو٘ لاگان، تہٕ شُرِ  چھِ روایتی کیک تہٕ میوٕ  مندرس منٛز پیش کرنہٕ خٲطرٕ سکوُل انان  ۔
3516,پتنجلی سندین اصطلاحاتن ہٕنٛدۍ پٲٹھۍ چھِ وِچارا (ٹھیک ٹھیک عکسی) تہٕ وِویک (امتیاز) ہِوۍ اصطلاحات استعمال کرنہٕ یِوان، مگر بیان چھُنہٕ کرنہٕ آمُت۔
3517,مے٘ اوس پریتہ مسامہٕ منز خٗشی پشپان ییٚلہ مےٚ آرلینٛڈو چہ ڈزنی ورلڈ پارکہ منٛز قدم ترٛوو۔
3518,نوِ سیٖزنٕچ نیلامی آیہِ 8 تہٕ 9 اپریل مٗمبیی منٛز مُنعقد کرنہٕ۔
3519,ایمریكاہس منز چھٗ نۄسخہٕ والین دواہن ہندِ استمالٗك شرح  تیزی سان دواہن ہندِ غٲر قونوُنی استمال كہِ  كھوتہٕ بڈان ۔ 
3520,حالانٛکہ سہ اوس بطور سینٹر بیک گنٛدان، تٔمۍ کٔرۍ 2003 کس سیزنس منٛز 10 گول۔
3521,یِہ چُھ کوہستانی لوٗکھ بولان تہٕ چُھ کوہستانٕچ اہم زبان۔
3522,زیادٕ ڈی بی ایس پتہٕ ، مریض ہیکن چیزن ناو دتھ تہٕ پنٕنۍ اتھٕ استعمال کٔرتھ ۔
3523,ٲخٕری یوٗ ای اٮ۪ف آیی وضاحتہٕ، ورژن 2.9، آیہ مارچ 2021 ہس منٛز جٲری کرنہٕ۔
3524,امہِ سٕتہِ چھُ  جٹہ سنگھس ناراض گژھان تہٕ  سنگھ سابس پیٹھ حملہٕ کران۔
3525,"بین الاقوٲمی معیشت تہٕ تجارتُک مطالعہ چُھ پروفیسر ہرویزس نِش موجود خیالاتن ہنٛد استعمال کرتھ کرنہٕ یوان۔
"
3526,کامن گراؤنڈ کامن گراؤنڈ چُھ اکھ غٲر منٲفہٕ بخش سمٲجی خدماتٕن ہنز  تنظیم ۔
3527,آرٕ  چھ مٗختلف پانونہِ تبدیل كرنہٕ یِنہٕ واجِنہِ لیترِ  مٗختلِف مواد ژٹنہٕ باپت  استعمال کران ۔
3528,"ڈبلیو ایف پی  چھُ  مانان زِ اہلکار چھِ وُنہِ تہِ ٲبی جہازَس پٮ۪ٹھ تہٕ   چھِ 'ٹھیٖکھ'۔
"
3529,منڈلا، بالاگھاٹ، سدھی، جبل پور، تہٕ باقی انتہٲیی مشرقی حصن منٛز چھ 150 سینٹی میٹر کھۄتہٕ زیادٕ رُود پیوان۔
3530,راجا رام، تمہِ سٕنز زنانہٕ جانکی بائی تہٕ موج سویرا بائی آیہ قید کرنہٕ ۔۔
3531,ہولِس مۄیہ اکتوبر 2018 ہس منٛز، اکہِ طویل بیمارِ پتہٕ، 77 ؤرِش۔
3532,1975 س منٛز، سُہ بنیوٚو سُہ اوشو سُنٛد شٲگِرد تہٕ 1980 کِس گۅڈنکِس کالس منٛز گوٚو سُہ راجسنیسپورم۔ 
3533,پننہ پیشورانہٕ زندگی دوران چھ تٔمۍ دۄیہ لٹہ کانگریس تقسیم کورمُت ییٚمہ سۭتۍ ریاستی سیاستس پیٹھ اہم اثر پیوٚو۔ 
3534,انگریزی یس منٛز چھِ 23 الفاظ یِم اکہٕ حرفس سۭتہِ تبدیل چھِ گژھان ۔
3535,بہٕ گوس خوش ییٚلہ مےٚ أکس خریٖدارس تہنٛدس شرس کیُتھ بہترین تحفہٕ ژارنس منز مدد کوٚر۔
3536,تپہ دق چُھ قدیم زمانہٕ پیٚٹھیہ انسانَن منٛز موُجوُد ۔
3537,16مہِ صدی ہُند تبتی بدھ مت مصنف تراناتھن دِیُت جنوبی ہندوستانَس منز وسیع علاقٲیی فتحن ہُند سہارٕ پنِنہِ انتظامیَس، مگر کینٛہہ تٲریخ دان چھِ شک کران اَتھ دعوا کِس تاریخی صداقتَس پیٹھ۔
3538,احمد سنز ہدایت کٲری منز بَنن واجینۍ تہنز تامل فلم واماننَن چھُ پورٕ جنوبی ہندوستان منز جان کامیاب۔
3539,"سُہ چھُ پبلک ہیلتھ فاؤنڈیشن آف انڈیا کِہ گورنِنگ بورڈُک چیئرمین تہِ۔
"
3540,میک کوے چھٗ چرچ آف کرائسٹٗک رٗکٗن ۔
3541,"مِثال پٲٹھۍ ٲس اگستَس منٛز سوفولکَس منٛز نَو ملین جعلی سگریٹ میلۍ مٕتۍ، تہٕ مئی یَس منز ٲس بیلفاسٹَس منز ٲٹھ ملین جعلی سگریٹ آمٕتۍ لَبنہٕ۔
"
3542,یِتھہٕ پٲٹھہِ  چُھ یہٕ شعور کہ ارتقاہچ اكھ وضاحت تہِ ۔
3543,"اگر تو٘ہہِ  تہِ چھِوٕ کران یتھ آیہ آر ایس ""غٲر وقتی ادایگی "" ونان چھٗ، یتھ منٛز نقٕد رقم کڑن شٲمل چھُ، تۄہہ ہیٚکوٕ کڑنہٕ آمتس رقمس پیٹھ کٲفی رقم ٹٮ۪کس ٲید گژھِتھ ۔ "
3544,کینژو ؤرۍ یَو پیٹھٕ چھِ رِیاست بینڈیَس حمایت کران۔
3545, پنُن مال کٕنٛنہٕ خٲطرٕتۄہہِ یہِ قۭمتُک یَرادٕ چُھو کوٚرمُت تَمہِ خٲطرٕ تھٲیِو چَلن وٲلہِ  عَدد ۔
3546,جاپانس تہٕ تھائی لینڈس منٛز تِہ چِھ خاندٲنی قبرٕ مشہوُر ۔
3547,چارلس ڈیوِس چارلس ڈیوِس چھ ٹینیسی والینٹیرس  خٲطرٕ اکھ سٲبقہٕ امریکی فٹ بال کِھلٲڑِ ۔
3548,بھرت ناٹیمُک ذخیرٕ چُھ تمام اہم کلاسیکی ہندوستٲنہِرقص كین قٕسمن ہندِ پٲٹھہِ ناٹیہ شاسترس منٛز پیشكش كین  ترٛیٚن ضُمرن پیٹھ پكان۔
3549,وقت گٗزرنس سۭتہِ سٕتہِ  چھِ کنگھٕوِ  مسٕچ رٲچھ راوٹھ كرنٕكہِ   اوزار بنیمٕتہِ ۔
3550,یہٕ ٹورنامنٹ چھ ایٚف آیی ایٚچ کِہ طرفہٕ تسلیم کرنہٕ آمُت، ییٚمۍ یِنہٕ والؠن سیزنن خٲطرٕ 30 ہن دۄہن ہنٛز وِنڈو فراہم کرنُک فٲصلہٕ چُھ کوٚرمُت تاکہ سٲری ٹاپ کھلٲڑۍ ہٮ۪کَن حصہٕ نِتھ۔۔
3551,اگر تُہۍ قرضس یا خراب مٲلی مشکلاتن منٛز چِھو، تۄہِہ چِھ امِہ مسلُک مقابلہ کرنک ضرورت۔ 
3552,تاہم   یوٚدوَے کنکال پٲٹھۍ، ہندوستانن ہارنوو میزبان 3–0، تہٕ ہنٛدستٲنہ ٹیمن زیوٗن پنن ملکک گۄڈنیوک اولمپک گولڈ میڈل۔
3553,سمتھن کٔر دسمبر 1994 منٛز سپیڈ وے موٹر سپورٹس شٲمل، تہٕ 24 فروری ہس منز 1995 کٔر سٹاکٕک حصہٕ پیش کٔرتھ کمپنی عوامس منٛز، ییٚمۍ 18 $ فی حصہٕ سۭتۍ ڈیبیوک شروعات۔
3554,وٕچھِو زِ تۄہہِ چھا دورنس   یا بیٛہِ كٗنہِ گِندنس مزٕ لگان ۔ 
3555,امہِ ؤرِیہِ گٔیہٕ ایٚن سی اے اے یس منٛز گۄڈنِچہِ لٹہِ نٔو آپٹِک لیٚدرِ رنٛگٕچہِ بال طٲہِر؛ یہِ چُھ تنہٕ پیٚٹھٕ ایٚن سی اے اے تہٕ ایٚن اے آیی اے کیٚن سافٹ بالن ہُنٛد باضٲبطہٕ رنٛگ بَنیومُت۔
3556,"خیال چھ یوان کرنہٕ ز 5,000 گرٕ چھ تباہ گٔمٕتہِ  تہٕ 5ژن  مٗلکن منز چھٗ سیلابن ہنٛد انتباہ جٲری كرنہٕ آمٗت  یتھ منٛز64 سینٹی میٹر روُدٕٗك  توقع چھٗ ۔"
3557,جٗلایۍ 2019 ہَس منٛز گوٚو سُہ آسٹِریا کِس بَنڈس لیگا کلب ریپِڈ وِیٖنس منز ۔
3558,کانگریسَس رُوز اروٗناچل پردیش، دِلہِ، کیرالہ، مہاراشٹر تہٕ پنجابَس منز ؤری وادَن زبردست انتخٲبی اکثریت حٲصل۔
3559,"یہِ گینٛگ آیہِ مئی 1815 ہَس منٛز مزید گَرٕ لوٗٹنہٕ خٲطرٕ نِیو نارفوک واپس ۔
"
3560,"شہر کِس مرکزس منز یا زیإ یژھِمٕتِس  علاقس منز روزنہٕ خٲطرٕہ ہیکہِ  شہرٕ كِس مضافٲتی  علاقس منز روزنہٕ کھوتہٕ زٕ یا ترےٚ گۄنہٕ  زیادٕ قٲمتھ ٲسِتھ ۔
"
3561,"سرجری روُز کامیاب، تہٕ سُہ آو مزید علاجہٕ خٲطرٕ کوئٹو واپس۔
"
3562,یمو ماسٹرو کٔر سمندر پار چینی برادرین منز پرناون شروع مگر ٲخر کار بڑٲو تمو پننۍ تعلیم باقی نسلی گروپن ہندۍ لوکھ شٲمل کرنہٕ خاطرٕ۔
3563,یم زرٕ  چھِ اکھ اکِس سٕتہِ ٹھو٘ل كرِتھ تمامن طرفن  نژان۔
3564,پاسٹٹن چھ باویریا، جرمنی کس ایرڈنگ ضلعس منٛز اکھ بلدیہ۔
3565,گولفُک پریتھ دور چھُ أکِس مُقرر تَرتیٖبس منٛز کینٛہہ ذدٕ گنٛدٕنَس پیٹھ مبنی۔
3566,اتھ منٛز حصہٕ ننہٕ والین باقین حریفن منٛز ٲسہِ سکیٹر فلپ کینڈیلورو، فٗٹ بالر سلوین وِلٹورڈ، سنو بورڈر اینی فلور مارکسیر، سوِمر  ایلین برنارڈ تہٕ سائیکلِسٹ  جینی لونگو شٲمل ۔
3567,کانٛہہ تِہ بوٚڑ عیسٲیی گروپ چُھنہٕ تھامس سٕنٛدِس گاسپیلَس بطور کینن قبول کران۔
3568,سُہٕ اوس 2009 منٛز باراک اوباما سنٛد صدارتی افتتاحس منٛز واحد نمایاں گلوکار۔
3569,"یہ چھ بوبی کراسبی سٕنٛز امی ناوٕچہ گرافک ناولہ پٮ۪ٹھ مبنی۔
"
3570,ٲٹھ ساس وٕریہہ برونٛہہ پر٘یتھییہِ  جنوُبی چینس منز ڈاوس تہذیب ۔
3571,پشتون ستیا گرہ كرن والیو  کٔر عدم تشددس منٛز پنٛنہِ تربیتہٕ مطٲبق کٲم، ییٚلہِ فوجن تمن پٮ۪ٹھ فایرنٛگ کٔر تمو دیُت رضاکارانہٕ طور پان گولٮ۪ن بٗتھِہ ۔
3572,سکاوٹن خٲطرٕ ٲس نہٕ کانٛہہ زیر زمین چھپن جایہ، حالانٛکہ تِمن آسہٕ چھپن جایہ نامزد کرنہٕ آمژٕ تہٕ کیمپ کہ گۄڈنکہ دۄہ ٲس ہنٛگٲمی منصوٗبن پیٹھ کتھ باتھ کرنہٕ آمٕژ۔
3573,تو٘ہہہ ہیٚکو فون نمبر چیز كِس وۄلتِس  یا رسیدس پیٹھ لبِتھ ۔
3574,مستقبلس منٛز، ییٚلہ کانٛہہ خاص جذبات تۄہہ متٲثر کرِ، امہِ پتٕہ روُویو٘ خریدٲری ہنٛزِ تٲجلی  خٲطرٕ تیار تہٕ تۄہہ آسن یہِ ماننٕكہِ كم امکان۔
3575,کرسی زاو نِو یارک شہرس منز 1920 کین گۄڈنیکین ورِین منز۔
3576,"چنئی شہرس منٛز چھ شیٚن ہفتن ہنٛد عظیم الشان ""میوزک سیزن"" تہ منعقد گژھان، یتھ دنیاہک ساروی کھۄتہٕ بوٚڑ ثقافتی پروگرام ونٛنہٕ چھ یوان۔"
3577,یہِ نظام گوٚو 2004 ہَس منٛز تَمہِ وِزِ طرفدٲری  نٮ۪بر ییٚلہِ پروفیشنل سکواش ایسوسیشنَن (پی ایس اے) ین پی اے آر ایس پٮ۪ٹھٕ 11 ہَس منٛز تبدیٖل کرنُک فٲصلہٕ کوٚر۔
3578,یہ چھ ڈیٹاہ راونہٕ ورٲیی واریاہن ڈسکن ناکام گژھنک اجازت دوان۔
3579,یہٕ گو متحدہ امریٖکاہس منٛز 12 مس نمبرس تہٕ کینیڈا منٛز 3 ؔمس نمبر پیٹھ۔
3580,اورنگ آباد گۄپھہٕ آیہٕ شیٚیہِ مہِ تہٕ سٔتمہِ صٔدی دوران ہناہ  نَرم سنٛگہِ سَیاہ کنہِ بالہ منٛز کھننہٕ۔
3581,"2017 ہس منٛز، ٲس اوسط حٲضری وینکوورس منٛز 3,200 فی كھیل  پٮ۪ٹھٕہ بفیلوس منٛز 15,000 کھۄتہٕ زیادٕ تام۔"
3582,"یہِ ییہِ 2020 فیفا انڈر 17 وومینز ورلڈ کپ خٲطرٕ دُبارٕ استعمال کرنہٕ۔
"
3583,ویب ایڈریسک ٲخٕری حصہٕ چھ ویکیپیڈیا مضمونک عنوان۔
3584,فوبِیا آیہِ 27 مے 2016 ہس کیُتھ جٲری کرنہٕ یتھ جان ردِ عمل میٛوٗل، تہٕ رادِھکا آپٹے نہِ اداکٲری آیہِ سیٹھاہ داد دِنہٕ۔ 
3585,اكِس گٲو تہٕ اكِس ہوُنِس تہِ چھُ كھین دِنہٕ یوان ، تہٕ برہمنن تہِ چھُ كھین پیش كرنہٕ یوان ۔ 
3586,اَمہِ سۭتہِ گوٚو أمہِ سٕنٛدٮ۪ن ژۄن نیٚچوٮ۪ن منٛز وَراثتہٕ خٲطرٕ جنٛگ  شروع یَتھ منٛز أمہِ سٕنٛدِ ترٛیٚیِم نیٚچِوِ، اورنٛگزیبن زیٛوٗن تہٕ پنٛنِس مٲلہِ سنٛدِس تخٕتس پیٹھ قبضہٕ كو٘ر ۔
3587,"وۄں گو٘و ، ییٚلہِ سُہ کُمار سُند گَرس گوٚو سُہ آو غلط فہمی ہِنٛدِ وجہہ سۭتۍ گیٹ کیپر سٕنٛدِ دٔسۍ ژلراونہ۔
"
3588,سُہ اوس 1  اکتوبر 2020 پیٹھہٕ کُک آئی لینڈزٗک وزیر اعظم  ۔
3589,ٹریوڈن کوٚر شکاگو کس مضافاتس منٛز پنن ہمسایہ، یتھ لیک فاریسٹ ونٛنہٕ چھ یوان، ناراض۔
3590,"چرٕس یا حٔشیٖش خٲطرٕ پایپہٕ ہٮ۪کن دھات، لٔکر یا شیٖشو ٲستھ۔
"
3591,یہ چھ وشاکھاپٹنم شہرس منٛز وسن وول ساروٕے کھۄتہٕ بوٚڑ دریاو۔
3592,"لینیادری گۄپھہٕ چھے٘ گۄڈنِچہِ تہٕ ترٛیٚیِمہِ صٔدی عیسوی درمِیان چہِ  تہٕ ہین یان  بودھ رٮ۪وایتَس سۭتہِ تعلٗق تھاوان ۔
"
3593,"یِمَن راے ہٕنٛدِس وزنَس پیٹھ دِیُت مارشلَن دۄشوٕنی سایٹَن ہُنٛد اَہَم ڈیٹا أکِس جایہِ پٮ۪ٹھ اننُک حُکُم تہٕ دِژٕن بنرجی تہٕ ساہنی یَس مُشترکہٕ بحث خٲطرٕ دعوت۔
"
3594,وۄنٛہِ گوٚو، مغربی بنگال، اوڑیسہ، آندھرا پردیش، کرناٹک تہٕ مٗمبئی ہندین  کینٛژن حصن منٛز تہِ چھُ شمال مشرقی وَہرٲژ سۭتہِ معموٗلی روُد پٮ۪وان۔
3595,حسینَ آو  2015 منٛز زِیٛادٕ تَر فلمن منز  تِکیٛازِ أمِس گیہ  انٛگریٖزی، ہِنٛدی، بنٛگٲلہِ  تہٕ أمہ،  سٕنٛز گۄڈٕنِچہِ    تامل تہٕ مرٲٹھہِ  فلمہِ ریلیز  ۔
3596,دھماکہ خیز مواد چِھ گاڈٕ رٹن والٮ۪ن خٲطرٕ تہ خطرناک ، ییٚمہ سۭتۍ حٲدثہٕ تہٕ زخم چِھ گژھان ۔
3597,"گواسکرن کٔر پنٕنہِ بین الاقوٲمی پیشورانہٕ زِندگی 1987 تھس منٛز کرکٹ ورلڈ کپ سۭتۍ گول ۔
"
3598,شارلٹ شارلٹ چھ اکھ فرانسیسی مُولہ  زنانہٕ ناو ۔
3599,سُہ اُوس 2019 کس انتخابس منٛز ارجنٹینیٲیی  صدارت باپت  اکھ وۄمیدوار۔
3600,مثلن، اگر تہنٛدس گرس منٛز ٹی وی سروس چِھ، مگر تۄہہ منٛز چُھ صرف اکھ ٹی وی وٕچھان، تیٚلہ چھنہٕ اتھ خاص خرچس تقسیم کرنُک کانٛہہ مطلب۔
3601,یہ اوس 1936 ہس منٛز واریاہ غریٖب ییٚلہ خانہ جنگی لڑٲے ؤژھ۔
3602,بھکتی تحریکن دیُت بھگوان تہٕ عقیدت مندن درمیان باہمی شدید جذبٲتی تعلقس پیٹھ زور ۔
3603,الکوئانو چُھ اکھ فٹ بال کلب یس سپینس منٛز گنٛدان چُھ ۔
3604,أکِس بھیڑ ہنز خصوٗصِیژ چھِ رُکنہٕ ورٲے حَملٕہ۔
3605,"توتہِ، رُکٲو نہٕ أمۍ سِنٛگاپور حکوٗمتَس یِنہٕ وٲلۍ پھٲنٛس دِنہٕ خٲطرٕ برٛونٛہہ کُن۔
"
3606,دارٗلعلوُم دیوبند دارٗلعلوُم دیوبند چُھ ہندوستانس منٛز اکھ اسلامی مدرسہٕ ۔
3607,اَمہِ علاوٕ ییلہ تُہۍ اکھ مضبوٗط غیر فعال آمدنی ہُند ذریعہٕ بنٲوِو، تُہۍ ہیٚکِو باقِین یہِ ہیٚچھناوِتھ تہ زِیادٕ پونسہٕ زینِتھ۔
3608,"یہِ چُھ تَمہِ وِزِ سپدان ییٚلہِ کانٛہہ شخص غیر ارٲدی طور پیشاب کران چُھ ییٚلہِ سُہ شونٛگِتھ آسہِ۔
"
3609,"2003 ہس منٛز آو لی نٲیب صوبٲیی پارٹی سربراہ سٕنٛد حیثیتہٕ ہیلونٛگ یانٛگ سوزنہٕ۔
"
3610,بھرت ناٹیم روُد 19 مہ صٔدی دوران  ہیٚنٛدِ مندرن خٲطرٕ مخصوص ۔
3611,"پایِن ایپٕل تہٕ ربڑ باغ چھِ عام زرعی پیداوار۔
"
3612,1982-83 کِس برصغیر موسقُک آغاز گۄٚو گواسکرنہِ خٲطرٕ اصل، تِکیٛازِ أمہِ  کٔرِ مدراسس منٛز سری لنکاہَس خلاف وٲحِد ٹیسٹس منٛز 155 رنہٕ۔
3613,تَمہِ دورٕچن کینژن فِلمن ہندۍپٲٹھۍ اوس اچھوت کنیا اکھ اصلٲحی نمونہٕ یَتھ منٛز اکھ برہمن لڑکہٕ اوسُکھ ہوومُت یُس ہندوستٲنی معاشرَس منٛز اچھوت کورِ سۭتۍ اوس محبت کران۔
3614,"1965منٛز کٔر چمپک لال دمانی تہٕ دھیرو بھائی امبانیَن پنٕنۍ شراکتہٕ ختٕم تہٕ امبانیَن کوٚر  پانَے شروع۔
"
3615,یہِ چھٗنہٕ  واضح کاروٲیی ہنٛد وجہ کیا اوس ییٚمہ سۭتہِ یہ حٲدثہٕ سپٗد ۔
3616,آینس ٹینیم آینس ٹینیم چھٗ اکھ کیمیٲئی عنصر یمیُوک ایٹمی نمبر 99 چھ ۔
3617,وۄنۍ گوٚو، حٮ۪فاضتی اہلکار روٗدۍ سٔرور ژٔٹتھ تھاونس تہٕ بنٛد کرنس منٛز کامیاب۔
3618,زیٛادٕ تر کیمپن منٛز ٲس ناقص صفٲیی  تہٕ آلودٕ آب کہ وجہ سۭتۍ پیچش انتہٲیی عام۔
3619,اَمہِ پتہٕ کٔرِ  سٔلیٖمن اَکھ أکِس پَتہٕ، شاہانہٕ مُغلن تہٕ راجپوٗت خانٛدانن ہنزن  واریاہن شَہزادیٚن سۭتہِ خانٛدر۔
3620,تٔمہِ پو٘ر نینی تال، ہندوستان کِس  شیر وٗڈ کالیجس منٛز  ۔
3621,فریڈی بمقابلہ جیسن-فریڈی بمقابلہ جیسن چھ اکھ 2003 امریکی ہارر فلم۔
3622,خالصہ ہٕکۍ قیامن کوٚر سکھ برادری مختلف مغل حمایت یافتہ دعویدارن خلاف متحد۔
3623,ٹرانس اٹلانٹک غلام تجارتن کوٚر غٲلِبن افریقہ پیٹھہٕ مغربی نیصف کٗرہس منز یلو فیور متعارف۔
3624,حالانٛکہ کٗنہِ  منفی اثرٗك اطلاع  چھٗنہٕ ،  یہ چھٗنہٕ واضح ز عام علاج کہِ  مٗقابلہٕ  ہٮ۪کن یمو پیدل پکنہٕ کٮ۪و پروگرامو سۭتہِ  نتٲیج بہتر سپدِتھ ۔
3625,حملس منٛز گٔیہ پانٛژھ نفر ہلاک تہٕ واریاہ زخمی ۔
3626,یِمن چھَکھ عدالتَس منٛز بیٛکہِ پیٖشی تام ناو دباونک اِجازت دیُتمت۔
3627,جنوب مغربی مون سون چھ عمومن جون کس ٲخری ہفتس منز یوان تہٕ ستمبر کس وسطس تام روزان۔
3628,وومینز لیکروس ورلڈ کپ (ڈبلیو ایل ڈبلیو سی) گوٚو 1982 منٛز شروع۔
3629,سوویت دورس دوران آو نہٕ جی آریۄو کہ وجودُک تشہیر کرنہٕ۔
3630,درُسۍ دُنِیِہچن فنکارانہٕ عملن ہٕنٛز طریٖقہٕ زان چھٛے بُٹوہَس ـ
3631,جان ہِگِنس اوس پنٛنہِ راے مُطٲبِق خاص پٲٹھہِ آواز بلند کَران زِ ورلڈ سنوکرَن کٔر نہٕ نَین علاقن خاص کٔرِتھ مشرقی یورپس منٛز کھیلَس فروغ دِنہٕ خٲطرٕ کٲفی کٲم۔
3632,تھدین  ڈیویڈنڈن ہنز  ادائیگی چھِ واریٛاہ اصل، مگر صرف تیلہِ ، ییٚلہِ  ادا کرن واجیٚنہِ  کمپنی زندٕ روزِ۔
3633,نژن وٲلہ چھِنہٕ پنٛنیٚن گۄڈن  گھنٛٹی لگاوان بلکہ چھِ پاں زیبہٕ   تہٕ کھۄرن ہٕنٛدِ زیور لگاوان۔
3634,اگر تو٘ہہِ كٗنہِ چیزٗك فٲصلہٕ كرِتھ چھِوٕ نہٕ ہیكان ، سٹورس مٲریو بیاكھ چكراہ تہٕ اتھ مٗتعلق  سوُنچِو٘ ۔ 
3635,قعلس منز باگ اوس اكھ قعلہٕ یٗس تتین اوس ییتین از بھارتی پارك واقع چھے٘۔
3636,یہٕ تہٕ ہندوستٲنہِ فلاسفٕكہِ باقیہ  پہلو آیہٕ 19مہٕ صدی ہندِس وسطس دوران تعلیم یافتہٕ مغربی عوام كِس توجہس منز ۔ 
3637,مٗشترقہٕ انفیکشن کِنہِ  چھ وایرس میلِتھ ہیكان ، شكل بدلٲوِتھ ہیكان ، تہٕ اكھ نو٘و قٕسم بناوان یتھ مٗتلعق میزبانس مٗختلِف مدافعت  آسان چھے٘ ۔
3638,ویب ایپلیکیشنن ہنٛد مجموعہٕ ہیکو سپیچ ویب براوزرک استعمال کٔرتھ نیویگیٹ کٔرتھ۔
3639,ٹیسٹ پایلٹن وٗچھ ہوٲیی جہازس منز کینٛہہ چیز خراب۔
3640,"ہینڈرکس، اوکلاہوما - ہینڈرکس چُھ امریکی ریاست اوکلاہوما ہک اکھ قصبہٕ۔
"
3641,"بڑوٕنۍ وٲنٛس چھِ فالجُک خطرٕ سارِوٕے کھۄتہٕ اَہَم عواملو منٛزٕ اکھ۔
"
3642,"بہٕ اوسٗس  خوش قسمت ز مےٚ میجہِ  ازِكہِ باپت  ""آدِ پٗرش"" چہِ  میٹنی ٹکٹ۔ ژے٘ وٗچھِتھٕہٕ یہِ ؟"
3643,رحمانن چھ یہ ٹریک گیوٚومت تہٕ کمپوز کوٚرمت یتھ منٛز ریپ تہٕ گوٚب پارکسشن شٲمل چھ۔
3644,پورٕ دُنیاہَس منٛز آیہِ آئی او ایس تہٕ اینڈروئیڈ 22 اکتوبر 2014 ہَس منٛز جٲری کرنہٕ۔
3645,پرنٹ میڈیاہَس منٛز چھِ زِیٛادٕ تَر تیلگو تہٕ انگریٖزی اخبار آسان۔
3646,ریاستہائے متحدہس منٛز، گیتہٕ آو جولائی 1997 منٛز رلیز کرنہٕ۔
3647,اَیان چُھ دویمِہ دۄہ جاٹَوَس اتھ متعلق سوال کران تہٕ یِہ مقدمہٕ حل کرنٗك تحیہ كران ۔
3648,یہِ منصوٗبہٕ  اوس وِہار سر کِس جنوٗب مشرِقس منٛز (اکھ واریاہ بوٚڑ سر) مُمبئی شہرس آب فراہم کرنہٕ خٲطرٕ آبی قحطس خلاف  اِقدام پٲٹھۍ بناونہٕ آمُت۔
3649,"فلاچن چھ دعوی کران زِ ""سکرپٹ چھ ظٲہر کران زِ کاشتکار کتھ کٔنۍ چھ قٲعدن تہٕ ضرورتن پیٹھ عمل کرنہٕ خٲطرٕ پابند کرنہٕ یوان۔"""
3650,بالہِ ہٗند كٗنہِ تہِ آوٹ لٲنہِ ٹِن چہِ پیٹھمہِ  لٲنہِ پیٹھ پیو٘ن چھٗ آوٹ ماننہٕ یوان ۔
3651,کیرالہ ہس منٛز چھ صرف27.3% خاندان پننہ روزگارٕ باپت زمین لاگنس پیٹھ دٔرِتھ، یُس ہندوستانس منٛز ساروٕے کھۄتہٕ کم شرح چھُ۔
3652,یمن نسلن منٛز چھ آسٹریلیٲیی  شیفرڈ، بارڈر کٗلی، کٗلی، شٹ لینڈ شیپ ڈاگ، ویلش کورگی، پائرینین شیفرڈ، مٗڈی، بیوسیرون، کیٹاہولا کر، ڈنکر، گریٹ ڈین، ڈیچ شونڈ تہٕ چیہواہوا شٲمل۔
3653,وۄنہِ گوٚو، حیدر چھ ژلان تہٕ پنٛنٮ۪ن دون اغوا کارن ، سلمانن، تہٕ تٔمۍ سٕنٛدٮ۪ن بر٘وُن٘ہمین  دوستن بے رحمی سان قتل کران، یم تٔمہِ سٕنٛدِ اوُرِ روزنس دوران پرویزس خٲطرٕ  مٗخبربنمٕتہِ ٲسہِ ۔ 
3654,بہٕ چھس پریشان گژھان ییٚلہ بہٕ پننس أکس سٲتھیس سۭتۍ کتھ چھس کران تکیاز سہ چھنہٕ مےٚ کتھ پوٗرٕ کرنہٕ دوان تہٕ چھ میانِہ کھۄتہٕ بَڈ کتھہٕ کران۔
3655,پولیسنگ مقصد باپت چھےٚ دہلی 11 پولیس ضلعن منٛز تقسیم کرنہٕ آمٕژ، یم مزید 95 مقٲمی پولیس تھانن منٛز تقسیم کرنہٕ آمٕتۍ چھ۔
3656,علاماتن ہنٛد آغاز چھُ عموٗمن انفیکشن پتہٕ ترٛیٚیہ پیٚٹھٕ اکوُہن دۄہن تام گژھان ۔
3657,تمہٕ وقتہٕ پیٹھہٕ 1940 ہس تام ٲسۍ نہٕ زیادٕ وبا۔
3658,دیوتا بادشاہن پتہٕ ٲسۍ تم بادشاہ یم أڑۍ دیوتا تہٕ أڑۍ انسان ٲسۍ۔
3659,حال  حالٕے چھ گولف تہٕ اتہ مقبول گوٚمت تہٕ رانی کھیت چھ امہ باپتھ اکھ اصٕل مقام۔
3660,"گۄڈٕنِکِس ٹیسٹس منٛز تٔمۍ سٕنٛز 205 رنو بنٛوو سُہ ویسٹ انڈیزَس خٕلاف ہندوستانَس منٛز ڈبل سنچری بناون وول گۄڈنیُک ہندُستٲنۍ۔
"
3661,ہولکایہِ سوُنٛچ ز تس كرِ اكھ پلو٘ حفاضت مگر یٗس بچوو سوُ اوس پر٘ہلاد تہٕ ہولِكا دٕز نارس منز ۔ 
3662,آماہن ہِنٛدِ خٲطرٕ چھےٚ اَنیٚن ہِنٛدِس رسم الخطس منٛز کِتابہٕ، آڈیو کِتابہٕ، تہٕ ٹیٚکسٹ ٹُہ سپیٖچ کمپیوٗٹر پرٛوگرام، مِشیٖنہٕ تہٕ ایٚلیٚکٹرٛانِک کِتابہٕ پرن وٲلۍ تدبیٖر موجود۔
3663,یِم جزیرٕ چھِ برطانوی بحر ہند علاقہٕ بناوان ۔
3664,بڑ سایزچہِ فلاپی ڈِسکہٕ گیہ1990 کس دہلس منٛز دٔستیاب ۔
3665,"اَمہِ کِس نتیجس منٛز چھُ ممکنہٕ طور  ہیموگلوبن A2 ترکیب منٛز ترقی پٲٹھۍ اضافہٕ گژھان، ییٚمہِ سۭتۍ خوٗنٕچ کٔمی  حل  چھ گژھان۔
"
3666,اِنڈونیشیا، پاپوا نِیو گِنی، تہٕ میلانیا چِھ مائکرونیشیا کِس جنوُبس منز۔
3667,مہاراشٹرا ہٕچ معیشت چھ مینوفیکچرنگ، بین الاقوٲمی تجارت، ماس میڈیا (ٹیلی ویجن، موشن پکچر، ویڈیو گیمہٕ، ریکارڈ شدٕ موسیقی)، ایرو سپیس، ٹیکنالوجی، پٹرول، فیشن، ملبوسات تہٕ سیاحت سۭتۍ چلاونہٕ یوان۔
3668,تٔمۍ کٔر پورٕ ؤرۍ یس گیون محفل تہٕ باقی پرفارمنس تہ منعقد ۔
3669,ٹیل نیٹ چُھ دۄن کمپیوٹرن درمیان ڈیٹاہک تبادلہٕ کرنُک اکھ آسان طریقہٕ۔
3670,سٹیڈیم چُھ ایف سی دینامو ٹبلیسی تہٕ جارجیا کہ قومی فٹ بال ٹیمک گرٕ۔
3671,"17 ہِمہِ صٔدی ہِنٛدِس زِیٛادٕ تَر حِصس تام روٗد کرکٹ اکھ عام مقٲمی  شوق ۔
"
3672,فلاپی ڈسک چھ کمپیوٹر ، لیپ ٹاپن یا باقی آلن درمیان معلومات مٗنتقل کرنہٕ خٲطرٕ استعمال یوان کرنہٕ ۔
3673,امہٕ قسمٕکۍ مقبرٕ چھ آیرلینڈ تہٕ سکاٹ لینڈس منٛز بٔڑس تعدادس منٛز لبنہٕ یوان۔
3674,تِمَن چھِ جاپان ایکڈمی ایوارڈ تہٕ جیپنیز ی ایکڈمی ایوارڈ تہِ وننہٕ یِوان۔
3675,اَتھ منٛز چھِ شویتا ترپاٹھی تہٕ جتیندر کمار مرکٔزی کِردارن منز ، ییٚلہِ زَن وِپِن شرما، دیٖپِکا امین، تہٕ برجیندر کالا معاون کِردارَن منٛز لبنٕہ یوان چھِ ۔ 
3676,مقدمٕن ہنز  اکثریت چھِ سماعت لگنہٕ  برٛونٛٹھٕیہ  طے سپدان۔ 
3677,پننِس ترٛیمِس سیزنَس منٛز اوس سُہ لیگُک دۄیِمہِ پٮ۪ٹھٕہ تھو٘د سکور کرَن وۄل۔
3678,"سوال چھُ یہِ زِ دۄیو منٛز کۄسہٕ  پرنیہ  چِھ صحیح؟
"
3679,"اگر تۄہہِ پنُن کنٹینر تۄہہِ سوزٕنٕچ ضٔروٗرت چھِ، تیٚلہِ چھُ تجویز كرنہٕ یوان  زِ تو٘ہہِ  کٔرِیو ٹِلٹ بیڈ رول آف ٹرکہِ ذٔریعہٕ ڈلیوری ہٗند  درخواست کرنچ  پوُرٕ کوُشِش۔
"
3680,یہ تقریب ٲس سکول کہِ اختتامٕچ نشاندیہی  کران مگر امیُک مطلب اوس نہٕ خاندر گر٘اك  زندگی ہُنٛد فوری آغاز۔
3681,پتہٕ، اکہ راتہٕ چھےٚ شریا شبری تہٕ أمہ سٕنٛدس خانٛدارس ترلوچنس پتھ کھسان وٕچھان، تہٕ چھےٚ تمن پتہٕ پکن شروٗع کران، صرف أکس خوفناک رازس ژھانٛڑنہٕ خٲطرٕ یس گام چھ تھوان۔
3682,"پانس پیٹھ کینٛہہ گوٚب تراونہٕ سۭتۍ ہیکہٕ شدید زخم لگتھ یتھ منز ٲڈجہٕ پُھوٚٹُن تہٕ شٲمل چِھ۔
"
3683,شاستری ین کٔر1920  تہٕ 1950 ہس درمیان باقٕیہ بییہ زِندٕ كرن والین سٕتہِ رلِتھ كٲم ،  خاصكر  بالاسرسوتی تہٕ باقین سٕتہِ یمو بھرت ناٹِیم  بچاونٗك تہٕ بییہ زِندٕ كرنٗك قصد كورمٗت اوس ۔
3684,یہٕ گرجا گھر چھ جنوبی جرمنی منٛز گوتھک فن تعمیرچ اکھ واریاہ اصل مثال۔
3685,بولنہٕ ینہٕ واجیٚنۍ اوڈیا چھنہٕ یکساں تکیاز پوٗرٕ ریاستس منٛز چھ مختلف بولہِ بولنہٕ یوان۔
3686,باقی مسلہٕ ہیٛکن بے قابو یا لۄکٹ پیشاب نہ رکٲوِتھ ہیکُن ۔
3687,"کانٛہہ مداخلتی مطالعہٕ چُھنہٕ یُس براہ راست ایف ایچس منٛز کلیسٹرول کم گژھنٗک موتہٕ نِش  فأئدٕ ظٲہر چُھ کران ۔
"
3688,یہِ چھٗ اکھ  مضامینن ہنٛد مجموعہٕ یتھ منٛز مشرقی بالٹیمورس منٛز سیاہ فام آوازٕ  چھِ  ۔
3689,مطالعو چھِٗ تجویز کورمٗت   زِ ہائیڈروجن سلفائڈ چُھ  وتہِ منز خ،س اكِس اینزایمس  ، شاٹ چین  ایسیٹل-سی او اے ڈِہاڈروجینیس ،  ، منز دخل دِتھ  بیٹا آكسیڈیشن وتھ خراب كران ۔ 
3690,ٲمہٕ وقتہٕ ہٮ۪وٚک نہٕ علاؤ الدینن جلال الدین سنٛدٮ۪ن تمام پٔتمٮ۪ن علاقن پٮ۪ٹھ پَنُن اختیار استعمال کٔرِتھ۔
3691,یورپس منٛز چھِ مُختٔلِف مُلکَن منٛز زٔمیٖنہِ ہندین مٲلِكن تہٕ كوہ پیماہن ہندین حقوُقن باپت مٗختلِف قوٲیدِ ۔
3692,اہم ساحلی بٔٹھۍ چھ کوولم، ورکلا، کوزی کوڈے، فورٹ کوچی، چیرایی، الاپوزا، پونانی، کدالونڈی، تنور، چالیام، پییمبلم، کپاڈ، موزاپلنگڈ تہٕ بیکلس منٛز۔
3693,"دُرگا پوٗزا تہوار چُھ دیوی دُرگا سٕنٛز شکٕل بدلاوَن وٲلِس، دوکھہٕ دِنہٕ وٲلِس تہٕ طاقتور مٲشِس راکشس مہیشاسورس خلاف جنٛگس منٛز فتحٕچ نشاندٕہی کران۔
"
3694,سانِہAC یچ تار ژٹنس پیٹھ چِھ مےٚ گلہری پیٹھ سخت شرارت ۔ (شخص 2)
3695,جنگس منٛز چھےٚ سۄ پٔرسی  سۭتۍ لڑنہٕ خٲطرٕ کٲفی ہو٘نر مند ۔
3696,"""ٹیپ فار کریڈٹ"" بٹنس پیٹھ كریو ٹیپ ، یا كریو  کریڈٹ کارڈ مشینہِ ہُنٛد استعمال شروع ییلہِ  کُل  میزانچ بییہِ مۄلہ آنكون كرنہٕ یی ۔"
3697,ووشو اوس سکیٹ بورڈنگ، رولر سکیٹنگ تہٕ سٕپورٹس کلایمبنگ سۭتۍ 2014 نانجنگ سپورٹس لیبک تہ حصہٕ۔
3698,دوُر مشرقی ضلعس منٛز چھِ دٕہ ہ باقیہ  وفاقی موضوعات تہِ ۔
3699,امچ ہٮ۪دایت کٲری ٲس ڈیوڈ لویل رچن کٔرمٕژ تہٕ ٲس راس ہنٹرن  سنز پیشكش ۔
3700,اتھ طریقس منٛز چھ اکھ سرٛون جنگی نظام یتھ جِسمٕكہِ حصہٕ نِشانہٕ بنٲوِتھ ہیكوكھ ۔
3701,مۄغل سلطنت ٲس جنوبی ایشیاہس منٛز اکھ اسلٲمی ریاست یتھ پٮ۪ٹھ تیموری خاندانٕچ حکوٗمت ٲس۔
3702,یہٕ چھٗ واریہن کنین منٛز لبنہٕ یوان، ییتھ کنہِ زن گرینائٹ، سینڈ اسٹون، گنیس تہٕ سلیٹہٕ، تہٕ کینژن دھاتن منز ۔ 
3703,ییٛلہِ زَن واریاہ زَدٕ  چِھکھ ٹیٖنٛگ علاقہٕ پٮ۪ٹھ بَبزِس تام سیوٛدُیہ  لٲنہِ بنٲوِمِٕ چھِكھ ، کینٛہہ زَدٕ ہٮ۪کٮ۪ن دٔچِھنہِ  یا کُھووُرِ مٗڑِتھ ۔
3704,نیٚچُو زینہ  سپز سۄ امہِ بد دُعا نِشہ آزاد ۔ 
3705,بناسینن کوٚر بھیمس چلینج تہٕ وُژھے کوٚرُن بھیمس پیٹھ گدا سۭتۍ حملہٕ۔
3706,"تٔمۍ تروو 1946 ہس منٛز تعلیٖم، ییٚلہ تٔمۍ پنٕنۍ گۄڈٕنِچ تحریری کٲم شایع کٔر۔
"
3707,واٹر گیٹ سکینڈل کہ وجہ كِنہِ  دِیٗت نِکسنن 9 اگست 1974 استفا۔
3708,فیروز شاہ تغلق سُنٛد پسندیدٕ، نیچِوِ سُند نیچٗو گُزرِیو 1376 تھس منٛز ۔
3709,یہٕ آو 1969 ٹھس  منٛز سیلویڈور ڈالی سٕنٛد دٕسہِ ترتیب دِنہٕ ۔
3710,یُتھُے تہۍ یلہٕ ترٛاونہ برۄنہہ أکس گنٛٹس  منز وٲتِو، ہشارٕ روزو تہٕ لٲن مہ ترٛٲیو!
3711,آیِسکِریم ٲس گۄڈنچہ لَٹِہ 500 قبل مسیح منٛز فارَسس منٛز کھینہٕ آمٕژ۔
3712,رتھ چھِ لٔکرِ ہٕنٛدِ بٔڑِ بٔڑِ ہگرٕ وٲلہِ  ڈھانچہٕ، یِم پرٛٮ۪تھ ؤرِیہِ نٔوِ بناونہٕ یِوان چھِ تہٕ یمن  عقیدت منٛد  لمان چھِ ۔
3713,سہ اوس بطورِ چیلسی تہٕ قومی ٹیم کہ کھلٲڑۍ سٕنٛدۍ پٲٹھۍ زانٛنہٕ یوان۔
3714,"شرٲبہِ زنانن ہنٛد خانٛدر چُھ تمن سٲتھِین  سۭتہِ گژھنٗک اِمکان  یم شرابہِ مردو كھو٘تہٕ زیادٕ  چوان چِھ ۔
"
3715,"سہ آو ہیوسٹن، ٹیکساس کس میتھوڈسٹ ہسپتالس منٛز سوزنہٕ تہٕ کٔرہس ایمرجنسی سرجری۔
"
3716,یہ اوس واریاہ  آلہٕ تہِ جایہ پیش كران  سیٹھاہ زیادٕ پونٛسہٕ نہٕ ۔
3717,امِکۍ چھِ محدود شٲہد زِ  ڈرائیونگ سمیلیٹرس پٮ۪ٹھ  تربیت پتہٕ وتہِ ہٕنٛدۍ نِشانہٕ پرٛٮ۪زناونس منٛز گژھِ یہِ کارگر ثٲبت۔ 
3718,"یہٕ اوس 1947ہس منٛز زانہہ بناونہٕ آمتیو٘  گوڑنِکیو  علاقائی کوڈو منٛزٕ اکھ ۔

"
3719,پتہٕ گوٚو سُہ 1953 منٛز پولسکی ریڈیوس منٛز ، تہٕ 1981 منٛز ترٛٲوِکھ تِم ۔
3720,901 ہس منز اوس ایتھلولڈ ایسکسس منٛز اکس بیڈس سٕتۍ سمندرن پیٹھ کھڑا ۔
3721,"دھیان چند سُنٛد مول آو برطانوی ہندوستٲنہِ فوجس منٛز درٕج کرنہٕ، تہٕ تٔمۍ گِیوٚند فوجہ خٲطرٕ ہاکی ۔
"
3722,ہَن  2006 کِس شروٗعاتس منٛز اوشیانا کنفیڈریشن پیٹھٕہ اے ایف سی یس منٛز مٗنتقل گژھنہٕ پتہٕ کٔرِ آز آسٹریلیا  پنُن ایشیٲیی کپُک آغاز۔
3723,جدید دورس منٛز چُھ لکھنؤ گھرانہ طرز شمبھوُ مہاراج، بِرجوُ مہاراج تہٕ لچھوُ مہاراجس سۭتہِ نوِ دِلہِ منٛز ڈانس سکوُلس مُتٲثر کران۔
3724,یمن سارِنیہ  زخٕمن منز چھِ  بیکٹیریا آسان  تہٕ چھِ لاگدار آسان ۔ 
3725,مغلن ہنٛد تقریبن تمام راجپوتانہٕ زیننہٕ پتہٕ کٔر مارواڑٕک ویر دُرگاداس راٹھورن أخری مغل بادشاہ اورنگ زیبس نِش مارواڑ واپس نِنٕچ اثر دار کوشِشہِ۔
3726, کٗل  چُھ شمٲلی تہٕ جنوبی امریکہ تہٕ کیریبین منٛز روزان۔
3727,چانڈلر ییہِ نہٕ 24 ستمبر 1992 تس تام قتلن ہندِس الزامس منز گرفتار کرنہٕ۔
3728,ٹینکوٹیٹو طریقَس منٛز ہمیلا چھُ پوٗرٕ پروڈکشن  زِیٛادٕ مِلاوان۔
3729,بہٕ چھس خوفزدٕہ ز بینک چھنہٕ سوچان ز بہٕ ہیکہٕ پننین شرین ہنٛد اکاونٹ اصل پٲٹھۍ سنبالتھ۔
3730,شلہارا خاندانک آغاز گوٚو راشٹرکوٹ خاندانٕکۍ جٲگیردارن ہٕندۍ پٲٹھۍ ییٚمۍ ٲٹھمہ تہٕ دہمہ صدی درمیان دکن کس سطح مرتفعس پیٹھ حکومت کر۔
3731,انڈیاناپولیس کولٹس: دی انڈیاناپولیس کولٹس چھ انڈیاناپولیس، انڈیانا ہس منٛز اکھ امریکی فٹ بال ٹیم۔
3732,مئی 2009 وس تام بٲگرٲو  سی ٹی ڈی ین پیراماؤنٹ پکچرز لائبریری ٹیلی وِجنس  پیٹھ  ۔
3733,مےٚ ژھانٛڑییہ  پریتھ جایہ پانہٕ وتھٕر  مگر کٗنہِ میلِم نہٕ ۔
3734,پکاسا ویب ایٚلبم گیہ  1 اگست 2016 پیٚٹھٕ سٗبكدوش  ۔
3735,گریگسویل، الینواے: گریگسویل چھ ریاستہاے متحدٕ امریکہ کس الینوایس منٛز اکھ شہر۔
3736,روما چھِ ہنگیرِیَو پتہٕ رومانیہ ہس منز دویِم ساروٕیہ  کھوتہٕ بٔڑ نسلی جماعت۔
3737,وۅں گوٚو، تشکیل یا ممکنہ معطلن حِسابہٕ ہیٚکو نہٕ بۅنہٕ کنہِ سارنےٕ عہدن پٮ۪ٹھ قبضہ کرِتھ۔
3738,"بدقٕسمتی سۭتۍ چھ اتھ منٛز اکھ مادٕ تلٕر تہ آسان، ییٚمہ سۭتۍ ڈونالڈس سۭتۍ حسد چھ گژھان۔
"
3739,"ییٚلہ تہِ تۄہہ کانٛہہ چیز ہینٕچ خواہش آسہ، پنٛنس پانس ؤنیو، ""مے٘ ہیٚکہِ نہٕ وٗنکیٚن یہِ جوُرِتھ ۔"""
3740,27 اکتوبر 2014 آیہ یہ خبر دنہٕ ز ہانڈاہن کوٚر فلمہ خٲطرٕ پانس منارا ناو۔
3741,اتھ علاقس منٛز چھ واریاہ ڈایناسور فوسل لبنہٕ آمٕتۍ یمن منٛز ٹایٹینوسورس انڈیکس شٲمل چھ یس 1877 منٛز رچرڈ لیڈیکر سنٛد ذریعہٕ دریافت اوس آمت کرنہٕ، تہٕ حالٕے اوس راجاسورس نارماڈینسیس سٕنٛد دٔسۍ دریافت کرنہٕ آمت۔
3742,بہٕ ہیکہٕ نہٕ اتھ ضیافتس کن وٕچھتھ تہ، کھینچ چھنہٕ کتھے۔
3743,اَمہِ پتہٕ اوس أمہِ  کہتا ہے دل ڈراماہَس منٛز دھرٛٗو سُنٛد کِردار ادا کوٚرمُت، یُس اکھ متوازی اہم كِردار اوس ۔
3744,1970 پیٹھہٕ  1987 تام اوس راجیش کھنہ سارِوٕے کھوتہ  زیادٕہ سارِوٕے زیادٕ معاوضہٕ نِوان اداکار ۔ 
3745,کلاسیکی منی پوری راس لیلا رقص صنفس میج نوبل انعام یافتہٕ رابندر ناتھ ٹیگور سٕنٛزو کوٗششو سۭتہِ دوٚیم زِنٛدگی ۔
3746,فورنِك محكمن  لٔبۍ اتھ زخمس پٮ۪ٹھ ترٛامٕکۍ چوٗرٕ پھٔلۍ۔
3747,سُہ گٗزریو 21 جنوری 1992 کینسرٕ سۭتہِ 55 وہرِ وٲنٛسہ منٛز ۔
3748,مٲلی انتظام، کاربار، تہٕ باہمی مواصِلاتس  منٛز کورس كرنس  پیٹھ کٔریو توجہہ مرکوُز تاکہ تۄہہ آسہ پننین اسامین سۭتہِ جان  پٲٹھہِ کٲم کرنك ہو٘نر ۔
3749,یہِ خزانہٕ روٗد واریٛاہَن دۄہَن تام بٲغیَن ہِنٛدِس قبضَس منٛز۔
3750,یاوزٕچ گۄڈنِچ شکہٕ ورٲے وضاحت ٲسۍ ڈچ ڈاکٹر ولیم پیسوَن کٔرمٕژ۔
3751, کتابہ پیٹھ اکھ فِلم آیہِ  2008ٹھس  منز بناونہٕ ۔
3752,یہِ تہِ چھٗ گوڑنِچو گٗڑنٮ۪ن  ہٕنٛدِ کھوتہٕ زیٛادٕ أکس حقیقی نفرس ہِیوٗ ۔
3753,ایی جے بی كیوُ ایل  چھِ اکھ ڈیٹا بیس پر٘ژھہٕ غٲرِ ہنز ایس كیوُ ایلس ہِش زبان ۔
3754,آکاش چھ تباہ گژھان مگر وارٕ وار چھ وقتس سۭتہِ سٕتہِ  تلخ تہٕ الگ بنان ۔
3755,بین الاقوٲمی سنگل سکواش خٲطرٕ چھ سارِوی کھۄتہٕ عام ریکیٹ وكھرگی اكھ ٲشہِ پھیو٘ر ( ہوٹ بند)كلٕچ  شكل ، برابر توازن تہٕ ریكیٹٗك  وزن  130 گرام۔
3756,عقیدت مند  چھ مخصوص زبور تہٕ انجیلن ہنٛزِ عوٲمی پرنیہ  ذریعہٕ دۄہہ کین واقعاتن پیٹھ دُبارٕ غور کران، تہٕ مسیح سندِس  مرنس مٗتعلق آیات گیوان ۔
3757,شائستہ روزنس دوران گژھ تۄہہ مضبوٗط تہٕ پُر اعتماد روزنک ضرورت۔
3758,"2020 ہس تام اوس نہٕ 20  ہن ؤرین تام پیرولک کانٛہہ جٲیزٕ۔
"
3759,یہِ بیمٲرِ چھِ آبہٕ سۭتہِ پھٔہلان یتھ منٛز بیکٹیریا آسان چھِ ۔
3760,تھٹیکڑ برڈ سینکچری، ہندوستانٕک اَہَم پرِندن ہٕنٛزو پناہ گاہَو منٛز اکھ، چھُ اکھ سدا بہار بۄن زمینُک جنگل یُس پیریار دٔریاو کین شاخَن درمیان واقع چھُ۔
3761,حسنیا چِھ عربی بوٗلۍ یۄس پوٗرٕ ملکس منٛز بٔڑس پیمانس پٮ۪ٹھ بولنہٕ چھےٚ یوان۔
3762,یورپس منٛز چُھ یہِ کُل رٮ۪وٲیتی طور ناروے سپروس کُل آسان  ۔
3763,"ترٛٮ۪ن فوجَن ہُنٛد تعلُق اوس گرینیڈیئر گارڈَن سۭتہِ  ییٚلہِ زن  باقٕی دوٚن ہُنٛد تعلُق  رائل ملٹری پولیسَس سۭتہِ اوس ۔
"
3764,تمِس میج تواریخ تہٕ ادب باپت بچلر آف آرٹس ڈِگری ۔ 
3765,سٹرم گراز، پتہٕ فرانسس منٛز سوچیکس تہٕ سویزر لینڈس منٛز گرینچنَس خٲطرٕ۔
3766,زٕ ساروی کھوتہٕ زیادٕ عام چھ انفرٲدی رٹایرمینٹ کھاتہٕ (آیی آر ایز) تہٕ روتھ آیی آر اے۔
3767, قصبہٕ چھٗ لۄکٗٹ ، یتھ منٛز لگ بگ 121 لٗکھ چھِ ۔
3768,بس کھوٗلِو گوگل تہٕ یُس پرنٹر ماڈل تُہۍ یژھان چھِو سُہ ژھٲرِو تہٕ پتہِ کٔرِو سٔرٕچ رِزلٹہٕ کِس پیٹھمِس حصس منٛز موجوٗد ٹیبس پیٹھ کِلک۔
3769,فلمہ منٛز چھ صبحک اکھ فلیش بیک ہاونہٕ آمت یتھ منٛز یووی تہٕ سلطان جنگلس منٛز گنٛدان چھ تہٕ سلطان چھ یوویس پنن دفاع ہیٚچھناوان ییٚلہ زن أمہ سٕنٛز موج بیگم (ارمیلا ماتونڈکر) دٲخل چھےٚ گژھان۔
3770,یہِ  چھُ اتھ وقتس دوران کلوتھٗنگا سٕنٛدِ ٹھکانُک قیاس ۔
3771,شیفرڈ تہٕ لکیانووا دۄشوٕنی بنٲو کھیل، ییٚلہِ زَن چینگوون بناوِ شکلہٕ۔
3772,"دِفاع چھُ ڈچ سٕنٛدِ اعترافہٕ بدلہٕ کم سزاہُک مطالبہٕ کرنہٕ باپت تیار باسان۔
"
3773,اَگر تُہٕنٛدِ کارٕبارُک ناو تُہٕنٛدِس نٔوِس رِیاستس منٛز موجود چھٖنہٕ ،  تۄہہِ چُھو  اَکھ نوٚو ناو ژارنُک ضٔروٗرَتھ ۔ 
3774,سیلسبری کیتھیڈرل چھ امہ چہ لینسیٹ گوتھک فن تعمیرچہ خوبصورتی خاطرٕ مشہور۔
3775,یہ چھٗ پنٛنہ کیبرے خٲطرٕ مشہوٗر ، یتھ منٛز ننگہٕ زنانہٕ رقاصہ چھےٚ ۔
3776,اَمِہ علاوٕ چھ منی ماجرا تہٕ بُریلس منٛز زٕ توٲریخی مٕشیدٕ ۔
3777,حالانٛکہِ یہِ اوس زٮ۪نہٕ وِزِ أمِس نِش اَلگ گوٚمُت،  یہِ اوس أمۍ سُنٛد وَفادار بَنیومُت تہٕ اوس دربارِ  تواریٖخس منٛز أمِس حضرت ؤنِتھ مُخٲطِب كرناوان ۔ 
3778,یہِ چُھ یہِ یقینی بناونہٕ خٲطرٕ زِ تُہۍ چِھو اکاونٹکۍ مٲلک۔
3779,یِم گُروٗ ٲسہِ سِکھن ہِنٛدِ عٔقیٖدٕ تشکیل دِنس ذِمہٕ وار ۔ 
3780,"کیریبینن کٔر ابتدٲئی طور انگلینڈٕچ ساروی کھوتہٕ اہم تہٕ نفع بخش کالونیہٕ فراہم۔
"
3781,"1940 ہس منٛز دوٚیمس عالمی جنٛگس دوران ژھٗن جوزٮ۪ف سٹالن تہٕ لورنٹی بیریاہن 
 نیکولایی یزوف قتل كرِتھ ۔ "
3782,کُنہ بدیسی شہرس منز راونس مٗتعلق دِیوٗت تِمن اكھ نیوِگیشن ایپ ڈاون لوڈ كرنٗك ِاشارٕ ۔
3783,شوُٗنٛگ  ہِنٛدیو  تَمام شُعبٕو مَنٛز چُھ یہٕ سامان کِہ لِحاظَہٕ ز سارِویہ  کھۄتہٕ زِیادٕ مُطالبہٕ کَران
3784,یہٕ آو 2 جون 1998ہس منز ورجن ریکارڈز کہِ ذریعہِ رلیز کرنہٕ۔
3785,تم ٲسۍ ہیملٹن، اونٹاریوہس منٛز مقیم تہٕ گینٛدکھ 1920 پٮ۪ٹھٕ 1925 ہس تام۔
3786,"ڈیزاین چھٗ اکثر وٗڑوٕنہِ  کیمہِ ، وُڑوٕنہِ جاناوار تہٕ باقی  دۄشونی  حٔقیٖقی تہٕ فرضی درندَن ہِنٛز درشاوان ۔
"
3787, 30 میی ، بورسیا ڈارٹمنٛڈس سۭتہِ  پنٕنہِ  گۄڈٕنِچ ٹرافی زیننہٕ دوہ وادٕ  پتہٕ  کوٚر پننہِ سرکٲرِ ویب سائٹہِ ذٔریعہٕ کلبَن اعلان زِ ٹچل آو فوری طور برطرف کرنہٕ۔
3788,دَمَن مُود58 وہُر   12 جنوری 2015  جَلِنگووَس منٛز۔
3789,پتہٕ ہٮ۪کہِ اکھ بیس یا بیٛاکھ چیز دۄیم گرٗپ نِتھ ۔
3790,"توتہِ، ایپی گرافک شٲہدن ہٕنٛز کمی کہِ پیش نظر ، یہِ دعوا گوٚو ""ہائپربولک"" پٲٹھۍ مُسترد۔ "
3791,"امیک اشنکٹبندیی شمٲلی حصہٕ چھ تٲریٖخی طور دوٗر دراز تہٕ غٲر ترقی یافتہٕ روٗدمت۔
"
3792,تجارتہٕ ذٔریعہٕ آو یہٕ طاعون ہندوستان پؠٹھ ایتھوپیا یا مصرس تام۔
3793,اکہ طرفہٕ چُھ دھنسیری ریزروڈ فاریسٹ تہٕ بییہِ طرفہٕ انٹانکی نیشنل پارک۔
3794,سائمن ناوک دہشت گرد چھٗ جان میک کلینس مارٗن یژھان ۔
3795,"وۄنٛہِ گوٚو، یہِ ٲس نہٕ رینجرَن خٲطرٕ پوُرٕ ہار، تِکیٛازِ تِم گٔیہِ مُقابلَس منٛز اکھ پوائنٹ حٲصِل کرنس منٛز کامیاب۔
"
3796,"ایس سی ای آر ٹی یس تحت چھ 15,892 سکول، یمن منز 5,986 سرکٲرۍ سکول چھ، 8,183 امداد یافتہٕ سکول، تہٕ باقی چھ غیر امدادی یا تکنیکی سکول۔"
3797,بینٹن کاؤنٹی، مسوری بینٹن کاؤنٹی چھِ اکھ کاؤنٹی یُس مسوری ریاستٲۓ متحدہ ہَس منٛز واقع چھِ۔
3798,18ہمہ صٔدی منٛز ٲسۍ پیشوا گنیش سٕنٛدۍ عقیدت مند تہٕ یمو کوٚر بھدرپد کس ریتس منٛز پنٕنۍ رازدٲنہ شہر پونے منٛز عوٲمی گنیش تہوار شروٗع۔
3799,لو٘كچن زٲژن منز خاندر كرٗن چھُ  زنانن ہٕنٛدِ کھۄتہٕ زیادٕ مرد عملاوان وٗچھنہٕ آمٕتہِ ۔
3800,ییٖتس کالس تام آو نہٕ کانٛہہ تہ بیٛاکھ وٹہم رۄپیہ نموٗنہٕ تیار کرنہٕ۔
3801,"تہوارٕ چہِ جایہِ پیٹھ محفوظ تہٕ خوشگوار عارضی قیام فراہم کرُن چھُ اکھ پیچیدٕ تہٕ چیلنجنگ کٲم۔
"
3802,امہ سنگل خٲطرٕ چھ اکھ میوزک ویڈیو بناونہٕ آمت مگر یہ آو نہٕ زانٛہہ تجٲرتی طور جٲری کرنہٕ ۔
3803,"تِکیازِ بی 12 تہٕ فولیٹ چِھ ہوموسیسٹاین کِس  میٹابولزمس منز شٲمل، ہائپر ہوموسیسٹینیوُریا چُھ کمی ہند اکھ غٲر مخصوص نِشانہٕ زد كرن وول   ۔
"
3804,ورۍیچہِ دویِم فِلم ٲس شرمیلا مینڈِزِ سٕتہِ دھن دھنا دھن ،سو٘تہِ روٗز  بو٘كس آفِسس پیٹھ كمٲیہِ كرنس منز ناكام  ۔
3805,1999 منز کوٚر ای سٹریٹ بینڈ تہٕ سپرنگسٹنن گیوٚو رسمی طور دوبارٕ۔
3806,اگر نہٕ بِتٗر  كٲفی بو٘ڈ چھٗنہٕ ، ویڈیو ہیكہِ نہٕ ویپِتھ ۔ 
3807,یس منز تہ ایڈز ننیوو، سُہ مُود تِمن دۄہن۔
3808,ایمریكاہس  منٛز چِھ ساروی  زیادٕ عام استعمال سپدن واجِنہِ  درجہِ بندی ہندِ نِظام  چھِ یوسیمائٹ ڈیسِمل سِسٹم تہٕ ہیوُکو وی سکیل بولڈرنگ گریڈ ۔
3809,موٹے بوسی گزریٛوو 54 وہر، کیگالی ہسپتالس منٛز اکہ بٮ۪مار سۭتۍ۔
3810,تتھۍ ؤر یس منز کٔر تٔمۍ نان فنگ ڈیولپمنٹ لمیٹڈ قٲیم ۔
3811,ٲچھِ ہندِس أنٛدرِمِس  حصس منٛز ہیکہ ورم  ٲستھ، ییٚمہ سۭتہ یووایٹس تہٕ ایرایٹس گژھان چھٗ ۔
3812,طرزٕ حِسابہٕ  چُھ کتھک رقص انہار تالہٕ پیٹھ كھورن ہندِس تٗلہٕ تر٘اوس پیٹھ زور دِوان ، یمن رۄنہِ گنڈِتھ چھے٘ آسان  تہٕ حرکت موسیقی سۭتہِ  ہم آہنگ آسان چھے٘ ۔
3813,پلیٹ فارم 3 چُھ ڈان خٲطرٕ تہٕ پلیٹ فارم 4 چُھ شینبیٹو خٲطرٕ۔
3814,مےٚ چھ وُچھمت ز لکن ہنٛدین جذباتن ٹھیس واتاونہٕ خٲطرٕ چھ صاف دلی اکھ اصل بہانہٕ پٲٹھۍ استعمال یوان کرنہٕ تہٕ امی وجہ سۭتۍ چھ مےٚ تہنٛدۍ الفاظ ناگوار باسان۔
3815,سہ اوس کیگلی ، ویسٹ رائڈنگ آف یارکشائرس منٛز پیدٕمت ۔
3816,یہِ  چھ میکسکوس، شمٲلی امریکہ ، آسٹریلیا تہٕ سینٹرل امرکہس منٛز گژھان۔
3817,"نوِ تعمیرٲتی  پروجكٹٗك آب و ہواہس پیٹھ امكٲنی اثر  سانہِ 
 باپت تشویشٗك بوٚڈ  باعث ۔"
3818,ٹائرا بیٚنٛکسَن ٲس پنٛنہ پیشورانہٕ زندگی بطور ماڈل شروٗع کٔرمٕژ، تہٕ پنٛنس زبردست ؤرۍ یس دوران کٔرٕن 1991 منٛز 25 شو  بُک۔
3819,سُہ اوس گۄڈِنیُک رومن کیتھولک پٲدٔرِ، ییٚمہِ اتھ مقامس  پیٹھ کٲم کٔر ۔
3820,سُہ آو گۄڈنِکسیہ  موقعس پیٹھ واپس،تہٕ 1921 ہَس منٛز كرٕن  ماسٹرس ڈگری مٗكمل ۔
3821,یِژھیہ جدوجہد گیہ ہندوستانس منٛز تمہ وز شروٗع ییٚلہ گورنمنٹ آف انڈیا ایکٹ 1919 آزٲدی ہنز منٛگ پوٗرٕ کرنس منٛز ناکام گوٚو۔
3822,لڑکہٕ چھ کورٮ۪ن ہٕنٛد کھوتہٕ وارٕ وارٕ بڑان، مگر زیٛادٕ عرصس تام۔
3823,سافٹ وییر چھ مختلف استعمالک متعدد پروگرامن ہند امتزاج یس اکۍسٕے منٛز میلتھ چھ ۔
3824,پرٛیتھ پے چیکس منٛز یہ بچہِ  تمِیُک کریو صرف اکھ حصہٕ خرچ ۔
3825, یورپی رابطٕہٕ کس وقتس تام ٲس مقأمی باشندٕ نِکوبٲری لوُکن منٛز ضم گٕمتہِ ، یم اکھ آسٹرو-ایشیائی زبان  بولان ٲسہِ ، تہٕ شومپینن سٕتہِ ، یہنز زبان غٲر یقینی وابستگی ہنز چھے٘ ۔
3826,مثالے ، برازیٖلٕكہِ  فٗٹ بال ٹیٖمن دِیُت برازیٖلین پیٹھ رِیو ڈی جنیٖریو ہس منٛز مٗجسمہٕ کرائسٹ دی ریٚڈیمرس ووٹ دِنہٕ باپت زور  ۔
3827,سوٗ آو جنوری 2003ہس منز سی ای او مقرر کرنہٕ تہٕ مارچ 2010ہس تام  روُد اتھ عہدس پیٹھ ۔
3828,ؤرجِن ٹرینٕز: ؤرجِن ٹرینٕز ٲس برطانیہ ہس منٛز اکھ ٹرین چلاون واجینہِ  کمپنی ۔
3829,شیتیا ونیسم یا نِراول یا نیراول چھِ أکہِ گیونٕچ اکھ یا زٕ سطرن ہُنٛد بار بار گیوُن یتھ منٛز پریتھ دۄہراونس منٛز جِدتہاونہ چھِ یوان۔
3830,ہایڈروکوڈون چھےٚ اکھ دوا یۄس دگ ٹھیک کرنہٕ خٲطرٕ تہٕ ژاس رکاونہٕ خٲطرٕ استعمال چھ گژھان۔
3831,امہ علاوٕ ہیٚکہ کارٹریجٕچ سیاہی   ہوٚکھتھ تہِ۔
3832,زیادٕ وسیع تقریبن منٛز چھ اکھ پوزٲرۍ سندس قیادتس منٛز یجنا (ہوما) شٲمل۔
3833,بہٕ گوس یہ زٲنِتھ حیران ز میٲنۍ مٲلۍ ماجِہ چھ یمن ؤرین میانِہ کالج چہ تعلیم خٲطرٕ کٔھٹۍ کٔھٹۍ بچت کٔرمٕژ۔کیا خوشیوُن تعجب!
3834,"آپٹکس- آپٹکس چھ گاشک ساینس تہٕ یہ کتھ کٔنۍ چھ دنیاہس سۭتۍ تعامل کران۔
"
3835," تس رُود ہیتھٕے  نظر تھونٕك 
 احساس  بے چین کران  تہ  گرس اندر ٲسِتھ تہ اوس تس باسان کستام چھُ شانکہِ۔"
3836,اپریل 2010 ہس منٛز آو برازیل  سرفہرستس پیٹھ واپس۔
3837,"سمولا چھٗ ناروے ہٗک 272 تھم  سیٹھاہ  آبادی وول بلدیٲتی علاقہٕ  ییٚمیچ آبٲدی 2,150 چھے٘ ۔"
3838,آفِس فار نیشنَل سٹیٹسٹکسَن چُھ ووٚنمُت زِ معٲشی پٲداوار روُد  سٲرِسیہ2012 ہس منٛز ہِوُیہ ۔
3839,ساروِی کھوتہٕ نزدیٖک ریلوے سٹیشن چھُ تمکور۔
3840,"امیر سرپرستو بنٲوِ تھدیٚو داوَو خٲطرٕ میچ، تہٕ بنٲوِکھ ٹیم یمن منز  تِمو گۄڈٕ پیشہٕ ورانہٕ کھلٲڑِ شٲمِل کٔرِ۔
"
3841,"الباماہَس منٛز  گۄڈَے جٲری لائسنَن ہٕنٛز حیثیت چھنہٕ  واضح کٔرنہٕ آمٕژ۔
"
3842,چیز فیلڈ چیز فیلڈ چھ ایرِزونا ڈائمنڈ بیکسٕچ  پنٛنہِ بیس بال پارک ۔
3843,تہنٛز چٹھہ ہنٛز گۄڈنچ سطرِ پز واضح  پٲٹھۍ اتھ کتھِ کُن توجہ دِنیۍ زِ تہۍ کیٛاز چھو چٹھۍ لیکھان تہٕ تہنٛز اصل شکایت کیا چِھ۔
3844,"تیم دِژ تجویز زِ یہٕ مادہ چھُ ، فوٹو کیمیکل عملہِ  ذریعہِ دماغس تام گاشُک تاصٗر واتناوان ۔
"
3845,زینن وول اوس 1930 ہک عالمی چیمپئن ماننہٕ یِوان ۔
3846, 11  ہِمہِ گیمہِ منٛز گِیوٗند کرٛیمنِیکن سِسِلِین ڈِفیٚنسُک نجڈار٘ف تبدیلی طریقہٕ ۔
3847,ملازِم ہیٚکہِ نہٕ پننِس اَفسَر سنٛد رٲبطٕچ زانکٲری دِدنس منز  تۄہہ پیٹھ فوراً پژھ کٔرتھ اگر تُہۍ ناشایستہ تہ اندر ہمل بٲسِو ۔
3848,پیشہ ورانہ کھیل چھِ وُہَن منٹَن ہنٛدٮ۪ن ترین وقفَن پٮ۪ٹھ مشتمل آسان، گٔڑ چھِ صرف تمہِ وقت پکان ییٚلہِ پَکَس گنٛدان چھِ۔
3849,گرک اوسط میٖژ اوس 2.44 تہٕ خاندانک اوسظ میٖژ اوس 3.06۔
3850,شیواجی سٕنٛدس قیادتس منٛز اوس مراٹھا فوج اکھ قومی فوج یتھ منٛز زیٛادٕ تر مہاراشٹرٕکۍ اہلکار شٲمل ٲسۍ۔
3851,تس اوس 1967 پٮ۪ٹھٕ سان فرانٛسسکو فنکار اینی پلاٹکنس سٕتۍ تہٕنٛدس طلاقَس تام خانٛدر کٔرتھ۔
3852, گۄڈنیٚتھٕیہ پنننِہ کوٗٹی مٗکمل کرن وول  چھٗ فاتح ۔ ۔
3853,بگ بیش لیگس منٛز چھ گیل سڈنی تھنڈرٕچ نمٲئندگی کران ۔
3854,2000 کس دہلس منٛز ٲسۍ اکثَر تھونٛگ  نٲلۍ ترٲوِتھ  بچھِ ننہ روزان ۔
3855,آب کہِ بہاؤ سۭتہِ بناونہٕ آمُت، پاتال بُھبنیشور چھَنہٕ صرف اکھ گۄپھ ، بلکہِ گۄپھن منٛز گوپھن ہٗند  اکھ سِلسِلہٕ۔
3856,یمن ہنٛد ناو چھ عام طور خٕلین ہٕنٛدس تتھ قسمس پیٹھ تھاونہٕ آمت یس بےٚ قابو پٲٹھۍ چھ بڑان۔
3857,نابالغ لۄکٹؠن پینگونن، یم بڑٮ۪و ہٕنٛد کھۄتہٕ لۄکٹی پہم چِھ آسان، چھ ہلکہٕ رنگ آسان۔
3858,تٕس اوس وِجیادِتیہ ناوٗك اكھ شٗر ،ییمہِ سٕندِ پُلاکیشِن اول سُند مول  آسنٗك دعوا كرنہٕ چھٗ یوان ۔
3859,گۄڈنٮ۪تھیہ چھٗ تِمن کینٛژن ہفتن تام بتہٕ نش دوُر روزٗن ۔
3860,یہِ چھُ اکھ ایلفینٛٹ ریزرو تہٕ ٹائیگر ریزروٕک پٲٹھۍ قٲبل زِکِر۔
3861,گۄڈٕ كۄر  جانسنن لاک ڈاؤنس دوران پارٹی مناونہٕ  نِش اِنکار۔
3862,1567 منٛز گوٚو اکبر میواڑس منٛز چتور قٕلعہٕ کم کرنہٕ خٲطرٕ۔
3863,'ماڈرن ٹیکنالوجیز فار سسٹین ایبل فوڈ اینڈ نیوٹریشن سیکیورٹی' کس عنوانس پؠٹھ کرنٹ سائنس جریدٕ کس 25 نومبر 2018 ایڈیشنس منٛز شائع گژھن وٲلس پیپرس منٛز آو سوامی ناتھن بطور شریک مصنف درج کرنہٕ آمُت۔
3864,تہنٛد سامان ہیٚکہ تۄہہ ہوٲئی جہازس منٛز سوار گژھنہٕ وز یا بین الاقوٲمی سرحدس پیٹھ گٲڑۍ چلاونہٕ یا پکنس دوران فراہم کرنہٕ یتھ۔
3865,کمبھ مٲلہٕ، یس ماگھا (فروری-مارچ) کس رٮ۪تس منٛز چھ منعقد سپدان، چھ الہہ آبادس منٛز پرٛیتھ بہہ وٕہٕرۍ وار وار گنٛگا دریاوس پیٹھ مناونہٕ یوان۔
3866,"ییٚلہ کنہ نامیٲتی مالیکیولس مثبت چارج چھ آسان، اتھ چھ کاربوکیشن ونان۔
"
3867,کیٚنٛہہ کال گٔژِھتھ لٔج رَتن سیٚنس پیغام اَنن وٲلِس جاناوارس نِش پَے زِ تٔمۍ سٕنٛز گۄڈنِچ خانٛداریٚنۍ ناگمٔتی چھےٚ چِتورس منٛز تٔمہِ سٕنٛدِ خٲطرٕ ترسان۔
3868,نتیجتن دیٗت صدر جارج واشنگٹنن 1791 تھس  منٛز قلعہ تباہ کرنُک حکم ۔
3869,اے ڈی اے ہن چھٗنہٕ  وٗنہِ  ڈایٹ سوڈاہس متعلق اکھ ترمیمی حیكمت عملی جٲری كرمژ۔ 
3870,"فرشتہ سٕندِ  مظٲبق ٲسہِ  راجپوُت فوجس منٛز 3,000 ہسہِ ،  300,000 گُر سوار تہٕ پیٛادٕ فوج ۔ "
3871,کرن تہٕ تٔمہِ سٕنٛدِ عالی  چھِنہٕ چینیَن برنہمہِ سنزِ  بےٚ گناہی مُتعلِق مُتمیعن كرِتھ ہیكان۔ 
3872,"تپہ دق اوس صدین تام  متاثر گژھن والین منٛز شٲیرانہٕ تہٕ فنکارانہٕ خصوصیاتن سۭتہِ وابستہٕ، تہٕ  اوس بطور  ""روُمانی بیمار"" تہِ زاننہٕ یوان ۔"
3873,امیت ساہنی کی لسٹ چھےٚ پایکسس پکچرز بینرس تحت ریلیز گژھن واجیٚنۍ گۄڑنچ فلم۔
3874,"پوشیدہ انفیکشن والیٚن لُکن ہُنٛد یلاج چُھ پتہٕ زِنٛدگی منٛز سرگرم  ٹی بی بیٚمارِ کُن گژھنہٕ نِش بچاو  باپت کرنہٕ یِوان  ۔
"
3875,"سوامی ناتھن سٕنٛدِ طرفہٕ تیار کرنہٕ آمٕژ اکھ اصطلاح، سدا بہار انقلاب، یُس سبز انقلاب کِس پایدار اثر و رسوخس پیٹھ مبنی چھُ، امیُک مقصد چھُ پائیدار پٲداوارَس منٛز لگاتار اضافہٕ سۭتۍ نمٹُن یُس انسانن ضروٗرت چھُ۔
"
3876,1705 منٛز کوٚر ساروہن أکس نوجوان موسیقی ہنٛز طالبہ کیٹرینا ٹورٹوریلایہ سۭتہِ خانٛدر ۔
3877,مےٚ اوس پننس نیٚچو سٕنٛز گاڑ ہنٛد تیل مۄکلٕنُک تہٕ  نصف رٲژ کنہ وٲناکھ جایہ پھسنک غم۔
3878,تریپوری بادشاہ مقرر کرنس پیٹھ اوس مُغلن ہند اثر۔
3879,"پارٹی چھےٚ کلاسیکی لبرل ازمس پٮ۪ٹھ یقین تھاوان تہٕ یہ ز حکومتس پز معٲشیاتس نش دوٗر روزن۔
"
3880,مُبینہ طور اوس واجپای   مودی یس ہٹاوُن یَژھان ، مگر ٲخٕر کار مٲنروو پارٹی کارکُنو سہٗ تٔمِس خٕلاف کاروٲیی نہٕ کرنہٕ باپت ۔ 
3881,امہِ پارکہِ ہُنٛد کُل رۄقبہٕ چُھ 68 ہیکٹر یا 168 ایکڑ۔
3882,یہٕ تہوار گوو تَمِہ وقتہٕ شروع ییلِہ جاپٲنۍ رازدٲنۍ کیوٹو 1868 منٛز ٹوکیو منتقل گٔیۍ۔
3883,"ییٚلہِ تَمہِ یونیورسٹی منٛز دٲخلہٕ نیوُ ، سۄ ٲس مغربی توٲریخس مُتعلِق پرُن یژھان۔
"
3884,2005 منٛز بنیو سہ نیشنل اکیڈمی آف انجینئرنگک رکن ۔
3885,"اَز چھِ غٲر صحتمند تہٕ بے قاعدہ طرز زندگی، مایوسی تہٕ زندگی ہٕنٛدِس پرٛٮ۪تھ شعبَس منٛز بڑَن وٲلۍ مُقابلہٕ لوٗکَن، خاص پٲٹھۍ نوجوانَن ہٕنٛز صحت متٲثر کران۔
"
3886,جلدی چھ سہ یہ وٕچھان ز خاندانٕکۍ باقٕے نفر کیتھ سوٚلوٗک چھ أمس سۭتۍ کران تہٕ چھ یہ فٲصلہٕ کران ز یہ بدلاو یہ سورے۔
3887,ڈہیریا سۭتہِ بچن ہنٛد مرٗن ہٮ۪کہ مٗختٔلف طریقو سۭتہِ رٗکاونہٕ یِتھ ۔
3888,کینٛژو  مطالعو ویٹھین نفرن منز  وٹامن بی 12ہچ كان٘ہہ كمی نہٕ آسنٗك اطلاع دِیوٗتمٗت ۔ 
3889,شترونجایا پہاڑَس پٮ۪ٹھ واقعہٕ جین متٕکہِ  پالیتانہ مٔنٛدِر چھِ شویتامبر تہٕ دِگمبر جین برادری دسہِ تمام زیارت گاہَن منٛز مُقدس تٔریٖن ماننہٕ یِوان۔
3890,اینڈروئیڈ 18 چُھ واریاہ ڈریگن بال زیڈ فلمن تہٕ ویڈیو گیمن منٛز ظٲہر گژھان۔
3891,زیٛادٕ تر چھٗ اکھ خۄراك  کٲفی آسان ۔
3892,اتھ کھیلہِ منٛز چھ 25 منٹن ہٕنٛد زٕ ہاف آسان یتھ منٛز ہافن درمیان 10 منٹ  وقفہٕ آسان چُھ ۔
3893,یہ ہیکو مائیکروسافٹ ونڈوز ، لینکس تہٕ میکوسس پیٹھ گندتھ ۔
3894,"اَمہِ وجہ سۭتۍ چھُ نانکنگَس وۄنۍ جدید نقشَن پٮ۪ٹھ نانجنگ وننہٕ یِوان۔
"
3895,ہندوستان کین مغربی خطن منز ہیندِ سِندھی برادری ، یو٘سہٕ پاکستان کین  جنوُب مشرقی حصن منٛز تہ لبنہٕ  یوان چھے٘ ، چھ مکر سنکرانتی بطور تِرموُری مناوان ۔
3896,اقرار نامہٕ چُھ تمہِ وقتہٕ آسان ییٚلہ تُہۍ حکومتس یا کاروبارس اَکِہ مخصوص وقتہٕ باپت مقررٕ سود کِس شرحس پیٹھ پونسہٕ وۄزُم دِوان چِھو ۔
3897,باوے سُنٛد لۄکُٹ بوے بال کرٕٛشَن تہٕ اوس گاندھیٲیی۔
3898,یم ترٛےٚ زمرٕ چھ پتہٕ تقسییٖم کرنہٕ آمٕتۍ تہٕ چھِ مختلف ورگن منز درجہ بند کرنہٕ آمٕتۍ ۔
3899,"گۄڈٕنِچہِ لَٹہِ کوٚر گواسکرَن پٲکِستٲنۍ تیز گینٛد باز عِمران خانَس سۭتۍ مقابلہٕ، ییٚمہِ سُہ ""سارِوٕے کھۄتہٕ زیادٕ کمپیکٛٹ بیٹِس مین یَس مےٚ بالنگ کٔرمٕژ چھےٚ"" بیان کوٚر۔"
3900,"2010 کہ مردم شمأری مطٲبق ٲس آبادی 39,238 ۔"
3901,موسیقی ہٕنٛدۍ باقی رُوپ چھ براہا ، چیت ، چوتال ، الہا تہٕ سوانی۔
3902,"یہِ چھُ اختیاری مگر یِمَن مخصوص سٹورَن مُتعلق تُہۍ گژھان چھِو تِمَن متعلق ہیکہِ باقِین بہتر باخبر فیصلہٕ کرنس منٛز مدد کٔرِتھ۔
"
3903,"""نیوگون"" ناو چھُ  نیو تہٕ گون لفظو پیٹھٕ آمُت۔"
3904,کراس کنٹری ٹیسٹ چھ اتھ کھیلس باقیہ  گُرِ سوار کھیلو نِش مٗختٔلف بناوان۔
3905,"مکمل ہیٹروکرومیاہس منٛز، اکھ آئرس چُھ دویمہٕ کھوتہٕ مختلف رنگ۔
"
3906,چیتور گڑھ یا لافا گڑھ چھُ کاتگھورا تحصیل کوربا ضلعہٕ، چھتیس گڑھ، ہندوستان پٮ۪ٹھ تقریباً 51 کلوٗمیٹر کِس فٲصلَس پیٹھ کوربا-بلاس پور سڑکہِ پیٹھ اکھ قٕلعہٕ۔
3907,ہایڈروکسی کلوروکوین آو 1955 ہس منٛز ریاستہاے متحدس منٛز طبی استعمال خٲطرٕ منظور کرنہٕ۔
3908,نورڈِن تہٕ پی کاک چھ نومبر 1996 ہس منٛز بکر گروپ طرفہٕ اننہٕ آمت ۔
3909,پتنگ  بٲزی گیہ سونتٗك  آغاض ہاونہٕ باپت چینی ریوایتہٕ پیٹھہٕ شروُع ۔
3910,کابِنی دٔریاو کِس بٔٹِھس پٮ۪ٹھ واقعہٕ یہِ ریزرو چھُ 55 ایکڑ جنٛگلَن، استادٕ  وادِین تہٕ ٲبی ذٔخیٖرَن پٮ۪ٹھ پٔھلِتھ ۔
3911,پننِس مٲِلس سٕتۍ رُوزتھ گو سُہ لال قعلہٕ كِس سلاطین طبقس منز بوٚڈ نیم حِراستس منز ۔ 
3912,گَوا کیٚن قٲبلہِ ذِکِر نایٹ كلبن  منٛز چھِ کرٛونِکل، میمبوس تہٕ سِنك شٲمِل۔
3913,انگریزَو دٔسۍ انڈمانَس پیٹھ اکھ کالونی قٲیِم کرنہٕ برٛونٛہہ ٲس لۄکٕٹۍ انڈمان جزیرٕکۍ اونگے لوٗکھ کُنہِ کُنہِ ساتہٕ گاڈٕ رٹنہٕ باپتھ بیٚنین نِش گژھَان۔
3914,اگر نہٕ کمپنی تۄہہ معاوضہٕ دِیہ ، تہند پیداوار چھٗنہٕ کٕنٗن  لایق۔
3915,دۄن بڈین جنگجوہن درمِیان گوٚو شدید مقابلہٕ، ییٚتہِ بھیم جتاسور سُنٛد کلہٕ ژٹِتھ تہٕ أمۍ سُنٛد جِسم لتو مٲنڈتھ فتح یاب گو۔
3916,"یہِ مٔنٛدِر چھُ راجستھان، ہندوستان کِس  الور ضلعہٕ کِہ پہٲڑی شہر تیجاراہَس منٛز واقع ۔
"
3917,ڈایسن انسٹی ٹیوٹ چھ وٲنٛسہ سۭتۍ متعلق میکولر انحطاط تہٕ ریٹنا تہٕ کورایڈک الٹراساونٛڈ امیجنگک وجوہات تہٕ ممکنہٕ علاجس پیٹھ تحقیق جٲری تھاوان۔
3918,گرین فیلڈ چُھ امریکہٕ کس اُوکلاہوماہس منٛز اکھ شہر ۔
3919,ٹھوُلٕچ سفیدی چھِ زوٗنہِ پننہِ جایہِ تھوان ۔ 
3920,"جاپانہِ  صنعت ٲس امریکی صنعت کِس مقابلس منٛز لۄکٕٹ تہٕ واریاہ غریب۔
"
3921,مایلز گزریٛوو 8 اپریل 2018 ہس منٛز لندنس منٛز 74 وہر۔
3922,یہٕ اوس گوڑنک متحرک فلم یُس سٹیون اسپیل برگن پیش کوٚر۔
3923,"مارکر گزریوو 21 جون 2018 کراچی منٛز 95 وہر۔
"
3924,یِتھہٕ پٲٹھہِ ہٮ۪کہ سُہ موسیقی منٛز چیزن كٗن  واریاہ چالاکی سان اِشارٕ كرِتھ ۔
3925,آرینس چُھ اتھ متعلق زانان تہٕ چھ تمہِ سٕنٛزِ معذوری ہُنٛد فٲئدٕ تُلان ۔
3926,امۍ رِپورٹن کوٚر اتھ کَتھِ تایید  زِ ہندوستانَس یِیہِ پورٕ دٲخلی خود حکومتَ راجُک درجہ دِنہٕ۔
3927,سِلویا اسٹیکلز چھِ پننس پانس اکھ پورٹن سمجھان۔
3928,سیریل نمبرَس مُتعلِق زٲنِكٲری   خٲطرٕ کٔرِو کُنہِ تہِ مُلکٕہ کِس  مرکٔزی بینکَس سۭتہِ رٲبطہٕ۔
3929,یہ چُھ مشینس بیگ کہ وزنہٕ حسابہٕ ایڈجسٹ کرنک اجازت دوان۔
3930,مہربٲنی کٔرتھ دِیِو مےٚ یم مسلہٕ حل کرنک موقع امہ برٛونٛہہ ز تہۍ دِیِو میٲنس ریسٹورینٹس ریٹنگ تہٕ لیکِھیو اتھ متعلق (وازٕ)
3931,کینٛہہ چھ باقی محفوظ علاقن منز شٲمل، یتھ کنۍ زن ناگارجن ساگر-سری سیلم ٹائیگر ریزروس منٛز کدالیوانم، مگر زیادٕ تر چھ بیوٚن بیوٚن۔
3932,2021 پیٹھہٕ اقوام متحدہ کہ ایجنسیو فوڈ اینڈ ایگریکلچرس منز سفیر ۔
3933,یہِ چھُ بھگوان اننت ناتھا، 14 ہِمِس تیرتھنکارا ہَس وقف۔
3934,صِرف ییلہٕ جگرٕکہِ ذخیرٕ لگ بگ ختم گژھن  کٔمی ہنٛزٕ علامتہٕ ظٲہر گژھان ۔
3935,تٔمہِ کٔر 1972 کِس سَمر اولمپکسس منٛز ہنٛدستانٕچ نمٲیندگی تہٕ زِیوٗنُن لویُو  تمغہٕ۔
3936,"وونہ گو٘، توہہ ہیکہِ ڈبل دروازٕ تہٕ ایئر کنڈیشنگ وول صرف استعمال شٗدٕ ""اے-گریڈ"" کنٹینریہ میلِتھ ۔"
3937,"ہسپتالٕچو زَنانٕہ ترجمانو مطابِق گٔیہِ تَمَام متاثرین معمولی زَخمی۔
"
3938,تٔمۍ گنٛزٕ 1959 ٹھس تام جاپانس خٲطرٕ 12 گیمہٕ تہٕ کٔرن 2 گول۔
3939,لیہمان برٛدرزن دیوالیہ پنٕچ درخاست کرنہٕ پتہٕ گٔیہ عالمی بازر تیزی سان کم ۔
3940,پننِس شِناختس ، دویمن سۭتہِ تعلقاتن، تہٕ جذبٲتی فلاحس منز خلل ہیكہِ فالج پتہٕ رٲبطہٕ كرنس منز ناكٲمی كِنہِ سمأجی نتیجن ہٗند بٲیژ بنِتھ ۔ 
3941,توہہِ کیٛاز چھو میون اکاونٹ  بناونس منٛز یٗوت زیادٕ وقت لاگان؟ مے٘ ووت یتین اکہِ گٲنٹہٕ کھۄتہٕ زیادٕ وقتس پیاران۔
3942,پنِنہِ زِنٛدگی ہِنٛدِس اتھ مُقامس پیٹھ کوٚر حیدر علی یَن مرہٹھن سۭتہِ  جنگ كرنٗك فٲصٔلہٕ تہٕ ژھنٗن  سُہ خطرٕ ختٕم   كرِتھ یٗس یِہندِ دٕسہِ امہِ سندِس اِقتدارس اوس ۔ 
3943,خطرٕ كیٚن وجہن منٛز چھِٕ ویچھر، ورزشٕچ کٔمی، زنٛگہِ ہُنٛد صدمہٕ، تہٕ امہِ حالتٕچ خاندٲنی تٲریخ شٲمِل۔
3944,اَمِہ پتہٕ اوس نہٕ یہودی لوکن پَنُن ملک۔
3945,تَتہِ سمکھِٮ۪و سوٗ  شیرپور کِس زٔمیندار گَھرس منٛز   جشودلٕ کِس زٔمیٖندار راجہ گٗنی چندرس۔
3946,مرد کِک باکسر چِھ ننگہٕ سینس منٛز کِک باکسنگ ٹراؤزر یا شارٹس تہٕ حفاظتی پوشاک یتھ منٛز ماؤتھ گارڈ، ہینڈ ریپس، شین ریپس، تہٕ 10 اوز (280 گرام) باکسنگ گلوز تہٕ گرون گارڈ شٲمل چھ۔
3947,امہ کہ وجہ سۭتۍ چھ پورٹل پوٗرٕ بلیک میسا ہس منز ظٲہر گژھان ۔
3948,یِمو منٛز چِھ تقریبن 0.35 ملین ایچ آی وی سۭتہِ تہِ  متٲثر گٲمتین منز سپدان ۔ 
3949,تقسیم ہِندس دوران ، اوس بنگالس سٕتۍ سٕتۍ پنجاب   دویو منزٕ اكھ صوبہٕ یٗس ہندوستان تہٕ پاكستانس منز تقسیم کرُن اوس ۔ 
3950,پنک کس دورس منٛز بنیوو میگزین تہ زیادٕ ننۍ پٲٹھۍ سیٲسی۔
3951,مےٚ گیہ سیٹھاہ خوشی ییٚلہ أکۍ گراكن  سٲنہِ  سٹورٕچہِ  صفٲیی تہٕ آرستہ آسنس  تعریف کٔرِ۔
3952,تاہم، نیکوٹین طریقہ یلاج چھٗنہٕ مٗضِر اثراتو تہٕ متضاد نتیجو٘ كِنہِ عام طور تجویز كرنہٕ یوان ۔
3953,مگر شوُٹِنگ ہندِس منظرس  دوران گیہ سِلسِلہ وار  حٲدِثہٕ ۔
3954,تُہۍ یژھِو پننہِ صاف صَفٲیی سہولِیَتن نزدٖیک لانڈری مشینہٕ تہٕ شٲمِل کرٕنۍ تِکیازِ توہہ آسوٕ گۄڈے  اتھ علاقس منٛز پایپہ۔
3955, باسان چھُ  زِ پتہٕ چھ  کوژی کوڈ تہٕ ویناڈن کٔر پنٛنیٚن وجے نگر حکمرانن خلاف بغاوت، مگر دیوا رایا دوٚیم کٔر بغاوت ختم۔
3956,پروایتِن چھِ پنٛنہِ عیال چہِ خۄشحٲلی تہٕ پننیٛن بَچن ہِنٛزِ کامیٲبی باپت دُعامنگان۔ 
3957,31 مارچس تام ٲسہِ جمہوریہ کانگوہس منٛز 19 ماملہٕ ۔
3958,میر جعفرن کوٚر پننین خدماتن ہنٛد وعدٕ مگر سوٗزن امہ تصادمٕچ خبر فوری طور کلائیوس، تہ دیتنس برونٹھ پکنس پیٹھ زور۔   
3959,"پنٛنِس وقتس منٛز ٲسۍ امریکہس ""دی نِیُو ورلڈ"" ونان۔
"
3960,امچ کٔمی ہیٚکہ نیورو ڈیولپمنٹل مسلن ہنٛد سبب بٔنتھ یم ابتدٲیی علاجہ سۭتۍ جزوی طور واپس یتھ ہٮ۪کن۔
3961,روزٕ برونٹھ صبحک کھینس چُھ سُہُور ونان، ییٚلہ زَن  آفتاب لوسنس  پؠٹھ روزٕ پھٹراونہٕ ینہٕ وٲلس کھینس چِھ افتار وَنان۔
3962,"یہِ چھِ کمانڈو فلم سِسلُٕك   گۄڈِیوُك  قسط ۔
"
3963,گاندھی ین کو٘ر پوُنا کس یروادا سنٹرل جیلس منٛز قٲدس  دوران فاقہٕ دِتھ احتجاج ۔
3964,"خاندانٕکین  واریاہن حکمرانن چھ ""ستکرنی"" ناو یا لقب  ۔"
3965,پنگل نژن والہن ہنٛد خٲطرٕ چھِ نٕرِ تہنزن نرین ولان ۔
3966,أمہ سٕنٛز خانٛدارنہ مانیاتا دت یوٚسہٕ پنٛنیٚن 2 دٗچہِ زامتین  شٗرین سۭتہِ روزان چھےٚ، چھےٚ لندنس منٛز مقیم لکھٲر ونی ڈیازس نش تمہِ  سوانح حیات  لیکھنہٕ تہٕ تمہِ سنزِ زندگی ہنٛز صوُرت عوامس برٛونٛہہ کنہِ پیش کرنہٕ خٲطرٕ رٲبطہٕ کران ۔
3967,1999 تھُک اوڈیسہ سمندری طوفان اوس اَتھ بیسنَس منٛز ساروِی کھۄتہٕ شٔدیٖد گرم سمندری طوفان تہٕ ہندوستانَس منٛز وَسن وول ساروِی کھۄتہٕ طاقتور گرم سمندری طوفان تہِ۔
3968,کریٹینیٲیی ین ٲسہِ کھیل، کھین، ایتھلیٹکس، موسیقی تہٕ خوبصوٗرت پلو پسند  ۔
3969,ریال میڈرڈٕکہِ  سابقہٕ  منیجر کارلو اینسیلوٹی یی  ینہٕ وٲلس سیزنَس منٛز سپینارڈن ہٕنٛز جایہِ ۔
3970,"مٲلی منصوٗبہٕ ہیٚکہِ نہٕ توٚتام کامیاب گٔژِھتھ یوٚتتھ تام نہٕ دۄشوٕے بٲژ اِکہٕ وٹہٕ کٲم کَرن۔
"
3971,یِمن ترجمن منٛز چھےٚ سۄ أکِس ہیٚنٛدۍ راجپوٗت رانی ہنز، چکلہ منز ہاونہ آمژ ییٚمہ پنُن عزت أکِس مُسلمان حملہ آورس نشہ روٚچھ۔ 
3972,"دھات ژٹنہٕ خٲطرٕ ٲسۍ مشینی اوزار 1940 تہٕ 1950s  کس دہلِس منٛز بناونہٕ آمٕتۍ۔
"
3973, ہِندوستٲنہِ سینماہس تمہِ سٕندِ دِتہِ باپت آیہ تس حکومت ہِند طرفہٕ    2001 کِس منٛز پدم بھوشن تہٕ 2002 ہَس منٛز دادا صاحب پھالکےاعزاز دِتھ یزتھ افضٲیی كرنہٕ ۔ 
3974,"وسطی دکن سطح مرتفع خۄشک پن ہرن وٲلین  جنٛگلن ہُنٛد ماحولیٲتی خطہٕ چھُ حیدرآباد ہٮ۪تھ ریاستہٕ کِس زیادٕ تر حصَس پٮ۪ٹھ پھہلِتھ۔
"
3975,بَرطٲنوی تہٕ مِصری فوجَن ہٕنٛدۍ أکۍ مشترکہٕ فوجن دِژ 1896 منٛز مہڈسٹ آرمی شِکسٛت تہٕ 1898 منٛز کٔرٕن فشودا ہَس منٛز فرانسیسی حَملچ کوشِش رَد۔
3976,2009 منٛز گزریوو دی جیکسن 5 ہک مرکزی گلوکار، مایکل جیکسن۔
3977,ریاست کس مغربس تہٕ جنوبس منز چھ شینہٕ سۭتۍ برنہٕ یوان واجنِیو واریاہو کۄلو دریٲیی وادِیِہ بناومژٕ۔
3978,بیجاپوٗری حکمران عادل شاہ نہِ طرفہٕ بنٛگلورس منٛز تٔعینات  شاہجی یِن کوٚر دادوجی کونڈادیو نٲضِم  مُقرر۔
3979,تم چھ اکثر اضٲفی حفاظت خٲطرٕ كٗلفو٘ سۭتہِ بند كرنہٕ یوان ۔
3980,یہِ ایکٹ اوس گۄڈٕنیُک قانون یٔمہِ  گورنر جنرل سنٛزن عملی  تہٕ قانون سٲز ذِمہٕ دٲریٚن منٛز فرق  کٔر ۔
3981,"یوٚد وے یہِ ہیٚکہِ وۄنۍ تۄہہِ خٲطرٕ مٲلی پچھتاوٕ ٲسِتھ، یِنہٕ وٲلِس طلاقَس متعلق زاننہٕ برٛونٛہہ، ضروری چھنہٕ زِ تُہند فیصلہٕ اوس خراب۔ 
"
3982,جدوجہد کرن وول ٹورنٹو میپل لیفز نیشنل ہاکی لیگ ٹیم چھٗ ییٚمہ ہفتہٕ نٔوِس، عبوُری انتظامس تحت۔
3983,"رونی سٕنٛد مرنہٕ پتہٕ بنیٛوو أمۍ سنٛد بوے جانی وان زنٹ مرکٔزی گلوکار۔
"
3984,تھائرایڈُک مزید علاجُک چُھنہٕ ضرورت یوٚتام نہٕ کینسرُک پتہ لگاونہٕ یی۔
3985,کینٛہہ بٔڑۍ سفارشات چھِ ایلور-ایڈیار سٹریچَس منٛز صنعتی یونٹَو پٮ۪ٹھ صفر فضلہٕ خارج گژھُن تہٕ کمپنیَو پیٹھ صفر اخراج یقینی بناوُن۔
3986,یمن جنگلن ہٕنٛدِ بٔڑِ علاقہٕ چھِ زمیندٲری خٲطرٕ صاف کرنہٕ آمٕتہِ ۔
3987,"یہِ شعبہٕ دِیہ تۄہہِ امہِ کتھہِ ہُنٛد اصل اندازٕ زِ واریاہَس وَقتَس تام  کیا چھِ ترقی ہنٛدۍ رُجحان روٗدمٕت تہٕ سۭتی کوٗتاہ برٛونٛہہ کُن ہیٚکہِ مستقبِلس منٛز کمپنی وٲتِتھ۔
"
3988,پرتٕگٲلٮ۪و کٔر 1537 پٮ۪ٹھٕ دسمبر 1961 کِس ہندوستٲنی حملس تام اتھ علاقس پٮ۪ٹھ حکوٗمت۔
3989,کروا چوتھ چھ اکھ تیوہار یٗس شٗمٲلی تہٕ مغربی ہنٛدوستان چہِ ہیٚنٛدِ زنانہٕ کارتِک  کِس ریتس منٛز پوُرنِما پتہٕ ژوُرمہِ دۄہ مناوان چھےٚ۔
3990,امہ کھیلٕچ بنیٲدی حٔکمت عملی چھےٚ ٹرٛمپ کارڈ گنزراون ۔
3991,5 مہٕ صدی قبل مسیح تام، اوس پومپی رومک حصہٕ بنیومت۔
3992,یہ چھ تھوریکسپک حصہٕ یُس یٔڈ پیٚٹھہِ واپس چھُ  گژھان۔
3993,أمۍ وُن یہ تہِ زِ سُہ چھُنہٕ یژھان زِ تجارت ہٹایہِ أمِس گولڈ میڈل گیمہِ منٛز سویڈن ٹیمَس خِلاف گِنٛدنہٕ نشہِ۔
3994,ذیلی زوٗوٕ زٲژ پیلیڈمس برعکس، چھِنہٕ تِم اعصابی بیمارٮ۪ن ہٗنٛد سبب بنان۔
3995,کمنز ہینڈلی کمنز ہینڈلی چھ اکھ آسٹریلوی واٹر پولو کھلٲڑۍ ۔۔
3996,چینسل چینسل چھ ٗواریہن گرجا گرن ہنٛدِ فن تعمیرک اکھ حصہٕ ۔
3997,مقبوُل  آیہ آر سی بوٹن منٛز چھِ اِنفوبوٹ ، بلوٹبوٹ ، سپیبوٹ شٲمِل ۔
3998,تٔمِس میٖج تَمہِ وِزِ قومی شہرت   ییٚلہِ سوٗ 1940 ہَس منٛز گاندھی یَن   اكہِ نوِ  عدمِ تشدد مٗہمہِ ہٗند  گۄڈٕ نیُوک شركت كرن وول  منتخب کوٚر۔
3999,درجہ حرارتس منز اچانک، ناقابل بیان کمی چھے٘ شہس وٗنل بناوان ،تہ  خوفزدٕ كران ۔
4000,"اتھ حالتس چُھ کُنہِ ساتہٕ ""نٮ۪تہٕ سۄت أچھ"" ونٛنہٕ یِوان، مگر یہِ لفظ چُھ عام پٲٹھۍ کم گاش  حالتُس کُن اشارٕ۔"
4001,گۄڈنچہ لٹہ ہیوٚت لکن ڈینگو ہیمورجک تپھ کھسن۔
4002,سہ چھ سخت ، مطلق العنان کردار ادا کرنہٕ باپت زاننہٕ یوان ۔
4003,"تَمہِ وِزِ  اوس دیوداس کنکالا انسٹی ٹیوٗٹُک پرنٛسپُل، ییٚلہِ زِ رامجگن تہٕ مرحوٗم اچیوتھ ٲس أمہِ  سٕنٛدِ ہم جماعت ٲسہِ ۔
"
4004,یہِ چھُ باغن منز اکِس بڈِس مجسمس پیٹھ مٗشتمِل یتھ پیٹھ اکھ تحریر چھُ ۔
4005,اتھ رومانٹک کامیڈی منٛز چھ موضوع أکس پبلشنگ کمپنی منٛز کٲم کرن وٲلۍ محققین۔
4006,مےٚ چھےٚ سخ پریشانی گژھان ییٚلہ مےٚ کانٛہہ کٲم آسہ مۄکلاوٕنۍ تہٕ سۄ گژھِ نہٕ وقتس پیٹھ پوٗرٕ۔
4007,یہٕ علاقہٕ چھ واریاہ زیادٕ صنعتی، تہٕ اتہ چھےٚ بٔڑ شٔہری آبٲدی۔
4008,زیادٕ تر چیز یم میژ آتش فشاں چھ نیبر چھکان چھ آتش فشاں پھٹنس دوران گژھان۔
4009,ساینس دانن ہنٛد خیال چھ ز پنٛنہ جایہ ہنٛد نۄقصان ہیٚکہ أمس مٲنہ خٲطرٕ خطرٕ أستھ۔
4010,یہ تہ چھ اہم ز گرس منٛز کٲتیٛاہ لوٗکھ کرن ٹریڈمل استعمال۔
4011,امہ مقصد خٲطرٕ چھ دریاوس پؠٹھ تالیپیرو پروجیکٹ ناوک اکھ ڈیم بناونہٕ آمت۔
4012,زیادٕ تر ہندوستٲنہِ گھرن منٛز چھِ أکی خاندان كہِ رٗكنہٕ  یا رشتہ دار  سندِ مرنہٕ پتہٕ كلس مس كاسنہٕ یوان ۔ 
4013,2013 منٛز کوٚر ریاستی اسمبلی شرابس پیٹھ پابندی ہنٛدِ اثرک مطالعہٕ کرنہٕ خٲطرٕ متفقہ طور اکھ قرارداد منظور۔
4014,یہ اوس آرکیٹیکٹ ریم کولہاسن ڈیزائن کوٚرمت تہٕ آو 2005 ہس منٛز کھولنہٕ ۔
4015,آیہ ایی 9 نٕچ  حطمی بناوٹ چھے٘  2011 ہس منٛز جٲری سپدنٗك توقع ۔
4016,مالابار انڈین اخبارن چھِ خبر دِژمٕژ زِ واریاہ ہیٚندۍ آیہِ زبردستی اسلام قبوٗل کرناونہٕ۔
4017,تمہِ سٕندِ   ماسکہٕ  پیٚٹھٕ ینہٕ وٲلہِ آکسیجنن کو٘ر پتہٕ تمہِ سندِ پلو٘ دزنس مدتھ ، ییٚمہ سۭتہِ تس نار ہیو٘تٗن ۔ 
4018,"یہِ کھیل چھُ فرانس، آسٹریلیا، برازیل، کینیڈا تہٕ برطانیہ ہٮ۪تھ باقی مُلکَن منٛز تہِ وارٕ وارٕ مقبولیت حٲصِل کران۔
"
4019,باگمتی دریاوُک بیسن، یَتھ منٛز کتھمنڈو وادی تہِ شٲمِل چھِ، چھُ مغربَس منٛز واریٛاہ بٔڑِس گنڈکی بیسن تہٕ مشرقَس منٛز کوشی بیسنَس درمیان واقعہٕ۔
4020,یہِ چھُ خاص کٔرِتھ مندرٕن  نقد امدادم ن ہنٛدِ تعٲداد سۭتہِ  واضح گژھان، یم بناونہٕ آیہ ۔
4021,منی پوٗرٕکین سارنٕے کھیلن ہٕنٛدۍ پٲٹھۍ چھ اتھ  کھیلس تہِ اصول۔
4022,ریاست چھےٚ وِزِ وِزِ نسلی تہٕ فرقہ وارانہ تشدد سۭتۍ متٲثر گٔمٕژ۔
4023,"اَمیِچ زِیٛادٕ تَر الہٕ پلہٕ کمٲیہِ  ٲس بیروٗنی مُلکَو پٮ۪ٹھٕہ، تہٕ بَنییہِ دھوم 3 تہٕ چنئی ایکسپریسَ پتہٕ 2013 ہٕچ بیروٗنی مُلکَن منٛز ترٛیٚیِم ساروِی کھۄتہٕ زِیٛادٕ کمٲئی کرَن واجیٚنہِ ۔
"
4024,فالج پتہٕ جذبٲتی مسلہٕ ہیکن دماغس منٛز جذبٲتی مرکزن براہ راست نۄقصان واتنہٕ  یا مویوُسی تہٕ نوِ كمی پانناونہٕ  منٛز دٗشوٲری كِنہِ ٲسِتھ ۔ 
4025,"تقریباً 6 ملین وٕری برونٛہہ کوٚر براعظمی بہاون آبناے جبرالٹر بنٛد۔
"
4026,حتاكہِ  انسانن منٛز اکثر نہٕ  وٗچھنہٕ ینہٕ وول ،   مٗکمل ہیٹروکرومیا چھٗ پالتو ببہِ دودھ دِنہٕ والین زوٗوٕ زٲژن منز اكشر وٗچھنہٕ یوان ۔ 
4027,مناسب دٗبارٕ تعمیرٗک اجازت دِنہٕ خٲطرٕ ہیٛکہٕ پیوندن  ہنٛز تہِ ضروُرت أسِتھ ۔
4028,یہ چھ کنگسپورٹ ، ٹینیسی پٮ۪ٹھہٕ جنوب مشرقس منٛز چارلسٹن ، جنوبی کیرولائنا تام پکان ۔
4029,اتہِ ٲسۍ کینٛہہ سیٲسی مسٲیل یمو مُلک سلاوک عقیدٕ ترک کرنوو ۔
4030,بۄنم ٹیبل چھ کینٛہہ مثالہٕ ظٲہر کران ز جمعن منٛز پریپوزیشن کتھ کٔنۍ چھ استعمال گژھان۔
4031,"زینہ عرفات چِھ ورجینیا سہ ماہی جائزس منٛز اتھ کتھہٕ پیٹھ زور دیوان زِ رولر ڈربی چُھ ہیٹرونارمیٹیوٹی تہٕ پدرانہ معیارچ خلاف ورزی کران۔
"
4032,واریاہن برادرین منٛز چھُ شین چٮ۪نہٕ  آبک بنیٲدی ذٔریعہ۔
4033,بی سی یَس منٛز چھِ ییٚمہِ ونٛدَٕ  پسیو٘ سٕتہِ  ہلاکتَن ہُنٛد واریاہ تعداد وُچھنہٕ آمُت۔
4034,بھوپالٕکۍ بَسکیٖن، این ایل ماتھورَن چُھ بالاجِی موشَن پکچرِن خِلاف اَکھ عوٲمی مفادٲتی عرضی (پی آٮٔی ایل) درخاست کٔرمٕژ، یَتھ منٛز یِہ داواہ اوس آمت کَرنہٕ زِ فِلمِہ ہِنٛدِس عنوانَس سۭتۍ چُھ کایاستھا برادٕرِی ہنٛدۍ جذبات مجروح گٔمٕتۍ۔
4035,اینٹارکٹکاہس منٛز چھ گاڈٕ رٹنس پٮ۪ٹھ پابنٛدی، تہٕ گاڑن ہٕنٛز آبٲدی چھےٚ اور واپس یوان تہٕ پھلان پھۄلان۔
4036,تٔمۍ کوٚر اتھ  سیزنس منٛز چیمپئنز لیگک ٹاپ سکورر بنٛنک اعزاز حٲصل ۔
4037,"فِلمہِ منٛز چھِ جیت گوسوامی تہٕ یشپال شرما ہِوۍ اداکار اَہَم کِردار ادا کران۔
"
4038,"امیُک مطلب چُھ یہٕ زِ اکھ خۄشٕک سوُٹھ چھٗ سمندر کہِ ٹھنٛڈ آبہٕ نِش زیادٕ تحفظ فراہم کران۔
"
4039,ہیضہٕ کہِ اطلاع كِنہِ  کٕر  اہلکارَو زیارت منسوخ ، مگر زائرینو ہٲو منفی خلافت  تہٕ ووٚنٗكھ  زِ تِمَ چھِ  سركٲرِ حٗكم ماننہٕ كھوتہٕ مرنس ترجیح دِوان ۔
4040,گۄڈنکین کینژن گنٹن منٛز سخت بُلَڈ شُوگرس پیٹھ قابو کرنہٕ سۭتۍ چھنہٕ نتیٖجس منٛز بہتری یوان تہٕ یہ ہیٚکہ نقصان واتنٲوِتھ۔
4041,"سۄ چھ بھنسالی سٕنٛدس پرفیکشنسٹ نۄقطہٕ نظرس وجہ قرار دوان ییٚلہ زن یہ تسلیم کران چھ ز سۄ گٔیہ سیٹس پٮ۪ٹھ جذبٲتۍ۔
"
4042,یہ صنف گیہ 1980 کس دہلس منٛز دی پوگزن مقبول ۔
4043,امکہ ذریعہٕ رکاونہٕ آمت آب چھ تالیپیرو ریزروایر کہ ناوٕ سۭتۍ زانٛنہٕ یوان، یس چیرلا گام تہٕ منڈل، کھمم ضلعہٕ، تلنگانہ ہس منٛز واقع اکھ درمیانہٕ آبپٲشی پروجیکٹ چھ۔
4044,امہِ سۭتہِ  میلییہِ أمِس اِنٛڈسٹرٛی منٛز کھۄر سیٚزراونہٕ خٲطرٕ اہم جاے۔
4045,دویمس عالمی جنگس دوران آو کھیل رٗکاونہٕ، مگر جنگہٕ پتہٕ گیہ امہِ  کھیلٕچ  مقبوُلِیت  دٗبارٕ ہٗران ۔ 
4046,جنینس تہٕ ڈمب بچس چِھ کم یا کہِنیۍ تِہ مدافعتی کٲم۔ 
4047,"یِم چھِ تِم پروٹین یِم انفلوئنزا وایرس کہِ ذیلی قٕسمُک تعین چھِ کران۔
"
4048,تِم ہیکن درجہ حرارتس پیٹھ قابو کرن وٲلۍ چیز پنٛنین معمولی درجہ حرارتس پیٹھ تھاونہٕ خٲطرٕ کارآمد ثٲبت گژھتھ، حالانکہ، تۄہہ ساین اپ کرنہٕ تہٕ قبول گژھنہٕ پتہٕ چِھ یم  مٔلۍہینہٕ خٲطرٕ پونسہٕ خرچ گژھان۔
4049,یہ فلم چھےٚ ڈاٲنن ہٕنٛدس أکس خاندانس متعلق، یتھ سینڈرسن سسٹرز ونٛنہٕ چھ یوان۔
4050,یہ چھٗ شرمناک ز مقٲمی عجائب گرس منز اوس نہٕ نمایشی چیزن  کیُت کانٛہہ انگریزی ترجمہٕ۔
4051,گۄڈنکۍ تاثُر کرن تعین زِ تہندۍ ہمکار کتھٕ پٲٹھۍ چھِ توہہ زانان۔ 
4052,آسام حکوٗمتَن چھُ آسامَس منٛز جین برادری سرکٲرِ طور اقلیتی برادری  قرار دِژمُژ۔
4053,میوسینس منٛز اوس آب و ہوا گرم، خاص طور گوڑنکس حصس منٛز۔
4054,اَمہِ پتہٕ ہارنووو پاکِستانن لگاتار ترٛین میچن منٛز ہندوستان۔
4055,امہ علاوٕ ہیٚکہ اندرمن تہٕ باقی اعضاء ہن درمیان اکھ فسٹولا بنتھ۔
4056,گنٛتی خٲطرٕ آو نہٕ کانٛہہ تفصیل مخصوص کرنہٕ۔ یِم ٲسۍ عملی طۄر  تیار کرنہٕ آمتۍ ، اکھ یِژھ عمل یتھ صدیہ لجہٕ  تہٕ واریاہ تنازٕ عہ کٔرِن پیدٕ ۔
4057,قبرستان ایچ ثقافتس منٛز چھ آخری رسوماتک قدیم ترین ثبوت۔ اکھ رواج یس از ہندومتس منٛز غٲلب چھ۔
4058,منٛتقلی ہیٚکہِ جنٛگلی جانورن ہٕنٛدِ ذٔریعہٕ تہِ سپدِتھ، یِتھ کٔنہِ زَن جنٛگلی سور، یُس فارمَن منز  بیمٲرِ پھٔہلٲوِتھ ہٮ۪کہِ۔
4059,سیٲسی آزٲدی ہُند زبردست محافِظ سین  یقین تھوان زِ عملی جمہوُرِیتن منز  چھِنہٕ قحط وۄتھان تہِ كیازِ تِہندِ رہنُما گژھن شہرِین ہنزن منگن متعلق زیادٕ جواب دہ آسٕنۍ ۔  
4060,"اتھ قلعس چھِ زٕ حِصہٕ یِم اَکِہ دیوارٕ سۭتۍ تقسیم چھِ کرنہٕ آمٕتۍ یتھ جنوبی طرفہٕ محلس کُن گژھن وول دروازٕ چھُ۔
"
4061,حالانٛکہ مونیکا ہس چھ کورٹس پٮ۪ٹھٕ پنٛنٮ۪ن ووکھٕ جذباتو سۭتۍ مسلہٕ درپیش یوان۔
4062,اعداد و شمارس حساسیتٗك  سطح ِدِنہٕ كِس عملس چھ عاداد شٗماری درجہٕ بندی ونان ۔
4063,میر جعفر  گابرِیو پننِس سٲتھی سُند موتھ وُچھِتھ تہٕ سوُزُن پنُن نیچۄُو  میران  رام ناراینس فارغ كرِتھ پٹنہ بییہ قبضہ کرنہ خٲطرٕ ۔ 
4064,"اِسلٲمی رٮ۪وایتہٕ مُطٲبق چھِ خۄدایَن پرٛٮ۪تھ قومس  نبی سوُزِمٕتہِ ۔
"
4065,پینتھرسو کٔڈ کھیل شروٗع کرنہٕ كِك، تہٕ برونکوسو کوٚر برینڈن میک مینس سنٛدِ 34 گز فیلڈ گول کٔرتھ گۄڈٕ  سكور ۔
4066,ہندوستانَس منٛز چھِ پولوٕچ مقبوٗلیت واریٛاہ لَٹہِ ژھوكیمٕژ تہٕ بڈیمٕژ ۔ 
4067,"اولمپک کمیٹی تروو گۄڈٕنیتھ   1968 کِہِ  اولمپکس خٲطرٕ جوُڈو ، یتھ احتِجاج سپٗد ۔
"
4068,"ییٚلہِ تھزِذاتکۍ ہیٚنٛدیو اتھ علاقس منٛز ہجرت کٔر، مقٲمی قبٲئلی لوٗکو اپنٲو نواکھائی تہوار خٲطرٕ تیتھی تہٕ لگنا ہُک نجومی حساب کتاب کرنُک خیال۔
"
4069,"جنوب مغربَس منٛز تقریباً 150 کلوٗمیٹر چھِ لاپتہ سٹاک مین سٕنٛز تلاش جٲری، یُس ایناسلے نزدیٖک کارپینٹیریا ڈاونز سٹیشنُک اکھ 38 وُہُر  فرد اوس، یُس راتھ دوسہٕ چیک کرنہٕ پتہٕ واپس یِنس منٛز ناکام روُد ۔
"
4070,یِم ٲسۍ مِصر تہٕ سوڈان کین باقی حصن منٛز لبنہٕ آمٕتۍ۔
4071,"اَکثَر چھِ  لۄکُٹ تہٕ جالہِٕ دار گردن ، لو٘كٕٹہِ كن ، گردنہِ پتہِ كِنہِ كم مس ، ژھو٘ٹ قد ، تہٕ اتھن كھو٘رن ورم  زینہٕ وِزِ وُچھنہٕ یِوان۔
"
4072,بیڈمنٹنک جدید کھیل چھ بچن ہنٛد اکہ پرٛانہ کھیلہٕ سۭتۍ تیار گوٚمت یس انگلینڈس منٛز بیٹلڈور تہٕ شٹل کاک ناوٕ سۭتۍ زانٛنہٕ چھ یوان، یس قدیم ہندوستانس منٛز مشہوٗر کھیل چھ۔
4073,مغربی افریقی زنانن ہٕنٛد کلٕچ ٹایۍ چِھ 1960 کہ دہلہٕ پٮ۪ٹھٕ لاگنہٕ یوان۔
4074,اتھ بِناہس پیٹھ  چُھ، تٲریٖخ دان وِنٛسیٚنٛٹ سٕمِتھ تہِ اَتھہِ کَتھِہِ پٮ۪ٹھ بحژ كران ۔
4075,یِہ خاندان چھ پارٹی منٛز شٲمل گژھان تہٕ نژنس دوران چھےٚ گارگی بےٚہوش گژھان۔
4076,اَمہِ آبہٕ سۭتہِ  چھُ اچھِ ہندِس پردس  پھۄ٘کھ كھَسان، ییٚمہِ سۭتہِ نظر  گو٘ٹ  گژھان چھے٘ ۔
4077,کوکاٹوس خٲطرٕ چھ اہم خطرٕ رہٲیش گاہک نقصان تہٕ جنگلی جاناوارن ہُند تجارت ۔
4078,یہ گوٚو سدھرانی مضموٗن کس پرٛٲنس طرزس پیٹُھ تیار گوٚمُت تہٕ امیُک تخلیقی تہٕ تخیلی انداز اوس روپکلاپتی ساختس پیٹھ مبنی۔
4079,"رونی چُھنہٕ أمِس سۭتہِ محبت کران، مگر سُہ چُھ سونچان زِ سۄ چھےٚ عجیٖب تہٕ خوبصوُرت ، لہازا چھُ سوٗ  اكِس نایٹ كلبس منز ڈیٹ نایٹٗك منصوُبہٕ بناوان ۔ 
"
4080,اکھ زنانہ ہم جنس پرست، فری مین اُوس پننس مرنس تام ہیلن رمسی یس سۭتۍ شراکتس منٛز۔
4081,تَنظیم تھاون خصوصی انتظٲمی حیثیتُک فٲیدٕ برقرار، یُس یکم نومبر 1954 برٛونٛہہ نافذ اوسُکھ کوٚرمُت۔
4082,باقی ممبر چِھ برونائی، لاؤس، میانمار تہٕ ویتنام۔
4083,زٕ تِكُن تونتہٕ مِلٲوِتھ ٲس كرتبی گانٛٹہٕ  بیٲر تہٕ ہینٛگ گلیڈنٛگ خٲطرٕ بناونہٕ آمٕژ تہٕ پیرافویل ٲس پیرا شوٹنٛگ تہٕ پیرا گلایڈنٛگ خٲطرٕ بناونہٕ آمٕژ۔
4084,2012 ہس منٛز گو٘ بینڈ سین فرانسِسکوس منٛز آؤٹ سایڈ لینڈ فیسٹیول باپتھ دٗبارٕ یكھجا۔
4085,شٲیستہٕ پٲٹھہِ  ؤنِو تِمن ز تمن روز كٲن٘سہِ بییِس خریدارس سٕتہِ كتھ كرٕنہِ بہتر یس پزی مۄلہِ ہینس منز دِلچسپی آسہِ ۔
4086,امہ قدمہٕ سۭتۍ گوٚو یقینی پٲٹھۍ نٔتیٖجہٕ ظٲہر تہٕ کھو کھو کھیل پوٚک برٛۄنٛہہ بنیٲدی طور دکن جم خانہ تہٕ ہند وجے جم خانہ کہ طرفہٕ کرنہٕ آمژن کوششن ہٕنٛد وجہ سۭتۍ۔
4087,مغربی بنگالس منٛز چھِ لٗکہٕ موسیقی  اکثر یکتارٕ، اكی تارِ والہِ سازٕ  سٕتہِ بناونہٕ یوان۔
4088,ییٚلہ یہ پھٹ، مڈغاسکر اوس اتھ سۭتۍ منسلک یس وۄنۍ ہندوستان چھ۔
4089,"جان بنیان گوٚو صرف دۄن ، ترٛین یا ژورن ؤرۍ یَن سکول۔
"
4090,"اعصاب ایجنٹک زہر چھ علامتن ہٕنٛز اکھ واریاہ منفرد گروپک سبب بنان۔
"
4091,سۄ چھے٘ ملیالم تہٕ انگریٖزی زبانہِ ہنزو فِلمو سان  ہِندی تہٕ پنجٲبہِ سنیماہَس منٛز  نظرِ گٲمٕژ۔
4092,ستپوٗرا رینجس منٛز پچمڑھی بایوسفیئر ریزرو، امرکنٹک بایوسفیئر ریزرو، تہٕ پنا نیشنل پارک چھ ہندوستانس منٛز 18 بایوسفیئر ریزرو منٛز ترٛےٚ۔
4093,مورِس موٹرز آو 1912 منٛز آکسفورڈس منٛز تہٕ ایم جی آو 1929 منٛز ابینگڈنس منٛز قٲیم کرنہٕ۔
4094,جھوم کاشت تہٕ ہمسایہ قبیلن پیٹھ چھاپن ہندِ خاطرٕ اوس ہناتلانگ، متحد محنتک جذبہٕ، تہٕ حتمی نتیجس منز مساوی تقسیمک ضرورت۔
4095,"نلبانہ بٲڑ سینٛکچری یا نلبانہ جزیٖرٕ چھُ چلیکا جھیل کِس رامسر نامزد نمبل  علاقُک بُنیٲدی علاقہٕ۔
"
4096,امہِ پتہٕ کٔر تٔمۍ یہ رقم واپس سومبراونہ باپت مسلمانن امیرن ہنز جماعت قایم، مگر گَو ناکام۔ 
4097,جہانگیر سنٛد دور حکومت کین ٲخری ورۍ یَن منٛز ییٚلہِ سُہ بیمار گوٚو ٲسۍ نور جہانہِ پننہِ ناوٕکۍ سکہٕ رٲیج کٔرۍمتۍ۔ 
4098,"دیوی بھاگواتا پرانا چھِ تُلسی مانان لکشمی ہُنٛد آکار، یۄسہ دولتٕچ دیوی چھےٚ  تہٕ وشنوٗ سنز 
 چھےٚاصل رٔنیی۔"
4099,یہ چھ وبہس دوران ساروٕے کھۄتہٕ بیمار مریضن خٲطرٕ استعمال کرنہٕ یوان۔
4100,"کم از کم کوٚر دَہَو حملہ آورَو چُھریہِ ہیٚتھ، کرٛہِنۍ پَلَو لٔگِتھ،راتھ چینٕک شہر کنمنگَس منٛز أکِس ٹرین سٹیشنَس پیٹھ حملہٕ۔
"
4101,"فون تہٕ ای میل رابطٕ علاوٕ ہیٚکِو تُہۍ انسٹا کارٹ کِس ہیلپ سینٹرٕ پیٹھ مفید معلومات حٲصِل کٔرِتھ۔
"
4102,پتہٕ چھِ ، أکس روُمٲنی  فلمہ منٛز آیہِ تمہِ سٕنز  اشمِت پٹیلس سۭتہِ جوُرِ بناونہٕ ۔ 
4103,تٗہندِس خۄد كِس مۄلس كھرو٘پ ژٲنِتھ دِن یم واقع  توہہِ غم  ۔
4104,ایکوکارڈیوگرافی ایکوکارڈیوگرافی یا ایکوکارڈیوگرام چھ دل وٕچھنہٕ تہٕ بوزنہٕ خٲطرٕ اکھ الٹراساؤنڈ۔
4105,لداخ  چھٗ  جموں و کشمیر تہٕ  لداخ ہائی کورٹ کِس  دائرہ اختیارس منز ۔ 
4106,"ییلہٕ سُہ پانٛژھ وہُر  اوس ، تمس 
 ٲس موٹوکراس ریسنگ منز سیٹھاہ دلچسپی ۔"
4107,ٹالویک چُھ سویڈن چہِ نوربٹن کاؤنٹی منٛز اوورکلکس بلدیہک اکھ علاقہٕ۔
4108,"مختلف نوادرات ہیکن کاپر ہورڈ کلچرس (دویِم ہزارسالہ عیسوی) سۭتۍ تعلق تھاوتھ، یمن منٛز کینٛہہ چِھ انتھروپومورفولوجیکل خصوصیاتن کُن اشارٕہ چھ،۔
"
4109,"خصوصیات چِھ یعنی فالج، حسی نقصان، یا دۄشوے کُنہٕ تہٕ سطحس پیٹھ۔
"
4110,لیورپول، ناٹنگھم تہٕ شیفیلڈس منٛز آیہ 15:06 ہس پیٹھ   اکہ منٹٕچ خاموشی یختیار کرنہٕ۔
4111,پریتھ دہراونس سۭتۍ ، چھ اکھ منفرد جوابی قدر آسان ۔
4112,اگرے نوٚو اکاؤنٹ حیرت انگیز چھُ تیٚلہِ کٔرِو کُنہِ تہِ تکلیف کہِ  احساسُک اِظہار تِمن ستۍیۅس تۅہہِ آسہِ، تہٕ ستی کرِو پنٕنۍ تعلقات صحت متعلق کُنہِ تہِ خوفُک اِظہار تِمن ستۍ۔ 
4113,بندوسارن اوٚن سُہ راز  واپس رازدانیہ منز  تہٕ دوٚپُن اشوکس تکھششلاہس کُن کوچ کرُن۔
4114,"یہِ چھُ چھتیس گڑھ کٮ۪و لوٗکَو پروڈیوس تہٕ ہدایت کٔرمٕژ تہٕ شوٹنگ ہُنٛد اکھ بوٚڑ حصہٕ چھُ چھتیس گڑھ ریاستَس منٛز کرنہٕ آمُت۔
"
4115,اگر کپتان بالر سٗند' اند بدلاوٗن'یژھِ ، بیٚیاكھ بالر گژھہِ  عارضی طور یہِ پٗروٗن   تاکہ تبدیلی آسہِ نہٕ فوری۔
4116,فیروز شاہ کوٹلہ چُھ فیروز شاہ کوٹلہ کرکٹ سٹیڈیَمَس لَرِ ۔
4117,مےٚ ٲس بنیٲدی خدماتن باپت  معقول قۭمتٕٗك توقع ، مگر یہ بل چھےٚوٕتہِ پیٹھ ڈاكہٕ ! ژٕ چھٗكھہٕ مے٘  ٹھٹھٕہ کران؟
4118,ووں گو٘ و أمۍ تھٲو کیٚنٛہہ کیتھولک ر۪واج برقرار ۔
4119,"گول چھِ 160 سینٹی میٹر (63 اِنچ) كھٕجہِ تہٕ 115 سینٹی میٹر (45 اِنچ) تھزہ ۔
"
4120,لداخ چھ واریاہن تبتی بولین منٛز امیک تلفظ۔
4121,"2011 چہِ قومی مردم شُمٲری ہنٛدیو عارضی نٔتیجو مطٲبق چھٗ مغربی بنگال ہندوستانٕچ ژوُرِم سیٹھاہ  زِیٛادٕ آبٲدی واجِینہِ ریاست ییٚمچ آبٲدی 91,347,736 (ہندوستانٕچ آبٲدی ہُنٛد %7.55 ) چھے٘ ۔"
4122,ہم كال میسور دسارا تہوارٗک سہرٕ چُھ 1610 ہس منٛز بادشاہ راجہ ووڈیار اول سنٛزن کوُششن گنڈنہٕ یِوان ۔
4123,لہذا، شُرۍ چھِ انفیکشنٕکۍ بُنیٲدَی ذخیرٕ.
4124,"تمۍ سٕنٛز تاج پُوشی سپز 2006 منٛز ساہدھیر قصبس منز۔
"
4125,پتہٕ آیہِ  22  مارٕچ 2016 الفاضون کی طرحح ہچ اکھ ژھو٘ٹرنہٕ رو٘س صوُرت  شرِ٘یا گھوشال، جان ابراہم تہٕ انکِت تِواری سنزِ آواز، منز اِجرا كرنہٕ ۔ 
4126,یہ چھ ایشیاہس منٛز پننہِ نوعیتُک ساروی کھوتہٕ بوڑ ڈیم (اکھ کنکریٹ، ڈبل کرویچر پیرابولک،تنہِ  آرکُك ڈیم) تہٕ دنیاہس منٛز  دویم ساروی کھوتہٕ بو٘ڑ۔
4127,دویمہِ ریسہِ منٛز روٗد بلیک بیوٹی رَن وے ہس  پٮ۪ٹھ  آبہٕ کہِ وجہہ كِنہِ  سٗست  شروُعات کرنہٕ باووٚجوُد زیننَس منٛز کامیاب۔
4128,ڈیٹا حٲصل کرُن ہیٚکہِ مشکل ٲسِتھ اگر سافٹ وییر وینڈر دیوالیہ گژھہِ۔
4129,جدید وقتس منٛز چُھ حکوٗمت کہِ ذریعہٕ چلاونہٕ یِنہٕ والہِ آل اِنڈیا ریڈِیو، بنٛگلہ دیش بیتار تہٕ ریڈِیو پاکِستانن، سرپَرستی ہِنٛدِ نِظام کہِ نقصانُک مُقابلہٕ کَران فنٛکارن عوٲمی تَوجہٕ دِنس منٛز مدد کوٚرمُت۔
4130,یونایٹڈ سٹیٹس جسٹس ڈپارٹمینٹ ژھنہِ تس جیل ۔
4131,اکھ خاص اینٹی ہسٹامین، سیپروہیپٹاڈین (پیریاکٹن)، چھٗ مفید لبنہٕ آمٗت۔
4132,تہۍ ہیکِو 55 ؤری وٲنسہِ منٛز ریٹایر گژھُن یژِھتھ، مگر تۄہہ چھ کٲفی رقم بچاونک ضرورت۔
4133,پِچ آو لۄکُٹ بناونہٕ تہٕ بٔڈس تماشہ بینن آیہِ جاے دِنہٕ۔
4134,یہِ چھُ پوٗرٕ دُنیاہَس منٛز تامِل باشندٕ مناوان، یَتھ منٛز ملائیشیا، ماریشس، جنوبی افریقہ، سنگاپور، امریکہ، برطانیہ تہٕ کینیڈا شٲمِل چھِ۔
4135,1988 تس منٛز آیہِ اِنتِخابات کرنہٕ تہٕ گۄڈنیُوک مقبوُل  منتخب کٔرنہٕ آمٗت میونسِپٕل کاونٛسِل آو بناونہٕ، ییٚمیُوک صدٕر ایٚن. چنٛدرن اوس۔
4136,وارِیاہ نفر چھِ بہادُر شاہ ظفر سٕندۍ وارث آسنُک دعوا کران ، یِم چھ سٲرۍسٕے ہندوستانس مثلن حیدر آبادس، اورنگ آبادس،دِلہِ ، بھوپال، کولکتا، بِہار تہٕ بنگلورس منز روزان ۔
4137,"لیگِ ہُند ٲیین اوس 1907 تس منز بناونہٕ آمُت، یمو وکالت مولانا محمد علی سنز لیکھنہٕ آمٕژ ""گرین بک"" منز ٲسۍ کرنہٕ آمٕژ۔"
4138,ایورگی ایورگی چھ کنساس سٹی ، مِیسوری ، امریکہس منز اکھ برقی یوُٹیلیٹی ۔
4139,یہٕ چِھ بطور بندوق بناون واجیٚنۍ کمپنی دوبارٕ شروٗع گٔمٕژ ۔
4140,"اَمہِ سۭتہِ  میلِو تۄہہِ کینٛہہ خۄد مۄختٲری برقرار تھاوان پنِنٮ۪ن گھریلوُ اخراجاتَن ہُنٛد انتظام کرنَس منٛز مدتھ۔
"
4141,نیوی بلیو: نیوی بلیو چھ نیلہ رنگک اکھ تیز رنگ۔
4142,کاربارۍ سفرس پیٹھ نیرنہٕ وزِ ییلِہ تہِ میون بچہٕ ودان اوس، بہٕ اوسس پریشان گژھان۔ 
4143,ساینس فکشنن کوٛر 20 مہ صدی کس وسطس پتہٕ دٔلیٖلن منٛز ٹیبلٹ لگاون شروٗع۔
4144,"سانہٕ ارتقائی ورثک پرٲنۍ ""لڑایہ یا پروازک"" رد عملن کوٚر اکہ لٹہ پریتھ انسٲنی زندگی منٛز اہم کردار ادا۔"
4145,کالیسی: کالیسی چھ شمٲلی ایسٹونیاہس منٛز راسیکو پیرش، ہرجو کاؤنٹیُک اکھ گام۔
4146,پہلوٲنی چھےٚ برصغیر پاک و ہِند چہِ کُشتی ہٕنٛز اکھ شکل۔
4147,کینڈی فلاس چھ اکثر میلن یا سرکسن منز کننہٕ یوان ۔
4148,2018 پؠٹھٕ چھ یہ وادھوکے کہ نو بلدیہ ہک حصہٕ۔
4149,تُہۍ ہیٚکِو مختلف سٹالو، رولر کوسٹر قٕسمو، تہٕ پارک تھیمو منٛزٕ انتخاب کٔرتھ۔
4150,تٔمۍ وٲے باس کلرینیٹ، ٹرٛمپٮ۪ٹ تہٕ دیگر کنین ہٕنٛدۍ آلات تہ۔
4151,ڈومینیَن ہٕنٛز پنٕنۍ خٲرجہ پالیسی طے کَرنُک حَق، برطٲنیاہ نِش آزاد، آو 1923 کِس امپیریل کانفرنسَس منٛز تَسلیم کَرنہٕ۔
4152,ہنومان جنموتسو تِہ چُھ ہندوستانس منٛز ساروٕے کھۄتہٕ بڑیٚو مناونہٕ ینہٕ والیٚو تیوہارَو منٛز اکھ۔
4153,سی ایٚل ایی اے آر چھِ  صِرِف 40 وٕہٕرین   یا تَمہِ کھۄتہٕ زیادٕ وٲنٛسہِ ہِنٛدیٚن مٔریٖضن کرنہٕ یِوان۔
4154,"1950 تہٕ 1960 کِہ دہلہٕ کِس ٲخٕرَس دوران آو یہِ کھیل واریٛاہَن نیٹ ورکَن پیٹھ نشر کرنہٕ، مگر حٲضری منٛز آیہِ کمی۔
"
4155,"2010 ہس منٛز کوٚر تقریباً    5%  لوُکو (230 ملین) اکھ غٲر قانونی مادہ استعمال۔
"
4156,وۄمید چھِ زِ یہِ تعداد گژھِ 2021 ہَس منٛز 26 ملین کھۄتہٕ زیادٕ۔
4157,ڈایورٹیکیولائٹسٕچ علامتہٕ چھےٚ اندرمن منٛز ورمٕ کس حدس پیٹھ منحصر آسان۔
4158,ہنٛدستٲنہ سپاہ ٲسہِ برطانوی حکومتہٕ نش نجات حٲصل کرنہٕ خٲطرٕ ہتھیار ہندوستانس منٛز ژوُرِ ژوُرِ انان ۔ 
4159,یہِ چھُ پنِنیو٘  ناوِ دورو٘ كِنہِ  تہِ مشہوُر۔
4160,"شیواجیَن بنوو پیشوا نامزدگی مراٹھا سلطنت چہِ ترقی  دوران انتظامی فرائض زیادٕ مؤثر طریقہٕ سۭتۍ تفویض کرنہٕ خٲطرٕ پیشوا سنٛد لقب۔
"
4161,یہ چھ  ورلڈ ایئر لائن اتحادک رکن تہٕ ۔
4162,"شوٗٹِنٛگ ہُنٛد گۄڈنیُوک شیڈول اوس سکوٗلَن تہٕ ڈانگو گامَس منٛز تہِ کرنہٕ آمُت۔
"
4163,کینٛہہ تامِل چھ پونگلُک ژوُرِم دۄہ  بطور کانُم پونگل مناوان۔
4164,یمو منٛز کٔر حالٕے منٛز الحاق کرنہٕ آمٕژ ریاست اودھ کہ اکہ کٲفی فوجن بٔڑس پیمانس پیٹھ بغاوت۔
4165,شٹل کاک چھِ ایروڈینامیکل پٲٹھۍ تہِ انتہٲئی ڈٔٹھِتھ: گۄڈنیچہ کوششہ باوجود۔ یہ پھیرِ کاک گۄڈٕ لٲیتھ تہ پتہ کاک گۄڈٕ حالتس منز۔
4166,فسٹ ایڈ ہٮ۪کہ فردس  ایمبولینس واتنس تام مدتھ  کٔرِتھ ۔
4167,یتھ ویڈیو گیمہ چھ اکھ غٲر متوقع موڑ۔ بہٕ ہٮ۪کہٕ نہٕ یہ بنٛد کٔرتھ۔
4168,یہِ چھٗ فرض کران زِ بیاکھ پروٹوکول یتھ کٔنہِ زن  ٹی سی پی تھوِ  کنکشنن پیٹھ نظر ۔
4169,"نتیجتاً پییہِ محمودس تہِ فِلم ترٛاوٕنہِ ، تہٕ فِلمہِ خٲطرٕ آیہِ نٔوۍ اداکار سائن اپ کرنہٕ۔
"
4170,سخت ویفر چِھ  تنہٕ پیٹھہٕ بناونہٕ یوان آمٕتہِ ینہٕ ژوچہِ بناونہِ چھٗ ۔
4171,پورندر چھ سیٹس پیٹھ واپس گژھان تہٕ پنٕنۍ بہترین کوشش کران، یوتتھ تام ز پنٕنۍ خیالات تہ شٲمل کران، یتھ تٲریف میلان چھےٚ۔
4172,"خانہ بدوشو کوٚر میرک ختٗك  بادشاہ قتل تہٕ آیہِ  جَب ہٮ۪تھ   بھوُٹان پٮ۪ٹھہٕ  یتھ علاقس مَنٛز ژلِتھ ۔
"
4173,جئے چھُ گینگہِ پیٹھہٕ حملہٕ کٔرتھ بچاونہِ یوان ، تہٕ یِم تر٘ے  چھ گبر سٕنٛد ٹھکانہ پیٹھہٕ ژلِتھ ہیكان ییلہِ زن ڈاكوُ یِمن ڈاكوُ پتیہ دوان چھِ ۔ 
4174,اتھ شہرس منٛز چھ 35 وارڈ یمن ہنٛز نمایندگی 35 منتخب کونسلر کران چھِ ،  9  نامزد کونسلر تہِ ۔
4175,کینژن علمبردارن سمکھنہٕ پتہٕ چھ تم پانہٕ علمبردار بننک فیصلہٕ کران ۔
4176,تلنگانہ منزۍ چھ واریاہ لۄکٕٹۍ دریاو مثلا بھیما، مانیر، منجیرا، موسی تہٕ تنگ بھدرا ہِوۍ تہِ وسان۔
4177,"جیتَک قلعہ چُھ ہندوستان چہِ ریاست ہماچل پردیش کِس ضلع سرمور کِس ضلع ہیڈکوارٹر ناہان پیٹھہٕ تقریباً 15 کلومیٹر دوٗر واقع۔
"
4178,بہادر شاہ ظفر آو سٲرسٕے ہندوستانک بادشاہ قرار دنہٕ۔
4179,"مذہبی عقیدُک واریاہ زیادٕ ظٲہری اظہار اوس بِلاشُبہ ناپسندیدٕ ۔
"
4180,ریکسروتھ چھُ بطور  سین فرانسسکو رِنیسینس منز  اہم شخصیاتن منٛز اکھ ۔
4181,مےٚ چھنہٕ پتا زِ بہٕ کِتھ پٲٹھۍ ونہٕ پننِہ فیملی زِ تِم ہیککھ نہٕ بہٕ پانس سۭتۍ نِتھ ییلِہ بہٕ سی۔ایس۔کے۔ گندان ؤچھہٕ۔ 
4182,سپنن چھ سٹ سپن، اپرایٹ سپن، یا کیمٕل سپنٕکۍ پٲٹھۍ درجہٕ بٔنٛدی کرنہٕ یوان۔
4183,ہیپاٹایٹس سی واجنہِ زنانہٕ ہٮ۪کن پنٛنیٚن دۄدٕ  شٗرٮ۪ن چاكھ گٲمتِیو٘ ٹینڈِیو سٕتہِ دۄد چاوان لاگ تٲرِتھ ۔
4184,وۄں گو جلدی كو٘ر   نجیب اُ دولاہن دِلہِ نیبرٕ كٕنہِ بھارٕ  مغل فوج سومبرِتھ  بٲغی اِمدا المُلك رازدٲنۍ ترٲوِتھ ژلنس پیٹھ مجبور ۔ 
4185,وٲحد جاپٲنہِ ہارن وول کینجی کروساکی اوس تمہِ وِزِ اکہِ  مدمقابلہٕ بجایہ کیوکٗشین ہیچھناون وول تہٕ عارضی طور  بطور غٲر حاضر مٗنتخب لڑاکہٕ سٗند مٗتبٲدِل  نامزد کرنہٕ آمٗت اوس۔
4186,"گۄڈنِیُک اعتراض اوس یہِ زِ یِتھہٕ پٲٹھہِ عذٗر  ہیکِہ غلط چیز ثٲبت کٔرِتھ ۔
"
4187,اوپن گوو چِھ ریٚڈ وُڈ سِٹی، کیلیفورنِیاہس منز واقع اکھ امریکی ٹیکنالوجی کمپنی۔
4188,فور دی ریکارڈ-فور دی ریکارڈ چھ مرانڈا لیمبرٹک پانچوم سٹوڈیو البم۔
4189,دوپاسہ أچھہِ چھِ وارِیاہ شكلہٕ سومبرِتھ كٲم كران ، اکھ  اکہ أچھِ ، تہٕ یمن دیماغس منز یكوٹہٕ كران ، یتھ منز اكھ اچھِ مخصوص زانكٲری ہٗند اكھ نقطہ فراہم كران چھِ ۔
4190,رٮ۪تہٕ کٲلِس دوران چھُ خلیج بنگال شٔدیٖد گرمک  شکار گژھان، ییٚمہِ سۭتۍ مرطوب تہٕ غٲر مستحکم ہواہ دوگل بنان چھِ یِم سمندری طوفانَن منٛز تبدیل گژھان چھِ ۔
4191,2007 باپت اوس فی قس معیار بیٚنٛگلور یا حیدرآباد کھۄتہٕ زیادٕ، یِم دۄنوَے عالمی سافٹ وِیَر بناونٕكہِ  اَہم مرکز چھِ ۔
4192,اتراکھنڈ کین دیگر دستکٲرین منٛز چھ اتھٕ سۭتۍ بناونہٕ آمٕتۍ سۄنہٕ زیور، گڑھوال چہ ٹوکر، ییرٕ شال، سکارف تہٕ قٲلین شٲمل۔
4193,زیادٕ تر جدید ڈیزائنَن منز چھُ صرف اکھ جہاز، مین سیل؛ تۄپتہٕ، روایتی کیٹ ناو ہیکہِ گیف رگ پیٹھ واریاہ جہاز نتھ۔
4194,منیجرس دیہ زیوٕ نہٕ دھمکی۔ مےٚ بُوز ز تس چھ پننس کٹھس منز بندوق۔
4195,سوٗ چھٗ وٗچھان زِ   سوٗ ہیكہِ  خطرس منٛز آسنہٕ وِزِ  پلاڈِن بٔنتھ ۔
4196,یہِ آسہِ 210 میٹر زیوٗٹھ، ممکنہٕ پٲٹھۍ آسہِ یہِ 2021  منٛز تیار گٔژھِتھ دُنیہُک ساروےٕ کھۅتہٕ بوٚڈ  مجسمہ ۔
4197,یوٗتاہ یوٗتاہ حیدر علی یُن اِختیار بڑھیٚو، مغل شہنشاہ شاہ عالم II  بنٛیٛوو 1765 تام ایسٹ انڈیا کمپنی ہُنٛد پنشنر۔
4198,امہ مقابلہٕ کس نٔتیٖجس منٛز سمکھییہ سۄ تٔمس کیوبا کس مشہوٗر سالسا گلوکار رے رایزس۔
4199,سِکہٕ ٲسہِ سۄن، رۄپھ، ترام تہٕ سرتل استعمال کٔرتھ بناونہٕ یوان تہٕ یہندِ مولٗك دارمدار اوس مٲدی وزنس پیٹھ آسان ۔
4200,چندی گڑھٕکہِ زیادٕ تر کانوینٹ سکوُل چھ اتھہِ  ادارس  زیرِ انتظام ۔
4201,أمہِ سٔنٛدِ اتھ منز  آسنہٕ سۭتہِ زیٖنہِ مینچسٹر سٹی آرسینلس خلاف 3-0 سکور سۭتہِ ٹرافی ۔
4202,نیوُرولاجكل اشارن تہٕ علامتنن سٕتہِ وابسطہٕ مٕہہِ ٹوپن تہٕ  اكہِ شدید تپٕہ دار بیمارِ ہٗندِ حالٕیہ آسٗن ہیكہِ طبی طور  ڈبلیو این وی ہٗک شك پٲدٕ كرِتھ ۔ 
4203,اعلی درجٕہٕ کِس  دکانس  پیٹھ خریدٲری کرنہٕ وز  پان کمتر محصوص كران ۔ 
4204,نٔوے بنیمٕژ ہندو بنارس یِنورسٹی منٛز گاندھی یس متعلق اخبارس منٛز چھپیومتہِ رِپورٹن نیوٚو بھاوس پانس کُن دھیان۔ 
4205,پورڈینونٕکہِ  فریئر اوڈورِکَن کوٚر  ، مارکو پولو سٕنٛدِ جینوسے جیلَس منٛز آسنس دوران سفر نامہٕ وقف كرنہٕ پتہٕ تقریبا 20 ہہِ وہٕرِ ،      1316–1318 ہس منز ہِندٗستانٗك دورٕ ۔
4206,سی پی وٲلس لکن چھ اکثر کھڑا گژھنس یا پکنس منٛز دشوٲری آسان ۔
4207,کٲفی اینٹی بایوٹکس گژھن استعمال کرنہٕ ینۍ، اتھ بنیادس پٮ۪ٹھ ز انفیکشن پٲدٕ کرن وول مایکروب چھ۔
4208,"دیوی پِرتھوی چھِ دیوی وسٗندھرا، ماتا دھرتی تہٕ بھوُمی دیوی تہِ ونان۔
"
4209,وِک: وِک چُھ سویڈن چہِ سکین کاؤنٹی منٛز سمریشان بلدیہ یُک اکھ علاقہٕ۔
4210,جنوری 2014 ہس منٛز آیہِ سری نگر کِس زٲنہٕ كدلس  منٛز فلمہ ہنٛز شوٹنگ  دویمہ لٹہِ کینٛہہ وقتہٕ خٲطرٕ رٗکاونہٕ، ییٚلہ أکہِ تماشہ بینن  اداکارن کٗن ژٕنہِ لگأوِ ۔
4211,گھرکانن ہنٛزٕ تعلیمی کامیأبی سۭتۍ گیہٕ گھریلو آمدنی منٛز تہٕ نمایاں اضافہٕ ۔
4212,پننس مٲلۍ سندۍ پٲٹھۍ شِوا جی سٕنزِ کرناٹک مُہِمہِ ہندِ  پٲٹھہِ ، کٕر سامبھا جِین 1681 منز میسورس پیٹھ حملہٕ کرنٕچ کوشِش ،یُس تمہِ وِزِ  جنوُبی سلطنت ٲس یتھ پیٹھ ووڈیار چِکا دیو راجا حکوُمت کران اوس ۔ 
4213,پتہٕ کٔر تٔمۍ أکس معالج سٕنٛدۍ پٲٹھۍ کٲم، وقفہٕ وقفہٕ بخار تہٕ ریبیزس پیٹھ کورُن تحقیق۔
4214,ڈیولنگو چھٗ لوُکن 40ہن  زبانن منٛز 106 کھوتہٕ زیادٕ مختلف زبانن ہنٛد، کورس ہیچھنٖٗک اِجازت دِوان ۔
4215,یہِ ٹورنامنٹ چھُ ورلڈ چیمپئن شپ باپتھ بطور  کوالیفائر  کٲم کران۔
4216,ڈاکیومنٹری منٛز کٔر أمۍ وٲنجہ ہنٛد دورٕ پٮ۪نہٕ پتہٕ چہ پنٛنہ زندگی ہٕنٛز وضاحت۔
4217,"ملائیشیاہٕچ اعلیٰ اِسلٲمی اِدارَن کوٚر 2008 ہُک قونوٗنی طور پٲٹھۍ نافذ کرنہٕ یِنہٕ وول فتویٰ نافذ یَتھ منٛز مُسلمانَن یوگا کرنَس پٮ۪ٹھ پابندی چھِ لگاونہٕ آمٕژ۔
"
4218,یمو منٛز چُھ ساروی کھوتہٕ مشہور سوتھک سائیکل ۔
4219,تخمینہٕ چھِ لگاونہٕ آمٕتہِ زِ  10% تام فصل آسن منیتوبا ہس ہمنز ضٲیہِ گٲمٕتہِ ۔
4220,تاہم ، ہندوستٲنہِ مٗظاہرینو دسہِ تشدٗد كہِ خوفن ، یمن ہیٚنٛدِ قوم پرست بھارتیہ جنتا پارٹی ہٕنٛزحمایت حٲصِل ٲس ،رٗكٲوِ  برطانوی سیاح امہِ جایہ ہٗند دورٕ كرنہٕ نِش۔
4221,"""پاجی توسی سچ اےٚ پُسی کیٹ"" ریکارڈ آو  فلمہِ ہِنٛدِِ آڈیو لانچ برٛونٛہہ بطور سنگل  جٲری کرنہٕ ۔"
4222,"آنندس چُھ کُنہِ ساتہٕ ""ٹائیگر آف مدراس"" ونٛنہٕ یوان۔"
4223,"آرکڈ - آرکڈ چِھ پوشہٕ کلٮ۪ن ہنٛد اکھ بوٚڑ خاندان، آرکیڈیسی۔
"
4224,اتھ منز چھِ پروسیسِنگ سینٹر ، حٲصل كرنٕكۍ تہٕ بِلِنگ سسٹم شٲمِل ۔
4225,کٮ۪نٛہہ ملکن یمن ؤنہ تہ بادشاہ چِھ تمن چِھ باقٕے لیڈر تہ یمن اقتدار چھ آسان۔ 
4226,انڈیمانُک ریاستی جانور چھٗ ڈٗگونگ، یَس سمندری گاؤ تہِ ونان چھِ ، یو٘سہٕ لِٹل انڈیمانس منٛز لبنہٕ یوان چھے٘ ۔
4227,وارڈنر چُھ  امریکہ کِس ایڈاہوَس منٛز اکھ شہر۔
4228,"تِم یِن الگ الگ گروپن ہٕنٛدۍ پٲٹھۍ ہاونہٕ تہٕ اگر نہٕ تُہۍ یِم آرڈر وُچھُن یژھان چھِو تیٚلہِ ہیٚکِو تِم نِشِہ بچِتھ۔
"
4229,کنٹیکٹ ٹریسنگ چھٗ  اکھ اہم اقدام آسٗن جٲری،  بیمارین ہندِ لا یلاج آسنہٕ پتہٕ تہِ ،   تہِ کیازِ یہِ چھٗ لاگ محدوُد تھونس منز مدتھ دِوان ۔ 
4230,وسطی دورس  منٛز اوس چولا  خاندان پنٛنہِ اثر رسوخ تہٕ طاقتہٕ کس عروُجس پٮ۪ٹھ ۔
4231,"تُہُنٛد بینک ہیٚکہِ مُفت مشورٕ فراہم کٔرِتھ یا کم فیسس پٮ۪ٹھ تۄہہِ مشورٕ پیش کٔرِتھ۔
"
4232,یہ فلم گیہ نومبرس منٛز بنٕنہِ شروع ، یتھ منٛز ریچا گنگوپادھیایہ مکیش سٕنٛد محبتچ دِلچسپی ہُند  کردار ادا کران چھےٚ۔
4233,یہٕ اوس Ecgfrith مرسین سلطنت کہ وارث کِس طورس پٮ۪ٹھ تسلیم کرنک اکھ عملی طریقہٕ ۔
4234,سۄ آیہِ گرفتار کرنہٕ تِکیازِ تٔمہِ سُنٛد خانٛدار اوس انقلابس دوران حکوُمتس خلاف۔
4235,یہ اوس برطانوی راجس دوران یورپی تعلیمہِ ہندِ انقلابٗک درواز۔
4236,دَریاوُک طاس چُھ واگایی دَریاو کِس جنوبَس منٛز واقع۔
4237,سہ چھ پنٕنۍ فلم فیسٹول ساؤتھ پارک ننک فیصلہٕ کران ۔
4238,مہلک انجیکشن دواہٕچ کٔمی برۄنٛہہ ،ٲسۍ یم کیٚنہہ  طریٖقہٕ  استعمال یوان کرنہٕ ۔
4239,"مارٹینیزن گینٛد 2004 رس منٛز سبکدوش گژھنہٕ برٛونٛہہ 18 ؤرین میرنٕرزن خٲطرٕ۔
"
4240,میک کیوون گوو 12 نومبر 1955  بروم ہاوس، ایڈن برہس منٛز پٲدٕ ۔
4241,تس پتہٕ ٲس تس سٕنٛز خانداریٚنۍ تہ زٕ نیٚچوۍ اٮ۪ڈ تہٕ ٹام زنٛدٕ۔
4242,"نوٚو سٹیم سیل ٹرانسپلانٹ ٹیکنالوجی ہٮ۪کَن کمزور تہٕ مٗہلک جینیٲتی  غٲر مٗتاشِرِیتٕچہِ كمی  ہٕنٛدِ جینَن پٮ۪ٹھ مبنی علاجُک بٲعث بٔنِتھ ۔
"
4243,"لینیری آرینجٕڈ بورڈ گیمز چِھ بچن ہنٛز مقٲمی عددی تفہیم بہتر بناونہٕ خٲطرٕ ہاونہٕ آمت۔
"
4244,فالجِچہِ علامتہٕ چھے٘ عموُمن اچانك شروع گژھان ، مِنٹن تہٕ سیكنڈن منز ، تہٕ چھنہٕ زیٛادٕ تر معاملن منٛز  امہِ برون٘ہہ پكان ۔ 
4245,فرسٹ منسٹر تہٕ ڈپٹی فرسٹ منسٹر چھ مشترکہٕ ٹکٹہ پؠٹھ منتخب یوان کرنہٕ۔
4246,اتھ خطس پیٹھ مغلن ہنٛزِ فتح پتہٕ آو سید حامد خانٛدٲنی جاداد نش محروم کرنہٕ۔
4247,امہ باووٚجوٗد کوٚر جسٹس ٹےین کھو سنٛد سزاے موت رد، تہٕ امہ بجایہ کوٚرن 29 وٕہرس ملیشیٲیس عمر قٲدک سزا دنہٕ خٲطرٕ پنٛنہ صوابدیدی ہنٛد استعمال۔
4248,1995 تَس منٛز آو سُہ آفیسر آف دی آرڈر آف کینیڈا بناونہٕ۔
4249,سٹیڈیم چھٗ سٕپورٹ سٹی  ناوٕ  علاقٗک مرکز ۔
4250,بیٚرا تہٕ سیٖما چھِ اکثر میلان تہٕ چھٗكھ جلدٕیہ محبتَ  گژٛھان۔
4251,21 ورَیہِ  کھۄتہٕ کم وٲنٛسہِ ہِنٛزن  کورٮ۪ن باپتھ تہِ چھُ ایشین یوتھ نیٹ بال چیمپئن شپ، ییٚمیُک سٔتِم مُقابلہٕ  2010 ہس  منٛز منعقد سپٗد ۔
4252,فرنٹالِس سِلِنگ آپریشن چُھ درمیٲنی پیٹھہٕ شدید پیدٲیشی أچھ ٹارکِہ نمنہ باپت ساروٕے کھۄتہٕ اثر دار سرجیکل علاج ۔ 
4253,ریاستس منٛز چھےٚ اکھ قومی پارک تہٕ 25 جنٛگلی حیات چہ پناہ گاہ ۔
4254,تِم چھِ بیٚنہِ یِم ژوٗرِ نیمٕژِ  بیٖڑی  پٮ۪ٹھٕہٕ ژھیٚنمٕتیٚن پَلوَن تام سارِنیہ چیزن پیٹھ لڈایہِ كران چھے٘ ۔ 
4255,چونٛکہ الگوردم چھُ ویوٚد ، یہٕ چھنہٕ وۄنہِ کانٛہہ تجارتی راز۔
4256,اتھ منٛز چِھ اسرٲیلٕی  سمندٔری فوجِچ توٲریخ تہِ شٲمل ۔
4257,کینٛہہ لُکھ چِھ صِرِف نزدیکی خانٛدانس تہٕ دوستن باپتھ خریدٲری کران۔
4258,مقٲمی ٹریفکس چھ اجازت دنہٕ یوان تکیاز یہ چھ شاہراہک 150 میل حصہٕ بنٛد کران۔
4259,17:00 تام کوٚر انگریزو اتھ مورچس پیٹھ قبضہٕ تہٕ کیمپ آو اکھ منتشر فوج نشہ خالی کرنہ۔
4260,گۄڈنیک رایل ریمبل آو جنوری 1988 تس منٛز یو ایس اے نیٹ ؤرکس پؠٹھ ہاونہٕ۔
4261,سہُ بنیوو كھیل كِس او ڈی  آے طریقس منز اكھ مو٘لُل بیٹسمین ، اكھ زبردست ٹھِلہٕ كڈن وول یُس رن بناونٕچہِ رفتار تیز كران اوس ، عموُمن ٲخری دہن اورن منز ، تہٕ تس پیٹھ اوس ٹیم جلد آوٹ گژھنہٕ كِس صورتس منز وٲرِ مُستحکم بناونہٕ باپت بھروسہٕ كرنہٕ یوان ۔
4262,اگر یلو فیورٗک شک آسہِ ،  وایرسٕچ تصدیٖق ہیكہِ نہٕ بیمار گژھنہٕ پتہٕ 6-10ہن دۄہن تام كرنہٕ یِتھ ۔
4263,ہندوستانچ رازدٲنۍ آسنہٕ کنہ چھ دِلہ سیٲسی رپورٹن ہننٛد مرکز، یتھ منز پارلیمنٹک اجلاسن ہنٛد باقاعدٕ ٹیلی ویژن نشریہ تہ شٲمل چھ۔
4264,سفید اوس1970  کِس  گۄدنیکس دہلس منٛز ساروٕے کھۄتہٕ قابل ذکر دفاعی مردن منٛز اکھ ۔
4265,یہِ چھُ تٲریخٖی طورغلط ماننہٕ یِوان تِکیٛازِ پرتھوی راجنہِ مرنہٕ پتہٕ روٗد بھیم II ڈُن دورِ حکوٗمت تقریباً نصف صٔدی تام جٲری۔
4266,"ریاستس منٛز چھِ ہیندِ  اکثریتس منٛز تہٕ چھِ ریاست کٮ۪ن تمام ضِلعن منٛز غلبہٕ وول  مذہب۔
"
4267,% 15–20 سرگرم  ماملن منٛز چُھ انفیکشن شُوشَہِ نٲرِس   نیبرِ كِنہِ  پھہلان، یمہٕ سۭتہِ  بیین ققٕسمن ہندِ ٹی بی گژھان  چھِ ۔ 
4268,امہ بجایہ، پرٛژھو صرف یہ ز  تمن چھا  کانٛہہ مالیٲتی تجزیہ کار ییٚمس  تم خۄش چھِ تہٕ ییٚمہِ سٕنٛز سٗفٲرش تم آرام سان کرن۔
4269,سٗہ اوس برلن کِس دربارس منٛز موسیقی ہٗنٛد ذِمہٕ دار ۔
4270,بو چھٗ افزٲیش کرن وٲلہِ  سٕنٛدِ ذٔریعہٕ اکھ ڈٲلہِ  تہٕ یہ چھٗنہٕ پناہ گاہٗک ہوُن ۔
4271,سکواش، کراٹے تہٕ رولر کھیلَو کٔر اولمپک پروگرامَس تہٕ سۭتی بیس بال تہٕ سافٹ بالَس منٛز شٲمِل گژھنٕچ کوٗشش، یِم 2005 منٛز اولمپک کھیلو منٛزٕ نیبَر  ٲسِکھ کٔڈۍمتۍ۔
4272,تمو ہیچھ نہٕ زمینس پیٹھ زندٕ روزن خاطرٕ ضروری مہارتہٕ ۔
4273,وٹامن بی 12 چہ کمی ہندِ وجہہ سٕتہِ  گژھن والہ میگالوبلاسٹک انیمیاہٕچ خصوٗصیت چھ وۄزجہ بلڈ سیلہٕ یم معمول کھوتہٕ بجہِ چھ آسان تہٕ چھنہٕ جسم کٮ۪ن انگن  تام آکسیجن واتناونس اہل آسان ۔ 
4274,موجودہ لوک سبھایہ منز چھٗ   لداخ حلقٗك  رٗکنِ  پارلیمان بھارتیہ جنتا پارٹی ہٗند  جمیانگ تسیرنگ نامگیال ۔
4275,امِكہِ زیچھرٗك تخمینہٕ اوس ، تہٕ امِكہِ وزنٗك ۔
4276,کورڈوما کورڈوما چھ اکھ وارٕ وارٕ بڑَن وول واریاہ کمیاب قسمک کینسرس ٹیومر ۔
4277,تجٲرتی گاڑٕ رٹٕنہِ چھٗ مقٲمی معیشتٗک اکھ اہم حصہٕ ۔
4278,ہندی فلمہ منز چھ تمۍ سنٛد نیٚچو کرن دیول ساروٕے کھۄتہٕ اہم کردار ادا کران ۔
4279,اتھ دورس منز آو تٕمۍ سُند سیٹھاہ بہترین میچ وُچھنہٕ ، دویِم برابری پیٹھ مقابلہٕ ، یتھ منز سہُ  آرٹریلیٲیی بیٹس مین ڈین جونزس سٕتہِ مُشترقہٕ مین آف دِ میچ قرار دِنہٕ آو ۔
4280,خاص خطرٕ وٲلہِ عوامل ہیکن السرٹیو کولائٹس وٲلین لوُکن منٛز بدتر نٔتیٖجہِ  تہٕ موتٕكہِ   زیادٕ خطرٕچ پیشین گوئی کٔرتھ، یتھ منٛز سی ڈفیسائل انفیکشن تہٕ سائٹومیگالووائرس انفیکشن شٲمل چھِ ۔
4281,"تٔمِس اوس مستند بنگٲلی کھین پسند تہٕ سُہ اوس سیٹھاہ جذبٲتی، اکھ یُتھ پہلو ییٚمیُک اظہار تٔمۍ کُنہِ کُنہِ ساتہٕ کوٚر تہٕ اوس فلسفیانہٕ تہِ۔
"
4282,"14 میے کہ دۄہ 2012 ہس منٛز کوٚر گاگراہن ولادیمیرس سۭتۍ أکس تعاون کس معاہدس پٮ۪ٹھ دستخط۔
"
4283,یہ چھٗ اکھ فیباسیئس زنڈ یتھ  چمکدار وۄزٕلہِ  پوٚش تہٕ گلوبوس پھلہِ  چھ ۔
4284,تیم سٕنز کٲم ٲس کتھک تہٕ کتھکالی ہند ہندوستانی کلاسیکل ڈانس شکلن پیٹھ مرکوز۔
4285,أکہِ عدالتَن چھُ گیرے تہٕ شیٹی دۄشوٕنی خٲطرٕ عوٲمی فحاشی باپتھ گرفتاری وارنٹ جٲری کوٚرمُت۔
4286,علاؤالدین سںدِ ، یُس جولٲے 1296 تھس منٛز پننِس عروُجس تام  علی گرشاسپ نٲوٕ زاننہٕ یوان اوس، ، علاؤالدنیا واد دین محمد شاہ السلطان لقبہٕ  نو٘و بادشاہ بننٗك  عیلان  آو  کاراہس منٛز  رسمی طور کرنہٕٕ ۔
4287,پنٛنہِ ضٔروٗرتٕٗک  سازوسامان ہیٚیِو تِمن پونٛسن یِم تۄہہِ کارٕبار شُروٗع کرنہٕ خٲطرٕ لٲگِمٕتہِ چھِو ۔
4288,یِہ کاروٲیی پھہلییہ پوُرٕ براسیلیا ، ساؤ پالو تہٕ مکاپا ہس منٛز۔
4289,1586 تھس منٛز کوٚر أمہِ زین خان کوکا سٕنٛدِس پِترِس بٲیس ہیرت کِس خواجہ حَسن سٕنٛزِ کورِ، صاحبہِ جمال بیگمہِ سٕتہِ خانٛدر۔
4290,بہٕ چھس زن ؤستھ گوٚمت تکیاز ییٚمہ ؤریہ گٔیہ زیادٕ ٹیکس لایبلیٹی سۭتۍ میٲنۍ بچت کم۔
4291,یہ گاڑی چھ واشنگٹن ڈی۔سی کس سمتھسونین کلیکشنس منز محفوظ آمٕژ تھاونہٕ۔  
4292,گۄڈنیتھٕیہ انہِ  پارٹی پنٕنہِ  وومیدوار  برۄنٛہہ كٗن ۔
4293,لیوپولڈ کیفے ہُك د مٲلک چھُ اتھ فلمہ منٛز پنُن کردار  ادا کران۔
4294,فلپاین حکومتن کوٚر فیری مالکن  فیری منز موجود مال  فوری طور  ظٲہر نہٕ کرنس پیٹھ  تلٲشی کرنچ تہٕ مٲلکن خلاف باقی ممکنہٕ مجرمانہ الزام لگاونچ دمکی۔
4295,گریٹر اگنییار بیسن چھُ پڈوکوٹائی، تھنجاور، تروچیراپلی، شیو گنگا تہٕ ڈنڈی گل ضِلعن منٛز 4809 مربع کلومیٹر زمینَس پیٹھ پھہلِتھ، ییٚلہِ زَن لۄکُٹ اگنییار بیسن چھُ 2058 مربع کلومیٹرس احاطہ کٔرِتھ چھُ۔
4296,ہیلو 1 تہٕ 2 ہندۍ پٲٹھۍ چھ اتھ گیمس پنن خاص پٲٹھۍ ریکارڈ کرنہٕ آمت کلاسیکی ساؤنڈ ٹریک ۔
4297,حمل گِراوٗن  چھٗ صرف تیلی  مٗمکن ییلہٕ حمل  شروع آسہِ گومٗت ۔
4298,ڈیون پورٹ ، اوکلاہوما ڈیون پورٹ چھ ریاستہائے متحدس منٛز اوکلاہومامُک اکھ صوٗبہٕ.
4299,"یونایٹڈ نیشن ڈویلپمنٹ پروگرام کس رپوٹ مطابق چھ ریاست واو تہٕ طوفانو سۭتۍ ""واریاہ  نقصان خطر"" وٲلس خطس منز واقع۔"
4300,امہ علاوٕ، ٲسو تہۍ غیر ضروری ریتہٕ وار فیس ادا کران، یتھ کنۍ زن اوور ڈرافٹ یا لیٹ فیس۔
4301,گۄڈنچہ صٔدی أنٛدۍ پٔکۍ اوس لداخ کشان سلطنتک اکھ حصہٕ۔
4302,ریاستَس منٛز نقد آمدٕنی ہٕنٛز بیٛاکھ اکھ اَہَم ذٔریعہٕ چھُ  امہِ کین  واریٛاہن شہرین ہٗند،  یِم بیروُنی ٗملكن  منز كٲم كران چھِ ، پنین گھرِكین پٲنسہ سوزٗن ۔
4303,میانین قانوُنی دستاویزن ہندِس میلنس منز ژیر چھٗ مے٘ انتہائی خدشات پٲدٕ كران ۔
4304,ژیلہٕ ژرٹ كرِتھ پھٹوٕنہِ  بہژ ہندِو بچن وٲلۍ ٲسۍ وارِیاہ رِشتہٕ دار راونہٕ  پتہٕ بٹھِس پیٹھ صدمہٕ واجینۍ خاموشی اختیار كرِتھ بَہِتھ ۔ 
4305,رمضان کہِ گۄڈنیکہ تہٕ ٲخری تٲریخُک تعین چُھ قمری اسلامی کیلنڈر سۭتۍ گژھان۔
4306,یہ چھ ہمدرد اعصٲبی نظامس جسمس منٛز واریاہ تبدیلیہٕ کرنہٕ خٲطرٕ ونان۔
4307,"2011 چہ مردم شمٲری مطٲبق چھ امچ آبٲدی 9,852 ۔"
4308,بیرن چھ 14 وردی نمبر سبکدوش کوٚرمُت ، یس کنۍ تہ این ایف ایل فرنچائز کھوتہٕ زیادٕ چھ ۔
4309,"اَمہِ سلتنت کہِ عروٗجن کوٚر انتظامیہِ، نیٚبرِمٮ۪ن مُلکن ستۍ تجارت تہٕ تجارتٕچ پیدٲیش تہٕ ""چالوکیطرز تعمیر"" کہِ ناوٕ نَیہِ طرزٕ ترقی۔ "
4310,گۄڈٕ كو٘ر ایف ایم سٹیشنن اے ایم سٹیشنٕكہِ  پٲٹھی سوٗیہ چیز نشر۔
4311,تٔمہِ زینہِ  لگاتار زٕ بنڈس لیگا خطاب ، اکھ ڈی ایف بی پوکل، تہٕ اکھ ڈی ایف ایل-سپُر کپ۔
4312,تمۍ سٕنٛد مرنہٕ سۭتۍ گوٚو شہرس منٛز ہنگامہٕ، تہٕ یزیدن کٔر ممکنہٕ بغاوت کہ خوفہٕ سۭتۍ قیدۍ آزاد۔
4313,"  أمہِ سُنٛد ذِکِر چھٗ کھنٛڈٕ کٮ۪ن خراب اثرَن مُتعلِق کینٛژن مضموُنَن منٛز کرنہٕ آمُت۔
"
4314,منیجر درٛاو تمہ وزِ مینٛگن میٔژ بٔرتھ ییٚلہ أمۍ سٕنٛدۍ ٹیمن کمپنی ہندس قیادتس پیش کرنہٕ برٛۄنٛہہ اکھ خراب پراجیکٹ رپورٹ پیش کوٚر۔
4315,"2000 تھس تام ٲسہِ  لنکاسٹرس منٛزلگ بگ 35,300 لٗکھ  روزان ۔"
4316,1125 عیسوی کِس نوشتس سۭتۍ چھُ اکھ منستمبا لبنہٕ آمُت۔
4317,"سہ اوس وکسبٔرگ، مسیسیپی منٛز ذامت تہٕ بڑیومت اوس پونٹِیاک، مشی گنس منٛز۔
"
4318,1980 منز  آو سہُ  ڈرامہ فِلم اُلاسا پراویگل ،  گُروُ تہٕ مارِیا مایی ڈارلِنگ  منز برونٹھ کُن  ۔
4319,وونہ گو٘ سکرپٹ پرنہٕ پتہٕ کٔر رحمانن سکور کرنس پیٹھ رضامندی ظٲہر۔
4320,پیٹرن، یٗس آنگنس  منٛز پیاران  اوس، تہِ كو٘ ترییہ لٕٹہِ عیسا ہس تماشہِ وٗچھن والین تھی اِكنار ییلہِ تفتِش چلان اوس یِتھہٕ كٕنہِ عیساہن برون٘ٹھیہ وو٘نمٗت اوس ۔ 
4321,چنتاپلی تہٕ اتھ أنٛدِ پٔکہِ چھِ واریاہ دِلکش علاقہٕ۔ 
4322,خطرٕ وز ہیٚکہ سکروٹم پیٚلٮ۪ن یڈ نزدیٖک منتقل کٔرتھ۔
4323,میونسپلٹی آیہِ تھوڈپوزا پنچایت تہٕ کٗمارمنٛگلم، کاریکوڈ تہٕ ماناکاوڈچہِ ہمسایہِ پنچایتہٕ رلٲوِتھ بناونہٕ۔
4324,مگر وسطی امریکی ین  ٲس وٗنہِ تہِ بالا دستی ۔
4325,بہٕ گوس پوُرٕ پٲٹھۍ حیران  ییٚلہ میانیہ 17 ؤرشہِ بینزِ أکس کلاسیکی گیون محفلہِ  منٛز پنٛنہ آوازِ ہندِ وسعت سٕتۍ بہ  متاثر  كو٘رنس ۔ 
4326,اتھرو، بیٚین پیٹھ مہ تراو  پوندٕ  ۔ مہربٲنی كرِتھ تھو ٲسس تھو٘پ ۔ یہِ چھٗ  ناگوار۔
4327,اتہ چھ لگ بگ 704 بسکین تہٕ  رقبہ چھُس6 مربع کلومیٹر  ۔
4328,1618 ہَس منٛز، پراگٕچ مشہوٗر دوٚیِم كڈِتھ ژھنن دیوٗت  ترٛہن ؤرِیَن ہٕنٛدس  جنگس اشتعال، یُس پراگ تہٕ بوہیمیا خٲطرٕ خاص طور مٗشكِل  دور اوس ۔
4329,۔9 مئی دۄہ صُبحٲے کوٚر ریڈ آرمی ہٕنٛدِ ترٛیٚیِمہِ شاک فوجَن شہرس تقریباً بغٲر مُقابلہٕ قبضہٕ۔
4330,"حلال سکور کرنہٕ خٲطرٕ چھُ تۄہہِ پنٛنِس مُخٲلِفَس پوٗرٕ اختِیار، طاقت تہٕ رفتارٕ سۭتۍ أمِس  پتھ کُن پاونک ضرورت۔ 
"
4331,بوسنیاہس منٛز چِھ کینٛہہ گام ہیلی کاپٹر ذریعہٕ کھین تہٕ طبی ڈلیوری حٲصل کران تِکیازِ سردی، تٗل كتٕرِ تہٕ شینن چِھ یہنزٕ فراہمی ہنٛز وتہٕ بنٛد کَرِمژ۔
4332,مےٚ چھےٚ خوشی ز پرٛیتھ کانہہ چھ واریاہ کالہٕ پتہٕ ایسوسی ایشن میٹنگہ منز آمت۔
4333,کِم مُود 91 ؤرۍ وٲنٛسِہ منٛز 5 جنوری 2021 سیولس منٛز ۔
4334,کُنِہ ساتہٕ ہیکہ بیٚمار یا زخٕمہ پتہٕ  أکس ٲچھ رنگ بدلتھ۔
4335,تِمَو کٔر ژندٕروارِ دۄہ رٲژ ختٕم، گول کِس پٔتِمِس حصَس منٛز پک دفن کٔرِتھ پوٗرٕ گیمہِ ہٕنٛز قیادت ۔
4336,بودھن چھٗ ڈریگن اکھ ناكارٕ  مخلُوق بناونک شرف دِنہٕ یوان ۔
4337,انوج چھِ مارول سپر ہیرو فالکن سنٛز سرکٲری ہندی آواز۔
4338,ایسوسِیٹِڈ  پریسَ مُطٲبِق چھِ بٔڑِ کرٛہِنہِ  گریکل شہرَس منٛز فٹ پاتھَس پٮ۪ٹھ لوٗکَن پٮ۪ٹھ حملہٕ کران۔
4339,اوڈیشہ ہس منٛز چھ کل زٕ عملی ہوٲیی اڈٕ، 17 ہوٲیی پٹہٕ تہٕ 16 ہیلی پیڈ۔
4340, اکثر دستکٲری ہندۍ مصنوعات  چھ بڑونہ سیاحتی صنعت باپت ۔
4341,استعمال کرنہٕ ینہٕ واجینۍ چربی منٛز اوس ہنٛدستٲنۍ فرم گنگادڑھ بنرجی اینڈ کمپنی ہنٛد طرفہٕ فراہم کردٕ ٹالو شٲمل۔
4342,"جیکسن وِل، شمٲلی کیرولائنا-جیکسن وِل چُھ جنوب مشرقی شمٲلی کیرولائناہُک اکھ شہر۔
"
4343,تامل ناڈوہس منٛز چھِ ژور موبایل سٔروِس فراہم کرن واجنہِ کمپٔنی یعنے بی اٮ۪س اٮ۪ن اٮ۪ل، ایرٹٮ۪ل، جیو تہٕ وی۔  
4344,"ہاوسنگ تہٕ آٹو ایکسپینسِز منٛز گژھ ٹیکس، بیمہٕ، لاگَت تہٕ تیل شٲمِل آسُن۔
"
4345,بشیر چھ امیدٕ تھاوان ز امہ کس نتیجس منٛز کرِ رفیع بزرگی حاصل۔
4346,"ایشفورڈ چُھ کینٹٗك اكھ قٲیم تہٕ آبٲدی وول علاقہٕ ییتہِ  واریاہ مکانہٕ چِھ ۔

"
4347,امہ پتہٕ چھ ٹیٹنس ٹاکسن اینڈوسیٹوسس کہ ذریعہٕ دوبارٕ اندرونی بناونہٕ یوان، یمہ لٹہ چھ أکس تیزابی ویسیکلس منٛز۔
4348,اگر تمہِ یہِ کو٘ر ، سۄ ہٮ۪کہ نہٕ بیٚیہ اولمپکسس منٛز حصہٕ نتھ ۔
4349,ستاواہن دورس منٛز درایِہ دَکن  علاقس منٛز واریاہ بودھ خانقاہن ہنٛزٕ جایہ ۔
4350,"میسویل، اوکلاہوما: میسویل چُھ ایمریكا  کہِ اوکلاہوما ہُک اکھ قصبہٕ۔
"
4351,دویم منظر چھ والھلا ہس منز گژھان ، ییٚتہ دیوتا روزان چھ ۔
4352,یہِ چھٗ جزیرٕ اولینڈس پٮ۪ٹھ بورگھولم نِشہِ  تقریبا 4 کلومیٹر مشرقس منٛز واقعہٕ ۔
4353,یلاج چھٗ عموُمن  اینٹی ہسٹامائنو٘ سٕتہِ سپدان ، یتھ کٔنہِ زن  ڈفین ہائیڈرامائن تہٕ رانیٹاڈائن ۔
4354,"ہیٹروکرومیا چھُ ڈوان سنڈروم والین منٛز تہِ وُچھنہٕ آمُت۔
"
4355,اتھ منٛز ٲسۍ پالکڈ گیپ ، کویمبٹور ، سیلم تہٕ کولی ہلز شٲمل ۔
4356,اورنگ زیبَن ہارنوو 1659 منز دارا تہٕ دِژنَس پھٲنٛسۍ۔
4357,2017 ہک سیزن اوس پرو کبڈی لیگک شیٚیم ایڈیشن، تہٕ اتھ منٛز آسہٕ 12 ٹیمو شٲمل، یمن منٛز اتر پردیش، ہریانہ، تامل ناڈو تہٕ گجراتٕچ نیہ ٹیمو شٲمل چھ۔
4358,پنٛنِس رپوٹس  منٛز ووٚن تِمو زِ أمہِ  سٕنٛدِس حَقس منٛز اوس نہٕ “کانٛہہ تہٕ ثٔبوٗت“۔
4359,تٔمۍ سند نیٚچو تہٕ جانشین ٹیپو سلطانن کٔر برطانوی ایسٹ انڈیا کمپنی خلاف مہم شروٗع، ییٚمہ کس نتیجس منٛز ژورو منٛز زٕ اینگلو میسور جنگ سپدۍ۔
4360,ہے بایا۔ از ہا چھس بہٕ رتہ مزازٕ۔  مہربٲنی کاس مےٚ دٲر تہِ وارٕ  پٲٹھۍ۔
4361,کارلی بابا چُھ سوشیوا کاؤنٹی ، رومانیہ ہُک اکھ کمیونٹی ۔
4362,"گرمی ہٕنٛدٮ۪ن ضٲبطن ہنٛد پأٹھۍ ہیٚکہ ہاونہٕ خاطرٕ پکھن ہنٛد استعمال پرواز کھوتہٕ واریاہ برٛونٛٹھٕے أستھ۔
"
4363,امہ وجہ سۭتۍ چھ پیج بہتر گژھان ییٚلہ لوٗکھ یہ بدلاوان چھ۔
4364,کوچ چپ کیلی ین کوٚر بلاونٹ 2009 کس باقٕے سیزنس خٲطرٕ معطل۔
4365,یمن تبدیلین ہنٛد ثبوت اوس ناگزیر، جھیلن ہندِ ژكِچ پرداخ نہٕ كرنن ہندِ  وجہہ كِنہِ چھٗ جاناوارن ہندِس  ہجرتس منز تیزی سان كمی آمٕژ ۔ 
4366,سلمان خانن کوٚر 1  فروری 2013  کٹناو سٹوڈیو، ممبئی منٛز وِشو روُپٕكہِ ہندی ورجن چہِ  اکہِ خاص سکریننگ ہُنٛد اہتمام ۔
4367,لی کوربسیئرَن اوس اندازٕ لگٲومُت زِ شہرٕکہِ روزَن وٲلہِ  یِن اتھ کٗن کھنچِتھ  'جسم تہٕ روح كہِ پلالہٕ “ خٲطرٕ ۔
4368,ییلہ  یہٕ خٲلی پتھرس پیٹھ پوٚک، أمۍ تراوِ سَرنہِ پھراٹہ  پتھ کُن۔ 
4369,حکوٗمتس منٛز، چھ سکریٹری اہم لوٗکھ آسان یم حکوٗمتس منٛز تھٔدۍ عہدٕ سنٛبالان چھ۔
4370,"چونکہ انداز چھُنہٕ پانہٕ کھسُن، توہہِ ہیٚکِو أتھۍ وتہِ پیٹھ کھسِتھ تہٕ وقتس سۭتۍ سۭتۍ پنُن انداز بہتر بنٲوِتھ۔
"
4371,"میکسیکوٕکۍ صدر فیلیپ کالڈرنَن دِژ صورتحال نازُک قرار تہٕ دِتُن تمام میکسیکوَن پیٹھ زور زِ تِم کرَن پنٕنۍ حمایت۔
"
4372,سۄ روٗز تس سۭتۍ 20 ہن ؤرین تام خوشی سان خاندر کٔرتھ 1981تس منٛز تمۍ سٕنٛدس مرنس تام۔
4373,سُہ اوس فیڈریٹڈ سٹیٹس آف مایکرونیسیاہُک نٔوِم صدٕر۔
4374,ژٕ کیازِ آکھ گیس کنیکشنس نوِس ایڈرَسس پیٹھ منتقل کرنہٕ کِس طریقہٕ کارس متعلق فونس پیٹھ اَسِہ پرِژھنہٕ ورٲے گیس ایجینسی پیٹھ ۔ 
4375,شارک ہیٚکہ 25 پٮ۪ٹھٕ 50 ہرٹز کس حدس منٛز تعددک احساس کٔرتھ۔
4376,پروٹین کینیز اے چھ کیٹلیپٹک رویک ثالث قرار دنہٕ آمت ۔
4377,دریں اثنا چھِ   کرائی کل تہٕ ماہے تہِ جان پٲٹھِۍ  ر یلوے لاینو  سٕتۍ جٗورتھ ۔
4378,"عام طور پٲٹھۍ چِھ ریاستی وفدٕچ سربرٲہی حکومتک سربراہ کران۔
"
4379,کمپنی ہنز کنہہ فروختن ہنٛد نتیجس منٛز کمپنی بنیو برکلے بکسُک حصہٕ۔
4380,سبور کلچر ڈیولپمنٹ کمپنی، لمیٹڈ چھ اکھ چینی الیکٹرانک کمپٔنی۔
4381,شٔدیٖد بین الاقوٲمی تنقیٖد تہ بیروّنی مُلکی سطحس پٮ۪ٹھ  کارٕبارس منٛز  پسرمایہ كٲری منز سخٕت کٔمی باوجوٗد تہِ روُدِ نیٛوٗکلِیٲیی تجرُبہٕ مُقٲمی سطحس پٮ۪ٹھ ہردِل عزیز۔
4382,مراٹھا سلطنتن کوٚر جلدی اینگلو میسور جنگن منٛز میسورس خلاف برطانوی ایسٹ انڈیا کمپنی سۭتۍ اتحاد۔
4383,ہندوستانس منٛز آو ٲخری کلینکل کیس 2003 منز تہٕ ٲخری گُپِت کیس 2006 منٛز درج کرنہٕ؛ WHO کہِ طرفہٕ آیہِ سرٹیفیکیشن 2016 منز حاصل کرنہٕ۔
4384,کانوُ پِڈی  چُھ ماتوُ پونگلس پیٹھ زنانو٘ تہٕ كوریو دٕسہِ مناونہٕ ینہٕ وول اكھ ریواج ۔
4385,نوكری ہٗند عجرت یا  تنخاہ، گٗزارٕ ، بچن ہنٛد مدتھ ، تہٕ سرمایہ کٲری ہنٛز آمدنی ہِوِ چیز کٔریو شٲمل۔
4386,"1644 ہَس منٛز، دٔز آگراہَس منٛز اورنگ زیب سٕنز  بٮ۪نہِ جہاں آرا  تٔمہِ وزِ ییلہٕ آگراہَس منٛز  روٗزِتھ 
 تمہِ سٕنزِ عطرِ منز موُجوُد كیمِیاہن نكھیہ دزوٕنہِ ژانگہِ سٕتہِ نار ہِیو٘تٗن ۔ "
4387,واریاہو لنکاسٹر کاؤنٹی یو ، پنسلوانیا ہائی سکولو کوٚر پٔتمہ ہفتہٕ كِس ٲخرس پیٹھ پنن جونیئر سینئر پرومس منعقد، تہٕ ریوایتہٕ مٗطٲبق میلہِ  تمن پروم کمیٹی طرفہٕ تحفہٕ۔
4388,"خبرو  مُطٲبِق اوس یہِ اكھ خۄدکٗش حملہٕ۔
"
4389,بییہِ چھ علما حسین سنٛدِس  شخصیتس تہٕ اسلامس منٛز مقام ، تہٕ تمہِ سندِ  بغاوت  كِس توٲریخ کین موضوعن پیٹھ خۄطبہٕ دِوان۔
4390,ژورو زندٕ بچنہٕ والیو بٲغیو منٛز گوٚو اکھ شراب چٮ۪تھ بلہٕ پٮ۪ٹھٕ بۄن۔
4391,ڈیمبیلے گوٚو  2010ہَس منٛز ترٛواہ وُہُرفرانسیسی ٹیمس منٛز شٲمِل، تہٕ کو٘رٗن  پٔتمہِ نومبر لیگ1 كس منٛز پنٕنہِ  پیشہٕ ورانہٕ شروُعات۔
4392,"تاہم، پُران چھِنہٕ پانہٕ مُرا ہُنٛد کانٛہہ تہِ ذِکِر کَران تہٕ ننٛد تہٕ موریہ خاندانن درمِیان چھُنہٕ کُنہِ تعلُقچ کتھ کران۔
"
4393,گِگ ہاربرَس منٛز لوگ اكھ شخص ہوُن پكناوان پكناوان اكِس پیمژِ بجلی تارِ ۔ 
4394,"سُہ نصٕف آسہِ تَمہِ ٹیمُک دفٲعی زون، یَتھ منٛز ""تِہنٛز"" ٹوکٕر آسہِ۔"
4395,ییٚمہ ؤرۍ  بچوو  مےٚ مختلف سکیمو  ذریعہٕ واریاہ ٹیکس   پونٛسہٕ ۔
4396,مشرقی سٹینڈرڈ ٹایم، کم از کم بہہ ٹورنیڈو أسۍ ترٛین مختلف ریاستن تام   وأتۍمتۍ۔
4397,تٔمہِ كٕر  ڈِفٮ۪نس سٔروِسِز سٕٹاف کالیجس منٛز بطورِ کَمانٛڈَنٛٹ تہِ کٲم ۔
4398,رندھیر راج كپوُر چھٗ اكھ ہِندوستٲنۍ اداكار، فِلمن ہٗند پیشكار تہِ فِلمن ہٗند ہدایتكار ییمۍ ہِندوستٲنۍ فِلمن منز كٲم کرمژ چھے٘۔
4399,بَین الاَقوٲمی ماملن  منٛز کٔر تٔمہِ  بھارتٕچ 	سرد جنگ کٮ۪ن دۄن بلاکن نِش  الگ  روزنٕچہِ رہنُمٲیی ۔
4400,یہٕ چھ عام طو انتظامی قونون کٮ۪ن تمام معاملاتن خاطرٕ اپیلچ وفٲقی عدالت۔
4401,"مدراس ہائی کورٹَن دِیُت 2004 ہَس منٛز فیصلہٕ زِ گنیش بُتَن ہُنٛد وَسُن چھُ غیر قانوٗنی تِکیازِ بُتَن منٛز چھِ کیمیکل شٲمِل یِم سمندرُک آب آلودہ چھِ کران۔
"
4402,شطرنج کِس ادبس منٛز چُھ  الجیبرِیٲیی  نوٹیشن شكل  (ایف اے این ) اکثر زبانہِ نِش آزاد سمجنس منٛز مدتھ  کرنہٕ خٲطرٕ استمال سپدان ۔
4403,نارتھ ایسٹ فرنٹیئر ریلوے (این ایف آر) چھُ ریاست کٮ۪ن شُمٲلی حصَن ہنز خدمت کران۔
4404,ییلہٕ وارڈ 5 بی کھولنہٕ آو ، ایڈس اوس سزائے موت زاننہٕ  یوان ۔
4405,یِہ اطلاع چِھ  یکوٹہ پیشن گویی ہُند جٲیزہ نِنُک تہٕ بہترین علاج ژارنہ باپت مناسب ۔ 
4406,ورزش چھ جسمچ اضٲفی چربی کم کران تہٕ جسمس چھ مضبوط بناوان۔
4407,"مثلن، فرض کٔرِو زِ سالانہٕ  شروع گژھنٕکہِ تٲریخہٕ برونٛہہ میوُلوٕ  7,000 ڈالرن ہٕٗند تقسیم۔ "
4408,پننس کاربارس منز نقصانن چھس بہٕ سیٹھاہ زبردست  ویسروومُت۔
4409,یِم ٲسۍ چینی خۄش قسمت کِس طورس پٮ۪ٹھ اِستعمال کران ۔
4410,کورِ چھِ زنانَن ہِنٛدِس پناہ گاہَس منٛز نِنہٕ یِوان ییٚتہِ لَکشمی صحت یاب گژھان چھِ مگر ریڈی یَس خٕلاف چھُ مُقدِمہٕ رٗكان  تِکیازِ کانٛہہ تہِ چھُنہٕ تس خٕلاف گوٲہی دِنس آمادٕ ۔ 
4411,اوہ! یہ بس چھا دِلہِ تہِ گژھان؟ یہ چھٗنا ییٚتہ پٮ۪ٹھٕہ 500 کلومیٹر دوُر؟
4412,ایانار آبشار چھِ  ہِندوستان چہِ راسذ تامِل ناڈو ہس منز   راجاپلایم   شہرٕ تہٕ وِرودھو نگر ضلع بلدِیٲتی خطہٕ پیٹھہٕ مغرِبس كٗن 7 كِلومیٹر دور واقع ۔
4413,لکھنوک چاٹ تہٕ بنارسی پان چھ پوٗرٕ ہندوستانس منٛز پننہ مزٕ تہٕ اجزاہن باپت زاننہٕ یوان۔
4414,یہِ چھ اتھ سسلی منز دۄیم ساروی  بوٚڑ شہر بناوان ۔
4415,رٲبطہٕ ژھیننہٕ   برٛونٛہہ كین مِنٹن منز اوس ہوٲئی جہاز  طوفانو٘ نشہِ بچٕنٕچ کوُشِش کران ۔
4416,چارولتا ٲس رے سنزو  پَسَنٛدیٖدٕ فِلمو منٛز اکھ تہٕ یہِ ٲس واریاہو تَنقیٖد نِگارو دسہِ   تمہِ سنز کامیاب ترین ماننہٕ یوان ۔
4417,کٗلپاکَس منٛز چھِ 20 کھۄتہٕ زِیٛادٕ جین نوشتہٕ لبنہٕ آمٕتہِ ۔
4418,آل انڈیا ریڈیو چھ اکھ عوٲمی ریڈیو سٹیشن۔
4419,سہ چھ برٹش ٹیلی کمیونیکیشنز کس ایشیا پیسیفک ایڈوائزری بورڈس منٛز۔
4420,چینی باغٗک اصلی ناو اوس جٗرونگ لیک۔
4421,تاہم، بیدبرتا پینن ووٚن ز اٹھ منز گو ڈسٹرِ بیوُٹرن ہٕنٛد تجویز کِنہِ   تمہِ سندِ  یہ کھیلیں ہم جی جان سے برٛونٛہہ ریلیز کرنس ترجیح  آسنہٕ باوجوُد تاخیر ۔
4422,تٔمہِ دیوٗت  زیادٕ تر غٲر ملکی مسٲیلَن پیٹھ زور، خاصكرِتھ  امریکی فوج عراق منٛز  کڑنَس پیٹھ ۔
4423,ورلڈ ہیریٹیج لسٹہٕ خٲطرٕ چھ نامزدگی صرف تتھ صورتس منٛز قبول یوان کرنہٕ ییٚلہٕ سایٹ گوڈنیتھ عارضی فہرستس منٛز درج آسہٕ۔
4424,ڈونالڈٕس اوس 2016 پٮ۪ٹھٕ 2021  تام فلوریڈا ہاوس آف ریپریزنٹیٹوہُک رکُن ۔
4425, جورِ اوس اکھ شٗر ییمہِ نوایلیس  خاندانس منٛز خانٛدر کوٚر ۔
4426,"اََمہِ دورٕکۍ شٲہِدَن ہِنٛدِس تعدادَس منٛز تہِ چھِ کمی آمٕژ۔
"
4427,تو٘ہہِ  ہیٚکِو مُختٔلِف جانور تہٕ شکلہٕ بناونہٕ خٲطرٕ مُختٔلِف فولڈنگ تکنیکہٕ استعمال کٔرِتھ۔
4428,1982 منٛز کٔر أمہ گۄڈنچہ لٹہ ہدایت کار سبھاش گھایی یس سۭتہ ودھاتا ہس منٛز کٲم، یتھ منٛز أمہ سنجے دت، سنجیو کمار تہٕ شمی کپورس سۭتۍ کٲم کٔر۔
4429,پرٛٮ۪تھ لٹہ ییٚلہ پیکٹ اکھ وۄٹھ تٗلان چھٗ ، گری٘ند چھِ ۔
4430,1990 کہِ دہلہِ پیٹھ چھِ بطور مزاح نگار تہنٛز ساروِی کھوتہٕ یادگار کارکردٕگی جو جیتا وہی سکندر، گردیش، تقدیروالا، گھر والی بہار والی، بڑے میاں چھوٹے میاں، تہٕ ہیرو ہندوستانی منٛز۔
4431,یہٕ ہیکہٕ برتھا بینز میموریل روُٹس پیٹھ لبنہٕ یِتھ ۔
4432, روہیا قِلعہٕ اوس اودی، ہندوستانس منٛز اکھ قلعہٕ۔
4433,سرحٔدی رِیاستہٕ چھےٚ مغرِبس منٛز کیٚرل ، شُمال مغرِبس منٛز کرناٹک تہٕ شُمالس منٛز آنٛدھرا پرٛدیش۔
4434,معیار I پیٹھٕ VI ام چھ ثقافتی، ییلہ زن  VII پیٹھہٕ  X چھ فطری۔
4435,"یُس وۄنہِ  راجستھان چھُ امیِکۍ کینٛہہ حصہٕ ٲسہِ  کُنہِ حَدَس تام ویدک تہذیب تہٕ وادی سندھ تہذیبٕکہِ  حِصہٕ۔
"
4436,"أمۍ کھیلن چھ وارٕ وارٕ کٲفی عٲلمی شہرت حٲصل کٔرمٕژ۔
"
4437,کینٛہہ بال بناون وٲلہِ  یتھ کٔنہ زن ڈنلوپ چِھ تجربہٕ کس بنیادس پیٚٹھ بالن ہٕنٛز درجہٕ بندی کرنُک اکھ مختلف طریقہٕ ورتاوان۔
4438,وونہِ گو٘ ، یہِ اوس برازیٖل ییٚمہِ 43 ہِمِس منٹَس منٛز رونالڈو سٕنٛدِ گولہٕ  سۭتہِ  ہاف ٹایِم بریکَس منٛز 1-0 ہیتھ ووت ۔۔
4439,فلم چھے٘  دۄشوٕنی کورٮ۪ن ہندِ اكہٕ وٹہٕ  رقص تہٕ مزٕ کرنس پیٹھ ختم گژھان تہٕ دادا جی تہ چھُ پنٛنہِ  وہیل چیرِ پیٹھ تمن سۭتہِ شٲمِل گژھان ۔
4440,خرچہِ چھٗ  تہنٛدِ مۄلہِ ہنہٕ كہِ تٲریخہٕ  پٮ۪ٹھ شروٗع گژھان تہٕ پرٛیتھ ؤریہ اکھ فیصد پواینٛٹ کم گژھان یوٚتام نہٕ یہ صفرس تام واتہِ ۔
4441,جنگٕکہِ بٔڑِ منظر (افغانستانس منٛز) تہٕ پُرتشدد تصادم (امریکہ ہس منٛز)،  چھِ آسان لفظن منٛز،  شاندار۔
4442,مٗصافِر ہیكن كورٹ اكِس گھٲن٘ٹس باپت اِستعمال كرِتھ اگر نیہ باقٕیہ پیاران آسن ۔ 
4443,16 مئی 1975 بَنیٛوو سِکِھم مٗتحدٕ ہنوستانٕچ  22 وٗہِم رِیاست تہٕ رِیاستٕچ بادشاہت آیہِ ختٕم کرنہٕ۔
4444,"أکِس انسانس ہیٚکہِ بیٚیہِ کُنہِ قٕسمٕہ کِہ کینسر آسنہٕ ورٲے ٲسُک کینسر گٔژھِتھ۔
"
4445,تاہم، امِہ امدادُک انتظام چُھ ریاستی دفتر کہ ذریعہ کرنہٕ یوان، امِہ کنۍ چھو تۄہِہ پننِہ ریاستُک دفتر ژھانڈنک ضرورت۔
4446,حیسہٕ ڈلٗن تہٕ دِل ملوُل گژھٗن تہِ چھِ اتھ كمی سٕتہِ وابسطہٕ كرنہٕ آمٕتہِ  ، مٗمكہِ طورمیتھیونین کہ کم پیداوار  ِنہِ  ہومو سسٹین اتھ چیزس منٛز تبدیل کرنس منٛز ناکٲمی كِنہِ ۔
4447,مےٚ چھےٚ چانہ صحتٕچ فکر تہٕ اگر ژٕ پنن خیال تھاونک وعدٕ کرکھ تیٚلہ ہیمہٕ بہٕ پوٚت۔
4448,كینژن موُدِمتین لوٗكن ٲسہِ اتھہٕ گنڈِتھ ۔ 
4449,کینٛہہ کھلٲڑۍ چھِ داعوا کران زِ تِہنٛدۍ ناو چھِ تبدیٖلی ہٕنٛز نمٲئندگی کران یُس تِم سکیٹنگ دوران اپناوان چھِ۔
4450,"کھٲدی، گٲمی اِنڈسٹری، نٔو تعٲلیمی، صفٲیی تہٕ صحت ٹھیک تھاوُن متعلق گاندھی سٕنٛدٮ۪ن 
شمولیتن منٛز اِضافہٕ کوٚر۔ "
4451,السرٹیو کولائٹس والین  لوُکن  چھُ پس منظر آبٲدی ہنٛدِ مٗقابلہٕ غٲلبن ہِیوٗوٗیہ یا مجموعی طور ہنا زیادٕ  موتٗک  خطرٕ ۔
4452,دٔچھٗن طرف  چُھ نمایاں بچت تہِ ہاوان ، یٗس  دبٲوِتھ  تو٘ہہِ تٗہندِ  استمال كیو  كوُپنو٘ مٕنزِ  سكرول كرِتھ ہیكو٘ ۔
4453,بطور اَیِس ہاکی ہٕنٛدِ پیش خیمہٕ  چھُ بینڈیَن امِہِ كِس وٗصعت تہٕ  توٲریخ مٗتٲثر کو٘رمٗت ۔ زیادٕتر  یورپی تہٕ سٲبقہٕ سوویت مُلکَن منٛز۔
4454,یِمَوگٗفتگوُہو٘  منٛزٕ  نیرنُک اکھ آسان طریقہٕ چھُ  تٔمِس وَنُن تو٘ہہِ  کٔرِیو أکِس نٔوِس ویکیوم کلینرَس پٮ۪ٹھ غور، مثلن نوِ وریہہ ۔ 
4455,"بلدیو تہٕ باجوا چھِ بادشاہ ختم کرنٕچ سٲزِش کران۔
"
4456,یہ سرحد چھٗ ہنٛدستٲنہ ریاستن تہٕ مرکزی زیر انتظام علاقن لداخ، جموں کشمیر، پنجاب، راجستھان تہٕ گٗجراتس سۭتہِ سٕتہِ پكان ۔ 
4457,"ہانگ کانگ تہٕ نارتٔھرٕن آیۍ لینٛڈ چھِ شُمٲلی کوریا تہٕ آسٹریلیا ہَس سۭتہِ  اَکِسیہ گرُپس منز زٕ کاؤنٹی۔
 "
4458,لوٗکھ چھِ قرضہٕ ادا کران یا ماف كران ،تہٕ  سۭتۍ  پننہِ زِنٛدگی منٛز یِنہٕ والٮ۪ن سۭتہِ نٔوِ سرٕ ورتان ۔ 
4459,یکشگان شاعری چُھ اکھ بٲتن  ہُنٛد مجموعہٕ یُس موسیقی ڈراما بناونہٕ خٲطرٕ  لیکھنہٕ آمٗت چُھ ۔
4460,"ایریوا میڈ وے ٹاؤنز چِھ میڈ وے ٹاؤنز تہٕ کینٹ کین حصن منٛز کٲم کران۔

"
4461,کٮ۪نٛہو بینٛڈو کٔر علاقٲیی ہٹ فلمہٕ تیار، تہٕ کینٛژن آسہٕ قومی چارٹ ہٹ تہ۔
4462,مارچس منٛز کوٚر پٲکِستٲنہِ ہتھیار بنٛد فوجن علحایِدگی پَسنٛدن كاژِ اننہٕ  خٲطرٕ اَکھ زبردست مُہِم شُروٗع، یِمن منٛز مشرِقی پٲکِستانُک فوج تہٕ پُلسہٕ شٲمِل ٲسہِ ۔
4463,"نیوکومب بال چھِ سپین، میکسیکو تہٕ باقی ہسپانوی بولن والین مڮلكن منز بطورکیچی بول  تہِ زاننہٕ یِوان۔
"
4464,یہِ ترمیم  آو 2 نومبر  2012 دوہ اِنٹرنیٹس پیٹھ اِفشا کرنہٕ ۔
4465,اتھ ٲسہِ پان٘ژھ گڑھ تہٕ زٕ دروازٕ تہٕ ٲسِس  اسلحہ، گولہ بارود تہٕ  دیگر اشیاء ذخیرہ کرنہٕ باپت  زیر زمین تہخانہٕ ۔
4466,ویکیپیڈیاہس برعکس چھ نہٕ گمنام لوکن کنزرویپیڈیاہس منٛز حصہٕ ننک اجازت ۔
4467,  بیلایزس سۭتۍ ٹھاسنہ ینہ برۄنہہ ہیکہ یہ ہانڈُرسس آورِتھ۔
4468,موجودٕ حکومت آیہ 2022 کین اسمبلی انتخابن منٛز منتخب کرنہٕ تکیاز عام آدمی پارٹی زینہ 117 اسمبلی سیٹو منٛز 92 تہٕ بھگونت مان چھ موجودٕہ وزیر اعلی۔
4469,پَنٕنۍ  فَروختٕکہِ تَمام منٛصوٗبہٕ تھایِو اِکہٕ وٹہٕ أکسٕے دستاویزس منٛز یُتھ تُہہِ یہِ سرمایہ كارن مٲیِل کرنہٕ خٲطرٕ اِستعمال کٔرِتھ ہیٚکِو ۔ 
4470,"فرض کٔرِیو زِ اکِہ بُنیٲدی انٹرنیٹ پلانُک قۭمت چُھ فی رٮ۪تہٕ تقریبن 30 ڈالر، مگر توہہِ  ہٮ۪کِو انٹرنیٹ ہیتھ  بُنیٲدی کیبلِ 50 ڈالر فی رٮ۪تہٕ ترمیم کٔرِتھ ۔
"
4471,یہ چھ ڈیابٹیس کس جڑی بوٹی علاج پٲٹھۍ استعمال کرنہٕ یوان ۔
4472,فلمہ منٛز چِھ دیا ہانگ رائے، اٗپاسنا سنگھ ٹھکوُری، رِشما گٗرنگ، کرما، وِلسن بِکرم رائے، بٗدھی تمانگ، بیجایا برال، پشکر گٗرٗنگ، کبیتا الی تہٕ ماؤتسے گٗرٗنگ شٲمل۔
4473,تہنٛز ویب سائٹہ اوس گۄڈٕ ؤنمت ز کنسول گژھ 2012 ہس منٛز سوزنہٕ ۔
4474,راگمالیکا کِس معاملَس منز راگم یا آخری راگم چھُ عام پٲٹھۍ تِی آسان یُس اَمہِ پتہٕ یِنہٕ والہ بٲتہ پتہ گیونہ یوان چھُ۔
4475,"شےٚ رنگ چھِ لِدوٚر، سبز، کاژُر، نیوٗل، گۄلٲبۍ تہٕ کِرہُن، حالانٛکہِ کاژرِ تہٕ نیٖجِہ بالہٕ آسہٕ نہٕ اصلی اصوٗلَن ہنٛدۍ حصہٕ۔
"
4476,بطور خریدار تہنٛد مقصد چُھ صرف واریاہن معاملن منٛز معروضی حقائقک ڈیٹا رپورٹ کرن۔
4477,"پتہٕ کٔر أمۍ اے وی آر او، ٹی آر او ایس، آر ٹی ایل 4 تہٕ فاکس باپتھ کٲم۔
"
4478,پنجابس چھ ہندوستانس منز سکھن ہنٛز ساروٕے کھوتہٕ زیادٕ آبٲدی تہٕ  یہ چھ وٲحد ریاست ییٚتِہ سکھ اکثریتس منٛز چھ، یہند تعداد لگ بگ 16 ملین چھ یُس ریاستچہ آبٲدی ہنُد 57.69%  چھ۔
4479,سُہ آو 2015 ہس منٛز اینکریجک میئر منتخب کرنہٕ تہٕ 2018 منز آو سُہ دوبارٕ منتخب کرنہٕ۔
4480,خٲرات  خاصكرِتھ  گٲون ہٗنٛد عطیہ، برہمن  کھیاوٕنہِ ، تہٕ فاقہٕ تھوٗن  چھے٘ کارتک پورنِما خٲطرٕ تجویز کرنہٕ آمژٕ  مذہبی سرگرمی ۔
4481,ییلہِ بٲلغ  گژھن ، تم چھ زیر زمین کھنان تہٕ اکھ لۄکٹ تاہ خانہٕ  بناوان ییٚتیتھ  تم رہِتھ حالتس منز روزان چھِ ۔
4482,بجٹ بناون چھ ضروری تکیاز یہ چھ تۄہہ یہ ظٲہر کران ز تہۍ کیٛاہ چھو بناوان، تہنٛدۍ خرچہٕ کیٛاہ چھ، تہٕ تہۍ کتین ہیکو کٔمی کٔرتھ۔
4483,پتہٕ، 40  دوٚہۍ آیہ لاش کپرٕ کین بنڈیجن منٛز ولتھ تھاونہ ۔
4484,تٔمۍ کوٚر أکس ریکارڈنگ کنٹریکٹس پٮ۪ٹھ دستخط، تہٕ أمۍ سنٛد گۄڑنیک البم آو 1968 ٹھس منٛز جٲری کرنہٕ۔
4485,واریاہ مطالعہٕ چھ یہ ظٲہر کران ز گلایفوسیٹ چھ انسانن سمیت جانورن خٲطرٕ خطرناک۔
4486,اتھ برعکس چھ غٲر قونوٗنی حٔثیت أمس نفرس خٲطرٕ استعمال کران ییٚمۍ سٕنٛدس مٲلس ماجہ خانٛدر آسہ نہٕ کٔرتھ۔
4487,فروری 2022 منز کوٚر دۄشوی کمپنیو اعلان ز تم گژھن ضم۔
4488,یہٕ اصطلاح آیہِ 1970 چہِ دہائی ہندِس آخرس منٛز بوئنگس منز اِنجینیرو دسہِ گرنہٕ ۔
4489,کاشتکارن أس یہ نوٚو قٕسم اختیار کرنس منٛز ہچکچاہٹ محسوس کران ییٚمیک زیادٕ پیداوار پریشان کرن وول اوس۔
4490,مارٹنَن لیوٗکھ زِ یورپیَو وُچھ ہجوُم تہٕ کینٛہہ عیسٲئی دینی تبلیغ كرن والیو٘  بٲگروو ہردوار مٲلس منز پنٗن ادب ۔
4491,ہندوستان واپس یِتھ، پٹیل بَسیو احمد آبادس منٛز تہٕ بنیو شہر کیو کامیاب ترین بیرسٹرو منٛز اکھ۔
4492,اِنڈو گریک سلطنتن روو واریاہ مشرقی سرحد گۄڈنِچہِ صدی منٛز مِنندر سٕنٛدِ مرنہٕ سٕتی۔ 
4493,"سپیڈ سکیٹنگ چِھ ""ٹرینڈ سٕپورٹس ""، فنی ""آرٹسٹک سٕپورٹس"" باپت ، تہٕ""بال سٕپورٹس""  اِن لائن ہاکی سٕتہِ  تعلٗق تھاوان۔"
4494,کک باکسنگ چِھ پنن دفاع، عام فٹنس، یا مقابلہٕ باپتھ کرنہٕ یوان۔
4495,فوٹو تھراپی چھِ وِٹِلِگو خٲطرٕ دۄیمہِ لٲنہِ ہُنٛد علاج مانٛنہٕ یِوان۔
4496,"أمس میوٗل 2018 ہس منٛز لیجن آف آنرک گرینٛڈ کراس۔
"
4497,"زیادٕ تر دانشورانہٕ املاک کین قوانینن ہنٛد بیان کردہ وجہ چُھ ترقی ہنٛز حوصلہٕ افزٲئی کرٕنہِ ۔
"
4498,باقی وآریاہن فلسفن ہنٛدِ پأٹھہِ ، چھِ محٲدِیت  وانان زِ   تمام انسان چھ یکساں طور  اہم ۔
4499,مایوس گژھِتھ چھِ اکہِ دۄہ پی پی تہٕ ایڈز أکِس کٔدلَس پیٹھ پکان یُس کُنہِ کُنہِ پٲٹھۍ شاہراہَس پیٹھ پیوان چھُ۔
4500,"سۄ چھےٚ 100 تھیٖوزٕچ گۄڈنچ زنانہٕ گیمر تہٕ کانٹٮ۪نٛٹ بناون واجیٚنۍ۔
"
4501,1950 کس دہلس منٛز گوٚو آسامی تسلطک خوف تہٕ سرکٲرۍ عدم توجہی کِنیۍ  گو میزوس منٛز عدم اطمینانس ہُریر۔ 
4502,تٲریخی حوالہٕ چھِ اتھ مٗتعلق مٖختلِف  زِ تسٗند مول كٗس اوس ۔
4503,"2010 چہ مردم شمأری مطٲبق ٲسہِ تتہِ 14,034 لٗکھ روزان ۔"
4504,مزین اوس کیرولن سٹراس تہٕ جین فیدرسٹونس سۭتۍ ملتھ ایگزیکٹو پروڈیوسر ۔
4505,"2011 ہَس تام ٲس اَمچ آبٲدی 1665۔ یہِ جاےٚ چھِ اوانی بھجنا پلّویشورم مندرٕ خٲطرٕ زاننہٕ یِوان۔
"
4506,یم چھ تم زوزٲژٕ یِمہٕ مٗنٲصِب حالتن منٛز تیزی سان افزایشہِ نسل  کٔرتھ ہیكان چھے٘  ۔
4507,"لوریان تنگایی منٛز بدھ سٕنٛدِس أکس مجسمس پٮ۪ٹھ چُھ اکِس عبارتس منز  "" ورییہِ 318 "" لیكھِتھ  ۔"
4508,یہِ کرنہٕ پتہٕ چھِ جوٗرۍ دان منز بچیومُت کھین اکھ أکِس آپراوان۔
4509,ہندوستان کین تمام ریاستن منٛز چھ میزورمس منٛز قبائلی لوکن ہُند تعداد ساروی کھۄتہٕ زیادٕ۔
4510,ہتھیار، گولہٕ بارود  تہٕ ڈھال ہیكن واریاہو  چیزو سٕتہِ بناونہٕ یِتھَ ۔
4511,اہم فیٖنکس پوسٹ آفس چھ 4949 ایسٹ وان بورن سٹریٹس پؠٹھ واقع۔
4512,ڈول  چھ کُنہِ تہِ کرناٹک موسیقی راگُک (ترنٗم ) تال مُقرر کران۔
4513,"علاقٲیی طور چھِ نوراتری پٮ۪ٹھ برادری بٲتن ،  موسیٖقی تہٕ رقصن  ہٕنٛدِس أکسٕیہ  موضوعٲتی جشنَس گربی وَنان۔
"
4514,تاہم کاشیواہس آو 2018 سیزن کس ٲخرس پیٹھ جے 2 لیگس منز  درجہ کم کرنہ۔
4515,سٹریٹ پوُل چھُ اکھ کال پاکٹ گیم، ییٚمیُک مطلب چھُ زِ کھلٲڑِس پَزِ پرٛٮ۪تھ شاٹَس پٮ۪ٹھ مطلوبہٕ آبجیکٹ بالہِ تہٕ پاكیٹچ نشاندٕہی کرٕنہِ ۔
4516,پتہٕ ینہٕ وٲلہِ او آر ایف   چِھ ٲٹھ منفرد پروٹینن (او آر ایف 3 اے تا او آر ایف 9 بی ) تہِ اینکوڈ کران، یتھ آلٲتی  پروٹین ونان چِھ، یمن منٛز واریہن ہندین  ہومولاگن ہٗند پتاہیہ چھٗنہٕ ۔ 
4517,پٔتِمٮ۪ن پانٛژن ؤرین یا امہ کھۄتہٕ زیٛادک احاطہٕ کرن والہِ خطرٕ ویپراونہٕ باپت كاركردگی  مٗتعلق پرٛژھو۔
4518,گالیوارے گالیوارے چھٗ سویڈن کس نوربٹن کاؤنٹی منٛز اکھ شہری علاقہٕ ۔
4519,زیادٕ تر سیلف فنانسنگ سکولن منز چھ انگریزی تعلیم ہنٛز زبان، ییٚلہ زن سرکٲرۍ تہٕ سرکٲرۍ امداد یافتہٕ سکول چھ انگریزی یا ملیالمس منٛز تعلیم دوان۔
4520,تقریبا فوری طور چھ بجلی بند گژھان، یہ  کٗنالس خوفزدہ کران چھ۔
4521,اوڈیشہ چہ ترقی ہُند شرح چھُ قومی اوسط کھۄتہٕ زیادٕہ۔
4522,امہ برٛۄنٛہہ ز تۄہہِ  تھٲویو کٗنہ ضروری چیزٕ خٲطرٕ کٮ۪نٛہہ پونٛسہٕ، پتھ ہییِوأکی  چیزٕ خٲطرٕ کٔریو مٗختٔلف دٗکانن پیٹھ قٲمتن ہٗنٛد مواضنہٕ۔
4523,کسٹمر سروسس کال کرنہٕ برٛونٛہہ مسلہ ونُن چھُ اکھ رُت عادت۔
4524,پتہٕ آو کرم دیوتا سنٛد قہر أمس پیٹھ۔
4525,پلوورکریسٹس چھ نیٖج چھٲتۍ، سبٕز کمبر تہٕ سفید انٛد آسان۔
4526,"ہِنٛدُوستٲنۍ موسیٖقی چھےٚ ہتہٕ بٔدِۍ راگ اِستعمال کَران، یِم مغرِبی موسیٖقی منٛز چرچ موڈَو کھۄتہٕ واریاہ زیادٕ چھِ۔
"
4527,سینس چھ پوٗرٕ دنیاہس منٛز یونیورسٹیو پؠٹھٕ 90 کھۄتہٕ زیٛادٕ اعزازی ڈگریہٕ میلیمژٕ۔
4528,حیدرُن جواب اوس وٗٹكٗر : بغاوت ختٕم کرنہٕ پتہٕ آیہ واریٛاہ بٲغی قتل كرنہٕ ، تہٕ باقیہ  ساسہٕ بٔدِ  آیہِ  زَبردٔستی میسورٕکین  پہٲڑی علاقن منٛز سوزنہٕ۔
4529,ہیمبر پرووِنشل پارک چِھ برٹِش کولمبیا ہچ اکھ پرووِنشل پارک۔
4530,"گارگی چھِ پنٛنہِ ماجہِ معٲفی منٛگان تہٕ تس جشنَس منٛز لاگنہٕ خٲطرٕ اکھ دھوُتہِ ڈٲلہِ  دِوان ۔
"
4531,"17مہِ صدی کِس شروعاتس منٛز آیہِ جمیانگ تہٕ گیال سٕنٛدس  نیچِوِ  سینگے نمگیال سٕنٛدِ دسہِ  برباد گٲمٕتہِ نوادرات تہٕ گون٘پا بحال کرنٕچہِ  کوُششہٕ کرنہٕ۔
"
4532,لندنس منٛز شیٚن ریتن روزنس  دوران وٗچھہِ  رے ین 99 فِلمہٕ۔
4533,اَتھ فِلمہِ منٛز چھِ ودیوت جموال، پوُجا چوپڑا تہٕ جے دیپ اہلاوت مرکٔزی کِردارن منز ۔
4534,یہِ اوسلٲذمی  زِ خانٛدرَس دوران گژھہِ نہٕ کانٛہہ تہِ پو٘نسہٕ ادا  یا وصول کرنہٕ یٗن  تہٕ یِم نہٕ اتھ پیٹھ عمل کرن چِھِ  بادشاہ سٕنٛد سزاہٕکہِ ذِمہٕ وار ۔ 
4535,موجودٕ منظر نامہٕ چھٗ 1997  تھٗك ریکارڈ سہلاب یاد پاوان یمو٘ ریڈ رِور ویلی سہلاب او٘ن ۔ 
4536,شہرک زیادٕ تر حصہٕ آو  أکس قدیم مایا شہرس پیٹھ بنٛاونہٕ ۔
4537,یہِ چِھ طٲلب علمن ہیچھنس منٛز، یا وۄساتدن ہیچھناونس منٛز مدتھ  کرنہٕ خاطرٕ استعمال کرنہٕ یوان ۔
4538,ہیلِفورسناس ہیلِفورسناس چھٗ سویڈن چہِ سوڈرمین لینڈ کاؤنٹی منٛز اکھ شہری علاقہٕ ۔
4539,پرٛیتھ ٹیٖمس چھِ میدانس منٛز 4 کِھلٲڑۍ، زٕ مرد تہٕ زٕ زنانہٕ آسان۔
4540,بییہ ، جٲیزٕكہِ  نٔتیٖجہٕ چھِنہٕ سلیکوسس خٲطرٕ مخصوُص آسان ۔
4541,"امریکی زنانَن منٛز چھِ سیفلسٕچ شرح اتھ وقتس دوران مستحکم روُدمٗت ، ییٚلہِ زَن برطانوی زنانَن منٛز  شرح بڑیومت چھُ ، مگر مردَو کھۄتہٕ کم شرحَس منز ۔
"
4542,اکہ نظریہ مطابِق  اوس یہِ راناوکرما منگیش ،ییمۍ راناوکرم لقب اوس تھوومُت، یس منگلیشاہن ایلپاٹوُ سِمبیگے جایہ لڈایہ منز شِکست دِیُت ۔
4543,نژنہٕ پتہٕ چھ یِہ جماعت تہٕ سٲمعیٖن مِیلان تہٕ اِکوَٹہ سال کھیٚوان۔
4544,19 ہمہِ صدی پیٹھہٕ چھِ چرس   واریاہن مٗلکن منٛز اکھ غٲر قونوٗنی دوا بنیومُت۔
4545,وِنگو گُزریوو 23 جنوری 2021 دوہ 73 ؤریہہ وٲنٛسہِ منٛز۔
4546,چٔنٛدی گَڑھس چھِ سرحَدٕ  شُمال، مغرِب تہٕ جٔنوٗب طرفہٕ پنجاب رِیاستَس تہٕ مشرِق طرفہٕ ہریانہ رِیاستَس سۭتہِ  میلان ۔
4547,مکنٛدا دیواہس، یس کلنٛگاہک ٲخری آزاد بادشاہ مانٛنہٕ چھ یوان، آیہ شکست دنہٕ تہٕ آو اکس بٲغی رام چنٛدر بانجا سٕنٛد دٔسۍ جنگس منز مارنہٕ۔
4548,لیگالٹ چھٗ فارموُلا  ون ریسَہِ ترقی دِنہٕ وول ۔
4549,یہ نیل مونٛدٕچ ہیٚکہ نستہِ پیٚٹھٕ پٔتمہ اندس تام 1.9 پیٚٹھٕ 5.6 سینٹی میٹر زیٖٹۍ گژھِتھ۔
4550,تٔمہِ تر٘ٲوِ تِم نوَو ؤریو پتہٕ بیلجیم کس ٹیم واٹرشی یس سۭتہِ کینٛہہ وقتہٕ خٲطرٕ۔
4551,کُمارن ٲس کولکَتاہس منٛز کلکَتہ یُنوَرسِٹی ہِنٛدِس پرٛیٚزِڈیٚنٛسی کالجَس منٛز تعلیٖم حٲصِل کٔرمٕژ، ییٚتہِ یہِ ؤکیٖل بنٛنہٕ خٲطرٕ پَران اوس۔
4552,"اننتَھ چھُ   2018 چہِ  ہِنٛدی فیچر فلمہِ ایوننگ شیڈوزَس منٛز دامودر سُنٛد کِردار ادا كران ، ییٚمِچ ہدایت کٲری سری دھر رنگایانَن كٕر  تہٕ سولیرس پکچرسن پروڈیوُس کٔرمٕژ چھِ ۔
"
4553,یہ چھ بیول، مٮ۪وٕ، کلۍ کٔٹۍ، پوشہٕ ٹوٗرۍ تہٕ دٮ۪لر کھٮ۪وان۔
4554,"یہِ اوس 1848 منٛز ہتھیسنگ خاندانَن تعمیٖر کوٚرمُت۔
"
4555,أمہِ  کٔر 2002 ہَس منٛز یش راج فلمزَ چہِ ساتھیا سۭتہِ  فلمَن منٛز کامیٲبی حٲصل۔
4556,مۄغل سراے چھے٘ واریاہن بڑٮ۪ن لوکوموٹِیوُ پلانٹن ہنٛزجاے ۔
4557,دلہ ہٗنٛد قومی رازدٲنی خطہٕ چھٗ اٗتر پردیش، ہریانہ تہٕ راجستھان کٮ۪ن نكھٕ كین  علاقن سۭتہِ  تیزی سان صنعتی ترقی كِنہِ   بطور اکھ معاشی طاقت  وۄتلیومٗت۔
4558,"اَمہِ پتہٕ جلدٕیہ آو کھو سٕنٛدِ خٲطرٕ پھٲس دِنُک حُکُم جٲری کرنہٕ، یَتھ منٛز سُہ جُمعہ دۄہ 6  نومبر 2015 صُبحٲے پھٲنٛسی دِنُک حُکُم دِنہٕ آو ۔
"
4559,"یہِ چھُنہٕ گۄڈٕنِچہِ لَٹہِ ییٚلہِ فُٹ بالَس پیٹھ جھنڈٕ اِستعمال کرنہٕ  چھُ آمت ۔
"
4560,پٹسبرگن کٔر کھیلس منٛز دۄیو منٹو کھۄتہٕ کم وقتس منٛز 81 گز انٹوان رینڈل ایل پنٹ واپسی پیٹھ ابتدٲیی برتری حٲصل۔
4561,تمہ ؤرۍ كٕر گِملیٹ میڈیاہن اکہِ نٔوِ قٕسمٕچ ادایگی رٗكِنیت  شروٗع ۔
4562,یہِ چھ چینس منٛز تیلہٕ تہٕ گیسچ ساروی کھۄتہٕ زیادٕ پٲداوار وألن شعبن منٛز اکھ ۔
4563,أمس چھ 1992 پیٚٹھٕ جو ویلچس سۭتۍ خانٛدر کٔرتھ ۔
4564,الاسکا ایئر لائنز تہٕ وِرجِن امریکہن کوٚر 4 اپریل 2016 ضم گژھنٕكہِ منصوُبٗك عیلان ۔ 
4565,سیلگیلاینک مقصد چھ مرکزی اعصٲبی نظامس منٛز اعصابچ حٮ۪فاظت کران۔
4566,یہِ چھُ سِہار قصبہٕ پیٹھٕ 8 کلوٗمیٹر تہٕ بھاونگر قصبہٕ پیٹھٕ 28 کلومیٹر دوٗر۔
4567,کیپلا اوس صرف 15 وہر ییٚلہ تٔمۍ یورپی جونیئر چیمپئن شپس منٛز گیُند۔
4568,"خیال چُھ یوان کرنہٕ زِ ""vitiligo"" اصطلاحُک اشتقاق چُھ ""vitium"" پیٹھہٕ ماخوذ، یمیوک مطلب چُھ""نقص"" یا ""داغ""۔
"
4569,سکون حاصل کرٗن  مشکل ییلہِ منی پورس منز  طوفانس چھُ ییلہ زن   ہتہٕ بٔدی اتھ تنازعس  منز مران چھِ ۔
4570,ویٚنکوؤرَس منٛز مِیوٗل نہٕ  فگر سکیٹرَن کانٛہہ سۄنہٕ سُنٛد تمغہٕ۔ ہاکی منٛز ہوٗر روٗسَن کوارٹر فایٛنلس منٛز کیٚنیڈاہَس نِش 7-3 سۭتہِ تہٕ گوٚو تمغو  نِش نٮ۪بر۔
4571,"مہربٲنی کٔرِتھ کٔرِیو نوٹ زِ ""پوٗرٕ پٲٹھہِ پانہٕ بناونہٕ آمُت"" سۭتہِ چھُ پٔزۍ سون  مطلب تی ۔ "
4572,ساینسدانو چھٗ یہِ سطح سمندر پیٹھ 800 تہٕ 2200 میٹر تھزرس درمیان وٗچھمٗت ۔
4573,3جون 2007 ہس منٛز ہارنوو تٔمۍ میک موہن ٹایٹل واپس حٲصل کرنہٕ خٲطرٕ ۔
4574,زیادٕ تر لٗکھ چھِ ٹھوُل، کۄکر، کٹہٕ ماز تہٕ شِر٘مپ تہِ کھیوان۔
4575,پرو کبڈی لیگٗک 2015 سیزن زیننہٕ خٲطرٕ دِیوٗت  یوُ مٗمبا ہن بنگلوُروُ بلزس 36–30 سۭتہِ  شِکست۔
4576,"کَنساس سِٹی کہِ پیشکشس منز چِھ 276 ملین ڈالر سپرنٹ سینٹرچ مفت کرایہ شٲمل، یوس وُنہِ تہِ زیٖرِ تٲمیر چُھ۔
"
4577,"کوٹھہٕ چھُ دُبارٕ کھولنہٕ یِوان تہٕ اَکہِ پتہٕ اَکہِ پتہٕ چھِ زنانہٕ وارٕ وارٕ واپس یِوان، یوٚتتھ تام صِرف لَکشمی  پناہ گاہَس منٛز روزان چھے٘ ۔
"
4578,تٔمہِ کوٚر اکھ فرمان نافذ كم گرجا گھر  چھِ مُجرِمن باپت پناہ گاہٕ بنیومٗت ۔
4579,"ریفری چھُ کُنی زون میچ ختم گژھنُک اِشارٕ دِوان۔
"
4580,بۄنہٕ کنہِ دِنہٕ آمٕتہِ ٹیبلَس منٛز چھِ اہم دریاوَن ہُند فہرست دِنہٕ آمت یم جارجیا کِنۍ نیران چِھ۔
4581,تحفہٕ دنہٕ کس صحیح طریقس مٗتعلق  چھِ سمٲجی اصول تہٕ رسم  ۔
4582,فری سٹار تہٕ مونٹیری منی وینَس اوس تقریباً سُے پلیٹ فارم یُس ونڈ سٹارَس اوس۔
4583,ڈوک لینڈس بسِز ڈوک لینڈس بسِز چھےٚ اکھ بس کمپنی یۄسہٕ مشرقی لندنس منٛز چلان چِھ ۔
4584,"2010 چِہ مردم شمٲری منز آیہ 1,631 پیٹھہٕ بڈِتھ  آبٲدی 2,658 شٗمار کرنہٕ ۔"
4585,یہٕ گوٚو 17مہِ صدی ہٕندِس شروعاتس منز  1606 پیٹھٕ شروع۔
4586,بہٕ گوس بنٛک کس پتمس حصس منٛز لاکر چلاونہٕ خٲطرٕ، مگر مےٚ ڈوٚل تتہ ژھۄٹھ تہٕ گرد بٔرتھ پرٲنہ فایلہٕ وُچھتھ من۔
4587,بیکِس حالیہ حملَس منٛز ٲسۍ زٕ جنگجو مُلوِث یِمَو میٖر علی قصبس منٛز فوجین پیٹھ گرِنیڈحملہٕ کوٚر۔
4588,"تمۍ سٕنٛز ساروِی کھۄتہٕ کامیاب پروڈکشن ٲس دنگل، یوٚس وُنیُک تام ساروِی کھۄتہٕ زِیادٕ کمٲے کرَن واجیٚنۍ ہندوستٲنی فلم بنٛیے۔
"
4589,یہِ دۄہ چُھ عیالس تہٕ دوستن سۭتہِ مَناونہٕ یِوان،یتھ منز كٗھلہٕ جایہ آفتابس تھی  پونٛگل ضِیافت ریوایتی كتِرِ لیجن منز رننہٕ یوان چھِ ۔
4590,جریدٕ  چھٗ عٲلمی مٲلی رٗجحانن تہٕ پیش رفتس پٮ۪ٹھ توجہ مركوُز كران ۔
4591,تکنیکی طور پٲنٹھ شاندار، تیم سٕنز اداکٲری ٲس اکثر ٹھنڈ تہٕ عین مطابق ونان۔
4592,"رِچمنٛڈ چُھ بیٚیہِ ونان زِ کُٹیاٹَم چُھ ""ہِنٛدوستانس منٛز سارِوٕے کھۄتہٕ پرٛانیو لَگاتار پیش کرنہٕ یِنہٕ والیو تھیٹرن ہِنٛدیٚو قٕسمو منٛزٕ اَکھ، تہٕ یہِ ہیٚکہِ قدیم دُنیاہُک سارِوٕے کھۄتہٕ پرٛون زِنٛدٕ فن ٲسِتھ""۔"
4593,یہِ چھٗ ماننہٕ یوان زِ   پوٹاشیم ایان چِھ ڈینٹنل ٹیوبلزن سۭتہِ غٲر فعل  انٹرا ڈینٹل رگن  تام پھہلاوان ۔ 
4594,نیشنل فُٹ بال لیٖگہِ ہِنٛز بُنیاد آیہِ 1920 ہس منٛز تراونہٕ تہٕ اَمہِ پتہٕ چھِ یہِ امریٖکاہس منٛز سارِوٕے کھۄتہٕ بٔڑ تہٕ مقبول کھیل بنیمٕژ۔
4595,کرسچنسن گُزریوو 11 مارچ 1958  دِلُک دورٕ پینہٕ سۭتہِ، 66 وُہُر۔
4596,سروے ین ہٕنٛز بیاکھ مقبول صورت یوسہٕ حالیہ بارسس آمژ چھے٘  ،چِھ یومیہ سروے۔
4597,"1614ہس منٛز  كٕر لگ بگ 20,000 فوجن ہِنٛز قیادت كران خُرَمن میواس خٕلاف مُہِم شُروٗع۔ "
4598,پُلیٖسس مُطٲبِق کوٚر گاڑِ ہِنٛدِ ڈرایورَن نشہ آور چیٖزن ہُند اِستعمال، تہٕ ٹیٚکسِکولوجی ٹیسٹہٕ پتہٕ چُھ یہِ مُقدِمہٕ اورنٛج کاوُنٛٹی ڈِسٹرِکٹ اَٹارنی سٕنٛدِس دفترَس منٛز جمع کرنہٕ یِوان۔
4599,"ایسٹرُک صٔحیح تٲریٖخ چھُ کُنہِ ساتہٕ تنازُک موضوع روٗدمُت۔
"
4600,صوبک زیٛادٕ تر علاقہٕ چِھ ہموار یا چھس پس بال۔
4601,پارٹی چھ یہ دۄیہ لٹہ وفٲقی صدارتی انتخابن خٲطرٕ بطور امیدوار نامزد کٔرمٕژ۔
4602,کم از کم کینژن پانوٕنہِ جٗڈِتھ  منصوٗبن منٛز ہیٚکہ ہمسایہ ملک یتھ کٔنہِ بنگلہ دیش متٲثر گٔژھتھ، تہٕ منصوٗبس متعلق بین الاقوٲمی خدشاتن پیٹھ گژھِ کتھ باتھ کرنہٕ ینہِ۔
4603, بوس تہٕ سہراوردی گٔے  رائے دہندگان کِس نوعیتس پیٹھ اکھ اکس نشہ الگ: علاحدٕ یا یکجا۔
4604,ہرزیل چھ بیلجیئم کس مشرقی فلینڈرس صوبس منٛز اکھ میونسپلٹی ۔
4605,31 جنوری 2018 ہس منز بنیو سوٗ کنساسٗک 47 ہم گورنر۔
4606,یہِ چھٗ غٲلبن  زیادٕتر  شارپن ہٗند طریقہٕ  زِ یہِ چھٗ  یہِ چھٗ جان پٲٹھہِ وٲیِتھ ہیكان ۔ 
4607,2009 ہس منٛز کٔر پانٛڈے ین بوجپوُری فِلمہِ دیٖوانہ ہس منٛز پنٛنہِ اداکٲری ہِنٛز شُروٗعات، ییٚمہِ خٲطرٕ أمہِ  جوُری میٚنشن اعزاز زیٛوٗن۔
4608,ریاست چھ ہندوستان کس مغربی گرڈک اکھ اہم حصہٕ بناوان، یس وۄنۍ ہندوستان کس شمال، مشرق، مغرب تہٕ شمال مشرقی (NEWNE) گرڈس تحت چھ یوان۔
4609,گۄپھ ہٕنٛدس انہ گٔٹس منٛز بڑنہٕ پتہٕ چھنہٕ یمن کانٛہہ رنٛگ آسان۔
4610,"مستحکم مٲلی مستقبل یقینی بناونہٕ خٲطرٕ چھُ ریٹائرمنٹ فنڈ سیٹھاہ  اہم ۔
"
4611,ایرانڈام کالم چھُ أکسی تالن منٛز اکشرَن ہُند دۄگنہٕ تعداد منز واتان، اَوٕ مۄکھہٕ چھِ رفتار دۄگنہٕ گژھان۔
4612,یہٕ بے اعتمٲدی چِھ ٹسکٔگی مطالعہٕ ہیوین مطالعن دوران افریٖقی امریٖکی برادری ہنٛدِ استحصال سۭتہِ پٲدٕ گٲمٕژ ۔
4613,حکوُمت ہنِد چھُ امہ دۄہ نیتا جی یس خراج عقیدت پیش کران ۔
4614,قلعُک جنوٗب مشرقی حصہٕ چھُ دریایہِ گنٛگا کِس کنہِ بٔٹھِس پٮ۪ٹھ۔
4615,غذایی فصل چھ انسانن یا حیوانن ہٕندِ کھیٚنہٕ خٲطرٕ وۄپداونہٕ یوان ۔
4616,ریاست متحدہ امریکہس نیبر ، لفظ انجیلیکلک مطلب ہیکن مختلف ٲستھ ۔
4617,کیٚنٛہہ ویٚب سایٹہٕ دِنو تۄہہِ مُفت شِپِنٛگ اگر تُہۍ کُنہِ مخصوٗص ڈالرن ہندِ  رقمہٕ ہیوٚر کٔھسِو۔
4618,"اَتھ فِلمہِ منٛز چھِ رانی مُکھرجی یَتھ منٛز جیشو سینگپتا،  تہٕ طاہر راج بھسین تہٕ سانند ورما معاون کِردارَن منٛز۔
"
4619,1735ء یس  دوران اوس اتھ پیٹھ نواب دوست علی خان  حکومت كران ۔
4620,"ویكفیلڈ كِس شہرس چھِ لگ بگ 320,000 لٗكھ آبٲدی  ۔"
4621,پونزی سکیمن ہنٛز تشہیر کرن وٲلۍ لوٗکھ چھ اکثر متٲثر کرن وٲلۍ الفاظ استعمال کران، یم حقیٖقَس منٛز واریاہ مبہم چھ آسان۔
4622,"مونسٹر آف راکس منٛز بینٛڈ چہ کارکردگی پتہٕ ژھٕنۍ مسٹینن بہلر تہٕ ینگ کٔڑتھ۔
"
4623,"اَتھ منٛز ٲس ترٛےٚ تحصیل  یِم لیہہ، سکردوُ تہٕ کرگلس منز واقع ٲسہِ ۔۔
"
4624,حرکت پذیری ہنٛدس پریتھ فریمس منٛز ہیٚکہ 256 رنگن ہنٛد پنن سیٹ ٲستھ ۔
4625,فری ہولڈ اسٹیٹٕچ ملکیت چھ غٲر معینہ مدتس تام آسان ۔
4626,امہِ سکوُلن چھِ 220 کھۄتہٕ زیٛادٕ مٗلٲزمٮ۪ن ہنگٲمی گٲڈِ چاونٕچ تربِیتھ دِژمٕژ ۔ 
4627,"اتھ چھُ گول چھت تہٕ یہِ چھُ لکشمی نارائن مندرَس ہیٚو بوٚڑ۔
"
4628,اتھ ناوس سۭتۍ چھ واریاہ مشہور شخصیات ، یمن منٛز بونی فرینکلن تہٕ بونی رائٹ شٲمل چھ ۔
4629,"جناب واٹکنزن ووٚن زِ حکوٗمتن اوس ""نارتھ سڈنی سٹیشن تہٕ وینارڈس درمیان شٹل سروس چلاونہٕ خٲطرٕ اضٲفی 50 بَسَن ہُنٛد انتظام کوٚرمُت""۔"
4630,کیمپ  مٗشیرو  ووٚن زِ تم ٲسہِ  امہِ  اِمکانہٕ نِشہِ باخبر  زِ اکھ  طوُفان اوس ینہٕ وول تہٕ تِمو ٲس سمندری طوُفانٕچ سایرن بوُزمٕژ ۔ 
4631,"وونہِ گو٘ ، اگر کھیل ضروٗرت کھوتہٕ زیادٕ بٔڑِس مٲدانس منز  چھِ گنٛدٕنہٕ یِوان، تہٕ عارضِی آؤٹ فیلڈ جَنٛگلہٕ لگاونہٕ برونٛہہ چھنہٕ کُنہِ آگٲہی ٹریکٕچہِ  ضروُرَت۔
"
4632,بوُلہِ  مۄکلنہٕ پتہٕ یِیہِ زینن وٲلِس نیلأمی ویب سایٹہِ پٮ۪ٹھٕ ای میل ذٔریعہٕ اطلاع دِنہٕ۔
4633,بالس پیٹھ چِھ واریاہ مندر، مٹھ تہٕ پگوڈا بناونہٕ آمٕتہ۔
4634,یم لوُکھ  کٲفی مساواتہٕ سان جائیدادن ہنٛدِ مٲلِكھ  چھِ ہیٛکن کٗنہٕ ساتہٕ اتھ برعقس ووزٗم ہیتھ ۔
4635,اَتھ منٛز چھِ سٔتمہِ صٔدی ہِنٛدِس أکِس قٲبلِ ذِکِر فریسکو سٕنٛدۍ باقیات شٲمِل۔
4636,پی مُود 95 وہر نیدرلینڈز کس ایمسٹرڈمس منز ۔
4637,ہنری فورڈ تہٕ تس سنٛد نیٚچو 1905 منٛز ماڈل ایف فورڈ گاڑ منٛز پوز کران۔
4638,یہِ چھُ عام  فٗٹ بالہِ کھۄتہٕ گوٚب  تہِ ۔
4639,مےٚ گوٚو خٲلص خوشی ہُند تجربہٕ ییٚلہ فلمہ منٛز میانِہ اداکٲری پیٹھ تھیٹر کین سامعینن ہٕندِ طرفہٕ زوردار ژَرِپوٚپ میُول۔
4640,یا تہٕ چھ پروجیکٹر سفید تختس پیٹھ لگاونہٕ یوان  یا چھٗ یہِ تالوس الہو٘ن٘د آسان ۔ 
4641,"سہ چھ ایمی تہٕ گولڈن گلوب ایوارڈ باپتھ نامزد کرنہٕ آمت۔
"
4642,اؠڈجٔرٹَنن ہیۆت اِنَسٹا بٔرگر کِنگ ناوُک اَکھ ریسٹورنٹ مٔلۍ تہٕ بدلاوُن بٔرگر کِنگ کِس ناوس منٛزـ
4643,مردن ہنٛدس 100 میٹر بریسٹ سٹروک کِس سیمی فائنلس منٛز کوٚر ناروٲیی الیگزینڈر ڈیل اوینن 59.16 کِس وقتس سۭتۍ اکھ نوٚو اولمپک ریکارڈ قٲیم۔
4644,ماملہٕ كین٘ہہ تہِ ٲسِتن ، بفیلو  اوس نہٕ پوُرٕ پٲٹھہِ  از راتھ لیوٗتھ کھیلَس منٛز، تہٕ آیہ لینڈرسو تٗل امِیوٗك فٲیدٕ ۔ 
4645,ینہٕ والین ؤرین منٛز آیہ ایتھلیٹکس فرسٹ کلاسس منٛز قٲیم کرنہٕ۔
4646,اکہ قٕسمٕچ خمبیر ہٮ۪کہ ٹنڈِس  پٮ۪ٹھ ژمہِ ہنٛز لاگ پٲدٕ کٔرتھ ۔
4647,فلمہ ہٕنٛز شوٹنگ آیہ پاکالا گامس منٛز 11 ہن دۄہن دوران کرنہٕ۔
4648,"دٲیمی شرابُک استعمال چُھ جگرُک وٹامن اے ذخیرٕ کم کران۔
"
4649,یہ چھٗ حٲدِشٲتی طور  پتھ تر٘اونہٕ آمٕتہِ  ریشہِ پیٹھہٕ  انفیکشن نش بچاو باپت ۔
4650,"سۄ ٲس وتہ تہٕ پرنسپن لگٲو تس جنرل سٕنٛد بدلہٕ بدلہٕ گوٗلۍ۔
"
4651,اولفیکٹری بلب: اولفیکٹری بلب چھ ورٹیبریٹ فور برینک اکھ حصہٕ۔
4652,سیمابادھاہن ہوو اکھ کامیاب نفر مزید نفع خاطرٕ پنٕنۍ اخلاق ترک کرنک کردار ادا کران۔
4653,مارگریٹ ہوفرن کوٚر 1880 چو پیٹھ 1920 چین  دہٲیی ین ہُند دور  بطور “امریکہ ہس منز بورڈ گیمنگ ہند اکھ سۄنہٕرِ دور“ بیان۔
4654,کتھکالی ین بڑٲو اداکٲری ہنٛد ذخیرٕ تہ، تہٕ انداز تہٕ کٔرٕن لباسٕچ معیٲری ییٚمہٕ سۭتۍ سامعینن باپت مختلف اداکٲری تہٕ نوٚو ڈرٛامہ سمجن سہل بنیوو۔
4655,برامپٹن گامن بنوو 1887 منٛز پنٗن  گۄڑنیوٗك كٗتٗب خانہٕ ۔
4656,اَتھٕ سۭتہِ  لیٚکھِتھ مٲلیٲتی سٹیٹمینٹ چھُ ٹھیٖک اگریہِ توہی یوت وٗچھٗن آسہِ ۔
4657,"بزات خۄد  جایہِ ہٕنٛدِس انتخابس منٛز ٲس اکھ زبردست مٗعاینہٕ  عمل شٲمِل۔
"
4658,"یہِ  چھُ  کرشنا دٔریاوٗك اکھ اہَم معاون نالہٕ۔
"
4659,"قسمت لَو پیسہ دِلی یَن کوٚر مُشکِلن پَنُن پونٛسہٕ  واپس حٲصِل تِکیٛازِ یہِ آو نہٕ مِلکِیت کہِ قونوٗنی وجہہ سۭتہِ بین الاقوٲمی سطحس پٮ۪ٹھ تہٕ نہٕ سیٹلائٹَس پٮ۪ٹھ جٲری کرنہٕ۔
"
4660,"وو٘نہِ چُھ یہٕ عالمِیتس  متعلق واریاہن مسلن خٲطرٕ لڑان۔

"
4661,بیدیا زاو بلبھ پوٗر، شمٲلی 24 پرگناس، مغربی بنگالس منٛز۔
4662,اکِس شخصس یُس تھیریپی بطورِ پیشہِ کران چھُ  چھِ تھیرپسٹ ونان ۔ 
4663,امہِ مزید گَژھہِ الیکٹرٛولایِٹ کِس سطحس پیٛٹھ نِگرٲنی کرنہٕ یِنۍ تہٕ امِچ کٔمی پوٗرٕ کرنہٕ یِنۍ؛ خاص تشویش چھُ سوڈیم تہٕ پوٹیشیمٕچ کمی۔
4664,ؤرۍ یک ساروٕے کھۄتہٕ سرٕد ریتھ چھ اوسط جنوری ؛ اپریل تہٕ مئی چھ سارۍوٕے کھۄتہٕ گرم ریتھ۔
4665,امہِ پتہٕ بنیوو زمین ٹیكس ( خراج یا مل )اكھ نٗمایاں طریقہٕ  یتھ منز حکمران طبقہٕ  زٔمیٖندارَن ہُنٛد اعلاوٕ فصل ضبط کران اوس ۔
4666,ییٚلہِ زن  رَتن سیٚن قٲد خانس منٛز اوس، کُمبھلنیرُک بادشاہ دیوپال گوٚو پدماؤتی ہِنٛزِ خُوٗبصوٗتی پتھ دیوانہٕ تہٕ کٔرٕن تٔمِس سۭتہِ خانٛدر کرنٕٗك تجوہز۔ 
4667,عقیدت مندن ہنٛد خیال چُھ زِ یتھہٕ پٲٹھہِ  پرٛیتھ ؤرِیہ  بھگوان مُرگن سنٛز پوُزاہ  کرنہٕ سۭتہِ چھِ تِم جسمٲنی تہٕ ذحنی طور صحت مند روزان ،  تہٕ تمن کرمٗک قرضہٕ صاف کرنس منٛز مدتھ كران یِہِ  تمن آسہِ  ۔ 
4668,تم چھ یہوٗدۍ رٮ۪وایتن تہٕ یہوٗدۍ تٲریخس أکس الہام تہٕ اثر و رسوٗخ کس طورس پٮ۪ٹھ وٕچھان۔
4669,"سۄ آیہِ 2019 ہَس منٛز أکِس خصوٗصی اِنتِخابس منٛز رِیٲستی اسمبلی خٲطرٕ مُنتخب کرنہٕ۔
"
4670,"سپیڈ سکیٹنگ، فنکارانہٕ سکیٹنگ، تہٕ رولر ہاکی چھِ ترٛٮ۪ن قٕسمن ہندِ  رولر کھیل یِم ہندوستانَس منٛز عام چھِ ۔
"
4671,"فرعونَن بوُز تٔمۍ سٕنٛدِس طاقتس متعلق تہٕ پرژھُن پننین خوابن ہُند مطلب۔
"
4672,ییٚلہ تہۍ پنٛنہ روزنٕکٮ۪ن نوٮ۪ن انتظامن خٲطرٕ تیٲری چھو کران، تیٚلہ کٔرو کمی کرنہٕ تہٕ کٮ۪نٛژو تمو آرامو ورٲے روزنس  عادتھ یم توہہِ ترٲوِتھ ہیكِو٘ ۔ 
4673,پوٗنے تہٕ لوناولا پٮ۪ٹھٕ کونکنَس تام  ٹریفک نِنہٕ باپتھ چھِ اضٲفی وتہِ  ہٕنٛدِس  ضروٗرتس  پٮ۪ٹھ غور کران،آو امہِ وتہِ ہٗند تجویز كرنہٕ ۔
4674,یِتہِ اوس ہیزل ایڈیر تہٕ پیٹر لنگن بنوومٗت ۔
4675,مقدمس سۭتۍ وابستہٕ الزامس منٛز چُھ وننہٕ آمت زِ وینڈیزس منٛز ہیکہ نہٕ اونٛگٕج تیار گٔژِھتھ، ییٚتہ مرژٕوانٛگن170 ڈگری تام ترٛیٚن گھنٹن تام گرم چُھ یِوان کرنہٕ۔
4676,یہِ چھٗ ریاستٗك  كٲم كار 22 ہو ضلع سربراہو ذریعہ چلاوان یمن ایس ایس پی ونان چھِ ۔ 
4677,"تٔمِس گوٚو نہٕ یہِ پسند ییٚلہِ چارلس II آیرلینڈ پٮ۪ٹھٕ چاروٲے درآمد کرٕنہِ بنٛد کٔرِ ۔
"
4678,اتھ عملہ منٛز کوٚر أمہِ  2016 چہِ جاپٲنہِ اینمی  فلمہِ یوُور نیمٗك  چینس منٛز ساروٕے کھۄتہٕ زیٛادٕ کمٲئی کرن واجیٚنہِ غٲر ملکی زبٲنہِ ہٕنٛز غٲر ہالی وُڈ فلمہِ ہٗنٛد رِکارڈ پتھ ۔
4679,جمٲژ منٛز چھِ سارِوٕیہ  کھۄتہٕ پرٛٲنہِ  آباد جٔزیٖرٕ امینی، کلپینی انڈروٹ، کاوارتی تہٕ اگاتی ۔
4680,سوکافا سٕندِ  پننہِ آبٲیی وطن پٮ۪ٹھِ تہٕ وادی برہم پتراہَس منٛز آباد گژھنَس منٛز ٲس أمۍ سٕنٛز حمایت باقی تایی سردارَو تہٕ عام پیروکارَو کٔرمٕژ یہٗند کُل تعٲداد نو ساس اوس ۔
4681,"2006 ہس منز ٲسہِ 6,135 لُکھ ایمرالڈس منز روزان ۔"
4682,سپرم تہٕ اووم کہ فیوژن کہ عملہ چھ فرٹیلایزیشن ونان۔
4683,لہاذا اوس نہٕ یہ امکان ز سۄ بنہ ہا شٲہی خونہٕ ورٲے فرعون۔
4684,یہِ قلعہ اوس مالابار سٲحِلس پیٹھ ایسٹ انڈیا کمپنی ہُنٛد گۄڈٕنیُوک مُستقل پوسٹ۔
4685,تۄہِہ ہیکنَو کینٛہہ قۄربٲنِیِ دِنِہ پٮ۪تھ، یِتھ پٲٹھہِ زن ییمِہ ؤرۍ فیملی چُھٹی تراوٕنہِ، مگر یہِ آسہِ قرضہٕ رو٘س  زندگی گُزارٕنس لایكھ ۔ 
4686,یہِ چھِ اکھ یِژھ حالت یَتھ منٛز اكھ شٗر  21 مزید  کروموزوم ہیتھ  زیٚوان چھٗ ۔
4687," موسیقی ٲس منان شاہَن ترتیب دِژمٕژ، یَتھ منٛز میور پوٗری یَن لیٚکھمٕتہِ بٲتھ چھِ، ییٚلہِ زن پس منظر موسیقی  پرساد ساستھے یَن دِژمٕژ  چھے ۔
"
4688,واریاہہِ پھرِ، ٲس سۄ پنٛنٮ۪ن فلمن منٛز أکس خراب کور ہنٛد کردار ادا کران۔
4689,بیام بیک واٹر یُس بھرتھاپوزا دٔریاو کِس جنوٗبس منز واقع چھُ (یُس کیرالہ ہُک دوٚیِم ساروِی کھۄتہٕ زیوٹھ دریاو تہِ چھُ) چھُ یِمَو منٛز ساروِی کھۄتہٕ بوٚڑ۔
4690,"اتھ منٛز چھ ایمفیبینز، جاناوار، تھنہٕ دار جانورن تہٕ ریپٹایلن ہٕنٛدۍ شیڈول 1 قٕسٕم۔
"
4691,یہٕ شو چھ واریاہ کامیاب، اتھ روٗز اکھ پُر وۄمید شروعات۔
4692,نظام آباد فورٹ، یُس نظام آباد قلعہٕ کہِ ناوٕ سۭتۍ تہِ چھُ زانٛنہٕ یوان، چھُ ہندوستٲنہِ ریاست تلنٛگانہ كِس  نظام آبادس منز ۔
4693,"2015 ہَس منٛز بَنیٛوو کیوُبا ماجہِ پٮ۪ٹھٕ شُرِس  سیفِلسٕچ منتقلی ختم کرن وول گۄڈنیُک مُلُک  ۔
"
4694,"امچ بنیاد ٲس 1930 ہس منٛز ماسٹر فرٕد محمدن ڈیٹرایِٹ، مشی گنس منٛز ترٲومٕژ۔
"
4695,جرمن بہری فوجٗك  اکھ بریمن کلاس جنگی جہازٕ ، لیوبیکس چُھ أکس تربیتی مِشنَس دوران غلطی سان پانَس پیٹھ گولہِ چلاونہٕ پتہٕ برطانوی سٲحِلَس نٕكھہٕ مرمَت کران۔
4696,"سُہ آو  6 نومبر 2018 نواجو مٗلكٗك  صدر مُنتخب کرنہٕ۔
"
4697,گول پوسٹہٕ چھِ بنیادس پیٹھ پیڈ کرنہٕ یِوان، تہٕ سنگترٕ ربن چھِ عام  پٲٹھۍ ہوہٕچ طاقت تہٕ سمتٕک اشارٕ پٲٹھۍ پرٛیتھ سیوٚد کِس نوکَس پیٹھ تھاونہٕ یِوان۔
4698,"2010 ہس منٛز ٲسۍ اتھ کاؤنٹی منٛز 1,081,726 لکھ روزان ۔"
4699,گامہٕ سطح پیٹھ  ہیوٚر کُن اوس آب كہِ  انتظامُک اکھ اصل پٲٹھہِ تیار كرنٕ آمٗت  انتہٲیی اثر دار نظام۔
4700,دویمِہ طرفہٕ چھِنہٕ  کینٛہہ ستاواہن  بادشاہن (یِتھہٕ  پٲٹھہِ زن  ستکرنی) یِہنٛز تصدیق عدٲدی ثبوتَو سۭتہِ گژھان چِھ ، پُرانن منٛز بالکل تِہ نظرِ گژھان ۔ 
4701,أمہِ  سٕنٛدِس مرنَس پٮ۪ٹھ روُدِ مٗلكہٕ كیو٘ تمام كوُنو٘ پیٹھہٕ تعزیتی پیغام موصوُل سپدان ۔ 
4702,سُہ چُھ نہٕ مَسالٕہ ڈِی کوڈ کرنَس منٛز نَاکام یوٚتام سُہ چاچا ہَس سۭتۍ مِلان چُھ، اَکھ بیوکوف، پرٛانہِ گامُک اَحمَق یُس تمِس زندگی ہُنٛد مزٕ دار پہلو ہاوان چُھ۔
4703,مےٚ گٔیہ خوشی ز أکس بینک ملٲزم سندِ طرفہٕ مےٚ سۭتۍ تروٚش کتھ کرنہٕ پتہٕ دیُت بینک افسرن میانہ کامہ کُن توجہ۔
4704,مےٚ کھوٚت واریاہ شرارتھ ییٚلہ أکہِ  خٔریٖدارن كِریانہٕ وانس  منٛز لٲنہ منٛز مےٚ برٛونٛہہ کنہ وۄٹھ ژھنِتھ   جاے رٔٹ۔
4705,ڈاکٹر سیوس مُود 87 وہر  لا جولا ، کیلیفورنیاہس منٛز ٲسٕہ کہ کینسر سۭتۍ ۔
4706,پارکہٕ تہٕ کتب خانہٕ چھ زیادٕ لوکن شہرس کُن منتقل سپدنچ خواہش کرناوان۔  
4707,اینوایرنمینٹ  کناڈاہن چھِ اٹلانٹک کناڈا ہس خٲطرٕ برفباری ہنٛز آگٲہی جٲری کٔرمٕژ تہٕ چھٗ 15 پیٹھہٕ 30 سینٹی میٹر شینٕٗك توقع کران۔
4708,مسکی زاو رمفورڈ ، مینی یس منٛز پولینڈ کس أکس خاندانس منٛز ۔
4709,"بس  گوگل کھوُلِیو   ، پنُن مطلوبہٕ پرنٹر ماڈل ژھٲرِو، تہٕ پتہٕ کٔرِو سریِچ رِزلٹ کِس پٮ۪ٹھ مِس حصس مَنٛز موٗجوٗد ٹیبس پٮ۪ٹھ کِلک ۔
"
4710,ییٚلہ ہندستانن برطانوی سلطنتہٕ نش آزٲدی حٲصل کٔر، قبائلی سربراہن ہند تعداد اوس 200 کھۄتہٕ زیادٕ ہُریومت۔
4711,یہ چھ زیٛادٕ تر ہینڈ ہیلڈن کھۄتہٕ لۄکٹ تہٕ یہ چھ سکہ ہنٛدین جیٚکن منٛز فٹ گژھنہٕ خٲطرٕ بناونہٕ آمت ۔
4712,تم كرن عام طور صرف تییس پیٹھ كٗلہِ ژٹن موسم  ونٛدس منٛز کٲم ۔
4713,وِکیٖپیڈیا چھ اکھ مفت سایٹ ییٚتہ کانٛہہ تہ اکھ صفحہٕ شروٗع ہیٚکہ کٔرتھ یا بدلٲوتھ ہیٚکِہ۔
4714,سہ گوٚو علاج باپتھ بمبیہ تہٕ تتیٚیہ سمکھیو شردا کبیرس، ییٚمہ سۭتہ أمہ 15 اپریل 1948 دوہ نیہ دلہ منٛز پنٛنس گرس منٛز کھاندر کوٚر۔
4715,راجیو گاندھی سٕنٛدِس پریمیئر شپَس دوران گوٚو ہندوستانَس منز عوٲمی زانکٲری ہٕکۍ بُنیادی ڈھانچہِ تہٕ 	نوین خیالَن ہُند آغاز۔
4716,تم چھ ترٛےٚ  گریلو کھیل تہٕ ترٛےٚ اوے گیم گنٛدان ۔
4717,گٲوٕ تہِ آسہٕ نہٕ وۄنۍ ٹانٛگہٕ دِوان۔ سِکیڑا تہٕ راتہٕ مۄٚغل گٔیہِ بیٚیِس گامس منٛز۔ سٕہَن تہِ کوٚر گرٛٮ۪زُن بنٛد۔
4718,لینکس خٲطرٕ گیمہٕ بناونہٕ خٲطرٕ چھ ڈویلپرزن خٲطرٕ اوپن سورس کوڈ ۔
4719,كٗمبہٕ  چھٗ تس جدید  پلو لٲگتھ تہٕ اہم لوکن ہنٛدِ فون یوان وٗچھِتھ حٲران گژھان۔
4720,سمبھاجی سندِیو وزیرو، یمن منز انا جی  دتو تہِ شٲمِل اوس، تُل اتھ موقعس فٲیدِٕ  تہٕ کرٕکھ راجہ رام بییہ تختس پیٹھ بیہناونٕچ سٲزِش ۔
4721,ییلہٕ زن ہندومتس منٛز کُلین ہنز پوُزاہ غٲر موموُلی چھنہٕ ِ، تُلسی كٗل چھُ تمام كٗلیو٘ كھو٘تہٕ مٗتعبرق ماننہٕ یوان ۔
4722,ییلہ اشوک تکشلا ووت، تتہ کیو روزن والیو کوٚر تٔمِس استقبال تہٕ تٔمِس وُنُکھ زِ تہنٛز بغاوت چھِ صرف بد وزیرن خلاف، نہ کہِ بادشاہَس خلاف۔
4723,امیُوک مَطلَب چھُ یہِ زِ دوٚن  بادشَاہن اوس گۄڈَٕ پانوٕنہِ  جنگ ۔
4724,اتھ صورتَس منٛز چھُ اکھ گوٚب برٛونٛہمِہ طَرفُک ڈکھ اتھ عملہِ رَد کرٕنۍ یژھان۔
4725,واے چھٗ اکھ  خیال یٗس تخلیقہٕ برونٹھ تہٕ پتہٕ موُجوُد اوس ۔
4726,تٕمہِ  کٔر2016 کس ناردرن ٹیریٹری الیکشنس منٛز لیبرٕچ   زبردست فتحچ رہنٗمٲیی ۔ 
4727,چندرگیری چھُ کاسرگوڈ قصبہٕ پیٹھٕ جنوب مشرقی علاقَس منٛز 4 کلوٗمیٹر کِس فاصلَس پیٹھ واقع تہٕ چھُ سیاحَن تاریخی چندرگیری قعلس تام نِوان۔
4728,"کینژن ثقافتن منٛز چُھ اَتھواس مضبوٗط آسان، باقین منٛز چُھ یہِ نرم ۔
"
4729,"رولر کوسٹر آو 7 میٚے 2005 ژس منٛز باضٲبطہٕ پٲٹھۍ عوامس خٲطرٕ کھولنہٕ۔
"
4730,گندھمردھن پہاڑن بٗتھہِ چھٗ نرسنگھ ناتھ سٗند مندر ۔ 
4731,یہ ٲس لیگ کس تٲریخس منٛز دویم آؤٹ ڈور گیم تہٕ امریکہس منٛز منعقد گژھن واجیٚنہ گۄڑنچ آؤٹ ڈور گیم۔
4732,ریاستس منز چھِ 500 ڈگری کالج یِم  کنہ أکس یونیورسٹی سۭتۍ منسلک چھ۔
4733,ٹیلی ویژن سیریز چھنہٕ یہ ونان ز کیا یم چھا أکس سٹار سسٹمس منٛز۔
4734,"1273 تھس منٛز بڑوو گرگوری دہن ٹیرینٹایز اوسٹیا کس کارڈینل کس عہدس پٮ۪ٹھ۔
"
4735,"سہ اوس 2001 پٮ۪ٹھ 2014 ہس تام برلنُک ایس پی ڈی گورننٛگ مییر۔
"
4736,کلارا گُزرییہ   29 نوٚمبر، 2013 ،98 ؤرِش۔
4737,خارجہ پالیسی چھ بنیادی طور سوٗ طریقہٕ ییمہِ سۭتہِ اکھ حکوُمت باقین مٗلكن سٕتہِ ورتاوان چھُ ۔ 
4738,یِہ چُھ دویم موقع ییلہٕ نہٕ سٹینلے کپ اوس دنہٕ آمت چھُ : گوڈنِیٗك پھیرٕ اوس 1919 ہس منٛز انفلوئنزا پھہلنس دوران۔
4739,یہ فلم چھےٚ دوٚن مجرمن، ویرو تہٕ جئے یس مّعلق ،یِم   أکسسٗبقدوش سپدِمتِس  پُلیٖس افسر سٕنٛد ذٔریعہٕ بے رحم ڈاکو گبر سنگھس رٹنہٕ خٲطرٕ كرِایس پیٹھ اننہٕ آمٕتہِ چھِ ۔ 
4740,توہہہِ ہیٚکِو نہٕ اپریلَس منٛز کامسکی یس سٕتہِ تمہِ  سٕنٛدِ میچُک مُقابلہٕ ییتہِ گِدِمتِس سٲنِس میچس سٕتہِ كرِتھ ۔ 
4741,چھیكرس چھُ سنت نارد ظٲہر گژھان یُس گنیشس ترغیب دِوان  ز اکھ کوُر کرِ أمِس تہٕ أمہِ  سٕنٛدین نیٚچوین مالامال ۔
4742,پلیٹ فارم 1، سٹیشنک وٲحد پلیٹ فارم چُھ قژانگ خٲطرٕ۔
4743,سیریزک مرکزی کردار کریش بینڈیکوٹ چھ کرُن لایق  کردار  ۔
4744,"یہ واقعہ بنیٛیوو قومی سرخی تہٕ امہ کٮ۪ن ذمہٕ وار لوٗکن ہٕنٛز گٔیہ نہٕ زانٛہہ تہ شناخت۔
"
4745,كھوژونِس خابس ہینہٕ ینٕكہِ  احساسن كو٘ر دوُر گژھنہٕ نِش انكار ، اكھ لگاتار نہٕ تھپھ تٗلن وول خوفٗك احساس ۔
4746,ییٚلہ آیورویدک ڈاکٹرن آپریشنک ضرورت ورٲیۍ میٲنۍ سروائیکل ڈسک پرولاپس ٹھیک کٔر، مےٚ ٲس اکہ ہٲنگنیہ ہندۍ پٲٹھۍ خوشی۔
4747,یہِ چُھ  وقتس دوران واریاہ زیادٕ زیادٕ مستحکم/جامد تہٕ آٹو امیوٗن بیٚماریٚن سۭتہِ  امیُک تعلُق چُھ عام وِٹِیلِگو کھۄتہٕ کمزور باسان ۔
4748,بہ چھُس  شکر گزار زِ تُہۍ چھِو میون مسلہ زاننہ تہ نقص وول چیز واپس رٹنہ باپت رضامند۔
4749,یِمو منٛز ٲیہ زٕ راکٹ، یِم  انگریزو سری رنگا پٹنس منٛز رٔٹہِ ، تہٕ  لندنس كِس رائل آرٹلری میوُزِیمس منٛز  یہنز نٗمٲیش كٕر ۔
4750,سۄ چھےٚ بار بار آرینس صاف کتھ کرنہٕ تہٕ پلسس پزر ونٛنہٕ کرنہٕ خٲطرٕ ونان، مگر سہ چھ أمس ٲس بنٛد کرنس منٛز کامیاب روزان۔
4751,1917 تہٕ 1918 درمیان اوس مہاتما گاندھی تریٛن جدوجہدَن منٛز شٲمل- یِمَن چمپارن ستیہ گرہ، احمد آباد مل ہڑتال، تہٕ کھیڑا ستیہ گرہ  ونان چھِ۔
4752,"یہِ گوٚو آیی ٹیونز انڈیاہَس منٛز نمبر اَکہِ جایہِ پٮ۪ٹھ شروٗعات تہٕ ""ماہی وی"" اوس چارٹ ٹاپنگ سنگل۔
"
4753,"برطانِیا ہس منٛز چھِ گُڈ فرٛایڈے تہٕ ایسٹر منڈے دۄشوٕے بینک چھُٹی، سکاٹ لینڈ بغٲر، ییٚتہِ صِرِف گُڈ فرٛایڈے بینک چھُٹی چِھ ۔
"
4754,بالغ مادٕہ مینہ مُنڈج چِھ آبس منٛز واپس یوان تہٕ چھ زیادٕ ٹھول دوان۔
4755,"یِمَن تمام چیزن ہٕنٛز ساروِی کھۄتہٕ زِیٛادٕ قۭمتَس پٮ۪ٹھ الگ الگ ادائیگی کرنہٕ بجایہِ چھِو تو٘ہہِ  یہِ بطورِ  ویلیو پیک سمجان   اکھ منگتہٕ  فیس ادا کران۔
"
4756,2018 زنانَن ہُنٛد ٹورنامنٹ آو گۄڈٕنِچہِ لَٹہِ پوٗرٕ ایشیٲیی مُلکَن منٛز گِنٛدنہٕ، ییٚلہِ اَمیِچ میزبٲنی چینگڈے، چینَس منز آیہِ کرنہٕ۔
4757,سُہٕ اوس عظیم تہٕ مثبت کردارن ہنز تصویر کشی خٲطرٕہ مشہور۔
4758,ایف ای سی چھ اکس معروف الگورتھمس سۭتۍ منتقل شدٕ معلوماتس منٛز بیکار آسُن شٲمل کران ۔
4759,چمپاپوری چُھ ہِنٛدُستٲنہِ رِیاست بِہار کِس ضِلعہٕ بھاگل پوٗرُک اَکھ گام۔
4760,امہِ سٕتہِ آسہے بغاوتس بیہ ٛحٕس لوگمٗت  مگر سینٹرل انڈیا فیلڈ فورس پوك  سیٹھاہ  تیزی سان شہرَس خٕلاف برونٛہہ۔
4761, 1859 ہَس منٛز گوٚو انگریز کھلاڑٮ۪ن ہُنٛد اکھ ٹیم گۄڈٕنِکِس غٲر مُلکی دورَس پٮ۪ٹھ شُمٲلی امریکہ۔
4762,بہٕ چھس دم پھٕٹۍ ز یہ تبصرٕ چھکھ لوٗکن وچھنہٕ خٲطرٕ ترٛوومت ییٚلہ زن زیادٕ بے ضرر تبصرٕ چھ تیزی سان ہٹاونہٕ آمٕتۍ۔ (نفر ۲)
4763,پاکستان کِس صوبہٕ پنجابس منٛز چولستانٕکہِ ہیندِ قبیلہٕ چھِ ہولی ینہٕ والین دۄہن کھِڈو ناوک کھیل گنٛدان۔
4764,اَمہِ دۄہ فژھِ  مقبوُل برادری   کھیل کوڈی پینڈیم گِندٗن شروع تہٕ روزِ ینہٕ والین  اكِس دو٘ن دوہن جٲری ، خاصكرِتھ  آندھرا پردیش کِس ساحلی آندھرا خطس منٛز۔
4765,کینٛہہ ازبک سردار آے پتہٕ مارنہٕ تہٕ بٲغی لیڈر آے ہستین تل لتہ مۄنجہ کرنہ۔
4766,سُہ روٗد 1974 پٮ۪ٹھ 2002 ہَتام ژورِ لٹہِ ترکیُک وزیر اعظم  ۔
4767,ناروے اییر شٹل: ناروے چھ دنیاہک ساروٕے کھۄتہٕ بجن اییر لاینن منٛز اکھ۔
4768,سو٘ چھے٘ شہزادٕ وکرم سنگھ راٹھورَس میلان، ییٚمہِ سٕنٛز دوٗر دراز شخصیت تمِس پنٛنس مٲلس ماجہ ہِش  بناوان چھے٘ ۔
4769,أکِس ریتس تھٲیِو اکھ لۄکُٹ رسالہ تہٕ لیکِھو زِ تُہۍ کَتہِ چھِو پنُن پونٛسہٕ خرٕچ کران یا پَنُن خرچہٕ ٹریک کرنس منٛز مدد خٲطرٕ کٔرِو مِنٹ ہِش ایپ استعمال۔
4770,اِنتظٲمَیٲتی حٗكٖٕ اوس زِ پریتھ اكھ گژھِ صرَف اكھ تلوار تہٕ اكھ حٲمی ہیتھ یٗن ۔
4771,"نصف رٲژ ہندِس وقتس پیٹھ چُھ پانیہ پاسكل جشن شروع گژھان، یتھ منز پاسچل میٹنز، پاسچل اورز، تہٕ پاسچل ڈیوائن لیٹرگی شٲمل چِھ ۔
"
4772,ٹرانسپورٹُک اِنتظام نَہ آسُن چھُ اکھ بٔڈ خامی۔
4773,"اگر دنٛد سفید کرنُک چیٖز استعمال کرنہٕ پتہٕ کانٛہہ حساسیت تجرُبہٕ کرنہٕ یِیہِ، تیٚلہِ ہیٚکہِ وقفہٕ نِنہٕ سۭتۍ مدد مِیلتھ۔
"
4774,سُہٕ چُھ زٕ زیادتی کرن وٲل دوٛن قتل کرتھ اکھ ججٕ کِس طورس پیٹھ کٲم کران۔
4775,فری سیفٹی شان ٹیلرن کٔر ریڈسکنس خٲطرٕ 39 یارڈ اورٕ یور  ریٹرن سۭتہِ  فتح حٲصل۔
4776,تِم چِھ ونان ، امی كِنہِ چِھ  کینٛہہ لوُکھ سونچان زِ تمن چِھ دعوا دٲری ۔
4777,ٹورینو، اٹلی منٛز ونٹر اولمپک گیمن ہنٛدِ مقابلہٕ کِہ دۄیمِہ پوٗرٕ دۄہہ خٲطرٕ چُھ میڈلُک نٔتیٖجہٕ درجہِ ذیل۔
4778,یہ پیشین گوئی کرٕنۍ ز یہ کٔنہ گژھ مشکل ، لہذا ہیٚکہ یہ سرمایہ کار حیران گژھتھ ۔
4779,روٗسی بینڈی سُپر لیٖگ چھےٚ روٗسی بینڈی لیٖگ نِظامُک سارِوٕے کھۄتہٕ بوٚڑ درجہٕ۔
4780,ہموار مژھ چھِ جسمس انٛدر اکھ مژھ تہٕ أڑِجین سۭتہِ  جٗڑِتھ نہٕ ۔
4781,وراستی  ترتیٖب طے کرنُک چھُنہٕ کانٛہہ یٔقیٖنی ذٔریعہِ ، اکھ أکِس سۭتہِ  تہٕ نہٕ  اتھہِ اندِ پٕكہِ دور كین  واریٛاہن باقیہ  شہزادن سۭتہِ پنٕنہِ  تعلقات طے کرنُک ۔
4782,نہرون دِژ 1950 کِس دہلِس دوران پارلیٲنی  جموٗرِیَتس، سیکولرازمس، تہٕ سائنس تہٕ ٹیکنالوجیس ترقی،یٔمۍ اکھ جدید قومٕکۍ پٲٹھۍ ہندوستانٕچ کَمان طاقتور طریقہٕ متٲثر کٔر۔
4783,مس لولی آییہٕ 17 جنؤری 2014 ہس منٛز ہنٛدٚوستانس منٛز لگ بگ 300 پردن پیٹھ ریلیٖز کرنہٕ۔
4784,مرن والٮ۪ن مَنٛز اوس کرنل ولیم سپرنگ سُنٛد ساروٕی کھۄتہٕ بوٚڑ نیٚچٗو کیپٹن فرانسس سپرنگ تہِ۔
4785,DFV ین زیوٗن 1967 کس ڈچ گراں پرکسَس منٛز پننہ گۄڈنکس دورس منٛز ۔
4786,تاہم، زنانہٕ چھے٘ مردو كھوتہٕ كم دٗبارٕ  نشاور چیز استمال كرنٕچ امكٲنِیت آسان ۔ 
4787,تمہِ سٗند گۄڑنیک براہ راست عملٗك  تھیٹر کردار اوس نو رولزس منٛز بطور ینگ کرٹ ڈایمنڈ ۔
4788,"أسۍ چھ یہ سونچان تکیٛازِ أمۍ سٕنٛدۍ مٲلۍ لیٚچھ اکہ لٹہٕ پنٛنس نیٚچوۍ سٕنٛز وٲنٛس۔
"
4789,مےٚ چھ وہمہ ز کورئیر ڈلیوری منٛز ہیٚکہ تاخیر گژھتھ، تہٕ مےٚ چھُ فوری طور پیکجک ضرورت۔
4790,امریکی ایرون پیرسولَن کوٚر اکھ نوٚو عالمی ریکارڈ قٲیم تہٕ زیونُن مردن ہٕنٛد 100 میٹر بیک سٹروک کِس فایٔنلَس منٛز 52.54 سیکنڈن ہٕنٛدس وقت سۭتۍ سونہ تمغہٕ۔
4791,میری ٹیوڈر گٔیہ انگلینڈ واپس مگر میری بولین روٗز فرانسس منٛز۔
4792,بٔرلِنگٹَن، اوکلاہوما بٔرلِنگٹَن چھُ مُتحِدٕ رِیاستُک اَکھ قصبہٕ یُس اوکلاہوماہَس منٛز واقع چھُ ـ
4793,جٔدیٖد توٲریخی رِکارڈ چھِ ہاوان زِ شِکھرجی بال  چھُ جین برادٔری ہِنٛز عبادت گاہ ماننہٕ یِوان۔
4794,یہِ  ہیٚکہ غلط استعمال، اچانک الگ گژھنہٕ ، صدمہٕ یا نظر انداز  كرنہٕ  كہِ وجہہ سٕتہِ گژھتھ ۔
4795,2000 سس منٛز سڈنی منٛز گے گیمز VI منٛز ٲسہِ نیٹ بال تہٕ والی بال زٕ کھیل یمن منٛز سارِویہ زیادٕ تادادس منز لانژھ  کھلاڈیو٘ شركت كٕر ۔ 
4796,ڈبلیو ایف ٹی ڈی اے یَن کٔر لیگن حوصلہ افزٲیی زِ لیگن ہٕنٛز زان بڑاونہٕ خٲطرٕ پزِ فلمہِ ہٕنٛدِس ریلیزَس دوران پروموشنَن سۭتۍ رٲبطہ تھاوُن۔
4797,ریاستس منٛز چھ جانورن ہندٮ۪ن پناہ گاہن منٛز باکھیرا ركھ ، نیشنل چمبل سینکچری، چندر پربھا سینکچری، ہستناپور سینکچری، کایموُر سینکچری، تہٕ اوکھلا سینکچری شٲمل۔
4798,تٔمہِ سٕنٛدس دور حکومتس منٛز كٕر کریکوو تہٕ لِوِون اہمیت حٲصل ۔
4799,تمو بنوو گرافکس پکسل آرٹ یہ یقینی بناونہٕ خٲطرٕ ز گیم آسہٕ نہٕ متنازعہ ۔
4800,نکولا ٹیسلاہن کوٚر 1892 منٛز پلازما چن خصوصیاتن ہنٛد مطالعہٕ کرنہٕ خٲطرٕ یہ ایجاد۔
4801, گنہِ  وٗنلہِ اوس قبرِستانس نال وولمٗت ، نادیدٕ وحشت کھٹِٹھ تھوان۔
4802,"سُہ چُھ  2013ہس منٛز ہِنٛدُستان کہِ سُپریٖم کورٹ  طرفہٕ برقرار تھاونہٕ آمتِس أتھہِ فٲصلس تحت  بیٚیہِ گِرِفتار کرنہٕ ایوان ۔
"
4803,او ایس آٮیی ماڈل چھ پرٛوٹوکول اسٹیکن متعلق سونٛچنہٕ خٲطرٕ اکھ عام طٔریقہٕ۔
4804,باس چِھ زیادٕہ تر لیول یا گیم ہندِس اختتامس پیٹھ لبنہٕ یوان۔
4805,ستمبر 2011 ہس منٛز آو یہ اعلان کرنہٕ ز نیل نتن مُکیش تہٕ امیشا پٹیل آیہ بطور مرکزی کردار تہٕ مخالف  كردار مقرر کرنہٕ۔
4806,"1970  پٮ۪ٹھٕ 1974 تھس تام اوس سہ ریڈن کہ میونسپل کونسلک رکن۔
"
4807,یہ سکرین ونہِ  تۄہہ  نیوِگیٹ بٹٗن ہیتھ بیچ کس مقامس متعلق مختٔلف قٕسمٕچ  زانٛکٲری یتھ منٛز سٹورٗک ناو تہٕ پتاہ  شٲمل چھٗ ۔
4808,"قدیم چینی لوٗکھ ٲسۍ زونہ تہٕ آبس سۭتۍ وابستہٕ تجدید کرنس پٮ۪ٹھ یقین تھاوان۔
"
4809,وونہِ گو٘ ، زِیٛادٕ تَر معاملاتَن منٛز لوُكھ  آپریشن  پتہٕ گَھرٕ گژھِتھ ہیكان ۔ 
4810,بی ایم ایکس ریسہٕ چِھ مقصدٕ خٲطرٕ بناونہٕ آمٕتہِ سڈكہِ ڈلِتھ  سنگل لیپ ٹریکس خصوُصن اكِس كٗنٗس گِییر وٲلِس سایكلس پیٹھ ۔ 
4811,تاہم، آرلین سۭتۍ وابستہٕ زیادٕ تر موسم واتہ  مرکز کھوتہٕ واریاہ برونٛہہ۔
4812,امیوٗک سٹڈیو کمپلیکس چھٗ پی این جی بِلڈِنگ  ،برگوس سٹریٹ كارڈورس پیٹھ واقع ۔ 
4813,شٲہی پادرٮ۪و گٮ۪وۍ مقابلہٕ کرن والٮ۪ن ہٕنٛدٮ۪ن تیرن تہٕ کمانن پٮ۪ٹھ مٲتھٕر۔
4814,رونالڈون کوٚڑ پنٛنہ پیشورانہٕ زندگی ہنٛد آغاز 18 وہر وٲنٛسہ منٛز پرتگالس سۭتۍ ۔
4815,اویکتا، بلوکان، جرنل آف ہل ریسرچ، خبر کھاگج، پانڈا، تہٕ سکم ساینس سوسایٹی نیوز لیٹر چھ دیگر رجسٹرڈ اشاعتن منز شٲمل۔
4816,پوٗرٕ ملکس منٛز گوٚو بٔڑس پیمانس پیٹھ نۄقصان تہٕ واریاہ سڑکہٕ گٔیہ پسہ ؤستھ ینہٕ سۭتۍ بنٛد ۔
4817,اویاما ڈوجو پیٹھٕہ ترٛے کراٹے لڑاکہٕ گیہِ  تھائی لینڈ کس لٗمپِینی باکسنگ سٹیڈیمس منٛز تہٕ لڑٗكھ ترین موئے تھائی لڑاکن خلاف۔
4818,یہ حالت ہیٚکہ کٮ۪نٛہن نفرن خٲطرٕ موتک یا مستقل معذوری ہنٛد بٲعث بٔنتھ۔
4819,ماے سِٹریٹ - ماے سِٹریٹ چھِ  خٲلِص پلے سٹیشنس پیٹھ جٲری  کرنہٕ آمٕژ اکھ پارٹی ویڈیو گیم  ۔
4820,"کرشنا سٕنٛز وضاحت کرن واجیٚنۍ دٔلیٖلہٕ چھےٚ خبر دِوان زِ سُہ اوس کُنہِ ساتہٕ کُشتی ہِنٛدین میچن منٛز آوُر روزان ییٚتہِ سُہ کۄٹھِس سینس سۭتۍ ٹاس دِوان، کلَس مُش دِوان، مَس تُلُن، تہٕ گلا دِوان۔
"
4821,سداورمن پراکرما پانڈیا سندِ پیٹھہٕ  تمہِ  سٕنٛدین جانشینن تام کٔر پانڈیا بادشاہو تینکاسی پنٕنہِ رازدٲنہِ بنٲوِتھ حکوُمت ۔
4822,"لینسنگ، لووا: لینسنگ چھُ امریکہ کِس لووا ہُک اکھ شہر۔
"
4823,چکتن قلعہ، یتھ چکتن کھر تہِ ونان چھِ ، چھٗ لداخ، ہندوستانس منز کرگِل ضلعہٕ کِس چکتن گامُک اکھ قٕلعہٕ۔
4824,ییٚمہِ کھیلُک مقصد چُھ مُخٲلِف سٕنٛدِ کۄٹھِہِ  ہیوٚر جِسمُک کانٛہہ تہِ حِصہٕ پٔتھرِس پیٚٹھ والُن ۔
4825,گریڈی چھ امریکی ریاست آرکنساسک اکھ شہر۔
4826,بجن زنانن منٛز چھ نوجوان زنانن ہنٛدس مقابلس منٛز سسٹوسیل زیادٕ آسان ۔
4827,میٹاکرٹکس پیٹھ چھ کھیلس 100 منز اوسط سکور 94 ۔
4828,یِہ چھ باسان زِ محنت تسلیم نہ کرنک یہ عمل چھ ہیرٕ پیٹھ بون تام یوان تہٕ کمپنی منٛز چھ زیادٕ تر رہنما یِتھی۔
4829,امیُک وجہ ہیکہِ پونسکس طاقتس منز تبدیلی قرار دِتھ۔
4830,یہِ ٲس ساسہٕ بٔدین  آباد کارن خٲطرٕ مغربس تام  نقل و حملٕچ اکھ اہم  وتھ ۔
4831,یہٕ چھ آبس منز گلتھ اکھ تیزنیلہِ  رنگہٕ آب بناوان۔
4832,أمۍ کوٚر  مسافر فلمہ منز سمیرا ریڈی، آدتیہ پنٛچولی، سنجے دت، تہٕ کوینا مِتراہس سۭتۍ رلِتھ مجاز اداکٲری سۭتۍ سِلور سکرین روشن۔
4833,یہِ چھٗ ژو٘دٲہِمہِ ترمیم کہِ كرِمٕتہِ  عملہٕ ذٔریعہٕ کرنہٕ آمٗت ۔
4834,فلمہ منٛز دٗبارٕ ترمیم کرنہٕ پتہٕ، یہٕ جٲیزٕ باپتھ ریوائزنگ کمیٹی سوزنہٕ بجایہ، وٗچھ کٗمارن  پانیہ  دٗبارٕ یہِ فِلم تہٕ دِژن اتھ یو/اے سرٹفکیٹ۔
4835,"جے دیپ اہلاوتَن کوٚر أکِس انٹرویوَس منٛز انکشاف زِ سُہ کرِ فلمہِ منٛز ""فقط منفی کِردار"" ادا۔
"
4836,یِمَو مَنٛز چھِ زیادٕ تر استعمال کرنہٕ خٲطرٕ مُفت یا سستہٕ یا کم سے کم  آزماونہٕ باپت وقت پیش كران ۔ 
4837,"ین ہیکہ نہٕ یانگس پیٹھ غالب 
 سپدِتھ نتہٕ وۄتھِ انتشار ۔"
4838,یوتتھ تام زِ ڈچ شٲہی خاندانٕک زیادٕہ تر ارکان چِھ ایلوچٹون ۔
4839,فٲیدٕ آو نہٕ کیٚنٛہہ ییٚلہِ دِفاع ہن  بییہ حٲصِل كٕر ۔ 
4840,بر٘گ رِگٗك  مطلب چھُ سمندری جہازس  ٲسہِ زٕ مستول تہٕ ٲسِس ژو٘ كونجل پتوار ۔ 
4841,گاڑِ لونن باپت تہ پز تۄہہ (تہٕ تہنٛدس بٲژس) پنٛنس مقٲمی بنٛک یا کریڈٹ یونین کس مٲلی افسرس سۭتۍ کتھ کرٕنۍ۔
4842,کانٛہہ تہ ثبوت چھنہٕ یہ ظٲہر کران ز باقٲعدٕ الرجی ٹیسٹنگ ہنٛد نتیجس منٛز چھ کنہ مسلک شناخت گژھان رڈیمژِ  خارشہ  سۭتۍ دوچار لکن راحت میلان۔
4843,بنگلورس منٛز ٲخٕری ٹیسٹس منٛز ٹیمو 0–0 چہ برتری حٲصل کرنہٕ ٲس نہٕ کانٛہہ پریہ دلیل۔
4844,ہیک چھ شمٲلی فرانس کس نارڈس منٛز اکھ قوم ۔
4845,الگ آسنہٕ تہٕ خوبصوُرت نظارو کِنیۍ  اوس لكشدیپ  1974 پیٹھہٕ  گۄڈَے ہندوتانین ہندِ باپت اكھ سیاحتی دِلكشی ہٗند مقام ۔ امہِ سٕتۍ چھٗ وارِیاہ مٲلِیہ حاصِل سپدان ،ییمہِ كہِ ہُرنک اِمكان چھٗ ۔ ۔ 
4846,"برہمانٛڈ پُرانس منٛز چھ ونٛنہٕ آمُت زِ ""ژور کنو کَرَن 45 ؤرِین  زمینس پٮ۪ٹھ حکوٗمت ؛ پتہٕ گژِھہ یہِ بیٚیہ آندھراہن نِش"" ۔"
4847,واریہن پیوریٹنو وٗچھ قٲئم  اینگلیکن چرچٗک روایتی سال، یتھہٕ کٔنہِ زن آل سینٹس ڈے تہٕ ایسٹر، بطور مکرر تکیازِ انجیل مٗقدص چھنہٕ امِیوٗك ذِكر كران ۔
4848,خیال چھ یوان کرنہٕ ز دریاون چھ بسکین چینک آب فراہم کوٚرمت، تہٕ بھیملی کس بٹھس پیٹھ اوس أمۍ سمنٛدری تجارت سہل بنوومت۔
4849,یہِ جیٖل چھُ علاقَس منز آبپاشی ہُنٛد ذریعہ۔
4850,26  وہرۍ مادہ  ہستنی، ییٚمۍ سُند ناو سابو چھ،  چھےٚ سوئٹزرلینڈ کس زرکس نی پیٹھٕ۔
4851,ڈویلز ٲسۍ زٔمین تہٕ باقٕے جادادن ہٕنٛز حٮ۪فاظت یا یمن پٮ۪ٹھ قبضہٕ کرنہٕ خاطرٕ استعمال یوان کرنہٕ۔
4852,ییٚلہ سہ ژوٗر وہر اوس تٔمس ژھیوٚن اوٚنٛگجہ ہنٛد حصہ لٔکر ژٹان ژٹان۔
4853,یہ دۄہ چھ بلاشک ریتک دہم دۄہ، حالانٛکہ کینٛہہ اسلامی سکالر چھ مختلف لفظہ آگر پیش کران۔
4854,"یِتھ کٔنہِ زَن پیٹھٕ ذِکِر کرنہٕ آمُت چھُ، پنٛنہِ چِٹھہِ پیشہ ورانہٕ طریقہ ترتیب دِنہٕ سۭتۍ ہیٚکہِ تُہٕنٛز شِکایت رٹنس پیٹھ مثبت اثر پیتھ۔
"
4855,اگر تہۍ اکہ کھۄتہٕ زیٛادٕ دکانن منٛز گژھان چھوٕ، تیٚلہ کٔرو تہۍ دکان حسابہٕ ترتیب، تہٕ پتہٕ گٔلی حسابہٕ۔
4856,تٲریخی طور  چھ دۄگنہٕ تشخیص وٲلۍ زیادٕ تر افرادو یا تہٕ پنٛنیٚن بیمارن منٛز صرف أکس خٲطرٕ علاج حٲصل کوٚرمت یا تمن اوس نہٕ کانٛہہ تہ علاج حٲصل کوٚرمت۔
4857, ادھم خان ، یُس ونہ زندے اوس، تسندموت یقینی بناونہٕ خٲطرٕ دیُت   اکبرن بییہٕ اکہِ لٹہٕ کَھکھٕر دِتھ آگنَس منٛز دٲرِتھ۔
4858,بطور بالغ، خانٛدرٕ یا بیٚیہ کنہ موقعہٕ خٲطرٕ پونٛسہٕ ڈٲلہِ  وِزِ کٔریو زیٛادٕ دِنس پیٹھ غور تاكہِ امہِ سٕتہِ پییہِ پزی كان٘ہہ اشر ۔
4859,گونٛڈی چھےٚ دویِم سارِوٕیہ  کھۄتہٕ بٔڑآدِوٲسِین  ہِنٛز زَبان، یۄسہٕ رِیاستس منٛز 11 لَچھ گونٛڈ بولان چھِ۔
4860,"والمارٹَس چھِ ٹویٹر، فیس بُک، تہٕ انسٹاگرامس پیٹھ بٔڑِس پیمانَس پیٹھ موجودٕگی، تہٕ کمپنی ہٕنٛدۍ نمایندٕ چھِ اکثر وُچھان تہٕ جواب دِوان ییٚلہِ تُہۍ پوسٹَس منٛز والمارٹُک ناو ٹیگ کران چھِو۔
"
4861,امہِ سۭتہِ  چھُ یہِ خیال مضبوٗط گژھان زِ امہِ وقتہٕ گنٛدٕنہٕ یِنہٕ واجٮ۪نہِ  کھیلہِ  مَنٛز اوس نہٕ  بالہِ كِك كڈٕنہِ ضروٗری ۔
4862,"ڈی ایس: (سوالن ہنٛدِس  فہرستس كٗن وٗچھان ) ""دنیاہس منز  عظیم ترین زنانہٕ ""ہِیوٗ  سوال کیا ہاوِ تۄہہِ ؟"
4863,امیک مرکز چھ میمفس ، ٹینیسی ، امریکہس منٛز ۔
4864,تمہِ كٕرِ دویمِس راؤنڈَس منٛز 23 پوینٹ حٲصِل تہٕ ٲخٕری راؤنڈَس منٛز كٕرِ تمہِ  پَننِس سکورَس منٛز 24 پوینٹ شٲمِل۔
4865,یہ سٹور گوٚو 2001 منٛز دیوالیہ ، مگر امہ پتہٕ گوٚو واپس واپس ۔
4866,"پنٛنہِ بولہِ ہُنٛد حال تہٕ پنٛنین حریف بولِین ہُنٛد حال چیک کرنہٕ خٲطرٕ روٗزِو باقٲعِدگی سان آن لایِن نیلٲمی وچھان۔ 
"
4867,"یہِ بوٗزِتھ ترٲو تٔمہِ پنٕنہِ خۄدکُشی ہِنٛز کوٗشِش۔
"
4868,بر٘وٹ اوس کینیڈا کہ نیشنل اکیڈمی آرکسٹرا ہُک بٲنی تہٕ فنی ہدایتكار ۔
4869,"امہ سۭتۍ مِیوٗل تٔمِس کیر اثرس پیٹھ تحقیقس منٛز حصہٕ نِنُک اجازت۔
"
4870,گاگاکو آلاتن منٛز چھ ہوہٕکۍ آلات، تار وٲلۍ آلات تہٕ پرکرشن آلات شٲمل۔
4871,"پچمڑھی یَس نزدیٖک دھوپ گڑھ چھُ نرمدا بیسنُک ساروٕے کھۄتہٕ تٔھز جاے۔
"
4872,شٲہی محلن تہٕ بازرن منٛز ٲس منفرد مٲدان یتٮ۪ن شٲہی تہٕ عام لوٗکھ کۄکرن ہنٛز لڑٲے، کٹن ہٕنٛز لڑٲے تہٕ کشتی ہنٛدۍ میچ وٕچھتھ پنن لطف تلان ٲسۍ۔
4873,بایِسکی،  بایِسکی چھُ سُوِڈَنکِس ویسٹٔربوٹن ضِلعکہِ سِکیلَفٹی نٔگٕرپالِکاہس منٛز اَکھ علاقہٕ ـ 
4874,کیرلا چھُ واریاہن عملی فنن ہند مرکز۔
4875,ٹھیٖک پٲٹھہِ  اَتھہٕ  چھلنہٕ  سۭتہِ  ہٮ۪کہِ نَہ صرف اچھن ہندین كوُنن پھیپھر كھسٗنٗك خطرٕ  رٗكاونہٕ یِتھ بلكہٕ   باقٕیہ واریٛاہ قٕسمٕن ہندین لاگن ہٗند تہِ ۔ 
4876,واریاہ لوٗکھ ٲسۍ أمۍ سٕنٛز کور نش یوان، تہٕ تم ٲسۍ ٹیٖکہٕ لگاونہٕ کہ نٔتیٖجہٕ سۭتۍ متٲثر گژھان۔
4877,"قمری-شمسی ہندو کیلنڈر کس پرٛیتھ ریتس منٛز چھ اکھ شیوراتری آسان-""شیو سٕنٛز راتھ""-نیہ زوٗنہ برٛونٛہہ دۄہ۔"
4878,"تتہِ چُھ یہِ 79 کِلومیٖٹر (49 میٖل) وَسان تہٕ چُھ تَلسٲری نزدیٖک خلیج بنٛگالس سۭتہِ رَلان۔
"
4879,یہِ چھٗ امہِ كِنہِ زِ مریض ہٮ۪کن کٗنہ تہِ وقتہٕ یِتھ ۔
4880,"بال رٹوٗنٗیہ چھٗ کھیل ختم گژھان تہٕ بال ہیکہِ نہٕ برون٘ہہ كٗن دِنہٕ یِتھ ۔ 
"
4881,"1656 ہَس منٛز، کوٚر قطب شٲہی خاندانس تحت موسا خان ناوٕک أک جرنیلن  اورنگ زیبس پٮ۪ٹھ ، یٗس گول كٗنڈاہس منز مٗحاصرس تل اوس ،حملہٕ کرنہٕ خٲطرٕ 12,000 تلواربازن پیٹھ مٗشتمل فوجِچھِ قیادت۔"
4882,1982 منٛز آو افسانوی موٹل نارٕ سۭتہِ تباہ کرنہٕ ۔
4883,داچھیگام تیلبل نالہ نظامٗك چھٗ  دۄن نٗمایاں لٲنن  پٮ۪ٹھ عمل کرنٗك  قیاس کرنہٕ یِوان  ۔
4884,یہٕ دور چھُ بُدھ مَتُک مَکتَب فَن تعمیر کِہ آغازُک علامت ماننہ یوان۔
4885,"اینگلکی گو 1971 منٛز پننہٕ والدینس سۭتۍ کولن منتقل۔

"
4886,"ڈربی اصطلاح ٲس 1922  تام امہِ قٕسمہٕ چیٚن ریسَن ہنٛد حوالہٕ دنہٕ خٲطرٕ استعمال کرنہٕ آمژ۔
"
4887,جین مراقبہ چھُ اکھ یوگا نظام یُس بودھ مكتبہٕ  برٛونٛہہ اوس ۔
4888,بہٕ اوسس تتہ تمن لٔڑکن سۭتۍ کتھ کران مگر تمن اوس ٲسس مشک یوان۔ مشک اوس تیتھ ز زنہٕ ٲسۍ تمو گنڈٕ کھیٚمٕتۍ۔
4889,امیُک فنہِ تعمیٖر چھُ اِنگلستان  کس کینیل ؤرتھ محلس پٮ۪ٹھ مبنی، ییٚمہِ کِنۍ ظٲہِرا یہ  ہندوستانُک کُنُے قلعہٕ چھُ یُس انگریزن ہٕنٛدٮ۪ن قلعن سۭتۍ مشابہت تھاوان چھُ۔
4890,انتِظامو مٗطٲبق،  روُد اورنگزیب پتھ، لڑائہٕ نِش دوُر، تہٕ ہیوتٗن  پننٮ۪ن سِپا ہ سالارن  مشورٕ ییلہٕ مۄغل فوجن  جمع گژھِتھ  1635 ہَس منٛز اورچھا ہٕچ گیرٕ بٔنٛدی شروع كٕر ۔
4891,انقلابچ اکھ اہم شخصیت بینجمن فرینکلن تہِ اوس فلاڈیلفیا پیٚٹھ۔
4892,منودھرما چھُ ناتیٲری یا پٲنۍ پانے شیٚرنُک اکھ تَصَوُر یُس کرناٹک موسیقی ہندین اَہَم پہلون منز اکھ چھُ۔
4893,"پالیتانا مندر چھِ جین مندرَن ہُنٛد بوٚڑ گروپ یُس بھاونگر ضلعہٕ، گجرات، ہندوستانَس منٛز پالیتاناہَس نزدیٖک شترنجے پہاڑَن پیٹھ واقع چھُ۔
"
4894,"تٔمۍ بنٲوۍ موسیقی ہنز شیٚہ انواع: خیال، ترانہ، نقش، گل، قل، تہٕ قلبانہ۔
"
4895,بین الاقوٲمی قانونن تحت قٲبل ذکر جنگجوہن منٛز چِھ رک روفس تہٕ ابراہم روکینی تہٕ بدر ہری شٲمل۔
4896,یتھ سۄنہٕ چینہ ؤژھ گلٹھ، تہٕ ژٕ چھکھٕ اتھ  اصلی ونان؟ بہٕ چھس نہٕ یور  نقلی زیور انٛنہ آمت ۔
4897,کیمیٲیی ترکیب چِھ یا تِہ بی اے ایس ایف  ذریعہ تیار  طریقہٕ کار استعمال کران یا ہوٚف مین- لا روچ دٕسہِ استعمال گِرگنارڈ ردِ عمل استعمال کران۔
4898,تمۍ سندس حکومتس دوران پھہلیوو چالوُکیا سلطنت بر صغیر ہِندس منز دکن کِس  زیادٕتر خطس منز ۔ 
4899,شاپل تعویزس پیٹھ قدیم شاپھ کھنتھ تحریر  اوس موت كھوتہٕ  بدتر سپدنک اِشارٕ  ۔
4900,بنگالین ہنٛدس کھینس منٛز تہٕ تہندین سمٲجی تقریبن منٛز چھٗ مٹھاین اہم مقام۔
4901,تکنیکی پالشہِ ہٗند كان٘ہہ میقدار  ہیٛکہٕ نہٕ موضوع كِس  مصنوعییتس ،  تہٕ علاج چہِ بے ایمٲنی پٗروِتھ ۔ 
4902,وادی سندھُک تہذیب اوس روپڑ ہوین شہرن سۭتۍ پنجاب کس زیادٕ تر علاقس منٛز پھہلتھ۔
4903,کاوادی تٗلن والین  چھِ كواڈی رٹنہٕ وِزِ،  تہٕ یہِ  مُرگنس پیش کرنہٕ وِزِ وسیع رسم ادا كرٕنہِ   پیوان ۔ 
4904,"روکا ڈی پاپا چھُ لازیووَس منٛز اکھ اطالوی شہر۔
"
4905,مےٚ چھ باسان ز یہ چھ پنن اکاونٹ بنٛد کرنک وقت تکیاز بینکس چھنہٕ خبر ز تہنٛدۍ گراک کم چھ۔ (کسٹمر)
4906,سُہ چُھ 2019 ہَس منٛز پنٛنس مٲلِس اکی ہیٹو سٕنٛدِ تختہٕ نش ہٹنہٕ پتہٕ کریسنتھیمم تختس پؠٹھ۔
4907,تحریٖرن منٛز درٕج کانٛہہ تہِ عٔطیٖم زَنان چھنہٕ  ملِكہ مریم الزَمانی ہِش مٗہِم جوُ تہٕ تٲجِر باسان ۔
4908,15 جنوری 2015 ہس تام چُھ جدید ترین فٔرم ویئر 6.61۔
4909,تاریخ دان نِظام الدین احمدَن (1551-1621) چھُ اطلاع دیُتمت زِ اکبر سندِس دور حکومتَس منز ٲسۍ 120 بٔڈۍ شہر تہٕ 3200 قصبہ۔
4910,واریاہ کألی ،کوٚر سہُ انگریزو بحال،1839 تہٕ 1842  دوران کٔرکھ حکومت.
4911,کین وادی چھےٚ ریوا سطح مرتفع ستنا سطح مرتفع نش الگ کران۔
4912,تامل فلم انڈسٹری چھےٚ ریاست کس مشہور ثقافتس منز اکھ اہم کردار ادا کران۔
4913,"روسِٕکۍ ٲسۍ سونچان زِ یِہ بیٚنہِ ٲس ماریا، تہٕ امریکہ ہٕکۍ ٲسۍ سونچان زِ یِہ ٲس اناستاسیا۔
"
4914,1987 منٛز نیُو تٔمۍ پرنس ایڈورڈ آف دی یونائیٹڈ کنگڈم کس چیریٹی ٹیلی ویژن سپیشل دی گرینڈ ناک آؤٹ ٹورنامنٹس منٛز حصہٕ۔
4915,نومبر 2015  تام اوس برازیل کٮ۪ن 14ہن ریاستن منٛز زیکا تپھ ظٲہر گوٚمت۔
4916,"امہِ میٖژ کہِ کُنہِ چیٖزٕ باپت زٔمیٖنٕکۍ حٔقیٖقی اثراتن درمِیان اوسط وقفہٕ آسہِ تقریٖباً 37000 ؤری۔ 
"
4917,کونیگس چھےٚ ترٛےٚ بینہٕ ، تہٕ سٲری چِھ ایتھلیٹکس منٛز مقابلہٕ کران ۔
4918,راجپوتو مٲنۍ تعمیرٲتی مَتن تِم تہنٛدِس جغرافیہ کِس بُنیادَس پیٹھ قلعن ہنٛدۍ مختلف قسمَن ہنٛز درجہٕ بندی ٲس کران۔
4919,مےٚ گوٚو حیرت ییٚلہ میانِہ بیٚنزٕ امریکہس منٛز نوکری میلیے تہٕ گٔیۍ ہندوستان پیٹھ تور۔
4920,"مٕسلک  اکھ زیادٕ شدید ظٲہِر، پِیوڈرما گینگرینوسم، چُھ تکلیٖف دِنہٕ وٲلۍ پُسٹول یا نوڈُل سۭتۍ خصوصیت تھاوان یِم السر بنان چھِ یِم وارٕ وارٕ بڑان چھِ۔
"
4921,"سری لنکایہِ منٛز انسٲنی حقوُق سری لنکایہِ منٛز انسٲنی حقوُق چھِ بٗنیٲدی حقوُق فراہم کران ۔
"
4922,امہِ نقصان کِس نٔتیجَس منز وُچھ بڈلَن  زِ اہنٛدِس سکواڈرنس پیہِ جلدی نارفولک نیوی یارڈ واپس گژھنہ باپت مجبور کرنہ۔
4923,براؤنز ٹاؤن، الینوائے براؤنزٹاؤن چُھ امریکہ کِس الینوائےیس منٛز اکھ گام ۔
4924,اجَنتا، ایلورا، تہٕ ایلیفینٹا کٮ۪و  أمہِ  سٕنٛدٮ۪و دورو كو٘رامہِ سندِس  ہِندوستٲنہِ  فنس  قدركرنس  منز ہٗریر ۔
4925,"اکہِ لٹہِ ییٚلہِ تۄہہِ فرنیچر تہٕ بٔڈۍ چیٖز میلن، تِم کٔرِو لوڈ تہٕ لۄکٕٹۍ چیٖز ژھانٛڑِو - فرنیچر، سامان، پلو بیترِ۔
"
4926,"کانوینٹک زٔمین ٲس کوسیمو میڈیسی ین پادرٮ۪ن دیتمت۔
"
4927,ایڈورڈ تہٕ بیلا چھ جلدٕیہ  برازیلی ساحلس پٮ۪ٹھ پننہِ ہنی موُنہٕ باپت گژھان ۔
4928,دو٘یو٘ وۄمیدوارو کوٚر 28 اکتوبر دوہ  بییہِ  اکھ أکِس سٗند مقابلہٕ، یتھ منٛز بولسونیرو ہن  انخاب  زِیوٗن۔
4929,"یاچِنگ ایسوسیشن آف انڈیا چھِ ہندوستانَس منٛز كشتی رانی ، ونڈ سرفنگ تہٕ موٹر بوٹنگ باپتھ انتظٲمی ادارٕ ۔
"
4930,یہِ حالت چھنہٕ پیدائشی تہٕ چھے٘ کینژن ریتن دوران تیار گژھان تِکیاز لیکریمل گلینڈ  چھِ اوٚش پٲدٕ کرنس منٛز ناکام گژھان ۔
4931,امہ برٛونٛہہ اوس تِمن چیلسی لیڈیز فٗٹ بال کلب ناو دِنہٕ آمٗت ۔
4932,یہ البم آو 2009  ایم ٹی وی ویڈیو میوزک ایوارڈو پتہٕ بناونہٕ۔
4933,میسنَن ووٚن زِ أمۍ گُزور واریٛاہ رُت وقت لندن نایٹَن باپت گِنٛدنَس منٛز، مگر اَمہِ باوجود چھُ أمِس یقین زِ أمۍ سُنٛد مُستقبل چھُ اصل کچنر رینجرَن باپت گِنٛدنَس منٛز۔
4934,سہ چھ راکوٹن انکارپوریشنک بانی ، چیئرمین تہٕ سی ای او ۔
4935,1 جولایی سوز شہرٕکیو اہلکارو پولیس مظٲہرین کڑنہٕ خٲطرٕ۔
4936,ہندوستٲنۍ حکومتس میوٗل عالمگیر وباہس دوران پورٕ دنیاہس منز واریاہن سربراہن ہنٛد غیر معمولی حمایت۔
4937,سُہ چھٗ اپٹاون  شِکاگو کس  گریس لینڈ قبرستانس منٛز دفن۔
4938,  1885تہٕ 1677 ہس درمیان اوس اتھ علاقس پٮ۪ٹھ واریاہ ملکن لڑان۔
4939,آرتھوگرافی: آرتھوگرافی گو٘ خاص زبان لیکھنہٕ خٲطرٕ باضٲبطہٕ  یا صحیح طریقہٕ ۔ 
4940,یم ڈایگرام چھ نہٕ تم تصویر یا نقشہٕ تم ونن ز تارک کتٮ۪ن چھ۔
4941,معافی ہُند مسلہٕ آو دوبارہ برونٹھ کُن  ییٚلہ  2016  منز پرنس ولیم تہ کیٹ مڈلٹن   ہندوستانٕکۍ دورَس پیٹھ آیے  ییٚلہِ یمو دۄشوٕیو کوٚر  یاد گار جایہ نہ گژھنک فیصلہ۔
4942,آوٹلک ڈاٹ کام-آوٹ لک ڈاٹ کام چُھ اکھ مفت آن لاین ای میل، ایڈریس بُک تہٕ کیلنڈر۔
4943,تٔمہِ گیوٗند  1987 پیٹھٕہ 1994تھس  تام فرانس کہ قومی ٹیٖم خٲطرٕ تہِ ۔
4944,مثلن، تہۍ ہیٚکو 2 یا تمہٕ کھوتہٕ زیادٕ لوکن خٲطرٕ آرام دہ گرٕ انتخابہٕ خٲطرٕ اکھ معیٲری 40 فٹ (6.1 میٹر) شپنگ کنٹینر ژٲرتھ۔
4945,زیادٕ  عام طور ،  چھنہٕ فعال ٹریکوما وٲلہِ شٗرِ کانٛہہ علامت  ظٲہر کران، تکیاز کم درجٕچ جلن تہٕ اوکولر خٲرِج گژھٗن چھِ بس موموُل قبوُل  كرنہٕ یوان ، مگر مزید علامتن منز ہیكہِ :
4946,"سہ اوس 1963 پٮ۪ٹھ 1965ٹھس تام پاکستانک قٲیم مقام صدٕر تہ۔
"
4947,گنڈامانہ پیٹھٕ میُول ویرکودرس وونگکل بینر سٕنٛز تعلیم، تہٕ بانڈونگ بنڈاواسا سٕنٛز تعلیم۔
4948,لکشمی ہنزِ خٗشی ہٗند روُد نہٕ ٛحدٕے  ییٚلہ تٔمہ پنٗن  ٹیم  اکھ نوٚو رکارڈ قٲیم کران وٗچھ ۔
4949,ریاستس منٛز آیہ 2001 چہ مردم شمأری تہٕ 2011 چہ مردم شمأری درمیان آبٲدی منٛز کٔمی وُچھنہ، یۄسہ مردم شمأری منٛز آبٲدی منٛز کٔمی ظٲہر کرن واجیٚنۍ کنۍ ریاست چھےٚ۔
4950,ڈبلزَس منٛز زیوٗن أمہ زو یولنگس سۭتۍ چٲندۍ ۔
4951,1803 منٛز آگرہَس پیٹھ قبضہٕ کرنہٕ پتہٕ کوٚر ایسٹ انڈیا کمپنی یَتہِ اکھ انتِظٲمی مرکز قائم تہٕ یہِ رود 1850  تام قائم۔
4952,روُپ کٗنڈ چھےٚ اکھ ٹرٛٮ۪کنٛگ سایٹ، یۄسہٕ  أکس سرس  منٛز لبنہٕ ینہٕ والٮ۪ن پٗراسرار أڑِجہِ كرن٘زو  خٲطرٕ زانٛنہٕ چھےٚ یوان، تہٕ یۄس نیشنل جیوگرافک چینلہِ  ہنزِ أکس دستاویزی فلمہِِ منٛز ہٲونہٕ آیہِ ۔
4953,واریاہ جسمٲنی مسلہٕ چھ یم تکلیف دہ جنسی عملک سبب بٔنتھ یا اتھ تکلیٖف دہ ہٮ۪کن بنٲوتھ۔
4954,"منٹٕکہِ اُدے بھاٹِیاہَن کوٚر محسوُس زِ یِہ چُھ ""نا اہل تہٕ اِنتقٲمی""۔"
4955,سونیا چھےٚ پاگل تیٚلہ میلہِ نہٕ تس جایداد ۔
4956,ریاستن چھ انتظامیہ ہک احاطہٕ کرنہٕ خٲطرٕ آمدنی ہنٛد اکھ تناسب تھونک اجازت۔
4957,ورلڈ ہیلتھ آرگنائزیشن چھے٘  مُلکَن ماجہِ یا نوزٲئید ٹیٹنِس ختم کرنٕچ صند دِوان ۔
4958,تامِل ناڈوٗوس منٛز چُھ کارتِھکا دیٖپَم مَناونہٕ یِوان ییٚلہِ پُرنِما کِرِتِکا نکشَترٛہس سٕتہِ مُطٲبِقت تھاوان چھِ ۔
4959,سہ چھ ٹینیسی ہک 50 ہم تہٕ موجودٕ گورنر۔
4960,نومبر 2000 منٛز آیہٕ ترٛےٚ نٔوِ ریاستہٕ بناونہٕ، یعنی:
4961,جرمنی ینہٕ وٲلۍ زیٛادٕ تر لوٗکھ چھ ترکی پؠٹھٕ۔
4962,ممبئی مضافاتی ریلوے کِس سینٹرل لاینہ  پیٹھ چھُ کنجورمارگ  سرُک ساروِی کھوتہٕ نزدیک ریلوے سٹیشن۔
4963,"اور ٹایمس سٕتہِ ٹھیخھ پٲٹھہِ وٲقف پینگوئن،، مۄكلاوِ  صرف 1:19 اوور ٹایمس منٛز  کھیل  ۔
"
4964,سوٗ اوس ایٖسٹ ہرلی٘م، مین ہٹن، نیوُ یارک سٹی منٛز زامٗت۔
4965,مےٚ ترٲو میگی مٔلۍ انٕنۍ یہ بوزنہٕ پتہٕ ز امہ سۭتۍ ہیٚکہ سٲنس صحتس پیٹھ مضر اثر پیتھ۔
4966,یہِ سیریز بَنییہِ درجہٕ بندی ہِنٛز کامیٲبی تہٕ یہِ اوس کینٛہَس کالَس خٲطرٕ بی بی سی 2 ہَس پیٹھ موریکیمبے تہٕ وایِزَس پتہٕ دویِم ساروِی کھۄتہٕ زِیادٕ مقبول شو۔
4967,1904 س منٛز کوٚر ایمریكہ کٮ۪و ژورَو پٗلرو تہٕ جرمنی ہندِ  أکہِ  پُلرن أکِس مخلوٗط ٹیٖمس منٛز اِکہٕ وٹہٕ مقابلہٕ ییٚمہِ  ترٛیٚیِم پوزیشن حٲصِل کٔر۔
4968,أمس چھ ضروری وۄنۍ پنٛنیٚن جڑن کن واپس ینۍ تہٕ ژھانٛڑٕنۍ ز أمۍ سٕنٛز زندگی کس چھ تباہ کران تہٕ امہ پتہٕ مقصد کیا چھ۔
4969,"ایچ بی ایف انڈکشن چُھ فیٹل گلوبن جین ٹرانسکرپشن دوبارٕ فعال کرنٕچ کوشش۔
"
4970,کشور کمار زاو کھنڈوا، وسطی صوبہٕ (وۄنۍ مدھیہ پردیشس منٛز) أکس بنگٲلہ برہمن گنگولی خانٛدانس منٛز ابھاس کمار گنگولی سنٛد ناوٕ سۭتۍ۔
4971,انفرٲدی کورِ یِم اَمِہ قٕسمٕچ خدمت فراہم کران چھے٘ تِمن چِھ کال گٕرلٕز ونٛنہٕ یوان ۔
4972,یِم چِھ نیشنل گیلری ، لندنس تہٕ باقٕیہ جاین ؤچھنہٕ یوان ۔
4973,کلکوٗلیٹرَس منٛز کٔرِیو مُتعلقہٕ اعداد و شمار درج، حساب بٹنَس پٮ۪ٹھ کٔرِیو کلک، تہٕ تُہٕنٛز مٗتوٲتِر ادائیگی یِیہِ دِنہٕ۔۔
4974,"سلیکوسس کس نتیجس منز گیہ  عالمی سطحس پیٹھ  2013 ہس منز  کم از کم 43,000 اموات، یِم 1990 كیو50,000 موتو٘ كھوتہٕ کم ٲسہِ ۔ "
4975,سٹانیلاسس چھ ساروی کھۄتہٕ زیادٕ باوقار تہٕ ممتاز فرانسیسی سکولو منزٕ اکھ ماننہٕ یوان ۔
4976,1799 منز آو یہ پولیگر جنگن دوران برطانوی ایسٹ انڈیا کمپنی تحت۔
4977,گوولِنگ ڈبلیو ایل جی چھٗ نزدیک مستقبلس منٛز جرمنی تہٕ مشرقی ایشیاہس منٛز پر٘تھنٗك  منصوبہٕ تھاوان ۔
4978,سکول چہ لایبریری  ہنز حالت چھےٚ خوفناک؛ یہ چھےٚ سیٹہاہ غٲر منظم تہٕ گندہ۔
4979,"بانڈائی انٹرٹینمنٹَن دِژ مانگا ہَس لاسَن تہٕ کٕرن یہِ شُمٲلی امریکہَ ہس منٛز انگریزی یس منٛز جٲری۔
"
4980,خبردار روٗزِو زِ سالانہٕ وظیفہٕ مولہِ ہینس سٕتہِ آسہِ  عموٗمَن برٛونٛہہ كٗن یِنہٕ واجینہِ لاگتھ شٲمَل ۔ 
4981,عام طور  چِھ ہیندِ دیومالہ ، رضمیہ  تہٕ افسانوی ڈراما بطور موضوعات ژارنہٕ یوان  ۔
4982,اڈوکی ڈیم چِھ کیرالہ ہُک ساروی کھوتہٕ بوٚڑ ہائیڈرو الیکٹرک پروجیکٹ تہٕ چھ پیریارس پیٹھ واقع۔
4983,تٔمِس آیہِ  نیشنل آرڈر آف دی لیجن آف آنر دِتھ یزتھ افضٲیی كرنہٕ ۔۔
4984,بہٕ چھس ینہٕ والِہ رلنٕچ تہٕ حٲصل کرنٕچ سرگرمی مٖتعلق اضطرابک احساس محسوس کران ز یہ گژھہٕ نہٕ آرام سان۔
4985,اکہ ہارمون لیپٹنٕچ کم سطح چھ ویٚچھس سۭتۍ وابستہٕ۔
4986,ساینسدانو وچھ ز یم لوٗکھ بحیرہ رومک غذا کھٮ۪وان چھ تمن منٛز چھ اضطراب تہٕ افسردگی کم آسان۔
4987,ڈولر سٹور اكھ ڈولر سٹور چھٗ اكہِ قٕسمٗك دٗكان یٗس شٗمٲلی ایمریكاہس منز مقبوُل چھٗ ۔ 
4988,یہٕ چھ نہٕ اکثر امریکہس منٛز لبنہٕ یوان ۔
4989,تاہم تمۍ سٕنٛز آواز بوزنہٕ پتہٕ دیوٗت چودھری ین أمس چھوٹا سا گھر ہوگا بٲتھ، یس ہیمنت کمار گیوُن اوس۔
4990,تو٘ہہِ  ہیٚکِو یہِ فیچر تِم سایٹہٕ سیو٘ كرنہٕ  خٲطرٕ تہِ استعمال کٔرِتھ یِم ترغیب ، کُنہِ مخصوٗص چیٖزَس مُتعلِق اصل مولوُمات ، یا یِنہٕ واجِنین سیلن ہٗند اشتہار.
4991,میتھوٹریکسیٹ  ثبوُت چھِنہٕ السرٹیو کولائٹس وٲلین لوُکن منٛز كمی  پٲدٕ کرنس منٛز کانٛہہ فأئدٕ ظٲہر کران۔
4992,یہ چھ قۄدرتی لوگرتھمٕچ بٗنیاد تہٕ چھٗ تقریبا 2.71828 ۔
4993,زومبی بینک-اکھ زومبی بینک چُھ زومبی کمپنی ہنٛد اکھ خاص معاملہ۔
4994,سی بی ایس پروگرامَن چَلو ژٔنٛدٕروارِ دۄہ فلوریڈا تھیم پارک والٹ ڈِزنی ورلڈَس منٛز ٹائیگرٕکِہ واقعس مُتعلِق اکھ حِصہٕ، یَتھ پیٹھ پتہٕ کمپنی ہٕنٛدۍ أکۍ بلاگَن تَنقید کوٚر۔
4995,یمن کوڈن ہنٛد اکھ اہم استعمال چھٗ سامان کین  ٹیگن پٮ۪ٹھ ۔
4996,كتھ كرنہٕ  تہٕ زبانہِ ہنٛز تھیراپی چھ كتھ كرنس منز خرٲبی والین لوُكن  خاطرٕ موزوں : ڈیسآرتھریا تہٕ بولنٗك  اپراکسیا، افاسیا، علمی-مواصلاتی خرابی ، تہٕ نیگلنس منٛز دٗشوٲری ۔
4997,جان چھٗ اكھ شرٲبہِ چیتھ ،  ، مگر سٗہ چھٗ انمانس سۭتِہ گژھان ۔
4998,اولمپکسس منٛز ملیشیا اوس گۄڈنچہ لٹہ 1956 منٛز اولمپک کھیلن منٛز۔
4999,"تٔمۍ تھٲو 2002 ہس تام سی پی سی پولٹ بیورو سٹینڈنگ کمیٹی منٛز پنٕنۍ سیٹ برقرار۔
"
5000,جنوری 2019 ہس منٛز لگٲوۍ ریاستس منٛز 1 ملین رضاکارو نرمدا دٔریاوس سۭتۍ 12ہن گٲنٹن منٛز 66 ملین کُلۍ ۔
5001,جنوبی ریاستن منٛز چھ اتھہِ دۄہس سری پنچمی وننہٕ یوان۔
5002, بال چھِ حدوُدو٘ نیبر اگر  باؤنٛڈری لانہِ سٕتہِ لٕگہِ ، یا  کٲنٛسہِ کھلٲڑِس یا چیٖزَس لگہِ یہِ  حدٕ نٮ۪بَر آسہِ۔
5003,اکہ حصک قۭمت ہیٚکہ واریاہن مختلف چیزن پیٹھ مبنی أستھ۔
5004,اشوکس متعلق چھِ معلومات تہنٛدیو پٹو نِشہ میلان؛ باقی پٹہٕ یِمَن منٛز تسُند ذکر چھُ یا چھِ ممکنہٕ پٲٹھۍ تسند دور حکومتکۍتہٕ قدیم ادب، خاص طور  بدھ متٕکۍ متن۔
5005,یہ چھ لگ بگ نٮ۪صف زوٗنہِ تام واتان۔
5006,یہ چھ نظریہ ز یونٲنۍ پیش قدمی سپز عارضی طور مشرقی ہندوستانس منز شونگا رازدٲنۍ پاٹلی پترس (از پٹنہ) تام ۔
5007,یہ تنظیم چھےٚ آیرش موسیقی تہٕ رقصس تہٕ آیرش زبٲنۍ تہ فروغ دوان۔
5008,کوری یس پؠٹھ چھ زٲنتھ مٲنتھ جیریمی قتٕل کرنک الزام، مگر سہ چھ قتل عام نش بٔری کرنہٕ آمت۔
5009,ڈومینیکن ریپبلکس منٛز تہٕ چِھ مخالف لۄکٕٹہِ گرٖپ موجود۔
5010,"اَتھ چِھ ہوہَس منٛز  پكن  والہِ ہٕندِ مادٕچ سارویہِ تھٕز سطح ،  پی ایم 2.5، یُس صحتہٕ خٲطرٕ سیٹھاہ نۄقصان دہ ماننہٕ یوان  چُھ ، یَتھ منٛز 153 مایکروگرام چھِ ۔
"
5011,بہٕ چھس سیٹھاہ مایوس  زِ  میون مول موج ہمیشہٕ میانِہ زندگی ہند پریتھ کانٛہہ پہلو قابو کرنچ کوشش چھ کران۔ یِہ چُھنہٕ جان۔ 
5012,"سیکٹرل ہیٹروکرومیا ہیٚکہِ أکِس یا دۄشوٕنی أچھن متٲثر کٔرِتھ۔
"
5013,"ہندوستانٕ چہِ پوشو٘ ورٲیہ سبز كٗلین ہنزِ وكھرگی منز 1,022 زٲژ شٲمِل یِمَو منٛز تامل ناڈوَس منٛز  لَگ بَگ 184 قسٕم چھِ  ۔
"
5014,"وٲج بناوَن وٲلِس تہٕ یہِ لاگَن وٲلِس چھِ شدیٖد رسٕم پوُرٕ كرٕنہِ  پیٚوان۔
"
5015,پابندی  نافذ کرن والین ایجنٹن اوس  کم تنخواہ ادا كرنٕ یوان تہٕ اوسُكھ آسٲنی سان كو٘ژھ دنہٕ یوان ۔
5016,18 مہِ صدی کِس شروعاتس تام اوس مغل ہندوستٲنی پَلو برصغیر پاک و ہند، جنوٗب مشرقی ایشیا، یورپ، امریکہ، افریقہ تہٕ وسطی مشرق کٮ۪ن لوکَن ہُند پۄشاک۔
5017,"لیوکوس نہ مطٲبق چھ یہ واقعہ  ظٲہر کران ز کتھ کٔنۍ چھےٚ ""بادشاہ مہابلی سٕنٛز ثقٲفتی شخصیت، یتھ ہیٚنٛدۍ، روادار تہٕ شمولیتی ماننہٕ چھ یوان"" بطور ""خاص ہیٚنٛدۍ""۔"
5018,"ساروی کھوتہٕ زیادٕ عام چِھ سولو شکلہٕ یم اکسی طالبہٕ علم سنٛد ذریعہٕ چِھ انجام دنہٕ یوان۔
"
5019,تۄہہ دٲریو انشورنس کمپٔنی  % 6 دستبردٲری ہٗند رقم ۔ 
5020,یتھ کٔنۍ ستمبرس منٛز ہندوستان مزید ٹھنڈِ چُھ گژھان، جنوب مغربی مون سون چُھ کمزور گژھان۔
5021,تم چھ یورپی ملکو منٛز نٮ۪بر کڑنہٕ آمٕتۍ، مگر دوبارٕ لاگ چھ باقاعدٕگی سان گژھان۔
5022,"مئی 2019ہس منٛز آو  سورین سنس  پنکریٹک کینسر وٗچھنہٕ ۔

"
5023,2007 کس ورلڈ وائڈ فنڈ فار نیچر (ڈبلیو ڈبلیو ایف) کس رپوٹس منٛز چھ وننہٕ آمت ز دریائے سندھ ہیکہ امی وجہ سۭتۍ ہوٚکھِتھ۔
5024,سٹوڈیو تھری چُھ واریاہ لۄکُٹ، تہٕ یہٕ چُھ سولوست تہٕ جوڑی خٲطرٕہ مقصود۔
5025,ببن ہندِس سرتان كِس  تفصیٖلَس منٛز آسَن درجہ بندی ہٕنٛدِین   تِمَن تمام پہلوٗوَن سۭتہِ  سۭتہِ  باقی نٔتجہِ تہِ شٲمِل، یِتھ کٔنہِ زن  جسمٲنی مٗعاینس  منز  لَبنہٕ یِنہٕ وٲجِنہِ  علامژٕ ۔
5026,"یہِ چھُ انٹرنیشنل فلور بال فیڈریشن کین  مِمبر ملکَن ہٗند  فہرست۔
"
5027,1999 منٛز، آیہٕ 5 گھنٹن تام بڑاونہٕ۔
5028,ساوے چھ سویڈن چہِ واسترا گوٹالینڈ کاؤنٹی منٛز گوٹبرگ بلدیہ یُک اکھ علاقہٕ۔
5029,"یِمَن معاملَن منٛز چھِ 2010 ہُک کالنگ سلیشنگ، ڈیکسمون چوا یزی سُنٛد قتل، تہٕ کوئی یاجی قتل کیس شٲمِل۔
"
5030,شُمٲلی کوئل دریاو تہٕ اَمیِک معاون نالہٕ چھِ پارکہِ ہِنٛدِ شُمٲلی حِصہِ کِنۍ پکان، ییٚمہِ سۭتۍ گاسہٕ میدان  وۄپدان چھِ۔
5031,پنجابٕچ بھنگڑا موسیقی چھےٚ سٲرۍسٕے دنیاہس منز مشہور۔
5032,چھتس پیٹھ چھ پرٛیتھ جایہ کھاد تہٕ کیمو سۭتۍ بد بو یوان۔
5033,"املاس گزریوو 66 وہر 13 مارٕچ 2020  ٹالِنس منٛز۔
"
5034,"اَکشرا گوڑا ( بیٚنٛگلور، کرناٹکَس منٛز زامٕژ ہرینی گوڑا) چھےٚ اَکھ ہِنٛدوستٲنہِ اداکارہ ییٚمہِ ہِنٛدی، تامِل تہٕ کنٛنڑ فِلمن منٛز کٲم چھےٚ کٔرمٕژ۔
"
5035,تمہِ زیوُن 2008 سمر اولمپکس تہٕ 2012  سمر اولمپکسس منٛز لو٘یوٗو  تمغہٕ۔
5036,انٹرنیٹ ایکسپلورر 1 نن کوٚر 16 اگست 1995  پنٗن آغاز ۔
5037,سبکدوش گژھنہٕ پتہٕ کوٚر تمو 2003 ہس منٛز سیریزو اوساکاہس منٛز کوچنٛگ کیریرک آغاز۔
5038,واریاہ بدامی سِکہ چھِ لبنہ آمٕتۍ یمن پیٹھ کنڑ روایتن کُن اشارہ چھِ۔
5039,اتھ منز چھ آب پٲشی وٲلۍ کوچیلا تہٕ امپیریل وادی تہِ ۔
5040,کُنِہ کمپنی منٛز سرمایہ کٲری کرنہٕ برٛونٛہہ پزِ تۄہہ تمن ہند آن لاین جٲیزٕ ہیون  یہ معلوم کرنہٕ باپت زِ کیا تم چھا سٹاک ہینہٕ لائق۔
5041,نومبر 2004 منٛز کوٚر مکیش امبانی ین أکس انٹرویوس منٛز پننس بٲیس انلس سۭتۍ ملکیت کین معاملن پیٹھ اختلاف آسنک اعتراف۔
5042,بیاکھ اکھ اختیار چُھ بچن ہنٛز دیکھ بھال پورٕ کرنہٕ خٲطرٕ پنُن شیڈول یا پننس سٲتھی سُنٛد شیڈول تبدیل کرُن۔
5043,"اگر سَوار میٚقدارس منٛز بالَس سیٚٹھا ہیور   کھسنُک اِرادٕ چُھ کَرتھوان، تیٚلہِ ہیٚکو أکِس ٹِرٛپٕل چین رِنٛگ کرٛینک سیٚٹ گِیَر سِسٹَمس ترجیٖح دِتھ ۔
 "
5044,اگر نہٕ ٹاور ہیٚکہ دشمنس رکٲوتھ، تیٚلہ چھ کھلٲڑۍ کھیل ہاران۔
5045,"میوزیم چلاون وٲلۍ لوٗکھ ٲسۍ لاس اینجلسس نزدیٖک اکھ نٔو جاے ژھاران۔
"
5046,مثالے ، اگر تٗہنٛز پسندیدٕ نائیک بوُٹنہینٛز جوُرِ بند كرنہٕ آمٕژ چھے٘ ، تو٘ہہِ  ہیٚکو نائیکی یس سۭتۍ رٲبطہٕ کٔرتھ یہ وُچھنہٕ خٲطرٕ زِ کیا تِم چھا صارفینن سیدِ سیو٘د تِمن نِشہِ مۄلہِ ہینٗك  کانٛہہ طریقہٕ فراہم کران۔
5047,مارگریٹ وِٹمین ٲس 1998 پیٹھہٕ 2008 ٹھس  تام ای بےٕ ہچ سی ای او ۔
5048,"پرٛٮ۪تھ ؤرِیہِ ٲسہِ  تِھتی (دۄہ) تہٕ سَمایا (وقت) مناونہٕ خٲطرٕ نجوُمٲتی طور ہیٚنٛدِ پٗزٲرِ  مُقرر کَران ۔
"
5049,کیلیکسکو ، کیلیفورنیا کیلیکسکو چھٗ  امپیریل کاؤنٹی، كیلیفورنِیاہس منز اكھ شہر ۔
5050,ٹیلی ٹائپ آپریٹرن کوٛر پننن درمیان کتھ باتھ کرنہٕ خاطرٕ اکھ قسمک شارٹ ہینڈ تیار ۔
5051,شیٚیمِہ صٔدِی منٛز گُپتا سَلطنَت ختم گٔژھنہٕ پَتہٕ آیِہ ہِندُوستانَس پیٹھ بیٚیہ واریَاہَن علاقٲیی سَلطنتَن ہنٛز حکوٗمَت۔ 
5052,مورتی چھ پدم وبھوشن تہٕ پدم شری اعزازو سۭتۍ تہ نوازنہٕ آمت۔
5053,"اَمہِ علاوٕ چھُ مٗطعلو ہوومٗت زِ  15 پٮ۪ٹھٕہ 44 وریہہ  وٲنٛسہِ ہندین لوٗکَن منٛز چھٗ اِنفیٚکشَنُک شرح ساروٕے زِیٛادٕ آسان۔
"
5054,اَمہِ فِلمہِ سۭتہِ  گٔیہِ سو مشہوٗر، تہٕ كورٗن  تسلیٖم زِ حالانٛکہِ أمس  اوس لۄکُٹ رول، مگر یہِ ٲس أمہِ  سٕنٛزو ساروٕیہ  کھۄتہٕ پسنٛدیٖدٕ فلمَو منٛز اکھ ۔
5055,یہ آو مسورگسکی سنز زندگی منٛز 21 لٹہ پیش کرنہٕ ۔
5056,یم جاندار چھ عمومن خاموش روزان تہٕ شکار سٕنٛدس نمایاں فٲصلس تام ینس زاگہ روزان۔
5057,"حٲدثہٕ کرن وٲلہِ ڈرٛایورَن ووٚن پُلیٖسس زِ خۄدایَن ووٚن تس یہِ  كرُن ۔
"
5058,12 اکتوٗبر 1920  کٔر امرتسر خالصہ کالج کیو طلب علمو تہٕ اُستادو قوم پرست تحریک مضبوط کرنہٕ باپت اکھ اجلاس۔
5059,"پیشوا ہَن دِیوٗت  ٲمِس 11 دسمبر 1767  اِجازت، یتھ تحت سوُبیدار ٹٗکوجی راؤ ہولکر ٲمِسٗند  فوجی سربراہ اوس ۔
"
5060,بلہاوین، شمٲلی کیرولاینا بلہاوین چھ مشرقی کیرولاینا ہَس منز اکھ شہر۔
5061,نیترا نیوز چھےٚ سویڈنس منٛز اکھ تفتیشی تہٕ عوٲمی دلچسپی ہٕنٛد صحافتچ ویب سایٹ۔
5062,رٲوِمٕتہِ چیز  کم کرنہٕ باپتھ چِھ مشورٕ ہمیشہٕ ہاونہٕ یوان، مگر یم مشورٕ تھٲیو ذہنس منٛز۔
5063,تہند سایز چھ بدلان، اوسطا 80 پیٹھہٕ 120 این ایم ایس تام ۔
5064,اَتھ مُقدس دۄہَس پٮ۪ٹھ چھِ کورِ نزدیٖکی تہٕ  عزیٖزن نِش   پلیٹَس منٛز سنٛکرانتی ہنز پیشكش ہیتھ گژھنہٕ  خٲطرٕ نٔوِ پَلو لاگان تہٕ یہِ باقین كٗمبن سٕتہِ اورٕ یور بٲگران ۔ 
5065,آپریشن سرچ لایٹ تہٕ1971 کِس  بنگلہ دیشس پٮ۪ٹھ ظٗلمہٕ پتہٕ، نیوٗو مشرقی پٲکستان كیو  لگ بگ 1 کرور بنگالیو ہمسایہِ مٗلک ہندوستانس منٛز پناہ۔
5066,سۄ ٲس  عام پٲٹھۍ سۄ حٲضری منٛز وٲحد سیاہ فام زنانہٕ ۔
5067,اطلاعو  مٗطٲبق چھ برازیلس منٛز پٔتِمٮ۪ن 24 گٲنٛٹن منٛز، بھارٕ طوُفانو٘ پتہٕ ،  یِمو سٕتہِ ربہِ پسہِ وژھٕ تہٕ روُدٕ شرانہِ لاجین کم از کم ٲٹھ نفر ہلاک سپٕدِمٕتہِ ۔ 
5068,مےٚ چھِ  واریاہ خُونی تہٕ خوفناک منظر وٗچھمٕتہِ مگر بہٕ چھُس منٛگان زِ یتھ منظر مےٚ راتھ وُچھ سہُ گژھٕٗس نہٕ بہٕ زانٛہہ تہِ بیٚیہِ وُچھُن۔
5069,"2002 منٛز بنٲو تٔمۍ پننہٕ گۄڈٕنِچ سٹیج پروڈکشن، بمبئی ڈریمز خٲطرٕ موسیقی، یُس اینڈریو لائیڈ ویبرن کمیشن کوٚر۔
"
5070,"29 اگست درٛایہ اکھ اشنکٹبندیی لہر افریقہ کہ بٹھ پٮ۪ٹھٕ۔
"
5071,امہ پتہٕ بنیوو سوٗ 1983 کس عام انتخابس منٛز رکُن پارلیمان۔
5072,"تاہم، 1977 تام اوس ڈیوس واپس جیلَس منٛز تہٕ أمۍ اوس بینک آف سائپرس کِس برانچَس منٛز أکِس مُختٔلِف مسلح ڈکیتی منز پنُن کِردار تسلیم کوٚرمُت۔
"
5073,کینٛہہ مسافر گاڑٮ۪ن  چھِ پننٮ۪ن صارفینن خٲطرٕ سفری ہاٹ سپاٹ آسان ۔
5074,"بھومیج تہٕ اورانَن منٛز چھِ دلیل یہِ زِ اَتہِ ٲسۍ سَتھ بٲے یکہ وٹہٕ روزان۔
"
5075,سُہ آو 1808ٹھس منٛز دٗبارٕ مٗنتخب کرنہٕ تہٕ بییہِ خٲرِج كرنہٕ ۔ 
5076,سنجے سنٛد مول سٗنیل دت چھٗ راکی (1981) سۭتہِ بالی وُڈس منٛز تمہِ سنزِ  پیشورانہٕ زندگی ہنٛد آغاز کرنٗک منصوبہٕ بناوان۔
5077,، دِھیان چنٛدن کوٚ ر وٗزمَلہٕ  ہیٛوٗ تیز گول۔
5078,سۄ چھےٚ سیاست دان تہٕ کارٕبٲر مائیکل بلوم برگ سٕنٛز گریلو سٲتھی ۔
5079,"بیرا چھ کالجس منٛز کھیلن ہنٛد کوچ یتھ منٛز أمۍ سنٛد لۄکٹ بوے راجویر (سورج کے شاہ) اکھ طالبہ عٔلم چھ آسان۔
"
5080,بہٕ چھس پریشان ز مےٚ چھنہٕ پورٕ سٹورس منٛز کانہہ تہ چیز پننہ جایہ میلان۔
5081,ریاستس منٛز چھ اکھ وزیر اعلی، وزراہن ہنٛز مجلس یتھ منٛز وزارتن ہنٛد پورٹ فولیو چھ آسان یس مختلف ترجیحاتن تہٕ حکوٗمت کس کردارٕ خٲطرٕ ذمہٕ دار چھ۔
5082,یہِ دۄہ چھُ دیوتا کرشنا سٕنٛز عاشق تہٕ ابدی سٲتھی دیوی رادھا سٕنٛدِ خٲطرٕ تہِ خاص ماننہٕ یِوٚان۔
5083,روٲیتی طور اۄس کُٹیاتم تھیٹرَن منٛز پیش یِوان کرنہٕ یِم خاص پٲٹھۍ ہیٚنٛدۍ منٛدرَن سۭتۍ بناونہٕ آمٕتۍ تہٕ جُوڑِتھ ٲسۍ، خاص پٲٹھۍ شِوس تہٕ پتہٕ کرشنَس وقٕف۔
5084,1453 منٛز کوٚر عثمانی سلطان محمد  فاتحن قسطنطنیہ ہس پیٹھ قبضہٕ ۔
5085,رومانیہک حکومتک عدالتی شاخ چھ دویمیو شاخو نِشہِ الگ۔
5086,"گۄڈٕنِیُک فُٹسل ورلڈ کپ اوس 1989 تَس منٛز روٹرڈیم، نیدرلینڈَس منٛز۔
"
5087,خلین ہنٛز یم لٲنہٕ چھِ اکسون دویمہ لٹہ پٲدٕ گژھنس  صحیح سمتس منٛز رہنمائی کران۔
5088,"مشرقی آرتھوڈوکس چرچس منٛز، چُھ یہٕ بِشَپس تہٕ ایبٹس خاطرٕ استعمال یوان کرنہٕ۔
"
5089,یہِ سَر چُھ 6.61 کِلومیٖٹر مربع کِس رقبَس پیٹھ وَسان، یُس پووایی کنہیری پہٲڑی سِلسِلن ہُنٛد حِصہٕ چُھ، یُس نزدیکی وِہار سر تہٕ تُلسی سرس منٛز تہِ وسان چُھ۔
5090,یمنقرضن  ہٗنٛد شرح سوُد چھ ٗعموٗمن کم  تہٕ تمن چھ کم ریتہٕ وار ادٲیگی ہنٛز ضٔروٗرت آسان۔
5091,"چیک کرنہٕ علاوٕ ہیکَن نہٕ کھلٲڑۍ بالہِ تام واتنہٕ خٲطرٕ مخالِف سٕنٛز لوٗر تُلِتھ یا کُنہِ تہِ لورِ ہٕنٛز خلاف ورزی کٔرِتھ۔
"
5092,سہ اُوس اکھ سپاہ یس عراق جنگس منٛز مارنہٕ آو ۔
5093,برہمیشور مندر چُھ بھونیشور، اڈیشہ، ہندوستانس منٛز واقعہٕ شیوس خٲطرٕ وقف اکھ ہیند مندر، یُس ۹ مہ صدی عیسوی کِس ٲخرس منٛز کھڑا کرنہٕ آو تہٕ اندرٕ نیبرٕ بہترین پٲٹھہِ تراشنہٕ آمٗت چھٗ ۔ 
5094,یونٲنی تٲریخ دان ہیروڈوٹس (5 مہٕ صدی ق، م) چھ لیکھان  ز تِہندس زمانس منز ٲس دالچین مسالن ہندس صنعتس پیٹھ مصرین تہٕ فونیشینن ہٕنز اجارہ دأری۔
5095,ہسکی زاو گریٹ سموکی ماؤنٹین ، نارتھ ڈکوٹا ہس منز۔
5096,ہمایوٕں سندِ دورِ حکوٗمت کٮ۪ن گۄڈنِکٮ۪ن پانٛژن ؤرِین دوران بڑھٲو بہادُر تہٕ شیر خانن پنٕنہِ حکوٗمت، حتاکہِ سُلطان بہادُرس پِٮ۪و پرتگالن سۭتہِ انكاہ  تناضو  سببہٕ   مشرقس منٛز دباوٗك مٗقابلہٕ کرُن ۔
5097,اتھ  ٹھیک گژھنس چھ ژور پیٹھ شیٚہ ہفتہٕ لگتھ ہیکان ۔
5098,موجودٕ روٗسی بینڈی فیڈریشن نُک پیشرو آو 1898  منٛز قٲیِم کرنہٕ۔
5099,سادٕ برقی سیلہٕ آیہِ گۄڈنیتھٕیہ   1800تھس منز بناونہٕ ۔
5100,دٔریاو تہٕ أنٛدۍ پٔکۍ ٲبی علاقَن ہٕنٛز آلودگی چھِ گاڈٕ رٹنہٕ تہٕ زمین دٲری ہیتھ روایتی پیشہٕ تقریباً ختم کٔرۍمٕتۍ۔
5101,توہہِ  ہیٚکِو پنٛنِس بیٖمس خٲطرٕ پونٛسہٕ بچاونہٕ باپتھ ہُپٲرِ یَپٲرِ تہِ خٔریٖدٲری کٔرِتھ تہٕ ہُریومٕٗت  پونٛسہٕ اتھ منٛز بٔرِتھ ۔ 
5102,أسۍٲسۍ پورٕ ٹیکسی جیپِہ ہند ڈرایور ژھاران تہٕ مےٚ اوٚس یِہ ؤچھتھ زِ ڈرایور اوس جیپِہ نیبرۍ کِنۍ الوند۔ 
5103,ڈرامین چھ نارویس منٛز گاڑٮ۪ن تہٕ مٮ۪ون ہٕنٛد درآمد خٲطرٕ اہم بنٛدرگاہ تہ۔
5104,"وزیر زراعت جم اینڈرٹنَن چھُ ووٚنمُت زِ تِم چھِنہٕ مزید امداد دِنہٕ نِشہ انکار کران۔
"
5105,وونہِ گو٘، اَگَر خٔدمَت آسہِ تہٕ تیٛلہِ یٖی یہِ قونوٗنی خٔدمَت ماننہٕ
5106,آشیش اوِكٗنٹھك  سٕنٛز بنگٲلہِ زبٲنِ ہنٛز فیچر لمبٲیی واجینہِ  فکشن فلم کالکی منتھا كتھا آیہ  2013 ہس منٛز الہ آباد کٗمبھ مٲلس منٛز عقص بند  کرنہٕ۔
5107,رحمانس آو 4 جنوری 2020 منٛز چنئی منٛز منعقد گژھن وٲلِس گۄڈنِکِس زی سنے ایوارڈ تاملس منٛز پرائڈ آف انڈین میوزک ایوارڈ دنہٕ۔
5108,عیسائین ہٕنٛزِ کیتھیڈرل مریم مدد یا عام طور پٲٹھۍ کوہیما کیتھیڈرل کہِ ناوٕ ستۍ زانٛنہٕ یِوان، کوہیماہس منٛز چھِ اکھ نمایاں سنگ میل۔
5109,یہ سیریز آیہ 2017 پٮ۪ٹھٕ 2018 تام ڈسکوری چینلس پٮ۪ٹھ تہ نشر کرنہٕ ۔
5110,مالواہ خطس منز میترِکاہن ہٕندِ اثرُک وُسعت وُچھِتھ آسہِ ہرشہٕ سُند ظُن اورکُن  پھیوُرمُت ۔  
5111,سیو٘مب  چھٗ  جِسمٲنی طور موسمو سٕتہِ بدلنٗك نٔتیٖجہٕ، یتھہٕ کٔنہِ زن شِٹھٗن  تہٕ کٗملن ۔
5112,تم ٲسہِ بۄچھِ ہِتہِ  ، تِم  آیہ عزاب  کرِتھ  مارنہٕ ۔
5113,"ییٚلہِ یہِ وننہٕ یِیہِ زِ ناو کٲژاہ زیٹھۍ گژھہِ آسٕنۍ، یہِ چھُ دۄن عُنصرَن درمیان اکھ سمجوتٕہ یُس ناوِ ہُند رفتار متٲثِر کرِ۔
"
5114,"فی طرفہٕ ستھ وٲلِس صورتس منز  یتھ ""ایکشن نیٹ بال""ونان چھِ ، چھِ  سَتھ کھلٲڑِ نیٹ بالہِ ہندین ہِوین قوٲیدن تحت گِندان ۔ "
5115,اکھ ویشنو دلیل چھ تُلسی ہٗند تعلق دِوتاہو تہٕ اسٗرو (راکشسن) ذریعہٕ کائناتی سمندرس چھونپھ دِنس سمندر منتھنس سۭتہِ ونان ۔ 
5116,بَچن ہُنٛد قومی دۄہ چُھ عام طور جوٗنس یا اکتوٗبَرس منٛز مَناونہٕ یِوان، مگر باقٕے دۄہ تہِ چھِ مَناونہٕ یِوان۔
5117,جانچہِ منز چھُ جانچ کرَن والین ہٕنٛدِ پینلہِ برٛونٛہہ کَن تکنیکَن ہٕنٛدِ مُظٲہرَن پیٹھ مشتمل آسان۔
5118,امہ علاوٕ ، مشرق وسطہ ہکۍ واریاہ لُکھ ہیٛکن یہ زٲنِتھ ۔
5119,زیادٕ تر آب چھُ سرس منز دۄیو بڈیو نالہٕ نظامَو سۭتۍ اژان، اکھ چھِ شمال کِنۍ سرس منٛز اژان تہٕ بیاکھ چھِ جنوب مغرب کِنۍ۔
5120,"2007 تس منٛز آو تٔمۍ سٕنٛز جایہ صحت خراب آسنہٕ کنۍ شوٚوس منٛز بدل نفر انٛنہٕ۔
"
5121,"ڈی ایس: کیٛاہ کینٛہہ کور چھا یم 
 نہ ماتحت پٲٹھۍ کٲم چھ کران؟"
5122,سُہ زاو اوٹاوا اوٹوریو کنیڈاہس منز۔
5123,یَتھ طٔریٖقہِ کارس منٛز چُھ ٹٲرِس أنٛدرِمِس یا نیٚبرِمِس سطحس پیٚٹھ اَکھ لۄکُٹ چاک دِنہٕ یِوان، یُس اَتھ پیٚٹھ مٗنحصر  چُھ  زِ پٮ۪تہٕ پھیٚپُھر چھا نیبر  کُن کِنہٕ نہ۔
5124,یہ چھ انٹرنیٹ انسایکلوپیڈیا ویکیپیڈیا کس تٲریخس متعلق اکھ کتاب۔
5125,سۄ چھےٚ رابسن ڈی سوزا سٕنٛز موج، یُس رابنہو ناوٕ سۭتہِ  زاننہٕ چھُ یِوان، یُس سینٛتوس فُٹ بال کلبُک برازیلیٲیی  فُٹ بال کھلٲڑِ چھُ ۔
5126,تمو کٔر  لٗكن ہنز بولہٕ یِنہٕ واجنہِ زبٲنہِ منز بایبل استمال ۔
5127,"اکثر چھ سفید اپزیک مقصد کٲنٛسہ پریشان گژھنہٕ نش بچاون۔
"
5128,حالات کِس نتیجَس منٛز چُھ میاکُٹ پَننِس گامَس منٛز تہٕ امِہ نیبر راک سٹارُک دَرجہٕ حٲصِل کَران۔
5129,"فالکنہگن گوو گراسڈالزگس منٛز، یوس لیپزگس قریب اکھ شہر چُھ۔

"
5130,البمس منٛز چھ نو اصلی بٲتھ یمن منٛز ٲٹھ بٲتھ ایرشاد کاملن تہٕ باقٲعدٕ اکھ لیڈی کاشن تہٕ کرسین چُھ۔
5131,1878 تھس منٛز ڈیٹریچ برینڈِس سندِ دسہِ  دیہرادوُنس منٛز امپیریل فاریسٹ سکوُلٕ قٲیِم كرنٗك سیود نتیجہِ ۔
5132,ییٚلہِ سۄ ہونجو دایچی ہائی سکولٕچ طٲلبہ  ٲس، تَمہِ ترٛوو یہِ لیٖگ۔
5133,کیری ہس ٲس کینٛہہ کورۍ جذبٲتی تہٕ زبٲنی طور بدسلوکی کران یم تہنٛز ہم جماعت ٲس ۔
5134,"پٔتۍ مییٚن مجموعن منٛز چھ کرسمس ان افریقہ (1975)، اے ٹائم ٹو بی بورن (1981)، لائف بائی ڈراونِنٛگ: سلیکٹڈ پومٕز (1985)، تہٕ دیٹ اِز اِٹ (1993) شٲمل۔
"
5135,سُہ کوٚر فروری 2020منز ایوانَن بٔرِی ۔ 
5136,سرجری برٛونٛہہ ہیٚکہ ہارمون  رلنہٕ نِش  رٗکاونہٕ خٲطرٕ لوگولک آیوڈین استعمال کرنہٕ یِتھ ۔
5137,سیریز منٛز ٲس گۄڈنچہ شےٚ گیمہٕ کور ڈیزاینن بناومٕژ۔
5138,وسٲیل ہٗند تعیٗن اوس  1960 کِس دہِلس منٛز رشوٕ خوُری  اکھ بو٘ڑ حِصہٕ ۔
5139,"شائستہ خانن کوٚر  80,000 ساسن ہِنٛز بہتر پٲٹھہِ لیس تہٕ ساز سامان چہِ فراہمی ہیتھ  فوج  سۭتہِ  پوٗنے یَس پیٹھ قَبضہٕ۔"
5140,ہیلو! اتھ کتابہ چھ پٕنژہ فیصد رعایت مگر تہۍ چھو مےٚ زیادٕ ہیوان۔ کیا تہۍ چھوا مےٚ دوکھ دنٕچ کوٗشش کران؟
5141,1896 کس ٲخرس منٛز بنٲو تٔمۍ اکھ نٔوو کمپنی، سٹار فلم۔
5142,موسمٕچ غٲر یقینیت ، تہٕ مٗمكِنہٕ موسمیٲتی بدلاو کِنہِ موسمٕی  کھسہٕ وس چھِ سمٲجی استحکامی  خدشات تہٕ دیہٲتی غربتس پٮ۪ٹھ سٔہلابٕ  تہٕ قحطٕکہِ  اثرات پٲدٕ کران۔
5143,دۄشوٕے ٹیٖمن آسہِ جُمعہ دۄہ رُکاونہٕ برٛونٛہہ ییٚمہِ برٛونٛہہ زِ پینگوئنزن ہندِ رینجرن سٕتہِ تہٕ ڈیولن ہندِ سیبرسن سٕتہِ لڈایہ برون٘ہہ جٗمع دوہ چھُٹی ۔ 
5144,"اکھ سیکوئل، جولی ایل ایل بی  2 آیہِ فروری 2017 ریلیز کرنہٕ۔
"
5145,سنتراگچھی منز چھُ اکھ ریلوے سٹیشن یُس جنوب مشرقی ریلوے باپتھ ریلوے جنکشن-کم-ٹرمینس ہٕندۍ پٲٹھۍ کٲم کران چھُ۔
5146,حالٕہ كِس وقتس منز چھٗ توٚمُل وۄپداونہٕ باپت خاصكرِتھ  کُٹاناڈ علاقَس منٛز کینٛہہ سمیمٕتہِ آبٕچ زمین بہال كرِتھ زرعی کوُششہِ مضبوٗط  كرنہٕ آمژٕ ۔ 
5147,"سٲحلی علاقہٕ چھِ نٔمِی ہندِ تھد سطح سۭتۍ 30 ڈگری سیلسِیَس (86 فارن ہایِٹ) کھۄتہٕ زِیادٕ۔
"
5148,دکن کرونیکل کس میور سنپن دتۍ اتھ پانژو منٛز ژور ستارٕ تہٕ ووٚنن یہ چھےٚ اکھ 'دلچسپ سمٲجی تھرلر'۔
5149,یہٕ چھ اکھ وچِو  عمارت ، یۄسہٕ  روُسی فن تعمیر خاطرٕ ترتیب دِنہٕ إٓژ چھے٘  ۔
5150,امہِ  حالتہٕ والین  تقریباً 25 پٮ۪ٹھ 80 فیصد لوٗکَن چھِ أچھَن ہٕنٛدِ مسلہٕ پٲدٕ گژھان۔
5151,مثالے ، ریورنڈ جیمز لانگن دِیوٗت تجویز زِ کتھک رقاصن پزن  قدیم ہندوستٲنہِ  دٔلیٖلہٕ  تہٕ ہیندِ دٲستانہٕ مشراونہِ ،تہٕ یِہندِ بدلہٕ یورپی دٲستانہٕ تہِ عیسٲیہِ كتھہٕ اننہِ ۔ 
5152,اکھ آپٹیکل ڈرایو چھےٚ عام طور اکھ سی ڈی ڈرایو یا ڈی وی ڈی ڈرایو آسان۔
5153,کَشیر ، پیٚشاوَر تہٕ مُلتان زیننٗك جشن منووٗكھ ترین نو زٲید بچن تمن پیٹھ ناو تھوِتھ ۔
5154,"انٹرسٹیٹ 74 تھٕكہِ  ژۄشویہ  حصہٕ بَنَن أکِی سڑکہِ ہنٛدِ حِصہٕ۔
"
5155,آبُک بہاو چھُ  روٗدٕ کہِ موسمہٕ پتہٕ سارِوٕیہ  کھۄتہٕ زیٛادٕ آسان، اکژ جولایی پتہٕ ۔ 
5156,بیکن چُھ پوک کیپسے  نیوبرگ    مڈل ٹاؤن ، نیوٗ یارك میٹروپولشن سٹیٹسٹکل ایریا ہُک اكھ حصہٕ۔
5157,یہِ اوس تمہِ ؤرییہِ  کرسمس کہ موسمہٕ خٲطرٕ لیکھنہٕ آمٗت ۔
5158,"پنُن بچت کھاتہٕ برقرار تھاونہٕ خٲطرٕ وُچھِو یہِ ہنگٲمی حالاتن خٲطرٕ یا غیرمتوقع اخراجاتَن باپت پونسہٕ۔ بچتَس مَہ سوچو پونسہ خرچ کرنُک اکھ بوٚڑ ذخیرٕ۔
"
5159,تُہۍ یا کیشیئر ہیٚکہ یہِ بار کوڈ سکین کٔرتھ۔
5160,کٲنٛسہ نفرٕ سٕنٛدۍ ضروٗرتن ہٕنٛز چھےٚ واریاہ درجہ بٔنٛدی کرنہٕ آمٕژ۔
5161,ایم ایم ای  اے پی آیہِ اوس گۄڈنِیُک عالمگیر تہٕ معیٲری وِنڈوز آڈِیو اے پی آیہِ ۔
5162,"2011 تام چھ میگھالیہ چہ آبٲدی ہنٛد تخمینہٕ 2,964,007 یتھ منٛز زنانہٕ 1,492,668 تہٕ مرد 1,471,339 چھ۔"
5163,بطور اكہ پس منظر  گُلوکارسندِ ، چھِ تمہِ فِلِم نِتل خٲطرٕ مہاراشٹر حُکوٗمت كِس  رِیٲستی ایوارڈس ہی اعزاز زینِمٕتہِ ۔
5164,"اَمہِ پتہٕ آو گھٹوتكچ  پننِس پیٚتٕر، پربھوُ اریمبا سٕنٛدِ بدلہٕ پرنگانڈانی  منٛز بطور  بادشاہ تہِ مُقرر كرنہٕ ۔
"
5165,تُینٛد  مول ژوٛل كٗمبہٕ تر٘ٲوِتھ  ییلہٕ سُہ صِرف دٗ وُہٗر اوس ۔
5166,دۄشوٕیی کر ہیلمٹو سٕتہِ ٹھو٘ل ، دۄشوٕے کھلٲڑ آیہ زمینس پیٹھ لاینہٕ  تہٕ بال ژٕچہِ  میک گاہی سٕنٛدیو  اتھو منزٕ ۔ 
5167,"لیتھوے چھُ میانمار پٮ۪ٹھٕ شروع گژھَن وجٮ۪نہِ  کِک باکسنگہِ ہنٚد اکھ قٕسم یَتھ منٛز کم کھوتہٕ کم اصوٗل تہٕ حفٲظتی سامان چھُ۔
"
5168,سٲرۍسٕے سلطنتس منٛز اوس گامن ہُند کیٚنہہ  پیداوار  منٛدرن دنہٕ  یوان ییٚمہ سۭتۍ آبادی منٛز قرضٕہ پٲٹھۍ سمیومت کینہہ دولت دوبارٕ کارس لگان اوس۔
5169,سایکل پولو، سائیکل پولو، یا بائیک پولو چھُ اکھ ٹیم کھیل، یُس روایتی پولو ہِنٛدۍ پٲٹھۍ چھُ، امہِ ورٲے زِ گُریو بدلہٕ چھِ سائیکل استعمال یِوان کرنہٕ۔
5170,امہِ علاوٕ آسہن  نوٹس منٛز ارٕ ورٕ اٹھ سٹی پٲٹھہِ  حفٲظتی فایبر پھٔہلاونہٕ آمٕتہِ ۔
5171,فونیشینو کٔر بحیرہ رومس أنٛدۍ پٔکۍ واریاہ تجارتی کالونین ہند آغاز۔
5172,برطانوییو٘ دٕسہِ  جھیل بناونہٕ یِنہٕ برونہہ  ،1799  عیسوی یس  منٛز، سوٗ جایداد ییتہِ وونہِ یہِ جھیل چھٗ ، آو   ڈاکٹر سکاٹس سالانہٕ کرایس پیٹھ  دِنہٕ ۔ 
5173,پنجابَس مَنٛز وُچھ جہلمَن انگریزن خٕلاف مقٲمی فوجن ہِنٛز بغاوت۔
5174,یہ چھ 51°02 شمالس منز ، 05°16 مشرقس منز ۔
5175,کیچر ڈوگ ایلیسن اوس 1870 یس منٛز بیس بال اتھہٕ پنٛجہ لگاون وول گۄڑنیک ۔
5176,کرناٹکَس منٛز زبانہِ فروغ دِنہٕ کِس سلسلَس منٛز آے تس تعریف تہٕ تنقید کرنہ۔
5177,كین٘ژو  امریكی تہٕ میكسِكٲیی خطو٘ کوٛر دٗشمن مقامی امریکی ٹِنڈٕ كلن خراج ادا ۔
5178,سوال ہیکو دوستانہٕ این پی سی بوزنہٕ سٕتہِ دریافت كرِتھ ۔
5179,کارڈیو ویسکولر فٹنس کارڈیو ویسکولر فٹنس چھ اکہِ قسمچ جسمٲنی فٹنس ۔
5180,تسرُف کَڈُن چُھ دیون یا باقی روحٲنی مخلوُقن کڑنٗک عمل ۔
5181,یہ اوس  برٛٹش انڈیا چہِ بنٛگال پریذیڈنسی ہٕنٛدٮ۪ن گۄڑنِکٮ۪ن ؤرین منٛز بناونہٕ آمُت۔
5182,پاٹا ہَس یُس بیاکھ اکھ مسلہٕ چُھ سُہ چُھ  یہ زِ بس ختم کرنٕچ وضاحت چھنہٕ کرنہٕ آمٕژ۔
5183,"اَکہِ دۄہ ییٚلہِ ڈرٛامہ خٲطرٕ ریہرسل کران ، چھُ انیتایہ سُنٛد بوائے فرینڈ سیموئیل  گَھر یِوان تہٕ تس حٲران کران۔
"
5184,یہ روٗد کامیاب تہٕ انٛدازٕ اوس یوان کرنہٕ ز یہ ییہ2007 تس تام کرنہٕ۔
5185,سٹیونزس اوس  1955 پیٹھہٕ 1958 ہس منٛز تِہندِس طلاق گژھنس تام  انتھونی سوگلیو ہس سۭتہِ خانٛدر ۔
5186,کارٕبٲرِ چھِ عموٗمن پنٕنہِ  کمپٔنی بناونس منٛز واریاہ ہَن رٗکاوٹن ہنٛد مقابلہٕ کران ۔
5187,رِیٲستی کُل چُھ بَستَر ڈِوجنس منٛز لَبنہٕ یِنہٕ وول سال۔
5188,یہ دٔلیٖل چھےٚ بچن ہنٛز سمگلنگ کس موضوعس پیٚٹھ مبنی۔
5189,شِو سُنٛد گُمہ گوٚو أکِس تلاوَس منٛز جمع تہٕ ہیوٚتُن دٔریاو-نرمدا چہ شکلہِ منٛز یرُن۔
5190,ہیکر بننہٕ خٲطرٕ چھ اکثر واریاہ مہارتن ہُند ضرورت آسان ۔
5191,"توہہِ  چھِو سُہ شخٕص تہِ یژھان ییٚمِہ سٗند نہٕ پرٛٮ۪تھ  فی دورٕ زیادٕ خرچہٕ آسہِ۔
"
5192,یہِ چُھ نیپال، میانمار، کمبوڈِیا تہٕ دیٖگر مُلکن منٛز ییٚتہِ سِنٛگاپور تہٕ مَلیشِیاہٕکۍ پٲٹھۍ واریاہ ہیٚنٛدۍ چھِ روزان، سَجیبو نونٛگما پانبا چیراوبا کہِ ناوٕ تہِ مناونہٕ یِوان۔
5193,آئی ایم ایف چہ کامہ متعلق چھ کینٛہہ اصل تہٕ کینٛہہ خراب تبصرٕ ۔
5194,"نوراتری تقریبہٕ چھِ مہاراشٹرَس منٛز مُختٔلِف، تہٕ مخصوٗص رسٕم چھِ اکَٗیہ ناو  ٲسِتھ تہٕ أکِسٕیہ دِوتاہس وقف ٲسِتھ تِہ خطن  درمیان مُختٔلِف آسان، ۔
"
5195,تو٘ہۍ ونِو، 'اہا، یہ چھ  اکھ معیار-'!
5196,"اَمہِ سۭتۍ رُود کینتھ ہوایی منٛز نٔوِمِس سیٹھاہ بارشی اشنکٹبندیی طوفانَس سۭتۍ برابر جورتھ۔
"
5197,ویکیمیڈیا فاونڈیشنن کوٚر اگست 2004 س منٛز ویکی سپیسز ناوٕ  امی قسمہ  منصوبہٕ شروع۔
5198,یہ چھ لیتھیم آکسایڈ یا لیتھیم ہایڈروکسایڈ تہٕ کاربن ڈایی آکسایڈ یکجا کٔرتھ بناونہٕ یوان۔
5199,"سُہ اوس کینٛژس کالَس امریکہ کوسٹ گارڈَس منٛز۔
"
5200,ایکسانن ہندِ  یمن خلین سۭتہِ قریبی تعلقہٕ سٕتہِ  دٗبارٕ پٲدٕ كرنٗك چھٗ مٗشاہدٕ کرنہٕ آمٗت۔
5201,"لہازا  چھ وسٔنت پنٛچٔمی ""مدن پنٛچٔمی"" تہِ وننہٕ یوان۔"
5202,لامانگ ڈونگس منٛز وشنو مندر اوس 1474 عیسوی دوران (بادشاہ کیامبا کس دور حکومتس منٛز) شان ریاست کیو برہمنو تعمیر کورمت۔
5203,بہٕ گوٚس تمہ وز حیران ییٚلہ بٗکِنگ کلرکن مےٚ طالب  علمن ہنٛدس  خصوصی  رعایتس متعلق وو٘ن  ییٚمہ سۭتۍ  مےٚ بٗک کرنہٕ برٛونٛہہ پونسہٕ بچومٖٗت آسِہے ۔
5204,کوزی کوڈ، یَتھ کالی کٹ تہِ ونان چھِ، چھُ رُکِتھ آب یِم  اکثر  سیاحَن ہٕنٛدِ ہجومَو دریافت کٔرۍ مٕتۍ چھِنہ۔
5205,شِہاب الدین پوٗرا عرف شادی پوٗر ناوُک اکھ قصبہٕ اوس أمۍ قٲیِم کوٚرمُت۔
5206,یہ عمارت بنییہ 1975 منٛز قومی تاریخی نشانہ ۔
5207,یہٕ ٲس 1850 کس دہائی منٛز سان فرانسسکو منٛز سونچ کہِ رش کہِ دوران قائم۔
5208,یہ چھ صحت کین مٲہرین ہنٛد ذٔریعہٕ آپریشنس دوران تہٕ نرسنگ دوران لاگنک ارادٕ۔
5209,2008 ہس منٛز گیہ کاسپروف تہٕ تمہِ سٕنٛدِ یونایٹڈ سِول فرنٹ سولِڈیرِٹی تحریٖکس منٛز شٲمل۔
5210,1 جنوری 2016  آو یہٕ ویلوربیکیٹ کس نٔوس کمیونس منز ضم کرنہٕ۔
5211,انگلینڈٕچ کھو-کھو فیڈریشن ٲس 2013 ہَس منٛز برج ہلدنیاہَن بنٲومٕژ، ییٚمۍ برطانیہَس منٛز آباد گژھنہٕ برٛونٛہہ راجستھان خٲطرٕ مسابقتی طور گِنٛدمُت اوس۔
5212,یہ ہٮ۪کہِ بم خلیجس اندر 3395 لیٹر آب پكنٲوِتھ  ۔
5213,"سکاٹش گیلکس منٛز چُھ یہٕ ناو ""آئس شنٹی"" (کیمانچڈ-ڈیگی)۔

"
5214,امہ سۭتۍ چھ کاٹن تہٕ پیسٹ کرنس تہٕ متن ژھانٛڑنس منٛز سہل گژھان ۔
5215,والمارٹ ہوۍ واریاہ بٔڑۍ آوٹ لیٹ چھ  پنٕنۍ قیمت آن لاین درٕج کران۔
5216,یِم سرمایہِ کٲری ہِنٛدِ منصوُبہٕ چھِ پرٛٮ۪تھ تنخواہ چیٚکہِ ہُنٛد اکھ مُقرر حِصہٕ الگ تھاونَس منٛز مَدتھ کَران، تہٕ واریاہ نوكری دِنہٕ وٲلہِ چھِ تِمن رقوماتن برابر دِوان یِم توہہِ پننِس منصوُبس منز دِوان چھِو۔ 
5217,سٗبرن ریکھا ہٕک نمایاں معاون دٔریاو چھِ کھارکئی، رورو، کانچی، ہرمو ندی، ڈامرا، کروٗ، چنگوُروُ، قراقری، گٗرما، گارا، سنگادٗبا، کوڈیا، دٗلٗنگا تہٕ کھایجوری۔
5218,پیلکن  چَھِ جنوُب مشرقی یورپ، جنوُبی ایشیا تہٕ افریقہ ہس منٛز نسل كشی كران ۔
5219,بہٕ چھس واریاہ مایوس سیلزمین سٕنٛد اسہ سۭتۍ معاملات أنٛزراونہٕ کہ طریقہٕ سۭتۍ، تٔمۍ بوزٕے نہٕ سٲنۍ کتھ۔
5220,تٔمِس ٲسہِ أکس بے گھر نفرٕ سنٛدِ ہی پلو٘ ژھنِتھ یَس پناہٕچ ضرورت ٲس ۔
5221,لوکھ چھ ژھۄٹھ  تہ تیار  کران ، تہ امہ باپت چھ جاےضروری ۔
5222,لوٗکن یم گاڑٕ ننہٕ آبس منٛز میٛلان چھ تمو منٛز چھ سورڈ فش، مارلن، ٹونا تہٕ باقٕے شٲمل۔
5223,جنوبی طرز تہ چھ یتھ تکنیکک استعمال کران مگر اکثر چھ ہرتال کرنہٕ خٲطرٕ عملہ ہٕنٛد دۄشوٕنی سروٚن ہنٛد استعمال کران۔
5224,"لڑکَن تہٕ کورٮ۪ن درمیان چھُ نوجوانَن ہٕنٛدِس  فٹ بالس منز  شرکتَس منٛزننہِ وانہٕ  تضاد۔
"
5225,وۄنۍ ییٚلہ سٲری امتحان موكلییہِ بہٕ ہیكہٕ چھیكرس واپس فٗٹ بال گِندنس كٗن كرِتھ ۔
5226,تمل ناڈو ہس منز چھِ ترٛےٚ بین الاقوامی ہوٲیی اڈٕ، یمن ناو چھ چننے بین الاقوامی ہوٲیی اڈٕ، کویمبٹوٗر بین الاقوٲمی ہوٲیی اڈٕ، تروچیراپلی بین الاقوٲمی ہوٲیی اڈٕ۔
5227,"وننہٕ مٗتٲبِق  چھِ پوٗرٕ تھایرایڈیکٹومی پتہٕ مُستقل بییہِ گژھن وول  لیرینجیل نٲرٗك  فالج گژھنٕکہِ ٪1 واقعہٕ موٗجوٗد ۔
"
5228,مانیندر گڑھَس منٛز چھُ % 13 آبٲدی ہٕنز وٲنٛس  6 ؤری کھۄتہٕ کم۔
5229,کریا کرمس منٛز شِرکت کرن وٲلۍ واریاہ رِشتہٕ دار تہِ چھٕ دفن کرنہٕ پتہٕ دریاوَس منٛز سرٛان کران یا پننین جسمَن پیٹھ پوِتر آب چھکان۔
5230,اتھ زمرس منٛز چھِ کُل 18 منٛزٕ بۄنہٕ کنہِ دِنہٕ آمٕتۍ 18 ذیلی زمرٕ۔
5231,جیس چھےٚ أمس ونان ز سۄ کر نہٕ تمن متعلق تھیکہ تھیکھ ۔
5232,ہتھیار، گولہٕ بارود  تہٕ ڈھال ہیكن واریاہو  چیزو سٕتہِ بناونہٕ یِتھَ ۔
5233,"تٔمہِ  ووٚن اتھ لا کراسے، فرانسیسی زبانہِ منٛز ""لوُر""۔
"
5234,أمہ گندٕ 1977 تہٕ 1985 ہس درمیان نیشنل ہاکی لیگس منٛز 404 کھیل ۔
5235,بیمٲرِ ہیكہِ تیلہِ تہِ پھہلِتھ اگر نیہ شخصس منز وٗنہِ علامتہٕ بنیمژٕ تہِ آسن نہٕ ۔ 
5236, جورِ  لوٚڑ ایسپیکٹرٹو جوُنیئر تہٕ لا پارکیتا  ناون تحت ، یِمن 'دی لٹل گھوسٹ' تہٕ 'لٹل ڈیتھ' ونان  چھِ ۔
5237,"گۄڈنیک شمارٕ آو جوٗن 2010 ہس منٛز شایع کرنہٕ تہٕ یہ چھ پرٛٮ۪تھ رٮ۪تہٕ شایع گژھان۔
"
5238,"راجپوتن ووٚن مور اکھ ""سخت ٹاسک ماسٹر""، ییٚمۍ أمس اداکار بجایہ أکس پیشور کرٚکیٚٹر سنٛد پٲٹھۍ پیش کوٚر۔"
5239,اگر تۄہہ بل ادا کرنٕچ ذمہٕ دٲری تہِ چھو ، پننن بٲژ تہ اتہ کامہ منز شامل۔ 
5240,مالو ماری چھ اکھ کمیون یس ڈولج کاونٹی، رومانیاہس منٛز لبنہٕ چھ یوان۔
5241,شنکراچاریہ مندرس چھ جیشٹھیشور مندر تہ ونان۔
5242,میوزیمس منٛز چھ آئس لینڈی لوک داستانن ہنٛدین جانورن تہٕ لوکن ہنٛدۍ 22  کُژرٕ تہ موجود۔
5243,کینہہ خصوصی سکول یتھ کٔنۍ ز کیندریہ ودیالیہ تہٕ جواہر نوودیہ ودیالیہ چھ، چھ مرکزی حکومت چین ایجنسین ہٕند ذریعہ چلاونہٕ یوان۔
5244,اچھو پیٹھہٕ  زاال ہٹاونٗك آپریشن ہیكو سورٗے پان یا اكھ حِصہٕ بے٘ حیس بنٲوِتھ  كرِتھ ۔ 
5245,نائٹروگلسرین ہیکہ سٔمِتھ، تہٕ  غٲر متوقع پٲٹھہِ پھٹِتھ ۔
5246,   بُروٗنڈی لینڈ لاک چُھ افریقہَس منٛز ساروٕی کھۄتہٕ لۄکُٹ۔ ۔
5247,سہ اوس بطورِ چیلسی تہٕ قومی ٹیم کہ کھلٲڑۍ سٕنٛدۍ پٲٹھۍ زانٛنہٕ یوان۔
5248,"1969 منز آو ریاست مدراسک ناو بدلٲوتھ تامل ناڈو تھاونہٕ، ییٚمیک مطلب چھ ""تامل ملک"" ۔"
5249,یہِ چھ سطحس پیٹھ آلودٕ گٔژھِتھ ہواہَس منٛز سفید آکسِڈایزڈ تہہ پیدٕ کران۔
5250,بوبی تہٕ سُکھ چھ اتھ فٔصلس خلاف گژھان مگر تم چھ پتہٕ  رضامند گژھان۔
5251,"علاقٕکہِ واریاہ حِصہٕ چھِ نہرن ہِنٛدِ نیٹ ورکہِ سۭتۍ سیوٚدُے بیک واٹرس سۭتۍ جُڑِتھ ۔

"
5252,جیہ پیڈن کٔرِ بودھ وِہار قٲیِم تہٕ دِتُن واریاہ بٗدھ سٕندِ مُجسمہٕ بناونُک حُکُم؛ أمہِ  كٕر ذٕیہ پوُرِس (أزیُک اندرکوُٹ) منٛز اکھ نٕو رازدٲنہِ قٲیِم۔
5253,عام ٹاپنگہِ منٛز چھِ ژامن ، جل گوزٕ تھٕنہِ تہٕ  چیز، جلگوزٕ تہٕ خاش کٔرِتھ ماز شٲمل ۔
5254,"یہِ تقریٖب چھِ عموٗمَن ؤرۍ یِک دسمبر-جنوری رٮ۪تَن تام منعقد یِوان کرنہٕ تہٕ یہِ چھُ ایشیاہُک ساروِی کھۄتہٕ بوٚڑ ثقافتی تقریب ماننہٕ یِوان۔
"
5255,"سُہٕ چِھ پننہٕ باپٕ، ایڈورڈ جانسنس سٕتۍ میوچل فنڈ کمپنی فڈیلٹی انویسٹمنٹس چلاوان۔

"
5256,"فلمہِ ٲس پننہِ وقتہٕ خٲطرٕ اکھ شانٛدار پروڈکشن (کاسٹ خٲطرٕ اکثر ضیافت تہٕ پارٹین سۭتۍ)، بناونس لوٚگ ساڑٕ زٕ ؤری، تہٕ گوٚو بجٹہٕ کھۄتہٕ زِیٛادٕ۔
"
5257,امہ پتہٕ چھ یہ کٕننہٕ خٲطرٕ بوتلن یا گتوٗ ڈبن منٛز برنہٕ یوان ۔
5258,ریٚڈِف پیٹھٕ سوکنیا ورماہن دِژ شیرنی 4/5 ریٹنٛگ تہٕ لیوٗکھُن “شیرنی چھےٚ اکھ فتحمند- مقصد تہٕ دلیل بوزناونُک اکھ بہترین نتیجہ۔“
5259,فرن ویل چھ سینٛگ کانٛگ ایٚل آر ٹی لٲنہِ سۭتۍ وٲحد سٹیشن یُس سائٛڈ پلیٹ فارم استعمال کران چھ۔
5260,ڈی ایس: یتھ تجربہٕ سۭتہِ ، چھوٕ توہہِ  ذٲتی ترقی ہنٛد تجربہٕ کران تہٕ پنٛنٮ۪ہِ الہو٘ند روزنس یا كینہہ  چیز كیازِ چھہٕ تو٘ہہِ تنگ كران  امہِ سٕتہِ  مٗتمعین؟ 
5261,یہ فلم چھےٚ امی ناوٕچ 1929 چہ موسیقی پٮ۪ٹھ مبنی۔
5262,یہِ چھ تمہِ وِزِاستعمال یوان کرنہٕ ییلہِ دتمتس کلاسک صرف اکھ مثال ہیکہِ أستھ ۔
5263,سُہ وقت  یٗس تو٘ہہِ خریدٲری منز خرچ كرِہِو٘  گٗزٲرِہِو٘ ،جسمٲنی سرگرمین  پٮ۪ٹھ ۔
5264,تمہِ  سٕنٛدِ فوجن کوٚر حملہٕ پسپاہ  مگر یہِ كران گوكھ  شدیٖد جٲنی نۄقصان۔
5265,انفوسس شروٗع کرنہٕ برٛونٛہہ کٔر مورتی ین انڈین انسٹی ٹیوٹ آف مینجمنٹ احمد آبادس منٛز بطور چیف سسٹمز پروگرامر، تہٕ پونے (مہاراشٹرا) ہس منٛز پٹنی کمپیوٹر سسٹمس منٛز کٲم۔
5266,تمن نش ٲسہ 45 لوکوموٹو تہٕ یمو منٛزٕ 12 چلاونہٕ دوران کٔرٕن 53 سٹیشنن خدمت ۔
5267,جنوبی ایشیاہس منز یورپی نوآبادیات ینہٕ برٛونٛہہ ٲسۍ برما طرفہٕ ہندوستان کس شمال مشرقس منٛز ناگا قبیلن، میتی لکن تہٕ باقین پیٹھ واریاہ جنگہٕ، ظلم و ستم تہٕ چھاپہٕ مار کرنہٕ آمٕتۍ۔
5268,سوٗرۍ ویئر میژِ ہُند بَانہٕ چُھ تقریباً خاص طور چِھ سامان چیٚنٕہ خٲطرٕ یِوان، تہٕ اَتھ چِھ ترے مختلف شکلہٕ آسان: تنگ کمر وٲل، تھود چنہٕ وٲل شیشہٕ، درمیٲنی سائزٕک چنہٕ وٲلۍ پیالہ، تہٕ  چینہ باپت نیبر وٕٹھ کٔرِتھ مرتبان۔
5269,آپریٹنگ سسٹم ہیکون بطور  پانس کیُتھ رنٹائم ماحول فراہم کران مٲنِتھ ۔ 
5270,یہ چھ نہٕ صرف تہنٛدس بٲژٕ سٕنٛد خٲطرٕ تکلیف دہ، بلکہ یہ ہیٚکہ تہنٛدس مٲلی صحتس پیٹھ شک  پیدٕ کٔرتھ تہٕ تہنٛدس ارادس پیٹھ سوال تلتھ۔
5271,شیٹھٕ وٕہٕرۍ فیونرل ڈایریکٹر ڈیرل جانسنن ووٚن جمعہ دۄہ فورٹ کولنز کولوراڈونس ز أمس ٲس نہٕ زانٛکٲری ز سہ چھ سہلاب شکارن ہٕنٛدس فہرستس منٛز یوٚتام نہٕ أمس اینڈرسنن پٔتمہ ؤریہ یہ ووٚن۔
5272,"یِم آرڈر چھِ گۄڈَے یکوٹہٕ تھاونہٕ یِوان ییٚتہِ زٕ آرڈر اَکی دُکان تہٕ ڈیلیوری وتہِ منٛز شٲمِل چھِ یِوان کرنہٕ تہٕ یِم گژھن یکہٕ وٹہٕ کرنہٕ یِنۍ۔
"
5273,تم ہیکن نتیجہ واپس دِتھ ، یا اكھ اضٲفی سوال پر٘ژھِتھ ۔
5274,أمہِ  دِیُت دوٚیمِس میچس منٛز راجستھانس خلاف  114 رنو  سۭتہِ  جواب تہٕ لَگاتار دوٮ۪و سنچریو سۭتہِ  گوٚو  1970-71 كِس   ویسٹ انڈیز دورٕس خٲطرٕ ہندوستٲنہِ  ٹیمس  منٛز مٗنتخب ۔
5275,"2006 ہَس تام ٲسہِ اُہلینڈَس منٛز 386 نفر روزان۔
"
5276,मुख्तलिफ अलगोरिदम यिम मुश्किल हल छि करान हेकन वारियाहव तरीकव  बेहतर या खराब आसिथ  .  
5277,بہٕ ژاس رِٹیل گودامس منز تہٕ گوم سڑیمژِہ لکڑِ نش یینہٕ واجنِہ بدبو سۭتۍ حملہٕ ۔ 
5278,"خواب ٲس گۄڈٕ اکتوبر 2012 ہَس منٛز ریلیز گژھَن واجینہِ ۔ وونہِ گوو ، یہِ آیِہ پتہٕ 9 مئی 2014 تام مُلتوی كرنہٕ ۔
"
5279,"پرنسپل فوٹو گرافی گٔیہِ جون 2018 منٛز گوا تہٕ کولہاپورَس منٛز بناونہٕ آمٕتہِ زِیٛادٕ تَر سینَو سۭتہِ شروٗع۔ باقی آیہِ حیدرآبادس تہٕ مٗمبیی ہندِس محبوب سٹوڈیوَس منٛز شوٗٹِنٛگ کرنہٕ۔
"
5280,برصٔغیٖر ہندوستانس تہٕ پاکستانس منٛز خوٗنریز  تقسیمن انہِ   جشنس  منٛز كمی ۔
5281,آسٹریلیاہس منٛز چُھنہٕ مردن ہنٛزِ کھیلِہ خٲطرٕ تقریبا کانٛہہ مٲلی مدتھ ، لہذا تِمن پزٕ پنُن زیادٕ تر خرچہٕ پوُرٕ کرُن، یَتھ منٛز بین الاقوٲمی مقابَلن منٛز ینہٕ گژھنٗک سفر تِہ شٲمل چُھ ۔
5282,ندھی چھےٚ اکھ سیٔز سادٕ انہٕ ۂرش کوٗر تہٕ عام پٲٹھۍ چھ أمۍ سٕنٛزٕ وٮ۪سہٕ أمس امہ خٲطرٕ پامہٕ دوان۔
5283,فورسبیکا چھ سویڈن کس گیولبورگ کاؤنٹی منز گیولے میونسپلٹی ہُند اکھ علاقہٕ۔
5284,امہ علاوٕ کوٚر امہِ غازا ہٕچ ناکہ بندی ختم کرنٗک مطالبہٕ۔
5285,ڈونورا، پنسلوانیا چہِ اكِس زنانہِ پیٹھ چھُ پننِس 12 وہرِس بابتھٕرس سٕتہِ جِنسی تعلٗقات بناونہٕ باپت زٕطوائفَہٕ كِرایس پیٹھ اننٗك الزام لگاونہٕ آمٗت ۔ 
5286,ایجیکولیٹری ڈکٹ ایجیکولیٹری ڈکٹ چھٗ انسٲنی مردانہ عضاہن  ہنٛد حصہٕ۔
5287,"اگر تۄہہہِ فَن کٲرچھِوٕ   توہہِ كرِیو آن لائن یا مقٲمی دُکانن پٮ۪ٹھ اتھہٕ سۭتہِ بنٲومٕتہِ  چیٖز کٕننٕچ کوٗشِش۔
"
5288,پیڈگاونٛکر گزریو 86 چِہ وٲنٛسہ منٛز أکس کمٕے کال چہ بیمار پتہٕ ممبیی منٛز۔
5289,حقیقت چھ یہٕ زِ  مادی چیزن  چھنہٕ خٗشی ہنٛز خوُبی آسان تہٕ لہذا ہیكہِ نہِ یمۄ٘ پیتھہٕ خٗشی پر٘اونہٕ یِتھ ۔ 
5290,بھارت یا چین ہِشن اُبرَن والین بازرَن منٛز  سرمایہ کٲری ہُنٛد خیال  ہیٚکہ تمبلٲوِتھ۔
5291,مےٚ كھو٘ت  شرارت ییٚلہ مےٚ وٗچھ  ز انتظامی ٹیمن چھ ؤری وادن دکاندارن نِش  طرفدٲری باپت پونٛسہٕ قبول کوٚرمت۔
5292,مغربی بنگالس منٛز چھ زٕ عالمی ثقافتی ورثہٕ جایہ  تہٕ  یہ چھ  بطور ہندوستانس منٛز  سٔتِمِس ساروۍ کھۄتہٕ زیٛادٕ وٕچھنہٕ ینہٕ وٲلس سیاحتی مقام  پٲٹھہِ  درج۔
5293,بنگ بندھو نیشنل سٹیڈیمن کٔر 2009  تہٕ 1 2018ونون ایس اے ایف ایف چیمپین شپٕچ میزبٲنی تہِ ۔
5294,مرکزی زیر انتظام علاقہٕ چھ جموں و کشمیر ہائی کورٹ کس اختیارس تحت، یُس لداخس خٲطرٕ تہ بطور  ہائی کورٹ کٲم کران چھُ۔
5295,اَکھ رَلہٕ مِلہٕ سبزی ہُنٛد شۄربہٕ، یَتھ کھٹکھٹے ونٛنہٕ چُھ یِوان، چُھ ہیٚنٛدیٚن تہٕ عیٖسٲیِن ہٗند ہِوی پٲٹھہِ  تہوار مناونس دوران اَکھ مشہوٗر سِیوٚن۔
5296,"لیوکوپینیا تہٕ جگرٕچ غیر معموٗلی فنکشن ٹیسٹ چھِ عام طور بیمارِ ہٕنٛدِس گۄڈٕنِکِس مرحلَس منٛز وُچھنہٕ یِوان۔
"
5297,مثلن، ییلہٕ گیمن ہنٛد بڑۍ حصہٕ چھ سکرپٹنگ زبانہ منٛز لیکھنہٕ یوان۔
5298,تٔمۍ کٔر آسٹریا تہٕ سوئٹزرلینڈ دۄشوٕنی منٛز کارٹنگ چیمپئن شپس منٛز ریس ۔
5299,"گھاناہس سۭتۍ چھ تٔمۍ قطرس منٛز فیفا ورلڈ کپ 2022 باپتھ کوالیفایی کوٚرمت۔
"
5300,نیشن سِٹیٹس-نیشن سِٹیٹس چِھ اکھ ویب سایٹ تہٕ براؤزرس پیٹھ مبنی گیم تہٕ آن لاین کمیوُنٹی۔
5301,شیواجیٚ ین اوس پنِنِیو  مُہمو ذٔریعہٕ وسیع ارٲضی تہٕ دولت حٲصِل کٔرمٕژ، مگر کانٛہہ رَسمی لقب نَہ آسنہٕ باووٚجوُد اوس سٗہ تکنیکی طور اكھ مو٘غل زٔمیٖندار یا بیجاپوُری جاگیٖردار سُنٛد نیٚچوٗ، ییٚمِس نہٕ در حقیقت حكوُمت كرنہٕ باپت كانہہ قونوُنی بٗنِیاد ٲس ۔ 
5302,"پتٕكہِ  مۄغل سلطنت کہ دورٕکہِ متن یمن منٛز ہریدوار کس ضِمنس منٛز ""کٗمبھ مٲلہٕ "" اصطلاح  شٲمِل چھے٘  تمن منٛز چھ کُھلاستٗل  تواریخ تہٕ چہار گٗلشن شٲمِل ۔"
5303,سہٗ اوس 1980 پیٹھہٕ 1996 تھس تام ورجینیا ہاوس آف ڈیلیگیٹسٗک رٗکٗن۔ 
5304,راک کلائمبنگ چُھ اکھ جسمٲنی تہٕ ذہنی طور مشکل کھیل، یس اکثر کوہ پیماہن ہنٛز طاقت، برداشت، چستی تہٕ توازن سۭتۍ سۭتۍ ذہنی کنٹرولچ جانچ چھ کران۔
5305,"نرمدا دریاوَس تِہ چھِ نرمڈییا برہمن ماجہِ دیوی پٲٹھۍ پوٗزا کران۔
"
5306,نزدیکی فیشرالپ چھ فیش سٕنٛدۍ دٔسۍ چلاونہٕ یوان تہٕ یہ چھ ایگیشورن لفٹ کہ ذٔریعہٕ دٔستیاب۔
5307,یہِ آو دریافت کرنہٕ زِ نوجوان این ایچ ایل سٹار سٕنز  قۭمتی میموریل کپ رِنگ تہٕ واریاہ قۭمتی ٹورنامنٹٕچہِ گَرِ آیہِ وینکوور، کینیڈاہَس منٛز تِہنٛدِ گَرٕ منزٕ  ژوُرِ نِنہٕ۔
5308,گنیشن مون ، تہٕ بنٲوٕن گنیش سٕنٛزن خانٛدارنین ، رِدھی تہٕ سِدھی نش پٲدٕ گژھن واجِنیو خودٲیی ریہو٘ سٕتہِ سنتوشی ما ناوٕ اکھ کوُر ۔
5309,کٹی ہِنٛد ممبران چھِ أمِس لولہٕ بوٚرُت استقبال کَران تہٕ  سُہ چھُ جلدی واریاہَن موقعن پیٹھ	کٲم کَران۔
5310,مییڈس چھ کیرل اٮ۪ل منذٹرس سۭتہِ خانٛدر کٔرتھ تہٕ تمن چھ اکوٹہٕ زٕ شرۍ۔ 
5311,اَمِہ بینکُک بنیٲدی مقصد چُھ گَرٕ بناوٕنۍ ۔ 
5312,علاؤالدین سںدِ ، یُس جولٲے 1296 تھس منٛز پننِس عروُجس تام  علی گرشاسپ نٲوٕ زاننہٕ یوان اوس، ، علاؤالدنیا واد دین محمد شاہ السلطان لقبہٕ  نو٘و بادشاہ بننٗك  عیلان  آو  کاراہس منٛز  رسمی طور کرنہٕٕ ۔
5313,رائفل لوڈ کرنہٕ باپتھ آس سپاہ پاوڈر تراونہٕ باپت کارتوس ژوٚپ ہٖیوٚن پیوان۔
5314,اکھ سرکس ہسٔی گوٚو آتھٕوار دۄہ رأژہٕ سوئٹزرلینڈ کس شہر زیورچس منٛز پننس ہینڈلرس نشہ ژلنس منٛز کامیاب امہ برٛونٛہہ ز مقٲمی پولیسن تہٕ سرکس کیو جانور رچھن والیو کوٚر سہ دوبارٕ بند۔
5315,بھاگوت پُران چھُ یوگا کِہِ أکِہ قٕسٕمَہٕ پیٹھہٕ واضح گژھان  یَتھ وِراہ (علیحدگی) بھکتی ونان چھِ ، یو٘سہٕ  کرشنَس پٮ۪ٹھ توجہ دِنَس پٮ۪ٹھ زور دِوان چھے٘ ۔۔
5316,ییٚلہ زن امہِ  تیوہارٗك ناو   رام سٕنٛدس ناوس پٮ۪ٹھ  تھاونہٕ آمُت چھُ ، اتھ تہوارس منٛز چھٗ رام سنٛز زندگی ہنٛز دٔلیٖلہ منٛز یِہندِ  اہمیت كِنہِ خاص طور  سیتایہِ، لکشمن تہٕ ہنوُمان سٗنٛد احترام شٲمل   ۔
5317,2019 ہس منٛز گوٚو سوٗ تھایی لیگ 1 کلب بنکاک یوناییٹڈس منٛز۔
5318,واریاہو موسیقارو کٕر اتھ معاملس منٛز طرفدٲری ۔
5319,بُڑن (70 وری تہٕ تمہ کھۄتہٕ بڈٕ) منٛز،≈ 6% افرادن منٛز اوس وٹامن B12 اوس مقرر  کھۄتہٕ کم ارتکاز۔
5320,کولیئرز چھِ وُنیُک تام تبصرٕ خٲطرٕ  غیردستیاب۔
5321,منی کیشوری مندر چھُ ہندوستٲنہِ ریاست اٗڈیسہ،  کِس ضلعہٕ کالاہانڈی منٛز واقع ۔
5322,کلکتہ یونیورسٹی تہٕ جادھوپور یونیورسٹی چھے٘ باوقار تکنیکی یونیورسٹی۔
5323,رِیستچہِ سركٲرۍ زبانہٕ چھے٘ انگریزی ،سِكھِمی  نیپٲلہِ ، سِكھمی ( بھوُٹِیا ) تہٕ لیپچا۔
5324,آدی ناتھ سٕنٛز مورتی  چھُِ مندرَس انٛدَر تھاونہٕ آمٕژ تِکیٛازِ مندرُک مُلنائک تہٕ چکریشواری دیوی چھِ أکِس لۄکٹِس سمادھی منٛز تھاونہٕ آمٕتۍ۔
5325,یٗتھ اكھ اكِس سٕتہِ مشاورت، یُس شٕدت سان وسائلن ہٗند   أستھ ہیكہِ ، چُھ اكِس شخصہٕ سنٛدس خطرس پیٹھ آسان ، یمن حالاتن منٛز خطرٕ  پٲدٕ چُھ گژھان، تہٕ ذأتی مقصٔد طیہ  کرنٕہ چین حکمت عملین ہنٛدِس استعٔمالس پیٹھ ۔ 
5326," وسطی  ہندو متس منٛز، کٔر بھکتی تحریٖکن  ذٲتی دیوتا یا اعلیٰ شخصیت کِس تصورس وکالت۔
"
5327,ٹرنک استحکام ہیٚکہ متٲثر گژھتھ ؛ زیٛادٕ تر اعلی سطحٕک زخمن منٛز۔
5328,لیک سٕنٛز پرورش سپز کونڈوبولین تہٕ بیکن ہل، سڈنی  منٛز ۔
5329,"ایلکٕس کہِ نوِ ناوُک اعلان آو 1 جوُن 2021 ہَس منٛز کرنہٕ۔
"
5330,ہاناسکوگ چھ سویڈن کس اسکین کاؤنٹی منٛز اوسترا گوینج بلدیہک اکھ علاقہٕ ۔
5331,یہِ اوس نیوُ انگلینڈ کِس  توٲریخس منز ساروی کھوتہٕ در٘وگیو٘  طوفانو٘ منزٕ اکھ ۔
5332,دویمین جاین چُھ ڈاکٹر میرا دتا (دیویا دتا)، اکھ نفسیٲتی معالج یُس تِمن معاملن منٛز مہارت تھاوان چُھ یِمن ہُنٛد جواب سائنسَس نِش چُھنہٕ آسان، راگنی سُنٛد مقدمہٕ تلان۔
5333,پُلاکیشِنن کٔرِ پلواہن خلاف جنوُبس منز کیہنہ کامیٲبی تہِ حٲصِل، مگر ٲخرس کھیون شِکست ، تہٕ آو غٲلِبن  پلوا بادشاہ نرسِمہا ورمن سندِس حملس دوران  مارنہٕ ۔ 
5334,یہ کونٛز چھنہٕ اکثر آرکیسٹرل موسیقی منٛز ماڈیول کرنہٕ علاوٕ استعمال یوان کرنہٕ۔
5335,"تِم ہیٚکن اسرایلٕکۍ شہری بٔنِتھ، مگر تِمو یوٚژھ نہٕ بَنُن۔
"
5336,ریسٹَرانٹٗك كھین ، جِم میمبرشِپ ، ماہانہٕ سیل فون بِل چھِ سۄ خریدٲری ییمِیوٗك توہہِ احتیاط سان جٲیزٕ ہِیو٘ن پزِ ۔ 
5337,آرچری آسٹریلیا بورڈٕک ارکان تہ ٲسہ از مقابلہٕ کرن والین منٛز شٲمل، یمن منٛز آرچری آسٹریلیا ہک سی ای او جم لاروین تہ شٲمل اوس۔
5338,سُہ اوس اَکھ قدامت پسند ییٚمۍ کاربار تہٕ کم ٹیکسن ہٕنٛز حمایت کٔر ۔
5339,کیسن کٔر اے آر اِیی ڈریم ریڈنگ ہنٛز بنیاد تہٕ رہنمٲئی تہِ ۔
5340,"وقتس سۭتہِ سۭتہِ چھُ جشنَن قوم پرستی پیٹھ  زور دِنہٕ پیٹھہٕ  ہندوستان كین  تمام چیزن ہٕنٛدِس وسیع تر جشنَس منٛز تبدیل گومُت۔
"
5341,نو زاد شر رٔٹیوٗن کھڑا، تٔمۍ سنٛد کلہٕ ہۄنگنہ سید سیوٚد تلہٕ تھٲوتھ۔ 
5342,أمہ سنٛد گنٛدنک موقعہٕ گوٚو 2007 پیٹھٕ کم تہٕ سہ گوٚو 2008 کس سیزن کس ٲخرس پٮ۪ٹھ سبکدوش۔
5343,لۄکٹس پیمانس پیٹھ آب پاشی ہنٛد منصوٗبہٕ چھ ہنٛدستانس منٛز استعمال گژھن وٲلۍ آب پاشی ہنٛد منصوٗبن ہنٛز درجہٕ بندی۔
5344,اَتھ منٛز چھُ اکھ بوٹینیکل گارڈن تہِ تہٕ اَمیِوٗک کینٛہہ حِصہٕ چھٗکھ  ركھ  قرار دِیوٗتمٗت ۔
5345,زنانہٕ چھےٚ نزدیکی حویلن منٛز ہریانۍ لٗکہٕ بٲتھ گیونہٕ تہٕ اورٕ یور ڈالہِ دِنہٕ باپت سمان ۔ 
5346,یہِ یادگار چھُ کَنہِ سۭتۍ ژٔٹِتھ مٹھ یا مندر۔
5347,تٔمۍ کٔر پننہِ کیریئرٕچ شروعات أکِس مرکزی اداکار سندۍ پٲٹھۍ، حالانکہ سُہ روٗد معاون کردارن تہٕ مُخٲلفن پٲٹھۍ زیادٕ کامیاب۔
5348,موسیقی ہٕنٛدِ آلات تِہ چِھ کٲفی خاص ، یتھ کٔنہِ زَن زٕ نٕیہ  یتھ آولوس ونان چھ ۔
5349,تٔمہِ گیوٗنٛد کروشیا انڈر 17، انڈر 18، انڈر 19 تہٕ انڈر 21 قومی فٹ بال ٹیم خٲطرٕ۔
5350,یم ایجنسی چِھ صارفینن ہنٛزن شکایتن ہنٛز چھان بین کران تہٕ صارفینن ہنٛدِ تحفظیٲتی قونون نٲفذ کرِتھ ۔
5351,"2010 چہ مردم شمأری مطٲبق ٲسۍ تتہِ 25,241 لٗکھ روزان ۔"
5352,امہ بجایہ تھٲیو کانٛہہ چیز واپس شیلفس یا ریکس پیٹھ، دیو مالس اورٕ یور ِدیو چكر ، تہٕ سونٛچِو ز تۄہہ چھوٕ پٔزۍ  یہ یژھان یا تۄہہ چھا امہ چیٖزٕچ ضروٗرت۔
5353,سُہ اوس کینٹکی کِس سٲبقہٕ گورنر لوئی بی ننَس سۭتہِ ووٹس پیٹھ ۔ 
5354,"لغت: اکھ لغت چھےٚ لفظن ہنٛز فہرست تہٕ تہنٛد مطلب۔
"
5355,پرتھوی راج آو پجن رائے یس مہوباہُک گورنر  مُقرر کرنہٕ پتہٕ دِِلہِ واپس۔
5356,یہِ  بَنٲیِو بس  یٔقیٖنی زِاگر یہِ ظٲہِر گژھِ زِ تۄہہِ چھوٕ نہٕ پٔزۍ  كان٘ہہ دِلچسپی  تُہۍ ہیٚکِو محكم روُزِتھ نہٕ ونِتھ ۔ 
5357,امہِ بدلہٕ چھِ تِمن اشتہٲرِیت  تہٕ ذراعع ابلاغن منز جایہ میلان ۔
5358,نوٚو بناونہٕ آمٕتۍ اسلام آباد انٹرنیشنل ایرپورٹن  رٔٹ  میے 2018 منز امٕچ جاے۔
5359,مونیکایہ روُد نہٕ کانٛہہ تہ چارٕ؛ سۄ چھےٚ سورج سٕنٛدس بلیک میلس تل گژھان تہٕ سورج چھ پنٛنین دوستن سۭتہِ کینیا ہس منٛز چھُٹی مناوان۔
5360,میلبورن مڈفیلڈر ٹام پونڈیلجاکن کوٚر شیٚمِس منٹس منٛز لانگ رینج سٹرائیک سۭتۍ میچہٕ خٲطرٕ وٲحد گول۔
5361,"ابتدٲیی منظرنامہٕ مسودٕ لیکھنہٕ پتہٕ آیہ سدھارتھ گریما بولہ، زبٲنہ ہٕنٛدس طٔریٖقس تہٕ لہجس پٮ۪ٹھ تحقیٖق کرنہٕ خٲطرٕ گجرات سوزنہٕ۔
"
5362,اے کے سی یُک دٔہِم سیزن آو 2017 ہَس منٛز گورگن، ایرانَس منٛز گِنٛدنہٕ یَتھ منٛز ہندوستانَن فاینلس منٛز پاکستانَس شکست دِتھ پنُن دٔہِم سۄنہٕ تمغہٕ زیوٗن۔
5363,پورٕ دُنیاہَس منٛز آیہِ آئی او ایس تہٕ اینڈروئیڈ 22 اکتوبر 2014 ہَس منٛز جٲری کرنہٕ۔
5364,قصبہٕ کس جنوٗبس منٛز چھٗ اکھ تیزی سان اكھ بند تٲمیر كرنہٕ یوان ۔
5365,"سوم تہٕ سور ٲسۍ ویدک معاشرَس منٛز مقبول مشروبات، یِمَو منٛز سوم مذہبَن جایز  اوس کوٚرمُت۔
"
5366,پریشان کٗن پھِسراریہ آوازٕ آسہٕ پریتھ دیوارٕ منزٕ نیران باسان ،اكھ  خوفناک، ناقابل بیان کورس۔
5367,"کلب گوٚو 2011 ہَس منٛز بنٛد، تِکیٛازِ اتھ ٲسہِ  خراب مٲلی مسلہٕ ۔
"
5368,یجناوالکیا سمرتی آیت 3.79  چھے٘ تٲید كران  ز بچہِ سند صحت مند نشوونما، اڈٕ لیوك  رکاونہٕ تہٕ تمہِ سندِ  صحت باپت  گژھن بییہ زوُوٕ  زنانہِ ہنٛزٕ خٲہشہِ پوُرٕ گژھنہِ۔
5369,"روسی انا ایفیمینکوَن کوٚر زنانَن ہٕنٛدِس 400 میٹر فری سٹائل کِس ایس 13 کلاسَس منٛز  4 منٹ تہٕ 37.37 سیکنڈَن ہُنٛد وقتہٕ سۭتۍ اکھ نوٚو عالمی ریکارڈ قٲیِم۔
"
5370,یودھیشتھرن کوٚر بھیم ہستناپورک سینا پتی مقرر۔
5371,غٲر بائنری لوکن ہنٛد تہٕ غربتس منٛز روزنک امکان چُھ زیادٕ ہاونہٕ آمت ۔
5372,"تمہ کوٚر پننہِ اداکٲری ہُند آغاز مانی رتنم سنز 1997  تامل فلم اروورس منز تہٕ امیے ورۍ یہِ اور پیار ہو گیا ہَس منز کٔرٕن پنٕنۍ گۄڈٕنٕچ ہندی فلم ریلیز۔
"
5373,یہِ فہرِست چھُ سِلسلہِ وار قتل كرن وٲلہِ ہاوان تمو٘ كٲتہِ كٕرِ شِكار تتھ ترتیبس منز ۔
5374,"امہ کس نٔتیٖجس منٛز ہیٚکہ نوٚو الیکشن، یا بدتریٖن صوٗرتہ حالن منٛز خانہٕ جٔنٛگی گٔژھتھ۔
"
5375,افغان حکمران باز بہادرس آو سارنگپور کِس جنگس منٛز شکست دِنہٕ تہٕ سُہ ژول پنُن حرم، خزانہٕ تہٕ جنگی ہسۍ ترٲوِتھ پناہ خٲطرٕ خاندیش۔
5376,ساینس دان چھ ٹیسٹ کہ نمونہٕ منٛزٕ وایرل جینوم چہ کاپیہٕ ژھٲنٛڑتھ نپاہ وایرسک پے کڑان۔ 
5377,امی وقتہٕ پھہلییہ زنگ رنگہ پوٹری کلچر راجستھان پیٹھ گنگا کس میدانس تام۔
5378,شُمال مشرقی وَہراتھ ، یو٘سہٕ  ستمبرَس منٛز شُروٗع گَژھان چَھے ، چَھ وَہرٲژ پتہٕ کِس موسمَس تام  روزان، تہٕ صِرِف مارچس منٛز مۄکلان۔
5379,"کینٛہہ قٕسٕم چھِ سستہٕ دُکانَن منٛز ظٲہِر گژھَان یِم پرٛٲنہِ یا ژھینِمٕتہِ  باسان چھِ۔
"
5380,20 مہ صدی ہندِس ٲخرس منٛز كو٘ر  تامِل ہیندِ محاجرو برطانوی تامل مندرَن منٛز مندرن منٛز رقصچ بھرت ناٹیم ریوایتھ  دُبارٕ مُتعارف۔
5381,اکھ فالجٗك ٹاس  ہیٚکہ آزادانہٕ  تہٕ معیاری زِندگی ہندِس اہلِیتس مٗتٲِصِر كرِتھ ۔ 
5382,تٔمۍ کوٚر بیٚیہٕ ؤریہ یونیورسٹی آف کیلیفورنیاہس منٛز پنٛنہ کوچنگ کیریرک آغاز۔
5383, چندا صٲحیب نِیو٘  فرانسیسی حیمایتیو٘ دسہِ پانڈیچری پیٹھ پتھ كھسنس پیٹھ مجبوُر كرنہٕ برونہہ   گوٚو سُہ جنوُبی ہندوستان واپس ییٚتہِ أمہِ  چندا صٲحبس مارٕچ 1741  ہس  منٛز شکست دِژ ۔
5384,منجھا گھاسہٕ  چُھ کمرس أنٛدِ اندِ  گنڈٕنہٕ یِوان۔
5385,وون ہٮ۪کہِ ریوٹ  پنِنہِ زٔمیٖن دٲری  باپتھ غۄلامن پیٹھ  اِنحصار کٔرِتھ تِکیٛازِ  تِہندِ  غۄلام ٲسہِ كینژن جاین فوجس منٛز بٔھرتی گٲمٕتہِ ۔
5386,تُہۍ ہیٚکِو بچن ہنٛز پرورشہ منٛز پونٛسہٕ بچاونہٕ خٲطرٕ پارٹ ٹایِم کٲم تِہ کٔرتھ۔
5387,تخمینو مطابقIT تہٕ ITES صنعت باپت درکار انسٲنی وسیلک تقریباً 50 فیصد اوس امی ریاست منز حٲصل سپدان۔
5388,تم چھ لڑان، تہٕ روکساسس چھ ننان ز سہ ہیٚکہ کی بلیڈ استعمال کٔرتھ۔
5389,انڈین نیشنل کانگریس بنییہ  یِنہٕ والین لگاتار پانٛژھَن عام الیکشَنَن منٛز لوک سبھاہَس منز ساروٕی کھۄتہٕ بڈ جماعت۔
5390," البتہ بے گنڈ تجرُبو سۭتۍ  حمایت 
 سپُد نہ  2015 ہس تانۍدستِیاب۔"
5391,امہ واقعٕچ یاد مناونہٕ خٲطرٕ چھ تلسی ویواہٕچ تقریب مناونہ یوان۔
5392,آیہ لٕو یوُ آیہ لٕو یوُ اوس اکھ کمپیوُٹر ورم یٗس گۄڈنِچہِ لٕٹہِ  5 مئی 2000 منزدوہٕ  نموُدار گوو ۔
5393,اویناش چھ میزس پؠٹھ کٮ۪نٛہہ وٕچھنہٕ خٲطرٕ دیوس پؠٹھ جھکان تہٕ دیو چھ واضح پٲٹھۍ رد عمل دوان۔
5394,یہٕ علاج ہیکہِ نہٕ سینہٕ کین مختلف کینسرن ہندِ خٲطرٕ اثر دار ٲستھ۔
5395,"یہ چُھ ہنٛدستٲنہ ریاستن تہٕ مرکزی زیر انتظام علاقن لداخ، ہماچل پردیش، اتراکھنڈ، سکم تہٕ اروناچل پردیشس سۭتۍ 4,057  کلومیٹر پکان۔"
5396,متھرایکنچی کتابِہ منٛز، مصنف منکوڈی ماروتھانار چھ پننس سرپرست، تالیہلانگنم نیڈنجیلیان سنٛد حوالہٕ کورکائی سنٛد رب تہٕ جنوبی پراٹھاور لوکن ہنٛد جنگجو سٕنٛدۍ رٔنگۍ دوان۔
5397,وقتُک حد چھُ ریاست تہٕ شہرٕ کہِ لحاظٕہ  الگ الگ، مگر یہ چھُ عام طور40 تہٕ 160 دۄہن درمِیان آسان۔
5398,تِمن پتہٕ پتہٕ چھے٘ بجھن گیوان گلوكارن ہنز جمٲژ تہٕ عقیدت منز كورسس منز گیوان گیوان پكان ۔ 
5399,سری اکال تخت صاحب، یس گولڈن ٹیمپل کمپلیکسس منٛز چھ، چھ سکن ہُند ساروٕے کھوتہٕ تھٔز عارضی نشست۔
5400, مےٚ اوس نہٕ سونٛچمتٕیہ  ز تمن آسن فورڈ فوکسٕکۍ پٗرزٕ سٹاكس منز مگر تمن ٲسہِ۔
5401,اکہ لٹہ ییٚلہ توہہِ دستبردٲری ہندِ خرچٗك  حساب كریو٘  تہٕ سالانہٕ  وضیفٗل محادٕ  رد کرنک فٲصلہٕ کٔریو، تۄہہ پییہِ انشورنس کمپنی خرچہِ  ادا کرنٗك  ضٔروُرت۔
5402,وقتس پٮ۪ٹھ واتنہٕ خٲطرٕ چھ أمس دۄہَے ستَتھ کلومیٹر پکنٕچ ضوٚروٗرت ۔
5403,"زیادٕ تر قسطن خٲطرٕ آو موادُک مطلوبہٕ مقدار عقص بند  کرنہٕ۔
"
5404,"اولونکھو چھ عظیم انسانن تہٕ جانورن متعلق اکھ مشہوٗر یاکٹ دٔلیٖل۔
"
5405,امریکہ ہس منٛز آیہِ یہٕ فلم ریٹِنگ ورٲیۍ ریلیز کرنہٕ۔
5406,مےٚ ژھن اکھ ملٲزم شرارتس منز کٔڑتھ ییٚلہ مےٚ سہُ سٲنس أکس مقابلہٕ کرن وٲلس سانین بہترین تکنیکی ماہرن متعلق زانکٲری دوان روٚٹ۔
5407,ہِندوستٲنۍ میدٲنی علاقن ہِندین کینژن حِصن منٛز چُھ درجہ حرارت کُنہِ ساتہٕ منجمد کھۄتہٕ تہِ کم گژھان۔
5408,زبٲنہِ  روایت چھےٚ لُکہٕ دٔلیٖلو تہٕ بٲتو٘  ذٔریعہ زِنٛدٕ تھاونہٕ یوان۔
5409,انگریزی آو  گۄڈنِچہ لَٹِہ ملیشیاہس منٛز استعمال کرنہٕ  ییٚلہٕ برطانوی  ملیشیا تہٕ سنگاپور آیِہ۔
5410,مثال کے طور پر، اگر تۄہہ نش اکھ پرٛانہ كار چھے٘ یۄسہٕ کُنہِ تِہ وِزِ خراب  گژھتھ ہیٚکہ، توہہِ چھٗ تیلہِ اچانك ہنگٲمی خرچہِ گژھنٗك اِمكان ۔ 
5411,تٔمہِ چُھ 1975 تھس منٛز نوشاد سٕنٛدِ خٲطرٕ آشا بھوسلے  سۭتہِ اکھ دُ گانہٕ “ہٮ۪لو ہٮ۪لو کیٛا ہال ہے“ تہِ رِکارڈ کوٚرمُت یُس فِلِم سُنیٚہرا سنٛسار خٲطرٕ کِشور سُنٛد وٲحِد بٲتھ اوس۔ 
5412,مسلسل مشقہِ  ذریعہٕ چھٗ انسان مستقل تبدیلی پٲدٕ کرنہٕ خٲطرٕ فعال سرگرمین دوران ہیمیپلیجک اعضا استعمال کرٕنہِ تہٕ تم پانناوٕنہِ بییہ ہیچھان ۔ 
5413,حالانٛکہ أمۍ اوس گۄڑنٮ۪تھ دعواہس نکار کوٚرمت، چڈا گٔیہ پتہٕ یہ کردار ادا کرنس پؠٹھ رضامنٛد۔ أمس آو نہٕ فلم بناونٕکس أکس رؠتس تام پوٗرٕ سکرپٹ دنہٕ۔
5414,بوچٹن کٔر 1874 منٛز ییل یونیورسٹی پیٹھہٕ  بیچلر ڈگری حٲصل ۔
5415,مشہور ہندوستٲنی قوم پرست لالہ لاجپت راین کٔر لاہورس منٛز أکِس احتجاج قیادت۔
5416,کینژن لوکن ہنٛد ونن چھ ز رسم الخطچ زبان گژھہ کنہٕ خاص استعمالس سۭتۍ جوڑتھ آسنۍ۔
5417,کبڈی آیہ ہنٛدستٲنہِ، نیپالہِ تہٕ سری لنکٲیی تارکین وطنو دٕسہِ  برطانیہ اننہٕ ۔ 
5418,"گۄڈٕنِیٛک چیٖز یۄس توہہِ مصنوُعاتن ہندِس صفس پیٹھ وٗچھِو٘ سوٗ چھٗ یہِ زِ ٹاپ لیول چھُ دۄن طرفن منٛز تقسیٖم کرنہٕ یِوان۔
"
5419,یِتھ پٲٹھۍ تھوٚو سُہ رقم دِنہٕ ورٲے پنُن پان ثٲبِت کرنٕچ پوزیشنہ منٛز۔
5420,سیروانی آبشار چھُنہٕ امہِ جایہٕ پیٹھ زیادٕ دوٗر۔
5421,مدراس کس میئرلٹی سند دفتر آو 1688  منز قٲیم کرنہٕ۔
5422,تِمو زِیوُن دویم سرتلہِ تمغہٕ ییٚلہ چلی ہن 1959  ایف آی بی اے عالمی چیمپئن شپٕچ میزبٲنی کٔر ۔
5423,سٔرچ انجن چِھ کُنہ تہِ چیزٕ کِس بارس منٛز جلدی تہٕ آسٲنی سان زانٛکٲری حٲصل کرنہٕ خٲطرٕ واریاہ کارآمد۔
5424,کیرالہ چھ پننہ ماحولیٲتی سیاحتی پہلون خٲطرٕ زاننہٕ یوان یتھ منز مغربی گھاٹس منز پہاڑن کھسُن، پیدل سفر تہٕ پکھش وٕچھنٕکۍ پروگرام اہم سرگرمین مَنٛز شٲمل چھ۔
5425,"تمہِ آن لائن سٹورٕ خٲطرٕ ہیٚیِو اکھ گِفٹ کارڈ مۄلہِ یتہِ توہہِ  پنٕنہِ خٔریٖدٲری کرٕنہِ یژھان چھِوٕ ۔
"
5426,یِہ چُھ ہِنٛدوستان چِہ رازدٲنہِ دِلہِ پٮ۪ٹھ 255 کلومیٹر دوُر ۔
5427,کرن جوہر سُنٛد پروڈکشن ہاؤس دھرما پروڈکشنن کٕر فینٹم پروڈکشنَس سۭتہِ ، یُس ژورو فلم سازو انوراگ کشیپ، وکرما دتیہ موٹوانے، وکاس بہل تہٕ مدھو منٹینا چَلاوان چھِ ، اتھ فِلمِہ مٲلی معاونت  ۔
5428,تمہ  زینۍ أٹھ پرٲٮم ٹٲٮم ایمی تہٕ اکھ ڈے ٹٲٮم ایمی ایوارڑ ۔
5429,فیکل مائکرو بایوٹا ٹرانسپلانٹس منٛز چھ فیکل اینیما کہ ذریعہٕ انسٲنی پروبائیوٹکسُک انفیوژن شٲمل۔
5430,وسابی چھُ اکھ مسالہٕ یُس رٮ۪وٲیتی طور گوبھی خاندان کہِ کُلہِ پٮ۪ٹھٕ تیار چھُ یِوان کرنہٕ۔
5431,ییٚلہ سۄ فرسٹ لیڈی ٲس، تٔمۍ کٔر صحت چہ رٲچھ راوٹھ ہنٛد نظام بدلاونٕچ کوٗشش۔
5432,تاہم، چھ امہ چہ آبٲدی منز اضافک شرح واریاہ زیادٕ، یُس 2001 تہٕ 2011 درمیان اوسط 12.36 %  اوس۔
5433,لسٹِگ مُود 23 فروری  2016 جرمنی کِس بوہمسٹیڈٹس منٛز پننہ گرِ۔
5434,واریٛاہ لوٗکھ چھِ ماہی دریاوٕچ پوٗزا کران تہٕ اَمہِ کِس بٔٹھِس پیٹھ چھِ واریاہ مندر تہٕ عبادت گاہ۔
5435,"فن لینڈس منٛز بٔستین ہنٛز فہرست - یہ چِھ فِن لینڈ کٮ۪ن قصبن ہٕنٛز فہرست۔
"
5436,تٔمۍ تہٕ لن زیین کوٚر نومبر 2008 منٛز اعلان ز تمن چھ شر زٮ۪ون وول۔
5437,"چندرگپت مورِیاہن بنوو ارتھ شاستر کِس مُصنِف چانکیہ سٕنٛدِ مددتہٕ سۭتۍ اَکھ فوج، تہٕ دِژٕن 322 قبل مسیح منٛز   ننٛد سلطنتس شکست۔
"
5438,أتھہِ  وقتس دوران گٔیہِ تٔمِس اَداکٲری منٛز دِلچسپی پٲدٕ تہٕ أمہِ  کٔر شوخہٕ موٗجوٗب سٹیج ڈرٛامہن منٛز اَداکٲری۔
5439,"آیٹمُک یو پی سی بار کوڈ کٔرِو دُوبارٕ سکین یُس سرکٲرۍ پٲٹھۍ یہِ آلہٕ پیٹھ ہٹاونہٕ خٲطرٕ چھُ۔
"
5440,پنجأبہِ سپاہو دٕسہِ  استعمال گژھن واجنہ باکسنگٕہ ہنز خاص شکٕل ٲس لوہ مُسٹی، تہ کیٛاز سکھن ہٕنٛد ذٔریعہٕ لگاونہٕ ینہٕ وول کو٘ر  ہیٚکہ سرتلہِ پنجٕكہِ پٲٹھہِ استعمال كرنہٕ یِتھَ 
5441,پولو، یتھ شٲہی کھیل ونٛنہٕ چھ یوان، گوٚو منی پورس منٛز شروع۔
5442, یِم چھِ آسامس منٛز چھِ بدلاونہٕ آمٕتہِ  اہم رٮ۪وٲیتی تہوار۔
5443,چکما لُکھ چھ میزورامس منٛز موجودٕ چکما خود مختار ضلعہٕ کونسل چکمالینڈ ناوس تحت مرکزی زیر انتظام علاقس منٛز دٲخل کرنک مطالبہٕ کران۔
5444,ریٹنَن زیٖنہِ 1984 کِس سَمر اولمپکسس منٛز سۄنہ سٗند، چاندِ ہٗند تہٕ لویوٗو  تمغہٕ۔
5445,"شیرشاہ ییلہِ پتیہ اوسٗس ، سوٗ كھو٘ت آگرا تام  پتھ ، ،تہٕ پتہٕ گو دِلہِ كِنہِ لاہور ۔

"
5446,کیتھولک چھ پھک ضلعہٕ، ووکھا ضلعہٕ، تہٕ کوہیما ضلعہٕ کین کینژن حصن سۭتۍ سۭتۍ کوہیما تہٕ دیماپور کین شٔہری علاقن منٛز کٲفی تعدادس منٛز لبنہٕ یوان۔
5447,یم پیچ چھ اکثر دۄشوٕے طرفو ہم آہنٛگی سان آسان تہٕ ہٮ۪کن شکٕل بدلٲوتھ۔
5448,یانی گیون محفل بوزتھ گوس بہٕ تازٕہ تہٕ دۄہ درٛاو رُت۔
5449,"ویٚلرام پیٚٹ جھیٖل چُھ ہِنٛدُستان کِس تامِل ناڈوٗ رِیاستس منٛز مركزی زیر انتظام علاقہ پُدوُ چیٚری منٛز اَکھ جھیٖل ۔ 
"
5450,نیٔنٛدٕر ترٛاوٕنہِ روزِ  نہٕ صرف وقت گٗزارنہٕ خٲطرٕ بلکہ تہنٛدس دۄہ دِش كِس موموُلس منٛز خلل نہٕ  گژھنہٕ نش بچاو خٲطرٕ تہِ بہتٔریٖن۔
5451,مشرق وسطی رٲبِطہٕ سیٹلائٹ فراہم کرَن وول عربساتَن ووٚن برٛسوارِ دۄہ زِ تِمَو چھُ عربی نیوٕز چینل العالم دُوبارٕ نشٕر کٔرمٕژ۔
5452,علاماتن پیٹھ مبنی تشخیص ہیكہِ شكاور ٲسِتھ  تہٕ امیوٗك تصدیق چھُ خوُنكہِ ٹیسٹ تہٕ ریڈیو آیوڈین جزب کرنہٕ سٕتہِ سپدان ۔
5453,کولٗگوس چھِ جنوُب مشرقی ایشیا کین گرم روُدٕ جنگلن منٛز روزان ۔
5454,گوڑنیوٗک ہینڈ ہیلڈ گیم کنسول اوس مائیکرو ویژن یٗس سِمِتھ انجینئرنگن بنوومٗت  اوس۔
5455,یہِ پین چُھ اَمیزانس پیٚٹھ کٕنٛنہٕ یِوان تہٕ امیُک قٕمتھ چُھ 5  ڈالر۔
5456,مركزی ہوٲیین جٔزیرٕ چھٗ سطح سمندر  کھۄتہٕ رژھا تھوٚد آتش فشاں۔
5457,زنگسکار وادی چھےٚ سٹوڈ تہٕ لونگناک دٔریاون ہِنٛدین تلاون منٛز واقع۔
5458,تٔمۍ کوٚر نہٕ امہ وقتہٕ کنہہ تہ، بظاہر سپاہن اوس عام درخواست گزار زانان مگر محلس منٛز ٲسۍ باقی جلدی بغاوتس منٛز شٲمل گژھان۔
5459,مےٚ چھ افسوس ز میون پسندیدٕ ٹیم چھنہٕ از جان گنٛدان۔
5460,"یِنہٕ والہِ بیٛکہِ ؤرِیہِ زیٖنۍ أمہِ کلبَن دُبارٕ ریاستی چیمپئن شِپ۔
"
5461,اتھ علاقس منٛز چھ واریاہ ڈایناسور فوسل لبنہٕ آمٕتۍ یمن منٛز ٹایٹینوسورس انڈیکس شٲمل چھ یس 1877 منٛز رچرڈ لیڈیکر سنٛد ذریعہٕ دریافت اوس آمت کرنہٕ، تہٕ حالٕے اوس راجاسورس نارماڈینسیس سٕنٛد دٔسۍ دریافت کرنہٕ آمت۔
5462,گوڈنیک بیس مین تہٕ ترٛیم بیس مین چُھ گوڈنکس بیس تہٕ ترٛیمس بیسس نزدیٖک ۔
5463,اتھ چھِ 70 کھوتہٕ زیادٕہ مٗلک  تہٕ اتھ منٛز چِھ لگ بھگ 147،000 مٗلٲذِم ۔
5464,"وینسٹاب آو 2006 منٛز البرٹا سپورٹس ہال آف فیمس منٛز دٲخل کرنہٕ۔
"
5465,"2022 ہَس تام چھِ صِرِف کاہو٘ کِھلاڑیٚو ترٛےٚ ٹرپل کراؤن ایونٹ زیٖنمٕتہِ ۔
"
5466,"اوگن اوگن یا اوگون چھ اکھ روح یس کٮ۪نٛہن افریقی مذہبن منٛز چھ ظٲہر گژھان۔
"
5467,تٔمہِ  گٗزور زیادٕ تر سیزن کیو ایم جے ایچ ایل کِس وکٹوریہ وِلے  ٹائیگرس خٲطرٕ گِنٛدنس منٛز۔
5468,سہ چھ جون 2017 پؠٹھٕ اینڈا کینی ہٕنٛز جایہ فاین گیلک رہنما۔
5469,اتھ تقریبس دِیُتھ کارڈینل کیرو صوبکۍ حکومتن فروغ ۔ 
5470,"کومنڈور ٲسۍ اکثر جبٕچ رٲچھ کرنہٕ خٲطرٕ کُنۍ زٔنۍ تراونہٕ یوان۔
"
5471,سِکن  سۭتۍ،  چھِ بینک نوٹ  تمام جدید پونسن  ہنٛز نقد شکل بناوان۔
5472,أتھ چھ بڈنٕكہِ انصر جٲری كرنہٕ ذریعہ   شوان خلیییہ حیمایت كران ۔ 
5473,اَمہِ علاوٕ ہٮ۪کَو قدیم  فرنیچر ٹھیكھ  کٔرِتھ ، دُوبارٕ رنٛگ کٔرِتھ ، یا نٔوِ کپرٕ سۭتہِ  دُبارٕ سجٲوِتھ چِك ڈی آیہ وایہ ہی بناونہٕ یِتھ ۔ 
5474,1883 منٛز  اوس  ہیومَن کلکتہ یوٗنیورسٹیِک گریجویٹَن ہندِ ناوٕ  أکِس چٹھہِ منٛز ہندوستٲنۍ مفاداتن نمٲیندگی کرن والین ادارَن متعلق پنُن خیال پیش کوٚرمت۔
5475,کمار سٕنٛز فلم ہاف ٹکٹک (2012 منٛز) ڈیجیٹل رنگہٕ ورژن آے تھیٹرس منٛز ریلیز کرنہٕ۔
5476,گاڈٕ سِنس  سۭتۍ بتہٕ چھُ گواہٕس منز مُولہ کھِین۔
5477,مغربی بنگال کِہِ مِدنی پوُرٕکہِ  کینٛہہ علاقہٕ تہِ چھِ سٔہلاب سۭتہِ  مُتٲثِر گٔمٕتہِ۔
5478,یہٕ چُھ خیال یوان کرنہٕ زِ وجہ اوس دلک حملہٕ یا فالج۔
5479,گمبٕل ڈسٹری بیوشن گمبٕل ڈسٹری بیوشن چھ انتہٲیی اقدارکہ امکانچ تقسیم۔
5480,امہٕ سۭتہِ  چھِ ناو ہموار آبس منٛز 70 میل فی گھنٹہٕ (113 کلومیٹر فی گھنٹہٕ) تام رفتار حٲصل كران ، تہٕ امیوٗک کششہِ ہٗند  بۄنِم مرکز چُھ زیادٕ استحکام تہٕ بہتر چلاوٗن  فراہم کران۔
5481,"رنٛگ تہوار یا ہولی چُھ زیٖٹھِس تہٕ زیادٕ وسیع سونتہٕ تہوار کہِ جشنُک اَکھ حِصہٕ۔
"
5482,پرٛؠتھ کٲنٛسہ ہنٛد طرفہٕ نکار کرنہٕ تہٕ صنعتس سۭتۍ کانٛہہ رٲبطہٕ آسنہٕ کنۍ چھ سورج بالی ووڈ کس بٔڑس خراب دنیاہس منٛز پنن وتھ ژھانٛڑنہٕ خٲطرٕ وٲحد نیران۔
5483,امریکاہس نش اوس بالہ پیٹھ 55 فیصد قبضہٕ مگر کوٚرن نہٕ کانٛہہ گول ؛ ٹیمس منٛز ٲس چیک ریپبلک گولس نزدیٖک جارحیت تہٕ تخلیقی صلاحیت ہنٛز کمی۔
5484,نٲیب صدٕر جان سی کالہونن کوٚر اتفاق، مگر صدٕر اینڈریو جیکسنن کوٚر اختلاف۔
5485,"کھیلٕچ بین الاقوٲمی گورننگ باڈی ولڈ نیٹ بالہِ مُطٲبِق چھِ یہِ کھیل 80 کھۄتہٕ زِیٛادٕ مُلکَن منٛز 20 ملین کھۄتہٕ زِیٛادٕ لوٗکھ گِنٛدان۔
"
5486,"پیٹروہن کٔر یونیورسیڈاڈ ایکسٹرناڈو ڈی کولمبیا پیٚٹھٕہ معاشیاتس منٛز ڈگری حٲصِل ۔
"
5487,یہِ كٗل استمال كرِتھ چھٗ  ژاسہِ تپس تہٕ دم گژھنس  یلاج كرنہٕ یوان ۔
5488,یِمن رِیاستن منٛزچھِ مشہوٗر ہنوٗمان منٛدر مثلاً ننٛگانہ لوٗر، نمَہٕ کَل، سُچِنٛدرَم، تِھرکاوِیوُر تہٕ اَلاتِھیوُر  یہِ دۄہ عٲلی شان پٲٹھہِ  تہٕ جوشہٕ سان مَناوان۔
5489,جنوُبی ایلپس چھٗ مغربی سٲہِلس بٔٹھِس پیٹھ  سرحدٕكہِ پٲٹھہِ  كٲم كران  ۔
5490,تیم سُند ناو چُھ جادوئی لفظ ابراکادابرا ہنز لفظن پیٹھ اکھ کھیل۔
5491,"سُہٕ چُھ اتھ سوالس متعلق معمارن تہٕ مورخینن ہنٛز ابہام پورٕ پأٹھ دستاویز کران۔
"
5492,"لَکٹِس ڈلس تہٕ بٔڑس ڈلَس دۄشوٕنی چُھ منزس  اکھ جزیٖرٕ، یَتھ بِلترتیب روپہٕ لٕنک (یا چار چِناری) تہٕ سونہٕ  لٕنک ونان چھِ ۔
"
5493,امہ پتہٕ تھوٚو أمۍ سٕنٛدۍ مامن چیرین متھائی ین کورین سنٛد خانٛدان پنٛنین پنکھن تل تہٕ انۍ ترٛچورس منٛز پنٛنس گرس منٛز۔
5494,"تتھۍ ورۍ یس منٛز آے تِم بییہِ 
 تہنٛزِ گۄڈٕنٕچ تہٕ وٲحِد بنگٲلی فلم ساگینا ماہاتو وس منٛز دوبارٕ جورِ پٲٹھۍ۔"
5495,سی ایٚن ایٛن نَس مُطٲبق گٔیہِ ڈینس کہِ وجہ سۭتۍ سٲرسٕے کیوباہَس منٛز کم از کم 10 ہلاکتہٕ۔
5496,ییٚلہِ تِم دروازن پیٹھ وٲتہِ  برہمن 	حٲکِمو کٔر دروازٕ بنٛد۔
5497,"یہ چھ تعلیمی شعبک اکھ تہوار تہٕ استاد سنٛد دۄہ، ""مذہبہٕ خٲطرٕ احترامک"" دۄہ ییٚمیک مقصد استاد سنٛد احترام کرن چھ۔"
5498,کڈ ناوک اکھ تخیلاتی لڑکہٕ چھ پانٛژ کاینٲتی واجہٕ لبنہٕ پتہٕ سپر پاور حٲصل کران۔
5499,نوا لفظُک مطلب چھُ نوٚو تہٕ کھائی  مطلب  کھٮ۪ن، اَمی مۄکھٕ چھُ اَمہِ ناوُک مطلب چھُ  کٔملین نِش چھُ نَوو لوُنمٗت دھانہِ ۔ 
5500,امیوک مطلب چھ ز أکس نفرس چھ زیادٕ کثرت سان پیشاب کرنٕچ ضروٗرت۔
5501,ییلہٕ زن تفتیش  جٲری چھٗ  ، پروازٕکہِ  دۄشوٕے رِکارڈر آیہ لبنہٕ ۔
5502,دریاو کیو یمو رسمو پتہٕ چھ یاتری آبس منٛز  ڈنگ دِوان، کھڑا گژھان، کینٛژس وقتس دعا  کران، تہٕ پتہٕ چھ دریاو کہ آبہ منٛز نیبر نیرآن۔
5503,اکھ روایت گیۍ تیزی سان امام حسین مزار تہٕ باقی کربلا شہداہن ہنٛز زیارتک تیار یتھ زیارت عاشورا چھ وننہٕ یوان۔
5504,"ٲٹھمہِ شیعہ امام علی الریدا سٕنٛدِ مطٲبق گژھہِ عاشورہُک دۄہ آرام، غم تہٕ دنیاوی معاملاتن پوٗرٕ پٲٹھۍ نظرانداز کرنُک دۄہ پٲٹھۍ مناونہٕ یُن۔
"
5505,گالف تہٕ رگبی دۄشوٕے چھِ اولمپک گیمَن منٛز واپسی باپت تیار۔
5506,واسکنڈے چُھ سویڈن چہِ گوٹلینڈ کاؤنٹی منٛز گوٹلینڈ بلدیہک اکھ علاقہٕ۔
5507,یہ مرطبہٕ گو٘  صرف چارٹر ایکٹ 1833 سۭتہِ  حٲصل یٔمہِ تمِس تمام برطانوی ہندوستانچہِ “ نِگرٲنی ، ہیدایت سازی تہٕ شہری  تہٕ فوجی حکومتٕٗك “ پوُرٕ یختیار عطا کوٚر۔
5508,امہ پتہٕ بنییہ سۄ وکیل تہٕ پتہٕ جج ۔
5509,"کریٛہنہٕ ماز ہیٚکہ ذخیرٕ کرنہٕ آمٕژ چربی تہٕ سہ چربی استعمال کٔرتھ یۄس تہۍ  توانٲیی خٲطرٕ کھٮ۪وان چھوٕ۔
"
5510,19 دسمبر 1944 بوموار دۄہ گوٚو ساروٕے کھۄتہٕ بدترین وٲحد ہلاکت ۔
5511,امہ پتہٕ کوٚر تٔمہِ پنٛٗن بویہ  کتھریڈ بطور  کینٹٗک بادشاہ قٲیم ۔
5512,چنٛدرٛگُپت  سٕنٛدین فوجی فتوحاتن  تہٕ أمۍ سٕنٛدِ سلطنت کہِ حاتٗك چُھنہٕ کانٛہہ اندراج۔
5513,تمہِ  سٕنز پرورش کٕر تتہِ جاپٲنہِ حملہٕ پتہٕ 1939 ہس تام تمہِ سٕنزِ ماجہِ   ۔
5514,پلیکالی، یتھ کاڈوُواكالی  تہِ ونان چھِ ، چُھ اونم کس موسمس منٛز اکھ عام منظر۔
5515,یہ کھیل چھُ مہاراشٹر، مدھیہ پردیش تہٕ جنوُبی ہندوستان کین کینٛژن  حصن منٛز تہِ لبنہٕ یوان ۔
5516,مہاراشٹرا چھ مرٲٹھۍ لوکن ہنٛد گرٕ، اکھ غالب نسلی لسٲنی گروپ، یس ریاستٕچ سرکٲری زبان مراٹھہ بولان چھ۔
5517,تمس چھ دی مینس تہٕ متبادل پٲٹھۍ دی ڈبلن ڈائنامو ناو دنہٕ آمت ۔
5518,وُنکیٚنَس چھِ  تقریباً 51% اناج وۄپداوَن وٲلہِ زرعی علاقہٕ آبپاشی تحت یوان ۔
5519,یہ عدد ییوٕ تۄہہ کھاتہٕ کھولنہٕ وز ونٛنہ۔
5520,بریزن تٗ كلوك مۄكلاونہٕ باپت اكھ كو٘ٹھ ، تہٕ کوٚرن کھیل ختٕم۔
5521,ٹایِم وارنر کیبل چِھ اکھ امریکی کیبل تہٕ ٹیلی کمیونیکیشن کمپنی۔
5522,اسہِ چھِ ہمسایہِ جبری رقم وصوُل كرنہٕ نِشہِ رٗكاونہٕ پتہٕ مارنٕچہِ دھمكی دِوان ۔ 
5523,وونہ گو٘و، یہ تنظیم چھےٚ وزارت شہری ترقی، حکوٗمت ہند کس انتظامی اختیارس تحت۔
5524,1757  منز کٔر کوژی کوڈ کس زمورینس حملس خلاف مزاحمت کرنہٕ باپت پالکڈ بادشاہن میسور کس حیدر علی سُند مدد طلب۔
5525,یہ چُھ عام طور سرور تہٕ ؤرک سٹیشنن پؠٹھ ڈیٹا بیک اپ تہٕ آرکایو خٲطرٕ استعمال یوان کرنہٕ۔
5526,حکامَو کٔر ٹھیکدار، سٹروکٹنَس سۭتۍ کَتھ باتھ، یُس ریڈوزمَس نزدیٖک سوینَس اَپارِ کٔدلَس نزدیٖک میٚژ أکِس جایہِ پیٹھ منتقٕل کرنُک ذمدار اوس۔
5527,یہٕ چُھ یمن علاقن منٛز جنگلی جانورن ہنٛز کتھ باتھ تہٕ ساحلی برادری ہنٛدین لوکن ہنٛد معاش پیٹھ براہ راست اثر انداز کران۔
5528,مگر یہِ سورُے اَکہِ طرفہٕ، کیٛاہ آسہِ خطرٕچ صورت حال یۄسہٕ تۄہہِ سمبھالٕنۍ پیٚیہِ؟
5529,آراہس منٛز أکہِ برطانوی ریلوے انجینر مسٹر بویلن اوس یتھٮ۪ن حملن خلاف دفاع خٲطرٕ پنٛنس جایدادس منز  گۄڑیہ نیبرٕ كٕنہِ اكھ مكانہٕ بنوومٗت۔
5530,یہِ کوٚر   مجاہد آزٲدی د بھگت سنگھ سٕندۍ بینتھٕر ڈاکٹر جگموہن سنگھن قبول ۔
5531,بَرمودا اوس 1609 منٛز ورجینیا کَمپنی ہُنٛد فلیگ شپ جہاز تباہ گَژھنہٕ کِس نتیجَس منٛز اِنگلینڈَس ذریعہٕ آباد تہٕ دعوٕ کرنہٕ آمُت، ییٛلہٕ زَن نیو فاؤنڈ لینڈَس آباد کَرنٕچ کوشِشِہ ٲس واریاہ حَدَس تام ناکام۔
5532,سُہٕ اوس گوڈنُک شخص یُس لفظن کردار کس طورس پیٹھ بولان اوس۔
5533,"سِٹنگ گٔیہِ ہاکی گیم بِلترتیب 15:59 تہٕ 17:31 پیٹھ چاڈ پین چوڈ تہٕ جیمی فریزرَس سۭتۍ برابر۔
"
5534,"یہٕ چُھ پتاہ زِ  انسانن منٛز سیکٹرل ہیٹروکرومیا  کوتاہ نایاب چُھ، مگر یہٕ چُھ مکمل ہیٹروکرومیا کھوتہٕ کم عام ماننہٕ  یوان ۔
"
5535,توٚت پریس چھ پلون پیٹھ چلاونہٕ یِوان تاکہِ تِم بنن ہموار تہٕ صاف۔
5536,اکھ گلابی 8 جی بی آی پوڈ آو 22 جنوری 2008 جٲری کرنہٕ۔
5537,ٹیلنٹ زاو 18 اکتوبر 1956  ڈیس پیریز، میسوری منز  ۔
5538,یِم  دٗکان چھِ  تازٕ  پیداوارک  لٗطٗف تٗلنس سٕتۍ سٕتۍ مقٲمی زمیندار برادری حمایتھ كرنٗك اصل ذریعہ تہ ۔ 
5539,"سۄ ٲس 1995 ورلڈ کپ تہٕ 1996 کس سمر اولمپکس باپتھ جاپانٕچ رکن۔
"
5540,یہِ ٲس جھیل چاڈ کس جنوُبس منٛز کوٹوکو ہٗک سیٹھاہ اہم  شہری ثقافت ۔
5541,ٹھٗمری چھِ اکھ نیم کلاسیکی گیون انداز یٗس  اُتر پردیشس مَنٛز نواب واجد علی شاہ سٕنٛدِس دربارس مَنٛز شروع گو ۔
5542,"یہِ ٹریک اوس بینٛڈ کہِ طرفہٕ جٲری کرنہٕ یِنہٕ وول  دۄیِم میوٗزِک ویڈیو۔
"
5543,"اَمہِ کِس نتیٖجَس منٛز چھِ چینی مارشل آرٹ پننیو نسلی جڑَو نیبر پھٔہلِمٕتۍ تہٕ چھِ عالمی سطحس پیٹھ اپیل کران۔
"
5544,وِلسنَن کوٛر پنُن گوڑنک این ایچ ایل کیریئر اسسٹ ، ییلہٕ یتمۍ دویمِس منٛز لنڈسٹروم سنٛد گول کرنس منٛز مدد کوٚر۔
5545,"اَمیُک زمینی سرحد چھُ 15,200 کلومیٹر (9,445 میل) تہٕ  ساحل 7,516.6 کلومیٹر (4,671 میل) ۔
"
5546,یہِ چھُ چنچائی ریلوے سٹیشن پیٹھٕ ہاورہ-بردھمان کورڈ لٲنہِ پیٹھ 3.5  کلومیٹر دُور۔
5547,"امریکہ ہکِ مردم شماری بیورو مطابق شہرکُ کل رقبہٕ
"
5548,"مپیٹ ٹریزر جزیرٕ-مپیٹ ٹریزر جٔزیٖرٕ چھ 1996تٕچ میوزیکل ایڈونچر کامیڈی فلم۔
"
5549,گواسکر سٕنِدِس  قیادتس  منٛز بنٲوِ  ہندوستانن  ٲخٕری دۄہ 20 اوو٘ر باقٕیہ روزنس تام وارٕ وارٕ ترقی كران 328/1 ییمہِ وِزِ   ریکارڈ پھٔٹرٲون واجین فتح توتام تہِ  مٗمكِن ٲس ۔
5550,"مقٲمی رہنماہو کر شکایت زِ یہٕ چُھنہٕ تہنٛدین ثقافتن ہنز نمایندگی کران، بلکہ دور شمال کہِ ثقافتٕچ نمایندگی کران۔ دلچسپ کتھ چِھ یہٕ زِ لوگو ڈیزاینر اوس یقینی طور  ہیڈا نسبُک۔
"
5551,چینس منٛز چھ باقین ملکن ہٕنٛد طرفہٕ واریاہ زیادٕ براہ راست غٲر ملکی سرمایہ کٲری۔
5552,مئی 2006 ہس منٛز کٔر ہیملزن فلیز خٲطرٕ پنٕنہِ بجہِ لیگہِ ہنز شروعات ۔ 
5553,تٔمۍ سنٛد نیٚچُو، اولیور ہڈسن، چھ اکھ ٹیلی ویژن تہٕ فلمی اداکار۔
5554,داؤد خان آو پتہٕ رٔٹنہٕ تہٕ دِژس مغل فوجن پھٲنٛسۍ۔
5555,پرٛیتھ گوُپی ہندِ باپت  چُھ اکھ ترتیب تہٕ رقص ترتیب، تہٕ لفظن چِھ معنے یٕکہِ زٕ تَاہ آسان، اکھ لفظی تہٕ بیاکھ روحٲنی۔
5556,"لِوونیا،مِشیگنٕس  منٛز پیوٚو اکھ ہوُن انٹرسٹیٹ 96 اوور پاس پٮ۪ٹھٕہٕ وسہِ ییمہِ سٕتہِ 81 وُہُر چارلس جی جیٹچِک ہلاک گو٘ ۔
"
5557,تیم کوٚر 2004 منٛز جنوبی کیلیفورنیا کس یہودی کمیونٹی سنٹرس منٛز اداکٲری شروع۔
5558,مِثالن منٛز چھِ شَراب یا کھیٚن کھۄردَنی ہنزٕ  خٕدمات فَراہم کرنٕچہِ لاسنہٕ  تہٕ سایِن بورڑن ہٗند  اِجازت شٲمِل۔ 
5559,"اکھ مشہوٗر سنشین بٲتھ یتھ ""آہا بُشی"" ونان چھ، چھ کنیگامی منٛز گٮ۪ونہٕ آمت۔
"
5560,"8 جنوری 2020 گزریٛوو انفٹا پلر میڈرڈس منٛز لۄکٹہ أنٛدرمہٕ کہ کینسر سۭتۍ۔
"
5561,یہ آیہ 28 مارچ 2006 ہس منٛز امریکہس منٛز رلیٖز کرنہٕ۔
5562,مجموعی طور چھُ ڈین کیریبینس منٛز کم از کم 20 ہلاکتن ہُنٛد ذمہٕ وار مانٛنہٕ یوان۔
5563,کیا سٹور چھا تَمِہ دۄہ سیل چلاوان؟
5564,حِکامو چِھ کورِ ہٕنٛز شناختک تصدیق کرنہٕ خٲطرٕ ڈی این اے ٹیسٹ کرن وُنمت۔
5565,"میک ایمنڈَس زخم لگنہٕ باوجود تہِ  زیوٗن اوٹاواہَن 5 پیٹھ3 سکور سۭتۍ گیم 3۔
"
5566,لہاذا چھُ یِم فیس  فِكرِ ترٕنہِ اہم  تاکہ توہہِ آسہِ پتاہ  نقدی مۄكلِتھ كیاہ توقع آسہِ تو٘ہہِ  ۔ 
5567,"صِرِف اَمہِ مۄکھٕ زِ یہِ چُھ سستہٕ اَمیُوک مطلب چھُنہٕ ضروٗری زِ یہِ چھُ تۄہہِ خٲطرٕ۔
"
5568,دادرا تہٕ نگر حویلی تہٕ دمن تہٕ دِیو چھ ہندوستانکۍ  مرکزی زیر انتظام علاقہٕ۔
5569," 2010ہس تام ٲس سی ڈی پی ہنٛز آبٲدی أسۍ  49,914 لُکن ۔"
5570,"وٹ فیلڈن کٔر 2000 کس تہٕ 2010 کس دہلس دوران واریٛاہن فلمن منٛز اداکٲری۔
"
5571,آئی وی سی یس منٛز چھ اکس آئیڈیوگرامس منٛز آرچڈ ہارپچ قدیم ترین معروف عکاسی، یس 1800 قبل مسیح کھوتہٕ کنہہ وقت برونٹھ چھ۔
5572,अमि सॉति छि बिटकॉइन ब्लाकचेन इसतेमाल बाप थ सेठाह महफूज़  बनान.    
5573,واریاہہِ پھرِ، ٲس سۄ پنٛنٮ۪ن فلمن منٛز أکس خراب کور ہنٛد کردار ادا کران۔
5574,وارِیاہ بلیك لِسٹ كرنہٕ آمٕتۍ  سرمایہ كار چھِ یِم  وارِیاہن سٹاكن سیٹھ انان چھِ حتاكہِ یہِ چھٗ قانونن جٲیز ۔ 
5575,اگر تُہۍ پننس پانس پرٛیتھ ہفتہٕ خرچ کرنہٕ خٲطرٕ اکھ خاص رقم دوان چِھو، تیٚلہ ہیٚکِو تُہۍ بجٹ بناون تہ شروع کٔرتھ۔
5576,سُہ گوٚو وکٹوریہ کس کنگ ریور  علاقس منٛز تہٕ کرِن كھاہ لوُٹنہِ شروٗع ۔
5577,اپریل 2019. ہس منٛز غٲب گَژھنہٕ برٛونٛہہ اوس پینٹِک لیکس ایٚنٹرٛنس کِس گِپس لینٛڈ قصبس منٛز روزان۔
5578,أمِس دِتُکھ موتُک سزا، مگر عالمی برادٔری کِس احتجاجَس پتہٕ 1999 تَس منٛز کٔرٕکھ أمۍ سُنٛد سزا عمر قیدَس منٛز تبدیل۔
5579,مٗکمل رنگدار فوٹو ٹوپو شكلو  چِھ  پرانہِ نسلہٕ كین متنس پیٹھ مبنی گایڈ بٗكن ہنز جاے نیمٕژ ، یمن منز اتھہٕ سٕتہِ بنٲوِمتیو٘ تصویرو سٕتہِ وضاحت كرِتھ آسان ٲس ۔ 
5580,مَدِ مُقابَلہٕ ویب سائٹَن تہٕ تِمن ہٕنٛدۍ سٔرٕچ انجنَن ہُنٛدِ درجہِ بندی ہُنٛد مُطالعہٕ کٔرِو تاکہِ یہِ وُچھو زِ تُہۍ کِتھ کٔنۍ بنٲیِو پنُن اشتہاراتی طریقہ مقصد۔
5581,"ٲیہِ چھُ ہندو دیوی ماں بھٹاریکایہِ وقف یِیمِس بطور  شکتی ہُنٛد اكھ ظہور پوُزا کرنہٕ یِوان چھِ ۔
"
5582,"تِروٗمالا وینکٹیشورا منٛدرَس منٛز تہِ چھُ مُککوٹی اِکاداشی مناونہٕ خٲطرٕ یِتُھوے تصَوُر، یِتھ کٔنۍ زَن یہِ تیلگوٗ بولَن والین علاقن منٛز زاننہٕ چھُ یِوان۔
"
5583,عقیدت مند چھِ  پوُرٕ بہارٕکہِ سنت تہٕ مہنت ہیتھ اتھ جایہ یہِ تیوہارڮك موقہٕ مناونہِ یوان ۔ 
5584,ییلہٕ 2007 منٛز اکھ بوڑ کساد بازاری آیٔیہٕ کرنہٕ تہٕ کینیشین معاشیات گیٔی زیادٕ مقبول ۔
5585,أمۍ کوٚر کلبس منٛز مرکزی کھلٲڑۍ سنٛد کردار ادا تہٕ کٔرٕن بطور کپتان کٲم ۔
5586,سۄ گزرییہ 13 اکتوبر 2020 ہس منٛز چڈلو ہس منٛز 29 ؤرش۔
5587,پوُرٕ براعظمس منز  ،یٗس مِنہِ مریو  سٕتہِ برِتھ چھٗ ، چھنہٕ كانہہ  نینہِ مۄنڈٕج ۔
5588,یہ چھ مایوس کن ز کینٛہہ سیٲسی مفاد چھ غریب گرٛیستین سیوٚدے پونٛسہٕ رٹنہ نشہ رکاوان۔
5589,کیٹارٕچ یہ تصویر چھےٚ ساروٕے کھۄتہٕ مشہوٗر کیٹارو منٛزٕ اکھ۔
5590,پُرتکٲلۍ افسرن دِژ تِمن كیتھولِكن باپتیِمو برطانوین مدتھ كو٘ر ، بطورِ كیتھولِك مٗلكن منز بادشاہس خلاف غدٲری ہٗند مخصوص سزا ، سزائے موتچہِ  تجویٖز۔ 
5591,ییٚلہ کمل حاسنن فلمہ ہنٛد ڈایریکٹ ٹوُ ہوم پریمیئرک اعلان کوٚر، تھیٹر مٲلکو کٕٕر یہ منصوٗبہٕ واپس ننٕچ منٛگ، تکیاز تمن اوس ڈی ٹی ایچ خدمات فراہم کرن والیو كِنہِ آمدنی من بو٘ڈ نو٘قسان گژھنُك خوف ۔ 
5592,دکاندارو وٲلہِ خوفہٕ سٕتہِ  شٹر  ییٚلہ سیٲسی رہنما موٗد تہٕ أمہِ سٕنٛدیو گٗنٛڈو  تمن دباو تروو۔
5593,کینٛہہ چھِ پیشور کھِلٲڑِ مگر باقیہ ہیكن نہٕ ٲسِتھ ۔
5594,"اتھ شہرس منٛز یونیسکو چہ ترےٚ عالمی ثقافتی ورثہ جایِہ، قُطب مینار، ہمایوں ٹامب تہٕ لال قلہ چھ أتھۍ دورس سۭتۍ تعلق تھاوان۔
"
5595,تمو کٔر خرگوشس منٛز مٗہلک ٹیٹنس وٲلِس شخصہٕ سٗند پاكھ سائٹک نٲرن منزدٲخل كرِتھ ٹیٹنِاس پٲدٕ تہٕ  آزمووٗكھ تِہٗند ردعمل ییلہِ ٹیٹنِس پھہلان اوس ۔  
5596,"ؔکمرس پیٹھ چھِ تِم اکھ کشادہ بیلٹ لاگان یُس ساڑِ ہٕنٛدِس أکِس سرس سۭتۍ جُورتھ  چھُ آسان۔
"
5597,کناڈا ہیکہ ہے وٗنِہ تہِ ٲٹھن ہنٛد راونٛڈ بنٲوتھ مگر کوارٹر فائنلس تام واتنہٕ خٲطرٕ چھِ بوموار دۄہ پلے ان كھیلس  منٛز شکست دنہِ ضروُری ۔
5598,یہِ چِھ موضوع ہچ مٗستقلی تہٕ  اچانك  جذبٲتی خریدٲری نِش بچاوٗن یقینی بناوان ۔۔
5599,"اتھ مقابلس منٛز کٔر تٔمۍ 17 میے فِلپاینس خٕلاف شروٗعات۔
"
5600,کینٛہہ جوب بور٘ڈ چھِ كینژن صنعتن ، پیشورانہٕ گرٗپن یا جغرافیائی علاقن منٛز تہٕ مہارت تھاوان ۔
5601,سانِہAC یچ تار ژٹنس پیٹھ چِھ مےٚ گلہری پیٹھ سخت شرارت ۔ (شخص 2)
5602,"موسیقار جورِ کوٚر شُبھا مُدگلَس سۭتۍ فِلمہِ ہُنٛد ٹایٹل بٲتھ ریکارڈ۔
"
5603,سُہ چُھ ہندوستٲنہِ تٲریخ کِیو٘ قٲبلہِ ذِکِر بادشاہَو منٛز اکھ زاننہِ یوان ۔۔
5604,"لیوسَن زینہٕ دوٚیمِس راؤنڈَس منٛز ناک آؤٹ کٔرِتھ لڑایہِ۔
"
5605,"یہٕ چُھ 20 مہٕ صدی فاکس فلم سٹوڈیو تہٕ فاکس ٹیلی ویژن نیٹ ورکُک مالک۔

"
5606,"مہابودھی مٔنٛدرُک وُنکینُک ڈھانٛچہِ چھُ گپتا دور، 5 مہِ صٔدی عیسویُک۔
"
5607,اَمہِ بدلہٕ چھِ لۄکٕچہِ نیہِ  اَتھ سۭتۍ لگٲوِتھ آسان ییٚمہِ سۭتۍ ہوہَس موسیقی ہِنٛز دھن “ہم“ کرنُکھ  موقع چھُ ملان۔
5608,سۄ چھےٚ اکھ خواہش مند ناول نگار تہٕ چھےٚ اکھ خوفناک دٔلیٖل لیکھنہٕ خٲطرٕ تحقیق کران، ییٚلہ زن کٗنال چھنہٕ عالی فطرتی قوٗوت چھٗنہٕ مانان، تہٕ چھٗس كٗنہِ تہِ عالی فطرتی چیزس پیٹھ شكھ ۔ 
5609,یہِ چھُ ملیامپٹوُ گام کِس مغربَس  کُن  یُس تامِل ناڈو کِس تِروُپتوُر ضلعس منٛز امبور پٮ۪ٹھٕہ25 کلومیٹر (16  میل) دوُر چھٗ  ۔
5610,"امک بنیٲدی مرکز چُھ کراچی، پاکستانس منٛز جناح انٹرنیشنل ایئرپورٹ۔

"
5611,میگالیہ چھُ انسٲنی تاریخس منز دانہِ گھریلو فصل بناونس منز   اہمیت تھاوان۔  
5612,نیکراٹِک ٹِشو چُھ  بیکٹیریا کِہ بڑنہٕ باپت اکھ بہترین علاقہٕ، یتھ منز زخمکِس بلنَس منز واریاہ زیادٕ سمجوتہٕ کرنٔچ صلٲحیت  چِھ ۔ 
5613,"2011ہس منٛز، ٲسہِ ژور پیسو اکِس  امریکی ڈالرس برابر۔

"
5614,کینژن سکالرن ہندِ مطابق چھ مپیلا جنوبی ایشیاہس منٛز ساروی کھۄتہٕ پرٲنۍ  مسلمان آباد برادٔری۔
5615,ترٛیمہِ صٔدی منٛز بنٛییہِ  علامتہٕ سہل تہٕ زیادٕ ابہٲمی  ۔
5616,"پیریار کین بونِمین حصن منٛز آبچ  کٲفی مقدار دستیاب نہٕ آسنہٕ کہِ وجہ سۭتۍ گٔیہٕ نمکین دخل اندازی تہٕ آلودگی ہٕنٛدۍ منتشر کرنٕکۍ مسلہٕ پٲدٕ۔
"
5617,سہٗ اوس 1961 منٛز سین فرانسسکوہس منٛز کینین سنیما ہٗک بٲنی ۔
5618,یہ اصطلاح ٲس گۄڈنچہ لٹہ 1996 منٛز ٹویوٹاہن پننس نٔوس آر اے وی 4 خٲطرٕ استعمال کٔرمٕژ ۔
5619,२०२० कि एफ सी सी फासलन कोर केबल कमपनीयन खातर् केबल कार्ड फराहम करनिच ज़रुरत ख़त्म.   
5620,سٲڑ چھِ برونٛہہ کِنۍ چورین پیٹھ لاگنہٕ یِوان تہٕ یہِ چھِ پانَس تہٕ رونٛکھن أنٛدۍ أنٛدۍ مضبوٗطی سان 	گَنڈنہٕ یِوان۔
5621,کانٛہہ تہِ دفتر وول ہیکہِ نہٕ حطمی اقتدارٗك مقام  پر٘ٲوِتھ ۔
5622,کھلٲڑۍ ہیکَن ڈبل موشن تہِ استعمال کٔرِتھ،یتیٚتھ تِم بیٚکہِ طرفہٕ لگاونہٕ باپت ریکٹ واپس نِنہٕ برٛونٛہہ اَکہِ طرفہٕ گۄڈٕے ریکٹ ہِلاوَن۔
5623,پاپینڈرچٹ-پاپینڈرچٹ چُھ جنوبی ہالینڈ کِس ڈَچ صوبس منٛز اکھ بلدیہ۔
5624,"پروجیکٹ کہ لاگتک تخمینہٕ چُھ 154.916 کروڑ روپیہ (2009-10 قیمتُک سطح)۔
"
5625,ریڈیو دوربین چُھ فلکیاتی چیزن ہُنٛد مطالعہ کرنہٕ خاطرٕ آسمان پیٹھ ریڈیو لہرٕ وصول کران۔
5626,1951 منز شروع گژھتھ گوٚو سی پی آیی ہندستٲنۍ جمہوریت کس ڈانچس منز ہندوستانس منز کمیونزم اننہٕ خٲطرٕ زیادٕ اعتدال پسند حکمت عملی کن منتقل۔
5627,ییٚلہ بہٕ گامہٕ مٔنٛزِ پکنان چھس، بہٕ چھس تمن لوکن خٲطرٕ افسوٗس محسوٗس کران یم نہٕ وسیع دنیاک تجربہٕ چھ ہٮ۪کان کٔرتھ۔
5628,نیوُ ساوتھ ویلز پلیٖسن چھ اکِس    سڈنی ہنٛدِس 29 وٕہرِس فردس پیٹھ  آتھوارِ دۄہ ترٛین گٲنٛٹن منٛز دۄیہ لٹہِ ناقٲبِل  قرار دِنہٕ یِنہٕ پتہٕ تہِ گٲڑِ چلاونٗک الزام آید كو٘رمٗت ۔
5629,یہ ٲس باکس آفسس پیٹھ اکھ غٲر متوقع کامیٲبی تہٕ اتھ میلہِ  زبردست جٲیزٕ ۔
5630,جمع کرن وٲلۍ ہٮ۪کن الگ ڈاک ٹکٹو بجایہ اکھ مکمل بلاک جمع کرنس ترجیح دتھ۔
5631,ریک مینن کوٚر 2012 منٛز پننہٕ 50 وٕریو ہٕنٛدس ساتھی، ریما ہورٹن سٕتۍ شادی۔
5632, اتھ پیٹھ منحصر ز تۄہہ کتھ خٲطرٕ چھٗ یہ ضروُرت ہیٚکو تۄہہ  اکھ بوٚڑ یا لۄکٹ کنٹینر یژھتھ ۔
5633,تمہٕ وقتہٕ اوس نہٕ  زیادٕ تر بالغن نِش  بِلکٗل تہِ  کمپیوُٹر ۔
5634,"کمل پیڈسٹلُک تھزر چھُ 2 فٹ 8 انچ تہٕ امیُک وزن چھُ تقریباً 17 ٹن۔
"
5635,تۄہہِ پزٕ نہٕ یہ سورُیہ قرضس منٛز ترٛاوُن ، وونہِ گو٘ ،تہِ كیازِ   تُہہِ  چھِو  کیٚنٛہہ ہنگٲمی حالاتن خٲطرٕ بچاوُن یژھان ۔
5636,ییٚتہ چھےٚ بریسٹ شرٛاین (ستھنا پیٹھ) منز آدی شکتی ہنٛد آکارچ پوجا یوان کرنہٕ۔
5637,کوبی زاو 19 مارچ 1931 منٛز ہیمٹرامک، مشی گنس منٛز۔
5638,یہ چُھ اکھ سخت تہٕ زندٕ بال فراہم کران۔
5639,سازٕن ہندِس  پیشكشس  منٛز چُھ یہِ میچھِ  لَیہِ ہُنٛد اَکھ حِصہٕ۔
5640,سُہ چھُ جازف پی کینیڈی انٹرپراز انک ہُک صدر۔
5641,یہِ چھٗ مرکزی کردار چک ڈی ہیڈس پٮ۪ٹھ توجہ مرکوُز کران  یٗس اکھ پاگل محفوض كٕرمٕژ لاش  چھٗ ۔
5642,سُہ آو 2015 ہس منٛز اینکریجک میئر منتخب کرنہٕ تہٕ 2018 منز آو سُہ دوبارٕ منتخب کرنہٕ۔
5643,سی پی ایس یوٗ ہک گۄڈنیُٛک رہنما اوس ولادیمیر لینِن ۔
5644,اکھ صٲرف چھ پنن موبایل ڈیوایس کیو آر پیڈیا کیو آر کوڈ سکین کرنہٕ خٲطرٕ استعمال کران۔
5645,لُکھ چھِ اَلاوس منٛز تیل، گور، کھنٛڈٕ مِٹھٲیہ  تہٕ لِورِ لَگاوان، اَتھ أنٛدِ أنٛدِ بیٚہوان، ییٖتِس کالس نار ژھٮ۪تہٕ گَژھِنس تام   گٮ۪وان تہٕ نَژان ۔
5646,أكہِ  کھیلہِ ہٗند مشاہدہ کرن وول وٗچھِ یہِ بیییِس سٕتہِ  واریاہ رلوُن، مگر اصوٗلن منز  چھِ  واریاہ فرق موٗجوٗد ۔ 
5647,یوگا فلسفہٕ  چھُ گوڑنِکسساس وریہہ عیٖسوی کس دۄیٚمس حصٔس منٛز ہنٛدو متک اکھ الگ شِٹھہٕ  سکوٗل (درسانا) سمجھنہٕ یوٛان۔
5648,1980 چہ دہایہ منٛز آو دوبارٕ تشکیل تہٕ مضبوطی ہنٛد دورک مشاہدٕ کرنہٕ۔
5649,"کُنوُہِمہِ صٔدی ہِنٛدِس ٲخرَس تام ٲسۍ برطانوی ہنٛدوستان کیو حُکامو آثارِ قدیمہ ہَن ہُنٛد جٲیزٕ تہٕ وراثتی تحفظ چِہ کوٗششہ شروع کرِمَژ۔ 
"
5650,لوُكھ ٲسۍ  سڑکن پیٹھ رقص کران ییٚلہ تہنٛدِ ٹیمن ورلڈ کپ زیوٗن۔
5651,ایر انڈیا پروازس منٛز بٔرتھ آمتہ تہٕ گندٕ بیتٗل خٗلا  کنہِ پكان  گوٚس بہٕ بیمار ۔ 
5652,یہِ  جاناوار چھٗ زلٕٕرِ تہٕ بومبر تہِ  کھٮ۪وان ییٚلہِ یہِ یمن  لبان چھٗ ۔
5653,"امریکی حکامَو  مُطٲبِق چھُ افغانستان پٔتمٮ۪و شیٚٮ۪و٘ ؤرٮ۪و منٛز وُنکیٚنَس ساروی کھۄتہٕ زِیٛادٕ تشدُد وٗچھان۔
"
5654,"سخت یلاج یِتھ کٔنہِ  زَن سپورٹ سٹاکنگ گژھہِ نہٕ توٚتام استعمال کرنہٕ یُن یوٚتتھ تام نہٕ علاج مُمکِن آسہِ۔
"
5655,سہٗ چھٗ  پایتھن پروگریمِنگ لینگویج بناونہٕ باپت بہتر پٲٹھہِ زاننہٕ یوان ۔ 
5656,"لَگاتار روزن وٲلِس الرجک کنجکٹوایٹِسَس منٛز تہِ ہٮ۪کہِ ٹاپیکل سٹیرِیورایڈ  پھیرین ہنز  ضروٗرت پِٮ۪تھ ۔
"
5657,ہنگیرین زبٲنۍ چھ واریاہ بولہ، مگر لوٗک چھ آسٲنی سان اکھ اکس سمجان۔
5658,انڈیا بزنس لیڈر ایوارڈٕز (آٮٔی بی ایل اے) باپت ججن ہٕنز جمٲژ چھ اجتمٲعی طور  تلنگانہ ایوارڈ باپت ژورمت۔
5659,ورشابھاؤتی دریاو چھُ اکھ لۄکُٹ دٔریاو، یُس ارکاوتی ہُنٛد اکھ معاوُن کۄل چھےٚ، یُس ہِنٛدوستٲنۍ شہر بنگلور کِس جنوبس منٛز وَسان چھُ۔
5660,امِہ  دۄہہ گۄڈٲی دِژ امریکہن برانز میڈل گیمِہ منٛز میزبان سویڈنس 2-1 سۭتۍ شکست۔
5661,توٚت وٲتِتھ چھُ سُہ ہنومنت سنگھس منگان ییٚتہِ راٹھی أمِس ونان چھُ کہِ ہنومنت سنگھ چھُنہٕ اِنسان ، سُہ چھُ اِنسانن تہٕ خدایس درمیان ۔
5662,ہوڈا چھِ سلمان خان سنٛز فلم رادھے تہٕ الیانا ڈی کروزَس مدِمقابل انفیئر اینڈ لولی منز وچھنہٕ یِوان یُس جایز پٲٹھۍ جنوٗنَس پٮ۪ٹھ سمٲجی طنز چھُ۔
5663,سایمنسِٹورپ: سایمنسٹورپ چھ سویڈن چِہ اوسٹرگٹلینڈ کاونٹی منٛز نورکوپنگ بلدیہک اکھ علاقہٕ۔
5664,یہ چھ جسمس منٛز آکسیٹوسن نٲوٕ ہارمون جٲری گژھنہٕ ستۍ گژھان۔
5665,کھینہٕ، خیرات تہٕ بنیٲدی ضرورتہٕ تہ چھ غریبن عطیہ یوان کرنہٕ، اکھ عمل یتھ فطرانہ یا زکوۃ الفطر چھ ونان۔
5666,امہ سۭتۍ  چھِ اروبا، کوراؤ تہٕ بونیر برونٹھٕے متاثر سپدۭ متۍ۔ 
5667,"ریاست ہاے متحدہ امریکہ کہ 2000 کہ مردم شمأری مطابق چھ 7,837 لوٗکھ تتہ روزان۔"
5668,تھَم ٲسۍ شایَد پٲلِش کٔرِتھ لٔکرِ سۭتۍ بٔنِتھ، یِمۍ ژٔکِس تَل گرینائٹَس پیٹھ ٲس دٔرِتھ۔ کینژن تھَمن ہِنٛز بُنیاد چھےٚ از تہِ موجود۔
5669,نورٗجہان ٲس مہر النِساء زامٕژ،  أکِس عٔظیٖم ؤزیٖر سٕنٛز کوٗر ، اَکھ وزیر ییمہِ اکبَرس ماتحت خٕدمت سرانٛجام دِژمٕژ ٲس  ۔
5670,جزیہ اوس جمع کرِتھ بُرہان پوُر قعلس منز ذخیرٕ کرنہٕ یِوان ۔ 
5671,"امکہ ایڈونٹ فوراً پتہٕ، امریکن جم وین، ڈک برٹرام تہٕ ڈان آرونوہن کٔر ڈیٹونا، مرکروزر تہٕ ایرو میرین سۭتۍ تکنیکی ترقی ہنز حمایت۔
"
5672,مےٚ چھ واریاہ فٹنس گروپ وٗچھمٕتۍ  یم مےٚ شروع كروٗنوٗیہ سٗپرسٹار بننٕٗك توقع كران چھِ ۔ (فٹنس پراسپیکٹ)
5673,"امی آزمٲیشہِ لو٘ب  نہٕ شٗرین منز  صرف أچھِ چھلنہٕ سۭتۍ یا ٹیٹراسائکلین أچھن ہنٛد قطرن سۭتہِ مِلوِتھ فولیکیوُلر ٹریکوما کم کرنس منٛز کانٛہہ شماریاتی فٲیدٕ۔
"
5674, میٛٲنس آنٛگنس منٛز پنٗن ژھۄٹھ ترٛاوٗن کر بنٛد ۔ یہ چھ میٛون مكانہٕ چٲنہِ  ژھۄٹہٕ دٲنہِ  نہٕ کٮ۪نٛہہ۔
5675,2 اکتوبر2011  آو تہند دویم EP کمیونین ریکارڈن جٲری کرنہٕ ۔
5676,تاہم کینہہ عالم چھِ اتھ مشورَس مخالِفت کٔرِتھ وَنان زِ یہٕ کھنِتھ لیکھنہٕ آمُت چھُ صرف ٲہندین بٲے سنٛدین عیالَن مُتعلق وَنان، نہ کہِ باین متعلق۔
5677,گایتری آبشار چھُ کنٹلا آبشار تہٕ پوچیرا آبشارَس سۭتۍ عادل آبادَس أنٛدۍ پٔکھۍ واریاہَو آبشارَو منٛز اکھ۔
5678,1980 کِس دہلس منٛز ٲس عرٲقی کردٕ شٲعری ایرٲنۍ کردٕ شٲعرن خٲطرٕ ساروٕے کھوتہٕ اہم۔
5679,ساینس دانو چھٗ یہِ سطح سمندر پٮ۪ٹھٕہ 800 میٖٹر تام وُچھمٗت۔
5680,یہِ چُھ تقریباً 35 کِلومیٖٹر (22 میٖل) جنوب کِنۍ وسان، ییٚمۍ پتہٕ یہِ وادی آسام کِس ٲخرس پیٚٹھ دِبانٛگ دریاو تہٕ لوہِت دریاوَس سۭتۍ رَلان چُھ۔
5681,یمن شُرین پرکھاو ونان چھ، تِم چھ،  پلانٹیشنچ رٲچھ کرنہٕ خٲطرٕ استعمال یوان کرنہٕ ۔
5682,کٗماؤں کین گوڈنکین بڑٮ۪ن خانٛدانن منز ٲسہِ دویمہ صدی قبل مسیح ہس  منز کٗنِندٕ یم شیو مت چِہ ابتدٲیی شکلہ پیٹھ عمل كران ٲسہِ ۔
5683,"وۄنہِ پکنٲوِو سُہ عشاریہ نۄقطہٕ زٕ جایہِ کھوہوٗرِ کُن، یٗس تۄہہِ سیلز ٹیکس فیصدُک اعشاریہ برابر دِیہِ ۔
"
5684,ایشیاہس منٛز اخلاق ترقی خٲطرٕ اکھ پورٕ پٲٹھۍ نو نظریہ پیدٕ کرنہٕ بجایہ کٔر سینن موجودٕ ترقی ہندس ماڈلس منٛز اصلاح کرنٕچ کوشش۔
5685,جیو دی بنیو کِن خاندانس (221–207 قبل مسیح) دوران اکھ کھیل۔
5686,مسابقتی کھیل چھ بین الاقوٲمی کیرم فیڈریشن کہ ذٔریعہٕ منعقد کرنہٕ یوان ۔
5687,"یوُ سی کرنٗك  اکہِ  جینیٲتی جٖٗزچ دلیل ہیكو٘ خاندانن منز یوُ سی کِس بڈنس ، مختلف نسلن درمیان پھیلاؤ چہِ وكھرگی ، جینیٲتی مارکرو، تہٕ رابطو سٕتہِ وابسطگی ہندِس  بنیادس  پیٹھ مبنی دلیل دِتھ ۔
"
5688,بجن زنانن منٛز چھ نوجوان زنانن ہنٛدس مقابلس منٛز سسٹوسیل زیادٕ آسان ۔
5689,شو گوٚو نومبر 2010 ہَس   شروع تہٕ 2021 منز مکمل ۔
5690,سٲتھۍ گلوکارچھِ  پریتھ کمپوزیشنک  لٲزمی حصہٕ ، تہٕ تِم چھِ مرکزی گلوٗکار سٕنٛدین سریلہ جملن ہُوبہو نقل کران۔
5691,منفرد ثقافتی خصوصیژٕ یتھ کٔنۍ زن بھرتناٹیم، تنجور مصوری، تہٕ تامل فن تعمیر وۄتلییہ تامل ناڈووس منز  تہٕ یم چھِ از تہ رواجس منز۔
5692,تس نوجوان زنانہ نش اوس نہٕ شراب چینک توقع مگر تمہ مۄکلٲو  پورٕ وسکی بوتل چیتھ ڈلنہ ورٲے۔
5693,"نومبر 2017 ہس منٛز کوٚر ٹرنٹیگنٹن اعلان ز تس چھ پروسٹیٹ کینسرک تشخیص کرنہٕ آمت۔
"
5694,بلقان کین ملکن منٛز چھ وٕنہ تہ مقٲمی مسلمانن ہنٛز بٔڑ آبٲدی۔
5695,"سُہ چُھ پنٛنیٚن گَرِکیٚن تہٕ دوستن خٲطرٕ صدمہٕ پٲدٕ کَران، زِ سُہ چُھ فِلِم بناونٕکِس خوابس پیٚٹھ عمل کرنہٕ خٲطرٕ پنٕنۍ نوکری ترٛاوان۔
"
5696,"اَمہِ علاوٕ چھِ روٗدٕ موسمَس منٛز  سیزنہٕ نیرِتھ  شو، سالگرہ  شو، سکوٗل تہٕ کالجٕکہِ طالب علِم یکشگانا تہٕ یقیناً تلامدلے پیشكش آسان۔
"
5697, وریہہ 1000 سس تام، اوس یہٕ پوُرٕ مسلم آئبیریا تہٕ لاطینی یورپ دشونی منٛز پھہلیو٘مٗت ۔
5698,1900 تھس  منٛز کوٚر ڈٮ۪نمارک کٮ۪و ترٛیٚیَو پٗلرو تہٕ سویڈن کٮ۪و ترٛیٚیو پٗلو أکِس مخلوط ٹیٖمس منٛز اکہٕ وٹہٕ مقابلہٕ یتھ گوڈنِیوٗك مقام حٲصِل سپٗد ۔
5699,کچی پٗڈی تہِ چھِ پننٕنہِ موُل ہندوستانس منز باقیہ رقص صوُرتن ہندِ پٲٹھی سنسكر٘ت ناٹیہ شاستس منز لبان یٗس پیشكٲری ہندین فنن پیٹھ بٗنِیٲدی مقالہٕ  چھُ ۔ 
5700,یہندِ چھٗ شےٚ ساس وریہہ  برٛۄنٛہہ ٹیکٹونک سرگرمی پتہٕ دریاو كِس رۄخس منز تبدیلی سٕتہِ ببنٗك خیال ۔ 
5701,کوسکولسکولے-کوسکولسکولے چُھ سویڈن چِہ نوربٹن کاؤنٹی منٛز گیلیویر بلدیہُک اکھ علاقہٕ۔
5702,ڈی آر اے ایم چھٗ لچھِ بدیو لۄكٹِیو  کیپسیٹرو سٕتہِ بنٲوِتھ آسان ۔ 
5703,یہ اوس ہندوستان کیو تمو  ژورو اہم سلطنتو منٛز اکھ  ییتہ جین متک بانی شخصیت مہاویر تہٕ بدھ متک بانی گوتم بدھ سُند دور اوس۔  
5704,أکۍ سپرنٹر  میک نیلن کوٚر  بچپنہ پیٹھٕ دۄن اولمپک کھیلن منٛز مقابلہ۔
5705,اتھ كٗنِس  منٛز چھٗ سلیپنگ وِد سایرنٗك  گلوکار کیلِن کوٗیِن  ۔
5706,ٹرنر سنڈرومس منٛز چھ کیلوئڈز خاص طور  گردن ہنٛد جال کم کرنہٕ خٲطرٕ جراحی طریقہ کار پتہٕ اکثر آسان۔
5707,سٹوڈیوس منٛز امن خٲطرٕ بار بار التجا کرنہٕ باووٚجوٗد چھِ زٕ اہم گینگہٕ  تصادم جٲری تھاوان، ییٚمہ سۭتہ وشنوُ ہس صبر كۄكلان چھُ ۔ 
5708,دہن ورین منز آسہِ امِیوٗك مۄل  الہٕ پلہٕ 2.6 ملین ڈالر۔
5709,واریاہ فلمہٕ آیہ الیپی تہٕ ریاست کین باقی حصن أنٛدۍ پٔکۍ آبس منٛز فلماونہٕ۔
5710,تھامس چھٗ بطور پنٛنہِ کمپنی ہٗنٛد تجٲرتی ترجمان تہِ مشہوٗر ۔
5711,واریاہن ٹوائلٹ سیٹن  چھِ  ڈھکنہٕ  آسان یٗس چیزن کٹورس منٛز پینہٕ نِش رٗكاوان  چھٗ ۔
5712,"وینکوور کینکسن کوٚر میٹ پیٹنجر خٲطرٕ میٹ کوک برونٹھ واشنگٹن کیپیٹلزن سۭتۍ تجارت۔
"
5713,میٲنۍ خانہ دارِنۍ گٔیہ ماڈیولر کچن وچھتھ خوش ییٚلہ یہ ٲخٕر کار لاگنہٕ آو۔ یہ اوس شاندار باسان۔
5714,سیل بوٹقٕسمَن ہُند اکھ بوٚڈ تعداد ہیکَو سائز، ہَلٕچ ترتیب، کیلٕک قٕسم، مقصد، نمبر تہٕ مستولَن ہٕنٛز ترتیب، تہٕ سیل پلان  لحاظٕ سۭتۍ پرزناونہ  یِوان۔
5715,بیکن، اِیووا بیکن چُھ  امریکہ کس اِیوواہس منٛز اکھ شہر۔
5716,چینی باغٗک اصلی ناو اوس جٗرونگ لیک۔
5717,تمہِ كٕر مادھونَس سۭتہِ  یہ کہاں آ گئے ہم ناو چہِلڈایہِ سٕتہِ بھرپوُر  فلمہِ منٛز کٲم ، یوٚسہٕ اچانک رٗكاونہٕ آیہ ۔
5718,اکھ یادگاری خوطبہٕ یتھ منٛز مندرٕكہِ بٗنِیادٗك ذِكر چھٗ ، چُھ برٹش میوزیم کِس مجموعس منٛز ۔
5719,تٔمۍ زیوٗن جیمز ہیکمینس سۭتۍ 2000 منٛز معاشیاتس منٛز نوبل میموریل انعام ۔
5720,"اَمہِ دۄہ چھِ تامِل لُوکھ اَکھ أکِس ""پُتھاناڈو وازتھوٚگل!"" یا ""اِیا پُتھانڈو نلوازتھوگل!"" ؤنِتھ سلام کَران، یُس ""نوُ ؤرۍ مُبارک""س برابر چھُ ۔"
5721,"یہِ فِلم گٔیہِ رامپالَ نہ باپت اکھ کامیاب فِلم ثٲبت، حالانکہِ خانَن کوٚر ساروِی کھۄتہٕ زِیٛادٕ توجہ حٲصِل۔
"
5722,ٹی  ہٕکہِ ٲسہِ   کٮ۪نٛہہ رسمی انداز ، مگر ونو٘ زِ واریاہ عملاور  ٲسہِ پنٕنہِ طریقہٕ ہیتھ ۔
5723,تتہٕ اوس ریاستہائے متحدہ  کہ جنڈن ہنٛد اکھ جورٕ۔
5724,پیرایز  سٕندس گولس پیٹھ مدتھ  کٕران ٲسہِ ایلیاسس  2 پوینٹ ۔
5725,اکھ الیکٹروکارڈیوگرام چھٗ یم برقی سگنلہٕ ریکارڈ کران ییلہ تِم دلہٕ  منزِپكان چھے٘ ۔
5726,"لوپو دی بوچر: لوپو دی بوچر چھےٚ 1987 تھٕچ کینیڈین اینیمیٹڈ شارٹ کامیڈی فلم۔
"
5727,ایس آیی ڈی ایس چھ تمن ماجہ ہٕنٛدٮ۪ن شرین منٛز زیٛادٕ گژھان یم حملس دوران سگریٹ چوان چھے٘ ۔
5728,تٔمس میول 2006 منٛز ایر کام انٹرنیشنل پرسنالٹی آف دی ایئر تِہ ۔
5729,وارِیاہن كاونٹی ین ہنزٕ مِشالہٕ تہِ چھے٘ یِم دۄن یا زیادٕ كاونٹی ین درمِیان بٲگرٲوِتھ چھے٘ ۔ 
5730,تنہٕ پیٹھہٕ چھ ورلڈ نیٹ بال چیمپین شپ پرٛیتھ ژۄرِ وہٕرِ   مٗنعقد سپدان۔
5731,رتیش دیشمکھ تہ گوٚو فلمہ ہٕنٛدس کاسٹس منٛز شٲمل۔
5732,ییلہِ زن تٔمہِ نیہِ دِلہِ پٮ۪ٹھٕ1977 تہ1980 تھس منٛز اِتِخابات زیٖنمٕتہِ ٲسہِ، واجپای گوٚ اِنتِخاب لڈنہٕ خٲطرٕ پنُن آبٲیی شہ، گوالیَار۔
5733,یہ حالت ہیٚکہ کٲنٛسہ نفرس چکر لارنٲوتھ تہٕ آسٲنی سان تھکنٲوتھ۔
5734,نِلہٕ مۄنٛڑجن ہُنٛد رِبِٹ رِبِٹ اوس شورٕ ہوٚت۔ سِکیٚڑا تہٕ تِہُنٛد کِرٛک کِرٛک اوس سٮ۪ٹھا بَڑِ۔ سِرٛنٛگیری سِرٛی نِواس اوس یَژھان گوں گوں کَرن والٮ۪ن راتہٕ مۄغلن کٔڑِتھ ژُھنُن۔ سُہ اوس کُکِلن ہِنٛدِس رٲژ ہِنٛزِ ژورِ بجہِ کرٛٮ۪کھ لاگنَس پٮ۪ٹھ ناراض۔
5735,سولارِس-سولارِس چھ اکھ آپریٹنگ سسٹم یُس سَن مایکرو سسٹمن 1992 تس منٛز تیار کوٛر۔
5736,سائکلوتھیمیا تہ چھ بائپولر ڈس آرڈرک پروٗن ناو ۔
5737,کینٛہہ مسافر گاڑٮ۪ن  چھِ پننٮ۪ن صارفینن خٲطرٕ سفری ہاٹ سپاٹ آسان ۔
5738,امہِ وِزِ کٕر سویہ را بایی،شِوا جی سٕنز حوصلہٕ مند بیواہ تہٕ سمبھا جی سٕنز وورٕ مٲجہِ ،اناجی داتو ہِوین اثر رسوُخ والین دربارین تہٕ باقیہ وزیرن سٕتۍ میلِتھ سامبھا جِیس خلاف، سوُ تختس پیٹھ بیہنہٕ نِشہِ رُکاونہٕ باپت سٲزِش  ۔
5739,یلو فیور چھٗ ہیمورجِک فیورن  ہندِس گروٗپس سۭتہِ تعلٗق تھوان ۔
5740,"لووینڈیجیم چُھ بیلجیئم صوبہٕ مشرقی فلینڈرس منٛز اکھ سٲبقہٕ میونسپلٹی۔
"
5741,امچ ہدایت کٲری ٲس کلائڈ جیرونیمی ، ہیملٹن لوسکے تہٕ ولفریڈ جیکسنن کٔرمٕژ ۔
5742,بہٕ اوسٗس  مایكل ٹایسنس نفرت سان وچھان ییٚلہ تمۍ اكِس باكسِنگ میچس  دوران بیکس  باکسرس كنس ژو٘پ ہیوٚت۔
5743,یہ اوس میانہ خأطرٕ ہیٚچھنُک تہٕ علم حأصل کرنُک وق.
5744,1838 پتہٕ گٔیہِ انگریزَن ہُنٛد زیر کنٹرول صوبہٕ تہٕ پتہٕ ہندوستٲنۍ ریاست آسام اَمہِ ناوٕ سۭتۍ مشہوٗر۔
5745,ادارٕ چھ اکھ قٲبل مکینیکل ادارٕ تہٕ ساختی انجینیرن خأطرٕ پیشہٕ ورانہٕ تصدیق فراہم کرن وول۔
5746,"اکھ شہابی دۄب چھ کھوٚل تہٕ وۄگن، تہٕ بیٛاکھ چھ لۄکٹ تہٕ بنٛد۔
"
5747,باجی راون گُزور پنُن لۄکچار پنٛنِس مٲلہِ سٕنٛدِس نو٘و نو٘و حٲصِل کٔرِمٕتِس سَسواد کِس جٲگیٖرس منٛز۔
5748,"متراہن کوٛر ""باؤنس لائٹنگ"" تیار، اکھ تکنیک یتھ منٛز کپرٕ سۭتۍ گاشچ عکاسی چھ یوان کرنہٕ تاکہ سیٹس پیٹھ تہٕ اکھ وہرِتھ ، حقیقت پسندانہٕ روشنی پیدٕ کرنہٕ۔"
5749,"سارِوٕے کھۄتہٕ پرٛٲنہِ ٲسہِ بھیما شاہن بنٲومٕتہِ تہٕ ماننہٕ چھُ یِوان زِ ڈھولکا ہٚکہِ جین وزیر وستوٗپالن ترتیب دِژمٕژ   یا کم از کم مٲلی اعانت کٔرمٕژ۔
"
5750,تِم كرِیوكھ لِنكڈ اِنس پیٹھ ایڈ تہٕ تمہ گفتگو ہک ذِكر كرِو یس توہہِ تتھ موقعس پیٹھ كوٚروٕ۔
5751,بہٕ چھس یہ سونٛچتھٕے تنٛگ آمت ز أسۍ چھ گاڑ منٛز بنٛگلور کن گژھان۔ تمام ٹریفک تہٕ افراتفری منزۍ گزرُن چھ اکھ کھوژوُن خواب ہیُو۔
5752,أمۍ زیوٗن 4 مِس ماسکو انٹرنیشنل فِلم فیسٹیولس منٛز سپیشل ڈپلوما ۔
5753,پالک سر چھ میزورمس منٛز ساروٕے کھۄتہٕ بوٚڈ تہٕ چھ 30 ہیکٹرن (74 ایکڑن) احاطہ کٔرِتھ۔
5754,یِہ سٹَنٹ آو یِنہٕ واجینہِ  20 جنوری  دوہ تاؤپو، نیوزی لینڈس منز ریسہ فروغ دنہٕ خٲطرٕ استعمال کرنہٕ ۔
5755,2000 عجیب چوُنہٕ کٔنہِ پٲوِ  ٲسہِ غٲلبن ہستٮ۪ن باپت ۔
5756,شرپنٗك دباو چُھنہٕ مُکمل، تِکیازِ رسیپٹر 36 چُھنہٕ ڈاون ریگولیٹ کرنہٕ یوان۔
5757,1025 ہس منٛز، کوٚر تٔمہِ ملیشیا تہٕ انڈونیشیا کٮ۪ن سری وجیا شہرن پٮ۪ٹھ تہِ کامیٲبی سان حملہٕ۔
5758,"تۄہہ چھ دہن ؤرین منٛز $50,000 حٲصل کرنہٕ خٲطرٕصرف $24، 260.07 کھاتس منٛز سرمایہ کٲری کرنٕچ ضٔروٗرت۔ "
5759,زٕ اَہَم بندرگاہ، مٗمبئی پورٹ تہٕ جواہر لال نہرو پورٹ،یٗس مٗمبئی  علاقَس مَنٛزیہ چھٗ ،چھِ حکوٗمت ہند کِس اِختِیارَس  تہٕ نِگرٲنی تل ۔
5760,"اکھ شک آوَر شخص اوسُکھ گرفتار کوٚرمُت، ییٚلہِ زِ ژور یا پانٛژھ شک آوَر افراد ٲسِکھ گولیو سۭتۍ ہلاک کٔرمٕتۍ۔
"
5761,فارٮ۪سٹ رٮ۪سٹ ہاوس چھُ أکس دِلکش مُقامس پٮ۪ٹھ تہٕ اتہِ پیٹھہٕ چھٗ  یمُنا درِیاوُک پوُرٕ  نظارٕ بوزنہٕ یوان ۔
5762,وجے نگر سلطنتن کوٚر جنوٗبی ہندوستان دلہ ہنٛدِ سلطنت نشہِ آزاد ۔
5763,باسک ملکس منٛز چُھ یہِ کھیل اکھ مقبول گأمی کھیل ماننہٕ یوان، یتھ منٛز واریاہ انجمنہٕ تہٕ کلب چِھ۔
5764,اکثر چھُ یہِ اَندازٕ یِوان کرنہٕ زِ خیال چھُ کور امیٖر خسرون تخلیق ، مگر اتھ چھنہ  ثبوت کٲفی۔
5765, توہہِ آسِوٕ صنعتٕس مٗتعلق  گۄڈٕے  اصٕل زانکٲری تہٕ ہیكِو٘ یہِ  نہٕ صِرِف تُہُنٛزِ زانكٲری بلكہِ پننِہِ كامہِ ہندِس شوقس منز تہِ استمال كرِتھ ۔
5766,میرے ڈیڈ کی ماروُتی (ترجمہ میٲنس مٲلہ سٕنٛز ماروتی) چھےٚ 2013 ہٕچ اکھ ہنٛدستٲنہ مزاحیہ فلم ییٚمیک ہدایت کار اشیما چھبر چھُ ، یتھ منٛز ثاقب سلیم، رام کپور تہٕ پربل پنجابی نُمایاں  کردارن منٛز چھِ ۔
5767,کیوُریكاؤ کیوُریكاؤ چھٗ کیریبین سمندرس منز اکھ جٔزیٖرٕ مٗلک ۔
5768,पांचि दोहि पतॅ वेबसाईटि  दॅह लछ खोत ज़याद इसतेमाल करन वॉलि. 
5769,1970 थस मंज़  आसॅ टेकनोलजी इंटीग्रेटेड सिरकेटन पॆठ मबनी .
5770,تِم چھِ تِم چیز ہٹاونس منٛز مدتھ کران یِم انٹرنیٹس پٮ۪ٹھ غٲر قونوُنی مواد ٲسِتھ ہیكن ۔
5771,آرڈیننس فیکٹریز بورڈٕچ آرڈیننس کیبل فیکٹری چھے٘حکوُمت ہِند طرفہٕ قٲیم کرنہٕ آمژ۔
5772,ہوبزن پرُژھ ز کمہ جہاز، اگر یا تہ آسہ، تھیسیس سند اصلی جہاز۔
5773,مگر اسلامی تخلیقیت چہِ  تحریکہِ منز تہِ چھٗ ہٗریر گژھان ۔
5774,1990 تس   منٛز، گو 204 منٹن ہُند اصلی ڈائریکٹرس  کٹ گھریلو میڈیاہس پیٹھ دستیاب۔
5775,وزارت داخلہ ہن چھٗ پننس  25 مارچ 2015 کِس حکمس منٛز ہندی دِوسس پیٹھ پریتھ وریہِ دِنہٕ ینہٕ والین دۄن ایوارڈن ہنٛد ناو بدلوومٗت ۔
5776,سۄ چھےٚ اکھ فرانکس پائلٹ یتھ کلیکسوسور خون تہٕ وۄزلہِ ہینگ چھِ ۔
5777,ٹالمی یَن (دۄیمہ صدی عیسوی) دِژ پرتشتھانا (جدید پیتھان) پُلوماوی ہٕنز رازدٲنۍ قرار ۔
5778,"لہاذا چھُ پمساونا ہک لفظی معنے ""اکھ وجوُد، روح تیز کرُن""، تہٕ امیُک ترجمہٕ چھُ عام طور بطور ""اکس مردس یا زنانہٕ ہٗند ڈمب تیز کرُن، اکھ مرد یا زنانہٕ بچہٕ  پٲدٕ کرُن""  کرنہٕ یوان ۔"
5779,یہٕ ہیٚکہِ بیٖٹا کیرٚوٹیٖن سۭتہِ بھرپوُر کھیٚن کھیٚنہٕ پتہٕ اکہِ یا دۄیہِ  رٮ۪تٔہِ  پتہٕ گٔژھِتھ، یِتھ کٔنہِ زَن گازٕرِ، گازرِ رس، ٹیٚنگریٖن جوٗس، آمبہٕ، یا افریقٔہ ہس منٛز، وۄزُل خضر  تیٖل۔
5780,أکس نفرس ہیٚکہ صرف اکھ ایکسس I تشخیص گٕژھتھ ، یا اکہ کھۄتہٕ زیٛادٕ ۔
5781,अथ टेबलस मंज़ निशानॅ छि यिमयूनिकोड बलाकॅ पॆठॅ निशानॅ यिमन मिसलीनियस सिमबलज़  वनान छि .
5782,وولسٹاک، آئیووا: وولسٹاک چُھ  امریکہ کس آئیووا ہس منز اکھ شہر۔
5783,17 مہِ صٔدی منٛز وٗچھ مو٘غل سلطنتن اسلٲمی تہٕ ہندوٗ عٔلم نجوٗمس  درمیان میوٗل ، یتھ منز اسلٲمی مشاہدٲتی آلات ہندوُ حِسٲبی  تکنیکن سۭتہِ رلاونہٕ آیہِ ۔
5784,تمہِ کوٚر میرتا كِس رازٕ کیشو داس راٹھور سٕنٛزِ کورِ، کَرمناسی بیگمہِ سۭتہِ خانٛدر۔
5785,"سۄ چھِ ستی (شِو سٕنٛز گۄڈٕنِچ خانٛدارِنہِ، یوٚسہٕ پتہٕ پاروتی ناوٕ سۭتۍ دُبارٕ زامٕژ چھےٚ) سُنٛد دُبارٕ اوتار تہِ ماننہٕ یِوان تہٕ أمِس چھٗ ہیماوتی تہِ وننہٕ یِوان۔
"
5786,تین٘تٲلۍ دندرِ سٕتۍ سۭتۍ پدۍ وتھ چھِ آولُن انان ۔
5787,بالغن  منٛز چھٗ یہِ عام طور مردن ہنٛدِ مٗقابلہٕ   زنانن زیادٕ متٲثر کران-مٗمکنہٕ طور شرین سۭتہِ  تہنٛدِ قریبی رٲبطہٕ کِنہِ۔
5788,چولا پادشاہو بنٲوۍ پننین شہرن ہندِ حفاظت باپت واریاہ محل  تہ قلعہ۔
5789,واریہن لوکن منٛز گژھ بصارت بہتر، حالانٛکہ کینژن لوکن ما آسہن صدمہٕ یا ہایفیما سۭتۍ متعلق پیچیدٕگی سۭتۍ متعلق باقی زخم ٲستھ۔
5790,بہٕ چُھس تۄہِہ تہٕ پانس مویوُس کرنس کھوژان ۔ 
5791,بولشویکو کٔر 1917 منٛز روسس منٛز اکتوبر انقلابچ قیادت ۔
5792,نوکِیا 6300- نوکِیا 6300 چُھ اکھ جی ایس ایم سمار٘ٹ فون یُس نوکِیا کارپوریشنن تیار کوٚرمُت چھُ ۔
5793,"2020 چہِ  مردم شمٲری مٗتٲبِق ، ٲسہِ اتہِ  9,326 لوُکھ روزان ۔"
5794,ایڈورڈ ولیم بنی اوس 1812 منز مورٹن ، ناٹنگھم شائرس منز زامُت۔
5795,راج دیو سُنٛد بیاکھ نیٚچُو بنیوو 1252 ہس منٛز بادشاہ۔
5796,"وۄنٛہِ گوٚو، سادیوودھو تہِ پو٘ك  خانٛدرٕ کٮ۪ن رسمن دوران اکھ قدم، ییٚتہِ سۄ اُپنین پوُرٕ کران ٲس، تہٕ تمہِ  پتہٕ لٲگِن پنُن ہیٚرم پَلو (دھوُتہِ ) پنٛنِس کھوورِس پھیکس پیٚٹھ تھوان ٲس ۔
"
5797,10 مہ تہٕ 13 مہ صدی درمیان چھ کیٚنٛہہ ذریعہ خلج لوکن تُرک ونان ، مگر کیٚنٛہہ چھنہٕ ونان ۔
5798,"2011 چہ قومی مردم شمأری ہٕنٛد عارضی نتیجس مطابق چھےٚ پنجابٕچ آبٲدی 27,743,338، ییٚمہ سۭتۍ یہ ہنٛدستانٕچ شُرٲہِم ساروٕے کھۄتہٕ زیٛادٕ آبٲدی واجیٚنۍ ریاست بنان چھےٚ۔"
5799,بھیمن ووٚن فخرَس منٛز پٔنٛزِس زِ سُہ ہٹٲوِن پنِن لٔٹ ییمہ سٕتۍ امۍسِزٕ وتہ رکاوٹ آمژ چھےٚ۔
5800,یتھ کٔنۍ ز یہ اوس افریقہس منٛز مقٲمی، مقٲمی آبٲدی ٲس امہ نش کیٚنٛہہ قوت مدافعت پٲدٕ کٔرمٕژ۔
5801,تٔمہِ کٔر مائیکروسافٹ تہٕ واریاہن ویب سائٹ ڈویلپمنٹ کمپینن خٲطرٕ کٲم ۔
5802,مےٚ چھےٚ تۄہہ یہ ؤنتھ خوشی گژھان ز تہنٛد شر چھ قومی ڈانس مقابلہٕ کس ینہٕ وٲلس دورس منٛز حصہٕ ننہٕ خٲطرٕ ژارنہٕ آمت۔ (ڈانس ٹیوٹر)
5803,پڈوکوٹائی سلطنتس چھ تامل ناڈوٕچ واحد شٲہی ریاست آسنک امتیاز، تہٕ یہ بنیی آزٲدی پتہٕ صرف 1948 ہس منز ہندوستٲنۍ اتحادک حصہٕ۔
5804,بیہ اكہِ  مقبوُل  تامِل ناول نگار سانڈلیاہن لیٚچھہِ 1960 کِس دٔہلِس منٛز کدال پوٗرا۔
5805,رِیاستی سطحس پیٹھ چھٗ گٗجراتس منز سردار سروور نرمدا نگم لمیٹڈ (ایس ایس این ایل) سردار سروور کثیر مقصدی پروجیکٹ نافذ كرنس  یختِیار ۔
5806,نیٛوروسٹیسروسس اصطلاح چھِ عام طور پٲٹھ دماغ كِس  پیرنکٲیما ہس منٛز سیسہِ ہندِ  حوالہٕ قبوُل کرنہٕ یوٛان ۔
5807,"تم چھ اکھ بائیو فیول بناونٕچ کوُشِش کران یٗس 2030ہس تام استعمال گژھتھ ہیكہِ ۔

"
5808,یِتہِ  چھٗ تصدیٖق کرنہٕ آمٗت یہِ کرِ 2010 ہس منٛز دوٚیمہِ تقریبہِ ہنٛز میزبٲنی ۔
5809,گوڈنِکہِ ہفتہٕ پتہٕ گٲی بیاکھ گلوکارٕن یہٕ گیت۔
5810,"2010 چہِ مردم شمٲری مطٲبق ٲسۍ اتھ شہرس منٛز 11,415 لوٗکھ روزان۔"
5811,"مندرُک سالانہٕ دۄہ چھُ پرٛیتھ 
 وہری 2 اکتوبر مناونہٕ یِوان ییٚلہِ ساسہٕ بٔدین لوٗکَن دعوت دِنہٕ خٲطرٕ اکھ میلہ تہٕ جلوس مناونہٕ چھُ یِوان۔"
5812,مایوس گژھِتھ  زِ  سُہ چھٗنہٕ پننِس مُلکَس خٲطرٕ تمغہٕ زیٖنِتھ ہیكان ، چُھ سوُ یہِ كرنہٕ باپت پننِس زینیہ نیٖچِوِ سٗنف قسم كھیوان ۔ 
5813,تم چھ رفتار بڑاونہٕ خٲطرٕ پرٛٮ۪تھ بال باول کرنہٕ برٛونٛہہ زیٹھ رن اپ کران ۔
5814,"کیرالہ ہٕکۍ تالک چھ پتہٕ بیٚیہ 1,674 محصولات گامن منٛز تقسیم کرنہٕ آمٕتۍ۔"
5815,ہونۍ تہٕ تِیر  ہوۍ پٔش چھ بیمارِ منتقل کرتھ ہیکان۔
5816,اپہم زاو کالیسپیل، مونٹانا ہس منز تہٕ  آبرن، واشنگٹنس منز گوٚۄ بوٚڈ۔
5817,"اتھ وقتس دوران چھےٚ سونالی مسٲیلن ہنٛد مقابلہٕ کران تکیاز اکھ بٔڑ صنعتی کمپنی ""شایننٛگ"" چھ براڈ بینٛڈ خدمات فراہم کرٕنۍ شروٗع کران۔"
5818,"ایسٹرُک صٔحیح تٲریٖخ چھُ کُنہِ ساتہٕ تنازُک موضوع روٗدمُت۔
"
5819,أمِس جانور سٕنٛدِ تحفظ تہٕ بچاو شمٲلی مشرقس منٛز، نیشنل رِسرچ سینٹر مِتھونس پٮ۪ٹھ آو اِنڈین کونسِل زمیندٲری رِسرچ 1988 ہس منٛز بناونہٕ۔ 
5820,خونکۍ شریان یم دلہٕ پیٹھٕ خون چھ نوان  تمن چھ آرٹریز ونان ۔
5821,"واریاہ کالس  غٲر حٲضِری پتہٕ کٔر أمہِ 90 کیٚن  شُروٗعٲتی ؤرِین منٛز مزاوِكوُدھرم ، کِنٛگ سو٘لومن تہٕ ہِٹ لِسٹَس منٛز اَداکٲری ۔
"
5822,"
سی آئی بی سی چھُ کاہ مِلیَن کھوتہٕ زیادٕ   خریٖدارن
 ہٕنٛز خیزمَتھ کران تہٕ اَتھ چھٕ ۴۰,۰۰۰ کھوتہٕ زیادٕ موزوٗر ـ"
5823,تامل کلینڈرس منز چھ گۄڈنیک ریتھ چتیرایی تہٕ اپریل کس وسطس منز چھ امہ ریتک گۄڈنیک دۄہ تامل نوِ ؤرۍ یِہ پٲٹھۍ مناونہٕ یوان۔ 
5824,"مگر عظیم دکن تہٕ میسور ریاستن ہٕنٛدٮ۪ن کینٛژن حصن منٛز چھُ صِرف مٲلِس ماجہِ ہٕنٛدِ مرنہٕ وِزِ کلَس کھوُر یِوان کرنہٕ یوان ، یُس باقٕیہ ہندوستٲنہِ خاندانو نِش مُختٔلِف چھُ۔
"
5825,"سہ چھ أکس زنانہ کن متوجہ ییٚمس سۭتۍ سہ کٲم کران چھ ییٚمۍ سنٛد ناو ریبا میک کلین چھ۔
"
5826,"ملایاہَس منٛز آو کھیل مزید برٛونٛہہ پکناونہٕ خٲطرٕ 27 پیٹھ 28 دسمبر 1962 تام سٹیڈیم نیگارا، کوالالمپورَس منٛز ""کھیر جوہری گولڈ کپ"" ناوٕ سۭتۍ اکھ اِنٹر سِٹیٹ مُقابلہٕ منعقد کرنہٕ۔
"
5827,مثالے، تو٘ہہِ ہیٚکو 25 ڈالر چارج کٔرِتھ اگر تمن ماہانہٕ ادایگی منز  60 دۄہ ژیر گژھِ ۔
5828,جینن تہٕ بودھن ہنٛز نٗمایاں فیصد تہ چھِ لبنہٕ یوان۔
5829,یم چھ جانورن ہٕنٛدس سلطنتس منٛز ساروٕے کھوتہٕ پیچیدٕ ٲچھ مانٛنہٕ یوان۔
5830,یہ سافٹ ویئر چھٗ مئی 2005 پیٹھہٕ نیوز گیٹر ٹیکنالوجیزٕچ ملکیت ۔
5831,"سۄ چھےٚ 2021 پیٚٹھٕ رِیاست کوینز لینڈٕچ موٗجوٗدٕ گورنر۔
"
5832,تٔمِس گٔیہِ بجلی پٲدٕ کرنس منٛز دلچسپی پٲدٕ تہٕ کٔرِن واریاہ ڈینِمو  تہٕ جنریٹر ایجاد ۔
5833,مےٚ كٕنہِ  پنٛنہ گۄڈنچ پینٹنگ  راتھ 3600 تن روپین ۔ خریدارن ووٚن تس کرٕن میٲنۍ پینٹِنگ خوش ۔
5834,"کرکٹَس منٛز چھِ کھیلٕکہِ قوٲید  أکِس لاے عملس  منٛز واضح  یَتھ دی لاز آف کرکٹ چھِ وَنان (یَتھ پتہٕ ""قونوٗن"" ونان چھِ) یَتھ عالمی ادایگی چھے٘ ۔ "
5835,اگر توہہِ  کرسمس کِس  موقعس پیٹھ كانہہ چیز منگنٲوِو ، امکان چھٗ زِ واتہِ نہٕ  کرسمسس پیٹھ ۔
5836,یہ اوس اتھ جنگس ایشیا مائنر کس بازرس کنٹرول کرنہٕ خٲطرٕ اکھ سامرٲجی سازش مانان ۔
5837,دکن سٹیٹ ایجنسی تحت گروپ کرنہٕ آمتین باقی ریاستن منز ٲسۍ کولہاپور، میراج، سانگلی، اوند، بھور تہٕ ساونت واڑی شٲمل۔
5838,"یہِ مسلہٕ بڈیو  میوٗنسپل کارپوریشنہٕ طرفہٕ پارکنگ ہٕنٛدین قٕمتن منز  %17 فیصد اِضافہٕ سٕتہِ واریہ ۔
"
5839,"سنو پولوُک فارمیٹ چھُ دستیاب جایہِ ہندِ لحاذٕ مُختٔلِف آسان۔
"
5840,ہڑپانو بنٲو مختٔلف کھلنہٕ تہٕ کھیل تہ، یمن منٛز کیوبکل ڈائس (بتِھس پیٹھ اکہ پیٚٹھٕ شیٚن سوراخن سۭتۍ)، یم موہن جو دارو ہشن جاین پیٹھ لبنہٕ یوان ٲسۍ۔
5841,یہ چھ اڈجہِ ترنٛز، مژھ، ٹک ٹک اڈجہِ سۭتۍ بنان۔
5842,یہِ اوس ارالے مہد قبیلہٕ آباد کران  ۔
5843,اہم فیٖنکس پوسٹ آفس چھ 4949 ایسٹ وان بورن سٹریٹس پؠٹھ واقع۔
5844,بنڈس لیگاہس منٛز ٲس أمۍ سٕنٛز شروٗعات  ولفسبرگر اے سی کس مقابلس منٛز أتھۍ ریتس منٛز۔
5845,"دسمبر 2015 ہَس منٛز آو ملائیشیا کِس کوالالمپورَس منٛز اکھ جونیئر انٹرنیشنل تھرو بال میچ منعقد کرنہٕ یتھ منز ٲٹھو مُلکَو شمولِیَت کٔر  ۔
"
5846,میری کلیر سٕنٛز انے کومونیبو ہَن دِژ یِہ اَز تامٕچ اَرترٕہ بہترین بالی ووڈ فِلمن منٛز اَکھ قرار۔
5847,1991 پٮ۪ٹھہٕ 2001 كِس تام چھ امچِہ آبٲدی منٛز 26 فی صد کھوتہٕ زیادٕ ہُریر گومٗت۔ 
5848,علاماتن منٛز چھ یادداشت تہٕ علمی معزوُری ، حسی نۄقصان، موٹر خلل، پوسٹر کالم كاركردگی راوٕنہِ  تہٕ انگن تہٕ رانن منز خلل شٲمل۔
5849,اگر انفیکشنٕچ کانٛہہ علامت آسہ تیٚلہ چھ ہونین تہٕ برارین منٛز کم ظٲہر گژھان۔
5850,وۄنۍ گوٚو، اتھ ٲس نہٕ باقین سیٲسی جمٲژن ہٕنٛز حٮ۪مایت۔ 
5851,"یم جیٖلہ چھ زیچھ تہٕ تنٛگ تہٕ چھےٚ شمالہٕ پٮ۪ٹھٕ جنوٗبس کن گژھان۔
"
5852,2008 ہس منز ٲسہ ایلورٹا ہس منز 6704 لکھ روزان ۔
5853,ٹرنر سنڈرومس منٛز ذیابیٹسُک خطرٕ چھُ کیریوٹائپ کہِ لحاظہٕ مختلف آسان تہٕ یہِ چھُ باسان زِ یہِ چھُ X کروموسوم کِس مختصر نٔرِ ہٕنٛدِ مخصوص حذف گژھنہٕ سۭتۍ بڑان۔
5854,ہندوستانَس منٛز، ییٚتہ زیٛادٕ تر ہیٚنٛد روزان چِھ، خانٛدرس متعلق قونوٗنَ  مختٔلف مذہبن درمِیان بدلان ۔
5855,PCR تہٕ DNA ترتیب  ہیٚکہِ یمن دۄن منز فرق ہٲوِتھ۔
5856,"کرچن پِن گارٹن چھ جرمنی کس باویریا ضلعہٕ کہ بایریوتھک اکھ بلدیہ۔
"
5857,امیک علاج ہیٚکہ خاص دواہو ، یا اینٹی بایوٹکس ذٔریعہٕ کرنہٕ یتھ ۔
5858,"یہِ رسم چھُ اَمہِ کَتھِ ہُنٛد اِشارٕ کران زِ جگن ناتھ سٕنٛدِس راجس منٛز چھُنہٕ طاقتور 
 خۄدمۄختار گجپتی بادشاہ تہٕ ساروِی کھۄتہٕ زِیٛادٕ عاجز عقیدت مندَس درمیان کانٛہہ تہِ فرق ۔"
5859,ساریکایہ ہندِ دٕسہِ دھوكھہٕ محصوُص كرِتھ  تہٕ سو پننہِ مُصیبت باپت ذِمہٕوار زانان ، چھُ مُكیش تمہِ سندِس گھرس منز اژان تہٕ سوُ پو٘نسہٕ منگان یِم سو٘ تس دارِ ۔ 
5860,2022 ہٕچ اکھ ویب سیریز، راکٹ بوائز، ٲس سرابھائی تہٕ ہومی جے بھابھا سنٛز افسانوی زندگین پؠٹھ مبنی، ییٚمیک کردار بالترتیب اشوک سنگھن تہٕ جم سربھن ادا کوٚرمت اوس۔
5861,  تمۍ  سندِس مرنس پیٹھ کور حکُومتِ  ہندن اکہِ دوہ کہِ قومی سوگُک اعلان۔
5862,منیندر اول  سُند اکھ سکہٕ آو بٹکر ستوُپ  کس دویمِس قدیم ترین سطحس منٛز لبنہٕ ، یُس منیندر سٕنٛدِس دورس منٛز اضٲفی تعمیرٗك تجویز دِوان چھ ٗ۔
5863,سانتا سٕنٛز یكجہتی باپت شو٘ہرتھ تہٕ تمہِ سٕنزِ سخت میڈیا حیكمت  عملی كِنہِ ،  چُھ أمۍ سُنٛد کم کتھ باتھ زِیٛادٕ تَر یك طرفہٕ: کِرسمِس خٲطرٕ خواہشات وٲلہِ  شُرین ہٕنٛدِ فہرست حٲصِل کرٕنہِ ۔
5864,صفس منٛز ڈسک شٲمل کرنک مطلب چھ ز تنظیم نو چھ ضٔروری گژھان۔
5865,"یہِ کارپوریٹ لنک چھُ کٲنٛسہِ تہِ اتھ فیڈ بیک سوزنُک اِجازت دِوان۔
"
5866,خوفٕکۍ حملہٕ ہٮ۪کن تمن لوٗکن منٛز ٲستھ یمن کنہ تہ قٕسمٕچ ذہنی بٮ۪مٲرۍ آسہ۔
5867,بنارس گھرانہ چُھ ترٛیٚیم اہم طرز، یُس ریوٲیتی طور  سارِوی پرٛون مانٛنہٕ یِوان  چُھ ۔
5868,وصول کرن وٲلۍ چھ ویب ایڈریسس پیٹھ کلک کران ، تہٕ پوٗرٕ چکر چھ بیٚیہ شروع گژھان ۔
5869,اتھ علاقس منٛز چھِ نہٕ وفوٗر نباتات تہٕ تقریباً تمام کُلۍ کٔٹۍ چھِ ہِندوستان کِس زمینس پیٚٹھ لبنہٕ یِوان۔
5870,18 مہ صدی منٛز گوٚو یورپی شطرنج چہ زندگی ہنٛد مرکز جنوبی یورپ پیٚٹھٕ مین لینڈ فرانسس منٛز منتقل۔
5871,تم چھ تتہ پٮ۪ٹھٕ پرٛٮ۪تھ کنہ گیمہ منٛز گٔمتۍ بغٲر 1976 تس تہٕ 1988 تس منٛز۔ 
5872,"اتھ سۭتۍ ہشر تھاون واجیٚنۍ صورتحال چھےٚ ایسوسیشن فُٹ بالَس منٛز فری کِک۔
"
5873,یہِ ہیکو کٗنہ رلن والِیوٗك گنی٘ر مینٕنہٕ خٲطرٕ استعمال کرِتھ ۔
5874,بودھ گۄسٲنیس نشہ تریہٚ محاجر تہ پانژھ اصول روایتی ااندازٕ رٔٹِتھ بنیوو پانہ پنٕنیۍ آشیٚنی ہیتھ بودھ۔     
5875,کیٚنٛژو مِنٹو پتہٕ، درٛایہِ بیٚنٛکٕکہِ  زٕ مُلٲزِم، اَکھ 20 ؤرِش زنانہٕ ، تہٕ اَکھ 30 وُہُر نَفر بیٚنٛکچہِ عمارٕژ  منٛزٕ نیٚبَر۔
5876,"آسٹریلیا، جاپان، جنوبی کوریا تہٕ نیدرلینڈز سٲری چھِ 2010 فیفا ورلڈ کپ خٲطرٕ کوالیفائی کٔرمٕتۍ۔
"
5877,ایس زیڈ پی ڈی وٲلۍ لوٗکھ چھ انٹروورٹ یم آزاد یا وٲحد روزنٕچ ضٔرورت چھ محسوٗس کران۔
5878,مائیکروسافٹن کوٚر 10 نومبر 1983 گۄڑنچہِ لٹہِ لوُكن  وِنڈوز پیش۔
5879,لڑاکن چھُ صرف کینٛہَن سیکنڈَن تام زینُک اِجازت دِنہٕ یِوان۔
5880,"أکۍ یوروسٹار ترجمانن کٔر اکھ معافی جٲری، یتھ منٛز تٔمۍ ووٚن ز خدمات چلاونہٕ خٲطرٕ ""یہ چھنہٕ ممکن""۔"
5881,"تۄہۍ ہیٚکِو حیران گٔژھِتھ ییٚلہِ تُہۍ ریتہٕ کِس ٲخرس پیٹھ پَننین خرچن ہُنٛد حساب زُمرو مطابِق کٔرِو۔
"
5882,فرمان اکھ فرمان یا حٗكٗمنامہٕ  چھٗ اکہِ نوٚ قونوُنُک اعلان ۔
5883,ایی سی ایم اے ایس سكرِپٹ  ایی سی ایم اے ایس سكرِپٹ چھ جاوا سکرِپٹ  زبٲنہِ  خٲطرٕہ بناونہٕ آمٗت اكھ معیار ۔
5884,واریاہ لکھ چھ پرٛیتھ ؤریہ چنواہس منز 4 جولایی ہنٛد جشن مناوان ۔
5885,"امیک تعلق چھ کرایی کل تالكاہ، ضلعہٕ کرایی کل ، پڈوچیری ، ہندوستانس سۭتۍ۔
"
5886,لۄکٹؠن شکار کرن والٮ۪ن جانورن ہنٛد خٲطرٕ چھ یہ عام ز تہنٛد کلہٕ چھ کم بوزنہٕ یوان۔
5887,"تَمہِ پَرنوو واریاہَن ؤرِیَن  کراچی ، پٲکستانَس منٛز کراچی یونیورسٹی منٛز  ۔
"
5888,رولر ہاکی چِھ شمٲلی ہندوستان کِہِ مقابلہٕ  شٗمٲلی ہندوستانس منٛز زیادٕ مشہوُر۔
5889,یم ٹی ایس آٮٔی اینٹی باڈیز چھے٘ تھایرایڈ گلینڈس زیادٕ تھائرایڈ ہارمون پٲدٕ کرناوان ۔ 
5890,"کِرٛشنن دیُت بھیمس اِشارو سۭتۍ دُرِیودھن سٕنٛزن زنٛگہ لاینہٕ خٲطرٕ ہِدایت ۔


"
5891,نرودھ یوگ (ختم کرنُک یوگا)، یوگچ اکھ ابتدٲئی شکل، چھِ ترٛیٚیِمہِ صٔدی قبل مسیح مہابھارت کِس 12 ہِمہِ باب (شانتی پروا) کِس موکشدھرم سیکشنَس منٛز بیان کرنہٕ آمٕژ۔
5892,"پٔتِمس صورتحالَس منٛز یَتھ منٛز ہتہٕ بٔدۍ سلطنتہٕ، واریاہ لۄکٕٹۍ فوج، طاقتور علاقٲیی سردار، تہٕ اندرونی جنگ شٲمِل ٲسۍ، دِژ أکِس نظم و ضبطٕچ مرکزی اختیارس وتھ۔
"
5893,ننٛدر ہٕنٛز کٔمی ہیٚکہ نندر ہٕنٛز خرٲبی یا طبی حالاتو ہٕنٛد وجہ سۭتۍ ٲستھ۔
5894,امیُوک مَطلَب چھُ یہِ زِ دوٚن  بادشَاہن اوس گۄڈَٕ پانوٕنہِ  جنگ ۔
5895,مایوس گژھتھ چھُ سدھ ترشایہِ ہندِس بیمس رنویرس (رام کٔپوُر) مدد منٛگان، یُس اکھ عام عیٲلہِ نفر چھُ ۔ 
5896,"راتھ میڈرڈ کِس ایسٹاڈیو سینٹیاگو برنابیوَس منٛز ہوٗر ریئل میڈرڈَن میڈرڈ ڈربی کِس ییٚمہِ ؤرۍ کِس ایڈیشنَس منٛز کراس ٹاؤن حریف ایٹلیٹیکو ڈی میڈرڈس نِش 1–0 سۭتہِ ۔
"
5897,یہِ پارٹی چھِ ؤنکیٚنس قومی سطحَس پٮ۪ٹھ یونائیٹڈ پروگریسو الاینسُک حصہٕ۔
5898,جنوبی کشمیرس منٛز پہلگامس نزدیٖک وادی ارو تہٕ چندن واڑی منٛز تہ آیہ منظر بند کرنہٕ۔
5899,سۄ چھےٚ أکس خاص وہیل چیئر سۭتۍ تہ ٹرینٕگ کران یۄس وہیل والین سٕنو بورڈ ہش چھ وچھنہٕ یوان ۔
5900,"1965  پٮ۪ٹھٕ 1969 تام تہٕ 1973پٮ۪ٹھٕ 1975 تام اوس سہ ٹیمک کوچ۔
"
5901,ووں گو٘و، یم رہنما اصول چھ یم ڈاکٹر یہ تجویز کرنہٕ خٲطرٕ استعمال چھ کران ز کیٛاہ علاج چھ استعمال کرن۔
5902,سماجٕچ بُنیاد ٲسۍ سنیاسی (پرہیزگار) دیانند سرسوتی یَن 7 اپریل 1875 ترٲومٕژ۔
5903,گو گزرییہ 13 اگست 2019 بیجنگس منٛز 86 وہر وٲنٛسہ منٛز ۔
5904,تٔمۍ کٔرۍ فیڈرل کنونشن کس ترٛییمس بیلٹس منز 1242 منز 625 ووٹ حٲصل ۔
5905,14 ستمبر تام زِیوُن نہٕ تِمو گۄڈنِیوٗك  پریمیر لیگ ۔
5906,دُنیا کیٚن تِمن حِصن منٛز ییٚتہِ نہٕ الٹرٛاساوُنٛڈ دٔستِیاب چُھنہٕ، تتہِ چُھ نہٕ آپریشن تھیٹرَس منٛز مُعٲینہٕ  ذٔریعہٕ بٮ۪مٲرِ ہٖند  تصدیٖق کَرُن غٲر معموٗلی ۔
5907,مے 2002 ہس منٛز گوٚو فرٛینک لیرو بینٛڈٕ خٲطرٕ تال گٹارسٹ سٕنٛدس طورس پٮ۪ٹھ شٲمل۔
5908,برونکوس ہیڈ کوچ کرس پیٹرسنن کٔر ہاؤٹس رکاونٕچ کوشِش۔
5909,ذیابطیس کہ وجہ سٕتۍ پیچیدگیو ہند علامتو خٲطرٕ گژھ ذیابطیس کین مریضن ہنز نگرٲنی کرٕنۍ۔
5910,بہٕ چھس خۄش ز میٲنۍ زنانہٕ انسٹرکٹر چھےٚ واریاہ صبرٕ واجیٚنۍ۔ امہ سۭتۍ چھُ ریورسنگ تہٕ پارکنگٕچ مشق کرنہٕ وز میون اعتمادس ہُران۔
5911,گنگٹوک ہیلی پیڈ چھ ریاستک کنے شٔہری ہیلی پیڈ۔
5912,"ایزوتھوپارہ ناوُک مطلب چھُ ""کَنہِ پٮ۪ٹھ تحریر""۔"
5913,امہ پتہٕ چھ میژہٕ ہنٛز مورتی تحلیل گژھان تہٕ مانٛنہٕ یوان ز گنیش چھ پارؤتی تہٕ شیوس کن کیلاش پہاڑس پیٹھ واپس یوان۔
5914,ہَس 2017  تام چھُ ایف آٮٔی آر ایس بین الاقوٲمی اولمپک کمیٹی طرفہٕ قٲیِم کرنہٕ آمُت بین الاقوٲمی اصول پٲٹھۍ قبول کرنہٕ آمُت۔
5915,تمن چیزن پیٹھ  تھٲیو نظر یمن مخصوص وزن۔ان پٹک ضرورت چھُ۔
5916,کینژن معملن منٛز، خاص طور  ایشیاہس منٛز ہیکہ ژمہ تل اکہ پیٹھٕ دۄن سنٹیمیٹرن درمیان ٹھوس گانٹھ پٲدٕ گژھتھ۔
5917,جموں و کشمیر تنظیم نو ایکٹ پاس گژھنہٕ پتہٕ آو لداخ 31 اکتوبر 2019  بطور ہندوستانٗک  مرکزی زیر انتظام علاقٕہ  قٲیم کرنہٕ۔
5918,ونٛدک موسم چھ واریاہ سرد روزان تہٕ کینژن جاین چھ درجہ حرارت منجمد کھۄتہٕ کم گژھان۔
5919,پنجابی چھ دۄن الگ الگ رسم الخطن منٛز لیکھنہٕ یِوان، یمن گُرمُکھی تہٕ شاہ مٗکھی ونان چھِ ۔
5920,یِمو پیش رفتو کہِ وجہ سۭتۍ چھُ 1969 ؤری سنوکر کِس جدید دورُک آغاز کرنہٕ خٲطرٕ نِنہٕ یِوان۔
5921,"यि छु कारकरदगी , ओज़रन त् तय शुदॅ ओज़रन हुंद मोल वेछ्नावान .      "
5922,میانہِ كارِ اِنجنہٕ  منزٕ یِنہٕ واجِنۍ عجیب آوازٕ چھِ مے٘ پزی پریشان کران ۔
5923,1993 تس منٛز تس سٕنٛدس مرنس تام اوس سہ کیتھی سیلفس سۭتۍ۔
5924,خام ماز یا کم تیارکرنہٕ آمت کۄکُر ، تہٕ خام دۄدکۍ چیز کھیوٚن چھ عام وجہ ۔
5925,"ٹوگوو ہٗک جھنڈٕ: ٹوگوو ہٗک جھنڈٕ آو  اپریل 1960 ٹھس منٛز بناونہٕ۔
"
5926,ویرو تہٕ جئے چھ واپس لڑان تہٕ ڈاکو چھ ژلان۔
5927,بین الاقوٲمی گورننگ باڈی، فیڈریشن انٹرنیشنل ڈی انٹر کراس، چھِ پرٛٮ۪تھ ؤرِیہِ عالمی چیمپئن شپٕچ میزبٲنی کران۔
5928,کاؤنٹی چھٗ   جیمز ابیجاہ برٗکس سندِ باپت ناو تھونہٕ آمٗت یٗس ٹیکساس  رینجر تہٕ سیاست دان اوس ۔
5929,باقی علاقہٕ چھُ روٗدَس پٮ۪ٹھ منحصر یُس زِیٛادٕ تَر  غٲر بھروسہٕ مند تہٕ غٲر متوقع چھُ۔
5930,اگر تۄہہ چیز اکھ أکس سٕتۍ ژٔٹتھ چھوٕ، یہ کر تٗہند زیٛادٕ دوٕ دور کرٕنۍ کم بہ نسبت کہ اگر تۄہہ فہرست ترتیبس منز ژٹتھ چھوٕ۔
5931,زنانَن ہٕنٛدین  کلاسَن ہٗند  شٲمِل گژھُن آو  2005 ژس منٛز یہِ اعلان کرنہٕ پتہٕ زِ بیس بال تہٕ سافٹ بال دۄشوٕے یِن 2008 چو کھیلَو پتہٕ اولمپکسَ منز   خٲرِج کرنہٕ۔
5932,"جیمَس منٛز تہٕ اَتھ أنٛدِ پٔکہِ چھُ اکھ خاص ہِرن رقص پیش  کرنہٕ یِوان ۔
"
5933,"ڈیلی نیوز اینڈ اینالیسس کس تشار جوشین دتۍ فلمہ ۳/۵ سٹار، یہ لیٖکھتھ، ""چوپڑا تہٕ ملہوترا سٕنٛز مرکٔزی جوٗرۍ چھ ہاسی تو پھاسی لطف تہٕ قٲبلہ اعتماد بناوان۔""
"
5934,یم چٹھہ آیہ لبنہٕ تہٕ آیہ أکس اخبارس منز چھاپنہٕ۔
5935,نٮ۪ٹ ؤرکِنٛگ اِوٮ۪نٛٹن خٲطرٕ  مشہور صنعتن منٛزچھِ   سرمایہِ کٲری، سافٹ وییر، پرٛوگرامِنٛگ تہٕ بایوٹیک شٲمل۔
5936,تھنجاورَس منٛز مندر کمپلیکس اوسُکھ 1987 منٛز تسلیٖم کوٚرمُت۔
5937,أکس دیوس چھ عام طور پنٛنٮ۪ن عام ہم منصبن ہٕنٛد کھۄتہٕ واریاہ بہتر ۂتھیار تہٕ قابلیتہٕ آسان۔
5938,"پرنس تہٕ لیکھنس اہل آسُن چِھ جدید معٲشرن منٛز اکھ اہم مہارت۔
"
5939,مٗمبیی منٛز بٲتھ فِلماونہٕ  باپت ٲس لونگینس فرنانڈیزَن رقصٕچ ہیدایت كاری  کٔرمٕژ تہٕ آو دۄن دۄہَن  ممبئی ہندِس أکِس سٹوڈیوَُ ہس منٛز كھڈا كرِمتِس سیٹس پیٹھ شوُٹ كرنہٕ ۔ 
5940,ٹیکتیٖکل پولیس فورسن کوٚر عِمارتس پی۪ٹھ حملہٕ تہٕ مورُکھ لیکدیم ۔
5941,وینگرَن کٕر  نہٕ فتح پتہٕ مورینہو ہَس سۭتہِ دس بوُسہِ تہِ ۔ 
5942,"اتہِ چھِ بٔڑۍ تہٕ لۄکٕٹۍ جزیرٕ تہِ یِم اِنسان آباد تہٕ غیر آباد چھِ۔
"
5943,ٹیٹنس کہ عمل کس طریقہٕ کارس منٛز چھ ژور اہم مرحلہٕ: نیورانس سۭتۍ جوڑن، ٹاکسن اندرونی بنن، میمبرین ٹرانسلوکیشن، تہٕ ٹارگیٹ وی اے ایم پی ہچ کلیویج۔
5944,گھر کِس کٲنٛسِہ بٲژَس اتِھہ سٲری پِک اپ کَرنٲوِتھ بنٲیِو چیز سہل۔
5945,ڈاکوٹا ریپٹر ڈاکوٹا ریپٹر چھ بٔڑس ماز خور تھروپوڈ ڈرومیوسورڈ ڈایناسورٕچ اکھ جینس ۔
5946,سُہ اوس تامل ناڈوٗ کِہ قانوٗن ساز اسمبٔلی ہُنٛد سٲبق مٮ۪مبر تِہ ۔
5947,مشن بیچس أنٛدۍ پٔکۍ رودک جنگل اوس سمندری طوفانن سۭتۍ ہموار کوٚرمُت ۔
5948,یوٚدوے زن توہہ پٲنسس متعلق تہِ  كتھ كران ٲسِو ،“ تٗہنزِ كمپنی كیاہ حیثیت چھے٘ ؟“ تعریفس دوران یتھۍ ہوۍ سوال پرژھنۍ چھٗ نامناسب ۔
5949,تمہِ دِتہِ  فلمہ 5ژو  منٛزٕ 3.5 سٹار۔
5950,"میگھاہٹوبورو جنگلی گامٕچ اوسط خَوانٛدگی ہِنٛز شرح چھِ %74، یوٚسہٕ قومی اوسط %59.5 کھوتہٕ زیادٕ چھِ؛ مردن ہِنٛز خَوانٛدگی چھِ %82 تہٕ زَنانن ہِنٛز خَوانٛدگی چھِ %66 ۔
"
5951,"تٔمِس پتہٕ آیہِ تتہِ واریاہ باقی کوہ پیما یِتھ کٔنۍ پال گروہمن، ایڈورڈ آر وہائٹویل، مائیکل انرکوفلر، اینجلو ڈیبونا تہٕ ٹیٹا پیاز یِمو گۄڈٕنِچہِ واریٛاہ چڑٲیہ کرِ۔
"
5952,"2010 چہ مردم شمأری مطٲبق ٲسۍ تتہِ 2,08 لوکھ روزان ۔"
5953,گولڈ فش چھ 10 ڈگری سیلسیس تہٕ 30 ڈگری سیلسیسس درمیان درجہٕ حرارتس منٛز بہترین روزان۔
5954,ووں گو، اسہ چھ پننیو  حالیہ گراكو طرفہٕ واریاہ شکایتہٕ واژمژ  یمہ یہ ونان چھِ  زِ مصنوعات چھ واریاہ سستہ باسان۔
5955,کرناٹکک ثقافتی مرکز، میسور-بنگلور خطہٕ چھٗ پنٗن موسیقی ہنٛد موسم مناوان یتھ رام نومی موسیقی تہوار  ونان چھِ یٗس  45 دۄہن چلان چھُ ۔
5956,ایتھر سِکچ چھے٘  کان کنی کرنہٕ یوان  تہٕلین دینن ہٗند تصدیق كرنہٕ باپت کان کنن بطور معاوضہٕ استعمال کرنہٕ یوان  ۔
5957,مہارِنہِ ہُنٛد واعدٕ: آ، بہٕ چھیس شركت كرنٗك   تہٕ چو چاروٲیہ ،  سون  زمین زِراعت  تہٕ كاربار محفوُظ تھونٗك  واعدٕ  کران ۔ 
5958,فرٛانٛسیسی ٲسہِ  گۄڈنکہِ یمو أکس کھیلس منٛز باکسنگ اتھہٕ پنجہِ  شٲمل کٔر یتھ منٛز لتہٕ كڈنٕچ  تہٕ باکسنگ ہنز  تکنیک شٲمل ٲس ۔
5959,"الرجک کنجکٹوایٹِس باپتھ چھُ کَلہٕ بۄن کُن نومرٲوِتھ بٔتھِس تُرُن آب ترٲوِتھ  بٲریك خوُن كین ریشن رٗكاوان ، تہٕ نَقلی اوٚش چھُ کُنہِ وِزِ معموٗلی معاملَن منٛز تکلیف دوٗر کران۔
"
5960,کنچن سوئیبام بنییہ مِس انڈیا ایونٹس منٛز منی پورٕچ نمٲئندگی کرن واجیٚنہ گۄڈنچ ۔
5961,کمپنی اہلکارن ہنزِ لوكٕچہِ چھوكہِ نیوٗو  عیالو  سان جھانسی قعلس اندر پناہ ، تہٕ رانی کرِ تِم کڑنہٕ خٲطرٕ مزاكرات ۔
5962,کورننگ، آِیووا کورننگ چھٗ آِیووا ،امریكاہس  منٛز اکھ شہر ۔
5963,"گریٹ لینٹ چُھ جُمعہ دۄہ ختم گژھان، تہٕ بیٛاکھ دۄہ چُھ لازرس بٹہٕ وار۔
"
5964,"چارلٕز ڈاروِنن کوٚر ارتقا ہُک خیال مقبول تہٕ کٔرن قۄدرتی انتخابس متعلق کتھ ۔
"
5965,برٛازیلس منٛز چُھ بَچن ہُنٛد دۄہ 12 اکتوبرس کیُتھ مناونہٕ یِوان، یُس اَور لیڈی آف اَپیرِسِڈا دۄہس پیٹٕھے یِوان چُھ،  یہ چھُٹی چھےٚ مُلکہٕ کہِ سرپرست بُزرگ سندِ ناوٕ۔ 
5966,اختَرن کوٚر پتہٕ زِنٛدگی ہِنٛز داستان بَیان کَرن واجنہِ فِلمہِ 'بھاگ مِلکھا بھاگس' منٛز مِلکھا سِنٛگُھن کِردار ادا، ییٚمہِ کِنہِ  أمہِ  بہتٔریٖن اداکارٕ سٗند  فِلِم فِیَر ایٚوارڈ حٲصِل کوٚر۔
5967,پرانَس پؠٹھ اوس ٹھاکر بلدیو سِنگھ سٕنٛد کِردار باپتھ غور یِوان کرنہٕ، مگر سپی ین سوٗنٛچ زِ سنجیو کمار چُھ بہتر انتِخاب۔
5968,تسٹمٗك اوس سیٚٹھا دَباو تہٕ سون گول اوس  یِہِنٛدِس رحم كرمس پیٹھ ۔ 
5969,أکس رؠتس انٛدر، اوس یورپک زیادٕ تر حصہٕ کھلہٕ جنگٕ کس حالتس منٛز۔
5970,تٔمۍ گینٛد کیوبک نورڈیکس، اوٹاوا سینیٹرز تہٕ لاس اینجلس کنگزس خٲطرٕ۔
5971,پیشورانہ سٲحِل والی بال  مقابلہٕ اوس اولمپِیا ورلڈ چمپین شِپ آف والی بال یُس 1976 منز محنت كشن ہندِ دوہ كہِ ہفتہٕ  كِس اندس پیٹھ ،  كیلِفورنِیا ہس منز پیسِفِک  پالیسیڈس  كِس وِل روجر سٹیٹ بیچس پیٹھ مٗنعقد كرنہٕ آو ۔
5972,تمہِ  کٔرِ واریاہ گھرانن، ہندستٲنہِ  تہٕ کرناٹک تہِ ،   ہٕنٛدِ ورِیاہ تحقیٖقی دورٕ، تہٕ کٔرِن ترتیب جمع تہٕ تمن ہُنٛد موازنہٕ۔
5973,میٛون دکان چھ أکس خراب ہمسایہ گری  منٛز تہٕ مےٚ چھٗ ژوٗر گژھنُک خوف۔
5974,اکھ اصل كنن وول  ہیٚکہٕ اكِس خریدارس دٗكانس نژان وٗچھِتھ ، اكہِ میلہِ پیٹھٕ آسہِ نہٕ تمِس پتاہ زِ تس یا تمِس كیاہ چھٗ ضروُرت۔
5975,بالین  بالین  چُھ بیلجیئم کس اینٹرپ صوُبس منٛز اکھ بلدِیٲتی ادارٕ ۔
5976,"سُہ اوس اکھ واریاہ ہونرٕ وول مٗصوِر  ییٚمِس مٗصوِری  ہُند پنُن اکھ خاص اندازٕ اوس۔
"
5977,"وادی چھِ ""ہندوستانُک روہر"" ونان۔"
5978,ہندوستانس  چھِ بڈوٕنہِ  آبٲدی  تہٕ اکھ بٔڑ غریب گأمی آبٲدی یۄسہٕ وہرٲژ دٕسہِ زِرٲتی  آبپٲشی پیٹھ   انحصار کران چھےٚ ۔
5979,17 مارچ 1976 گٗزریو وسکونٹی روم، اٹلی منٛز فالجہ سۭتہِ۔
5980,اتھ منٛز اوس اکھ ٹایمر ییٚمہ سۭتۍ دھماکہٕ گژھنس منٛز تاخیر ٲس گژھان ۔
5981,"ٹیمٕک ممبرَن ہُنٛد تعاون یا ""تال"" چھُ کامیٲبی منٛز یوٗتاہ اہم کِردار ادا کران، اگر نہٕ تِہنٛدِ جسمٲنی طاقتہٕ کھۄتہٕ زِیٛادٕ۔"
5982,نومبر 2015  منز منوو امۍ شوہن ٹی وی یس پیٹھ 50 ہم ؤری ۔
5983,"1975 تھس منٛز کوٚر کیداہٕکہِ سیپک ٹاکراو ٹیمَن دی سپورٹس پریس فیسٹ 1975 ہَس سۭتہِ رلِتھ  سیپک ٹَکراو کِہ مُظٲہرٕ خٲطرٕ جرمنی ہُنٛد دورٕ۔
"
5984,"یہ اکہ پھِرۍ صٔدی منٛز  تَقریب ٲس ویب بلاگرَن تہٕ بوئنگ بوئنگ ہِشَو ویب سائٹَو گۄڈَے اجاگر کٔرمٕژ۔
"
5985,تمو چھ اتھ کوٗششہ منٛز مدد کرنہٕ خٲطرٕ پرائیویٹٮ۪رزن تہ تفویض کٔرمت ۔
5986,یتَھے کٔنۍ چُھ جٔنوٗب مشرِقی ایشیاہس منٛز کیٚنٹونٛگن کھۄکُھر ڈول امی مقصدٕ  اِستعمال کرنہٕ یِوان۔ 
5987,بطور مٗتبادل، چھِ کٮ۪نٛہہ لوُکھ مانان زِ تۄہہ پز سارِوۍ  بوٚڑ بقایا  ادا کرنس پیٹھ توجہ دِیوٗن تکیازِ توہہِ کریو اتھ بقایاہس پیٹھ صوُدس منز زیادٕ ادایگی ۔ 
5988,جسی چُھ اتھ پیٹھ رضامند گژھان تہٕ وۄنۍ چھ رندھاوا-سندھو دشمنی مشمٕژ ۔
5989,جاپٲنۍ فٹ بال ٹیمن ہنٛد فہرست چھ تیار گژھان۔
5990,تٔمۍ سمکھوو سُہ شیواجی پارک، دادرس منٛز مشہوٗر کرکٹ کوچس تہٕ مشہور کلب کرکٹر راماکانت اچریکرس ۔
5991,"پنجابس منٛز چھِ ہولی برٛونٛہہ ٲٹھن دۄہَن لوہاٹک وننہٕ یِوان۔
"
5992,وونہ گو٘، تۄہہ پین  تمن چیزن  پیٹھ ٹیکس/ڈیوُٹی ادا کرٕنہِ  یِم توہہِ اجازتہٕ كھو٘تہٕ زیادٕ چھِ ۔ 
5993,سپر ماڈلز چھ فیشن شوون منٛز ایسپاڈرلک یم سٹایل لگاوان۔
5994,"کیری آو 1 فروری 2013 ہس منٛز سیکریٹری آف سٹیٹ سٕنٛد حیثیتہٕ حلف دنہٕ۔
"
5995,بییہ طرفہٕ، اگر تۄہِہ پتا چِھ زِ تو٘ہہِ  چِھو موم بٔتہِ یا خاص قٕسمٕچ کتاب ہیٚنہِ یژھان،تٔتھہِ حَصس كٗن گژھیو٘ ۔ 
5996,سہ چھ لندنس منٛز لاس اینجلس فلہارمونک تہٕ فلہارمونیا آرکسٹرا ہک کنڈکٹر۔
5997,انٹرنیشنل اولمپک کمیٹی (آٮٔی او سی) ہن چھٗ ریو ڈی جنیرو، برازیل 2016 سمر اولمپکسٕ چہِ  میزبٲنی خٲطرٕ ژورمٗت ۔
5998,یہ چھ آرسینل ایف سی دوران ایمریٹس سٹیڈیمس منٛز أکس خود کش بم دھماکس متعلق۔
5999,"أکہِ اپٲرِ پكوٕنہِ  ووٚن ایسوسییٹڈ پریسس ز سو٘  ٲس ""تیوٗت صدمس ز مے٘ ہیوك نہٕ وڮڈیو تہِ شوُٹ كرِتھ یا امِچ تصویر تٗلِتھ ""۔"
6000,یم سفر ٲسۍ تیم سٕندِس پَتہٕ کمپوزر کِس طورس پیٹھ کیریئرس منز اہم۔
6001,ننول چھِ تامل گرامرس پیٹھ چولا دورٕچ اکھ کٲم۔
6002,امہِ كٕر ہدایتکارس سۭتۍ مرکزی اداکارن ہنٛدِ  شروُعاتچ نِشاندیہی ۔
6003,تیم سٕندِس لۄکُٹِس بہن سِلیسٹس تہٕ اوس اکھ مشہور گلوکار۔
6004,بیاکھ اکھ نوٚو سٮ۪ٹ آو 2013 ہس منٛز سیزن 30 کس آغازس منٛز انٛنہٕ۔
6005,"یِمَو منٛز ٲسہِ ساروِی کھۄتہٕ زِیٛادٕ اَہَم شری پھُل چند سیٹھی، شری جیٹھ مال سیٹھی، شری کنہیا لال سیٹھی تہٕ شری منگیلال چھابرا۔
"
6006,1997 تس منٛز کٔر أمہِ  وِنود کھنہ  سٕنٛدِس پیشكش  ہِمالیہ  پُترس منٛز اداکٲری۔
6007,شٹیہ ہلی روزری چرچ، یُس سربند  کِس تٲمیرس دوران آبس تل  اوس، چُھ صرف تمہ وِزِ بوزنہٕ  یوان ییٚلہ ریتہٕ کالہ آبٕچ  سطح کم چھِ آسان ۔ 
6008,1995 تس منٛز گوٚو سہ ہاپویل آیرن رشن لیٖزیون ایف سی سۭتۍ گنٛدنہٕ خٲطرٕ اسرٲییل۔
6009,ایکس ونڈو سسٹم چھ صرف گرافیکل انٹرفیسک اکھ خول۔
6010,"تاتالو اوس واریاہ لٹہٕ گرفتار کرنہٕ آمُت ییلہٕ تم ایرانس منٛز روزان ٲس۔

"
6011,تٔمۍ کٔر 1986 کِس فیفا ورلڈ کپ کوالیفکیشنس منٛز گواتیمالا قومی ٹیمٕچ کوچنگ۔
6012,اَمہِ پتہٕ میوُل ورکودرس گڈا لوکیتسری سُند سورُے وراثت۔
6013,کاکسس آیہ 2001 تہٕ نومبر 2010 درمیان ستھ حمل زایل کرنہٕ ۔
6014,میچ: اکھ میچ چَھ سۄ ٹیم زینان ییٚمۍ زٕ سیٹ زینمٕتۍ آسن۔
6015,"فالجٕچ بحالی گٔژھِ تقریباً فوراً کثیر شعبہٕ جٲتی نقطہٕ نظرٕ سۭتہِ شروع گژھٕنہِ۔
"
6016,"کینٛہہ مارشل آرٹ حرکتہٕ ہٮ۪کَو چینی اوپیراہَس منٛز لبنہٕ یِوان تہٕ کینٛہہ مارشل آرٹسٹ چھِ چینی اوپیراَہن منٛز فنکار پٲٹھۍ لبنہٕ یِوان۔
"
6017,کٮ۪نٛہہ عدالتہٕ چھےٚ صِرِف فٲصلُک خُلاصہٕ فراہم کران۔ 
6018,"مایا چھےٚ تَمہِ وِزِ پریشان گژھان ییٚلہِ رونی تہٕ نینسی اِکہٕ وٹہٕ نژُن شروٗع کران چھِ۔
"
6019,4 اگست 1932 ہَس منٛز گِیٗونٛد ہندوستانن پنُن گۄڈنِیُوک میچ جاپانس خلاف تہٕ زیوُنُن  11-1 سۭتہِ ۔
6020,تِروُكلوُكٗنڈلم یَتھ تِروٗکازوُكٗندرم  تہِ ونٛنہٕ چُھ یِوان، چُھ اَکھ پنچایتی قصبہٕ تہٕ ہِنٛدُستٲنہِ رِیاست تامِل ناڈوٗ کِس چینٛگل پٹوُ ضِلعہٕ کِس تِروٗکالوُکُندرم تالٗكا سربراہ ۔
6021,"1 جولایی 2006 کہ تخمینہٕ مطٲبق ٲس اتہ آبادی 227,904۔"
6022,وۄنہِ گو٘ ، تمہِ كٕر پنٕنہِ پیشورانہٕ زِندگی بطور  الیکٹرولکس مٗلٲذِم شروع ۔
6023,سہٖٗ اوس ہالیٖوُڈ اَداکار تہٕ گُلوکار ڈینی کاے یس وارِیاہ پَسنٛد کَران ۔
6024,مغربی ہندوستانس منٛز چھ گجراتس منٛز کچھ خطہٕ  تہٕ مہاراشٹرس منٛز کوینا  چھِ بطور زون ژور خطہٕ  (زیادٕ خطرٕ) درجہٕ بنٛد کرنہٕ آمٕتہِ ۔
6025,ران موری بنیو راچیل موٗری ، ییلہٕ زن تمۍسند مول رچرڈ بنیو ۔
6026,قدیم لوکھ ٲسۍ زیٖٹھِۍ دۄہ واپسی دوبارٕ شروع کرنہٕ خٲطرٕ اَلاو زالان۔
6027,ڈِی ایس: کیٛاہ تۄہہِ چَھا زانٛہہ سیشَن دوران خَطرٕ محسوٗس کوٚرمُت؟
6028, پرٛکاسو چُھ دَہو ؤرِیَو کھۄتہٕ زیادٕ وقتہٕ پیٹھٕ پنٕنۍ مۄمٕرورتٲوِتھ  تصویر بناوان۔
6029,"سُہ چُھ اَکھ مقبوُل  ٹی وی اَداکار تہِ ییٚمہِ  کنٛنَڈ ٹی وی سیٖریٖز جوٹھے جوتِھیالی یس منٛز پنٛنہِ کِدارٕ خٲطرٕ 'سینسیشنل سٹار' خٕطاب حٲصِل چُھ کوٚرمُت۔ 
"
6030,"مل این سنٹ ہبرٹ چُھ 2022 پیٹھہٕ لینڈ وین کوئجکُک حصہٕ رودمُت۔
"
6031,ہیوسٹن، ٹیکساسس منٛز چھِ پالتو جانورن ہنٛدس دُکانس پتہ کٕنۍ سامانٕک کم کھوتہٕ کم 68 مختلف حِصہٕ لبنٕہ آمٕتۍ۔
6032,مریخک گوڑنیک مشاہدٕ اوس دوربین کہ ذٔریعہ گیلیلیو گیلیلین 1610ہس منٛز کوٚرمت۔
6033,"مئی تام، زیادٕ تر ہندوستٲنی اندرونی حصن منٛز چھُ اوسط درجہ حرارت 32 ڈگری سیلسیس کھۄتہٕ زِیٛادٕ آسان، ییٚلہِ زَن زِیٛادٕ کھۄتہٕ زِیٛادٕ درجہٕ حرارت چھُ اکثر 40 ڈگری سیلسیس کھۄتہٕ زِیٛادٕ آسان۔
"
6034,"اورنگ زیب چھِ مُسلمانو دٔسۍ اکھ وٲحِد رازٕ تہٕ  11thâ€""بٔہمہِ اِسلٲمی صٔدی ہٕنٛدِ مُجددٕکۍ پٲٹھۍ یاد کرنہٕ یِوان۔ "
6035,لکھ چھ اکثر پنٕنہِ مذہبی عمارتہٕ مٗمکنہٕ حدس تام خوبصورت بناونٕچ کوُشش کران۔
6036,تٔمۍ دیُت تجویز زِ فاضل آب گژھہِ کمی والین علاقن کُن پھرنہٕ یُن۔
6037,तमि बनोव गोडनियुक टोरेंट क्लाइंट येमिस बिट टोरेंट वनान छि.  
6038,آر وٰی پاركہِ ہندِ یومِیہ نرخ چھِ عام طور پیک سیزنس منز 90120  امریكی ڈالرو پیٹھہٕ آف سیزنس منز   6080 امریكی ڈالر روزان ۔
6039,اَز صُبحس سُلی، آیہ جٔنوٗبی لنٛدن کِس ٹوٗٹِنٛگس منٛز دۄن گَھرن پیٚٹھ چھاپہٕ ترٛٲوِتھ ، دہشت گردی ایٚکٹ 2000  ہس تحت نَو نَفر گِرِفتار کرنہٕ ۔
6040,سولر ریٹینوپیتھی کہ وجہہ سٕتہِ اچھِ گاش راوٗن چھٗ عام طور واپس یوان، یہِ اكہِ ریتہٕ پیٹھہٕ اكِس ورِیس تام روزان چھُ ۔ 
6041,یِمَن حصن منٛز چِھ رنگن ہٕنٛدِس تہوارَس رنگپنچمی وننہٕ یوان، تہٕ چُھ پورنیما پتہٕ پٲنٛژمِہ دۄہ مناونہٕ یوان۔
6042,موجودٕ این ایل ایل ناو گوٚو 1998 کِس سیزنس منٛز شروع، یتھ منٛز گۄڈٕنِیوٗك  کینیڈیٲیی  ٹیم شٲمِل اوس ۔
6043,یہ چھ کنہٕ صحیح جایہ پٮیٹھ رکاونہٕ خٲطرٕ ۔
6044,امیُک ناو اوس نیو یارکُک گۄڈنکس گورنر جارج کلنٹن سٕنٛدِس ناوس پیٹھ تھومُت۔
6045,"یہِ شخٕص اوس أکِس کُلِس سۭتہِ نالٕ مو٘ت كرِتھ بچومٗت  مگر گاڑِ ییرٕ گژھنہٕ كِنہِ گییس آشینہِ نظرو دوُر۔
"
6046, باقیہ یواریخ  تہٕ تحریر یِم پرتھوی راج سٗند  ذِکِر كران چھٗ تِمن منز چھٗ  پربندھ چنتامنی، پربندھ کوش تہٕ پرتھویراج پربندھ شٲمِل۔
6047,"پرانین قصبن منٛز چِھ عام طور تٲریخی تہٕ تعمیرٲتی قدر آسان یم یمن بحال کرنس لایق چھ بناوان۔
"
6048,یمن اعدادن منٛز چِھ مۄلہِ ہینہٕ آمتین پتِمین 30 ین بیچن منٛز تہنٛز کُل رفتار شٲمل، سۭتۍ  اکھ گرافک یُس زون كہِ اوسط کس مٗقابلس منٛز تہنٛز رفتار ہاوان چھٗ ۔
6049,سینٹ کیتھریٖن چھ جمیکاہس منٛز اکھ پیرش۔
6050,پلانٹ سیفٹی افسر رائے (جوئے سینگٗپتا) چھُ پنٕنہِ تشویشُک اظہار کران۔
6051,713 ہس منزكور  تانگٕكہِ  بادشاہ شون زانگن ژندرٕ پیڈٗن اكھ سفارت خانہٕ  موصول یتھ منز عرب حملن خلاف مدتٔٗك  درخواست اوس۔
6052,اسہ ٲس خوشی ز تۄہہ ژوروٕ سون ریسٹوران۔ کیتھ اوس یہ؟ (ریستوران مینیجر)
6053,مقامی کمیونٹی کالج تہٕ چھ موجود یمن منز عام طور زیادٕ کھلہٕ داخلہ پالیسیہٕ، مختصر تعلیمی پروگرام، تہٕ کم ٹیوشن فیس چھِ۔
6054,"جینیٲتی مشاورت ہیکہِ ایف ایچ خٲطرٕ مثبت کلیسٹرول سکرین پتہٕ جینیٲتی ٹیسٹنگ منٛز مدتھ  کٔرتھ ۔
"
6055,यि आयि सतम्बर 2008 ठ्स मन्ज़ प्लेस्टेशन स्टोरस पेठ जॉरी करन्.  
6056,بار بار چرسک استعمال کرنہٕ سۭتۍ ہیٚکہ شزوفرینیا ہٮ۪تھ سنگین ذہنی بیمارٮ۪ن ہنٛد خطرٕ دۄگنہٕ گژھتھ۔
6057,ویدک دور یا ہندوستانٗك ویدِک تہذیب اوس اکھ واریاہ پرٛون تہذیب ۔
6058,سَتَاواہنَو کوٚر سانٛچی ہٕنٛدِس بودھ ستوُپاہس آرائش كرنس  منٛزسہٹھاہ مدتھ ۔
6059,یہٕ چُھ وۄنہِ نیوُ یارک کِس ناساؤ کاؤنٹی علاقس احاتہٕ كران ۔ 
6060,اتھہٕ سٕتہِ یٕڈ ژیل دِیوٗن چھُ بیاكھ طریقہٕ ییمہِ سٕتہِ شاہ تر٘اونٕچ رفتار بڈان چھے٘ ییمہِ سٕتہِ پتہٕ ژاسہِ فرق گژھان چھے٘ ۔ 
6061,"مسلمان، دویِم ساروِی کھوتہٕ بٔڑ برادری  چھِ کُل آبٲدِی ہُنٛد % 27.01 ، مغربی بنگالٕکہِ  ترٛےٚ ضلعہٕ: مٗرشد آباد، مالدا تہٕ اُتر دیناج پوُر، چھِ مٗسلِم اکثریتی ۔
"
6062,"ییٚلہِ میر جعفر سٕنٛدِ طرفہٕ اتھ متعلِق زانٛکٲری دِنہٕ آیہِ، کلائیوَن کوٚر یہِ 1 مئی کلکتہ چہِ سلیکٹ کمیٹی حوالہٕ۔
"
6063,كھزٕر كٗلہِ ،پنڈانس دو٘پھ ، مُختٔلِف پنہٕ دار کُلہِ، تہٕ جھاڑۍ چھِ رُکِتھ آبس سۭتہِ سٕتہِ  وۄپدان ، ییٚمہِ سۭتہِ  أنٛدِ پٔکہِ كِس منظرس سبٕز رنگت فراہم كران چھٗ ۔ 
6064,تٔمۍ ہیٚچھناوۍ مونٹریال چہ میک گل یونیورسٹی منٛز پنٕنۍ دوس ز یہ کھیل کتھ کٔنۍ چھ گنٛدنہٕ یوان۔
6065,شعلے تہ چھےٚ مسالہٕ فلمہِ ہٕنٛز اکھ واضح مثال، یوٚسہٕ أکس کامہ منٛز واریاہن صنفن مِلناوان چھے٘ ۔
6066,پرٛیتھ قسمٕچ موسیقی ہُند صنف تہٕ انداز چھ عیسٲیی موسیقی منز لبنہٕ یوان ۔
6067,بیاس دریاوک آب چُھ ہندوستانس تہٕ پاکستانس درمیان سندھ آب معاہدٕ کین شرطن تحت بٲگراونہ آمت۔
6068,1993  منٛز کوٚر نو تشکیل شدہ پروفیشنل شطرنج ایسوسیشنن دسمبرس منٛز گروننگنس منٛز 54 کھلٲڑین، ۱۱ راؤنڈن ہنٛد سوئس طرزک کوالیفائنگ ٹورنامنٹ منعقد، یس ایف آئی ڈی ایی یک انٹرزونلس برابر اُوس۔
6069,"مُخٲلِف سٕنٛدِ طرفہٕ فاؤل کرنہٕ وِزِ چھِ اكِس کھلٲڑِس جُرمانہٕ پویِنٹ دِنہٕ یِوان۔
"
6070,اینڈومیٹریوسِز علامتہٕ  ہٮ۪کہِ  ڈاکٹر سٕنٛد ذٔریعہٕ علاج سپدِتھ ، مگر ٹھیكھ ہیكہِ نہٕ كرنہٕ یِتھ ۔
6071,"أمِس چھِ واریٛاہ ایوارڈ میلِمٕتہِ  یَتھ منٛز  فلم فیئر ایوارڈن باپت پانثھ نامزدگی  شٲمِل چھے٘ تہٕ یہِ چھُ مُختٔلِف فلمی صِنفن  منٛز اداکٲری باپتھ مشہوٗر۔
"
6072,باقی واولز چھ ڈایکریٹکسَو سۭتۍ یوان ہاونہٕ، یم کنسوننٹسَن پتہٕ چھ یوان۔
6073,اگر  نَے تُہۍ پنٛنِس نزدیٖکی علاقس منٛز یُتھ “تجرُبہٕ وول تحفہٕ“ ژھٲنٛڑِتھ  ہیٚکِو    ، تیٚلہِ دیٖو مزیٖد  ژارِ  خٲطرٕ آن لاین نظر۔
6074,یہِ چھُ ڈالفِنَن پننِس قدرتی روزن جاے منز وچھنہٕ خٲطرٕ مشہور۔
6075,رانا سنگا اوس شمٲلی ہندوستانُک ٲخری آزاد ہندو رازٕ ییٚمۍ مغلیہ دورٕ برۅنٛہہ أکِس أہم علاقس پٮ۪ٹھ قبضہٕ کوٚرمُت اوس۔ 
6076,"شٗرِ یژھن وٲلہِ لٗكھ چھِ تٗلسی ہندِ طرفہٕ  تمہِ سندِ مول مٲج بنِتھ كنیادان كران ۔
"
6077,دۄن بڈین جنگجوہن درمِیان گوٚو شدید مقابلہٕ، ییٚتہِ بھیم جتاسور سُنٛد کلہٕ ژٹِتھ تہٕ أمۍ سُنٛد جِسم لتو مٲنڈتھ فتح یاب گو۔
6078, امریکہ چُھ وٲحد مغربی مُلک ییٚتہ  سزائے موت دِنہ  چُھ  یوان ۔
6079,"امہِ برٛونٛہہ گِیُنٛد تٔمہِ  آسٹریلین  اے لیگ مُقابلَس منٛز سِڈنی ایف سی خٲطرٕ، مگر ییٚمہِ ؤرۍ کِس شروٗعاتَس منٛز گوٚو شیفیلڈ یونائیٹڈس منز  منتقٕل۔
"
6080,"یہ خیال کرتھ ز ژٕ یکھ تنہا تراونہ ، چھُ نہ بوزُن تگان  ز انسٲنی رشتہ چھ چانہ باپت اہم۔
"
6081,رتھ یاترا چھ اکھ ہٮ۪ندِ تیوہار  یٗس  کرشن سنٛدِس اكِس روُپس   جگن ناتھ سندِ باپت مناونہٕ یوان۔
6082,حیدرآبادس خلاف 53، 2000  منز 128، 2007  منٛز بنگالس خلاف 105، 43 چھِ تِم اننگ یِم تِمو وانکھیڑے سٹیڈیمس منٛز رنجی ٹرافی کِس فاینلس منٛز ممبئی خٲطرٕ گنذمژٕ آسہٕ۔
6083,السرٹیو کولائٹس كہِ معیٲری یلاجٗک انحصار چھٗ اتھ منٛز مٗلوس آسنس  تہٕ بیمأرِ ہنٛدِس ز شدتس پیٹھ ۔
6084,ہوٹلک کمرٕ چھٗ سیٹھاہ صاف ، تہٕ تتھے پٲٹھہِ ٲس عملچہٕ خدمات تہِ تیز ییلہِ   اکھ ژر اتفاقن انٛدرٕ ژاو ۔
6085,یہِ تیوہار چُھ دِلِہ، پنجاب، ہریانہ، ہماچل پردیش تہٕ جموں و کشمیر کِس جیمہِ خطس منٛز مۄغل دورٕ  پیٚٹھٕہ مناونہٕ یوان ۔
6086,تِمَن خٲطرٕ اوس ساروِی کھوتہٕ اہم جَنگلٲتی پٲداوار ہوٚس۔
6087,پوچائٹس ہیٚکہ شدید، دور گژھن وول، یا دائمی ٲستھ۔ تاہم اینٹی بائیوٹکس، سٹیرائڈز، یا حیاتیٲتی دواہ  استعمال کٔرتھ ہیٚکہ علاج انتہٲیی اثر دار ٲستھ۔
6088,مولٹس تہٕ کیٹ فش چِھ اہم نمکین آبٕچ گاڈٕ، یمو جھیل كین  گاڈٕ رٹن والین گاڈٕ رٹٖٗن جاری تھونس منز مدتھ كو٘رمٗت چھٗ ۔ 
6089,ؤری وادن ہنٛز ساینسی تحقیق چھ یہ تہ ظٲہر کران ز تیل بل، بۄٹہٕ كو٘ل ، تہٕ گندٕ نالہِ  چھ جھیلس منٛز نایٹروجن تہٕ فاسفورس كہِ یِنٕكہِ ذمہ وار۔
6090,بہٕ چھس نہٕ ذرا تِہ کورئیر کمپنی سۭتۍ خوش۔ مےٚ ٲسۍ برٛونٛہی پونٛسہٕ دِتمتۍ، تہٕ وۄنۍ چھ تم مےٚ ونان ز ادایگی ٲس نہ گمٕژ۔
6091,"آٮٔی کے ایف چھُ کورف بالہِ ہندِ  نٗمایاں  بین الاقوٲمی ٹورنامنٹ، خاصكرِتھ  آئی کے ایف ورلڈ کورف بال چیمپئن شِپ مٗنعقد کرنٕچ ذمہٕ دار۔
"
6092,اولمپک منتظمین چھ 1992 كہِ   بارسیلونا اولمپکس پیٹھہٕ کھلٲڑین مفت کنڈوم فراہم کران۔
6093,"خلیج بنگالُک حصہٕ چُھ جوٗن اژوُن شُمال مشرقی ہندوستان عبور کٔرِتھ شُمالس کُن پکان۔
"
6094,تمام مالیکیولز یا آینز یمن منٛز الیکٹرانز اکھ آزاد جورٕ چھ آسان تم چھ نیوکلیوفایلز آسان۔
6095,"خانوا جایہ تمہِ سنز شِكست چھے٘  مو٘ غلن ہندِ  شُمٲلی ہندوستان فتح كرنس منز بطور اكھ  تٲریٖخی واقعہ وٗچھنہٕ  یِوان ۔
"
6096,تمہٕ وقتہٕ ٲس سۄ وکٹورین گورنس تہٕ بارمیڈ کلارا اوسن اوسوالڈ سُند کردار ادا کران ۔
6097,بوٗچنبٔرٕگ، بوٗچنبٔرٕگ چُھ باویریا  جرمٔنی کِس اوبرالگو ضلعس  منٛز اکھ بلدِیٲتی علاقہٕ  ۔
6098,یہ چھےٚ دیواراکونٛڈا خٕظہٕ کس دیواراکونٛڈا منٛڈلٕچ اکھ میونسپلٹی۔
6099,پنٕنۍ چِٹھۍ زیٛادٕ کھۄتہٕ زیٛادٕ پیشورانہٕ بناونہٕ خٲطرٕ تھٲیِو یِہ أکِس یا دۄن دۄہن  الگ۔
6100,اگر تہۍ پنٛنہ ورزش دوران موسیقی بوزٕنۍ یژھان چھوٕ، تیٚلہ ہیٚکو تہۍ سپیکرن سۭتۍ اکھ ماڈل أنتھ یتھ سۭتۍ تہۍ پنن آیی پوڈ یا میوزک پلییر ہک کٔرتھ ہیٚکو۔
6101, 1984 کِس شروعاتس منز موکلٲو ژٲر کرن والیو دیو سُند دور  گواسکر بییہِ کپتان بنٲوِتھ ۔ 
6102,بزنس کلیکٹو، واے اِیی سی، تہٕ فاؤنڈرز سوسائٹی ہِش تنظیمہٕ چھِ کاروبٲری افرادَن باپت آن لائن کمیونٹیہِ۔
6103,اگستٕچہِ گۄڈنِچہِ ژٔنٛدر وارِ چُھ تووالوٗ ہس منٛز بَچن ہُنٛد قومی دۄہ آسان۔  
6104,عام طور چھِ  تمام جایہ ہاو ڈکھہٕ کرٛاوُت جایہ ہاو، یِم ناوُت تہٕ اشارٕ ناوتین ہندۍ لٔگۍ رٹان چھِ۔
6105,"معاشیات تہٕ سمٲجی اشارن ہنٛز ترقی منٛز سین سنٛد انقلابی تعاون چھ ""اہلیتک"" تصور یس تہنٛدس مضمونس ایکولٹی آف واٹ منٛز تیار گوٚو۔"
6106,اگر یہِ چُھ، تیٚلہ کٔرو أمس نفرٕ سنٛد شکریہ ییٚمۍ سۭتۍ تۄہہ کتھ کٔر تہٕ کٔرو پننہ ینہٕ واجنہ اقدامٕچ منصوٗبہٕ بندی۔
6107,"2014 ؤری اوس رحمان سٕنٛدِ خٲطرٕ سارِوٕے کھۄتہٕ زیادٕ آورین ؤرین منٛزٕ اکھ، یَتھ منٛز تمۍ مختلف زبانَن منٛز 12 ہن فلمَن منٛز کٲم کرنُک دعوا کوٚرمُت چھُ۔
"
6108,"امیُک اثر اوس جنگلی انواع پیٹھہٕ کاشت کرنہٕ آمتِس آلوس منٛز جین منتقل کرنٕچ زیادٕ صلٲحیت۔
"
6109,یہِ اوس سرکٲرِ اہلکارو دٕسہِ بطور قومی لباس کہِ حصہٕ ژھننہٕ یوان  ۔
6110,تمہِ  سٕنٛدِ مٲلہِ تِہ کور خانٛدر كِس  تجویٖزس اِنکار ۔
6111,یہ چھ اتھ تہوارس ہندومتس منٛز ہولیکا شہرت کس پرہلاد سنٛز پران دلیٖلہ سۭتۍ جوڑان، یس ہرنیاکاشیپو سنٛد نیٚچو اوس۔
6112,کمپنی ہٕنٛز بنیاد ٲس 2015 ہس منٛز الیکس لبنسکی تہٕ للی اوسٹاپچکن ترٲومٕژ۔
6113,تِم چھِ آئی سی اے او، اے ٹی ایس بی، تہٕ انڈونیشیٲئی ڈائریکٹر ایوی ایشن سیفٹی پیٹھ 'ژھۄپہٕ روزنُک' الزام لگاوان، تہٕ چھُ یِمن 'سَمجوتہ شدہ' قرار دِوان۔
6114, فلم بندی ہنٛدِ تمہِ سندِ  حصہٕ آیہِ  15 ہن دۄہن منٛز تیار کرنہٕ، وۄنہِ گو٘ سوُ اوس  ڈھاین ریتن ٹیمس سٕتہِ كشیرِ منز ۔ 
6115,"2010 چہ مردم شمأری مطابق ٲس کیلیفورنیاہس منٛز 30,908,614 لوٗکھ شٔہری علاقن منٛز روزان۔"
6116,پٹادکل کس وجیشور مندرس منٛز چھ أکس ریکارڈس منٛز گڈیان ناوٕ اَکِہ سونہٕ سِکُک ذِکر ، یُس پتہٕ وراہ (تِہنٛد شٲہی نشان) ناوٕ سۭتۍ زاننہٕ آو ۔
6117,تٔمہِ کوٚر مارکسی نظریہٕ قبوُل زِ مراعات یافتہ کیژن  لوُکن ہُنٛد عوامس  استحصال چُھ غٗربت تہٕ امِہ کیٚن مسٲئلن برقرار تھاوان۔
6118,انڈونیشیاہس منٛز چھ مےٚ زر مبادلہ کس شرحس منٛز أکس روپیہ مقابلہ  واریاہ مقٲمی کرنسی میلان تہٕ بہ چھُس خوش گژھان۔
6119,جھیل بیریسا: جھیل بیریسا چھےٚ ناپا کاونٹی، کیلیفورنیاہس منٛز اکھ مصنوعی جھیل۔
6120,ہَل شکلہِ ہٕنٛدِ انتخابَس منٛز چھُ ناوٕ ہُند رفتار تہٕ ڈنجہ روزنس درمیان کینٛہہ لین دین شٲمِل۔
6121,یہ چھ تکلیف دہ زِ  چھ بٔڈۍ مالیٲتی آڈٹ ادارٕ کتھہٕ کٔنۍ  چھِ ضٲبطن منٛز خامین ہنٛد استحصال کران۔
6122,یہٕ آو  1981 تس منٛز پیٹنٹ کرناونہٕ تہٕ 1987 تس منٛز آو گوڑنکِ لٹہِ استعمال کرنہٕ۔
6123,24 دۄہن ہُنٛد یہِ مارچ  پكہِ  4 رو ضِلو تہٕ  48 ہو گامو مٕنزِ ۔
6124,امہ پتہٕ ہیكن  جاپٲنہِ بدقسمتۍ محسوس کٔرتھ-اکِہ منٹہٕ پتہٕ گو ٹم کیہل پینلٹی باکسَس منٛز أکس جاپٲنہِ  کھلٲڑِس  مقابلہٕ کران ظٲہِر۔
6125,"تمۍ چھُ ایس ایس راجامولی یِنۍ 2010 ہٕچ ہِٹ فِلم مریدا رمناہَس منٛز کیمیوُن کِردار ادا کوٚرمُت۔
"
6126,"یہ کمپنی چھےٚ 2018 پٮ۪ٹھٕ ہانگ کانگ سٹاک ایکسچینجس منٛز درج کرنہٕ آمٕژ۔
"
6127,آنٛدھرا پرٛدیشس منٛز واقعہٕ بیلم گۄپھہٕ چھےٚ برصٔغیٖر ہِنٛدُستانس منٛز دۄیِم سارِوٕے کھۄتہٕ بٔڑ گۄپھہِ ہُنٛد نِظام ، یُس پنٛنہِ سپیلیوتھمزخٲطرٕ زاننہٕ چُھ یِوان،   یِتھ کٔنہِ زن  سٹیلیکٹائٹ تہٕ سٹیلاگمائٹ ترتیٖب ۔
6128,اگر سرور پوٮٕنٹ زیٛنان چھُ ، زٕ کھلٲڑِ چھِ  پوائنٹہٕ خٲطرٕ طرف بدلاوان۔
6129,اتھ حالتس  چھِ آیرش سرجن رابرٹ گریوز ونان  ییٚمہِ 1835 ہس امِچ وضاحت كٕر ۔
6130,10 ستمبرس اند پکہ چھ مالابارس منٛز رود بنٛد گژھان۔
6131,أمس آو 2010 ہس منٛز حکوٗمت ہنٛد کہ طرفہٕ پدم شری اعزاز دنہٕ
6132,"گِلمیسٹرَن چھُ تجویٖز كورمٗت  زِ نہ صِرِف ناو بلکہِ بزات خۄد یِہ کھیل تہِ ہٮ۪کہِ اصلی  فلیمش ٲسِتھ ۔
"
6133,کمار سُند نیچوُ  امیت کمار بنیوو 1974 منز  كُمار سٕندِ دسۍ فِلم بڈتی كا نام داڈھی باپتھ “ اپنے بس كی بات نہیں “ پیٹھ ہندی سینماہس منز گلوکار۔
6134,زیکا چھُ بُنیٲدی طور ایڈِس ایجپٹی مَہیو سۭتہِ پھٔہلان، تہٕ  ہٮ۪کہِ جنسی رٲبطہٕ یا  خوٗن چہِ مٗنتقلی سٕتہِ تہِ  پھٔہلِتھ ۔
6135,ییمہِ انفوگر٘افِک سۭتہِ زٲنِیو  زیٹھین ہنزِاستحصٲلی بےدٲری تہٕ بچاوس مٗتعلق ۔
6136,کرائیکلس أنٛد پٔکہِ زمین چھ سہلٲبی میژِ تاہ سٕتہِ مالا مال ۔ 
6137,بہٕ چھس چیشائر بیٲرِ ہنٛدِۍ پٲٹھۍ اسان   ییٚلہ بہٕ پنٗن دوست  تس کورِ  میلان وٗچھان چھُسن  یوسہٕ مے٘ تس سمکھٲومژ چھےٚ۔
6138,گیتس منٛز چھ سپنڈاو بیلےٹک گیت ٹرو سۭتۍ اکھ نمونہٕ شٲمل۔
6139,"خیال چھ یِوان کرنہٕ زِ امیک سمأجی نظام اوس پنٛنہِ وقتہٕ کھۄتہٕ واریاہ برٛۄنٛہہ۔
"
6140,سیلگیلاینک مقصد چھ مرکزی اعصٲبی نظامس منٛز اعصابچ حٮ۪فاظت کران۔
6141,تمن منٛز چھے مٗہرین ہندِ تِمن كھینہٕ كھو٘تہٕ زیادٕ تیزی سان بڑنچ صلٲحیت ۔
6142,"سی وایہ پی  26 اے 1, سی وایہ پی  26 بی تہٕ سی وایہ پی  26سی 1 باپت جین چھِ  آر اے کیو تھدیو سطحو دٕسہِ دِنہٕ یوان ، یِم خۄد باقایدگی ہٗند لوُپ فراہم كران چھِ ۔ "
6143,سنگھ مُود91 وہر 18 جون 2021  کووڈ-۱۹ پیچیدگیو سۭتۍ۔
6144,اقوام  مُتٔحدَن چھُ ووٛنمُت زِ زنانَن چھِ نوِ  قونوٗنٕچ خلاف ورزی کرنَس پٮ۪ٹھ مارنٕچ دھمکی دِنہٕ آمٕژ ۔
6145,"یہِ چھُ عموٗمَن ترمیم شُدٕ کرکٹ میدانَن پیٹھ گندنہٕ یِوان۔
"
6146,یہ ورم اوس ٹیکسٹ فایل ہِیوٗ باسان ، یوٚتام نہٕ  یہِ کھولنہٕ ییہے ۔
6147,"کٗرتہٕ ہیكہِ  سادٕ یا انگ ركھا 
 ہیوٗ ژٹِتھ ٲسِتھ ۔ "
6148,انٹرنیٹ فلٹر چھٗ اکثر استعمال گژھن وٲلہِ کینٛہہ لفاظ رٗكٲوِتھ   کٲم کران ۔
6149,لومو گُزریو اچانک 40 وُہُر آکلینڈ، نیوزی لینڈس منٛز گۄردٕ خراب گژھنہٕ سۭتہِ۔
6150,"اوڈیسا کِس مغربی حصَس منٛز چھِ زِیٛادٕ تَر لوٗکھ ما سُرسوٗری ہٕنٛدۍ عقیدت مند۔
"
6151,ہیماو: ہیماو چھ جنوبی جرمنی ہک اکھ لۄکٹ شہر، ریجنزبرگس منٛز۔
6152,كارِ ہٗنٛد وزن چھٗ حریف وزنہٕ سٕتہِ برابر كرنہٕ یوان ۔
6153,ریتہٕ کالک مون سون ہوا تہِ چِھ تیز لہرٕ کہ توانایہٕ کس سطحس منٛز حصہٕ نوان۔
6154, 17ہمہِ صٔدی ہُنٛد اکھ بازرچاندنی چوک   ، چھُ زیورن تہٕ زٔری ساڑٮ۪ن خٲطرٕ دِلہِ منٛز سارِوٕیہ  کھۄتہٕ  مقبوُل  خٔریٖدٲری ہٕنٛدٮ۪و علاقو منٛزٕ اکھ ۔
6155,"لوٗکو ہیٚژ جے ایس باخ سٕنٛز موسیقی چلاونس منٛز تِہ دِلچسپی ہاوٕنۍ۔
"
6156,1960 منٛز آو چانڈلر سکرین ایکٹرز گلڈک صدٕر منتخب کرنہٕ۔
6157,کاروا ناوٕچ اکھ زٔنہِ ٲس پنٛنس خانٛدارس سیٹھاہ وفادار۔
6158,ہندوستانَس منٛز چھُ آبٲدی منز اضافہٕ دٔریاوَن پانونہِ جوڈنٕكہِ ضرورتٗك  بیاكھ وجہہ ۔ 
6159,جشنس دوران چھ تحفن ہنٛد رسمی تبادلہٕ سپدان ۔
6160,یہِ چُھ ماننٕہ یِوان زِ برطانوی سلطنتس چُھ وٲحد خطرٕ سوویت یونین طرفہٕ ۔
6161, جٹا ورمن سُندر اول سندین فتحن منز دِیوٗت تس جٹا ورمن ویرا پانڈیا ہِوٮ۪و  وارِیاہو پانڈیا شٲہی یو٘ مدتھ ۔
6162,ٹریڈمل چھ اکھ بوٚڈ، گوٚب چیز، لہذا تہۍ ہیٚکو نہٕ یہ پنٛنہ گاڑ منٛز نتھ۔
6163,امہ پتہٕ أکس ساحلس  پیٹھ چھےٚ سۄ تمن 15 فرینڈشپ فریگمنٹس زیننہٕ خٲطرٕ ونان ۔
6164,امی وقتہٕ چھ برہمپال ستبیر (وویک اوبرائے) ناو کس أکس نرم مِزاج  وۄستادس سۭتہِ دوستی کران یُس برہمپال سٕنٛز کور سُمنس (چارمی کور) سۭتہِ رِشتس منز چھُ ۔ 
6165,دویمہ دۄہ سوز میڈن جھڑپ کرن وٲلۍ ، مگر کوٚرن نہٕ حملہٕ۔
6166,یہ چِھ ریلویہس تہٕ شاہراہن سۭتۍ تہ جڑتھ یم اکثر سیاح استعمال کران چھ۔
6167,دکانن  براؤز کرنہٕ تہٕ  اور تجارتی سامانس تہٕ پرچوُن كنن والین درمِیان مواضنہٕ كرنہٕ باپت تھٲوِیو سیٹھاہ وخ ۔ 
6168,امیک ٹیلی ویژن پریمیئر گوٚو 17 جولایی 2013 ہنگامہ ٹی وی پیٹھ ۔
6169,گوتھک لولیٹا، ییلہٕ نہٕ اصلس منٛز اینیمکس پیٹھ مبنی آسہٕ، مگر امہٕ سۭتۍ گیہٕ مقبول۔
6170,"بنٛگٲلہِ, یمن منٛز بنٛگٲلہِ ہیٚنٛدِ، بنٛگٲلہِ مُسلمان، بنٛگٲلۍ عیسٲیہِ تہٕ کینٛہہ بنٛگٲلہِ بودھ شٲمل چھِ ، چھِ آبٲدی ہنٛز اکثریت بناوان ۔"
6171,کیرالہ ہس منز چھ لاطینی کیتھولک عیساین ہُند ابتدا 16 ہمہ صٔدی منٛز پرتگالی پیڈروڈو سٕنٛد مشنری کوششن ہنٛد نتیجہ۔
6172,یہِ چھٗ یہِ زانٛکٲری پیکٹن ہٕنٛدس صورتس منز  سوزان ۔
6173,دنیاہس منٛز چھ پانژن منٛز دۄن لُکن ایچ سی ایم وی ۔
6174,آثار قدیمہ کین مقاماتن اوناکوٹی، پلک تہٕ دیوتمورا، ہٕنٛدۍ مجسمہٕ چھ منظم تہٕ مقٲمی مذہبن درمیان فنکارانہ امتزاجکۍ تٲریخی ثبوت فراہم کران۔
6175,"تامل ناڈوس چھ کل 5,952 کلومیٹر ریلوے ٹریک تہٕ ریاستس منز چھ 532 ریلوے سٹیشن۔"
6176,مہاراشٹرَس منٛز چھِ مکر سنٛکرانتی دۄہ لُکھ واریاہن رنگن ہٗند  حلوٕ (کھنٛڈٕ شربتَس منٛز ولِتھ  کھنٛڈٕ دانہٕ) تہٕ تیل گُل لٕڈِ (تیل تہٕ گورٕ  سۭتہِ بنٲوِتھ لٕڈِ ) اورٕ یور بٲگراوان ۔ 
6177,ایی ڈی ٹی،  نیشنل ہریکین سینٹرٕ مطابق اوس طوفان  بارباڈوس کس مشرقس منٛز لگ بگ 210 میٖل تہٕ مارٹنیک پٮ۪ٹھٕ لگ بگ 305 میٖل مشرقس منٛز۔
6178,تِہُند وُصعت روُد  سٲرسیہ ایمریکا، یورپ تہٕ اشیا ہس منز جٲری ۔
6179,"امہ پتہٕ کوٚر بیونسین پنن نوٚو بٲتھ ""فارمیشن"" پیش تہٕ شو ختم کرنہٕ خٲطرٕ گٔیہ سٹیجس پٮ۪ٹھ کولڈ پلے تہٕ مارسس سۭتہِ  شٲمل۔"
6180,نوربکھشیا اسلام چھ أمۍ سٕنٛدس ناوس پیٚٹھ تھاونہٕ آمت تہٕ أمۍ سٕندۍ پیروکار چھ صرف بلتستان تہٕ لداخس منٛز لبنہٕ یوان۔
6181,یہِ چھے٘ دٔریاون، جھیلن تہٕ جنگلی پوشن ہنٛز سرزٔمین۔
6182,بصارتس منٛز کمی یا بصارتک نقصان چھ اکثر یئفیماہچ گوڑنچ علامت۔
6183,شُمٲلی ہِنٛدُستان کین  وریاہَن  حِصَن ہِنٛدِ پٲٮ۪ٹھِ ، چِٗھ  دٗدھواہَس مَنٛزاِنتِہٲیی اودٗر نیم اسطوٲیی گرم آب ہوا یتھ سٕتہِ خوشك وندٕ ہِیوٗ موسم چھٗ ۔
6184,نومبر 2015 ہس منٛز ہندوستانس منٛز جٲری عدم برداشت کس بحژس دوران خان سٕنٛد تبصرٕن دیت دٕچھنہ طرفٕک انتہا پسند جمٲژن ہٕنٛدٮ۪ن کٮ۪نٛہن طبقن ہٕنٛدس شرارتہٕ ۂتس ردعملس زنم۔
6185, صرف امہ وجہ كِنۍ  ز توہہِ  چھِو جوان امیوٗک مطلب چھٗنہٕ  توہۍ ہیٚکو ویکسین نیُن ترٲوِتھ ۔ توہہِ چھٗو نا بوُزمٗت زِ سرکارن چھٗ اسہِ سارِنٕے باپت ویكسِنیشن  كرٗن لازمی بنوومت؟
6186,انٹرنیٹ ایکسپلورر 10 آو  2012 منٛز وِنڈوز 8 ٹھس سۭتہِ جٲری کرنہٕ ۔
6187,مشہور کردار یِم رَے ین تخلیق کٔرۍ چھِ فِلیوڈا دَ سلویتھ، پروفیسر شِنکو دَ ساینٹِسٹ، تارینی کھرو دَ سِٹوری ٹٮ۪لر، تہٕ لال موہن گنگولی دَ ناولِسٹ۔ 
6188,امی وقتہٕ، آو اکھ تنظیم نوٗك  ایکٹ تہِ پاس کرنہٕ، یُس ریاستس دۄن مرکزٕکۍ زیر انتظام علاقن، جموں و کشمیر تہٕ لداخس منٛز دُبارٕ تشکیل دِیہِ۔
6189,پیرونتھیناروی آبشار چھِ آبشار یِم پٹھانمتھیٹا ضلعہٕ پٹھانمتھیٹا پیٹھ 36 کِلُومیٹر دوٗر چھِ، وسطی ٹراوانکور علاقہٕ، کیرالہ ریاست، ہندوستان۔
6190,مہاراشٹرا چھ ہندوستانس منز ساروٕے کھوتہٕ زیادٕ صنعتی ریاستن منز اکھ۔
6191,दपान अम्युक होल कोल  गलत अंदाज़ लगावुन बनेयि अमिच बॅड  खॉमी.
6192,"اکِس مطالعس منٛز چُھ لبنہٕ آمُت زِ گرم گژھن نہٕ خطرٕ کِس عنصرکۍ  پٲٹھۍ۔
"
6193,گیرون چھ کمیون کہ ذٔریعہ شمالس منٛز وسان تہٕ چھ امہ کہ شمٲلی سرحدک حصہٕ بنان۔
6194,ہبار٘ڈ زاو انڈِیانا پولِس ، اِنڈِیاناہس جایہ 1951 منز، 
6195,وٗنكینس  چھٗنہٕ کانٛہہ تہِ عداد شٗمار دِلٗك دود کم کرنس منٛز وٹامن بی 12 ہچہ كمی پوُرٕ كرنس حیمایت كران ۔
6196,ترجمانَن وون زِ زِیادٕ تر زخم چھِ یٔڑۍ تہٕ زنگَن پیٹھ تہٕ أکِس زخمیَس چھُ کَلَس لوٚگمُت۔
6197,1954 ہس منٛز بنیو سہ پننس ژاٹہٕ بوج  واسیدا جِتسوُگیو سٗند بیس بال کوچ ۔
6198,مگر خانٛدرٕ پتہٕ تہ چھ آریان اینیس سۭتۍ جنسی عمل جٲری تھاوان۔
6199,"لندنٕک بمبارَن ہُنٛد مبینہ لیڈر محمد صدیق خان گوٚو أکِس الگ ریکارڈنگہِ منز ظٲہِر تہٕ  کٔرِن بم دھماکَن ہٕنٛدِ  وجو’حات  بیان۔
"
6200,رائل ہوٹل چھ رابنسن سنٛز ملکیت منٛز اکس بیکس ہوٹل کس جایہٕ پیٹھ ۔
6201,"یہِ چیمپئن شپ کھیل گوٚو 1966 کِس سیزن کِس ٲخرس پیٹھ گِنٛدُن شروٗع۔
"
6202,"1999تھس منٛز،آیہ پیسیفک سن آئس چائے رٲیج کرنہٕ۔

"
6203,ہندوستانٕ کیو قونوٗن سازو کٕر  یِمو٘ اقداماتو ذٔریعہِ سمٲجیتہٕ  اقتصٲدی عدم مساوات تہٕ ہندوستان كین  افسردہ طبقن خٲطرٕ موقن ہنز کٔمی ختم کرنٕچ وۄمید ۔
6204,کوپر زاو 25 اکتوبر 1928 ہس منٛز ٹافٹ، کیلیفورنیا ہس منٛز۔
6205, دتاترے ہِویو لوُكو كو٘ر یہِ سپدٗن مٗمكِن بناونس منز مدتھ ۔
6206,کوکَر رس چھٗ زٗکامس تہٕ نزلس یلاج ماننہٕ یوان ۔
6207,"یہ روٗد 27 اکتوبر 1995 پٮ۪ٹھٕ 16 نومبر 1998 تس تام جٲری۔
"
6208,عدالتُک اجلاس اوس تَمہِ وِزِ چلان ییٚلہِ امِیوٗك ذو٘ن عدالت عالیہ كِس وكیل سندِ دٕسہِ  دٲخل عوٲمی مفاد كِس مٗقدِمس كٗن  پھرناونہٕ آو ۔ 
6209,"ہیلے گُزریو 51 وُہُر لاس الامیٹوس، کیلیفورنیاہَس منٛز دِل چہِ بٮ۪مارِ سۭتہِ ۔
"
6210,دریاوَس منٛز چھِ 25 کلومیٹر (16 میل) کِس حصَس پیٹھ وادی بٔرِتھ (کنکر میژِ سۭتۍ بَنیومُت) تہٕ 198 فٹ (60 میٹر) سرٛنیر۔
6211,یہ چھ فجی منٛز ہیند تہٕ تم فجی ہیند تہ مناوان یمو بییہ کنہ جایہ ہجرت کٔرۍ۔
6212,"یہِ پروجکٹ چُھ کھنٛڈوا ضِلعہٕ کین گٲمی علاقن منٛز60,000 ایکڑ ⋅ فُٹ یا 74000000 m3 چیٚنہٕ آب فراہم کرن تہِ یقینی بناوان۔
"
6213,وکی نیوزن تہِ کٔر اتھ دعوس پٮ۪ٹھ سٔنۍ نظر تہٕ کٔرن مزیٖد  تفتیش۔
6214,"کانٛہہ خاص تھیراپی چھنہٕ پی ایس سی کِس طویل مدتی کورسَس متٲثر کران ثٲبت گٔمٕژ۔
"
6215,باقین جاین چھُ ماہرازٕ ماہرینہِ ہٗند دچھُن اتھہٕ پننِس اتھس منز رٹان ۔ 
6216,ایکسٹین گزریو 10 نومبر 2017منٛز برلن منٛز 82 وری وٲنٛسہ منٛز ۔
6217,1920-1923 ہس دوران چلٲو راکفیلر فاونٛڈیشن كہِ  انٹرنیشنل ہیلتھ بورڈن میکسیکوہس منٛز یلو فیٖور ختٕم کرنہٕ خٲطرٕ اکھ درٛوٚج تہٕ کامیاب مہم۔
6218,असली सेंटओ एस गछि दिसम्बर 2021 मंज़ खतम. 
6219,"کینٛہہ ہفتہ برٛونٛہہ پھٔٹۍ الگ الگ طوٗفانَو سۭتۍ وسطی فلپاینَس منٛز زٕ مسافر بردار جہاز تہٕ 50 کھۄتہٕ زیٛادٕ نفر پھٔٹۍ سمنٛدرَس منٛز۔
"
6220,مِثالہِ پٲٹھۍ، نانا فڈنویس سٕنٛدس فوجس منٛز ٲسۍ 5000 عرب شٲمل۔
6221,2013 ہس منٛز کٔر گڈ باربرن گۄڈنچہ لٹہ موبائل ورلڈ کانگریسس منٛز شرکت ۔
6222,شکر چھ زِ پولیسن چھ شہرس منٛز امن خراب کرن والین طٲلب علمن ہندِ باپت سخٕت نتیجن ہنٛدۍ پیغام سوزمِتۍ۔
6223,عالمی سطحس پیٚٹھ 2009 وس تام، پرٛیتھ ؤریہ  لگ بگ 300 ملین سکیبیز ماملہٕ سپدنٗك  تخمینہٕ  ، حالانٛکہ مختٔلف فریقن  ہٗنٛد دعوی چھٗ زِ  تعداد چھ یا تہ زیادٕ-یا کم تخمینہٕ ۔
6224,تہنٛز چھاتہ ہیٚکہ ژاس یا دگ تہ ٲستھ۔
6225,پیشواہن کوٚر شاہوٗ ہس شیواجی تہٕ مراٹھاہن ہنٛد چھترپتی سنٛد حق دار وارث تسلیم کرنس منٛز اہم کردار ادا۔
6226,اَتھ منٛز چھِ ویٖنا مٔلِک، راجن ورما، سُپریا کُماری، آریہ بَبر، رِیا سیٚن تہٕ راجپال یادو اداکٲری کران ۔
6227,یہٕ چھ سیلہ ہنزن کامین منٛز رکاوٹ بنان ۔
6228,بہٕ کر نہٕ زانہہ تہ أمس آپریٹر سٕنٛد ذٔریعہ زٕ سٹار ہوٹلن کیتھ واریاہ پونٛسہٕ ننہٕ باپت پنٕنۍ کانہہ تہ چھٹی بک۔
6229,اِبتِدٲیی رِکارڈَن منٛز چھُ یہِ بطور پوناکم، تِروُپونکم، پونٛکل تہٕ یِتھویہِ اسطلاحاتو٘ سٕتہِ ظٲہِر گژھان ۔
6230,"بطورِ تحصیل چھُ یہِ بیٚیہِ دۄن کمیونٹی ڈیولپمنٹ بلاکَن، ماہم تہٕ لکھن-ماجراہَس منٛز تقسیٖم کرنہٕ آمُت۔
"
6231,برینڈو زاو 19 جنوری 1926  پٹسبرگ، پنسلوانیاہس منٛز۔
6232,پرتگالیو کوٛر مغربی افریقی ساحل تہٕ بحر اوقیانوس تلاش کرنہٕ خاطرٕ کارویلن ہنٛد استعمال ۔
6233,امہِ پتہٕ چھےٚ ترکیب تالہِ سان گیونہٕ یوان: ژورن  سطرن چھُ سلسلہ وار ترتیبس منٛز، ستی، انتر، سنچاری تہٕ آبھوگ ونٛنہٕ یوان۔
6234,"اِنسٲنی جِسم ہیٚکہِ نہٕ وِٹامن بی 12 پٲدٕ کٔرِتھ ، تہٕ یہِ گَژھِ غذا پیٹھہٕ  حٲصِل کرنہٕ یُن۔
"
6235,ییلہٕ بہٕ چیک اِن کرنہٕ باپت کاونٛٹرس نش ووتس تہٕ اکانومی سیٹہٕ آسہٕ بک کرنہٕ آمژٕ، تہٕ بہٕ گوس حیران ییلہٕ اییر لاین سٹافن مےٚ آف لوڈ کرنہٕ بجایہ بزنس کلاسس منٛز مفت اپ گریڈچ پیشکش کٔر۔
6236,यि छि पर्ल प्रोग्रामिंग ज़बानि मंज़ स्टेटमेंटच मिसाल।  
6237,چڑایہ پہاڑن  پیٹھ میژ چھےٚ زیادٕ رُڈُک شکار گژھان، ییٚمہ کس نتیجس منز گلیز تہٕ بنجر  کنیہ پہاڑ ننۍ چھِ نیران۔ 
6238,اتھ منٛز چُھ اکثر بتھیُک تفصیلی پٲراو شٲمِل یتھ پُورٕ  گَژھنس ترٛیٚیہِ پیٛٹھٕ ژور گٲنٛٹہٕ چھِ لَگان۔
6239,یہ چھ کلیو پیٹھٕ پیوٚمت میوٕ تہٕ بٔڈس دانہٕ وٲلس پھلس سۭتۍ سۭتۍ لۄکٹین کرٛنزدار حیوانن کھیوان۔
6240,ریلیکسن چُھ کولیجن میٹابولزمس متٲثر کران، کولیجن سنتھیسس ٹھوٚر کران تہٕ امِچ خرٲبی بڑاوان۔
6241,کٲنہہ تہ چھنہٕ زانان ز وۄنۍ  کٲتیاہ لوکھ چھِ دنیاہس منٛز ایسپرانٹو بولان ۔
6242,وۄنہِ گوٚو، یہ چھُ ونٛنہٕ یوان زِ تمہِ سٕنٛدِ نفر چھ 10000 سن برابر بہودُر۔
6243,تٔمہِ  کٔرِ جنوُبی انگلستانس  مرسیٲیی یختیار سیٹھاہ تیزی سان بحال ۔
6244,"یہِ گژھہِ نہٕ کرنہٕ یُن، سوائے واریاہ انكاہ   غٲر معموٗلی معاملن منٛز۔
"
6245,بہٕ گوس چھانہٕ سندِ سۭتۍ سیٹھاہ مویوُس ییلہِ مے٘ وٗچھ زِ  میانِس موڈیوُلر كِچن كِس آرڈرٕ باپت چھٗ غلط میژ استعمال كرنہٕ  آمٗت ۔ 
6246,پروٹون، نیوٹرون تہٕ الیکٹران چھ ذیلی جوہری ذرات۔
6247,یہ چھ سرکل لاینٕچ تہ خدمت کران یوٚس 8 اکتوبر 2017 پیٹھ یلہٕ گژھہِ۔
6248,"دوٚیِم دۄہ چھُ رنٛگُک تہوار یا ""دھولیتی""، یُس رنٛگہٕ آب ژٔٹِتھ تہٕ اَکھ أکِس رنٛگ لگٲوِتھ مناونہٕ چھُ یِوان۔"
6249,حیدر علی   ین كٕر  ظٲہِرن  تناعضہٕ ختم كرنہٕ باپتھ  برطانوِین سٕتہِ امنٕچہِ كتھ كرنٕچہِ كوُشِش مگر سوٗ آو دوُر تھونہٕ ۔ 
6250,سرمایہ کٲری ہٕندین فریبن ہند شکار گژھن والین لوکن ہند تعداد وچھتھ چھس بہٕ حیران۔ 
6251,"1950 ہس منٛز، مَدر ٹیٚرِساہن دیُت کٕن مِشِنری آف چیرِٹی، 
یُس اکھ رومن کیتھولِک مذہبی اتمع اوس یتھ منٛز 4500کھۅتہٕ زیادٕ ریٚش تہٕ سُہ اوس 2012 ہس تام  133 ہن مُلکن منٛز سرگرم۔"
6252,اے ایچ اے/اے ایس اے چھ اتھ وقتس منٛز مخصوُص  لوٗکن خٲطرٕ امچ سفارش کران۔
6253,ریوک، کینٹکی ریوِک چھ متحدہ امریکاہک اکھ شہر۔
6254,کرنالی یس منٛز چھ نیپال کٮ۪ن باقٕے تمام صوبن ہنٛدۍ پٲٹھۍ اکھ یک ایوان مقننہ۔
6255,تیرو سۭتۍ چھِ کٲفی حدَس تام کھِچاو یوان، ییٚمہ سۭتۍ شٹل کاک چھُ أکِس فاصٕلَس تام واریاہ سُست گژھان۔
6256,"آتھٕوارِ دۄہ زیٛوٗن کوراکاو سٕنٛدِ فُٹ بال ٹیٖمن پنُن گۄڈٕنیُوک کیریبین کپ دفاعی چیمپئن جمیکاہَس2–1
"
6257,یہ بینڈ چُھ گلوکارن ایڈی مونٹگمری تہٕ ٹراُئے جنٹری پیٹھ مشتمل۔
6258,2002 منز اوس کوکو ہیوسٹن راکٹس باسکٹ بال گیمس منز سٹار گلوکار ۔
6259,بٔڑ کریڈٹ کارڈ جٲری کرن وٲلہِ کرَن ہیرِمہ دۄشوٕ ضٔروٗرتہٕ معاف۔
6260,اویلوین چُھ امریکا کِس اِیووا ہس منٛز اکھ شہر۔
6261,"مولڈر سُند رپورٹ ٲس انسپکٹر برائن رینالڈٕ سٕنٛدِس ثبوتَس پیٹھ مبنی، ییٚمۍ ڈکیتی ہُند تفتیش شروع کوٚر اَمہِ برٛونٛہہ زِ ذمہٕ دٲری آیہِ مٲہر ڈکیتی سکواڈَس دِنہٕ۔
"
6262,"آئی سی سی چھُ یِمَن ملکَن خٲطرٕ، یِم امہِ طریقٗك كریكیٹ گِندان چھِ ، ٹیسٹ رینکنگ، او ڈۍ آیۍ رینکنگ تہٕ ٹی20 رینکنگ ہُنٛد نظام برقرار تھوان ۔
"
6263,راتھ آیہِ کیٖنِیاہس منٛز ہَتھ ٹن کھۄتہٕ زیادٕ ہٕسہِ  دنٛد زالنہٕ۔
6264,امہِ سۭتۍ چور أمۍ بیٚیہِ ڈٮ۪کہٕ۔ أمۍ سُنٛد بوم ہیوٚتُن بَڑُن۔ یہِ اوس أمۍ سُنٛد سارِوٕے کھۄتہٕ بوٚڑ بوم۔  یہِ گوٚو أمۍ سٕنٛدِ کَلہٕ پٮ۪ٹھٕ شُروٗع تہٕ پٔھلیٛوو أمۍ سٕنٛدٮ۪ن کھۄر نٮ۪ٹھن تانۍ۔ 
6265,"یہِ چھُ بِلیو سکوائر پریمیئر لیگ کانفرنس نیشنَلُک ساروٕے کھۄتہٕ بوٚڈ مٲدان۔ 
"
6266,ییلہ آبٕچ سطح  کم آسان چِھ ، گِرجس اندر اژنہٕ خٲطرٕ چِھ ناوِ چونچہِ اِستعمال کرنہٕ یوان ۔
6267,2007تس منٛز کوٚر بٗش گارڈنز ولیمزبرگن 23 اگست 2006 دوہٕ  گرِ٘فانٗک اعلان ۔
6268,برینڈن موروہن کوٚر سٗلی گۄڈنکہِ  اوور ٹائم کس 4:39 ہس  پیٹھ پنٗن گیم زینن وول گول ۔
6269, تمہِ  سوٗزِ پنٕنہِ  زِیٛادٕ تر نفر گھرٕ واپس تہٕ ونُن رام سنگھس زِ سُہ نِیہِ پننہِ تہٕ نیچِوِ سندِ حفاضتہٕ باپت شہنشاہس نِش پنٕنہِ  ضمانت  واپس تہٕ کوٚرُن پنُن پان مُغل فوٗجس حوالہٕ۔
6270,امہِ قسمہ چن  مقٲمی ایجنسی ہن ہنزٕ مثالہ  چھِ لایسنس معٲینہٕ کرنٕچ ایجنسیہِ، کاروبارک اجازت دِنٕچ ایجنسیہِ، یا کاروبٲری قبضٕچ ایجنسیہِ شٲمِل۔
6271,تمو ووٚن زِ سیاہ فام سکول چِھ سفید فام سکولو کھۄتہٕ واریاہ بدتر ۔
6272,دۄشوے چاو آیی تہٕ چاو یی موُدِ  تہٕ چاو سام بنیو حکمران ۔
6273,اگر تۄہہِ خوف چھُو زِ تُہۍ ہیٚکِو نہٕ پنُن پان صِرِف  ونڈو شاپنگ تام محدود تھٲوِتھ، تیٚلہِ ترٛٲوِو پنُن بٹوٕ یا پٔرٕس گاڑِ منٛز یا گَرِ۔
6274,سو٘ روُز  ہِنٛدی فلم انڈسٹری ہٕنٛدین كینژن  بڑٮ۪ن ناوَن سۭتہِ  معاون کِردار ادا کٔران ، زِیٛادٕ تَر بطورِ مرکٔزی کردارَن ہِنٛزن ماجن ہندِ ۔
6275,"تِکیٛازِ ترٛےٚ نفر چھِ اصل سمٲجی مرتبکۍ، پولیس چھِ خاص پٲٹھۍ بے توجہ تہٕ زنانہٕ چھِ تمہِ سۭتۍ صدمہٕ زِ تِمَن سۭتۍ کِتھ پٲٹھۍ چھُ یِوان علاج یِوان کرنہٕ۔
"
6276,"مثلن، ""مکان/اپارٹمنٹس"" تحت تھٲوِو تۄہہ گِروی یا پٹہٕ/کِرایہ  ہندِ دستاویز۔"
6277,سیاہ جنگلس منز لگاتار بٲرِشو كرنووہس بہٕ بِلكٗل كٗنٗے زوٚن تہٕ خطرس منز آسنٗ محسوس، تہ  میون دِل اوس بیہ سٕتۍ دوان ۔
6278,انڈور تہٕ ایرینا پولو بال چِھ چمڑٕ سۭتۍ کورتھ تہٕ پھولتھ آسان، تہٕ چِھ تقریبا 4 + 1⁄2 انچ یا 11 سینٹی میٹر قطرس منٛز آسان۔
6279,"ہندوستانُک قومی کورف بال ٹیمُک انتظام چھُ کورف بال فیڈریشن آف انڈیا (کے ایف آئی) کران، یُس کورف بال بین الاقوٲمی مُقابلَن منٛز ہندوستانٕچ نمٲیندٕگی کران چھُ۔
"
6280,"بطور کھلٲڑۍ گینٛد تٔمۍ البیون روورز، لینیلی ٹاون تہٕ سیلٹک خٲطرٕ۔
"
6281,کھیلک مقصد چُھ مٗخٲلفت کھوتہٕ زیادٕ گول سكور كرٕنہِ ۔ 
6282,سہٕ چھ کارلوس آرمانڈو گروزو کویننیزک سُنٛد نیٚچُو ۔
6283,"میسن ڈی لا میوٗچوالایٹ  چُھ اکھ فرانسیسی کنونشن سینٹر۔
"
6284,طبی معانو وچھ ز تمۍ سٕنٛدس سسٹمس منٛز اوس نہٕ کانٛہہ غٲر قونونی دوا۔
6285,بیٚکہِ روایت  مطٲبِق کوٚر بھگوان سوریاہن پنِنس نیچوِس شنیس معاف تہٕ أمۍ سنٛد نیچو اوس سنکرانتی پؠٹھ أمس سمکھان۔
6286,زیادٕ تر معاملاتن منٛز چھ یہ دواہن سۭتۍ الرجک ردعمل کہ وجہ سۭتۍ گژھان۔
6287,یہٕ چھ اکھ امریکی ایکسکلیو یس کینیڈا ہس سۭتۍ جنوبی سرحدس پیٹھ واقعہ چُھ۔
6288,پتہٕ آو سُہ تہٕ بیرم خان  پنجاب واپس سکندر شاہَس سنبالنہٕ خٲطرٕ یُس دُبارٕ سرگرم اوس گوٚمُت۔
6289,اٗپریتی مۄیہ 24 میۍ 2015  گیانیشور، کاٹھمنڈوُہس منٛز 64 ورِش ۔
6290,تاہم کٮ۪نٛہہ خوفٕکۍ حملہٕ ہٮ۪کن اکہ پٮ۪ٹھٕ پانٛژن منٹن تام مۄختصر ٲستھ۔
6291,پرٛیتھ ٹیمٕکۍ ژور کِھلٲڑۍ چھِ أکِس زونَس منٛز تہٕ باقی ژور چھِ بیٚیِس زونَس منٛز آسان۔
6292,تمہِ  سٕنٛز پری خۄدٲیی موج  چھےٚ أمس الہٕ  گاڈِ  منٛز أکس ڈانسنگ پارٹی تام سفر کرنس منٛز مدتھ کران ۔
6293,یہ چھ ٹرنر سنڈرومٕچ تشخیص خٲطرٕ انتخابک امتحان۔
6294,یہ اوس 1992 تس منٛز رایل اکیڈمی ہٕنٛز سمر نمٲیشہ مسترد کوٚرمت۔
6295,رٮ۪وٲیتی طور چھِ ممنوعہ اشیا دوٛن ضٗمرن منٛز تقسیم کرنہٕ یوان ،حطمی ممنوعہ اشیا تہٕ مشروط ممنوعہ اشیا ۔
6296,2019 منٛز گوٚو سہ تھایی لینٛڈ تہٕ گنٛدکھ بوریرام یونایٹڈ تہٕ بینکاک یونایٹڈ خٲطرٕ۔
6297,یہ فلم چھےٚ أکس کوکین نشہ عادیس متعلق یس پننۍ زندگی ختم کران چھ ۔
6298,نالندہ یوٗنیورسٹی آیہِ گۄڈٕنِچہِ لَٹہِ گُپتا سلطنتس تحت قٲیِم کرنہٕ ۔
6299,اکھ مماروثی حالت یتھ وِلسن بیمٲرۍ چھُ وننہٕ یِوان چھِ جسمس منٛز کاپر جذب کرنُک سبب بَنان، تِکیازِ یہِ چھُنہٕ جگرٕ ذریعہٕ تِلہٕ پیٚتۍ آبس منز خٲرج گژھان۔
6300,مےٚ گوٚو سیٹھاہ مشکل یہ وٕچھُن ز أکس مشہور ہسپتالس منز کوٚرکھ اکھ مریض داخل صرف زیادٕ پونسہٕ زیننہٕ خٲطرٕ۔
6301,تہوارُک گۄڈنیوک دۄہ چُھ بھوگی۔
6302,مےٚ اوس نہٕ زانٛہہ سوچمت ز ممبیی نزدیک پہاڑن منٛز میلن یژھہٕ خوبصورت بالہ سفرٕچہ وتہٕ۔
6303,اہم زرعی فصل چھُ دانہِ، یمٕکۍ مختلف قسم بٔڈس پیمانس پیٹھ دانہ کھہن منز وۄپداونہٕ چھ یوان۔
6304,رانیلا اوس قرون وسطی کِس دورس منٛز اکھ اَہَم جین مرکز یتھ منٛز تومر خاندانٕچ تہٕ چاہمانا خاندانٕچ شٲہی سرپرستی ٲس۔
6305,یِمَن علاقَن منٛز چھُ سرٛان کرُن تہٕ ژھرٛانٛٹ وایِنہِ  منع آمُت کرنہٕ تِکیٛازِ یہِ آب چھُ یِوان چَنہٕ خٲطرٕ استعمال کرنہٕ۔
6306,تاہم، امہِ  وجہہ سٕتہِ ہیکن  تہنزٕ سفرٕ باپت ٹِكٹہٕ در٘و٘جہِ گژھِتھ ۔
6307,یہٕ اوس 2008 منٛز نینٹینڈو ڈی ایس خٲطرٕ جٲری آمت کرنہٕ ۔
6308,یہِ چھِ پننٮ۪ن لۄکٹٮ۪ن ، مربع ہیمبرگر سلائڈرن باپتھ زاننہٕ یوان ۔
6309,سنجو آیِہ پوٗرٕ دنیاہس منٛز 29 جون 2018 دوہ ریلیز کرنہٕ۔
6310,نوابن اوس میر جافرس سۭتۍ صلح کوٚرمت تہٕ اوسن سہ پنٛنس فوج کس أکس حصس پؠٹھ تعینات کوٚرمت۔
6311,مےٚ چھ شک ز تۄہہ چھو اتھ بٔڑس تہٕ پیچیدٕ منصوبس متعلق کیٚنٛہہ زانٛکٲری یس مےٚ چھنہٕ۔
6312,تمۍ فلمہ زیننٲو  کارڈی گۄڈنیُک گریمی ایوارڑ  تہٕ تمہ فلمہ زیٖنۍ ژور اکادمی ایوارڑ ۔
6313,صاف كرنہٕ كِس شرحس منز وكھرگی باپت آگرن منز ہیكن مائیکروگلیاہس اندِ پكہِ اوپسونین كاركردگی تہٕ خوُن دیماغ ٹھرِس منز بڑیمژ اہلِیت نہٕ آسٕنہِ شٲمِل ٲسِتھ ۔ 
6314,"اگر نہٕ تو٘ہہِ وضاحتہٕ ورٲیہِ  فون ژٹُن یژھان چھِو، تیٚلہِ دِیِو جلدی۔
"
6315,2017 ہس تام اوس یہ  گوریزیا صوُبٕچ رازدٲنہِ ۔
6316,گیری ہوپرن کوٚر کھیلک پنٗن ترٛیٚیم گول 63 منٹن پیٹھ۔
6317,چیٹوپا ہس منٛز اوسُکھ گۄڈنیک پوسٹ آفس اپریل 1867 منٛز بنوومُت۔
6318,فلمہ ہنٛد اکھ سیکوئل، وشوروپم  II، آو 10 اگست 2018 ریلیز کرنہٕ۔
6319,انفیکشن کہ حساسیتس منز اضافہٕ کرن والین اضٲفی وجوہات منز چھ کم وٲنٛسہ شٲمل۔
6320,مےٚ ہیوٚتن پٔزۍ پٲٹھۍ درالس کیُتھ صبرٕے مۄکلن۔ مےٚ ووٚن أمس واریاہ پھر ز مےٚ چھےٚ اکھ جاے ضرورت یتھ بالکونی آسہ۔ باسان چھم ز سہ اوس نہٕ کانہہ تیتھ چیز ژھانڈنٕچ کوشش کران یس بہٕ یژھان اوسس۔
6321,کتھکلی چِھ روٲیتی طور زیادٕ تر مرد اداکارن تہٕ رقاصن ہنٛزٕ جمٲژ ، یِم ہیرو، ہیروئن، دیوتا، دیوی، راکشس، راکھیس بایہِ ، پادٕرۍ، جانور تہٕ روزمرہ زندگی ہنٛدین کردارن ہنٛدِ لباس لاگان چِھ ۔
6322,"ارجنٹائن پیسو پیسو چھٗ   ارجنٹاینُک پون٘سہٕ ۔

"
6323,امِچ بنیاد ٲس 1966 منٛز نیو یارک شہرس منٛز اے سی بھکتی وندتا سوامی پربھوپداہن تراومٕژ۔
6324,سۄ ٲس 19 مِس  قونون ساز انتخابس منٛز نِیوُ پروگریسیو پارٹی ہنٛز وۄمیدوار تہِ۔
6325,خیال چھ یوان کرنہٕ ز کینٛہہ ڈھانچہٕ چھ اناجٕک ذخیرٕ۔
6326,یہِ ضلع چھُ امریکہ ہُک دوٚیم ساروی کھوتہٕ غریب ضلع۔
6327,پیشن گوُیی کرن وٲلہِ  چِھ پیشین گوُئی کران ز کلیر یی ڈیمپیر تہٕ مارڈی درمیان پلبرا خطس سٕتہِ ٹھاسنہٕ ۔ 
6328,سیسن ہندِ زخم ہیكن دٲرٕ بڈٗن تہٕ مركز بٕڈراون والہِ زخم  ہٲوِتھ ۔ 
6329,"اَمہِ کِس نٔتیٖجس منٛز گوٚو تہنٛد باروٗد لٔگتھ تہٕ تہنٛد نارٕچ شرح گٔیہ کم، ییٚلہ زن کلایو سٕنٛدۍ توپ خانن لگاتار گولہِ چلاو۔
"
6330,"صرف اودھس منٛز آیہ كینژو تخمینو حِسابہٕ  جنگس دوران ہلاک گژھَن والین  ہندوستٲنیَن ہٗند  تعٲداد 150,000وننہٕ ، یِمو منٛز 100,000 عام شہری ٲسہِ ۔"
6331,حالانٛکہ اتھ عرصس دوران ٲس تہنٛز موسیقی ہنٛز پٲداوار نسبتاً کم، مگر تٔمۍ گیٚوۍ تمہ وز پنٕنۍ کینٛہہ بہتریٖن نمبر۔
6332,"تٔمۍ ہوٗر سٲبقہٕ گورنر پال لکسالٹس نش 600 کھوتہٕ کم ووٹو سۭتۍ۔
"
6333,مگر دیوتاہو نیُو اگڈیسس سنٛدٕ خوفہٕ سۭتۍ تسُند نر عضو ژٹتھ ۔
6334,یہ چھ ہمدرد اعصٲبی نظامس جسمس منٛز واریاہ تبدیلیہٕ کرنہٕ خٲطرٕ ونان۔
6335,"یہٕ چُھ اکھ آتشیا كھیتر (""معجزاتی مقدس مقام"")۔
"
6336,موواٹوپوزا ہک گۄڈنیوک رُکن پارلیمان، بطور لوک سبھا حلقہ، اوس جارج تھامس کوٹوکاپلی۔
6337,بنگالس منٛز چھِ 15–49 ورِشہِ  %71  زنانہٕ تہٕ 15–49 وہٕرِ      %81  مرد خاندٕ  ۔
6338,"بایوجینیسس کہ قٲبل تصدیق نظریہچ تلاش چھ تحقیقک اکھ الگ شعبہٕ۔
"
6339, پھٔہلنہٕ پتہٕ، ییٚلہِ زَن بے نقاب سورن منٛز قوت مدافعت کم گژھان چھِ، اَمی قٕسمٕكہِ نٔوِ پھٔہلَاو ہیكن گژھِتھ ۔ 
6340,شروف سٕنٛد کردارک اکھ تشددک منظر آو فلماونہٕ ییٚلہ اداکار ننٛگے اوس۔
6341,بہٕ گوس رُوزتھ ییٚلہ صحت مرکزٕکۍ ڈاکٹر منز روتلہ مےٚ وٕچھنہ آیہ ییٚلہ مےٚ امرجنسی ٲس۔
6342,یہ اوس منظوٗری منٛز ژیر تہٕ گڈس اینڈ سروس ٹیکس شٲمل کرنہٕ كِنہِ ۔
6343,یہ پروگرام چھ پنٛنہ تعلیمی موادٕ تہٕ پاپ میوزک اپیل خٲطرٕ زانٛنہٕ یوان۔
6344,"نیشنل انسٹی ٹیوٗٹ آف ڈرگ ایبوُزَ مُطٲبِق ٲسہِ 2010 ہَس منٛز 70 لَچھ لُکھ غٲر طبی اِستعمال خٲطرٕ نۄسخہٕ  وول دَوا کھٮ۪وان۔
"
6345,نرکول ناروُ، تِل ناروُ، موآ تہٕ پائیش ہِشہِ  مٹھایِہ چھِ  لکشمی پوُجا ہِوین تیوہارن  دوران تیار  کرنہٕ یوان ۔
6346,"بغاوت برٛونٛہہ ٲس فوجس منٛز 300,000 کھۄتہٕ زیٛادٕ سپاہ، ییٚلہ زن لگ بگ 50,000 انگریز ٲسۍ۔"
6347,"فلیگرنٹ فاؤل: باسکٹ بالَس منٛز چھُ فلیگرنٹ فاؤل اکھ خطرناک ذٲتی فاؤل۔
"
6348,کیرالہ چھ ہندوستانس منٛز تمو گۄڈنچو ریاستو منٛزٕ اکھ یمو ٹرانسجینڈر برادری خٲطرٕ فلاحی پالیسی بناو۔
6349,بڑۍہجوم چھ آدر کرنہ تہ تہٕ خوشی مناونہ مۄکھٕ سمان۔
6350,آسام ہوین ریاستن منٛز چھ شدید لینڈ سلائیڈنگ تہٕ سیلابن ہنٛد امکان زیادٕ عام گژھان۔
6351,بہٕ کر واتہٕ پننس منزلس تام؟ یہ میٹنگ کرِ میانِہ مستقبلک فیصلہٕ۔
6352,معذرت، کینٛہہ خاص کردار تہٕ کردٲری امتزاج ہیکن  نہٕ تکنیکی وجوہاتو كِنہِ  فائلہِ ہندِس ناوس منز استمال كرنہٕ یِتھ ۔ 
6353,"انڈیا ٹوڈے کِس فہیم روحانیَن دِیُت اتھ۲سٹار، یہِ ونان زِ ""سمن چھُ واریٛاہ وقت برباد کران ییٚمہِ سۭتۍ پنُن نیٚچُو گٮ۪ونَس تہٕ ڈانس سیکوینسَس منٛز سیٹھاہ سیٹھاہ شانت باسان۔""
"
6354,17 نومبر 2020 کہ دۄہ کوٚر فیفا کونسلن اعلان ز یہ تقریب آیہ 2022 تام موخر کرنہٕ۔
6355,"دہی ہانڈی اصطلاحُک لفظی مطلب چھُ ""زامتہِ دۄدُک میٚژِ بانہٕ""۔"
6356,"وۄں گوٚو، ملٹی پیک آسن پروڈکٹس متعلق مختلف،مگر تِہُنٛد سٹایِل آسہِ عالمی سطحس پیٹھ ہِوُے درٕج کرنُک طریقہٕ۔
"
6357,اتھ منٛز شٲمِل ریاستَن ہٕنٛدین خدشاتن كٗن اوس  ستمبر 2020 ہَس منٛز دھیان دِنہٕ آمٗت ۔
6358,سیزن چھ پرٛیتھ ؤریہ اکتوبرس منٛز شروٗع گژھان تہٕ چھ مارچس منٛز چھُ فاینل سۭتۍ ختم گژھان۔
6359," بطورِ مہمان موسیقار بنوو روچک کوہلیَن اکھ بٲتھ۔
"
6360,"یِہ فاؤنڈیشن چُھ اکھ اسلٲمی خیرٲتی تنظیٖم یۄسٕہ  امریکی حکامَو  قانوٗنی طور تسلیم چھےٚ کٔرمٕژ۔
"
6361,بادبانی ناو تہ بحری جہازس منز فرق  چھےٚ علاقہ وارتہٕ سَمندری ماحولہ مطابق بیوٚن بیوٚن۔
6362,2006 ہس تام ٲسۍ ریاستس منز بالترتیب 5851 پرایمری سکول ، 1759 مڈل سکوٗل تہٕ 655 ہایر سیکنڈری سکول۔
6363,وارہٕن مطالعن چھ یہٕ ظٲہر گوٚمت ز عام طور  چھ بچن دنہٕ ینہٕ وٲلۍ ویکسین اٮ۪س آیی ڈی اٮ۪س نش بچاونس منٛز مدد کران۔
6364,جنرل اسمبلی کوٚر دۄن ؤرین ہٕنٛد وقتہٕ خٲطرٕ صدرٕ سنٛد انتخاب۔
6365,چارج شیٹس منٛز چھ بے ایمان ارادٕ سۭتۍ مجرمانہ جرم تہٕ این آٮٔۍ سی ایل یس کل 147.41  روپیہ کروڑن ہنٛد غلط نقصان تہٕ پرائیویٹ ٹیلی کام فراہم کرن والس غلط منافک تہ ذکر۔
6366,تمۍ سٕندۍ وارِیاہ نوشتہ چھِ وِشنوُ ہس نمسکار کرنہٕ سِتۍ شروع سپدان ، تہٕ  یمن پیٹھ چھِ وَراہ  سنز مُہر تہٕ نِشانہٕ، یُس وِشنوُ سُند روُپ چھُ ۔
6367,"یہِ چھُ ؤنہِ تہِ یَتھ خطس منٛز کرِ٘کیٹرن  مشك كرنس تہٕ بین ریاستی میچَ گِندنہٕ باپتھ ن ہٕنٛز پریکٹس تہٕ گِنٛدنہٕ خٲطرٕ اکھ جاے فراہم کران۔
"
6368,کابِنی ڈیم چھُ میسور ضِلعس منٛز کپیلا دٔریاوَس پٮ۪ٹھ بناونہٕ آمُت۔
6369,أمۍ کتھ پٲٹھۍ تل میانین عملہ  کین رکنن پیٹھ شور ییٚلہ نہٕ تمن ہٕنز کانہہ غلطی ٲسٕے!
6370,یکشگان بٲتن  ہُنٛد مجموعہٕ یُس اکھ میوزیکل ڈراما بناوان چُھ  تتھ چھِ  پرسنگا وَنان۔
6371,ہیزن کٔر اپریل 2010 کس شروعاتس منٛز جیک ٹوئیڈس سۭتۍ ڈیٹنگ شروع ۔
6372,2007تھس منز ،زِیوٗن امہِ  لیوَن آرونِین ہارنٲوِتھ  دٔہِمہِ لٹہِ گریٚنٛکِلیٖزِنگ ریپِڈ چیٚمپِین شِپ۔
6373,"پتہٕ گنٛزٕ تٔمۍ مونٹریال کینیڈینز خٲطرٕ نیشنل ہاکی لیگہ منٛز 5 گیمہٕ۔
"
6374,گوڈا ہک قلعہ اوس گوڈا سلطنت، پال سلطنت تہٕ سینا سلطنت کہ دارالحکومت کس طورس پٮ۪ٹھ کٲم کران۔
6375,ڈی ایس ایم-IV کس دورس منز اوس غلط استعمال بیمار ہنٛز ابتدایی شکل یا کم خطرناک شکلہ پٲٹھۍ وچھنہٕ یوان یس انحصارکہ معیارچ خصوصیت چھ تھاوان۔
6376,اکھ مِثال چِھ اَنین ہندِ باپت ٹچ سایٹ کیمرہ ۔ 
6377,کور ہنٛز زندگی منٛز یہ سنگ میل چھِ أمہِ  سُنٛد كٗمبہٕ    تہٕ دوست ڈالیو  تہٕ رسمہٕ باپت دھوُتہِ لٲگِتھ مناوان ۔
6378,سُہ اوس اپتداہس منز غٲر جانبدٲری یژھان، مگر پتہٕ كورٗن برطانیہ ہس سٕتہِ  اتحاد ۔
6379,"قۄربان کرنہٕ آمتس جانورن سنٛد ماز چھ ترٛٮ۪ن حصن منٛز تقسیٖم کرنہٕ یوان۔
"
6380,"نومینور کہ زوالہٕ پتہٕ،  اوس نہٕ ایڈونیک وۄنۍ اکثر استعمال گژھان۔
"
6381,"""ایڈ کسٹم فیڈ بیک""  کریو ٹیپ تہٕ ضروری فیڈ بیک کریو فراہم یتھ متعلق تہۍ یژھان چھو ز شپٹ گژھ بوزن تہٕ پتہٕ یہ فیڈ بیک مرتب کرنہٕ خٲطرٕ کٔرو تہنٛد الگ ""سیو"" بٹن ٹیپ۔"
6382,سۄ چھےٚ برطانوی تہٕ برطانوی اداکارہ کارا تھیوبولڈ چھےٚ اتھ کھیلس منٛز أمس آواز دوان۔
6383,اشون چھ پنٛنہ گر ژلان، تہٕ دوٚیمہ دۄہ چھ تس نوجوان مجرمن ہٕنٛز اکھ جماعت مقابلہٕ کران، یم أمس پنٛنہ گینگہ منٛز شٲمل کران چھ۔
6384,یہ چھ برطانیہس منٛز کنہ تہ سڑکہ ہٕنٛدٮ۪و ساروٕے کھۄتہٕ تھدٮ۪و مقامو منٛزٕ اکھ۔
6385,"یمو منٛز چھ ترٛےٚ آر آیی اے اے کہ ذٔریع گولڈ البمٕکۍ پٲٹھۍ درج کرنہٕ آمٕتۍ۔
"
6386,پھیپھر  چھ اکثر انفیکشن پتہٕ یا بطور ایٚلرجی ہندِ  رد عملٕکہِ نتیجہٕ یتھ کٔنہِ  زن دواہ، کیٚمہِ ٹۄپو٘، یا کھیٚنہٕ سۭتہِ گژھان۔
6387,ریاستس منز اوسنہ  ریل ٹرانسپورٹ 2008-09 تام بُود ییٚلہ ریلوے ٹریک آو رازدانہ اگرتلہ ہس تام بڑاونہٕ۔
6388,چارلس ہائیم چھٗ  تمہِ سندِ  دورِ حکوُمت  کِہ اختتامُک تٲریخ 181 عیسوی تام ونان  ۔
6389,ہوٲیی اڈُک ناو چھُ وینیزویلا چہِ  آزادی ہندِس رہنُما انتونیو جوس ڈی سوکری سٔنٛدِس ناوَس پٮ۪ٹھ تھاونہٕ آمُت۔
6390,چپس استعمال کرن وٲلۍ پیمنٹ کارڈ چھ 1990 کس دٔہلہ کس شروعات پیٚٹھٕ استعمالس منٛز ۔
6391,"ییٚلہِ شہزادِ سُہ وُچھ، تمہ پرٛژھ کھمنوَس زِ یہِ چیز کیا اوس۔
"
6392,سونتہٕ برونہہ ژتجیہ دوہ  چھُ پٲن٘ژم دوہ وسنت اُتسو(تیوہار)  مناونہٕ یوان، تکیاز کُنہِ تہِ موسمُک منتقلی ہٗند  دور چھُ 40 دۄہ آسان، تہٕ امہ پتہٕ چھُ موسم پوُرٕ پٲٹھہِ پھو٘لان ۔
6393,سٹوڈیو تھری چُھ واریاہ لۄکُٹ، تہٕ یہٕ چُھ سولوست تہٕ جوڑی خٲطرٕہ مقصود۔
6394,کارناٹک ہس منز  حیدر علی نہِ غٲر موٗجوٗدٕگی دوران کٔرِ انگریزَو واریاہ تِمہٕ جایہِ حٲصِل یِم حیدر علی یَن زینِمٕژٕ آسہٕ تہٕ كمزور چھاونی آسہٕ تہٕ كركھ جنوُبس منز ڈِنڈی گٗل تام پیش قدمی ۔ 
6395,"ٹرکہِ ییٚلہِ بیریئر پیٹھۍ اژنچہ کوشش پتہٕ وونُکھ کینژن رپورٹَن منٛز زِ محافظو کٔر ٹرکہِ پٮ۪ٹھ گولہِ چلاونہ شروع۔
"
6396,عیسٲیی موسیقار سٹیوی ونڈر، اداکار ٹام سلیوان، تہٕ جیز گُلوکار ڈیان شوور چھِ کیٚنٛہہ مشہوٗر لُکھ یِمن یہِ بیمٲرۍ چھےٚ۔
6397,اکہ دۄہ  وٗچھ مے٘ اكھ  طٲلب علم پننس اتھٕ سۭتۍ نس وۄتھراوان  تہٕ پتہٕ یہِ جواب کس شیٹس متھان ۔
6398,"ماحولیٲتی مٲہرو چھ دِلہِ حکومتس پیٹھ تہِ تنقید کورمُت زِ تِم چھنہٕ ہوہچ آلودگی کم کرنہٕ تہٕ لوکن ہوا کس معیارس متعلق زانکٲری دِنہٕ خٲطرٕ کٲفی قدم تلۍمتۍ۔ 
"
6399,وۄنہِ گوٚو، تٔمۍ کٔر وُنہِ تہِ أتھۍ وقتہٕ برٹش کونسلَس منٛز کٲم۔
6400,امیک آغاز گوٚو 1946 تہٕ 1951 درمیان ریاست حیدرآباد کین تلنگانہ علاقن منٛز کمیونسٹ پارٹی آف انڈیا (CPI) ہٕندس قیادتس منز۔
6401,1950 کس گۄڈنیکس دہکس منز کوٚر مرٲٹھۍ لوٗکو سمیوکتا مہاراشٹرا سمیتی ہندس بینرس تل دو لسٲنی  بمبے ریاستس خلاف سخت احتجاج۔
6402,اَتھ عرصس دوران  ٲس اَمِہ سلطنتٕچ حکمرٲنی واریاہن شٲہی خاندانن درمیان بٲگرِتھ   ، یمو منٛزٕ أکِس باقیو کھۄتہٕ زیادٕ اہمیت حٲصل ٲس ۔
6403,ساسہٕ بزٕ زنہِ چھےٚ سٲرۍسٕے مُلکس منٛز ٹیٖمن منٛز شٲمِل گژھان تہٕپریتھ ہفتٕہ  لیٖگ کھیلن خٲطرٕ باقین ٹیٖمن سۭتہِ  میٛلان  ۔ 
6404,پیسٹ چِہ راڈکا میننَن دِژ یِہ بالی ووڈ کیٚن پنٛدہو بہترین فِلمو منٛز اَکھ قرار۔
6405,यि छु तुहुंदि कंप्यूटरुक इसतेमाल करुन सहल बनावान. 
6406,"مُلکٕکہِ محکمہٕ زراعتَن چُھ ووٚنمُت زِ 30% توٚمُل تہٕ مَکٲے فصل آسہِ برباد گوٚمُت۔
"
6407,یِم گۄپھہٕ چِھ قدیم  سُدرشن جھیل کِس بٔٹھِس سۭتہِ سٕتہِ  تہٕ شُمالَس منٛز اُپارکوٹ قٕلہٕ نٮ۪بَرِ کِنہِ ۔ 
6408,تہۍ چھوٕ أکس خودکار مسیجہ تام واتان، یس تمن انتخابن ہنٛد فہرست بناو یمن ہنٛد انتخاب تہۍ کتھ کٔرتھ یا پنن کی پیڈ استعمال کٔرتھ ہیٚکو کٔرتھ۔
6409,سمتھن ترٛوو 1959 کِس شُروٗعس منٛز باقی کارٕبٲرۍ منصوٗبَن پیٹھ پکنہٕ خٲطرٕ ریسنگ ہُنٛد کاروبار۔
6410,سِکن ہنٛد استان، گولڈن ٹیمپل (ہرمیندر صاحب) چھ امرتسر شہرس منٛز، یتھ منٛز شیرومانی گوردوارہ پربندھک کمیٹی چھ، یس سِکن ہنٛد ساروٕے کھۄتہٕ بوٚڈ مذہبی ادارٕ چھ۔
6411, بیرٕ بارٕ وٲلِس بازرس  منز دہشت ناک  کریکو کر  ژلہ لار  پیدٕہ تکیازِ لوکھ ٲسۍ امہ افراتفری نشہ زُو بچاوُن یژھان۔
6412,"امچ بنیاد آیہ 1952 ہس منٛز تھاونہٕ، تہٕ امچ آبٲدی چھےٚ 19,202۔"
6413,گولڈن کورل پھہلیوو پتہٕ امریکہٕ ہس منٛز تقریبن 500 جاین  ۔
6414,اگر رٲبطہٕ واریاہ اصل آسہ تیٚلہ ہیکہ یہ کارکردگی رکٲوتھ۔
6415,1950 منٛز کوٚر ایف آیی ڈی ایی ین عنواناتن ہنٛد اکھ نظام قٲیم، یتھ منٛز 27 کھلاڑین گرینڈ ماسٹر تہٕ انٹرنیشنل ماسٹر سند لقب دنہٕ آو۔
6416,"تفریح چھ پنن خصوصی مہادٕ رد کران، بنیأدی طور پأٹھۍ صحتہٕ کٮ۪ن مسٲیلن ہٕنٛد وجہ سۭتۍ۔
"
6417,نیٔبرِمٮ۪ن ملکن برآمد کرنہٕ ینہٕ والٮ۪ن اہم چیٖزن منٛز اوس سوُتی کپُر۔
6418,فیلڈ ہاکی ، شطرنج ، ٹینس تہٕ بیڈمنٹنس خٲطرٕ چھ پورٕ ریاستس منز مختلف گریلو سطحکۍ لیگز منعقد یوان کرنہٕ۔
6419,پرٛیتھ کھلٲڑس أس کھیل شروٗع کرنہٕ وز 25 منٹ آسان، پرٛیتھ حرکتہٕ پتہٕ اضٲفی دہن سیکنڈن سۭتۍ۔
6420,اتھ چھ ڈی ایس ایل یا لو اینڈ کیبل موڈیم سپیڈس سۭتۍ موازنہٕ یوان کرنہٕ۔
6421,چندیلو٘ كو٘ر  پتہٕ  جنگ بنٛدی ہِٗنٛد اِلتجا ، تہٕ کوٚرُکھ یہِ وقت قنوج پیٹھٕ الہا تہٕ ادل واپس بلاونہٕ باپتھ استعمال۔
6422,لچہِ ہندِ ٹكرٕ سٕتہِ آمتین كھٕہن پٮ۪ٹھ آو اكھ  ڈبلر پلیٹ لگاونہٕ ۔
6423,تم چھ اکثر واریہن گاڑن ہنٛز عام یونی باڈی تعمیٖرُک استٔمال  کران یُس زن  گاڑٮ۪ن منٛز عام آسان چِھ۔
6424,عام طور  چُھ ٹوپہِ تہٕ پلوَن ہُند یہِ پہلو از واریاہ کم پوٚز۔
6425,شِوانا گوٚو سِرٛنٛگیری سِرٛی نِواسس نِش۔ “بہٕ چُھ سَے ژےٚ اَمہِ برٛونٛہہ نَکار کرنہٕ خٲطرٕ معٲفی منٛگان، مگر مےٚ چھےٚ وۄنۍ ۱٠۸ پۄختہٕ کیلہٕ ضٔروٗرَتھ۔ ژٕ ہٮ۪کہٕ کھٕ مہربٲنی کٔرِتھ مےٚ مَدد کٔرِتھ؟“
6426,یِہ فلم چھےٚ ملکس منٛز واریاہن مسلن پیٹھ کتھ کران مگر مزاحِیہ اندازس منٛز۔
6427,"کانٛہہ مداخلتی مطالعہٕ چُھنہٕ یُس براہ راست ایف ایچس منٛز کلیسٹرول کم گژھنٗک موتہٕ نِش  فأئدٕ ظٲہر چُھ کران ۔
"
6428,اگر توٚہۍ تِتھۍ چیز وٗچھِو یِم توہہِ ضروُرت چھِ ، یا برونہہ كٗن بكار چھِ ، برونہہ كٗن خریدٲری باپت بنٲوِو دویِم فہرست ۔ 
6429,سارِنیہ قصبن منٛز اوس ووورین  پنُن رہٲیشی علاقہٕ ۔
6430,"فلمہِ ہِنٛز دٔلیٖل تہٕ منظرنامہٕ چھُ شکتی مان تلوارَن لیٚكھمٕتہِ ، تہٕ ایکشن منظرن  چھُ ٹینو ورنا تہٕ کنال کننَن ہدایت دیوٗتمٗت ۔
"
6431,"تہنٛدِ گۄڈنٕکۍ البمٕچ آیہِ 350,000 کھۄتہٕ زیادٕ کاپیہِ کٕننہٕ۔
"
6432,تمۍ سنٛد گولڈ میڈل چُھ 2008 کیٚن کھیلَن منٛز زینمٗت گۄڈنِیوک گولڈ میڈَل۔
6433,یہِ دٔلیٖل چھےٚ دی رجسٹر، گارڈین، بی بی سی، یو ایس اے ٹوٗڈے، رائٹرس، اے بی سی، اے بی سی چو٘ مقٲمی ایجنسیو، دِ  فرانسِسکو کرانیکل، تہٕ باقٕیہ خبر رساں ادارو تٗجِمٕژ ۔ 
6434,تاہم، تعمیراتی کامین ہنٛز شکلہِ منٛز چھُ کینٛہہ پیش رفت سپدیومت ییمو دریاوک کینٛہہ حصہٕ مستحکم چھُ بنوومت، یوٚدوَے  واریاہ زیادٕ حفاظتک ضرورت چھُ۔ 
6435,امہِ باوجود روٗد سُہ اعلیٰ سطحٕک ٹورنامنٹَن منٛز غلبہٕ حٲصِل کران تہٕ 2005  منٛز مسابقتی شطرنج نِش سبکدوش گژھنس تام روُد دُنیاہُک ساروِی کھۄتہٕ زِیٛادٕ درجہ دِنہٕ وول کھلٲڑۍ۔
6436,دٔۄیٚمہ ہفتک جمع  اوس تقریبا ₹230 مِلین (3.5 مِلین امریٖکی ڈالر)۔
6437,"جنٛگلی میٚژ چھِ چائے تہٕ کافی كٗلیو٘  باپتھ استعمال کرنہٕ یِوان ۔
"
6438,ژمہ ہنز جتھ تہ ہیکہ چھتِتھ۔
6439,"سُہٕ چُھ سویڈش اداکار سٹیلن سکارسگارڈُک بیٹا۔

"
6440,میریل اسٹریپس چِھ اداکارن ہٕنٛدس طورس پیٚٹھ ساروی کھوتہٕ زیادٕ نامزدگی 21 آسکر نامزدگی سۭتۍ۔
6441,امہ علاوٕ ہیٚکہ کارٹریجٕچ سیاہی   ہوٚکھتھ تہِ۔
6442,جاپٲنۍ فارورڈ شنجی اوکازاکی ین کوٚر امہ میچک وٲحد گول، ییٚمہ سۭتۍ ورلڈ کپس منٛز جاپانس جاے حٲصل گٔیۍ۔
6443,پننہ پیشورانہٕ زندگی ہندس شروٗعس منز اُوس میگوائر دی گارڈین باپت چیف رپورٹر۔
6444,یہ چھ لندنس منٛز شائع گژھن وول صبحک روزنامچہ ۔
6445,جنگلہٕ  کہِ گنِرٕ پیٹھہٕ ،دوُرِ گرونۍ چیکھ چھِ تھٕرِ كنڈِس تٲر كھالان ۔ 
6446,یتھ أکس واقعس منٛز چھ سرکٲرِ گُدامن پیٹھ حملہٕ کرنُک منصوٗبہٕ یتھ منٛز انگریزو تہٕ جاگیردارو  عام کٔملیٚن ہنٛد اناج تھوٚومت چھُ ۔
6447,"31 دسمبر 2018 ہس تام ٲسہ ییٚتہ 10,040 لکھ روزان ۔"
6448,یہِ جانور چُھ ، جنٛگلی ژھاوجین برعکس، یِم شِکارین نِش بچنہٕ خٲطرٕ تینتالین كھسان چھے٘ ، یلہٕ تہٕ ہیوٚر بۄن زمیٖنی علاقن ترجیج دِوان۔
6449,اگر تہۍ کنٹینرس دٗبارٕ رنگ کرنٗک منصوٗبہٕ بناوان چھوٕ   ، امہ سۭتہِ  چھٗنہٕ زیادٕ فرق پٮ۪وان ۔
6450,تمن منٛز چھ یکساں مقدارس منٛز توانٲیی آسان، مگر تم چھ خونس منٛز کولیسٹرالٕچ سطح کم کران۔
6451,"2010 چہ مردم شماری منٛز ٲسہِ تتہِ  57,424 لٗکھ روزان ۔"
6452,कोड : कोड छु मोलूमात कुनि बदल चीज़स मंज़ बदलावनुक अख तरीक़.   
6453,کوپی ڈی فرانس کوپی ڈی فرانس چھ اکھ فرانسیسی فٹ بال مقابلہٕ ۔
6454,कमप्यूटर यिम हेंदसॅ इसतेमाल  करान छि तिम हेकन वारिया बडिथ.
6455,غٲر متوقع طور چھ انٹرنیٹ تہٕ یوٹیلیٹیز تجٲرتی کرایس منٛز شٲمل یس مےٚ تلاش کرنہٕ پتہٕ دۄن ہفتن اندر میول۔
6456,"کھلٲڑِ چھِ سویہ  لوُر تہٕ بال استعمال کران، تہٕ گول ٹینڈرَن تہِ چھُ گِنٛدنُک اِجازت۔
"
6457,یٔم امیر ٲسہِ تاج الملک کٗچی، مٔلِک ابا جی اخور بیک، مٔلِک امیر علی دیوانہ، مٔلِک عثمان آمیر اخور، مٔلِک آمیر خان، مٔلِک عمر سرخا تہٕ مٔلِک ہِرن مار۔
6458,پرن والین ہُنٛدعمومی سوال تہٕ سٲنِس مُتعلِقہٕ صفحَہٕ  چھِ وِکیٖپیٖڈیاہَس متعلق ساروِی کھۄتہٕ زِیادٕمطلوب معلوماتن پیٹھ مشتمل۔
6459,یہِ فلم آیہِ 31 اگست 2012 ہس منٛز جٲری کرنہٕ۔
6460,چارلس ڈبلیو فییربینکن تٗلنوو  شرمین نٲیب صدارتی عہدٗک حلف۔
6461,"آرمین گریگورینن کٔر روسی راک میوزکس ترقی منٛز مدد۔

"
6462,تاہم واریاہ شہر ٲسۍ  فوجی تہٕ سیاسی مرکز نہ زِ پیداواری تہ تجارتی مرکز۔
6463,وقتس سۭتۍ سۭتۍ کٔر لوکو  کاربن فائبر سۭتۍ بناونہٕ آمہٕژَن ناون ہنٛد استعمال شروٗع ۔
6464,یہ وٕچھتھ ز نو نٔسلہ ہٕنٛدۍ واریاہ کم لوٗکھ ٲسۍ اتھ آفتس متعلق زانکٲری، کمارن کوٚر اتھ پؠٹھ مبنی اکھ فلم بناونک فٲصلہٕ۔
6465,خانٛدار چھ قُطبی تاركٕچ نشاندہی کران تہٕ وید منتر  ذٔریعہٕ گھرٕ چہِ مضبوُتی تہٕ استحکام خٲطرٕ دُعا کران۔
6466,ژوٗر ہیٚکِہ کُنہ تِہ وقتہٕ یا کُنہ تِہ جایہ گٔژِھتھ ۔
6467,احتجاجس منٛز چھِ  کینٛہہ طٲلب علم سخت پولیس افسر میجر جانسنس تمہ سندس موٹرسائیکلس تل تیل ترٛٲوتھ حملہٕ كران ، ییٚمہ سۭتہ سہُ پتھر پیوان چھُ ۔
6468,علاجک سُہ قسم یُس ساروی کھوتہٕ زیادٕ اثر دار چُھ سُہ چُھ ہر شخصس منٛز مختلف آسان۔
6469,روزاسیا-روزاسیا چھ اکھ طویل مدتی چیزن ہنز حالت یمیچ خصوصیت چھ مہاسہٕ تہٕ وۄزجار۔
6470,کینژن مداحن ہندِ طرفہٕ اشتعال انگیز زبانہ ہند استعمال چھ واریاہ پریشان کن۔
6471,بہٕ چھس  اعدادن ہنٛد جٲیزٕ نِیوٗن  تہٕ وٗچھٗن یژھان اسہِ كِتھہٕ كٕنہِ ہیكو٘ بہتربنِتھ ۔
6472,شِکاکایی چھِ پنِنِس ڈٮ۪کَس پٮ۪ٹھ کُنٛگُمَم (کُمکُم) لاگان، تِہنٛدین ہینگَین رنٛگ کَران، تہٕ تِمَن وین پونٛگل  ،گور، ماچھ، کیلہٕ تہٕ باقٕیہ مٮ۪وَن ہُنٛد رل كھیاوان۔
6473,پوپن کوٚر فٲصلہٕ ز تہنٛد خانٛدر چھ جٲیؔز تہٕ کٔرٕنۍ بشپ پنٕنۍ ایکس کومیونِکیشن واپس ننہٕ خٲطرٕ مجبوٗر۔
6474,"29 اگست درٛایہ اکھ اشنکٹبندیی لہر افریقہ کہ بٹھ پٮ۪ٹھٕ۔
"
6475,کنویکشن تہٕ مضبوطی رود جٲری تہٕ برقرار تھوو پنن پان ییلہٕ یہٕ جلسکو نش دور گو۔
6476,واریاہ موُجوُدٕ بین الاقوٲمی بینڈی مُقابلہٕ چھِ یِمَن منٛز وٲنٛسہِ، مقابلہٕ جٲتی سطح ، تہٕ جنسس پیٹھ مبنی مٗختلِف ایوینٹ چھِ ۔ 
6477,پننس مٲلۍ سندۍ پٲٹھۍ شِوا جی سٕنزِ کرناٹک مُہِمہِ ہندِ  پٲٹھہِ ، کٕر سامبھا جِین 1681 منز میسورس پیٹھ حملہٕ کرنٕچ کوشِش ،یُس تمہِ وِزِ  جنوُبی سلطنت ٲس یتھ پیٹھ ووڈیار چِکا دیو راجا حکوُمت کران اوس ۔ 
6478,بہٕ چھس ریلوے بکنٛگ کلرک سٕنٛد مددٕکۍ سیٹھاہ تعریف کران تکیاز تٔمۍ کوٚر مےٚ تحمل سان ٹرٛین ٹکٹن ہنٛز بکنگ پورٕہ کرنس منٛز مدد۔
6479,"أکِس علاقٲیی سرکٲرِ عۄہدٕ دار، پِرٛتھوی راج چَوان سٕندِ  مُطٲبِق، ٲسہِ  دَھماکہٕ ""دہشت گردن ہِنٛدِ دٕسہِ  رٔلِتھ میٖلِتھ ہملہٕ“۔"
6480,"خصوصیاتن منٛز چھ میلسما، تکرار تہٕ ترتیبک استعمال شٲمل۔

"
6481,تمۍ ورۍیہ آو سہُ اکِس بنگٲلۍ فِلمہِ منز ،یوسہٕ تامِل فِلمہِ اوال اوروُ تھوڈرکتھایہ ہُند دُوبارٕ بنوومُت روُپ ٲس ۔
6482,کوسٹ گارڈ اكھ کوسٹ گارڈ چُھ اَکھ تنظیم یُس سمندرس منٛز لوُکن ہٕنٛز حفاظت کران چُھ ۔
6483,آگرہس نِش لڑنہٕ آمتِس  أکس فٲصلہٕ کُن جنٛگس منٛز ہارنوو تیموری فوجن سانگا ہُک راجپوت فوج۔
6484,یہ لٲن چھےٚ سیوک-رنگپو ریلوے لٲن، یۄسہٕ سیوک ریلوے سٹیشن پیٹھٕ رنگپو ریلوے سٹیشنس تام چھےٚ۔
6485,"بٲتھ ""بِنٛداس"" اوس جیٖت سِنٛگھن کوریوگراف کوٚرمُت۔
"
6486,یِمَن دۄن جِنن اوس  رُکمُکا تہٕ رُکمکالا ناو  یِم بٹارا اندرا تہٕ بٹارا بایوُ ہٕکہِ اوتار ٲسہِ  یِمَو بٹارا گروَن دیو بننہٕ خٲطرٕ حلف تٗلنٲوِمٕتہِ ٲسہِ ۔
6487,تو٘ہہِ ہیٚکو اکِس کیشیئرس ہاوِتھ تۄہہ نِش اوس تِمہ چیزٗک کوپن یُس  سٹاکہٕ منز مۄكلیو٘مٗت چھُ۔  ۔
6488,"بھاجا گۄپھہٕ چھِ کَنہِ ژٔٹِتھ بناوِمژن  22 ہَن گۄپھن ہٕنز اکھ جماعت یَو٘سہٕ دوٚیمہِ صٔدی قبل مسیح ہنز چھے٘  تہٕ پوُنے، ہندوستانَس منٛز واقع چِھے٘ ۔
"
6489,عدلیہٕچ سربراہی چھِ چیف جسٹس کران۔
6490,اگر آر اے کٲفی چُھ ، ٹی ہیلپر سیل ذیلی قٕسم ٹایچ 1 چُھ دباونہٕ یوٚان تہٕ ذیلی قٕسم ٹی ایچ 2، ٹی ایچ 17 تہٕ آیہ ٹریگ  (ریگولیٹری خٲطرٕ) شٲمِل كرنہٕ یوان ۔ 
6491,گرٛیڈی سُنٛد مانُن چُھ زِ گوُلہِ  چَلاون وول چُھنہٕ وۄنہِ  أنٛدِ پٔکہِ  کِس علاقس  منٛز۔
6492,کیبٕل ژٹٗن گو اكھ چیز ،مگر انٹرنیٹ تراوُن ہیکِہ ناممکن ٲسِتھ، خاص کر اگر توہِہ دفتر یا سکوُل خٲطرٕ گرِ اسایِنمینٹ پوُرٕ کرٕنہِ آسن۔ 
6493,راجپوتو کٔرۍ مغل مجبور تِم گورنر بناونہٕ خٲطرٕ مالواہٕکۍ، سِندھ تہٕ گُجراتٕکۍ۔ 
6494,INC  پارٹی ہٕنٛدیو واریاہو اہم لیڈرو ہارِ  لوک سبھایہِ منز پننہ سیٹہ، صرف 154 نشست زینتھ ۔
6495, اکھ موموُلی  نفر تام  ہٮ۪کہ ڈی ای اے یس منٛز تبدیلی باپتھ عرضی دِتھ ۔
6496,مےٚ آو نہٕ پننین اچھن پیٹھ بروس ییلہِ  احمد آباد ایئر پورٹٕٗک رن وے اکھ  فٗٹ آبہٕ سۭتۍ برِتھ اوس ۔
6497,یہٕ چِھ پیرس کس جنوبس اوٚنٛد پکھس منز تہ  مرکز پیٹھٕ ۔
6498,"اَمہِ بٲتٕچ آمدنی گٔیہِ بندا آچے کین یتیمَن ہٕنٛدِ مددٕ خٲطرٕ یِم 2004 کہ بحرِ ہندس منز سونامی سۭتۍ مُتٲثِر ٲسۍ۔
"
6499,مگر علاقن انسٲنی ترقی نش بچاونک خیال اوس کٮ۪نٛہو ؤریو برٛۄنٛہہ تجویز کرنہٕ آمت۔
6500,"میٹنگہ چھےٚ متفقہٕ وقتن پٮ۪ٹھ منعقد یوان کرنہٕ، مثلاً پرٛٮ۪تھ ترٛٮ۪ن رٮ۪تن منٛز اکہ لٹہ۔
"
6501,ज़्यादॅ तर कमप्यूटरन मन्ज़ छि  यादाशत बायटन मंज़ तकसीम करनॅ यिवान .     
6502,"اگر کھیل اضٲفی وقتہٕ پتہٕ وُنہِ تہِ ڈرا چھُ یِوان کرنہٕ، تیٚلہِ چھُ اَیِس ہاکی ہِش پنالٹی شوٹ آؤٹ زینَن وٲلۍ سُنٛد فیصلہٕ کران۔
"
6503,"ٹھاکُر چھُ تِمن ونان ز تِم كرِن   مزید 20,000 روپیہ ینامہٕ نِتھ گبر تس زِندیہ حوالہٕ ۔ "
6504,ادو دورس منز گوو میسو کہ صنعتی بٔڑس پیمانس پیٹھ پیداوارک طریقہٕ شروع۔
6505,"ہَجہِ لورِ  ٲسہِ ""بینڈی""  تہِ ونان۔

"
6506,تاہم، حالیہ ؤرین  منٛز چُھ یہٕ سلسلہٕ وار  بند گومٗت باسان ۔ 
6507,دویم ، تٔمس ٲس کنفیڈریسی خٲطرٕ یورپی حمایتٕچ ضرورت۔
6508,سوٗ، ییٚمہِ اُردُنس منٛز آدم آزاد کوٚر، بٗتھِس پیٹھ مٗشتہٕ رٹان ۔گِرجا گھرٗك مہا رازٕ چھٗ  كِلیو سٕتہِ ٹھٗكِتھ ۔ 
6509,یہ چھ یو ایس روٹ 59 تہٕ یو ایس روٹ 160 کس جنکشنس پؠٹھ۔
6510,"اکھ لۄکٹ تامل برہمی نوشتہٕ ، یتھ منٛز چیرا لفظ چھ ، ""کدومی پڈھا چیرا"" مغربی گھاٹ کِس ایڈکلس منٛز لبنہٕ آمُت ۔"
6511,یہِ چھُ تنازعہٕ اگر سانٹرکی کرسمسچہِ تجارتی کٲری خلاف احتجاج چھَا یا نَہ۔
6512,یہِ اوس  27 ستمبر 1967 منٛز فرینکفرٹ ، جرمنی منٛز قٲئم کَرنہٕ آمُت ۔
6513,انٹرنیشنل مانیٹری فنڈ آو 29 دسمبر 1945  قٲئم کرنہٕ ۔
6514,"""دھاکڑ"" بٲتھ اوس ریپر رفتارن گیوٚومت تہٕ یہ گوٚو ترٛٮ۪ن دۄہن منٛز 12 ملین ویوٕز حٲصل کٔرتھ مٔشہوٗر۔
"
6515,نیٹا اوس پاسنگ تہٕ کیچنگ ہۄنر ہٗرراونہٕ  خٲطرٕ بناونہٕ آمُت۔
6516, اتھ فلمہ میُول رلملہٕ تبصرٕ ناقدن ہندِ طرفہٕ۔ 
6517,یہِ چُھ جٔنوٗبی مٔدھیہ پرٛدیش کِس مشرِقی ست پوٗرا سِلسِلس منز شروع گژھان ، تہٕ مغرِبس كٗن وسان ، تہٕ ہارشٹر كِس مراٹھواڈا ، وِدھرب خطس ، تاپی درِیاوس سٕتہِ رلنہٕ برونہہ پاز دِوان ۔
6518,یم چِھ اکِس ٗشرِ رچھن وٲلِس باپت  اہم زِ سوٗ زانہِ تہنز دوہ دِشٕچہِ كار كردگی ۔
6519,"2008 منٛز، سپینَس منٛز، آو اکھ بچہٕ پننِس بٲے سٕنٛدِس تھیلیسیمیا ہُک علاج بننہٕ خٲطرٕ منتخب طور لگاونہٕ۔
"
6520,ییلہٕ سکولس منٛز اِستعمال چِھ یوان کرنہٕ تہٕ یمن چِھ بک بیگ یا سکول بیگ وننہٕ یوان ۔
6521,"یہِ مَہ سوٗنٛچِو زِ یہِ چُھ تِہنٛدیٚن أچھن كچھ ژھنان ۔
"
6522,اگر ژٕ سٹور منیجرس شکایت کرکھ، بہٕ گژھٕ نوکری نش تکیاز ژٕ چھکھ نہٕ مطمین خریٖدار۔  مہربٲنی کٔرتھ متہ کر تہٕ، سر۔ (دکان کلرک)
6523,نذرانَن منٛز چھ 2 ٹھول تہٕ 7 بانٛسہٕ بانہٕ یم توٚملہٕ گوندٕ سۭتۍ بٔرِتھ چھ آسان۔
6524,پنٛنہِ پوکر پیشورانہٕ زِندگی برٛونٛہہ کٔر میہانَن واریٛاہَن ؤرین بطور وکیل کٲم۔
6525,سیٹھ، بنٛگالٕکۍ کارٕبٲرۍ، ٲسۍ سراج سٕنٛدس دور حکوٗمتس منٛز پنٛنہ مالہ دولت خٲطرٕ ہمیشہٕ خوفس منٛز، علی وردی سٕنٛدس دور حکوٕمتس برعکس۔
6526,اِنٛسٹَنٛٹ میسینٛگِنٛگ، یا آی ایٚم ییٚمہِ سۭتۍ یہِ عام طور زاننہٕ چُھ یوان، چُھ  تیٖزی سان اکھ مشہوٗر رٲبٕطٕچ خٕدمات بنان، خاص طور امہِ کِنۍ تِکیٛازِ امہِ رٲبطُک رفتار چھُ لگ بگ عام کَتھ باتھِ  برابر۔ 
6527,سہ بنیو ہریجن سیوک سنگھک بانی صدر ییٚمیک بنیاد مہاتما گاندھی ین 1932 منٛز دلہ منٛز تھوٚو۔
6528,فِلمِہ ہٕنٛز دٔلیٖل چھےٚ قریشی سٕنٛدس خانٛدانَس تہٕ تِہنٛدؠن پالتو جانورن ہنٛدس میاکٹَس أنٛدۍ پٔکۍ۔
6529,"ریاستس منٛز چھ ساروٕے کھۄتہٕ تھوٚد مقام کوراپٹ ضلعس منٛز 1,672 میٹرن پیٹھ واقع دیومالی۔"
6530,تمۍ کٔرۍ 14 گول تہٕ اوس ٹیمس منٛز ساروٕے کھۄتہٕ زیادٕ کامیاب سکور کرن وول۔
6531,سٹورَس منٛز کٲم کرنہٕ باپت کٔرِو سٹاف حٲصِل تہٕ اگر تۄہہِ آسیو یہِ کرنہٕ باپت فنڈ موجود تہِ توتہِ تہِ چھِ پونٛسہٕ یِوان۔
6532,واریاہن مریضن چھ خانٛدانک بیٛاکھ کانٛہہ فرد تہٕ آسان ییٚمس یہ بٮ۪مارۍ آسہ۔
6533,موواٹوپوزا ہک گۄڈنیوک بلاک پنچایت صدر اوس 1995 منٛز اراکوزا بلاک پنچایت ڈویجنک شیسن پی مانگوزا۔
6534,بہ  چھُس کلیومت تکیاز مےٚ  چھُکھ نہ ژٕ عام پٲٹھۍ یوتاہ شکھِ ہوٚت وچھمت۔ 
6535,اہل الیکٹرانک دستخط ہٮ۪کن اتھ سۭتۍ کرنہٕ امتہ دستخطک ڈیجیٹل مسٲوی مانٛنہٕ یتھ۔
6536,कोलोकी छु मुफ्त येम्युक मतलब छु ज़ि इसतेमाल करन् खातर् छुनॅ  कान्ह पॉसॅ दियुन पेवान 
6537,یہ فلم ٲس 2018 چو  ساروی کھوتہٕ زیادٕ کمٲئی کرن واجیٚنیو  بالی ووڈ فلمو  منٛزٕ اکھ ۔
6538, قٕعلَن پیٹھ قبضہٕ كرِتھ یِم  تہٕ تٔعمیٖر کرِتھ ، تہٕ مرٲٹھ بحری فوج  تشکیل  دِتھ  بڑھوو شیواجی سندِ فوجن مرٲٹھا اثر و رسوٗخٗك دٲیرٕ ۔ 
6539,یہِ كرنس خلاف شِوا جی سٕندِیو خاص تمبییہو٘ باوجوٗد تر٘وو پرتاپ راون بہلول خان یلہٕ ، ییمہِ نوِ حملٕچہِ تیٲری شروع كِر ۔
6540,نیوکلیر ڈی این اے: نیوٗکلیر ڈی اٮ۪ن اے چھ یوکیریاٹک خٕلین ہٕنٛدس نیوکلیسس منٛز آسن وول ڈی این اے۔
6541,اٹلی ین زیوٗن جائینٹ سلیلمس منٛز پنُن گۄڈنیوک گولڈ میڈل ییٚلہ ایرون پیریز سکینٛگ مقابلہٕ کیٚن دۄشوٕنی رنن منٛز گۄڑنچ ٲس۔
6542,ہِنٛدُستانہٕ  خٲطرٕزیٛوٗنُن   2020 ٹوکِیو اولمپِکسَس منٛز   رۄپہٕ سٗند  تمغہٕ۔
6543,کنکریکٹ گژھنک سگنل چھ اکھ کیمیکل یس تہنٛد جسم چھ بناوان یتھ ایسیٹیلکولین چھ ونان۔
6544,امہ پتہٕ کرِ تٔمۍ پرتھس منٛز فینل ٹیسٹس منز مرو ہیوجز، برٛوس ریڈ تہٕ کریگ میک ڈرموٹس پیٹھ مشتمل تیز رفتار حملس خلاف تیز رفتار، وۄٹہٕ دار پچس پیٹھ 114 رنہٕ۔
6545,مےٚ مُورِ أچھ ییٚلہ أکس ٹی وی پروگرامس منٛز أکۍ جادوگرن پنن پان ہوہس منٛز تھوٚد تل۔
6546,14 نومبر سوٗزِ أمہِ  تِم قٲد کٔرِنہٕ خٲطرٕ  لوہا گڑھ  
6547,کلام آو بھارتیہ جنتا پارٹی ہندس دورِ حکومتس تہٕ تمِہ وقتہ کس حزن اختلاف انڈین نیشنل کانگریس دۄشوٕنی ہنٛز حمایت سۭتۍ 2002 منٛز ہندوستانُک کٔہِم صدر ژارنہٕ۔
6548,اتھ مقابلَس منٛز کٔر تمہِ ، 4 اکتوبر ویتنامَس خلاف شروعات۔
6549,"زخم لگنہٕ پتہٕ گۄڈنِکین پانٛژن ؤرۍ یَن منٛز چھُ خودکُشی ہُنٛد خطرٕ ساروی کھوتہٕ زیادٕ۔
"
6550,تٔمۍ کٔر خیالٕچ خوبصورت کلاسکی شکل أکِس شاندار تہٕ رنگین لوٚت رفتار تال دروپدس منٛز  تخلیق۔
6551,بہٕ چھس کوریر سروس کہ معیار سۭتہِ سٮ۪ٹھاہ متٲثر۔ ڈلیوری کرن وول شخص اوس شٲیستہٕ تہٕ پیشور۔
6552,ٹینڈِ  ہیکن زخممی ،خۄشک گژھِتھ  ، یا یِیكھ خوُن ۔
6553,1995 پی سی اے سائیکلس منٛز زیوٗن آنندن اولیگ رومنشین تہٕ مائیکل ایڈمس خلاف میچ بغٲر ہارنہٕ، پتہٕ ہیوٚتن کینڈیڈیٹس فاینلس منٛز کامسکیس شکست دتھ پننس ایف آیی ڈی ای ہارنک بدلہ۔
6554,ژھٲنٛڑِو سُہ بَدل چیٖز کیٛاہ چُھ تہٕ کٔرِو سُہ پیٚش۔
6555,"1748ہس  منٛز گو٘  واریٛاہ کَالَس تام حیدرآبادُک نظام روٗدمُت  قمر الدین خان، آصف جاہ اول فوت  ۔
"
6556,گر٘یے گزرِیو 78 وریہہ  وٲنٛسہ منٛز دِلٕكہِ دورٕ  سۭتہِ مینہیٹنس منز ۔
6557,"2010 چِہ مردم شمٲری منز آیہ 1,631 پیٹھہٕ بڈِتھ  آبٲدی 2,658 شٗمار کرنہٕ ۔"
6558,نوعمرن ہٕنٛدین زخمن ہنٛز زیادٕ تعداد چھ بٔڑس حصس منٛز ٹریفک حادثن تہٕ کھیلن ہٕنٛدین زخمن سۭتۍ منسوب یوان کرنہٕ۔
6559,جمٲژ منٛز چھِ سارِوٕیہ  کھۄتہٕ پرٛٲنہِ  آباد جٔزیٖرٕ امینی، کلپینی انڈروٹ، کاوارتی تہٕ اگاتی ۔
6560,أمۍ سُنٛد مول موج ٲسۍ پی کے واسودیون پلایی تہٕ سی پدماؤتی اما ۔
6561,"وٗنكینس  چھِ ، لوزِیانا پُلیٖس محکَمہٕ، مِسوری سٕٹیٹ ہایوے پٹرول، ایٚف بی آیہ ، تہٕ سینٛٹ لوٗیِس کاوُنٹی پُلیٖس محکَمہٕ، سٲری تحقیٖقاتس منٛز شٲمِل۔
"
6562,جارج زاو  وایلامس منٛز  ، یٗس نارتھمبرلینڈس منٛز چھٗ ۔
6563,شارپسبٔرگ، اِیووا: شارپسبٔرگ چُھ یونایٹڈ سٹیٹس کہ ایووا ہک اکھ شہر۔
6564,امہِ زینہِ نہٕ ٹِكٹہٕ كٕننہٕ سٕتہِ زیادٕ پۄن٘سہٕ ۔ 
6565,یوتاہ دفٲیی روزُن کر بند تہٕ بوز بہٕ کیا چُھسیہ ونان ۔ 
6566,"تِمَو گِیُنٛد 20 اگست یونائیٹڈ سٹیٹس IX نس خِلاف اکھ میچ، لَگ بَگ سٗیہ  ٹیم  یٗس تِمن  لاس اینجلَس منٛز بٗتھِ اوس لوگمُت۔
"
6567,دوٚیمس عٲلمی جنٛگس دوران کٔر تٔمۍ سی بی ایس خٲطرٕ بطور نیوز رپورٹر کٲم۔
6568,بارابار غارَو کٕر برصغیر  ہندَس منٛز کَنہِ ژٹِتھ فن تعمیرٕچ رٮ۪وایت واریٛاہ متٲثر۔
6569,تُرکیَس منٛز چُھنہٕ جانور ذبح کرُن کانہہ نایاب واقعہٕ۔
6570,"دویم بٲتھ ""چار بوتل وودکا"" یَتھ منٛز سنی لیون، ہنی سنگھس سۭتہِ ٲس، تٕہ اوس واریاہ کامیاب یَتھ 5 ژن دۄہن منٛز 5 ملین کھۄتہٕ زیادٕ لٗكو٘ وٗچھ ۔"
6571,فری سٹوڈیو فری سٹوڈیو چھ ڈی وی ڈی ویڈیو سافٹ کہ ذریعہ بناونہٕ آمت ملٹی میڈیا پروگرامن ہند اکھ مفت سیٹ ۔
6572,1970 پیٹھہٕ  1987 تام اوس راجیش کھنہ سارِوٕے کھوتہ  زیادٕہ سارِوٕے زیادٕ معاوضہٕ نِوان اداکار ۔ 
6573,اینستھیزیاہس سۭتۍ وابستہٕ خطرٕ چِھ واریاہ، یِتھ کٔنۍ چِھ اینستھیزیولوجسٹس سۭتۍ ہم آہنگی تہٕ آپریشنہٕ برٛونٛہہ سرجری خٲطرٕ مریضن ہنٛد اصلاح ضروری۔
6574,اینی ایوارڈز اینی ایوارڈز چھ حرکت پذیری منٛز اصل کٲم تسلیم کرنہٕ خٲطرٕ دنہٕ یوان۔
6575,تٔمۍ کوٚر پتہٕ بیٛاکھ خانٛدر، تہٕ چھس پنٛنہِ دوٚیمہِ خانٛدارنہِ، ساراہس سۭتۍ اکھ کوٗر۔
6576,گیتا فوگَٹن نیٚو 2012 ہس منٛز لندن اولمپکسَس منٛز حصہٕ، ییٚلہ زَن ببیتایہِ 2014 ہس منٛز گلاسگوہس منٛز کامن ویلتھ گیمن منٛز سۄنہٕ سُنٛد تمغہٕ زیوُن ۔
6577,پننہ گۄڈنچہ کتھ باتھ منٛز مہٕ دیو قانونی کاروٲیی ہٕنٛز دھمکی۔
6578,یہِ ہیٚکہِ واریاہ مُختٔلِف مُتعلقہٕ شرح ٲسِتھ، خاصكرِتھ  کارپوریٹ مٲلِیاتس  منٛز، مگر ییٚتین چھِ أسہِ  مٗرکب سوُد کماون وٲلِس كھاتس  پٮ۪ٹھ حٲصِل کرنہٕ آمُت سوُد استعمال کران۔
6579,منگلور کِس سری وینکٹ رامنا مندرُک بھگوان ویرا وینکٹیشا مندر كِس بھگوان  ویرا وینكٹیشا سُنٛد سالانہٕ کار فیسٹیول چھُ اَمہِ دۄہ مُنعقد سپدان  تہٕ بطور  کوڈِیل تیروُ یا منگلوُروُ رتھوتسوا ناوٕ مشہوُر ۔
6580,دویمہِ  حملٕچ قیادت کٔر ویرراجیندر چولَاہن، ییٚمہِ 11 ہِمہِ صٔدی ہندِس ٲخٕرس منٛز سری وجیا كِس ملائیشیاہس منز كیڈاہ فتح كو٘ر ۔
6581,تُہٕنٛز مُجرِمانہٕ تٲریٖخ تہِ چھےٚ مدِ نظر تھاونہٕ یِوان۔ 
6582,نوٹ واہرٲوِیوُكھ تاكہِ   تم بناون اکھ دٲیرٕ۔
6583,یہ چھ علاجک منصوبہٕ بناونس منٛز گوڈنیک قدم تہ۔
6584,بی بی سی نیوز آن لاین مطٲبق گٔیہ کم از کم شٗراہ ہلاک۔
6585,اتھ علاقس منٛز چھ زٕ آبہٕ ذخیرٕ تہ موجود اکھ بیتھمنگلا ہس منٛز تہٕ کرناٹکس منٛز ساروٕے کھۄتہٕ بوٚڑ راماساگرس منٛز۔
6586,اتھ خطسس منٛز ٲسہِ کیلواڈوس، منچے تہٕ اورنے محکمہٕ۔
6587,کنہ ساتہٕ چھنہٕ شپنگ ہنٛد قۭمت پٔزۍ  آن لاین چیز اگر توہہِ وۄنہِ سٹورس منز ہییو تمہِ نِشہِ  واریاہ زیادٕ جوُرٗن لایكھ  بناوان۔
6588,اخلاقیات چھٗ یہِ فِكرِ تارنٕچ كوُشِش كران كیازِ چھِ كین٘ہہ كامہِ جان تہٕ باقیہ كامہِ ناكارٕ ۔ 
6589,زنانن منٛز اسکیمک فالجس خلاف ایسپرین کہِ  مٗمکنہٕ حفاظتی اثرٗك  چھان بین کرنہٕ خٲطرٕ  چھِ مزید مطالعن ہنٛز ضرورت ۔
6590,"ییلہٕ كے-1 مقبوُلیت بڈییہِ ،  گٕلَو کراٹے بَنیٛوو کینٛژس کالَس جاپانَس منٛز ساروِی  تیٖز بڑَن وول شوقیہ کھیل ۔
"
6591,نتیجن كو٘ر تمہِ  گایکواڈن سۭتہِ  مفاہمت کرنُک فٲصلہٕ۔
6592,بالن أنٛدۍ پٔکھۍ  طرفن چھ کم رُود یوان۔
6593,تِم ہٮ۪کَن شکلہِ، حد، سجاوٹٕچہِ موجوٗدگی، رفتار، بیترِ منٛز مُختٔلِف ٲسٕتھ۔
6594,وونہِ گوو، یہِ چُھنہٕ واضح زِ سُہ چھا اکھ حقیقی شخص۔
6595,डेसमबर 2006 हस मंज़ थोव यिमव बदलॉविथ पानस एपटिवेट नाव.    
6596,"اوڈیشہ كِس موسیقی ہِنٛدِس رٮ۪وایتَس تہِ چھِ قٔدیٖم موٗل۔
"
6597,مےٚ چھےٚ ژمہِ پیٹھ سۄسراے باسان ییٚلہ مےٚ اکس ہٲنگنیہ اتھٕ لاگُن آسہِ۔ 
6598,ہندو مذہبس منٛز چھ پوٗجا عبادتُک ساروی کھۄتہٕ عام طریٖقہٕ۔
6599,شِکاگو یٕچہِ بوُلہِ منٛز چُھ شہر کِس جنوٗبی طرفس منٛز واشنگٹن پارکَس منٛز اولمپک سٹیڈیم تہٕ لیك مِشیگن کِین بٹھین پیٹھ ایتھلیٹ باكٗك تعمیر   شٲمل۔
6600,ایکا تال چھِ تالَن ہنٛدِ س جوٚتھس کُن حوالہٕ دِوان یِمَن منٛز صرف 1 لغو چھُ۔
6601,1982 پیٹھٕہ 1997 تھس  تام زیٖنہِ ٹیمن 9 لٹہِ کورین سیریز۔
6602,1994تھس  منٛز، کوٚر کاکوفونی سوسائٹی سین فرانسِسکوہس منٛز دنیاہُک گوڑنیُوک سانٹاکون مٗنعقد ۔
6603,بچنَن کوٚر عقص بندی شروع گژھنہٕ برٛونٛہہ ژور ریتھ  بہادٗری سۭتہِ خانٛدر۔
6604,میکینکو  کوٚر كارِ  ہندین مسلن ہُند تشخیص کرنس منٛز ماہر آسنک دعوا مگر ہیوكٗكھ نہٕ مے٘'تشخیصی ٹیسٹن' باپتھ  نٕر  زنگ ہینہٕ ورٲے کُنہ تہِ مشلٗك پتاہ لگٲوِتھ ۔
6605,"رومیو تہٕ جولیٹس ""تمام محبت چٮ۪ن دٔلیٖلن ہنٛز موج"" قرار دوان اوس بھنسالی اتھ سۭتۍ اکھ الگ دٔلیٖل بناوٕنۍ یژھان، یۄس نہٕ ونیک تام سینمٲیی موافقتن منٛز دریافت کرنہٕ آمٕژ ٲس۔"
6606,"تٔمۍ ووٚن ز فلمہ منٛز چھ ""امریکاہک ثقافتی غروٗر"" پیش کرنہٕ آمت۔
"
6607,امہ کہ وجہ سۭتہِ  چھِ تِم باقٕیہ  مگرمچھو كھوتہٕ زیادٕ بٗڈان ۔ 
6608,سُہ گزریو 19 اپریل 2020 ریو لنڈا ، کیلیفورنیاہس منٛز ۔
6609,کینژن لوکن ہنٛد خیال چھ ز یہٕ اوس اکھ صوابدیدی انتخاب تہٕ تمو چھ یہٕ 28 ستمبر تبدیل کرنچ تجویز پیش کرمژ، یہٕ خیال چھ یوان کرنہٕ ز یہ چھ کنفیوشس سنٛد زینک تٲریخ۔
6610,اگرچہ ریکیٹسیاہس منٛز چُھ نہٕ یمن ہنٛدۍ مخصوص کامہ دریافت کرنہٕ آمٕتۍ، مگر کینٛہہ مطالعہٕ چِھ ریکیٹسیا سۭتۍ متٲثر انسٲنی مائیکروویسکولر اینڈوتھیٖلیل سیلٔن (HMEC) منٛز ناول ایس آر این اے ہنٛد اظہار ظٲہر کران۔
6611,تٔمۍ کٔر سنٛدر لینٛڈ خٲطرٕ 1948 تہٕ 1955 ہس درمیان شٮ۪ن لیگن منٛز شرکت۔
6612,دھات یتھ کٔنۍ ز سۄن، رۄپ، پلاٹینم، اریڈیم تہٕ پیلیڈیم چھےٚ مثالہٕ۔
6613,یمن دۄہن کٔر تٔمۍ بیٚیہ أکس بین الاقوٲمی زبٲنۍ پٮ۪ٹھ کٲم ۔
6614,"تٔعمیٖرٕچ ابتدٲیِی لاگت ٲس (23 پھُٹن باپتھ) 2,17,725    رۄپیہِ۔  
"
6615,ریلیز پتہٕ گو بینڈ البمس سپورٹ کرنہٕ خٲطرٕ دورس پیٹھ۔
6616,"وادی ہُنٛد جنوٗبی حصہٕ چھُ زِیٛادٕ تر جایَن کشادہ۔
"
6617,نزدیکی شہر فتح پوٗرَس منز کوٚر  أکۍ ہجومَن مقٲمی برطانوی آبادی پیٹھ حملہٕ  تہ کرِکھ  قتٕل ۔
6618,یہٕ آو 2011 منٛز صدر براک اوبامہ سٕنٛدۍ دٔسۍ رد یا منسوخ کرنہٕ۔
6619,ایف ای سی چھ اکس معروف الگورتھمس سۭتۍ منتقل شدٕ معلوماتس منٛز بیکار آسُن شٲمل کران ۔
6620,شطرنج چھُ اکھ بورڈ کھیل یُس دۄن کھلاڑین درمیان گنٛدٕنہٕ چھُ یِوان۔
6621,نیلی آیہ 2005 ہس منٛز ہاکی ہال آف فیمس منٛز شٲمل کرنہٕ ۔
6622,تنہٕ پیٹھہٕ  چھے٘ سٹیشنس نزدیٖک لٲنن پٮ۪ٹھ واریاہ تبدیلی آمژٕ ۔
6623,"اتھ سنگمَس بو٘ن كُن ، خلیج بنگال پیٹھہٕ تقریبا 1,450 کلومیٹر (900 میل)، چُھ یِہ دریاو روٲیتی طور برہم پُتر (""برہما سنٛد نیٚچو"") ناوٕ زاننہٕ یِوان ۔"
6624,خٕطہٕ کین پہاڑن ہِنٛز لۄکٕٹ وٲنٛس آسنہ کس نتیجس منٛز چھِ لٔگہِ کَنہِ ہِنٛدِ ترتیٖب دِنہٕ یِوان، یِم کھٕرِ ژلنک خطرٕ۔
6625,1999 تھس منٛز، برائڈن باگ بمقابلہ او بینن معاملس منٛز، كور  أکہِ انڈیانا ریاستی ملٲزمن  گورنرس پیٹھ ریاستی مٗلٲزمن گٗڈ فرائیڈے دۄہ چھٹی دِنَس پیٚٹھ مقدمہٕ دائر۔
6626,پنجاب یونیورسٹی، چندی گڑھٕکۍ سابقہٕ طلباہن منٛز چھ ہندوستانک سابق وزیر اعظم منموہن سنگھ تہٕ بائیو کیمسٹری منٛز نوبل انعام زینن وول ڈاکٹر ہر گووند کھرانہ شٲمل۔
6627,"ٹِینارلو: ٹِینارلو چھِ نیدرلینڈز کِس صوبہٕ ڈرینتھیَس منٛز اکھ بلدِیٲتی علاقہٕ ۔
"
6628,مےٚ چھٗ افسوس ز یہ فلم وٗترییہ نہٕ میانین امیدن پیٹھ پوُرٕ۔ مےٚ ٲس اتھ مزٕ تٗلنٕچ آش ۔ 
6629,1674 منز بنیو  پانڈیچیری ہٗند بلدِیٲتی علاقہٕ فرانسیسی نوآبادیاتی سلطنتٕچ اكھ  فرانسیسی کالونی ۔
6630,"اگر توہہِ كاٹھكرٕ روس یا باقیہ رِعایتو٘  ورٲیہِ  اِضٲفی جایداد چھٗ ۔ توہہِ ہیكِو قرضہٕ ہیتھ 
 تہٕ قرضٕكہِ رقوُمات محفوُض كھاتس نز تھوِتھ ۔ "
6631,"پروڈکٹ پروٹینن منٛز چھ مختلف نقل کرن وٲل پروٹین شٲمل یتھ کٔنۍ ز آر این اے پیٹھ منحصر آر این اے پولیمریز (RdRp)، آر این اے ہیلیکیس، تہٕ exoribonuclease (ExoN)۔
"
6632,"یہ علاقہ آو سٲبقہ علاقہ دادرا اینڈ نگر حویلی تہٕ دمن اینڈ دیو رلاونہٕ کہ ذریعہ قٲیم کرنہٕ۔
"
6633,1002 ہس منٛز تمہِ سٕنٛد مرنہٕ پتہٕ کٔر بولسلاون شٲہی حیكمت عملی شروٗع ۔
6634,آزربائیجان، ایران، ہندوستان، پاکستان تہٕ ترکی ہوین تٲریٖخی فارسی اثر و رسوخ وٲلۍ کینٛہن ملکن منٛز چِھ مسلمان برادری رماضان یا رمضان لفظ استعمال کران۔
6635,"امیُک ڈرینیج بیسن چھُ زِیادٕ کھۄتہٕ زِیادٕ زیچھر 40 کِلومیٖٹر یا 25 میل۔
"
6636,یہ چھ پروٹین ڈایسٹروفن خٲطرٕ جینس منٛز اورٕ یور گژھنہٕ سٕتہِ سپدِان  ۔
6637,تمِس  آو مرنہٕ پتہٕ 1971 كہِ وریہ باپت  دادا صاحب پھالکے اعزاز دِنہٕ ۔ 
6638,امہ علاوٕ چھ اتھ پوٗرٕ جسمس منٛز واریاہ باقٕے انابولک ایفٮ۪کٹ۔
6639,یہ کر نہ صرف تۄہہ پونسہٕ فراہم یس تہۍ بچت تھٲوتھ ہیٚکو، یہ کر معٲشی وۄلہٕ ہرشہِ دوران نوکری مۄکلٕنہٕ کس صورتس منز بچاو تہ فراہم۔
6640,"شِشنارِ  کہِ کینسر سۭتہِ چھ پرٮ۪تھ ؤرِیہِ بییہ کُنہِ کینسَر کھۄتہٕ زیادٕ 1.8 مِلین  لوٗکھ مَران ۔ 
"
6641,تہند کھاندر سپُد 2007 منز تہٕ سۄ ٲسۍ تسندین این آٮٔی ٹی دۄہَن منٛز جشنو راگھون سنز جونیئر تہِ۔
6642,بھگوان شیو سنٛد قہرٕ سۭتۍ پٲدٕ  گژھن وٲلہِ  راکشس جالندھرن کوٚر تمِس سۭتہِ خانٛدر۔
6643,یہ سیریز روٗز پانژن سیزنن تام جٲری، تہٕ مۄکلییہ 18 جنوری 2013 ۔
6644,گایكی  منٛز ہیٚکن  أکس مربوط ٹیمس منٛز   اکھ یا زیادٕ گلوکار بطور اہم اداکار ٲستھ ۔
6645,"تمہِ  سٕنٛز فورڈ سیڈن آیہ میلبورنَس منٛز  لاپتہ گژھنہٕ پتہٕ کینٛہہَ دوہ پتہٕ  سی سی ٹی وی فوٹیج ذٔریعہٕ ؤچھنہٕ ، وونہِ گو٘ حٗکامَن ہُنٛد خیال چھٗ زِ کاراوس  بیٛاکھ شخٕص  چلاوان۔
"
6646,"گۄڈٕنِکِہِ پیریڈُک وٲحِد گول كو٘ررینجرزٕکۍ کیریل راچونکَن ، یُس تٔمہِ سُنٛد 19:14 پٮ۪ٹھ سیزنُک شیٚیِم گول اوس۔
"
6647,"اگر نہٕ تۄہہِ پتاہ چھِو، زیادٕ تر جایہِ چھِ تۄہہِ ""مےٚ چھُنہٕ اَمیُک محکمہٕ پتاہ""ژٲر دِوان ، یا تو٘ہہ، ہیكِیو   امہِ بجایہِ  کینسل دبٲوِتھ ۔
"
6648,پُلیکٹ ڈے،  رامسرس ورلڈ ویٹ لینڈز ڈے ہٗك  حصہٕ ،   چھُ اے اے آر ڈی ایی  دٕسہِ  اتھ  نوزٗک ماحولس کُن توجہ پھِرناونہٕ باپت پرٛٮ۪تھ فرؤریَ یس منٛز مناونہٕ یِوان۔
6649,کیا توہہِ چھو ونان زِ باقیہ تہِ چھِ یِم اڈِجہِ ڈاكٹرو كھوتہٕ  بہتر چھ ؟
6650,گوٚب وزن تُلنہٕ سۭتۍ چھ مےٚ پانس پیٹھ واریاہ اعتماد یوان تہٕ مےٚ چھ اطمینانک احساس سپدان۔ بہٕ چھس یِہ کرن پسند کران۔ 
6651,بارباڈوس أسۍ نہٕ زانٛہہ وندٕ اولمپک گیمن منٛز ۔
6652,اتہ چھ لگ بگ 704 بسکین تہٕ  رقبہ چھُس6 مربع کلومیٹر  ۔
6653,شمال مشرقی وکٹوریاہس أنٛدِ پٔکہِ  واریاہن جاین آیہ بٗش رینٛجر ٗوچھنہٕ ۔
6654,وارٕ كریو سرٕ  زِ بازار كر چھِ كھلان  تہٕ بند گژھان  ، تكیازِ كیٚنہہ دٗكان چھِ صِرف ہفتہٕ كِس ٲخرسٕے پیٹھ یلہم آسان ۔ 
6655,آب و ہوا چھ گرم مرطوب، گرم  مرطوب تہٕ خۄشک، تہٕ نیم بنجرس درمیان مختلف آسان۔
6656,سۄ چھےٚ چلی کس صدر گیبریئل بورک سٕنٛز سٲتھی۔
6657,یہ فلم چِھ شہر ڈیٹرائٹس منٛز روزن وٲل اکھ جوان سفید فام ریپر کس بارس منٛز بیان کران۔
6658,ییٚلہ سہ أکس رؠتہٕ پتہٕ أچھ کھولان چھ، أمس چھ کرشن میلان، یس یہ ظٲہر چھ کران ز سہ چھ بھگوان، تہٕ کانجی پوٗرٕ پٲٹھۍ ٹھیک کٔرتھ چھ یہ ثٲبت کران۔
6659,شیو سمارک نٲمی اکھ دیو یادگار تعمیر کرنٕچ تجویز آیہِ 2016 منٛز بحیرہ عرب کِس أکِس لۅکٹِس جزیرس پٮ۪ٹھ ممبئی نذدیک منظوری دِنہٕ۔ 
6660,ایم آر ایف چیلنج چھ اکھ فارمولہ 2000  اوپن وہیل موٹر سپورٹس فارمولاہس پؠٹھ مبنی سیریز ییٚمیک اہتمام مدراس موٹر سپورٹس کلب ایم آر ایف کس تعاونس منٛز کران چھ۔
6661,ابھرتی ہوئی ٹیکنالوجیز چھ تم ٹیکنالوجیز یم تبدیل ہکن کٔرتھ ز ٹیکنالوجی کیتھ کٔنۍ چھ موجود ۔
6662,"اگر تُہۍ بُنیٲدی ضرورتن (گرمی، بجلی، آب) ہٕنٛز ادائیگی کرٕنۍ چَھو، تیٚلہِ ہیکِو تُہۍ گیس/گرمی تہٕ بجلی خٲطرٕ سرکٲرۍ امدٲدی پروگرامن ہٕنٛز اہلیت حٲصِل کٔرِتھ۔
"
6663,خشحال کورواہَن گوٚر پتہٕ احساس زِ پانڈو چھِ وُنہِ تہِ زِنٛدٕ ییٚلہِ تِمَو دیوی دروپدی ہندس مُقابلَس منٛز حصہٕ نِیُو۔
6664,یمو منٛز چھ زیادٕ تر خود مختار ادارٕ ہندوستانس منز ساروی کھوتہٕ بٔڈس درجس پیٹھ تہٕ یمن منز داخلہٕ خٲطرٕ واریاہ مقابلہ شرط چھِ۔
6665,اپریلَس منٛز گوٚو ٹگ آف وار، تہٕ یِتھۍ پٲٹھۍ بَنیٛوو پوٗرٕ دُنیاہَس منٛز نمبر اکھ۔
6666,کنہ غیر متوقع مسلہٕ کہ وجہ سۭتۍ میٲنس شرس اکاونٹ دنہٕ نش انکار کرنک خیال چھ مےٚ بے سۄکھ کران، امید چھ زِ پریتھ کینٛہہ گژھِ ٹھیک۔
6667,ناٹیہ حِصہٕ، یا ڈانس ڈراما، چھُ ترتیبہِ منٛز بیٛاکھ ۔
6668,"عوٲمی شعبٕہ کین  مُلٲزِمن باپت چھٗ مٗلكس نِش ایسٹر بونس بطور ڈٲلہِ رٹٗن  رٮ۪واج ۔
"
6669,از گوڈٕ دِژ روٗسٕکِس سوچی منٛز 2014 کِس ونٹر پیرا اولمپکسَس منٛز سلیج ہاکی کھیلٕہ ہٕنز دوٚیمہِ گیمہِ منٛز ٹاپ سیڈِڈ کینیڈاہَن سویڈنَس 10–1 سکورَ سۭتۍ شِکست۔
6670,"پتہٕ کٔر أمہِ كولكتاہس منز  کَلکتہ یوٗنیورسٹی سٕتہِ مٗنسلک انٛڈَر گرٛیجویٹ زنانہٕ  کالیج جوگمایا دیوی کالیج پٮ۪ٹھٕہ بچلر ڈِگری۔
"
6671,ہلاک گژھن والین منٛز چھُ فلیسٹی پارٹی ہنٛد ترک سیاست دان ابراہیم بلگن تہ شٲمل۔
6672,سُہ چُھ جرمن بنڈس لیگا ہس منٛز مینز05 ہک  مینیجر ۔
6673,آننٛدن کوٚر اَروٗنایہ سۭتہِ 1996  منٛز خانٛدر تہٕ یِمن چُھ اَکھ نیٚچوٗ، یُس 9 اپریل 2011 دوہ زامُت چھٖٗ، ییٚمِس رٮ۪وٲیتی مٲلہِ ناوٕ طریقہٕ آننٛد اكھِل ناو تھونہٕ  آو ۔
6674,قٔدیم مصرک مذہب روٗد تہنٛدس پورٕ تہذیبس دوران جٲری۔
6675,یہ لۄکٹ شہر چھ ہیوم ہائی وے یس پیٹھ یُس سڈنی یس تہٕ میلبورنس جوڑان چھ۔
6676,یمن حاملہٕ زنانن زیکا وایرس چھ گژھان تم ہٮ۪کن یہ وایرس پنٛنین جنینن منٛز پھٔہلٲوتھ۔
6677,صوبٕکۍ لوکھ چھ سپینش تہٕ امبابوران کیچوا زبان بولان۔
6678,گریوز بیمٲرۍ ہیٚکہ طبی طور اکہِ یا زیادٕ خصوٗصی علامتو سۭتہِ برون٘ہہ كٗن یِتھ ۔
6679,"پنٛنِہ علاقُک بازر زٲنِو تہٕ مٗختلف محلن منٛز کٔرِیو کِرایہِ ہُنٛد موٲضنہٕ۔
"
6680,"یہٕ چُھ جنوُبی افریقہ، یورپ، شٗمٲلی امریکہ تہٕ برازیلس منٛز کٕننہٕ یوان۔
"
6681,مندر ٲسہِ اكی  كنہِ سٕتہِ شِكھر تہٕ  تہٕ مندرن ہندِس فن تعمیرس پیٹھ ہیندِ متنن كہِ تجویز مُطٲبِق  اکھ مُقدس  آبہٕ تلاو  ہیتھ  بناونہٕ آمٕتہِ  ۔
6682,اتھ منٛز ٲس اصلی کروڈن، ڈینڈینونگ، فرنٹری گلی تہٕ رنگ ووڈٕک مضافاتی علاقہٕ شٲمل۔
6683,بحیرہ عربٕچ شاخ چھےٚ شُمال مشرقس منٛز ہمالیہ کُن گژھان۔
6684,"31 دسمبر 2021 ہس تام ٲس بلدیہ ہٕچ آبٲدی 6,439۔"
6685,کھڈگا، اکھ زٕ تھپہِ واجِنۍ کھلہِ تیٖنٛتہِ واجِنۍ گوٚب زیٖٹھ تلوار، ٲس خاص ترجیح دِنہٕ یوان۔
6686,"اَمہِ واقعہٕ کہِ وجہ سۭتۍ آو پوٗرٕ دنیاہَس منٛز ہوٲئی اڈَن ہٕنٛز سیکیورٹی منٛز تیزی سان تبدیلیہِ تہٕ امریکی انٹیلی جنس سروسَن منٛز تہِ۔
"
6687,"اکھ سیکوئل، جولی ایل ایل بی 2  آیہِ فروری 2017 ہَس منٛز ریلیز کرنہٕ، یَتھ منٛز شُکلا پنُن کِردار دُبارٕ ادا کوٚر۔
"
6688,سِکھن ہِنٛدٮ۪و سٮ۪ٹھاہ اَہَم توٲریٖخی مرکزَو منٛز اکھ آسنہٕ کِنہِ چھُ اتھ احترامَہٕ سان آنند پور صٲحب وننہٕ یِوان۔
6689,فتحس ٲس مُدرارکشَسس منٛز تصَوُری شکٕل دِنہٕ آمٕژ، یتھ منٛز یہِ ونٛنہٕ چُھ یِوان زِ چنٛدرٛگُپتن کوٚر گۄڈٕ پنٛجاب حٲصِل تہٕ ننٛد سلطَنتس کُن پیش قدمی برٛونٛہہ كورٗن  چانکیہ سٕنٛدِس مشوَرس پٮ۪ٹھ  پروتکا ناوٕ کِس أکِس مقٲمی  بادشاہس سۭتہِ  اِتحاد قایِم ۔
6690,بحیرہ عرب چہِ شاخ چھِ شُمالس کُن پھیران  تہٕ چھے٘  پنُن زِیٛادٕ تر روُد مغربی گھاٹن ہندِس ہوا وٲلِس طرفس کُن جمع کران۔
6691,امیت تریویدین دیت موسیقی ہنٛد سکور تہٕ گپتنن لیٖکھن بٲت تہ۔
6692,ترٛیٚشوے دٔریاو تہٕ یمن ہٕنٛدِ واریاہ معاون دٔریاو كھٕتہِ بٹھیو٘ پیٹھہِ تہٕ اونٗكھ كھاہن تہٕ قصبن سہلاب ۔ 
6693,"گوہاٹی ہائی کورٹُک اکھ سرکٹ بنچ چھُ 1974 پٮ۪ٹھہٕ  شِیلانگس منٛز کٲم کران۔
"
6694,"مگر اگر تہۍ 2% اے یو ایم ادا کران چھوٕ، تیٚلہ میلن تۄہہ صرف 703,999 ڈالر۔"
6695,سارویہ كم كرنٕكہِ ،سارِویہ  زیادٕ كرنٕكہِ تہٕ  ونڈو بند كرنٕكہِ  بٹن چھِ ونڈوز وِسٹاہس پٮ۪ٹھ مبنی ۔
6696,13 نومبر 2013 آو یہِ اطلاع  ز منارا کرِ کرنویر شرما ہس سۭتہ فلمہ منٛز پننہ اداکٲری ہنٛز شروٗعات۔
6697,"یہِ گینٛگ آیہِ مئی 1815 ہَس منٛز مزید گَرٕ لوٗٹنہٕ خٲطرٕ نِیو نارفوک واپس ۔
"
6698,رازدانہِ تہٕ بڈین قصبن (کیلاشہار، دھرمانگر) سۭتۍ سۭتۍ زیادٕ دور دراز علاقن یتھ کٔنۍ کنچن پور، بیلونیا تہٕ گنڈاچیرا ہس درمیان چھ مسافر ہیلی کاپٹر خدمات دستیاب۔
6699,امہ سۭتۍ گٔیہ وفٲقی حکومت خٲطرٕ کانٛہہ تہ کٲم کرٕنۍ واریاہ مشکل۔
6700,اکھ چیز یتھ پیٹھ یہٕ توجہ دِوان چُھ یہٕ زِ مٗخٲلف  کِتھہٕ پٲٹھہِ  چِھ کٲم کران ۔
6701,یہِ پارَک ٲسٕکھ 1986 منز  یاگی زُو ذٲژن ہُند پناہ گاہ قرار دژمژ تہٕ 1992 منز ٲسٕکھ یہِ ہندوستٲنی قومی پارَک بنٲومٕژ۔
6702,ٹیگور سٕنٛدِس افسانس ، نستانیرہس پیٚٹھ مبنی،  یہِ فلم چھےٚ 19 ہمہ صٔدی ہٕنٛدس بنگالس منٛز أکس کٗنہِ زٕنہِ آشینہِ ، چاروُ، تہٕ تمہِ سندِین   درٚیِس امل سٕنٛد خٲطرٕ  بڑونین   احساسن مٗتعلق ونان ۔
6703,وونہِ گو٘  چھِ یہِ چولا شہنشاہ سندِ دٕسہِ  کُنہِ تہِ قسٕمٕکہِ حکم کھۄتہٕ زیادٕ شیوی برادٔری خٲطرٕ امہِ كین مذہبی سربراہن ہٗند اکھ ہدایت۔
6704,کینٛہہ ایرٲنۍ کردٕ مصنفینو چِھ ناولہٕ لیچھمَژٕ یِم کردٕ ادبس خٲطرٕ اہم چِھ۔
6705,مےٚ چُھ خوفُک احساس گژھان ییلِہ بہٕ بند جاین منٛز آسان چُھس ۔ 
6706,تمٲکس منٛز موجود نکوٹین ہیکہ لُکن کیُتھ  نشہ  آور آستھ ۔
6707,1992 پیٹھ روٗدۍ تہندِ ہدایتٕ کاری ہندۍ ستھ منصوٗبہٕ باکس آفسَس منز ناکام۔
6708,قومی اعزاز آسنہٕ كِنہِ چھِنہٕ پدم ایوارڈن منٛز نقد الاؤنس، فٲیدٕ، یا ریل/ہوٲیی سفرس منٛز خاص رعایت شٲمل۔
6709,آسہٕ كِنہِ  زیادٕ خوراک فراہم کرٗن چھٗ کٔمی کم کرنہٕ خٲطرٕ نٗمایاں  حیکمت عملی۔
6710,یہٕ پزٕ امہٕ برونٹھ یلہٕ تم اتھ ٹانگس پیٹھ ٲس کھڑا گژان ییلہٕ تم یہٕ پکٲون ز یہٕ ییہٕ دوبارٕ زمینس سۭتۍ لگاونہٕ۔
6711,کِتابن منٛز چھِ کھیلن خٲطرٕ پرٛٮ۪تھ شہرٕک منصوٗبہٕ تِکیازِ تِہٗند  تعلُق چھُ اہم میزبٲنی ہندین پہلوَن سٕتہِ یتھہٕ  کٔنہِ  زَن مقامات، بجٹ، مٲلی ضمانت، حفاظت، رہائش تہٕ آمد رفت ۔
6712,مغربی بنگالس منز چُھ کوچ بہار اہم سیاحتی مقامو منز اکھ مقام، حالانکِہ  اَمِچ سیاحتی آمدنی چھیہٚ کم۔ 
6713,ٹریوڈن کوٚر شکاگو کس مضافاتس منٛز پنن ہمسایہ، یتھ لیک فاریسٹ ونٛنہٕ چھ یوان، ناراض۔
6714,یہ ٲس 2007 کِس ورجینیا ٹیک قتل عامس تام سکوُلس منٛز ساروٕے کھۄتہٕ مٗہلک گولہٕ بٲری ۔
6715,برونا گٗزرٮ۪و 16 فروری 2017  دوہ اٹریچٹس منٛز 89 وریہہ  وٲنٛسہ منٛز ۔
6716,زیادٕ تر چارجر ہیکو وال پلگ، یو ایس بی پورٹ، تہٕ کار چارجنگ پورٹ تام  کہ ذریعہٕ اِستعمال کٔرتھ۔
6717,90% کھۄتہٕ زیٛادٕ کھلٲڑِ چھ کنیڈیٲیی  تہٕ مقٲمی امریٖکی  آسان۔
6718,عام طور گژھ یِہ تقریب بالغ گژھنہٕ برٛونٛہہ کرنہٕ یِنہِ۔
6719,اتھ منٛز اوس سکائپ  ذٔریعہٕ کمل سنٛدِ  تقریرُك  ویب کاسٹ شٲمل۔
6720,شاہ ہینہٕ چین مژھن  ہنٛز کمزوری چھ مؤثر طریقہٕ ژاس كرنٕچ  صلٲحیت خراب کران، یمہٕ سۭتہِ شیشہِ نارین منز خٲرِج رطوُبت  جمع گژھان چھٗ ۔
6721,"اگر کٕنَن وول وُنہِ تہِ تۄہہِ رٲضی کرنس پیٹھ زور چھُ دِوان، تیٚلہِ پیٚیَو تۄہہِ مداخلت کَرٕنۍ۔
"
6722,قۄدرتی اجارہ دارن ہنٛزن مثالن منٛز چھ عوٲمی افادیت یتھ کٔنۍ زن آبچ خدمات تہٕ بجلی شٲمل۔
6723,یہ چھ  وولفسبین یا ایوروپین یِو ہِوین باقٕیہ  کٗلیٚن منٛز تہ لبنہٕ یِتھ ۔
6724,"سی این این-آٮٔی بی اینکہِ راجیو مسندن دژ فلمہ 4/5 ریٹنگ تہٕ وونُن اتھ  ""پانس دریافت کرنک غیر معمولی سفر""۔"
6725,"ہندوستانَس مَنٛز چھِ سائیکلنگ ہُنٛد تاریٖخ 1938 پٮ۪ٹھیہ شروع گژھان ، تہٕ  سائیکلنگ فیڈریشن آف اِنڈِیا  چھِ یہِ کھیل چلاوان۔
"
6726,کارڈس یا لفافس منٛز نقد رقم تھاوٗن چھٗ کٲنٛسہِ پو٘ن٘سہٕ  دِنٗک سارِوی کھوتہٕ رٮ۪وٲیتی طٔریقہٕ۔
6727,سہ گوٚو أمس وچھنہٕ خٲطرٕ شروع مگر تمہِ سندِ واتنہٕ برونٹھیہ گو تس بویہِ مرِتھ ۔ 
6728,ڈومینیکا وَرٲیی چِھ سٲری ملک کامَن وِٮ۪لٕتھ دٲیرس منز ۔ 
6729,جوونٹِن گوٚزرِیٚو 28 مئی 2019، 91 ؤریہہ  وٲنٛسِہ منٛز۔
6730,واریاہ لکھ چھ سونٛچان ز ڈپریشنک مطلب چھ ز اکھ نفر چھ صرف واریاہ غمگین۔
6731,کاسٹرانووا کاسٹرانووا چھ ڈولج کاؤنٹی ، رومانیہ ہک اکھ کمیونٹی ۔
6732,فلسفہٕ دانو چھ دۄگنہٕ اثر اصوٗلک مطالعہ کرنہٕ خاطرٕ ٹرالی ہنٛد مسلہٕ استعمال کوٚرمت۔
6733,سینٹرل  ٹایم زونٗک ساروی کھۄتہٕ بوٚڑ شہر چھٗ میکسیکو شہر۔
6734,مختلف موقعن پیٹھ چھُ مختلف رقمن ہُند ضرورت پیوان۔
6735,"تٔمۍ لیوٗکھ، ""رناوت، ییٚمۍ فلمہ منٛز پنن ڈائیلاگ لیوٗکھمٗت چھ، چھ اکھ کردار غیر متزلزل جذبس تہٕ جوشس سۭتۍ بناوان""۔"
6736,آختہ  چھ عمومن گریلو پش یوان کرنہ یِم نسل بڑاونہٕ خٲطرٕ چھنہٕ۔
6737,"شمسی کیلنڈر چھُ آسام، اتر پردیش، کرناٹک، مغربی بنگال، بہار، جھارکھنڈ، تامل ناڈو، کیرالہ، اوڈیشہ تہٕ ترِ٘پوُرہ ہِوین ریاستَو دٕسہِ  مناونہٕ یِوان۔
"
6738,پادٕرِ چِھ اکثر تِہنز کٲم کرنٗک اجازت میلنہٕ برٛونٛہہ مٗقرر کرنہٕ یوان ۔
6739,پرٛٮ۪تھ ؤریہ چھ 50 ملین پٮ۪ٹھہٕ 100 ملین لکن ڈینگو تپھ کھژان۔
6740,اِنٛڈِیَن کونٛسٕلز اٮ۪کٹ 1861 ہن انہِ كون٘سلن ہندِس بناونس منز وارِیاہ تبدیلی ۔
6741,وِٹامن اے چہِ کٔمی (وی اے ڈی) سۭتہِ رٲژ ہُنٛد اوٚن  چُھ أچھنخٲطرٕ کم گاشس سۭتہِ ویپنہٕ باپت اكھ واپس تبدیل گژھن وول مٗشكِل ۔ 
6742, بۄنہ کنیہ درج چیرا چھ پرانانورو مجموعہٕ پیٹھہٕ زاننہٕ آمتۍ (کینٛہہ ناو چھ دُہرٲوِتھ)۔
6743,اکھ ایپ تہِ چھٗ ، ہیلو والیٹ، یس امہ قٕسمٗک کیلکولیٹر پیش کران چھٗ ۔
6744,"تاہم، کینٛہہ چِھ باقی جاین تِہ بولنہٕ یوان، یِتھ کٔنۍ زَن یورپ۔
"
6745,اجلاسٗك  نتیجہٕ اوس امریکی آئینچ تشکیل ۔
6746,"سکھ مت، عیسٲئیت، بٗدھ مت تہٕ باقی مذہب چھِ باقی حصہٕ بَناوان۔
"
6747,1946 ہَس منٛز، ییٚلہِ صدر مِینر ہیمن اِستیفا دِیُت، پارلیمنٹن ژور  پاسیکِیوی تٔمہِ سُنٛد جانشین ۔
6748,ایلیسنس لٔگہِ پننہِ گۄڈٕنچ  ناول لیکھنس لگ بگ دہ ؤری ۔
6749,یہ کیٛاہ زبردست سفر اوس! مےٚ اوس نہٕ زانہہ سوچمت ز یہ لۄکٗٹ کاربار کرِ  بازرس یوتاہ متاثر۔
6750,2011 پیٹھہٕ چھ یم تھامسن رِیوٹٕرسٕکۍ حصہٕ۔
6751,ڈِ کنسٹر٘کشن ریکارڈس چھٗ ارِسٹا ریکارڈسن  حٲصل کورمٗت ۔
6752,ٹیمن كین  کوچن  راؤل لوزانو، مارکو بونٹا تہٕ بوگڈن وینٹا ہس اوس 19 جٗلایہ تام پنین روسٹرن ہٗند عیلان كرنیہ ۔ 
6753,دادا صاحب پھالکے چھ بٔڑس پیمانس پیٹھ ہندوستٲنۍ سنیما ہک مول ماننہٕ یوان۔
6754,جدید ریسنگ ناوَن منز چھِ کھوٗر کاربن فائبر ہیو  موادٕک مرکب سۭتۍ بناونہٕ یِوان یُس تِمَن لوٚت چھُ بَناوان۔
6755,अमि वजह किनि छुनॅ  मिशीन  कोड लग बग जांह बतोर प्रोग्रामिंग ज़बान  इसतेमाल सपदान .      
6756,واریاہ افواہ آسہٕ زِ بلیئر سٕنٛز خانٛدارنۍ، چیری ٲس اتھ اقدامس پتہٕ۔
6757,امہ سۭتۍ چھ کیٚمین ہندِ ابتداہک   تٲریخ سلورین یُگس تام واتان۔
6758,"یہِ چُھ سٔتمہِ صٔدی ہِنٛدِس کَنہِ ژٔٹِتھ گۄپھہِ ہِنٛدِس منٛدرَس خٲطرٕ زاننہٕ یِوان، یَتھ منٛز تامِل برہمی خوطبہٕ چھُ، یُس قومی اہمیت کیو یادگارَو منٛز اکھ چھُ یِتھ کٔنۍ زن آرکیالوجیکل سروے آف انڈیاہَن اعلان کوٚرمُت چھُ۔
"
6759,آتھوارِ دۄہ رٲژ پیوٚو کاپر ماؤنٹین تہٕ ویلَس پٮ۪ٹھ اَکھ ٲنٛٹ شیٖن، یُس پیشَن گویی کھۄتہٕ اَکھ یا زٕ آنچِہ کَم اوس۔
6760,"1614ہس منٛز  كٕر لگ بگ 20,000 فوجن ہِنٛز قیادت كران خُرَمن میواس خٕلاف مُہِم شُروٗع۔ "
6761,ہِنٛدُستانن زیٛوٗن فاینلس منٛز ایرانس 44–26 سکور لاینہِ سۭتہِ شِکست دِتھ ٹورنامنٹ، یَتھ منٛز ہِنٛدُستٲنہِ دِفاع ہن  ایرٲنہِ  دِفاع پتھ تر٘وو ۔ 
6762,فہرستس منٛز شٲمل دوا گژھن حٲصل کرنہٕ خٲطرٕ سہل ، تہٕ سستہٕ آسٕنۍ۔
6763,پنٛنٮ۪ن گرکٮ۪ن سۭتۍ زیٛادٕ وقت گزارنہٕ خٲطرٕ گوٚو سہ باسکیٹ بال نش 2000 سس منٛز سبکدوش۔ 
6764,"ڈانس انڈیا ڈانسَس منٛز حصہٕ نِنہٕ وٲلہِ چھِ معاون کِردارَن منٛز وُچھنہٕ یِوان۔
"
6765,یہ یادگار چھےٚ میدانس منز واقع تہٕ یہ چھےٚ کولکتہ چٮ۪و مۄشوٗر یادگارو منٛزٕ اکھ۔
6766,کنجکٹِوا چھُ اکھ ٹِشو یُس اچھ ٹارِین انٛدَر پرتھ بناوان چھُ تہٕ سکلیرَس بچاوان چھُ۔
6767,امہ پتہٕ چھےٚ وارٕ وارٕ منتقلی صحت یاب گژھن وٲلس مرحلس منٛز گژھان، یس عام طور أکس پیٚٹھٕ ژۄن ہفتن تام روزان چُھ۔
6768,کارنر شاٹک جٲیزٕ نیُو برطانوی وزارت دفاع ہن  ۔
6769,واریاہ شہر چھِ گۄڈَے  منز جٗلائی چہِ گرمی ہنزِ لٕہرِ منز  بجلی بند گژھنہٕ کِنہِ جدوجہد کران چھِ ، خاصكرِتھ  نیو یارک شہرس منٛز کوئنز تہٕ سٹیٹن جزیرٕ ۔
6770,پننس تجٲرتی پلیٹ فارمس تام واتنہٕ باپتھ کٔرو آن لاین یا پننس بروکرس فون، یہ چُھ اتھ کتھ پؠٹھ منحصر زِ تُہۍ کِتھ کٔنۍ چِھو سیکیوریٹیزن ہنٛد تجارت کران۔
6771,"لیپیڈوپٹیرا خاندانن پیٹھ مائٹ یا میملن تہٕ پرندن پیٹھ پِش چِھ رٕژٕ مثالہٕ۔
"
6772,بدلٕوٕنس وقتس سۭتۍ، یتھ کٔنہِ  یہ رقصٕچ صوُرت  ستراس  پٮ۪ٹھٕہ سٹیجس پتام آیہ ، رقصٕہ كین  پۄشاکن ہننٛدِ نموٗنہٕ تہٕ مواد بدلییہِ ۔
6773,پرٛیتھ تفصیلس  پیٹھ دیو٘ توجہ-یتھ منٛز تہنٛدس رٲبطس منٛز ینہٕ وٲلس پرٛیتھ مٗلٲزم سنٛد ناو تہ شٲمل چھ، تمو٘ كیاہ چھُ ژھٗنمٗت مصنوعات کِتھِ چھِ ۔ 
6774,"ابتدٲئی تبدیلین منٛز چھِ نیورل ٹشوُ ہچ  سپونجی فارم حالت شٲمِل،  تہٕ سۭتۍ ریشَن ہٕنٛز ورم تہٕ ٹشوُ ہن ہنز كمی تہِ ۔
"
6775,یہِ چھُنہٕ واضح زِ کٲتیاہ کھلٲڑۍ چھِ مردَن ہٕنٛدِس زمرَس منٛز تہٕ کٲتیاہ چھِ زنانَن ہٕنٛدِس زمرَس منٛز حصہٕ نِوان۔
6776,ارمالائی گۄپھ چھےٚ امہِ کیو٘   ہِنٛدُستٲنہِ گۄپھہٕ ژِتھرو  باپت  مشہوُر۔
6777,بہٕ چُھس پننہِ ملکک داخلی تحفظ یقینی بناونہٕ باپت سنجیدگی سان تہ مضبوط اِرادٕ کَران زِ بہٕ نِمہٕ اتھ منٛز حِصہٕ۔
6778,ایلاتھور، کینولی نہر تہٕ دٔریاو کلائی چھِ ناو چلاونٕچ تہٕ سیاحتی مقامن  ہنز پسندیدٕ جاے۔
6779,وننہٕ چُھ یوان زِ ٹرنیڈیڈین فٹ بالر ڈوائٹ یارک اوس پننِہِ یا  کرکٹنگ لیجنڈ برائن لارا سندِ  کھوتہٕ بیکم سنٛدِس انتخابسۭ پیٹھ ناراض ۔
6780,یہٕ چُھ شُمال مشرقی ہندوستانس منٛز ساروٕے کھۄتہٕ زیادٕ وٕچھنہٕ ینہٕ والیٚن حسن نمایی مقابلن منٛز اکھ ۔
6781,اورل آیورمیکٹِن چُھ خٲرِش ختم کرنس منٛز کارگر ، اَکثَر اَکی خۄراکَہٕ سٕتہِ ۔
6782,ابتدٲئی دۄہن منٛز ٲس نہٕ قٲعدٕ زانٛہہ واضح۔ گوڈنکیو  ٹورنامنٹو  منٛز اكِس منز اوس نہٕ وزنٗك تقسیم تہٕ ساریویہ حریفو لو٘ڈ توتام یو٘تام اكوٗیہ پتھ روُد ۔ 
6783,"یہ فلم آیہ 7 فروری 2014 ریلیز کرنہٕ تہٕ کٔرن پوٗرٕ دنیاہس منٛز تقریباً 620 ملین روپیہ (8.1ملین امریکی ڈالر) جمع۔
"
6784,سُہ گوٚو  تھوک کاغذ فروش ای  روُٹ اینڈ کمپنی باپت کٲم کرنہِ۔
6785,"یوٗتاہ شہر بڑیٛوو اکھ بوٚڑ بازر بنیٛوو زیٛادٕ اہم۔
"
6786,اتھہِ ؤرِیس دوران آو اکھ لۄکٗٹ زرعی میلہ شروٗع کرنہٕ ۔
6787,"دِلی بس ریپڈ ٹرانزٹ سسٹم چھُ امبیڈکر نگر تہٕ دِلی  گیٹس درمیان چلان  ۔
"
6788,1971 تھس مَنٛز قومیاونہٕ چِہِ مٗحِمہِ ہندِ تٲیدٕ سٕتہِ بییہ ژارنہٕ یِنہٕ پتہٕ قومِیٲوِ  اندرا گاندھی کولہ ، فولاد ، ترٛام، ریفایٚنگ، سوتی كپٗر تہٕ بیمہٕ چہِ صنعتہٕ ۔
6789,تعطلس متعلق قٲعدٕ آیہٕ 19 مہ صدی کِس اوایلس منٛز حتمی شکل دینہٕ۔
6790,"1929 ہس منٛز پنٕنۍ سیٹ ہارنہٕ پتہٕ کٔر تٔمۍ 1931ہس منٛز یہ دبارٕ حٲصل۔
"
6791, ژےٚ بٮ۪ہیہِ ز اکھ روبوٹ ہیٚکہ پٕزِ  پٲٹھہِ روبکس کیوب حل کٔرتھ؟
6792,فلسفس متلِق قٲبلِ ذِکر پال تحریرن  منٛز چھٗ گوڑاپدا سنٛد اگھم شاستر، شریدھر بھٹ سنٛد نیایہ  کٗنڈلی تہٕ بھٹ بھاودیو سٗنٛد کرمانٗشٹھان پدھتی شٲمل۔
6793,"شینٕہ  لٲن  چھےٚ سِکھِمس منٛز 6,000 میٹر (20,000 فٹ) پیٹھٕہ لداخس منٛز لگ بگ 3,000 میٹر ( 9,800 فٹ) تام آسان ۔"
6794,ڈی ایس: تہٕ بہٕ چھس یکیا- بہٕ چھس ییٚتہ۔ تہٕ بہٕ چھس ترہران۔
6795,سی وی ایس چھ شرؠن منٛز زیادٕ آسان، مگر یہ ہیٚکہ کنہ تہ وٲنٛسہ منٛز گٔژھتھ۔
6796,اُنی کرشنن مٗکٗندن نییر، یُس عام طور  اُننی مٗکندن نٲوِ  زاننہٕ یِوان چھُ   ، چھُ اکھ ہندوستٲنہِ  اداکار یُس زیادٕتر  ملیالم سنیماہَس منٛز کٲم چھُ کران۔
6797, اصلی میٖٹنٛگہِ پتہٕ، پَزِوٕ تۄہہِ پنٛنہِ وتیرٕ چہِ بہتٔری پٮ۪ٹھ کتھ کرنہٕ خٲطرٕ اکھ مزید  میٖٹنگ بٗلاوٕنہِ ۔
6798,ٹی بی کِس  بچاوس منٛز چُھ زیادٕ خطرس منٛز روزن والین ہنٛز سکریننگ، معاملن ہنٛد جلدی پتہ لگاون تہٕ علاج، تہٕ بیسیلس کیلمیٹ گورین (بی سی جی) ویکسیٖن سۭتۍ ویکسنیشن شٲمل۔
6799,أكھ اوس  گامن ہِنٛدِ معاملہٕ،  یقینی  آپٲشیی  ، زٔمیٖنٕچ مِلکِیت ہٗند اندراج، اَوزارن ہنزِ فراہمی پیٹھ  نظر گٗزر ، شِکار كرنس  پیٹھ زور، لٔکرِ ہِنٛدیٚن پٲداوارن  تہٕ ونن  مٗتعلق  قونوٗن ، تہٕ  تَنازن ہُنٛد فٲصلہٕ ہِوین معملن ہٖٗند اِنتظام  وٗچھان ۔ 
6800,نٔوِس دورس منٛز چھُ ترانہ ہُک تعلق عام طور  گلوکار عامر خانس سۭتۍ، ییٚمۍ یہِ مقبول بناونس منٛز مدد دیُت تہٕ امہِ کِس شروٗعاتس تہٕ اتھ منٛز استعمال سپدن والین بولن پیٹھ تحقیق کوٚر۔ 
6801,لوٗکو ووٚن تٔمِس تہٕ ؤزیٖرِ داخلہ روڈریگو ہنزپیٹرَس زِ حکوٗمتہٕ طرفہٕ دِنہٕ آمٕتۍ میڈیاگوا، یا لۄکٕٹۍ مکان چھِنہٕ آب تہٕ نٔمی رُکاوان۔
6802,جیوتی راؤ پھولے اوس 19 مہ صدی ہندس دویمس حصس منز مہاراشٹرا علاقس منز سمٲجی اصلاحک علمبردار۔
6803, अतारी 2600 जारी करनॅ विज़ि आसॅ नव गेमॅ दसतियाब.  
6804,"یہِ چھُ نقد امدادُک پروگرام یُس تۄہہِ کینژس کالَس  ضرورت پورٕ کرنس منٛز مدد ہیکہِ کٔرِتھ۔
"
6805,"گُڈ فرٛایڈے چُھ آسٹریلِیا کیٚن تمام رِیاستن تہٕ علاقن منز  رِیٲستی تہٕ علاقٲیی  قونوُنن تحت چُھٹی ۔
"
6806,سہٗ اوس 2010 پٮ۪ٹھہٕ 2014 ہَس تام ورجنیا ہٗک 71 تھِم گورنر۔
6807,اَمہِ ذٔریعہٕ ہیٚکِو تو٘ہہِ  پَلون سۭتہِ رلوٗن کانٛہہ خاص چیٖز ژھانٛڑنس  تہٕچھیكرس  لاگنس ترغیب میلِتھ ۔ 
6808,از چھ ساروٕے کھۄتہٕ بوٚڑ کوریج علاقہٕ تہٕ گرا BSNL سۭتۍ۔
6809,یوگ روٗد پوٗنٛژمہِ تہٕ شیٚیِمہِ صٔدی قبل مسیح دوران قٔدیٖم ہِنٛدُستان کیٚن سٔنِیٲسی تہٕ شَراما تحریٖکن منٛز اَکہِ منظم مُطالعہٕ تہٕ عملہِ ہِنٛدِۍ پٲٹھۍ ترقی کران۔
6810,اییمیٹوفوبیا ایمیٹوفوبیا چھٗ لوُكن  منٛز باگ  در٘وكھ یِنٗك یا در٘وكھ یوان  وٗچھنٗك خوف ۔
6811,تِم جایہٕ آسہٕ زرعی قصبہٕ، مگر دویمہٕ جنگہٕ عظیمہٕ پتہٕ بنییہ رہٲیشی۔
6812,ٲخٕر کار کوٚر آٮٔی او سی ین راتھ اعلان ز مشالہِ ہنز وتھ ترِ نہٕ تایوان مٕنزِ ۔ 
6813,"1990–91 کِس رنجی سیزنس منٛز ووت ہریانہ چیتن شرما سٕنٛزِ بالِنگ تہٕ امرجیت کیپی سٕنٛزِ بیٹنگ ہِنٛدِ کارکردٕگی سۭتۍ سیمی فاینلس تام۔
"
6814,"قرض ادا کرنَس منٛز مَہ ہٲوِو یوتاہ جنوُن زِ تۄہہِ روزِ نہٕ بڈس تصویرس پیٹھ نظرٕے۔
"
6815,أمس چھ اکس غیر متعلقہٕ معاملس منٛز بٔڑس پیمانس پیٹھ ژوری ہنٛز کوشش، اونگٕج ہنٛد واقعہ، تہٕ بٔڈ سَن ہیتھ  تہ بییہ اکس بے تعلق کیسس پیٹھ  ۔
6816,اَمہِ فلمہِ زِیوٗن اکتوبر 2012 ہَس منٛز کینزَس منٛز ایم آٮٔی پی جونیئر کِڈز جِیوری ایوارڈ تہِ۔
6817,کینٛہہ پردیی، یتھ کٔنۍ ٹچ سکرین، چھ ان پٹ تہٕ آوٹ پٹ دۄشوٕنی خٲطرٕ کٲم کران۔
6818,مثال پٲٹھۍ، اگر تُہۍ سپلائرس سۭتۍ معاہدس پیٹھ تنازٕ گژھہِ تہِ تُہۍ أسِو نہٕ ذٲتی طور  پننہِ کمپنی ہند طرفہٕ تِمَن پیٹھ وٲجب الادا کُنہِ فیس یا پونٛسہٕ ہنٛد ذمہٕ دار۔
6819,"سِکینگ ٹورنامنٹ چھِ پرٛٮ۪تھ ونٛدَس منٛز گلمرگ تہٕ منالی منٛز گژھان۔
"
6820,ایونٹ منیجر سنٛز منسوخی تہٕ رقم واپسی ہنٛز پالیسیہٕ چھ درحقیقت میانہ توقع کھوتہٕ زیادٕ معقول۔ کانٛہہ غیر متوقع تبدیلی ینہٕ کس صورتس منٛز چھ یہ میٲنس ذہنس راحت واتناوان۔
6821,شاید، ٹایٹینوسار ٲس بڑن تھروپوڈسن ہنٛد اہم شکار۔
6822,بجٹ تہٕ مٲلی منصوبہٕ بندی بنٲیِو اکھ تژھ سرگرمی یۄس تُہۍ یکوٹہ کران چھِو۔
6823,ہیروگیٹ چھ شمٲلی یارکشائر ، انگلینڈس منٛز اکھ سپا ٹاؤن ۔
6824,فروری 1948 منز آیہ أکس وقتی معاہدس پیٹھ دسخط کرنہٕ۔
6825,ساونڈ ٹرٛیک البم اۄس ہمیٚش ریٚشمیا تہٕ میٖٹ برادٲرس انجنن ترتیٖب دیتمت۔
6826,2000 کِس دہلِہ کِس ٲخٕرَس منٛز آو اتھ ادارَس پیٹھ تنقید کرنہٕ۔
6827,"ایف کے ساراجیوو - ایف کے ساراجیوو چھُ اکھ فٹ بال کلب یُس بوسنیا تہٕ ہرزیگوویناہَس منٛز گِنٛدان چھُ۔
"
6828,بۄنہٕ کَنہِ دِنہٕ آمُت فہرِست چھُ انسائیکلوپیڈیا اندراجات خٲطرٕ یِم موٗجوٗدٕ بنیادَن پیٹھ واقعاتَن بیان تہٕ وابسطہٕ چھِ
6829,اگرچہٕ دورِ ہنٛدِس مستقبلس متعلق خدشہِ چھِ، اموری وون زِ یہِ واقعہٕ روزِ مستقبلس منٛز تہِ جٲری۔
6830,"مگر سِکھ رہنُماہن سۭتۍ مُلاقات کرنہٕ پتہٕ کوٚڑ تٔمۍ یہِ نتیجہٕ زِ تٔمِس ہیٚکہِ ""دوٚیِم درجک"" سِکھ درجہٕ میلِتھ۔
"
6831,لینکس چھ صرف کٮ۪نٛہن خیالاتن تہٕ کمانڈن ہنٛد ناو مشترکہٕ کران۔
6832,متعلقہ سازٕآلہ  آسنُک مقصد چھُ راگٕچ پیروی کرنہٕ تہٕ تال برقرار تھاوتہٕ کھوتہٕ واریاہ علاوٕ۔
6833,بہٕ گوس  ژكھہِ  ییٚلہ مے  سٗست انٹرنیٹ کنیکشن کہ وجہہ سۭتۍ  دفتر کس اجلاسس منٛز کتھہِ  باتھہِ ہٖند رفتار راوان گو٘ ۔
6834,ایوٹی زاو 28 جون 1968 ہس منز نیشوا، نیو ہیمپشایرس منٛز۔
6835,مورفی سنز کامیٲبی چِھ شاندار حملن تہٕ ٹھوس حکمت عملی ہنٛد امتزاج سۭتۍ وۄتلیمژ۔
6836,1 جنوری 2020 منز بنییہ میونسپلٹی ملاڈرز چورک حِصہٕ ۔
6837,سُویٖٹ آبشار، یتھ مقٲمی بولہِ منٛز کشاید وایتن تہِ چھِ وَنان چھُ شیلانگُک اکھ آبشار۔
6838,"2020 منٛز تھوو تٔمہِ  مرزا پوٗر سیزن 2 منٛز گڈوُ پنڈت سُنٛد پنُن کِردار جٲری۔
"
6839,أمس چھ بسنٕچ تہٕ پنٛنس عیالس سۭتۍ روزنٕچ جاے میلیمٕژ۔
6840,ریٹومیر ڈوجکووچ سٕندِ  ٹیمٗک آف سائیڈ زال اوس تر٘وش تہٕ آو پانژی مِنٹہِ پتہٕ پھٗٹراونہٕ ۔ 
6841,یہٕ چھ پارٹیشنن پیٹھ فائل سسٹمس سٕتۍ تہٕ استعمال گژھان ۔
6842,جوڈوین چھُ بیلجِیَم کس صوبہ والون برابنٹُک اکھ بلدیٲتی علاقہٕ۔
6843,ول فیرل چھ خاکس منٛز أکس نفرٕ سنٛد پٲٹھۍ ہاونہٕ آمت یس کاو بیل وایان چھ۔
6844,"سدووا چُھ اکھ کمیون یُس سوسیوا کاؤنٹی، رومانیہس منٛز لبنہٕ چُھ یوان۔
"
6845,اگر تٔمہِ یا تمہِ  گۄڈَیہ  ووٚنمُت چُھ کُس چیٖز یا خدمَت چھِ کٕننہٕ یِوان، توہہِ  ہیٚکِو  یہِ ذٲتی بنٲوِتھ ۔ 
6846,200 کھوتہٕ کم گوفر سرور چھ ونہٕ تہٕ فعال پٲٹھۍ برقرار تھونہٕ آمتۍ ۔
6847,تِمن چھِ زٕ شٗرِ ، جیکسن جیمز سنائڈر تہٕ ریوری وِیوان سنائڈر ۔
6848,ایکسور این۔وی چھ اکھ ہولڈنگ کمپنی یوس اطالوی اگنیلی خاندانس تحت چھ کٲم کران ۔
6849,پلوسکر سٕنٛدِ ہم كال تہٕ کُنہِ وِزِ حٔریٖف وشنو ناراین بھاتکھنڈے ہن کرِ ہندوستٲنہِ  کلاسیٖکی موسیقی ہٕنٛدس ڈانٛچس منٛز پٲدٕ سپدن والہِ  واریاہ تناٰضہٕ  تسلیٖم۔
6850,تجٲرتی ناکٲمی چھےٚ سۄ پٲداوار یۄس نہٕ کانٛہہ مقصد پوٗرٕ کٔرتھ ہیٚکہ ۔
6851,توٲریٖخ دان ایٚس. کرشناسوامی آینگرسٕندِ مُطٲبق  ٲسۍ پلاو ٹونڈایی منڈلمٕکۍ بسکیٖن در تہٕ پلاو ناو چھٗ ٹونڈایار لفظس ہیٛوٗ۔
6852,أتھۍ منز دیت ہندوستان چہ آزٲدی تہٕ جمہوریت کہ طرفہٕ سکمن أکس نٔوس سیٲسی تحریکس زنم، ییٚمہ سۭتۍ سکم اسٹیٹ کانگریسٕچ تشکیل سپز، یۄس الحاق حٲمی سیٲسی جماعت چھےٚ۔
6853,تاہم، باقی سٹوریج ڈیوائسن ہنٛدۍ پأٹھۍ ہیٛکن تِم کمپیوٹر وائرس پانس سٕتہِ پکنٲوِتھ ۔
6854,"پرٲنِس انگریزی یس  منٛز، اوس اتھ دۄہس  ""لانگ فرائیڈے"" وننہٕ یوان، تہٕ امہ اصطلاحٕکہِ  مساوی چھِ وٗنہِ تہ سکینڈینیویٲیی   تہٕ فینیشس زبانن منٛز استعمال سپدان۔"
6855,أمِس ٲس ایل جی بی ٹی کمیونٹی ، کنزرویٹوز تہٕ لبرلن یکساں پٲٹھۍ شکست دژمٕژ ۔
6856,"سنہٕ٢٠١٩منز، آو سی بی اؠس
کارپوریشنس تہٕ وَیٛاکمس پانہٕ وٲنۍ میُٛل کرنہٕ"
6857,"ڈارلِنگ ٲس ڈَبلِن، آیرلینڈس منٛز روزان، ییٚتہِ تٔمہِ پننہِ پیشورانہٕ زِندگی مُتعلِق واریاہ کِتابہٕ لیٚچھہِ۔ 
"
6858,ربات تہٕ ہمسایہ سالے گٔیۍ 1627 منٛز رِپَبلِک آف بو ریگریگ بناونہٕ خاطرٕ متحد۔
6859,تِم ٲسہِ الہٕ پلہٕ پٲژمہِ  تہٕ شیمہِ صدی منٛز بناونہٕ آمٕتہِ ۔
6860,واریٛاہ مخصوص بٮ۪مارِ چھِ سیٚو٘د یا بِلا واسطہٕ پٲٹھہِ مزاحمتی تدورٗكس كم كرنٗك سبب بنان ۔
6861,یہِ آو  1984 منٛز برطانوی ٹیلی ویژن سیریز دی جِویل اِن دی کراونَس منٛز تہِ وٗچھنہٕ ۔
6862,مرکزی زیر انتظام علاقہٕ جموں و کشمیرُک انتظام چھ ہندوستان کہ آئین کس آرٹیکل 239 کین پراوِیجنن  تحت کرنہٕ یوان۔
6863,سٗہ گو٘ کوکینٗک غلط استعمال رٗکاونس منٛز کامیاب ، یتھہٕ کٔنہِ برونہہ سِٹِلن كورمٗت اوس ۔
6864,تمن اوس کینیبنکپورٹ ، مینس منٛز اکھ بوڑ مکان تہٕ۔
6865,ایكول پے ایكٹ اوس  بطور غٲر مساوی تنخواہ کہِ  حل کہِ حصہٕ كہِ غرضہٕ  ۔
6866,"بھوٹیریا چھُ حویلی منٛز واپس یِوان تہٕ حویلی ہٕنٛدۍ اصلی دستاویز واپس کران تہٕ چھُنہٕ زانٛہہ تہِ دُبارٕ واپس یِوان۔
"
6867,اگر نہٕ تہنٛد آجر رٹایرمینٹ پلان پیش کران آسہ، فکر مہ بٔرو۔
6868,یہ چھ ویڈیو گیمہٕ براہ راست نشر کرنس پیٹھ توجہ دوان، یتھ منٛز ای سپورٹس مقابلن ہنٛز نشریہ تہ شٲمل چھےٚ۔
6869,لۄکٹین شرین ہیکن ژوپ ہیٛتھ اگر تم ہونس کن پکن یا أمس سۭتۍ گنٛدن۔
6870,اکھ انک جیٹ پرنٹر چھ کمپیوٹرن خٲطرٕ اکھ پرنٹر ۔
6871,"یِم مدرَسہٕ اَتھ منٛز شٲمِل چھِ آسان تِم چھِ پنٛنیٚن طٲلِبہِ عٔلِمن ہِنٛدِ خٲطرٕ واریاہ عملِن ہُنٛد اِنتِظام تہِ کَران۔

"
6872,یہ نیل مونٛدٕچ ہیٚکہ نستہِ پیٚٹھٕ پٔتمہ اندس تام 1.9 پیٚٹھٕ 5.6 سینٹی میٹر زیٖٹۍ گژھِتھ۔
6873,گاون ہُنٛد پریڈ اوس ارجنٹینا ، برازیل تہٕ میکسیکوہس منٛز تہِ ۔
6874,"الٹرا وایلیٹ گاشَس سۭتۍ میلِتھ آیسوٹریٹینائن اوس سورائسیسُک علاج کرنہٕ خٲطرٕ کارگر ہاونہٕ آمُت۔
"
6875, 1980 منز وُچھ تٕمۍ زِ سہُ اوس نہٕ صِرِف لیگ كٹر پننیہ مرضی کٔرتھ ہیكان ۔۔
6876,چینٕکۍ کانہٕ چھِ دُنیاہَس منز ساروِی کھۄتہٕ خطرناک؛ الجزیرہَس مطابِق چھِ پرٛیتھ وریہِ واریاہ ساسہٕ بٔدۍ کان کُن حادثَن منٛز ہلاک گژھَان۔
6877,کیمڈن کاونٛٹی چُھ مقٲمی البیمارلے کمیشنُک حصہٕ ۔
6878,پرتھوی راج وجا چھٖٗ ونان زِ أمِس ٲس  6 زبانن پیٹھ مَہارت ؛ پرتھوی راج راسو چھٗ دعوا كران زِ تمہِ ہیچھہِ  14 زبانہٕ  یہِ زن تھیكٗن باسان چھٗ ۔ 
6879,کلان ورکے چھُ کیرالا کہِ اکہِ لۄکٹہِ دِہٲتۍ گامُک کُنُے پُج۔
6880,"امہِ فِلمہِ ہُنٛد ساز دیُت ڈِوو Sachinâ€ "" جِگر ییٚلہِ زَن مِصرعہٕ امیتاب بَٹاچاریا، پرِیا سارِیا تہٕ آشِش پنڈِتن دیُت۔ "
6881,مےٚ چھےٚ کھہن منٛز جان کوج ژھارنچ فکر۔ برابر خوراک ورٲے کٲم کرٕنۍ چھےٚ مشکل، تہٕ پٔتۍمہ ؤریہ گوٚو کینژن  مزُورن غش۔
6882,"وِکِپیٖڈیا مَضموٗن براؤز کرنٕکہِ تہٕ ژھارنٕکہِ چھِ بیٚیہِ تہِ  طٔریٖقہٕ۔ واریاہ ہٮ۪کَو وِکِپیٖڈیا: کنٹیٚنٹٕس  پٮ۪ٹھ ژھٲرِتھ ۔
"
6883,وونہ گو٘ ، کینژن معاملن منٛز ہٮ۪کن یم مسلہٕ رٮ۪تن یا ؤرین تام روزتھ۔
6884,"اتھ وقتس تام ، ییٚلہ 74 وہر اوس، ٲسۍ تمس 65,000 کھۄتہٕ زیادٕ نمونہٕ میلیمتۍ۔ "
6885,"قونوُن چٗ ونان زِ ، پوُرٕ اننگہ دوران، ""بال سٕتہِ  گژھِ  پرٛیتھ أنٛد پیٚٹھٕ  وارِ وارِ 6 بالن ہٕنٛدین اوورن منٛز بالِنگ كرنہٕ یِنہِ۔ "
6886,یہِ تقریب چھے٘ آسٹریلیاہس منٛز وٗچھنہٕ خٲطرٕ سارویہِ  کھۄتہٕ مقبوُل  تقریٖبو منٛزٕ اکھ ۔
6887,اگر تہۍ صرف 3 % حصہٕ دوان چھوٕ، تیٚلہ آسہ تمن اتھ سۭتۍ ہشر۔
6888,"1994 ہس منٛز بڑوو شمٲلۍ کوریاہن ترٛیٚیم منزل شٲمل کٔرتھ پانمنگک۔
"
6889,اِنڈو گریک سلطنتن روو واریاہ مشرقی سرحد گۄڈنِچہِ صدی منٛز مِنندر سٕنٛدِ مرنہٕ سٕتی۔ 
6890,تاہم، یہٕ چھ حقیقی صوُرتحال  حد کھوتہٕ زیادٕ آسان بناونہِ ۔
6891,ڈَلس سۭتہِ نزدیٖکی  سان وابسطہٕ ہاوس بۄٹ تہِ چھِ سِریٖنَگرَس منٛز روزنٕ  جاے فراہم کران۔
6892,لگ بگ تمی وقتہٕ پٮ۪ٹھٕہ ، ییٚلہِ میرٹھس منٛز  گۄڑنِکٮ۪و سپاہو بغاوت کٔر، چھےٚ 1857 کِس  ہندوستٲنہِ بغاوت کِس نوعیتس تہٕ دایرہ کارس پٮ۪ٹھ  بحث تہٕ تردید کرنہٕ  یوان ۔
6893,اکھ أکس مچمی ڈکڈم یا اتم کشما ونتھ چھ معافی مانٛنہٕ یوان۔
6894,بلگیرِیاہس منٛز چُھ بَچن ہُنٛد دۄہ جوٗن کِس گۄڈنِکِہ  تٲریخہٕ  مناونہٕ یِوان۔ 
6895,تٔمۍ اوٚن کالج بالنگ، کالج فٹ بال تہٕ کالج باسکٹ بال میزلو ٹیلی ویژن خٲطرٕ۔
6896,تِہٗند گوڈنِیوٗك پٲداوار ٲس پیشورانہٕ 35 ایم ایم فلم ۔
6897,یہِ چھٗ تۄہہ کٕنن وٲلس سۭتہِ قۭمتس پیٹھ کتھ باتھ کرنٗک یختیار دِوان۔
6898,"سنیپ چیٹٕچ بنیادی کمپنی، سنیپ، Inc یِکۍ أکۍ ترجمانَن ووٚن آتھوارٕ دۄہ، ""أسۍ چھِ تِمَن مُلکَن منٛز مقٲمی قانونَن ہُند تعمیل کرنٕچ کوشش کران ییٚتہِ أس کٲم کران چھِ""۔
"
6899,"کمبرٕچہ أڑجہ پٮ۪ٹھٕ ینہٕ وٲلۍ تمام اعصاب چھ پی این ایس آسان۔
"
6900,اِپوك  گیم پاکٹ کمپیوُٹر آو 1984 تھس منٛز جاپانس منٛز جٲری کرنہٕ ۔
6901,سوپر چھ یونایٹڈ سٹیٹس کہ اوکلاہوما ریاستک اکھ شہر۔
6902,"حالانٛکہ تٔمۍ سٕنٛزٕ تعلیمہٕ آسہٕ اتھ جمٲژ پٮ۪ٹھ نسبتاً معموٗلی اثر تھاوان۔
"
6903,کینژن طرزن منٛز چھ زیٛادٕ تر توجہ قی کس استعمالس پیٹھ آسان، ییٚلہ زن باقین منٛز مسابقتس پیٹھ مرکوز چھ آسان۔
6904,20 نومبر 2007 تس منٛز آیہ سۄ بۄکہٕ وچہ ہٕنٛد انفیکشن کہ وجہ آسنہٕ کنۍ ہسپتالس منٛز دٲخل کرنہٕ۔
6905,آندھرا پردیش، بِہار، گجرات، کرناٹک، مدھیہ پردیش، مہاراشٹر، اڑیسہ، راجستھان، تامل ناڈو، اتر پردیش، تلنگانہ تہٕ باقیو پٮ۪ٹھ چھِ تجٲرتی طورقٲبل عمل گرینائٹ تہٕ باقی کَنہِ ذخیرَن ہُند اطلاع دِنہٕ آمت۔
6906,میچٕچ اکھ قٲبل ذکر خصوصیت، برازیلیٲیی  فارور٘ڈ رونالڈو گو  کھیلہِ منٛز پزن كھوتہٕ ژٕر دِلچسپی ہنز  کمی ظٲہر کران نظرِ ۔
6907,سہ اوس 2007 پؠٹھٕ 2017 تام فن لینٛڈک چانسلر آف جسٹس۔
6908,یِنہٕ والین کینٛژن  ؤرِٮ۪ن منٛز  دَبٲو التٗتمشن بنگالس منٛز بغاوت، گوالیارس پیٹھ کورُن قبضہٕ، وسطی ہندوستانس منٛز كو٘رٗن  پرمارن ہنین  قٲبوٗ کٔرِمٕتین  شہرن بھِلسا تہٕ اٗجینس پیٹھ، ہملہٕ  تہٕ شمال مغربس منٛزٕ ژھنِن خوارزمیاں ماتحت كڈِتھ ۔
6909,تٔمہِ کٔر ایس وی آسٹریا سالزبرگس سۭتہِ بطور  ہینز بیک سٕنٛدِ معاون کوچ  شروُعات۔
6910,ہیرڈزٕچ بنیاد ٲس چارلس ہنری ہیروڈن 1834 منٛز تھومٕژ ۔
6911,پٔتمہِ آتھوارِ دۄہ ہیٚوسٹن ڈائنامو تہٕ نیٚو انٛگلیٚنڈ ریولیوُشنس درمیان میٚجر لیٖگ ساکر کِس 2006 چیٚمپئن شپ گیمہِ ہُنٛد فٲصلہٕ کرنہٕ خٲطرٕ ٲسہِ  نہٕ نَمتھ مِنٹَ زیادٕ ۔ 
6912,ستلج تہٕ راوی چھ پاکستانس سۭتۍ بین الاقوٲمی سرحدٕکۍ کینٛہہ حصہٕ بناوان۔
6913,وہرات چھ جونس منز یِتھ ستمبرس تام روزان یتھ منز لگ بگ 755 ملی میٹر بٲرش چھ پیوان۔
6914,"فلمہِ ہُنٛد منظر نامہٕ  چھُ گریش دھمیجا تہٕ سریش نائرَن لیٛوٗکھمُت۔
"
6915,"मिसाले, विनडोज़ कनट्रोल की ह्नदि अहम  हेदायत  तिहिन्दय्व ईमेक्स बराबरव सॉति बद्लावॅनि.     "
6916,کانٛہہ گول آو نہٕ دِنہٕ تہٕ ٲخٕرکار بدلیو٘ نہٕ امہِ سۭتہِ ارجنٹینا خٲطرٕ کھیلُک نٔتیٖجہٕ۔
6917,کانچی اوس بطورِ  سلطنتُک  دویم بوٚڑ شہر کٲم کران ۔
6918,یمن کھیلن منٛز ہیکن پرٛیتھ ٹیمس منٛز زٕ ، شےٚ یا ٲٹھ کھلٲڑۍ ٲستھ ۔
6919,بہٕ چھس أکس وی سی سٕنٛد طرفہٕ فنڈنگ حٲصل کرنس پیٹھ دنیاہس منٛز ساروی کھوتہٕ خۄش، یتھ منٛز 15 باقین ہنٛد مسترد گژھنہٕ پتہٕ میون اختراعی اسٹارٹ اپ خیال ژارنہٕ آو
6920,یمن تہوارن ہنٛز اکھ مشترکہٕ خصوصیت چھ اکھ مقدس جھنڈٕ لہراون یس تہوار کہ ٲخٕری دۄہ دیوتا وسراونہٕ پتہٕ والنہٕ چھ یوان۔
6921,اتھ کِتابہِ میٖلہِ  کرناٹکا رِیاستی ساہِتیہ ایٚکیڈمی، کرناٹکا سنٛگھ ، شِموگا، تہٕ سِریٖمٔتی گنٛگاما سومپا بومایی پرٛتِشتھان ، دھارواڑ، کرناٹکا  طرفہٕ اعزاز۔ 
6922,ٹیکس پیئرز الائنسٕکہِ چیف ایگزیکٹو میتھیو ایلیٹن کٔر ہیوُجِزس ٹیکس دہندگانن ہنٛدس خرچَس پٮ۪ٹھ عدالتُک وقت ضائع کرنَس پٮ۪ٹھ تَنقید ۔
6923,واریاہن ملکن منٛز یِتھۍ قونون موجود یِمن تحت کٲنسہِ تہِ فوری خطرس منٛز لوٗکن ہٕنٛز مدد کرنچ ضرورت چِھ۔ 
6924,امہ علاوٕ میول زینن وٲلس بیٹریس ماڈلز ایپیسوڈس سۭتۍ بیاکھ اکھ معاہدٕ ۔
6925,یمو  کٹو٘  ہنٛدِ استعمالہٕ سۭتہِ حٲصل کرنہٕ آمٕتِ مثبت ڈبلیو این وی ٹیسٹ  نتیجن ہنز  تصدیق گژھہٕ مٗلكٕچہِ  محکمہ صحت لیبارٹری یا سی ڈی سی یس منٛز مزید ٹیسٹو٘  سۭتہِ کرنہٕ یِنہِ ۔
6926,امہ کس نتیجس منٛز چھ ٲچھ کس سفید حصس منٛز وۄزل داغ آسان۔
6927,مےٚ  وٕچھ ژوٗر پنن گۄڈنیک کُٹھ صاف کران، مگر تمن آسہٕ بجہ بجہ شرٛاکہٕ یمو سۭتۍ مےٚ جانس خطرٕ اوس۔ (شہرۍ)
6928,"تٔمۍ پھٹروو پنٛنِس بٲیس میک سنٛد سکولک براڈ جمپ ریکارڈ۔
"
6929,گپس لینڈ جھیٖلن ہٕنٛدِ آبی علاقہٕ چھِ بین الاقوٲمی رامسر کنونشن آن ویٹ لینڈز کہ ذریع حیفاضتس تل ۔۔
6930,"یتہِ چھِ زیادٕ تر قبٲئلی لوُكھ  روزان تہٕ یہِ علاقہٕ اوس پرٲنِس زمانَس مَنٛز گونڈ بادشاہن ماتحت۔
"
6931,مگر برٛونٛہہ کُن دیُت نہٕ أمۍ کٲنٛسہِ تہِ مٮ۪وٕ۔
6932,سیریز پتہٕ آو نیوزی لینڈُک دورٕ کرنہٕ یتھ منٛز تِمو 29 کِس اَوسَط سۭتۍ 117 رنہٕ کٔرِ۔
6933,اتراکھنڈ کونسل آف منسٹرزک تقرر چھ اتراکھنڈ کہ گورنر سٕنٛد ذٔریع اتراکھنڈ کس وزیر اعلی سٕندس مشورس پیٹھ کرنہٕ یوان تہٕ سہ چھ قانون ساز اسمبلی رپورٹ کران۔
6934,سیلینیم ڈای آکسایڈ چھ اکھ کمزور آکسیڈایزنٛگ ایجنٹ تہٕ امہِ سۭتۍ چھِ نہٕ چیٖزن  نار ہیوان ۔
6935,دلہ منٛز چھِ دہلی ہایی کورٹ تہ۔
6936,"دیما پور جین مندر چھُ ایس ڈی جین سماج دیماپور کِس سرپرستی منٛز۔
"
6937,"بیٹرَن ہنز درجہٕ بندی چھِ اَمہِ مُطٲبِق  یِوان کرنہٕ زِ تِم چھا دٔچِھنہِ اتھہٕ گِندان كِنہٕ  کھو٘ہورِ اتھہٕ  ۔
"
6938,تہنٛز رحمدلی تہٕ رٕژرٕ  سۭتۍ متٲثر گژھتھ کوٚر گروداہن وعدٕ ز سہ رٹہٕ نہٕ ناگ ونشیو نش کانٛہہ تہ قربانہٕ۔
6939,اَتھ خطس منٛز ٲس لَوکچین  بادشٲہِیتن ہندِ دورن  بَجین سلطنتَن جایہ دِژمٕژ ۔
6940,امہٕ بالہٕ تینتالہِ كِس مغربی اندس پیٹھ، امِكِس  سارِویہ بو٘نِمِس  نوقتس پیٹھ چھٗ گۄڈنِیوٗك گوپھہٕ مندر ۔ 
6941,2016 پٮ۪ٹھٕہ چھٗ پرٛٮ۪تھ ؤرِیہ اکھ نوٚو آیی فون جٲری گژھان ۔
6942,تَمہِ وقتہٕ کہِ رٮ۪واج مُطٲبِق اوس برابر رلاونٗك  انتظام جورِ ہٕنٛدِ مول موج كران ۔ 
6943,پیزا چھےٚ اکھ ہنٛدوستٲنۍ زبانہ  ہنٛز ہارر فلم ییٚمیک ہدایت کار اکشے اکنینی چھ۔
6944,رٮ۪وایتہٕ مُطٲبِق چُھ یہِ تہوار ونٛدٕ کِہِ سولسٹِس كہِ  ختم گژھنٕچ ، تہٕ آفتاب كہِ مکرَس منٛز اژنس پیٹھ  آفتابُک  شُمالس کُن شیٚن رٮ۪تن ہُنٛد زیوٗٹھ سفر شروع گژھنٕچ نشاندٕہی کران ۔
6945,"سیٹ زیننہٕ پتہٕ ووٚن تمِہ زِ تَس ٲس چندی گڑھَس منٛز زٔمیٖن حٲصِل کرنس منٛز دُشوٲری۔
"
6946,"یہ چھ أنٛدرمہ طرفہٕ سبٕز یتھ منٛز لۄکٕٹۍ 
 کرٛہنۍ بیٛٲلۍ چھ یم کھٮ۪نہٕ یوان چھ۔
"
6947,رایلٹی تحت چیٖز ہٮ۪نہٕ یا استعمال کرنہٕ وِزِ وٕچھِو وارٕ زِ رایلٹی ہٗند  فیٖصد آو أکِس ڈبل اٮ۪نٛٹرٛی اکاونٛٹنٛگ سسٹمس منٛز درٕج کرنہٕ۔ 
6948,"نایک، انکارپوریٹڈ: نایک، انکارپوریٹڈ چھ اکھ کمپنی یۄس امریکہس منٛز بناونہٕ چھےٚ آمٕژ۔
"
6949," وسطی  دورس دوران بنیوو  مُلکن درمیان تجارت واریاہ زیادٕ عام۔
"
6950,کونسل آف کانسٹینس کونسل آف کانسٹینس ٲس 15 ہمہٕ صٔدی ہٕنٛز اکھ کونسل ۔
6951,ایوب شاہ اوس تیموٗر  شاہ سُنٛد بیاکھ نیچو، ییٚمۍ علی شاہ دُرانی سٕنٛدِ مرنہٕ پتہٕ دُرانی سلطنتُ سمبھٲل ۔
6952,"کرٛہٕنۍ میٚژ چِھ نمی برقرار تھاوَن واجنۍ تہٕ اتھ چِھ خشٕک کاشتکٲری تہٕ کپس، السی وغیرٕ وۄپداونہٕ خٲطرٕ ترجیح دِنہٕ یِوان۔
"
6953,رازدٲنی ایزولس منٛز چھ تقریبن 215 سینٹی میٹر (85 انچ) تہٕ بیٛیس أکس اہم مرکز لنگلےہس منٛز چھ تقریٖباً 350 سینٹی میٹر (140 انچ) روٗد پیوان۔
6954,برہما مندر چُھ دریائے بندوسار کِس مشرقی بٔٹھس پیٹھ ، لنگراج مندر پیٹھہٕ ینہٕ واجینہِ  دٔچھنہ طرفہٕ سڑکہ پیٹھ واقع ۔
6955,"یہِ ہیٚکہِ اکھ حد ٲسِتھ یُس تۄہہِ پرٛیتھ چیز خٲطرٕ مُقرر کٔرِو، یا کُل سفرٕ خٲطرٕ، مگر خیال چھُ یہِ تھاوُن زِ تُہۍ کوتاہ چھِو خرچ کران۔
"
6956,فیزو سٕنٛدس قیادتس منٛز ناگا نیشنل کونسلن کٔر پننین آبٲدین تہٕ مقٲمی گروٗپن ہٕنٛز سیٲسی اتحادٕچ منٛگ۔
6957,ڈِزنی لینڈ ہوٹل ڈِزنی لینڈ ہوٹل چُھ ڈزنی لینڈ رِزورٹ ایریاہس منٛز واقع اکھ ہوٹل ۔
6958,دانٛد کانٛہہ تہِ نقصان واتناونہٕ ورٲے  رٹُن اوس نہٕ سہل۔
6959,أمہِ سٕنٛزِ  غٲر موُجوُدٕگی منٛز دِیُوت تارابھایی   راجا رام دویمس  سوٗ پیشوا سندِ اوحدٕ پیٹھہٕ ہٹاونہٕ خٲطرٕ زور  ۔ 
6960,بسہِ ہِنٛز وَتھ: تھورائیور پیٹھٕ پچیملائی پہاڑَن تام، تہٕ پیرمبور پیٹھٕ تھونڈامنتھوری گامَس تام چھےٚ بسہٕ دستیاب۔ اَمہِ گامہٕ پیٹھ چھُ ٹریکنگ کوریارو آبشارَس تام شروع گژھان۔
6961,"چندا ساہبن سوز رضا صاحبس تحت 4,000 ہندوستٲنۍ فوج تہٕ 150 فرٛانٛسی۔"
6962,کشورن وو٘ن زِ سُہ دِیہ  پُکار  فِلمہِ منز  رندھیر کپورس پننۍ  آواز۔
6963,بہٕ چھس ییمہ مانیٹر کس صاف ہائی ڈیفنیشن ڈسپلے سۭتۍ حیران۔
6964,"یہ چھ ماسکو اوبلاسٹ کس جنوب مغربس منٛز بالٲیی اوکا دریاو بیسنس منٛز اکس علاقس پٮ۪ٹھ قبضہٕ۔
"
6965,پرٛیتھ کٹھس منٛز اوس امیک احساس آسان، یس عام طور روگنہٕ سۭتۍ ہاونہٕ چھ یوان۔
6966,مراٹھاہو بٗلوو اکھ تانترک پٗزٲرِ  نِشچل پوٗری گوسوامی، ییٚمہِ یہِ  اعلان کوٚر زِ اصلی رَسمہِ تاج پوٗشی ٲس خراب سِتارن ہندِس ویلس منز كرنہٕ آمٕژ ، ہٕ دوٚیِم رَسمہِ تاج پوٗشی ٲس ضروٗری۔
6967,دسمبرَس منٛز کٔر تٔمۍ جنوری 2009 پیٹھٕ کنڑرَس منٛز ریٲستی حکوٗمتچ تمام گاڑیَن ہٕنٛدِ گاڑیَن رجسٹریشن پلیٹ ہاونُک لٲزمی مُطٲلبہ۔
6968,"انیتا تہٕ سیمس چھ لڑٲیۍ گژھان، تہٕ سیم چھ شراب کس نشس منٛز آسنہٕ کنۍ انیتاہس چپات کڑان تہٕ أمس أتی ترٛاوان۔
"
6969,تیز آوازِ وٲلۍ لوٗکھ چھِ اکثر ہیٚرۍمِس درجس منز راگن ترجیح دِوان، ییٚلہِ زن گۄبہِ آوازِ ہٕنٛدِ معیارٕ وٲلۍ چھِ تتھین راگن ہُند انتخاب کٔرتھ ہیکان یم سرٛنۍ تہٕ فکر انگیز فطرتکۍ آسن۔
6970,"یِم رنگ چھِ ہندوستانَس منٛز تیار یِوان کرنہٕ، خاصكرِتھ  لۄکٹٮ۪و غٲر رسمی کارٕبارَو ذٔریعہٕ، کُنہِ معیاری  جانچ ورٲیہِ  تہٕ چھِ بازرَس منٛز كھٗلہٕ پٲٹھہِ  کٕننہٕ یِوان۔
"
6971,"واریٛاہَن چیٖزن ہِنٛدِ خٲطرٕ ہیٚکِو تُہۍ باقٲعدٕ پرچوٗن وٲلِس نش کٕننہٕ یِنہٕ وٲلۍ چیٖز ژھانٛڑِتھ تہ بہتر سودا حٲصِل کٔرِتھ۔
"
6972,یہِ چُھ ممبر ریاستن آزاد تجارتُک علاقہٕ بناون ۔
6973,ہیڈ فون ایمپلیفایر: اکھ ہیڈ فون ایمپلیفایر چھ اکھ ساونٛڈ ایمپلیفایر یس ہیڈ فونن خٲطرٕ بناونہٕ چھ آمت آسان۔
6974,کوبایاشی ین، ییٚمہِ  سٕنٛدِ پٔتمہِ ؤرۍ ہارنہٕ سۭتہِ شیٚن ؤرِین ہنٛدِ زیننک سِلسلہٕ  پھٗٹ ، ووٚن ز  زخمی ماز بیر تہٕ دندٕ  دٲدِ ہیكہِ تمہِ سنزِكاركردگی بدلٲومٕژ ٲسِتھ ۔ 
6975,"اَمہِ سۭتۍ گوٚو تناو، خاص پٲٹھۍ پنجاب کِس علاقَس منٛز، ییٚتہِ جابرانہ اقدامن ہُنٛد اختتام امرتسر قتل عام پیٹھ گوٚو۔
"
6976,مثلن، اکھ پیشہ ور فٹ بال کھلٲڑِ چُھ اکہِ خاص برانڈٕچ شرٹ تجویز کران۔
6977,بییہِ چِٗھ سلیپنگ ود سائرنزٗك  کیلن کوئن  کُنہ ساتہٕ بناوٹی بڈِ آواز اِستعمال کران ۔
6978,"یہ ناو ""نٔو دلی"" آو 1927 منٛز دنہٕ، تہٕ نوِ رازدانہ ہنٛد افتتاح آو 13 فروری 1931 کرنہٕ۔"
6979,اَمہِ علاوٕ چھُ یہٕ نوٚو کٔدٕل تھریسور پیٹھٕ کوزیکوڈس تام فاصلہٕ 11 کِلومیٹر کم کران۔
6980,گۄڈٕنِکٮ۪ن لوُکن آسہٕ  واریاہ جمٲژ  ، ثقافتہٕ تہٕ زبانہٕ ۔
6981,أتھۍ دوران، کٔر امہِ پانہٕ پانہٕ چتور زٮ۪ننہٕ خٲطرٕ   بییہِ لشکرچہِ  قیادت ، یوٚس رتن سِمہا سندِس حكوُمتس تل گٗہیلا ریاستٕچ راز دٲنہِ  ٲس۔
6982,سی این این-آیی بی اینٕکۍ راجیو مسندن دتۍ امہ کس زیچھرس تہٕ مصروفیتس پؠٹھ تنقید کران 5 ژو منٛزٕ 2 ستارٕ۔
6983,نیشنَل چھِ 1998، 2002 تہٕ 2006 چہِ ورلڈ لیکروس چیمپئن شپس منٛز ژوٗرِمِس نمبرَس پٮ۪ٹھ تہٕ 2014 منٛز ترٛیٚیِمِس نمبرَس پیٹھ ۔
6984,امہ سۭتہ چھ کھلاڑین یہ زانٛکٲری گژھان ز تمہ کیا تہٕ کتہ کرن شوٹ ۔
6985,یہٕ نوٚو قٕم اوس 1918 کس فلو وۄباہس منٛز شٲملقٕسمس  سۭتہِ نزدیکی تعلق تھاوان۔
6986,نرتیانگ دُرگا مندر چھ میگھالیہ ہک اکھ بوٚڑ ہندو مندر تہٕ یہ چھ زمین کین 51 شکتی پیٹھاہن منٛز اکھ۔
6987,"یہِ چُھ جِسمٲنی رطوبت یِتھ کٔنۍ زن لعاب، خون تہٕ پیشاب کہِ ذریعہ پھیلان۔
"
6988,تٔمہِ گِنزٕ 1960 پیٹھٕہ 1966 ٹھس تام ہَنگری قومی فٹ بال ٹیم خٲطرٕ 17 گیمہٕ۔
6989,گنیش چتُرتھی چھِ برطانیہ ہس منٛز روزن واجینہِ برطانوی ہیندِ آبٲدی مناوان۔
6990,شہری دفاع ہٕکۍ وَزارتن چُھ بی بی سی یس ووٚنمُت زِ لہرن ہُنٛد سارِوٕے کھۄتہٕ تھزر سپدِ شروع سپدنہ پتہ شیٚیہِ پیٚٹھٕ بَہن گٲنٛٹن درمِیان۔
6991,کنہ ساتہٕ چھ ییلہٕ تناو گژھان چھ، یہ چھ گژھان محسوس ز بہٕ چھس پنٛنین فیکین پیٹھ سٹھاہ بور تلان۔
6992,اصلی پروٹین تہٕ ترتیب چھِ ارتقاہس منٛز انتہٲئی محفوظ تہٕ  چھِ انسانن، چمپینزی ین ، ریسس پنزین تہٕ بُش بیبِین  منٛز لبنہٕ یوان۔
6993,ڈٗوالن، یٗس زٕ بالغ شُرِ وول خاندر گراك چھُ ،  ترٛوو نہٕ مِلرس پیٹھ کانٛہہ بوٚڑ اثر، ییٚمِس سۭتہِ  یہٕ دٔلیٖل جُڑِتھ ٲس۔
6994, 1744 ہس منٛز کوٚر پروُشیا ہكہِ  فریڈرک دی گریٹن بوہیمیاہس پیٹھ حملہٕ۔
6995,بییِس  بٗنیٲدی دفاعی کھیلس چِھ بمپ یا رائیڈ آف ونان۔
6996,ارنتھنگی قلعہ چھٗ اكھ  قلعہ یٗس  پڈوکوٹائی ضلع، تمل ناڈو، بھارت کِس  قصہٕ  ارنتھنگی منز واقع چھٗ ۔
6997,سینٹ گیلن سٗند  کینٹون سینٹ گیلن سٗند کینٹون چھٗ سوِزرلینڈس منٛزاکھ کینٹون ۔
6998,"أنِیتا تہٕ سیم چِھِ اکھ خۄش جورۍ یُس ساہِلَس حسد گار تہٕ ناخۄش چھُ بناوان۔
"
6999,آیووا ہک لیفٹیننٹ گورنر چھ اکھ اسسٹنٹ گورنر۔
7000,وی آی پی ایس ویکسیٖن چھ انجیکشن کہ ذٔریعہٕ دنہٕ یوان تہٕ ٹای 21 اے چھ کیپسول کہ ذریعہ دنہٕ یوان۔
7001,"وِشنوُہس چُھ گہِتھ ژندُن ، مردن ہنٛدِ پَلو تہٕ یونہِ  پیش کرنہٕ یِوان ۔
"
7002,اکثر لوٗکھ چھِ امہ دۄہ پوٗرٕ پٲٹھۍ اُپواس تھاوان تہٕ  پتہٕ چھِ منٛز رٲژ پوٗزا کٔرِتھ کھیوان۔
7003,یِمَن سلطنتَن ہٕنٛدِ سرپرستی منٛز چھِ فلسفَیو تہٕ موسیقی بارڈَو سمٲجی، مذہبی تہٕ ادبی تحریک شروع کرمژٕ یِمہ از تام برقرار چھِ۔
7004,یم چھ تم پگمنٛٹ آسان یم اکھ خاص رنگ چھ ظٲہر کران، تہٕ بیٚیہ چھ ساختی رنگ آسان۔
7005, فِلم آیہِ  شِکاگوہس منٛز فِلماونہٕ  تہٕ چھے تتی سپدان ۔
7006,"امک روشن ترین ستارہ، الفا مونوسیروٹس، یتھ  بصری شدت 3.93 چھُ۔
"
7007,سولجَر سٕنٛدۍ پٲٹھۍ چھ ڈیمومین تہِ زیادٕ تر حالاتن منٛز اصل آسان۔
7008,"تِم فارم أنٮ۪و یِم عدالتس منٛز استعمال خٲطرٕ دُرست چھِ یتٮ۪ن توہہہِ پنُن مُقدِمہٕ درج کٔرِو۔
"
7009,ڈوگر بینک ڈوگر بینک چھ شمٲلی سمندرٗک اکھ بو٘ڑ سیكہِ بو٘ٹھ ۔ 
7010,شیشہِ نارِ نیبر ٹی بی چھٗ عموُمن تِمن لٗكن یِمن كمزور مدافتی نِظام آسہِ تہٕ لو٘كٹین شٗرین منز گژھان ۔
7011,اتھ  چھٗ اکھ ایپل اے 4 پروسیسر تہٕ 9.7 آنچہِ  ٹچ سکرین ۔
7012,تس  شخصس پیٹھ  کریو غور یٗس اپٗز  ونان چھُ  تہٕ بے نقاب گژھنہٕ کس خوفس منٛز روزان چھٗ ۔
7013,سرد جنگک اکھ اہم لمحہٕ اوس 1962 ہُک کِیوبا میزٲیِل بحران۔
7014,کارنِی چُھ ؤنکیٚنس فٹ بال لیٖگ چیمپین شِپَس منٛز شیفیلڈ یونائیٹڈ خٲطرٕ گنٛدان۔
7015,کافی آیہِ گۄڑنِٕكہِ لٹہٕ19 مہ صدی کِس اپتداہس منٛز کوسٹا ریکا ہس منٛز رٗونہٕ ۔
7016, سیریزِ  زیون 1985 منز پرایم ٹایم  ایمی تہٕ بیفٹا ایوارڑ ۔
7017,ریکٹس ایبوڈومینس مژھ چھ انسٲنی جسمس منٛز اکھ مژھ ۔
7018,"یہِ ناو چھُ وادی پر٘وُنژھ پٮ۪ٹھہٕ  وادی کٔشٖیرِ تام  توسہٕ مٲدانٕ  تٲریٖخی وتہِ ہِنٛز نِشاندِہی کران۔
"
7019,غٲر رسمی سٹریٹ ریسنگن منٛز تہ چِھ برن آؤٹ عام آسان ، عام طور پٲٹھۍ شو کٔمتیٕ خٲطرٕ ۔
7020,تیوہار چھ اکثر قدیم منی پوٗرٕکۍ واقعہ مناوان تہٕ اکثر چھ موسمی تبدیلین سۭتۍ ہشر تھوان۔
7021,لوٗکھ چھِ یہِ دۄہ لیٚدُر (سفید) لٲگِتھ ، مۄدٕرِ ضیافتہٕ كھیتھ تہٕ  گَرَن منٛز لیٚدٕرِ پوش ہٲوِتھ مناوان ۔
7022,اگر تو٘ہہ ،یس دٗکاندارس سٕتہِ چُکاو مٗکاو کران چھِو، تتھ قۭمتس تام وسن  انکار کرِ یوُتاہ چیزس  تۄہہ باپت مۄل چھٗ، تیٚلہ گژھ نیرٗن سہل۔
7023,"رٮ۪ڈ ڈٮ۪ڈ چھ مغربی موضوعس پٮ۪ٹھ مبنی ویڈیو گیمن ہنٛد اکھ سِلسِلہٕ۔
"
7024,یہِ روٗز تنقیٖدی تہٕ تجٲرتی لحاظٕ کامیاب تہٕ ناقدو كٕرِ امہِ سنزِ كامہِ ہندِ تٲریف ۔ 
7025,گو اوس چیٖنس منٛز ایجاد آمت کرنہٕ، مگر مخصوص وقت چھنہٕ معلوم۔
7026,ونکینس چھ پریسبیٹیرین تہٕ کیتھولک میگھالیہ ہس منٛز لبنہٕ ینہٕ وٲلۍ زٕ ساروی کھۄتہٕ زیادٕ عام عیسٲیی فرقہٕ۔
7027,اتھ چھ گیم بوائے ایڈوانس کھوتہٕ اکھ لۄکٹ لنک پورٹ ۔
7028,پنٛنین کرٛیٚڈِٹ کارڈ کمپنین کٔرِو کال تہٕ منٛگِو بہتر سودک شرح۔
7029,"بیک، سائڈ، ہُک، تہٕ ایٚکس کِکٕک ہٕنٛدۍ سپننگ ورژن تہِ ہیکَو تمام کِکَن ہٕنٛدۍ جمپنگ ورجنَن سۭتۍ کٔرِتھ۔
"
7030,چمولی ضلعٗک اکھ قصبہٕ بھراریسین چھ اتراکھنڈٕچ گرمٲیی رازدٲنہِ ۔
7031,مٗقابلس منٛز بڈن واجیٚنہِ مقبوُلیتہٕ  سۭتۍ چھِ ماس میڈیا، فِٹنس تہٕ سیلف ڈِفینسس منٛز شرکت تہٕ زاننہٕ ینس منز  اضافہٕ گومٗت ۔
7032,تٔمۍ اوس اسلٲمی قانون، قرآنی وضاحت، ادب تہٕ فلسفس اضافہ  کوٚرمت۔
7033,عام دور کٮ۪ن گۄڑنِکٮ۪ن وقتن  دوارن چھٗ  بودھ  تہٕ  جین  تحریرن منز تہِ  موسیٖقی ہُنٛد ذکر میلان۔
7034,اکتوبر 1916 ہَس منٛز سپٗد سوُ گریِز اِنس منٛز بار کورسہٕ خٲطرٕ درج، تہٕ امی وقتہٕ نِیوُن   لندن سکوٗل آف اکنامِکسس منٛز تہِ دٲخلہٕ ییٚتہِ تمہِ ڈاکٹریٹ مقالس پیٹھ کٲم  شروٗع کٔر۔
7035,یہ تیوہار چھٗ پریتھ ورِیہ نومبر كہِ گوڈنٕكہِ دوہ مناونہٕ یوان ۔
7036,یِمو٘ منزٕ كان٘ہہ چھٗنہ  بین الاقوٲمی پابندی اگر جنگ سپدِ   یقینی طور لگاونہٕ یِن ۔
7037,الٹراساؤنڈ گائیڈڈ سکلیروتھراپی پتہٕ چھ فالجکہِ اكہِ واقع ہٗك اطلاع آمٗت  ییٚلہ سکلیروسینٹ فومٗك غٲر معموٗلی بو٘ڈ خوراك انجكشن كرنہٕ آو ۔ 
7038,یہِ چھ دۄن عناصرن ہُند مِلون آیرن تہٕ کاربن ۔
7039,امچ بنیاد ٲس 1994 منٛز نیو یارک کس ریپر دی نوٹوریس بی آیی جی ین تر٘ٲومٕژ ۔
7040,تمہِ کٔر 1973 پیٹھٕ 1976  تام پنسلوانیا ہاوس آف ریپریزنٹیٹوزس منز کٲم۔
7041,کتبہ سۭتۍ چھُ یہِ باسان زِ گُپتا حالانٛکہِ تِہُنٛد طاقت اوس واریاہ کَم گوٚمُت، مَگر روٗد ہنَن خلاف مزاحمَت کران۔
7042,"اصلی ریسہِ منٛز اوس سۄنہٕ سُنٛد تمغہٕ کینیڈین ڈیان رائن زیوٗنمُت تہٕ رۄپ اوس برطانوی شیلی ووڈسن نِمُت۔
"
7043,مےٚ پھچییہ رگ ییٚلہ مےٚ بجلی بورڈٕکۍ کارکن زمین پیٹھٕ 50 فُٹ ہیوٚر أکس پلیٹ فارمس پیٹھ احتیاط سان پکنان وٕچھ۔
7044,شُمٲلی سیٚنٛٹِنیل جٔزیٖرٕ چُھ انٛڈیمان  اینٛڈ نِکوبار كین  جٔزیٖرٕن  ہِنٛدِس سِلسِلن منز  واقع یُس ہِنٛدُستانٗك اكھ مركزی زیرِ انتظام علاقہٕ چھٗ ۔
7045,سُہ چھُ  پننیو  تخلیقو  دِ كامن مین  تہٕ   ٹایمز آف اِنڈِیا ہس منزپننِہِ  روزانہٕ كارٹوُن  یوُ سیڈ اِٹ،  یٗس  1951 ہَس منٛز شروع گو٘  ، باپت زاننہٕ یوان ۔
7046,یہِ شہر چھُ پنِنہِ ثقافتی وراشتہٕ  باپتھ زاننہٕ یِوان تِکیٛازِ یہِ چھِ سۄ جاے ییٚتہِ بھگوان رامَن راکھیس تارکا مور تہٕ رِشی وشوامِترا سٕنٛدِ آشرمٕچ جاے تہِ۔
7047,پورناہس میول تبصرٕ کس بنیادس پیٹھ نقادن ہند طرفہٕ مثبت ردعمل۔
7048,"مئی 2019ہس منٛز آو  سورین سنس  پنکریٹک کینسر وٗچھنہٕ ۔

"
7049,یہ کٔمی چھےٚ ذٲتی تہٕ عوٲمی ٹیوب ویلو تہٕ ہینڈ پمپو  ذٔریعہٕ پوُرٕ کرنہٕ یوان۔
7050,"یہٕ وائرس چُھ فلاوی وائرس جینسُک اکھ آر این اے وایرس۔
"
7051,مرد کِک باکسر چِھ ننگہٕ سینس منٛز کِک باکسنگ ٹراؤزر یا شارٹس تہٕ حفاظتی پوشاک یتھ منٛز ماؤتھ گارڈ، ہینڈ ریپس، شین ریپس، تہٕ 10 اوز (280 گرام) باکسنگ گلوز تہٕ گرون گارڈ شٲمل چھ۔
7052,عقیدہ اوس زِ  ییٚمہ عالمہ گومت روٗح چھ پیالرل یا جنت واتنہ  برٛونٹھ امہ سرٕ منٛزۍ گزران۔
7053,مثلن، توہہ چھوٕ پے ز بٔنیانہ ہنٛد اصلی قیمت چھ $69، تہٕ یہ چھ 51.75 $ منٛز کٕنٛنہٕ یوان۔
7054,شُمٲلی امریٖکی فلور بال لیٖگ چھےٚ یوٗرپس نیبَر گۄڈٕنِچ تہٕ وٲحِد نیم پیشہٕ ورانہٕ فلور بال لیگ۔
7055,1869 منٛز کھول سویز کینال نپولیَن III کِس دورس منٛز، یُس بحیرہ رومَس بَحر ہِندَس سۭتۍ جوڑان چُھ۔
7056,کھلٲڑۍ چھ روبوٹس شکست دوان ، تہٕ چھ ہیلو چالو کران ۔
7057,"کنہیری چھُ سنسکرت کرشنا گِری پٮ۪ٹھٕہ آمُت، ییٚمیُک مطلب کرٛٗہٗن پہاڑ چھٗ ۔
"
7058,سنگ ہیون پارکَن کوٚر زنانن ہنٛدٮ۪ن 12 ہن  تیرن ہنٛدس میچس منٛز 115 سکور كرِتھ اکھ نوٚو اولمپک رکارڈ قٲیم۔
7059,یہِ چُھ سری لنکاہس منٛز اکھ بوٚڑ تامل تہوار تہِ۔
7060,پتنگ وٗڑاون چُھ ریوٲیتی طور بطور امہِ تیوہارٕكہِ حصہٕ مناونہٕ یوٚان۔
7061,کینیڈینو وچھ ویمی رجک جنگ یتھے پٲٹھۍ۔
7062,فائدٕ چھ فوری علاج تہٕ کارسنوما ہٹاونٗک امکان۔
7063,اوہ! ملکہٕ کس یتھ حصس منز چھنہٕ زیادٕ دکان کشمیری ویٖرِ ہند بیٹ کٕنان۔ مےٚ چھ تعجب گژھان زِ تۄہہ چھُو  یِہ۔
7064,"بینٛڈی سٕکیٹُک بٕلیڈ چُھ آیِس ہاکی سٕکیٹ کھۄتہٕ زیادٕ زیٛوٗٹھ آسان تہٕ ""روٗسی سٕکیٹ"" چُھ امہِ کھۄتہٕ تہِ زیٛوٗٹھ آسان۔"
7065,بِرچ فیلڈ گٗزریو 5 فروری 2016  جیکسن وِلے، فلورِڈاہس منز۔
7066,بہٕ چھس سخ خدشہ محسوس کران یم قیمتی قدیم کرسی کٕننس متعلق۔
7067,دیسی مارٹینی ہٕنٛدۍ نکھل اروڑاہن دیت اتھ 2 ستارٕ۔
7068,یہ چھ 51°01 شمالس منز ، 03°08 مشرقس منز ۔
7069,تمۍ سنز گۄڈنچ کٲم ٲس ڈیوک آف منٹوا سٕندس دربارس منز کٲم کرٕنۍ ۔
7070,رویگی صوبہٕ چھ برونڈی ہندین 18 ہن صوبن منٛز اکھ۔
7071,واٹسنن گیۍ 2003 ہس منٛز پیشورانہٕ تہٕ 2005 ہس تام گِنٛدُکھ نیشن وایڈ ٹور ۔
7072,کٹوتی چھ کینژن قسمن ہندۍ اخراجات یمن پیٹھ حکومت ٹیکس چھ نہٕ لاگان۔
7073,مہاراجن  دِیُوت خاص كرِتھ   پننِس فوجس کٲنٛسہِ تہِ شہریَس بے٘ یزتی یا ہراساں نہٕ كرنٗك  حکم ۔
7074,یُس تِہ چِٹھہِ رَٹِہ سُہ کَرِ  امِیوٗك  دستخط، تہٕ رسید یِی تۄہِہ واپس سوزنہٕ۔
7075,كیپسایسِن سٕتہِ  چھ، مرژٕوانٛگن ٹیٹھہِ  بنان ، تہٕ یہِ ہٮ۪کہِ واضح  کٔرِتھ زِ  فیکٹریَن منٛز کٲم کرن والٮ۪ن کیٛازِ چھِ  ژاس یِوان۔
7076,"ۂنٛسی تو پھٔنٛسی چھےٚ أکس ٹھوس اداکٲری خٲطرٕ وٕچھن لایق، یۄس امہ چہ مرکٔزی جور اکوٹہٕ کٔرمٕژ چھےٚ۔
"
7077,لینکس خٲطرٕ گیمہٕ بناونہٕ خٲطرٕ چھ ڈویلپرزن خٲطرٕ اوپن سورس کوڈ ۔
7078,بیڈنور سان مالابار سٲحِلٕكہ منگلور ہیتھ وارِیاہ  بندرگاہ زینٕنہِ ۔ 
7079,اصلی جاے بنییہٕ اکھ جزیرٕ، یتھ أنٛدِ اندِ  مسیسپی دٔریاو چھٗ ۔
7080,زیادٕ ترگوپھہٕ  چھے٘ وہرِ ورییس  اکسٔیہ  درجہ حرارتس پیٹھ روزان ۔
7081,کیریبے کیریبے چھٗ سویڈن چہِ واسترا گوٹالینڈ کاؤنٹی منٛز کنگالو بلدِیاتٗك اکھ علاقہٕ ۔
7082,امہ کس نتیجس منٛز چھ ژمہ ہنٛدۍ رنگہ وٲلۍ خُلیہ تباہ گژھان۔
7083,بہٕ چُھس یہِ تُہنٛدِ گردَنہِ أنٛدِ اندِ گنڈان ، اے زنانہ یمن  چھے٘ واریاہ نیک خصوصیات !
7084,مےٚ چھ شرارت ز کینہہ کمپنیہٕ چھ پننین ملٲزمن پیٹھ اثرن ہند سوچنہ ورٲے عملہ خودکار بناونہٕ خٲطرٕ اے۔ آٮٔی استعمال کران۔
7085,یہ چھ اکہ تتھ براعظمٕکۍ پٲٹھۍ مانٛنہٕ یوان ییٚتہٕ گوڑنکۍ انسان بنیٛیہ۔
7086, یِم تمام تبدیلی چھے٘ انٹرنیٹ ایکسپلورر 8 ٹھس ایسڈ 2 ٹیسٹ پاس کرنٗک اِجازت دِوان ۔
7087,ویلے بنیو 2016 منٛز امریکی شہری، ییلہٕ زَن زَن سُہٕ پننہٕ میکسیکن شہریت برقرار تھوان۔
7088,تریٚیمس شعبس منٛز چھ نقل و حمل، سٹوریج، رٲبطہٕ، سیاحت، بینکنگ، انشورنس تہٕ رئیل اسٹیٹ ہوۍ خدمات شٲمل۔
7089,مہاوتران چھ مہانرمتی، کیپٹیو پاور پلانٹس، باقی ریاستی بجلی بورڈز، تہٕ پرایویٹ سیکٹر پاور جنریشن کمپنیو نش بجلی حاصل کٔرتھ پورٕ ریاستس منز بجلی تقسیم کرنہٕ باپت ذمہٕ دار۔
7090,سہٗ چھٗ اکھ سیٲسی تبصرٕ نِگار تہِ   یٗس باقین شو ہن منٛز نظرِ گژھان چھٗ ۔
7091,تہۍ ہیٚکو پنٛنہ اییر فونہ سۭتۍ موسیقی تہ بوٗزتھ تہٕ مراقبہ تہ کٔرتھ۔
7092,اکثر چھ تِم أکِس رجحانس پیٹھ عمل کٔرِتھ کامیاب گژھنٕچ کوٗشش کران۔
7093,جارج تھامسن تہٕ کین پائل چھ لندنک گینگسٹر۔
7094,واریٛاہ گرجا گٔھر چھِ ہولی سیٹرڈے دوہ ژیرِ شامس   ایسٹر وِجِل دٗعایہ مجلِسہِ پیٹھہٕ ایسٹر مناوُن شروع كران ۔
7095,"تٔمہِ ووٚن پَننِس پروبیشن افسرَس زِ أمہِ سنزٕ كامہِ آسہٕ ""احمقانہ، شرمناک تہٕ شٗرِگی ""۔"
7096,ایڈتھ گالٹن تھووخاندانک سۄنہٕ کارٕبار چلاونہٕ خاطرٕ اکھ نٲضِم ۔
7097,"اگر یِمو دۄیو بیانوو منٛزٕ کانٛہہ تہِ لاگو چھُنہٕ گژھان، تیٚلہِ 
 مہٕ کٔرِیو  مہربٲنی کٔرِتھ یہِ تصویٖر اپ لوڈ ۔"
7098,کل آبٲدی منز چھ 37.48 % شہری علاقن منز روزان۔
7099,1970 تام اوس بلیزر گۄڈٕ پیٚٹھٕ پنٛنیٚن دۄشوٕنی پرٛانٮ۪ن حریفن پتھ ترٛاوان ۔
7100,تاوی  فلسفہٕ تہٕ صحت تہٕ ورزش نسبت  یمن ہنٛد نقطہ نظرن چُھ چینی مارشل آرٹس اکس خاص حدس تام متٲثر کوٚرمت۔
7101,"کرٛہِنہِ میٚژ چھےٚ مہاراشٹرٛا، گُجرات تہٕ مدھیہ پرٛدیش کِس دکن لاوا علاقس منٛز اصل پٲٹھۍ تیار کرنہٕ آمٕژ۔
"
7102,امیٖد چھِ زِ نٔتیجہٕ سۭتۍ میلہ سائنسدانَن زٔمیٖن کہ گلوبل وارمنگ بہتَر پٲٹھۍ سمجھنَس منٛز مدد۔
7103, انسان دوست کوششو باپت آو  ہاسنس 2004 منز  گۄڈنِیک   ابراہم کوور نیشنل ایواڈ دِنہٕ ۔
7104,خاصكرِتھ  چِھ بال بیرنگ تہٕ پولی یوریتھین ہگر بالترتیب رفتار تہٕ كھكھٕرِ  خٲطرٕ استعمال  کرنہٕ یوان تہٕ چِھ تمن آلن یا گاڑین سۭتہِ لگاونہٕ یوان  یمن پیٹھ رولر پنٗن وزن وزن تر٘اوان چھٗ ۔ 
7105,پلاتن ووٚن كمانڈرس  نش امہ کتھ ہٕٗنٛد تصدیٖق کرنہٕ خٲطرٕ ز کیا عیسٰی اوسہ موٗدمت۔
7106,یہٕ ٲس جارج بیری یس تحت فیبرجی کاسمیٹکسٕچ اکھ شاخ۔
7107,"ؤنِو، ""شُکریہ، مگر شُکریہ چھُنہٕ۔ اَکھ عٔظیٖم دۄہ گُزٲرِو۔""
"
7108,"یہِ کھیل چھُ یورپی مُلکَن منٛز گنٛدٕنہٕ یِوان یِتھ کٔنۍ زَن سوئٹزرلینڈ، یَتھ منٛز پرٛٮ۪تھ بٔڑِس شہرَس منٛز امریکی فٹ بال کلب چھِ، تہٕ جرمنی، ییٚتہِ اتھ کھیلَس منٛز تقریباً 45,000 رجسٹرڈ شوقیہ کھلٲڑِ چھِ۔
"
7109,"سہ اوس 2010 پٮ۪ٹھٕ 2014 ہس منٛز پنٛنس مرنس تام مارکویس آف کیسٹریلن۔
"
7110,شپ گزرییہ 7 اکتوبر 2021 ہس منٛز 86 ؤرش۔
7111,لیكھٗن بنیوو پتہٕ   آمدنی ہٗنٛد اکھ مٗستحقم  ذریعہِ ۔
7112,پنٛنہِ ذٲتی مٲلِیات  خٲطرٕ یُس  سارِوٕیہِ کھۄتہٕ اَہَم چیٖز توٚہہِ  کٔرِتھ ہیٚکِو سُہ چُھ تِمن مُتعلِق سونٛچُن تہٕ تِمن پیٚٹھ جلدی کٲم کرٕنہِ ۔
7113,"بۄنہٕ کنہِ چھُ ڈیوڈ شینکبون سُنٛد ترٛٮ۪ن ڈومیناٹریکسَن سۭتۍ انٹرویو۔
"
7114,یہِ ہٮ۪کَو نٮ۪برٕ کَنہِ یا گھرَس اندرٕ  گنٛدِتھ تہٕ اَتھ منٛز چھُ جسمٲنی تعلیٖمہِ ہِنٛدین  کلاسَن باپتھ اکھ تیار نصاب۔
7115,یہ كہانی چھےٚ دۄن کھلٲڑین ہنٛزن زندگی ین : تِہنٛدِس جدوجہدس ، تِہنٛدین خوابن تہٕ تِہنٛزن خٲہشن متعلق ۔
7116,برطرفی تہٕ كڈِتھ ژھنٗن چھِ اكھ دوہ دِشِچ حقیقت بنیمٕژ ، ییمہِ سٕتI وسیح پیمانس پیٹھ نوكری اتھہٕ گژھنٗك خوف بڈیومٗت چھٗ ۔
7117,ہاے! یہ نٔو سٹورٕچ ترتیب چھےٚ تیٖژ کھرۍلد۔ یہ چھ خریدارن پریشٲنی تلان۔
7118,پنِنہِ گۄڈٕنِچہِ سرمایہِ کٲری باپتھ کم فیسہٕ رِعایت وٲلِس    درٛال سُنٛد انتخاب کرُن چھُ اَکثَر اصل خیال آسان۔
7119,تمِس چھٗ سۄنہرِ مس یٗس تس کلَس پٮ۪ٹھ کھڑا چھٗ ۔
7120,خطِ سرطان (ٹراپک آف کینسر) چھ ریاستہ منٛزۍ لگ بگ امہ کہ وسطہ منٛزۍ پکان۔
7121,مالابار بغاوتس منٛز کٔر مالابارٕکۍ مپیلا مسلمانو برطانوی راجس خلاف بغاوت۔
7122,ایونٹ ڈائریکٹر مارٹن لیوی، پاور بوٹ ڈیزائنر، سونی لیوی سِٔنٛد نیٚچُو، سمبھٲل 2016  منٛز ایونٹ چلاونٕچ ذمہٕ دٲری۔
7123,یہٕ اوس قدیم مصرس منٛز فرعونن  سٕنٛدِ فوجہ ذریعہٕ استعمال کرنہٕ یوان۔
7124,"موجودٕ قیمتس پیٹھ چھ فی کس آمدنی 72,993 روپیِہ۔"
7125,وُنکیس چھُ یہ تقریباً 18 میل فی گٲنٹہٕ رفتارٕ  برونٛہہ پکان، تہٕ چھُ لگ بگ جمیکا کِہ ساحلہ پیٹھ 390 میل دُور۔
7126,سیندھوا چھٗ  ہندوستٲنۍ  ریاست مدھیہ پردیش كِس بروانی ضلعس منز میونسپل حکومت وول اكھ  شہر ۔
7127,سہٕ تہٕ بِل گریڈن چھ 1940 کس دہلس منٛز زندٕ روزن وٲل وٲحد ایم پیز۔
7128,"تٔمۍ زیوٗن ایریڈیویسیَس منٛز پننِس وقتس دوران کے این وی بی کپ تہٕ ایریڈیویسی ٹائٹل۔
"
7129,انجیلُک سنہری دور گو دوٚیم جنگہٕ عظیم پتہٕ شروع۔
7130,نایاب طریقہٕ چِھ وکٹن سٕتہِ  لگاوٗن،  دۄیہ لٹہِ بالہِ ٹھِل كڈٕنہِ ،  فیلڈس  رٗکاوٹ تہٕ ٹایمنگ آوٹ ۔
7131,اتھ مَنٛز چھِ مَخصوٗص دِوتاہن ہندِس تعریفس منز گیوٗن ۔
7132,بطور اكھ  مُقدس جاے، گرینائٹ كنہِ ہندِس ژكِس پیٹھ وسوٕنہِ كو٘ل ، أمہِ چھٗ كینژن سیاہن شٲنتی ہٗند احساس دیوٗتمٗت ۔ 
7133,نومنتیاہس منٛز ٲس گوڑنچہٕ انسٲنی بٔستیہ ۱۱۱ ملینیم بی سی منٛز قٲیم گٔمژٕ۔
7134,مونوریل چھ عام طور پیٖچیٖدٕ تہٕ قۭمتی آسان، لہذا چھنہٕ یم زیٛادٕ تر جاین آسان۔
7135,ییٚلہِ ہِٹلر 1930 کِس ژورمس دہلس منٛز جرمنی منٛز اقتدارس منٛز آو، تٔمۍ کٔر مسولینی سُند نقل۔
7136,"شیٚشتٕر ماسک وٲلس نفرس ٲس نہٕ پرٛٮ۪تھ وِزِ ماسک لٲگتھ آسان۔
"
7137,امہ سۭتی چھےٚ فرحت  سپدان ز بہٕ چھس أمۍ کیُتھ کھین مٔلۍ انان ۔
7138,منموہن سنگھن کٔرۍ وزیر اعظم سندِ حیثیت زِ مکمل میعاد پورٕ تہٕ کٔرٕن بیٚیہِ اکہِ پھِرِ یونایٹڈ پروگریسو الاینس (UPA) چن حکومتن ہٕنز سربرٲہی۔
7139,"چوہانن دِژ جالور تہٕ قعلس اکھ مختلف سِمت۔
"
7140,"مارٹنیز اوس بروکلن، نیو یارکس منٛز پورٹو ریکن والدینن ذامت۔
"
7141,یہِ مسلہٕ قوبوٗ کرنٕچہِ کوٗششہِ منٛز رٕٹہِ پتِمہِ ورِیہ   دِلہِ اِنتِظامیہ ہن تقریباً 500 پٔنٛزِ تہٕ نین شہرٕ كین مضافاتن منز ۔ 
7142,سربیاہن کٔر 2001 منٛز عالمی ثقافتی ورثہٕ کنونشنس منٛز حصہٕ ننس پٮ۪ٹھ رضامنٛدی ظٲہر۔
7143,سیلیندر ناتھ سین سٕندِ مطٲبق کٕر پٗلٗوماوی ین 96 پیٹھہٕ 119 عیسوی یس  تام حکومت ۔
7144,"واکاٹیپو ڈی او سی یٕکۍ ترجمان، نک ایڈورڈزن ووٚن زِ یہِ اوس نہٕ گۄڈٕنِچہِ لَٹہِ ییٚلہِ کٲنٛسہِ پوسمَن نار دیُن شروع کوٚر، حالانٛکہِ یہِ چھُ غیر معمولی باسان۔
"
7145,اشوکن کوٚر اعلان زِ اگر سپہ بادشاہ بننس لایق چھُ تہٕ تٔمِس برٛونٛٹھ کَنِہ گژھن ہتِھیار حٲضِر، تہٕ پتہٕ گیۍ دیوتا زمینہ منٛز نمودار تہٕ  دِتِکھ فوجس ہتھیار۔
7146,بینزوڈیازیپائنز چھ شراب واپس ننس تہٕ DT  خٲطرٕ ساروی کھوتہٕ زیادٕ عام استعمال گژھن وٲل دوا۔
7147,بہٕ ہیٚکہٕ نہٕ ہنٛدستانس منٛز مقٲمی قرض دہندگان برداشت کٔرتھ یم انسٲنیت کِہ احساس بغٲر پۄنسہٕ جمع کرنٕکۍ سخت طریقہٕ چھ اپناوان۔
7148,روپک تال چھےٚ گۄڈے طے شُدٕ چتوسرا-جتی روپک تالہِ ہُنٛد اکھ حوالہٕ تہِ دِوان۔
7149,وۄں گو حالٕے  کوٚرُکھ مارٕچ 2013 منز میگھالیہ ہائی کورٹ گوہاٹی ہائی کورٹ نِشہ الگ تہٕ وۄنۍ چھُ ریاستَس  پنُن ہائی کورٹ۔
7150,یہ زٲنِتھ ز چٲنۍ موج چھےٚ بزرگ تہٕ کمزور، کیا ژےٚ چھُےنا یہ خوف ز اکثر ہسپتال گژھنہٕ سۭتۍ گژھہِ أمۍ سٕنٛز حالت زیادٕ خراب؟ (شخص 1)
7151,بہٕ چھس یہ وُچھتھ ناقابل یقین حدس تام پریشانی محسوس کران ز خرچہٕ چھ نظر انداز یوان کرنہٕ، تہٕ ضرورت کھوتہٕ چھ زیادٕ ٹیکس ادا یوان کرنہٕ۔
7152,فہرستک صفحہٕ چھ کنہٕ خاص قسمہ چیزن ہنٛز گرند کران، یتھ کنیۍ زن خودمختار ریاستن ہُند فہرست یا جنوبی افریقین ہُند فہرست۔
7153,یہِ چھنہٕ اكِسیہ جایہ شٔدیٖد دَگ یو٘سہٕ  تھرمل اشتعیال سٕتہِ بڈان چھے٘ ، تہٕ یو٘سہٕ اشتعیال ہٹاونہٕ پتہٕ تہِ روزان چھے٘ ۔
7154,مغربس منٛز چھ صحرائے تھار کس مرکزس منز مارواڑی بولنہٕ یوان، یس جنوب مغربس منز گجراتی یس منز میلان چھ۔
7155,کایلا کلارکَن نِیوٚو 50 میٹر ایونٹ 28.66s سیکنڈَس منٛز، یُس  S14 ریکارڈ۔
7156,کٮ۪نٛژن  مٗلکن منٛز چھےٚ اتھ برعکس حکومتو طرفہٕ رمضان مناونس پٮ۪ٹھ پابٔنٛدی لگاونہٕ آمٕژ۔
7157,"ہاف ٹایِمہٕ بس برٛونٛہہ کٔر ارجنٹینا ہكہِ گول کیپر سرجیو رومیروَن جوزف مارٹینز ٹرِپ تہٕ وینزویلاہَن  زینہِ پینلٹی  کِک ۔
"
7158,ساینسدان چھنہٕ ٹھوُلن یا مِنین مِتعلق زیادٕ زانٛکٲری  ۔
7159,شدھ دیسی رومانسن کٔر بیرونی ملکن منٛز اصل کٲم تہ کیاز أمۍ کٔر دہن دۄہن منٛز 1.7 لچھ ڈالر جمع۔
7160,تہۍ ہیٚکو أکس کلاسس أکس مولڈ کس طورس پٮ۪ٹھ سوٗنٛچتھ ییٚمہ سۭتۍ چیز چھ بناونہٕ یوان۔
7161,وارٕ وارٕ چھ ہیٚندۍ اعداد و شمار بودھ اعداد و شمار کھۄتہٕ زیادٕ گژھان، یِم ہندستٲنۍ بدھ مت کہ ٲخری زوالٕچ عکاس چھ کران، یوتتھ تام زِ مشرقی ہندوستانس منز تہِ یس امیک ٲخری مرکز اوس۔ ۔
7162,"آن لائن یا سٹورَس منز ژھٲرِیو تمہِ چیزٗك سہی قٲمتھ وٗچھنہٕ باپت یٗس  توہہِ مۄلہِ ہیون یژھان چھِو۔
"
7163,1960 تہ 1970 کین  دہلین  دوران کوٚرآیہ بی ایمن اہم ڈانچہِ كِس  کمپیوُٹر بازرس پیٹھ غلبہٕ حٲصل ۔
7164,میوٕ مچھن منٛز چھِ دۄشوٕےNS4A تہٕ ہمسایہ NS4B أچھن ہُند نشوونما رُکاوان۔
7165,وجے نگرٕکہِ بادشاہ ٲسہِ تمام مذہبن تہٕ فرقن خٲطرٕ روادار، یِتھ کٔنہِ زن غٲر ملکی سیاحن ہنٛد تحریر  ظٲہر کران چھ ۔
7166,پنک اوس میچ زیننس تہٕ پنٕنۍ چیمپئن شپ برقرار تھونس منٛز کامیاب ۔
7167,"سورتَس مَنٛز کوٚر 30,000 لوکَو تِہُنٛد خٲرمقدَم۔"
7168,چووجیوُ سینٹائی لائیو مین چووجیوُ سینٹائی لائیو مین چھٗ اکھ جاپٲنہِ  ٹیلی ویژن سِلسلہٕ وار ۔
7169,"یمن منٛز چھِ جان جے شٲمل۔ کیلر مین ایوارڈ تہٕ ہنری نوفلڈ ایوارڈ۔

"
7170,سویڈنس منز چُھ بَچن ہُنٛد دۄہ اکتوٗبر چہِ گۄڈنِچہِ ژٔنٛدٕر وارِ دۄہ مناونہٕ یِوان۔ 
7171,یہ ہیٚکہ پنٛنہ خاص نموٗنہٕ کہ وجہ سۭتۍ ہوٲیی جہاز بردار جہازو پیٚٹھۍ پرواز نتھ۔
7172,شطرنج اولمپیاڈ شطرنج اولمپیاڈ چھ شطرنجٕچۍ اکھ تقریٖب یتھ منٛز زَن تمام قوٗمی ٹیمہٕ حصہٕ ہیٚکَن نِتھ۔
7173,"آسٹریلوی دورس دوران کٔر تٔمۍ برسبینَس منٛز نیوزی لینڈَس خٕلاف ون ڈے یَس منٛز پنٕنۍ گۄڈٕنِچ ففٹی۔
"
7174,इसतेमाल करन वॉलि सिंदि बापथ छु आनलाइन मदथ तॅ हेछ्नावन वॉलि वीडियो दसतियाब.  
7175,تہنٛز ٹیمہِ ہوٗرAJ لی ، کیٹلن تہٕ نومی نائٹس نش میچ ۔
7176,حسین سٕنز قبر بنییہ تمۍ سند مرنہٕ پتہ کینژن ورین پتہٕ شیعہ مسلمانن منز زیارت گاہ۔
7177,میزورم  کین لوکن چھ ونکیٛنس ہندوستٲنۍ ٲیینس تحت بطور درج فہرست قبیلہ تحفظ حٲصل۔
7178,"فروری 2014 کِس شُروٗعاتس منٛز آیہِ فِلمہِ ہِنٛدِ واریاہ شاٹ گریٹر نوئیڈا چہِ گوتم بُدھ یوٗنیورسٹی تہٕ گلگوٹِیاز کیمپس وَن تہٕ دی گرینڈ وینس مالَس منٛز نِنہٕ۔
"
7179,"براڈواج رنگنن ووٚن، ""کوئین ہٕنٛز کامیٲبی چھےٚ امہ کتھ ہٕنٛز تصدیٖق ز سامعین چھ زنانن پؠٹھ مبنی واریاہن فلمن خٲطرٕ یلہٕ، ہیوی ڈیوٹی ڈراماہن پیٚٹھٕ لۄکٹؠن، تیز ڈراماہن تام""۔"
7180,اکھ کھٕرِ دروازٕ چھٗ اکھ سوٗ دروازٕ یُس ڈالنہٕ سٕتہِ مٗتوٲزی كھٗلان چھُ ۔ 
7181,"اَتھ ٲسۍ صرف زٕ دروازٕ، مگر اتھ منٛز ہٮ۪کن ژور مُسٲفر تام بہتھ۔
"
7182,اہل الیکٹرانک دستخط چھ ڈیجیٹل سرٹیفکیٹک استعمال کران، یم تسلیم شدٕ سرٹیفیکیشن حکامن ہٕنٛد ذٔریعہٕ چھ جٲری یوان کرنہٕ۔
7183,یہِ سورُیہ چھُ مزاحیہ طریقہٕ سپدان لہذا أسہِ ہیکو نِتھ زِ فلمہِ منٛز چھُ اسُن۔
7184,تٔمۍ کٔر کیرالہ کس تریویندرمس منٛز مہاراجہ کالجس منٛز حیوانیاتس منٛز پننہٕ انڈرگریجویٹ ڈگری مکمل، یس وۄنۍ کیرالہ یونیورسٹی منٛز یونیورسٹی کالج، ترووننتھا پورم کہ ناوٕ سۭتۍ زاننہٕ چھ یوان۔
7185,کھیٚنہٕ چِہ کٔمی دوران ضٔروری اقداماتن ہندس صورتس منٛز کٔرِو پننِہ کٗمبٗک  قُلفو تہٕ بندوقو سۭتۍ بچاو۔
7186,تریٚیمہ دۄہہ، ماٹو پونگلک مقصد چھِ چارواین ہُند شکریہ ادا کرن، تکیازِ تم چھ دۄد فراہم کران تہٕ چھ زمین واینہٕ خٲطرٕ استعمال یوان کرنہٕ ۔
7187,یہٕ زبان چھ پر٘یتھ  وقتہٕ تبدیل گژھان روزان  تِکیازِ چھ نوِ  لفاظ چھِ  بناونہٕ تہٕ استعمال کرنہٕ یوان ۔
7188,یہ چھ زبان، رسمن ، تہٕ رقص فن كینصوُرتن  پیٹھ تہِ تحقیقی کٲم کران ۔
7189,"پَنُن دستخط لیکھنہٕ خٲطرٕ ترٛٲوِو “یُوٲرٕس فیتھفُلی“ یا “یُوٲرٕس سِنسیرلی“ تل اَکھ خٲلی جاے ییٚتین تُہۍ اَتھٕ سۭتۍ پَنُن دستخط ہیٚکِو کٕرِتھ۔
"
7190,جیب جابن کٔر ڈکسی سنٛز لیہِ پیٹھ بییہٕ اکھ اینیمیشن سیٹ ۔
7191,یہٕ اوس 18 مہِ تہٕ 19 مہِ صدی دوران یورپس منٛز خاص پٲٹھۍ عام۔
7192,تمۍ سندِ مرنہٕ پتہٕ دیوُت اورنگ زیبن، پننہِ منصوبہٕ حِسابہٕ زبردستی اجیت سِنگھ برونہہ كُن مغل فوجس منز شٲمِل كرنہٕ باپت ، سِنگھ سٕنز مۄنڈ تہٕ تمۍ سُند نیچوُ اجیت سِنگھ دِلہِ اننك حُكم ۔
7193,بہٕ چھس پننس ماڈیولر کچن آرڈرس منٛز تاخیر سۭتہِ پوٗرٕ پٲٹھہِ ناراض۔ وعدٕ کرنہٕ آمتس ڈلیوری ہندِس تٲریخس گٔیہِ ہفتہٕ وادٕ ، تہٕ مےٚ چھنہٕ پتاہ زِ  یہ کر آسِہ تیار۔
7194,پنجابس منٛز چھ وہراتُک موسم جولائی کس گۄڈنکس ہفتس منٛز شروع گژھان ییٚلہ خلیج بنگالس منٛز پٲدٕ گژھن وٲلۍ مون سونٕکۍ لہرٕخطس منٛز رود انان چھ۔
7195,باقی پسماندٕ طبقن ہنز  چھےٚ بنجابس منٛز 31.3 % آبٲدی۔ 
7196,اگرتو٘ہہِ  شٗرین سۭتہِ خریدٲری چِھو کران، یہِ چُھ خاص پٲٹھہِ اہم۔
7197,وونہِ گو٘ ، یورپ گژھن واجِنہِ تمام پروازٕ چھے٘ منسوخ كرنہٕ یوان ، ییمہِ سٕتہِ ولی سٕنز خانٛدارینہِ تہٕ نیٚچُِو ہوٲیی اڈس پٮ۪ٹھ درماندٕ گژھان چھِ ۔ 
7198,تٔمۍ کٔر 2010 منز ڈسکوری چینلس پیٹھ شارک ویکٕچ میزبٲنی تہ ۔
7199,مینوٗں اِک لڑکی چاہیے (ترجمہٕ۔ مےٚ چِھ أکھ کوُر ضرورت) چِھ 2014 ہٕچ ہندوستٲنی ہندی زبٲنہِ ہنٛز طنزیہ فلم یتھ منٛز رگھوویر یادو، پورو چھبر، ریچا سنہا تہٕ ذاکر حسین اداکٲری کران چِھ ۔
7200,واریاہ زیٛادٕ پیروکار آسنہٕ کنۍ چھ مولانا پنٛنؠن پیروکارن حکامن سٕتۍ مسلو نش دوٗر کران، تہٕ یتھ کٔنۍ چھ سہ پنٛنس طاقتس منٛز اضافہٕ کران۔
7201,2003  منٛز دِیُت فوربسَن سکواش گِنٛدنہٕ خٲطرٕ سارِوٕے کھۄتہٕ صحت منٛد کھیل ناو۔
7202,ناظریٖنن خٕطاب کَران دِیُت سٹیشن کَمانٛڈر دِمِتری کوٚنٛڈراٹِیو ہن  پانس سۭتۍ گیٚگارِن سٕنٛزِ سرٛانٛٹھ وایوٕنہِ تصویرُک  حوالہٕ یہ چھُ “پوٗرٕ اِنسٲنِیتچ کامیٲبی “ ۔
7203,فرانس 5: فرانس 5 چھ فرانس ٹیلی ویجنٕچ اکھ فرانسیسی ٹیلی ویجن چینل۔
7204,اقوام متحدہ چھ اتھ رپورٹس خطرناک قرار دوان۔
7205,اتھ منٛز چھ کیریبینٕکۍ واریاہ لوکھ ۔
7206,تٔمۍ ٲس فارمیسی پرڈیو یونیورسٹی ، ویسٹ لیفایٹ ، انڈیانا ، امریکہ منٛز پٔرمٕژ
7207,یہ کھیل آو تیز رفتارٕ سان گنٛدنہٕ تہٕ یہ اوس جوشہٕ دار واقعاتو سۭتہِ  بٔرتھ ۔ 
7208,جاٹ لوک چھ پاکستٲنۍ فوجس منٛز تہ کٲم کران خاص کٔرتھ پنجاب رجمنٹس منٛز۔
7209,ییٚمہ جہاتہ پیٹھٕ ایلین  یوان چھ، تتھ چھ  ناو زین ۔
7210,"سِکتا تہٕ کاویری چھِ اتھ کھنڈوا میدانَس بۄنہٕ کَنۍ رلان۔
"
7211,شُرین ہٕنٛدِ جنسی استحصالہ کِہ روک تھامٔک پروگرام اوس  امریٖکَہَس مَنٛز 1970 چِہ دہٲیی دوران تیار کرنہٕ آمت تہٕ دَراصل ٲسۍ بَچَن دِنہٕ آمِت ۔  
7212,1997 منٛز كو٘ر أمہِ  گۄڈٕنِچہِ لَٹہِ غلامے مصطفیٰ ہَس منٛز وکرم دیکشت سُنٛد معاون کِردار ادا ، یَتھ منٛز نانا پاٹیکر تہٕ روینہ ٹنڈنَن اداکٲر ٲسہِ ۔
7213,अलबता ओ एस चि नाकामी हिंद तमाम क॓स्म छिन् अहम गलती केंह.
7214,اتہ چھ ہندی فلم تہٕ ٹیلی ویژن انڈسٹری تہ، یتھ بالی ووڈ ونان چھ۔
7215,چیٖرا تہٕ چوٗلا خانٛدانن درمیان جنٛگ کس أکس بڑس دۄرس دۄران اۄس کالاریپایت 11 مہ صٔدی تام پنٛنہ موجودٕ شکلہ منٛز تیار گومُت۔
7216,اِبتِدٲیی پوسٹ مارٹم رپورٹہٕ سۭتۍ چھُ پتہ لَگان زِ کوٗر مۄیہٕ دَم گٔژھنہٕ سۭتۍ تہٕ کَلَس شدید صدمہٕ سۭتۍ۔
7217,بھگوان ہنومان اوس انجانیری بالس پیٛٹھ زامُت۔ 
7218,  جزیرس منز روزن والین ہٗند اہم اوذقہٕ چھٗ گاڈٕ رٹنہِ نتہٕ کھوپرٕ  ریشہِ ۔ ۔
7219,"امہِ  بٮ۪مارِكور نیو اورلینز پٮ۪ٹھہٕ سٹیم بوٹ وَتو سفر ، یمہِ سۭتہِ  تقریباً کُل 100,000-150,000 موُدِ ۔"
7220,امہ برٛۄنٛہہ ز تۄہہِ  تھٲویو کٗنہ ضروری چیزٕ خٲطرٕ کٮ۪نٛہہ پونٛسہٕ، پتھ ہییِوأکی  چیزٕ خٲطرٕ کٔریو مٗختٔلف دٗکانن پیٹھ قٲمتن ہٗنٛد مواضنہٕ۔
7221,امچ بنیاد ٲسۍ 1966 تھس منٛز ہیوی پی نیوٹن تہٕ بوبی سیلن ترٲومٕژ۔
7222,شکاگوہس خٲطرٕ اوس آرام مختصر تکیاز گیروکس سنٛد گول آو صرف 56ہو سیکنڈو پتہٕ۔
7223,"تٔمہِ سُند نیچُو، روٗسُک نِکولس II اوس روٗسُک ٲخری زار۔
"
7224,كانہا ، باندھو گڑھ، پینچ، پنا، تہٕ ست پورہ نیشنل پارکن ہُنٛد انتظام چھُ  بطور پراجیکٹ ٹایگر چلاونہٕ یوان ۔
7225,مثالے، تامل ناڈوٗہس منٛز چھٗ ماگھ میلہ آبس منٛز گۄتہٕ دِنكہِ رسمٗك اكھ قدیم تیوہار ۔
7226,پٹیلن وُچھ زِ بوس اوس  پارٹی پٮ۪ٹھ زیادٕ اختیار حاصل کرُن یژھان۔  
7227,مہاومش مطابق کٔر بِندوُسارن اٹھووُہن ورِین حکومت، ییلہِ زن پُرانٕو مطابق تمۍ پٕنژہن ورِہن حکُومت کٔر ۔
7228,عملہٕ چھ وضاحت کران ز تم چھ منظرس پؠٹھ نٔوۍ تہٕ چھ اکھ سٹیشن ژھانڈان یس شو نشر کرن یژھان آسہ۔
7229,افامیلانوٹایڈک مطالعہٕ چھٗ بطور پھیپھرن ہٗند یلاج كرنہٕ یوان ۔ 
7230,کوپُن چھِ سودہ بٲزی ہُنٛد اکھ مثالی ذریعہِ  ۔
7231,نیبوُلا اوس گۄڈٕنیُوک فلکیٲتی چیز یمچ شناخت توٲریخی سٗپرنووا دھماکس  سۭتہِ كرنہٕ آیہِ ۔
7232,تمام ورنمَن منٛز چُھ بٲتھ آسان، سۭتۍ سۭتۍ سورٕکۍ حِصہٕ تِہ، یِمن منٛز پلاوِی، انوپلوی، مکتایی سور، چرنم تہٕ چٹاسوار شٲمِل چِھ۔
7233,تامل ناڈوٗہس منٛز چھ کۄکر جنگُک ذکر پرٛٲنس ادبس منٛز یتھ کٔنۍ منوٗ نیدھی ساسٹرام، کٹو سیول ساسٹرام، تہٕ باقٕے سنٛگم ادبس منٛز۔
7234,ذٲتی واقعو کٔر عوامٕچ دلچسپی حٲصل تہٕ آیہِ پریسہٕ ذٔریعہِ  واریاہ  رِپورٹ کرنہٕ۔
7235,"یہِ چھِ کَن ژَۄمبنٕچ تقریٖب یۄسہٕ عموٗمَن زِنٛدٕگی ہِنٛدِس گۄڈٕنِکِس تہٕ پٲنٛژِمِس ؤرِیس درمِیان کرنہٕ چِھ یوان۔
"
7236,تِمو اوس 1930 ہَس منٛز بیکنزفیلڈ، آئیووا ہس منٛز اکھ جنرل سٹور کھولمُت۔
7237,"ریڈ وِنگَسن زینہِ چیمپئن شپ فائنلٕچ شیٚیِم گیم پٹسبرگ پینجینس خلاف  میلن ایرینا، پیٹسبرگس منز 3-2 سکورٕ سۭتہِ ۔
"
7238,الیگزینڈر کارٹر سُند ونُن چُھ زِ تٲریخی ثبوتن سۭتۍ چُھ پای لَگان زِ اوڈیسی مہارش تہٕ ڈانس ہالک فن تعمیر اوس کم کھوتہٕ کم 9 مہِ صدی عیسوی تام رائج۔
7239,ہِندوستٲنۍ زبانو علاوٕ، گِیو تمۍ کینژن بیرُونی زبانن منز تہِ، یمن منز انگریزی ، فارسی، عربی ، سِنہالا  ، مورِشِیایی ، کرِاولی تہِ پُرتگٲلہِ تہِ شامِل چھے ۔ 
7240,امہِ برونہہ الہٕ پلہٕ اكھ ریتھ كٕر اكہِ افغان دفٲعی افسرن پٗلیس سٹیشنس پیٹھ گولہٕ بٲری  كرِتھ تر٘ے امریكی سپاہ زخمی تہٕ  اكھ ژھنٗن مٲرِتھ ۔ 
7241,اوبِیٖڈ اوس 24 نومبر 1947 ہَس منز دیامانٹے، اینٹرے ریوزس منز زامُت۔
7242,أسہِ  چھِ تۄہہِ فلائٹ اتھہٕ  گژھنہٕ خٲطرٕ معٲفی منگان تکیازاسہ أسۍ  زیادٕ بٗک کرۍ متۍ۔
7243,یہ چھ اکثر 15 پیٹھہٕ 30 ہنن ورین ہندین لوٗكن منز شروع گژھان ، یا تِمن منز یِم 60 زیادٕ چھِ ۔ مرد تہٕ زنانہٕ دو٘شوے چھِ  ہِوی مٗتٲصِر نظرِ گژھان ۔ 
7244,پیرس تہٕ ایمسٹرڈیمس درمیان ہموار، تیز رفتار ٹرٛینہِ منز سفر کرنہٕ پتہٕ اوسس بہٕ پر جوش۔
7245,سدھی دتری چھےٚ پاروتی، بھگوان شیو سٕنٛز رٔنۍ۔
7246,"تٔمۍ گنٛدۍ 24 کھیل تہٕ 1997 تس تام کٔرن جاپانس خٲطرٕ 4 گول۔
"
7247,مازی (ترجمہٕ۔ ماضی) چھ اکھ ہندوستٲنی بالی ووڈ فلم، یمچ ہدایت کٲری جے دیپ چوپڑا ہن ٲس کٔرمٕژ تہٕ یمچ پروڈکشن جے دیپ چوپڑا تہٕ نریندر سنگھن ٲس کٔرمٕژ۔
7248,اکتوبر 2021 ہس منٛز کوٚر صدر بائیڈنن روزنورسلس مستقل ایف سی سی سربراہ نامزد۔
7249,الیکٹرانَن ہُنٛد یہِ لۄکُٹ کرنٹ چھ تمہِ وقتہٕ وسان ییلہِ پیوٚت لگ بگ سطحس کُن چھُ لگان۔
7250,ؤرلنٛگ بؠمٲرۍ چھ جوان گاڑن ساروٕے کھۄتہٕ زیٛادٕ تکلیف دوان، تہٕ ہیٚکہ أڑجؠن تہٕ اعصابن نۄقصان واتنٲوتھ۔
7251,یہٕ ہیٚکہ واریاہو مختلف موادو سٕتۍ بناونہٕ یتھ، یتھ کٔنۍ زن پلاسٹک یا لچکدار کپر۔
7252,ینگستان چھےٚ 2014 ہندوستٲنۍ ہندی زبانہ  ہنٛز سیٲسی فِلِم یَتھ سید احمد افضلَن ہدایت کٲری کٔرمٕژ چِھ۔
7253,"وننہٕ چھُ یِوان زِ چانکیہ سمکھیوو ننٛد بادشاہس  تٔمِس کھورُن شرارت تہٕ  تہ ژوٚل مشکلن پان بچٲوِتھ۔
"
7254,"کرمانسا چھُ بِہار کِہ کیمور ضلعہٕ کِس سروداگَس نزدیٖک کیمور پہٲڑی سِلسِلہٕ کِہِ شُمٲلی طرفٕہ 350 میٹر (1,150 فٹ) بٗلندی  پٮ۪ٹھٕہ نیران۔
"
7255,"تم چھ عموٗمن فزی تہٕ مٔدٕرۍ آسان، یتھ پتہٕ واریٛاہ مٮ۪وٕ مزٕ ہیُو چھ آسان۔
"
7256,ہوائی اڈٕكہِ  حفاظتی اہلکار چھ یہ وچھنہٕ خٲطرٕ چیک کران تہٕ لبان  ز ترٛے  لاشہِ  چھے٘ برامد كرنہٕ آمژٕ ۔ 
7257,160 حرفن ہُند حد تہ چھُ یُس ٹیکسٹ میسج  سوُزتھ ہیكہِ ۔
7258,ہِنٛدُستٲنہِ  سیاح چھِ کَیاک چلاونس  جٲری تھاونہٕ یِنہٕ والہِ کھیلہٕ بجایہِ    كٗنہِ وِزِ چہِ كاركردگی مانان ۔
7259,"ہِنٛدوستان چُھ ایشیاہُک سارِوٕے کھۄتہٕ پرٛون کورف بال گِنٛدَن وول مُلک۔
"
7260,سِرٛنٛگیری سِرٛی نِواس اوس صِرِف ژھۄپہٕ یَژھان۔ پرٛٮ۪تھ کٲنٛسہِ کَریٚیہِ مَدد کرنٕچ کوٗشِش۔ پاروَتاماہن کٔر شُرٮ۪ن بےٚعزتی کَرٕنۍ بنٛد۔ شُرۍ ٲسۍ لۄتہِ پٲٹھۍ أکِس نَرم بالہِ سۭتۍ کِرکٹ گِنٛدان۔ 
7261,یہ اعلان کوٚر از بین الاقوٲمی اولمپک کمیٹی (آٮٔی او سی) ہند صدر جیکس روگن ژورو مرحلہٕ ووٹنگ پتہٕ، یتھ منٛز لندن تہٕ پیرس شارٹ لسٹ کرنہٕ آیہ۔
7262,رایہ آیہِ  250 کھۄتہٕ زِیٛادٕ فلمَن منٛز ، تہٕ زینِن  پننِہِ  پوٗرٕ پیشورانہٕ زِندگی منٛز ترٛےٚ فلِم فیئر ایوارڈ ، سۭتی ٲس اَکہِ خٲطرٕ نامزد گٔمٕژ۔
7263,"لیڈٮ۪ن گزریوو 23 جولایی 2014ہس منٛز اکہ غٲر واضح وجہ سۭتۍ۔
"
7264,یہِ ٲس نظامَن قومی پارک بَناونہٕ خٲطرٕ دان کٔرمٕژ۔
7265,سارنا چھ سویڈن چہِ ڈلارنا کاؤنٹی منٛز الولڈین بلدیہ یُک اکھ علاقہٕ۔
7266,حتاکہِ ہندوستانَس مَنٛز چھنہٕ  سائیکلنگ اکہِ  پیشورانہٕ كھلٕكہِ پٲٹھہِ زاننہٕ یوان ،  یہِ چھِ  اکھ عام تفریحی کھیل تہٕ جِسمٲنی طور ٹھیكھ روزنہٕ باپت مقبوُل ۔
7267,یہ فلم ٲس جیری بروک ہیمر تہٕ چاڈ عمانن پروڈیوس کٔرمٕژ ۔
7268,کیٚنسَرس سٕتہِ  وایاہس کالس مُقابلہٕ کرنہٕ پتہٕ گُزرییہِ پرٛبھاؤتی دیوی 15 اپریل 1973 دوہٕ ۔
7269,فری بی ایس ڈی چھ واریاہن قسمن ہٕنٛدین کمپیوٹرن خٲطرٕ اکھ آپریٹنگ سسٹم ۔
7270,پراسیکیوٹر ہیٚکہ  فیڈرل اسمبلی اجازت دنہٕ نش انکار کرنہٕ خٲطرٕ اپیل کٔرتھ۔
7271,سُہ اوس 1936 پیٹھٕ آسام پردیش کانگریس کمیٹی ہنٛد رکن۔
7272,"نیٹ بال چھُ شُرٮ۪ن ہٕنٛزٕ ضروٗرتہٕ پوُرٕ کرنہٕ خٲطرٕ واریٛاہو طریقو پانناونہٕ آمٗت ۔ 
"
7273,لہذا ٲسۍ ارکانن، یم تمام صنعتٕک واریاہ اہم لوکھ چھ،منٛز مخالف جذبہٕ۔
7274, ییٛتہِ چِھ زٕ آبشار، بٕنِم آبشار، یُس زَن بِہتٕریٖن سٲر کَرنٕچ جاے چِھ، تہٕ پٮ۪ٹِھم آبشار، یُس بیہ تہِ تھزرس چھٗ ۔ 
7275,مثلن، محکمہ تجارت چھ تجارت تہٕ کاروبار کِس بارس منٛز قوٲعد بناوان۔
7276,مغربی تعلیم فراہم کرن وول گوڈنِیوٗك مقٲمی سكول آو “لیمبڈن سوشل ویلفِیر سوسایٹی“ نٲوِ مقٲمی انجٗمنہِ دٕسۍ 1973 منز كھولنہٕ ۔ 
7277,امہِ خٕطُک زیادٕ تر حصہٕ اوس سکھ سلطنت، یتھ پٮ۪ٹھ رنجیت سنگھَن 1839 ہَس مَنٛز پننِس مرنَس تام حکوٗمَت کٔر۔
7278,شیبا انو: شیبا انو چھٗ جاپٲنہِ ہونٮ۪ن ہٕٗنٛد  اکھ نٔسل۔
7279,یمن زبانن ہٕندی زیادٕ تر بولن وٲلۍ چھ یمن ہندی چہ بولہِ زانان تہٕ امہ کنۍ چھ مردم شمأرۍ منٛز پنٕنۍ زبان 'ہندی' ونان۔
7280,دیو کنڈ آبشار چُھ اکھ آبشار یُس رائے گڑھ ضلعس منٛز بھیرا ہس نزدیک واقع چُھ۔
7281,تہنٛدؠن ؤکیلن مطٲبق کوٚر کھوہن امہ حقیقتس پؠٹھ راحت تہٕ شکر گزٲری ہنٛد اظہار ز تٔمس ییہ نہٕ ننہٕ برٛونٛہہ پھٲنٛسۍ دنہٕ۔
7282,"گِرین ایکریس، فلوریڈا: گِرین ایکرز چھُ امریكاہس منٛز فلوریڈاہُک اکھ شہر۔
"
7283,گۄڈنیُک انتباہ اوس صبحچہ 9:30 بجہ جٲری کرنہ آمت۔
7284,1956 کس ریاستن ہنٛز تنظیم نو ایکٹن کٔر زبانن ہنٛدس بنیادس پیٹھ ہندوستانس اندر ریاستن خٲطرٕ حدودن ہنٛز وضاحت۔
7285,بُنیٲدی طور  وُڑوٕنین  جاناوارَن خٲطرٕ زاننہٕ یِوان، اَتھ منٛز چھِ كم تادادس چیتہٕ  تہٕ سٕہہ تہِ ۔
7286,اینی ین رلوو  اگیپ  ، تہٕ بنیو تیل تہٕ گیسٗ پٲدٕ كرن وول ،
7287,دۄنوے چھ اثر دار تہٕ تمن علاقن منٛز ینہٕ والؠن مسافرن خٲطرٕ تجویز کرنہٕ یوان ییٚتہ ٹایفایڈ مقٲمی چھ۔
7288,پننہِ ہمسایگی ہندِ خطٗك درجہٕ وٗچھنہٕ باپت ، گژھیو شہری منصوٗبہٕ بندی یا یِتھِسٕے شہری سركٲرۍ دفترس پیٹھ ۔
7289,این جی سی 4589-این جی سی 4589 چھ ڈراکو نکشترس منٛز اکھ ایلیپٹیکل کہکشاں۔
7290,بہٕ چھس پنٕن كھاہن نظر انداز كرنہٕ كِس یہنزِ گندگی كِنہِ ناخۄش۔ باسان چھ زنہٕ کٲنٛسہ چھٖنہٕ ؤری وادنیِم صاف كرنہٕ   خٲطرٕ زحمت کٔرمٕژ ۔
7291,امہِ مزیٖد چھُ PETA ہُک دعویٰ زِ چارواین ہٕنٛدۍ ڈاکٹر ہیکن یہِ انٛدازٕ فیصلہ کٔرِتھ زِ داند چھ ساروٕے  کھۄتہ صحت منٛد تہ جلی کٹو سٕنٛدِ کھۄتہٕ زیٛادٕ ساینسی بل ہٲوِتھ۔  
7292,پتہٕ گوٚو سُہ سٹاک ہوم تہٕ کٔرٕن بطور ڈاکٹر کٲم ۔
7293,عام سرگرمی یِمن منٛز اَمِہ قٕسمٕچہِ ہم آہنگ نظرِ ہٕنز ضرورت چِھے٘ ، چِھ اخبار پرُن تہٕ ہیٖرَن وَسُن۔
7294,"جینٹ نیپولیٹانو زاو 29 نومبر 1957 نیو یارک شہرس منٛز۔
"
7295,کپاس تہٕ تموک چھ ریاستٕکۍ نقدی فصل۔
7296,"ٹی بی یُک علاج چُھ بیکٹیریا مارنہٕ خٲطرٕ اینٹی بائیوٹِکن ہٗند  استعمال کران۔
"
7297,ایگوسینٹراِزم  اصطلاح ٲس زیادٕ پٲٹھہِ أکہِ مٲہر نفسیات  پیگیٹن بنٲومٕژ ۔
7298,تم ٲس 1964 پیٹھہٕ 1974 تام کلاوڈیو گوزمینس سٕتۍ شادی شدہ۔
7299,کیا تۄہہ چھنا یہ تِہ پَے ز بہٕ چھس تہنٛدِ بینکُک گراکھ؟ (کسٹمر)
7300,"تِم ہیکَن لٔکرِ، پلاسٹک یا باقی موادٕکۍ شٹر تہِ ٲسِتھ۔
"
7301,تنہٕ پیٹھہٕ  چھُ یہِ دُبارٕ زِیٛادٕ منظم گوٚمُت، كینژھاہ فِنِش کٕلبن تہٕ شوقیٖنن سۭتہِ  تبادلہٕ ذٔریعہٕ۔
7302,سرووٹکا سُنٛد اعلان آو برطٲنوی حکومتچ  نٗمٲیندگِی کرن وٲلین  وکیلن ہٗنٛد ہڈتال رٗکاونہٕ خٲطرٕ حکم نامہٕ حٲصل کرنٕچ کوٗشش کرنہٕ خٲطرٕ ہاے کورٹَس منٛز گژھنکہِ اکِہ گٲنٛٹہٕ برٛونٛہہ کرنہٕ۔
7303,نار ژھیوراون والین ہٗند  عملہٕ تہٕ اکھ ہیٚلی کاپٹر روزِ كان٘ہہ  ریہہ بییہ ہینس رُکاونہٕ خٲطرٕ۔
7304,اعضاء چھ اووا، یا ٹھول چہ خٕلیہ پٲدٕ کران، یم تولید خٲطرٕ درکار چھ آسان۔
7305, واریاہ جلدی  چھِ لُوکھ شرُکھ ناوٕ  زِنٛدٕ ژھاوجِہ ہِنٛدِس أکِس  ٹُکھٕ مۄکھ ژُوان۔
7306,جینوس لوٚگ 1925 منٛز کوٚٹھۍ اڈجہ زخم، ییٚمہ سۭتۍ تمۍ سند فعال کیریئر ختم گوٚو۔
7307,ہیکٹرن لیٖکھۍ پنٕنۍ واریاہ بٲتھ جین ینی تہٕ جیرارڈ سایرس سۭتۍ۔
7308,بۄنہٕ كٕنہِ  چِٗھ پرٛٮ۪تھ أکس وفاقی شہری سنزِ زرخیزی ہٕنٛدِ کُل شرحٗك  فِہرست ۔
7309,بلكٗل ٹھیكھ پٲٹھہِ لیكھِو زِ پریتھ ریتہٕ بچتہٕ باپت كیاہ چھٗ تٗہٗند منصوُبہٕ ۔  
7310,"أمہِ كو٘ر اندریا سنگھ سُنٛد کِردار ادا ، ییٚمہِ  لوُکھ ہندوستانٕہِ  تٲریٖخَہٕ  نِشہِ  آگاہ کٔرِ ۔
"
7311,کٮ۪نٛہہ سپیگمومانومیٹر، خاص طور تم یم لوٗکھ گرس منٛز استعمال چھ کران، چھ خۄدکار آسان۔
7312,تٔمۍ گیون کینیڈین فٹ بال لیگس منٛز مونٹریال الوئٹس خٲطرٕ تہ ۔
7313,مارکس گٗزریو 24 جٗلایی 2020 پیرسس منٛز، 86 وٗہٗر ۔
7314,"سمندری سطح پیٛٹھٕ 6,150 میٖٹر تانۍ وۄپدن وول کُل، لداکیٖلا کلِمیسی، اوس ییٚتہِ ساروٕے کھۄتہٕ گۄڈٕ بیان کرنہٕ آمُت تہٕ اوسُس یتھ خٕطہٕ کِس ناوس پیٛٹھ ناو تھاونہٕ آمُت۔"
7315,کھڑا لنگس  چھ ہلکہٕ ہجر آسان عام۔
7316,وٕرنل چِھ یونٹل کاؤنٹی، یوٹاہ  ریاستہائے متحدہ امریکاہٕس   منٛز اکھ شہر۔
7317,درجہ بٔنٛدی چھےٚ بین الاقوٲمی زبٲنۍ پٮ۪ٹھٕ معدوم زبٲنۍ تام ۔
7318,اجَنتا، ایلورا، تہٕ ایلیفینٹا کٮ۪و  أمہِ  سٕنٛدٮ۪و دورو كو٘رامہِ سندِس  ہِندوستٲنہِ  فنس  قدركرنس  منز ہٗریر ۔
7319,"جنواوَن دِیُت یہِ حملہٕ ""اکھ منظم، گۄڈٕے سوچنہ آمُت پرتشدد دہشت گرد حملہٕ"" قرار۔
"
7320,سینٹرلے ریجن سینٹرلے چھٗ ٹوگو کیٛو پانژو خٕطو منٛزٕ اکھ ۔
7321,اَمہِ پتہٕ چھُ ریفری اکھ سِکہٕ ٹاس کران تہٕ ٹاس زینَن وول چھُ فیصلہٕ کران زِ گۄڈٕنیُک سٹرائیک کُس چھُ کران۔
7322,ییٚلہ سُہ توتن ووت ، سہ آو واریاہَس کالس پیارنہٕ  خٲطرٕ مجبور کرنہٕ۔ 
7323,"مثالہٕ پٲٹھۍ کبڈی بنییہ پرو کبڈی لیٖگہ طرفہٕ زور دنہٕ پتہٕ اکھ عٲلمی رجحان۔
"
7324,"أمۍ سٕنٛز موج، جے لکشمی چھےٚ تامل تہٕ چھےٚ پیشہٕ لحاظہٕ زچگی ہنٛز مٲہر تہٕ گایناکولوجسٹ۔
"
7325,اتھ كدلس آو  لارڈ بائرن سندِ دٕسہِ  19 مہِ صدی منٛز ناو تھونہٕ  ۔
7326,ہیند قدامت پسندی نش انحراف کرن وٲلہِ شمنک ہیندِ طرز عمل تِہ روُد ییتہ برقرار۔
7327,"اگر نہٕ توہہِ  زیادٕ پوٚنٛسہٕ زیٖنِو،  اَمیُوک مطلب چھُ زِ تۄہہِ نِش چھِ تکنیٖکی طور  پرٮ۪تھ رٮ۪تہٕ خَرٕچنہٕ خٲطرٕ کم پوٚنٛسہٕ۔
"
7328,سٹیڈیمس منٛز كڈنہٕ آمتین  ہنٛزِ رہٲیشہِ علاوٕ آو کھیل ملتوی کرنٗک فٲصلہٕ واریاہو باقیو وجوُہاتو كِنہِ كرنہٕ ۔ 
7329,یہ چھ نیشنل لیکروس لیگ کس ویسٹ ڈویژنک حصہٕ ۔
7330,سۄ آیہِ پٔتمہِ بٹہٕ وارِ ،6 نومبر پریا گرانٛڈے، ساؤ پالوَس منٛز پننٮ۪ن رشتہٕ دارَن سۭتۍ باربیٚکیٚوہس دوران اغوا کرنہٕ۔
7331,جنوب مشرقس منز چھ کوٹا تہٕ بوندی ضلعن منز اکھ بوٚڑ علاقہٕ اکھ ٹیبل لینڈ بناوان۔
7332,یہ بٲتھ چھٗ 1952 ہک پیریز پراڈو سازک ریمیک۔
7333,فِلمہِ منٛز بَچن سٕنٛز اَداکٲری آیہِ فِلِم فِیَر بٮ۪سٹ اٮ۪کٹر اٮ۪وارڈ تہٕ فِلِم فِیَر اٮ۪وارڈ فار بٮ۪سٹ میل پٕلے بیک سِنٛگر، دۄشوٕنی خٲطرٕ نامزَد کرنہٕ۔ 
7334,"اَمہِ علاوٕ چھِ نینٛدرِ ہٕنٛز تٔحقیٖق نسلس  تہٕ طبقَس منٛز فرق ظٲہِر کران۔
"
7335,قبطی زبان یا قبطی مصری چِھ اکھ مصری زبان ۔
7336,پرٛتھ ملکس چھ الگ الگ حقوق  فند ننکۍ۔ 
7337,"میتی ہندۍ مذہبی گروپن منز چھ سناماہی، میتی عیسٲیی، ہیندۍ، پنگل تہٕ منی پوری برہمن (یتھ مقامی طور ""میتی بامون"" ونان چھ) شٲمل۔"
7338,یہ علاقہٕ چھ جمہوریہ ہندوستان تہٕ برماہس سۭتہِ بنگلہ دیشٕٗك سرحد بناوان ۔
7339,واریاہ کم لوٗکھ چھ رازدارانہٕ خریدار تہٕ صرف رازدارانہٕ خریدار۔
7340,تم سنٛز نانۍ گیۍ اوباما سند صدر بننک ایلیکشن زیننہ بروہی فوت۔ 
7341,یقینی بنٲوِو زِ تِم سٹور كریوٗكھ وارٕ پٲٹھۍ نِشان دہ یِم مخصوص وقتس باپار كران چھِ تہٕ وقت تہِ كریو واضح پٲٹھِ سرٕ ۔ 
7342,دوٚیمِس نمبرَس پٮ۪ٹھ مِلے ترک سبیل اوزکانَس 199 پوائنٹ۔
7343,پتہٕ کوٚر 2008 ٹھس منٛز کساد بازٲری ہٕنٛدِ وجہ سۭتۍ ہونڈاہن اعلان زِ تِم تراون ایف1۔ 
7344,فرد یس تسٗند مول وننہٕ یوان چھٗ ، جوزف ،اوس  اکھ چھان۔
7345,ہندوستان کِس سلطنت تہٕ مو٘غل دورن دوران آیہ مٔنٛدرن منٛز نژن وٲلہ سلطانن ہندِس عیالٗك  تہٕ دربارن ہنز تفریح فراہم كرنہٕ باپت  منتقل کرنہٕ۔
7346,1 اکتوٗبر 2011 بنیوو کیرالہ ملکس منٛز گۄڈنچ ریاست یتہِ پرٛیتھ گامس منٛز کم از کم اکھ بینکنگ سہولت چھےٚ۔
7347,تقریباً 450 عیسوی، ابتدٲئی چالوکیہ اَنٛدازٕچ شروعات گیۍ ایہولَس منٛز تہٕ یہِ آو بادامی، کرناٹٕکا تہٕ پٹاداکل، کرناٹکا ہَس منز پورٕ کرنہٕ۔
7348,امہ برونٹھ آسہ مینگروون ہنٛز ٲٹھ ذٲژ موجود، حالانکہ وۄنۍ چھ صرف ژور باقی: ایجسیرا کارنکولیٹم، ایویسینیا مرینا، سیریوپس ٹیگل، تہٕ ریزوفورا میوکروناٹا۔
7349,خیال چُھ جنوری-فروری 2016 ہس منٛز اکہ لٹہِ تہٕ  جوُن-جٗلائی 2016 ہس منٛز اكہِ پھِرِ  ٹورنامنٹ گنٛدٗن ۔
7350,کافی چھِ عموُمن گرم گرم پیش كرنہٕ یوان ، تہٕ چھے٘ واریاہن مٗلکن منٛز  مقبوُل مشروُب ۔
7351,"1856 ہس منٛز ڈیموکریٹک دوبارٕ انتخاب ہارنہٕ پتہٕ گوٚو پیٲرس پنٛنہ خانٛدارنہ سۭتۍ سبکدوش۔
"
7352,برمنگھم سٹی فٹ بال کلب چُھ اکھ انگریز فٹ بال کلب ۔
7353,1571  منز ہارنٲوۍ پرتگٲلۍ فوج زمورین فوجن چلییم قلعہ کس  جنٛگس منٛز۔
7354,"لی سیڈولن کوٚر ""گو"" نٲمی گیم گنٛدن بنٛد کرنک فیصلہٕ ییٚلہ أکۍ کمپیوٹرن أمس خلاف گیمہ منٛز فتح حٲصل کٔر۔ سہ اوس اکھ بہترین کھلٲڑۍ تہٕ مےٚ چھ تٔمۍ سند گِندن سخ یاد یوان ۔"
7355,یہِ چھ متوازی پٲٹھۍ ملک کس تنگ ترین مُقامَس پیٹھ۔
7356,أامہِ وِزِ ہیكہِ نہٕ اکِس زنانہِ بییہِ زوٗوٕ آسنٗك  پتاہ تام ٲسِتھ ۔
7357,"تمام وِنڈوز لایِو ایٚسینشَل پرٛوگرام چھِ 10 جنؤری، 2017 ہس تام بنٛد کرنہٕ آمٕتہِ ۔
"
7358,2003 ہٕچ سین سٕنٛز اکھ تصویر چھ لندنس منٛز نیشنل پورٹریٹ گیلری منٛز لگاونہٕ آمٕژ۔
7359,"تجارت تہٕ پھہلیوو جزیرہ نما مالے کہِ ذریعہِ جنوب مشرقی ایشیاہس تام۔
"
7360,یِژژھنٕیہ مِثالَن منٛز چھِ مہاراشٹرَس منٛز لَبنہٕ یِنہٕ وٲلہِ بٔڑِ بودھ چیتا شٲمِل، یِتھہٕ کٔنہِ  اجنتا تہٕ کرلا غارَن منٛز چھِ ۔
7361,"1972 منٛز کٕر تمہِ  ہارورڈ یونیورسٹی پیٹھہٕ یزتہٕ تہٕ تٲلیمی قٲبلیتہٕ سان   گریجویشن۔

"
7362,"اخلاقیات چِھ زیادٕ عام نوعیتک اقدار یم سرگرمی سۭتۍ جُڑتھ چِھ۔
"
7363,"کمبھوج چھُ مہاراشٹرٛا کِس کولہاپور ضلعس منٛز واقع أکِس قدیم قصبُک ناو۔
"
7364,کمپوزرو کٕر  پنٕنہِ موسیقی موسیقی سٹیون پٮ۪ٹھ لیکھٕنہِ  شروع ۔
7365,"ییٚلہ برطانوی فوج بٔڑس ٹینٛکس کن پکان اوس، یہِ آو وٕچھنہٕ ز نواب سٕنٛد فوجک کھوور دستہٕ اوس باقین پتھٕے روٗدمت۔
"
7366,بھارٕ  شیٖنَہٕ تہٕ صِفرٕ كم درجہ حرارت كِنہِ چھے٘ ہتہٕ بٔزٕ پروازٕ مَنسوُخ گٔامٕژ تہٕ اہم  سڑکن پٮ۪ٹھ چھُ آمدورفتس مَنٛز خلل پیٚومُت۔
7367,ژورو زندٕ بچنہٕ والیو بٲغیو منٛز گوٚو اکھ شراب چٮ۪تھ بلہٕ پٮ۪ٹھٕ بۄن۔
7368,"خانہ بدوشو کوٚر میرک ختٗك  بادشاہ قتل تہٕ آیہِ  جَب ہٮ۪تھ   بھوُٹان پٮ۪ٹھہٕ  یتھ علاقس مَنٛز ژلِتھ ۔
"
7369,کاربار ہیٚکہ سٲلِسی  منٛز شرکت کرنہٕ خٲطرٕ تیار ٲستھ۔
7370,توہۍ ہیكِو نیبرٕ كٕنہِ باغس منز تہِ  پوش وۄپدٲوِتھ خوشبوُ دار چیزن باپت ییلہِ موسم اِجازت دِیہ۔ 
7371,دسمبر تہٕ جنوری چھِ سارِوٕے کھۄتہٕ سرد ریتھ، ییٚتہِ سارِوٕے کھۄتہٕ کم درجہٕ حرارت ہِندوستٲنۍ ہِمالِیاہس منٛز لبنہٕ چھُ یِوان۔
7372,قدیم ہندوستانس منٛز ٲسہِ کتھک رقاص سفری شٲیِر   تہٕ یِمن ٲسہِ کتھک یا کتھاکار ونٛان ۔ 
7373,"पन्नि माहोल रोसतुय अख गुमनाम फंक्शन छेन् क्लोजर केंह।
  "
7374,تٲریٖخ دان دشرتھ شرماسٕندِ  مُطٲبِق چھُ یہِ غٲلِبن د سمیوگیتایہ ہٗند حوالہٕ۔
7375,گواسکر آو دویمہ اننگہ منٛز 96 رنن پیٹھ آؤٹ کرنہٕ تکیاز ہندوستان آو آؤٹ کٔرتھ پاکستانس 1–0 سیریز زیناونہٕ۔
7376,"یِمو خاندانو بنوو پتہٕ 1947 ہَس منٛز دیما پور جین مندر، 1947 منٛز ایس ڈی جین سکوٗل تہٕ 1975 منٛز ایس ڈی جین چیریٹیبل ہسپتال۔
"
7377,"ہِنٛدُستٲنہِ مذہبن ہِنٛدِس أکِس مُفکِر جیمز لوچٹفیلڈ سندِ  مُطٲبِق چھُ کٗمبھ مٲلہٕ تہٕ اَتھ مُتعلِق تٲریٖخی اعداد و شمارُک جملہٕ ابتدٲئی ہندوستٲنہِ متنو  منٛز غٲب ۔
"
7378,حیدر علین زٮ۪ونُک صحیح وقت چھُنہٕ یقینی طور  پتہ۔
7379,یہِ چھٗ کٲم کران ، مگر آبس چھٗ ہنا بے مزٕ بناوان ۔
7380,یم چھ سری اکال تخت صاحب، دمدمہ صاحب تہٕ آنند پور صاحب۔
7381,بۄد وارِ دۄہہ صٗبحیہ چھٗ بایو بایو  علاقس منٛز چھُ او این ایی ایم آیہ کہِ طرفہٕ کم از کم 29 ملی میٖٹر ٹِموُکوہس منٛز ترٛواہ ملی میٖٹر تہٕ چلانس منٛز  8.8 روٗدُک اطلاع دِنہٕ آمٗت ۔
7382,"کِرِیات مَٹلون - کِرِیات مَٹلون چُھ پیٚٹا ٹِکوا ہس منٛز اَکھ پرٛون رِہٲیشی محلہٕ۔
"
7383,1701 منٛز، اِنگلینڈ، پُرتِگال تہٕ نیدرلینڈن کوٛر ہسپانوی جانشینی ہِنٛدِس جَنگَس منٛز سپین تہٕ فرانسَس خلاف مُقدَس رومَن سَلطَنَتُک طرفٕہ، یُس ترہو ؤریَن تام جٲری روٗد۔
7384,"2011 چہِ مردم شمٲری مطٲبق ٲس اَمِہ قصبٕچ آبٲدی 49,648۔"
7385,ییٚلہ یہ گژھان چھ، یہ حالت چھےٚ حملہٕ کٮ۪و 20 ہفتو پتہٕ شروٗع گژھان۔
7386,یم اوزار چھ گوڑنچ ثقافتی مصنوعات یم جدید دورس تام موجود چِھ۔
7387,یہِ چھٗ ہندوستٲنہِ، چینی لوُکو٘، عربو، ملایو٘ تہٕ یورپیو٘ سٕتہِ   متٲثر۔
7388,موکسایڈیکٹن چہِ مولہٕ آنكون بطور سكیبِز كہِ یلاجہِ كرنہٕ یوان ۔ 
7389,کلاسیکی زنانہٕ بلیوز کلاسیکی زنانہٕ بلیوز میوزک آو 1920 پیٹھہٕ 1929 تام گیونہٕ ۔
7390,ہیانگ تنابا، یتھ ہی یانگبا تنابا تہ ونٛنہٕ چھ یوان، چھ اکھ روایتی ناو چلاونٕچہ دوڑ تہٕ پاناہن ہنٛد تہوار۔
7391,"اَتھ علاقَس منٛز چھِ باقی گۄپھہٕ کرلا گۄپھہٕ، پاٹن بودھ گۄپھ تہٕ ناسک گۄپھہٕ ۔
"
7392,چیرنوہن کٕر بنیٲدی طورس پٮ۪ٹھ شیٚشتٕرس سٕتۍ کٲم تہٕ تٔمۍ سٕنز کٲم آیہ تجریدی فن کس طورس پٮ۪ٹھ درجہٕ بنٛد کرنہٕ۔
7393,وونہ گو٘، یہ کردار ادا كرٗن آو مٗسترد كرنہٕ  تکیاز خان اوس تمہِ وقتہٕ  دنگلس منٛز برون٘ٹھیہ  مٲلہِ سٗنٛد کِردار ادا کران۔
7394,بٹر کیک چھ اکثر تھٔنۍ تہٕ کھنٛڈ رلٲوتھ نرم گژھنس تام بناونہٕ یوان ۔
7395,فیسس منٛز اضافہٕ ہیکہ تہنٛدس كٗمبس پیٹھ غٲر ضروری مٲلی دباو ترٛٲوتھ۔
7396,یہٕ آو تبدیل کٔرِتھ وولورتھس میٹرو اسٹورس سٕتۍ  دوبارٕمنسلک کرنہٕ۔
7397,"اتھ برعکس چھ ناسک، پونے، احمد نگر، دھولے، جلگاوں، ستارہ، سانگلی، سولاپور، تہٕ کولہاپور کین کینژن حصن منز ورۍیس 1,000 ملی میٹر یا 40 آنٛچہ کھۄتہٕ کم رود پیوان۔"
7398, اتھ ہندی پٲٹھہِ  مکمل دستاویزی فلمہِ منٛز چھِ ضیا محی الدین ڈگر سنٛدِس  نیٚچوِس  نوجوان بہاوالدین ڈگرس سٕتہِ  تمہِ سٕندِ  دۄشوٕیہ  وۄستاد ہاونہٕ آمٕتہِ  ۔
7399,تمہِ كو٘ر  نہٕ بطور گۄڈٕنِچ ، دوٚیِم یا ترٛیٚیِم تیراك  اِختِتامَ ۔
7400,تٔمۍ زیوٗن کارلسنس برٛونٛہہ ٹورنامنٹ، یس 2013 منٛز کارلسنس نش کلاسیکل چیمپئن شپ ہارنہٕ پتہٕ عالمی چیمپئن شپس منٛز تمۍ سٕنٛز گۄڑنچ فتح ٲس۔
7401,کھلٲڈِس چھٗ كوُشِش كرِتھ  كھیل زیننہٕ باپت  تمام  پانژن سوالن ہنٛد جواب دیوٗن ۔
7402,"کوان ہیٚکہ گیٚوتھ تہ، تہٕ چھ پنٛنس مستقبلس منٛز زیٛادٕ گٮ۪ون یژھان۔
"
7403,پٗلکیشن II سُنٛد ایہولے نوشتہٕ، یُس أمہِ سٕنٛدِ دربٲرِ شٲیر روی کیرتی ین سنسکرت زبانہِ تہٕ کننڑ 	رَسمُ الخَطس منٛز لیوٗکھمُت اوس، چھُ کلاسیکی  شٲیری ہُنٛد اکھ  حصہٕ ماننہٕ یِوان۔
7404,ونڈوز موبایل 7 بلڈ 7100 آو 29 جولایی دۄہ 2008 ٹھس منٛز جٲری کرنہٕ۔
7405,نایلینڈ: نایلینڈ چھ سویڈن چہ ویسٹرنورلینڈ کاونٹی منٛز کرمفورس بلدیہک اکھ علاقہٕ۔
7406,2005 ہَس منٛز آو تِمِس پیٹھ عصمت دٔری ہُنٛد اِلزام ٲید كرنہٕ مگر سُہ آو نہٕ مُجرم لبنہٕ۔
7407,کینڈی فلاس کینڈی فلاس چھ کھنڈ یُس ہواہس سٕتۍ ولنہ چھ یوان ۔
7408,مثال پٲٹھۍ، ڈوپاماین چھ اکھ کیمیکل یس محرک تہٕ خوشی متٲثر چھ کران۔
7409,آی آر سی اسٲمہِ  چھٗ   اکھ کمپیوُٹر پروگرام یٗس آی آر سی یس سۭتہِ  کٲم  کران چھٗ  ۔
7410,مشہور ترپوٗرۍ بادشاہن ہٗند اکھ فہرست چھٗ راج مالا توٲریٖخس منٛز دِنہٕ آمٗت ، 15ہِمہِ صدی ہِنٛزِمنضوُم بنگٲلہِ توٲریٖخ  یۄس دھرم مانکیہ اول سٕنٛدیو دربٲرۍ پنڈتو لیچھمٕژ چھےٚ۔
7411, ادھم خان ، یُس ونہ زندے اوس، تسندموت یقینی بناونہٕ خٲطرٕ دیُت   اکبرن بییہٕ اکہِ لٹہٕ کَھکھٕر دِتھ آگنَس منٛز دٲرِتھ۔
7412,یہ چھ لاس لاگوس علاقس منٛز صوبہ اوسرنو ہک دارالحکومت۔
7413,یہ وٗچھٗن اوس مویوس کٗن  ز اسامہِ ہندِس دفترس منٛز اوس  نہٕ کینٛژن  جاین  تیوت توجہ یوان دنہٕ یُس یہِ نپہٕ نپہٕ كروٗن تھونہٕ باپت ضروری اوس ۔
7414,امہ پتہٕ چھُ ماہراز ماہرینہِ ہنٛدس کلس پیٹھ پنُن اتھہٕ تھوان تہٕ ونان زِ وٗنِكہِ پیٹھہٕ آسہِ سۄ تمہِ سٕنٛز خانٛدارینہِ تہٕ سوُ بچاوِ تس کُنہِ تہِ خطرٕ یا نۄقصانہٕ نِشہِ ۔
7415,یہِ چھٗ اكہِ سفرٕچ وضاحت كران  یٗس تمہِ جنوُبی افریقہٕ مٕنزِ كو٘ر ۔ 
7416,شرٮ۪ن آو کمرس منٛز تماشن سۭتہِ  گِنٛدنٗک اِجازت دنہٕ ۔
7417,امہ سۭتۍ گوٚو رفیع احتجاجس منٛز گنیزس  چٹھۍ لیکھنہٕ خٲطرٕ مجبور۔
7418,تنہٕ پٮ۪ٹھٕ چھ اتھ واریاہن زبانن من ترجمہ کرنہ آمت۔
7419,23 اپریل 1930 ہَس مَنٛز آو غفار خان رٔٹِتھ نِنہٕ۔
7420,أمہِ كٕر  ہِنٛدی، تامِل، انٛگریٖزی تہٕ فرانسیسی فِلمَن تہٕ ڈراماہَن منٛز اداکٲری ۔
7421,ٹرٛمپن ووٚن زِ انتخاب آو ژوُرِ نِنہٕ تہٕ كرن انخٲبی نتیجہِ پھِرںچ كوُشِش ۔
7422,گورنر چھ ریاستک رسمی سربراہ ، ییٚلہ زن وزیر اعلی تہٕ امۍ سُند مجلس  دۄہ دشہ چین سرکٲرۍ کامین ہندِ باپت ذمدار آسان چھُ۔
7423,"بمبیہِ منٛز گاڑِ ہُنٛد منظر شوٗٹ کرنہٕ پتہٕ گوٚو کُمار کھنڈالا واتنس تام گاڑِ تِکیازِ ہِدایت کار گوٚو ""کٹ"" ونُن مشتھ۔
"
7424,چیرا چھ وسطی دور کس شروعاتس منٛز وسطی کیرالہ تہٕ مغربی تامل ناڈوس پیٹھ قابو کرنہٕ کِنیۍ زاننہٕ یوان ۔
7425,تِمَو چلٲو  مۄنڈن ہِنٛدۍ دُوبارٕ کھاندر تہٕ زَنانَن ہنزِ تعلیمہ باپت مہم۔
7426,"یہِ تصوٗر آو وارٕ وارٕ باقی سرکردہ کرکٹ مُلکَن منٛز مُتعارُف کرنہٕ تہٕ گۄڈٕنیُک محدود اوورَن ہُنٛد بین الاقوٲمی میچ آو 1971 تھس منٛز گِنٛدنہٕ۔
"
7427,کروبن ہٕنٛدِ مددٕ چھِ اکھ عام ہیلنی اندازس منٛز أنٛدۍ پٔکۍ نظرِ گژھان۔ 
7428,یہ چھ اکھ شو٘د رقص، یٗس  دیوی دِوتاہن، گروُ ہن تہٕ جمع پیشكار ٹیمكہِ آشِرواد خٲطرٕ دٗعا  تہٕ شُکریہ اِكوٹہٕ  رلاوان چھُ ۔
7429,موجودہ لوک سبھایہ منز چھٗ   لداخ حلقٗك  رٗکنِ  پارلیمان بھارتیہ جنتا پارٹی ہٗند  جمیانگ تسیرنگ نامگیال ۔
7430,ساینس دانن ہٕنٛدۍ گروپ چھ پنٛنیٚن منصوٗبن مطٲبق بار کوڈ کرنہٕ خٲطرٕ مختٔلف جیٖنن ہنٛد انتخاب کران ۔
7431,سُہ آو دۄشوٕنی ٹورنامنٹَن منٛز ٹورنامنٹُک گول کیپر نامزد کرنہٕ۔
7432,"سٹاک ویل چھ یونایٹڈ سٹیٹس کہ نیبراسکاہک اکھ گام۔
"
7433,کرکٹ تہٕ فٹ بال چھ دلہ منٛز ساروٕے کھۄتہٕ زیادٕ مشہوٗر کھیل۔
7434,برنہیلڈے چھٗ تس ونان زِ سٗہ ہیکہ نہٕ پننِہ قسمتہٕ نِش بٔچِتھ ۔
7435,تریپورہ ریاستس منز چھُ امہ ریلوے ٹریکک کل زیچھر 153 کلومیٹر۔
7436,ویشنو ہندو مت اوس منی پور سلطنتک ریاستی مذہب۔
7437,دسمبر 2019 منٛز آو اکھ نوٚو سیریز جٲری کرنہٕ ۔
7438,برازیلی گرینڈ پریکس آیہ گۄڈنچہ لٹہ 1972  منٛز انٹرلاگوس منٛز منعقد کرنہٕ ۔
7439,بالہِ لٕج  گاسَس سۭتہِ  تہٕ دِتٗن  مارک شوارزر سٕنٛدِس کھوورِس اتھس دوكھہٕ ۔
7440,اکتوبر 2018 ہس منٛز، ہف پوسٹس سۭتہ اکس انٹرویوُ ہس منٛز،لگوو  فینٹم فلمزٕکہِ  أکہِ سابق ملٲزم  بہلس پیٹھ فلم بامبے ویلویٹ کس فروغیٲتی تقریبہٕ پتہٕ  جنسی طور ہراساں کرنک الزام ۔
7441,1879 منٛز پال ایرلچ سنٛدِ ذریعہٕ ماسٹ سیلن ہنٛدِ  دریافتن  او٘ن ارٹیکریا تہٕ یٚیتھی حالت الرجک حالاتن ہنٛدس  جامع خیالس تحت ۔
7442,ورُن اوس وۄنۍ  بدلیومُت شخص۔ سُہ چھُ ہنی تہٕ مونیکاہَس شُر وچھنک دعوت دوان۔
7443,ڈینور برونکوس باپتھ امریکی فٹ بال کھلٲڑۍ کینی میک کینلے اوس 23 ؤرشہِ وٲنٛسہِ منز  موٗدمُت وُچھنہ۔
7444,بہٕ گٔیوس پاگل ییٚلہ مےٚ سایبر سیکیورٹی ہٕنٛز خلاف ورزی سۭتۍ پنٛنہ عیالٕکۍ فوٹو رٲوۍ تہٕ مےٚ چھےٚ امید ز بہٕ رٹن سہ نفر ییٚمۍ یہ کوٚر۔
7445,بولڈرنگ چُھ گیئر ، بلیئر تہٕ متعلقہ پریشانین بغٲر یوان ۔
7446,کُمار اوس 1970 تہٕ 1980 كین دہِلین  منٛز، 1987 تھس منز پنٛنِس مرنس تانہِ اَکھ اَول درجُک گُلوکار۔
7447,اتھ واریاہ اعزاز حٲصِل کَرن واجنہِ فِلمہِ منٛز کوٚر أمہِ  أکِس سادٕ گٲمہٕ  کورِ ہُنٛد کِردار اَدا۔
7448,لوکٕٹۍ کلینک چھ اکھ یا اکہِ کھوتہٕ زیادٕ عام پریکٹیشنرز یا پریکٹس مینیجرز کہٕ ذریعہٕ چلاونہٕ یوان ۔
7449,2007  منٛز آو فورڈک ناو ایکس ایف ای انجن پٮ۪ٹھ ہٹاونہٕ ۔
7450,مٗمبیی  منٛز مقٲمی سڑکہ  کھینٕچہِ خوشبوٗ چھنہٕ  سیود تابٕیہ تھوان ۔
7451,2001 كِس منٛز ٲسہِ کونسٹنس منٛز 1058 لٗکھ روزان ۔
7452,فاسٹ 5 (یتھ اصلی فاسٹ نیٹ ونان چِھ) چُھ نیٹ بال کین قٲیدن ہنز اكھ صوُرت یوسہٕ كھیل تیز بناونہٕ تہٕ زیادٕ   ٹیلی ویژن  دوست  بناونہٕ خاطرٕ ترتیب دِنہٕ آمٕژ چھے٘ ۔
7453,یورپس منٛز پننِس وقتس دوران ٲس اندرا بیمار تہٕ ٲس لگاتار ڈاکٹرن نِش گژھان۔
7454,تس آیہ جنوری 2009 کس شروٗعاتس منٛز پیشاب چہ نالہٕ منٛز انفیکشنٕچ تشخیص کرنہٕ۔
7455,مارٕچَس منٛز مٖنقد  پارلیمٲنی انتخابس منز  زینِہ اندرا مُخٲلف حزب اخلاف چین جمٲژن ہندِ جنتا اتحادن  لوک سبھایہِ  منٛز کانگرس چین 153 ہندِ مُقابلہٕ 295 سیٖٹہٕ  سٕتہِ تہٕ کٔرٕکھ کانگرسَس پٮ۪ٹھ زبردست فتح حٲصل ۔
7456,اگر توہہِ  پنٛنس  کٲنٛسہ نزدیکی یس نش قرض تٗلنٗک انتخاب  کریو٘ ، تو٘ہہِ پزن دو٘نوںنہِ درین ہندِ حیفاضتٕكہِ كیننہ  احتیاط کرٕنہِ ۔
7457,یہِ چھےٚ کیراٹوکونس کہِ مُقابلہٕ واریاہ کم لبنہٕ یِنہٕ واجیٚنی حالت، یۄس زن کارنِیاہٕچ سارِوٕے کھۄتہٕ عام خرٲبی چھےٚ۔
7458,وومیدوارن ہٗنٛد زینن وول اوس پتہٕ خطاب خٲطرٕ موُجوُدٕ چیمپئنس سۭتہِ گِندان۔ 
7459,ویسٹ نیٖل تٔپھ چُھ ویٚسٹ نیٖل واٮرس سۭتۍ اکھ انفیٚکشن، یُس عام طور مہین ہندِ ذریعہِ پھٲلان چُھ۔
7460,تمہِ سنز  جماتھ گیہ   مدراس پریذیڈنسی (وونۍ تامل ناڈوُک حصہٕ) تر٘وٗچیرپلی پٮ۪ٹھہٕ سٲحلی گام ویدارنیمَس تام ۔
7461, خۄشٕک موسمَس مَنٛزیہ یوت چھِنہٕ یِم آبشار شانٛدار آسان بلكہِ  وَہرٲژ ہندِس موسمَس مَنٛز  تہِ ، وونہِ گو٘ ،  یِم آبشار چھِ روُدٕ سۭتہِ برنہٕ یوان تہٕ سیٹھاہ تیز بہاو بناوان ۔ 
7462,12مارچ 2008 آیہ نیشنل ہاکی لیگس منٛز  6 کھیل گنٛدنہٕ۔
7463,"ماننہٕ چھُ یِوان زِ یہِ وۄتلیو٘  بھکتی تحریٖک کِس دورَس منٛز قبل کلاسیکی موسیقی تہٕ تھیٹرٕ پٮ۪ٹھٕہ ۔
"
7464,تٔمۍ کٔر 21 ہن ریتن تام نمبر وَن پوزیشن حٲصل، یُس ریکارڈَس منٛز شیٚیم ساروے کھۄتہٕ بوٚڑ دور چِھ۔
7465,یِمَن معاملَن منٛز چھُ باگمتی نظام نیپال کِس دوٗر مغرِبس منٛز گنڈکی بیسن تہٕ کرنالی بیسنَس درمیان واقع راپتی نظامَس سۭتۍ مِلان۔
7466,1857 کِس آغازس منٛز موجودٕ 74 باقٲعدٕ بنگال مقٲمی انفنٹری رجمنٹو منٛز بچے یہِ صِرف بَہہ بغاوژ یا تحلیل نشہِ۔ 
7467,الیکٹرانک جٗز الیکٹرانک جٗز  چھٗ اکھ بنیٲدی الیکٹرانک عنصر ۔
7468,ییٚلہٕ موسوویچ گوڑنیتھ  نیرنس منٛز ناکام روُد ، سائڈ لائنس پیٹھ تاینات  ژوُرِمہِ  اہلکارن کوٛر مداخلت تہٕ تٕمہِ رٕٹ گرینڈ اسٹینڈس کُن پنِنہِ وتھ ۔
7469,17 ہِمہِ صدی دوران ، كو٘ر روُسیو  ایون لُوکن سۭتہِ رٲبطہٕ قٲیِم ۔
7470,نٔو کٕشِش چِھ پارکہِ منٛز ینہٕ واجنیٚن تبدیلین ظٲہر کران ۔
7471,اجے ین کوٚر 29میی 2012 دوہ سن آف سردار كہ تٲریخُک اعلان تہٕ دِژن 4 اکتوبر 2012 ڈسٹرِبیوُ كِس سوداہس  حتمی شکل ۔
7472,1911ہس اندِ پٕكہِ كٕر بِییرن اكھ نیوکومب كھیل مشاورتی  کمیٹی قٲیم ۔                                                                                                                                                                                                                                                           
7473,پونے ضلعٕکۍ جیجوری  منز چھ کھنڈوبا مندر سٲرۍسٕے مہاراشٹرس سۭتۍ زائرینن پانس کُن متوجہ کران ییٚتہِ عبادت کرن وٲلۍ  اکھ أکس بھنڈار لایان چھِ۔
7474,فلمہٕ گیہٕ مسیسیپی ہٕنٛدۍ واریاہن مقاماتن پیٚٹھ شوٹ۔
7475,انووا زآو 12 جنوری 1966 منٛز ریاست سوکوٹو، نائیجیریاہس منٛز۔
7476,تباہ گومٗت تہٕ خشمہٕ ہو٘ت حیدر چھُ غلط پٲٹھِ ورتاو كرٗن شروع كران كلس مس كٲسِتھ سركارس خلاف  خلاف عوٲمی مظٲہرٕ کران۔
7477," یوٗت نقد رقم ہیتھ سفر کرُن ہیٚکہِ خطرناک ٲسِتھ۔
"
7478,"بلدیو تہٕ باجوا چھِ بادشاہ ختم کرنٕچ سٲزِش کران۔
"
7479,ووں گو٘ و أمۍ تھٲو کیٚنٛہہ کیتھولک ر۪واج برقرار ۔
7480,تو٘ہہِ ہیٚکِو پننِس خریدٲری كرن وٲلِس یہِ ونِتھ زِ تِم ہٮ۪کَن ڈیلی، بوُچر وغٲرس پر٘ژھٗن یژھِتھ ۔ 
7481,ایمریكاہس  منٛز، اوس  ایچ1این 1 ذیلی قسم  1998 برون٘ہہ  سورن ہنٛزِ آبٲدی منٛز خاصكرِتھ موُجوُد ؛ تاہم، اگست 1998 کِہِ ٲخرٕ  پیٚٹھٕہ چھُ ایچ 3 این 2 قٕسم سورن نِش الگ  کرنہٕ آمٗت ۔
7482,اَتھ مُقابلَس منٛز نِیوُ صِرِف زنانَن ہِنٛدِیو ٹیمو حصہٕ۔
7483,زخمَن ہٕنٛدۍ ساروِی کھۄتہٕ عام قٕسٕم چھِ تناؤ، موچ، زخم، پھُٹُن، بے ترتیبی تہٕ دَگ۔
7484,تِکیٛازِ لاش ٲس پلوَو روٚس لبنہٕ آمٕژ ، پُلسَس چُھ یہِ شَک تہِ زِ بولِنس  ٲس مرنہٕ پتہٕ بےٚ ہُرمٔتی کرنہٕ آمٕژ۔
7485,مزوُرن ہندِ جٲری ہڈتالہ كِنۍ چھےٚ سٲنِس صنعتس  وارِیاہ زیادہ خلل تہٕ  پریشٲنی گٲمژ ۔۔
7486,وایلنسٹ ایل سبرامنیم چھ امکہ مشاورتی بورڈس پیٹھ۔
7487,ویسٹ بنگال کس سیاستس منٛز آیہ اکھ بٔڑ تبدیلی ییٚلہ لیفٹ فرنٹن 1977 کس اسمبلی الیکشنس منٛز موجودہ انڈین نیشنل کانگریسس شکست دتھ فتح حٲصل کٔر۔
7488,یہ کھیل چِھ اصلی تماشو سۭتۍ گِنٛدنہٕ یوان یِم کھیلس منٛز استعمال ہیکو کٔرتھ۔
7489,یاد تھٲیو ز نٔتیجہ، 1.276 چھ اکھ گول رقم۔
7490,لڑکۍ چُھ سمندر کہِ کنارے پرانۍ لڑکی سٕتۍ ملاقات کران تہٕ تمن درمیان گو محبت پٔدٕ۔
7491,یِمو خٲمِیو باوجوٗد، چھے٘ ناگورس منٛز چاہمانسن تہٕ چالوکیاہن درمیان لڑایہ   ہِنٛدِ کینٛہہ شبوُت ۔
7492,1718 پیٹھہٕ، امریکی کالونیَن تام نَقل و حَمل اوس برطٲنیہَس منٛز مختلِف جرمن خاطرٕ جرمانہٕ، تَقریبَن اَکھ ساس مجرم ٲسۍ پرٛیتھ وریہٕ مُنتَقِل یِوان کَرنہٕ۔
7493,"واپس حالس منز یِتھ ،چھِ سنجے سٕنٛز پٔتمہِ زِنٛدگی وۄنہِ الگ گومٖت کملیش بیان کران یُس وۄنپِ اکھ ارب پتی چھُ تہٕ نیوُ یارکَس منٛز  وَنی تمِس تام واتان چھُ ۔
"
7494,اَتھ منٛز چھِ واریٛاہ قٕسمٕکۍ کینسر شٲمِل، خاص پٲٹھۍ بون میرو تہٕ  خوٗنچہِ سیلہٕ (لیوکیمیا، لیمفوما، ملٹٕپٕل مائیلوما)، تہٕ کینٛہہ واریاہ کالَس روزَن وٲلۍ انفیکشن۔
7495,"آخرسپیٹھ كو٘ر  امریکن ایکسپریسن  پنٗن معاوضہٕ کم کرنُک فٲصلٕہ۔

"
7496,ونن وول  بوزورگمیر چھٗ وضاحت کران زِ شطرنج خٲطرٕ پہلوی لفظ چترنگ اوس خسرو اول سندِس  دور حکومتس منٛز 'ہندوستانٕکہِ  اکہِ  عظیم حکمران دیواسرمن' فارسس منز  متعارف کو٘رمٗت۔
7497,زَنانہٕ چھےٚ مٲن٘ز تہٕ باقییہ سِنگارٕكہِ چیز پانس تہٕ پانوٕنہِ لاگان ۔ 
7498,ولمکلی (سۄرٛپھہٕ ناوِ دور ) چھِ  بیاکھ تقریب  یۄسہٕ  اونمس سٕتہِ ہم معنے چھے٘ ۔ 
7499,یَکش گان  گھنٛٹِیہِ یا تھالجہِ ، چھِ اوٚنٛگجن ہِنٛزن گنٛٹِیَن ہُنٛد اَکھ جورٕ یُس خاص دھاتن ہٗند  مُرکب  چُھ ۔
7500,سہٗ چھٗ سکاٹش نیشنل پارٹی ہنٛٗد رٗکنہِ پارلیمان ۔
7501,میگھالیہ منٛز چھِ مختلف قسمٕکۍ میوٕ، سبزی، مسالَہٕ تہٕ دوا کُلۍ لَبنہٕ یِوان۔
7502,ساروِی کھوتہٕ نزدیٖک ریلوے سٹیشن چھُ تمکور۔
7503,"مُصنِف راجو چُھ بیٚیہِ اَکہِ لٹہِ ہِدایت کارس سۭتۍ مُقابلہٕ کَران تاکہِ سُہ بوزِ أمۍ سٕنٛز دٔلیٖل۔
"
7504,پٗشیہ مِترن کو٘ر ژو٘گنہٕ فوج مٗسلح  ، تہٕ بٗدھ مت تباہ کرنکہِ ارادٕ ووت  سُہ کوکوٹراما (پاٹلی پٗترس منٛز) ۔
7505,تٔمس پتہٕ بنیوو پارٹی ہُند گۄڑنیُک غیر برہمن رہنما سیتارام کیسری۔
7506,سُہ اوس لوکوٹا لیپبی پیٹھ پٔر لارسن تہٕ اینا سٹینا باسیم سُند نیچو ۔
7507,तबदीली हुंद हद हेकव इज़ॉफी  बैंडविड्थ बापथ अदायगी करिथ बॅडरॉविथ . 
7508,"انگلینڈن لگٲوو 1920 کس دٔہلس منٛز افیونس پٮ۪ٹھ پابٔنٛدی، جرمنی کوٚر 1929 ہس منٛز یہنٛد استعمال منظم۔
"
7509,ایڈورٹائزنگ کونسلن کوٚر امریکہ لوٗبٕوُن بناونہٕ خٲطرٕ اِشتہار بناونس منز مدد ۔
7510,واریاہ محراب، گُمبَد تہٕ والٹ چھ یِم  اثرات ظٲہر کران ۔
7511,منانتاوڈی قصبہٕ مٔنٛزِ نیرنہٕ پتہٕ چھُ پانامارم دٔریاو پایمپلی نزدیٖک کابِنی سۭتہِ رَلان۔
7512,اتھ منٛز حصہٕ ننہٕ والین باقین حریفن منٛز ٲسہِ سکیٹر فلپ کینڈیلورو، فٗٹ بالر سلوین وِلٹورڈ، سنو بورڈر اینی فلور مارکسیر، سوِمر  ایلین برنارڈ تہٕ سائیکلِسٹ  جینی لونگو شٲمل ۔
7513,پی این ایسَس منٛز چھِ اہلِیت پوٗرٕ ڈسٹل سٹمپَس منٛز بڑان، مگر سی این ایسَس منٛز  رُکاوٹَس منٛز خلل چھُ  صرف زخمچ  جایہِ تام محدوُد ۔
7514,گۄژرِ منٛزٕ کَجہِ أمۍ ہٮ۪سہٕ سان ۲۷ پُھٹجہِ تہٕ ترٛاوٮ۪ن مُقِدس نارس برٛونٛہہ کنہِ۔ پرٛٮ۪تھ پُھٹٕج ٲس احتِیاط سان کیلہٕ پَنہٕ ؤتھرٕ سۭتۍ ؤلِتھ۔  
7515,"عام طور چھِ کرِٚکَٹر ہیرِ بو٘ن سفید وردی منٛز گِندان، مگر محدوٗد اوورَ کرکٹس منٛز چھِ تِم کلب یا ٹیمٕكہِ  رنگ لاگان۔
"
7516,برینڈوہن کوٚر جولایی 1972 تھس منٛز اریتھا فرٛینٛکلنس سۭتۍ خانٛدر تہٕ تمو کوٚر 1984 تس منٛز طلاق۔
7517,ستمبر 2015 منٛز گو روس شام کہ خانہ جنگی منٛز شٲمل۔
7518,سارنیا ہُک چاڈ پینچاوڈ تہٕ اسپرٹٗك  مائیکل برنر ٲس گوڑٕ  شوُٹ  کرن وٲلہِ ۔
7519,تہٕ أمۍ سٕنٛز ساروِی کھۄتہٕ اَہَم ہِدایت چھےٚ أمۍ سٕنٛزِ گاڈٕ مِشتھی کھیٚاوٕنہِ  تہٕ أمہِ سٕنٛدیٚن کُلٮ۪ن سگ دِیوُن۔
7520,دی کوینٹٕ چہِ پرتکشیا مشرایہ  دِژ اَتھ فلمہِ 3.5/5 ریٹنٛگ تہٕ وونُن  “شرماجی نمکین“ چھِ رشی کپوٗر سنٛدِس ہو٘نرس تہٕ روطبس موقوُل علوِدا۔“
7521,"اگر تُہۍ دُکانَس پیٹھ سودا کرُن یژھان چھِو، تیٚلہِ چھُ بہتر زِ تُہۍ گژھِو کُنی زٔنۍ دُکانَس کُن۔
"
7522,انٹرسٹیٹ 65 انٹرسٹیٹ چھ امریکاہس منز اکھ انٹرسٹیٹ ہائی وے ۔
7523,یِمو  ژورو سٔہلابو  (1770، 1855، 1913 تہٕ 1943)منٛزٕ آو بردھمان قصبس منٛز زیادٕ تر سٔہلاب۔
7524,ہیڈن چھےٚ اکھ وٲحد مِس ورلڈ ٹایٹَل زینَن واجیٚنہِ  ییٚمہِ  مُقابلَس دوران ترٛےٚ سب ٹایٹل زیٖنہِ ۔
7525,کینٛہہ مواصِلٲتی  کمپنی  چھے٘ پننٮ۪ن گر٘اكن  خٲطرٕ واریاہن مختلف جاین ہاٹ سپاٹ تہ پیش کران ۔
7526,جھیلَس سۭتہِ  گاڈٕ رٹَن والٮ۪ن ہندین  گامَن منٛز چھِ بقایا ، خۄشٕک، سدا بہار جنگل  تہٕ ساحلی جھاڑِین ہٕنٛزٕ پچہِ وُچھنہٕ یِوان۔
7527,عقیدت مند چھ پنُن پان ہمیشہٕ صاف تھوِتھ، باقٲعدٕ عبادت  کرتھ، ویشنوِ كھین كھیتھ تہٕ تھایہ پٗسم برون٘ہہ فاقہٕ تھوِتھ   جشنچ تیٲری کران ۔
7528,أمہِ کٔر 64 مِس فلم فیئر ایوارڈس منٛز ستھ نامزدگی حٲصل یمن منٛز بہتٔریٖن فلم تہٕ ہیرانی سٕنٛد خٲطرٕ بہتٔریٖن ہدایت کار شٲمل چھِ ۔
7529,یِہ ٲس اَکھ مختصر کتاب یتھ منز کمیونزمکۍ بنیٲدی تصوّر ٲسۍ ۔
7530,ویز بینٹلی، کرس کوپر، تہٕ ایلیسن جینی تہٕ چِھ نمایاں۔
7531,مسلم ملکن منٛز چِھ یہ دۄہ قومی چھٹی پٲٹھۍ مناونہ یوان ۔
7532,ییٚلہ سُہ دمشقس منٛز اوس ، تمہ لیچِھ کِتابہٕ تہٕ کٔرٕن نظٲف تحریر ۔
7533,ژیاولونگباؤ ہٗک اوٛوٹ تہٕ برٲیی چِھ  احتِیاط سان تولٕنہِ  پٮ۪وان ۔ 
7534,نکماہُک اعلان کوٚرُکھ جوٗن 2019 ہَس منٛز۔ یہِ چھِ 2017 ہٕچ تیلگوٗ فلم مڈل کلاس ابے یی یِچ ری میک، یَتھ منٛز نانی  اداکٲری کٔرمٕژچھےٚ ۔
7535,پرٮ۪تھ ریتہٕ ؤچِھو پنٕنہِ تمام ادایگی ، تہٕ  وٕچِھو كتین چھِ كمی كرنٕچ گٗنجٲیش ۔
7536,मेटाडेटा  ति हेको अकिस ओपन यू आर एल रिज़ोलवरस   सूज़िथ.     
7537,رٲبطک زاویہ گژھ محفوظ آسُن تہٕ یہِ ہیکہ نہٕ گٗرین  توازن ڈٲلِتھ ، یا کُنہ تہِ طریقہٕ گُرین نۄقصان واتنٲوِتھ ۔
7538,نشستن ہنٛد تعداد چُھ وقتس سۭتۍ سۭتۍ ہُرِتھ موجودٕ 57 تام ووتمُت۔
7539,"ایمپایر تہِ  چھِ جاے  بدلاوان تاکہ یُس ""سکوائر لیگس"" پیٹھ آسہِ سوُچھٗ وۄنہِ  نان سٹر٘ائیکر اندس پیٹھ وِکیٹس پتہٕ كنہِ  کھڑا ، تہٕ امہِ  برعکس تہِ۔"
7540,سُہٕ اوس وارنر بروسن AI سسٹم کس طورس پیٹھ بناونہٕ آمُت۔
7541,اوٚک طرفہٕ ٹریفک قابوٗ کرنہٕ خٲطرٕ ٲس کدلہٕ کِین دۄشوٕنی طرفن اکھ ٹریفک پولیس چوکۍ ۔
7542,مالٹیپوسن گژھ پرٛؠتھ ترٛیٚیہ ہفتہ پٮ۪ٹھٕ أکس رؠتس تام سران کرن۔
7543,کاٹھمندوُ ہكہِ  واریاہ بسکیٖن  چھِ پنُن ذٲتی ژھوٹھ تہٕ فٲضِل دٔریاوَس منٛز تراوان۔
7544,اداکارہ بنٛنہٕ برٛونٛہہ ٲس پنٹو اکھ ماڈل تہٕ ٹی وی پیش کار۔
7545,سۄ ٲس اکثر جیلس منٛز پننس مٲلس وچھنہٕ خٲطرٕ رِوان۔
7546,ہندوستانن چھ 1964 پٮ۪ٹھٕ واریاہن ونٹر اولمپک کھیلن منٛز تہ حصہٕ نیوٗمت۔
7547,"کارویکی گزریو 5 جون 2019 ہس منٛز 70 وہر کراکوس منٛز۔
"
7548,یہ چھ ملکس منٛز مسلمانن ہنٛد ساروٕے کھۄتہٕ بوٚڑ نمٲیندٕ ادارٕ تہ مانٛنہٕ یوان۔
7549,"اِسلٲمی رٮ۪وایتہٕ مُطٲبق چھِ خۄدایَن پرٛٮ۪تھ قومس  نبی سوُزِمٕتہِ ۔
"
7550,تٔمۍ دیت ہندوستان چہ بنیٲدی صنعت پٲٹھۍ زراعتس منٛز سرمایہ کٲری پیٹھ زور۔
7551,تمہِ كٕر ہوانا تہٕ پیرسس منٛز پننہِ تعلیم مٗکمل ۔
7552,یہِ آو  2001 ہس منٛز قٲیم کرنہٕ ییٚلہ ہیلیفیکس بینک آف سکاٹ لینڈس سۭتہِ رلٮ۪وٚو ۔
7553,میننجایٹسک ساروٕے کھۄتہٕ عام وجہ چھ وایرس، تمہ پتہٕ بیکٹیریا۔
7554,"این ایس وائی ایس یو چُھ تائیوان جامع یونیورسٹی نِظام  چن ژۄن یونیورسٹین منٛز شٲمل۔
"
7555,"پننِس گۄڈٕنِکِس ویٖک اینڈس منٛز کٔر فِلمِہ 7 ملین رۄپیہ (92,000 امریکی ڈالر) جمع۔"
7556,"میچٮ۪ن ہِنٛد سرکٲرِ قونوٗن آیہِ ساروی کھۄتہٕ گۄڈٕنیٚتھ 1981 تھس مَنٛز لیٛکھنہٕ۔
"
7557,1947 منز آو برطانوی ہندوستانک صوبہٕ پنجاب مذہبی بنیادس پیٹھ تقسیٖم کرنہٕ مغربی پنجابب  یس پاکستانس حصہٕ آو تہٕ مشرقی پنجاب منٛز یس ہندوستانس حصہٕ آو۔
7558,پتہٕ آیہ شہزادٕ خرم سٕندس قیادتس منز بیٚیہ اکھ مہم سوزنہٕ، ییٚمۍ میواڑس منز جانس تہٕ مالس واریاہ ددارٕ واتنوو۔
7559,یہٕ چھ نیو یارک میٹروپولیٹن علاقُک اکھ حصہٕ۔
7560,پہاڑن منٛز دٲخل گژھن وٲلۍ گوڈنِکۍ یورپی ٲسۍ 1832 منٛز کیپٹن جینکنز تہٕ پیمبرٹن۔
7561,امہ وقتہٕ پیٚٹھٕ چِھ سُہ جرمن فٹ بال قومی ٹیمس منٛز باقٲعدگی سان گنٛدان ۔
7562,بہٕ ہیٚکہٕ چھیكرس  گرٕ واپس گژھتھ۔ دیوالی  خٲطرٕ چھٗ اکھ زیوُٹھ ہفتہٕ ینہٕ وول۔
7563,سکن ہندِ ذخیرٕ   چھُ مزید ہاوان  ز وسطی ہندوستانک  مالوا علاقہٕ تہ ما آسِہکھ  زیونمُت ۔
7564,پوپ پال IV سٔنٛدِس دور حکومتس دوران اوس کارڈینل میڈیسی طرفدٲری نیبر ۔
7565,بہٕ چھس سکائی ڈائیونگ ہوین انتہٲیی کھیلن ہنز كوشِش كرنس وایہ كران ۔ 
7566,"تاہم، جینیٲتی تہٕ ثقٲفتی مطالعہٕ چھِ تجویز كران  زِ مقٲمی انڈمانی لوُکھ آسہن  مِڈل پیلیولیتھکس دوران باقیو آبٲدیو  نش الگ تھونہٕ آمٕتہِ ، یٗس 30,000 ؤری برونہہ ختم گو۔"
7567,ٹوٹر تہٕ فیس بکس پیٹھ پنٛنین مختلف مطلوب سٹورن ہنٛز پیروی کرٕنہ ہیکہ تۄہہ جلدی کٕنٛنہٕ وٗچھنس منٛز مدد کٔرتھ۔
7568,راحت چھُ ز کرایہ  گررٕ ژھانٛڈنہٕ خٲطرٕ چھِ درالٕز ہندِ  فیسٗک ڈانچہِ  واضح  یتھ منٛز کانٛہہ  پوشیدہ چارج چھنہٕ ۔
7569,"لوُکن ہنٛدِس  تادادس منٛز گو٘ 2000 چہ مردم شمأری دوران 169,599 كھو٘تہٕ 84 فیصد اضافہٕ۔"
7570,گویسےمیرین گویسےمیرین چھٗ شٗمٲلی ہولینڈ کِس ڈچ صوُبس منٛز اکھ بلدِیٲتی علاقہٕ  ۔
7571,"وۄنٛہِ گوٚو، یوگا اوس نہٕ مرکزی دھارٕکۍ سُنی تہٕ شیعہ اسلامَن قبول کوٚرمُت۔
"
7572,کرسمس ڈِنر ہیٚکہ براندس پیٹھ  ، یا کُنہِ ساتہٕ بطور تفریحی سٲر  پیش کرنہٕ یتھ ۔
7573,مارچس منٛز کوٚر پٲکِستٲنہِ ہتھیار بنٛد فوجن علحایِدگی پَسنٛدن كاژِ اننہٕ  خٲطرٕ اَکھ زبردست مُہِم شُروٗع، یِمن منٛز مشرِقی پٲکِستانُک فوج تہٕ پُلسہٕ شٲمِل ٲسہِ ۔
7574,ایف ڈی اے چُھ واریاہ معیار استعمال کٔرِتھ آوازِ ہُند پٲداوار حدس منز رٹن؛ عام پٲٹھۍ، باقی ایجنسی چِھ ایف ڈی اے یِک قٲیم کٔرۍمِتۍ قٲعدٕ تسلیم کران ۔ 
7575,"حالٕے چھےٚ بیٚیہ دہ زٲژ تسلیم کرنہٕ آمژٕ، یم سٲرے ایشیا پٮ۪ٹھٕ چھےٚ۔
"
7576,"کیٚنٛہہ ریڈیو سٹیشنن منٛز چھ صوتی اشتہار آسان یم پروگرامن درمیان پلے چھ گژھان۔

"
7577,یہٕ آیہ اصلی 10 مارچ 1997 پیٹھہٕ 20 مئی 2003ہس  تام ہاونہٕ  ۔
7578,یمنقرضن  ہٗنٛد شرح سوُد چھ ٗعموٗمن کم  تہٕ تمن چھ کم ریتہٕ وار ادٲیگی ہنٛز ضٔروٗرت آسان۔
7579,"2019 ہَس منٛز کٔر سینَن اَہَم بنٛگٲلہِ  فلمَن منٛز کٲم، یِمَن منٛز بوہومان تہٕ باسو پوریبار شٲمِل چھِ ۔
"
7580,اکھ تار چھ یۄس گولن منز لۄکٹیو گدیو منزۍ نیران چھ ۔
7581,"یہِ منٛدر چھُ پارشوناتھس وقف تہٕ چھُ جین مت کٮ۪ن پیروکارَن باپتھ اکھ اَہَم تیرتھ۔
"
7582,کی سٹروک لاگنگ چھ پرٛٮ۪تھ كی ہنٛد ریکارڈ بناوٗن یۄسہٕ  دباونہٕ یی ۔
7583,زیادٕ تر اضافہٕ چھ اےکیوٗ حدٕ کس بٔنمس حصس منٛز۔
7584,"میلون کہِ وجہ سۭتۍ گژھن وٲلۍ کیس تہٕ موت ٲسۍ بنیٲدی طور نیویارک شہرس منٛز اعلیٰ طبقٕکۍ خاندان۔
"
7585,اگر ممکن آسہٕ، بہترین حل چھٗ  پرٛٮ۪تھ بقایاہس پیٹھ  پتہٕ کھوتہٕ کم سے کم کھوتہٕ  زیادٕ ادا کرٗن ۔
7586,"8,00,000 کھوتہٕ زیادٕ  گاڑٕ چھ پریتھ دوہ امکہ ستھ ٹول کدٕل تہٕ زٕ سر٘ونگہٕ  استعمال کران ۔"
7587,جموں و کشمیرس خلاف 1976–77 سیزن اوپنرس منٛز کٔر تمۍ فتحس منٛز 8/36 میچ ہول حٲصل۔
7588,ہولی چِھ مختلف ناوو سۭتۍ تہِ زاننہٕ یوان: کاماولا، کمونی پانڈوگا تہٕ کام دہنم۔
7589,"نظر تھٲوِیو٘ یٗتھٗیہ تٗہندِ نگ تٗلنہٕ یِن تہٕ چیز توہہِ تام واتناونہٕ 
 یِن ۔"
7590,پریڈس منٛز چھِ سجٲوِتھ ہٕسہِ ، ڈول وایٗن تہٕ باقیہ موسیقی ، لُكہٕ فنٕكہِ قٕسم ، ییرونہِ چیز ، تہٕ مٗكھوٹہٕ لگٲوِتھ رنگا رنگ پلو٘ ژھنِتھ  لوُكھ آسان ۔ 
7591,امیک مطلب چھ ز حکومت لاگہ یتھس نفرس کم آمدنی پیٹھ ٹیکس ۔
7592,زینن وول اوس میگنس کارلسن، یس 2013 کینڈیڈیٹس ٹورنامنٹک زینن وول اوس۔
7593,"ترٛیم نیشنل فیملی ہیلتھ سروے چھ کیرالہ ہس طبی سہولیاتن منٛز  100% زیٚنس سۭتۍ ""ادارٲتی ڈلیوری"" منٛز گۄڈنیک درجہٕ دوان۔ "
7594,اکہ ہیکسگرامچ تمام لاینن ہنز وضاحت کرنہ  پتہٕ چھ بیاکھ ہیکسگرام یوان۔
7595,"اَمِہ تمامہ پتہٕ تِہ چُھ گووِند پزر ژھانڈنک ارادٕ تھاوان۔
"
7596,"جرمنی چھِ  واریاہ کالہٕ پیٚٹھٕہ یورپ كہِ معیشتہٕ خٲطرٕ واریاہ اہم روُزمٕژ ۔
"
7597,امریکہ ہس منٛز آیہِ 1990–2002ہس دوران ،221 سسٹسرکوسس موت وٗچھنہٕ ۔ 
7598,ویکیمیڈیا فاؤنڈیشن چُھ وِکی آیڈِیا تہٕ میڈیا وِکی سافٹ ویئرٗک استعمال کٔرِتھ واریاہ پروجیکٹ چلاوان۔
7599,یتھ کارڈ ہٮ۪کہ لگ بگ 1024 بٹ ، یا 128 بائٹ ذخیرٕ کٔرتھ ۔
7600,9 جنوری 1757 کوٚر کیپٹن کوٹے تہٕ میجر کلپیٹرک سنٛز قیادت منٛز 650 مردن ہنٛد فوجن کلکتہ پیٹھ 23 میل شمالس منٛز واقع ہگلی قصبس پیٹھ حملہٕ کرتھ تباہ۔
7601,"2016 تام ہیکِو تُہۍ 2,500 ڈالرن ہُند تعاون کٔرتھ اگر تُہۍ کُنِی چِھو یا کُل 5,000 ڈالرن ہُند تعاوُن کٔرِتھ اگر تۄہِہ کھاندر کٔرِتھ چُھ۔"
7602,یہ دور گو اپریل 1469 پیٹھہٕ شروع تہ گو جٗلایہ 1487 تھس منزختم ۔
7603,مےٚ دِیوٗت اکھ ہفتہٕ سمندری  جہٲزی سفرس  پیٹھ، تہٕ بتھس پیٹھ سمندری ہوا محسوس کرنہٕ کھوتہٕ زیادٕ آرام دہ اوس نہٕ بیٚیہ کہیٖنہٕ۔
7604,"2011 چہِ مۄردم شٗمٲری مطٲبق چھِ مغربی بنگالٕچ ہیٚنٛدِ آبٲدی 64,385,546 ییٚلہِ زن مُسلمان آبٲدی 24,654,825 چھے٘۔ "
7605,وارہٕن ملکن منٛز، چھ یہ دوا استعمال کرن غٲر قونوٗنی، طبی تناظرس نؠبر۔
7606,آریہ سماجس منٛز چھُ دیوالی اکھ أہم دۅہ تِکیازِ سوامی دیانند سُنٛد اِنتقال سپُد اَز۔ 
7607,"تٔمۍ کٔر 2011ہس منٛز لندن اکیڈمی آف میوزک اینڈ ڈرامیٹک آرٹ پٮ۪ٹھ گریجویشن۔
"
7608,2014 منٛز گٔے واریاہن دھماکن 32 ۳۲ نفر ہلاک ۔
7609,ابتدٲئی فلم بندی گیہ 5 جولایی 2013 شروع، فلم بندی ہنٛد مقاماتن منٛز چھ بنگلور، بنکاک تہٕ لندن شٲمل۔
7610,تٔمۍ بوٗز لاس اینجلس کٮ۪ن لوٗکن ہُنٛد شہر بہتر بناونہٕ خٲطرٕ۔
7611,تمن چھ سمندری پن پونٛپر تہٕ سمندری فرشتہٕ تہ ونان۔
7612,پورٕ دکن پننس قبصس منز اننہٕ چہ کوششہ منز کٔر تمۍ پنٕنۍ رازدٲنۍ وسطی ہندوستانس منز مہاراشٹر کس دولت آبادس منز منتقل۔
7613,"رٮ۪وایت مطٲبق، افسٲنوی سنگم  آیہ ""اکادمی"" پانڈیاہن ہنٛزِ سرپرستی منٛز مدٗرائی یس منٛز مٗنعقد کرنہٕ ۔"
7614,سہ اوس الیکشن کمیشنُک صدر۔
7615,کرسچن VII گزریو 1808 منٛز فالج کہ وجہ سۭتۍ ۔
7616,جٔدید فارمولہ ونس منٛز چھےٚ ٹیمس پنٕنۍ گٲڑۍ بناوٕنۍ آسان۔
7617,"لویالاکپاہَس اوس شَک زِ تھوڈو ننٛگتھل لیما چھا پٔزۍ پٲٹھۍ أمۍ سٕنٛز اصلی بیٚنہِ کِنہٕ نَہ۔
"
7618,"کبرو چھُ مشرقی نیپال تہٕ ہندوستان كِس  سرحدَس پٮ۪ٹھ ہمالیہ یس منز اکھ پہاڑ۔
"
7619,"10 اپریل ووٚن میٹسن شامی حکومتس ز تم گژھن بیٚیہ کیمیٲیی ہتھیارن ہنٛد استعمال کرنہٕ نش پرہیز کرٕنۍ۔
"
7620,1947 ہس منٛز آزٲدی پتہٕ روٗز نٔو دِل ڈومینین آف انڈیا تہٕ 1950 پتہٕ ریپبلک آف انڈیا چہ رازدانہ پٲٹھۍ جٲری۔
7621,ییلہٕ گوتم بدھن پننہِ پانژھ سابقہ سٲتھی لٕبہِ ، تمہ ہیٚچھنٲوِ تِم دھرم چکرپرورتن سوُتر۔
7622,ونٛدس منٛز چھ ہلکہٕ درجہ حرارتٕک کینٛہہ دور تہِ آسان۔
7623,یہِ آیہ گۄڈنچہ لٹہِ 2013 ہس منٛز مٗمبئی فلم فیسٹیولس منٛز ہاونہٕ۔
7624,موراوین چرچ تہٕ فیڈریشن آف ایوینجلیکل ریفارمڈ کانگریگیشنز چِھ ایسوسی ایٹ ممبر ۔
7625,مےٚ گٔیۍ راحت ز گۄڈے کھولنہٕ آمتِہ پارسلُک مسلہٕ آو جلدٕی حل کرنہٕ۔ کورئیر کمپنی سمبول یہ واریاہ اصل پٲٹھۍ۔
7626,بطورِ اداکارہ  چھِ ہیما پربھات سٕنٛز کینٛہہ فلمہِ یَتھ منٛز 1997 تٕچہِ  امریکہ امریکہ، 1995تھٕچہِ  ڈورے  ، 1999 تٕچہِ  روی ماما، 1993 تٕچہِ  گولی بار شٲمِل چھِ ۔
7627,ییٚمہ ؤرۍ  بچوو  مےٚ مختلف سکیمو  ذریعہٕ واریاہ ٹیکس   پونٛسہٕ ۔
7628,2022 ہس تام چھ تقریباً تمام کمپیوٹرن منٛز یوٗ ایس بی تہٕ یمو چھ پرٲنۍ معیارات تبدیل کٔرمٕتۍ۔
7629,مزٕ دار شربت تہٕ کرٛیٖم چھ کٲفی یا رسس منٛز شٲمل یوان کرنہٕ تہٕ شیٖنہٕ خنٛجہ چھس یوان رلاونہٕ۔
7630,"مؤخر الذکر حالتس منٛز ہیٚکہِ اعصٲبی یا نفسیاتی مظٲہرٕ، موتیا، دست تہٕ کرنزچ بے قاعدگی تہِ شٲمِل ٲسِتھ۔
"
7631,یمو اتھ منٛز شموٗلیت کٔر، تِمو كر یہِ  بطور جنگجوُ یمِیوٗك مقصد تِہٗند تہٕ  تِہندین  قٔبیٖلن ہٕنٛز شان تہٕ عٮ۪زت ہُرراوٗن اوس ۔
7632,اِکاداشی کٔر امہِ بدلہٕ وِشنوٗہس عٲجزی زِ یِم لُکھ امہِ دۄہ اُپواس رٹن  تِمن ہِنٛدۍ گناہ گَژھن بخشنہٕ یِنۍ۔
7633,فلمچ پریمیئر آو 2017 منٛز وینس فلم فیسٹیولس منٛز کرنہٕ۔
7634,مےٚ چھےٚ قیمت ہُرنہٕ کس امکانس متعلق فکر ییٚمہ سۭتۍ سٲنۍ چیز کننک مقدار کم گژھِ۔
7635,مگر یِمَو منٛز چھِ زِیٛادٕ تَر نالہٕ صِرِف رُودٕ کِس موسمَس منٛز آب نِوان تہٕ اَمی مۄکھٕ چھِنہٕ یِم سدایی آسان۔
7636,"ییلہٕ زن باقی کردارو کھوتہٕ تھود آسنٕچ مثال چِھ یوان دنہٕ، کواٹچی ہنٛد مشکوٹ لباس چُھ باقی دون کردارن برابر  تھزر۔
"
7637,باقی زٕ بستیہٕ، دیماپور تہٕ موکوک چنگ آیہ 1961 پیٹھٕ قصبو رنگۍ درج کرنہٕ۔
7638,"تمۍ سٕنٛزِ بیٛاکھ بٔڑ ہِٹ فِلمہٕ آسہٕ 1948 چہِ فِلمہٕ، شہید تہٕ میلہٕ۔
"
7639,شہرن منز روزن وٲلۍ لوکھ ٲس تمن لوکن ہندِ کھوتہٕ زیادٕ مراعات ، یمن نہٕ ٲسی۔
7640, تنظیٖمہٕ یِمہٕ کُنہِ زمانَس منٛز واریاہ سرگرم ٲسہٕ   چھے٘ وۄنہِ تِہندِ دٕسہِ   خطرٕ کِنہِ  غیر فعال بنیمٕژٕ ۔
7641,شاہ جہان سٕنٛدِس حُکمَس پٮ۪ٹھ آو 23 جنٛؤری 1628 کہِ دۄہ واریاہن سزاے موت دِنہٕ۔ 
7642,یِم جزیٖرٕ ٲسۍ برطانوی راجس دوران مدراس صوٗبہٕ کِس مالابار ضِلعس سۭتۍ جُڑِتھ۔
7643,"لیوکوس نہ مطٲبق چھ یہ واقعہ  ظٲہر کران ز کتھ کٔنۍ چھےٚ ""بادشاہ مہابلی سٕنٛز ثقٲفتی شخصیت، یتھ ہیٚنٛدۍ، روادار تہٕ شمولیتی ماننہٕ چھ یوان"" بطور ""خاص ہیٚنٛدۍ""۔"
7644,یہِ چھٗ تٲریخ کِس عروُجس پیٹھ تختس پیٹھ بِہِتھ ۔
7645,جھوم کاشتکٲری چھ نہ صرف قدرتی حیاتیٲتی تنوع خٲطرٕ خطرٕ بلکہ چھ زراعتک کم فصل بے پیداوارطریقہٕ تہ۔
7646,یمن طرزن ہنٛدِس  مقبوُلیتس منٛز اِضافہٕ چُھ چینی سماجس منز  گژھن واجِنین  ڈرامائی تبدیلین ہٗنٛد نتیجہِ ۔
7647,زیکا تپھ (یُس زیکا وایرس بیٚمٲرۍ ناوٕ سۭتۍ تہِ زاننہٕ چھُ یِوان) چھُ زیکا وایرس سۭتۍ گژھن واجیٚنۍ اکھ بیمٲرۍ۔
7648,امریٖکی فٗٹ بال بنیوو رگبی تہٕ فٗٹ بال  كیو كھیلو٘ پیٹھہٕ ۔ 
7649,"تمن پیٹھ چھ 200 کھۄتہٕ زیادٕ ڈاكن  ہنٛدِ کٗل 355 الزام یم کل 250,000 سی اے ڈی چھ۔"
7650,"اَگر تُہۍ تُند مزاج چھِو تیٚلہِ کَرِ ایجنٹ تۄہہِ مَدد کرنہٕ خٲطرٕ پنٛنہِ حدٕ نیبر گژھنُک اِمکان کم۔
"
7651,یمن منٛز چھِ کرسٹوفر ، کرسچن ، کرسٹینا ، کرسٹاین تہٕ کرسٹوس شٲمل ۔
7652,"یہِ چھُ روہتک ضلعہٕ کیو دۄیو سب ڈویجنَو منٛز اکھ۔
"
7653,لداخ چھُ   تبتی ہِرنن ہند مسکن یِم  چھِ تِبتس سٕتۍ سشرقی لداخ كِس سرحدس نكھہٕ وسیح كاہ چراین منز روزان ۔ 
7654, مقبول عام تفریح بنیوو معیار تہ  رٹٕن تٲریخی کلاسیکی پیشکشَن ہِنٛز جاے ۔
7655,گوڑنکس میلنس  منٛز ہیٛکن زنانہٕ مردو كھوتہٕ  منشیات سۭتہِ زیادٕ مزٕ محصوُص كرِتھ ۔ 
7656,ییٚلہِ نہٕ  کھلٲڑِ کورٹَس منٛز آسہِ، تٔمسِ نِش چھٗ بییہ كٗنہِ طریقہٕ كھیلس منز مدتھ كرنٗك توقع كرنہٕ یوان ،  یِتھہٕ کٔنہِ  زَن ٹایِم کیپر یا سکور کیپر روزٗن ۔
7657,سہ چھ ریاہس مدد ہٮ۪وان تہٕ چھ بھارتی واریاہن مختٔلف طریقن ہٕنٛدۍ پلو لاگناوان تہٕ پرٛؠتھ پوزس منٛز فوٹو تلان۔
7658,واپسی ہنٛز مٗدت یژاہ زیٹھ آسہِ ،أکس فردس پییہ پر٘تھ ریتہٕ تیوُت کم ادا کرٗن۔
7659,سکرپٹُک انتخاب کوٚر نیشنل فلم ڈیولپمنٹ کارپوریشن آف انڈیاہن 2016 منز تِہنٛدِ فلم بازار پروگرام  باپت۔
7660,گۄردٕ  تہِ چھِ خوُنٕہ منٛزٕ ہایٔڈروجن ایان  نٮ۪بر کڑان۔
7661,لیک ووڈ، واشنگٹن: لیک ووڈ چُھ واشنگٹَن ریاستُک اکھ شہر۔
7662,گام، مُلٕک تہٕ حٔٔقیٖقَتن اوس پوٗرٕ دُنیا پَریشان اَمہِ  اِکہِ لۄکٹہِ وایرَس مۄخہٕ، یَتھ سارز۔کوو۔۲ ناو اوس۔
7663,تٲریٖخی سِکھ مت کِس ادبس منٛز چُھ نوراتری تہٕ دیوی ہنٛز پوجا ہُنٛد ذکر آمت کرنہٕ، خاص طور  دسم گرنتھس منٛز یُس روایتی طور گروٗ گووند سنگھس سۭتۍ منسوب چُھ۔
7664,بروٚنز میڈل راؤنڈَس منٛز گِندِ جاپان ایمریكاہس سٕتہِ ، ییٚلہ زَن کیوُبا تہٕ جنوُبی کوریا  گولڈ میڈل خٲطرٕ مقابلہٕ کرن۔
7665,باقی قابل ذکر ریلوے سٹیشن چھ پنت نگر، لال کنواں تہٕ ہلدوانی منٛز۔
7666,علاماتن منٛز ہیٚکہ وتیرُک مسلہٕ ، موڈٕک مسلہٕ ، تہٕ سونچنک  مسلہٕ شٲمل ٲستھ ۔
7667,ییتہِ چھٗ کینژن ٹیکسی ڈرائیورن ہنٛد برتاؤ چھ پوٗرٕ پٲٹھہِ غٲر پیشورانہٕ ییٚلہ تم منزلس واتنہٕ پتہٕ زیادٕ رقمٕ منٛگان  چھ ۔
7668,وارٕ وٕچھو ز فیس چھا تہندس بجٹس منز۔
7669,یہٕ پیگ رود 1971 منز امریکی ڈالرن ہُند قدر کم گژھنس تام جٲری ۔
7670,اَنگریزِی تہٕ فرانسیسی بولن والین برادرین درمیان سیٲسی تنازعہ کِہ وَجہ سۭتۍ گو وانواتوچ آزٲدی منٛز تٲخیر، تکِیازِ جزیرٕ ٲسۍ فرانسَس سۭتۍ مُشتَرکِہ پٲٹھۍ زیر اِنتظام۔
7671,لۄکچارس منٛز، اوس ٹنڈولکر بدمعاش یِوان ماننہٕ، تہٕ سُہ اوس اکثر پننِس سکولس منٛز نوین شُرین سۭتۍ لڑٲۓ کران۔
7672,"شمٲلی کاکیشین ریپبلکن منٛز چھ شٗرِ عام طور مختلف گھرو بر٘وُن٘ہہِ كِنہِ اكھ ٹھیلہٕ ہیتھ  یہِ ِٕمِٹھایو٘ سٕتہِ برنہٕ خٲطرٕ پكان چھِ  ، یِمہٕ لوُكو٘  جشن مناونہٕ باپت جمع كرِمٕژٕ  آسان چھے٘ ۔ 
"
7673,ٹالبٹ موُد 3 نومبر 2020 ، 87 وریہہ  وٲنٛسہ منٛز ۔
7674,"""بالہِ ہنز لٲن "" چِھ پریتھ وقتہٕ بالہِ ہندِ سِمت بدلاونہٕ وِز  بدلان ۔"
7675,تۄہہ ہیکن واریاہ مقصد ٲسِتھ یِم تۄہہ سٗبقدوش گژھنہٕ برٛونٛہہ پوُرٕ کرنٕچ ضروُرت چھو٘ ۔
7676,ٹریکٕکہِ حصہٕ آیہ ہٹاونہٕ تہٕ باقین ایتھلیٹکس سٹیڈیمن منٛز لگاونہٕ ۔
7677,"""دی لاسٹ ایئر بینڈر"" فلمہ منٛز ٲس سینماٹوگرافی تیژاہ غٲر متٲثر کرونۍ  زِ  یہ ٲس نہٕ وٕچھِنۍ لایق۔"
7678,تُہۍ ہیکِو باقی کاربارن یا سٲتھین پرٛژھِتھ زِ آیا  تِمن نش چھا اصل ماڈلن متعلق  کانہہ تجویز۔
7679,کناپلل ورکی ویدیان اوس منتخب پنچایت کمیٹی ہنٛد گۄڈنیک صدر۔
7680,تقریبا 130 قبل مسیح منز اوس ٲخری یونٲنۍ-باختر بادشاہ ہیلیوکلس شاید حملس دوران مارنہ آمُت تہٕ یونٲنۍ-باختر سلطنتک وجوٗد گوٚو ختم۔
7681,استاد کرِ اکھ نمونہٕ طے تہٕ پاراپاہس پز یہ نقل کرن۔
7682,یہ چھ دۄن جزوی طور تسلیم شدٕ ملکن، ابخازیا تہٕ جنوبی اوسیتیاہس منٛز تہِ استعمال گژھان۔
7683,تٔمِس چھُ اکھ دوست یاد پیٛوان یُس پننہِ مرضی مطابِق کیجہ  قابو  اوس ہیکان کٔرِتھ۔
7684,از یم راگ موٗجوٗد چھِ تہنز درجہٕ بندی آیہ امہِ حیكمتہٕ حِسابہٕ كرنہٕ ، حتا كہِ ،  بھٹکنڈے سٕنٛدس نظامس منٛز چھِ غٲر وٲضحیت موُجوٗد ۔
7685,"کھوَن تُج کُلِچ اَکھ پیٚمٕژ لٔنٛڑ تہٕ کٔرٕن یہِ پٔتۍمہِ طرفہٕ أکِس نفرس، کاوَس، لاینہٕ خٲطرٕ استعمال۔
"
7686,بیٛاکھ بوٚڑ سنگ میل آو 3 دسمبر 2000 منز حٲصِل کرنہٕ، ییٚلہِ ایس ٹی اے سی تہٕ سیپک ٹاکرا سُنٛد کھیل کینیڈین اولمپک کمیٹی ہُنٛد سرکٲری کلاس ای ممبر بنیوو۔
7687,"اتھ سیریز منٛز ٲس موریلو بینیشیو، الیسینڈرا نیگرینی، لیونارڈو بریشیو تہٕ فلویا الیسینڈرا اداکٲری کٔرمٕژ۔
"
7688,"معرفت سکوٗلَس آسہٕ دارِ  دروازٕ پھٗٹمٕتہِ ۔
"
7689,امچ کھدائی گیہ گجرات سٹیٹ ڈپارٹمنٹ آف آرکیالوجی تہٕ یونیورسٹی آف پنسلوانیا کہ میوزیم کہ آرکیالوجیکل ٹیمس تحت1982–83 منٛز شروع۔
7690,یہٕ اوس بہترین غیر ملکی زبانچ فلمہٕ خٲطرٕ اکیڈمی ایوارڈ نامزد تہٕ۔
7691,واریاہ لکھ یم شہرن منٛز روزان چھ، چھ آرام کرنہٕ خٲطرٕ گامس منز  گژھُن پسند کران۔
7692,بنیٲدی سفلس چھٗ عام طور  بییِس  نفرٕ سندِس لاگدار زخمس سۭتہِ  براہ راست جنسی رٲبطہٕ سۭتہِ حٲصل گژھان ۔
7693,ہایپوتھائیرایڈزم چھ عام۔ ٹرنر سنڈروم واجین زنانن منٛز چُھ ہاشیموٹو بیمٲرۍ آسان، ییٚتہ تھائیرایڈ گلینڈ آٹو امیون رد عمل سۭتۍ وارٕ وارٕ تباہ گژھان چُھ۔
7694,کینٛہہ تہوار چھ بندی چھور دیوس (دیوالی)، میلہ ماگھی، ہولا محلا، راکھڑی، ویساکھی، لوہڑی، گرپورب، گرو روی داس جینتی، تیان، تہٕ بسنت پتنگ تہوار۔
7695,اکتوبر 2010 ہس منٛز منوو کیواہن پنٗن شیٚیم زایہ  دوہ ۔
7696,"پتہٕ کٔر تٔمۍ کلاسیکی گِٹارُک مُطالعہٕ تہٕ 18 ؤری وٲنٛسہِ منٛز کٔرٕن صدا بندی ہٕنٛدۍ سبق مُکمل۔
"
7697,رَزِ پَزِ نرین تَل گَژھُن۔ رَزِ پھیکین پیٹھ تُلٕنۍ ہیکَو فاؤل مانتھ۔
7698,بطور پیدائشی مدافعتی نظام کہِ حصہٕ، چُھ ژمہِ ہندیٚن خلین منٛز ٹول نما ریسیپٹرس پیتھوجینن تہٕ خلین ہٕنٛدیو نقصانو  ہنٛدیو  ردعملو سٕتہِ   ورمہٕ  خٲطرٕ مدافعتی ردعمل پٲدٕ کران یٗس  آر اے پٲداوارس منٛز اضافہٕ شٲمل كران  چُھ ۔
7699,ڈی سی چھ مژبت پولہٕ کنۍ پکان تہٕ منفی پول کنۍ واپس گژھان۔
7700,تِمَو چلٲو پانامہ نہر بناونَس دوران یلو فیورس  خٕلاف مُہَم تہِ۔
7701,تٔمہِ کوٚر 1948 ہَس تام تہٕ پتہٕ  دُبارٕ 1963 پٮ۪ٹھہٕ 1965 ٹھس تام امہِ مقانٗك  استعمال۔
7702,کینژن ملکن منٛز، چھُ پھسُن  قانونی  ذمہ دأری خلاف اکھ ممکنہٕ دفاع۔
7703,یہٕ چھ پیریڈک ٹیبلس پیٹھ کیمیائی عنصر 84 تہٕ امِچ علامت چھ Po۔
7704,پننہِ خریدٲری ہندِ ضرورتن  متعلق، کوپنو خٲطرٕ کریو  پننِس مقٲمی اخبارس سکین  ۔
7705,ووں گوٚو، روسی فوج اوس 14 ستمبر تام واپس آمت۔
7706,यि ओस अमि मूजूब ज़ि सिसटम खातर आसॅ ज़्यादॅ तर   गे्मॅ आरकेड गेमन पेठ   मबनी.
7707, پنٛنٗن  ایٚل ایٚل سی  مُقٲمی جایہِ اننہٕ پتہٕ ، تۄہہِ پیٚیَو توتہِ نَوِ  جایہِ کٲم کرنہٕ خٲطرٕ لایسَنٛہِ ہنز ضرورت ۔
7708,گروموف گُزریو 22 جنوری دۄہ 2021 ہس منٛز 83 ؤریہہ  وٲنٛسہِ منٛز۔
7709,رِچرڈسَس اوس فِلپ II سُند مدتھ حٲصِل ، یُس وۄنہِ  فرانسُک بادشاہ اوس ۔
7710,"یہِ چھُ عظیم شیو مندر کالیشور تہٕ رامیشورَس نزدیٖک (یُس أکِس مندر کہِ ناوٕ سۭتہِ زاننہٕ چھُ یِوان ییٚتہِ شیو تہٕ وِشنو اکوٹہٕ وُچھنہٕ چھِ یِوان)۔
"
7711,تہنٛد مانُن چھُ زِ شیو اوس مہابلیُک 'کولادیوم' (خاندٲنی دیوتا) تہٕ تٔمہِ وقتہٕ اوس نہٕ کانٛہہ وامان مندر۔
7712,فیلڈ ہاکی چُھ ہندوستانس منٛز اکھ مشہوٗر کھیل۔
7713,چندی گڑھس منٛز چھ آبٲدی منٛز اضافہٕ کس شرحس منٛز کٲفی کٔمی گٔمٕژ، یتھ منٛز 2001 تہٕ 2011 ہس درمیان صرف%17.10 اضافہٕ چھٗ ۔
7714,اگر دباؤ زیادٕ چھ ، تیلہٕ ہیکن زیادٕ گیس حل گژھتھ ۔
7715,1909 تہٕ 1932 درمیان ، کٔر تمہِ  ژورن جلدن پٮ۪ٹھ مشتمل یادگار  ہِندٗستٲنہِ  سنگیت پدھتی تیار، ییٚمہِ  ہندوستٲنہِ  موسیٖقی ہندِ نقل كرنچہِ تجویز پیش كٕر، تہٕ كرین سٗرن منز وارِیاہ ریوایتہٕ بیان۔ 
7716,نٲرن ہندِ ورمہٕ لد خلیہ چھِ گھیرٕ تر٘اون والہِگاشہِ چین سطحَن  ہنزٕ  معلوٗمات دِوان، تہٕ لورین ت ترٗكوٗنن كھوتہٕ سٗست ردِعمل دِوان ۔
7717,واریاہو گٗرپو کو٘ر 1932 ہس منٛز کیلگری ، البرٹا ہس منٛز سی سی ایف بناونس منٛز مدتھ ۔
7718,ہاوس آف روپر چھ ساروی کھۄتہٕ قٲبِل ذکر انگریزی اشرافیہ خاندانو منٛز اکھ۔
7719,ییٚلہ زن روس چہ میزبٲنی منٛز اولمپک گیمز سرکٲر طور 23 فروری ختم گٔیی، اولمپک دور چھٗ سرکٲر طور 16 مارچ 2014 ونٹر پیرالمپکس چہ اختتامی تقریبہٕ وِز ختم گژھان۔
7720,"پل مین اوس 3 مارچ کہ دۄہ 1831 ہس منٛز بروکٹن، نِیو یارکس منٛز ذامت۔
"
7721,سپریمن چھُ ووٚنمُت زِ یہِ کھیل چھُ بذٲتی ظٲلمانہٕ تہٕ یہ چھُ چاروٲیس خوفہٕ تہٕ عذابہٕ ورٲے زِنٛدٕ روزنٕکہِ تسندِ بنیٲدی حقہٕ نِش محروٗم تھاوان۔
7722,"ڈیوڈ گورڈن وائٹ چھ باقی ترین مرکزی دھارٕک سکالرزن ہند حوالہٕ دوان یمو ""زورٕ سان چھ مظٲہرٕ کوٚرمت"" ز ویدک مذہب چھ جزوی طور وادی سندھ کین تہذیبو پیٹھٕ ماخوذ۔"
7723,کٗمب کونمس نزدیٖک لڈنہٕ آمتس جنگس منٛز لو٘گ  پانڈیا بادشاہس زبردست شکست  ۔
7724,آٮٔی پی وی 6 چھٗ  مانان زِ بیاکھ  پروٹوکول نِییہ غلطین ہٗنٛد جٲیزٕ تہٕ چھٗ چك سم تر٘اوان ۔
7725,یہٕ کرِ سٔرچ اِنجن کہِ ذریع مطابقت تہٕ مقبولیت کہِ لحاظہٕ درجہ بندی ہندۍ نتٲیج واپس۔
7726,تمو کوٚر برطانیہ ہس نش آزٲدی خٲطرٕ آئرش لڑایہ منٛز اہم کردار ادا۔
7727,رٮ۪وٲیتی طور کھٮ۪ن رنٛنس منٛز استعمال گژھن وٲلس مازٕ کس اہم حصس چھ پسنٛدا ونان۔
7728,ऑटोइट : ऑटोइट छि मायक्रोसाफ्ट विनडोज़ खातर् अख फ्री वियर प्रोग्रामिंग  ज़बान.      
7729,ایپیگلوٹس ایپیگلوٹس چھ ایسوفیگس منٛز اکھ لۄكٕٹ پریشٲنی ۔
7730,"سہ اوس وینس، اٹلی منٛز ذامت تہٕ فلاڈیلفیا، پنسلوانیاہس منٛز اوس رچھنہٕ آمت۔
"
7731,کانٛہہ نفر ہیکہ تیوٗت سخت ژاس کٔرِتھ زِ تِمن ہیٚکہِ درۄکھ کؓرِتھ ، کانہِ پھٹۍرِتھ، یا کوٗششیو سۭتۍ واریاہ تٕھکِتھ۔
7732,زندگی ہند ابتدٲیی مرحلن منز چھ واریاہ قٕسمٕکۍ گاڈٕ ساحلس نزدیک وۄپداوان ۔
7733,  اتہِ چِھ غٲر مساوی حییتٕچہِ زٕ گۄپھہٕ ، دۄشوٕے چھِ مشرقس کُن یتھ منز باگ  اہم دیوتا گنپتی سٗنٛد مٗجسمہٕ چھٗ ۔
7734,امہٕ علاوٕ، ہٮ۪کن ہوی ناوٕ والٮ۪ن مصنوعاتن منٛز  مختلف اجزاء شأمل أستھ یم مختلف مقصدن ہٕنٛد خاطرٕ چھ آسان۔
7735,"أمۍ سنٛدۍ مٲلۍ، رچٲرڈ والمسلے بلییرن اوس انڈین سول سروسس منٛز کٲم کٔرمٕژ۔
"
7736,دِہلہِ منٛز وۄن تباہ گومٗت ،  قلعہ رائے پِتھورا ہچہِ تٔعمیٖر چھ پرتھوی راجس  سٕتہِ وابسطہٕ كرنہٕ یوان ۔ 
7737,ہِنٛدُستٲنہِ  ہِمالیہ، تھار ریگِستان تہٕ ہِند گنگا  مٲدان چُھ شُمٲلی ہِنٛدُستان کیٚن قۄدرٔتی منظرن پیٚٹھ حٲوی ۔
7738,أمۍ کوٚر پٕنُن ماسٹرز تہٕ پی ایچ ڈی ہارورڈ یونیورسٹی پٮ۪ٹھ مکمل۔
7739,"زِیٛادٕ تر وقتہٕ ہیٚکِو تو٘ہہِ  آن لایِن درخاست کٔرِتھ۔
"
7740,ورانہ دٔریاو چھُ اکھ دٔریا یُس مغربی ہندوستٲنہِ  ریاست مہاراشٹر کِس سانگلی تہٕ کولہاپور ضلعہٕ كہِ وادِے  ورانہ کِنہِ  وسان چھُ ۔
7741,ہیرم ذکر کرنہٕ آمٕتۍ افرادن سۭتۍ، ٹیمٕک مرد چھ ڈینیل آرنمارٹ، ٹوماسو ڈی اورسوگنا، جےڈن ہیڈلر، میٹسن لاسن، کیمرون میک ایوائے، نیڈ میک کینڈری، ریان نپولین، تہٕ جیمز رابرٹس۔
7742,"پننہِ پیچیدٕ ساختہ خٲطرٕ زاننہٕ یِنہٕ وٲلۍ ورنم چھِ کرناٹک موسیقی منٛز اکھ بُنیٲدی شکٕل۔
"
7743,مٮ۪ریڑِتھ  زاو 16 نومبر 1907  کلیویلینڈ ، اوہائیوس منٛز  ۔
7744,کرسیلوفن کٔرۍ 3 ٹاپ فایو تہٕ 5 ٹاپ ٹین سکور۔
7745,نٔتیٖجن ، اکہ رٲژ  چُھ سُہ تمو٘  لوُکو٘ دٕسہِ  بے رحمی سان مارنہٕ یوان یمن تمہِ سندِ پنٗن فرض نِبھاونہٕ سٕتہِ نۄقسان واتان چھُ ۔
7746,"یہ چھ فی الحال جنوبی امریکاہک وٲحد ملک یس امہٕ قٕسمٕچ کاروٲیی پٮ۪ٹھ منع چھ کران۔
"
7747,2016 ہس منٛز آو یونٹی اکہ لٹہ چہ خریدٲری پٮ۪ٹھٕ سبسکرپشن ماڈلس منٛز تبدیل کرنہٕ۔
7748,پیٚرپھرل سٮ۪نسٔری-موٹر علامتن ہٕنٛز موجوُدگی یا ریكہٕ  أڑجہ ہنٛز ذیلی شدید خرٲبی چھے٘ فولیٹ ایسِڈ چہِ كمی برعقص زور دِتھ بی 12 ہچہِ  کٔمی ہنٛزِ موجوُدگی تجویز کران۔
7749,ضیابطیس والین پزِ سافٹ ڈرنکو تہٕ جوُسو نشہِ پرجیز كرٗن یا یِم كم كرٕنہِ  ۔
7750,سٹیو وزنیاک اوس 11 اگست 1950 ہس منٛز سان جوز، کیلیفورنیاہس منٛز زامت۔
7751,ایموجیز چھ عام طور پٲٹھۍ تمہ وز استعمال گژھان ییٚلہ لکھ اکھ أکس ٹیکسٹ چھ کران ۔
7752,1998 منٛزہیو٘ت جرمن وولکس ویگن گروٗپن  بینٹلے £430 ملین پاؤنڈن مو٘لہِ ۔
7753,مےٚ اوس نہٕ توقع زِ یتھ سمارٹ ہوم سیکورٹی سسٹمس آسِہ بُتھِچ شناخت۔ یِہ چھ متٲثر کُن ۔ 
7754,پیٚٹھمہ پیشاب نالہ منٛز یو ٹی آیی چھ پایلنفرایٹس یا گردٕ ہٕنٛد انفیکشن کہ ناوٕ سۭتۍ زانٛنہٕ یوان۔
7755,سمندری طوُفان  کلیئرن تور سٲحلس  کراتھا پیٹھٕہ 100 کلومیٹر شمالس منٛز اپور ،  پلبرا خطس 195 کلومیٹر فی گھنٹہٕ رفتار كہِ   واوٕ سٕتہِ دٕنِراوان ۔ 
7756,"یٖتیہ زِیٛادٕ سیٚلہٕ تقسیٖم چھِ گژھَان، کینسر چھُ تیوٗتہ بدتر گژھَان۔
"
7757,قدیم سپتپرنی غار، اکھ قدرتی غار یُس بدھ سندیو دۄہو پیٹھہٕ چِھ، چُھ صرف کینٛہہ کلومیٹر دور۔
7758,گر٘ے مارکیٹ  سامانہٕ ہینہٕ وٲلہِ گر٘اك  چھِ وارنٹی ہٗند احترام نہٕ گژھنٗک خطرٕ تٗلان ۔
7759,میسنٛگ كٗمبہٕ چھٗ یہوُدِ ، تہٕ چھٗ روُس تہٕ پولینڈٗك نسل ۔
7760,بہٕ چھس ناراض تکیاز ژٕ چھکھ  لوکن تھی بے جا بیان دوان تس نوس خریدارس متعلق ییٚمی سیٹھاہ کوشش کٔرِتھ زیون۔
7761,"فرض کٔرو ز تہۍ چھوٕ 10 ؤرین خٲطرٕ اتھ کھاتس منٛز  10,000 ڈالر ترٛاوان۔"
7762,میزورمٕک عصرِ حاضرِ لوٗکھ چھِ کرسمس، ایسٹر تہٕ باقی مسیحی تقریبہٕ مناوان تہٕ چھِ واریاہ پرٛٲنۍ قٕبیلَن ہٕنٛدۍ رسمو رواجَن ہٕنٛز جاے رَٹان۔
7763,سُہ اوس 1975 پیٹھہٕ 1992تھس  تام برگڈورف گٗڈمینٗک چیئرمین تہٕ سی ای او ۔
7764,دویمہ عالمی  جنگہ پتہٕ بوُز ووُہن  پننہِ كٗمبٗك  ۔
7765,یتھ پٲٹھۍ چھُ ایسٹر ٹھوٗل عیسٲین باپتھ  خٲلی قبرِ ہِنٛز علامت۔
7766,برادری طرفہٕ آیہ  تمہِ سنزِ كامیٲبی ہٗند جشنہٕ  مناونہٕ خٲطرٕ   اكھ تقریب مٗنقد كرنہٕ ، تہٕ یہیہ  اوس سوٗ موقہٕ ییلہِ تس دادا كیلكر سٕنز  بایوگرافی آف بٗدھا دِنہٕ آیہ، یٗسس اكھ مٗصنِف تہٕ تس خاندانٗہِ دوست اوس ۔
7767,اکھ شخص ہیٚکہ پنٛنس جٗرمس پٮ۪ٹھ پٗرامن یا پٗرتشدٗد طریقہٕ رد عمل ظٲہر کرِتھ ۔
7768,"مگر سانچیزس تہٕ باقین آو نہٕ اندر اژنک اجازت دنہٕ، امہ موجوب لیٖکھۍ تمو ای میل۔
"
7769,ڈومینیکن ریپبلکس منٛز تہٕ چِھ مخالف لۄکٕٹہِ گرٖپ موجود۔
7770,"ہندوستان کین کُل چونہٕ کَنین ہُنٛد تخمینہٕ چھُ 93,623 ملین ٹن۔
"
7771,بہٕ گوس پریشان ییٚلہ نہٕ مےٚ ژوچِہ ہنٛد سُہ قسم وچھ یس بہٕ بیکری ہنٛدس مینوس منٛز ژھاران اوسس۔
7772,"سنگھ بھومَس منٛز کٔر ہوسَو  1820 منٛز بغاوت، تہٕ کولَو  کٔر 1832 منٛز مغربی بنٛگالَس منٛز بغاوت ۔
"
7773,"پاکستانۍ اعداد و شُمارٕ مطابِق ٲسۍ اپریل شروع سپدنس تانۍ مغربی بنگال پیٹھٕ 83,000 مسلمان مہاجرین وٲتۍ متۍ۔"
7774,یہ چھنہٕ صرف کھیلن ہنٛدۍ خٲطرٕ بلکہ موسیقی خٲطرٕ تہ۔
7775,"جھارکھنڈُک جغرافیٲئی رۄقبہٕ چھُ 7,970,000 ہیٚکٹر۔
"
7776,دِلہِ ہنٛز بلدِیٲتی آبہٕ فرہمی ہٗند انتظام  چھٗ  دہلی  جل بور٘ڈ چلاوان ۔
7777,سہٗ چھٗ بیٹ تہٕ ہپی نسلن منٛز اکھ مشہوٗر شخصیت ۔
7778,مےٚ چھےٚ خوشی ز صحت مرکزس منٛز چھ ییٚمہ ہفتہٕ کس ٲخرس پیٹھ مشورٕ خٲطرٕ وارِیاہ تجربہٕ کار ڈاکٹر دٔستیاب۔
7779,أکۍ نوجوانن ہنٛدس مقابلس منٛز کونگَن لگوٚو پیمٲئش ٹیپ کھوتہٕ زیادٕ دور ۔
7780,یوٗ ای اٮ۪ف آیی چھ تمام آیی بی اٮ۪م کمپیوٹرن منٛز لبنہٕ ینہٕ وٲل وراثتک بی آیی او اٮ۪س فریم وییر انٹرفیسچ جاے نوان۔
7781,موختصر ناو  چھِ اَکثَر یادشت ہٗرراونہٕ كِین آلاتن ہندِ پٲٹھہِ ہیچھناونہٕ یوان ،  مِسالے فِزیكسس منز چھِ بوزنہٕ یِنہٕ والہِ وارِیاہن رنگن ہنزن رٕكھن  ہٕندِ رنگ “ آر  او وایی جی بی وی “  ( ووزٗل، سنگتٕرِ ، لیدٗر، سبز ، نِیوٗل ،لاجورٕدِ ،بٗنفشہِ )۔
7782,جالہِ سۭتہِ زینڈرَس پٮ۪ٹھ رٹنٕچ کوٗشِش ناکام گژھنہٕ پتہٕ کٔر پولیس كیو٘ غوطہ خورو اتھ ہارپوُن استمال  ۔
7783,یہِ فلِم آیہِ  24 فروری 2017 ریلیز كرنہٕ ۔
7784,"تٔمۍ بُلٲو اکھ کونسل ییٚتہ کینٛژو تٔمس انٛگریزن برٛونٛہہ کنہ ۂتھیار تراونک مشورٕ دیت، کینٛژو دیت جنٛگ جٲری تھاونہٕ خٲطرٕ، تہٕ کیٚنٛژو دیت پنٕنۍ لڑٲے زیٹھراونک مشورٕ۔
"
7785,اکہ لٹہ ییٚلہ تہۍ پننس خاندانہ خٲطرٕ ایمرجنسی فنڈ قٲیم کٔرو، تۄہہ پزٕ کانہہ تہ اضٲفی رقم قرض واپس ادا کرنس منٛز ترٛاون یوٚتام نہٕ تۄہہ پوٗرٕ پٲٹھۍ قرضہ نکھٕ وسہ۔
7786,كر٘یژھِ وول  سکیبیز چھٗ بیٚمارِ ہنز زیٛادٕ شدید صوُرت ۔
7787,یہِ چھُ رقبَس منٛز 40 مربع کلومیٹر (15.4sqmi)، دُنیِہٕچ وٲحِد ہوٲیی پارک، یۄس شُمٲلی مشرقی ہندوستانَس منٛز واقع چھِِ، تہٕ چھُ لوکتک جِیلُک اکھ لٲزمی حصہٕ ۔
7788,سر، مہربٲنی کٔرتھ مہٕ  لگٲوِو پینٹنگن اتھہٕ ۔ اگر توہہِ اتھ داغ دِیو ، تۄہہ چھ امِكِۍ پونسہٕ دِنۍ ۔
7789,چھیكرس  کوٚر الیرین افسر طبقن پانے ریاست کس اختیارس پیٹھ قبضہٕ ۔
7790,سٗہ چھٗ باؤسرتہٕ کوُپاہس   كِس شہزادٕ  سٗنٛد نیچوٗو  ۔
7791,"ہیٚنٛدۍ افسانن پٮ۪ٹھ مبنی، چھ اتھ منٛز رام سٕنٛدۍ نیچوۍ، لو تہٕ کش ہاونہٕ آمٕتۍ۔
"
7792,سِرٛنٛگیری سُنٛد مشہوٗر بوم درٛاو نٮ۪بر۔ أمۍ کٔڑ شَرارتہٕ ۂژ آواز  “ہۭمپھ“!۔ بہٕ دِما أکِس  لۄکٹِس مۄکٹِس وایرَسس بگوانن سۭتۍ پنُن وعدٕ پُھٹراونہٕ؟ زٕہٲنۍ نہٕ“!   
7793,"امیک تعلق چھ رڈرکرک بلدیہس سۭتۍ تہٕ یہ اوس 1855 ہس تام بلدیہ۔
"
7794,اکھ اصل پٲٹھہِ تاہ كرِتھ شالچھُ تِہندین كھوہورین پھیكین پیٹھ  سجان  ییٚلہ زن ڈرمٗک پٹہ تہنٛدِس دٔچھِنِس پھیكِس پیٹھ اویزان چھِ ۔
7795,پٹنہ پائریٹسن دژ دلہ منٛز فاینلس دوران ٹرافی حٲصل كرنہٕ باپت  یوُ مٗمبا ہس 3یو٘  پوینٹو  سۭتہِ  شکست ۔۔
7796,کرینلیہہ کرینلیہہ چُھ ویورلے ، سرے ، انگلِستانس منٛز اکھ گام تہٕ شہری پادٕرِ علاقہٕ ۔ ۔
7797,بایو مِن، اكھ کیلشیم فلوورو فاسفوسیلیکیٹک  بایو ایکٹیو گلاس، چھٗ سنیو٘  ٹیوُبوُلر بن ہنٛد رٗکاوٹہٕ ذٔریعہٕ حساسیتہٕ نِش  تیزی سان  تہٕ طویل مٗدتی راحت فراہم کران۔
7798,منی پوٗرٕ کس زیٖٹھس تٲریخس منٛز اوس یوبی لکپی سالانہ سرکٲرۍ کھیل، یتھ منٛز بادشاہن شری گووندجی سٕنٛدس ہندو تہوارس پیٹھ شرکت کٔر۔
7799,پیزا رینچ: پیزا رینچ، انکارپوریٹڈ چھ اکھ مڈویسٹرن فاسٹ کیجول ریسٹورنٹ چین۔
7800,نیٹسوک اوس أکس انرو ڈبہٕ چہ تار پٮ۪ٹھ بٹن فاسٹر۔
7801,ٲخٕرکار چھِ لکشیا تہٕ سلونی بوسہٕ دِوان مگر لکشیا چھُ بیٚیہِ اَکہِ لٹہِ پَریشان گَژٛھان تِکیٛازِ أمۍ سٕنٛز نظر چھِ تَتہِ کھڑا بیٚیِس کورِ کُن گژٛھان۔
7802,تاہم، 2010 برونٹھ، تمام کینابینوائڈز ٲس نہٕ امریکہس منٛز غیر قانونی۔
7803,پننہ سمٲجی حیثیت تہٕ اثر و رسوخ کہ وجہہ سۭتۍ چھ تم انشولس یہ تعلق بنٛد کرنٕچ دھمکی دوان۔
7804,"2011 چہِ مردم شُمٲری مطابِق ٲس سری نگرٕچ آبٲدی 20,115۔"
7805,"یہِ عمارتآیہ پُلیٖسہٕ  طرفہٕ یکدَم محفوٗظ کرنہٕ ، یِمن ""یٔقیٖن کرنہٕ خٲطرٕ وجہ"" اوس زِ بٔنٛدوٗق بردار اوس گۄڈَیہ عمارتہٕ منٛزٕ درٛامُت۔"
7806,"کٮ۪نٛژو  برطانوی فوجیو كٕر  ""کانٛہہ قۭٲدِ نہٕ"" حیكمت عملی یختیار ۔"
7807,مندرجہ ذیل دریاو چِھ اراولی رینج پؠٹھ پکان، دۄشوے شمال کہ طرفہٕ یمنا تہٕ جنوب کہ طرفہٕ بحیرہ عربس کُن۔
7808,  3000کھۄتہٕ زیٛادٕ لکن پیو شہر تر٘اوُن ۔
7809,"2015 ہَس منٛز گوٚو سُہ  جے 2 لیگ کلب اَوِسپا فوکوکاہس منز پاہ ۔
"
7810,"اگست 1914 ہَس منٛز بَنیو رچتھوفین گۄڈٕنِکِس عالمی جنگہِ عظیمَس منٛز اکھ گُرِ سوار افسر۔
"
7811,1990 کس دہلس منٛز آیہِ ہوٲیی کارگو ٹرمینل تہٕ پارکنگچ سہولیات بڑاونہٕ۔
7812,"باقی حکمت عملی یتھ کٔنۍ زن 16 وٲنٛسہِ منٛز آفاقی اسکریننگ آیہٕ 2001 منٛز تجویز کرنہٕ، مؤخر الذکر نقطہٕ نظر ہیکہٕ مختصر مدتس منٛز کم لاگتہٕ مؤثر ٲستھ۔
"
7813,"سِلمبم چُھ ہتھیارن پیٚٹھ مبنی اَکھ ہِنٛدُستٲنہِ مارشل آرٹ یُس برصٔغیٖر ہِنٛدس  منٛز جٔنوٗبی ہِنٛدُستانس منٛز شُروٗع گَو٘  یُس یَتھ جٔدیٖد دۄہَن منٛز تہِ اَکہِ رٮ۪وٲیتی کھیل پٲٹھۍ گِنٛدنہٕ چُھ یِوان۔
"
7814,کنہ ساتہٕ چھ جسمس منٛز کانٛہہ بٮ۪مٲرۍ دماغ کہ خراب پٲٹھۍ کٲم کرنک سبب بنان۔
7815,لوکھ ہیٛکن گیم میکر استعمال کرنس منٛز باقین لوکن سۭتۍ تہ مدد حٲصل کٔرتھ ۔
7816,وکی یس چھ یہ احساس ز یہ کتھ کٔنہ چھ غٲر منصفانہٕ، تہٕ چھ اھندٕس سفرس خٲطرٕ پونٛسہٕ جمع کرنہٕ باپتھ پرفارم کرنٕچ پیشکش کران۔
7817,تمہِ پتہٕ آو تٔمِس 1994 منز مِس ورلڈُک تاج لَگاونہٕ یمہِ پتہٕ تٔمِس فلمَن منز اداکٲری ہنز کٲم آے دِنہٕ۔
7818,تاہم، پہٲڑی علاقن تہٕ جنگلن تل آسنہٕ کنۍ چھ صرف 27% زمین فصل وۄپداونہٕ خٲطرٕ دستیاب۔
7819,تاہم چھُ اکھ سہل اِشارِٕ بناونہٕ آمُت یُس نہٕ سیمیکولن تہٕ بٔڑۍ اَچَھر چھُ استعمال کران مگر کوماہَن ہنز مشبہ تعداد استعمال کٔرتھ چھُ نوٹن ہنٛز تمام توییٖعٕچ نِشاندِہی کران۔
7820,"بروکین ہل چُھ آسٹریلیا کس وسطس منٛز اکھ کان کنی شہر۔

"
7821,پرٛیتھ کٲنٛسہ چھِ بدلن وٲلہِ  اخراجات   یِم پرٛیتھ ریتہٕ وۄتلان چھِ ۔
7822,حتاکہ سُہ اوس شری کِرشن سُنٛد عقیدت مند، تس ٲس شری رادھایہِ ہنز  نفرت۔
7823,یہِ جاے چھِ بھوٹانیَن  تہٕ بٗدھ مت کین  ڈروکپا کھرگوُ رٮ۪وایت پالن والین  باقٮ۪ن مُریٖدَن باپتھ اکھ اَہَم زِیارت گاہ بنٛیمٕژ۔
7824,سرمایہ دارَن، مقٲمی بینکَس منز لون اَفسَر، تہٕ سمال بزنس ایڈمنسٹریشن پٲٹھۍ باقی اِنتظمیَن باپت پنُن سِکن کیئر کاروبار تیار کرنہٕ خٲطرٕ کٔرِو رابطہٕ تہٕ میٹنگہ  مقرر۔
7825,"ژٔنٛدٕروارِ دۄہ تام ٲسہِ طوٗفان پتہٕ بجلی بنٛد گژھنَس سۭتہِ وابسطہٕ ژون مزید موتن ہٗند طلاع مِیوُلمٗت ،  ییٚمہِ سۭتہِ ہلاکتَن ہُنٛد کُل تعداد ٲٹھ تام ووتمٗت چھُ ۔ 
"
7826,فلمہ ہٕنٛز شوٹنگ آیہ پاکالا گامس منٛز 11 ہن دۄہن دوران کرنہٕ۔
7827,"یہِ منٛدر چھُ پنِنہِ 27 فٹ تھوٚد گرینائٹ مورتی شری 1008 منیسوورتا، وُہِمہِ تیرتھنکارا باپت زاننہٕ یِوان۔
"
7828,یمو منٛز گوڑنچ، مہانگرن کٔر برطانوی تنقید نگارن ہند طرفہٕ تعریف حٲصل ؛ فلپ فرانسیسی سنٛد خیال اوس ز یہ ٲس رے سنٛز بہترین فلمن منٛز اکھ۔
7829,"اتھ چھ وٕنۍکٮ۪ن 16,000,000 کھۄتہٕ زیٛادٕ رکن، یم پورٕ دنیا پٮ۪ٹھٕ چھ۔"
7830,"وایناڈَس منٛز چھُ ریاستٕک تازٕہ آبُک اکھ سر- پوکوڈ سر۔
"
7831,مان تہٕ بھارتی چھ أمس اتھ منظرس منٛز دٗبارٕ اداکٲری کرنٕچ کوٗشش کرنس پیٹھ آمادٕ کران ۔
7832,"6 جوٗن 2018 کوٚر پروڈیوسرو اَداکار سنٛگھ تہٕ خان، ہٮ۪دایت کار شیٹی، تہٕ پروڈیوسر جوہرس پٮ۪ٹھ مشتمل اکہ سکیٹ ویڈیو سۭتۍ پرنسپل فوٹو گرافی شروٗع کرنک اعلان۔
"
7833,"2015 منٛز کوٚر نریندر مودی حکومتن سمارٹ سٹیز مشنُک اعلان۔
"
7834,2006 ہس منٛز گوٚو ہندوستانس منٛز لگ بگ 125 لچھن  لٗکن یہِ وایرس ۔
7835,2013 منٛز کوٚر ریاستی اسمبلی شرابس پیٹھ پابندی ہنٛدِ اثرک مطالعہٕ کرنہٕ خٲطرٕ متفقہ طور اکھ قرارداد منظور۔
7836,طالب علم چھ ترٛیٚیو  شعبو منٛز اکہ شعبک انتخاب کران، یعنی لبرل آرٹس، کامرس، یا ساینس۔
7837,فلمہٕ چھے٘ ٲخرس افسانوی كٲم  آسان ، یتھ منٛز سنیمٲیی  آزٲدی ہُنٛد حق چھُ ۔
7838,زیٛادٕ تر الگ تھاونٕچہ مشقہٕ چھےٚ واریاہ خاص تہٕ یمن ہٕنٛدِ باپتھ چھ مخصوٗص آلہ درکار۔ 
7839,"ہندوستان ٹایمز چہِ انوپما چوپڑایہ  دِتہِ  فلمہ 5 منٛز 1سٹار درجہ یہ ونان  ز ""ینگستان چھ دمٲغی مۄردٕ  تہٕ ناقابل برداشت""۔"
7840,"ییلہِ بانڈٕٗك  میعاد ختم گژھہِ ، بانڈ جٲری کرن وول تۄہہِ موُلہٕ رقم  واپس دِوان۔
"
7841,"انٹرنیٹس پیٹھ چِھ منتظمین عام طور پٲنٹھ اکھ ویب سائٹ منظم تہٕ کنٹرول کران۔

"
7842,11مہ صدی منز میج مشرقی چلوکیوس تحت تلگو ادبس سرپرستی ۔
7843,6-12 رIتن یا امہ کھۄتہٕ زیادٕ عرصس تام چھ ہفتس منٛز دۄیہ لٹہ علاج کرنک ضرورت۔
7844,"2021 کین جنوب مشرقی ایشیٲیی کھیلَن منٛز گوٚو کُراش مُقابلہٕ 10 پیٹھ 13 مئی 2022 تام ویتنام کِس ہنوئی، ہنوئیَس منٛز ہوئی چیک ڈسٹرکٹ سپورٹنگ ہالَس منٛز۔
"
7845,"تُلسی کالیاہنم چِھ زیادٕتر  کارتیکا شکلا دوداشی (کارتک ریتہٕ کِہِ گٹہٕ پچھ  12 ہِمہ دۄہ) یا اُتھانا دوادشی یا کشیرابدھی دوادشی دۄہ مناونہٕ یوان۔
"
7846,مقعد جنسی سۭتۍ چھ توتہ جنسی طور لارن واجنہ بیمار أکس شریک سٕنٛدِ پیٹھٕ بییس شریکس لاران۔
7847,زاکاہَن چھِ پنٕنۍ میڈیکل ٹیسٹ پاس کٔرمٕتۍ تہٕ یکم جولائی پٮ۪ٹھ پنُن معاہدٕ نافذ آسنہٕ سۭتۍ چُھ یورو 2016 ٹورنامنٹہٕ پتہٕ دی گنرزَس منٛز شٲمِل گژھُن وول۔
7848,"تٔٹۍ سندس ایال جٔژ چُھ اکثر ٹکھ   (ہاگ) یوان ہینہ، تہٕ لوٚٹ چھُ  ژھوٚٹ یوان تھونہ چِھ ڈاک یا لٹنہٕ یوان تاکہ یہٕ یہ نہ  سوار سنٛدس میلیٹس ولنہٕ۔
"
7849,مہاما، فوکوئی منٛز چھ انڈر واٹر ٹگ آف وار فیسٹیول 380 ؤری پرانہ، تہٕ چھ پرٛیتھ جنوریس منٛز مناونہٕ یوان۔
7850,ڈورگنن کٔر پتہٕ واشنگٹن ، ڈی سی. قانونی فٔرم آرنٛٹ فوکُس اٮ۪ل اٮ۪ل پی یَس  منٛز کٲم ۔
7851,کیٚنٛہہ ڈبہٕ چِھ کپرٕ وو٘لتہِ تہٕ اندٕ تھپہٕ ہیتھ كنٕنہٕ یوان۔
7852,ارواری چھُ الور ضِلعہٕ خٲطرٕ آبُک اَہَم ذٔریعہٕ۔
7853,بییہِ چھِ تِمن بطور فرد ، كٗمبہٕ  كین باقین قٲبل ذکر رٗكنن پٮ۪ٹھ نٗمایاں اثر آسان۔
7854,امہ مذید چھےٚ کلاسیکی زبان سنسکرت  دوٚیم سرکٲرۍ زبان قرار دنہٕ آمٕژ، حالانکہ اتھ چھنہٕ کانٛہہ مقٲمی بولن وول، تہٕ امیک استعمال چھ تعلیمی تہٕ مذہبی ترتیبن تام محدود۔
7855,"برطانوی سفارت خانٕکۍ ترجُمانَن ووٚن زِ تِم چھِ ""چینی حکامَن سۭتۍ رٲبطَس منٛز تہٕ اگر یہِ معلوٗمات صحیح آسہِ تیٚلہِ چھِ فوری قونصلر رسٲیی ہٕنٛز درخواست کران۔"""
7856,اگر تو٘ہہِ  یہ کرِیو٘  تیٚلہِ تھٲیِو فیٖڈس کُن نظر یُتھ نہٕ  منفی جٲیزٕظٲہرگژھن ۔
7857,جنگس دوران آیہ نہٕ جنگی تناوٕکۍ ردِعملٕک زیٛادٕ معاملہٕ رپورٹ کرنہٕ ۔
7858,نیو جرسی یَن دِیُت 1:20 ہن  منز اكھ اكِس پتیہ گولو٘ سٕتہِ جواب ،گۄڈٕنِیوٗك اكھ  پاور پلے گول، پتہٕ اکھ شارٹ ہینڈ گول۔
7859,جھیٖلس منز  چھِ واریاہ مگرمچھ ؤچھنہٕ آمٕتہِ۔
7860,تٔمۍ کٔرۍ تِم استعمال تہٕ کٔرِن تہنٛد خیالات اِختیار بایبلٕچ تفہیم پنٕنہِ مطٲبق کٔرِتھ۔
7861,10 منٹن ہنزِ آڈیو کلپہِ كٕرِ  لو وٗف دٕسہِ  2017  لاس ویگاس طرزکہِ حملس مٗتلعق خبردار ۔
7862,منجو چھِ واریاہ ایوارڈ رٹن واجنۍ یِمَن منٛز اکھ نیشنل فلم ایوارڈ، اکھ کیرالہ سٹیٹ فلم ایوارڈ تہٕ ستھ فلم فیئر ایوارڈ ساؤتھ شٲمِل چھِ۔
7863,پنجاب ایگریکلچرل یونیورسٹی چھےٚ زراعتک مطالعہٕ کرنہٕ خٲطرٕ عالمی سطحس پیٛٹھ اکھ سرکردٕ ادارٕ تہٕ أمۍ چھ 1960-70 کس دہلس منٛز پنجاب کس سبز انقلابس منٛز اہم کردار ادا کوٚرمت۔
7864,فرانسس منٛز ہیکن کنہہ سایڈر محفوظ ناو سٕتۍ فأیدٕ تلتھ ۔
7865,"نیشنل پارک آف امریکن سمووا ہٕکہِ  سپرنٹنڈنٹ مائیک رینالڈن دِیوٗت  ژون لہرن ہٕنٛدِ شیٚن میٹرن تام تھود آسنٗك  اطلاع ۔
"
7866,ویبورادا ٲس اکھ شہید یۄسہٕ پننٮ۪ن شہر کین لوُکن خٲطرٕ دعا کران مارنہٕ آے۔
7867,अथ ओस ज़याद तवसीहियत  त् सॉफ्तटवेर टाइल हेथ तियूतुय कॅमथ.    
7868,سٹولٹن برگ چھ گلوبل کمیشن فار دی اکانومی اینڈ کلائمیٹک رُکن روُدمٗت ۔
7869,"مہاکاوی چھِ اکثر دیوتاہن تہٕ خدا ہِوین ہیٖروَن درمِیان لڑایہِ أکِس رٮ۪تس یا اَمہِ کھۄتہٕ زِیٛادٕ وقتَس تام روزان بیان کران۔
"
7870,کٹکس منٛز اوس سہ کرشنا سوامی رامیہ سٕنٛد طرفہٕ شروع کرنہٕ آمت انڈیکا-جاپونکا توٚمل ہائبرڈائزیشن پروگرامس تحت۔
7871,دماغس نقصان گژھنک تہٕ نشوونماہس منٛز تاخیرک خطرٕ چھ امہ ابتدٲئی وقتس منٛز اہم۔
7872,ہالی ووڈ واک آف فیمس منز چُھ تمۍ اداکٲری کٔرمٕژ۔
7873,کارن پیلسس منٛز چِھ گیون محفِل ، کھیلن ہنٛدۍ پروگرام ، نمٲیشہٕ تہٕ باقی کمیونٹی تقریب ۔
7874,پنجہ پیڈ چھ باقی بیارین تہٕ ہونین پیٹھ تہِ لبنہٕ یوان ۔
7875,"وزارت صحتک اہلکار رُستم پکایا ین ووٚن نامہ نگارن ز کم از کم 28,000 لٗکھ چھ وسطی جاواہس منٛز پنٕنہِ گرٕ ترک کرنس پیٹھ مجبوُر گٲمٕتہِ ، حالانٛکہ صحیح اعداد و شمار چھنہٕ وٗنہِ  دٔستیاب۔"
7876,ویکیپیڈیا مضمونن ہنٛد بڑون مجموعہٕ چِھ بولنہٕ ینہٕ والین لفظن ہنٛز ریکارڈنگ پٲٹھۍ تہ دستیاب گژھن شروع گومت۔
7877,کیرالہ ہن چھ حالٕے رانجی ٹرافی کرکٹ مقابلس منٛز جان کارکردگی ہنٛد مظاہرٕ کوٚرمت، تہٕ 2017-18 منٛز چھ تٲریخس منٛز گۄڈنچہ لٹہ کوارٹر فاینلس تام ووتمت۔
7878,جرمنی تہٕ سلطنت عثمانیہ چہ کالونیہ آیہٕ لیگ آف نیشنز کہ مینڈیٹ طور اتحٲدی طاقتن منٛز تقسیم کرنہٕ۔
7879, یہ آو  اکھ دۄہ برونہہ ریفرنڈم کس نتیجس منٛز کرنہ۔
7880,فلمہ كموو نہٕ  ٹِکٹ کٕننس منٛز زیادٕ پونٛسہٕ ۔
7881,اگر تو٘ہہِ  پننِس  مٲلِیاتس  منٛز نظم و ضبط تھاونٕچ کوُشِش کران چِھو تہِ  چُھنہٕ جان ۔ 
7882,یہِ تہِ چھٗ مانٛنہٕ یوان زِ مشہوُر نیل کنٹھ مہادیو مندر چَھے٘ سۄ جاے ییٚتہ یہ واقع سپٗد ۔
7883,"سۄ آیہ ""سسٹین ایبل ایگریکلچر لیڈ فارمر پراجیکٹچ"" ذمہٕ دار بناونہٕ۔"
7884,وُڈ اوس اَتھ تٲثرَس تَل  زِ جوئل ڈی کیرن،  انڈرٹیکر ییٛمہِ سٕنٛز کٗنزٕ  ژورِ نِیكھ ، اوس پَنُن کینہہ کاربار غٲر قونُونِی بنوومٗت ۔
7885,یہِ فِلِم چھےٚ دۄن صحافِینَن ہِنٛز پیروی کَران یِم   اکھ بوٚڑ سکیم وُچھان چھِ ۔ 
7886,ٹرکہِ چھُ نار لگُن ہیوان تہٕ لوٗکھ چھِ یِوان نار ژھیوراونٕچ کوٗششہِ منٛز واقعہٕچ جایہِ پیٹھ واپس یِوان وچھنہٕ۔
7887,بنگلہ دیش ہِشن جاین تہٕ كرِدارن ہیتھ ہندوستانس منز فِلماونہٕ آمٕژ ، دِی باسٹرڈ چائلڈ چھےٚ 1971 چِہ بنگلا دیش جنگ آزٲدی پیٹھ مبنی  اَکھ ہِندوستٲنہِ فِلِم ۔
7888,"جان چھُ دفتری اہلکارَن رُشوَت دِوان تہٕ اصلی کاسابلانکا فایلہٕ چھِ حٲصِل کران، تہٕ چھُ تحقیقات کران۔
"
7889,"جی اے ڈبلیو سی اسٹڈیز مطٲبق چھ پراگ اکھ ""1"" الفا-""2"" عالمی شہر کس طورس پٮ۪ٹھ درجہٕ بنٛد کرنہٕ آمت، ییٚمیک موازنہٕ ویانا، منیلا تہٕ واشنگٹن ڈی سی ہس سٕتۍ چھ یوان کرنہٕ۔"
7890,لییکٹیشنل ماسٹائٹسس منز چُھنہٕ آسان زیادٕ تر معاملن منز اینٹی بائیوٹکسن ہُند ضرورت تہٕ یِہ گژھِ صرف جرٲثیمی انفیکشن باپت استعمال کرنہٕ یُن۔ 
7891,پلون تہٕ ژمہٕ پیٹھ گرد جمع گژھنہٕ نش بچنہٕ خٲطرٕ لگٲویو ڈسپوزایبل حفاظتی سوٗٹ یا تھٲویو  پلو بند كرنہٕ یِنہٕ وٲلِس ٹھیلس منٛز تہٕ، اگر مٗمکن آسہِ، گرٕ واپس ینہٕ پتہٕ كریو شر٘ان ۔
7892,خنزیر مازُک سیوٚن یتھ کٔنۍ زن ونڈالو، زیکوٹی، چوریکو، تہٕ سورپوٹیل چھِ گون کیتھولِکَن منٛز بڑین موقعن پیٹھ رننہٕ یِوان۔
7893,"ڈیاگو کوسٹاہَن کوٚر کھیلُک وٲحِد گول، دَہَو منٹَو پتہٕ ییٚتہِ ریئل میڈرڈَن قبضَس پٮ۪ٹھ غلبہٕ  کوٚر۔
"
7894, ییٚلہ کانٛہہ مشرقس کُن پکان چُھ تییٚلہِ  چِھ ۄزٕج تہٕ  ۄزٕج لیدٕر  رنگٕچ  لیٹرائٹ میژ  نظرِ گژھان۔ 
7895,اکھ کھڑا مارٹنگیل گژھ اِستعمال کرنہٕ یُن، لہذا حفاظت خٲطرٕ چُھ اکھ بریسٹ پلیٹ ضروری۔
7896,"مُسلِم روایتہٕ مُطٲبِق ٲسۍ یہود تہِ دٔہمہِ دۄہ روزٕ تھاوان۔
"
7897,تمام جانورن چھےٚ ماچھ تلر لار کران۔
7898,اتر پردیش ٹیمُک ناو چُھ یو پی یودھا یس جی ایم آر گروپٕچ ملکیت چھ تہٕ گجرات ٹیمک ناو چھ گجرات فارچیون جائنٹس یس گوتم اڈانی سنٛد ملکیت چھ۔
7899,باظٲبطہٕ کھیلس  منٛز چھِ ٹیم شورٹس تہٕ جرسی وردی لاگان یِمَن پیٹھ  صِرِف 1-12 ہن ہندِس حدس منز نمبر بٗتھہِ تہٕ پتہٕ چھاپ كرِتھ آسان چھِ ۔ 
7900,ایف سی پیٹرزلکا-ایف سی پیٹرزلکا چُھ اکھ فٹ بال کلب یُس سلوواکیاہس منٛز گِنٛدان چُھ۔
7901,بہٕ چھٗس یژھان ز ییٚلہ أسہِ کھہن منٛز کٲم چھ  کران آسو تیٚلہ گژھ دٗپہرٕ كہِ  کھٮ۪ن  وقفہٕ  خٲطرٕ اکھ آرام دہ تہٕ سایہٕ دار جاے آسٕنہِ۔
7902,تٔمہِ تر٘ٲوِ تِم نوَو ؤریو پتہٕ بیلجیم کس ٹیم واٹرشی یس سۭتہِ کینٛہہ وقتہٕ خٲطرٕ۔
7903,یِم مٲلہِ امہِٕ دوہ مۄكلان چھِ تِمن منز چھِ پنڈارپوُر تہٕ پٗشکر مٲلس منٛز پربودھنی ایکادشی ہُنٛد جیٚشن شٲمِل ۔
7904,یہٕ چُھ واضح پٲٹھہِ  مدافعتی ردعملس تمہِ طریقہٕ تبدیٖل کران یُس وایرسس خٲطرٕ فٲیدٕ منٛد  أستھ ہیکہِ ۔
7905,رڈلنجن چھ سویٹزرلینڈ کس شیف ہاوسن کینٹانس منٛز اکھ بلدیہ۔
7906,یِم چِھ اکثر اکِس  مخصوُص کابینہ  وزیرس سٕتہِ وابسطہٕ   نٲیب وزیر آسان ۔
7907,تِم ٲسۍ  30 جولائی گژھن واجنۍ اولمپکسٕچہِ افتتاحی تقریب برۅنٛہہ ترٛیٚہ ہفتہٕ لاس اینجلس وٲتۍ مٕتۍ۔ 
7908,اوپن سورس تحریک گٔیہ 1998 منٛز فری سافٹ وییر تحریکہ نش الگ۔
7909,جاتی ہٕنٛدِ ناو چھِ علاقٲیی وابستگی ہنز  عکٲسی کران، مثالے، آنٛدھری تہٕ اوڈیچیا۔
7910,تۄہہ گژِھیو چیزٗك  ناو تہٕ مٗختٔلف قٕسم گوُگل کٔرِتھ ہیكٕنہِ یہِ پتاہ كرنہٕ باپت زِ اما امہِ كِس بند كرنس پتہٕ  ما چھٗ كان٘ہہ خاص وجہہ ، نتہٕ كریو كمپنی ہندین صٲرِف خدماتن سٕتہِ رٲبطہٕ قٲیِم۔
7911,واریاہ کألی ،کوٚر سہُ انگریزو بحال،1839 تہٕ 1842  دوران کٔرکھ حکومت.
7912,تمۍ سٕنز کُور چھے شانتی مینن، ہوسہٕ بنگلور کیس اکِس سکوُلس ڈہنز ایکڈمی ہنز پرنسپل چھے ۔
7913,"یہ چھ سرورک وٲحد ؤرجن یس آفس 2019 ہیٚکہ چلٲوتھ۔
"
7914,اتہِ چھِ حكومت ِہند دٕسہِ  پان٘ژھ  کوئر فائبر فیکٹری ، پانژھ پٲداوارٕكہِ نٗمٲیشی مركز تہٕ ستھ فائبر کرلنگ یاكٲیی  چلاونہٕ یوان  ۔
7915,آز ہٮ۪کو آبٲدی کم گژھن وٲلس تعدادس منٛز 500 تام آسنک تخمینہٕ  لگٲوِتھ ۔
7916,دریاوُک اکھ لۄکُٹ نالہٕ چھُ بساواناگڈی منٛز بگل راک نزدیک نیران، تہٕ چھُ میسور روڈس نزدیک مرکزی دریاوَس سۭتۍ رَلان۔
7917,یہِ اوس پُرتگٲلہ ہِنٛدُستان کہِ دِفاع خٲطرٕ اَکھ فوجی قلعہ۔
7918,1935 پیٹھٕ 1945 تام ٲسۍ ناگا صرف آسامس منز خود مختٲری ہنٛز منگ کران۔
7919,"ہائی سکوٗلَس منٛز روزنہٕ وِز گِیٚوٗنٛد تَمہِ رِیٲستی سطحس پٮ۪ٹھ تھرو بال تہٕ ٲسس ٹیبل ٹینسَس منٛز تہِ دِلچسپی ، ییٚلہِ زن ماڈلنگ شوَن منٛز تِہ باقٲعدٕ حصہٕ نِنہٕ واجیٚنۍ ٲس ۔
"
7920,ییلہٕ سوٛ نران  چھے٘، یوڈی چھ دِل ملوُلی منٛز مبتلا گژھان، تہٕ پتہٕ  لیکٗھٗن شروع كران ۔ 
7921,یہ چھ بنیأدی طورکیرننگ سوٗیہ خیال یٗس كرنِنگ ہٖںد چھٗ  ، مگر یہٕ چھٗ پانیہ   کرنہٕ یوان ۔
7922,والی بال چھ بیٛاکھ اکھ مشہور کھیل تہٕ چھ اکثر سوٚدرٕ بٹھین سۭتۍ سیٚکہِ ساحلن پیٹھ عٲرضی  کھیلہ میدانن منٛز گنٛدنہٕ یوان۔
7923,یم چھ جسمس خوراکن منٛز لبنہٕ ینہٕ وٲلۍ وٹامن استعمال کرنس منٛز مدد کران۔
7924,ارگیل چِھ سپین کِس صوبہ کاتالونیاہس منٛز اکھ کاؤنٹی۔
7925,آز چھ اکیبانا جاپانس منٛز تمام طبقن ہٕنٛدٮ۪ن لوٗکن منٛز واریاہ مشہوٗر۔
7926,کینیڈاہَن زیوٗن فاینلس منٛز ایروکوئس نیشنَلَس 21–4 سۭتۍ شِکست دِتھ چیمپئن شپ۔
7927,پال گراس سٕنٛدِ بیان کرنہٕ آمٕژ دستاویزی فلم چھِ قدیم مصر پیٹھ سٹک تہٕ بال کھیلَن سۭتۍ سۭتۍ 16 مہِ صٔدی ہٕنٛدِس یورپس منٛز گولف آن آئس گیمَن ہُنٛد اعتراف کران۔
7928,امہِ سۭتۍ مِلیوٚو تِمن طاقت مستحکم کرنس تہٕ سیٲسی نمایندگی تہٕ تجارتی فایدٕہ حاصل کرنس منز مدد۔
7929,كھینہٕ یِنہٕ وٲلہِ  گلوکوکورٹیکوئڈز چھ دائمی پھیپھرن  ہنٛزٕ علامتہٕ قوبوُ کرنس منٛز اثر دار تاہم، یمن منٛز چھ منفی اثراتن ہنٛز اکھ وسیع فہرست یَتھ کٔنہ زن  ایڈریٖنل دباوٗن ، وزن بڈٗن ، آسٹیوپوروسس، ہائپرگلیكیمیا وغٲرٕ۔
7930,روسی فوجن لگاوِ  یوکرینٕی  پیش قدمی شِکست دنہٕ خٲطرٕ سویتوو تہٕ کریمنا گژھن واجٮ۪نین تمام سڑکن بوروُدی سرون٘گہٕ ۔
7931,تقریباً 3 میٹر سرٛنیرَس سۭتۍ چھُ روپ کنڈ جیل کِس بٔٹھِس پیٹھ لبنہٕ یِنہٕ وٲلۍ ہتہٕ بٔدین قدیم انسٲنی کرینزو  بٔڑِس پیمانَس پیٹھ  موجود آسنہ باپت زاننہٕ یِوان۔
7932,استعمال چھٗ ایشیاہس منٛز زیادٕ تہٕ یورپس منٛز کم ۔
7933,یہ ریاست اوس 2000  تام رقبکہ لحاظہٕ ہندوستانس منٛز ساروٕے کھوتہٕ بوٚڈ، ییٚلہ امہ کہ جنوب مشرقی چھتیس گڑھ خطہٕ آو اکھ الگ ریاست نامزد کرنہٕ۔
7934,"اکھ متبادل کار ہیٚکہِ پانٛژِ یا دَہَو منٹَو پتہٕ میدانَس منٛز دٲخٕل گژھِتھ۔
"
7935,2013 ہس منٛز کٕر ڈائننو ٹریولن سیبوُ سِٹی  ، فلپائنس منٛز کٲم  شروٗع ۔
7936,یمو منٛز چھ نو بال ساروٕے کھوتہٕ زیادٕ مقبول تہٕ اہم پیشورانہٕ کھیل یَتھ منٛز دہن بال چھ دویٛمۍ ساروی کھوتہٕ زیادٕ نمایاں۔
7937,बूलियन एक्सप्रेशनन ह्युंद वैल्यू छु या सही नत् गलत रोज़ान.  
7938,تیمس چھ کرافورڈ، ٹیکساسس منٛز اکھ فارمچ، یس واکوس نزدیٖک چھ۔
7939,"ہندوستان چہ 2011 چہ مردم شمٲری مطٲبق اوس ریاستس منٛز جنسی تناسب 986 زنانہٕ فی 1,000 مرد یس قومی اوسط 940 کھۄتہٕ واریاہ زیادٕ اوس۔"
7940,مقدونیائی فالانکس چُھ اکھ پیدل فوجٕچ تشکیل یۄسٕہ فلپ II ہن تیار کٔر۔
7941,بی اے تہٕ اِبیرِیا چھِ وَن وٲرلڈ اِیرلایِن ایٚلاینسس تحت شٔریٖک تہٕ چُھکھ گۄڈَے پانہٕ ؤنۍ کوڑ شِیَرُک مُعاہدٕ کوٚرمت۔ 
7942,آثار قدیمن ہٕنٛز جاے چھِ ایس اے ایس-95 نمبرَس تحت اے ایس آٮٔی یادگار پٲٹھۍ درٕج کرنہٕ آمٕژ۔
7943,وننہٕ چُھ یوان ز کینیڈینن ہنٛد شاٹٕچ درُستگی منٛز چِھ واریاہ درستگی ۔
7944,امریکہس منٛز چُھ 8 ہینڈلن ہنٛد استعمال کٔرتھ ٹگ آف وارٕچ اکھ شکل کیمپن، سکولن، چرچن تہٕ باقی تقریباتن منٛز مقابلہٕ منٛز استعمال گژھان۔
7945, فلم آیہِ  یش راج فلمز دٕسہِ  ڈِسٹرِبیوُٹ کٔرمنہٕ  تہٕ آیہ 3 میی 2013 دۄہ  400 تن پردن پیٹھ ریلیز کرنہٕ۔
7946,"یہ ایوارڈ چھ تٔمس کھلٲڑس دنہٕ یوان یس ساروٕے کھۄتہٕ زیٛادٕ کل پواینٹ چھ حٲصل کران۔ 
"
7947,تہۍ ہیٚکو نہٕ پوٚنسس سۭتۍ کینٛہہ تِہ کٔرتھ مگر اتھ چھ توتِہ قۭمت ۔
7948,ہیپاٹایٹس سی، ڈی، تہٕ ای ہیٚکہ حملس یا بچہٕ زؠنہٕ وز پھٕہلتھ۔
7949,پتہٕ گوٚو سہ ہوانا تہٕ کٕرٗن  طبی یلاج  شروع ۔
7950, بیٚل كٗمبٕكہِ باقیہ چھِ ووٚنہِ  نیوُ یارک تہٕ کیلیفورنیاہ كین اوسوُدٕ علاقن منز روزان ۔
7951,پرِندن منٛز چھُ یہِ بوٚڑ پہن  تہٕ أمس چھِ وُپھنہ باپت بڈۍ پٹھٕ جورِتھ آسان۔
7952,تمۍ کٔر ایمٕچ شناخت یا تہٕ أکس سیارن ہٕنٛد نیبولا یا أکس غٲر معموٗلی کہکشاں کس طورس پیٹھ۔
7953,بطور نوجوان ایگبرٹ اوس بیورٹرکس خٲطرٕ اکہٕ مسئلہٕ پٲٹھۍ وچھنہٕ یوان ۔
7954,کنہ ساتہٕ چھ یہ تٔمِس زنانہ یا بییس زنانہ بچہٕ پٲدٕ کرنس منٛز مدد کرنہٕ خٲطرٕ یوان کرنہٕ ۔
7955,ترٛیٛن وندرن ہٕندیو طاقتور سردارو کوٚر ابتدٲیی تاریخی جنوبی ہندوستان چہ سیٲسی تہٕ معٲشی زندگی پیٛٹھ غلبہ حٲصل ۔
7956,اَمِیُک ناو چھُ 27 فروری 1844  ہیٹی نِش قومی آزٲدی ہنز یاداوٲری ۔
7957,ریاستہائے متحدس منٛز گیہٕ 1990 چِہ دہائی  کساد بازاری برونٹھ ملازمتن منٛز بھڑس پیمانس پیٹھ اضافہٕ تہٕ بے روزگٲری منٛز کمی ۔
7958,تٔمہِ سٕنٛدِ مٲلہِ ییوٚت 1991 تھَس منٛز تٔمِس خٲطرٕ اکھ ، تہٕ ہیملٹنن کوٚر اصل۔
7959,کولسٹر ورتھ کولسٹر ورتھ چھ لنکنشایر، انگلینڈس منز اکھ گام تہٕ سول پارش ۔
7960,توشم کَنہِ خوطبہٕ چھُ اکھ آثار قدیمہ ریکارڈ یَتھ منٛز خانقاہ قٲیِم کرنُک تہٕ ساتوتا مذہبٕی  پیروکارَن خٲطرٕ آبہٕ تلاوَن ہٕنٛز تعمیر  رقم كرنہٕ آمٕژ چھِ ۔ 
7961,تٔمۍ کوٚر سوینڈسن سٕند سبکدوش گژھنہٕ پتہٕ رائل تھیٹرک انتظام تہ ۔
7962,وٗٹھِنہِ چھِ ژو٘ن   ہفتن  تام  روزان، تہٕ مکمل صحت یاب گژھنس ہیكن ریتہٕ وادٕ لگِتھ ۔ 
7963,آل انڈیا ریڈیو چھ پنن مواد واریاہو چینلو ذریعہٕ نشر کران یتھ منز ایر مرٲٹھۍ، FM گولڈ، تہٕ FM رینبو شٲمل چھ۔
7964,مظٲہرینن گژھِ  احتجاج کرنہٕ برونٛہہ دھرنا  تہٕ جلوُسہٕ خٲطرٕ لاسن میلٕنہِ ۔
7965,جگن ہیوک نہٕ پنٗن جوش رٗكٲوِتھ  ییلہٕ تمۍ سٕندۍ   ٹیمن ٲخٕری منٹس منٛز گول کوٚر ۔
7966,مےٚ اوس نہٕ زانٛہہ سوچمت ز میٲنۍ کمپٔنی بدلاوِ  میون لیپ ٹاپ یوت جلدی ۔
7967,افراتفری ہندۍ دورٕ پتہٕ کٔر پال خاندانن ٲٹھمہ صدی پیٹھہٕ شروع گژھتھ ژور ہتھ ؤری تام اتھ علاقس پیٹھ حکومت۔
7968,امہ پتہ یِم سیرولاجکل مطالعہ واریہن افریقی تہ ایشیایی ملکن منز سپدییہ ت،م چہ، ہاوان زِ یہ وایرس چہپ انسٲنی آبٲدی منز وسیع پیمانس پیتہ پھٲلیومت۔ 
7969,بنیادی آمدنی ہیکو قومی ، علاقٲئی یا مقامی طورس پیٹھ لاگو کرتھ۔
7970,ژورو منٛز ہیٚکن زٕ کردار پزل خٲطرٕ منفرد امتزاج تہٕ تکنیکہٕ استعمال کٔرتھ۔
7971,کینٛہہ گیون محفل چھِ سرکردٕ موسیقارن تہٕ سٲتھین سۭتہِ  سٗرن  ہنٛد  جان تبادلچ خصوُص،یت تھوان ، تہٕ سٲتھی موسیقار چھِ  مرکزی موسیقار سنٛدین  موسیقی ہندین  جملن ہنز پیشین گوئی کران ۔
7972,سٹیٹ روڈ ٹرانسپورٹ کارپوریشن (ایس آر ٹی سی)، یوٚس اتراکھنڈس منٛز اتراکھنڈ ٹرانسپورٹ کارپوریشن (یو ٹی سی) کس طورس پیٹھ دوبارٕ ترتیب دنہٕ آمٕژ چھ، چھ ریاستس منز ٹرانسپورٹ سسٹمک اکھ اہم حصہٕ۔
7973,نیشنل فیول گیس، کمپنی چھ اکھ توانٲیی کمپنی۔
7974,فوربزس منٛز ریڈ بینڈ کیتھولک کالج چھ لڑکن تہٕ کورین خٲطرٕ اکھ ہائی سکول۔
7975,"ڈی ایس: کیٛاہ کینٛہہ کور چھا یم 
 نہ ماتحت پٲٹھۍ کٲم چھ کران؟"
7976,مرکزی حکومت چھےٚ علاقہ چہ اقتصادی بہتری منز زیادہ اہم، بماقابل ریاستَن یِمن نِش مرکزی گرانٹ چھُ یِمن ہُنٛد تِم انتظام کران چھِ۔
7977,بہٕ اوس کامہ منٛز نِشانہٕ زیادٕ فروخت كرنہٕ باپت اضٲفی اجرت رٹِتھ سیٹھاہ خۄش ۔
7978,اتھ صوُرتس منٛز، چُھ یہِ سمجُن  اہم زِ تہنٛدِ طرفہٕ کیٛاہ چُھ  ڈیلیوری ٹیمس  نِش توقع ۔
7979,کیرالہ ناٹنم، تھیریاٹم، کلییاٹم، تھییم، کوتھو، تہٕ پاڈیانی چھ امہ علاقکۍ مندر ثقافتس سۭتۍ وابستہٕ دیگر رقص چہ شکلہٕ۔
7980,ییلہ اشوک تکشلا ووت، تتہ کیو روزن والیو کوٚر تٔمِس استقبال تہٕ تٔمِس وُنُکھ زِ تہنٛز بغاوت چھِ صرف بد وزیرن خلاف، نہ کہِ بادشاہَس خلاف۔
7981,ہانگ کانگ ایف سی سندِس  پنِنِس سٹیڈیم کمپلیکسَس منٛز میزبٲنی کرَنہ یِنہٕ وول یہِ مُقابلہٕ چُھ اکھ دعوتَ۔دٲخٕل  وول ٹورنامنٹ۔
7982,"یہٕ اوس لندن، انگلینڈس منٛز بیکر سٹریٹس پیٹھ ۔

"
7983,16 ہٲیمِہ صٔدی منٛز اوس ایشیاہس سۭتۍ تجارت زیادٕ تر پُرتگال کِس اختیارس منٛز ۔
7984,2017 منز کٕنۍ تمو اوپیل تہٕ واکس ہال موٹرز گروپ پی۔ ایس۔ اے یس ۔
7985,شیشناگ چہ کَنین ہنٛز بناوٹ ہیٛکو وُچھتھ، یتھ منٛز زمین، جنت تہٕ انڈرورلڈ چھ۔
7986,سہٗ چھٗ فیز کلانٗک جٗزوی مٲلک تہِ ۔
7987,سہ اوس 1988 پؠٹھٕ 1993 تام جمہوریہ سایپرسک ترٛیٚیم صدٕر۔
7988,أمۍ سٕنٛدۍ مٲلۍ تہِ چِھ  این ایف ایلس منٛز پیشور فٹ بال  گنٛدمُت ۔
7989,کھو کھو آو 1982 تَس منٛز گۄڈٕنِچ لَٹہِ نَیہِ دِلہِ منٛز ایشیٲیی کھیلَن منٛز شٲمل کرنہٕ۔
7990,"شُمال مغرِبی ہِنٛدُستانس تہٕ تہٕ سٕتہِ لگن وٲلِس پٲکِستانس منٛز مارشل آرٹَن ہُنٛد حوالہٕ اوس رٮ۪وٲیتی طور واریاہو اصتلاحو سۭتہِ دِنہٕ یِوان مگر آزٕ چھُ ساروِی کھۄتہٕ عام شَستَر وِدِیا یا ""دھارٕ دار ہتھیارن ہُنٛد علم""۔
"
7991,1832 منٛز پارلیمنٹری اصلاحو پتہ ہیوتُن ایسٹ انڈیا کمپنی ہُند اثر و رسوخ کم گژھن لبنہ یُن ۔
7992,نانی کوٚر پنٕنۍ فلمی آغاز 2008 چہِ لولہٕ داستان مَزاحِیَہ اشٹا چمہ سۭتۍ تہٕ واریاہَن تجارتی لحاظ سۭتۍ کامیاب فلمَن منز کٔرٕن اداکٲری۔
7993,تہوارٕچ اہمیت چھ یہ ز یہ چھ بدی پیٹھ نیکی  ہنز فتح تہٕ ادھرمس شکست دنہٕ خٲطرٕہ دھرم کہ قیامٕچ نشاندہی کران۔
7994, ارتھریین سودرٗك کِس پیری پلس   چُھ دوٛن اہم ستاواہن تجٲرتی مرکزن ہُنٛد ذکر كران : پرتشٹھان تہٕ تگارا ۔
7995,"کینٛہہ عبارتہٕ چھِ تجویز کران زِ ناو تھونٕچ تقریب گژھہِ زینہٕ  پتہٕ داہ دوچہ گۄڈٕنِچہِ نَوِ زوُنہِ یا پوٗرٕ زوُنہِ دۄہ مناونہٕ یِنہِ ۔
"
7996,مدافعتی نظام چھ ڈائجسٹو ٹریکٹٕ کین صحت مند حصن پٮ۪ٹھ حملہٕ کران ۔
7997,کالوگُملائی چھُ ہندوستٲنۍ ریاست تامل ناڈو کِہ تھوتھوکُڈی ضلعہٕ کِس کووِل پٹی تعلٗكس منٛز اکھ پنچایت قصبہٕ۔
7998,یمو گروپو کوٚر پنن پان مغربی ساحلس پیٹھ تہٕ جنوبس منٛز کارن والس تام آباد ۔
7999,"اصلی مندر آو زالنہٕ، مگر اکھ نوٚو مندر آو 2002 ہس منٛز بناونہٕ۔
"
8000,نمٲیشی عمارتہ پیٹھٕ چھ باغ نرمی سان جنوب مغرب تہٕ شمال مشرق کن وسان۔
8001,"2004 رس تام ٲس نوٮ۪ن انفیکشنن ہٕنٛز تعداد لگ بگ 400,000۔"
8002,ٹَپا گلوکٲری کٔر ؤری وادن منز نٔو شکٕل اِختِیار تہٕ بنیوو پوٗراتانی، یُس بنٛگٲلۍ  بٲتن ہُند اکھ  نیٖم کلاسِکی صورت چُھ۔
8003,1905 ژس  مَنٛز آو ضِلعہ سُمبَل پوٗر اوڈیٖشَہ مٗتقل كرنہٕ  تہٕ  سَجوٗجاہُک زٔمیٖن زِرات بَنٛگال پٮ۪ٹھ چٕھتیٖس گَڑھ تَبدیٖل كرنہٕ ۔
8004,تٔمہِ کوٚر بادشاہ چارلس  III سٕنٛزِ بینہِ ہنزِكورِ شہزادی یوجینی سۭتہِ  خانٛدر۔
8005,دھرمیندرس ٲس پتاہ زِ کُمارس تِہ چھے٘ مالنی منٛز دلچسپی۔
8006,کارل ریڈل چھٗ باس وایان، تہٕ جم گورڈن  ڈرم ۔
8007,تھراشر گژھن پننِس نٔوِس ہوم ایرینا، ونی پیگَس منٛز ایم ٹی ایس سینٹرَس منٛز۔
8008,توشمس منٛز چھِ 14%آبٲدی 6 ؤری کھۄتہٕ کم وٲنٛسہِ۔
8009,سُہ اوس 1985 پٮ۪ٹھٕ 1998 ہس درمیان مینیسوٹا ہاوس آف ریپریزنٹیٹوزس منٛز ۔
8010,ہولی سۭتۍ چِھ واریاہ ثقافتی رسم وابستہٕ۔
8011, 1930 منز کٔر کمیشنٕکۍ رِپورٹَن علاوٕ 2.6 ملین ہیکٹر آبپاشی ہٕنٛز سفارش۔
8012,فیرویل چھ کیلیفورنیا چِہ الامیڈا کاؤنٹی منٛز اکھ غٲر منظم کمیونٹی ۔
8013,یمو منزٕ کینژن چیزن منز چھ ہنگامہٕ، تخریب تہٕ اجازتہ  ورٲے احتجاج شٲمل۔
8014,یہ شو رود 7 نومبر 2017 پٮ۪ٹھ تہٕ 8 جنوری 2018 پٮ۪ٹھ بنٛد ۔
8015,"پیمانَس منز چھُ دوٚیُم سوارم رشبھم۔
"
8016,ایچ ٹی ایم ایل کوڈٕچ ڈیویلپمنٹ ہسٹری یی گِٹ سۭتہِ ریکارڈ کرنہٕ  ۔
8017,یہودی چھِ پولینڈس منٛز اكہِ  ساس ؤری کھۄتہٕ زِیٛادٕ وقتہٕ پٮ۪ٹھٕ روزان۔
8018,بچاوچہ کامہ منٛز مدد کرنہٕ خٲطرٕ چھ فوج اننہٕ آمت۔
8019,ٲخٕرکار كو٘ر بالاجی راؤن تہٕ مارکوئس ڈی بسی-کاسٹلناہن اکھ امُن مُہادٕ  تیہ ۔
8020,تمن چھ افسردگی گژھان ییلہ رٲژ زیٹھان چھے تہ دُہلۍ گاش کم آسہ۔
8021,ییلہِ الیکٹران چھ توانٲیی ٗند سطح بدلاوان چھِ ، تِم چہِ پننہِ جایہِ ایلیكٹرونِك گو٘د تر٘اوان ۔
8022,لیہہ نیوٹریشن پروجیکٹ، ییٚمِچ سربراہی چیوانگ نورفیل کران چھٗ، یس “گلیشیر مین“ تہِ ونان چھِ ، چُھ ختم گژھن والین گلیشیرن ہندِ  حل باپت مشنوُیی   گلیشیر بناوان۔
8023,"عام ضمنی اثرَن منٛز چھِ  گہلُن ، اُلٹی تہٕ دست شٲمِل۔
"
8024,جاپٲنی امپورٹ ماری امیموتووَن کٔر تھری پواینٹر سۭتۍ کھیل ٹائی کرنٕچ کوٗشش مگر سُہ گوٚو ناکام۔
8025,ایو! فلمہ ہٕنٛدۍ منظر چھ مےٚ واریاہ بے سۄکھ كران۔
8026,پو گو  تٔمہِ سٕنٛدِ مرنہٕ پتہٕ سٮ۪ٹھاہ دٕگہِ سۭتہِ تباہ  ۔
8027,تقریباً 5.35 ملین لوٗکو وُچھ یہٕ قٕسطہٕ ییٚلہِ یہٕ گۄڈنچ لٹہِ نشر کرنہٕ آو۔
8028,گونوریا نِش بچاو خٲطرٕ ویکسینٕچ وٗصعت چھے٘  جٲری۔
8029,"گوٚڈنیوک بٲتھ ، ""انجن کی سیٹی"" آو 7 اگست 2014 ریلیز کرنہٕ، تہٕ چھٗ راجستھٲنہِ  لٗكہٕ بٲتھ ""انجون کی سیٹی"" ہٗنٛد نموُنہٕ یٗس اِکرام راجستھانی ین خاص طور فلمہ خٲطرٕ دٗبارٕ لیوُکھ ۔ "
8030,"2017 ہس منٛز، ٲس اوسط حٲضری وینکوورس منٛز 3,200 فی كھیل  پٮ۪ٹھٕہ بفیلوس منٛز 15,000 کھۄتہٕ زیادٕ تام۔"
8031,ترٛیٚیو زنانو چھ قومی چیمپین سنٛد پوشہٕ لٲگتھ پنٕنۍ اولمپکسٕچ شروعات تہ بک کٔرمٕژ۔
8032,بیورو چھٗ پارڈو تہٕ مارڈی درمیان پلبرا ساحلس پیٹھ تیز ہوٲہن ہنٛدِس امکانس مٗتعلق  تہِ خبردار کران۔
8033,ییلہٕ زن یہٕ چھ اکھ نایاب واقعہباسان چھُ ، یہِ چھُ لاگدار  مواد كِس  معقوُل تٗلہٕ تر٘اوس پیٹھ گاش تر٘اوان ۔
8034,بٗسر زاو 10 جنوری 1928  روزیریو ، ارجنٹیناہس منز ۔
8035,مُسلمانن تحت ٲس نِرٛتیہ تہٕ بھاوَگس واریاہ اہمیت  - نژنٕکۍ خوٗبصوٗرت، اِظہار تہٕ  پُرکٔشِش  پہلوٗ۔
8036,پرٛبھاؤتی ٲس واریاہ آزاد  تہٕ گانٛدھی سٕنٛدِس دعوتَس پیٚٹھ گٔیہٕ سۄ أمہِ  سٕنٛدِس آشرَمس منٛز روزنہِ ییلہِ زن  جے پرٛکاشن پَنُن پَرُن جٲری تھوو۔
8037,"اگر نہٕ سورس ویب سایِٹ واضح پأٹھۍ ونان چِھ، مہربأنی کٔرِتھ مَہ کٔریو فایل اپ لوڈ ۔
"
8038,اتھ دوران اوس سہ جاپٲنۍ ڈراماہن تہٕ فلمن منٛز اداکٲری باپتھ مشہور۔
8039,لۄکٕٹۍ نیٖلۍ تیٖر چھِ وکیمیڈیا فاونٛڈیشن کٮ۪ن مختلف منصوٗبن ہٕنٛز نماینٛدگی کران۔
8040,ییلہٕ ٹرنر سنڈروم واجِنہِ  کورِ سکول گژھٗن شروع کران چھے٘ ، تِہٗند قد چھٗ وٗنہِ نمایاں طور غیر معمولی آسان ؛ لو٘كچارس منز باگ چھٗ  ژھو٘ٹ  قد واضح گژھان۔
8041,चॉरिमॅतिस फिहरिसतस   मंज़ छु मंज़िम चीज़ बोल्डस मंज़.  
8042,"ریاستس منٛز آیہٕ 20,000 ؤری برٛۄنٛہہ کنین ہند زمانٕکۍ اوزار کھٔنتھ کڑنہٕ، یمو سٕتۍ سکالرن ہند خیالہٕ کھوتہٕ 8,000 ؤری برونٛہہ انسٲنی قبضہٕ ظٲہر گژھان چھ۔"
8043,یہِ چھُ واریاہ زیادٕ طاقت تہٕ حد فراہم کران تہٕ یہِ چھُ کھلٲڑِس بَچاو کَرن وٲلِس پیٹھۍ تہِ نیرنُک اِجازت دِوان۔
8044,ہونڈا چھ اکھ جیٹ تہ بناوان ، یتھ ہونڈا جیٹ ونان چھ ۔
8045,کیٚنٛہہ دستہٕ گٔیہ جلدٕی بغاوتس منٛز شٲمل، ییٚلہ زن باقی رکاونہٕ آمٕتہ فوجن تہٕ کوٚر بغاوت کرن والیٚن خلاف کاروٲیی ہنٛد حکم ماننہٕ نش انکار۔
8046,"أکس مقٲمی کالجس منٛز گرافکس آرٹس انسٹرکٹر جان کارٹر سنٛد حوالہٕ آو  وننہ زِ نو ڈیزاین چھُ  ""پورٕ پٲٹھۍ مایوسی"" ۔"
8047,سراج سٕنٛدس دربارس منٛز کمپنی ہنٛدۍ نمایندٕ ولیم واٹسن دژ کلایوس دربارس منٛز حکمران سنٛدس تختس تلک پٮ۪ٹھ کرنہٕ کہ اکہ منصوٗبٕچ شیٚچھ۔
8048,تہِ زن گو٘ ، اگر سکور 10-10 تام واتہِ ، کھیل چھٗ اكِس كھِلٲڈِ سندِ دویو پوینٹو٘ سٕتِہ زیننس تام  جٲری رۄزان۔
8049,GP2X ہس منز ہیکہ DivX ، XviD ، MP3 ، تہٕ Ogg Vorbis ٲستھ ۔
8050,لہاذا چھ زامورینس 'پنتھوراکون' یعنی پنتھورا ہٕکِہ بادشاہ سنٛد لقب۔
8051,"یمن اصلاحاتن ہٕنٛز مقبولیت سۭتۍ آو ووڈرو ولسن 1910 ہس منٛز بطور گورنر اقتدارس منٛز۔
"
8052,"سیفٹی چِھ پانہٕ فری سیفٹی (ایف ایس) تہٕ مضبوط سیفٹی (ایس ایس) منٛز تقسیم کرنہٕ یِوان۔
"
8053,"لیمرزس چِھ ہمسایہٕ آچٹرہوکس پیٹھ کیٚنہہ اثر، یُس اکھ لو سیکسن بولۍ چُھ۔
"
8054,صبح بخیر۔ بہٕ کیٛاہ ہیکہٕ تہنٛد خٲطرٕ کٔرتھ، جناب؟ (پلسہٕ)
8055,چھترپتی شیواجی بین الاقوٲمی ہوٲیی اڈَس منٛز گٔیہِ کٲم مُتٲثر تہٕ یِنہٕ وٲلۍ واریٛاہ جہازٕ سوٗزِکھ احمد آباد یا گواہَس کُن۔
8056,تغلق خاندان کس دربارس منز پننہ روزنہٕ کس ٲخرس تام اوس ابن بتوتتا أکس صوفی مسلمان پاکباز شخصس سۭتۍ دوستی متعلق شکس منز ۔
8057,دویِم اوس برونٛہہ کالہِ دارا شکوہ ہَس سٲتھی روُدمٗت ۔
8058,ٲخری یا ترٛیمس سیٹس منٛز چھ طرفن ہنز تبدیلی گژھان ییٚلہ اکھ ٹیم 11 پوینٹن تام واتان چھ۔
8059,5 کرورن ہٕنٛدس بجٹس پیٹھ بناونہٕ آمٕژ یہ فلم  ہیٚچ نہٕ پنُن بجٹ پوُرٕ کٔرِتھ ۔
8060,گروسفیلڈ گزریو 17 جنوری 2021،80 وہرۍ وٲنٛسہِ منٛز۔
8061,سان جوس کنونشن سینٹرک نیبریُم داخلہ۔
8062,کرناٹِک موسیقی چھےٚ بذاتہِ خۄد موسیقی ہِنٛدین حِصن یا غیر معموٗلی موسیقکارن ہِنٛدین ترتیبن أنٛدۍ پٔکۍ تیار کرنہٕ آمٕژ۔ 
8063,یِم چھِ کاٹھیاواڈٕکہِ گۄڈٕنِکہِ جین مجسمہٕ مانٛنہٕ یِوان۔
8064,ٹریڈنگ پوسٹ چھ اکھ گریلو سامانک دوکان ییٚمۍ 2006 ہک سیاحتی ایوارڈ زیون ۔
8065,گریلو باغ چھ زرعی شعبُک اکھ اہم حصہٕ بناوان۔
8066,ہاف ٹایمس تام روُد سکور 1-1 ، وۄنہِ گو٘  انڈونیشیاہن كٕر  ژوُہٲٹھِمِس  منٹس پیٹھ دُبارٕ برتری حٲصِل ۔
8067,"گاڈٕ رٹنس سۭتہِ سۭتہِ چھِ گاڈٕ رچھُن  اکھ اَہَم صنعت۔
"
8068,"وۄنۍ گوٚو، باکس آفسس پٮ۪ٹھ یس پوٚنٛسہٕ أمۍ زیوٗنمت اوس، سہ اوس کم۔
"
8069,"أمۍ زیوٗن اکیڈمی ایوارڈ تہٕ 1974 تھس منٛز آیہ باقٕے 3 خٲطرٕ نامزد کرنہٕ۔
"
8070,یہ خصوصیت چھ بوموارِ دۄہ شروٗع گژھن وٲلس لیپ ؤرِیس سۭتہِ شر٘ودھ  کرنہٕ یوان ۔
8071,بارابار پہاڑَس منٛز چھِ ژۄر گۄپھہٕ: کرن چوپر، لوماس ریٖشی، سُداما تہٕ وشوکرما۔
8072,حالَیہ كٕر امہِ  مدُھر بھنٛڈارکر سٕنٛزِ فِلمہِ ہیرویِنس  منٛز دوستانہٕ طور  فِلمی اداکارسٗند  کِردار ادا ۔
8073,اڈِجہِ پھٗٹنہٕ  پتہٕ چھِ  ورُم، خوٗن یُن، تہٕ شکٕل بِگڑٕنہِ   درمیٲنی رَگہِ  دباوان۔
8074,ذیلی مدار سکایلارٕکہٕ سٕنٛدِ طرفہٕ چھُ کُل 441 پروازٕ بنٲوۍ مٕتۍ۔
8075,یہ فلم چھ ہندوستٲنۍ اینیمیٹڈ سیریز چھوٹا بھیمس پؠٹھ مبنی۔
8076,قٔدیٖم مارکندیشور شِو مٔنٛدِر چُھ مارکنٛڈیشور تالابس نكھہٕ  ، ،جگن ناتھ منٛدر، پوٗری، اُڈیشہ، ہِنٛدُستان کِس شُمالس منٛز ماركنڈیشور سڈكہِ پیٹھ واقع ۔
8077,وٕنلہِ كِنہِ  پیوٚو پٗلسس  منز دوہ تام پیارٗن ۔
8078,بندوسارن اوٚن سُہ راز  واپس رازدانیہ منز  تہٕ دوٚپُن اشوکس تکھششلاہس کُن کوچ کرُن۔
8079,"سینلیسس منٛز اسمبلی کوٚر اتفاق تہٕ کوٚرن فرینکسک ہیوگ کنگ منتخب۔
"
8080,باروک دورٕ پتہٕ لیکھہِ  کینٛژو  موسیقارو کانسرٹی گروسی ۔
8081,بِہارس منٛز چھِ مُصَوِری ہِنٛدِ واریاہ رٮ۪وٲیتی طرٕز عملس منز ۔
8082,بنیٲدی طور زور دِنہٕ وول ہتھیار آسنہٕ باوٚجوٗد، چھُ وسیع نیزٕ چھُ  واریٛاہ كھش والنٕچین   تکنیکن ہُند  تہِ اجازت دِوان۔
8083,موشر پٲٹھہِ ،چھِ  ہری کتھا فنُک اکھ قٕسٕم ییٚمہِ خٲطرٕ  راگ، کرناٹک موسیٖقی، رقص، تقریٖر، زبان  تہٕ ڈرامٲیی تکنیٖکہِ ہُنٛد علم بکار چھُ آسان۔
8084,رٲچھ راوٹھک بیٛاکھ اکھ اہم پہلوُ چھٗ خونس منٛز ناکٲفی آکسیجنچ روک تھام، ییمہِ سٕتہِ ریكہٕ اڈِجہِ اكسیجن نِش محروُم روُزِتھ ہیكہِ  ۔ 
8085,ٲمہِ كھٲرِ موٗجوٗدٕ امیر ترقی دِتھ  ملِک عہدٕس پیٹھ  ، تہٕ بنٲوِن پنٕن قریبی یار نوِ  امیر۔
8086,پتہٕ، 1995 منٛز، آو  سوٖ چیف آپریٹنگ آفیسر مقرر کرنہٕ۔
8087,شاہ عالم ۲ سٕنٛز دِلہِ ہٕنٛزِ غٲر موجوٗدگی ٲس شرطکہِ وجہ ستۍ یِمو ٲسۍ انگریزن ستۍ  دستخط کٔرۍ مٕتۍ۔ 
8088,"1990 تس منٛز بنیٛوو یہ این ای یو کمپیوٹر سافٹ وییر ریسرچ اینڈ ڈیولپمنٹ سینٹر۔
"
8089,ساہیتیا ونیاسم / نیراول یا نیراول چھٗ أکِہِ بٲتٕچہِ اکھ یا زٕ سطرٕ  بار بار گٮ۪ونہِ ، یتھ منٛز پرٮ۪تھ دۄہراونس منٛز بہتری تہٕ ہاوٗن چھٗ آسان ۔ 
8090,اکھ ڈیٹا آیٹم ہیکو سٹاک کہ پیٚٹھمہ حصہٕ پٮ۪ٹھٕ ہٹٲوتھ۔
8091,"اَمہِ وجہ سۭتۍ چھُ نانکنگَس وۄنۍ جدید نقشَن پٮ۪ٹھ نانجنگ وننہٕ یِوان۔
"
8092,مطلب چُھ  “ییٛڈِ ٲندۍ ٲندۍ  رز“ ، یوس سنسکرت   پیٹھہٕ ماخوذ چُھ  ۔  दाम رز  تہ“उदर“یید
8093,مےٚ چھنہٕ برونہہ زانٛہہ یِژھ صاف ٹرین وٗچھمٕژ  ! یہ ٹرین چھےٚ واریاہ صاف۔
8094,اَکھ اَصٕل مِثال چھےٚ خانٛدانُک اَکھ رُکُن یا خانٛدٲنۍ دوست یُس کارٕبارس منٛز کامیاب آسہِ روٗدمُت۔
8095,مےٚ چھ تمہ وز مایوسی ہنٛد احساس گژھان ییٚلہ زانان چھُس  ز میٲنۍ نیٚچوۍ كوتاہ چھٗ  ؤری وادن  دوران پننہٕ تعلیم خٲطرٕ ووزٗم تٗلمٗت ۔ 
8096,یہٕ چھ واتارو اِنڈجینِیس پروٹیكٹِڈ ایریاہس  منٛز، واتارو کِس جنوٗب مغربس منٛز۔
8097,منٛدرس اوس جین برادری قرون وسطی ہند چول، پتہٕ پلاوا تہٕ وجے نگر بادشاہن ہند مٲلی مدد سٕتۍ وسعت دنہ آمُت۔
8098,سٗنوٲیی  یا مٗلاقات چُھ عموٗمن ٹیبلس أنٛدِ اندِ سپدان ۔ 
8099,"وسۍ پینک عنصر یوٗتہ زِیٛادٕ آسہِ، کوہ پیمَس پٮ۪ٹھ چھُ تیوٗتہ زِیٛادٕ طاقت تھاونہٕ یِوان تِکیازِ رَز چھِ تِمن لوٚت کران۔
"
8100,سُوٚر سلطنت، ییمٕچہِ  بُنیاد شیر شاہ سوُری ین تر٘ٲو،  انہٕ موختصر  وقتہٕ باپت مو٘غل حكومتس منز رٗكاوٹھ ۔ 
8101,"تمس ییہ 20 جنوری 2015 پٹنی ویل قبرستانس منٛز دفناونہٕ۔
"
8102,یلو فیور چھ اکثر، علامتیٲتِیتس  تہٕ سفری تواریخس پیٹھ مبنی   اکھ طبی تشخیص۔
8103,سۄ ٲس سٮ۪ٹھاہ پٔرمٕژ لیٖچھمٕژ، یس تمہ وقتہٕ أکس کور خٲطرٕ غٲر معموٗلی اوس۔
8104,تم چِھ پیٹھمین (بڈین) تہٕ بنمینۍ گۄپھَن پیٹھ مشتمل۔
8105,بہٕ چھس ییمہِ یتھ سہ ماہی منٛز آمدنی منٛز گراوٹ سۭتۍ  مایوس، ییمہ سۭتۍ   مستقبل قریبس منز وسعتک تصوٗر  مٗشکِل بنان چھٗ ۔
8106,تمہِ كٕر پننہِ پیشورانہٕ زِندگی ہنز  شروٗعات ریڈیو شو، ماڈلنگ سںتہِ  تہٕ پتہٕ گوٚو بالی ووڈَس منٛز، ییٚمہِ سۭتہِ سوٗ  1980 تہٕ 1990 کِس دٔہلِس منٛز اکھ مشہوٗر کِردار اداکار بنٛٮ۪وٚو۔
8107,در٘الس چھٗ  کُنہِ ساتہٕ سودا مٗکمل گژھتھ  کمیشن میلان۔
8108,"گۄڈٕنِکین راکٹَن ٲس تیر ہش شکل دِنہٕ آمٕژ تہٕ ٲسۍ نہٕ زیادٕ تیز ۔
"
8109,1985 تس منٛز آو گارسیا گرفتار کرنہٕ تہٕ منشیات علاج مرکزس منٛز سوزنہٕ۔
8110,مارِینگو، آئیووا-مارِینگو چُھ  امریکاہُک اکھ شہر۔
8111,ییٚلہِ سرور پیش چھُ کران تیٚلہِ گٔسۍ شٹل کاک مخالفن ہٕندِس کورٹَس پیٹھۍ شارٹ سروس لٲنہٕ پیٹھ نیرٕنۍ نَتہٕ ییہِ یہِ غلطی ماننہٕ۔
8112,بگ آیی لینڈٕکۍ بسکین ہیکن بوموارِ دۄہ صبحس ہوایی ہٕنٛدس وقتس منٛز 40-50 میل فی گٲنٛٹہ کہِ رفتار ُک ٹرٛاپِکل واو ینُک توقع کٔرتھ۔
8113,"ایریا کوڈ 308 ایریا کوڈ 308 چُھ نیبراسکا ہٗک اکھ ایریا کوڈ ۔

"
8114,امہ سۭتۍ کھوٚت تِمن شرارت، تہٕ بایَو منٛز رُود نہ أکس بٲیس پانس تام۔
8115,دیسی رومانس بٲتھ اوس یہ جوانی ہے دیوانی ہٕنٛز پس منظر موسیقی سۭتۍ متٲثر۔
8116,پرجوش ڈرا ہس منٛز گینوٗند  دۄشوٕیی  طرفو مٗقابلہٕ جٲتی  پٲٹھہِ ، مگر پوائنٹس حٲصل کرنہٕ خٲطرٕ پھبیو٘ نہٕ كان٘ہہ ٹھیكھ پٲٹھہِ ۔ 
8117,تہندِس بھائی ٹیڈی چُھ سُہٕ سُہٕ سٕندِس خیمس منز دفن کران۔
8118,نومبر 1989 منز کوٚر ٹنڈولکرَن 16 وُہُر تہٕ 205 دۄہَن ہنٛز وانسہٕ منز کراچی منز پٲکستانس خلاف پنُن ٹیسٹ ڈیبیو۔
8119,منیجرن کر مے٘ اچھہِ ناٹ تہٕ اوس مے٘ كٗن سیٹھاہ كھوژوٗن اسٖن ہیتھ  وٗچھان ۔
8120,باسطاد چِھ سویڈن کِس سکان کاؤنٹی منٛز اکھ شہری علاقہٕ ۔
8121,مور رود بطور ایگزیکٹو نائب صدر کٲم کران  1975 تام ییٚلہ سہ صدر بنیو ۔
8122,ویٹنگ رومس منٛز چھ اکھ بٔڑ میٹ کارڈ ٹکٹ مشین ۔
8123,جنوٗبی ایشیا، مشرقی افریقہ، جنوٗبی افریقہ تہٕ کیریبین مُلکو پیٹھٕ کینیڈا تہٕ امریکہ یِنہ وٲلۍ تارکین وطنو چھِ پننین پننین  برادریَن کِتھۍ آریہ سماج مندر قٲیِم کٔرمٕتۍ۔
8124,اکھ مخصوص  نظام چھٗ ٲٹھ یا زیادٕ ایٹینیم پروسیسر استعمال کران ۔
8125,گارسیٹین زیوٗن 21 میٚے 2013 مییر بنٛنہٕ خٲطرٕ الیکشن۔
8126,لیسنگ زاو 22 اکتوٗبر 1919  ایرانس منٛز ۔
8127,رننہٕ چھُ تاپس منز یوان ، عموٗمن ڈبہِ پیٹھ یا  آنٛگنَس منٛز، تِکیٛازِ یہِ ضِیافت چھے٘  آفتاب دیوتا، سوُریس  وقف آسان ۔
8128, اگر ضروری آسہِ زیادٕ وضاحتی وجہس منٛز لیکِھو  تۄہہ کیٛازِژورٗوٕ  یہِ انتخاب ۔
8129,"صِرِف تصدیٖق شُدٕ خریدار ہٮ۪کَن یِہ خٔریٖدٲری کٔرِتھ تِکیٛازِ الكوہل  والین آرڈرَن باپت چھِ خاص اصوُل یِم خٔریٖدارَس پتاہ گژھن آسٕنہِ  تہٕ یتھ آرڈرَس منٛز چھِٗ الكوہل  شٲمِل۔
"
8130,تاوفکرچن چھ باویریا، جرمنی کس مولڈورفس منٛز اکھ بلدیہ۔
8131,اگر اکہِ کھوتہٕ زیادٕ ژنجہ وٲلۍ آلہٕ چھِ استعمال یِوان کرنہٕ تہِ تِم چھِ أکِس سوز دار 	مَکالس منٛز آوٕر ۍروزان یوٚتٲنۍ مرکزی اداکار بییہِ اکہِ لٹہِ بٲتھ چھُ تُلان۔
8132,یہٕ آبشار چُھ جَنٛگلہٕ والین  پَہاڑَن مَنٛزباگ، یوٚت پہٲڑِ دامنہٕ پیٹھہٕ صِرف پیدل  وٲتِتھ ہیكو٘ ۔
8133,سۄ چھ تمن گنٛدان وٕچھان، دۄشوٕنی مردن سۭتۍ صلح کران یمن سۭتۍ سوٛ محبت چھ کران تہٕ تہنٛد بچپنک باہمی شکلہٕ۔
8134,کرن  چھُ تمِس    اے کے 47 سندِس سیاست دان بٲیہِ سندس قیادتس منز گٗنڈن سٕتہ لڑتھ بچاوان ۔
8135,بکسر کہِ جنگہ پتے یوژھ شاہ عالم دویمن ، یُس  برطانوی یو دٕسۍ ہراونہٕ آمُت اكھ خود مختار حُكمران اوس ،1765  منز الہ آباد معاہدس پیٹھ دسخت كرِتھ تِہُند تحفُظ یقینی بناون  ۔
8136,پنن پونٛسہٕ سرمایہ کٲری منز لاگنہٕ پتہٕ ، كریو  دیو روبو ایڈوایزر سٕنٛزِ فیس حیكمت عملی اكھ تیز پرنیہ ۔ 
8137,کِم گوٚو بَٹہٕ وارِ دۄہ اوریگون پَہاڑَن منٛز پنٛنہِ خانہ دارِنہِ کاٹی تہٕ تٔمۍ سٕندین شُرین باپت مَدد حٲصِل کرنہٕ خٲطرٕ۔
8138,"اکھ وٲحد پۄند ہیکہ 40,000 چھِكہٕ  خٲرِج كرِتھ ۔ "
8139,تٔمۍ سٕنٛز نامزدگی آیہ سینیٹس منٛز لگ بگ ترٛین ؤرۍ ین تام رکاونہٕ۔
8140,"پانٛژن خٲطرٕٹھِل   كڈٕنہِ چھِ غٲر معموٗلی تہٕ عام طور چھُ بال واپس لاین وٲلِس فیلڈر سٕنٛدِ طرفہٕ ""اوور تھرو"" کِس مدتس پٮ۪ٹھ مٗنحصِر ۔ "
8141,"تمۍ اوس کمپیوٹر گرافکس تہٕ ملٹی میڈیاہٕچ تعلیم حٲصِل کٔرمٕژ تہٕ اداکٲری ہُنٛد کیریئر شروع کرنہٕ برٛونہہ نِیوٗ تمۍ لندنٕک ٹرینیٹی کالج آف میوزکَس منٛز دٲخٕلہ۔
"
8142,شدید ایس سی آٮٔی چھ انتہائی نگہداشت یونٹس منٛز یلاجٗک حٲمل، خاصكرِتھ ریكہٕ اڈِجہِ ہندین  زخمن خٲطرٕ۔
8143,امہِ وجہہ كِنہِ اٹمی نیوٗكلییہ یس منز ایلیكٹرون پروٹانن كٗن مٗتوجہ گژھان ۔
8144,"ریاست چھِ سڑکہِ تہٕ ریل نیٹ ورکہٕ ذٔریعہٕ باقی ریاستن سۭتہِ  اصل پٲٹھۍ جُڑِتھ ۔
"
8145,واریاہن ایشیائی تہٕ افریقی مُلکن منٛز چھِ تقریبن % 80 لُکن  پوزیٹیو ٹیسٹ  یوان ییٚلہ زَن امریکۍ آبٲدی منٛز % 5–10 لُکھ ٹیوبرکولن ٹیسٹ ذٔریع پوزیٹیو ٹیسٹ یوان چِھ ۔
8146,"مارکیٹنگ گٔیہِ نومبر 2013 منٛز شُروٗع یَتھ منٛز بالی ووڈ ہنگامہ کِس پروڈکشن بلاگَس پٮ۪ٹھ ""ہائی وے ڈائریز"" کِس عنوانس تحت واقعہٕ پٲٹھۍ پردَس پَتہٕ فوٹیجَن ہُنٛد اکھ سِلسِلہٕ جٲری کرنہٕ آو۔
"
8147,پنجابی کلچرل ہیریٹیج بورڈن کٔر کیٚنٛژن  منظرن تہٕ مکالمن متعلق کیٚنٛہہ اعتراض آسنٕہ كِنہِ  اختلاف كھڈا ۔ 
8148,شاہن دِیوُت حُكم زِ تنازعہ  كِنۍ  بنہِ علاقہٕ مغل سامراجُک حِصہٕ تہٕ شہرس آو اِسلام آباد  نوو ناو  تھونہٕ ۔ 
8149,پی آر ٹی سی بَسہٕ چھِ پڈوچیری یو۔ٹی منٛز اَہَم کِردار ادا کران۔
8150,اگرتو٘ہہِ   پانس خٲطرٕ اکھ سخٕت بجٹ مٗقرر كو٘روٕ  تہٕ اتھ پیٚٹھ قٲئم روزٗن ترجیح بناوان چھِوٕ ہیٚکو توہہِ مۄكلٲوِیو سستہٕ چیز انِتھ ۔ 
8151,"ویمبناڈ جھیٖل چُھ کیرلاہُک سارِوٕے کھۄتہٕ زیٛوٗٹھ رُکِتھ آب، تہٕ سۭتی ہِنٛدُستانُک سارِوٕے کھۄتہٕ زیوٗٹھ جھیٖل۔
"
8152,نہروٗہن ووٚن زِ سُہ چُھنہٕ   مزیٖد نفرن ہُنٛد مُرُن یَژھان ۔
8153,درحقیقت تھوٚو تٔمۍ گولہِ چلاوٕنہ توتتھ تام جٲری یوت کال نہٕ گولٕہ بارود تقریباً مۄکلیوٚو۔
8154,سۄ گزرییہ لاس اینجلسس منٛز 79 ؤرش، واریاہن فالجن ہنٛد شکار گژھنہٕ پتہٕ۔
8155,واریاہ تعدادَس مَنٛز چِھ ہسہِ ، وَہرٲتھ   انٛد وٲتِنہٕ پیٹھہٕ  آبہٕ دو٘ب مارچس منز ہوكھٕنہِ شروع گژھنس تام ،  نظرِ گژھان ۔ 
8156,یمن خریدٲرین ہٕندۍ منصوبہٕ  کٔرو پننس بٲژس سۭتۍ گۄڈے طے یتھ تہۍ ہیٚکو پنٕنۍ وسٲیل یکجا کٔرتھ تہٕ خریدٲری ہنٛد سورُے رقم حٲصل کٔرتھ۔
8157,ضمیر چھُ  پریتھ کٲنسہ ہندس پھیٚکِس پیٹھ فرشتہٕ تہٕ شیطان  آسنک ویوٚد استعارہٕ۔
8158,گامچ معیشت چھ زراعت، ٹرٛکہٕ تہٕ چھکڑٕ ٹرانسپورٹس أنٛدۍ پٔکۍ نژان۔
8159,"دی انڈپینڈنٹس منٛز  رے سنٛد خراج تحسین منٛز یہٕ سوال شٲمل، ""کٗس بیاكھ  ہیکٕہ مٗقابلہٕ کٔرِتھ؟"""
8160,"دۄشوٕے ہسپانیا گاڑ آسہٕ کم از کم وقتہٕ کھۄتہٕ لگ بگ اکھ سیکنڈ لوٚت پکان۔
"
8161,"دنگلُک پوٗرٕ دُنیاہَس منٛز ڈسٹری بیوٹر شیئر اوس 1 جوٗن 2017 ہَس تام 525 کرور رۄپیہِ۔
"
8162,2001 پٮ۪ٹھٕہ 2005 ژس تام اوس سٗہ چٹانوگا ہٗک مییر۔
8163,کمپنی چِھ مسافر كارٕ ، ٹرکہٕ، وینہٕ، گاڑِ، بَسہٕ تیار کران۔
8164,تم چھ بُمسنہ، کیٚمۍ کرٛیٖل تہٕ باقٕے تم جانور کھٮ۪وان یمن نہ أڈجہ آسن۔
8165,1 نومبر 2011 پیٹھہٕ چھ یہ میونسپلٹی بیورسٹیڈک حصہٕ۔
8166," رگبی  ہندِ پٲٹھہِ ہیكن کھلٲڑِ کھیلَس دوران کُنہِ تہِ وِزِ بال پتھ کُن پاس کٔرِتھ ۔
"
8167,پُرامن طریٖقو سۭتہِ  ملکھانس پیٹھ فتح حٲصِل کرنس منٛز ناکٲمی تہٕ ٲٹھ جرنل راونہٕ پتہٕ كو٘ر  پرتھوی راجن قٕلس پیٹھ قبضہٕ۔
8168,آخری وزِ  ٹکٹ رد کرنس پیٹھ تہ مدد کرنہٕ خٲطرٕ شکریہ! جناب، بہٕ چھس تہنٛز منسوخی تہٕ رقم واپسی ہنٛز پالیسی سۭتۍ واریاہ مطمین۔
8169,زِیٛادٕ تر ریاستس  منٛز چھِ سایکل رِکشا تہٕ کولکَتاہس منٛز کم فٲصلہٕ کہِ سفرٕ باپت اتھہٕ سۭتہِ چلاونہ ینہ وٲلہِ رِکشا تہٕ بجلی رِکشا  اِستعمال سپدان ۔
8170,ہٗواویس ٲسہِ  کینژن مٗلکن منٛز واریاہ مٗشكلات ۔
8171,1965 ٹھس منٛز آو وزیر اعظم لال بہادٗر شاستری یَس سۭتہِ  مٗلاقاتس دوران  گایتری  کانگریسس منٛز شٲمِل گژھنہٕ باپت دٗبارٕ وننہٕ ۔ 
8172,ادیاگیری گۄپھن منٛز چھِ ویشنو مت (وشنو)، شکتی مت (دُرگا تہٕ ماتریکایہِ ) تہٕ شیو مت (شیو) سنز تصویر كٲری ۔ 
8173,اضٲفی افواہو کوٚر شروع ز نین کارتوسن منز اوس کاغذ، یوس گوڈٕ استعمال کرنہٕ آمتس کاغذس کھوتہٕ چمکدار تہٕ سخت اوس، اوس چکن سۭتۍ برتھ۔
8174,مگر از چِھ لٗکھ یوٗمے یس اکھ اَہم فلسفی سمجھان ۔
8175,حکوٗمتہِ ہِندن کٕر  1992 تھس منٛز ساروِی کھۄتہٕ بٔڑٕ شہری  ایوارڈ  بھارت رتنسٕتہِ یزتھ افضٲیی ۔
8176,تمو کوٚر ٹیلی ویژن اشتہارن تہٕ کنہہ فلمن منٛز اداکٲری۔
8177, 2005ژس منٛز دِژ 50 ہمہِ فلم فیئر ایوارڈن ہنٛدیو ججو یہِ 50 ہن ورین ہنز بہتٔریٖن فلم قرار۔
8178,حالٕے کٔر بینڈیَن اورل نٮ۪بر دُبارٕ مقبولیت حٲصِل کرٕنۍ شروٗع، خاص طور پٲٹھۍ پیٹروپاول تہٕ خرومٹاوَس منٛز۔
8179,"سُہ زاو 7 اکتوبر 1945  سینٹ لوئس، مسوری منٛز۔
"
8180,پلی پورم قلعہ یا (پیلیپورٹ کاسٹلو ایم سیما) چھُ جنوبی ہندوستان کِس کیرالہ کِس ایرناکولم ضلعہٕ پلی پورم، ویپنُک اکھ قٕلہٕ۔
8181,"ریلائنس انڈسٹریز بَنییہِ گۄڈٕنِچ ہندوستٲنۍ کمپنی ییٚمہِ آمدنی منٛز 100 بلین ڈالر عبور کٔرۍ۔
"
8182,"8 ستمبر 2008 چھُ 2008 کین پیرا اولمپک کھیلَن ہُنٛد دۄیِم بوٚڑ دۄہ، بۄنہٕ کَنہِ دِنہٕ آمُت مضموُن چھُ تمام خاص کَتھَن ہُنٛد خلاصہٕ پیش کران۔
"
8183,وزیر اعظم منموہن سنگھَن کوٚر جُلاے 2005 منز ہندوستان-امریکہ سول نیوکلیئر ایگریمنٹس پیٹھ کتھ باتھِ باپت امریکہ ہُک دورٕ۔
8184,"ییٚلہِ دَہ بیٹٕس مین آؤٹ گژھن، اِنِنٛگ چھِ ختٕم گژھان تہٕ ٹیم چھِ کِردار بدلاوان۔
"
8185,وونہ گو٘ تہنٛز ساروی کھۄتہٕ بٔڑ کامیٲبی آیہ ییٚلہ تمو 1998 تھس منٛز ہینکن کپ زیوٗن ۔
8186,یہِ ٲس تریییِم ملیٲلی فِلم یوسہ  گٗروُ تہٕ اٮ۪ڈمینٹے مکن ابوُ پتہٕ آسکر خٲطرٕ بطور  ہندوستانٕچہِ   اٮ۪نٹرٛی منتخٕب کرنہٕ آیہ۔ 
8187,"1959 تام پیٚیہ مغربی بنگال فی ؤری 950,000 ٹن خوراک چہِ کمی ہُند مقابلہ کرُن۔"
8188,سیجل چھ خاندانس برٛونٛہہ کنہ ٹینی بدنام کرنٕچ کوشش کران مگر چھِ ناکام روزان۔
8189,پورٹیبل پارٹیشن چھ عارضی دیوار آسان یم مستقل دیوارو بجایہ کٹھۍ الگ کرنہٕ خاطرٕ استعمال چھ یوان کرنہٕ۔
8190,"ریاست باپت ٲس 2008- 2007  منز فی کس آمدنی 72,993 روپیِہ یس 10 ملین کھۄتہٕ زیادٕ آبٲدی والین ریاستن منز ترٛیٚیمس مقامس پیٹھ ٲس تہٕ یہ چھ لگاتار قومی اوسط کھۄتہٕ زیادٕ۔"
8191,واریاہ ہم جنس پرست تہٕ لیسبِین بنییہ عام طور پٲٹھۍ زٕ جنسی تہٕ ٹرانسجینڈر افرادن کم قبول کرن وٲلۍ۔
8192,ہندوستان ایروناٹکس لمیٹڈ: ہندوستان ایروناٹکس لمیٹڈ چھ ہندوستانس منٛز اکھ ایرو اسپیس کمپنی۔
8193,لیکروس آو گۄڈٕنِچہِ لَٹہِ ورلڈ گیمن منز ، پولینڈَس منٛز مُنعقد2017  ورلڈ گیمَن منٛز گِنٛدنہٕ۔
8194,سۄ چھےٚ انوریکسیا نروسا ، پانس نقصان واتنس تہٕ پانس کم عزت دنس منٛز مبتلا ۔
8195,ری بھوئی ضلعہٕ چھ انناس باپت زاننہٕ یوان تہٕ چھ ریاستس منٛز انناسوۄپداون وول ساروٕے کھۄتہٕ بوٚڈ ضلعہٕ۔
8196,"لبنان چھ متحدہ امریٖکا کہ پنسلوانیاہک اکھ شہر۔
"
8197,فلم فیرٕک راچت گپتاہن دت اتھ 3 ستارٕ تہٕ ووٛنن ز یہ فلم چھ اکھ پاگل، مسخری دار تہٕ خانٛدر کرنس پیٹھ اکھ روحٲنی موڑ۔
8198,سینٹرل ہیٹروکرومیا چھٗ میلانِن كہِ کم میقدار واجِنین سو٘نزلن منز نظرِ گژھان ۔
8199,بلیئرسبرگ، آئیووا بلیئرسبرگ چھٗ  آئیووا  امریكاہٗك  اکھ شہر۔
8200,وۄنٛگوٚو، حال حالَے، یکشگَانس منٛز چھِ زنانہٕ فنکار تہ آمژٕ، یِم مرٕد کیو زنانہ کردارنباوان چھےٚ۔  
8201,سُہ آو   فرٛنٛٹِیر فورس ریٚجِمٮ۪نٛٹس كِس  4 بَٹالِیَنس منٛز تعینات کرنہٕ ۔
8202,549 عیسوی پیٹھٕ آسہٕ کاکذی گانٛٹ بیارِ پٔزۍ پٲٹھۍ وپھناونہ یوان، تکیازِ زِ یہِ چھُ رکارڈ کرنہٕ آمُت زِ  امہِ ؤری ٲس اکھ کاغذی گانٛٹ بیٲر ریسکیو مشنس باپت شیٚچھِ سوزنہ باپت ورتاونہ یوان۔
8203,تٔمۍ کٔر امریکہ کس أکس کانونٹ سکولس منٛز موسیقی ہنٛز تعلیم حٲصل ۔
8204,"اے (پوٗرٕ زخمَ) ہُنٛد ایشیا سکور والین  زیادٕ تر لوٗکَن چھُنہٕ كٲم كرن واجینہِ موٹر ریکوری گژھان، مگر بہتری ہٮ۪کہِ یِتھ ۔
"
8205,سوداگرن کٔر ستوتیٖرن سۭتۍ مشورٕ یمو أمس کرم دیوتا ہس خۄش کرُن ووٚن۔
8206,گیرش ویلرن زیون 1947 ورلڈ فگر سکیٹنگ چیمپین شپ تہٕ یورپی فگر سکیٹنگ چیمپین شپ۔
8207,پرٛبھاؤتی کوٚر رَتن سیٚنَس چلینج زِ سُہ دیٖن تٔمۍ سٕنٛدِ کھۄتہٕ بہتر زَنان ژھٲنٛڈِتھ۔
8208,اگر ڈیلر قۭمَت تتھ رقمَس تام کم کرنس اِنکار کرِ یوُتاہ توہہِ  ادا کرنس رضامند  چھِو تیٚلہِ روٗزِو نیرنہ خٲطرٕ تیار۔
8209,"وۄں گوٚو، پرنسٹن کِھلاڑیٚن ہِنٛدِ أکِس جمٲژ کوٚر محسوس زِ تِکیٛازِ سنیپ اوس نہٕ مُقابلہٕ، تِم ہیٚکَن وۄنۍ پننِس مُخٲلِفَس سکور کرنہٕ نِش رُکاونہٕ خٲطرٕ بال غیر معینہٕ وقتہٕ خٲطرٕ۔
"
8210,جابسن کوٚر فٲصلہٕ ز تمہ وقتہٕ پتہٕ کرن تمام ایپل کمپیوٹر ماوسک استعمال۔
8211,یِہ چُھ تجویز کرنہٕ آمُت زِ تپہِ دقٕكہِ واقٕعکۍ شرح ہیکَن موسمی  تبدیٖلی سۭتہِ  جوڈنہٕ یِتھ ۔ 
8212,"2015 ہس منٛز گیونٲو سو٘ راون گوڈنِچہِ لٕٹہِ کُنہِ  زٕنہِ  ""نا تُم ہَمے جانو"" ۔"
8213,DNSSec چھنہٕ انکرپشن استعمال کران ، تہ کیٛاز یہ چھنہٕ ضروٗرت ۔
8214,سۄ گُزریے 33 ؤرِش سیویل کِس أکِس ہوٹل کمرس منٛز۔
8215,جیریکو چھ فوزی ، اکھ امریکی ہیوی میٹل بینڈک فرنٹ مین تہٕ ۔
8216,اے ڈی اے ہن چھٗنہٕ  وٗنہِ  ڈایٹ سوڈاہس متعلق اکھ ترمیمی حیكمت عملی جٲری كرمژ۔ 
8217,لوٗکن چھ غذا پتہٕ کم چربی دار ٹشو تہٕ اکثر کم عضلات آسان۔
8218,نسی گورینٛگ باپتھ چھنہٕ کانٛہہ اکھ ترکیب، تکیٛاز اتھ چھ مختلف قٕسٕم آسان۔
8219,امہ سۭتۍ بنیوو لیشلے ای سی ڈبلیو ٹائٹل حٲصل کرن وول گۄڑنیک افریقی امریکی ۔
8220,یہِ منٛدر چھُ بھوانی پٹنہ کِس جنوبس منٛز واقع ۔
8221,تتھ صوٗرتَس منٛز آسہِ سۄ ساروِی کھۄتہٕ زِیٛادٕ رَقَم  اَننہٕ خٲطرٕ، چاہے تۄہہِ آسہِ زِیٛادٕ پۄنٛسہٕ تہٕ مزیٖد یژھان۔
8222,مثلاً راگ کھماج تہٕ امِکۍ ورگ چھِ آمٕتۍ  روٲیتی تہذیب چہ موسقی پیٹھٕ کلاسِکی بناونہٕ، ییٚلہِ زن حِجاز ہِوۍ راگ  فارسی مقامو منز وجوٗدس آو۔
8223,پنامہہ گلیشیر-پنامہہ گلیشیر چھ پٲکستان کٮ۪ن شمٲلی علاقن منٛز اکھ گلیشیر۔
8224,لِٹلٕز مُود 78 وُہُر 9 ستمبر 2021  78 ۔
8225,یِژھ اکھ لوُر، یوٚسہٕ وۄنہِ  کیمبرج کِس میوزیمَس منٛز چھِ، تتھ چھِ  کانٛسہِ تہِ كو٘ٹھِشس منز گژھن وٲلِس كھِلٲڈِس  بچاونہ باپت ینڈلَس أنٛدِ اندِ زیٹھ  رَزِ  وَلِتھ ۔
8226,ٲخٕر کار گوٚو سورُے عیال خۄش تہٕ ٲسۍ آدی یَس پیٹھ اسان  کیٛازِ کہِ اونی کوٚر بیٚیہِ آدی نہِ بدلہٕ گھر كامہِ باپت نوکٕرٲنۍ اَننس اِنكار۔ 
8227,کینیڈی اوس 1953 پیٹھ 2009 منز پننس مرنس تام سارجنٹ شریورس سٕتۍ خانٛدر کٔرتھ۔
8228,امہ وقتہ  آسِہے یہ نیو یارک دنہاہچ ساروٕے کھوتہٕ بڑبِلڈنگ۔
8229,واریاہن کووِڈ-19 ویٚکسیٖنن چھےٚ منٛظوٗری دِنہٕ آمٕژ تہٕ مُختٔلِف مُلکن منٛز بٲگراونہٕ آمٕتہِ ، یِمو بٔڑِس پیمانس پیٚٹھ ویٚکسِنیشن مُہِم شُروٗع چھےٚ کٔرمٕژ۔
8230,موسلی چھ اکثر دۄدس یا ذامتس دۄدس سۭتۍ، یا کنہ ساتہٕ مٮ۪ون ہٕنٛدس رسس سۭتۍ پیش یوان کرنہٕ۔
8231,واریہن شعرن  منٛز چھُ ، دعا یا تٲویزُك  مقصد كٗنہِ تہِ جِنسُك  بچہٕ حٲصِل  کرُن ۔
8232,"خوردبین چِھ چیز تمن کھوتہٕ بڈۍ باسان، تقریباً 1,000 گنہ بڑ۔
"
8233,"تِمَن کٔرِو اكھ فہرِست  تہٕ تٗلنچہِ جایہ فراہم، تٕہ پتہٕ سوُزِیوُكھ  تِم پننِہ وتہِ ۔
"
8234,"پاجامہ  یا زنٛگہٕ ہیکَن نہٕ رٹنہ یِتھ۔
"
8235,یہِ اصطلاح ٲس پلیٹ ٹیکٹونک نظرییہ برٛۄنٛہہ اِستعمال گٔمٕژ، مگر 1970 كہِ دہِلہِ  پٮ۪ٹھٕ گوٚو امہِ اصطلاحُک استعمال بڑان۔ 
8236,14 ہمہِ صٔدی منز تھوو بادشاہو ویسر یا دکن طرزٕکۍ یادگار بناون جٲری، مگر پتہٕ کوٚرُن تہندِ رسم و رواجٕکۍ ضرورت پوٗرٕ کرنہٕ مۄکھٕ دراوڑ طرزک گوپورا شٲمل ۔
8237,निकबेस छि मुफुत त् अथ छि दॅह लछ खोत् ज़याद गेमॅ.  
8238,سہ بنیٛوو 1905 ہس منٛز بینک کلرک تہٕ کوٚرن فٹ بال اہلکار سٕنٛدۍ پٲٹھۍ پنٛنہ پیشورانہٕ زنٛدگی ہنٛد آغاز۔
8239,میگھالیہکۍ سکوٗل چھ ریاستی حکوٗمت یا ذٲتی ادارٕ چلاوان، یمن منز مذہبی ادارٕ تہ شٲمل چھ۔
8240,“مِیاوو“؟سِرٛنٛگیری اوس پَریشان۔ یہِ گاو کیٛازِ چھےٚ کَران “مِیاوو“؟
8241,یہ موقع اوس برطانوی سلطنتن اینگلو سکھ جنٛگ شروع کرنہٕ خٲطرٕ استعمال کوٚرمت۔
8242,آبٕكہِ  ذخیرٕ تہٕ تقسیم شٗدٕ ذخیرٕ كرن  ممکنہٕ طور لوٗکن بے گھر -اکھ بحٲلی ہنٛد عمل ییمہِ مٲہرِ سمٲجیات تہٕ سیٲسی جمٲژن ہنٛز ہٗند تشویش مٗتوجہ كو٘رمٗت چھٗ ۔
8243,2004 ہس تام چھِ اٹاری 2600 تن 300 لچھ  یوُنِٹ كٕنِمٕتہِ  ۔
8244,بینڈی آو 1910 پٮ۪ٹھٕ 1930 کین  دہلِین  منٛز ایسٹونیاہَس منٛز گِنٛدنہٕ تہٕ مُلکَس ٲس  کینٛژن ؤرِیَن  قومی چیمپئن شپ۔
8245,پرٛیتھ کٲنٛسہ کیا ووٚن، اتھ متعلق تھٲوو تفصیلی نوٹ تہ لیکھتھ۔
8246,اسرانی ین کوٚر پننس کردارس منٛز ہٹلر سنٛز تقریر ہنٛز ترسیل کس بارس منٛز کنہہ خیالات شٲمل یم تٔمۍ ایف ٹی آیی آیی یس منٛز اکس استادس نش بۄزمِت ٲس۔
8247,"سَیکٕل پولو ایسوسیشن آف انڈیا آیہ باضٲبطہٕ 1966 منٛز بناونہٕ ، امیُوک دفتَر چھُ جیہ پوٗر، راجستھانَس منٛز۔
"
8248,اولَمپِک کھیلَن مَنٛز چُھ شوٗٹِنٛگ کھیلَن ، كھیلن منز گوڈنیتھٕیہ میڑل دِنُک عیزاز  حٲصِل ۔
8249,پوڈ کاسٹنگ چھ ڈیجیٹل آڈیو فایلہٕ پٲٹھۍ معلوٗماتک اشتراک کرنک اکھ طٔریقہٕ۔
8250, كانہہ  حد چھٗنہٕ زِ نۄسخہٕ کۭژِیاہہِ لٹہِ ہٮ۪کو دٗوبارٕ برِتھ ۔
8251,"یہٕ چُھ نفیس پٲٹھۍ مجسمہٕ بناونہٕ آمُت، تہٕ امک وسیع پہلو چُھ خاص طور قابل ذکر۔
"
8252,اگر توہہِ كانہہ تِیوُتھ چیز یژھان  یژھان چھِوٕ ک یٗس توہہِ  زِندگی تام پوشہِ ، ،  توہہِ چِھو  زیادٕ قۭمتی نموُمہٕ وُچھان ۔
8253,بیزوس بنیو 5 جٗلایی 2021  ایگزیکٹو چیئرمین ۔
8254,ترٛیٚیمِس منٛز، گوٚو واشنگٹنَ جُرمانہٕ چہِ پریشٲنی منٛز تہٕ ترٲوِن دۄن پاور پلے یَن پٮ۪ٹھ زٕ گول۔
8255,مولے: مولے چھ سویڈن چہ سکین کاونٹی منٛز ہوگانس بلدیہک اکھ علاقہٕ۔
8256,وٲحد گول آو 61 مہ منٹس منٛز ییٚلہ ایڈیسن مینڈیزن گولہٕ نش لگ بگ 25 گز پیٹھہٕ جینس لیہمینس پتھ لو سکریم گول کوٚرن۔
8257,"یہِ چھُ کلنگس منز کلوتھنگٕچ جنگس دوران گژھن وٲلۍ واقعہٕ بیان کران تہٕ نَہ صرف جنگک شان و شوکت تہٕ حالات 
 ہاوان بلکہِ میدانک خوفناک تفصیل تہِ ظٲہر کران۔"
8258,"پٔتِمٮ۪ن کھیلن ہُنٛد واریاہ بوٚڑعاداد شٗمار   تہٕ اعلیٰ تجزیٲتی صلٲحیت سۭتہِ ہٮ۪کَن کمپیوُٹر کھلاڑٮ۪ن شطرنج ہیٚچھنَس تہٕ میچن ہٕنٛز تیٲری کرنس منٛز مدتھ کٔرِتھ۔
"
8259,10+2+3 منصوبس  تحت ہكن ہایر سیكنڈری امتحانہٕ پتہٕ طٲلب علم م عام یا پیشہٕ ورانہٕ ڈگری پروگرامن منٛز دٲخلہٕ نتھ ۔
8260,یورپی یونینس ہیکَو اکہِ قسمُک وفاقی حکومت تہِ ؤنِتھ۔
8261,سہ چھ ویسٹ ہیم یونائیٹڈ تہٕ انگلینڈ کہ قومی ٹیمہٕ خٲطرٕ گنٛدان ۔
8262,1973 منٛز آو یہِ علاقہٕ قومی پارکہ منٛز تبدیل کرنہٕ ۔
8263,"یہنٛد مقصد چھ نامعلوم، تیکیاز تم چھ اولڈ ٹیسٹٕمینٛٹ منٛز اہم واقعہ بیان کران۔
"
8264,"پنجابس منز چھ ہندستانٕکۍ ساروٕے کھۄتہٕ زیادٕ سٹیل رولنگ مل پلانٹ، یم ""سٹیل ٹاؤن""-فتح گڑھ صاحب ضلعہٕ کس منڈی گووند گڑھس منز چھ۔"
8265,تِمَن منز  چھے٘ گۄڈٕنِچہِ صٔدی قبل مسیح دوران تعمیر کَرنہٕ آمٕژٕ  واریٛاہ باریکی سان سجٲوِتھ گۄپھہٕ ۔
8266,متبادل کھلٲڑِ پكنٲو  گول کرنہٕ خٲطرٕ کھلٲڑین ہنٛزو زنگو مٕنزِكم تھزرس بال ۔ 
8267,"اَمہِ علاوٕ چھُ غٲر مُنٲسِب اثر چھٗ  كھالٕیہ پانٔے پیوان ۔
"
8268,علاقٲیی جمٲژٕو چھٗ  1916 پٮ۪ٹھٕہ رِیٲستی سِیاسَتس پٮ۪ٹھ غلبہٕ تھوومٗت ۔  
8269,1990 منز گٔیہ سۄ نیو یارک شہر۔
8270,انگریزو دیُت شُمٲلی بَحر الکاہلس منٛز پننین تِجٲرتی مفادن تہِ وسعت۔
8271,حکومت چُھ ٹگرانونگس منٛز ملٹی سپورٹس فیسلٹی خٲطرٕ 2 ملین آٮٔۍ ڈی ڈالرن ہٗند زیادٕ تر حِصہٕ تہِ ادا کران۔
8272, 1857  ہندوستٲنی بغاوتس دوران، آو دہلی اکھ خونریز لڑایہ پتہٕ ایسٹ انڈیا کمپنی ہٕنٛدس فوجس تل یتھ دلہ ہُند محاصرٕ وننہٕ چھ یوان۔
8273,پانژھ ہتھ کھۄتہٕ زیٛادٕ کتھکلی ڈرٛامہ چھِ موُجوُد  یِمن آتاکتھا ونٛان چھِ ، یِمو منٛزٕ زیٛادٕ تر 20 ہمہ صٔدی برٛونٛہہ لیکھنہٕ آمٕتہِ ٲسہِ ۔
8274,شمٲلی سولاویسی منٛز چھ نسل پرستی انڈونیشیا کٮ۪و باقٕے حصو کھۄتہٕ زیادٕ متنوع۔
8275,واٹر مارک چھُ اکثر دۄشوٕے طرفو بوزنہٕ یوان ییٚلہِ نوٹ گاشس کُن رٹنہٕ چھُ یوان۔
8276,خاندان چھ حصُک اکھ تہٲئی پانس نش رٹان۔ بیاکھ اکھ تہٲئی چھ رشتہ دارن، دوستن تہٕ ہمساین دنہٕ یوان۔ تہٕ باقی ترٛیٚیم چھ غریب تہٕ ضرورت مندن دنہٕ یوان۔
8277,داندس اتھِ چھُ اکھ، دۄن پوسٹَن درمیان اَمبہٕ پنہٕ ؤتھٕرن ہٕنٛز اکھ رَزِ ، تورن ژٹنہٕ  یِوان ی، تہٕ امِس  پتہٕ چھِ گامٕکہِ باقیہ  سٲری چاروٲیہ آسان ۔۔ 
8278,ڈی ایس: تۄہہِ کیٛازِ پیوٚو لوٗکَن نیرنہٕ خٲطرٕ ونُن؟
8279,سایمس چھ پنٕنۍ منتری، یمن ہنٛد مشورٕ سہ ایگزیکٹو ذمہ دأریہٕ انجام دنس منٛز استعمال کران چھ۔
8280,کِریان خریدٲری بنٲیو پننہ ہفتہٕ وار معمولک حصہٕ۔
8281,"رحمانَن کٔر مارولَس سۭتۍ شراکت، ییٚمیُک ناو ""مارول اینتھم"" ناوٕ سۭتۍ اکھ پروموشنل ٹریک چھُ ہِنٛدی، تامل تہٕ تیلگوٗ زبٲنۍ منٛز ایونجرز: اینڈگیم (2019) خٲطرٕ۔
"
8282,کلہِ یو٘گس  منٛز کوٚر آدِ شنکراچاریاہن 1191 عیسوی منٛز امہگو٘پھہِ ہُند دورٕ۔
8283,ورشابھاوتی چھُ سنسکرت لفظ ورشابھا پیٹھٕ درٛامُت یُس دانٛدَس کُن چھُ حوالہٕ دِوان۔
8284,امہٕ کتھہٕ سۭتۍ چھ نہٕ کانٛہہ فرق پیوان ز یہ کمہ قٕسمٕچ تلاوت چھ، یس چیز نمایاں چھ یوان کرنہٕ سہ چھ تم کمپوزیشن یم موسیقی ہنٛد امہ صنفٕچ بنیاد چھ بنان۔
8285,کینٛہہ زنانہٕ آسہ  تاجر ، علما، تہٕ معلمن ہٕندِحیثیت کٲم کران ۔
8286,جنوبی ہندوستانس منٛز سیٲسی ماحول گوٚو  بادامی چالوکیاز سٕنٛدِ  بالادستی ستۍ لۅکچو ریاستو پٮ۪ٹھ بجن سلطنتن منٛز منتقل۔ 
8287,ڈینٛگو چھ نہٕ عام طور کنہ بییہ طریقہٕ سۭتۍ پھہلان۔
8288,"تٔمۍ سُنٛد مطالعہٕ تہٕ سرگرمی ہُند بنیٲدی ڈومین چھُ ذات پات فنا کرٕنۍ۔
"
8289,زیادٕ تر عیسٲئی فرقہٕ یا جماعژ چھے٘  کٗنہِ حدس تام یا تہِ فنٗک استعمال کران  نتہٕ چھٗكھ  استعمال کورمُت۔
8290,ییٚلہ جینر اکھ لۄکٹ شٗر  ٲس ، تٔمس ننیوو  تس چھٗ ڈایسلیكسِیا ۔ 
8291,لڑایہ چھےٚ باکسنگ رنگس منٛز گژھان، عام طور باکسنگ گلوز، ماؤتھ گارڈ، شارٹس، تہٕ ننگی پٹن سۭتۍ کک استعمال کرنہٕ خٲطرٕ۔
8292,مگر تمہٕ وقتہٕ، نہ ٲس کھیل کس میدانچ کانٛہہ جہت تہٕ نہ ٲس تم کھمبہٕ یم مرکزی لٲنہ ہٕنٛز حد بٔنٛدی چھ کران۔
8293,اگر کان٘ہہ لاینہ منز روُزِتھ  سوکھٕ سان  آسِہ یا سیٹھاہ مٗتمعین باسان آسہ ، امِس نفرس كرِیو سوال کرنچ کوشش۔ 
8294,یہ اوس سونی آن لائن انٹرٹینمنٹن پی سی ، میک تہٕ پلے سٹیشن 3 باپت تیار کوٚرمت ۔
8295,وونہِ گو٘، شاہوہن ٲس  دبھاڈوس معافی دِژمٕژ  تہٕ اوسنكھ گٗجرات پیٹھ سومبرٲوِمٕتہِ مٲلییٗك نیصف تمہِ سندِس خزانس منز جمع كرنہِ كِس شرطس پیٹھ جاگیر تہٕ لقب برقرار تھونٗك اِجازت دِیوٗتمٗت ۔ 
8296,امِیوٗک گوڑنِیوٗک آیین آو 22 دسمبر 1797 دوہ  منظور کرنہٕ، ییٚمہٕ سۭتہِ اکھ ڈایرٮ۪کٹرانہٕ عوٲمی مٗلك   قٲیم گوٚو۔
8297,کوکی بٲغی جمٲژٕ چھےٚ موجودٕ ریاست منی پوٗر پیٹھ کٗکی ین خٲطرٕ اکھ الگ ریاست بناوٕنۍ یژھان۔
8298,اتھ قلعس آو 1972 منٛز آرکیالوجیکل سروے آف اِنٛڈیا کہِ ذریعہٕ مرمت کرنہٕ تہٕ شروع کرنہٕ۔
8299,14 ستمبر 2006 ، ویسٹ انڈیزس خٕلاف پننِس واپسی میچس منٛز،دیُوت تیندوُلکرن  پننٮ۪ن تَنقیٖد نِگار جواب یُہنٛد مانُن اوس زِ تمہِ سنز پیشورانہٕ زِندگی ٲس سیٹھاہ پٲٹھہِ تمہِ سنزِ او ڈی آیہ سنچری سٕتہِ كھٕرِ وسان ۔
8300,"زٕ بٹن گژھن آسٕنۍ۔ تُہۍ یژھِو نقشس پیٹھ پنُن پان دُبارٕ مرکزس پیٹھ اننہٕ خٲطرٕ ساروٕے کھۄتہٕ بٔنِم بٹن دباوُن۔
"
8301,اکھ دعاییہ حصہٕ ہیٚکہِ عام پٲٹھۍ ورنام پتہٕ یِتھ۔
8302,مےٚ ٲس اکہ ہموار تہٕ مزٕ دار تجربچ امید، مگر یہ واقعہٕ وُتریو نہٕ میانین امیدن پیٹھ، ییٚمہ سۭتۍ مےٚ مایوسی ہید احساس گوٚو۔
8303,کینٛژن  لوُکن چھِ تہنٛزٕ کٲمٕہِ مٗتلق سیٹھاہ محكم  رائے ۔
8304,"اَمہِ علاوٕ ہیٚکِوٕ توٚہہِ  مٗمکنہ طور واریاہ کامِہ نِش محروم گژِھتھ اگر توٚہہِ شدیٖد زخمی گژھو، ییمہِ سۭتۍ نہٕ تۄہہِ یم بِلہ ادا کرنٕچ کانٛہہ وتھ بچِہ۔
"
8305,"پومک چھِ بلغارِیہَ ہس منٛز روڈوپ پہاڑن ، یوُنانس تہٕ تُرکی منٛز روزان۔
"
8306,"دیوتا لینِنتھو پانم نِنگتوہس چھےٚ اکھ خانٛداریٚنۍ ییٚمس لیمارین سنارک چیننگ کھومبی ناو چھ۔
"
8307,کینٛہہ لوٗکھ چھِ كنٗك  موم کڑنٕچ کوٗشش کران ، ییٚمہ سۭتہِ  کنہٕ کِس پردس نقصان ہیکہ وٲتِتھ ۔
8308,بہر حال، یلاج (بشمول زیادٕ سٹیٹِن خۄراك ) چھ عام طور مؤثر آسان۔
8309,واریاہ پیتھوجین ہیکن حلس تٔرِتھ  انفیکشَنُک سبب بٔنِتھ ۔ 
8310,پوٗرٕ علاقس منٛز چھ تباہ گمتین گرن ہٕنٛدۍ کھنڈرات بکھرنہٕ آمٕتۍ ؛ زیادٕ رود تہٕ گاڈٕ کھسنک امکان چھ۔
8311,انتہٲیی گرمی ہٮ۪کہ تۄہہ ٲرکھ انتھ ییٚمہ سۭتہ ہوٚچھٮ۪ن جاین كھرِ ۔
8312,सीम्यून कर शान लेलाचुअर सेल्ज़ त् लूडोविक बोडिनन २००७ मंज़ शोरु.   
8313,سُہ بَنِیو 1970 تھس منٛز مِشی گَن ہاوس آف ریپریزنٹیٹوُک رُکُن۔
8314,یہِ احساس گٔژھِتھ زِ أمِس چھِ صورت حال زاننچ کوشش کرنک ضرورت، دِپتی ووٚن مونیکا ہَس سٹریٹ فوڈ ٹریٹ باپت، یتھ دوران تِمو اکھ أکِس زانُن ہیوٚت۔
8315,رام باغ کیمپس چھُ دیوارو سۭتۍ ؤلِتھ تہٕ چھُ تقریباً 85 ایکڑ زمینَس پیٹھ پھٔہلِتھ ۔
8316,میون لیپ ٹاپ ٹھیک کرنہٕ خٲطرٕ شٗکریہ۔ یہ چھٗ وۄنۍ جان پٲٹھۍ کٲم کران۔
8317,امہ مزید  چھ متھٗرا یہ منٛز دتہ خانٛدانس سۭتہِ تعلق تھون وٲلہِ سِکہٕ تہ کٔڑنٕ آمٕتہِ۔
8318,سون آف سردارن کٔر ستن دۄہن منٛز2  ملین ڈالر کمٲئی۔
8319,"سُہ اوس دویمِس عالمی  جنگس  دوران  امریكی فوجس مَنٛز۔
"
8320,زیادٕ تر معالج یم ڈی آٮٔی ڈی کین مریضن ہنٛد علاج چھ کران تم چھ واریاہ مختلف طریقہٕ استعمال کران۔
8321,پائن چھٗ 2018 پیٹھہٕ برطانوی اداکارہ اینابیل والسس سۭتہِ تعلٗقات تھوان ۔
8322,رے سٕندین فلمن ہٕنٛد بیانیہ ساختچ نمٲئندگی چھ موسیقی ہٕنٛدۍ شکلہٕ یتھ کٔنۍ سوناٹا، فوگو تہٕ رونڈو کران۔
8323,مردن چھٗ زنانن ہنٛدِ نیصبت دِل چین رگن ہنز بیمٲرِ گژھنٗك مرضُک شکار گژھنک 10 گۄنہ زیادٕ امکان  ۔
8324,گامٕکۍ لوکھ ٲسۍ اسہ تتھ کٔنۍ وٕچھان ییٚلہ أسۍ تپٲرۍ پٔکۍ ز مےٚ گو تمن پیٹھ افسوس۔
8325,"ہیسیوڈ سنٛد ونن چھ ز پییون چھ اکھ انفرٲدی دیوتا نہ کہ لوٗکن ہٕنٛز جماعت۔
"
8326,تمو چھ واضح طور یژھن أچھن ہٕنٛز جینیاتی صلاحیت وراثتس منز حاصل کرمٕژ ۔
8327,"تٔمہِ کٔرِ پرٛیتھ گیمہِ منٛز 19.2 پواینٹن ہنٛدِ اوسط سۭتہِ کٗل 18,822 پواینٹ حٲصل۔"
8328,سہ چھ برٹش ٹیلی کمیونیکیشنز کس ایشیا پیسیفک ایڈوائزری بورڈس منٛز۔
8329,"شٔدیٖد اسکیمک فالجن  خٲطرٕ چھِ درجہٕ بندی ہنٛدِ مُختٔلِف نِظام ۔
"
8330,عملہ ووت جلدی پانۍ قزاقی ہنٛدس مقدمس منٛز ۔
8331,اگر توہۍ تحفہ ہینہ باپت خریدٲری كرنہِ درامتۍ  چھوٕ ، تِمن سارِنٕیے تحفن  ہٗند فہرِست بنٲوِو یم ہینُک تۄہہ ارادٕہ آسہ۔
8332,سُہ اوس اکھ آؤٹ فیلڈر ، اکھ پنچ ہٹر تہٕ گوڈنک بیس مین ۔
8333,"اٮ۪س بی اٮ۪سک تخمینہٕ چھ پرٛٮ۪تھ ؤری پریتھ  10,000 سو٘ شٗرٮ۪و منٛزٕ 3 پیٹھہ 4 ون گژھان ۔ "
8334,"امہ پتہٕ چھ ژھارن وٲلۍ مخٲلف ٹیٖمہ کہ تھرو نش محفوٗظ روزتھ کنٮ۪ن ہنٛد ڈھیر بحال کرنٕچ کوٗشش کران۔
"
8335,"لفظ ""آریا"" چُھ نہٕ صرف اوپرا منٛز استعمال گژھان۔"
8336,امہِ واقعہٕ سۭتہِ گٔیہِ نَہ صرف راجپوٗتن سۭتہِ  مراٹھاہن ہٕندِ  تعلقات خراب بلکہِ أمکہِ نتیجہٕ  گٔیہِ مراٹھاہن درمیان أنٛدروُنی جھگڑٕ تہِ۔
8337,تُہٕنٛزِ نااِتفٲقی منظوٗری دِنہٕ برٛونٛہہ ہیٚکیو تۄہہِ تٲریٖخس پیٹھ پیش گَژھنٕچ ضٔروٗرت پیٚتھ، یَتھ منٛز تمام نزدیٖکی مِلکِیَت والیٚن شِرکت کرنٗك  تہٕ تۄہہِ سَوال پٕرٛژھنُک اِجازت آسہِ ۔
8338,"کٹ مین چھُ باکسر سٕٗنٛدِ  بُتھ تہٕ  أچھہِ  زَخِمو  ، خوُنہٕ  تہٕ زیٛادٕ ورمہٕ  نِش دوٗر تھونُک ذمہٕ دار  ڈاکٹر۔
"
8339,بنٛرجی چھُ وضاحت کرٛان زِ حالانٛکہِ جئے تہٕ ویٖروُ چھِ فِدایین ،  تِمن چھے٘ پنِنہِ جذبٲتہِ ضروٗرتہٕ  انسٲن بناوان ۔
8340,بنٛگلہ دییشکۍ  لَگ بَگ ترییو منزٕ زٕ لُکھ چھِ زراعتس منٛز کٲم کَران تہٕ ڈیلٹا کین زرخیز سہلابی میدانن منٛز  فصل وۄپداوان۔
8341,حال حالٕیہ  لیٚچھِ بالاکٗمارنن اٗڈاییار ناول، یوٚسہٕ راج راجا چولا سٕنٛدِ تنجاورس منٛز برہدیشور مندرٕ كِس  تعٲمیٖرس أنٛدِ پٔکہِ  حالاتن پٮ۪ٹھ مبنی چھِ ۔
8342,تمۍ چھےٚ ژور سوانح حیٲتی کتابہ تہٕ  سِکھ متس پیٹھ اکھ کتاب لیچھ مٕژ ۔ 
8343,جمہوری جنوبس ٲس اقوام متحدہ تہٕ امریکہن حمایت کٔرمٕژ۔
8344,یہ خطرٕ چھ تمن شرن منٛز ساروٕے کھۄتہٕ زیٛادٕ آسان یم دۄیہ پٮ۪ٹھٕ ترٛین ریتن ہنٛدۍ آسان چھ۔
8345,امرتسرٕکہِ شہری یختیار وٲلہِ  کرنل ڈایر تہٕ ڈپٹی کمشنر اروِنٛگن کٔر نہٕ ہجوم جمع گژھنہٕ نش رُکاونہٕ خٲطرٕ یا ہجوم پرامن طریقس منٛز منتشر کرنہٕ خٲطرٕ کانٛہہ تہِ کاروٲیی۔
8346,یہ چھ شمالس منٛز سوبرن ریکھا دریاو پؠٹھٕ جنوٗبس منٛز رشیکولیا دٔریاوس تام پھٕہلتھ۔
8347,"پیرینوہن دو٘ہروو زِ ""ایمریكاہن چھٗنہٕ دہشت گردی خلاف عالمی جنگس منٛز کٲنسہِ تہِ قٲدِس اذییت دِژمٕژ  ۔ "
8348,2007 तस मंज़ खुलोव  कमपनी सिलिकॉन वैली मंज़ अख सदॅर दफतर .
8349,"اچانک، یِمَن لوٗکَن تٔمِس سۭتہِ کانٛہہ تہِ تعلق چھُنہٕ تِمَن چھُ منجوناتھَن یہِ کوٚر تمِكہِ  اہمیتُک احساس گژھان تہٕ کینٛہہ کرنٕچ کوٗشش شروع کران۔
"
8350,عام طور چھِ 48 پٮ۪ٹھ 50 آنچہٕ پکنہٕ خٲطرٕ کٲفی۔
8351,بِچور سِرٛنٛگیری سِرٛی نِواس! وۄنۍ کیٛاہ کَرِ یہِ پنٛنِس کیلن ہِنٛدِس غلبہٕ پٲداوارس۔
8352,منظر آیہ کچمان وادی منٛز شوٹ کرنہٕ ییٚتہ سیٚکہ ہٕنٛدۍ ٹیلن خطس منٛز تبدیلی فراہم کٔر یم ضروری ٲسۍ۔
8353,"2008  ایڈیشن چھُنہٕ منسوخی ڈاکارُک مستقبل خطرَس منز تراوان۔
"
8354,کیٚنٛہہ سکالرز چِھ بک آف سونگس منٛز أمۍ سٕنٛز شناخت بادشاہ سانَس سۭتۍ کران ۔
8355,"پتہٕ گٔیۍ کھو تہٕ گالِنگ، یُس تَمہِ وِزِ شِپ یارڈُک کارکُن اوس، گروٗپ نِش الگ۔
"
8356,اَمِہ علاوٕ آیہ واریاہ یونٲنہِ ، یتھ کٔنہ زن تواریخ  دان میگستھینز تہٕ اَمِہ پتہٕ ڈیمیکس تہٕ ڈیونیسیس ، موریہ دربارس منٛز روزنہٕ خٲطرٕ سوزنہٕ ۔
8357,ایشین بینڈی فیڈریشن ہُنٛد صدٕر دفتَر تہِ چُھ المیٹیَس منٛز۔
8358,کورکو، اکھ منڈا زبان، چھ ریاست کین وسطی بالٲیی علاقن منٛز 4 لچھ کھۄتہٕ زیادٕ بولن وٲلۍ۔
8359,امہِ  خاص تہٕ عَملی دَستٕکٲری ہِنٛز بُنیاد چِھنہٕ واضح ۔ 
8360,"ایورٹن ییٚلہ پنن تقریر مۄکلوو تمہ پتہٕ کٔر لنٛکنن دۄن یا ترٛین منٹن تام کتھ۔
"
8361,"تٕمہِ کٔر گاربرنیا کراکو، فلورڈسڈوفر اے سی، ایف سی زورِچ تہٕ ایف سی اورلیکونٕچ کوچِنگ ۔
"
8362,2009 وس منٛز کٔر تٔمۍ ساوتھ ایسٹرن ریجنل میڈیکل سینٹرس منٛز آیی ٹی ڈپارٹمنٹس منٛز کٲم شروٗع۔
8363,جہازٮ۪م نہ پٲنی نٮ۪ران ٲسۍ ، تم آسہٕ دہمت ۔
8364,پنجٲبۍ کھاندرچہ روایتہٕ تہٕ تقریب چھ پنجٲبۍ ثقافتٕچ اکھ مضبوٗط عکاسی۔
8365,"2010 چہ مردم شماری مطٲبق ٲس سی ڈی پی چہ آبٲدی 103,483 ۔"
8366,"سہ اوس بوسٹن، میساچوسٹس منٛز ذامت تہٕ تٔمۍ کٔر ناشوا، نیو ہیمپشایرس منٛز پرورش۔
"
8367,فرانسس منٛز ، روبائیکسس منٛز گوٚو اکھ ڈرائیوِنگ اِنسٹرکٹر تَمِہ وِز ہلاک ییٚلِہ تمۍ سٕنٛز گاڑِ پیٹھ بجلی پول پیوٚو۔
8368,اکس شرٲبۍ کلاسیکی  ڈانسر سُند کردار ادا کرنس پیٹھ  زیون  تمۍگوڈنِیک بہترین اداکار  نندی ایواڈ تہٕ دوٚیم فِلم فییر بیسٹ تیلگوُ ایکٹر ایواڈ ۔
8369,سٲحلی جھیلٗك بٹھیہِ كِس ہس پیٹھ  چُھ ٹراپیکل مون سوُنٗک غلبہٕ آسان۔
8370,اَمہِ فِلمہِ سۭتہِ  گٔیہِ سو مشہوٗر، تہٕ كورٗن  تسلیٖم زِ حالانٛکہِ أمس  اوس لۄکُٹ رول، مگر یہِ ٲس أمہِ  سٕنٛزو ساروٕیہ  کھۄتہٕ پسنٛدیٖدٕ فلمَو منٛز اکھ ۔
8371,چترا تھرونلن کوٚر 1937 ہس منٛز أکھ  عوٲمی سڑکہِ ذریعہ رسلو رسٲیلٗك نظام قٲیم کرنُک فٲصلہٕ۔
8372,اکِہ دۄہ آسہٕ تِم رقصس تہٕ گیونس منٛزتیتہِ  مَس زِ باین ہُنٛد صبحک کھین نِیٚو نہٕ زنانَو كھاہس پیٹھ ۔
8373,شدید رد عمل ہییكن سرد  آبس سٕتہِ كرنہٕ سٕتہِ وٗچھنہٕ یِتھ ؛  تٕرنِس آبس منٛز سر٘ان کرُن چھُ شدید رد عملٗک سیٹھاہ عام وجہہ ۔ 
8374,"اکھ غٲر تامِل بولن واجیٚنہِ آسنہٕ کِنہِ  چھِ أمہِ سٕنٛدِ مكالمہٕ  اداکارہ ابھیرامی  ڈب کٔرِمٕتہِ ، حالانٛکہِ پوٗجا کُمارن کٔر فِلمہِ ہِنٛدِس ہِنٛدی ورجنَس منٛز پننہِ  خٲطرٕ  پانیہ ڈب۔
"
8375,حکوُمتن کۄر پوُرٕ لاہورس منٛز تلٲشی آپریشن شروُع۔
8376,"تمو کوٚر 15 اگست 2022ہس منز فلم کمپنی انکوش ہزرا موشن پکچرزُک قیام۔

"
8377,لال باغ بوٹینیکل گارڈن یا صرف لال باغ چھُ اکھ پرٛون بوٹینیکل گارڈن یُس بنگلور، ہندوستانَس منٛز  واقع چھُ۔
8378,جھیٖلس أنٛدِ پٔکہِ  تہٕ جزیرن پیٚٹھ واقع واریاہن گامن منٛز چِھ گاڈٕ رٹنہِ اہم  پیشہِ۔
8379,میک موہن سنزِ نظرِ منز، تۄپتہٕ، یٔمۍ چیزن ریسل مینیا باقی سپر کارڈو نِش الگ کوٚر سُہ اوس یہِ زِ امیُک مقصد اوس تِمَن لوکَن تام رسائی حٲصِل کَرٕنۍ یِم نہٕ دَنگَل ٲسۍ وُچھان۔
8380,کینژو روایتو مطابِق چھُ وننہٕ یِوان زِ مرکزی مندر چھُ بھارت چکرورتی یَن بنٛوومُت۔
8381,کانٛہہ ہٮ۪کہ ژٲر حِسابہٕ  یہ طریقہٕ بنٛد کٔرِتھ مگر یہِ چھنہٕ تجویز کرنہٕ یوان ۔
8382,"2011 ہس تانہِ ٲسہِ  ، مٗلكی  زیرِ اِنتظام  بی ایٚس ایٚن ایٚلس  57,897 لینٛڈ لایِن گر٘اك تہٕ 325,279 جی ایٚس ایٚم موبایِل سٔروِس کَنیٚکشَن۔"
8383,فلمہ ہٕنٛدٮ۪ن ساونٛڈ ٹرٛیکن منٛز چھ بٲتن ہنٛد اکھ وسیع رینج شٲمل یتھ منٛز پرٛٮ۪تھ کٲنٛسہ خٲطرٕ کٮ۪نٛہہ پیش چھ یوان کرنہٕ یتھ منٛز فٹ ٹیپنگ ڈانس فلور نمبر، نرم رومانٹک بٲتھ تہٕ وایلن شاہکار شٲمل چھ۔
8384,کمیٹی کوٚر اتحاد کس حٮ۪مایتس منٛز اکھ قرارداد منظور۔
8385,یہ البم آو 2 مئی 1978 منز ریلیز کرنہٕ ۔
8386,"رونسے چھ بیلجیم صوبہٕ مشرقی فلینڈرس منٛز اکھ بلدیہ۔
"
8387,زیادٕ تر بلیک چائے چِھ سری لنکا، انڈونیشیا تہٕ مشرقی افریقہ پیٹھ یوان۔
8388,"سکولو پٮ۪ٹھ آیہِ 1500 کھوتہٕ زیادٕ طالبہِ علِم یہِ تقریٖب وچھنہٕ۔
"
8389,"یو ایس اے سائیکلنگ طرفہٕ منظوٗر کرنہٕ آمٕژ اَکہِ دۄہٕچ ساروِی کھۄتہٕ زیوٗٹھ روڈ ریس چھِ لوٹوجا یوٚس لوگن، یوٹاہ پٮ۪ٹھٕ جیکسن، ویومِنگ تام 206 میل (332 کِلومیٹر) تام پھہلِتھ چھوٗ ۔
"
8390,"اتھ دوران، ٲس ہنری ہشتم سنٛز 1533 کس قانونس منٛز اپیلچ روک تھامک اعلان کرمت کہ ""انگلینڈک یہٕ مملکت چھ اکھ سلطنت""۔"
8391,سیٚن ڈیاگو تہٕ پٹسبٔرگ دۄشوٕنۍ چھِ 9-5 ریکارڈ ۔ تاہم، سٹیٖلرزن زیوٗن پنُن ہیٚڈ ٹو ہیٚڈ میٚچ اپ یُس  بطور ٹائی بریکر  کٲم کرِ۔
8392,پننہِ  کارٕبارٗك ڈھان٘چہِ  تشکیٖل دِنہٕ تہٕ قٕمَتھ مُقرر کرنہٕ خٲطرٕ کٔرِو آن لایِن یا پنٛنِس علاقس منٛز نباتٲتی تیٖل کیٚن باقٕیہ  کامیاب کارٕبارن ہُنٛد مُشٲہِدٕ ۔  
8393,لہاذا چھ صدی منٛز تقریبا اکہ لٹہ کمبھ مٲلہٕ 11ہہِ وہٕرِ اكِس مقامس پیٹھ  واپس یوان ۔ 
8394,تٔمۍ گیون 1967 پٮ۪ٹھٕ 1969 تام شکاگو بیئرز خٲطرٕ ۔
8395,فلمہ ہُنٛد فٕسٹ لُک پوسٹر تہٕ اکھ ٹیزر آیہِ بطور فلمہ ہنٛدِ  مارکیٹنگ عمل مئی ڈے 2012 جٲری کرنہٕ۔
8396,سماج چھُ ذٲتی خدا  تصور نِشہ تہِ اِنکار کران۔
8397,اتر پردیش کِس سَرحَدس نزدیٖک چھِ یہِ لہجہِ بھوجپوری منٛز رَلان ییٚلہِ زن مدھیہ پردیش کِس سَرحَدس نزدیک چھِ یہِ بگھیلی سۭتۍ رلان۔
8398,یِہ چِھ اکھ واریاہ اہم تِتِھی تہٕ چھے٘ بطور چنڈی  ہنٛدِ مہِشاسٗر مردنی روُپ كہِ  زایہِ  دۄہ ماننہٕ یِوان۔
8399,خطرٕ چھ اتھ جایہ سۭتۍ وابستہٕ ییٚتٮ۪ن جسمس منٛز زیٛادٕ چرٕب چھ جمع گژھان۔ 
8400,"ساروٕے کھۄتہٕ عام زخم چُھ گۄڈن ہُند آسان (عام طور لیٹرل لِگمینٹ ٹۄخنن ہُند دباو تہٕ گۄڈن ہُند پھُٹُن چُھ کم گژھان)۔
"
8401, کینسرس خٲطرٕ ہیكو٘ ،یٗس سٕتی زیادٕ دوُر چھٗ ، کیموتھیرپی تہٕ ریڈیو تھیرپی  استعمال کٔرتھ ۔
8402,ستپور ٹائیگر ریزرو چھُ وسطی ہندوستٲنی جنٛگلٲتی ماحولیٲتی نظامُک اکھ حصہٕ، یتھ پٲٹھۍ چھُ یہِ حیاتیٲتی تنوع سۭتۍ بٔرِتھ۔
8403,میون سی۔ ای۔ او اوس مےٚ ستھ ؤری برٛونٛہہ صرف اکہ لٹہ سمکھمت، توتِہ رلٲے تٔمۍ از مےٚ سۭتۍ اتھہٕ بییہٕ بُلوونیس بہٕ پننِہ ناوٕ سۭتۍ کمرس منٛز اژنہٕ پتہٕ۔
8404,"یہِ چُھ فنُک اکھ ""كہٲنی ڈراما "" صنف، مگر یہِ چُھ ، وسیع پیمانَس پیٹھ رنگین سِنگار ، پو٘شاخ ، تہٕ بٗتھہِ كیو٘ مٗكھوٹو٘ یِم   روایتی طور مرد اداکار-رقاص  لاگان چھِ  ، كِنہِ مٛخصوُص ۔"
8405,یہِ ریاست ٲس 16 نومبر 1907 تَس منٛز ہندوستٲنہِ علاقہٕ پیٹھہٕ بناونہٕ آمٕژ۔
8406,سیٚٹھا کم بَجٹ آسنہٕ باوجوٗد تہِ سپٕزیہِ تِجٲرتی طور کامیاب تہٕ مشہوٗر ثٲبِت۔
8407,یہ منصوبہٕ چُھ ژۄن اہم حصن منٛز تقسیم کرنہٕ آمُت۔
8408,"گوتمَن (1977) منوو سنتھال پرگنہَ ہس منٛز سنتھالَن ہُنٛد اکھ نوٚو مکٲیہِ پیش کرنُک تہٕ بتہٕ كھینٗك  تیوہار یتھ تِم  جوم ناوا اسطلاح دِوان چھِ ۔
"
8409,یہِ تصوٗر كرٗن چھٗ  مویوُس كران زِ شیرنس دوران یی رسویہ بیون بیون كرنہٕ ، تكیازِ مے٘ چھے٘ اتھ جایہِ سٕتۍ وارِیاہ یادٕ وابسطہٕ ۔ 
8410,گۄپھہٕ منٛدرَس پٮ۪ٹھہٕ كٕنہِ  چھِ جین کَنہِ تختہٕ ہی ۔ 
8411,بادامی گۄپھہٕ مندر چھِ کرناٹک، ہندوستان کِس شُمال وسطی حصس منٛز بادامی قصبس منٛز واقع ۔
8412,"لگ بگ 30,000 لوٗکن ہنٛد یہِ ہجوٗم اوس امہِ تقریٖبہِ كہِ تٲریٖخُک سارِوٕیہ  کھۄتہٕ بوٚڑ ۔"
8413,1990 کہ دہلہ پیٹھہٕ چُھ اتھ کھیلس پیٹھ زیادٕ تر جاپٲنۍ کے-1 پروموشنٗک غلبہ، یتھ  کینٛنژن باقین فروغن تہٕ زیادٕتر برون٘ٹھیہ موُجوُد گورننگ باڈیزن سٕتہِ كینہہ مٗقابلہٕ چھٗ  ۔
8414,امہ سۭتۍ چھ تمن واریاہن پونٛسن ہٕنٛز لاگت یوان، یم عام طور حکومت ادا کران چھ۔
8415,پانڈیاہ حکومتس دوران ٲسۍ چاندِہ تہٕ سونہٕ کین سکن پیٹھ تامل۔ برہمی منٛز نوشتہ تہٕ ترامہٕ کین سکن پیٹھ ٲسۍ تامل پٲٹھۍ قصہٕ ۔
8416,"اِوینٹٕک زمرٕ چھِ دۄن قٕسمن ہٕنٛدۍ: ریگو تہٕ ڈبلز ریگو۔
"
8417,اکھ خاص موسیقی گؠون محفل آیہ 27 جون 2014 ممبے کس جے ڈبلیو میریٹ ہوٹلس منٛز منعقد کرنہٕ۔
8418,اَکِہِ  رِپورٹَن دِیوٗت اشارٕ زِ لٗكہ چھِ  ٹی آٮٔی یَن مُتعلِق معلوٗمات باپتھ باقٕیہ  جنسی مسلو کھۄتہٕ زِیٛادٕ درجَس تام طِبی پیشہٕ ور سٕنٛدِ بجایہِ انٹرنیٹَس کُن رجوع کران۔
8419,کیوک کیوک چھ سویڈن کس سکین کاؤنٹی منٛز سمریشان بلدیہک اکھ علاقہٕ ۔
8420,ولیمزن چِھ گِنٛدمُت کری کپس منٛز مغربی صوبہٕ خٲطرٕ رگبی تہ ۔
8421,"اتھ منٛز ہیٚکہ دورن، وۄٹھ ترٛاون، ٹمبلنگ، سومرسالٹنگ، فلپنٛگ تہٕ توازن شٲمل ٲستھ۔
"
8422,پرار،  ژٕ چھکھٕ مےٚ ونان ز یہ زٲویُل ہار چھ اتھٕ سۭتۍ بناونہٕ آمت؟ تفصیلُک سطح تہٕ اتھ سۭتۍ ینہٕ واجیٚنۍ صداقت چھ میانہ توقع کھوتہٕ زیادٕ۔
8423,"تِم لُکھ یِم كِفایت شعر سٹورَن منٛز کٲم چھِ کران تِم چھِ معلوٗماتَن ہُنٛد خزانہٕ۔
"
8424,ییٚلہ سۄ ژُ ؤرش ٲس تسٗنٛد عیال گوٚو  سپرنٛگ فیٖلڈ، الناے روزنہِ۔ 
8425,تٔمہِ  کٔرِ 15 رنہٕ،  تہٕ كو٘ر وقار یونسن بولڈ ییمہِ سٗند تہِ یہِ گو٘ڈنِیوٗك میچ اوس ، مگر امہِ كِتھہٕ باپت نظرن منز  زِ   امہِ  كِتھہٕ سمبھٲلہِ تِم  چھو٘كھ یِم امہِ سندِس جِسمس  پاكِستٲنہِ تیز بالن ہندِس ہملس دوران لٕگہِ ۔ 
8426,"ایسٹ ویسٹ پائپ لائن چھ انڈیا انفراسٹرکچر ٹرسٹن حٲصل کوٚرمت، یس بروکفیلڈ ایسیٹ مینجمنٹک ملکیت چھ 13,000  ₹ کرور پیٹھ۔"
8427,پنٛنہِ غلطی قبوُل کٔرِتھ ہیٚکو تو٘ہہِ  غلطی ہٕنٛز ذمہٕ وٲری ہنس تہٕ غلطی نہٕ دٗہراونس اہل بنِتھ ۔
8428,ریلیز گژھنہٕ پتہٕ گوٚو یہ واریاہ مقبول تہٕ وُنیہ تہ چھ امکۍ واریاہ پرستار ۔
8429,"تمۍ سٕنٛز زنانہ  نِش آسہٕ زٕ کِتابہٕ، یِم دۄشوٕے مذہبی کِتابہٕ آسہٕ۔
"
8430,کینژن تجربو چُھ تجویز کۄرمت زِ غیر تھرمل نمائشچ سطحس پیٹھ ہیکہٕ حیاتیٲتی اثرات أستھ، مگر صحتٕکہِ خطرٕچ پیداوارُک ثبوت چُھ متضاد تہٕ غیر مصدقہ۔
8431,دٔیُم مرحلہٕ چُھ بۄد وارِ دۄہ، تہٕ ترٛیٚیُم مرحلہٕ چُھ 9 مے سپدن وول۔
8432,زونا فرانکا ایریا سینٹرل برانچ ، L۹ بیسس ایریا سۭتۍ مُشترکہٕ
8433,ییلہ وقت ہاون والین ناوتین سۭتۍ ورتاونہ یِن ، تِم چھِ جاے ہاونہ بجایہ وقت ہاوان۔
8434,"یمن منٛز چھِ لیورپوُل یونیورسٹی، کولمبیا یونیورسٹی تہٕ یونیورسٹی آف روم لا سیپینزا شٲمل۔
"
8435,ज़याद तर मुल्कन मंज़ छु ई ओ एस कैमराहन मन्ज़  एस एल आर कैमराहन ह्युंद सारवी खोत बोड मार्किट शेयर.  
8436,قریب الٹرا وایلیٹ، وزِبٕل لایٹ، انفراریڈ، مائکروویو، ریڈیو لہرٕ، تہٕ کم فریکوئنسی ریڈیو فریکوئنسی (لانگ ویو) چِھ تمام غیر آئنائزنگ تابکاری ہنٛز مثالہٕ۔
8437,دوٚیمِہِ نیٚصفہٕ کِین شروعٲتی  منٹَن منٛز کوٚر یوروگے ہٕکہِ لوٗیِس  سوُریزَن  49 مِس منٹَس منٛز  سرگِیو بسكیٹس سندِ مدتہٕ میچُک دوٚیِم گول۔
8438,کنہ ساتہٕ چِھ یمن نِش راتَس منٛز حفاظت خٲطرٕ عکٕس کرن وول مواد آسان ۔
8439,37 وریہہ  وٲنٛسہ منٛز گو سوُ  اکہِ مقبوُل پلیٹ فارمہٕ پیٹھہٕ   صدر سٕنٛد انتخاب خٲطرٕ كھڈا ۔
8440,यि छु इसतेमाल करन वालेन पैकेज इनसटाल करनुक इजाज़त दिवान युस नॅ नतॅआफिशल रिपोज़टरीयन  मंज़ छु .        
8441,أچِھ بنٛد کٔرِتھ چھےٚ سۄ پنٕنۍ نو ؤہرِس پانس بالہٕ بٔٹھس پیٹھ خوشی سان گنٛدن وٕچھان۔
8442,تۄہہ چھو پنن پان زخمی گژھنک خوف ییٚمہ وجہ سۭتۍ نہٕ تہۍ پننِہ پورٕ صلاحیت ہیتھ گنٛدان چِھو (فٹ بال کھلٲڑس کوچ)
8443,بٲقٕے قٕسمن ہٕنٛدۍ ہٹ تہ چھ، مگر یم چھ اہم۔
8444,مےٚكھو٘ت پرٲنِہِ قعلہٕ کِین  دیوارن خراب کرن وٲلس اشتہار كِس باڈوس پیٹھ سخ  شرارتھ ۔
8445,ای۔ وایی  چُھ دنیاہس منز ساروٕے کھوتہٕ بۄڈ پیشورانہٕ خدماتن ہہندیو نیٹوركۄ منٛز اکھ ۔
8446,"حکوٗمت مدھیہ پردیشٕکۍ ڈیپارٹمنٹ آف آرکِیلاجی، میوزِیَم اینڈ آرکایوٕزن کٔر جوابَس منٛز بچاؤ کھدٲیی تہٕ کٔرِکھ واریٛاہ مندر منتقل۔
"
8447,امہ کس نٔتیٖجس منٛز چھ پریتھ ورِیہ  $8  بلینک  امریكی ڈالرن ہٗند معاشی نۄقصان گژھان ۔
8448,"دوٚیمہِ عالمی جنگہِ کِس ٲخرس پیٹھ ترٲوِ  تٔمہِ  جٔرمنی منٛز برطٲنوی فوجَس برٛونٛہہ کَنہِ ہتھیار۔
"
8449,15 اگست 2013 بنیو أمۍ سنٛد چینل یوٹیوبس پؠٹھ ساروٕے کھۄتہٕ زیادٕ سبسکرایب کرنہٕ ینہٕ وول چینل۔
8450,یہِ چھُ نِشانس پیٹھ خلییہِ   یا اعضا كہِ مٗمکنہٕ دٗبارٕ تعمیرُک بٲعث بنان۔
8451,تٔمہِ  گُزٲرِ ہینویہ  جنرل یوٗنیورسٹی منٛز زٕ ؤری ویتنٲمی ہیچھنس منٛز ۔
8452,فیٹل انسومنیا فیٹل فیملییل انسومنیا چھ اکھ پریئن بیمٲر۔
8453,2008 کس سمر اولمپکسک مشعل ریلے چہِ وتہِ  پیٹھ واریاہو  موڑو  پتہٕ، كو٘ر  تائیوان تہٕ چینن  پنین سیٲسی موقفن پیٹھ اصرار۔
8454,ہندوستانس منٛز اوس کٗل صنعتی پٲداوارس منٛز ریاستی حصہٕ 1980-1981 منٛز %9.8 ، یٗس 1997-1998 تھس تام  %5 تام کم گوٚ ۔
8455,دۄنوٕنی طرفن ہٕنٛدۍ شٹل چھِ کپرس منٛز مرکزی شٹلس سۭتہِ  پانہٕ ونہِ  جُڑِتھ ۔
8456,"ویرو چھ واپس یوان، تہٕ جے چھ تس سٕنٛزن نرٮ۪ن منٛز زُو دوان۔
"
8457,"وۄنٛہِ گوٚو، آرڈرٕ کِس ٲخرس پیٚٹھ پیٚیَو تۄہہِ برٛونٛہہ پکنہٕ خٲطرٕ اتھہٕ سۭتہِ رٔسیٖد  دٲخل كرُن۔
"
8458,اکس اوبلیک سلنڈرس منٛز چھ ہیرِم تہٕ بوٚنِم سطح اکھ اکس نش دوٗر آسان۔
8459,امہ پتہٕ کوٚر ریاستی حکومتن ملکیت کس معاملس پیٹھ ارواری بیسن چہ مقٲمی برادری خلاف مقدمہٕ دائر۔
8460,533 سیٹو منٛزٕ 415 نشستہٕ حٲصِل کٔرتھ  کٔر کانگریسن واریاہ اکثریت حٲصل، یم آزاد ہندوستان کٮ۪ن لوک سبھا انتخابن ہٕنٛدس تٲریٖخس منٛز از تام کین انتخابن ہٕنٛز ساروٕے کھۄتہٕ بٔڑ اکثریت چھےٚ۔
8461,یِہ سَپُد تمہِ وقتہٕ ییلہِ مندرُک پردہ  دۄن حصن منٛز ژٹنہٕ آو  (میتھیو 27:51)۔
8462,یہِ چھُ مختلِف رفتارَو سۭتۍ تہِ ہیٚچھنہٕ یِوان۔
8463,"جینا ہے تو ٹھوک ڈال کس متنازعہ موضوعس سۭتۍ ""موہہ میں  لے"" ناوٕ سۭتۍ امہ کس گیونن کوٚر شیو سینا سنٛد ردعمل پٲدٕ۔"
8464,ڈم فرائز اوس سٲبقہ کاؤنٹی ڈمفریشائرک کاؤنٹی شہر ۔
8465,جاپان انٹرنیشنل کوآپریشن ایجنسی نش چھ توقع ز سہ کر مرکز تہٕ ریاست کین حصن خٲطرٕ زیٹھس مدتی قرضس منظوری، یس تم واپس کرن۔
8466,اعدادن ہنٛز یہٕ وسیع رینج چھُ غٲلبن  جزوی طور علاقن درمیان كیاہ تہٕ كِتھہٕ كٕنہِ چھُ زخمن ہٗند اطلاع دِنہٕ یوان، تمہِ كِنہِ  ۔
8467,مہابھارتس منٛز لڑایہ کامیاکا کہ راکشس فوجن پانڈوہن سٕتۍ جنگ۔
8468,کارپوریشنَس چھِ پَنٕنہِِ  15 بس اَڈٕ، 4 ڈیٖپوٗ، پورورِمس منٛز اَکھ مرکٔزی کارخانہٕوركشاپ ، تہٕ پورورِمس  منٛز اَکھ صدر دفتر۔
8469,"کینٛژن ماملَن منٛز چھُ بٔو٘ڈ  أنٛدرمَ  جرٲحی سۭتہِ کڑُن ضروُری ۔
"
8470,کُٹوَن گو یِمن ادمبل، والایُور کس جنگس منز شکست دنس منٛز کامیاب۔
8471,دلہ ہنٛز زیر زمین آبٕچ سطح چھ کم گژھان تہٕ امچہِ  آبٲدی ہٗنٛد گنیر چھ ہٗران، لہذا چھٗ  بسكینن  اکثر آبٕچہِ شدید کٔمی ہٗند  مٗقابلہٕ کرٗن پٮ۪وان۔
8472,بعض اوقات چھ دۄدس منٛز لبنہٕ ینہٕ وٲلہِ پروٹین دویمن ذرائعن ہنٛدین پروٹین سٕتہِ تہِ  بدلاونہٕ یوان ۔
8473,سہ اوس جولائی 1986 پٮ۪ٹھٕ مارچ 1988 تام 36 ہم وزیر اعظم۔
8474,سُہ گوٚو ہندوستانین  خٲطرٕ ہوم رولُک مُطالبہٕ کرن والین جذبٲتۍ قوم پرست لیڑرن سۭتۍ شٲمِل۔
8475,"فلمی تٲریخ دان انجا ویبر چھُ 1941 چہِ فِلمہِ سِکندرَس منٛز اکھ جدید تہٕ بٔڑِس پیمانَس پٮ۪ٹھ ہندوستٲنہِ داستان  بناونٕچ وضاحت کران:
"
8476,یژھِ ریوایتی موسیقی سۭتۍ سۭتۍ چھ مرکزی دٔرس منٛز شٲمل ہندوستٲنۍ موسیقی ہٕنٛدۍ عنٲصر یتھ کٔنۍ ہندوستٲنۍ کلاسیکی موسیقی تہٕ رقص، رابنٛدر سنگیتٕچ مشق تہٕ چھےٚ کرنہٕ یوان۔
8477,ہیڈ کریش گژھنہٕ برٛونٛہہ چھ فایلہٕ بیک اپ کرٕنۍ اہم ۔
8478,مكایہِ كزٗل  چھٗ کھٮ۪نہٕ خٲطرٕ محفوظ ، تہٕ وازٕ چھ یہ رنان ۔
8479,نووٗیہ خاندر كرِتھ  زَنانہٕ چھےٚ دِوتاہس پانٛژھ كر٘ہٗن موكھتہٕ وول پن گنڈِتھ سُنٛگھٹ یا لۄکٕٹہِ میٚژِ بانہٕ پیش کَران  ۔
8480,2016 ہس منٛز چھِ تِم چاندِ ہنزِ فراہمی ہٗند اِطلاع دِوان۔
8481,ٲسہٕ سٕتہِ چنہٕ یِنہٕ ووال ٲبِیتھ بٕڈراون وول رل ہیكہِ گھرِ تہِ بناونہٕ یِتھ ۔ 
8482,حالانٛکہ امیک مقصد اوس صرف نوین رنگروٹھں پیٹھ لاگو گژھن، ملازم  والین سپاہن اوس خدشہ ز یہ ایکٹ ہیٚکہ تمن پیٹھ تہ پوٚت پھیرتھ  لاگو گژھتھ۔
8483,یہٕ چُھ آئسنے محكمہٕ كِس  پکارڈی خطس منٛز ۔
8484,ڈاٹو، آرکنساس ڈاٹو چھٗ امریکی ریاست آرکنساسُک اکھ قصبہٕ  ۔
8485,نہرون کٔر دۄشوٕنی ہندوستٲنۍ برادرین درمیان میل جولس خیر مقدم تہٕ حوصلہ اَفزٲیی۔
8486,ناینا چُھ اکھ اسم یُس موُل 'نی' پیٹھہٕ بنان چُھ ییٚمیُک مطلب 'كٗن رہنُمٲیی'چُھ ۔
8487,"سُہ بڑیو  ڈورِگو ، نیوُ ساؤتھ ویلز کِس لۄکٹِس قصبس  منٛز۔
"
8488,"18 مہ صدی منٛز وچھ نوِ متحد برطانیہ دنیاہک غالب نوآبادیاتی طاقت بننہٕ خٲطرٕ، یتھ منٛز فرانس سامراجی سٹیجس پیٹھ امک اہم حریف بنیو۔
"
8489,پروگریسو چُھ اکھ فٹ بال کلب یُس یوراگوایس منٛز گنٛدان چُھ ۔
8490,بعض اوقات چِھے٘ پرِیہِ اکہِ قسمٕکہِ فرشتہٕ ماننہٕ یوان  ۔
8491,فائبرس پٮ۪ٹھ چِھ خوطبہٕ تمن حروفن سٔتۍ بنان یم شاید رنز چِھ ۔
8492,محکمس سۭتہِ  تمہِ سنٛزٕ برٛوٗنٛٹھمہِ بیروُن مٗلک نوکری آسہٕ   واشنگٹن، ڈی سی تہٕ جکارتاہس منٛز۔
8493,دلاوانوُر ستھروملیشورم پلوا کَنین ژٹِمٕتہِ مندر چھُ گِنگی تہٕ منڈاگاپٹوَس درمیان  تامِل ناڈوُ ہس منز  واقع ۔
8494,ہندوستان تہٕ باقی جاین پیٹھ اوس تٔمِس اکثر سردار یِوان وننہٕ، یٔمیُک مطلب ہندی، اردو تہٕ فارسی منٛز “چیف“ چھُ۔
8495,تۄہہ اوس نہٕ پتِمیو ترییو لٹو كانہہ چیز یٗس مے٘ ضروُرت اوس تہٕ توہۍ ٲسِو  پگاہ آتھوارِ دوہ بند ۔
8496,تمو کوٚر ڈیجیٹل زمینی ٹیلی ویژن خٲطرٕ ینالاگ ٹیلی ویژن خٲطرٕ پرانین این ٹی ایس سی معیارن ہنٛز جگہ۔
8497,آئی پوڈ نینوس منٛز چُھ اکھ ویڈیو کیمرہ شٲمل یس ویڈیو بناونہٕ خٲطرٕ استعمال ہیکو کٔرتھ۔
8498,یوٚدوے ٹایفایڈ خٲطرٕ ویکسنیشن پروگرام چھ کارگر ثٲبت گٔمٕتۍ، مگر صرف تمی یٲتۍ ہیٛکن نہٕ ٹایفایڈ بخار ختم کٔرتھ۔
8499,اَمہِ پتہٕپییو امِس   اینجیلا ایگل تہٕ اوون سمتھَس خٕلاف دویمہِ قیادتی مُقابلہٕ بٗتھہِ ۔ 
8500,اكہِ درویشن یٗس رازس نِش آو دیوٗت مشورٕ زِ تمہِ سٗند نیچٗو گژھِ  پتِمین گۄنہن افوُ باپت عقیدت سان رتھ سپتمی پوُزاہ كرٗن ۔
8501,"واریاہ چھ ؤرۍ یک رازدار ایجنٹ تھیم، ""صرف تہنٛزٕ أچھن ہنٛز کھال"" چلاوان۔"
8502,یہِ چُھ ہِنٛدُستانس منٛز تامِل ناڈوُ کِس شِوا گنٛگا ضِلعہٕ کِس تِروٗپَتھوُر تالٗكاہس منٛز پِلایارپٹی گامس منٛز واقع۔
8503,زیبو ہن ہُند تامل ناڈوہُک نسٕل چھُ ہندوستانس  منزمخصوص تہٕ  یمن چھِ چارواین ہٕنٛدین یورپی قسمن، یتھکٔنۍ زِ ہولسٹاین گٲوٕ مقابلہٕ واریاہ فٲیدٕ۔
8504,"ریفری چھُ کُنی زون میچ ختم گژھنُک اِشارٕ دِوان۔
"
8505,متبادل پٲٹھۍ ہیکِو تُہۍ ماڈل فوکس جماعتس یا میٹنگ منٛز پکنٲوِتھ تاکہ کانٛہہ تہِ یُتھ قدم یِیہِ وچھنہٕ یُس نہٕ پکان آسہِ یا پتھ کُن روٗدمُت آسہِ۔
8506,"26 فروری 2019 آو تھیوڈوراکس وٲنجہ ہٕنٛز پریشٲنی ہٕنحد وجہ سۭتۍ ہسپتالس منٛز دٲخٕل کرنہٕ۔
"
8507,"بھوت چھِ اِکہٕ وٹہٕ منصوٗبہٕ بناوان زِ سُہ دِیہِ نہٕ أمِس پنُن مقصد حٲصِل کرنہٕ۔
"
8508,امہِ قٕسمٕہٕ چن  شاہراہن   چھِ ژوریا زیادٕ  لین  آسان  ۔
8509,ہیریرو چھ نمیبیا کس سکوٗلس تہٕ نمیبیا چہ یونیورسٹی منٛز ہاونہٕ یوان۔
8510,टीमुक अख खिलॉड हॆकि कमांडर बनिथ युस पत् बाक़ी टीम्स हेदायथ दियि. 
8511,گِسویل: گِسویل چھ سوٹزرلینڈ کس اوبلڈن کینٹنک اکھ بلدیہ۔
8512,یہِ چُھ پینکیک ، ٹھوُل ، ساسیج تہٕ مزید  پیش کران ۔
8513,سٹروُینسی آو 28 اپریل 1772 کوپن ہیگن کین  دروازن  نیبرٕ کنہِ قتل كرنہٕ ۔
8514,نژن وٲلۍ سند ڈیکہٕ  چھ ٹیکہٕ سۭتۍ نشان زد کرنہٕ یوان تہٕ مختلف گہنو سۭتۍ   یِتھ کٔنۍ الاکا (ہیڈ پیس یتھ پیٹھ ٹکا لٹکتھ چُھ آسان) سۭتۍ چُھ پٲراونہ یوان۔
8515,"یِم جِسمٲنی مرمتٕكہِ  طریقہٕ کار، یِم قۄدرٔتیوارِ وارٕ  گژھان چھِ، یِمن  کُنہِ تہِ قٕسمٕکہِ یلاجہِ سۭتہِ یا امہِ ورٲے گژھنُک امکان چھُ ۔
"
8516,قریبی منعقد کارپوریشنز چھ عوامی طور تجارت شدہ کارپوریشنز کہ مقابلہ کیٚنہہ مراعت حاصل۔
8517,سکمن چھ کیسِنو اڈن تہٕ آن لاین زار دۄشوٕنۍ فروغ دنہٕ وٲلس أکس نٔوس صنعتس منز تہ سرمایہ کٲری کرمژ۔
8518,سُہ چُھ  بطور  گیلیلیو گیلیلی سٗند  سرپرست، تمہِ سٗند لۄكچارٗك وۄستاد  بہتر پٲٹھِ  یاد کرنہٕ  یوان ۔
8519,کانٛگرٮ۪سن اوس  1996 تہٕ 2009 وس درمیان سپدن  والٮ۪ن عام انتِخابن منٛز پنٛنہِ ووٹ حِصہٕ منٛزٕ تقریٖباً 20 فیٖصد ووٹ راوروومّت ۔۔ 
8520,فرٛانٛس تہٕ برطانِیاہس درمِیان ٲسہِ  بین الاقوٲمی مُقابلہٕ باقٲعِدگی سان سپدان۔
8521,یہ ٲس 1857 چہِ ہندوستٲنۍ بغاوتہِ وِزِ تنازٕچ جاے  ییٚتہِ برطانوی فوجِکۍ 4 سپاہ  وکٹوریہ کرٛاسہٕ سۭتۍ نوازنہٕ آیہِ ۔
8522,سہ چھ زیادٕ تر برازیلی قومی ٹیمس سۭتۍ پنٛنہ کامیٲبی خٲطرٕ یاد یوان کرنہٕ۔
8523,میٲنس سٲتھی سنٛد استیفا تہٕ غیر حٲضری دیہ مے٘ ہٗشیار روزنک  احساس یٗتھ یہ بہٕ تنظیمس منز بطور ایچ آر سربراہ كٲم كرٕنۍ جٲری تھوٕ ۔ 
8524,"میرٹھس منٛز بغاوتکہ گۄڈنکہ پھوٹنہ پتہٕ دۄیہِ ریتۍ سمکھییہِ دۄشوے فوج کرنالس نزدیک۔
"
8525,ییٚلِہ شیڈول ڈرائیورو سۭتہِ بٔھرِتھ آسِہ تیٚلِہ تھٲویو٘ مٗقررٕ وقتس پیٹھ نظر۔
8526,"فیس آف ڈاٹ چھِ سینٹر لٲنہِ پیٹھ نشانہ زد کرنہٕ یِوان۔
"
8527,گوڈنٕکہ زٕ ٲسۍ بودھ جٹ ، تہٕ ٲخٕری زٕ ٲسۍ ہندو جٹ ۔
8528,انگریزۍ چھےٚ مختلف قومیت تہٕ آبادیٲتی گروپن منٛز اکہِ عام زبانہِ پٲٹھۍ بولنہٕ یِوان۔
8529,ایچ آی وی/ایڈز چھ بنیٲدی طور غٲر محفوظ جنسی تعلقاتو ذٔریعہٕ منتقٕل گژھان۔
8530,بِرگٕچ دولت چِھ سمپلون پاس کِہ وجہ سۭتۍ ۔
8531,اَمہِ سۭتہِ چھُ تازٕ سمندری آبُک تبادلہٕ کم گوٚومُت تہٕ چھٗن  سٲحلی جھیل  كم سو٘ن تہٕ موكٗر بنٛوٚومُت۔
8532,پرانہِ بیٲرِ كٲنی پیٹھہٕ كٕر كٕر آواز  چھےٚ تھٕر كنڈِس تٲر كھاران تہٕ خوف سٕتۍ ولان ۔ 
8533,"درحٔقیٖقت، چھ یہنٛد خانٛدرک تٲریٖخ امہ پتہٕ شیٚیہ دوٚہۍ مقرر کرنہٕ آمت۔
"
8534,برونہہ اوس یومہِ اطفال یكٗم جولاے مناونہٕ یوان ۔ 
8535,"تِم روٗدِۍ نیا دور عدالت کِس مقدمَس تام سَتن ؤرِین رِشتہٕ منٛز، یَتھ دوران کُمارن مدھوبالا تہٕ أمہِ سٕنٛدِس مٲلِس خٕلاف گوٲہی دِژ، تہٕ تِہنٛدِ تعلُقات ختم کٔرِتھ ۔
"
8536,یہٕ چھ امریکن کارٹون نیٹ ورکک لاطینی ورژن ۔
8537,مُلنکادکَمَس منٛز چھِ اکھ مستقل یادگار تعمیر کرنچ کوشِش یِوان کرنہٕ ییٚتہِ تمۍ سٕنز لاش ٲسٕکھ زٲجمٕژ، تہٕ  بییہ چھِ أمۍ سٕنٛدِس گَرَس نزدیک اکھ کُتُب خانہٕ تہٕ میوزیم تہِ کھۄلنٕچ کوشِش سپدان۔
8538,تس چھُ پی آٮٔی یس نش پتاہ لگان  ز ویز چھ اکھ مُسلمان۔
8539,جدید دورس منٛز استعمال گژھن والؠن عنوانن منٛز چھ واریاہ تغیرات۔
8540,گونڈو، اکھ واریٛاہ نایاب پھیلہٕ بیمٲرِچھِ نستہِ أنٛدِ پكہِ  حییت بدلاوان ۔
8541,"بلوٹارچنگ چھُ بیٛاکھ اکھ کھسنہٕ سۭتہِ پٲدٕ گژھَن وول اثر یُس بزات خۄد  کَنٮ۪ن مُتٲثِر کران چھُ ۔
"
8542,روز مۄیہ 6 نومبر 2021 انگلینڈس منٛز 92 وری وٲنسہ منز ۔
8543,آریہ سماج سکوٗل تہٕ مندِر چھِ تقریباً تمام بڈین شہرَن سۭتۍ سۭتۍ دیہٲتی علاقَن منٛز، خاص کٔرِتھ ہندوستان کِس شمالَس منٛز لبنہٕ یِوان۔
8544,बलगेरियन विकिपीडिया आव 6 दसम्बर 2003  बनावन्.      
8545,سہٗ اوس پتہٕ لاشہِ زالان تہِ تِم مٲر نزدیك دفناوان ۔ 
8546,ویسٹ نیل وایرس کہ انفیکشنٕٗك  تشخیص چھ عام طورخونہٕ کہِ  سیرمٗك  یا سیربروسپاینل فلیوُڈ (سی ایس ایف) کہ سیرولوجیک ٹیسٹ ذریعہ کرنہٕ یوان، یٗس کمرس گو٘د كرِتھ  حٲصل کرنہٕ  یوان چھُ  ۔
8547,"میہام، یَتھ مَہام تہِ ونٛنہٕ چُھ یِوان، چُھ ہِنٛدوستٲنۍ رِیاست ہریانہ کِہ روہتک ضِلعُک اَکھ لۄکُٹ شَہر۔
"
8548,وسطی امریکا ہٗک زیادٕ تر حصہٕ چھ کیریبیٲیی  پلیٹس پیٹھ درِتھ  ۔
8549,سدھارتھ رائے کپور تہٕ بیجوئے نمبیار سٕنٛز پروڈکشن، یہ فلم چھےٚ یو ٹی وی سپاٹ بوے سٕنٛز ٲخری پروڈکشن۔
8550,پوٗرٕ دۄہ  پتہٕ تہِ ہیٚکہ كار چلاونہِ خطرناک ٲستھ ۔
8551,جان ابراہیمس سٕتۍ شہرت یافتہٕ رِشتہٕ پتہٕ ، كور بسوٗیہ اداكار كرن سِنگھس سٕتۍ 2016 منز کھاندر ۔ 
8552,یہِ فِلِم روُز  باکس آفِسس   پیٹھ کامیاب گَژھنَس منٛز ناکام۔
8553,"ڈیولز آو بۄدوارِ راتھ كیوٗتھ  پیٹسبرگ پینگوئن سندِ سر گرم  آسنہٕ كِنہِ ،ایسٹرن  کانفرنسس منٛز بفیلو سیبرس پانٛژو پوائنٹن سۭتہِ پتھ كرِتھ كھیلس منز    ۔
"
8554,والنَٹ چھُ ایمریكاہس منٛز آیوواہُک اکھ شہر۔
8555,"پرٛیتھ ٹیٖمس منٛز چِھ زیادٕ کھۄتہٕ زیادٕ 11 کِھلٲڑۍ (مُتبٲدِل ورٲے) آسان، یِمو منٛزٕ اَکھ گول کیپر آسُن گَژھِہ ۔
"
8556,تٔمہِ ٲس مِس أرتھ 2013 ہَس منٛز نیپالٕچ نمٲیندگی کٔرمٕژ یٗس فلپائنَس منٛز مٗنعقد كرنہٕ آو ۔
8557,ریاست چھ راجیہ سبھایہ منٛز اکھ نمایندٕ سوزان۔
8558,تِم چِھنہٕ ؤنِہ تِہ سمجان زِ تِم کیازٕ چِھ لفظَن ہُند مطلب زاننہ ورٲے سانِہ کَتھہٕ دُہراوان ۔ 
8559,آدیس سپٕز پتہ نکی ہنز اصل زان،تہ یہ تہ  سۄ ٲس ٲسمٕژ آدی یَس اونی تہٕ رمن نہِ کھاندرٕ پیٹھے  وُچھان۔
8560,مےٚ چھ وٲنجہ شہجار پیوان ییٚلہ بہٕ أکس آبہ جۄیہ بٔٹھس پیٹھ بیہان چھس ییٚتین سرد ہوا چھ چلان تہٕ وشُن تاپھ چھم شانن پیٹھ پیوان۔
8561,یو پی ایف سی چھ ٹھوس ٹریک ریکارڈ واجنٮ۪ن  اکاین تہٕ سنگل ونڈو سکیمہ تحت نوٮ۪ن اکاین ورکنگ کیپٹل تہ فراہم کران۔
8562,"سمندری شین چُھ عام طور آرکٹِک کِس مقابلس منز انٹارکٹِکاہس نزدیک زیادٕہ علاقن پیٹھ محیط ۔
"
8563,"شاہن دِیوُت تس خطاب  میرزٕ راجہ  تہٕ تس آیہ  100,000 روپیہ مۄلٕكۍ  تحفہٕ دِنہٕ ۔ "
8564,وونہ گو٘ سکرپٹ پرنہٕ پتہٕ کٔر رحمانن سکور کرنس پیٹھ رضامندی ظٲہر۔
8565,کولمبیاہن کٔر 1970 تہ 1980 کین دہلین منٛز کامیٲبی بغٲر منصوبہٕ بحال کرنچ کوشش۔
8566,تٔمۍ کٔرۍ پننہِ پیشورانہٕ زِندگی منز 7000 بٲتھ صدابند ،یِم وارِیاہن زبانن تہٕ بولین منز ٲسۍ، یمن منز کونکنی، بھوج پُری ، اُڈِیا،  بنگٲلہِ، مرٲٹھۍ ، سِندھی ، کننڈ ، گُجرٲتہِ ، تامِل ،ماگھی، میتھلی بیترِ شٲمِل آسہٕ ۔
8567,یہ ڈرٛاما گوٚو سرکٲرۍ طور 30 جولایی 2016 لندن کس پیلس تھیٹرس منٛز شُروٗع۔
8568,وونہ گو٘ ، کے اے ایف ڈی آسہ نہٕ صرف اکھ مٲلی مرکز ۔
8569,کھلٲڑِ چِھ رول کِس نٔتیٖجس پٮ۪ٹھ شرط لگاوان ۔
8570,اگست 2016 ہَس تام پھٔہلیوٚو 50 کھۄتہٕ زِیٛادٕ مُلکن منٛز زیکا وایرس۔
8571,ہینٛدن ہنٛد خیال چھ ز ایشور بھگوان چھ یمن دیوتاہن تہٕ دیوِین ہندِ آکارٕ  پان ظٲہر کران۔
8572,واریاہس کالس دوُرِیرٕ پتہٕ، گوٚو یِمن 2011 ہس منٛز طلاق۔ یِہِنٛدِ  زِٹھہِ  نیٚچِوِ شرٛونن کٔر فِلِم کلیانمس منٛز پنٛنہِ اداکٲری ہِنٛز شُروٗعات۔ 
8573,مٲلی منصوُبہٕ لیکھنہٕ خٲطرٕ چھ تۄہہ گۄڈٕ اکھ واضح تصویر وٗچھنٕچ  ضٔروُرت زِ تٗہٗند مٲلِیات كتیتھ چھٗ وۄنہِ ۔ 
8574,"امہ علاوٕ، آو یوڈی یس سخٕت رائٹر بلاک دنہٕ، ییٚمہ سۭتۍ سہ کانٛہہ تہ کٲم پوٗرٕ کرنہٕ نش رکاونہٕ آو۔
"
8575,"تمن چِھ مخصوص اجزاء، یم امتزاجس منٛز مختلف قسمن ہنٛد وجود (108 کھوتہٕ زیادٕ) جنم ہیکن دتھ، یمہٕ سۭتۍ مختلف کمپوزیشنن مختلف تال آسنک اجازت چُھ دیوان۔
"
8576,"تٔمہِ کٔر شِکاگو بلیک ہاک المنائی ایسوسی ایشن کہِ طرفہٕ تہِ کٲم۔
"
8577,"پروگرام چِھ ذہنی بیمارین ہنٛد احاطہٕ کران یتھ منٛز شیزوفرینیا، ڈپریشن، بایپولر ڈس آرڈر بیترِ شٲمل چھ۔
"
8578,ہنگٲمی طور  حمل رٗكاوٗن  ہٮ۪کہ نہٕ جنسی طور منتقل   بیماریو  نِش بچٲوِتھ ۔
8579,۔ اپاٹو زاو 15دسمبر 1997 تس منٛز لاس بانوس، کیلیفورنیاہس منٛز۔
8580,"تمہِ كٕر پنٕنہِ ہایر سیكنڈری  ہنز تٲلیم  جودھ پوٗر پارک گرلز ہائی سکوٗلَس منٛز مُکمل ۔
"
8581,خیال تھٲیو زِ کھینہٕ تہٕ غیر کھینہٕ چیز یِن نہٕ أکۍسٕے بیگس منز تھونہٕ۔
8582,مغربی بنگال چہِ مِلہ لجہِ خام مالہٕ باپت مشرقی بنگالس پیٹھ کم دارمدار تھاونہِ۔
8583,سائمن ناوک دہشت گرد چھٗ جان میک کلینس مارٗن یژھان ۔
8584,"سۄ چھےٚ تمن خبردار کرنہٕ خٲطرٕ پنٛنس گامس منٛز واپس گژھان، ز اکھ جن چھ اُکن یوان۔
"
8585,مےٚ چھےٚ فکر ز سانٮ۪ن حریفین   نش ہیٚکن چیزن ہندِ وصیح دٲیرن ہندِ چیز ٲسِتھ ۔
8586,10 دسمبر آو أمہ سٕنٛز آخری رسومات لندن کس أکس لۄکٹس چیپلس منٛز کرنہٕ، ییٚمہ پتہٕ أمہ سنٛد تابوت آو جنوب مغربی لندن کس پٹنی ویل شمشانس منٛز ننہٕ۔
8587,"ورماہَن كٕر یارک یوٗنیورسٹی سٕنٛدِ شولچ سکوٗل آف بزنس پٮ۪ٹھٕ گرٛیجویشن تہٕ كرٕن  میڈیا انڈسٹری منٛز دٲخٕل گژھنہٕ برٛونٛہہ مارکیٹنگ منٛز پرٛاکٹر اینڈ گیمبل تہٕ باقٕٕیہ  فارچوٗن 500 کمپنیَن باپتھ کٲم ۔
"
8588,خبردار روٗزِو زِ سالانہٕ وظیفہٕ مولہِ ہینس سٕتہِ آسہِ  عموٗمَن برٛونٛہہ كٗن یِنہٕ واجینہِ لاگتھ شٲمَل ۔ 
8589,"آراز بُوڈاغوٗف اوس 7 دسمبر 1938ہس منز اگڈامس منز پیدٕ گٔمٕژ۔

"
8590,ییٚلہٕ زخم ظٲہر چھ گژھان ڈاکٹر ہؠکن ؤنتھ ز یہ چھ یاوز۔
8591,یہ بنیوو پروگرامس خٲطرٕ اکھ زبردست دھچکہٕ۔
8592,پتہٕ چِھ لنجِہ گامس منٛز اننہٕ یوان تہٕ میدنس منز باگ  رُونہٕ یِوان یتھ  گٲو گُہہ سۭتۍلِونہ یِوان تہٕ پوشَو سۭتۍ سجاونہٕ یِوان چھُ۔
8593,پراگَس منٛز چُھ وسطِی بوہیمین علاقک انتظٲمی ادارٕ تِہ۔
8594,"گۄڈٕنِکِس ہاف کِس آغازس سۭتۍ اوس نہٕ مختلف، دوٚیِم گوٚو کوینز لینڈ برٛونٛہہ پکنہٕ سۭتۍ شروع۔
"
8595,"سمٲجی کارکُن گورو گُلاٹی ین تٕہ دِژ نیشنَل کمیشَن فار وومینس عرضی یِہ مانان زِ   فِلمِہ منٛز چِھ ""زَنانَن خٲطرٕ توہین آمیز الفاظ "" یِمو٘ سٕتہِ   جِنسی کارکنَن ہنٛز "" شِناخت [چُھ] کم تر گژھان چھے٘“ ۔ "
8596,ٹونی کلف ناوک اکھ مفکر اوس یمن خیالاتن ہٕنٛدٮ۪و ساروٕے کھوتہٕ بڑٮ۪و حامیو منٛزٕ اکھ۔
8597,واریاہ گیت ٲسۍ ٹی وی شوو ستۍ متٲثر ۔
8598,مینانڈر نہ مرنہٕ پتہٕ گٔیے گو  تسُندسلطنت نوین  مملکتن تہ جمہورن منز  نمودار گژھنہ سۭتۍ  ہندوستانس اندر سیٹھاہ کم ۔
8599,سُہ آو پتہٕ ٹونڈایی یِچ موٗر زنٛگہِ ؤلِتھ بٔٹِھس پیٚٹھ  ییرٕ گژھِتھ ووتمٗت  لبنہٕ۔
8600,سمیر چھ پنٛنہ بیٚنہ ونان، یۄسہٕ پنٛنس خانٛدارس سمیرس ضمانتہٕ  خٲطرٕ سوزان چھےٚ۔
8601,باقٕی زٕ ٲسۍ آسٹریلیا کین باقٕی حصن پٮ۪ٹھ سڈنیک دورٕ کران۔
8602,افریقی لوٗکہٕ دٔلیٖلن منٛز چھ  ٹیچك لكڈ بگا  بطور  بدصوُرت تہٕ خوفزد جانور بیان کرنہٕ آمت۔
8603, رسم چُھ روحَن پنِنہِ پیش کشہٕ سۭتہِ مطمئن گژھنٕكہِ  درخواست سۭتہِ ختم گژھان، تہٕ یٔقیٖن دِوان زِ بیٛاکھ کوٗشش آسہِ بہتر۔
8604,ییتہِ فقط بدلن وول  رفتارٗك حد استمال سپدان چھٗ ، تتھ چھِ  کنٹرولڈ موٹر وے ونان ۔
8605,سوُدِ مٗرکب  چھ اصلی موٗلہٕ رقمس پیٹھ حساب کرنہٕ آمتہِ  سوٗدٕ علاوٕ  پٔتمین کھاتہٕ دورو  پیٹھ جمع سوٗدٕ  پیٹھہٕ حساب کرنہٕ آمٗت سوُد ۔
8606,امریکِی ین آیہ جلدیہ  امریکی تہٕ برطانوی دۄشونی ہنز كٗمك سوزنہٕ ۔
8607,یہِ مۄیہِ پرسنہٕ  پتہٕ فالج گَژھنہٕ سٕتہِ ، ییٚمہِ کہِ وجہ سۭتہِ تس  تٕرٛہن گٲنٛٹن ہِنٛدِ  پرسنٕكہِ عزابہٕ پتہٕ  سیٹھاہ خوُن ضایہ گو٘۔
8608,امیک گۄڈنیوک مطلب چھ یہ ز کارخانہٕ ہوٮ۪ن جاین آسہٕ عارضی رکاوٹ ۔
8609,"تِمَن آو انکار کَرنہٕ، جَجن ہُند وَنُن اوس زِ تِم ٲسۍ گۄڈے امہِ نِش صحیح پٲٹھۍ زٲنۍ یاب۔
"
8610,یہ ایکسپریس وے چھے٘  ملکٕچ  ساروی کھوتہٕ بٕڑ گرین فیلڈ ایکسپریس وے ییمہِ  لکھنؤ تہٕ آگرا ہس درمیان سفرٗک وقت 6 گٲنٹہٕ پیٹھٕہٕ 3.5 گٲنٹہٕ تام  کم کوٚر۔
8611,"اکانانورو تہٕ پُرانانورو چھِ سنگم دورَس منٛز نیزٕ، تلوار، ڈھال، کمان تہٕ سلمبمُک استعمال بیان کران۔
"
8612,یم لوکھ فہرست ورٲے خریدٲری چھ کران تمن منٛز چھ وُژھٕ خریداری ہنٛد شکار گژھنک خطرٕ زیادٕ آسان۔
8613,مُصنِف پِنٛچمن چُھ عظیٖم دیوی مہادیوی مانان، تہٕ وَنان  زِ ویشنو دیوی منٛز چھِ تمام طاقت تہٕ یہِ چھےٚ پوُرٕ تخلیقس سۭتہِ بطور مہادیوی وابسطہٕ۔
8614,گوٛڈنِچہِ  گیمہِ منٛز سرور  یا رسیور بننٕچہِ تہٕ طرفن ہنز  ژٲر  چھِ تیٲری ہندِ شروعات وِزِ تھر نانٗك كرِتھ  كرنہٕ یوان ۔ 
8615,تیم سٕندِس بہن سُوزن برگمینن کوٚر جنوری 2006ہس منز 48 وٕریو منز وفات۔
8616,کینیڈین پریریز کینیڈیٲیی مرگہٕ چٗھ کینیڈاہٗك اکھ علاقہٕ.
8617,"دۄن ڈاکٹرن ہنٛد ونن چھ ز یہ چھ اصل اگر اکھ زٔنۍ اکثر مٔنی نینٛگلاوان چھ۔
"
8618,ہیبو آیی ایف چھ ہیبو، سویڈنس منٛز اکھ سپورٹس کلب۔
8619,بہٕ اوسس سیٹھاہ مایوس ییلِہ بینک ملٲزمن سارنٕے برونٛہہ کنِہ مےٚ سۭتۍ تیزرٕ سان کتھ کٔر ییلِہ مےٚ تٔمس جلدی کرنہٕ خٲطرٕ ووٚن ۔
8620,تمہِ  کٔرِ سلطنتی دورٕکہِ زٕ اہم سِکہٕ، رۄپہٕ سندِ  ٹٲنٛکہِ  تہٕ تراموِ جِتل  مُتعٲرِف-یِمَن ہُنٛد درجہٕ بند  وزن 175 دانہٕ اوس ۔
8621,تاہم گرینن نیہ 5 مئی 2017 پنٕنہِ  نامزدگی واپس۔
8622,"यि छि बूत फिल्म्, विडियो गेम, कॉमिक त् मोसीक़ी पॆठ नज़र थावान.    "
8623,"اتھ تقریٖبہِ منٛز چھِ عموٗمَن ماجہِ، مٲلِس، باین تہٕ بیٚنٮ۪ن یا ماہراز سٕنٛدٮ۪ن باقٕیہ سرپرستَن ہندِ  شرکتٕچ ضروٗرت آسان۔
"
8624,"یہٕ چھ تقریبا 150,000 گاشہِ ورین ارٕ ورٕ ، نوری ورین پار ،كہكشاں کھۄتہٕ ہنا بو٘ڑ ۔"
8625,"وَہرٲژ اوٚبر چُھ اگست کِس ٲخرس تام شُمٲلی ہِنٛدُستان پیٚٹھٕ پتھ کھسُن شروع گَژھان۔ یہِ چھُ 5 اکتوبر تام ممبئی پیٹھ پتھ کھسان۔
"
8626,ییلہ یم بھکشو ڈنگ  چھ دِوان، تیوہارک دۄہ چھ دور دراز تہٕ نزدیکی علاقو  پیٹھٕ آمتین یاترین ہند، باپت یلہٕ گژھان۔ 
8627,اتھ متعلق چھ مختلف نظرِیہ زِ کریٹن کِتھہٕ کٔنہِ چھِ بنیمٕتہِ ۔
8628,سرکٲرۍ شعبن سۭتۍ سۭتۍ نجی شعبن، کمپنیہٕ، بینک تہٕ سکول، چھِ واکاتھان تہٕ سرگرمیَن منٛز حصہٕ نِنہٕ خٲطرٕ نصف ڈیوٹی دِتھ کھیلَن ہٕنٛدِس دۄہَس منٛز حصہٕ نِوان۔
8629,"تٔمس آو خٲرات خٲطرٕ پونٛسہٕ جمع کرنہٕ باپتھ اکھ گٮ۪ون محفل سجاونہٕ خٲطرٕ ونٛنہٕ۔
"
8630,تاہم، اگر تُہہِ  تہٕ تُہُنٛد شیٚریٖک دۄشوٕے واریاہ پونٛسہٕ زینان چھِ، تیٚلہِ ہیٚکہِ تۄہہ منٛزٕ کانٛہہ تہٕ امہِ قٕسمٕکہِ  اخراجات تقسیٖم کرنُک انتخاب کٔرِتھ ۔ 
8631,مینانڈر اول سٕنز رازدٲنی ٲس پنجاب کس سگالا ہس (موجودٕ سیال کوٹ) منز ۔
8632,تمۍ سٕنٛز واپسی فلم ٲس ستارن سۭتۍ بھرتھ تٲریٖخی مہاکاوی کرانتی یۄس ؤریہٕچ ساروٕے کھۄتہٕ بٔڑ کامیاب فلم ٲس۔
8633,اِنٹرجکشَنز چِھ تم لفاظ یِم عام گرامر کیٛن اصولن سۭتۍ ہشر چِھ نہٕ تھوان ۔
8634,زراعت تہٕ اتھ سۭتۍ وابستہٕ سرگرمین ہند شعبہٕ چھ ریاستٕچہ آمدنی  13.2 فیصد حصہٕ دوان۔
8635,کٮ۪نٛہہ اتھٕ پنج چھ فیشنہٕ باپتھ لاگنہٕ یوان تکیٛاز تم چھ سجان۔
8636,"پنُن ممبرشپ نمبر میلنہٕ پتہٕ گٔژِھو پنُن کارڈ رٹنہٕ خٲطرٕ کوسٹکو جایہِ پٮ۪ٹھ ۔
"
8637,عام طور چھ تمام ٹیکس ریٹرن 15 اپریل تام یوان دنہٕ ۔
8638,اسہ ٲس سیٹھاہ خوشی ییلہِ اکۍ ازٲنۍ   چیز مٔلۍ ہینہٕ وٲلۍ سُند مٗثبت ردِ عمل میُول یٗس پتو  اكھ سوشل میڈیا متاثر کروُن شخص درٛاو ۔ 
8639,"ہیملٹونین دٲیرٕ چھ اکھ ہیملٹونین وتھ، یس اکھ دٲیرٕ تہ چھ۔
"
8640,"کنگزَن میلیوٚو ڈکس پِک، مجموعی طور  12 ہِم۔
"
8641,یہٕ چُھ موگھم کہِ روایتی اندازس سٕتۍ دور۔
8642,تقریباً أکس رؠتہٕ پتہٕ 23 جولایی کوٚر تمو اگدھم پنٛنس اختیارس منٛز۔
8643,یم بٮ۪مٲرۍ ہیکہ بیکٹیریا، وایرس، فنگس یا پرجیوین ہٕنٛد وجہ سٕتۍ گٔژھتھ۔
8644,ہندی چہِ  24 گٲنٹہٕ ٹیلی ویجن نیوز چینلز چھے٘ این ڈی ٹی وی انڈیا، ڈی ڈی نیوز، زی نیوز، آج تک، نیوز 18 انڈیا، نیوز 18 اٗتر پردیش اٗتراکھنڈ تہٕ اے بی پی نیوز۔
8645,"سرکٲرِ کھیلَس منٛز چھِ ارداہ قٲیدٕ ، یِم بینڈی کٮ۪ن تمام سطحن پٮ۪ٹھ لاگو گژھنہٕ خٲطرٕ بناونہٕ  آمٕتہِ  چھِ ، حالانٛکہِ لو٘كٕٹین  ، تجرٗبہ کارن، یا زنانَن ہندین  ہِوین گر٘ٗپن خٲطرٕ چھِ کینٛژن  ترمیمن  ہٕٗنٛد  اِجازت۔
"
8646,1750 تام کوٚر ہندوستانَن دنیا کہ صنعتی پیداوارُک تقریباً 25% پٲدٕ۔
8647,تامل لُوکھ ٲسہِ فکر مند زِ سمٲجی اصلاح کِہِ ہِتہٕ   چُھ اکھ توٲریٖخی تہٕ بہترین نژن روایت شکار کرنہٕ یِوان۔
8648,یہٕ چھ یہٕ گۄڈٕ پانِیلِس گریکھ دِتھ گیسَس منٛز تبدیل کران۔
8649,شٹھراون والہِ روُدٕ چھِركاوٕكہِ حالات ، یِم شین  زاننہٕ یوان چھِ ،تھ سخت چونٛکہ ونٛنہٕ چھ یوان، ٲسہِ  المناک واقع ہکہِ  ساروی کھوتہٕ زیادٕ مٗمکِنہٕ وجہہ۔
8650,یہِ چھُ کرکٹ كِس  عالمی صورت حالَس متوٲضی ، ییٚتہِ بین الاقوٲمی کھیلس پیٹھ  تمام بٔڑٮ۪ن کرکٹ والین  مُلکَن منٛز گھریلو کھیلہٕ کھۄتہٕ زِیٛادٕ وصیح طور پكنہٕ یوان چھُ ۔ 
8651,یہِ مٔنٛدِر اوس راجہ ساحل ورمنَن پنِنہِ کورِ چمپاوتی ہندِس  یادس منٛز بنٛوٚومُت۔
8652,ذٲتی آمدنی ہنز بیاکھ اکھ عام پیمٲئش چھ اوسط گھریلو آمدنی ۔
8653,سو آیہ ہِندی، تامِل ، تیلگوٗ، كننڈ تہٕ مرٲٹھہِ فِلمن منز برونٹھ کُن ۔
8654,ہوُورس سندِ  مٗطٲبق چھٗ یہ نیٹ ورک پرٹزکر كٗمبٕچ  ملکیت ۔
8655,تٔمۍ گیوۍ لتا منگیشکر، منا ڈے، مہندرا کپور، گیتا دت، محمد رفیع، سلکشن پنڈت، ایس جانکی بیترِ سۭتۍ دوگانہ  تہِ۔
8656,اتھ لۄکٹس چرچس ٲسۍ چرچ آف سینٹ جان دی بیپٹسٹ ونان۔
8657,سوریانیلی پٮ۪ٹھٕ چھُ انائیرنگل ڈیم پوٗرٕ پٲٹھہِ بوزنہ  یِوان۔
8658,تالس سان یا تالہٕ روٚس ژھیٚنہِ مٕتِس وٕٹھس چھےٚ زٮ۪نہٕ وِزِ  سارِوٕیہ  کھۄتہٕ عام نۄقصہٕ کِس صورتسمنز درجہٕ بٔنٛدی کرنہٕ یِوان۔
8659,فلمہٕ منٛز ٲس شبنم تہٕ ندیم مرکزی کردارن منٛز اداکٲری کران۔
8660,أکس عجیب دلیٖلہٕ منٛز چُھ اکھ اداکار شٲمِل یس مرنہٕ پتہٕ اینمایہ سمکھیو و۔
8661,"تمو کوٚر اکتوبرس منٛز البم مکمل، تہٕ کوٚرکھ یہ مارچ 2008 ٹھس منٛز جٲری۔
"
8662,ہندوستانَس منٛز اوس ساروِی کھۄتہٕ زِیٛادٕ بٔڑِس پیمانَس پٮ۪ٹھ آبپاشی ہُنٛد نظام  وسطی دورَس منٛز سلطٲنی  حکمرانَو شروٗع کوٚرمُت۔
8663,ڈویلز ٲسۍ زٔمین تہٕ باقٕے جادادن ہٕنٛز حٮ۪فاظت یا یمن پٮ۪ٹھ قبضہٕ کرنہٕ خاطرٕ استعمال یوان کرنہٕ۔
8664,واریہن علاقن منٛز چِھ بالکل مختلف مائکرو کلائمیٹ آسان، یمہٕ سۭتۍ یہٕ دنیہِک ساروی کھوتہٕ زیادٕ موسمی طور  متنوع ملکن منٛز اکھ چُھ بنان۔
8665,ییمہِ وِزِ سُہ صدر اوس ، تمِس آو ٲسُک كینسر وُچھنہٕ ، تہٕ پانژن ورِین %15 بچنكۍ امكان وُچھنہٕ ۔
8666,یہ بوزن چھ پریشان کن ز کینٛہہ ناقد چھ ثبوت وچھنہٕ ورٲے تامل ناڈوٗ کین آثار قٔدیمن حقارت کران۔
8667,1950 تہٕ 1960 کین دٔہلین  منٛز پھہلوو ہلٹنن پنُن کارٕبار پوُرٕ دٗنیاہس منٛز ۔
8668,ہیپاٹِک ویسکولر بیمارِ تہِ چھ سنڈرومس منٛز ٹرنر سنڈروم کہِ وسیع تر ویسکولر تہٕ کارڈیک اثرات کس پہلو  طور وچھنہٕ یوان۔
8669,آینسٹاینن تہٕ تمہِ سندِ گرٗپن وو٘ن زِ ہیزن برگ گژھِ  دٗوبارٕ سونچٗن ۔
8670,حکوُمت ہیژن  کمزور گژھٕنہِ  تہٕ لیننس گیہِ زیادٕ یختیار میلٕنہِ  شروع ۔
8671,از چھ زینن والین خٲطرٕ واریاہ ٹرافی، نقد انعام، گریس مارکس وغیرہ۔
8672,ٹیمن گٗزور  کھیلن ہنزِ میزبٲنی برون٘ہہ  ہیٚچھنہٕ باپت  جرمنی منٛز تقریبن  اکھ ؤری ۔
8673,چیراناد تعلقک صدرِ مقام اوس ترورنگڈی قصبہٕ ۔
8674,یہ چھ لیمفاٹک نظام کٮ۪ن واریاہن قٕسمن ہٕنٛدؠن کینسرن منٛز اکھ۔
8675,کیٚرالہ رٮ۪وایت كین واریٛاہن فنی قٕسمن،  یِتھ کٔنہِ زَن کتھکلی موسیقی، موہنی اتم ، اکشراسلوکم بیترِ مِیوٗل گۄڈٕنِچہِ لَٹہِ کلولسومَس منٛز دٲخلہٕ۔
8676,سامبھا جی سٕنز حکومت آیہ زیادٕتر مراٹھا سلطنت تہٕ مغلن درمِیان چلونین جنگن ہندِ دسۍ تشکیل دِنٕہ،تہٕ بییہ تمو باقی ہمسایہ طاقتو دٕسۍ یِتھہٕ کٕنۍ زن سِدھی ،میسور تہٕ گواہس منز پُرتگٲلۍ ۔ 
8677,اچھن ہنز بیمٲرِ ہنز شدید ہیكون “ عٲنكھ نہٕ “ ناوٕ سٕتہِ درجہِ بند كرِتھ ۔ 
8678,"سٲدن ہٕنٛدٮ۪ن باقیاتن چھ مقدس آثار ونٛنہٕ یوان تہٕ چھ عموٗمن گرجا گرن منٛز استعمال یوان کرنہٕ۔
"
8679,کینژن ہیٚرمین کاشتکارن  پیٹھ چھُ آبُک بہاؤ   پھیرنُک الزام لگاونہٕ آمُت، ییٚمہِ سۭتۍ بۄن کُن آبٕچ کمی چھِ گژھان۔
8680,ییلہِ سوٗ آو  تمہِ وُچھ میسورٗك فوج بے٘ ترتیب تہٕ  تنخواہَس پٮ۪ٹھ  لگ بھگ بغاوت ۔
8681,سی آر پی  چھِ ہنگٲمی حالاتن منز كٲن٘سہِ شاہ ہینس منز مدتھ كرنہٕ باپت عام تكنیك ۔
8682,ہیرمس دچھنس کونس منٛز دبٲوِو زونز بٹن ۔
8683,بریکس وِل ، اوہائیو بریکس وِل چھٗ اوہائیو امریکا ہٗک اکھ شہر ۔
8684,ڈی ایس: تہٕ تو٘ہہِ كوتاہ كال ووت یہِ كران ایلیكس ؟
8685,कांह फंक्शन हेकि क्लोजर बनाविथ त् तथ वापस ति सूज़िथ।    
8686,"اکھ فوٗجی اہلکار گو  پٔتمس اکتوبرَس منٛز تَمہِ وِزِ ہلاک ییٚلہِ أکۍ افغان پولیس اہلکارَن پیدل گشتَس پٮ۪ٹھ ہینڈ گرنیڑ لگوٚو۔
"
8687,دریاو بحال کرنٕچہ چِھ کوٗششہ کرنہٕ یوان۔
8688,20 مہ صدی کس اپتداہس  منٛز بنیوو پرٛوویڈنس ریاستٗک وٲحد دارالحکوُمت۔
8689,مثالہ پٲٹھۍ، تُہۍ ہیٚکو وُچھتھ ز تُہۍ چھو کافی نیبرٕ اننس پیٹھ واریاہ پونٛسہٕ خرچاوان۔
8690,بیٚیہ أکہ داستانہ مطٲبق چھے٘ یہ سۄ راتھ ییٚلہ شوس تہٕ پاروتی خانٛدر گوٚو۔
8691,"ہندوستانَس منٛز تِہ چھِ واریاہ کَنہِ یِم نیم قۭمتی چھِ مثلاً زوئسائٹ، اپوفیلائٹ، کیوانسائٹ، مسکووائٹ میکا، المنڈین بیترِ۔
"
8692,"یہِ اوس جے رامَس سۭتۍ فِلم اچیانَس منز تہِ آمُت وچھنہٕ۔
"
8693,اردو تہٕ امہ چہ بولۍ دکھنی چھ زیادٕ تر ریاستٕچ مسلمان آبٲدی بولان۔
8694,1985تھس  منٛز آو آیہِ اے اے ایف ڈیکاتھلونک سکورنگ ٹیبل بدلاونہٕ ۔
8695,ریاستہٕ کٮ۪ن قٲبلہِ ذکِرمٗفكِرن   ، یمو اتھ جگرٲفیٲیی خطس منٛز کٲم کٔر یا مٗتعالہٕ كو٘ر ، منٛز ٲسہِ  ہری ونش راے بچن، موتی لال نہرو، ہریش چندر تہٕ اندرا گاندھی شٲمِل ۔ 
8696,تِمَو چھِ حالٕے  رے ٹی وِی یَس پیٹھ اکھ پرائم ٹائم اطالوی ٹیلی وجن سیریز، ان میڈیکو ان فیمگلیہ ہَس منز کٲم کٔرمٕژ۔
8697,کلپہِ منز آو مٗجٲہدن س منٛز آو مججاہدینن  کھٮ۪نس منٛز زہر رلاونہٕ، ٹرک استعمال کرنہٕ یا کم از کم ریل گٲڑِ پٹرِ پیٹھہٕ  والٕنہِ ہی مٗختلِف طریقہٕ استمال كرنہٕ باپت وننہٕ ۔
8698,"یہِ چھُ اسلام کوٹ تہٕ نگر پارکرَس درمیان گوری گامَس منٛز۔
"
8699,کیٚنٛہہ  ماہرین چھِ سونچان زِ  مابعد جدیدیت چھےٚ وۄنہِ ختم گٔمٕژ، خاصكرِتھ ادبس منٛز۔
8700,بینک چھِ تۄہہِ حوصلہٕ اَفزٲیی کرنہٕ خٲطرٕ اَکثَر محدود وقتَس تام تعارفی شرح پیش کران۔
8701,"مثلن، فرض کٔرو ز تہۍ چھو أکس بچت اکاؤنٹس منٛز 10,000 $ سرمایہ کٲری کران یتھ منٛز 2.5 % سوٗد چھ، سہ ماہی مرکب۔"
8702,حسن نظامی  چھٗ جالورس خلاف اکھ غٲر تٲریخ شدہ مُہمہِ ہٖند حوالہٕ دِوان ، یوٚسہٕ شاید آرام  شاہس پیٹھ تمِسندِ  فتح پتہٕ واقع سپزمٕژ آسِہے ۔
8703,اکھ متبادل نظریہٕ چھ تجویز کران ز بیمار ہنٛز علامتہٕ ہیكن اندرمس اندٕ اندٕ خلیین پیٹھ ہائیڈروجن سلفایڈ کہِ  زہریلہٕ  اثراتو سۭتہِ  گژھِتھ ۔ 
8704,سُہ اوس 1993 پیٹھہٕ 2001 کِس تام  امریکیہ ہُک 42 ہِم صدر۔
8705,ییٚلہِ تان  بندش  کٮ۪ن حرفَن منٛز گٮ۪ونہٕ چھِ یِوان یِمَن چھٗ بول تان ونان۔
8706,حکام چھ ماملس  متعلق کانٛہہ تہ زانٛکٲری جٲری کرنس منٛز احتیاط ورتاوان، تہ کیٛاز امہ سۭتہِ ہیٚکن تحقیقات تہٕ مِس سوزایہ ہنز زندگی دۄشوے خطرس منٛزپیتھ ۔
8707,زبردست! بہٕ ہیكہٕ نہٕ پنٗن سبق جٲری تھونس پر٘ٲرِتھ ۔
8708,نِشا چھےٚ پتہٕ وُچھان زِ روشنی چھےٚ گَھرس منٛز پھٔسِتھ تِکیٛازِ روشنی چھے٘   خُفیہ کمرَس منٛز پایپَن پٮ۪ٹھ ٹھِك ٹھِك كرِتھ ہیكان ۔ 
8709,یاد تھٲیو زِ تمام ترتیب دِنہٕ وٲلۍ الگورتھم ہٮ۪کن نہٕ تمام صورتن منٛز لاگو گٔژِھتھ۔
8710,ڈی فرانکو گٗزریو 91 وریہہ  وٲنٛسہ منٛز پاناما سٹی ، فلوریڈاہس منٛز ۔
8711,تِتھہِ وقت تِہ آسن ییلِہِ تۄہِہ ڈیبِٹ یا کریڈٹ کارڈ استعمال کرنٕچ ضرورت پییِہ۔ 
8712,تاہم ،لوٚڑ نہٕ راجگوپالچارین الیٚکشن تہٕ پرکاسم گوٚو منتخب۔
8713,"مُتٲثِر گَژھن والیٚن لُکن ہِنٛدِ تعدادُک تخمینہٕ  اوس 211 فی 100,000 یا 104,000 منٛز۔
"
8714,درۍ  چٹانہ تہہ چھِ پشوپتی ناتھ مندرَس سۭتۍ واریاہَن جایَن پیٹھ بہاؤ رُکاوان۔
8715,شکاگو کَرِ وۄنۍ ستمبر 2007 تس منٛز بین الاقوٲمی اولمپک کمیٹی  بوُلہِ دٲخل ، تہٕ میزبان شہر  یِیہِ2 اکتوبر 2009  ژارنہٕ۔
8716,اگھوری قلعہٕ اوس کھیاروالا خاندان تہٕ چندیل خاندانُک رہٲیشی محل خانہٕ۔
8717,یہِ بٲتھ بَنیوو مِیناج سُند دویِم یو ایس نمبر وَن۔
8718,سۄ چِھ ونان زِ سکینٛگ چِھ أمس آزٲدی تہٕ رفتارُک احساس دِوان ۔
8719,2002 سَس منٛز آو أمِس وایی ڈبلیو سی اے وومین آف اچیومینٹ ایوارڈ دِنہٕ۔
8720,مغل شہنشاہ محمد شاہ اوس موسیقی، شاعری تہٕ مصوری ہُند بیاکھ اکھ عظیم سرپرست، یُس تِمَو فارسی شہنشاہ نادر شاہ سٕنٛد ہندوستانس پیٹھ حملہٕ پتہٕ تہِ جٲری تھوٚو۔
8721,اتھ ٹیسٹس منٛز چھٗ سیرم خاص اینٹیجنن سۭتہِ  سالمونیلا کس ڈیڈ بیکٹیریل سسپنشنس سۭتہِ  ملاونہٕ یوان۔
8722,تقریباً پرٛیتھ اینیمے ہٕنٛدۍ مجسمہٕ چھ لبنہٕ یوان۔
8723,ڈاکٹر مان تہٕ بھارتی چھ كٗمبس  ونان ز یہ ٲس سمیر سنٛد اصلی رنگ ہاونہٕ خٲطرٕ اکھ عمل تہٕ یہ ز گارگی چھےٚ وۄنہِ  محفوُظ ۔
8724,"اے ٹی ایٚف  مُطٲبِق,كو٘ر  ڈینٛگ وینٛگن جمٲژ ہُنٛد “عملی  منصوٗبہٕ“ کاغزس پیٚٹھ، رقم ، یَتھ منٛز  لاووسَس انٛدر سرکٲرِ عمارتہٕ وٗڈاونٗك  تہٕ سرکٲرِ اہلکار قتل کرنٕچہِ سٲزِشہِ ہُنٛد خُلاصہٕ اوس ۔

"
8725,تاہم، حٮ۪فاظتی خدشاتن ہٕنٛد وجہ سۭتۍ چھنہٕ فینازوپیریڈاین وٕنہ عام طور پٲٹھۍ تجویز یوان کرنہٕ۔
8726,ایچ ٹی ایم ایل 5 ویڈیو تہٕ آڈیو ٹیگو خٲطرٕ تہ آو حیمایتٗک وعدٕ تہِ  کرنہٕ ۔
8727,مےٚ چھ یہ تیتھ خوفناک باسان ز کتھ کٔنۍ چھ کینٛہہ ایونٹ منیجر اسہ کم یا نہٕ منسوخی تہٕ رقم واپسی ہنٛزو پالیسیو سۭتۍ متعلق سودہن منٛز پھساونٕچ کوشش کران۔
8728,"اَمہِ سۭتۍ ہیٚکہِ شاہ بند گژھنٗك  خطرٕ پٲدٕ گٔژھِتھ تہٕ ہیٚکہِ ہاضمہٕ نالہِ زخم تِہ دِتھ ییٚمہِ كِنہِ  آپریشن كرٗن پیہِ ۔
"
8729,ہندوستانچہ ثقافتہٕ، لوکن تہٕ قبٲیلن ہنٛد تنوع چھ ملکس منٛز کھیلن ہنٛدٮ۪ن مختلف شعبن منٛز ظٲہر گژھان۔
8730,"बिल गेट्स, स्टीव बालमर, त् जो बेलफिओर'न कोर एलान।   "
8731,مس ٹنک پوُر حاظر ہو (ترجمہٕ۔ مس ٹنک پور،گژھ،ن حٲضِر ) چھےٚ 2015 ہٕچ ہنٛدستٲنہ سیٲسی طنزیہ فلم ییٚمیٖک ہدایت کار وِنوُد کاپری چُھ ۔
8732,قومی شاہراہ 52 چُھ جَے پوٗرس کوٹاہس ستہِ رَلاوان تہٕ قومی شاہراہ 21 چُھ جَے پوٗرس آگراہس ستہِ  رَلاوان۔
8733,بیٛاکھ اکھ آیہ 1920 ہس منٛز نٲفذ کرنہٕ، مگر آیرش بغاوت کہ وجہ سۭتۍ گٔیہ یہ ناکام۔
8734,تشخیٖص چھ عموٗمن علاماتن تہٕ خوٗن کین تجزین  پیٹھ مبنی آسان۔
8735,بین الاقوٲمی سطحس پیٹھ  جُدا سپدنک اِمکانُ آسنہ کِنیۍ گۄڈے نازُک پٲکِستٲنی معیشت وارَے کمزوٗر۔
8736,"کینٛژن  رسمن منٛز چھِ توٚمُل یا باقی اناج، بیٲلہِ تہٕ خمیرشٲمِل آسان ۔
"
8737,کیرالہ ہُک سیٹھاہ اہم  عیسٲیِی زائرینَن ہِنٛدیو مرکزَو منٛز اکھ ، یہِ مُقدس زیارت چھِ نَہ صرف کیرالہ كین  بلکہِ ہمسایہِ ریاستَو پٮ۪ٹھٕ تہِ بڈِس  تعدادَس منٛز عقیدت مندَن پانَس کُن متوجہِ کران۔
8738,تہنٛز ذمہٕ دأری ہنٛد اکھ حصہٕ چھٗ اِنڈِپینڈینٹ كونٹریكٹرایگریمینٹ  (آیی سی اے) پرٗن تہٕ سمجٗن  یٗس خاص طور کمپنیسٕتہِ  رجسٹریشن وِزِ  ضٔروُری چھٗ ۔
8739,سارناتھ گژہنہٕ باپت سفرس  دوران  پیوٚو گوتم بُدھس گنگٕایہ اپور ترُن ۔
8740,داردِک چُھ اکھ جغرافیائی جٗملہٕ  ، نہٕ کہ نسلی یا لِسٲنی ۔
8741,حسنیا چِھ عربی بوٗلۍ یۄس پوٗرٕ ملکس منٛز بٔڑس پیمانس پٮ۪ٹھ بولنہٕ چھےٚ یوان۔
8742,شعلے چھے٘ دۄن ڪتابن تہٕ واریاہن مضٲمینن ہنٛد موضوع۔
8743,یہِ کمپٔنی آیہِ واریاہن ؤرۍیَن انٛدر کٔہِیاہ لۄکچن ریل کمپٔنِیَن ہٕنٛدِ اِنضمامہٕ رٔنٛگۍ بناونہٕ ـ 
8744,عراقن کٔر ترٛووُہِہِ   منٹہِ  پتہٕ برتری حٲصل ییٚلہ مِڈ فیلڈر نشات اکرمن گول کوٚر۔
8745,گورکھا پادشٲہی کرِ واریاہ ریاستہٕ فتح تہٕ  آیہ 1768منٛز  نیپالس منٛز اقتدارس منٛز۔
8746,حالیہ ورین منٛز ، چھ نارتھ ویسٹرن 2005 پیٹھٕہٕ 2009 تام قومی چیمپین شپ زینتھ اکھ طاقت  بنیومٗت۔
8747, رِیاست مغرِبی بنٛگالس منٛز چُھ یتھ دۄہس جھوٗلن پُرنیما تہِ ونٛنہٕ یِوان۔
8748,"مینیچیٹی گزریو 56 وہر 8 جولایی 2007 تس منٛز کولوریکٹل کینسر سۭتۍ۔
"
8749, 26 کِس اِشاریہس پیٹھ مزُورۍ ہنٛز کارکردگی چھ 25 کِہ قومی اوسط کھوتہٕ زیادٕ۔ 
8750,یہ طریقہٕ چھ تمام جانورن تہٕ باقٕے جاندارن ہنٛد خٲطرٕ صحیٖح۔
8751,ڈونےگَل چُھ جمہوریہ آئرلینڈ کِس کاؤنٹی ڈونےگَلس منٛز اکھ شہر ۔
8752,وکٹوریہ سٹیٹ لایبریری منٛز چھ مجرم ریلوے ہنٛد نقشہٕ۔
8753,فیروز شاہ کوٹلہ چُھ فیروز شاہ کوٹلہ کرکٹ سٹیڈیَمَس لَرِ ۔
8754,"اپوپلیکسی، یونٲنی لفظ پیٹھہٕ یمیوک مطلب چُھ 'تشددٕ سۭتۍ مارنہٕ'، گوڑنک لٹہٕ آو یہٕ رجحان بیان کرنہٕ خاطرٕ ہپوکریٹک تحریرن منٛز نوٚن ۔
"
8755,کینژن زنانن منٛز ہیٚکہ جنسی تعلقاتو پتہٕ تہ زال ژھٮ۪نٛنے روٗزتھ۔
8756,"کنجکٹیول ورمس چھِ ""ایکٹیو ٹریکوما"" ونان تہٕ چھٗ عام طور شٗرین، خاص کٔرتھ پری سکوُل شٗرین منٛز وٗچھنہٕ یوان ۔"
8757,ملیالم، ہندستان چن کلاسیکی زبانن منٛز اکھ ، چھےٚ کیرالہ ہٕچ سرکٲری زبان۔
8758,تمن چھ بییہ کنہ جایہ گرٕ ژھانڈنہٕ خٲطرٕ حوصلہٕ افضٲیی یوان کرنہٕ ۔
8759,شَمس الدیٖن اِلتُتمِش اوس مملوٗک بادشاہَو منٛزٕ ترٛیٚیِم ییٚمِہِ  شُمٲلی ہِنٛدُستان کیٚن سٲبقہٕ ​​غور علاقن پیٚٹھ حُکوٗمت کٔر۔
8760,"اوورسیز، او ایم جی-اوہ مائی گاڈ! کٔر 10 ہن دۄہن منٛز 25 لاکھ امریکی ڈالر کمٲئی۔
۔"
8761,گوگل یا ای بے یس پٮ۪ٹھ گژھِتھ   وُچھِو  زِ یہِ كٲتِس آسہِ بییِس جایہ پرچوُنس منز ۔ 
8762,आइकन छि कमप्यूटरस पॆठ वारियाहन जायन इसतेमाल गछान.  
8763,تُہۍ ہیٚکِو کُنہِ مخصوٗص چیٖزس مُتعلق مزیٖد زانٛکٲری حٲصِل کٔرِتھ یا فٲصلہٕ کٔرِتھ زِ تۄہہِ چھےٚ نہٕ پتہٕ امِچ ضرورت۔
8764,"وُنیُک تامک ساروٕے کھۄتہٕ بوٚڑ پرندٕہ آسِہے مڈغاسکرٕکۍ ہسۍ پرِندٕ۔
"
8765,"ییٚلہ ایجنسی پٮ۪ٹھ أمۍ سٕنٛدۍ یار أمۍ سٕنٛدۍ نو محبتٕچ دلچسپی وٕچھان چھ، تم چھ مالس منٛز نینایہ ہنٛد پرس ژوٗر نوان ییٚتہ وۄنۍ ستبیر کٲم کران چھ۔
"
8766,یہ چھٗ حٲدِشٲتی طور  پتھ تر٘اونہٕ آمٕتہِ  ریشہِ پیٹھہٕ  انفیکشن نش بچاو باپت ۔
8767,امیوٗک مطلب چھٗ لاؤڈا ایئرک مٗکمل غٲب گژھٗن ۔
8768,فلمہِ منٛز چُھ بروٗن سوبتی [2] تہٕ شہناز ٹریجری  والا بطور مرکزی جوُرِ ۔
8769,یہِ چھٗ ویٹرنری ہندین خوُن چنہٕ والین جراشیمن ہٗند یلاج كرنہٕ باپت  دواہن منٛز  قٲیم ۔
8770,کونسلٕکۍ ارکان چھ اونٹاریو کس لیفٹیننٹ گورنر سٕنٛد ذٔریعہٕ مقرر کرنہٕ یوان۔
8771,"ییلہِ آرنلڈ 1473 تھس منٛز گُزریٚوو، ڈِیوک چارلِسن کوٚر پننِس برگنڈین نیدرلینڈس منٛز گیلڈرز شٲمل۔
"
8772,امیت ساہنی، ییٚمۍ سنٛد کردار ویر داسن ادا کوٚر، چھ اکھ جوان تہٕ عجیب انویسٹمنٹ بینٛکر، یس پنٛنٮ۪ن خوابن ہٕنٛز زنان، اصلاح-پنٛنہ فہرستٕچ زنانہ ژھانٛڈان چھ۔
8773,"اَمہِ پتہٕ کٔر أمۍ کرینہ کپوٗر تہٕ وویک اوبرائے یَس سۭتۍ ڈرامٲئی تھرلر فِلم قُربانَس منٛز کٲم۔
"
8774,ییٚلہ توہہِ نیران چھوٕ، تو٘ہہِ  کیٛاہ چھِوٕ تِمن ونان؟
8775,یہ دٔریاو چھ بٔڑس کولمبیا دٔریاوک اکھ لۄکُٹ  دٔریاو ۔
8776,"مٲدان کہ امہ حصہٕ کہ نارٕ سۭتۍ آیہ ڈویژنٕچ پیش قدمی رکاونہٕ، یس نواب سٕنٛد باقٕے فوجہ نش ژٔٹتھ روٗد۔
"
8777,مُتبٲدِل  پیپٹ تھونکنیا ہن کٕرِ  دۄنوے گول، ٲٹھن منٹن ہندِس وقفس پیٹھ ،  دۄشوے  تھایی لینڈ کِس  سٲتھی مٗتبٲدِل ٹیریٹپ ونوتھایی سٕندِ ترتیب  سٕتہِ ۔
8778,"گراہم چھ 2021 پٮ۪ٹھٕ قانون سٲزی تہٕ کانگریشنل افییرز خٲطرٕ اسسٹنٹ سیکرٹری آف ایجوکیشن روٗدمت۔
"
8779, ہندوستانس منٛز2-3 دسمبر 1984  سپدن واجنہ بھوپال آفتس پیٹھ مبنی، فلمی اداکار ٲسہِ مارٹن شین، مسچا برٹن، کال پین، راجپال یادو، تنشتا چٹرجی تہٕ فاگٗن ٹھکرار۔
8780,"تالس چھِ تمہِ وِزِ چٲكہِ گژھان 
 ییلہِ تال نستہِ  كٗن یلہٕ آسہِ ۔"
8781,1918 ہس منٛز بنیو سُہ مٗمبیِہ ہٕندِس سڈنیھم کالج آف کامرس اینڈ اکنامکسس منٛز سیٲسی معٲشیَتُک پروفیسر۔
8782,"تِم گیۍ 1875 منز وارانسی منز ستیارت پرکاش (""پزرُک گاش"") کہِ عنوانہ شایع۔"
8783,آن لائن یا قونوُنی کتابن منٛز چھ پرامزری نوٹن ہٕنٛدِ نموُنہٕ آسان۔
8784,یہِ کٔرِو کم از کم ترٛٮ۪ن رٮ۪تَن تام کُنہِ  طریقٗک تعیٗن کرنہٕ خٲطرٕ۔
8785,1937 منز مُود ناراینس مول تہٕ سوُ گو میسور حکوُمت طرفہٕ کمشن رٹنس پیٹھ مجبور، تکیازِ تس اوس نہٕ پٲنسہٕ ۔
8786,کچی پٗڈی بنیوو زیادٕ پاہن بطور  کرشنَس پیٹھ مبنی ویشنو مت ریواج ، تہٕ یِہ چُھ تھانجاوُرس منٛز بھگوت میلہ  ناوٕ زاننہٕ یِوان ۔
8787,"جٲیزٕ نِگار شیپو موکوینا سٕنٛدِ مطٲبِق چھِ تمہِ سندِ  بٲتھ محبَت تہٕ سٲتِھیَ آسنس متعلق ۔
"
8788,ڈبلیو این وی انفیکشن کٮ۪ن عام نتیجن منٛز چھٗ لیمفوسیٹک پلیوسیٹوسس، پروٹینچ تھٕز  سطح، حوالچ  گلوُکوز تہٕ لیکٹک ایسڈچ سطح، تہٕ  ایرتھروسایٹس  نہٕ آسٕنہِ شٲمِل ۔
8789,اَنڈر نیٹ: اَنڈر نیٹ چُھ اکھ انٹرنیٹ ریلے چیٹ نیٹ ورک یُس 1992 تھس منٛز  بناونہٕ آو ۔
8790,وونہ گو٘ جاپانس آو اتھ میچس منز 0-9 سٕکورٕ سٕتۍ شکست دنہٕ ۔
8791,خیال اوس شُرین آرکیسٹراہَس منٛز موسیقی ہٕنٛدین مختلف آلاتَن ہُند تعارُف کرناوُن۔
8792,"یُس 10 پٮ۪ٹھہٕ %15 تو٘ہہِ  پرٛٮ۪تھ رٮ۪تہٕ پنٛنہِ تنخواہ منٛزٕ بچت خٲطرٕ کڑان چھِو ہیٚکِہ یَتھ کھاتس منٛز گٔژِھتھ ۔
"
8793,مالواہس پیٹھ ٲس ٲٹھِمہ صدی ہٕنٛدِ ٲخرٕ پیٹھٕ دٔہمہ صدی تام جنوبی ہندوستٲنۍ راشٹرکوٹ خاندانن حکومت کٔرمٕژ۔
8794,मजीद तफ्सीलातव बापथ वुछिव  मेहरबॉनी करिथ  इनफरॉदी चीज़न हिंदि सफ़्.
8795,باقی ہندوستانس مقابلہ چھےٚ کیرالہس  منز نسبتاً کم فرقہ واریت نظرِ گژھان۔
8796,اگر توہہِ  سونٛچِو زِ توٚہہِ  ہیٚکو پنٗن قرضہٕ  12ہہِ  پٮ۪ٹھٕ 18 ہن ریتن منٛز ادا کٔرِتھ ، یہ ہیٚکہ اکھ اصٕل مٗبٲدِل  ٲسِتھ ۔
8797,"الاباماہَس منٛز آو اکھ نیوکلیر پاور پلانٹ بنٛد کرنہٕ ییٚلہِ أمۍ پننٮ۪ن ترٛٮ۪ن یونٹَن نِش بجلی ختم گٔیہِ، یُس پلانٹ کِس حفٲظتی نظامُک آپریشن اوس۔
"
8798,"مہودی جین مندر چھُ گجرات کِہ گاندھی نگر ضلعہٕ کِس مانسا تعلقہٕ کِس مہودی قصبس منٛز واقع۔
"
8799,كٗل ہِند كانگرس كمیٹی ہندیو 705 ممبرو مَنٛز تٕرِ446  اندرایہِ ہندِس طرفس كٗن ۔
8800,کینژن مثالن منٛز چھ کوبی بڑٕ ماز، ماتسوساکا بڑٕ ماز، تہٕ اومی بڑٕ ماز شٲمل۔
8801,دریودھنن تہٕ تمۍ سٕنٛدۍ پیٚتٕر شکونی ین کٔر بھیمس واریاہ لٹہ مارنٕچ کوشش۔
8802,"وۄنٛہِ گوٚو، تٔمہِ کوٚر یہِ  اِنکِشاف تہِ زِ یِتھہٕ کٔنہِ دت ""جِسم وٗصعتوار كرنٕچہِ علامٕژ ہنز ترجٗمٲنی كران چھُ  تہٕ اگر مےٚ پردس پٮ۪ٹھ تمہِ  سُنٛد کِردار ادا کرُن چُھ تیٚلہِ اوس وٗصعتوار جَسٕم ضروُری""۔"
8803,سخٕت پٕرٛژھہٕ گٲر کرنہٕ پتہ گیہ سومیاجُلوٗہس امہِ افرا تفری ہِنٛز زانٛکٲری تہٕ توٚرٗس فِکرِ زِ ڈَبہٕ گَژھِ نِتِن سٕندِس ڈاکٹرس  نِش آسُن۔
8804,"1961 منٛز اوس اصلی پروجیکٹَس منٛز مغربی ہندوستانَس منٛز 100 ملین $ لاگتہٕ سۭتۍ تقریباً زٕ ملین ایکڑ (8,100 مربع کِلومیٹر) آبپٲشی ہُنٛد تصور کرنہٕ آمُت۔"
8805,اوسمنڈن کٔر ڈارٹماؤتھ کالج تہٕ یونیورسٹی آف کیلیفورنیا ، لاس اینجلس منز تعلیم حٲصل ۔
8806,"ہیگواینَن کوٚر 8 مِس منٹَس منٛز میسی سٕنٛدِ مدتہٕ سۭتہِ  سکورُک آغاض ۔
"
8807,2014  منز آو ہارٹ انٹرنیٹ ہال آف فیمس منز شٲمل کرنہٕ ۔
8808,ییلہِ یہِ گۄڈٕ  بناونہٕ آو ، یہٕ اوس شہرٕ پیٹھہٕ  ہنا دوُر۔
8809,ییٚلہ مےٚ وچھ ز میانِس كھاتس منز بقایہِ جات اوسكھاتس باپت مٗقرر حد كھوتہٕ كم  مے٘ ہیوتٖن  تشویش گژھٗن ۔
8810,1787 منز ، سپُد جودھ پور پیٹھہٕ وجے سنگھُن  سفارت خانہٕ مُغل شہنشاہ شاہ عالم دویمس برونہہ كٕنہِ پیش ، ییمۍ  خراج عقیدت تہٕ  اجمیر قلعچہِ سونہری كُنز پیش کٔر ۔
8811,لداخس منٛز قراقرم سِلسِلہٕ چُھنہٕ تیوٗت بو٘ڈ یوٗت بلتِستانس منٛز چُھ۔
8812,اسمبلی چھےٚ قانون ساز اسمبلی (ایم ایل اے) کین 60  رکنن سۭتۍ یک ایوان۔
8813,زیادٕ تر چھ نستہ پٮ۪ٹھٕ پٔتمس انٛدس تام آسان، تہٕ نر مٲنہٕ چھ زیچھ آسان۔
8814,2016 تام چھ ایس اے ٹی اے معیارٕک پانژھ مختلف ترمیمہٕ۔
8815,1380 کس دٔہلس تہٕ 1510 کس دٔہلہ کس شروعاتس درمیان کٔر واریاہ اسلٲمی مشنٔریو اسلامٕچ تبلیغ تہٕ کورکھ لداخ کٮ۪ن لوٗکن مذہب تبدیل۔
8816,اکھ پیشورانہٕ لیگ، لیگا ڈی فٹ بال امریکانو پروفیشنل (ایل ایف اے)، آیہ2016 ہس منٛز قٲیم کرنہٕ۔
8817,فلمہ میٛلییہ تنقیٖد نگارن ہٕنٛد طرفہٕ سٮ۪ٹھاہ خراب جٲیزٕ۔
8818,"شٲہی ریاست تھیرووِتھمکور یا ٹراوِنکور كہِ  شٲہی رِیاستن ٗوچھِ   شٔدیٖد درٛاگ ۔
"
8819,دٔستِیاب ثوٚبوتَن ہٕندس بُنیادَس پیٹھ ہیکو نہٕ سِمٗکا سُند تٲریخ یقینی طور بیان کٔرِتھ ۔
8820,1980 کِس دہلِس  منٛز،  گو٘ گۄڈٕنِچہِ لٹہِ  جننیاتی ہرپس تہٕ پتہٕ ایڈس  عوٲمی شعورس منٛز بطور جنسی طور منتقل گژھن واجنین بیمارین  ہٕنٛدِ ظٲہِر یِم نہٕ  جدید دواہو٘  سۭتہِ بلراونہٕ ہیچہِ یِتھ ۔ 
8821,"تٔمۍ کٔر 800 میٹر ریسَس منٛز تہِ ریس تہٕ سیمی فائنلس منٛز روٗز 6 نمبر۔
"
8822,کٮ۪نٛہہ ایس ٹی آیی، یتھ کٔنہِ  زن اٮ۪چ آیی وی ہیٚکہ ماجہ پٮ۪ٹھٕ بچس منٛز یا  حملس دوران نتہٕ  دۄد چاونس دوران منتقل گٔژھتھ۔
8823,فرایجین ٹوُپہِ چھ نیزس پیٹھہٕ كٕنہِ  آسان ۔
8824,سہٕ ٲس ٹورنٹو ، اونٹاریو ، کینیڈاہس منز اکہٕ مکانٕچ مالکین ۔
8825,ڈیٹا حٲصل کرُن ہیٚکہِ مشکل ٲسِتھ اگر سافٹ وییر وینڈر دیوالیہ گژھہِ۔
8826,1291 تھس منٛز کوٚر علاؤ الدینن کارا کِس گورنر مٔلِک چھجو سنٛز بغاوت ختم کرنس منٛز اہم کردار ادا۔
8827,"شرارتہٕ ہوٚت ویرو چھ گبر سٕنٛز گۄپھ پٮ۪ٹھ حملہٕ کران، تس سٕنٛدۍ باقٕے نفر ماران تہٕ گبرس رٹان۔
"
8828,سُہ چھ اکھ مزاق کروُن  نفر تہٕ کورین تعریف کرنۍ چھُس خۄش گژھان ۔ 
8829,تمس چھ علی گڑھ مسلم یونیورسٹی پیٹھ اعزازی ڈاکٹریٹ تہ میولمت۔
8830,ہیرنگٹن چُھ امریکا کِس ڈیلاویئرس منٛز اکھ شہر۔
8831,ہیمبر پرووِنشل پارک چِھ برٹِش کولمبیا ہچ اکھ پرووِنشل پارک۔
8832,سُہ چھ امریکی اداکار رینس تہٕ جین ہاورڈ سند دوٚیم نیچو ۔
8833,"ٲخٕری دۄہ چھُ رام نومی تہِ، رام سُنٛد زایہِ دۄہ۔
"
8834,وۄں گوٚو، حملہٕ پتہٕ چھُ عام آدمی پارٛٹی نیٚوز ایجنسی ہُنٛد ونُن زِ أمِس آو ہسپتال نِنہٕ برٛونٛہہ بیٚیہِ اَکہِ مشروب خٲطرٕ واپس اژنُک اِجازت دِنہٕ۔
8835,یہ بٲتھ آو برطانیہ ہس منٛز 15 فروری 2013  جٲری کرنہٕ۔
8836,مگر یہ ہیٚکہ اکہ قٕسمٗک زار تہ ٲستھ ۔
8837,سٲرِسٕیہ ملکس منٛز چھٗ كارن  ہنٛز سالانہٕ فروخت 2010 ہس تام پریتھ وریہٕ10 ملین تام واتنٕٗك  توقع۔
8838,درگاوتی ہنٛز لۄکٕٹ بینہٕ کملا دیوی آیہٕ مغل حرمس منٛز سوزنہٕ۔
8839,"دیوپال سٕندِ  پتہٕ کَمٕیہ  کٲلہِ ہیژٕن  پال سلطنت وارٕ وارٕ ختٕم گژھٕنہِ ۔
"
8840,یوتتھ تام توہہِ اصل ریکارڈ تھاونہٕ ، پنٗن صحت ٹیكھ تھونٕكہِ ضروُرِیات برقرار تھونہٕ  وغٲرٕ خٲطرٕ تیار چھِوٕ ۔۔۔ تو٘یہہِ روُزِیو اصل ۔ 
8841,اكہِ سالانہیٕ وضیفہٕ منزٕ  نقد رقم کڑنہٕ برٛونٛہہ کٔرو اتھ کتھ پیٹھ غور ز تۄہہ كوتاہ پییہِ ضروُرت ۔
8842,مراٹھاوو بَڑٲو پنٕنۍ سرحد تاکہِ مالوا ییہِ اتھ اندر دہلی تہٕ بھوپال جنگہٕ پتہٕ 1973 منٛز۔ 
8843,کانسٹیبل فٹز پیٹرِک اوس گریٹا ہَس منٛز لۄکٹہِ پولیس سٹیشنُک انچارج۔
8844,اگر تمن تہٕنٛز ماے آسہ، تم کرن تہٕنٛدس فیصلس عزت۔
8845,سطح مرتفعس نٮ۪بر چھ شٲمی ریگستان، یُس لیونٹس میسوپوٹیمیاہس نش الگ کران چھٗ ۔
8846,"अख कोड छु दाखिल गछिथ, अख मुतॅलॅकॅ फॉयद् शरू करान "
8847,أسہِ گٔیہ واریاہ خوش ییٚلہ اسہ اکہ لاکرٕ خٲطرٕ درخاست کٔور تہٕ اسہ میوٗل کینرا بیٚنٛکس منٛز اکھ بوٚڑ لاکر۔
8848,پٗلیٖس چھ قونوٗنس خٕلاف ورزی کرن والین مشكوُك لوُكن  گرفتار کٔرتھ مجرمانہ قونوٗن نٲفِظ  کران۔
8849,خریدٲری چھے٘ رنگارنگ ثقافت ہاوان ، راجستھٲنۍہِ پلون چھِ وارِیاہ شیشہِ كٲم تہٕ سوزن کٲری آسان ۔ 
8850,دی یوروپِین سینٹرل بینک چُھ یورپی یونِیَنُک اکھ مركزی بینک ۔ 
8851,أکس دولت مند قبائلی شخصہٕ سٕنٛد طرفہٕ دنہٕ آمژ ضیافت آسہ زیادٕ خرٕچ دار۔
8852,اتھ عملہ منٛز کوٚر أمہِ  2016 چہِ جاپٲنہِ اینمی  فلمہِ یوُور نیمٗك  چینس منٛز ساروٕے کھۄتہٕ زیٛادٕ کمٲئی کرن واجیٚنہِ غٲر ملکی زبٲنہِ ہٕنٛز غٲر ہالی وُڈ فلمہِ ہٗنٛد رِکارڈ پتھ ۔
8853,"اتہِ چھِ آرتھوڈوکس، سائرو-مالانکارا کیتھولک، مارتھومائٹس تہٕ پینٹیکوسٹل۔
"
8854,امہ وجہ كِنہِ ، اوس نہٕ کوچس دٗبارٕ آزمٲیش کرنس منٛز دۄگنہٕ خطرٕ۔
8855,یہ فلم گٔیہ ریلیز گژھنہٕ پتہٕ دہن دۄہن منٛز 250 کرور کٕلبس منٛز دٲخل۔
8856,تِم تھٲویوکھ گاشَس، یمہِ سۭتۍ نوٹن درمیان کانہہ تہِ فرق ننیۍ ہیٚکہِ نیرِتھ۔
8857,"وننہٕ چھُ یِوان زِ نکولا تہٕ سہدیوا چھِ مہابھارتَس منٛز ہنرمند تلوار باز۔
"
8858,"اگر تُہۍ دۄہَس تہِ ڈیرٕ ترٲوِو تیٚلہِ اَنِو سن سکرین۔
"
8859,"وسطی دکن سطح مرتفع خۄشک پن ہرن وٲلین  جنٛگلن ہُنٛد ماحولیٲتی خطہٕ چھُ حیدرآباد ہٮ۪تھ ریاستہٕ کِس زیادٕ تر حصَس پٮ۪ٹھ پھہلِتھ۔
"
8860,سۄ ٲس 2000 کس سمر اولمپکس کہ گولڈ میڈل سکواڈچ حصہٕ۔
8861,درُسۍ دُنِیِہچن فنکارانہٕ عملن ہٕنٛز طریٖقہٕ زان چھٛے بُٹوہَس ـ
8862,1962 ٹھس منٛز کھوُل تِمو ڈوجَر سٹیڈیم، تہٕ تمہِ پتہٕ گِندُکھ تَتی ۔
8863,کینٛژو تخمینو مطٲبق چھ زمینی آب پریتھ ؤرۍ یہٕ اکھ میٹر یا امہ کھوتہٕ زیادٕ کم گژھان۔
8864,"فرسوٗدٕ طبی اسطلاحات  منگول آئیڈیوسی تہٕ منگولزم چھِ أکِہِ  خاص قسٕمٕٕچہِ  ذہنی کمی ہٗند حوالہٕ ، ییٚمیُک تعلُق جینیٲتی خرٲبی سۭتہِ  چھُ یَتھ وۄنہِ  ڈاؤن سینڈر٘وم چھِ ونان ۔
"
8865,سِمٗکا ہَس پتہٕ آو أمہٕ  سُنٛد بویہ  کانہا (ییمِس کرشنا تِہ ونٛنہٕ چُھ یِوان) ، ییٚمہِ سلطنت مغربَس منٛز ناسِکَ  تام بٕڑٲو ۔
8866,"یہِ خاندان اوس اصلی ہندوستان کِس پنجاب کِس امرتسر ضلعس منٛز موجودٕ مجیٹھاہس نزدیٖک کوٹلا سُلطان سِنٛگھس سۭتۍ تعلُق تھوان۔
"
8867,اشوِن سُنٛد گینگ چھُ أکس گھرس لوُٹنُک فٲصلہٕ کران ییمیوُك وٲحد بسكیندر اكھ بُزرگ نفر چھُ ۔ 
8868,أمۍ کٔرۍ بٔڑس مٮ۪قدارس منٛز سبزی، ماز، تہٕ گاڑٕ پٲدٕ۔ 
8869,ابھاس کُمارن بدلوو پنُن ناو تہٕ تھووُن کِشور کُمار، تہٕ کوٚرُن بمبَے ٹاکیٖزس منٛز، ییٚتہِ تٔمۍ سُنٛد بوے کٲم اوس کَران، بطورِ کورَس گُلوکارپنٕنہِ  سیٚنیٚما ہچ پیشورانہٕ زِندگی  شُروٗع۔
8870, پننہ اقتدار کس بہمس وریس دوران چھُ کھارویلاہن شونگا سلطنتس سۭتۍ لوٚڈمت تہٕ  چھُن شہنشاہ برہسپتیمترا ہس شکست دیُتمت ، یس پشیامترا شونگا ونان چھ  ۔
8871,ساوئے یس منٛز آیہ تمِہِ سندِس وزنس پیٹھ چاٹھ بناونہٕ ۔
8872,یم چھ گوڑنک پروسیسر یمن منز مربوط ویڈیو چھ ۔
8873,ہایہ ویس ہایہ ویس  چھےٚ اکھ ویب سایٹ  ییٚتہ لٗکھ دوستن سۭتہ آن لاین  رٲبطہٕ کٔرتھ ہیٚکان چھِ  ۔
8874,"موریسنَن ووٚن زِ ٹیریَن کوٚر نہٕ ""مسٹر فرڈینینڈَس نسلی بدسلوکی تہٕ عدالتَن چھُ یہِ قبوٗل کوٚرمُت""۔
"
8875,"دوٗر جنوبَس منٛز، صوبہٕ سِندھس منٛز سِندھ کِس مرکٔزی تنس سۭتۍ، موہنجودڑوٕچ بٔڑِس پیمانَس پیٹھ بےٚ خلل جایہِ اوس توجہ حٲصِل کورمت۔
"
8876,سہ اوس ایچ آی وی لاگ کِس علاجس سمجنہٕ خٲطرٕ مشہور ۔
8877,یہ چھ تمہٕ وقتہٕ ییٚلہ کھیل چیلنجن ہنٛز لہرٕ شٲمل کٔرتھ زیادٕ مشکل بنان چھ۔
8878,مۄغل سلطنت ٲس جنوبی ایشیاہس منٛز اکھ اسلٲمی ریاست یتھ پٮ۪ٹھ تیموری خاندانٕچ حکوٗمت ٲس۔
8879,ایلو ریٹنگ سسٹم چھ ایف آی ڈی ایی تہٕ واریاہ ملک استعمال کران ۔
8880,عالیہ چھے٘ سٗکھی یس وردھان ڈالمیا ناو کس أکس لڑکہٕ سنٛد کردار ادا کرنہٕ باپتھ پونٛسہٕ دوان، یٗس تمہِ سنٛز مسٹر رائٹ سنز سنز صوُرت چھِ ، تاکہ تمہِ سنزٕ ویسہٕ تٗلن تس تھپھ ۔ 
8881,ستیہ چھ انضمامک اصول یمیک مُول  مطلقس منٛز چھُ۔
8882,"تحقیق رُکیو٘ ہ تتھ وقتس تام یوٚتام ""چربی منٛز گلن وول وٹامِن اے"" ہچ  شناخت  دودھچ چربی منٛز بطور لبنہٕ ینہٕ والہِ  غذائی مادہٕ  گیہ ، مگر چربی منٛز نہٕ، یوسہٕ  روتلہِ او٘ن تہٕ ایكس روپو تھالمِیا واپس پھِرِتھ ہیكہِ ۔ "
8883,یہ ٲس ہندوستانس منز أکس مسلمان زنانہِ سۭتۍ کھاندر کٔرتھ کورِ علاوٕ ہ۔
8884,جنوری 2020 ہس منٛز آو یہ اعلان کرنہٕ ز ویلاسکیزس اوس ٹرمینل ایسوفیگیل کینسر۔
8885,"وۄں گوٚو، اَکھ آگٲہی چھےٚ یہِ زِ تۄہہِ پَزِ نہٕ پَنُن وقت زیادٕ محدود کَرُن۔
"
8886,ریلیز کہِ وقتہٕ 'انداز' ٲس وٕنۍ کٮ۪س وقتس تام ہندوستانٕچ ساروےٕ کھۅتہہٕ زیادٕ کماون واجنۍ فِلم،یوٚٹام کہِ ییٚمے ؤرۍ یہِ کپور سٕنٛز فِلم 'برساتن' پھُٹروو امیُک ریکارڈ۔
8887,کلاسیکی ادبٗک مطٲلعہٕ اوس رٮ۪وٲیتی طور انسانن ہندِ توجہٗك اہم مرکز ۔
8888,رِفارم یہودیت چُھ یہودیت کیٚن اخلأقی قانونن پیٹھ توجہ مرکوز کرُن ہیچھناوان۔
8889,یہِ کَتھ بنٲیِو یٔقیٖنی زِ تُہۍ کٔرِو کٕنَن وٲلِس سۭتۍ اتھ قۭمتَس پٮ۪ٹھ کَتھ باتھ۔
8890,سکارسٹاڈ چھ سویڈن چہ جونکوپنگ کاونٹی منٛز جونکوپنگ بلدِیہک اکھ علاقہٕ۔
8891,"سہ اوس راک ویل، میری لینڈس منٛز ذامت، مگر آو گیتھرسبرگ، میری لینڈس منٛز رچھنہٕ۔
"
8892, چالوکی تعمیراتی ماہرن ہندۍ کیٚنہہ ویٚدۍ  ناو چھِ ریوادی اواججا، نرسوبا، تہٕ انوریتا گنڈا۔
8893,جمٹن جمٹن چھ سویڈن کس نوربٹن کاؤنٹی منز لولی میونسپلٹی ہند اکھ علاقہٕ ۔
8894,"ناو ""پولو"" چھ مؤخر الذکرک انگریزی ورجن۔"
8895,یِم چھِ دٗنیاہ كین مٗختلِف حِصن منز وونہِ شہرن منز تام پر٘تھان ۔
8896,انٹیل کور پروسیسر چھ پینٹیم ایم ٹیکنالوجی پیٹھ مبنی ۔
8897,مےٚ اوس فرٹھ ز مےٚ راوِ اداکٲری ہنٛد موقعہٕ تکیاز مےٚ گوٚو کاسٹنگ ڈایرٮ۪کٹر سٕنٛد ذٔریعہٕ ترتیب دنہٕ آمتس فلمہ ہنٛدس آڈیشنس باپت  واریاہ  ژیر۔
8898,یہ سنڈروم اوس گۄڈنچہ لٹہ 1968 منٛز امریکی طبیب اینجلو ڈی جارجن بیان کوٚرمت۔
8899,امہِ كو٘ر  قصبٗك تقریبن 95 فیصد حصہٕ ہموار، یتھ منٛز کم از کم زٕ سکوُل تہٕ قصبٗک ہسپتال تہِ شٲمل چھِ ۔
8900,امکۍ مجسمہٕ، فن تعمیر تہٕ مصوری ہندۍ وراثتن کوٚر سلطنت ختٕم گژھنہٕ پتہٕ واریہٕس کالس تام فنچ ترقی متٲثر ۔
8901,بییہ چھٗ مالیٲتی ضٲبطو مالِیٲتی مصنوعاتن  ہنزِ وكھرگی منز اضافہٕ كو٘رمٖت ۔ 
8902,مثالے، پنٗن تِیوٗتھ  بنٛک کھاتہٕ کریو تیار یٗتھ یہ تٗہندِ چک کھاتہٕ پیٹھہٕ ریتس منز کم از کم اکہِ پھِرِ  بچت کھاتس  منٛز 50 $ مٗتنتقل  کٔرِ۔
8903,"فیوُز فینگوریا چینسا ایوارڈ آیہِ  ٹیلی ویژن چینل فیوُز ٹی وی دٕسہِ  قٲیِم کرنہٕ ۔
"
8904,بروٗئنزَ تُلہِ  گۄڈنکیٚن دۄن دورن منٛز تہندین  دۄن پاور پلے ہن  ہُنٛد فٲیدٕ۔
8905,17 مہِ صدی منز ییمہِ ییٚلہ اہوم سلطنت سابِقہٕ كوچ تہٕ مغل علاقن شٲمَل كرنہٕ خٲطرٕ  پھہلییہ، اتھ سمکھییہ  تِہندۍ مٲلیہ نِظام تہٕ پاننٲوِن تِم  تِتھے كٕنۍ ۔ 
8906,یتھؠن معاملن منٛز ہیٚکہ اکھ انسان بیمار، ذہنی عدم توٲزن تہٕ عٲرضی پاگل پنک شکار گٔژھتھ۔
8907,کیرالہ ہک بصری فن چھ دیوارن پیٹھ روایتی  تصویرو پیٹھٕ ریاسر کس ساروے کھۄتہٕ مشہور مصور راجہ روی ورما سنزن تخلیقن  تام وُچھِتھ۔
8908,أسہِ چھِ  یم محفوُض تہٕ مٗستقبِل چین پٗین پیش كرنہٕ باپت بہترین کوُشِش کران۔
8909,"یہِ چھُ تۄہہِ ضروری خصوٗصِیات دِوان، یِتھ کٔنۍ زَن بےٚ شُمار مصنوعاتن ہُند لسٹٕ، 2 سٹاف اکاؤنٹ، تہٕ شوپِفاے ٹیمہِ ہُنٛد لگاتار مدد۔
"
8910,"جے چرچ لٲنہِ پٮ۪ٹھ ٹریک کٲم ٲس واریاہس حدس تام 1916 ہَس منٛز مُکمل گٔمٕژ۔
"
8911,ازدواجی زندگی چھ دۄن لُوکن خٲطرٕ اکھ  زندگی ہنٛدِ سٲتھی بنتھ   روحأنی سٲتھی بننُك موقعہٕ ماننہٕ یوان  ۔
8912,ابتدٲئی تامِل ادبس منٛز چھِ اپریل نو ؤرِیكہِ واریاہ حوالہٕ ۔
8913,امہ دورٕ وِز ، یِتھ کٔنۍ زِ ایہول ریکارڈس منز درج  چُھ، پُلاکیشِن دوم مَن  ٲس پنٕنۍ سلطنت ترٛین مہاراشٹرکاہن یا عظیم صوبن منز تقسیم کٔرمٕژ یتھ منز پریتھ أکِس صوبس 99 ساس گام ٲسی ۔ 
8914,حتاکہِ چیٖنَس منٛز چھِ كٗشتی  صدیو پٮ۪ٹھ اکھ کھیل روُزمٕژ ، قٔدیٖم زمانہٕ پٮ۪ٹھٕ چھِ ہتھیار چینی وٗشوُ ہٕكہِ  لٲزمی حصہٕ روُدِمٕتہِ ۔
8915,أسہِ  ٲسہِ أکس ریزورٹس منٛز گژھان تہٕ مےٚ ٲس نہٕ یہ توقع ز وازٕ كرِ  مےٚ  میٲنہِ پسندیدٕ زیافتہٕ سٕتہِ زیر  ۔
8916,یہٕ چُھ گریڈ II درج تہٕ اتھ منٛز چِھ واریاہ اصل خصوصیات۔
8917,سفری ویب سایٹہٕ چھ جاین پیٹھ جٲیزٕ ہاونہٕ یوان، یا کنہ جایہ کیا پز کرن۔
8918,"امہ علاوٕ، چُھ ٹرنر سنڈرومٗك  اکھ نایاب قٔسم، یتھ ""رِنگ-ایکس ٹرنر سینڈروم"" ونان چِھ ، یتھ   ذحنی معذوُری  سٕتہِ تقریبن %60 وابستگی  چھِ ۔ "
8919,بہٕ چھس واریاہ ناراض حکوٗمت چہ بنیٲدی ڈھانچس منٛز سرمایہ کٲری کرنس منٛز ناکٲمی پیٹھ۔
8920,یہِ پارَک ٲس برٛونٛہہ نیل گیری تہر نیشنل پارک ناوٕ  زاننہٕ یِوان۔
8921,پٹیلن کٔر کانگریس کین وزیرن ہنٛز رہنمٲیی یِمو پارٹی ہُند تہذیب برقرار تھاونک مقصد سۭتۍ پوٗرٕ ہندوستانس منز اقتدار حٲصِل کوٚر، پٹیلس اوس خوف زِ برطانوی حکومت تُلہٕ ژارنہٕ آمٕت کانگریسن درمیان تنازعہ پٲدٕ کرنک مواقع سۭتۍ فایدٕ، تہٕ سُہ اوس نہٕ یژھان زِ پارٹی گٔژھ نہٕ مکمل آزٲدی ہنٛد مقصد نِشہ ڈلٕنۍ۔
8922,یہِ چھِ افواہ زِ 17 صٔدی دوران آیہِ سۄن تہٕ باقی قیمتی چیز قعلس منٛز دفن کرنہٕ۔
8923,बाकी चेस निशान छि चेस निशान ब्लॉक्स मंज़.
8924,"دِہلہِ منٛز انگلِستانس  خِلاف گۄڈنِکِس ٹیسٹس منٛز ، اكِسٕیہ  کیلنڈر ؤرِیس منٛز 1,000 ٹیسٹ رنن تام واتن وول گۄڈنیُک ہندوستٲنہِ بننہٕ كِنہِ گو تمِس ہجوُم نٲلہِ ۔۔"
8925,تِمو زِیوٗن ترٛیٚیہ لٹہِ رَشیَن پریمیر لیٖگ تہٕ سَتہِ لٹہِ رَشیَن کپ۔
8926,"2009 وس منٛز آو سہ انٹرنیشنل اینیمیٹڈ فلم ایسوسییشنک صدر منتخب کرنہٕ۔
"
8927,پارٗد چھٗ انہٲیی جراشیم كٗش ، تہٕ لاگہِ ہندین اپتدٲیی مرحلن منز اوس ٲس كین تہٕ باقین زخمن  لاگنہٕ سٕتہِ بیمٲرِ رٗكاونہٕ باپت  كٲفی آسان ۔ 
8928,بییہ یٗن چھُ عام : ایكس پی  والین %40  مٔریٖضن گو٘ یہِ بٗنِیٲدی جرٲہی ذریعہ كڈنہٕ ینہٕ پتہٕ یہِ بییہِ ،%60 دن  دویمہِ جرٲہی ذریعہ كڈنہٕ ینہٕ پتہٕ پتہٕ، تہٕ %80 دن  ییٚلہِ ژۄشوٕے أچھِ ٹٲرِ ولنہٕ آیہِ ۔ 
8929,ٹائپ I ایف جی ایمس منٛز چِھ کلیٹورسٕک حصہٕ یا پُرٕ ژٹنہٕ یوان ۔
8930,تم چھ کلیٚن ہٗند  مواد کھیوان ، یتھ کٔنہِ زن بیٲلہِ ۔
8931,واریاہ طریقہٕ کار چھ یم ویٚچھرس تہٕ وٹامن بی 12 کس رو٘طبس  منٛز کمی درمیان تعلقچ وضاحت  کٔرتھ ہٮ۪کن ۔
8932,گوا انکوایزیشنن اوس ہیٚنٛد تہوارن پیٹھ پابندی لگٲومژ، تہٕ ہیٚنٛدۍ یم نہٕ عیسٲیی مذہب اختیار کران ٲسۍ تمن پیٹھ ٲس سخت پابندی لگاونہٕ آمٕژ۔
8933,ہاکی سٹکُک اکھ اند چُھ واریاہ سخت تہٕ یِہ چُھ شینہٕ تَلۍ  کھلٲڑس کھلٲڑۍ پکناونہ باپت استعمال کرنہ یوان۔
8934,یہِ چھُ تِمَو چیزو منٛزٕ اکھ یُس لوٗکَن فِلم نویر فِلمہٕ وٕچھنَس مُتعلِق پسند چھُ کران۔
8935,کدمباواسا اوس اتھ دورس منٛز بطور  سلطنتٕٗک  وزیر اعلیٰ  خٕدمَات سر انجام دِوان ۔
8936,زنانہٕ نژن واجِنین باپت چھِ ہیندِ پو٘شاكن زٕ قٕسم ۔ 
8937,ڈیگاوچی گُزریو 11 فروری 2022  ، 84 وریہہ  وٲنٛسہِ منٛز۔
8938,"انڈیا ٹوڈے ہٕکہِ روہت کھلنانی ین کٔرِ ہٮ۪دایت کارس ""ہر تتھ چیز [ہاونہٕ خٲطرٕ] یہِ  [اتھ] ڈراماہس ضرورت اوس"" تعریف ۔"
8939,بالیغ گژھنہٕ پتہٕ چھ مادٕ نافچہِ  نرن ہٕنٛد کھۄتہٕ اہم  پٲٹھہِ  بوٚڑ آسان۔
8940,قدیم چینی فوجی تربیتس منٛز اوس دست بدست لڑنک رواج تہٕ ہتھیارن ہٕنٛز مشق اہم۔
8941,زیکا وایرس چھُ وایرس  فلاوِوردے ورگُک اکھ رُکُن۔
8942,جمٲژ چھِ ڈھول تہٕ موسیقی ہٕنٛدۍ بٲقی ساز ہیتھ ، جایہِ  جایہِ گژھان، گٮ۪وان تہٕ نژان۔
8943,"تمن10 ہن ؤرین ہٕنٛدس ٲخرس پیٹھ آسہ تہٕنٛدس کھاتس منٛز بیلنس 16,288.95 ڈالر۔"
8944,منٛدرَن برٛونٛہہ کنہِ چھُ اکھ تاڈ کُل کھڑا کرنہٕ یِوان تہٕ  چُھ لٔکرِ ہندِ جنگلہٕ تہٕ خۄشك تاڈ وتھرو٘ سٕتہِ ولنہٕ یوان ۔ 
8945,تۄہۍ ہیٚکو اضٲفی رقم قرض ادا کرنہٕ خٲطرٕ تہ استعمال کٔرتھ۔
8946,سُہ اوس تمن شین موسیقارن منٛز اکھ یم لیس سکس کہ ناوٕ  مشہور گٔیہ۔
8947,عیسٲئیت چھِ بنیٲدی طور  چائے باغ کٮ۪ن قٔبیٖلن منٛز وُچھنہٕ یِوان یِم دارجلنگ، جلپائی گٗڑی تہٕ علی پوٗردوار ضلعہٕ کٮ۪ن دوازن منٛز چھكرِتھ چھِ ۔
8948,1839 منز مٲرۍ سمال پوکسَن اَتھ علاقس منٛز روزن وٲلۍ واریاہ لُکھ۔
8949,تُہۍ کٲتیاہ لٹِہ چِھو پنٕنۍ جِم میمبرشِپ استعمال کران؟
8950,کلبہٕ کس سطحس پؠٹھ گینٛد تمہ بوکا جونییرس تہٕ ولیرو لی کینٹس خٲطرٕ۔
8951,"یہِ ٲییٖن آو 3 اپریل 1858 لِیون ؤرتھ  کنونشن ذٔریعہٕ منظوُر کرنہٕ۔
"
8952,مردانی ہنٛد پریمیئر آو 29 جنوری 2015 پولینڈس منٛز وارسا کِس کینو مرانوو تھیٹرس منٛز کرنہٕ، یُس مٗلكس منز ساروی کھوتہٕ پر٘انیو٘  آرٹ ہاؤس تھیٹرو  منٛز اکھ چُھ   ۔
8953,سپایۍ وییر چھ تہنٛدس کمپیوٹرس ٹریک کران تہٕ امہ منٛزٕ چھ کٮ۪نٛہہ چیز استعمال کران۔
8954,اوہو! اَچانک پیوٚو أمِس یاد، بِھمانا سُنٛد وان اوس کووِڈ ۱۹ عالمی وَباہ مۄخہٕ بنٛد۔ پرٛٮ۪تھ جایہِ اوس لاک ڈاوُن۔ 
8955,گرس منز بناونہٕ آمت تہٕ ریسٹورینٹک کھین چھ کنہ ساتہٕ مزس منز مختلف آسان۔
8956,"سب کنجکٹِوَل خوٗن یِنہٕ سۭتۍ چھِنہٕ عموٗمَن دَگ گژھان، حالانٛکہِ کُنہِ کُنہِ ساتہٕ ہیکہِ مُتٲثِر أچھ خۄشک، گکھرۍ یا خراش محسوٗس گژھِتھ۔
"
8957,چیٹس منٛز ہیٚکو تُہۍ دستیاب مختلف ایموجیزن ہنٛد انتخاب تہِ کٔرتھ۔
8958,یہِ اوس سُہ وقت ییٚلہِ کُماری یِژھ فلمہٕ ٲس کران یمہٕ تجٲرتی لحاظٕ  کامیاب تہٕ تنقیٖدی طور  سراہنہٕ یوان آسہٕ ۔
8959,وۄنۍ رَژھ کھنٛڑ پَریشان، سِرٛنٛگیری سِرٛی نِواس گوٚو بیٚیِس أکِس یارس نِش، یُس چھان اوس۔
8960,ملیالمٗك  پونانی رسم الخط اوس برطانوی راجس تام  جیسری لیکھنہٕ باپت استعمال سپدان ۔
8961,لویس ترٛواہ سٕنٛز اٹوپسی منٛز آو یہ لبنہٕ زِ لویس ترٛواہ اوس نہٕ شر زیٔوراونس قٲبل۔
8962,سونی کٮ۪ن ساروٕے کھۄتہٕ مشہوٗر چیزن منٛز اوس اکھ سونی پلے سٹیشن، یُس 1995 تس منٛز بناونہٕ آو۔
8963,سیرونٮ۪گیٹیو ویکسیٖن كرنہٕ یِنہٕ  والٮ۪ن مَنٛز چُھ   ویکسیٖن سیرونٮ۪گیٹیو نہٕ كرنہٕ یِنہٕ والین  نَفرَن ہِنٛدِس مُقابٕلَس مَنٛزشٔدیٖد ڈینٛگوُ ہٗک خَطرٕ  آسان
8964,میزوون ہٕنٛز اکثریت (87%) چھ مختلف فرقن ہنٛز عیٖسٲے، زیادٕ تر پریسبیٹرین۔
8965,1950 منز گوٚو ہندوستانس تہٕ سکمس درمیان أکس معاہدس پیٹھ اتفاق ییٚمۍ سکمس  ہندوستٲنۍ محفوظ ریاستُک درجہ دیت۔
8966,یہ کھیل ہیکَن کُنہِ تہِ تعدادَس منٛز لوک گنٛدِتھ، حالانٛکِہ أکِس عام گروپَس منٛز چھِ 1-4 لوک راؤنڈ گنٛدان۔
8967,فری مین اوس سلیڈ پوائنٹ ، میکے ، کوٗینز لینڈس منٛز پٲدٕ گوٚمُت۔
8968,یہ چھ 51°03 شمالس منز ، 04°52 مشرقس منز ۔
8969,ستمبر 2010 ہس منٛز آیہِ مشیلس پیٹا طرفہٕ  جانورن خٲطرٕ تمہِ  سٕنٛزِ کامہ باپت یزت قفضٲیی كرنہٕ ۔
8970,"تہندِ  کُنہِ کُنہِ ملاقاتس دوران کوٚر پانڈے ین پنٕنہِ کَتھ باتھ ریکارڈ تہٕ ٹیپ نہٕ کرنُک انتخاب، ییٚمہِ سۭتۍ دھونی یَن زِیٛادٕ کھُلہٕ ترٛوو۔
"
8971,وٗنکیٚنس چھنہٕ یہِ پتاہ  تٔمہِ  سٕنٛدِس جِسمس کیٛاہ گژھِ ۔
8972,زیادٕ تر کاشتکار ٲسہِ کرایہِ ہندِ كوِٕمِلہِ تہٕ یِمن آو  کینٛہہ وقتہٕ پتہٕ زٔمینکہِ  جٗزوی ملکیتُک حق دَنہٕ ۔
8973,مشرقی ہندوستانس منٛز چھِ اَمِہ دۄہ مہا اسٹمی مناونہٕ یوان تہٕ چھے٘ پُشپانجلی، کماری پوُجا وغیرٕ سۭتہِ شروٗع گژھان۔
8974,کینٛہہ ٹیلی ویژنسیریل کرنہٕ علاوٕ كٕر امہِ  کینٛژن  بنٛگٲلہِ  ٹیلی فلمن منز تہِ كٲم ۔
8975,پرٛیتھ بچہٕ ییٚمس یمو منٛزٕ کانٛہہ تہ خطرٕ چھ آسان سہ چھ نہٕ ایس آی ڈی ایس سۭتۍ مران۔
8976,یہٕ بندش چُھ منظم کھیلن جزوی طور پٲٹھ غیر سیاسی بناونہٕ تہٕ چینی کھیلن ہنٛز پالیسیہٕ زیادٕ مارکیٹس پیٹھ مبنی نقطہٕ نظرس کُن منتقل کرنچ کوشش پٲٹھۍ وچھنہٕ یوان۔
8977,پوشن پیٹھ  مہ تراو لتھ ۔ بہٕ ہیٚکہٕ نہٕ یم کٕنتھ اگر ژٕ یہِ  کركھ ۔
8978,وُنکیٚنَس چھِ ای ایل ایفٕکہِ 29 رُکُن، تِم چھِ ایف آٮٔی ایلَس منٛز مُلکَن ہٕنٛز اکثریت بناوان ۔
8979,چیز لگٲوِیو تہٕ  تہٕ اصلس منٛز کٔریو غور ز یہ كوتاہ فِٹ چھٗ تٗہندِس پانس یوان تہٕ یہِ ما چھُ چاپلوُسی كران ۔ 
8980,امہ سۭتۍ چھ واریاہ زیادہ خون ینک امکان زیادٕ آسان۔
8981,یہ چھ پریمیر ڈویجن تہ منظم کران ، یس کلب فٹ بالس منٛز ساروٕے کھۄتہٕ بوٚڑ لیگ چھ ۔
8982,وِشنون کوٚراعلان  زِ یِم لُکھ امہِ دۄہ اُپواس درَن  تہٕ اِکاداشی ہِنٛز پوٗزا کَرن، تِم کَرن ویکُنتھا حٲصِل۔
8983,امہ فلمہ ہُنٛد پیو٘و  چینی سیٚنماہس پٮ۪ٹھ تہِ اشر۔
8984,"تُہندِس بھرِمتِس اعداد و شٗمار کِس بُنیادس پٮ۪ٹھ ہاوِ کلکُلیٹر مٗستقبِلٗك رقمہٕ مۄل 204,855.95 ڈالر۔ "
8985,2001 منز ،آیہ سۄ   لندن اِنگلِستان چہِ موسیقی جورِ بیسمینٹ جاكس ہندِس موسیقی ویڈیو “رومِیو“ ہس منز ۔ 
8986,یہ گو اسنس لایق۔ مےٚ چھ یوٚژھ کانہہ خاموش ہمسایہ علاقہٕ، توتہٕ چھوٕ تُہۍ مےٚ مصروف سڑکن تہٕ چرگش والین علاقن نزدیٖک جاے ہاوان۔ تُہۍ ما چھوٕ سوچان ز یہ تہ مےٚ تُہۍ پشرٲوو بہٕ رٹہٕ تی؟
8987,یِمَو منٛز چھٗ کینٛژن مایكروبن ہندِ  جنسی طور منتقٕل گژھَنٗك پتاہ ۔
8988,سازو سامانٕکۍ قٲعدٕ چِھ میزبان حکامن درمیان تفصیل سان مختلف آسان مگر یِم چِھ ہمیشہٕ کھلاڑین تہٕ ماونٹن ہنٛز حفاظت خٲطرٕ آسان۔
8989,پتِمہِ زٕ ٹیسٹ میچ ڈرا تھونہٕ باوجوُد آو گواسكر سندِ بدلہٕ كپِل دیو 30 ہارنہٕ پتہٕ كپتان بناونہٕ ۔ 
8990,ریاست چھ فرقہ وارانہ تشددٕکۍ سارۍوٕے کھۄتہٕ زیٛادٕ واقعات گژھن واجنین ریاستن ہٕنٛدس فہرستس منٛز تہ سرفہرست۔
8991,"سُہ گوٚو یوٗتاہ مُتٲثِر زِ ییٚلہِ سُہ دِلہِ واپس گوٚو، تٔمۍ سوُز ناوِ ہِنٛزِ ریسِ خٲطرٕ اکھ چمکدار رۄپٕچ ٹرافی۔
"
8992,دیسائ،اپوزشن لیڈر تہٕ أمی سٕنزِ پارٹی ہنٛدی اختلأفی ارکان کٔرکھ اَمہ دوہہ گرفتار.
8993,"تٔمۍ دِیُت بیرون ملکَس منٛز کٲم کرن وٲلۍ سراواکین باشندَن پٮ۪ٹھ زور زِ تِم کرَن باقی مُلکَن ہٕنٛدِس قونوٗنُک احترام تہٕ پابنٛدی ییٚتہِ تِم وُنکیٚنَس کٲم چھِ کران
"
8994,اتہِ چھِ کَٹا مُقابلہٕ تہِ سپدان، یَتھ منٛز اَکی طرزٕکہِ مُقابلہٕ کَرن وٲلہِ  تکنیٖکہٕ چھِ ہاوان تہٕ كاركردگی سٕتہِ پركھاونہٕ یوان چھِ ۔
8995,یتھ ریاستس منٛز تو٘ہہِ  روزان چِھو یِہ چُھ تتھ پٮ۪ٹھ مٗنحصِر  زِ ٹیسٹ چھا بزات خۄد مٗفت کِنہٕ نہٕ۔ 
8996,کالج چیمپین چھٗ جاپان کِس قومی چیمپین سنٛد تعین کرنہٕ خٲطرٕ رائس باؤلس منٛز ایکس لیگ (اکھ نیم پیشورانہٕ لیگ ییٚتہ ٹیمن کارپوریشنو ذٔریعہٕ مٲلی امداد چھ یوان دنہٕ) کس چیمپئنس سۭتہِ  گِنٛدان۔
8997,الزایمر بیمارِ چُھنہٕ کانہہ تِہ علاج، دستیاب علاج چِھ کُنہ حدس تام آثارن کم کران، مگر یِم چھِ محض لۄژراوان۔
8998,پھیرنس دوران وُچھ ساروٕے کھۄتہٕ لۄکٹۍ بٲے دریاوس منٛز کَرم کُل یِران۔
8999,بحر ہندس منٛز بڈوٕنہِ یوٗرپی موجودگی تہٕ خام تہٕ تیار شدٕ ہندوستٲنی چیزن ہٕنزِ ہُرونیۍ منگہ کٔر مغل دربارن منز مزید دولت پیدٕ۔
9000,وۄنہِ گو  خودایہ سنٛدِس ٹٲٹھِس كالِنگا فتح کرنس پٮ۪ٹھ سٮ۪ٹھاہ دۄکھ محسوٗس ۔
9001,خطرناک طورخطرس منز ہوایین  مانٛک سیٖل چھے٘ پنٕنہِ شٗرِ سٲحلن پٮ۪ٹھ رچھان۔
9002,یِمہٕ لٲنہٕ  آسہٕ اصلی خودکشی یا خودکشی رٗکاونہٕ خٲطرٕ ۔
9003,"تمہ کٔر پنِنہِ سکوٗلٕچ تعلیم لرنرز اکیڈمی، ممبئی منز مُکمل۔
"
9004,بہٕ گوس تمہ وز كم حیمتھ  ییٚلہ مِیٲنِس شٗرِ سٖنٛد خاتہٕ  کھولنہِ وِزِ  بنکس منٛز مےٚ كھوشكیتھ آیہِ  تکیاز مےٚ ٲسہِ  نہٕ کٮ۪نٛہہ ضروری دستاویز سۭتہِ ۔
9005,ڈیمس منٛز چھ لٗکن ہندِ  مزٕ باپتھ 47 علاقہٕ ۔
9006,تولیہل ہوٲیی اڈس چھُ ناو بدلٲوتھ ٹکندرجیت ہوٲیی اڈٕ تھاونہٕ آمُت۔
9007,یم سٔہلاب چھ نیو انگلینٛڈس منٛز 1936 پتہٕ ساروٕے کھۄتہٕ بدتر ییٚلہ 150تہ کھۄتہٕ زیٛادٕ افراد ہلاک گٔیہ۔
9008,بڈگام چھٗ 34.63 ° شٗمال  76.04 ° مشرِقس پٮ۪ٹھ واقعہٕ ۔ اتھ چھِ اوسط بٗلندی  ۔
9009,"پیگاسس ایئرلائن جہازٕ یَتھ منٛز 178 سَوٲرِ آسہٕ  اوس آز مہمت گکن گل نٲوِ  شخٕصَن اغوا کوٚرمُت۔
"
9010,"ڈیلانیَس چھُ اپریل میک کلینَس سۭتہِ خانٛدَر کٔرِتھ تہٕ یِمَن چھِ اِکہٕ وٹہٕ ژور کورِ۔
"
9011,فرسٹ لیفٹیننٹ: فرسٹ لیفٹیننٹ چھ واریہن مسلح فوجن منٛز فوجی عہدٕ۔
9012,خانہ جٔنٛگی ہٕنٛدس آغازس منٛز، کنساسس اوس نہٕ کانٛہہ سرکٲرۍ فوج۔
9013,یہِ چھِ گۄڈنِچ  لٹھ ییٚلہ بہٕ اتھ برینڈس  یٗتھ ہِیوٗ  کینٛہہ گژھان وٗچھان چھٗس ۔ تۄہہ چھا یقین ز تۄہہ چھٗنہٕ امِیوٗک  غلط استعمال کوٚرمت؟ (كھو٘ربانہٕ كنن وو٘ل)
9014,بلاسن کٔر 1965 پؠٹھٕ 1969 تام گوام چہ موبل پیٹرولیم کمپنی خٲطرٕ کٲم۔
9015,کیرو روڈ کیرو روڈ چھ انگلینڈ کس نورویچس منٛز اکھ برطانوی فٹ بال سٹیڈیم ۔
9016,"لوجَ چھُ  پہٲڑِ بسكینن ہندِ دٕسہِ  بٔڑِس پیمانَس پٮ۪ٹھ ""ریری"" نٲوِی بہتٔر شکلہِ منٛز عملاونہٕ یوان ۔ "
9017,تواریخ دان  عبدالحمید لاہوری  اوس 19 نومبر 1635 ہس منز شاہ جہانس سٕتۍ اتھ شہرس  منز آمٗت ۔
9018,کالج کیمپسس نزدیٖک تھرفٹ سٹور چِھ ہمیشہٕ نیم برانڈ پلو٘ تھوان۔
9019,"گُرٮ۪ن ہُنٛد موقف تہٕ کمانہِ ہُنٛد موقف چھُ چینی مارشل آرٹ  کٮ۪ن واریٛاہَن طرزن منٛز لبنہٕ یِنہٕ والٮ۪ن موقفَن ہٕنٛز مِثال ۔
"
9020,پنٗنِ وٲجبٗل ادا رقم كریو شٲمِل تہٕ سٕتی پنٗن شرح سوُد تہِ ۔ 
9021,تصدیق کرنہٕ خٲطرٕ آو ووٹ برٛیسوارِ دۄہ، 21 جولایی 2005 منعقد کرنہٕ۔
9022,سِنگلز تہٕ ڈبلز  چھِ بین الاقوٲمی مُقابلن منٛز گِنٛدنہٕ یِوان، یِمن منٛز 1988 پیٚٹھٕ اولمپِک کھیل تہٕ 2002 پیٚٹھٕ دولت مٗشترقہٕ کھیل شٲمِل چھِ ۔
9023,آرٹسٹ ڈیوڈ داتوُناہن کھیو آرٹ بیسلس منٛز اکھ جِلد ۔
9024,امہِ قدمٗک مقصد چھٗ مٗلکس منٛز کاربار کرنٕچہِ  آسٲنی منز بہتری انٕنہِ  تہٕ سمندری نقل و حمل بڑاوٗن۔
9025,روسی بٔڈ میگنیٹوگورسک آیرن اینڈ سٹیل کمپنی (MMK) چھ اوڈیشہ ہس منٛز 10MT سٹیل پلانٹ قٲیم کرنک منصوبہٕ تھاوان۔
9026,سلمبمس پیٹھ تہ آے پابندی لگاونہٕ تہٕ بنییو جزیرٕ نما ملیییس  منٛز امکہِ مقٲمی تامل ناڈو کہ مقابلہٕ  زیادٕ عام۔
9027,امہ سۭتۍ چھ اسہ اتھ متعلق کٮ۪نٛہہ اندازٕ لاگنس منٛز مدد میلان ز یہ کتھ کٔنۍ اوس ونٛنہٕ یوان۔
9028,کافے بینے، کافے بینے چھٕ کوریاہَس منٛز کافی فرؠنچائز ـ
9029,بازر  وسِتھ گژھنس متعلق   خدشو كرنٲوۍ تِم پنٕنِہ سرمایہِ كٲری ہٗند فولیو تبدیل ۔
9030,قوٗمی ٹیمہِ سۭتۍ کوٚر أمہ 2014 چہ عالمی چیمپئن شپس منٛز مقابلہٕ ۔
9031,کشورن كو٘ر  نصیب، کُلی، مرد اور دیش پریمی یس منز  امیتابھ نہ باپت  آواز دِنس  انکار۔
9032,تمو کوٚر نہٕ تیم سٕندِس بچن ہنز ٹیمس منز کھیلن وٲل اجازت۔
9033,زیادٕ تر لوُکن ہٕنٛدِ پٲٹھہِ اوس مےٚ  گاندھیس متعلق بوٗزمُت، مگر مےٚ اوس نہٕ زانٛہہ  سنجیدگی سان امہِ سٗند مٗتعلہٕ كورمٗت ۔
9034,تٔمۍ کٔر انڈیانا کہ یونائیٹڈ سٹیٹس سینیٹر سٕندۍ پٲٹھۍ کٲم۔
9035,मिसाल के तोर पर यूनायटिड एयरलाइनज़ त् लुफ्थनसा छि दोश्व्य स्टार एयरलाइनिक हिस्स्.  
9036,آبٲدی ہُند گنیر چھ 350 افراد فی مربع کلومیٹر۔
9037,"""پتی ور٘تا "" خانٛدارنِہ آسنہٕ کِنہ ہیٚکہٕ نٕہ ساوتری زانٛہہ تہ کانسہٕ بییہ مردس پنٛنیٚن شُرین ہُنٛد مول بننہٕ دِتھ۔"
9038,راجستھانک ساروٕے کھوتہٕ قدیم حوالہٕ چھ 625 عیسوی کس اکِس کنِیہ کتبس منز میلان۔
9039,وننہٕ چُھ یوان یہِ چُھ تقریبا 6000 وٕریہہ برونٛہہ سپٗدمُت ۔
9040,اتھ سۭتۍ چھ مسلہٕ یہٕ ز اکھ محدود آٹومیٹن ہیٚکہٕ نہٕ واپس حوالاتن ہینڈل کٔرتھ۔
9041,امہ بستی ہنٛد ناو چھ اکِس  نزدیکی جایہ پیٚٹھ تھاونہٕ آمُت یتھ انا چووکٗر ونان چھِ ۔
9042,یہ چھ مایوس کن ییٚلہ گراک پنٛنہِ خریدٲری ہنٛدس تجربس پیٹھ ردعمل چھنہٕ دوان۔
9043,دیون کوٚر نومبر 1975 منز پنجابس خلاف 6 وکیٹ نِتھ  ، پنجابس  صرف 63 رنن تام  محدود کرِتھ  تہٕ ہریاناہس زیننس منز مدد دِتھ ،ہریانہ باپت شاندار پٲٹھۍ پننہِ گِندنُک آغاز ۔
9044, موبایِل رسایی باپت، دبٲیِو پریتھ ڈیسک ٹاپ ویو پیجس بالکل  بۄن کٔنۍ ویو لِنک ۔
9045,بہارٕکہ مانک ٲسہ یتہٕ موریہ دور کس ٲخرس منز یوان۔
9046,عام طور چھ ہیمی انجن پرٛانہ انجن ڈیزائنو کھۄتہٕ لۄکٔٹۍ تہٕ زیٛادٕ طاقتور آسان ۔
9047,سٲرِسٕیہ  شہرس منٛز چھ واریاہ عبادت گاہ، پرٛیتھ سیٚکٹرس منٛز واریاہ ۔
9048,ٹیمپلیٹ چھُ تۄہہِ باپت گۄڈٕے ڈیزائن ژٲرِتھ تُہنٛد وقت تہٕ محنت بچاوان۔
9049,بندوسارا سٕنٛدِ مرنہٕ پتہٕ دبوو یہِ اشوکن۔
9050,اَمہِ پتہٕ دِیُوت سنٛجے دتَن بیٚیِس ناوَس پٮ۪ٹھ غور کرنُک مشؤر۔
9051,مقابلہٕ خٲطرٕ آیہ ژُووہ ٹارگٹ استعمال کرنہٕ یتھ منٛز ترٛیٚے پیٹھٕ ژۄن گروپن منٛز کٲفی تیر انداز چھ آسان یم کنہ تہ اکہ وقتہٕ تقریبا سارنی ہنٛد احاطہٕ چھ کران۔
9052,دویمس عالمی جنگس دوران بنییہِ عتر  سپاہیو طرفہٕ تہنٛزن ٹاچھین دِنہٕ  خٲطرٕ اکھ پسندیدٕ تحفہٕ ۔
9053,امہ پتہٕ چھ اکھ اجلاس یتھ منٛز طٲلبہ علم مراقبہٕ ہیٚچھان چھ۔
9054,سانڈا چھ ٹورنامنٹن منٛز مشق یوان کرنہٕ تہٕ عام طور چھ ووشو مقابلن منٛز تاولو ایونٹن سۭتۍ منعقد یوان کرنہٕ۔
9055,یہ تیوہار چھُ خاصكرِتھ  برصغیر ہندس منٛز ہیٚنٛدِ مناوان، خاص طور ہندوستان تہٕ نیپالس منٛز۔
9056,سِفی پٮ۪ٹھٕ أکۍ جٲیزٕ نگارَن وو٘ن  اَتھ “نیک کوٗشش“۔
9057,مصنوعی ذہانت چھ اہم گیم پروگرام کین مختلف حصن منٛز لاگو یوان کرنہٕ ۔
9058,"جیمز ڈوایٹ ڈاناہن کوٚر یہ ناو صرف ہارس شوٗ کرٛیب سنٛد حوالہٕ دنہٕ خٲطرٕ متعارف۔
"
9059,گردٕ چھ خونس منز اضٲفی گلوکوز الگ کرنٕچ کوشش کران۔
9060,"پٔتمٮ۪ن تمام وبہن ہٕنٛدۍ پٲٹھۍ گٔیہ یہ ہنٛدوستانس منٛز شروٗع تہٕ 800,000 نفر گٔیہ ہلاک۔"
9061,25 اپریل 2014 کہ دۄہ آیہ یہ سیریز ژوٗرمہِ سیزنہٕ باپتھ دٗبارٕ تازٕ  کرنہٕ۔
9062,"بسكین  چھِ پنُن پان تمہِ باپتھ تیار کران یُس ریکارڈ توڑ درجہٕ حرارت  ٲسِتھ ہٮ۪کہِ ۔
"
9063,یہٕ اوس 1 مئی 2010 ہس منز ٹگرونیٹ تہٕ میلیبیلون بنوومُت۔
9064,تمہٕ ٹیزر ٲسۍ امہٕ وٲرینہٕ ہر روز ٹیلی ویژن پیٹھ نشر گژھان۔
9065,اٮ۪ن اٮ۪س 4 اے نمبر وول وایرل پروٹین  ہٮ۪کہِ لۄکٗٹ   کَلہ (مایکرو سیفلی) بننس كٗن نِتھ ، تِکیٛازِ یہِ چھُ دٮ۪ماغٕس منز  نویَن نیوُرانن ہِنٛدِ  نشوونما ہچہِ وتھ ژٹان  ۔
9066,پتہٕ آو نصرت خان پانہٕ گجرات زیننہٕ مۄکھٕ سوزنہٕ ، ییٚتہ أمۍ اَمِہ کس سولنکی بادشاہس شکست دیُت ۔
9067,"ڈیزائنر سُنٛد خیال چھُ زِ گاڑِ چلاون وٲلۍ آسن کُنہِ دۄہ یژھن گاڑین منٛز سفر کران۔
"
9068,یہ وایرس ہیٚکہِ زیٛادٕ تر رٮ۪تہٕ کٲلہِ کِس  تہٕ ہردٕ كِس   ٲخٕرس منٛز لٔبنہٕ یِتھ ۔
9069,2007 پیٹھٕہ 2019 ہَس تام اوس گربسکی پولینڈ کہِ سینیٹک رُکن۔
9070,تمو کوٚر پاکستانی سنیماہک گوڑنک 20 وٕریو منز غلبہٕ۔
9071,سکایۍ لینٛڈ چھ جنوب مشرقی واشنگٹن ڈی سی یس منٛز اکھ صوبہٕ۔
9072,سُہ روٗد 2006 پیٹھ 2011 منٛز  پننِس مرنَس تام پٲنۍ پانے جلاوطن تہٕ 2010 منٛز قطری شہریت قبول کٔرِتھ۔ 
9073,امہ پتہٕ چھ لٲنہٕ رفتارٕكین  مختٔلف سطحن پیٚٹھ تہ واینہٕ یوان یمن منٛز دۄگنہٕ رفتار، ترٛۄ٘گنہٕ رفتار، ژو٘گنہٕ رفتار تہٕ شے٘ گنہٕ رفتار تام شٲمل ٲستھ ہیٚکہ ۔
9074,"تمن معاملن خٲطرٕ یِم شیٚیو٘  ہفتو٘ کھۄتہٕ زیٛادٕ وقتس تام روزن خٲطرٕ ہیٚکو  سیکلوسپورن ہِوِ اِمیونو سپریسنٹ استعمال کٔرِتھ ۔
"
9075,محمانن چٗھ اضٲفی قٲمتس پیٹھ واریاہ شرابن ہٗند مزٕ وٗچھنٗك   موقعہٕ تِہ میلان  ۔
9076,یہ قصبہٕ چھ شمٲلی یارکشائرس منٛز ڈربی تہٕ تھرسکس درمیان A61 پیٹھ واقع ۔
9077,تٔمۍ کوٚر تجویز ز مرسس پیٹھ چھ موسمی تبدیلیہٕ گردِ طوفانہٕ سۭتۍ یِوان ۔
9078,خان دٔریاو، یتھ کانہہ تہِ ونٛنہٕ چُھ یوان، چُھ ہنٛدستٲنہِ ریاست مدھیہ پردیش چہ تجٲرتی رازدٲنہِ اندورٕ مٕنزِ  وسن وول اكھ درِیاو ۔
9079,اِلیسٹِن چھٗ خوُنہٕ  چین رگن منٛز اہم تکیاز یہ چھٗ خوُنس گٕتہِ  منٛز مدتھ  کران ۔
9080,تِمن پِر٘ژِھیو زِ تِم کیازِ چِھنہٕ بینک گٔژِھتھ ذٲتی لون کڑَان۔ 
9081,امیک نتیجہٕ اوس جمہوریہ آئرلینڈٕچ علیحدگی ۔
9082,"ہندوستانُک قومی ٹیم چُھ دُنیاہس منٛز 25 ہِمِس درجس پیٚٹھ تہٕ أمۍ چھِ صرف کینٛہہ میچ گِنٛدمٕتۍ ۔
"
9083,اگر تۄہہِ  پننِہ موسیقی تہٕ رقصٕچہِ تٲلیمِہِ مٗطلق سنجیدٕ  چِھو، یتھ کلاسس پَزِ ترجیح دِنہِ  ۔
9084,روشنی ییٚلہِ خُفیہ کمرٕ منٛزٕ نٮ۪بر نیران چھے٘، سۄ چھِ تصویٖر تہٕ بنڈل وُچھان، یِم وِکرم تہٕ تمہِ  سٕنٛدِس سٲتھی ہن ہندِ نا زیبہٕ حالتس منز  تصویٖرٕ چھِ، ییٚمہِ سۭتہِ تس دٕنن گژھان چھِ ۔ 
9085,اگر کُنہِ ریسہِ منٛز آسَن ایوٹہٕ دورِ  باپت واریاہ لوٗکھ آسن  تیٚلہِ یِن ابتدایی راوُنڈ کرنہٕ یُتھ زن مقابلس منز شریک کَم گژھن۔
9086,سُہ اوس گۄڈٕنِیُک یوٹیوبر کرٛییٹر تہِ ییٚمۍ 100 ملین سبسکرایبر حٲصل کٔرۍ۔
9087,یتھن راگمن منٛز، یمن سوارمن پز راگک منفرد راگ دنہٕ خٲطرٕ ہمیشہٕ امی ترتیبک استعمال کرن۔
9088,"زیادٕ تر وقتو چھےٚ صرف گۄڈٕنیک تہٕ تریٚیم مصرٕ گٮ۪ونہٕ یوان۔
"
9089,"تۄہہِ وُچھِو یَتھ سکرینَس پٮ۪ٹھ تُہنٛدِ آرڈرٕكہِ درخاست اٗبھران۔
"
9090,ییٚلہ لیمبورگینی ین  1979 تھس منٛز اُراکو بناونہِ بنٛد كٕر ، 791 اُراکو آسہٕ بناونہٕ آمژٕ ۔ 
9091,یم چھ اکثر ہایی سکوٗلن، کالجن تہٕ یوٗنیورسٹین منٛز دِنہٕ یوان ۔
9092,کچواہا راجپوتو، پرتیہار راجپوتو، تہٕ  تومرا راجپوتو كور  12ہِمہِ  صدی پیٹھہٕ  16ہِمہِ صدی منز اتھ پیٹھ مغلن ہندِس قبضس تام بِلترتیب نارواڈس پیٹھ قبضہٕ ۔
9093,"ٹیمہٕ چھِ پرٛیتھ أکِس پانٛژھ جُرمانہٕ شوٗٹ کران تہٕ اگر نہٕ امہِ سۭتہِ کھیل طے گژھہِ ، ٹیمہٕ چھِ بیٚیہِ اَکھ جُرمانہٕ چلاوان یوٚتتھ تام نہٕ تِمو منٛزٕ اَکھ اَکھ تہٕ بیٛاکھ سکور کرِ۔
"
9094,نہہِ كلہٕ چھٗ لۄکٹہِ  اندرمٗك گۄڈنِیوٗك حِصہٕ ۔
9095,لوُکن چھٗ  پانیہ کٕننہٕ یِنہٕ  وول چیز سوزٕنہِ پیوان ، عموُمن ڈاكہٕ ذریعہ  ۔
9096,"اینگکلونگٕچ ابتدا چِھ 400 وٕریو برونٹھ مغربی جاوا، انڈونیشیاہس منٛز۔

"
9097,تمہ گینٛد تمام شٮ۪ن میچن منٛز تہٕ جاپانن زیوٗن دوٚیم مقام۔
9098,نومبر 2017 ہس منٛز دِژ اسلام پسنٛد دہشت گردانہ تنظیم آیی اٮ۪س آی اٮ۪سن کٗمبھ مٲلہٕ تہٕ تھرِ٘سوُر پوُرمس منٛز ینہٕ والین ہیٚنٛدِ ضٲیرینن  پیٹھ حملہٕ کرنٕچ دھمکی ۔
9099,"گۄڈٕیہ حُکمرٲنی باپت  تربِیت یافتہٕ اہلیہ بھائی کٔر ملہار راؤ تہٕ تہنٛدِس نیچِوِ  سٕنٛد مرنہٕ پتہٕ پیشوا مادھو راؤ اولس  عرضی زِ سُہ دِیہِ تٔمِس اتھہِ  ہولکر خاندانُک انتظام ۔
"
9100,تمام یورو مٗلکن منٛز  چھٗ پرٛٮ۪تھ سِکٗك اكھ طرف ہِوٗیہ ۔
9101,مثلن، Qg5 ہنٛد مطلب چُھ 'ملکہ چِھ جی فٲل 5  مس رینکس کُن منتقل گژھان'۔
9102,"تٔمۍ زیٖنۍ 1955 کس یوٗرپی چیمپین شپس منٛز یمن ایونٹن منٛز زٕ رۄپہٕ تمغہٕ۔
"
9103,2004 پیٹھٕ 2006 ہَس تام ٮچِھ تٔمۍ ایس ایس وی جان ریگنزبرگ خٲطرٕ  گیُندمُت۔
9104,ब्रश सिकरिप्ट ब्रश सिकरिप्ट छु अख केजवल कनेक्टिंग सिकरिप्ट टाइपफेस.  
9105,"فلور بال کھیل چھِ باضٲبطہ طور ترٛٮ۪ن وقفَن تام گنٛدٕنہٕ یِوان یُس پرٛیتھ أکھ 20 مِنٹَن (جونیئرَن خٲطرٕ 15 منٹ) تام روزان چھُ۔
"
9106,کونی فر٘ان٘سِس کونی فر٘ان٘سِس چھٗ اکھ امریکی پاپ گلوکار ۔
9107,تمۍ ہیژ اکھ ایکڑ زرعی زمین ملۍ تہٕ لوٚگ لاگنے کرنٕچہِ کوُشِش کرنہِ ۔
9108,"تٔمہِ سٕنٛزِ نامزدگی ہٕنٛز تصدیق کٔر امریکی سینیٹَن 11 اگست 2021 دوہ ۔
"
9109,تمہِ  کٔر سینٹ لوٗیِسس منز  واشنگٹن یونیورسٹی منٛز غٲر معمولی نفسیاتس منٛز ڈگری حٲصل ۔
9110,حالانٛکہِ كھاتہٕ  ہٮ۪کَن بیو٘ن ٲسِتھ، تۄہہِ پَزِ كھاتس پیٹھ پنٕنہِ دونوے ناو لیکھٕنہِ ،اگر توہہِ منزٕ اكھ  اَمہِ مۄکھٕ اگر تۄہہِ منٛز اكھ نا اہل بنہِ ۔
9111,فلیش میموری فلیش میموری چھِ کمپیوُٹر تہٕ الیکٹرانکس خٲطرٕ اکھ میموری سٹوریج آلہٕ  ۔
9112,اِنتِظٲمی کٔمیٖٹی، بر عظمٕکۍ نُمٲیِنٛدٕ تہٕ شیٚن برِعظمن ہندِ صدر یا   تِہِنٛدِ مُقرر کرِمٕتہِ فرد ر چھِ مجلِسہِ مُنتَظٔمیٖن بَناوان۔
9113,رحمان سٕند ایوارڈن منز چھ شیٚہ نیشنل فلم ایوارڈز، زٕ اکیڈمی ایوارڈز، زٕ گریمی ایوارڈز، اکھ بافٹا ایوارڈز، اکھ گولڈن گلوب ایوارڈز، پندہ فلم فیئر ایوارڈز، تہٕ سترہ فلم فیئر ایوارڈز ساؤتھ شٲمل۔
9114,اوڈیشہ کس مغربی حصس منٛز چھ سمبل پوٗر ضلعس منٛز ہیراکد ڈیم ددنیاہُک سارۍوٕے کھۄتہٕ بوٚڑ میٚژ ڈیم۔
9115,"یہٕ چُھ تجویز کرنہٕ آمُت زِ PCSK9 چُھ بنیٲدی طور جگر کین خلین پیٹھ LDL ریسیپٹرن ہُند تعداد کم کٔرتھ FH بناوان۔
"
9116,بہٕ چھس نہٕ ہیکان  کیمسٹری لیبہ ہنٛد مشک برداشت کٔرتھ۔
9117,"الیکٹرک کار چِھ شہری مقصدن خاطرٕ ڈیزائن کرنہٕ آمژ، ییتھ کنۍ زن شہر یا قصبہٕ۔
"
9118,سُو چھ پرنسٹن یونیورسٹی منٛز فزیکسُک شیرمین فیر چایلڈ یونیورسٹی پرافیسر۔
9119,جمایکہ، ییٚمہِ ٹورنامنٹَس منٛز صرف اکہِ لَٹہِ ہوٗرمُت چھُ، کوٚر 2011 ٹورنامنٹَس منٛز نہٕ گِنٛدنُک فٲصلہٕ۔
9120,اكہِ  سوال  زبٲنہِ پیٹھہٕ دویمہِ مانز اكھ سوال ترجمہٕ كرُن چھُ مُمكِن ۔ 
9121,نیشنل ویدر سٔروسن کوٚر طوفانن دوران  130 میل فی گھنٹہٕ كھو٘تہٕ زیادٕ  (210 کلومیٹر فی گھنٹہٕ) واوٗك  تخمینہٕ۔
9122,وٹامن بی ہٗك خراب مٮ۪قدار چھُ کمزور گژھنہٕ کس بدونِس  خطرس سۭتہِ وابستہٕ ہاونہٕ آمٗت ۔
9123,رواں رسمو ریواجو٘ حِسابہٕ  كٕرِ كینژو٘ حکمرانو اشوٕمیدھ تہٕ باقےٕ ویدِک یگیہ ۔ 
9124,یہ اوس سانتا مونیکا سٹوڈیوہن تیار کوٚرمت تہٕ سونی کمپیوٹر انٹرٹینمنٹن اوس شایع کوٚرمت۔
9125,یہِ چھُ خاص کٔرِتھ مندرٕن  نقد امدادم ن ہنٛدِ تعٲداد سۭتہِ  واضح گژھان، یم بناونہٕ آیہ ۔
9126,سٕہہ نژن والین منٛز چھ عموٗمن زٕ نفر پریتھ سہس اندر آسان ۔
9127,مستقبل كہِ نقدی ہندِ پكنٗك سہی  مۄل کرنہٕ خٲطرٕ چھِ منٲسب رعایتی  شرح ژھانڈٗن  ضروُری۔
9128,"شرارت تہٕ شک ہٮ۪تھ چھ سہ رٲژ منٛز أنیتایہ ہنٛد گرٕ گژھان تہٕ دار کنۍ گرس منٛز اژان۔
"
9129, چون مطلب کیا چھٗ؟ سو٘  ہیکہ نا دوبارٕ پکتھ؟
9130, دندن فلاسنٛگ کرنہٕ سۭتۍ چھ دندٕ ؤٹچِ أڑجہ کین یمن سخٕت بٮیمارن ہنٛد خطرٕ کم گژھان۔
9131,اگر کانٛہہ کٲنٛسہ مذہبی عقیدس پٮ۪ٹھ اختلاف چُھ کران ، تیٚلہ ہیٚکہ تمن پٮ۪ٹھ بدگُمٲنی ہنٛد الزام لگاونہٕ یِتھ ۔
9132,ہیوز، آرکنساس-ہیوٗز چھ امریکی ریاست آرکنساسک اکھ شہر۔
9133,اکثر چھِ یِم رنگین آب تیار کرنہٕ خٲطرٕ سیوٚدُے آبس منٛز پاکناونہٕ یِوان۔ 
9134,امِکۍ چھِ محدود شٲہد زِ  ڈرائیونگ سمیلیٹرس پٮ۪ٹھ  تربیت پتہٕ وتہِ ہٕنٛدۍ نِشانہٕ پرٛٮ۪زناونس منٛز گژھِ یہِ کارگر ثٲبت۔ 
9135,"یہ آو 1955 ہس منٛز دٔریافت کرنہٕ تہٕ 1958 ہس منٛز آیہ اتھ طبی استعمال خٲطرٕ منظوٗری دنہٕ۔
"
9136,سانہ ہمسایہ گٔری منٛز یس نوٚو سٹور کھلیوو تتھ گۄڑنکی دۄہ ییژ  برٕ وٕچھتھ وٕڑییہ مےٚ ہوش۔
9137,پرٛیتھ وہرٕ وود چھُ  مے٘ یاد دہٲنی ز بہٕ چٗھس وٲنسہ بڈان۔
9138,بِلكٗل بۄنہٕ كٕنہِ دچھِنِس كوٗنہٕ پیٹھہٕ كریو٘ آرڈرس ٹیپ -پتہٕ ژھٲنڈیو سُہ آرڈر ییٚمِچ تۄہہ  درجہ بندی کرنٕچ  ضرورت آسیٚو تہٕ  آرڈرس کٔریو  ٹیپ  ۔
9139,مےٚ گٔیہ دٕے  ییٚلہ بہٕ أکس سٹاک برٛوکرس سمکھیوس ییٚمۍ ساسہٕ بدین غریب لوکن ٹھگۍمتۍٲسۍتہٕ تہنٛدۍ پونسہٕ ہیتھ اوس ژوٚلمت۔
9140,"ہِنٛدُوستٲنۍ موسیٖقی چھےٚ ہتہٕ بٔدِۍ راگ اِستعمال کَران، یِم مغرِبی موسیٖقی منٛز چرچ موڈَو کھۄتہٕ واریاہ زیادٕ چھِ۔
"
9141,ٹورسٹین گرڈن اوس آزادانہٕ طور گلاب گینگس پیٹھ اکھ پروجیکٹ تہِ تیار کوٚرمت۔
9142,گجراتَس منٛز چھِ بین الاقوٲمی سطحَس پٮ۪ٹھ پننہِ تہزیٖبٗك اظہار   کرنہٕ باپتھ رَن اُتسو، بین الاقوٲمی پتنگہٕ  تہوار، تہٕ گلوبل گربھا تہوار ہِشہِ تہزیٖبی تقریبہٕ شُروٗع کرنہٕ آمٕژٕ ۔
9143,یوتام اوور ٹایِمس منز واپس نِنہِ ینہٕ والہِ گولُك تعلُق چھُ ، ووٚن رچرڈسن ز فلایرز کٮ۪و کھلٲڑٮ۪و بوٗز نہٕ پٔزۍ  سیٹی ۔
9144,اتھ نالس  پٮ۪ٹھ، آسہِ 1960 کس دٔہلس منٛز پانٛژ آبہٕ گر٘ٹہٕ ۔
9145,مِسالے، لۄکٹیٚن کارٕبارین  ہِنٛدِ خٲطرٕ چھِ وارِیاہ  سرکارِ  مٲلی اِمداد دٔستِیاب۔
9146,یِتھہٕ پٲٹھۍ آسنے نہٕ ژےٚ ہُریمان چیز یِم کٕنٕنۍ مُشکِل چھِ۔
9147,سُکدیری منٛز چھِ زٕ بجلی گھر،یمن  پرٛٮ۪تھ أکِس  65 میگاواٹ یوُنٹ چھِ ۔
9148,سہ چھ 1961 پؠٹھٕ 1971 تام لیورپولک کھلٲڑۍ آسنہٕ کنۍ مشہوٗر۔
9149,ییٚلہ سُہ کوچ اوس ، ٹیکن گیٚند 13 اہم باول گیمہٕ ۔
9150,کُنہ ساتہٕ اُوس سُہ پنٛنین کامین ہندِ خٲطرٕ مشہور آسان ۔
9151,وِواہ  پنچمی چھُ رام تہٕ سیتایہ  ہُنٛد خانٛدر مناونٗك اکھ ہیندِ تیوہار ۔
9152,ونٛدس منٛز چھِ درجہ حرارت اکثر بطور سرد  درجہِ بند كرنہٕ یوان ۔ 
9153,مصنوعات واپس نِنہٕ كیوخدشو بنٲوۍ صٲرِف  پننہ خریداری مٖتتعلق  زیادٕ سمجدار ۔
9154,مگر، واریاہ زیادٕہ شرح چِھ صرف مخصوص حالتن منز شمٲریٲتی طور اہم  ۔ 
9155,مقامی حکومتن چھُ تحقیقات شروع کوٚرمت تہٕ اکثر رپورٹ چھِ واتن وٲلۍ۔
9156,"یہِ چھُ غٲر محفوظ جنسی طریقن  سۭتہِ منسوُب کرنہٕ آمُت، یِتھ کٔنہِ زَن جنسی امتیاز، جسم فروشی، تہٕ رکاوٹَن ہٕنٛدِ تحفظُک استعمال کم گژھُن۔
"
9157,2016 ہس منٛز گوٚو انگولا ہس منٛز اکھ بوٚڑ وۄباہ  شروع تہٕ بٔڑس پیمانس پیٚٹھ ویکسنیشن مٗہمہِ ذٔریعہٕ قوبوُ كرنہٕ   برٛونٛہہ پھلیو٘ ہمسایہ مٗلکن تام ۔
9158,کھلاڑیو کٔر تہند فٲیدٕ تلن وٲلس لیڈرس خلاف سخت بغاوت۔
9159,دیین كو٘ر پتہٕ بنی نو اِنسان بناونہٕ باپت  اكھ ٹھوُل پٲدٕ ۔
9160,جاپان تہٕ ایچیگو صوبہٕ کین نقشن منٛز آیہٕ 1870 کس دہکس منٛز اصلاح کرنہٕ ۔
9161,سُہ اوس ساروٕے کھۄتہٕ مقبول جادوٗگَرَن منٛز اکھ ییٚمۍ اَکہِ المناک واقعہ پتہٕ جادوٗ کرُن تٕروٚو۔
9162,تس آسہٕ لۄکچارٕ پیٚٹھٕیہ مشینہٕ خۄش كران  تہٕ اوس تمو  سۭتہِ تجرٗبہٕ کران ۔
9163,"سروے منٛز آیہ 2 جولایۍ تہٕ 6 جولایۍ درمیان 2,536 کاسٹ کرنہٕ۔"
9164,یکساں دچہ شرۍ چھ اکھ أکس خٲطرٕ بہترین ڈونر بنان تکیاز تم چھ جینٲتی طور ہوی آسان۔
9165,سٲری بٲتھ چِھ پونَم ہری ہرنن لیٖکھمٕتہِ تہٕ تمام موسیقی چھےٚ اندرنیال ہری ہرنن ترتیب دِژمٕژ۔
9166,یہِ چُھ کھیٚنہٕ کِہِ  دانہٕ چہِ  پوٗزایہِ ہُنٛد تیوہار ۔ 
9167,جھیٖلس منٛز چھے٘ ذٲتی آبہٕ کھیلن ہنزٕ  تہٕ ناو چلاونٕچہِ سہولیات تہِ چلان ۔
9168,ماومن پٕر پتہٕ ناراین سٕنز “دِ ڈارک روُم“ تہٕ لیوُکھُِن تس  ، پننین تعریفن ہُند اظہار کران  ۔ 
9169,امہ مزید کانہہ تہِ مقامی یِم انگریزَن سۭتۍ تعاون کرنک جُرت کرن،تِم چھِ یِوان  عیالس ہیتھ خوف زدہ کرنہٕ۔
9170,2014 منٛز نِیوٗو  أمہِ  کلرز ٹی وی كِس  رئیلٹی سٹنٹ سیریز فیئر فیکٹر: ختروں کے کھلاڑی  5  ژس منٛز حصہِ ، یَتھ منٛز یہِ شو منز كڈِتھ ژھننہٕ یِنہٕ واجینہِ  گۄڈٕنِچہِ  وۄمیدوار ٲس ۔
9171,بناونس منز  تہِ گوٚو واریاہ اضافہٕ ییٚلہ صارفینن باپت چیز بناون واجِنیو  کمپنیو شہرس منز پٲداوٲری اكٲییہِ تہٕ صدر دفتر قٲیِم كٕرِ ۔
9172,بہٕ چھٗس تمہ ساتہٕ بدِل ملوٗل گژھان  ییٚلہ اکھ نشہٕ خوٗری  ہنٛد مٖشیٖر آسنہٕ پتہٕ تِہ  بہٕ نشہٕ كھوٗری  منٛز مبتلا ساسہٕ بدٮ۪ن لوٗكن  کانٛہہ تہ مدتھ كرِتھ ہٮ۪کان چھٗس نہٕ ۔
9173,بُدھ بھُشنس منز  چھُ سامبھا  جی شِوا جِیس اوتار مانان ییمۍ بُتراتھ رٔچھِ تہٕ حق پسندی  بحال کٔر ۔
9174,شوبوشی اوس گوٚڈنیک پہلوان ییٚمس وایرس لارنک تصدیق سپد۔
9175,ماننہٕ چھُ یِوان زِ کُنڈل پوٗر چھُ مہاویر سٕنٛز زینہٕ جاے، یُس جین متُک 24 ہِم تیرتھنکر چُھ۔ 
9176,یہِ مذہبی مقام چھُ شکتی مت، بدھ مت تہٕ ویشنو متَس سۭتۍ وابستہٕ۔
9177,فالج پتہٕ افاسیا خٲطرٕ كتھ كرنٕچ تہٕ زبانہِ ہنزِ  تھیراپی چھِ كان٘ہہ تڮرپی نہٕ آسنہٕ كھو٘تہٕ عملی  مواصلاتس، پرنس، لیکھنس تہٕ تاثرٲتی زبٲنہِ منز بہتری انان ۔ 
9178,یہِ ہٮ۪کَو اِنٹراوینس تھیراپی یا اِنٹرامسکیوُلر انجیکشن ذٔریعہٕ دِتھ ۔ 
9179,کالی کٹ انٹرنیشنل ہوٲیی اڈٕ، یس 1988 تھس منز کھولنہٕ آو، چھ کیرالہ ہک دوٚیم ساروٕے کھۄتہٕ پرٛون تہٕ مالابار علاقک ساروی کھوتہٕ پرٛون ہوٲیی اڈٕ۔
9180,"پنڈووَس منٛز برہم پُترہَس منٛز سارِوٕے کھۄتہٕ زِیٛادٕ دَرٕج شُدہ  یومیہ اخراج  اوس اگست 1962  مربع 72,726 میٹر فی سیکنڈ  ییٚلہِ زن ساروِی کھۄتہٕ کم اوس 1968 فروریس  منٛز  1,757  ربع میٹر فی سیکنڈ ۔"
9181,مورگٕس طٔریقہٕ چھُ بٔڑِس پیمانَس پٮ۪ٹھ ایٚزِتھرومیٚسن سۭتۍ علاج کرُن شٲمِل۔
9182,2020 تام ٲسۍ 15 ملک یم یاوزکۍ  مرکز ٲسۍ، تہٕ حال کیو دریافتو مطابق چھُ لایبیریا تہٕ فلپاینن منٛز یاوزُک مرکزی ٹرٛانسمِشن علاقہ۔
9183,बूटिंग  : बूटिंग गव  यि कमप्यूटर शरू गछ्नॅ विज़ि  गछान छु.
9184,مقصد چھ یہ ز تہۍ تہٕ تہنٛد بوج دۄشوٕے گٔژھو تمن ضرورتن ہندین حدن پیٹھ کٲم کرٕنۍ یم تۄہہ رٔلتھ ملتھ طے چھ کٔرۍمٕتۍ۔ 
9185,"دۄشوٕنی صورتن منٛز، وتھ مُکمل گژھنہٕ پتہٕ ہیکن کوہ پیمٲیی واپس بۄن کُن پکان اگر اکھ متبادل نزول وتھ موجود آسہِ، یا رَزِ سۭتۍ ریپل (ابسِیل) بۄن کُن ؤستھ۔
"
9186,یہ کاؤنٹی ٲس 1777 منٛز پاسکوٹینک کاؤنٹی کِس شمال مشرقی حِصس منٛز بناونہٕ آمٕژ ۔
9187,گاڈن سۭتہِ وابسطہٕ تجارتَن منٛز تہِ گیہ  واریٛاہ لوُکھ  متٲثر ۔ 
9188,ستم ظریفی چھےٚ یہ ز أمۍ سنٛد سورُے خانٛدر تہٕ زندگی ٲسۍ اپز۔
9189,زیادٕ تر نمائندگین چُھ اصول یمن پیٹھ تمن عمل کرنک ضرورت چِھ۔
9190,ہِندوستانس میٛلیٛیہِ برطانوی راجہٕ نِش1947 ہس  منٛز آزٲدی۔
9191,"تَوَے کَرٕ بہٕ اکہِ عام کھیلِہ باپت تیٲری۔
"
9192,"نماز ہندس اجتماعس منٛز زنانَن ہٕنٛز شرکت چھِ کمیونٹی پیٹھ کمیونٹی تام مختلف آسان۔
"
9193,"نانا صٲحبن بنٲوِ  دارالحکوٗمت پوُنے تہٕ مرٲٹھا سلطنتٕ کین  باقٕی حصن منٛز نہرٕ ،کٔدٕل، مٔنٛدِر تہٕ 
 مٗصافِرن باپت روزن جایہِ ۔"
9194,"20 ہِمہِ صٔدی منٛز آو یہِ دٔریاو آبپاشی تہٕ پن بجلی پٲدٕ کرنہٕ خٲطرٕ بیاس پروجیکٹس تحت تیار کرنہٕ۔
"
9195,مانیک شاہ سٕنٛزِمنٛصوٗبہٕ  بند  حِکمت عملی پٮ۪ٹھ پَکان کٔرۍ فوجن مشرِقی پٲکِستانس منٛز واریاہ تیٲری ہِنٛدۍ عملِیات شُروٗع، یتھ منٛز مقٲمی جنگجوُ بنٛگٲلہِ قوم پَرستن ہِنٛزِ جمٲژ مُکتی باہِنی ہنز تربِیت تہٕ تِم لیس كرٕنہِ  تہِ شٲمِل اوس۔
9196,اَمِہ پتہٕ کوٚر تٔمہِ ایکس ڈاٹ کام شروع یُس پے پال بناونہٕ خٲطرٕہ کمپنی سٕتہِ ضم گوو ۔
9197,2011 ہس منز بنیوو ایسٹونیا یورو استعمال کرن وول 17ہِم  مٗلک ۔
9198,دِلچین رگن ہنز بیمٲرِ  چھِ اچانک مرنٗک ساروی کھوتہٕ مٗشترقہٕ  وجہہ ۔
9199,ٹیلی نوویلزن منز اداکٲری پتہٕ آو سہ ہالی ووڈ کین باقی فلمن منٛز وٕچھنہٕ ۔
9200,مےٚ چھےٚ شرارت ز پوٗرٕ راتس رود پاور یوان تہٕ گژھان۔
9201,ییمہِ  اہم مضموُنٗك ٲخری تٲریخ چھٗ  تیزی سان  قریب یوان ، تہٕ مے٘ چھٗ انتہٲیی تناو محسوس سپدان ۔
9202,یہِ لیٖگ چلییہِ  1989 پٮ۪ٹھٕہ 1997 تھس تام  بطور میجر اِنٛڈور لیکروس لیٖگ ، ییٚلہِ شےٚ ٹیٖم 10 گیم  شیڈیُول گِنٛدان ٲسہِ ۔
9203,2008 منٛز کٔر تٔمۍ ورلڈ وایڈ ویب فاونڈیشنٕچ بنیاد تہٕ بنیٛیہ ڈایریکٹر۔
9204,"تم دوا یمو الرجک رد عمل پٲدٕ كرِمٕتہِ چھِ یِمن ہٗند شبوُت بطور پھیپھر چھِ ، تمن منٛز چِھ کوڈین، مورفیاہک سلفیٹ، ڈیکسٹرومفیٹامائن، ایسپرین، آئیبوپروفین، پینسلن، کلوٹریمازول، ٹرائیچازول، سلفونامائڈز، اینٹی کونولسنٹس، سیفاکلر، پیراسیٹم، ویکسین، تہٕ اینٹی ڈائیبیٹک دوا شٲمل۔
"
9205,یِتھ کٔنہِ زن وِکی پیڈیا، یُس زن بس آن لاین انسایکلوپیڈیا ہٕچ اکھ مثال چھُ ۔
9206,سِسٹسرکوسِس چُھ پوٗرٕ دنیاہس منٛز علامتی مِرگی ہٕنٛدۍ ساروٕے کھۄتہٕ عام وجہ۔
9207," پنٕنۍ بَچتھ کرنہٕ خٲطرٕتُہنٛد گۄدٕنیُک قدم چھٗ  پوٗرٕ وقتس یا كم وقتس باپت روزگار لبٗن  ۔
"
9208,پُلیسہٕ مطٲبق، پارٹی منٛز گژھن وٲلۍ 12 نفر آے ایمبولینسہِ ذریعہٕ اُوبرن تہٕ کانکوڈ ہسپتالس منٛز نِنہٕ یتن تِمَن دوا تیز گژھنہٕ کِس شکس پیٹھ علاج آو کرنہٕ۔
9209,واریاہن معاملن منٛز چُھ قٲتل خۄدکشی کران یا پلیٖس دٔسۍ مارنہٕ یوان۔
9210,لہاجنگ تہٕ ایلنگ جانی تہِ ٲسۍ اہم دریاو۔
9211,وننہٕ چُھ یوان زِ پریتھ ؤریہٕ ٲس دیوی یوان انسٲنی قربٲنی پیش کرنہٕ ۔ 
9212,تمام بول یم سکاٹ ویلینڈن چھ لیکھمتۍ ، بجز ییتہٕ نوٹ چھ آمت کرنہٕ ۔
9213,سندھكۍ  گورنرن مٲنۍ نہ  نادر شاہ سٕندۍ  مطالبات ۔
9214,تم ہٮ۪کن زیادٕ کھوتہٕ زیادٕ آکسی کوڈون چٮ۪تھ یتھ سہ اصل احساس جٲری روز۔
9215,سلم ڈاگ ملینیئر باپتھ تہنٛزٕ موسیقی کٔر تٔمس 81 مہ اکیڈمی ایوارڈس منٛز بہترین اصلی سکور تہٕ بہترین اصلی بٲتھ حٲصل۔
9216,"یہِ چھ مرکز پٮ۪ٹھٕ پیرس کٮ۪ن جنوبی مضافٲتی علاقن منٛز۔
"
9217,یہِ گوٚو 3.8 بلینس وری  أنٛدۍ پٔکۍ ایورکینس دوران ظٲہر۔
9218,السرٹیو کولائٹسک ردعمل چھ ممکنہٕ طور واریاہ سازگار یتھ منٛز اکس مطالعس منٛز  یہِ مکمل پٲٹھِ مۄكلن والین  مریضن ہٗند % 67.7 آسٗك اطلاع چھُ ۔ 
9219,"تٔمہِ  کوٚر یہِ تہِ نوٹ زِ بروڈورَن کٔرِ نہٕ واریاہ بٔڑ بچاو ۔
"
9220,مےٚ چھہٕ بہانٕے ز تۄہہ دژوٕ کانٛہہ کاروٲیی کرنہٕ یا کٲنٛسہ زانٛکٲری دنہٕ بغٲر منصوٗبٕچ ڈیڈ لاین نیرنہٕ۔
9221,پالار دریاوس ارٕ ورٕ آبپٲشی باپتھ بندٕ  پیٹھہٕ چھٗ   پالار دٔریاوک آب چھ کوسستھلایار دٔریاو کس طاسس منٛز واقع پونڈی ذخیرس  تہٕ ادیار دریاو  طاسس منٛز واقع چیمبرامبکم جھیٖلس کٗن پھرونہٕ آمٗت۔
9222,"چونکہ خرگوش چُھ آسٹریلیاہس منٛز اکھ کیٚوم، ایٖسٹر بِلبِی چُھ بطور اکھ متبٲدل دستیاب۔
"
9223,ککر اوس بُرہان پور کین ہندیو نِش جزِیہ سومبراونہٕ چہِ کامہِ پیٹھ تاینات۔ َ
9224,مہاراشٹر کرکٹ ٹیم ، ممبئی کرکٹ ٹیم ، تہٕ ودربھ کرکٹ ٹیم ۔
9225,"6 وری کھۄتہٕ کم وٲنسہ ہٕندین شرین ہُند کل تعداد اوس 7,423,832۔"
9226,اوپٹِیما، اوکلاہوما- اوپٹِیما چُھ  امریکا کہِ اوکلاہوما ریاستُک اکھ شہر۔
9227,تٔمۍ کٔر 1947 منٛز سائٹوجینیٹکسس منٛز اعلی امتیازس سۭتۍ پوسٹ گریجویٹ ڈگری حٲصل۔
9228,مہاویر سنٛد مجسمہ اوس کرکلا ہس منٛز گرینائٹ چٹانہٕ پیٹھٕ لوٹس آکارس  منٛز تراشنہ آمُت۔
9229,ییٚلہِ بچتٕچ کتھ آسہِ، تۄہہِ پَزِ وٗنہِ شُروٗع کرُن۔
9230,ہِندوستٲنہِ  ذرایہ ابلاغس  منٛز آو اتھ سٔہلابس ’’ہمالین سُنامی‘‘ ونٛنہٕ۔
9231,1962 منٛز زیون پاولزن ٹور ڈی فرانسس منٛز جنگی اعزاز۔
9232,"نیٖلٲمی منٛز آیہِ 400 کھۄتہٕ زِیٛادٕ کِھلٲڑِ ہتھوڑِ تل تہٕ 12 ٹیٖمن ہِنٛدِ طرفہٕ ₹46.99 کرور رۄپیہِ خرٕچ کرنہٕ۔
"
9233,پوٗرٕ دنیا ہَس منز کوٚر زیادٕ تر پریسَن جلیانوالہ باغٕچ دٔلیٖل یاد، تہٕ او ڈایرس پیٹھ لگووُکھ قتلِ عامُک ذِمہ دار آسنُک الزام۔
9234,"پنٛنِس قرضس متعلق تہِ روزِو ایماندار۔
"
9235,دۄشوٕنی برونٛہہ چھُ گۄڈنیتھ کوٚٹھین پیٹھ نوٚمرٲوِت بِہنہٕ یِوان یوٚس مژَھ گۄڈیٚے بران چھُ تہٕ  نِشانُک طاقت چھُ بڑاوان۔
9236,وننہٕ چھ یوان ز پیٹر تہٕ کیتھرینس ٲسہِ دونونی  واریاہ محبت کرن وٲلہِ ۔
9237,دنیاہس منٛز ساروٕے کھۄتہٕ قٔدیم تہٕ پرٛانؠو کھیلو منٛز اکھ مانٛنہٕ ینہٕ وول کھیل، ریسلنگ چھ ہندوستانس منٛز اکھ شانٛدار ماضی۔
9238,اتھ منٛز چھ محمان خدمت مركز تہٕ جانورن ہنٛدِ کینٛہہ مسکن ۔
9239,"تٔمۍ تہٕ تٔمۍ سٕنٛدۍ لۄکٕٹۍ ٹیمن، یَتھ منٛز پیٹر مائلز تہِ شٲمِل چھِ، لوٚڑ دۄن ؤریَن تام یہِ یقینی بناونہٕ خٲطرٕ زِ یہِ سپدِ۔

"
9240,چِتڈر کٮ۪و کھوٗژِمٕتٮ۪و عٔظیٖم اۄہدٕ دارو٘ کوٚر پدمِنی علاودیٖنس حَوالہٕ کرنس پٮ۪ٹھ غور۔
9241,دٔلیٖل چھےٚ وضاحت کران زِ تٔمۍ گیہٕ ترٛیٚن زنٛگن وٲلِس کاوس پتہٕ ۔
9242,یہ چھٗ اشتعیال انگیز ییلہ اكھ  مٗلک دویمِس ملکس  ہتھیار دِتھ جنگچ حوصلہٕ افضٲیی کران چھُ ۔
9243,یمن لوکن ہیکہ نہ کانٛہہ اشارٕ یا واضح علامتھ ٲسِتھ ۔
9244,"تِکیازِ لوٗکھ ہٮ۪کَن وِکی لیٚکھِتھ، وِکیٖمیٖڈیا پرٛوجیٚکٹ چھِ اِستعمال کرنہٕ خٲطرٕ مُفت۔
"
9245,سوٗد برنہٕ نِش بچنہٕ خٲطرٕ تہٕ پَنُن کُل ایٚف آیہ  سی او کرٛیٚڈِٹ سٕکور بہتر بناونہٕ خٲطرٕ کٔرِو ہر رٮ۪تہٕ وقتس پیٚٹھ تہٕ مُکمل رقم ادا۔
9246,انتظامی طور چھےٚ ریاست 38 ضلعن منز تقسیم کرنہٕ آمٕژ۔
9247,امہِ پتہٕ کٔر أمہِ  کنٛنڈ فِلِم بَچن تہٕ ہِنٛدی فِلِم بٕلَڈی عِشقس منٛز دۄن آیٹم سانٛگن ہِنٛز عقس بندی ۔
9248,آر بی آٮٔی ہیکہ نہٕ پونسہٕ سونس منز تبدیل کٔرتھ ۔
9249,بھیم تہٕ راکشَس درمیان گوٚو زبردست جنگ، ییٚتہ دۄشوٕنی مساوی جنگجوو اکھ أکس پیٹھ کَنیہ تہٕ کُلۍ دٲرِتھ دِتۍ۔
9250,وۄں گوٚو، فایر فاکس چھُ پننہِ ویب سائٹہِ پیٹھ اکھ پیج فراہم کران یَتھ منٛز زیادٕ سرچ انجن شٲمِل چھِ یِم تُہۍ اتھ مینوَس منٛز شٲمِل ہٮ۪کِو کٔرِتھ، یَتھ منٛز وکیپیڈیا ہٕنٛز تلاش تہِ شٲمِل چِھ۔
9251,"ییٚلہِ تِمن پروڈیوسر رد کران چھِ یِم پنُن مسوڈٕ  پرنس انکار کرن، تِم چھِ کِتابہٕ  دُکانن تہٕ شایری ہندین تنقیدن أنٛدِ پٔکہِ  نژان بے شرمی سان کورٮ۪ن دھكہٕ دِوان۔
"
9252,یہِ چھُ 1980 کہِ دہلہٕ پٮ۪ٹھ جاپانَس منٛز ساروٕے کھۄتہٕ بوٚڑ پی سی کٕنَن وول تہِ روُدمُت۔
9253,تِم چھِ تس أکس نوِ زمانٕہ چہِ زنانہِ منٛز تبدیل کران تہٕ گھرٕ سوزان۔
9254,مکی وایرس چھ ڈی اے آر موشن پکچرزن ٹرائلوجک ڈیجیٹل میڈیا لمیٹڈ تہٕ آوسم فلمز پرائیویٹ لمیٹڈن سۭتۍ ملتھ پروڈیوس کوٚرمت۔
9255,دۄشویی  گول کیپرو کِٔر پنٕنہِ طرفٕ برابر تھاونہٕ خٲطرٕ بچاو ، موزیلیمن کٔر سعودی عربٕچ سطح وقفہٕ وِزِ برقرار تھاونہٕ باپت گۄڈنکس ہافس منٛز زٕ  ژیرٕ ۔
9256,واریہن جراثیٖمَن منٛز چھ یِم طریقہٕ آسان ز تم گژھن نہٕ فیگوسایٹو نِش کھینہٕ یا مارنہٕ یِنۍ۔
9257,1660ٹھس منٛز ،آو  چارلِس دوم  واپس برطانیہ اننہٕ تہٕ بیوُٹھ تختس  ۔
9258,رِیٲستی آفٲتی اہلكارو  ووٚن زِ موٗجوٗدٕ سَمندٕری طوفانَ  پناہ گاہو علاوٕ چھِ سکوُل تہٕ کمیوُنٹی ہال كڈنہٕ ینہٕ والین باپت بطور خٲطرٕ راحت کیمپ  کٲم کران۔
9259,کینن بالہٕ سۭتۍ گیۍ سکلز سٮ۪ٹھاہ زخمی تہٕ اکھ زنٛگ ہٲرن۔
9260,واریاہ کیکٹی چھ خۄشک جاین منٛز روزان ، یتھ کٔنہِ زن ریگستانن۔
9261,بہٕ چھس ماڈیولر کچن نسب کرنہٕ کس عملس متعلق ہنا فِكر مند ۔مے٘ چھے٘ وومید  ز ماڈیولر یونٹ لاگنس دوران واتہِ نہٕ میٲنہِ رسویہ ہندین  دیوارن یا فرشس کانٛہہ تہ نۄقصان ۔
9262,سُہ آو ستمبر 2013 ہس منٛز چیک ریپبلِکُک عارضی ہیڈ کوچ نامزد کرنہٕ۔
9263,"اِسامی سٕنٛدِ فتوح الصلاتینَس مُطٲبِق دِیُوت التمشَن جواب زِ اَمہِ قسٕمٕکہِ  وَراشتی دعوٕا کرنٕکہِ  دۄہ مۄکٕلییہِ ۔
"
9264,چھیكرس ، ریکٹ بال،اكھ  یٗتھٗیہ کھیل، تہِ چھٗ چُھ امریکہ ہس منٛز  گنٛدنہٕ یوان۔
9265,انڈین نیشنل آرمی ہٗند جنرل لوگناتھن آو انڈمان تہٕ نکوبار جزیرن ہند گورنر بناونہٕ۔
9266,واریاہ غور و فکر کرنہٕ پتہٕ کوٚر تکارام تہٕ سندری حکومتس سۭتہ محادٕ۔
9267,"تِہنٛدٮ۪ن پروگرامن متعلق مزید زانکٲری حٲصل کرنہٕ خٲطرٕ، تہٕ تِم لِنکہٕ ژھارنہٕ خٲطرٕ یِم تۄہہِ تُہنٛدِس علاقس منٛز موقن کُن واتناون، ؤچِھو تِہنز ویب سایٹ۔ 
"
9268,پورٕ زوالس دوران رود غذٲئی نمونہٕ ہوی۔
9269,یہٕ آو ٹرانسلیٹ کرنہٕ تہٕ ریاضی ہنٛد ترجمہٕ آو 19 مہ صدی کس ٲخرس منز کرنہٕ۔
9270,ایزہوُمتوُر ایزہوُمتوُر چُھ پتھانامتھیٹا ضلع ، کیرلہ ، ہندوستانُک اکھ گام۔
9271,سیاحو چھ کیرالہ کین زیادٕ تر بندرگاہن منٛز مسلمان سوداگرن ہنٛز واریاہ  موٗجوٗدگی تہٕ روزن والین سوداگرن ہنزن بستین ہنٛد ذکر درج کوٚرمت۔
9272,"أتھۍ دوران کوٚر اہلیہ بھائی گوہد قٕلَس پٮ۪ٹھ قبضہٕ۔
"
9273,اسہِ چھٗنہٕ یقین ز تۄہہِ ہیٚکوا امہ قرضٗک طویل مٗدتی مٲلی بور  برداشت کٔرِتھ ۔
9274,"یہ چھ لگ بگ 245 کلومیٹر زیٹھ تہٕ امیک نکاسی علاقہٕ چھ تقریبا 5,410 مربع کلومیٹر ۔"
9275,تٔمۍ گزٲرۍ 1959 تہٕ 1971 تھس درمیان سیگنڈا ڈویجنس منٛز بہہ سیزن۔
9276,سۄ تہٕ تٔمہِ سُنٛد بوے، بطلیموس XIII ،بنییہِ  مصرٕکہِ  رہنٗما ۔
9277,تٔمۍ سٕنٛدۍ انتظامیہ ہن کٔر أکس بجہِ معٲشی تبدIلی ہنز نگرٲنی تہٕ واریاہ اندروٗنی واقع تہِ وٕچھِن ییٚمۍ ہندوستانٕچ قومی سلامتی مُتٲثر کٔر۔
9278,واریاہ اخبار تہٕ رسالہٕ چھ ہندی، انگریزی تہٕ اردوس منٛز شایع گژھان۔
9279, کمپنی آیہِ 1913ہس منٛز بطوركٗمبٗك وٲنہِ وان ایسینس منز شروع كرنہٕ ۔
9280,موسمٕچ تبدیلی موسمٕچ تبدیٖلی چھ زمیٖنی موسمٕچ تبدیٖلی۔
9281,تاہم، باقٕے واریاہ ملکن منٛز چھ یہ وٕنہ تہ غٲر معمولی زانٛنہ یوان۔
9282,یمن خرچن خٲطرٕ کٔریو پنٛنہ بجٹک تقریبا 30 فیصد بجٹ بناونٕچ کوُشش۔
9283,"کرشن دیو رایہ سٕنٛز  حكوُمت چھِ تیلگوُ ادبُک سوٚنہری دور ماننہٕ  یِوان۔
"
9284,ماؤنٹ آبوُ تہٕ شترٗنجیا ہكہِ   شِکھر جی  ہیتھ اشٹ پد، گِرنار، دِلواڑہ مندر  چھِ بطور  شویتامبر پنچ تیرتھ زاننہٕ یِوان۔
9285,دسمبر 2005 منز کٔر آلریڈن بیلر پیٹھ بی۔اے گریجویشن ۔
9286,"نپاہ وایرس بٮ۪مٲر چھےٚ اکھ بٮ۪مٲرۍ یۄس اکہ خطرناک وایرس کہ وجہ سۭتۍ چھ گژھان۔
"
9287,"رٮ۪وٲیتی طور اوس سَفَر کرن واجِنہِ نژن والین ہنز  ٹوُلہِ  پوُرٕ پٲٹھہِ مردن پیٹھ مبنی آسان  (اکثر برہمنن)، یِم گامہٕ پتہٕ  گامہٕ نژان ٲسہِ تہٕ أکِس ہیٚنٛدِ منٛدرَس لَرِ سٹیجَس پٮ۪ٹھ  پیشكاری  کران ٲسہِ  ۔
"
9288,عام اِشارن تہٕ علامتن منٛز چِھ تپھ ، تٲرٕ ، روتلہِ  عٲرق، مٲل مشٗن ، وزن کم گژُھن، تہٕ تھکاوٹ شٲمل۔
9289,مثال پٲٹھۍ نیٹ شاٹ چھ حریفس شٹل کاکس تُلنَس پٮ۪ٹھ مجبور کران یمہِ سۭتۍ ٹاس دِنُک موقعہٕ چھُ مِلان۔
9290,केंह छि बुनयादी कमप्यूटिंग हिंज़ इब्तिदाई तारीख सातय तालुक थवान ।
9291,ییٚلہِ تہِ اطالویَن پکَس پیٹھ قبضہٕ کوٚر تہٕ باسان اوس زِ تِمَن آسہِ سکور کرنُک واریٛاہ کم موقعہٕ، روسی شایقو ہیوٚت بڈِ بڈِ چِیَر کرُن ۔
9292,پرٛیتھ تحصیل چھ بلاکن پیٹھ مشتمل یِہُند کل تعداد 150 چھ۔
9293,ریاستس منز چھِ ترےٚ بین الاقوٲمی ہوایی اڈٕ، چھترپتی شیواجی مہاراج بین الاقوٲمی ہوٲیی اڈٕ، ممبیی، ڈاکٹر بابا صاحب امبیڈکر بین الاقوٲمی ہوٲیی اڈٕ، ناگپور، تہٕ پونے ہوٲیی اڈٕ۔
9294,کمانہِ پیٹھ  کٮ۪ن مُختلِف نۄقتن  پیٹھ سٹیبلائزٕر لَگٲوِتھ ۔
9295,سُہ اوس تقریباً 2589 پیٹھہٕ 2566 قبل مسیح تام مِصرُک بادشاہ۔
9296,یِہ بوٗزِتھ گوو ناردس وشنوٗوس بے عزتی کرنس پیٹھ افسوس۔
9297,مےٚ ترٛوو چنٛدس اتھٕ پنن بٔٹوٕ کٔڈتھ پونسہٕ دنہٕ باپت۔ مےٚ گوٚو پھرٹھ ز یہ اوس روومت۔ 
9298,کیمپنگ (سنتھا/اکھارا)، کھین، آب، صفائی ستھرائی، ایمرجنسی صحتچ دیکھ بھال، نارٕچ خدمات، پولیسنگ، آفات کہ انتظامٕچ تیاری، تہٕ لوکن ہنٛز نقل و حرکت خٲطرٕ چھ اہم پیشگی منصوبہٕ بندی ہُند ضرورت آسان۔
9299,جیولِک تَصور اوس اَکھ بازَر تہٕ اَکھ شَہرِی پارک  یکجا کرنُک۔
9300,ژےٚ کیٛاز گوٚے بلیڈ بدلاون مٔشتھ؟ مےٚ چھ بٕتھس پھٔلۍ درامٕتۍ۔
9301,انتخابو ٲس اصلی اَتھ اِقدامس بٔڈِ تعداد سۭتۍ حمایت ظٲہر کٔرمٕژ ۔
9302,"روسؔر چھ امریکی ریاست ٹیکساسک اکھ گام۔
"
9303,ملاپیریار ڈیم چُھ پیریار تہٕ ملیار کس سنگمس پیٹھ پیریار تھیکاڈی جھیٖلس تہٕ ٲبی ذخیرس سۭتۍ پیریار نیشنل پارکہ جایہ بناونہٕ آمٗت ۔
9304,ہیلیفیکس گو پتہٕ بینک آف سکاٹ لینڈس منز ضم تہٕ بنووٗن  ایچ. بی. او. ایس ۔
9305,نواکھائی چِھ کمیونٹی تہٕ گریلو دۄشوٕنی سطحن پیٹھ مناونہٕ یِوان۔
9306,یہِ علاقہٕ چُھ بمبَیہ  ہاے کورٹ کِس دٲیرے یختیارس تحت یِوان۔ 
9307,تمو کر یونیورسٹی آف ہسٹری اینٛڈ فلاسفی کالج تہٕ لا سکول پیٹھٕ گریجویشن۔
9308,چیرامن پیروملس آیِہ ایراڈِس سٕندِ طرفہٕ یقین دہٲنی کرنہٕ ز تم کرن ریار سندِس قٲیِم کرمتس قلعس پیٹھ قبضہٕ۔
9309,ورنداونس منٛز چُھ یہ دۄہ خاص پوُزایہِ  تہٕ رادھا کرشن سٕنٛزِ پوُزایہِ ہندِ ریوایتی ریواج سٕتہِ مناونہٕ یوان۔ ییٚتہ چھٗ  تیوہار شُراہن دۄہن جٲری روزان۔
9310,"میرٹھس منٛز، اکھ بٔڈ فوجی چھاؤنی، 2,357 ہندوستٲنۍ سپاہ تہٕ 2,038 برطانوی فوجی 12 برطانوی انسان بردار بندوقو سۭتۍ آیہ تعینات کرنہٕ۔"
9311,ساروی کھۄتہٕ تھود بال چھ ہوہی اچٹ یمیچ بلندی چھ.
9312,فوجی حٗکامو تہ ہوو  متضاد ردِعمل۔
9313,مایکل تہٕ جین چھ میری ہنٛد شکریہ ادا کران یتھے سۄ چھےٚ واپس آسمانس منٛز وٕڑان۔
9314,"بالی وُڈ ہنگامہٕ ہکہِ  ترن آدرشَن دِِتہِ اتھ 2.5 سٹار۔
"
9315,"خاصكر  اگر تو٘ہہِ  کُنہِ بٔڑِ شہرُک دورٕ چھِو کران، سیٹھاہ تادادس منز تھر٘فٹ سٹور چیٖزن ہنز وصیح ژٲر پیش کران، اکثر بہتر معیارٕکہِ ۔
"
9316,1963 منز 18 وہر وٲنسہ منز کوٚر کافمینن ٹونی کرٹسس سۭتۍ کھاندر ۔
9317,کنجوُر ون کنجوُر ون چھٗ وینکوٗور ، بر٘ٹِش کولمبیاہٗک اکھ ایلیکٹر٘انِک موسیقی ہٗند  پروجیکٹ ۔
9318,"أمۍ چھِ موسیقی ہِنٛدۍ شیٚے صنف ایجاد کرۍمتۍ : خیال، ترانہ، نقش، گُل، قال، تہٕ قلبانہ۔
"
9319,شریٖک گژھن وٲلہِ رُکییہِ 5 اپریل چہِ رٲژ ڈانڈی منٛز، ییٚمچ یادگاری تقریٖب 7 اپریل کہِ دۄہ انٛد وٲژ۔
9320,چنئی کس ایگمور میوزیمس منٛز چھ آڈیو گائیڈک معیار خراب۔
9321,جزٲیر انٛڈمان تہٕ نِکوبارس منٛز چھےٚ اکھ گرم خطن ہندین  بٲرشی جنٛگلن ہٗند سایہبانہٕ ، یٗس ہندوستٲنہِ ، ماینمٲرِ، ملیشیٲیی  تہٕ مقٲمی نباتاتن ہٕنٛدِ رلہِ مِلہٕ عنصرو سۭتہِ بنیومٗت چھٗ ۔
9322,وومینز لیکروس ورلڈ کپ (ڈبلیو ایل ڈبلیو سی) گوٚو 1982 منٛز شروع۔
9323,"ہِندوستان چُھ ہِنٛدوستٲنۍ آیین کِس آرٹیکل 1 مطابِق رِیاستن تہٕ مركزی زیر انتظام علاقن ہُنٛد اَکھ اتحاد ۔
"
9324,مینو چھ صدمہٕ سۭتۍ مفلوج گژھان ییٚلہ زن تنیجا زندٕ روزنس منٛز کامیاب چُھ گژھان، عمر قیدک سزا دنہٕ برٛونٛہہ۔
9325,سہُ چھُ اصلی تامِل فِلمن منز کٲم کران  تہٕ چھن تیلگوُ ، ملیالم ، کننڈ، ہیندی تہٕ بنگٲلہِ فِلمن منز تہِ کٲم کرمٕژ ۔ 
9326,آثار قدیمکۍ ثبوت چھِ 1500 قبل مسیح پتھ برۄنہہ اَتھ علاقَس منٛز انسٲنی آباد کٲری وجودس منزینس ڈکھ رٹان۔
9327,ہُپٲرۍ، آیہِ بیٚین ترجیٖح دِنہٕ یا صرف کٚنہہ فنکارن برقرار تھاونہٕ یا فنکارن عٲرضی طور یِنٕچ دعوت دِنہٕ۔
9328,ہوٲئی جہازس لٔگہِ آبس تام واتنس تریہ منٹ، یتھ دوران فلائٹ کریون کوٚر کنٹرول حٲصل کرنٕچ کوٗشش۔
9329,"क्लारियो छु खरीदारन हंदि  डिजिटल सिक्यूरिटी खातर्  
 बिटडिफेंडरस पेठ मबनी अख एंटी वायरस फराहम करान . "
9330,تِہُند وزن گژِھہ 21 گرام آسُن، یتھ منز   5 گرام مٲنڈِتھ اوٹ تہٕ 16 گرام برٲیہِ آسہِ ۔
9331,"پیٹربورو کاونٹی منٛز ٲسۍ لگ بگ 31,000 گھرٕ  کٮ۪نٛژن  گنٹن بجلی ورٲیی، ییلہِ اتھ علاقس منٛز طوفانن  کُلہِ موُلہٕ كڈِ تہٕ  بجلی کوُٹہِ پتھر دٲرِتھ دِتہِ۔"
9332,پتہٕ وٗچھِو  آمدنی ہٕٗنٛد پرٛیتھ ذٔریعہٕ  کوتاہ پونٛسہٕ چھٗ انان۔
9333,پارلیمانٕكہِ ارکانَن تہٕ وزیر اعظمَس چھُنہٕ ہاؤس آف کامنزَس منٛز ووٹَن منٛز شرکت کرنٕچ ضروٗرت تہٕ باقٕیہ كامین سٕتہِ آوٕرِ آسنہٕ كِنہِ چھِنہٕ تِم یوان ۔ 
9334,"جھارکھنڈ تہٕ اُڈیسہ کٮ۪ٚن کینٛژن حِصَن منٛز تِہ چھُ یہ عملاونہٕ یِوان۔
"
9335,ماشیرانوَن چُھ 2006 کہِ ورلڈ کپ پٮ۪ٹھٕہ ژورَن مُختٔلِف فیفا ورلڈ کپ ٹورنامینٹَن منٛز حصہٕ نیوُمٗت۔
9336,مغربی بنگالس منٛز چھِ لٗکہٕ موسیقی  اکثر یکتارٕ، اكی تارِ والہِ سازٕ  سٕتہِ بناونہٕ یوان۔
9337,یہِ سادٕ ترتیب چھےٚ ہوہَس منٛز سَفر کرنہٕ باپت واریاہ کار گر۔
9338,مردن ہٕنٛدۍ اوبی چھ زنانن ہٕنٛدٮ۪و اوبی یَو کھۄتہٕ تنٛگ تہٕ ژھوٚٹۍ آسان۔ 
9339,یہ چھ لۄکٹ، ہلکہٕ تہٕ روشن تہٕ اتھ منٛز چھ اکھ پٔتۍ کنۍ روشن سکرین۔
9340,مرکزی تھدین پہاڈن سٕتی چھِ   کیلیڈونین جنگلٗك بچومٗت حِصہٕ ۔
9341,تھراپی ہنٛد استعمال ہٮ۪کو شرٮ۪ن تہٕ نوجوان بالغن منٛز لاچٲری کم کرنہٕ خٲطرٕ کٔرتھ۔
9342,"باقٕے علاقٲیی کھیلن منٛز چھ الاوٹا کل شٲمل ییٚتہ بٔڑۍ گول کنہ پل تلنہٕ چھ یوان۔
"
9343,بہٕ گوس واریاہ خوش کتابہٕ ہینہٕ وز رعایت حٲصل کرنس پیٹھ۔ مےٚ بچاوِ تمن پیٹھ ستھ ہتھ روپیہ۔
9344,1880 کس ٲخرس پیٹھ، آسہِ تمام ٹٗکڑٕ میلبورنس منٛز ۔
9345,کینژن مٹھٕ چیٖزن منٛز چھ أنٛدۍ أنٛدۍ وپڈ کریم آسان، یتھ کٔنۍ زن کریم پف تہٕ ایکلیر۔
9346,"یہِ سرٕ کرنہٕ خٲطرٕ كھٗلٲوِیو پوُرٕ دروازٕ  تہٕ كریو٘ دروازٕ  محفوُظ پٲٹھہِ بنٛد ۔
"
9347,"فلور بال آیہِ 1970 کہِ دہلہٕ کِس أخرس مَنٛز گوتھین برگ، سویڈنس مَنٛز بطور اکھ بین الاقوٲمی تہٕ زیٛادٕ منظم کھیلٕ  باقٲعدٕ طور مٗنظم کرنہٕ ۔
"
9348,امہ گؠونٕکۍ ریمکس ٲسۍ گلوکار جسٹن بیبر تہٕ بلی ایلیش سٕنٛدۍ۔
9349,سیاحَن ہٕنٛدِ ذٔریعہٕ پٲدٕ گژھَن واجیٚنہِ گرمی چھِ سٹالگمائٹ کِس قدس مُتٲثِر کران۔
9350,شیشہِ نارِ چہِ كاركردگی ہٗند جٲیزٕ ہیكہِ ہوا كہِ پكنٕچ  كمی ، رٗكاون وٲلہِ نۄقص ، كم گومٗت  پھہلاونٗك بِتٗر ، رلہٕ مَلہِ خرٲبی یا ہیكہِ شاید ٹھیكھ  (خاصكرِتھ   پیچیدٕ بیماریو بغأر) ہٲوِتھ ۔
9351,"انوج چھُ دی بِگ فیٹ سِٹی کاسٹُک تہِ اکھ حِصہٕ، یُس زَنہٕ نیٹ فلیٚکِس Netflix انڈیا باپتھ مہیش دتنانی طرفہٕ لیٚوکھمُت تہٕ ہدایت کردہ اکھ سنیما پلے چھُ۔
"
9352,سنکی گھٹا اوس اکھ تٲریٖخی جین مرکز تہٕ اوس سیٹروٗ خاندان، سامنتھا راجا سٕنٛدِس اِختِیارَس منٛز۔
9353,سانین خاص  مصوِرِین یتھ مرمتس دوران واتن والۍ امكٲنی نقصان چھٗ مے٘ وارِیاہ پریشان كران ۔
9354,پاکستانن تہِ کرِ ہندوستانس مال برآمد کرنہٕ بجایہِ پنُن مقٲمی پیداوار پروسیس کرنہٕ باپت فیکٹرییہِ قایم۔
9355,"چوٗنٛکہ نینیتال چھُ ملکُک مشہوٗر پہٲڑۍ مُقام تہٕ ضِلع  صَدرِمُقام تہِ اَتہِ چھَنہٕ انتظٲمی دفتَرن باپتھ کٲفی جاے۔
"
9356,"جموٗں و کشمیٖر چھُ پنِنہِ قۄدرتی خوبصوٗرتی، پوشہِ باغو، ژوٗنٛٹھۍ باغو تہٕ  باقی واریٛاہَو چیٖزَو باپتھ تہِ مشہوٗر۔
"
9357,"تعلقاتن فروغ دینہٕ خاطرٕ، ہیكن مٗلک  تحفظ پسندی ورٲیہِ  اکھ باکِس سۭتہِ تجارت کرنس پیٹھ اتفاق کرتھ ۔
"
9358,"چٔنٛدی گَڑھ جنٛکشَن ریلوے سٕٹیشَن چُھ ہِنٛدُستٲنہِ  ریلوے نیٚٹ ؤرٕک کِس شُمٲلی ریلوے خٕطس منٛز واقع تہٕ یہِ چُھ ہِنٛدُستان کیٚن واریاہن علاقن سۭتہِ  رٲبطہٕ مہیا کَران ۔
"
9359,یہِ اوس ٲخری لٹہِ وۄزجہِ نِکرِ لٲگِتھ  نَمبر  3 ڈوین ویڈ مِیامی ہیٖٹ  تنٛگ بٔنِیان لٲگِتھ وٕچھنہٕ آمُت۔
9360,ہیماؤتی چِھ کرناٹکس نزدیک جنوبی ہندوستانُک اکھ دریاو تہٕ کاویری ہنٛد اکھ اہم معاون دریاو۔
9361,"اتھ کاروٲیی منٛز گٔیہ اکھ جنوٗبی کوریٲیی تہٕ ترٛےٚ شُمٲلی کوریٲیی فوجی ہلاک۔
"
9362,أتھہِ دوران چُھ أکِس زنانہٕ کِردار (رادھا) سنٛز وٲحِد کٲم ژھۄپہٕ کٔرِتھ پنٛنِس قٕسمَتس منٚز تكلیف تٗلٗن ، ییٚلہِ زَن بیٛاکھ زنانہٕ اَہم کِردار (بسنتی) چھےٚ بس اكھ خۄش گامہٕ كوُر چھ٘ے ۔ 
9363,اتھ چھ بجہِ ہیڈ لایٹہٕ ، واریاہ مختٔلف پٔتمہ لایٹہٕ ، تہٕ واریاہ زیٛادٕ سۄراخ  ۔
9364,बज़फीड :बज़फीड छि अख इन्टरनेट मीडिया कम्पनी योस न्यू यॉर्क शहरस मंज़ छि.   
9365,ییلِہ اسہ أندۍ پٔکۍ واریاہ لُکھ فاقہٕ کشی منٛز مبتلا چھ تہٕ مےٚ چھ سکوٹرن پیٹھ واریاہ زیادٕ پونسہٕ خرچ کرنس پیٹھ سراسر بغاوت محسوس گژھان ۔
9366,"رتھ چھِ  ""سٹرانگ آرمٕز آف دِی ما"" کِس قٕستس  منٛز   وٗچھنہٕ یوان بطور، اكھ بٕڈ  زنانہٕ باڈی بِلڈر، یوسہٕ ویٹ لِفٹِنگ شروع كرن واجِنہِ  مارگی  سٹیرائڈ استعمال کرنُک  مشورٕ دِوان  چھِ  ۔
"
9367,"اگر تُہۍ واریاہ کالہٕ پیٹھ کسٹمر چِھو، تیٚلہِ ہیٚکِو تُہۍ کم قیمتَس پیٹھ کَتھ باتھ کٔرِتھ۔
"
9368,دیون زیوُن ہندوستان باپت  اِنِنگہِ منز 16. 44285 چہِ  بولنگ کارکردگی سٕتۍ ۔
9369,گِرجہِ گھر آو 1960 منٛز ترک کرنہٕ ییٚلہ حکومتن سربند  بناونُک فٲصلہٕ کوٚر۔
9370,مقٲمی علاقن منٛز چھ جنگلی پولیو وایرس عملی طور سپٲرسٕے انسٲنی آبٲدی متٲثر کٔرتھ ہٮ۪کان۔
9371,فلمہ آیہ گھریلو بازرس منٛز 2000 کھۄتہٕ زیادٕ سکرینن تہٕ بیرونی مُلکن منٛز  550  سکرینن پیٹھ تہٕ  سٲرِسیہ دُنیاہس منٛزتقریبا 2550 سکرینن پیٹھ وصیح طور ریلیز کرنہٕ۔
9372,بہٕ ہیٚکہٕ نہٕ یقین کٔرتھ ز کینٛہہ لکھ کتھہٕ كٕنۍ چھِ  تیزی سان  کریڈٹ کارڈک قرض جمع کران۔
9373,"یُس تِہ خون یا رَس لبنہٕ ییہ 
 سُہ ہیکِہ پٔھٹۍ مِتۍ ایکٹوپِک حمل سپدنہ سۭتۍ ٲسِتھ۔ "
9374,آبٕشارس تام چھے٘  دٲخلہٕ چہِ جایہِ پیٚٹھٕہ تقریٖبن 10 مِنٹن ہنز  پیدَل وَتھ ۔
9375,ممکنہٕ دشمنی کہ وجہ سۭتۍ چھنہٕ ڈاکسائکلائن تہٕ ریفامپیسنس سۭتۍ امتزاج تھراپی ہنٛز سفارش یوان کرنہٕ۔
9376, كریژھِ والِس سکیبیزس منٛز چھِنہٕ كیمہِ  كریژھِ بغٲر سکیبیزٕ كھوتہٕ  زیادٕ خطرناک آسان؛  تاہم، تم چھ وٗہ لچھ   تام واریاہ زیادٕ تعدادس منٛز آسان ۔
9377,"لفظی معنی بننٕہ تیلہِ  ""قوربٲنی باپت جِسمس پیٹھ  لگاونہٕ آمٗت كان٘ہہ چہز""۔"
9378,ڈریم کاسٹ خٲطرٕ اوس اکہ بندرگاہک منصوبہٕ بناونہٕ آمت ، مگر یہٕ آو منسوخ کرنہٕ ۔
9379,یہِ کھیل چُھ ٹی آواموتو تہٕ ہیسٹنگزس منٛز دۄن کلبن منٛز گنٛدنہٕ یوان، یتھ نیوزی لینڈ ٹگ آف وار ایسوسی ایشنٕچ حمایت چُھ۔
9380,"کیٚنَڈِین کیٚنو ایٚسوسِییشن آیہِ 1900, تس منٛز تہٕ بِرٛٹِش کیٚنو یوٗنِین آیہِ 1936 ہس منٛز قٲیم كرنہٕ ۔"
9381,یہٕ آو  1 انفینایٹ لوپس منٛز اصل صدر دفتر چہِ جایٖہ ،  یٗس 1993تھس منٛز کھٗلیوو ۔
9382,ٲخٕر کار 2 فروری 2013 ہس منٛز گوٚو تمام 24 مسلمان شہری تنظیمن سۭتۍ اکھ باہمی سمجھوتہٕ ، ییٚلہ حاسنن پانژن سیٚنن خاموش کرٕنہِ قبوُل کوٚر۔
9383,زِٹھہِ چھِ امہِ پتہٕ  تِمن کینڈی، مِٹھایہِ تہٕ لۄکٹ رقمہٕ ینامہٕ دِوان۔
9384,كارِ  مُتعلِق چُھ ونٛنہٕ یِوان زِ اَتھ چھِ عٲرضی پَلیٹ تہٕ یہِ تہِ چُھ ونٛنہٕ یِوان زِ اَمہِ چیٚن داریٚن چھِ رنٛگ دار شیٖشہٕ تہٕ  پیٚٹھہٕ  کھولنہٕ یِنہٕ وول پش ۔ 
9385,اَیرپورٹس پؠٹھ اوس ساروٕے کھۄتہٕ زیٛادٕ درجہ حرارت 18 جولایی 1978 تھس منٛز رکارڈ کرنہٕ آمت۔
9386,مغربی بنگال چھ انسٲنی ترقی ہٕنٛدس اشاریہ س منٛز ہندوستٲنۍ ریاستن منٛز 28 ہمہ جایہ، ییٚمیک اشاریہ مۄل ہندوستان کھۄتہٕ کم چھٗ ۔
9387,مراٹھاہو كو٘رشاہ عالم سٕندِ ینہٕ بر٘ونہہ  1771  منز  دِلہِ پیٹھ  قبضہ ۔
9388,وۄنہِ گو، یہِ عمل روٗز کُنوُہ شیٚت تہٕ نمتن تانۍ وجوٗدس منٛز، خاص طور بُزرگ تہٕ پرٕ ژھینہِ  گٲمی آبٲدِین منٛز۔
9389,یہٕ چھ اتھ کتھ ہنٛز ضمانت دوان ز ٹی ڈی ای اٮ۪س روز مستقبلس منٛز اکھ فعال کرپٹوگرافک معیار۔
9390,تمہِ وِزِ کٔرتٔمۍ عمومی اضافیت تہٕ ریاضیاتی طبیعیاتس منٛز کٲم ۔
9391,کنہ ساتہٕ چھنہٕ مفروضہٕ صحیح آسان مگر یم چھِ  پننیو نتیجو خٲطرٕ ضروری آسان۔
9392,یمو منٛز چھ کٮ۪نٛہہ پرجیوی کیٚمۍ بیٚمارٕ پھٔہلاوان؛ مثال پٲٹھۍ مٔہۍ چھ ملیریا پھٔہلاوان۔
9393,"تمۍ اوس پنِنس ہم عصر پریم نذیرَس سۭتۍ مِلِتھ ملیالم فلم انڈسٹریہِ پٮ۪ٹھ دۄن دٔہلِس تام غلبہ حٲصِل کوٚرمُت۔
"
9394,2016 منٛز، بنیو میچادو امریکی شہری۔
9395,"یہِ چھُ برصغیر پاک و ہند تہٕ أنٛدۍ پٔکھۍ کین باقی ایشیٲیی مُلکَن منٛز مقبول۔
"
9396,اتھ یِیہِ صِرِف بطور وٲحد  درجہٕ بندی کرنہٕ اگر نہٕ بییہ كٲن٘سہِ مٗقابلہٕ كرن وٲلہِ اَمی بولہِ ہِنٛدِس رقمَس پٮ۪ٹھ بوُلہِ  دِژمٕژ آسہِ ۔
9397,یہِ چھُ کولکتہس منٛز جونپڈ پٹی منز لٗکن ہنٛزِ زندگی پٮ۪ٹھ مبنی ۔
9398,"شری انیرودھ اُپاسنا فاؤنڈیشن (ممبئی، ہندوستان) چھِ یِمَن قدیم ہندوستٲنی مارشل آرٹس شکلن ہُنٛد جٲیزٕ نِنٕچ کوٗشش کران تہٕ مردن تہٕ زنانَن دۄشوٕنی مُفت ""بال ودیا"" تربیت فراہم کران۔
"
9399,گریٹر ڈپریشن پتٕہ زیٛادٕ ایکونومِک گٔیِہ کم ریٖسیشن سۭتۍ۔
9400,مدر ٹیریسایہ میلہِ وارِیاہ انعام ، یمن منز 1962 منز ریمون میگسیسے امن انعام تہٕ  1979 تھٗك نوبل امن انعام تہِ شٲمِل چھِ ۔ 
9401,خرچِہ کم کرنُک بیاکھ اکھ طریقہٕ چھ نیبرٕ کھینہٕ بجاے گری  کھیوٚن۔
9402,"کنی چھ سیٚودے شرابہٕ یا شرابس سۭتۍ رلاونہٕ یوان یتھ اکھ رلہٕ ملہٕ مشروب بناونہٕ ییہ۔
"
9403,بھاون کوٚر جنٛگ شروٗع، امہِ کنۍ پیوٚو مےٚ غٲر ارادٕ سان واپس لڑن۔
9404,تامِل نو وری دُہس دوران رِلیز کرنہٕ یِنہٕ پتہٕ تہِ  روُز یہِ بوکس آفِسس پیٹھ مایوس کُن  وارِیاہ مُثبت جٲیزٕ یِنہٕ باوجُود تہِ ۔ 
9405,اگر نییہِ توہہِ رونٹھیہ تتہِ چھِوٕ ، تیلہِ چھٗنہٕ سٹورس كٗن نیوِگیٹ كرنہٕ برون٘ہہ  آڈرٗك خٗلاصہٕ پرٗن ضروُری ۔
9406,"مےٚ چھ افسوس ز تہۍ گٔیوٕ ملول  یہ بوٗزتھ ز تۄہہ چھوٕ 21  دۄہو بجایہ 45   دۄہن آرام کرن، مگر پتہٕ ہیکہ نہٕ بہٕ چانہ خٲطرٕ 
 بیٚیہ کینٛہہ تہ کٔرتھ۔ (ڈاکٹر)  "
9407,تٔمہِ کٕر 1 مارچ 1815  پیرسس کُن حٲران كرن واجینہِ پیش قدمی ۔ 
9408,سیاست تر٘اونہٕ  پتہٕ گُزٲر تٔمہِ پننِس بڈِس جادادس منز  پُرسکون زِندگی، پننٮ۪ن زُرٮ۪ن پٗترین سٕتہِ تہٕ مشغلن كِہو  فٗرستس منز وقت صرف كران  ۔
9409,پلیٖس چھ ظٲہر کران ز کٗنال چھ قتل کس معاملس منٛز شٗمار دار تہٕ چھ تمس گرفتار کرنٕچ کوٗشش کران۔
9410,دلہ ہنٛز تقریبا %49ً آبٲدی چھ کٗنہ تہ شٔہری سہولیاتو ورٲیہ  گندٕ بستِین  تہٕ غٲر یختیٲری کالنین منٛز روزان۔
9411,علاقٕکۍ باقی ریاستہٕ گٔے ساحلس پیٹھ شروع تہٕ بڑے اندرون علاقن منز۔
9412,روزنٕچ لاگت چھ کم، تہٕ تنخواہ تہٕ اجرت چھ لچکدار۔
9413,اہلکارو مطٲبق ہیٚکن یہِ كھٗلنس وارِیاہ دوہ لگِتھ ، وارِیاہن پیٹھ ٲسہِ امہِ كہِ نتیجہِ میژِ  تہٕ پہاڈٕ پیٹھہٕ كین كٗلین ہندِ تھٕدِ ڈھیر ۔ 
9414,"تِمَن مُلکَن منٛز بیمارِ ہُنٛد پھہلاؤ آسنہٕ کِنۍ یِمَن تھیلیسیمیا ہُک کم علم چھُ، منٲسِب علاج تہٕ تشخیٖصَس تام رسٲیی ہیکہِ مُشکِل ٲسِتھ۔
"
9415,نِنُو کوری (2017) ٲسۍ اکھ یژھ فلم یتھ منز نانی نِوِتھا تھامسَس سۭتۍ اکہِ بییہِ لٹہِ شریک اداکٲری کٔرمٕژ تہٕ اتھ فلمہِ منٛز ٲس آدھی پنیسیٹی تہِ اکس اَہَم کردارَس منز۔
9416,"این ایس ایل پی ویب سائٹ چھِ تٗہندین  شُرٮ۪ن خٲطرٕ کم قۭمتُک صحتمند کھٮ۪ن تہٕ كینژھاہ  مینژھاہ بناونَس متعلق باقی مۄلٕلہِ  معلومات تہِ فراہم کران۔
"
9417,میلبورن آو پنٮ۪ن دۄن لیگن ہندِس   سیمی فائنلس منٛز ایڈیلیڈ یونائیٹڈس پیٹھ  6-0 سۭتہِ  زینتھ میچس منٛز۔
9418,2017 ہس منٛز آو یہ فن پارٕ  امریکی صدر ڈونلڈ ٹرمپس پیش کرنہٕ۔
9419,1913 منز گوٚو محمد علی جناح مسلم لیگِ منز شامل۔
9420,ٹریور اوس نیو یارک شہرس منٛز کلیئر ویملنگرس زامت ۔
9421,"جولائی 2010 ہَس مَنٛز آیہ گۄڈٕنٕچ ایشین آل ایشین ایتھلیٹکس چیمپئن شپ مٗنعقد كرنہٕ ۔ 
"
9422,1915 ہس منٛز  زامُت شیٚنٛگ سونٛگ  آو  چینی ایٚنِمیشنک  بُنیاد ترٛاون والیٚن منٛز  شمارکرنہٕ ۔
9423,1967 كین رِیاستی اسمبلی ہندین اِنتخابن منز آیہ تمام سماج وٲدی پارٹی ختم كرنہٕ تہٕ سی پی آیہ یس روو حزب اِختلاف پارٹی آسنك درجہ ۔ 
9424,"یہ چھ امریکی تٲریٖخس منٛز ساروٕے کھۄتہٕ تٲریٖخی مقامو منٛزٕ اکھ مانٛنہٕ یوان۔
"
9425,کِھنٛڑسی جیٖلس منٛز چھِ راج کَمال ٹورِزٕم تہٕ آلِو رِزوٹس، ناوِ سَوٲرِ، ٲبی کھیل، ریسٹورَینٛٹ تہٕ سٲر گاہ چَلاوان۔ 
9426,جارجیاہن تہِ کٕرِ ایران گژھن واجینہِ  تمام پروازٕ عارضی طور بند ۔
9427,"2010 کہِ موردم شٗمٲری  مطٲبق ٲسہِ اتہِ  444 فرد  روزان۔

"
9428,یہِ چھُ باغن منز اکِس بڈِس مجسمس پیٹھ مٗشتمِل یتھ پیٹھ اکھ تحریر چھُ ۔
9429,امہ کس نٔتیٖجس منٛز چھِ  ہایپرتھیرایڈزمٕ چہِ طبی علامتہٕ تہٕ تھیرایڈ گلینڈ بڑنک سبب بنان، یٗ بطور گڈٗر وٗچھنہٕ  یوان چھُ ۔
9430,تمِس ٲس 1990 تھس دوران مٔلیالَمس منٛز صِرِف اَکٕیہ رِلیٖز گٔمٕژ یۄسہٕ  ویٖنا میٖٹِیا وِلنٛگُکُل ٲس ییٚمِچہِ  ہِدایت کٲری کوچِن حٔنیٖفایہ کٔرمٕژ ٲس ۔
9431,تٗہۍ چھو پننس پانس پیشور ونان تہٕ تہۍ تہ چھِوٕ نہٕ نہٕ  ٹایم شیٹ  مٗقررٕ وقتس پیٹھ برِتھ ہیكان ۔(منیجر)
9432,واریاہ تجٲرتی ویکسین چھِ دٔستیاب، یمن منٛز اکھ ٹرائیولینٹ  سورن باپت  ویکسنیشنس منٛز استعمال گژھان چھٗ  تہٕ پی ڈی ایم ایچ 1 این 1 (2009) نس خلاف ویکسیٖن شٲمل چھِ ۔
9433,اگر توہہہِ  اكہِ پر٘یٹرٗك نموُنہٕ یا قٕسم ذحنس منز چھٗ  ،توہہہِ  ہیٚکِو امہِ پرنٹرٗك بہتر قٕمتھ ژھانڈنہٕ باپت آسٲنی سان بدس  آن لاین شاپِنگ ٹوُلٗك استمال كرِتھ ۔
9434,ٹوڈا قبٲئلن ہٕنٛد طرفہٕ بناونہٕ آمٕتۍ  مقٲمی دستکٲری ہندۍ چیز چھِ  منفرد یادگار  بناوان تہٕ  اسہِ منٛز مثبتیت پٲدٕ کران۔
9435,پتہٕ گوٚو جگت سنگھ،ملہار راؤ ہولکرس مادھونہِ طرفہٕ شٲمِل کرنس منٛز کامیاب، ییٚلہِ زِ جیہپا راؤ  سندھیا ایشورٕیس نۍ حمایت کران روٗد ۔
9436,أسۍ ہٮ۪کَو یَتھ گامَس منٛز وشیشٹا برہمریشی منٛدر لٔبِتھ۔
9437,کرسمسُک اکھ رٮ۪وٲیتی حِصہٕ چِھ تھیٹرٕچ تفریح ۔
9438,ینہٕ والٮ۪ن ؤرین منٛز چھ یہ پریتھ وأری ساسہٕ بٔد حاضرینن تام ووتمت ۔
9439,مرٕد چِھ ژھو٘ٹ کونکلہِ  مس كرِتھ  ہاونہٕ آمٕتہِ ، یُس اکثر یونٲنہِ سِکن پٮ۪ٹھ نظرِ گژھن والہِ ہیڈ بینڈ سۭتہِ گنڈِتھ چھٗ ۔
9440,تمام بڑِٮ۪ن کمپنین منٛز چھ ہیڈکوارٹر آسان یم کاروبارس قابووَس منٛز چھ تھاوان ۔
9441,تمہِ کٔر1789 تہٕ 1797 تھس درمیان مزید ستھ کومیٹ دریافت ۔
9442,سہ اوس 2004 پؠٹھٕ 2009 تام مغربی بنگالک 22 ہم گورنر۔
9443,لہذا آیہ مغل حکومتس تحت اکہ مختلف تہذیب والہ سلطنتٕچ بُنیاد  تٔمۍ سنٛدِس دور حکومتس منٛز تراونہٕ۔
9444,سَتنٲمی، یِم گُروٗ گھاسیی داسٕ سندِ پٲروكار چھِ ، اَکھ سادھوٗ ییٚمہِ  ذات پاتس خٕلاف تہٕ خۄداے سٕنٛز عبادت کرنٕچہِ پیروی  کٔر۔
9445,"دستاویزس پیٹھٕ کنہ پزِ تۄہہ ""پرامزری نوٹ"" عنوان  تہٕ پتہٕ  گوڈنِکس پیراگرافس منٛز مندرجہ ذیل معلومات شٲمِل كرٕنہِ ۔"
9446,واکر گٗزرٮ۪و چولا وِسٹا ، کیلیفورنیاہس منٛز دل بِہِتھ گژھنٕہ سۭتہِ 92 ؤریہ وٲنسہِ منز ۔
9447,روایتی  محفل موسیقی  چھےٚ نیپال کیٚن زیٛادٕ تر شہرن منٛز مٗنعقد کرنہٕ یوان، یمن منٛز کاٹھمنڈو، ناراین گڑھ، پوکھارا، اِٹاہاری، ہیتوُڈا، تہٕ دھران شٲمل چھ، تہٕ چھ مختٔلف مشہوٗر مہمان ہیتھ  ٹیلی ویژنس پیٹھ نشر کرنہٕ یوان۔
9448,"نایجیرِیاہُک کھیلُک بہتٔریٖن موقعہٕ تہِ اوس گۄڈٕنِکِس نصفَس منٛز۔
"
9449,مےٚ وچھ  صحتک نوٚو مرکز تہٕ گوس امچ صفٲیی تہٕ سہولیات وٕچھتھ متٲثر۔
9450,دسمبر کس سی آیی اے رپوٹس منٛز آو ایجنٹن ہٕنٛد طرفہٕ رازدارانہٕ کامہ ہٕنٛدۍ واریاہ واقعہٕ ظٲہر کرنہٕ۔
9451,دی ٹایمز آف انڈیا چہ مینا اییرن دِتہِ  5 منز3  تہٕ وونُن ز امہ فلمہ ہنٛد ارادٕ تہٕ بناون وٲلہ چھ اصل۔
9452, پتہٕ چھ گاڑِ ہِنٛز رفتار زانٛنچ ضروُرت ۔
9453,"دٗنیاہ کیٮ۪و تمام حِصو پٮ۪ٹھہٕ  چھِ سَیاح ویتھری تہٕ وایناڈٕ کین  باقٕیہ  سیاحتی مقامن ہِنٛز خوبصوٗرتی نِشہِ  لطف اندوز گژھنہٕ خٲطرٕ ویتھیری یِوان تہٕ اتہِ روزان۔
"
9454,مےٚ چھ تعجب زِ کیٛاہ میون انشورنس کریا صحت مرکزس منز تمام ضروری علاجن احاطہٕ۔ بہٕ چھس یژھان یہ یقینی بناون ز مےٚ پیٹھ گوٚژھ نہٕ کانٛہہ غیر متوقع مٲلی بار پیون۔
9455,"6 اگست 1965 کوٚر امریکہ ہن ووٹِنگ رائٹس ایکٹ منظوُر۔
"
9456,امہ برٛۄنٛہہ آو واشنگٹن ڈی سی خٲطرٕ شیٖن چہ اٮ۪مرجنسی ہنٛد اعلان کرنہٕ۔
9457,بچاونک بیاکھ بہترین طریقہٕ چھٗ گردِ پیٹھ قوبوُ كرُن ۔ 
9458,کَرم  تیوہار  چُھ عموٗمَن بھادر (اَگَست - سٮ۪تَمبَر) کِس رٮ۪تَس مَنٛز زوُنہٕ پچھ (پوٗنِم)  كاہمہِ دوہ بھادو ایكادشی پیٹھ مناونہٕ یوان ۔
9459,اکھ لۄکٕٹ کتھ کرنہٕ پتہٕ ووٚن تٔمہِ مداحن ٹیم یو ایس اے ونٗن ،یہِ  تمو کوٚر ۔
9460,بودھن چھٗ ڈریگن اکھ ناكارٕ  مخلُوق بناونک شرف دِنہٕ یوان ۔
9461,سرگی باپت  چھُ رٮ۪واج زِ یہِ یی  روزٕ دار زنانہِ تمہِ سنزِ ہشہِ ہندِ دٕسہِ دِنہٕ ۔ 
9462,ज़्यादॅ तर एसमबली ज़बानन छु हेंदसॅ तॅ अबारथ  आसानी सान बनावनॅ बापथ सहारॅ आसान .     
9463,ریاستس منٛز چھ 12 قومی پارک تہٕ خودروحیاتکۍ  پناہ گاہ، یم ریاست کہ کل رقبہٕ کس 13.8 فیصدس پیٹھ محیط چھ۔
9464,"اتھ منٛز چھ عموٗمن 12کھلٲڑۍ آسان، پرٛٮ۪تھ لٹہ چھ 6۔
"
9465,"ٹیری، ییٚمۍ ووٚنمت اوس ز سہ چھ الزامن متعلق ""ناراض تہٕ پریشان""،  الزام تس پٮ۪ٹھ الزام لاگنہٕ آمت ز أمۍ چھ فرڈینینڈس توہین آمیز اندازس منٛز ""فکنگ بلیک کنٹ"" لفظ ؤنۍمٕتۍ۔"
9466,"زنانَن ہِنٛدِس دورَس منٛز چھُ نٗمایاں ٹورنامنٹ ورلڈ وومینز سنوکر چیمپئن شپ۔
"
9467,دَت گُزریو 7 جٗلایی 2021 دوہ  کولکتہ ہَس منٛز 95 وُہُر۔
9468,پتہٕ، 21 ستمبر 1949  کوٚر تمو  انضمام کس معاہدس پیٹھ دستخط، ییٚمہ سۭتۍ سلطنت  ہندوستانس منٛز ضم آیہ کرنہٕ، ییٚمہ سۭتۍ یہ پارٹ C ریاست بنییہِ۔
9469,کبڈی آو 1990 تھس منٛز گۄڈٕنِچہِ لَٹہِ میڈل ایونٹ بننہٕ برٛونٛہہ 1951 ہس منٛز گۄڈٕنِکٮ۪ن ایشیٲیی کھیلن منٛز بطورِ مُظٲہرٕ ایونٹ  تہٕ بییہِ 1982 تھس منٛز گِنٛدنہٕ۔
9470,ساوتھ برٛج چھ امریکی ریاست میساچوسٮٮ۪ٹسک اکھ شہر۔
9471,امک ینالاگ نوعیت تہٕ چھ واریہ بھڑن مسئلن ہنٛد سبب بنیمتۍ
9472,شٲہی صوبو علاوٕ ٲسہِ  خۄد مۄختٲر علاقہٕ تہِ یِمن پٮ۪ٹھ الوپا، گنگا، بانا تہٕ سیندرکا ہیٖوین  جٲگیردارن ہِنٛز حکوٗمت ٲس۔
9473,"مردَن ہٕنٛدۍ ڈبٔل چھِ بیڈمنٹنُک سارِی کھۄتہٕ زِیٛادٕ خطرناک شکٕل، یَتھ منٛز طاقتور جمپ سمیش تہٕ واریٛاہ تیز اضطراری تبدٕلَن ہُنٛد زِیادٕ تناسب گژھان 
 چھُ۔"
9474,سُہ گوٚو کم وٲنٛسہِ منٛز پنٛنہِ ماجہِ ہیلنس سۭتۍ کیلیفورنیا۔
9475,ہند کیریبین برادری ہٕنٛدِ  ڈرمر 2013 ہس منٛز نیوُ یارک شہرس منٛز پھگوا (ہولی) مناوان۔
9476,"اہلِکار چھِ كھلٕكہِ قوٲید  نافذ کرنہٕ تہٕ گَرِ ہِنٛزِ نگرٲنی خٲطرٕ ذِمہٕ دار۔
"
9477,ہِندوستانَس منٛز چُھ لوُكن منٛز محبت ہاونس حقارت كرنہٕ یوان ۔ 
9478,مےٚ کیاز آیہ فونس پیٹھ مسیج ز گیس ایجنسی کوٚر میون آرڈر رد؟
9479,ویبَس پیٹھ ساروٕے کھۄتہٕ بوٚڑ سرچ انجن، گوگل چھِ پننیو مختلِف سروسَو دٔسۍ پرٛیتھ دۄہ 200 ملین کھۄتہٕ زِیٛادٕ سوال رٹان۔
9480,ہماچل پردیشس منٛز سٔہلابہٕ سۭتہِ  مقٲمی عمارتہٕ ؤستھ یوان وٕچھنہٕ سۭتہِ آسہٕ وٲنجہ کھنٛجہ گژھان۔
9481,اگر مٗمکِن آسہِ، گاش گژھہٕ مۄختصر وقتہٕ باپت ژھٔوراونہٕ یُن ۔
9482,"سۄ ٲس ماحولیٲتی انتظام غٲر مركوُز كرنچہِ  عملہِ ہٕنٛز ذمہٕ دار۔
"
9483,فوہوا سیکنڈری سکول: فوہوا سیکنڈری سکول چھ جورونگ ویسٹ، سنگا پورس منٛز اکھ سکول۔
9484,اَکِہ وچنہ  کِنہٕ چھ تمِس پَنُن کُنُے نیچو پَگہ گروڈس کھینہ رنگۍ دیُن۔
9485,"تخمینہٕ  چھُ زِ اَتھ علاقَس منٛز چھِ وۄنہِ 400 بنگال سٕہہ تہٕ لَگ بَگ 30,000 ٹیٛچٔل  ہرنہٕ۔"
9486,ہائنیمین زاو 25 ستمبر 1956 منٛز مارشل، مشی گنَس منٛز۔
9487,یہٕ بیسن چھُ شُمالَس منٛز شولایرَس اِدامالا دٔریاوَس نِشہِ الگ کرَن وٲلِہِ پہاڑٕ سۭتہِ گنڈِتھ ۔
9488,یہ چھ شٔہری علاقن منٛز اصل پٲٹھہِ روزان  ، تہٕ  ہیکہِ باقیہ بیٚمارِ تہ مٗنتقل کٔرتھ ، یمن منٛز زیکا فیور، ڈینگی فیور، تہٕ چکنگوُنیا شٲمل چھِ ۔
