ID,kashmiri_text
1,یہ چھ کالج کٮ۪ن طٲلب عٔلمن ہٕنٛد مرنک دوٚیم ساروٕے کھۄتہٕ عام وجہ۔
2,"لایا تہٕ کُنڈلنی یوگا، یِم ہتھا یوگا ہَس سۭتۍ نزدیٖکی تعلق چھِ تھاوان، چھِ اکثر آزاد طریقو پٲٹھۍ پیش یِوان کرنہٕ۔
"
3,1900 تس منٛز اوس اتھ کِیوٹوک اِمپیریل ہاوس ہولڈ  مِیوُزِیم وننہٕ یوان۔
4,"ایریا کوڈ 308 ایریا کوڈ 308 چُھ نیبراسکا ہٗک اکھ ایریا کوڈ ۔

"
5,رنویر چھ سدس یہ ؤنتھ مقابلہٕ کران ز تمۍ چھ پنٛنس خانٛدانس علاوٕ وقت وقف کٔرتھ ترشاہس تہ دھوکہ دیتمت۔
6,1718 پیٹھہٕ، امریکی کالونیَن تام نَقل و حَمل اوس برطٲنیہَس منٛز مختلِف جرمن خاطرٕ جرمانہٕ، تَقریبَن اَکھ ساس مجرم ٲسۍ پرٛیتھ وریہٕ مُنتَقِل یِوان کَرنہٕ۔
7,مشرقی ریاست اڑیسہ ہس منز تہِ چھ کشان سکن ہند نقل کرن وٲلۍ سِکہٕ کثرت سان لٔبمٕتۍ ۔
8,کالیل مندر چھُ اکھ جین مندر یُس کیرالہ، جنوبی ہندوستانَس منٛز واقع چھُ ۔
9,خدمتن ہٕندین قیمتن ؤچھنہٕ وِز گژِھہ ہمیشہ جٲیزن پیٹھ نظر تراوٕنۍ۔ 
10,یمن رشوٕ كھور سیاست دانن گژھہِ  عوٲمی عہدٕن باپت پابندی لگٲوِتھ سزا دِنہٕ یٗن ۔
11,أمہِ سٕنٛزِ زِنٛدگی ہِنٛدِ  أمہِ  نسبَتن پُرسُکوٗن تہٕ ڈنٛجہِ  وقتن دیُت خُرمس مغل دربارس منٛز پنُن حیمایتی سو٘تھٗر بناونُک موقعہٕ، یُس أمہِ  سٕنٛزِ زِنٛدگی منٛز برونہ كٗن  فٲیدٕ منٛد روزِہے ۔
12,"پِکاڈِلی چھےٚ وسطی لندن چو٘ سارِوٕیہ کھۄتہٕ کھجو٘  تہٕ سیٚدِ سیو٘د  سڑکَو منٛز اکھ ۔
"
13,یہٕ چُھ سِیول تہٕ بوُسنس درمیان ، مگر بوُسنس نزدیٖک ۔
14,یہِ کمپٔنی آیہِ واریاہن ؤرۍیَن انٛدر کٔہِیاہ لۄکچن ریل کمپٔنِیَن ہٕنٛدِ اِنضمامہٕ رٔنٛگۍ بناونہٕ ـ 
15,سہ چھ سوچان ز کرٛسمس ییہ نہٕ تکیاز سہ چھ اوس واریاہ کمینہ۔
16,عقیدت منٛد چھ شیو چلیسا پرنہٕ ذریعہ  شِو سٕنٛدِ  تعریف کران۔
17,1995 کِس رنجی ٹرافی فائنلس منٛز،  گِنٛد تندولکرن کپتان بنِتھ وانکھیڑے یَس منٛز  پنجابس خلاف 140 تہٕ 139 رنہٕ کٔرِتھ۔
18,زیادٕ تر یورپی ملکن منٛز چھ کٮ۪نٛہہ گۄڈنکۍ ناو بایبل منٛزٕ کڑنہٕ آمٕتۍ۔
19,قلعہٕ کٮ۪ن فن پارن منٛز چھوٗ فارسی، یوٗرپی تہٕ ہندوستٲنہِ  فنٕٗك امتزاج ، ییٚمہِ سٕتہِ حییت ، اِظہار تہٕ رنگن ہٗند  اکھ بہترین منفرد شاہجہانی طرزِ بنیومٖت چھُ ۔
20,بیجاپوری فوج کِہِ پتیہ دونہٕ كِنہِ آو شِواجی پرتاپ گڈھ قعلس منز واپس ، ییتہِ تس وارِیاہو سٲتھِیو  ہتھیار  تراونٗك مشورٕ دِیوٗت ۔
21,بجرنگی چھ پورٕ دل سان محنت کران، کنہ ساتہٕ چھ زخمی گژھان۔
22,تامل ناڈو ہاکی ایسوسی ایشن چھ ریاستس منز ہاکی ہنز گورننگ باڈی۔
23,"یتھہٕ پٲٹھۍ ہیکن تِم اکھ زیٹھ، 
 خوش تہ خۄشحال  کھاندرٕ  زندگی ہنٛز پَژھ تھوتھ تہٕ سماجس منٛز ہیکن پنُن مُنٲسب کِردار پورٕ حدس تام ادا کٔرِتھ۔"
24,تم ٲسہِ توتہِ  پورٹل سٔروسُک برانڈ ناو استعمال کران، یُس ناویر چُھ ۔
25,مالاپربھا دٔریاو چھُ  3 میٖل دوُر۔
26,اوشیانا مُلک یِم از زِکا ہُک مقابلہ چھِ کران تمَن منز چھِ نیو کیلیڈونیا، وانواتو، سولومن جزیرٕ، مارشل جزیرٕ، امریکن ساموا، ساموا تہٕ ٹونگا۔
27,دٗبے تہٕ میکلِین  سٕندِ مطٲبق اوس ، 1834 ہس منز لیکھنہٕ آمتِس اسلامِک انسائیکلوپیڈیا یادگارِ  بہادٗرِیس  منز   پریاگ تیوہار تہٕ ہیندین خٲطرٕ امیوٗک تقدُس بیان کرنہٕ آمٗت۔
28,یہِ چُھ  جینزن خٲطرٕ یِم ہنا پر٘انیمٕتہِ آسن ،  مگر تۄہہ چِھ پزی یہِ شکل پسند۔
29,کُنہِ مخصوٗص كار سۭتہِ مَہ جٗڈیو٘ زیادٕ ، تہٕ اگر قۭمت واریاہ زیادٕ گژھہِ تیٚلہِ روٗزِو ہمیشہِ نیرنہٕ خٲطرٕ تیار۔
30,"2000 پیٹھٕ چھِ غیر برطانوی تہٕ زنانہٕ ریفری اتھ کھیلَس منٛز زِیادٕ نُمایاں گٔمٕتۍ۔
"
31,1926 ہس منٛز گوٚو گرو نابھا کمار راس لیلا ہیچھناونہٕ باپت  شعبس  منٛز شٲمل۔
32,بلاک چھِ پنچایتن(گامہٕ کونسلن)  تہٕ قصبہٕ بلدِیٲتی ادارن ہیٹھ مٗشتمِل آسان ۔ 
33,یہ اوس ہتن ہندس چیف افسر سنٛد لقب تہ۔
34,تماكہِ  سۭتہِ   موتٕچ شرح چھے٘ مجموُعی رہٲیشی نارٕ کہ شرح کھوتہٕ تقریبا ژو٘گنہٕ  زیادٕ ؛ زخمن ہنٛد امکان چھٗ دۄگنہٕ  زیادٕ ۔
35,"اگر تُہۍ پَلوَن پیٹھ پۄنٛسہٕ بچاوُن یژھان چھِو، تیٚلہِ ژھٲنٛڈِو رِعایت یا سیلز دُکان۔
"
36,جوٗن 1539 یَس منٛز،  مِیوٗل شیر شاہ  بکسرس نزدیٖک گنگایہ بٔٹھِس پیٹھ چوسا كِس  جنگس منٛز ہمایوں ہس ۔
37,یہ چھ لۄکٹ، ہلکہٕ تہٕ روشن تہٕ اتھ منٛز چھ اکھ پٔتۍ کنۍ روشن سکرین۔
38,فِلمہِ منٛز بَچن سٕنٛز اَداکٲری آیہِ فِلِم فِیَر بٮ۪سٹ اٮ۪کٹر اٮ۪وارڈ تہٕ فِلِم فِیَر اٮ۪وارڈ فار بٮ۪سٹ میل پٕلے بیک سِنٛگر، دۄشوٕنی خٲطرٕ نامزَد کرنہٕ۔ 
39,کُنِہ ساتہٕ چُھ یِہ اکھ ایس آسان ییمہِ مٕنزِ اكھ رٕكھ  تٲرِتھ چھِ آسان ۔
40,یوہیہ وجہہ چھٗ  واریاہ كنكریٹ ڈھانچہٕ چھِ حیفاضتی تاہ استعمال کران ۔
41,تم چھ ملکس منٛز بیٚیہ کنہ جایہ زٔمیندأری باپتھ زٔمین دنٕچ منٛگ کران۔
42,"واریاہ کٕنن وٲلۍ چھنہٕ بنیٲدی طور  سیاحن ""مقٲمی"" قیمت کٕنان، حالانٛکہ اگر تہۍ ہنر مند چھو تیٚلہ ہیٚکو تہۍ کٲفی نزدیک گژھتھ۔"
43,أمہ گندٕ 1977 تہٕ 1985 ہس درمیان نیشنل ہاکی لیگس منٛز 404 کھیل ۔
44,ییٚلہ زن عموٗمن کروہنز بیٚمارِ سۭتہِ وابستہٕ چھٗ ، ایلائٹس چھٗ یوُ سی یس منٛز تہِ  گژھان ۔ 
45,یہِ چھُ کرکٹ كِس  عالمی صورت حالَس متوٲضی ، ییٚتہِ بین الاقوٲمی کھیلس پیٹھ  تمام بٔڑٮ۪ن کرکٹ والین  مُلکَن منٛز گھریلو کھیلہٕ کھۄتہٕ زِیٛادٕ وصیح طور پكنہٕ یوان چھُ ۔ 
46,سُہ چُھ کیٚنٛژَس کالس دۄگنہِ زِنٛدگی گُزاران تہٕ پنٛنہِ نَیہِ خانٛدرٕ واجیٚنہِ خانٛدارینہِ نِش پَنُن شرمناک راز ژوُرِ تھونٕچ بہترین کوُشِش کران۔
47,اگر تُہۍ آر وی پارک عیال مِلَن سار چھِو یژھان بناوٕنۍ تہٕ بنٲوو اکھ ریسٹورَنٹ یا کھینٕچ جاے۔
48,یہِ سرپرست ہیكہِ توہہِ ،  مٗلٲذِمن كِتھہٕ ہیكو كٲم ہیتھ پیٹھہٕ ٹھیكھ پٲٹھہِ ٹیكس برنس تام معملن منز ،  مدتھ كرِتھ ۔ 
49,ونٛدٕ چھ 26 نومبر پیھٕ 9 فروری تام روزان، یتھ منٛز دۄہدشک اوسط زیٛادٕ درجہ حرارت 20 ڈگری سیلسیس بۄن چھ آسان۔
50,یمو منٛز بیشتر قوانین چھِ برطانوی  پارلیمنٹ پیٹھہٕ یوان ۔
51,1915 ہَس منٛز کوٚر آرکیالوجیکل سروے آف انڈیا ہكہِ ہیرالڈ ہارگریوزَن آزادانہٕ پٲٹھہِ یہٗند  سروے ۔
52,بہترین کرایہ جایہ ژھُانٛڈٕنہِ  چھےٚ گۄڈٕیہ  مٖشکل، تہٕ وۄنہِ  چھٗ اضٲفی فیٖسٗك خیال ستمن منٛز ہرٮ۪ر کران۔ مےٚ ٲس پٕزِ پٲٹھہِ وۄمید ز میٲنِس بجٹس گژھہِ ہنا ہٗریر ۔
53,أمس اوس اکھ بویہ ، ٹوبی جنجر بیکر، تہٕ اکھ بیٚنہِ، ٹیجویلیا۔
54,11 اگست 1947 کوٚر مہاراجہ بدھ چندرن ہندوستانس منز شمولیت کس معاہدس پیٹھ دستخط۔
55,پادرین ہنٛد اندازٕ ییہِ  کٲفرو  مُقابلہٕ  منٛز زیادٕ سختی سان لگاونہٕ یمو نہٕ عیسیٰ یس مٗتعلق  زانٛہہ بوُزمٗت چھٗ ۔
56,بیٛاکھ شیڈول گوٚو مییس منٛز دلہ منٛز شروٗع۔
57,اَمِہ علاوٕ روزِ نہٕ روٗسی کورف بال فیڈریشن بیٛکہِ نوٹسہِ تام کُنہِ تہِ آٮٔی کے ایف ایونٹٕچ میزبٲنی خٲطرٕ بولۍ لگاونہٕ خٲطرٕ اہل، تہٕ روسس منٛز اوس نہٕ کانٛہہ تہِ آٮٔی کے ایف ایونٹُک منصوبہٕ بناونہٕ آمُت۔
58,تم وزٕ تہ ین ییٚلہ چیٖز عجیٖب گژھن۔
59,آسٹریلیاہٕکۍ نفر ہوٗر ہندوستانَس نِش209–221 سۭتۍ کانسی ہُنٛد میڈَل میچَس منٛز گژھنہٕ خٲطرٕ، ییٚتہِ تِمَو چینی تائپے 214–216 نِش ہور۔
60,یہِ ہیكو٘ پوٗلیسٗك مدتھ یا مٗجرِمن ہٗند مدتھ كرنہٕ باپت استمال كرِتھ ۔ 
61,پلاسی ہنٛد جنٛگ تہٕ امہ کس نتیجس منٛز برطانوی ایسٹ انڈیا کمپنی ہنٛز فتح بنیٛیہ ہندوستان کین مختلف ریاستن منٛز تمن ہنٛد طرفہٕ کٹھ پتلی حکومتن ہنٛد بٲعث۔
62,1996 ہس منٛز ترٛٲو تٔمۍ پنٛنِس آبٲیی شہر ٹیٚمپیرس منٛز ٹیٚلاکا ہٕچ بُنیاد، یُس تھیٹرٕ کِس طرزس پیٚٹھ اکھ ریٚسٹورنٹ چھُ۔
63,اَمیُک ناو چھُ شایَد فارسی لفظ بیدخل پیٹھ درامُت یمیُک مطلب چھُ مداخلَت نِش آزاد۔
64,"ماریا جوزف ٲس ڈریسڈن کیسلس منٛز پولینڈ کِس آگسٹس III ہَس زامٕژ۔
"
65,اسہِ سارِوٕے چھِ یِم اِنٛٹر نیٚٹس پیٹھ ژۄپٲرۍ وٕچھمٕتۍ۔
66,مُکھلنگم چھُ ہندوستانٕچہِ ریاست آندھرا پردیش، ہندوستانَس منٛز سری کاکولم ضلعہٕ کِس جلومورو منڈلَس منٛز اکھ گام پنچایت۔
67,یہ فلم ٲس مرادن پروڈیوٗس کٔرمٕژ تہٕ أمۍ سٕنٛدۍ دوست اقبال یوسفن ٲسس ہٮ۪دایت کٲری کٔرمٕژ۔
68,ریکن بیکر بنیو بطور ریس کار ڈرائیور مشہوٗر ۔
69,امہ تشددٕ کس نتییٖجس منٛز سپز برطانوی راج کہ طرفہٕ واپس گژھنہ تہٕ جواب دنہٕ خٲطرٕ اکھ پختہ کوشش۔
70,"ڈَبس منٛز اوس 3.16 کِلو ژیٚلِتھ چرٕس ییٚمیُک مۄل 40,700 آسٹریلِیٲیی ڈالر اوس۔ "
71,"وکی میپِیا اوس الیگزینڈرے کوریاکاین تہٕ ایوجینی سِیویلیون مئی 2006 ہس منٛز بنوومت۔
"
72,"وۄنٛہِ گوٚو، ہِنٛدُستٲنۍ ٹیٖم روٗد تمغہٕ زیننس منٛز ناکام۔
"
73,زیادٕ تر بیت الخلا چُھ آبُک استعمال سیوریج سسٹمس منٛز پلمبنگ کہِ ذریعہٕ فضلہ فلش کرنہٕ خٲطرٕ کران۔
74,1801 منز پولیگر جنگ زیننہٕ پتہٕ کوٚر ایسٹ انڈیا کمپنی جنوبی ہندوستانک زیادٕ تر حصہ مدراس پریذیڈنسی منز ضم۔
75,پتہٕ، ییٚلہ انیتا پنچگنی ترٛاوان چھےٚ، ساہل چھ تمسنز پانٕس خأطرٕ چٹھہ پران یتھ منٛز یہ ونٛنہٕ آمت اوس ز تمن چھ الگ گژُھن تکیاز تمن درمیان یہ گوٚو سہ چھنہٕ صحیٖح۔
76,یہِ چُھ سٕکریٖنَس بۄنہٕ کنہِ نیٛوٗل بَٹُن۔ 
77,گومسی چھِ اکھ قدیم آثارِ قدیمن ہُنٛد مُقام یُس مشرقی سیانگ ضلعہٕ، اروناچل پردیش، ہندوستانَس منٛز رانی گام تہٕ سیکا ٹوڈے یَس درمیان واقع چھُ۔
78,ہندوستان کہ وسیع نۄقطہٕ نظرٕ سۭتۍ، ہیكہِ ہندوستانس منٛز پرٮ۪تھ ؤریہٕ کم از کم 946 بلین کیوبک میٹر آبک بہاؤ یس استعمال ہیٚکہ کرنہٕ یتھ، بجلی پٲدٕ کرنہٕ کس صلٲحیتس منٛز ہیٚکہ اضافہٕ گٔژھتھ تہٕ ابدی  اندرونی ناون ہٗند آمد رفت ہیٚکہ فراہم کرنہٕ یتھ۔
79,کیمبرج ریکیٹ فیکٹری آو گریفایٹ ریکیٹس کن منتقل گژھنہٕ پتہٕ بنٛد کرنہٕ خٲطرٕ مجبور کرنہٕ، تہٕ پیداوار آو مشرق بعید کن منتقل کرنہٕ۔
80,سہٗ اوس پتہٕ لاشہِ زالان تہِ تِم مٲر نزدیك دفناوان ۔ 
81,خانٛدر آو زنٮ۪ن منٛز ہجرتک اہم وجہ قرار دنہٕ۔
82,اتھ تہوارس پتہٕ چُھ اکھ علامتی داستان۔
83,بی وی بی یَن چھُ اطلاع دِیوٗتمٗت زِ سپینی سینٹر بیک مارک بارٹراہَس چھِ  دثہِنہِ اتھٕچ بٕڈ آدِج پھٗٹمٕژ ، تہٕ آس راتھ ژیرِ اپریشن كرنہٕ ۔ 
84,"جاگیرداری نٲمی نظام اوس قرون وسطی ہنٛد اکھ واریاہ اہم حصہٕ۔
"
85,دیگر نزدیکی ہوٲیی اڈٕ چھ آسامس منز، یمو منز بورجھار تہٕ گوہاٹی ہوٲیی اڈٕ شیلانگ پیٹھٕ تقریبا 124 کلومیٹر دور چھ ۔
86,"ہنگر وال، مالا سٹرانا تہٕ قلعہ کہِ علاقہٕ کِس جنوُبس منٛز اکھ کٲفی قلعہ بندی ہٗند دیوار،آو 1360 چہِ  دہائی منٛز قہطس دوران بناونہٕ ۔
"
87,یہٕ اوس ڈایجِیانس منٛز سائنسدانن تہٕ محققینن مدتھ کرنہٕ خٲطرٕ بناونہٕ آمُت ۔
88,اتھ منٛز ہیٚکہ یمن لوکن ہٕنٛدین  پوُرٕ گروٗپن ہنٛد یلاج شٲمِل ٲسِتھ یمن منٛز یہ بیمٲرِ مٗشترقہٕ ماننہٕ یوان آسہِ ۔ 
89,سہ چھ دشاہس تہ فون کران تہٕ أمس دیو تہٕ ٹوٹو سٕنٛز اصلی شناخت ونان۔
90,5 وٕہٕرِ یا امہِ پتہٕ ہیٚکن مٗسلٕکہِ بٔڑِ حصہٕ موردٕ گژھِتھ ، ییٚمہِ سۭتۍ داغ روُزتھ ہٮ۪کن  ۔
91,بہٕ چھس جدوجہد کران صحت مرکزس منٛز ضروری توجہ حٲصل کرنہٕ خٲطرٕ، تہٕ مےٚ چھ باسان ز میٛانہ صحتٕکۍ خدشات چھنہٕ سنجیدگی سان ننہٕ آمٕتۍ۔
92,یہِ چھُ پرتگالٮ۪ن ہُنٛد گڑھ تہٕ کوچی کِس مہاراجہٕ تہٕ پرتگال کِس سلطنتس درمیان علاقٲیی طور اتحادٕچ علامت۔
93,تُہۍ ہیٚکو کنٹینر کمپنی یا انفرٲدی لوکن ذریعہ کٕننہٕ خٲطرٕ شپنگ کنٹینر حٲصل کٔرتھ۔
94,کولیون زیون پننہ آوازِ خٲطرٕ بہترین ریپ سولو پرفارمنس باپت گریمی ایوارڈ ۔
95,"ہائی رینج سطح مرتفع چھُ چاے باغو تہٕ ہائیڈرو الیکٹرک ڈیمَو سۭتۍ تقریباً پوٗرٕ پٲٹھۍ تبدیل گوٚمُت۔
"
96,"
دۄیہِ لَٹہِ کٔرِو سرٕ زِ تُہٕنٛدِ تمام چیٖز چھِ سکین کرنہٕ آمٕتہِ۔

"
97,اپریل 2018 ہس تام چھ چلی سیٹھاہ لاگہِ  وول مٗلک۔
98,اداکارہ کیٹ بوس ورتھس چِھ مکمل ہیٹروکرومیا: تٔمۍ سٕنٛز کھوورٕ أچھ چھےٚ نیج تہٕ  دٔچِھنہِ  أچھِ گۄٹ ۔
99,یہِ چھٗنہٕ وٗنہِ  واضح زِ کٗلہِ   کیٛاز چھ زیادٕ تر سبز بنیمٕتہِ ۔
100,"معاملات چِھ امہ حقیقت سۭتۍ مزید پیچیدٕ گژھان ز ٹۄپل تہٕ تکبر وول ڈاکٹر روب ""گریف"" گریفتھ تہ چھ تہند مول۔"
101,جنوُبی افریقی قومی ٹیم، یتھ بفانا بفانا ونٛنہٕ چھُ یوان، گو٘ گھر فٲیدٕ  باووٚجوٗد گول کرنس منٛز ناکام۔
102,من اوس مجسمن منز تہٕ دیوارس پیٹھ ترٲشتھ  نقشن منز ہاونہٕ یوان یتھ منٛز تمس اکھ ترکر کژر ٲس آسان ۔
103,یم لُکھ یہ دوا  استعمال کران چھ تم چھنہٕ امہ کس نتیجہ مزید زندٕ روزان ۔
104,مناولی قلعہ چھٗ  پنجاب، بھارت ،موہالی ضلع کِس  مناولی گامس منز  واقع ۔
105,بِلن تہٕ باقٕیہ  مُشترقہٕ اخراجاتن خٲطرٕ تھٲوِو پنُن رقم أکِس مُشترقہٕ کھاتس منٛز، یٗس تو٘ہہہِ دونوے چلٲوِو ۔
106,ٹور کمپنی کوٚر نہٕ تہندس بروشرس منز وعدٕ مطابق سانہِ گروپہٕ  خٲطرٕ  یِنک گژھنک  انتظام تہٕ امہِ سۭتۍ سپدۍ  سٲری سخ پریشان۔
107,"ہندوستانٕچ 2011 چہِ مردم شُمٲری چھُ اکھ نوٚو، الگ تہٕ مختلف شہری مجموعہٕ نوٹ کوٚرمُت یَتھ منٛز مواٹوپوزا تہٕ کوتھامنگلم تعLقن ہنٛد کینٛہہ حصہٕ شٲمِل چھِ۔
"
108,جنوری 2010 ہس تام کوٚر ساینسدانو 41 ڈیموکلوئڈز دریافت ۔
109,شیٖر خوار بَچن منز منٲسب کھین چین برقرار تھاوُن چُھ پریشر السر روکاونس منز ضروری۔ 
110,البتہ؛ طالِبانٕکہِ  ترجمان، محمد حٔنیٖفن ووٚن زِ یہِ حٲدِثہٕ اوس طالِبانن ہندِ  كِنہِ سپٗدمٗت ۔ 
111,امہ کِہ وجہ سٕتۍ گٔیۍ سیاست دانن تہٕ کاروبٲرۍ لوکن ہندۍ طرفہٕ مارکیٹس منز ہیرا پھیری واریاہ تنقید تہٕ  لگس الزام۔
112,یہ اوس اینڈرائڈ تہٕ آئی او ایس موبائل آپریٹنگ سسٹمن خٲطرٕ بناونہٕ آمٗت ۔
113,بروٚہمہِ تہٕ پتۍمہِ لٲنہٕ آسَن پریتھ جایہِ پیتھ مشتمل یتھ کٔنۍ زَن گردش دوران أکِس بیٚیِس سۭتۍ جایَن ہنٛدۍ پٲٹھۍ صف بندی کٔرتھ۔
114,سہ مُود 27 جون 2020  ییٚلہ سُہ 91 وہر اوس۔
115,سۄ زایہِ اگست  29، 1960سین فر٘انسِسکو ، کیلیفورنیاہس منز  ۔
116,تاہم  300 منز شروع گژھن وٲلس سنگم ادبس منز آیِہ نمایاں کمی۔
117,1940 کہ دہایی پیٹھہٕ چھ دایمی اڈیوپیتھک ژاسہٕ تناؤس سۭتۍ منسلک کرنہٕ آمت۔
118,تٔمہِ زِیوُن لندنس منٛز 2012 سَمر اولمپِکسس منٛز لو٘یوٗو تمغہٕ۔
119,سٮ۪ٹِنٛگہِ ہُنٛد بُنیٲدی مقصد چھُ بال  ہواہس منٛز تِتھ پٲٹھہِ  ترٛاوٕنہِ  یُتھ زِ یہِ ہیكو٘  حریف سٕنٛدس کوٹس منٛز حملہٕ کہِ ذٔریع چلٲوِتھ ۔
120,آدی چھٗ  اونی ہُنٛد پتہ لگاونہِ   وکرم جیتُن گَرٕ دوان  مگر وِكرمجیتس پانس اونی ہندِ غٲب گژھنٗك پتاہ نہٕ آسنہٕ كِنہِ حٲرتس گژھان ۔ 
121,بالاجی ین کٔر شاہوٗ سٕنٛز موج یسو بائی 1719 منٛز مغل قید نش رہا۔
122,یمن سلطنتن منٛز اوس شہرآبادی ہند عمل شروع گومت، تجارت تہٕ سفر ہیوتن پھلن پھولن، تہٕ یوتتھ تام ز بڑِس فاصلس سۭتۍ الگ گژھن وٲلین علاقن تام ٲس رسٲیی آسان گٔمٕژ۔
123,تہٕ یُس تہِ تٔمِس  رقم انہ، سُہ بنہِ ہیرو۔
124,کاٹن وٗڈ شورز، ٹیکساز کاٹن وٗڈ شورز چٗھ برنیٹ کاؤنٹی، ٹیکسازس منٛز اکھ شہر ۔
125,ٹگ: ٹگ چھ اکھ ایپلیکیشن سافٹ وییر یس گٹ باپتھ گرافیکل یوزر انٹرفیس فراہم کران چھ۔
126,مہابھارت کٮ۪ن اہم کردارن منٛز اکھ، بھیما اوس اکھ عظیم پہلوان مانٛنہٕ یوان۔
127,یہِ چھ اکھ مسلہٕ پٲدٕ کران زِ انسٲنی جسم کِتھ کٕنۍ چُھ امینو ایسڈن سۭتۍ نمٹان۔
128,"اتھ میچس منز چھے٘ پننہِ سارِوٕیہ پٲٹھۍ کارکردٕگی پننہِ پیشورانہٕ زِندگی ہنز بہتٔریٖن قرار دِوان تہٕ تمہِ سٕنز دویمہِ اِنِنگہِ ہنز تعداد 7/56 ٲس وُنیُک تام تمہِ سٕنز بہترین ۔
"
129,سویڈش شٲہی خاندان، رئیس تہٕ سِفارت کار ٲسۍ گۄڈٕنِکین کھلاڑین منٛز شٲمِل۔
130,1970 کِہ دہلِہِ کِس ٲخٕرَس، 1980كِس دہلِس ، 1990 كِس دہِلِس  تہٕ 2000 کِس شُروٗعاتس دۄران آو امیُک اصلی مجموٗعی رقٖم دُبارٕ ریلیز كرنہٕ سۭتہِ مٔزیٖد بڑاونہٕ۔
131,"ایونٹ کِس فاینلس منٛز اوس یہ ریکارڈ قٲیِم کرنہٕ آمُت۔
"
132,یِمَن سارِنٕے ہُنٛد آگُر چھُ مغربی گھاٹَن منٛز۔
133,بنگالس پیوو 1943 ہس منٛز عظیم بنگال قحطک مقابلہ کرن، یتھ منٛز دویمس عٲلمی جنگس دوران 30 لچھ افراد ہلاک گٔیۍ۔
134,ملکہ کین واریاہن حصن منٛز چھ بینڈی ہنٛز اکھ طویل تٲریخ تہٕ یہ اوس سوویت دورس منٛز ساروی کھوتہٕ زیادٕ مقبول کھیلن منٛز اکھ۔
135,"پیکسٹن چھُ 2015 پٮ۪ٹھٕ ریاستی سیکیورٹیز دھوكھہٕ بٲزی ہندِس  الزامَس منٛز فرد جرمس اندر  ۔
"
136,ٲخٕر کار چُھ بھوُت چھانچہِ پوُتہِ سٕتہِ  تباہ  كرنہٕ یوان ۔۔
137,سابق برطانوی وزیر اعظم مارگریٹ تھیچرِ ہنٛدِ خٲطرٕ بناونہٕ آمٕتہِ ریوایتی بوٗٹھ چھِ ایی بے ہس پیٹھ کٕننہٕ خٲطرٕ تھاونہٕ آمٕتہِ۔
138,"یہ چھ 342,239 مربع کلومیٹر یا ہندوستان کِہ کل جغرافیٲیی رقبک 10.4 فیصد حصس پیٹھ محیط۔"
139,تٔمۍ سٕنٛز نامزدگی آیہ سینیٹس منٛز لگ بگ ترٛین ؤرۍ ین تام رکاونہٕ۔
140,جنوری 2009وس منٛز کوٚر کرسٹی ین نیو جرسی كہِ  گورنر خٲطرٕ پننہِ وۄمیدوار آسنُک اعلان ۔
141,"تِمو لیوٚکھ 30 ہَن صفحن ہُنٛد اکھ خلاصہٕ یُس گلزارس سوزنہٕ آو۔
"
142,ہیرمِس  فہرستس منٛز چِھ تِم تمام ضٗمرٕ شٲمِل یمن ہنٛد رٗكٗن  چِھ، قطع نظر امہٕ کہ یمن چھا متعلقہ ضٗمرٕ پیج ۔
143,بہٕ اوسس گۄڈٕ دہن میلِن ژھرانٹ وایان مگر وۄنۍ چھس بہٕ اکِہ میل پتہٕ تھکان۔
144,مےٚ چھٖنہٕ بہوانٕے ز سرٛانہٕ کٗٹِھس چھے٘ سارییہ ہجہِ كٕجہِ ۔  مےٚ ٲس نہٕ یہ وۄمید  ییٚلہ مےٚ ژٕ  بطور دٔسِل کامہ  اوٚنکھ ۔
145,امہ قٕسمٗک ریسٹورانٹ چھٗنہٕ پوٗرٕ ٹیبل سروس پیش کران ۔
146,بَڈین ہسپتالن منٛز چِھ ڈاکٹر نااہل آسان، توتِہ چِھ تِم مےٚ زیإ فیس ہیوان تہٕ باسناوان زِ تِم چِھنہٕ دٕستیاب ۔ 
147,"بچ تہٕ ہینڈلن دۄشویو کوٚر یہِِ  زیادٕ تر سازینہٕ موسیقی منٛز استعمال۔
"
148,یہِ خٕطہٕ کوٚر سنٛگَاہو  پنٛنہِ  پٔھلاو پتہٕ قایم ۔ 
149,دب لگنٕہٕ كِنہِ  زخم چھِنہٕ نیصبتن  زیادٕ  آسان۔ زخمن ہنز بٕڈ اكشرِیت  چھے٘ زیادٕ استعمالٗك  نتیجہِ ، یِم اکثر اونگجین ، کھۄنہٕ وٹن  تہٕ پھیکٮ۪ن لگان چھِ ۔
150,ہندوستان کِس دوٚیمس صدر سروپلی رادھا کرشنن سُنٛد زاہ دۄہ چھُ 5 ستمبر 1888 تہٕ یہِ دۄہ چھُ 1962 پیٛٹھٕ یوم اساتذہ پٲٹھۍ مناونہٕ یِوان۔
151,تم  سٲری چھِ  سپینس منٛز تہنٛزِ کامہ ہنٛز کاشتکٲری متعلق ۔
152,"امریکی گرٕ، یس اکہ وقتہٕ معٲشی پٲداوارک مرکز اوس، بنیوو مٲجن ہنٛز نگرٲنی منٛز تفریح، روشن خیالی تہٕ تعلیمک مقام۔
"
153,"ایف آیۍ ڈی ایی یٕکہِ قونون آیہ  حالٕیہ  2018 ہَس مَنٛز ترمیم كرنہٕ ۔۔
"
154,دادا صاحب پھالکے چھ بٔڑس پیمانس پیٹھ ہندوستٲنۍ سنیما ہک مول ماننہٕ یوان۔
155,بیاکھ شیڈول گو شروع بنکاکس منٛز اکتوبر 2013 منٛز مرکزی کاسٹس سۭتۍ۔
156,یہ چھ ڈاون بائی دی ریور سائیڈٕچ اکھ پیروڈی یتھ مایان چھ پیش کران ۔
157,یُتھوٗیہ مےٚ پوٚر، بہٕ گوس تہنٛدِ عدم تشدد واجنہِ خلاف ورزی ہِنٛزِ تحریٖکہِ سۭتہِ  سٮ۪ٹھاہ مُتٲثر۔
158,تمہ پتہٕ، چھ زیر زمین آبن چونہٕ کنٮ۪ن ہنٛد اکھ حصہٕ ڈیوٚل کوٚرمت، ییٚمہٕ سۭتۍ گۄپھٕ بنیٛیہ۔
159,لورینڈا وارڈ کر این ٹی ایس بی کمشنر سٹیون چیلینڈر تہٕ پبلک افیئر افسر کیتھ ہولووے سٕنٛد مدتہٕ سۭتۍ بطور چیف انویسٹی گیٹر کٲم۔
160,یہ دٔلیٖل چھےٚ زندگی تہٕ موتس پٮ۪ٹھ میڈیا، سیاست، جرم تہٕ جنسی تعلقاتن ہٕنٛز پیروی کران۔
161,لاوریل ، آئیووا لاوریل چھٗ  امریکاہس منز  اِیوواہٗک اکھ شہر ۔
162,مُقدس ہیٚنٛدِ رٮ۪واجہِ مُطٲبِق چُھ وِشوکٔرما  بطور دُنیاہُک خۄدٲیی  اِنٛجیٖنیٚر  زانٛنہٕ یِوان۔
163,ذخیرٕ اندوز چھِ مانان زِ  تِم چِھ عام طورپننین پالتو جانورن ہٗند خیال تھوان ۔ 
164,زیادٕ بچت کرنہٕ خٲطرٕ کریو پننہ شرابک استعمال ختم یا کم۔
165,"مُواٹوپُزا چُھ سڑکہِ ذریعہٕ رِیاست کین اَہم شَہرن سۭتۍ زبرپٲٹھۍ جُڑِتھ ۔
"
166,بہٕ چھس تۄہہ  كركہٕ دِوان  تکیازمے٘  چھٗ تہنٛزِ ہمدردی ہنٛز کٔمی سۭتہِ اشتعال كھسان ۔
167,تم چھ بعض اوقات بہتر آسان، ییٚلہ زن کنہ ساتہٕ چھ بدتر آسان۔
168,بہٕ ووتس اکھ گٲنٛٹہٕ برونٛہہ جویلری سٹورس منٛز تہٕ ونیک تام آو نہ کانہہ مےٚ نش۔ مےٚ تروو تُہند سٹور ہمیشہٕ خٲطرٕ۔
169,تلنگانہ ہس منز چھےٚ 27 یونیورسٹی، یمن منز 3 مرکزی یونیورسٹی، 17 ریاستی یونیورسٹی، 2 ڈیمڈ یونیورسٹی، تہٕ  5 نجی یونیورسٹی شامل چھےٚ۔
170, خطہٕ كہِ  موریٲیی اِختِیارس تل آسنس چھِ    كِنہِ پیٹھ  كھنِتھ  تحریٖر  مٔزیٖد پٗشنیہ كران  ،  یٗس یہِ تجویز  كران چھٗ  زِ گٗجرات تہٕ پاٹلی پٗترس درمِیان واقع وسطی ہِندِٗ كِس  مالوا خطس پیٹھ اوس چندر گٗپت سٗند قوبوُ ۔ 
171,اکھ سیریل کلر چھ انہ گٹہٕ گژھنہٕ پتہٕ شہرس زاگان تہٕ امہ سۭتۍ چھ لوٗکھ روتلہ گرس منز بیہنس پیٹھ مجبور۔ 
172,یہ معاملہ آو نہٕ 1825 تام شائع کرنہٕ، یُس زَن گریوسس برۄنہہ دہ ؤری  اوس۔
173,"چنٛدرٕگُپت چُھ گۄڈٕنِچہِ لَٹہِ یونٲنۍ حوالہٕ ""سَنٛدرٛوکوٹوس"" پٲٹھۍ اُبران ۔"
174,"بخارسٹ کِس بالکل مغربس منٛز پرہووا کاؤنٹیُک مرکزس چھُ تقریباً حتمی شکل دِنہٕ آمژ تہٕ ییٚمہِ ؤرۍ یہِ کِس ونٛدَس منٛز تہِ یِیہِ  کھولنہ ۔
"
175,"یہِ چھِ سِلسِلُك  ترٛیٚیِم قسط تہٕ چھُنہٕ امہِ برونہہ ینہٕ والین ہیوُ ، تہٕ  چھُ کولمبیٲیی  تھرلر دی ہیڈن فیسُک باضٲبطہٕ  ریمیک ۔
"
176,امہ پتہٕ چُھ صرف اکھ مختصر جٲیزٕ کینہہ نُکتن ہُند ۔ 
177,بہٕ گوس چھانہٕ سٕندِ طرفہٕ ماڈیولر کچن انسٹالیشن منٛز دستکٲری تہٕ تفصیلن کن توجہ دنہٕ سۭتۍ خوش۔ یہ اوس واقعی متٲثر کروُن۔
178,"ہوپن چھ واریاہن کینیڈین تہٕ امریکی فلمن تہٕ ٹیلی ویژن پروگرامن منٛز اداکٲری کٔرمٕژ۔
"
179,لیونل میسی تہٕ کارلوس ٹیویزس سۭتہِ، یمو آرام دِنہٕ آمتین  کھلٲڑین خٲطرٕ شروعات کٔر، ارجنٹیناہس  اوس زیننٗک ہۄنر۔
180,سہل فارمیٹ بناوِ اكھ لۄكٕٹ   فائل ، مگر کم زانٛکٲری  ذخیرٕ ۔
181,حاملہ آسنہٕ وِزِ انفیکشن کہِ وجہ سۭتۍ چھےٚ کینژن شُرین  مایکروسیفلی تہٕ باقی دِمٲغی خرٲبیہِ گژھان۔
182,نٲرس منز باگ چھُ اوكلومۄٹر نٲرٗك نٗمایا تنہٕ آسان ، یٗس وسا واسورم فراہم كران چھُ ۔ 
183,جاپان کٮ۪ن صوبن ہند فہرست بَدلیوو وقتس سٕتہِ سٕتہِ ۔
184,"حتاکہِ نوشتہٕ جات چھِ کننڑٗك بطور  ""قۄرتی زبان"" حوالہٕ دِوان۔"
185,گۄڈنچہ لٹہ چھ اکھ Z06 تہِ مبٲدلہٕ پٔزیٖر گژھن وول۔
186,یِہ چھٗ گامس منٛز امی ناوٕ سۭتہِ وۄپداونہٕ یوان ۔
187,ویمپایر بایک چھ بایک نوڈی یَس بےٚ کار کران تہٕ پادٕرۍ چھ سوار۔
188,سوٗ زاو جمایكی مٲلِس ماجہِ تہٕ آو نِیوٗ یارك شرسٕیہ منز رچھنہٕ ۔
189,دڈِبروٗ-سایکھووا نیشنَل پارٕک چھےٚ اَکھ قومی پارٕک یۄسہٕ  ہِنٛدُستانس منٛز آسام کیٚن ڈِبروٗ گَڑھ تہٕ تین سٗكھیا  ضِلعن منٛز واقع چھےٚ۔
190,رباویرین، انٹراوینس امیونوگلوبلین، یا الفا انٹرفیرونک استعمال کٔرتھ چھ انفیکشنک علاج کرنٕچ کوٗششہ تہ کرنہٕ آمٕژ۔
191,"ایف کے ساراجیوو - ایف کے ساراجیوو چھُ اکھ فٹ بال کلب یُس بوسنیا تہٕ ہرزیگوویناہَس منٛز گِنٛدان چھُ۔
"
192,چنگ مود 1 مئی 2020 سیولس منٛز جگر  کینسر آسنہٕ کِنۍ ، 60 وری وٲنسہ منٛز ۔
193,تمہٕ پتہٕ آو دوبارٕ نقصانُک جٲیزٕ $443 ملین پیسو، یا $8.8 ملین امریکی ڈالر  لگاونہٕ۔
194,بیسنہوفن بیسنہوفن چھٗ جرمنی منز  باویریا کِس اوسٹالگاؤس منٛز اکھ بلدیٲتی علاقہٕ ۔
195,ہِچکاک ہارَر فِلمہِ ہِنٛدِ پٲٹھہِ  چھِ وُڑوٕنۍ جاناوار ہیوسٹَن کِس مرکزَس منٛز جارحانہٕ پٲٹھہِ۔
196,"یم چھنہٕ تم دباوان، مگر پنٕنۍ قونوٗن چھ پنٛنس اختیارس تحت نوان۔
"
197,فالوونگ- فالووِنگ چھےٚ 1998 تچ اکھ برطانوی ڈرامہ تھرلر فلم ییٚمیک ہدایت کار کرسٹوفر نولان چُھ۔
198,مرنُک وجہ وونُکھ پروسٹیٹ کینسر۔
199,أمۍ سنٛد مۄل، بابو جی، یس اکھ سرکٲرۍ ملٲزم چھ، چھ پنٕنۍ نوکری ترٛاوان یتھ سہ پنن پان علمہ نجومس خٲطرٕ ہیٚکہ وقف کٔرِتھ۔ اوم سٕنٛز بٔڑ بیٚنہ، گایترٛی، چھےٚ أکس ناکارٕ نفرس ڈیٹ کران۔
200,تٔمۍ ہٲو ٹینسس منٛز تہٕ دلچسپی تہٕ اوس جان میک اینروسُند پرستار ۔
201,"امہٕ وقتہٕ ٲس زیٛادٕ تر لیوٹس منٛز تارن ہنٛد ستھ یا ٲٹھ سٮ۪ٹ آسان۔
"
202,"گُڈ فرٛایڈے تہٕ کِرٛسمَس دۄشوٕے چھِ وۄنہِ کیوُباہس منٛز سالانہٕ چُھٹی ۔
"
203,حزب اختلاف ہیٚکہ یہ عمل لوٚت کٔرتھ تہٕ اگر یژھان آسہ سرکٲرۍ کارٕبارس منٛز رکاوٹ ترٛٲوتھ۔
204,"قدیٖم مویرینگس منٛز چھُ سُہ تمام دیوتاہو منٛز ساروٕے کھۄتہٕ بوٚڑ۔
"
205,"پٗلسن وون زِ حمیدَن اوس گۄڈَے بم دھماکَن مُتلِق کینٛہہ اَہَم جانٛکٲری ظٲہر کٔرمٕژ، تہٕ ریاستٕ کِس ورمٗل تہٕ پروُنژھ   ضلَن منٛز چھٗ بیٚیہِ گرفتٲریَن ہٗند  امکان۔
"
206,امہ پتہٕ تہِ، دوا بند کرنہٕ پتہٕ ہیکِہ ہایپرتھایٔرایڈٕچ حالت دوبارٕ پٲدٕ گٔژِھتھ۔
207,یون بی مۄیہ 3 ستمبر 2014  أکس کار حٲدثس منٛز، 21 وہر۔
208,تمن سۭتۍ معاہدٕچ پیشکش ٹھکراونہٕ پتہٕ کوٚر تٔمۍ 1931ہس منٛز جارج رومنی سۭتۍ خانٛدر۔
209,ووں گوٚو، یہ ہیٚکہ نہٕ مٲلی طور ممکن ٲستھ یوٚتام نہٕ تۄہہ واریاہ جایداد آسہ کرایہ دنہٕ خٲطرٕ ۔
210,یہِ چھُ ہندوستان کِس اوڈیسہ کِس ضلعہٕ سبرن پور کِس بیرمہاراج پور سب ڈویژن کِس کوٹساملائی منٛز تریکُٹ پہاڈ کِس دامنَس پیٹھ واقع۔
211,تۄہہ ہیکہ اکٲیی قۭمتس سٕتِہ سٕتہِ  ڈلیوری فیس ادا کرٗن ۔
212,تیریکھول دٔریاو کِس دہانس  پٮ۪ٹھ قعلس تام ہیكو  پَناجی پٮ۪ٹھٕ 42 کِلومیٖٹر شُمالَس منٛز کوٗئرِم پٮ۪ٹھٕہ  ناوِ ذریعہ  وٲتِتھ ۔
213,2006 ہس تام روٗز رزیا جنوٗبی امریکی فارمولہ 3 ہس منٛز تہٕ زیوٗنن خطاب۔
214,کنشک سٕندِس دورِ حکومتس منز بدلییہ سکن ہنز زبان بختریہ  ہس منز  (حالانکہ یہِ روٗز تمام بادشاہن خٲطرٕ یونٲنہِ رسم الخطس منز) ۔
215,"حالانٛکہِ آرسنلَس  اوس بالہِ پٮ۪ٹھ کم قبضہٕ تہٕ کین٘ہہ شاٹ،  تِمَن ٲسہِزیادٕ  شاٹ نشانَس پٮ۪ٹھ ۔
"
216,یِمو چھُ  بکسر کِس جنگس منٛز ایسٹ انڈیا کمپنی خلاف تہِ لوٚڑمُت۔ 
217,سی این ایسَس منٛز یِتھین  سازگار فروغ دِنہٕ والین انصرن ہنزدِ نہٕ آسنہٕ كِنہِ چھُ بییہ بنٗن  سی این ایسَس منٛز روٹہٕ گژھان ۔ 
218,کاریگرین کوٚر مقٲمی طور دٔستیاب سخت گرینائٹک استعمال امہ چہ پایداری ہندِ وجہ سٕتۍ کیازکہِ سلطنتس اوس لگاتار حملک خطرٕ ۔
219,جنگ بندی ہنٛد اعلان آو کرنہٕ تہٕ کتھ باتھ گٔیہ جٲری، مگر امہ سۭتۍ میول  تشدد رکاونس منز سیٹھاہ کم مدد۔ 
220,مولنگ چھُ اکھ اَڈِی لفظ یَمیُک مطلب چھُ ۄوزُل زہر یا ۄوزُل خوٗن، یتھ متعلق خیال چھُ یِوان کرنہٕ زِ یہِ چھُ مقٲمی طور  لَبنہٕ یِنہٕ وٲلۍ کُلۍ ذٲژ پیٹھ ۄوزُل مایہ۔
221,"امیُک مشرِقی سرحد چھُ شُمال مغرِبس منٛز جنوب مشرقی پہٲڑی سِلسِلَس کُن یُس اڈوکی ریزروائرس پیریار کِس کلر/پیرنجن کُٹی معاون دریاو نِشہ الگ چھُ کران یُس مرکزی کارڈاموم پہاڑو پیٹھ وسان چھُ۔
"
222,"تَتہِ چھُ اکھ اجنبی محافظَس نِش ہدایت کارَس سۭتۍ مِلنہٕ خٲطرٕ یِوان یہِ دعویٰ کران زِ سُہ چھُ اکھ لِکھٲرۍ تہٕ أمِس چھِ اکھ شاندار دٔلیٖل یوٚس فِلم بناونَس لایق چھِ۔
"
223,"روتلہ چھےٚ أچھ اصلہٕ کھۄتہٕ واریاہ بجہ باسان۔
"
224,گۄڈنِکس ایٚڈیٚشنس منٛز 40 سوارٔو پیٚٹھٕ چھ یہ 2013 ہس منٛز 100 سائیکل سوارن تام ووٚتمٗت۔
225,ییلہِ زن یہِ ٹھكیھ كرنہٕ ہیكہِ نہٕ یتھ، زیادٕ تر ماملن منٛز چُھنہٕ یِہ دوہ دِش چہِ  زندگی منٛز مُشکِل پٲدٕ کران۔
226,"بعض اوقات چھِ  تِم  بارن یا ریسٹورینٹن منٛز لبنہٕ یوان۔

"
227,مےٚ گٔیہ اے ٹی اٮ۪م پٮ۪ٹھٕ پھٖٹووٹھ حٲصل کٔرتھ خٖشی۔
228,"ٹٗٹالن  کوٚر بنگلہ دیشی لِکھٲرِ تہٕ ناشر شمس و ضٗہا  مانِک سٕنٛدِ خٲطرٕ آزٲدی ہُنٛد تہِ مُطالبہٕ۔
"
229,مےٚ  اوس نہ توقع ز مےٚ میلہِ تیتھ مکانہ کرایس پیٹھ  یتھ  باتھ رومس گرم گژھن وول پتھٕر آسہ - یہ گو پزی عٲش !
230,یہٕ اوس آسٹریلوی فلمن ہنٛد ساؤنڈ ٹریکن فروغ دینہٕ تہٕ محفوظ کرنہٕ خٲطرٕ استعمال یوان کرنہٕ۔
231,وشواس پاٹل، رنجیت ڈیسایی، تہٕ شیواجی ساونت چھ مراٹھا تٲریخس پیٹھ مبنی ناولو باپت زاننہٕ یوان۔
232,آر آٮٔی ایل ہک مارکیٹ کیپٹلائزیشن چھ 31 مارچ ۲٠۲۲ ہس تام 2022 بلین امریکی ڈالر۔
233,اتھ منٛز چِھ روڈی میک ڈووال، ایلزبتھ ٹیلر، تہٕ ڈاگ اداکار پال شٲمل۔
234,"أمِس میول  پٔتمہِ ہفتہٕ مسٹ روڈوک سُند  جواب۔
"
235,مایہرس منٛز چُھ اکھ شاردا دیوی مندر تہٕ پرٛیتھ ؤرِیِہ اکھ مذہبی مٲلہٕ آسان۔
236,2000 منز سپُد ہندوستٲنۍ کرکٹس منٛز اکھ واریاہ بوٚڑ میچ فکسنگ سکینڈل۔
237,1985 منٛز ، ٲس سۄ سافٹ ویئر ہایپر کارڈ تہٕ ایم اے سی آیی این ایف او  تیار کرنس منٛز تہ شٲمل ۔
238,"دۄشوٕے کھیل چھِ گریڈیرن فٹ بالٕک بُنیٲدی قسم ماننہٕ یِوان۔
"
239,سائنس دان چھ تھر عصبک زخم کہ علاج باپتھ مخیلف طریقن تحقیق کران۔
240,ییلِہ 1542 منز اچیوتا دیو رایا سُند انتقال سپُد،  أمۍ سُند باپٔتٔھر  سداشیو رایا کورُکھ بادشاہ مقرر تہٕ  کرشنا دیو رایا سُند زامتُر عالیہ رام رایا بنِیوو نگران ۔ 
241,اتھ عرصس دوران مٲرۍ بھیمن واریاہ رکشس یمن منٛز بکاسور تہٕ ہڈمب  شٲمل ٲسۍ۔
242,"سُہ مُود کینسر سۭتۍ، ستتھ وٲنٛسہِ منٛز، سانتا مونیکا، کیلیفورنیاہس منٛز۔
"
243,     سری لنکا ہکۍ بُدھ گۄسٲنۍ ہممالوا سدھاتیساہَس سۭتۍ ملاقات کرنہٕ پتہٕ کوٚر امبیڈکرَن 14 اکتوبر 1956 دۄہ ناگپوٗرَس منٛز پانَس تہٕ پنٕنین حامیَن ہندِ باپت اکہ رَسمی عوٲمی تقریبک انتظام۔
244," ژوٚن مُلکَن ہندِ طرفہٕ  دہشَت گرٕد گروپَن مالی معاونتُک الزام عٲئد کران، آو قطرس  ترٛوہن منگن ہٖٗند  اکھ فہرست دِنہٕ ، یَتھ منٛز پابندی ہٹاونہٕ باپت الجزیرہ بنٛد کرُن تہِ شٲمِل اوس۔
"
245,آبٲدی چھے٘ صحتٕچہِ سہوُلِیات تہٕ طِبی عملہٕ چہِ کٔمی منٛز مُبتلا۔
246,"جیسپر کاؤنٹی: جیسپر کاؤنٹی چھُ ایمریكا  کیٚن ٲٹھن کاؤنٹیَن ہُنٛد ناو۔
"
247,وقتاً فوقتاً، ثقافتی کار کَردٕگی سۭتۍ سۭتۍ چھِ یتہِ باقی کھینٕکۍ بٔدۍ دۄہہ مختلف ہندوستٲنی ریاستن ہنٛز خصوصیت ہاوان۔
248,تمۍ سٕندۍ واریاہ بٲتھ ٲسۍ تٔمۍ سٕندس جنوبی امریکہس منٛز روزن واجنہ زندگی پیٛٹھ مبنی ۔
249,مگر زیادٕتر لوکھ چھ  علاقایی زبانہ بولان  یم مردم شمٲری منز ہندی زبانہ ہنز بولہ ماننہ چھےٚ آمژٕ۔ 
250,دباوکین السرَن چھِ میڈیکل آلو سۭتۍ درجہ بندی یِوان کرنہٕ اَمی نظامُک استعمال کٔرِتھ یِتھ پٲٹھۍ باقی سببو سۭتۍ دباؤٕک السر چھِ آسان، البتہ چھُ  وجہک ذِکر اکثر یِوان کرنہٕ۔
251,"نرمدا دریاوَس تِہ چھِ نرمڈییا برہمن ماجہِ دیوی پٲٹھۍ پوٗزا کران۔
"
252,امبیدکرس آو  1990 تس منز بعد از مرگ ،ہِندوتانٗك  سارِوٕیہ تھو٘د شہری اعزاز بھارت رتن عتا كرنہٕ  ۔ 
253,"پرٛیتھ جُرمانس چُھ اَکھ مخصوص کوڈ آسان یُس فاؤل کِس وقتس سۭتہِ سۭتہِ سرکٲرِ میچ رِکارڈَس پیٹھ درٕج چُھ کرنہٕ یِوان۔
"
254,یِہ چِھےٚ انٹرلنگوا ہس سۭتۍ، دوٚیم ساروٕے کھۄتہٕ زیٛادٕ بولنہٕ ینہٕ واجیٚنۍ معاون زبان۔
255,"تیم کٔر 1930 تہٕ 1940 کس دہائی منٛز اینڈی ہارڈی سیریزس منٛز پولی بینیڈکٹک کردار ادا۔

"
256,یہ پلاٹ چھ لۄکٹس بٲیس سونو دگلس، ییٚمیک کردار نواز الدین صدیقی ادا کران چھ، تہٕ أمۍ سٕنٛد بٔڑس بٲیس وکیس (انیل جارج) درمیان شدید تہٕ بٲہمی طور تباہ کن تعلقاتٕچ کھوج کران۔
257,"تم بنے ریاست واشنگٹنس منٛز، گرنج موسیقی ہنٛز مقبولیتس دوران۔
"
258,جنوُبی انڈیمان کین جنگلن منٛز چھِ كٗلین پیٹھ كٗلہِ كٕٹہِ سیھاہ وۄپدان  ، زیادٕ ترپوشو٘ رو٘س تہٕ پوشہِ دار كٗلہِ ۔
259,فرانسسکو ڈی اینیلو، یُس اٹلی ہنز نٗمایندگی کران اوس، روُد دوٚیمِس نمبرَس پٮ۪ٹھ ، ییٚلہِ زَن جیفری ہولوگوئن، ییٚمہِ  ایلرَس سۭتہِ امریکہ ہچ نٗمایندگی کٔر، روٗد 140 سکور كرِتھ  ترٛیٚیمِس نمبرَس پٮ۪ٹھ ۔
260,کینژن ہند خیال اوس ز یہٕ چھ سیارن پنین مدارن منز تھاوان۔
261,ناو چلاونہٕ كِس روایتی کسبس منز چھٗ كھوُرِیوٗك منزِم نقطہ عمومن ناوِ ہندِس پیٹھۍمِس دندِس پیٹھ آسان ۔  
262,حفاظتی کَورٕ بغٲر چَھنہٕ نیورانن درمیان سگنل اصل پٲٹھۍ سفر کران۔
263,"سیبٹزرن گینٛد ستمبر 2010 تہٕ جنوری 2013 ہس درمیان ایڈمرا ویکر موڈلنٛگ خٲطرٕ۔
"
264,کورینن کوٚر 1948 منٛز آنندس منٛز ڈیری کوآپریٹو، کائرہ ڈسٹرکٹ کوآپریٹو مکل پروڈیوسرز یونین لمیٹڈ قٲیم۔
265,"تٔمۍ ووٚن بادشاہَس زِ تھنگجنگ چھُ یژھان زِ کھمن رَٹِہ دانٛد۔
"
266,"اٗتراکھنڈٗک کٗل رقبہٕ چھٗ 53,566 مربع کلومیٹر (20,682 مربع میل)، ییٚمہ منٛزٕ %86 پہاڈو  تہٕ %65 جنگلو سۭتہِ ؤلِتھ چھٗ ۔"
267,یہٕ بینڈ ٲس 1960 کس دہائیک اکھ برطانوی بینڈٕچ پٲٹھۍ کٲم کران۔
268,یژھن رٮ۪وایتہٕ والٮ۪ن باقین مُلکن منٛز چھُ چھۄکہٕ لد سپدُن عام تہٕ خاص طور چھےٚ موٹر ساییکل سوارن احتیاط سان روزنٕچ ضروٗرت۔
269,یہٕ حصہٕ چُھ نہٕ صرف کُنہٕ نفرٕ یا چیزس متعلق کُنہٕ مضمونک وضاحت خاطرٕ استعمال گژھن والین تصویرن خاطرٕ، یہٕ چُھ ہاوان زِ سُہٕ شخص یا چیز کیُتھ چُھ باسان۔
270,برینڈو ہٕنٛز پیدائش ٲس 1968 منٛز ڈیٹونا بیچ ، فلوریڈاہس منٛز ۔
271,"رائے ٲس 1946 پٮ۪ٹھٕ 1999 تام سرگرم، تہٕ ٲس ماجہِ ہِنٛدِ کِردار ادا کرنہٕ باپتھ مشہوٗر۔
"
272,"کِشورن گیوٚو پنٛنہِ پروڈکشن ممتا کی چاوں میں خٲطرٕ ""میرا گیت ادھورا ہے"" بٲتھ تہٕ کوٚرُن راجیش کھنہ ہَس پیٹھ بٲتھ بناونہٕ۔
"
273,أمس اوس ہلیری سۭتۍ کھانٛدر کٔرتھ تہٕ آسَکھ زٕ کورٕ ۔
274,دسمبرس منٛز اوس اکھ ویڈیو امہِ جورِ ہُنٛد جٲری گومُت یتھ منٛز دۄشوے پننین تمِہ وقتہٕ کین دۄن شُرین سۭتۍ بِہتھ ٲسۍ۔
275,اگر تہۍ اکھ متوازن پورٹ فولیو بناوان یژھان چھوٕ، تیٚلہ ہیٚکو تہۍ مختلف سٹاک کیٹیگرین تہٕ بانڈ کیٹیگرین ہنٛد کنے مرکب شٲمل کٔرتھ۔
276,پرٛٮ۪تھ ؤریہ چھ سہ أکس ترتیب كارس کویر خٲطرٕ اکھ نوٚو کیرول لیکھنہٕ خٲطرٕ انان ۔ 
277,دریائے نوبرا چُھ ہندوستانس منٛز لداخ چہ وادی نوبرا ہک اکھ دریاو۔
278,تَمہِ زِیوٗن 1908  سَمر اولمپِکسس منٛز تیر اندٲزی منٛز رۄپہٕ سٗند  تمغہٕ۔
279,پٔتِمیٚو کیٚنٛہو دۄہو پیٹھٕ گوٚو روٗسی فوج یوٗکرینی کرٛایمِیاہس منٛز دٲخٕل، تہٕ کوٚرُکھ   واریاہن اہم  مقامَن پیٹھ قبضہ، یتھ منٛز ہَوٲیی أڈٕ تہٕ علاقٲیی قونوٗن سٲزِیہ شٲمِل چھِ۔
280,گلاسڈورٕچ بٗنیاد تر٘ٲو  2007 تس  منٛز ٹِم بیسے تہٕ رابر٘ٹ ہوہمینن  ۔
281,بہٕ ہیٚکہٕ نہٕ یقین کٔرتھ ز تٗہۍ  چھو آسان  تبدیلی باپت اضٲفی رقم ہیوان ۔ بہٕ چھس ناراض۔
282,مِثالے، رانی پدمِنی ہُنٛد خانٛدار رَتن سیٚن موٗد علاودیٖن خلجی سٕنٛدِس محاصرس خلاف لَڑان لَڑان، تہٕ اَمہِ پتہٕ چھےٚ سۄ٘ رسمہِ  جوہَرٕچہِ  قیادت کَران۔
283,"نندنکانن، ییٚمیُک لفظی معنی جنتُک باغ چھُ، یہِ چھُ رازدٲنہِ  شہر بھٗونیشورَس نزدیٖک، چنداکا جنگل کِس ماحولَس منٛز واقعہٕ، تہٕ اَتھ منٛز چھُ 134 ایکڑس پیٹھ پھہلِتھ  کنجیا جھیٖل  تہِ شٲمِل۔
"
284,سلطنژ اندر پنٕنی حثیت تہٕ  اقتدار مستحکم کرنہٕ خٲطرٕ کٔرۍ نور جہاں نہِ پننہِ خاندانٕکۍ مختلف فرد عدالت تہم اِنتظٲمی دفتر کٮ۪ن تھدٮ۪ن عہدن پٮ۪ٹھ فٲیز۔ 
285,"نماز ہندس اجتماعس منٛز زنانَن ہٕنٛز شرکت چھِ کمیونٹی پیٹھ کمیونٹی تام مختلف آسان۔
"
286,ریو اولمپکسس منٛز کٔر أمۍ والٹس منٛز ژوٗرم جاے حٲصل۔
287,ژچہِ مَژٕ گانٛٹہِ بیارِ چھِ یمن پتہٕ پتہٕ پكن والین ہندِ دٕسہِ  واپس حٲصل کرنہٕ یِوان۔
288,سینیٹَس منٛز چھِ پرٛٮ۪تھ رِیاستٕچ نمٲیندگی زٕ سینیٹر برابر کران۔
289,1826 ہس منز کوٚر بریٹنیوُہن  وائرس كِنہِ ہٹِس ورم تہٕ ڈپتھیریا کہِ وجہہٕ ہٹِس ورمس منز فرق۔
290,فائر حکامَو كٕر  ٹایلرَس منز  ،ٹایلر پاؤنڈز فیلڈ ہوٲئی اَڈَس نزدیٖک ، زنڈن ہٗند نار ژھیوراونٕچ كوُشِش ؛اتھ علاقس نزدیك ٲس اكھ بٕڈ ٹر٘ك تہِ دزان ۔ 
291,مقامی سیاسی اکاین چھ ریڈ وننہٕ یوان، یم اعلی سیاسی اختیارس تحت چھ یمن سایم شپ ونان چھِ۔
292,سی ڈی سی چھُ تجویٖز کران زِ 25  وریہہ كم وٲن٘سہِ   تہٕ  25 وہرِ ہیو٘ر جِنسی طور سرگرم  خطرٕ آسن واجِنین زنانن گژھِ سالانہٕ چلمایڈِیا تہٕ گونورِیا باپت سالانہٕ تشخیص كرنہٕ یٗن ۔ 
293,"جمٲژ منٛز چھِ سٲری لڑکہٕ أمہِ سٕنٛزِ خوُبصوُرتی تہٕ شخصیتَس تمبلان ۔
"
294,یہٕ ووت واریہن مٗلکن منٛز موسیقی  چارٹن  منٛز سرفہرست دہن منٛز ۔
295,ہوو چھ بیلجیئم کس صوبہ اینٹورپس منٛز اکھ میونسپلٹی ۔
296,تٔمۍ کوٚر 1982 منٛز روچیل سی یس سۭتۍ کھانٛدر یوٚتام تمو  1989 منٛز طلاق کوٚر۔
297,یمن  پینسلنٕچ شدید الرجی چھے٘ ، تمن منٛز ہیٚکہ ڈاکسائیکلائن یا ٹیٹراسیکلائن استعمال کرنہٕ یتھ۔
298,اورٹنن کوٚر پنکس کَلَس  مُش  مارتھ حملہٕ ختم ۔
299, جنوب مغربی مون سون سۭتۍ چھےٚ سالانہٕ بٲرش شمٲلی تلنگانہ ہس منز 900 تہٕ 1500 ملی میٹر درمیان تہٕ جنوبی تلنگانہ ہس منز 700 پیٹھہٕ 900 ملی میٹر درمیان پیوان۔ 
300,ریاستٕچ رازدٲنی تہٕ ہندوستانٕچ مٲلی رازدٲنی ممبیی منز چھ زیادٕ تر بٔڑۍ کارپوریٹ تہٕ مٲلی ادارن ہندۍ ہیڈ کوارٹر۔
301,سلیٹرن کٔر1952  پیٹھہٕ 1963  تام وولور ہیمپٹن وانڈررز خاطرٕ پنٛین زیادٕ تر نمٲئش ۔
302,"امچہ  921,727ہن ہنز  آبٲدی  چِھ اَتھ ملکُک ژوُرِم ساروٕیہ کھۄتہٕ کم آبٲدی وول صوُبہٕ بناوان ۔"
303,"یہِ چھُ آسٹریلوی وفٲقی رازدانۍ کینبرا ہَس واریاہ نزدیٖک۔
"
304,بچتہٕ ورٲے کٲننٛسہ تِہ نفرس خٲطرٕ ہیٚکہ کانٛہہ تہ مٲلی ایمرجنسی- دوایی بلن پیٹھٕ گاڑن ہٕنز ادایگی تام-تباہ کن ٲستھ۔
305,2002 منٛز آو دوٚیمہِ نسلہٕ خٲطرٕ دوبارٕ أمیٚک  خاکہٕ بناونہٕ ۔
306,"تمہِ  سُنٛد مول اوس اکھ گر٘ٹہٕ وول ییٚمِس  واریاہ پونٛسہٕ اوس۔
"
307,ناگالینڈٕچ قانون ساز اسمبلی چھ ریاستُک اصلی انتظٲمی تہٕ قونون ساز ادارٕہ۔
308,"ریاضی دانو کٔر ٲخر کار اَمِیُک انتظام کرنہٕ برٛونٛہہ ہتہٕ بدیٚن ؤرۍین تام یہٕ ثٲبت کرنٕچ کوشش۔
"
309,تٔمۍ سنٛد خیال اوس ز ریاستس تہٕ شہرین درمیان چھ قریبی تعلق۔
310, 13ہِمہِ صٔدی منٛز کٔر عربہٕ کیو أکِس نٔوِس خلیفہٕ سٕنٛدِس خراج تحسین پیش کرنہٕ نِشہ اِنکار کرنہٕ کِنہِ مکہ پیٹھٕ کڑنہٕ پتہٕ سرٕکِس ساحلس کُن ہجرت۔
311,"تموك چو٘ن چھٗ  الویولی ین نۄقصان واتناوان، یم آکسیجن جذب کرنہٕ خٲطرٕ ذمہٕ دار چِھ۔
"
312,ٹایمر چھ تمہ دۄہ گنزراون ہیوان ییٚلہ تہۍ فہرستس منٛز پنٕنۍ گۄڈنیُک چیز ٹیپ چھوٕ کران۔
313,"سندھ بورڈ آف ریونیو چھُ علاقُک 272,485 ہیکٹر رقبُک (673,330 ایکڑ، 44 %) انتظام کران۔
"
314,تلنگانہ تہٕ آندھراضم کرنس خلاف آیہ واریاہ تحریکہٕ چلاونہٕ، یمن مز بجِہ تحریکہٕ 1969، 1972 تہٕ 2009 منز وۄژھٕ۔
315,تَتہِ اوس کُشتی ہُنٛد مُقابلہٕ یَتھ منٛز اکہِ مختلف رِیاستُک اکھ پہلوان جیموٹا ناقٲبل شکست ثٲبِت سپُد۔
316,"انگارے، پارس، ترشنا، شریمان شریمتی تہٕ ہمارے تمھارے یَس منٛز ٲس راکھی سۭتۍ تمۍ سٕنز جوٗرۍ۔
"
317,سۄ ٲس 2019 پیٹھٕ 2021 تام اقلیتی رہنما ۔
318,سکاٹش پریسبیٹرین چرچ آو تیمہٕ وِزِ بناونہٕ ییٚلہٕ یہٕ1560 ٹھس  منٛز روم نیش الگ گو ۔
319,مقٲمی دکان چھ نہٕ ہالووین کہ وقتہٕ چاون ٹھوٗل کٕنان۔
320,"پھیپھرن ہندین  نیٚصف معاملن منٛز چُھ وجہ نامعلوٗم ۔
"
321,یہ چھ ساروٕے کھۄتہٕ  عظیٖم پٹھن ہٕنٛزن گاڑٮ۪ن منٛز اکھ ماننہٕ یوان ۔
322,نوٹ کٔرِو زِ کم چیٖز چھِ سالانہٕ  2 فیصد رِیایتس   اہل۔
323,"سٹارَو کٔر جھلک دکھلا جا ہَس پٮ۪ٹھ اَمِچ تشہیر ییٚتہِ سُشانتَن مادھوری ڈکشٹَس رٲغب کٔر۔
"
324,"عقیٖدٕ مطابِق کٔر سَن خانٛدانٕکۍ (سوریہ ونشا) بادشاہ رِتوپرناہن تریتا یُگَس منٛز گۄپھ دریافت۔
"
325,تم چھ ژارن والین  پاگنن نِش مختلف ، یم مٗختلف ثقافتن ہنٛدِ حصہٕ اِکوٹہٕ رلاوان چھِ ۔
326,مگر أمِس اوس دُنیِہُک سارِوٕے کھۄتہٕ  کھوژوُن بوم تہِ۔ ییٚلہِ أمِس شَرارت اوس، أمۍ سُنٛد ڈٮ۪کہٕ گوٚو سرٛنٮ۪و رِکھو سۭتۍ بٔرِتھ۔ أمۍ سٕنٛز نَس گٔیہٕ وۄزٕج۔ أمۍ سٕنٛزٕ أچھ گٔیہٕ وارِیاہ تیز۔
327, بہٕ چھس پننین پالتو جانورن ہنٛد واریاہ خیال تھاوان تہٕ بہٕ چھس یژھان تم گزارن بہترین زندگی، مگر  باسان چھُ بتھِ چھُ رکاوٹن ہُند مقابلہ۔
328,لارچ وٗڈ ، آئیووا لارچ وٗڈ چھٗ اِیووا ایمریکاہٗک اکھ شہر ۔
329,"ٹورنامنٹ کین گوڈنِکین ژورَن دوہَن آۓ تقریبن 100,000 لوک ہندوستان کس حمایتس منز ، یٔمۍ اِکہٕ ووٹہٕ ٹیسٹہٕ حٲضری ہُند 63 وری  پرٛون رِکاڈ پھٕٹروو۔"
330,یہ ٲس تمہ وز ساروٕے کھۄتہٕ زیٛادٕ کمٲیہِ  کرن واجیٚنہ ہنٛدستٲنہ فلم، تہٕ یہ ٲس ہم آپکے ہیں کونس تام ہندوستانس منٛز ساروٕے کھۄتہٕ زیٛادٕ کمٲیہ  کرن واجیٚنہ فلم۔
331,اتھ آو لینوٹائپک ذریعہ لائسنس دنہٕ تہٕ 1960 منز آو اتھ ہیلویٹیکا ناو دینہٕ ۔
332,1972 منز کوٚر تٔمۍ کولمبیا ریکارڈزس سۭتۍ أکس ریکارڈ کنٹریکٹس پیٹھ دستخط ۔
333,واریاہ آیہ سٹریچرس پٮ۪ٹھ عدالتہٕ منزٕ کڑنہٕ۔                                                                                     
334,تمہِ  کوٚرسکوُل گژھٗن بنٛد تاکہِ أمہِ  سُنٛد وۄستاد دِی نہٕ تمِس سزا ۔
335,بہٕ چھس مٖصبت قووت سٕتہِ سرابور ۔
336,لوبیک آو پتہٕ مَرمَت خٲطرٕ پَننہٕ ہوم پورٹ ولہیلمشوین واپَس۔
337,کنچی پورم ٲس پلَوا کِنٛگڈمس دوران رازدٲنۍ۔ 
338,سہ اوس 2001 پٮ۪ٹھٕ 2017 ہس تام سینٛٹ لویسک 45ہم میٚیر۔  
339,"1930 ہس منٛز ترٛیٚیمس نمبرس پٮ۪ٹھ روزنہٕ پتہٕ بنیٛیہ سۄ 1931 ہس منٛز دبارٕ قومی چیمپین۔
"
340,رینڈل چھ اپُز ونان ز آرتھرن اوس پانہٕ بندوق ہیوتمُت، تہٕ آرتھر چھ فائر یوان کرنہٕ۔
341,تمہِ کوٚر دعوی زِ تمِس چُھ اکِس افسانوی سیارٕ کلریئن پٮ۪ٹھہٕ اکھ پیغام موصول گومُت ۔
342,تم چھ جمہوری ووٹنگ کہ نظام کہ ذریعہ معاشرس وارٕ وارٕ تبدیل گژھان ۄٗچھان ۔
343,سری لنکا کِس رواجس منٛز چھُنہٕ ٲمہٕ واقعہُک ذِکر، یتھ منٛز وننہٕ چھُ آمُت زِ بندوساراہَن اوس اشوک اجینس پیٹھ حکومت کرنہٕ خٲطرٕ سوزمُت۔
344,یہ ریس ٲس آییرلینٛڈ کس پوٗرٕ سوٚدرٕ بٔٹھس أنٛدۍ پٔکۍ چلاونہٕ یوان، ییٚمیک آغاز کارک پٮ۪ٹھٕ گژھان اوس تہٕ وتہ واریاہن تھکن سۭتۍ ڈبلنس منٛز ختم گژھان اوس۔
345,یہ بٲت اوس 1995، 1996 تہٕ 1997منٛز بین الاقوٲمی سطحس پؠٹھ مقبول۔
346," ٹاور چُھ نیو یارکہٕ نیبر نیو یارک شہرٕچ بلند ترین عمارت۔

"
347,اتھ کمپنی چھ 200 کھوتہٕ زیٛادٕ سٹور، یم پورٕ براعظمی امریکہس منٛز واقعہ چھ۔
348,2007تس منٛز آو اکھ اشٹابر، گلاسہٕ تہٕ ژنٕنہِ  قٕسم  جٲری کرنہٕ ۔
349,ہندوستان ٹایمز چہ انوپما چوپڑا ہن دِتہِ  وشوروپس 5  منٛز 3 ستارٕ تہٕ ووٚنن ز وشوروپس  چھِ  امہ کہِ پیمانہٕ  تہٕ عزمہٕ  باپت   تعٲریف کرنہِ ۔
350,"یِم دُکان چھِ اَکثَر فرنیچر تہٕ باقی ""منٛگہِ منٛز"" چیزن ہِنٛزٕ تصویٖر تُلان تہٕ تِم آن لایِن پوسٹ کَران۔
"
351,انسیفلائٹس ہیٚکہ تمہ وز گژھِتھ ییٚلہ کٲنٛسہ نفرس بیکٹیریل انفیکشن  گژھہِ  ، یتھ کٔنہ زن بیکٹیریل مینینجائٹسٕكہِ پٲٹھہِ ۔
352,مےٚ چھ سخ خشم زِ  تہنٛدین ملازمن چھُنہ بزرگ أکس شخصس عزت  کرُنک سلوک۔
353,فیڈریشن آف انٹرنیشنل بینڈی (ایف آٮٔی بی) یس منٛز چھِ زِیٛادٕ کھۄتہٕ زِیٛادٕ 33 ارکان، پرٛیتھ کانٛہہ چھُ أکِس یِتھِس مُلکٕچ نمٲیندگی کران ییٚتہِ بینڈی گِنٛدنہٕ چھِ یِوٚان۔
354,"تمن ؤرین دوران اوس یہ کورٮ۪ن ہٕنٛدٮ۪ن ٹاپ 200 تن ناون منٛز شٲمل۔
"
355,سۄ ٲس قاہراہس منٛز أکِس تُرک مٲلِس تہٕ سوڈٲنہِ  ماجہِ زامٕژ۔
356,پنن تمام مٲلی ڈیٹا جمع کرنہٕ پتہٕ کٔرو پننہ آمدنی ہندۍ تمام ذٔریعہ بیوٚن۔
357,کوورڈیل اوس نہٕ وۄنہِ وائٹ سنیکس منٛز روزٗن یژھان ۔
358,تامل زبان ٲس پالواہن ہٕندۍ ذٔریعہ پننِین نوشتن منز استعمال کرن واجِنۍ اہم زبان، حالانکہ کیٚنہہ مخطوط رود سنسکرتس منزٕے جٲری۔
359,بطورِ مُفَکِر تمہِ سندِ  شۄہرتن واتنوو سوُ  آزاد ہندوستان کِس  گوڈنِكس وزیر قونوُن سنزِ تقرٗری  تہٕ ٲئینُک مسودٕ تیار کرنہٕ خٲطرٕ کمیٹی ہنٛد چیئرمین مٗقرر کرنہٕ یِنس  تام ۔ 
360,غدوٗدن ہنٛد ناو چھ أمس نفرٕ سٕنٛدس ناوس پٮ۪ٹھ تھاونہٕ آمت ییٚمۍ گۄڑٕ تمن ہٕنٛز وضاحت کٔر، الیگزینڈر سکن۔
361,کیلگری، اَلبٔرٹا اوس تِہُنٛد صدرِمُقام تہٕ مرکز ـ
362,"جِگس : جِگس چھُ اکھ ڈانس بینڈ، ییٚمِچ بُنیاد 1966 ٹھس  منٛز ٹرولہٹن، سویڈنَس منٛز تر٘اونہٕ آمٕژ ٲس  ۔
"
363,"اخبارن ہٕنٛدیو لِکھٲرٮ۪و لیوکھ پنٛنِس یقینس مُتعلِق زِ غلٲمی چھےٚ غلط۔
"
364,جولین وون زِ سُہٕ ہیکہِ کینسرس روکہٕ خٲطرٕہ پننہِ تخمدانن ہنز کٹٲوِتھ۔
365,"ہندوستان چہ 2011 چہ مردم شمٲری مطٲبق چھ راجستھانٕچ کل آبٲدی 68,548,437۔ مقٲمی راجستٲنۍ لکھ چھ ریاستٕ چہ آبٲدی ہنز اکثریت بناوان۔"
366,سندربنس ارٕ ورٕ چھِ پیچیدٕ لہر واجینہِ ٲبی وتہٕ ،ربہِ مٲدان ، تہٕ نمكِینِیت  ژالن والین سٲحلی جنگلن ہندِ لۄكٕٹہِ جزیرٕ ۔
367,ایپلی کیشن سۭتۍ چُھ مراد لڑاکا تکنیکن ہنٛد عملی استعمال۔
368,پلسہٕ چھ ونان تمہِ كور  فرنانٛڈیس سٕنٛد طرفہٕ تشدد تہٕ دھمکین ہنٛز شکایت کرنہٕ خٲطرٕ برون٘ہہ تمن سۭتہِ  رٲبطہٕ۔
369,تم دورٕ تہِ چھِ آسان یم مرٕ٘گِنہِ  ہنٛد وجہ كِنہِ  چِھنہٕ پیوان۔
370,سُہ مُود تمی دۄہ ییٚلہ جیک کلگمین اوس ۔
371,ییٚلہ سیٲسی پارٹی کرناٹکس منٛز پرٛیتھ کٲنسہ خٲطرٕ مفٕت بجلی ہنٛد اعلان کوٚر، مےٚ کھوٚت شرارت۔
372,کھاری ہولی چھ زیادٕ تر کٗماؤں کین گأمی علاقن منٛز مناونہٕ یوان۔
373,ترٛیٚن قٕسمٕک لیجر چھ عام ، مقروض تہٕ قرض دہندگان ۔
374,"ٹویوٹا تہٕ ہونٛڈا ہٕچ اِکہٕ وَٹہٕ کُل بازرِ سرمایہِ کٲری چھےٚ تقریٖباً 167 ارب امریٖکی ڈالر۔
"
375,ڈِو پرویسس ڈِو پرویسس چھِ بر٘سبین، آسٹریلیاہٕچ اکھ آزاد ریکارڈ لیبل۔
376,کٹیورین ہندِ زوالہٕ پتہٕ آو یہ علاقہٕ کماؤں سلطنت تہٕ گڑھوال سلطنتس منٛز تقسیم کرنہٕ۔
377,باقےٕ دعوادارن نشِہ کم وٲنس آسنہٕ پتہٕ تہِ ٲسۍ احمد شاہ سٕنٛدِس حقس منٛز زیادٕ۔ 
378,سۄ چھےٚ لژھلس پٮ۪ٹھ وٕڑتھ ہٮ۪کان تہٕ أمس چھےٚ جیجی ناوٕچ اکھ بیٛٲر۔
379,تریپورا چھ بٲنٛسہٕ تہٕ گنہٕ چہ دستکٲری خٲطرٕ مشہور۔
380,سۄن چھٗ سِکہٕ جمع کرنہٕ خٲطرٕ اصل تِکیازِ اتھ چھٗنہٕ زنگ لگان۔
381,بنگ بندھو کٔدٕل، یُس دریاوُک بوٚڑ بٲگراوَن وول وٲحِد کٔدٕل چھُ، جمنا، آو یِتھ پٲٹھۍ جون 1998  منٛز کھولنہٕ۔
382,"پولوہس منٛز چِھ حیكمت عملی ہندِ كھیل   ""بالہِ ہنزِ لٲنہِ "" پیٹھ مبنی آسان، اکھ خیالی لٲن  یو٘سہٕ  پكنٕچہِ لٲنہِ مٕنزِ پھہلان چھے٘ ۔ "
383,"ورلڈ جونیئر ووشو چیمپئن شپس منٛز چھِ صرف وٲنٛسہِ ہٕنٛدۍ گروپ سی تہٕ بی کھلٲڑۍ وُنہِ تہِ بین الاقوٲمی سطحَس پیٹھ لٲزمی معموٗلَن سۭتۍ مقابلہٕ کران۔
"
384,کھلٲڑِ ہٮ۪کہ وۄنہِ 20 بجایہ 80 کس سطحس تام واتتھ ۔
385,جلوسچ وتھ چھے٘ توٲریٖخی طور ترپونیتھورا پیٹھٕہ ایرناکٗلم ضلعہٕ کس تھریکاکاراہس منٛز وامنامورتھی مندرس تام ۔
386,دسمبر 2019 منٛز آو اکھ نوٚو سیریز جٲری کرنہٕ ۔
387,ڈین چُھ تٔمِس گرفتار کرنہٕ خٲطرٕ پولیسس نِش گژھان تہٕ تِم چِھ تٔمِس ژھانٛڑن شروٗع کران۔
388,کرنسی چھ ریزرو بینک آف انڈیا طرفہٕ جٲری تہٕ کنٹرول کرنہٕ یوان ۔
389,مائیکروسافٹن کوٚر 21 مئی 2013 ایکس بکس ونک اعلان ۔
390,تم چھ میکسیکو ، وسطی امریکہ تہٕ کولمبیاہٕکۍ باشندٕ ۔
391, 1960 منز ہیمین گُپتا  سٕنزِ ہندوستٲنۍ  سوانحی فلم  بابرس منز ٲس تمۍ سٕنز زِندگی ہاونہٕ آمٕژ، یتھ منز گجانن جاگیردار مرکزی کِردارس منز اوس۔
392,این آف کلیوز ٲس ہنری ہشتم سٕنٛز ژوُرِم خانٛدارینہِ ۔
393,"اَتھ حالتس سۭتہِ وابستہٕ باقٕیہ  جِسمٲنی خصوٗصِیاتن منٛز چھِ زیٖٹھۍ أچھر وال شٲمِل، یَتھ منٛز کُنہِ ساتہٕ أچھر والَن ہُنٛد اکھ علاوٕ سیٚٹ، تہٕ غٲر معموٗلی ڈرماٹوگلیفکس شٲمِل چھِ ۔
"
394,14 ستمبر 2006 ، ویسٹ انڈیزس خٕلاف پننِس واپسی میچس منٛز،دیُوت تیندوُلکرن  پننٮ۪ن تَنقیٖد نِگار جواب یُہنٛد مانُن اوس زِ تمہِ سنز پیشورانہٕ زِندگی ٲس سیٹھاہ پٲٹھہِ تمہِ سنزِ او ڈی آیہ سنچری سٕتہِ كھٕرِ وسان ۔
395,"شری پھُل چند سیٹھی اوس مندرُک سکریٹری سٕنٛدِ حیثیتہٕ کٲم کران۔
"
396,اتھ چھ ویریبل کیپسیٹنس ، یا ژھو٘ٹہِ پٲٹھہِ  ویرکیپ ونان ۔
397,"یہِ چھُ بنیٲدی طوراکھ علامتی معاہدٕ، تہٕ چھُ دۄن نیٹو مُلکَن درمیان اتحاد تہٕ تعاون ظٲہرٕ کران۔
"
398,2001 كِس  منٛز آسہِ کراسکینونبی منٛز 1054 لٗکھ روزان ۔
399,سمندری طوفان ڈین آو از بطورضٗمرٕ 2  سمندری طوفان  میکسیکو کس بٹھِس، یتھ منٛز 100 میٖل فی گٲنٛٹہ ہِ رفتارٕ سۭتہِ واو پكان اوس ۔
400,"کیرالہ حکوٗمتَن چھِ سیٲحتی ہاؤس بوٹَن ہنز بطور  پلیٹِنم، گولڈٕ تہٕ سِلوردرجہٕ بندی کٔرمٕژ۔
"
401,"جیمز ڈوایٹ ڈاناہن کوٚر یہ ناو صرف ہارس شوٗ کرٛیب سنٛد حوالہٕ دنہٕ خٲطرٕ متعارف۔
"
402,"2021 ہَس منٛز ٲس پارکنگ باپت جاین ہٕنٛز شدیٖد کمی۔
"
403,چکما چھ میزورمس منٛز موجودٕ چکما خۄد مختار ضلع کونسل مرکزی زیر انتظام علاقس منٛز تبدیل کرنٕچ منٛگ کران۔
404,میزورمٕچ گۄڈنچ فٹ بال لیگ گٔیہ اکتوبر 2012 منٛز شروٗع۔
405,ہندوستٲنی زرعی ماہرینن تہٕ جینیٲتی ماہرینن یتھ کٔنۍ گوردیو کش تہٕ دل باغ سنگھ اٹھوالن کوٚر قٲبل ذکر اضافہ۔
406,1994 تھس منٛز بنیوو سہ تھائی نیشن پارٹی ہنٛد رہنما۔
407,لوڑی چھے٘ ونٛدكہِ موسمہٕ  پتہٕ زیٹھِ دۄہ یِنٗك  جشن ۔
408,ڈیموکریٹک وۄمیدوار ٲسہِ جنوٗبی الینوے کٮ۪ن کاونٛٹین منٛز تقریباً 1996 تام شدید ۔
409,واریاہن ؤرین دوران آیہِ سۄ أکِس توٲریخی شخصیت ماننہ تہٕ آیہِ واریاہن ناولن، ڈراماہن، ٹی وی سِلسِلہٕ وارن، تہٕ فِلمن منٛز برونٹھ کُن۔ 
410,أمۍ سٕنٛدٮ۪و سپاہو نیہ أمۍ سٕنٛز لاش یروشلم تہٕ کوٚرکھ سہ تتی دفن۔
411,"پینیسلین آو 1928 منٛز دریافت کرنہٕ، تہٕ 1943 منٛز آیہِ آزمٲشن منٛز پینسلن سۭتہِ یلاج كہِ تٲصیرٕچ تصدیق کرنہٕ، یمہٕ وقتہٕ بنیو یہٕ اہم یلاج بنیوو ۔
"
412,اتر پردیش فاینانشل کارپوریشن (یو پی ایف سی) آیہ 1954 تھس منٛز ایس ایف سی ایکٹس 1951 تحت نٗمایاں طور  ریاستس منٛز لۄکچن تہٕ درمِیانہٕ صنعتن وۄتھبھو٘ دِنہٕ باپت قٲیم کرنہٕ۔
413,"پرشوناتھ سُنٛد 3 فٹ تھوٚد بُت یَتھ منٛز کیوتسرگا طریقس پیٚٹھ 7 ہُڈ وول ناگ چھِ۔
"
414,"سیئٹل ٹائمز، اکھ مشترکہ آپریٚٹنگ معاہدس تحت اکھ مسابقتی مقالہٕ، 200,000 کھوتہٕ زیادٕ باقٲعدٕ گردش ہنٛز صرف 13,000 کاپیہٕ چھاپنس منٛز کامیاب۔"
415,واریاہ شَکی لوکن  ہنٛد ونُن چُھ زِ کیسس ٲس نہٕ  کانہہ غیر معمولی صلاحیت ۔
416,سلطانن لگٲو کٲنسہِ ہندِ دٕسہِ  ذٲتی طور کھین ذخیرٕ کرنس پیٹھ پابندی ۔
417,مو٘غلو اپناوِ سُور شہنشاہ شیر شاہ سوُری  سٕندِٔ دٕسہِ   پننس مۄخصَر دورِ حکوٗمتس منٛزمُتعارف کٔرنہٕ آمژٕ روپیہِ تہٕ دہِلہِ زر تہٕ بنٲوِكھ یِم میٲری ۔
418,کِلنٹن ، کنیکٹیکٹ کِلنٹن چُھ  امریکا کِس کنیکٹیکٹس منٛز اَکھ قصبہٕ  ۔
419,کونڈاپلی قٕلہٕ، یَتھ مقٲمی طور کونڈاپلی کوٹا تہِ ونان چھِ، چھُ آندھرا پردیشُک دوٚیِم سارِوٕے کھۄتہٕ بوٚڑ شہر وجے واڑہ کِس کونڈاپلی کِس مغربَس منٛز واقع۔
420,گٲمی شُمٲلی ہندوستانَس منٛز، ییٚتہِ گامَن ہُنٛد ہجرت پوٗرٕ پٲٹھۍ عام چھُ، بٔڑِس تعدادَس منٛز چھِ کھانٛدرٕ کٔرِتھ ہیٚنٛدۍ زنانہٕ تقریٖبہِ خٲطرٕ پرٛیتھ ؤرۍ یہِ پننین مٲلِۍ ماجن ہُند گرٕ  واپس گژھان۔
421,"سا، رے، گا تہٕ ما نوٹن چِھ أکِس پیمانس پیٹھ پوروانگا وننہٕ یوان، ییلِہ زَن کِہ پا، دھا تہٕ نی چِھ اتارانگا وننہٕ یِوان۔
"
422,"ملی چھُ ایمریكاہس منٛز الاباماہُک اکھ قصبہٕ۔
"
423,بطُور اکھ اداکارہ ٲس سۄ انگمار برگمینس سۭتہِ واریاہن کامین خٲطرٕ زاننہٕ یوان۔
424,گولِہ چلنَس دوران چھٗ دیو بیٚیِہ بندوق چلاونس منٛز ناکام گژھان تہٕ أمس چھ گوُلہِ یوان ۔ 
425,ہیلسِنکی منٛز زامُت پیٚلٹولا اوس أکِس ٹیٚکسی چلاون وٲلۍ سُنٛد نیٚچوٗ، تہ سُہ اوس أکِس بینٛڈس منٛز سِتار واین وول تہٕ ہِدایت کار تہِ۔
426,"رچرڈسن گزریو 18مارچ 2009 وس نیو یارک شہر کس أکس ہسپتالس منٛز۔
"
427,ییلہٕ مرد نشاور چیزن ہندِس  استعمالس منٛز دٗبارٕ گژھنٗک تجرٗبہٕ کران چھِ ، تم چھٗ دٗبارٕ یہِ كرنہٕ  برونٹھ ممکنہ طور  مٗثبت تجرٗبہٕ سپدان ۔
428,ویگالٹا سینڈایۍ کھلاڑٮ۪ن ہنٛد فہرست چھ تیار گژھان۔
429,کٮ۪نٛہن ماہوٲریگژھن وایجنین  چھ ماہوٲری منٛز انتہٲیی خراب ردعمل آسان تہٕ تمن ہیکہِ خودکشی ہنٛد احساس تہ گژھِتھ ۔ 
430,"شُمالَس منٛز چھِ خلیج بنگالچٕ لہرٕ زِیٛادٕ تَر یُپۍ لہرٕ، ییٚلہِ زَن جنوبَس منٛز، پالک بے یَس منٛز، چھِ زیادٕ تر سمندری لہرٕ۔
"
431,مکی وایرسس اوس منیش پالٕ سٕنٛد طرفہٕ کلٲرسس پٮ۪ٹھ بگ باسس منٛز فروغ دنہٕ آمت۔
432,اتھ شُب دۄہس پیٹھ چھِ رسمَن ہنٛز پابندیتہ  تِہنز اہمیت زاننہ ورٲے تہِ لاب دوان۔
433,کھلٲڑِ ہٮ۪کَن کورٹَس منز اورٕ یور پكِتھ مگر بییِس كھِلٲڈِ سندِس حركتس  حادثٲتی یا زٲنِتھ مٲنِتھ رُکاوٹ چھے٘ منٔع تہٕ اَمِیوٗك  نٔتیٖجہِ  ہیٚکہِ یٹ یا سٹروك ٲسِتھ ۔
434,"وو٘نہ گو٘، ییلہِ شوُٹنگ شروع گیہ  چوپڈاہس  ""پییہِ اكہِ حِسابہٕ كتھیہ كھینہِ “  تہٕ تمہِ وٗچھ کپوُر سٕنز دت سٗنٛد کردار ادا کرنٕچ صلٲحیت۔"
435,"یہِ چھُ ماننہٕ یِوان زِ سکور کارڈ آیہِ  گۄڈٕنِچہِ لَٹہِ 1846 ہَس منٛز لارڈزَس منٛز چھاپنہٕ تہٕ کٕننہٕ ۔
"
436,تنظیٖمی اصلاحاتن سۭتۍ ٲس توپہٕ، قلعہٕ بندیہٕ تہٕ ہسین ہندِس استعمالس منز 	نٔوۍ طریقہ شٲمِل۔
437,یہ چھ اڈجہِ ترنٛز، مژھ، ٹک ٹک اڈجہِ سۭتۍ بنان۔
438,میسین: میسین چِھ بیلجیئم کس مغربی فلینڈرس صوُبس منٛز اکھ بلدیٲتی علاقہٕ ۔ 
439,خیال چھُ رومانوی شٲعری سۭتۍ وابستہٕ تہٕ یہِ چھُ اداکارس دھروپد کھۄتہٕ زیادٕ اظہارٕچ آزٲدی دِوان۔
440,محفوظ علاقہٕ چھُ 925 مربعہٕ کِلومیٹرَس پیٹھ محیط یتھ منٛز 305 مربعہٕ کِلومیٹر بُنیٲدِی علاقہٕ آو 1982 منٛز پیرِیار نیشنل پارک قرار دِنہٕ۔
441,"مِثالے ، اگر کُنہِ بانڈک قۭمَت 1,000 $ چھُ، تہٕ ؤرِیس منٛز چُھ 7 % ادا  کران، تیٚلہِ چُھ اَمِہ سودُک مۄل 70 $
"
442,امہ رٮ۪تہٕ پتہٕ آو گَرٕ نٮ۪بر ہم جنس پرستن ہنٛد خانٛدر کرنہٕ ۔
443,"شرابٕچ کانٛہہ تہِ علاوٕ بوتلہٕ آسہِ 1.5 % فلیٹ ڈیوٹی ریٹَس سۭتۍ سۭتۍ اضٲفی انٹرنل ریونیو سروس (آٮٔی آر ایس) ٹیکسَن ہُنٛد تابع۔
"
444,دوپہرس آو شہرس منٛز اکھ پرتشدد دھماکہٕ واریاہن میلن تام بوزنہٕ۔
445,علحایدٕ شیٚیِمہِ رگہِ ہِنٛدِس نۄقصانس منٛز چھِ ؤرنِکیٖ -کورساکوف سِنٛڈرٛوم تہٕ ٹولوسا- ہَنٛٹ سِنٛڈرٛوم شٲمِل۔
446,2011 تام اوس یہِ  3 بِلیَن $ تام ہُریومت۔
447,ڈیر اے ڈیر چھٗ  ییلہٕ کانہہ كٲنسہِ  کینہہ کرنہٕ خاطرٕ مجبوُر  کرِ ۔
448,توہہِ پیہ نہٕ ہُریمانہ خرچہ تُلُن ییٚلہ زن ترسیلی کٲم طیس پیٹھ آسہ  یا پیٚیہ توہہ تحفجاتن ہُند ذخیرٕ موکلنہ مۄکھ بدل کانہہ طریقہ ژھارُن۔
449,جولی چھ کامیٲبی سان ڈرایورس سوال جواب كرِتھ اتھ  تردید کران، یُس ٲخٕر کار  قبول  کران چھُ ز تمہِ اوس اپُز بیان درج کوٚرمت ۔
450,ویسٹ نیل وایرس پھہلاوٗک بنیٲدی طریقہٕ چھے٘ زنانہٕ مٕہہِ۔
451,کِرٛشن سٕنٛدِ نصف رٲژ زیٚنہٕ وقتہٕ پتہٕ چھِ شُرِ کِرٛشنا سٕنٛدِ مُجسمہٕ چھلنہٕ یوان تہٕ پلو٘ لگٲوِتھ  پتہٕ منزلِس منز تھونہٕ یوان ۔ 
452,دۄشوٕنی ملکن ہندین شہرین چھ دوٚیمس ملکس منٛز قانونی طور اژنہٕ خٲطرٕ ویزاہک ضرورت ؛ حالانکہ سرحد پار چھ غیر قانونی نقل و حرکت تہٕ سمگلنگ بٔڈس پیمانس پیٹھ۔
453,بلیک باڈی تابکاری چھ اکھ مِشٲلی ریڈیٹرٕچ  تابکاری یو٘سہٕ کٗنہٕ تہِ درجہ حرارتس پیٹھ كٗنہِ تہِ ویو٘ لینگتھس پیٹھ مٗمكِنہٕ  زیادٕ کھوتہٕ زیادٕ  تابكٲری ہٗند مقدار خارج کران چھے٘ ۔
454,فالجس  سۭتہِ وابسطہٕ  سپاسٹیسِٹی ہندِس یلاجس منز چھِ اپتدٲیی حركت ، یِم عام طور فِیزیو تھیرپِسٹ كرناوان چھُ ،سپاسٹک مشھہٕ زیٹھراونہِ تہٕ لگاتار مٗختلِف وزیشنن منٛز زیٹھراوٗن شٲمِل ۔ 
455,امہِ واقعہٕ سۭتہِ گٔیہِ نَہ صرف راجپوٗتن سۭتہِ  مراٹھاہن ہٕندِ  تعلقات خراب بلکہِ أمکہِ نتیجہٕ  گٔیہِ مراٹھاہن درمیان أنٛدروُنی جھگڑٕ تہِ۔
456,امیک مطلب چھ ز یہ واقعہ اوس لگ بگ 9.76 گرن منٛز وُچھنہٕ آمت ۔
457,"یہِ زمرٕ چھُ کُل 10 منٛز 2 پوائنٹَن ہُنٛد قیمَت۔
"
458,تمو دیت پھٕٹمتہِ شاور دار کمرٕ تہٕ  پتہ  بدلووکھ نہٕ میانہ شکایت کرنہٕ پتہٕ تہ۔ 
459,پورو، کھس، کیرت، نند، موریہ، کٗشان، کٗنندا، گٗپتا، کارکوُٹ، پال، گٗرجر-پرتیہار، کٹیوری، رائکا، چنڈ، پرمار یا پنور، مل، شاہ تہٕ برطانیو٘ كٕر وارِ وارِ اٗتراکھنڈس پیٹھ  حکوُمت ۔
460,یم چھ جنوبی کوریاہس منٛز بہترین یونیورسٹیو منٛز اکھ مانٛنہٕ یوان۔
461,سۄ چھ کینٛہہ كھنڈٕ گازرِ ننٗک فٲصلہٕ کران، ییٚلہ سو٘ جوٲہرو٘ برِتھ ڈبہٕ وٗچھان چھے٘ ۔ 
462,یہٕ چُھ ایسٹ لندن ٹرانزٹ سروس چلاون وول ۔
463,کارڈونَس پِیوٚو یِمو اِلزامَن منٛز ساڑَن ترٛین ؤرۍ یَن تام قید روزُن تہٕ سزا دِننہٕ باوجود کوٚر تمۍ سندۍ وکیلَن سزا کم کرنس پیٹھ اطمینانک اِظہار۔
464,22 اپریل دۄہ 1849 ہس منٛز آو ڈاستوسکی گرفتار کرنہٕ تہٕ باقٕے ارکانن سٕتۍ قٲد کرنہٕ۔
465,یتھۍ پولو قٕسم چِھ زیادٕ تر تفریحی یا سیاحتی مقصدن خٲطرٕ گنٛدنہٕ یوان۔ یمن منٛز چِھ کینو پولو، سائیکل پولو، اونٹ پولو، ایلیفینٹ پولو، گولف کارٹ پولو، سیگوے پولو، تہٕ یاک پولو شٲمل۔
466,تمن چھ ٲٹھ ٹاپ ٹٮ۪ن البم تہٕ پنٛدہ ٹاپ ٹٮ۪ن سنگل۔
467,امہ سیریزُک حمل اوس پتہٕ اکھ خواب ہاونہٕ آمٕژ۔
468,تِم چھِ جنوبی ریاستہاے متحدہ، کیرِبین تہ جنوبی امریکہ ہجرت کران۔
469,یہ چھ فلیٹ اڈون نوڈلز تہٕ سبزی میسو سوپَس منٛز ترٲوِتھ وارٕ وارٕ رٔنِتھ بناونہٕ یوان۔
470,کینژن کٔر وتہ گام کٮ۪و لوٗکو مدد؛ باقٕے آیہ مارنہٕ۔
471,کولمبسس ٲسہِ  نیو ورلڈٕ کٗن  پننیو  سفرو خاطرٕ کینہہ مٗختلف مقصد ۔
472,ایی ایل اے تہٕ ای آر اے  باپت چھےٚ ڈاکٹرن  خصوُصی  تربِیت تہٕ  خصوصی سامانٕچ  ضٔروٗرت آسان۔
473,زیکاہُک مٗمکنہٕ سمٲجی خطرٕ ہٮ۪کو مَہٮ۪ن ہِنٛدین  نسلن ہٗند  تقسیم محدوٗد تھاوِتھ  قوبوٗ کٔرِتھ۔
474,تِہنٛدِ عتیہ  باوٚجوُد، گٔیہ  نہٕ ٲسہِ ٹیکس کٹوتی خٲطرٕ ضروری معیار پوُرٕ کرنس منٛز کامیاب۔
475,یہِ ہٮ۪کَو اِنٹراوینس تھیراپی یا اِنٹرامسکیوُلر انجیکشن ذٔریعہٕ دِتھ ۔ 
476,اِنس آف کورٹَن چھِ پننٮ۪ن ارکانَن پٮ۪ٹھ ہدایت تہٕ نظم نسخ چہِ كاركردگی  حٲصِل ۔ 
477,کتھکَن  چھِ روایتی طور  زنانہٕ اداکار-رقاص شٲمل كرِمٕتہِ ، کتھک كلی  برعکس یُس روایتی طور سٲری  مردن ہنٛدۍ گروُپ پیش کران چِھ ۔
478,امہِ كِس  نٔتیجس منٛز دِیُوت بالاجی راون دماجی  لوہا گڑھس منٛز شیستروین ہانٛکَلن منٛز بنٛد کرنُک حٗكم  ۔
479,تتھ دٔلیٖلہِ منٛز چھٗ امہِ لفظُک ترجمہٕ  بطور دیو  تہِ کرنہٕ آمٗت ۔
480,"اندرونی تربیتس منٛز چُھ دِل، روح، دماغ، شاہ کھالُن تہٕ طاقت شٲمِل۔
"
481,"سُہ روٗد دوٚیمہِ عٲلمی جنگہٕ کِس ٲخرس تام وِنوہرڈی تھیٹرَس منٛز۔
"
482,امہِ پتہٕ ژوٚل سُہ برطانوی سِفارَت خانَس کُن مگر سُہ رُکوو أکۍ عراقی محافظن یٔمۍ خونہٕ سۭتۍ بٔرِتھ نفرَس بندوق ہٲوِتھ رُکنُک حُکم دِیُت۔
483,سونی میوزک انٹرٹینمنٹ مطٲبق چُھ سُہ توٲریخس منٛز ساروٕے کھۄتہٕ زیادٕ فروخت گژھن وول فنکار۔
484,سہ اوس سلیلم ریس مکمل کرن وول ترٛیٚیم سکیئر ۔
485,فیئر فیلڈ کاؤنٹی چھ کولمبیا ، جنوبی کیرولائنا میٹروپولیٹنُک علاقہٕ۔ 
486,نارتھمبریا ہٕکۍ بادشاہَن اوسوِیَن کوٚر ایسیکسُک بادشاہ سِگبٲٹ عیسٲیۍ بننس پیٹھ قٲیل۔
487,"کلبَن زِیٖنہِ 1977، 1979 تہٕ 1981 تَس منٛز لیٖگ چیٚمپِیَن۔
"
488,بہٕ چھس آرام محسوس کران ییٚلہ نہٕ مےٚ کامہ ہنٛد دۄہ کانٛہہ پیشورانہٕ کال آسِہ۔
489,بٲتن ہنٛز تیاری تہٕ موسیقی ہنٛد انتخاب گوٚ مئی 2012 منٛز شروٗع۔
490,جلوسن منٛز چھ اکثر روایتی موسیقی شٲمل آسان یتھ کٔنۍ زن پنچاری میلم یا پنچاوادیم۔
491,أكھ اوس  گامن ہِنٛدِ معاملہٕ،  یقینی  آپٲشیی  ، زٔمیٖنٕچ مِلکِیت ہٗند اندراج، اَوزارن ہنزِ فراہمی پیٹھ  نظر گٗزر ، شِکار كرنس  پیٹھ زور، لٔکرِ ہِنٛدیٚن پٲداوارن  تہٕ ونن  مٗتعلق  قونوٗن ، تہٕ  تَنازن ہُنٛد فٲصلہٕ ہِوین معملن ہٖٗند اِنتظام  وٗچھان ۔ 
492,"اَمہِ سۭتۍ گوٚو تناو، خاص پٲٹھۍ پنجاب کِس علاقَس منٛز، ییٚتہِ جابرانہ اقدامن ہُنٛد اختتام امرتسر قتل عام پیٹھ گوٚو۔
"
493,"کینیڈا، یورپ تہٕ ایشیا کٮ۪ن کینٛژن  حصن منٛز آیہِ  سٹور باقیہ  کمپنی ین کٕننہٕ ۔
"
494,گوا کہ تاج ہوٹلُک لفٹ چھُ دۄہے خراب آسان۔
495,مایکرٛوسافٹن کوٚر صحتٕچ زانٛکاری ہُنٛد سٔرچ اِنجن مٔلۍ ہینُک فیصلہٕ یتھ میٚڈسٹوری ناو چُھ۔
496,"پٗدوُچیری چھِ قومی تہٕ بین الاقوٲمی سیاحَن باپتھ ہندوستان کیو٘ ساروِی کھۄتہٕ مشہوٗر سیاحتی مقاماتَن منٛز اکھ ۔
"
497,1988 منٛز،  آیہ اَمہِ  ناولِہ ہنز مزید صوُرت ، دی سایلَنس آف دی لیمبس شایع کرنہٕ۔
498,یِہ آو 2006 ہس منز قٲیم کرنہٕ تہٕ اَمیُک چیف ایڈیٹر چُھ  فرانسسک پالاؤ ۔ 
499,رے ین وون پتہٕ زِ   تمِس مِیوُل نہٕ زانہہ مسودٕ لیكھنٗك ماوضہٕ ۔ 
500,پیراپلیجیا پیراپلیجیا چھ زنٛگن تہٕ جسمہٕ کس ٲخٕری حصس منٛز فالٕج۔
501,کنہ ساتہٕ چھ سخت گژھٗن  تمن مژھن مٗتٲثر کران یم شاہس منٛز مدتھ  چھ کران، ییٚمہ سۭتہِ شاہ كھالنس والنس منز مٗشكِل پٲدٕ گژھِتھ ہیكہِ ۔ 
502,یہٕ اوس 1930 پیٹھ 1950 تام امریکی فلمن منٛز سیٹھاہ عام۔
503,جانی کیشَس ٲسہِ 1962 منٛز جیل ہاوُس نوَس منٛز ٹاپ 10 ہِٹ۔
504,امچ واپسی ٲس یمنٔے وجوہاتن پٮ۪ٹھ  ز بالک لائن کیٛاز آو تکمیٖل کرنہٕ۔
505,سٹی آف ٹورنٹو چھُ ایسٹ یارک سوِک سینٹر، ایٹوبیکوک سوِک سینٹر، نارتھ یارک سوِک سینٹر تہٕ میٹرو ہالَس مَنٛز پبلک کولنگ سٹیشَن کھولان۔
506,تُہُنٛد وِکیٖپیٖڈیا اکاونٹ کَرِ پانَے کامنزَس پٮ۪ٹھ تہِ کٲم۔
507,ییٚمہِ سیزنُک ساروِیٕ کھۄتہٕ درٛوٚگ غیر مُلکی کھلٲڑۍ چھُ ایرانُک فضل اتراچالی۔
508,واریٛاہ بسکیٖن چھِ ونان یٗتھ گرم چٗھنہٕ تِمو٘ بوُزمٗتٗیہ تِکیٛازِ درجہٕ حرارت چھُ فلوریڈا تہٕ ٹیکساس کٮ۪و کینٛژو حصو کھۄتہٕ زِیٛادٕ آسنُک امکان، ییٚتہِ یہِ خاصكرِتھ  گرم چھُ ۔ 
509,فٹ بال آو برطانوی نوآبادیٲتی دورس منٛز ہندوستانس منٛز متعٲرف کرنہٕ۔
510,آیسیکونِک چہِ دُرُستی ہُند ضٔروٗرت پینہٕ والین چُھ عام مشورٕ کانٛٹیکٹ لینس لاگٕنۍ۔
511,پرؠتھ ٹرباین چھےٚ پرٛؠتھ دۄیہ وٕہٕرۍ صاف کرنہٕ یوان تہٕ پرٛٮ۪تھ شیٚیہ ریٚتۍ چھ اتھ جٲیزٕ ہٮ۪نہٕ یوان۔
512,وٲے نہ!  موجی ، مےٚ چھٗنہٕ بسہِ منز  سکوُل گژھٗن خۄش کران۔ سٲری شُرِ چھ مےٚ فوتہِ تٗلان ۔
513,"ریڈ کراسن کوٚر تبصرٕ ز 45,000 مشرقی جاواہٕكہِ لٗکھ چھِ یتھیہ پٲٹھہِ  بے٘ گھر گٲمٕتہِ ۔"
514,سۄ ٲس 2010 پیٹھٕہ 2011 تام فن لینڈٕچ دویم زنانہٕ وزیر عظم ۔
515,سۄ ٲس أکس بنٛک ڈایرٮ۪کٹر تہٕ أکس کانسٲرٹ پیانو نواز سٕنٛز کور۔
516,کانہا سٕنٛدِس پانڈاولینی منٛز چُھ مہا ماترا (افسر انچارج) اصطلاحٗک ذکر کرنہٕ آمت  ، یٗس امہ کتِھہ ہنٛز نشاندِہی کران  چھٗ  ز ابتدٲیی ساتواہنو کٔر موریہ انتظٲمی نموُنٕچہِ  پیروی ۔
517,قومی شاہراہ 1، 144، 144 اے، 444، 501، 701 تہٕ 701 اے چھ علاقٕک باقی این ایچ۔
518,یہ نِشانہٕ چُھ سفید پس منظرس پیٹھ سبز انسٹا کارٹ بیگ ہیوُ باسان ۔
519,"اوکولو موٹر فالج ہیٚکہِ واریاہو مختلِف حالاتن ہٕنٛدِ نتیجس منٛز پٲدٕ گٔژھِتھ۔
"
520,یہ رؠوٲیتی کھیل چُھ پٔتمیٚو پٲنژو ساسو ؤریو پیٹھہٕ گنٛدنہٕ آمُت۔
521,بال گٔژھِ کورٹَس انٛدَر روزٕنہِ حدٕ  نٮ۪بَر گژھنہٕ برٛونٛہہ ٲخٕری  پھِرِ   بالہِ اتھہٕ لاگن وول  ٹیٖم  چھٗ  اتھ پیٹھ  قبضہٕ اَتھٕ كران ۔
522,یہِ چُھ ہموار باسان تہٕ چُھ ہمساے اَراؤلی پہاڑن ہُنٛد نظارٕ پیش کَران۔ 
523,"رِفٹٕ ویلی دٔریاو آسنہٕ کِنہِ چھُنہٕ نرمدا ڈیلٹا بناوان، رِفٹٕ ویلی دٔریاو چھِ ایسچُریٖز بناوان۔
"
524,أمہِ  کٔر پننہِ اداکٲری ہِنٛز شروٗعات عمانویلَس منٛز سپر سٹار مموٗٹی یَس سۭتہِ ، یوٚسیمِیوٗك ہدایت  لال جوسَن دِیوٗت ۔
525,پنٕنہِ  مسلہٕ خدایس حوالہٕ کرنہٕ سۭتہِ چھٗس بہٕ امن تہٕ مسرت بورٗت گژھان  تکیاز مےٚ چھنہٕ پتہٕ کانٛہہ فکر برنٕچ ضروٗرت آسان۔
526,مے ڈِزیز چھِ مایوسی یا مایوس گژھنُک یہِ عام احساس بیان کران۔
527,فیڈریشن چھِ کیمبرج شائرَس منٛز واقع، یُس تٲریٖخی مرکز چھُ۔
528,سادٕہ کھیل یمن تیز گرافکس پیش کرنک ضرورت چھنہٕ آسان تم چھ جی ڈی آیی استعمال کران ۔
529,آبے زاو 28 جنوری 1999 ہس منٛز کیٹا، ٹوکیوہس منٛز۔
530,"تمام قبٲیلی زبانہٕ بولن والین چھ غالب علاقٲیی زبانن منز تبدیل گژھنہٕ خٲطرٕ کٲفی دباوک مقابلہٕ پیوان کرُن ییٚلہ زن تہنٛز پنٕنہ زبانہٕ چھِ ""پسماندٕ"" تہٕ ""گأمی"" ماننہٕ یوان۔"
531,میک موہنن کٔر پتہٕ اکھ اہم غلطی، ییٚلہ فلاڈیلفیا 22 گز لٲنہِ پیٹھ لائن بیکر لیمر مارشلن  اكھ خراب پاس رٗكوو ۔
532,"فرانسیسی اداکار مائیکل یون تہِ چھُ متٲثر، یِتھ کٔنۍ زَن سٲبقہٕ فرانسیسی وزیر اعظم ایڈورڈ فلپ چھُ۔
"
533,بیکٹیریل سیکنڈری انفیکشن ہیکہ گژھتھ تہٕ  پیورلینٹ اِخراجٗک سبب بنتھ ۔
534,ییلہٕ یہٕ ییہٕ کرنہٕ تیلہٕ ییہٕ نہٕ سوزنہٕ آمت ڈیٹا استعمال کرنہٕ ۔
535,یہِ چھُ پوڑی شہرٕ پٮ۪ٹھٕ تقریباً 33 کلومیٖٹر کِس فٲصلس پٮ۪ٹھ واقع، یُس پوڑی گڑھوال ضلعہٕ، اتراکھنڈ، ہندوستانُک انتظٲمی صدر مُقام چھُ۔
536,تم نی ہندوستان كین زمیندارن نِشہِ دان كرِتھ زمین تہٕ بٲگرٲوٕن واینہٕ خٲطرٕ غرہبن تہٕ نانگارن منز ۔ 
537,علی ین ووٚن زِ گۄڈٕ اوس سُہ ہوڈاہس سۭتۍ رلنہٕ خٲطرٕ اکھ بٔڑ اداکارہ تلاش کران۔
538,سۄ چھ کیریبینٕچ اکھ سیاہ فام ، کویر سائنسدان ۔
539,یہٕ اوس تاکہ سُہٕ ہیكہِ آشِنہِ میلنڈایہِ سٕتہِ  زیادٕہ خیراتی کٲم کرِتھ ۔
540,گورا دیوی ٲس یہ تحریک شروٗع کرن واجیٚنہِ سرکردٕ کارکٗن، باقٕے شركت كرن وٲلہِ   آسہٕ چنڈی پرساد بھٹ، سٗندر لال بہوُگٗنا، تہٕ مشہور چپکو شاعر گھنشیام راتوُری۔
541,تٔمہِ کٔر 2010 ہس منٛز پارلیمنٹک انتخابس تام ڈوئچے بیٚنٛک خٲطرٕ تہ کٲم۔
542,"برٹِرکس برٹِرکس چُھ بیلجیٲیی  صوبہٕ   لکزمبرگس منٛز اکھ بلدِیٲتی علاقہٕ ۔
"
543,باغبانی  شعبہٕ چھٗ معٲشیتس منٛز آمدنی ہنٛد دویم ساروی کھوتہٕ بوٚڑ ذٔریعہٕ۔
544,برطانیہ سوزِ کٗل 17 کھلٲڑِ یمن کھیلن منٛز۔
545,سؠٹھاہ روٗود اوس مرکزٕ واریاہ  برٛۄنٛہہ گۄڈٕ پیٚٹھٕے  بٔٹھہِ پكان ۔ 
546,2001 ہس منٛز ٲسہ درشمس منٛز 291 لُکھ روزان ۔
547,یہ گوٚو صرف تمہ وز ییٚلہ تمہ تمس ووٚن ز تمس چھ گر شرۍ پیٛاران، زِ تمۍ دیُت تس نیرنہٕ۔
548,جنگل چھِ ریاست کِس جغرافٲیی رقبہٕ کِس 16.47 فی صدعلاقس پیٹھ محیط۔
549,کننگھم آو پتہٕ پٔتمہ بود وارِ  2010 ونٹر اولمپک گیمن ہنٛزِ آرگنائزنگ کمیٹی   ہراساں کرَنس پیٹھ أکس احتجاجس منٛز گرفتار کرنہٕ  ۔
550,مےٚ ٲس نہٕ کوچین کس اتھ لۄکٹس ہوٹلس منٛز یتھین  بٮ۪ہتٔریٖن معیار كین خدماتن ہٗند توقہٕ ۔
551,منیندر سٕنٛدِ مرنہٕ پتہٕ گٔیہ أمہِ  سٕنٛدِس زیٛادٕ تر سلطنتس چھلہٕ پھلہٕ تہٕ ہند-یونٲنہِ اثر گو کٲفی حدس تام کم  ۔
552,اتھ منٛز شٲمل واریاہ لوکھ چھ تسلیم کران ز اصطلاحات چھ اکثر طبی برادری تہٕ عام عوامس سۭتۍ پریشٲنی ہُند بٲعث بنیمٕتۍ۔
553,"رَتن سیٚنن کوٚ فٲصلہٕ زِ سہٗ گژھہِ خانٛدارِنہِ پدماؤتی ،  16,000 پیروکار، تہٕ تِہنٛدٮ۪ن 16,000 سٲتِھیَن  سٕتہِ چتوڈ واپس ۔"
554,لُکھ چِھ  درٗستِس دٗنیاہس منٛز واریاہن جاین کرسمس مناوان ۔
555,کالوگُملائی چھُ ہندوستٲنۍ ریاست تامل ناڈو کِہ تھوتھوکُڈی ضلعہٕ کِس کووِل پٹی تعلٗكس منٛز اکھ پنچایت قصبہٕ۔
556,آز چھ ڈبروونک کروشیاہس منٛز  اہم سیاحتی مقامو منٛز اکھ ۔
557,مِثالے  لکھنؤ ہُک انداز چُھ اداکٲری پٮ۪ٹھ زور دِوان ییٚلہِ زن جےٚ پور طریقہٕ  رقص تہٕ قدمَن ہندِس تٗلہٕ تر٘اوس پیٹھ  زور  دِوان چھُ ۔
558,کم حدس تام ہیکَن چینی، باقی ایشیٲیی، تہٕ افریقی امریکی متٲثر گٔژِھتھ۔
559,اتھ ؤریس منٛز دیت پکسا انڈیکسن یہ شہر دنیاہک 13 ہم ساروٕے کھوتہٕ زیادٕ اصل روزنک شہر قرار۔
560,ویلے بنیو 2016 منٛز امریکی شہری، ییلہٕ زَن زَن سُہٕ پننہٕ میکسیکن شہریت برقرار تھوان۔
561,سر سیموئیل گریفتھ سنٛز مدتہٕ سۭتۍ ، آیہٕ اکھ مسودٕ آیہٕ لیکھنہٕ ۔
562,کٮ۪نٛہہ لوٗکھ چھ وپڈ کریمہ منٛز کانٛہہ مزٕ تہ شٲمل کران، یتھ کٔنۍ زن ونیلا۔
563,ایگبرٹ سُنٛد استقبال آو شارلمین کس دربارس منٛز کم از کم تریٚن ؤرین تام کرنہٕ۔
564,بنیٲدی منصوٗبن منٛز چھِ معیٲری،برونٚہہ کٗن پکنٲوِمٕتہِ ، تہٕ توسیعی واپس ادایگی ہندِ مٗتبٲدِل شٲمِل۔
565,عام پٲٹھۍ چھ ہند-یونٲنۍ بادشاہ  گُرۍ چلاوان یِوان ہاونہٕ، 160 قبل مسیح اندۍ پٔکۍ اینٹیماکس II سندس دورس  منز ۔
566,یہِ چھٗ مٗلکس منٛز اسقاط حمل خٲطرٕ وفٲقی رقوُماتن ہٗند  استعمال رٗکاوان۔
567,ایپیڈیمولوجی چھ بیمارِ ہنٛدِ وجہٗك  مطالعہٕ۔
568,أمہِ سٕنٛدِ جانشین ستکرنی اولن کٔرِ شُمٲلی ہندوستانس پٮ۪ٹھ یونٲنہِ حملو كِنہِ پٲدٕ گژھن واجنِہ افرا تفری ہُند فٲیدٕ تُلِتھ مغربی مالوا، اونوپا(نرمَدا وادی) تہٕ وِدھرب فتح ۔ 
569,2013-14 مٲلی مدتس منٛز چھ شرکت 7.8% زیادٕ آسنک تخمینہٕ لگاونہٕ آمت۔
570,سول نافرمٲنی روٗزۍ 1931 کِس شروعاتس تام جٲرِی، ییٚلہِ گاندھی ٲخر کار ارونَس سۭتۍ کتھ باتھ کرنہٕ خٲطرٕ آو جیلہٕ منز رِہا کرنہٕ۔
571,لکشمن کامتھ سنٛد پُتٕرِ ، دیونا پدمنابھا کامتھن کوٚر فن نو سرٕ زنٛدٕ تہٕ کٔرِن پوُرٕ ہندوستانس منٛز شو۔
572,کٗماؤں کین گوڈنکین بڑٮ۪ن خانٛدانن منز ٲسہِ دویمہ صدی قبل مسیح ہس  منز کٗنِندٕ یم شیو مت چِہ ابتدٲیی شکلہ پیٹھ عمل كران ٲسہِ ۔
573,دۄشوٕے نفر ٲسۍ وایکِنگ ہملو سۭتۍ متٲثر، تہٕ بنووُکھ اکھ مشترکہٕ اتحاد۔
574,تہنٛز پسندیدٕ قربانین منٛز چِھ زیورات ، پرفیوم ، میٖٹھ کیک تہٕ شراب شٲمل ۔
575,"امچ سرحد چھ مشرقَس منٛز ریاست پاپوا نیو گنی سۭتۍ رلان۔
"
576,"2022 ہَس تام چھِ صِرِف کاہو٘ کِھلاڑیٚو ترٛےٚ ٹرپل کراؤن ایونٹ زیٖنمٕتہِ ۔
"
577,سمیر چھ پنٛنہ بیٚنہ ونان، یۄسہٕ پنٛنس خانٛدارس سمیرس ضمانتہٕ  خٲطرٕ سوزان چھےٚ۔
578,پرٛٮ۪تھ پُرانہٕ خٲطرٕ  بۄنہٕ کَنِہ دِنہٕ آمتِس فہرستس منٛز سارِوٕیہ  کھۄتہٕ زیادٕ وضاحتی ترجمہٕ شٲمل ۔
579,اسہ میج یہِ بوُزِتھ راحت زِ تِم چھِ پننہِ ٹیكس ادا كرنہٕ كہِ تجرٗبہٕ نِشہِ مٗتمعن ۔
580,1970کِس دٔہلہ پیٚٹھٕ چھےٚ واریاہن ملکن ایٚف جی ایٚم رکاونٕچ کوٗشِش کٔرمٕژ ۔
581,"ویمبناڈ جیٖلس نزدیک بٔڈۍ کاشتکٲری ہٕنٛدۍ علاقہٕ آیہِ جیٖلہٕ پیٹھ دوبارٕ حٲصِل کرنہٕ۔
"
582,الیکشنُک نتیجہٕ یِنَس تام  روزِ یہِ ناو۔
583,ترٛیٚیِہ دۄہ پتہٕ آو دوٚیم  کیس لبنہٕ ۔
584,"33 مِس منٹَس منٛز ہٹوں گوا کِس مورا سُنٛد شاٹ واڈوَن۔
"
585,"باقٲعِدگی سان پوسٹ کرنہٕ سۭتہِ  بَنہِ یہِ  یٔقیٖنی زِ تُہٕنٛز کمپٔنی گَژھِ تُہنٛدیٚن فالووَرن ہِنٛزِ ٹایِم لاینہِ تہٕ ٹُوِٹَر فیٖڈن منٛز ظٲہِر۔
"
586,لو٘ اِن شِملہ  علاو، کٔر سادھنا مشہوٗر ڈرٮ۪کٹَر بِمَل راین   ہِنٛدُستٲنہِ  جَمہوٗرِیَتَس پٮ۪ٹھ  طنٛزِ كرونہِ   “پَرَکھ“  فِلِمہِ باپت  سایِن ۔
587,خوف اوس، بہٕ گوس  بنگلورٕچ فوری ٹکٹ بک کرنہٕ خٲطرٕ ریلوے سٹیشن ییٚلہ مےٚ امہ بجایہ بسہِ  منٛز گژھنک منصوبہٕ بنوو ۔
588,اندراج کرنہٕ پتہٕ چھ کھلاڑین اکس لۄکٹس قصبس پیٹھ اختیار دنہٕ یوان ۔
589,تم حصہٕ یم ٹوٗتھ فیری چھ ہاوان،  چھ بدصوٗرت سبز یا لاجوردِ  رنگ استعمال کران۔
590,جنیا راگ چھ تم راگ یم جانکا راگن (میلکارتا راگن) پیٹھہٕ ماخوذ چھ۔
591,یہ چھ ملان کس شمال مشرقس منٛز تہٕ برگامو کس شمال مشرقس منٛز واقع۔
592,سرمایہٕ دأری اندر ، بعض اوقات لوٗکن ہیٚکہِ نہٕ زندگی گزارنہٕ خٲطرٕ درکار ہر چیٖز مِلتھ ۔
593,ہنا امہ پتہٕ  رٗکاوِ کولونا سفارت کٲری منٛز پننہِ کٲم  ۔
594,ڈسرایلی بنوو وکٹوریہ ہَن 1876  منز ارل آف بیکنزفیلڈ۔
595,"لائٹننگ کٔر 2008 کس انٹری ڈرافٹس منٛز سٔتمہٕ راؤنڈ پک خاطرٕ جان ہلاوک نیش ویل پریڈیٹرز سۭتۍ تہ سودا۔
"
596,واریاہ بٲغی تنظیمہٕ آیہٕ ثقافتی تہٕ سیٲسی تحریکن لرِ تیار کرنہٕ، ییٚمہ کِنۍ یمن سول سوسایٹی نشہ بیوٚن  کرن چھ واریاہ مشکل گژھان۔
597,"یہٕ آو 1958ہس منٛز 201 پیٹھہٕ بطوراکھ تقسیم بناونہٕ ۔

"
598,ییٚلہ سُہ سبکدوش گوٚو ، یہ اوس اکھ قومی ریکارڈ ۔
599,"دیومالٲیی کِردارن پیٹھ مبنی چھِ تِم میگا، کواٹچی تہٕ سومی۔
"
600,مگر سیووین دبٲو  بغاوت درندگی سان تہٕ كٕرن قصبس پیٹھ بییہ فتح حٲصِل ۔ 
601,کمپنی ہنٛد طرفہٕ جٲری کرنہٕ آمٕتۍ گلوبل ڈپازٹری رسیدٕ چھ لگزمبرگ سٹاک ایکسچینجس منٛز درج۔
602,نویر کرنَس چھِ واریاہ قسم، یتھ کٮ۪ن زن راگم، الپنا، تینام، نیراول، ویروتم، تہٕ کلپناسورم۔
603,پوکوٹورک جنگ چھ بغاوتس منٛز اہم کردار ادا کران۔
604,فولڈنگ ماڈل چھ مختٔلف قۭمتن منٛز یوان۔
605,"2009منٛز کوٚر چنئی تہٕ کوئمبٹورَس منٛز ڈاکٹرَن تہٕ مٲہِرینَن ہٕنٛدِ أکہِ جمٲژ أکِس مُتٲثِر بٲے سٕنٛدِس نالی ہُنٛد خوٗن استعمال کٔرِتھ أکِس شُرِس منٛز تھیلیسیمیا ہُک کامیاب علاج درٕج۔
"
606,چینی تایپی ہن ہارنوو کناڈا12 اننگن 6-5 گیمس منٛز، مگر دۄشوے گٔیہ ناکام۔
607,عدد 2 پٮ۪ٹھٕ 5 چھِ اَتھ قٕسمس  سۭتہِ  تعلُق تھاوان۔
608,ییٚلہ تۄہہ سستہٕ مٗتبٲدِل میلہِ ، پنٛنس موُجوُدٕ انشورنس کمپنی کٔرو فون تہٕ تمن ؤنو اتھ برابر بنٗن ۔
609,کیرالہ ہُک ساروِی کھۄتہٕ بوٚڑ جیٖل ویمبناڈ جیٖل چھُ بیک واٹر سیاحت کِس مرکزَس منٛز یَتھ پیٹھ ہتہٕ بٔدۍ کیٹوولم تہٕ اَتھ بٔٹھِس پیٹھ چھِ واریٛاہ ریزورٹ۔
610,یہ چھ کانٛہہ سرد چیز تالس لگنہٕ سۭتۍ گژھان۔
611,دٔو٘یمہ ہاف کس شروٗعاتس تام اوسٗن  شین پٮ۪ۄن ہیو٘تمٗت ۔ 
612,یمن کتابن پیٹھ یہ سیریز مبنی ٲس تم آسہٕ نہٕ بالغن ہٕنٛد خاطرٕ لیکھنہٕ آمژٕ۔
613,پارٹی تہٕ دی کیٚنیڈین پریسَس مطابِق چھُ مونٹریٔل کیٚنیٚڈیٖنز ہاکی کھلٲڑۍ جارج لاراک گرین پارٹی آف کینیٚڈاہَس منٛز شٲمِل گوٚمُت۔
614,آندریس انیستا آو مین آف دی میچ قرار دِنہٕ۔
615,یہ ہیٚکہ زیٛادٕ تر کمپیوٹر گیمہٕ گنٛدنہٕ خٲطرٕ تہ استعمال کرنہٕ یتھ ۔
616,1556 منز پانی پت کس دویمس جنگس منٛز اکبرس سۭتۍ ہیمو سٕنٛدۍ ہارنہٕ پتہٕ آو مدھیہ پردیشک زیادٕ تر حصہٕ مغل حکومتس تحت۔
617,سوارِ ہنٛد یہ حصہٕ چھ ایتھنزس منز پاناتھِنایكو  سٹیڈیمس منٛز ختم گژھان، یٗس  اولمپیاڈ چین جدید كھیلن باپت مٗقام چھُ ۔
618,زیادٕ تر بحث ٲس اتھ بارس منٛز ز یہ وفاقی نظام کتھ کٔنۍ کر کٲم ۔
619,اگرتو٘ہہِ كٗنہِ سٲحِلس  یا نٗمایاں شری مركزس نزدیك چھِوٕ ، قٲمتھ ہیكہِ اگر توہہِ گٲمی علاقس منز چھِوٕ تمہِ كھوتہٕ وٲجِب ٲسِتھ ۔ 
620,لفظ عاشورا کہ مُولک مطلب چھ سامی زبانن منٛز دٔہم، لہذا یادک ناو، لفظی ترجمہ چھُس معنی  دٔہم دۄہ۔
621,"أمہِ سُنٛد عیال قتٕل کرنہٕ پتہٕ کٔر پولیس اَفسرَن خۄدکُشی۔
"
622,نوزائیدٕ ہوٚس ہیٚکہ اکثر زٮ۪نہٕ پتہٕ ٲڑِس گٲنٛٹس اندر کھڑا گژھِتھ  ۔
623,ریس ویک اینڈس منٛز چھِ شےٚ ریس سپدان، یِم منزٕ پرٮ۪تھ اكھ  30–45 منٹَن تام چلان چھے٘ ۔
624,ریاستن چھ واریاہ کالہٕ پیٹھ ہندوستان کہ اوسط شرح خواندگی کھوتہٕ زیادٕ شرح خواندگی حٲصل کٔرمٕژ۔
625,کے اے ایف ڈی آسہ مشرق وسطیک اکھ اہم مٲلی مرکز ۔
626,ارارت پہاڑس انٛدِ پٔکہِ چِھ پرٲنہِ آرمینیائی خاندانن ہنٛز علامتہٕ ۔
627,کیلی کٔر ڈی یس شیٖشہٕ بال استعمال کٔرتھ فرشتن ہٕنٛدۍ نظارٕ کرنس منٛز مدد۔
628,بریکو  چھ کٲم کرٕنۍ  بنٛد کرمژ۔ بہٕ کیاہ کرٕ وۄنۍ؟ 
629,"نزدیكھیہ چھِ وارِیاہ گام تہٕ ایشفور٘ڈ چُھ امِچہِ  خریدٲری خٲطرٕہ واریاہن مقامی لوُکن رٲغِب کران۔

"
630,بالغ ٹینیا سولیمک علاج چھ آسانی سان نکلوسمائڈ سۭتۍ یوان کرنہٕ تہٕ یہ چُھ عام طور  ٹینیاسسس منٛز استعمال یوان کرنہٕ۔
631,"عیسیٰ  اوس ""نیکی ہُنٛد آفتاب"" ماننہٕ یِوان ییٚمۍ سٕنٛز پیشن گویی مَلاکی ین کٔرمٕژ ٲس: ""تۄہہِ تانۍ واتہِ نیکی ہُنٛد آفتاب، تہٕ شَفا چُھ تٔمۍ سٕنٛزن پَکھن منٛز۔""
"
632,ذٲتی خریدار ہیکن کُنِہ تِہ قٕسمہٕ کِس سامانہ باپت پننِہ خدمتہٕ پیش کٔرِتھ، لہذا ژٲرِو توجہُک اکھ حصہٕ یُس تُہۍ یژھان چِھو۔
633,پرٛیتھ کٲنٛسہ ہنٛد ناو زٲنِو یمن سۭتۍ تُہۍ کتھ چِھو کران۔
634,بالاپکرَم قومی پاركہِ  منز چھِ وارِیاہن قٕسمن ہنز كٗلہِ تہِ جانور زٲژ ۔
635,اَمہِ دۄہ چھِ منٛدرن منز پارؤتی تہٕ پرمیشوَر، مُرگن تہٕ دیوانایہ ، گوڈایہ آنٛدال تہٕ رنٛگامَانار سُنٛد خانٛدر تہِ مَناوان ۔
636,فِرقہٕ  چُھ  پیرس کِہ مرکز پٮ۪ٹھ  شمٲلی مضافاتس تام  ۔
637,خوپرٕ اوٹ چھ عام طورباقٕیہ  چربی دار آٹیو كھو٘تہٕ وارٕ وارٕ  خراب گژھان ۔
638,کرینن ہندِ ساروی  قدیم فوسِل آیہِ شٗمٲلی امریکہس منز دریافت كرنہٕ ۔
639,"خانَس سۭتۍ ترٲو تمہ پروڈکشن کمپنی ڈریمز ان لمیٹڈٕچ مشترکہ بُنیاد، ییٚمۍ ترٛےٚ  فلمہٕ تیار کَرِ، ییمیُک آغاز  أمۍ سٕندِ خود اداکٲری پھر بھی دل ہے ہندوستانی (2000) سۭتۍ گو۔
"
640,تٔمۍ گیون کینیڈین فٹ بال لیگس منٛز مونٹریال الوئٹس خٲطرٕ تہ ۔
641,پرٛیتھ ادایگی تہٕ موصولہ تاریخٕکۍ ریکارڈ تھٲیو  احتیاط سان۔
642,یہ چھ ساروٕے کھۄتہٕ زیٛادٕ نشہ آور کیمیاہو منٛزٕ اکھ یس انسان بٔڑس پیمانس پٮ۪ٹھ استعمال چھ کران۔
643,لۄکٹین دعون ہٕنٛدۍ عدالت چِھ تمن لکُن ہندِ خٲطرٕ مثالی یمن نہٕ کانہہ وکیل آسہ۔
644,واریاہو ڈرٛایورو کوٚر 2005 تہٕ 2006 ہس منٛز نمبر 57 پایلٹ، یتھ منٛز براین وکرسن زیٛادٕ تر ریسن منٛز مقابلہٕ کوٚر۔
645,"مٲدٲنی علاقہٕ چھِ ہموار یہِ زن یِمن نہرو  ذٔریعہٕ آب پٲشی باپت  سازگار بناوان چُھ ۔ 
"
646,یہ چُھ آسامُک مکر سنکرانتی ہنٛد جشن ، یَتھ منٛز أکِس ہفتَس تام سال آسان چھُ ۔
647,پرٛیتھ ٹُکرس چُھ حرکت کرنُک پنُن طریقہٕ۔
648,تہنز تلوارِ تربیتُک طریقہٕ یتھ فری کھنڈا چھ ونان چھ ؤنِہ تِہ چھاو رقص کس گۄڈنِکس حصس منٛز استعمال گژھان۔
649,1940  منٛز گوٚو سہ پونے تہٕ کرُن ڈرائی فروٹ سپلائی دکان تہٕ کینٹین قٲیم۔
650,"آننٛد اوس اشوک کُمار سٕنٛز اچھوت کنیا تہٕ کسمیٹ ہِشن فلمَن منٛز اداکٲری وُچھنہٕ پتہٕ اداکار بننٕچ خٲہِش تھاوان۔
"
651,ویورس اوس جین جانسٹنس سۭتۍ تِہندِس طلاق گژھنس تام ژۄدہَن ؤرۍین کھاندر کٔرِتھ۔
652,وٗنكینس  سوٕمبرِتھ تھونہٕ سٕتہِ بنہِ یہِ  یقینی زِ  مٗتبٲدِل لبنس تام آسہِ توہہِ نِش ذخیرٕ ۔
653,"ایم آٮٔی 5، یَتھ سیکورٹی سروس تہِ چھِ وَنان چھِ ترٛٮَ۪و برطانوی انٹیلی جنس ایجنسیَو منٛز اکھ۔
"
654,کوولے ، ویومِنگ  کوولے چُھ امریکی ریاست ویومنگٗک اکھ قصبہٕ  ۔
655,ٹرنر سنڈرومس منٛز چُھ بلوغتس منٛز تاخیر یا غٲر حٲضری روزان ۔ 
656,ریوتھی چھ آسٹریا چِہ ریاست ورارلبٔرگ کس بریجنزس منٛز اکھ بلدیہ۔
657,ییلہٕ بولٹ کھولنہٕ چُھ یوان ، بندوقَس منٛز چِھ گۄڑنٕچ کارتوس لوڈ کرنہٕ یوان ۔
658,دۄشوٕنی فریقو دیت گرمی منٛز پنٕنۍ بہترین کارکردگی تہٕ اتھ مقامس پؠٹھ ٲسۍ تم پننس گۄڈنکس فیفا ورلڈ کپک حٲمل۔
659,تٔمۍ کٔرۍ راجہ-راجہ (بادشاہن ہنٛد بادشاہ) تہٕ مہاراجہ (عظیم بادشاہ) لقب اختیار تہٕ سُہ آو وِندھیا ہُک بھگوان سٕندِ رنگہ بیان کرنہٕ  ۔
660,سلیکوسس چھٗ الفا کوارٹز، کرسٹوبالائٹ، یا ٹرائڈیمائٹ چہ شکلہ منٛز کرسٹل سلکان ڈائی آکسائیڈس پیٹھ مٗشتمل شاہس سٕتہِ اندر گژھن واجینہِ مہین گرد   (قطرس منٛز 10 مائیکرو میٹر کھوتہٕ کم) جمع گژھنہٕ كِنہِ گژھان ۔ 
661,گلڈِڈ چھٗ ونڈوز ، لاینکس ، میک او ایس ، اینڈرائڈ تہٕ آئی او ایسس پٮ۪ٹھ پکان ۔
662,ییلپ جٲیزٕ چھِ اکثر مصنوعاتٕچ راے بدلہٕ ملازِمن یا سٹورَس سۭتۍ اصلی تجرُبَن پیٹھ توجہ مرکوز کران۔
663,یہٕ چُھ باسکنگ رِج، نیو جرسی منٛز مقیم۔
664,بہٕ اوس موکلس سۭتۍ پنٛنہ کامہ خٲطرٕ ہوہس منٛز قلعہٕ بناوان تہٕ پتہٕ پیوٚو سورے پتھر ییٚلہ معاہدٕ آو رد کرنہٕ۔
665,اکھ کیبیبائٹ چھٗ 1024 بائٹس ، 1024 کِیی بائٹ گیہ اکھ میبی بائٹ ۔
666,کوانزا نورٹے صوبہ کوانزا نورٹے یا کوانزا نورٹے چُھ انگولا ہک اکھ صوٗبہٕ.
667,"عام طور چِھ تُہنٛز اہلیت تُہنٛزِ آمدنی سۭتہِ طے سپدان ۔
"
668,بس اونم برٛۄنٛہہ چھ تم برادری شِكارس گژھان تہٕ شکارس دوران سومبٗرمٗت اناج چھُ شرکت كرن والین  منٛز بٲگرنہٕ یوانتہٕ چھ خانٛدٲنہِ سالن منز  کھینہٕ یوان۔
669,فوور مود 49 وہر وٲنٛسہ منٛز چیٹس ورتھ ، جارجیاہس منٛز کارونری تھرومبوسس سۭتۍ ۔
670,"نٔو جمہوٗرِیہ آو ""ریاستن ہُنٛد اتحاد"" تہِ قرار دِنہٕ۔"
671,"جان وائکلف سندِ سۭتہِ ترغیب لبِتھ كو٘ر یمو واعظو تتھ  پیٹھ توجہہ مرکوُز یہِ بطور بدعنوان چرچُک بُنیاد پرست اصلاح  وُچھنہٕ یوان  اوس ۔
"
672,سہ اوس مشیگن وولورینز فٹ بال تہٕ باسکٹ بال ٹیٖمن ہنٛز آواز ۔
673,بہٕ چھس حیران ز یہ ایپ کوتاہ تیز چھےٚ میٛانہ فونک کیمرہ استعمال کٔرتھ چیزن ہٕنٛز شناخت کٔرتھ ہیکان۔
674,روایتی ٹُھلہٕ کلہٕ شَکٕلۍ چھِ وُنہِ تہِ دستِیاب مگر نین ریکیٹَن منٛز چھِ اکھ ایسومیٹرِک کلچ شَکٕلۍ زیادہ عام۔
675,یہ کٔمی چھےٚ ذٲتی تہٕ عوٲمی ٹیوب ویلو تہٕ ہینڈ پمپو  ذٔریعہٕ پوُرٕ کرنہٕ یوان۔
676,ٲبی كھیلن ہنز  سرگرمی یِتھہٕ كٕنہِ زن سکوبا ڈائیونگ، ونڈ سرفنگ، سنورکلنگ، سرفنگ، کیاکِنگ، کینوئنگ، واٹر اسکیئنگ، اسپورٹ فشنگ، یاچِنگ تہٕ روتٕلہِ  سمندری سفر  چھِ سیاحن منز  مقبول سرگرمی ۔
677,تیوہارٕكہِ شروعات چہِ نِشاندیہی باپت چھِ نٕوِ پلو٘ ژھننہٕ یوان ۔ 
678,1998 پتہٕ، گٔیہٕ فُٹ بال کم  تہٕ کِرکَٹن کوٚر واریاہن ؤرِین مرکٔزی مُقام اِختِیار، یَتھ منٛز برنٹھٕیہ سارییہِ ٹكٹہٕ برونٹھٕیہ  كننہٕ یِنہٕ تہٕ سیٹھاہ پٲن٘سہٕ كماونٕچہِ كھیلہٕ لٕجہِ ۔ 
679,امرتیہ سینن کٔر انڈین پینل کوڈ کس سیکشن 377 خلاف ہم جنس پرستن خلاف مہمس منٛز تِہ پنٕنۍ آواز شٲمل۔
680,اکھ کیچَس چھُ زٕ ہیڑ سیلَس سۭتۍ کٹر رگڈ تہِ وننہٕ یِوان۔
681,ٹیمپل رَن-ٹیمپل رَن چِھ اکھ ویڈیو گیم یۄس اِمانگی سٹوڈیوزن بنٲومٕژ چِھ۔
682,میٹروپولیٹن علاقس منٛز چھ تقریبن 2.45 ملین لوک روزان ۔
683,"گِرین ایکریس، فلوریڈا: گِرین ایکرز چھُ امریكاہس منٛز فلوریڈاہُک اکھ شہر۔
"
684,اگر کانٛہہ پرٛژھِ زِ توہہِ کیٛاہ تحفہٕ  گژھِ گھرٕ پریوِشہِ باپت ، گھر كٗلی سامانہٕ منگیو٘ ۔
685,نو زاد شر رٔٹیوٗن کھڑا، تٔمۍ سنٛد کلہٕ ہۄنگنہ سید سیوٚد تلہٕ تھٲوتھ۔ 
686,"2010 چہ مردم شمأری مطٲبق ٲسۍ تتہِ 11,195 لکھ روزان ۔"
687,جنگجو چھٗ بطور اكھ  یونٲنہِ ہاونہٕ آمٗت  ، کیٚنٛہہ  چِھ تجویز کران زِ سُہ ہیٚکہ بادشاہ منیندر سٕنز ترجٗمٲنی تہِ  ٲسِتھ ۔
688,کنٹرول یا آلٹ کی ہٮ۪کو حرفس سۭتۍ تہ استعمال کٔرتھ۔
689,"تو٘ہہِ  ہیٚکِو ونٛدٕ  چیٖزن پٮ۪ٹھ رِعایت حٲصِل كرنہٕ باپت ونٛدٕ کِس ٲخرس پیٚٹھ  تہِ خٔریٖدٲری کٔرِتھ  ۔
"
690,اگر نہٕ مےٚ گراک سٕندٮ۪ن مسلن حل میوٗل تہٕ تِم زیٹھراون  اتھ؟
691,تِمن چھٗ یا تہِ کارٕبار موكلیومٗت نتہٕ  چِھ شِورلیٹس منٛز شٲمل گٔمٕتہِ  ۔
692,اکہِ وقتہٕ، ییٚتہِ اوس اکھ پٲنٛسہٕ دِنہٕ وول روزان یَس سَتھ نیٚچی ٲسۍ۔ 
693,جنوبی یورپس مَنٛز تہِ چھِ بٔڑِس پیمانَس پٮ۪ٹھ ووباہ پھٔہلیٚمٕتہِ۔
694,"پننِس مُقدِمس منٛز ووٚن پرنسپَن  تٔمہِ کوٚر یہِ تِکیٛازِ سُہ اوس پننٮ۪ن لوُکَن  محبت کران۔
"
695,یتھٮ۪ن معاملن منٛز ہٮ۪کہ سٗہ پتہٕ  ژٲرِتھ  زِ  کَتھ  چِھ وۄٹھ دِنہِ ۔
696,فیگوسیٹس چھ تمام جانورن منٛز لبنہٕ یوان تہٕ چھ تھر کوٚنڈ والین منٛز واریاہ پیچیدٕ آسان۔
697,"پشاورَس مَنٛز آیہ  ستیاگرہ ہچہِ   قیادت گاندھی سندِس اكِس  مسلمان پشتون شٲگرد غفار خانَ سندِ دٕسہِ كرنہٕ ، یٔمہِ  50,000 عدم تشدٗد كین كاكٗنن  تربیَت دِژ یِمَن خو٘دٲیی خدمتگار ونان ٲسہِ۔"
698,أمِس شخصَس منٛز ہٮ۪کَن اَتھ مُتلِق علاماتہٕ  ٲسِتھ ، یِتھ کٔنہِ زن زیادٕ دِلہٕ دُبراے، دِلٕچہِ كمزوُری (اگر گۄڈَے دلٕچ بیٚمٲرِموجود آسہِ)، زنٛگہٕ منٛزٕ منٛزٕ لِتھناونہٕ یِنہِ ہِ ، تہٕ دِل بِہِتھ گژھنٕچہِ علامتہٕ ۔ 
699,"یہِ اوس تَمہِ مُلکٕچہِ مقامی زبانہِ منز، انگریزی سب ٹائٹلَ ہیتھ۔
"
700,اگر نہٕ وۄنِیُک تام کینٛہہ چُھ سپدمُت، اتھ چِھ مستقبل ونان۔
701,"سنگاپورَن نِیٚو 12 مئی پیٹھ 23 مئی 2022 تام ہنوئی، ویتنامَس منٛز منعقد گژھَن وٲلۍ 2021 جنوب مشرقی ایشیائی کھیلَن منٛز حصہٕ۔
"
702,تم چھنہٕ جلدی کٲم شروع کران، مگر تم چھ واریاہس کاسل روزان۔
703,سٹروُینسی آو 28 اپریل 1772 کوپن ہیگن کین  دروازن  نیبرٕ کنہِ قتل كرنہٕ ۔
704,اگر لٲن واریاہ لۄکٕٹ آسہِ، تیٚلہِ آسہِ نہٕ یہِ کانٛہہ مسلہٕ۔
705,ییلہ ڈی این اے ہچ نقل چھ یوان کرنہٕ، کنہ ساتہٕ چھےٚ کانٛہہ غلطی گژھان-یمن چھ میوٹیشن ونان۔
706,جنوری 1858ہس منٛز میوُل  واریاہن سپاہن ریاست ہل ٹپیرا کس شٲہی خانٛدانس منٛز پناہ۔
707,"کینژو مردو چھ وکالت کٔرمژ ز مردن خاطرٕ 
 گژھ سپھنکسنگ خدماتن تام مسٲوی رسٲیی آسٕنۍ۔"
708,"درجہِ حرارتس مَنٛز ہُرٮ۪ر چھُ بالٲئی برہم پُتراندِپكِس  مَنٛز شیٖن ویگٕلنٗك  اکھ بوٚڑ وجہہ۔
"
709,تٔمۍ چِھ آکسفورڈ یونائیٹڈ خٲطرٕ فٹ بال لیگس منز گِنٛدمُت۔
710,ملیالم چھے٘ مہِل غلبہٕ والین مِنِی كویہ سان  جزیرن منز رٲبطہٕ زبانہِ ہنز كٲم كران  ۔ 
711,اكہِ اچانك پسہِ كوٚر تنگ پہٲڑی  درٕ بند ، بہٕ گوس درماندٕ تہٕ دم كرن والہٕ خوفن ژوپٗس ۔
712,کولکتہ ہَس منٛز چھُ اکھ چمڑٕ کمپلیکس بناونہٕ آمُت۔
713,ڈراپ آف لیبلس منٛز چُھ اکھ لیمب سبز پس منظر یتھ منٛز گاڑٕ سبز متن چھ۔
714,امہ پتہٕ گٔیہ انقلابۍ لۄکٹین گروپن منٛز، نزدیکی گامنكُن منتشر سپدان ۔
715,میچ اوس عام پٲٹھہِ  واقعٲتی اکھ ، خاصکرتھ ہاف ٹائم پتہٕ۔
716,یہ زانن چھٗ سیٹھاہ راحت زِ ٹھنڈٕ كرنٗك معاملہٕ یٗس مے٘ درپیش چھٗ ، ہیكہِ بطور فرج میكنِك تٗہندِ مہارت  سٕتۍ ٹھیكھ گژھِتھ ۔
717,اِوانا بنیہِ 1988 تھس منٛز اکھ قودرتی امریکی شہری ۔ 
718,ہنٛدستانُک ساروٕے کھۄتہٕ کامیاب ڈبل کھلٲڑۍ چھ جوالا گُٹہ، یۄسہِ وٲحد ہنٛدستٲنۍ چھےٚ ییٚمۍ دوٚن زِمرن منٛز ٹاپ-10نَن منٛز مقام حٲصل چُھ کوٚرمُت۔
719,پتہٕ  ننیوو تمس ز  تمۍ سند ملاقات چھ رد آمت کرنہٕ ۔
720,1895 پیٹھہٕ ركھہِ جنگل آسنہٕ كِنہِ آو گوروُمارا 1949ہس منز  ہِندٗستٲنہِ گینڈن ہندِ پرتھنٕچہِ جایہ آسنہٕ موكھہٕ جنگلی جانورن ہنز ركھ بناونہٕ ۔ 
721,سُہ چُھ ہاوس آف لارڈزس منٛز ارل مارشل ۔
722,بھگت سنگھُن بُڈۍ بَب اوس آریہ سماجُک پیروکار، یمیُک بھگت سنگھس پیٹھ کٲفی اثر اوس۔
723,نیٹ بال بنیو تمن ملکن منٛز زنانن ہنٛد اکھ مشہوٗر کھیل ییٚتہ یہِ سکوُل  نظام  ذٔریعہٕ متعارف کرنہٕ تہٕ تیزی سان پھہلاونہٕ آو ۔ 
724,نٔوِ سٹیڈیمک ناو آو سڑکہ پیٚٹھ تھاونہٕ آمُت
725,"2010 چِہ مردم شمأری مطٲبق أس جنوبی ڈیرفیلڈچ آبادی 1,880۔"
726,ساکارومیسس سرویسآیس خلاف اینٹی باڈیز ہیٛکن موُجوُد أسِتھ، مگر السرٹیو کولائٹس کہِ مقابلہٕ  چھِ کرونچہِ بیمارِ منٛز زیادٕ مثبت آسان۔
727,۱ ہیکٹرس پؠٹھ آیہ کل 150 نمٲئشی پلاٹ لگاونہٕ۔
728,ییٚلہِ زن وایرَسس رُکاون وٲلہِ  ادویات تَیار کرنس پیٚٹھ کٲم  جٲری چھےٚ  ، بُنیٲدی علاج چُھَ عَلامتو  مُطٲبِق۔  
729,ایرِس، یمن منٛز کینٛہہ 20 ہِمہٕ صدی کِس شُروعاتس منٛز بناونہٕ آیہِ ۔
730,یہٕ پیج چُھ  موجودٕ تعاون، کامین ہند فہرست تہٕ  انگریزی وِکیپیڈیاہس متعلق فراہم کران۔
731,"کھروسا چھُ اکھ گام یُس لاتور ضلعہٕ، مہاراشٹر، ہندوستانَس منٛز لاتور شہر پٮ۪ٹھ تقریباً 45 کلوٗمیٹر کِس فٲصلَس پٮ۪ٹھ واقع چھُ۔
"
732,گاندھی سٕنٛد خٲطرٕ اوس گۄڈٕنیُک اِلیکشن امتحان 1967 کہِ لوک سبھا تہٕ ریاستی اسمبلی ہٕند عام اِلیکشن۔
733,تمو تھٲو لگ بگ ٲڈِس گٲنٹس تام  سیبسٹین کوینٹانا سندِ  قطرٕ خٲطرٕ 1-1 سٕتہِ  سٕکور برابر كرنہٕ برون٘ہہ برتری ۔
734,"تقریباً ہتھ یادگار یم کنیہ بالن کھنتھ، بالہٕ گۄپھٕ تہ تعمیر چھِ 
 شمالی کرناٹک کس مالاپربھا دریاوٕ پتھرِ منز موجود۔ "
735,تم چھِ اتفاق کران۔ ورون چھُ نطفُک نمونہٕ جمع کران، تہٕ آنند چھُ ظٲہر دیپتی ہٕنٛدس ایمبریوہس منٛز ورونُن  نطفہٕ تراوان۔
736,"ایس سی آٮٔی یٕچ موٗجوٗدٕگی ہُنٛد پتاہ  کرنہٕ خٲطرٕ ہیٚکہِ ریكہٕ اڈِجہِ ہنز  امیجنگ  باپت پیٛارنٕچ ضٔروٗرت پیٚتھ اگر باقیہ جان لیوا زخمَن مستحکم کرنہٕ خٲطرٕ ہنگٲمی جرٲحی ہٕنٛز ضروٗرت پیٚیہِ۔
"
737,شیوسینا گوٚو دۄیو ریتو پتہٕ حکومتس منز دٲخل تہٕ کرٕن مہاراشٹر ودھان سبھایہ منز اسمبلی ہٕندس وقتس تام اتحاد باپت تسلی بخش اکثریت فراہم۔
738,یہ اوس بوبی فشرن پنٛنہٕ جوانی منٛز ادا کوٚرمت ۔
739,1958 ہَس منٛز گوٚو توا ڈیمَس پٮ۪ٹھ تعمیٖر شُروٗع، یُس جنوُبی ہوشنگاباد ضِلعَس منٛز توا سربند بناونہٕ باپت توا نگرَس منٛز1978 تھس منٛز   مُکمل گوٚو۔
740,فریسیز چھ شمٲلی فرانس کس شہرس منٛز اکھ کمیونٹی۔
741,"فِلمہِ ہِنٛدِ ٹیٖمن تہِ ووت ریڈ کارپٹَس پیٹھ تہٕ تُلٕن 3,500 کھۄتہٕ زِیٛادٕ سامعینن سۭتۍ سیلفی تہِ۔
"
742,پاپی ہٗك  ہِنٛدی روُپ آو 11 اکتوبر 2013 ریلیز کرنہٕ ۔ 2013 منٛز آو سوٗ  پنجٲبہِ  فلمہِ  ہیر اینڈ ہیروَس منٛز منیشا لامبایہِ سۭتہِ  ؤچھنہٕ۔
743,پِنچ: اکھ پنچ ہیکہ یا تہِ كھڈا نتہٕ سٲوِتھ استمال كرنہٕ یِتھ ۔ 
744,شرادھ ہاون وول مرد گژھِ گۄڈٕیہ پاك كرن وول سران كرٗن  تہٕ تس  نِش چھُ دھوُتہِ  لاگنٗك توقع كرنہٕ یوان ۔ 
745,"فن تعمیرس منٛز، لانس ہوسی چھ تجویز کران ز بارسلونا پویلین چھ ""جدید فن تعمیرک تھیسیس جہاز""۔"
746,محفِل آسٕہ سٲرۍسٕے دیوارٕ وٲلِس شہرس دِلہِ منز منعقد كرنہٕ آمژٕ ، یتھ منز اشرافیہ تہٕ تاجر ہِوی پٲٹھۍ شِرکت كران ٲسۍ ۔
747,اَمہِ کِس نتیٖجس منٛز آیہِ نصف تعمیٖر کرنہٕ آمتۍ دیوار أتھۍ جایہِ تام بناونہٕ تہٕ قٕلعہٕ آو رُکاونہٕ۔
748,یہٕ چھ پلاسٹکک و ٚولُت کٔرِتھ   مقناطیس سۭتۍ بنیومت ۔
749,"شمال مشرقی اونٹاریو: شمال مشرقی اونٹاریو چھ کینیڈین صوبہٕ اونٹاریو ہک اکھ خٕطہٕ۔
"
750,چٔنٛدی گَڑھ چُھ  نزدیٖکی ہَوٲیی اَڈٕ، یُس اَتھ باقٕیہ  ہِنٛدُستانس سۭتہِ  رَلاوان چُھ ۔
751,غٲر ملکی ترسیلاتن پیٹھ زیادٕ ٹی۔ سی۔ ایس آسنہٕ کِنہِ چھٖ مے شرارت کھسان۔
752,نوسی گزریٛوو 22 دسمبر 2019 ہس منٛز کریما ہس منٛز 82 وہر۔
753,مۄردٕ  دفن کرنہٕ خٲطرٕ اِستعمال گژھن وول کانٛہہ تہِ ڈبہ چُھ توبوُدٕ ۔
754,"وۄں گوٚو، تہنٛدس آرڈرٕچ سب ٹوٹل لاینٕچ زانٛکٲری چھےٚ ""نو ٹپ"" بٹنس تلہٕ کنہ تہٕ ""ڈیلیورڈ آن (ڈیٹ)"" لاینس نؠبر فراہم کرنہٕ یوان-سیو پیٹھ ہیوٚر پہن۔"
755, ییٚلہ بادشاہ سنٛدِ نیچوِ یہ کوٚر، سوُ گو٘ صحت یاب تہٕ كٕرن سلطنتس پیٹھ اصل پٲٹھہِ حكوُمت ۔ 
756,امہِ شعبُک مقصَد چھُ کمپنی ہندین کارکُنَن ہنٛز محنتُک جشِن مناوُن تہٕ سۭتی سرمایہِ کارن تہٕ شیئر ہولڈرن منٛز بَروسہٕ پٲدٕ کرُن۔
757,ڈایریکٹر جینیفر لنچس چھ ٹی وی یس پٮ۪ٹھ بطور کوکنگ شو ہوسٹ اکھ کیمیو ۔
758,تمہِ سٕنزِ موسیقی ہٗند مواضنہٕ آو کینے ویسٹ ہِوین سٕتہ كرنہٕ یوان ۔
759,پرتھ سیٹس منٛز چِھ 16 ٹکڑن پیٹھ مشتمل: اکھ بادشاہ، اکھ ملکہ، زٕ روک، زٕ بشپ، زٕ نائٹ، تہٕ ٲٹھ پیادٕ۔
760,کینٛہہ عٲلِم چِھ چالوکِیاہَن گجرات کِین چولوکِیاہَن (سولنکِی ین  ) سۭتہِ  جوڑَان ۔ 
761,شوہس منٛز چھِ سٹاپ موشن اینِمیشن تہٕ کاٹھہٕ پۄتٕلہِ  اینِمیشن ۔
762,اَہَم جورِ تہٕ امتیاز علی آیہِ فِلمہِ فرغ دِنہٕ باپت  کامیٖڈی نائٹس وِد کپلَس شوہس منٛز وٗچھنہٕ ۔
763,پنالٹی پتہٕ یَتھ منٛز اینڈی یوہس رافنگ خٲطرٕ زٕ منٹ ملے، امریکہس میول قبضہ۔
764,یہِ چھٗ برمنگھم سٹی سینٹر کِس مشرقس منٛز ہیوٗ تہٕ سولیہل قصبٕكہِ مركزٕ كِس  شٗمالس منٛز ۔
765,پیشکش ہیٛکہٕ تالہِ پیٹھ  دعا (وندنا) سۭتہِ  تہِ شروع گژھتھ یتھ الاریپو  ونان چھِ ۔
766,"یہِ چھُ دۄیِم لَٹہِ ییٚلہِ کٲنٛسہِ مُلٲزِمس کوہل سٕنٛدِس فروزن کسٹارڈس پiٹھ اوٚنٛگجہِ ہُنٛد ٹیوٚنڈ 
 چھُ روومُت۔
"
767,تٔمۍ سٕٕنٛزِ نانِہ اوس بوے مشہوٗر جَج ،جان فارسٹ ڈِلون
768,ہاسن آو  سٹار وِجے ٹی وی واپس ، تٕہ کرٕن 2017  منز بِگ باس تامِل ناڈوُ کہِ گۄڈنِکہِ سِلسِلٕچہِ میزبٲنی ۔ 
769,مہاراشٹر ریاستی سركارن  تہِ كو٘ر  1992 تھس منٛز یٗتھٖیہ  ایوارڈ قٲئم ۔
770,یہِ بیکٹیریا ہیکہِ نہٕ انسانس نیبر کینٛژو دۄہو اَلاوٕ زندٕ روزِتھ۔
771,اگر توہۍ پننہِ پاركہِ ہنز مشہوری كرٕنۍ یژھان چھِو ، توہہِ ہیكو ٹی شٲرٹ تہٕ بیگ ہوۍ چیز تہِ  كنِتھ یمن پیٹھ تہِ تٗہنزِ پاركہِ ہٗند ناو آسہِ ۔ 
772,"کھیلَس منٛز ٲسۍ سَتھ احتِیاطی تمبیہہ  تہٕ کُل 33 فاؤل۔
"
773,اگرچہ تم چِھ واریاہ اصولن، تصورن تہٕ پانس پیٹھ یقین تھاوان، مگر تم چِھ ڈگری، انداز تہٕ طریقن منٛز مختلف۔ یوگ چھُ علم حٲصِل کرنہٕ خٲطرٕ ترٛےٚ ذٔریعہٕ قبوٗل کران، تہٕ ادویت ویدانت چھِ قبول کران۔
774,یِمن ہٕنٛز نمائندگی چھِ متوفی گرین لالٹین گھرلک اور ویرکس کران۔
775,44 وٗہٗر منیجر گوٚو 2016 ہس منٛز رونی ڈیلا سٕنٛزِ جایہ گلاسگو طرفس منز  شٲمِل تہٕ کٔرٕن آتھوارِ دۄہ نیشنل لیگ زینٛنس منز بھویزن ہنز رہبری ۔ 
776,کتھکلی گیہ ہندوستان کِس جنوُب مغربی علاقہٕ  کیرلاہس منٛز پٲدٕ  تہٕ یہِ چُھ پننِس وسیع پیمانَس پیٹھ رنگین سِنگار ، مٗكھوٹو٘  تہٕ پو٘شاكھہٕ كِنہِ مخصوُص ۔
777,"یم تنظیمہٕ چھ ترکی، بوسنِیا تہٕ عرب مسلمانن ہنٛزو دھارو منٛزٕ اکچ نمٲیندگی کران۔
"
778,لکشدیپس  أنٛدۍ پٔکۍ مرجانی  حصس منز اکھ لگون ٹرِگر فش
779,"رتھ یاترایہِ  منٛز چھِ ترٛےٚ دِوتاہ جگن ناتھ مندر پٮ۪ٹھٕہ رتھَن منٛز گُنڈیچا منٛدرَ نِنہٕ یِوان، ییٚتہِ تِم نَوَن دۄہَن روزان چھِ ۔
"
780,تِکیٛازِ کیٚنیڈا، مغربی یۄرپ تہٕ امریكاہس  منٛز چھُنہٕ  تپہٕ دق عام ، بی سی جی چھُ صرف تِمَن لوٗکَن دِنہٕ یِوان یِمَن واریاہ خطرٕ چھُ ۔
781,اگر تہۍ شفٹس پیٹھ آسِو، الٹی گنتی ہٕنٛدٕ ٹایمر چھ ژۄن منٹن تام روزان۔ 
782,انفرٲدی کمپیوُٹرن چھٗنہٕ مائیکروسافٹس سۭتہِ رٲبطہٕ کرنٕٗك  ضروُرت ، حتاکہ کے ایم ایس سرور چھٗ  کران ۔
783,بنک آو رزٲرو بنک آف انڈیا ایکٹ، 1934 ہس تحت قٲیم کرنہٕ۔
784,سُہ اوس تمہ وقتہٕ ووتمت ییٚلہ انگریزو فلسطینس پٮ۪ٹھ حکوٗمت کٔر ۔
785,دیوی اٗمایہ تمہِ  سٕتہِ رِشتہٕ كِنہِ چھے٘ بیماہس بیاکھ کوٗر ییٚمِس بِمندری ناو چھٗ ۔
786,طویل مُدتِی فرم اِنجِینَئر وِلیَم مُرڈوک آو جَلدِی اَکھ شَراکَت دار بَناونہٕ تہٕ فرمہ کٔر ترقی۔
787,باقٕے وقتن، ٲسۍ راز اتھ چیزس متعلق یس تمن تتھ جایہ کرنہٕ خاطرٕ آسان ٲسۍ۔
788,گۄڈنیُوک اوس اِس روٗٹ کی سبھی لاینیں  مست ہیں  یتھ منٛز یہِ اکھ دۄکھٕ زد پیٚتٕر اوس۔  
789,"دۄن ؤرۍ یَن منٛز کریڈٹ کارڈ کِس قرضَس پیٹھ حٲصِل گژھَن وول کُل سود آسہِ 9,738 $، یا اَوسَط پٲٹھۍ 406 $  پرٛیتھ ریتہٕ۔
"
790," 'اترین' یا 'اترانی' اصطلاح تہِ 
 چھ، امہ بدلہ ورتاونہ آمتۍ۔"
791,امہ پتہٕ ییہ بلڈ ہاؤنڈ SSCہنٛدس تجربہٕ جنوبی افریقہس منٛز ہکسین پینس پٮ۪ٹھ کَرنہٕ۔
792,متسن چھےٚ کیلیفورنیا کٮ۪ن اوہلون لوٗکن ہٕنٛد طرفہٕ بولنہٕ ینہٕ واجنٮ۪ن زبانن منٛز اکھ۔
793,سلمبمس پیٹھ تہ آے پابندی لگاونہٕ تہٕ بنییو جزیرٕ نما ملیییس  منٛز امکہِ مقٲمی تامل ناڈو کہ مقابلہٕ  زیادٕ عام۔
794,زائرین چھٗ  پنٕنہِ پاکیزگی ثٲبت کرنہٕ خٲطرٕ بان گنگا دٔریاوَس منٛز سران کرُن ضروُری ۔
795,مقامی پادریو چلٲو أمس عام مذمت پٲٹھۍ سزا دنٕچ مہم ۔
796,"وۄنہِ گوٚو، تِمَو کٔر جنگہِ آزٲدی دوران مغربی پاکستانٕچ حمایت تہٕ پتہٕ آو یِمَن آزاد بنٛگلہ دیشَس منٛز شہرِیت دِنہٕ نِش اِنکار كرنہٕ ۔
"
797,خلاہس منٛز کٔرِ مُسلمان خلا بازو زمینس پیٹھ پنٛنہٕ ٲخری مقام کِس وقتس اندِ پٕكہِ مذہبی رسوُمات مٗشخص ۔
798,اَتھ موقعَس پیٹھ ٲس نیوزی لینڈ ٹیمہِ 1980 دٔہلِچ  باج (خاکی) وردی لٲجمژ۔
799,یہِ تلاو چھُ رسمن  تہٕ سۭتۍ  عام سر٘انہٕ  خٲطرٕ تہِ استعمال  کرنہٕ یِوان ۔
800,ورلڈ کپ پتہٕ أمیۍ وریہٕ شارجہس منز پاکستانس خلاف  اوس نہٕ ہندوستٲنۍ کپتان محمد اظہر الدین ہیکان زیادٕ رنہٕ بنٲوۍتھٕے۔
801,"چیئر وومن لورا چیری یَن ووٚن زِ پٔتِمٮ۪ن ؤرۍ یَن برعکس، چھُ بورڈ بیٚکہِ ؤرۍ یہِ کہِ دٔہمہِ ؤرۍ یُک  دٔہمہِ ؤرۍ یَس خٲطرٕ ""سٲرِسٕے نیبر"" گوٚمُت، تہٕ ہوٹلَس منٛز ہیٚکہِ یٖتاہ کمرٕ بُک کٔرِتھ۔"
802,2005 ہَس منٛز کٔر دویو  مٗطاعلو   چینی راتہٕ كرٕ٘لن منٛز سارس ہٕیوین واریٛاہن کورونا وائرسن ہنٛز شناخت۔
803,اتھ منٛز چھ ژور اہم تبدیلیہ گژھان، یتھ دوران گلوکار اعلی آکٹین اپناوان چھ۔
804,بُزرگن باپتھ  ذٲتی خریدٲری منٛز چھِ عموٗمن كِریانہٕ  تہٕ گھرٕچہِ ضرورتہٕ شٲمل آسان۔
805,تٔمۍ کوٚر ریاستٕچ دارالحکومت پنسلوانیاہس منٛز ہیرسبرگس پٮ۪ٹھ قبضہٕ کرنک ارادٕ ۔
806,"1965  پٮ۪ٹھٕ 1969 تام تہٕ 1973پٮ۪ٹھٕ 1975 تام اوس سہ ٹیمک کوچ۔
"
807,پارٹی ہنٛد موجودٕ رہنما چھ حزب اختلافٕچ رہنما ایرنا سولبرگ ۔
808,رٕژ خبر بوزنہٕ پتہٕ چمکیے تٔمۍ سٕنز أچھ لچھہٕ بدیو تارکَن ہٕندۍ پٲٹھۍ۔
809,2009 پیٛٹھٕ چھِ اِلِنویِکۍ گَورنر، پیٹ کُوِنن جوٗنٕچ دٔیٕم آتھوار بَچن ہِنٛدِ دۄہہ پٲٹھۍ مناونٕک اعلان جٲری کوٚرمت یِتھ کٔنۍ 2007 تہٕ 2008 ہس منٛز امہِ برٛونٛہِم گَورنَرن کوٚرمت اوس۔
810,"مشہور سائنسدان ڈرونوف چُھ نووسیبیرسکس منٛز اکھ جدید رد عملک انجنچ تخلیقس پیٹھ کٲم کران۔

"
811,سینیگال، برطانیہ تہٕ اٹلی منٛز آیہ الگ تھلگ کیس درج کرنہٕ۔
812,سوم پورہ مہاوہار ، اکھ عالمی وراثتی مقام ، اوس دھرم پالن بنوومٗت ۔
813,سیزن 4 منٛز آیہ گۄڈنچہ پیشورانہٕ زنانہٕ کبڈی لیگ، زنانہٕ کبڈی چیلنجٕچ شروعات تہ کرنہٕ۔
814,ییلہٕ زن الیل پاؤچک طریقہٕ کار چھ اوسٹومی بیگچ ضرورت ختم کران چھُ ، یہٕ چھنہٕ اندرمن ہنز معمولچ کٲم بحال کران۔
815,پوُل چھِٗ كِیوٗ كھلن ہنز اكھ درجہٕ بندی یٗس  اندن سٕتہِ ژور چندٕ بنٲوِتھ ٹیبلس پیٹھ ، یِمن بنز بال تر٘اونہٕ یوان چھِّ ٘،   گِندنہٕ یوان چھِٗ  ۔ 
816,امہِ سۭتۍ چھ یہِ صرف سفید سٹرجن تہٕ اٹلانٹک سٹرجن پتہٕ تریم ساروی کھۄتہٕ بوٚڑ بنان۔
817,تہِ کیاز اریمبی چِھ اکھ راکسی، ویرکودرا چِھ تمہِ سٗند   مۄحبت رد کران۔
818,کولٹس چھٗنہٕ وۄنہِ اکِہ  بہتٔرین سیٖزنُک فخر کرن وٲلِس  آخری این ایف ایل ٹیم  1972 میامی ڈولفنز کس ریکارڈس باپت خطرٕ ۔
819,"ووں گو٘و ، یہِ چھُنہٕ وُنیُک تام باضٲبطہٕ طور اولمپکسس منٛز گِنٛدنہٕ آمُت۔
"
820,امہِ كٕر  وارِیاہن  اشتہارَن، ٹی وی شوَہن، موختصر  فلمَن تہٕ سٹیج شوَہن منٛز کٲم۔
821,کینٹالوپن چھِ زٕ قسم: یورپی تہٕ شمالی امریکی ۔
822,یہ چھ شمالس منٛز سوبرن ریکھا دریاو پؠٹھٕ جنوٗبس منٛز رشیکولیا دٔریاوس تام پھٕہلتھ۔
823,ژے  پزی  چیزن ہنٛد تصور کرن بنٛد کرن۔ یہ چھ ژے أنٛدۍ پٔکۍ لکن متٲثر کران تہٕ  مےٚ پریشان کران۔
824,"سُہ اوس پننِس کانگریس  پیشورانہٕ زِندگی دوران ساروی کھوتہٕ زیادٕ قدامت پسند کانگریسَو منٛز اکھ۔
"
825,گرٛاف چھ نوڈسن دٔیمٮ۪ن نوڈسن سۭتۍ جوڑنہٕ کہ صلٲحیتہٕ خٲطرٕ مفید۔
826," 1934 ہَس منٛز کٔر آٮٔی سی آر سی یَن جنگس دوران عام لوٗکَن خٲطرٕ اضٲفی تحفظ حٲصِل کرنٕچ کوٗشش۔
"
827,یم چھ سری اکال تخت صاحب، دمدمہ صاحب تہٕ آنند پور صاحب۔
828,ایس ایس آٮٔی یوُنٹ چھِ پولی تھین بیگ، پی وی سی کنڈیُوٹ پائپہٕ تہٕ فٹنگ، پینٹ تہٕ وارنِش، فائبر گلاس تہٕ لۄکچہ ٲٹہِ  مِلہ، سافٹ ڈر٘نکس تہٕ شربتہٕ، وغٲر تیار کرنس منٛز لٕگتھ۔
829,19 وٗہمہ صٔدی ہنٛدس ٲخرس منٛز اٗبھریو چنئی شہر (یُس تمہ وز مدراس ناوٕ زانٛنہٕ اوس یِوان) کرناٹک موسیقی ہنٛد مقام بنتھ ۔
830,لہاذا آسہ از کھؠنک اکھ اصٕل طریقہٕ یتھ کٔنۍ لوٗکھ تمہ وز کھٮ۪وان ٲسۍ۔
831,اتھ حالتس منٛز روزن والٮ۪ن واریاہن لوٗکن ہٮ۪کن بیٚیہ مسلہٕ تہ ٲستھ، یتھ کٔنۍ زن ذیابطیس۔
832,پنُن جوش و خروش برقرار تھونہٕ خٲطرٕ ٲسہِ مارٕچ کرَن وٲلہِ  پکان پکان ہیندِ بھجن رگھوُ پتی راگھو راجہ رام گٮ۪وان۔
833,سۄ ٲس 2006 پیٹھٕ 2011 تام پنٕنۍ آبائی ریاست کوجیڈس خٲطرٕ صدر ۔
834,1945 کس عام انتخابس منٛز منتخب کرنہٕ آمٕژ تہٕ کلیمنٹ ایٹلی سنٛز قیادت منٛز نوآبادیاتک حامی لیبر حکومتن کٔر سلطنتس درپیش ساروی کھوتہٕ اہم مسئلہٕ: ہندوستانچ آزٲدی سۭتۍ نمٹنہٕ خٲطرٕ جلدی پیش قدمی۔
835,تاہم تٔمۍ دِیُت مشورٕ زِ آیالا پَزِ احتِیاطی طور  فالو اپ ٹیسٹَن ہُنٛد اکِہ سیریز منٛزۍ گزرنۍ۔
836,محمد شاہن ترٲوۍ ہتھیار تہٕ دونوٕے ژایہ یكوٕٹہٕ دِلہِ منز ۔ 
837,"تٔمِس اوس 1943 پٮ۪ٹھٕہ 2013ہس منز تمہِ سندِ سمرنس تام نینیٹ سٹوکسَس سۭتہِ خانٛدر ۔
"
838,امہِ وجہ ستۍ چھُ یِمن  'ہاکی جڑواں' ہُک ناو دِنہٕ آمُت۔ 
839,"خصوُصن چھِ أمہِ سٕنٛدِ ژور ڈرٛامہ ژورَن رٲژن پیش یِوان کرنہٕ، تہٕ یِم چھِ نل  تہٕ دمینتی ہنزِ دیو مالٲیی محبت چہِ داستانہِ سۭتہِ  تعلُق تھوان ۔
"
840,تاہم چھُ اکھ سہل اِشارِٕ بناونہٕ آمُت یُس نہٕ سیمیکولن تہٕ بٔڑۍ اَچَھر چھُ استعمال کران مگر کوماہَن ہنز مشبہ تعداد استعمال کٔرتھ چھُ نوٹن ہنٛز تمام توییٖعٕچ نِشاندِہی کران۔
841,ژورو یا پانٛژو رؠتو پتہٕ ٲسۍ یمو منٛزٕ  صرف 111 قۭدۍ زنٛدٕ۔
842,بھُج چُھ اَکھ میونسپلٹی تہٕ ہِنٛدُستان کِس رِیاست گُجراتس منٛز ضِلعہٕ کَچھ ہُک ضِلعہٕ صدٕر دفتَر۔
843,ہندوستان کس ایمرجنسی دورس دوران اوس رام ناتھ گوئنکا تمن کینٛہہ آزاد کاروبارین تہٕ اخبارن منٛز اکھ یم اندرا گاندھی ہنٛز مخالفت کران حکومتس سۭتۍ کھڑا گیۍ۔
844,بِچور سِرٛنٛگی سِری نِواس اوس تیٛوٗت کھوٗژمُت،  تیٛوٗت کھوٗژمُت،  تیٛوٗت کھوٗژمُت زِ
845,تسٕنٛدۍ نانۍ تہٕ بُڑۍ بب ٲسۍ نریپیندر ناراین بھوپ بہادر تہٕ کوچ بہارٕچ سنیتی دیوی۔ 
846,"موسیٖقی ہِنٛدِ ہِدایت کار کھیمچند پرکاشَن دِیُوت کُمارس فِلِم زِدی خٲطرٕ ""مارنے کی دُواین کیوں منگو"" گیونُک موقعہٕ۔
"
847,"کینٛہہ وٕنِو یِتھ کٔنۍ،""معٲفی دِیِو، کیا بہٕ ہیٚکا تۄہہِ برٛونٛہہ کنہِ ژٔٹِتھ؟ أکِس رقاصس چھ میانہِ مددُک ضرورت"" اگر تہۍ رقص کرنہٕ خٲطرٕ لٲنِہ منٛز چھو۔"
848,بیجاپوٗر حکوٗمتن دِیوٗت یِمن واقعاتن كٗن توجہ  تہٕ کٔرٕکھ کارروٲی کرنٕچ منگ ۔
849,شہری بغاوت ٲس پننہٕ جغرافیائی تقسیمس منٛز تہٕ انتہٲئی ناہموار، یوتتھ تام ز شمال وسطی ہندوستان کین تمن علاقن منٛز یم وۄنۍ برطانوی کنٹرولس منٛز آسہٕ نہٕ۔
850,یمن خریدٲرین ہٕندۍ منصوبہٕ  کٔرو پننس بٲژس سۭتۍ گۄڈے طے یتھ تہۍ ہیٚکو پنٕنۍ وسٲیل یکجا کٔرتھ تہٕ خریدٲری ہنٛد سورُے رقم حٲصل کٔرتھ۔
851,549 عیسوی پیٹھٕ آسہٕ کاکذی گانٛٹ بیارِ پٔزۍ پٲٹھۍ وپھناونہ یوان، تکیازِ زِ یہِ چھُ رکارڈ کرنہٕ آمُت زِ  امہِ ؤری ٲس اکھ کاغذی گانٛٹ بیٲر ریسکیو مشنس باپت شیٚچھِ سوزنہ باپت ورتاونہ یوان۔
852,"تم چھ خانٛدر کران تہٕ ماہی چھ 2011  کس ورلڈ کپ خٲطرٕ تربیت شروٗع کران۔
"
853,"سخٕت گوشت خور چھِ وٹامن اے ہُك  انتظام سورٗیہ كھینہٕ والیو  تہٕ سبزی خورو نِشہِ   مُختٔلِف طریقہٕ  کران ۔
"
854,ہنگٲمی طور  حمل رٗكاوٗن  ہٮ۪کہ نہٕ جنسی طور منتقل   بیماریو  نِش بچٲوِتھ ۔
855,امچ بنیاد ٲس 1281 منٛز فلپ دی بولڈن تھومٕژ ۔
856,"بہٕ ہیٚکہٕ نہٕ یقین کٔرتھ ز صحت مرکزس پیٹھ ڈاکٹرس سۭتۍ میلنہٕ خٲطرٕ کٲتس کالس پیوٚو مےٚ پیٛارن!   اسنچ کتھ چھےٚ  ز بہٕ چھس امہ قٕسمہٕ  خدمتہ خٲطرٕ پونٛسہٕ دوان۔ """
857,کورین گزرییہ 90 وہر وٲنٛسہ منٛز 9 ستمبر 2012 ہس منٛز آنندس نزدیٖک ناڈیاڈ ہسپتالس منٛز بیمار سۭتۍ۔
858,سالانہٕ جگن ناتھ رتھ یاترا چھُ اکھ مشہوُر ہندوُ تیوہار یُس ساسہٕ بٔدین لٗكن كشِش كران چھُ ۔ 
859,شرکت کرن وٲلۍ ملک ٲسۍ سری لنٛکا، بنٛگلہ دیش، پٲکستان، نیٚپال تہٕ میزبان ملک ہنٛدوٚستان۔
860,مخالف درین درمیان صدین ہنزِ خانہ جنگی پتہ انیۍ پالَو بنگالس منز خوشحالی تہ اتحکام۔   
861,یہٕ چھ دیمس نظامس سوٛ کرنس منٛز مدد کران یس امچ ضرورت چھ ۔
862,مغربی چالوکیاہو کٕر 200 وٕریو کھۄتہٕ زیادٕ عرصس تام حکومت تہٕ ٲسۍ چولاہن تہٕ تہندین کزنن ، وینگی یٕکۍ مشرقی چالوکیاہن سۭتۍ لگاتار تناضس منز ۔
863,بترا اوس واریاہ کالہٕ پٮ۪ٹھٕ، فلمہ ہنٛدس بیٛیس اہم کردارس، نواز الدین صدیقی یس سۭتۍ کٲم کرٕنۍ یژھان۔
864, کورکائی تہٕ الگنکولم چھ پانڈیاہن ہندۍ متبادل مرکز زاننہ یوان۔
865,متبادل پٲٹھۍ گژھ   تہُند بدتمیز کسٹمر سروس نمائندس رکارڈ کرنس متعلق سوچُن۔
866,فلمہ ہنٛز موسیقی چھ شریب صابری تہٕ توشی صابری ہن دژمٕژ، ییٚلہ زن بٲتھ چھ شکیل اعظمی ہن لیکھمتہِ  چھِ ۔
867,چندی گڑھُک بنیٲدی ڈھانچہ، دہلی، ہریانہ، پنجاب تہٕ  ہماچل پردیشس ستۍ قربت تہٕ  آئی ٹی ٹیلنٹ پول چھِ اتھ علاقس منٛز دفتری جگہس منٛز  تلاشس منٛز  آئی ٹی یُک کاروباری ادارن  رٲغب کران۔
868,واپس یِنہٕ وِزِ آو کونگیمبا أمِس نِش کٲنسہِ ہِنٛدِ وٕچھنہِ  ینہٕ برٛۄنٛہہ۔ 
869,13 نومبر 2013 آو یہِ اطلاع  ز منارا کرِ کرنویر شرما ہس سۭتہ فلمہ منٛز پننہ اداکٲری ہنٛز شروٗعات۔
870,روُسس منٛز چِھ لوتھریٲیی  عام طور نسلی فِن یا جرمن آسان ۔
871,تٔمۍ اوس اسلٲمی قانون، قرآنی وضاحت، ادب تہٕ فلسفس اضافہ  کوٚرمت۔
872,سٹیورٹ  مُود 89 وہر 8 اگست 2020  منز آکلینڈس منٛز ۔
873,"گایکواڑن کوٚر پیشواہس 525,000 سالانہٕ خَراج  ادا کرنٖك وعدٕ تہٕ سٕتی  1,500,000 ہٗك یكھ مٗشت  رقم  دِنُک  تہِ ۔"
874,"رِیاستٕ کین  باقی مذہبی مقامَاتن منٛز چھِ امباجی، ڈکور، شاملاجی، چوٹیلا، بیچراجی، مہوُدی، شنکھیشور بیٚترِ شٲمِل۔
"
875,لہاذا كرو اسہِ کوسائن كاركردگی مٗتعلق منز کینٛہہ کتھہٕ ۔
876,پی بی پی چھ اکھ بٮ۪مٲرۍ یۄس بلبر مسلن منٛز اعصابس پؠٹھ حملہٕ کران چھ۔
877,توہہِ ٲسیو توقع  کھۄتہٕ واریاہ زِیٛادٕ پونٛسہٕ نیبرٕ کھٮ۪نہٕ تہٕ مشروباتن خٲطرٕ نٮ۪بر گژھنس پٮ۪ٹھ خرٕچ کَران۔
878,فلمہِ منٛز چھُ ممبئ  پٮ۪ٹھٕہ دِلہِ تام پانٛژھن جاناوارَن تہٕ پرِندن ہُنٛد سفر ہاوان ۔
879,مٗفكِرن ہُنٛد بیاکھ  طبقہٕ چُھ مانان زِ ستاواہنن ہٗنٛد  ابتدا اوس مغربی دکنس منٛز گومٗت  ۔
880,"اتھ برعکس چھ مٗفكِر  یمن دعواہن پیٹھ سوال تٗلان تکیازِ قدیم یا  وسطی دورُک کانٛہہ تہ متن یتھ منٛز سمندر منتھن چہِ دلیلہِ ہٗند  ذِکر چھٗ  چھٗنہٕ زان٘ہہ اتھ ""مٲلس"" یا تیوہارس  سۭتہِ جوڑان ۔"
881,یتھیہ كٕنہِ چُھ ڈیفینسیو شوٹنگ سرکلس منٛز صرف دۄن پوزیشنن ہٗند  اجازت؛ تِم چِھ حزب اختلافس گول کرنہٕ نِش رکاونِچ کوشش کران۔
882,"چارٹر ایکٹ 1833 ہن کوٚر کونسل کِس ڈانٛچس منز مزید  بَدلاو۔
"
883,رابرٹ فرنانڈیزن ووٚن پریس کانفرنسہ منٛز زِ ایلکس ودالس اوس  الویس سنٛز ممکنہٕ روانگی ہنزِ آگٲہی كِنہِ ساین كرنہٕ آمُت ۔ 
884,پنٛنس بٲژس مہ دیو پانس سہ سامانس ہینہٕ خٲطرٕ مجبور کرنہٕ ییٚمیک خرچہٕ نہٕ تہۍ تلتھ ہیٚکو۔
885,12 مہِ صٔدی پیٹھ جے دیوا سٕنٛز گیتا گووندا ٲس شایَد کلاسیکی رِواجِچ قدیم ترین موسیقی ہِنٛز کمپوزیشن، یَتھ اشٹاپدی موسیقی ونان چھِ۔
886,پنجاب شورشہ ہندس پَس منظرَس منز آو دہشت گردی تہٕ تخریبی سرگرمین (روک تھام) ایکٹ (TADA) منظور کرنہٕ۔
887,تمہ سنٛد مآم اوس رٹائرڈ ہنٛدستٲنۍ ککٹر مادھو منتری۔
888,"کھو جَبِنگ تہٕ گالِنگ اَنَک کُجَت سُنٛد مُقدمہٕ گوٚو جولائی 2009 ہَس منٛز شُروٗع۔
"
889,امہ سۭتۍ گوٚو انگلینڈس تکلیف تکیاز فلپ دی گڈن ٲس 16 ؤرین تام تمن مدد کٔرمٕژ ۔
890,الووا جایہِ  چُھ دریاو مارتھانڈورما تہٕ منگلاپوزا شاخن منٛز تقسیٖم گژھان۔
891,ییمہِ برونہہ زِ تو٘ہۍ برِیو ڈی بی اے فارم ،پننہِ رِیاستٗک تِجارتی ناون ہند  ڈاٹا بیس كریو چك تہٕ یہٕ كرِو سرٕ زِ یٗس ناو توہہِ یژھان چھِوٕ ،چھٗنہٕ گوڈے اِستعمالس منز آمت۔
892,اِنٹرجکشَنز چِھ تم لفاظ یِم عام گرامر کیٛن اصولن سۭتۍ ہشر چِھ نہٕ تھوان ۔
893,وۄں گوٚو، 2000 کِس دہلِس کِس ٲخٕرَس تام ٲس برطانوی عوامٕچ سنوکرَس منٛز دلچسپی نمایاں  پٲٹھۍ کم گٔمٕژ۔
894,رایلٹی چھ دانشورانہ املاک کہ استعمال یا کٕننہٕ خٲطرٕہ کرنہٕ ینہٕ واجنہ ادایگی، یتھ کٔنۍ زن بٲتھ، کتاب، یا ٹریڈ مارک کٔرِتھ پروڈکٹ چھ۔
895,تم چِھ برج پورٹ ، کنیکٹیکٹس منٛز ویبسٹر بینک ایریناہس منٛز گنٛدان ۔
896,1925 منٛز اوس  ڈینمارکٗک   تھوروالڈ میڈسن وصیح پیمانس پیٹھ ہول سیل ویكسین ٹیسٹ كرن وول گوڑنیوٗك فِزشن ۔
897, اصٕل فصلُک پٲداوار تہ سخٕت صنعتی وٗصعت سُتہِ تہِ میلیٛوو معاشیاتس مَدتھ ۔ 
898,ریاستس منٛز چھ سکوُلن ہٗنٛد اِنتظام  حکوُمتہٕ  یا ذٲتی  ٹرسٹو دٕسہِ چلاونہٕ یوان ۔
899,بہٕ ہیٚکہٕ نہٕ تتھ پیٹھ بروسہٕ كرِتھ یہِ بہٕ بوزان چھٗس ! بنگلور كیو باشندو وٗچھ آسمانس منز اكھ دروازٕ ۔ 
900,2012  تام چھ سہ لندن ، انگلینڈس منز روزان ۔
901,"أمۍ بدلوو فروری 1924 ہس منٛز پنن ناو تہٕ تھوٚون فیڈریشن انٹرنیشنیل ڈی سکی۔
"
902,نہٕ بدلن واجینہِ سطح  چھِ سیارن ہنٛدین  مدارن ہنٛز اوسط سطح ۔
903,ٲخٕر کار ، زیادٕ کھوتہٕ زیادٕ بدتر گژھنہٕ پتہٕ رکٲو تٔمۍ شاہ ۔
904,یہِ کمپنی ٲس فلورِیڈاہس منٛز قٲیم کرنہٕ آمٕژ، مگر موُجوُدٕ صدر دفتر چھُس  شِکاگو ہس منٛز۔
905,جلال الدین سٕنزِ بادشاہی ہٕنٛدِ عروٗج پتہٕ اچانک شہزادی بننہٕ پتہٕ، ٲس سُہ واریاہ روغردان گٲمژ  تہٕ کٔرٕن علاؤالدینِس پٮ۪ٹھ سبقت نِنٕچہِ  کُوشش۔
906,"مئی 2017 منٛز آو اَتھ منٛدرَس نزدیٖک آدی ناتھ (رشبھناتھا) سُنٛد اکھ مُجسمہٕ کھننہٕ۔
"
907,اتھ دورس منٛز ٲس دہلی تصوفک اکھ اہم مرکز۔
908, اتہِ ہیکن دانہٕ  ، پاستا یا پکوڑٕ تہِ ٲستھ ۔
909,طوُفانس منٛز آسہِ ضٗمرٕ 2 کِس  سمندری طوفانٕکہِ ہی حالات۔
910,ایشلے ایڈمز گژھن أمس سۭتۍ شوٹنگ ٹیمس منٛز شٲمل، پنٛنس ژوٗرمس گیمس منٛز شرکت کرن، یتھ کٔنۍ نوٚو اداکار لیوک کین، جیسن مارونی تہٕ بریڈلی مارک گژھن۔
911,واریاہ کِریانہٕ دُکان چھِ مُختلف قٕسمہٕ کین ریسٹوریٚنٹن، ڈِجیٹل پرچوٗن فروشن، تہٕ باقٕے بٔڑین بارٕ رچوٗن فروشن   تہِ گِفٹ کارڈ  کٕنان۔
912,"جنسی طور منتقل گژھن واجنہِ بیمارِ ہُنٛد گۄڈنیُک اثر دار یلاج اوس سلوارسن، یُس سیفلس باپت یلاج اوس ۔
"
913,تمو کوٚر دھیرن چنناملائی تہٕ کیرالہ ورما پجاسی راجہ ہس سۭتۍ اتحاد، ییٚمۍ دویمس پولیگر جنگس منز انگریزن سٕتۍ جنگ کور۔
914,گورنر جنرل ژارنُک اختیار او  کوٹ آف ڈائریکٹرس  طرفہٕ پانس نِش تھونہٕ ، مگر انتخاب بنیو انڈیا بورڈٕ کہِ ذریعہٕ حٗكمران سنزِ منظوُری ہٖٗند  تابیہہ ۔ 
915,کرسیونگ سٹیشن چھُ دارجلنگ ہمالیَن ریلوے یُک اکھ حصہٕ تہٕ چھُ شُمال مشرقی سرحدی ریلوے کِس کٹیہار ڈویژنَس تحت یِوان۔
916,کینٛژن صدۍیَن دوران گوٚو حملہٕ آور مُسلمان فوج موجودٕ پٲکستان تہٕ شُمٲلی ہنٛدوٚستان کِس زیادٕ تر حصَس پٮ۪ٹھ قبضہٕ کرنٛس منٛز کامیاب۔
917,حابے حابے  چھ بیلجیٲیی  صُوبہ لگزمبرگٗك اكھ بلدِیٲتی ادارٕ ۔
918,"ساروٕے کھۄتہٕ بوٚڑ مذہب چھ اسلام، امیک مطلب چھ ز زیٛادٕ تر لوٗکھ چھ مسلمان۔
"
919,اَکھ سٲلٕچہِ كینو  چھےٚ کُنہٕ ساتہٕ واریاہ زیٹھِ چھتہٕ سٕتہِ گَنٛڑنہٕ یِوان، یُس پیڈل دِنہٕ والیٚن ہِنٛدِ خٲطرٕ بِہِن جاے چھےٚ بَناوان۔
920,تِم چھ کمپیوٹر کہ ذٔریعہٕ قوبوُ کرنہٕ یوان تہٕ تِم کرن دٗشمن كریپن  حملہٕ ۔
921,ینہٕ وول نسل آسہِ سوٗ ییٚمہ پرٛیٚتھ کانٛہہ چیز بدلوو  ۔
922,پوٗرٕ دُنیاہَس مَنٛز چھِ یاوزٕکۍ تقریباً 85% کیس گھانہ، پاپوا نیو جیٚنیوا تہٕ سولومن جزیرَس منز۔
923,"رَتن سیٚنن کوٚ فٲصلہٕ زِ سہٗ گژھہِ خانٛدارِنہِ پدماؤتی ،  16,000 پیروکار، تہٕ تِہنٛدٮ۪ن 16,000 سٲتِھیَن  سٕتہِ چتوڈ واپس ۔"
924,گرین لینس پیٹھ پرٲنۍ آرٹس کالج تہٕ میٹرو سنیما عمارت آیہ بحال کرنہٕ ۔
925,1830 تام اوس پرون چینل  موجودٕ غیراہمیتس تام ژومرانہ آمت۔
926,"روڈریگز زاو 4 نومبر 1924  پجیلی، ایکواڈورس منٛز۔
"
927,"معاون کاسٹس منٛز ھِ سپریا پاٹھک، رچا چڑا، شرد کیلکر، گلشن دیویاہ، برکھا بشت سینگپتا تہٕ ابھیمنیو سنگھ شٲمل۔
"
928,امہ سۭتۍ ہیکہ سہ شرمسار گژھتھ ،  نہ زِ باقی مردن ہنٛد پٲٹھۍ جان ژینتھ ۔
929,گوگل چھُ دعوا کران زِ ڈبلنس منز اکثڑ دفترن منز چھِ فروختَن ہِنٛدۍ مُعاہدٕ  بنٛد۔
930,کُمار چُھ بٔڑس پیمانس پؠٹھ ہندوستٲنۍ سنیما تہٕ عام طور سنیما کِس تٲریخس منٛز ساروٕے کھۄتہٕ بوٚڑ تہٕ اثر دار اداکار مانٛنہٕ یِوان۔
931,گیلیل چھٗ پنٗن گولہٕ بارود أکہِ موڈنہٕ آمتہ، ، سٹیل باکس میگزینہٕ پیٹھٕہ حٲصل کران۔
932,امہِ چین بدلہٕ صوُرتن منز چھِ اونیشن تہٕ اوناپوٹن ہی كِردار شٲمِل ۔
933,"تٔمِس اوس 1996 تَس منٛز تٔمہِ سٕنٛدِس مرنَس تام سِکرین رائٹر مونِیٖک لینجَس سۭتہِ خانٛدر کٔرِتھ ۔
"
934,کُنہ  ناکام تجرٗبس مٗتعلق پریشٲنی كرنٲوۍ تِم  پریتھ قدم  احتیاط سان تٗلنہٕ باپت مجبور۔
935,ییٚلہ کھین میٲنس ٹیبلس پیٹھ ووت، مےٚ گٔیۍ نفرت۔ امہ بدبو سۭتۍ گوٚو مےٚ ژوٚپ کڈنس پیٹھ تہِ  غور کرن تہ مشکل۔
936,قلعُک جنوٗب مشرقی حصہٕ چھُ دریایہِ گنٛگا کِس کنہِ بٔٹھِس پٮ۪ٹھ۔
937,دۄیو ہفتو پتہٕ کوٚر تمو آیس ہاکی کھلاڑین ہٗند  اکھ 35ہن ہٗند  مضبوُط ٹیم تیار کرنٗک تہٕ دۄشوٕنی ٹیمن ہٕنٛدِ ن کوچ شٲمِل كرِتھ  سکینٛگ ہنز  مشق کرنٗک عیلان ۔
938,وۄنہ گوو، یہِ کتھ یقینی بناونہٕ خٲطرٕ چھِ سرمایہ کٲری ضروُری زِ توٚہہِ  گژِھو نہٕ بٮ۪مارِ یا زخمی گژھنہٕ کِس صورتس منز قرضہٕ سۭتہِ  موذوُر ۔
939,دِلہِ ہٕنٛدِ  اہم اٗردوُ شٲعر چھِ میر تقی  میر تہٕ مرزا غٲلب۔
940,یہ کرنس دوران پز تمن لوکن نش کھٔٹتھ روزن یم تمن ژھانٛڑان آسن۔
941,یہِ اوس کبڈی ہِنٛدِس توٲریٖخس منٛز سارِوٕے کھۄتہٕ بوٚڑ عالمی کپ، یٗس32 ہن  مردن ہِنٛدین  ٹیٖمن  تہٕ 24 ہن زنانَن ہِنٛدین ٹیمن پیٹھ مٗشتمل اوس ۔ 
942,ہمالیٲیی دریاو یم مغربس کُن پنجابس منٛز وسان چِھ تِم چِھ سندھ، جہلم، چیناب، راوی، بیاس تہٕ ستلیج۔
943,"تٔمۍ کٔر 2004 پٮ۪ٹھہِ 2008 ٹھس تام  بطور ویڈس ورتھ، اوہائیو ہٗك  میئر کٲم ۔
"
944,"ڈیٹرائٹٕکہِ  برائن رافالسکی یَن کوٚر گۄڈٕنِکِس پیریڈَس منٛز وٲحِد گول۔
"
945,پننہ بیوٚن شناخت تہٕ زِندگی خٲطرٕ مشہوٗر، تہنٛد رقص چھ تہنٛدِ پیشچ نمایندگی کران۔
946,اگر پونٛسہٕ کم آسن ، کرایہ ادا کرنہِ یا گاڑ ہٗنٛد بیمہٕ  چھٗ نیٔبرٕ کھین چین  یا نوٚو سیل فون ہٮ۪نہٕ کھۄتہٕ زیٛادٕ اہم۔
947,صنعتی تجربہٕ چھٗ اکاؤنٹنٹس باقین پیٹھ فوقیت دِوان ۔
948,"جاکوبزک گزریٛوو وارسا، پولینٛڈس منٛز، 44 وہر شُشہٕ کہ کینسرٕ سۭتۍ۔
"
949,یِتھ کٔنہِ ویدِک ادبس منٛز ذِکِر چھٖٗ  ، کمان تہٕ تیٖر چُھ كھترِین منز  سارِوٕیہ  کھۄتہٕ زیادٕ پَسندیٖدٕ ٕ ہتھیار۔
950,اتھ وقتس دوران چھ تم نٔرٕس یا ڈاکٹر سنٛزِ نگرٲنی منٛز روزان۔
951,بہٕ تہ ٲسٕس ونان بہٕ وٕچھ یہ فلم، مگر مےٚ نے زاننُے توٚگ  زِ ژٕ تہ چھکھ أزۍ یہ وٕچھنۍ یژھان، امہ کنۍ ہیٔژٕٖ نہٕ مےٚ ٹکٹٕے۔
952,تاہم رینجر ٲسۍ اکھ قۭمتی پوائنٹ حٲصل کرنس منٛز کامیاب، تِکیٛازِ تِم گٔیہِ کھیل اوور ٹایِمَس منٛز سوزنس منٛز کامیاب۔
953,بلیوُ ٹر٘اینگل  بلیوُ ٹر٘اینگل  چھ  مشرقی لندنس منٛز خدمات فراہم كرن واجینہِ اكھ بس كمپنی ۔
954, اکھ كٗبہٕ ہیتھ خستہٕ حال ڈیڈِ ہیكہِ اتہِ وٗچھنہٕ یِتھ ، یو٘سہٕ  قعلَس تام  سہی حفاضت واجِنیو٘  دٲخلی وتو٘   باپت فراہم وارِیاہبو ڈیڈیو٘ منز گۄڈنِچ چھے٘ ۔
955,"قلعہٕ مٗكمل گژھنہٕ پتہٕ كو٘ر المیڈاہن ""وائسرائے "" سُنٛد لقب استعمال کرُن شروٗع، تہٕ 1507 ہس منٛز کوٚر تٔمہِ اتھ جایہِ  کنٮ۪ن ہُنٛد قٕعلہٕ بناوُن شروٗع۔"
956,"اکیری ٹیکیوچی اوس 23 نومبر 1997ہس منز سائٹاما، جاپانس منز پٔدٕ گومُت۔

"
957,میسن سُند خیال تہِ چھُ یی زِ ایڈمنڈ وِلسن یُس تخمینہٕ  والٹ وِٹ مین سندِ باپت کران چھُ زِ “ سہُ چھُنہٕ واقعاتن پیٹھ    اِدارِیہ لیکھان بلکہِ پنٕنہِ اصلی جذبات باوان “ چھُ ناراینس پیٹھ تہِ  تِتھیہ کٕنۍ  لاگوُ سپدان ۔
958,تہنٛدِس دھڑس، یتھ کانگریس (آر) چھِ وَنان، ٲسۍ زیادٕ تر کانگرس ایم پی ین ہِنٛز حیمایتھ  حٲصِل ییٚلہِ زَن اصلی پارٹی صِرف 65 میمبرن ہنز حیمایت ٲس ۔
959,یہ چھ  پریشان کن ز لوٗکھ چھ بنٛکن منٛز غلط جاین پٮ۪ٹھ تھاونہٕ یوان تہٕ پتہٕ چھ تِمن اوسط آسنٗك الزام كھالنہٕ یوان ۔ 
960,تِم چھِ پنٕنۍ زِندگی سخت قاعدو مطابِق بسٕر کران۔
961,یورپس منٛز یتھۍ راکٹ استعمال گژھنہٕ برٛونٛہہ ٲسۍ ہنٛدستٲنۍ جنگی راکٹ خطرناک ہتھیار۔
962,"عموٗمَن چھِ تِم کینٛہَن دۄہَن روزان تہٕ چھِنہٕ ژمہِ پیٚٹھ کانٛہہ تہِ طویل مٗدتی  تبدیٖلی تراوان ۔
"
963,پروایتِن چھِ پنٛنہِ عیال چہِ خۄشحٲلی تہٕ پننیٛن بَچن ہِنٛزِ کامیٲبی باپت دُعامنگان۔ 
964,"اگر بال کٲنٛسہ ژھارن وٲلس سۭتۍ لگان چھےٚ، تیٚلہ چھ سہ ژھارن وول آوٹ گژھان تہٕ سہ ٹیم ییٚمیک یہ تلاش کرن وول آسان چھ، چھ ژھارن وٲلس ورٲے کھیل جٲری تھاوان۔
"
965,"1997 منٛز ٲس سۄ پوپ جان پال II سٕنٛدِ دٔسۍ سینٹ بناونہٕ آمٕژ۔
"
966,"شِرمپ چھِ کنٹینرَن یا پنجرَن منٛز پالنہٕ یِوان یِم یَلہٕ آبس منٛز ڈٔبِتھ چھِ آسان۔
"
967,کینژن جایَن چِھ یِتھۍ قانون یِم نفرت انگیز تقریرن ہنٛد استعمال چِھ غیر قانونی بناوان۔
968,یہ اصطلاح چھ زمین تہٕ جنتس برونٹھ موجودٕ چیزن بیان کرنہٕ خاطرٕ استعمال یوان کرنہٕ ۔
969,سُوٛ گوو پننس باپَس سٕتۍ ہارن ہاونہٕ شروع۔
970,یہ چھ اہم ز تہۍ دیو تیوٗت رقم یتھ منز تہۍ متمعین ٲسو۔
971,بِہار ریاستَ  منٛز چھِ دربھنگہ گھرانہٕ، ڈٗمراوں گھرانہٕ تہٕ بیتیا گھرانہٕ۔
972,"وۄنۍ اوس ڈگلسَس دۄن بادشاہن درمیان ژارُن یُس تٔمۍ سٕنٛز زمین بحال ہیٚکہٕ کٔرِتھ۔
"
973,اکہ کھۄتہٕ زیٛادٕ طبی حالتہٕ والٮ۪ن لوٗکن اوس خۄدکشی ہنٛد خطرٕ تہ زیادٕ آسان۔
974,"ریلیگیشنَس سۭتۍ لڑن وٲلۍ چیلسیَن زینہِ صرف پنٛدہہ پوائنٹ تہٕ چھِ لیسٹر سٹی پَتہٕ 20 پوائنٹ۔
"
975,سُہ اوس پنٛنِہ كُمبُك   سکول گژھن وول گۄڈنِیُک رُکُن۔
976,"رضاکارانہٕ تحفہٕ پیش کرن (بلی) بنیو لازمی خراج تحسین ۔ تاہم، ٹیکسُک اوس نہٕ کانٛہہ منظم نظام۔
"
977,اکھ اہم عنصر اوس سوڈرسٹیڈینَس منٛز شیٖنُک ناقص معیار تہِ، ییٚتہِ 1967 پیٹھ 1989 تام فائنل منعقد ٲسۍ گٔمٕتۍ۔
978,نیوس گُزریوو 13 جنوری دۄہ 2021 کاراکاسس منٛز 86 ؤریہہ  وٲنٛسہ منٛز۔
979,مسیفَس منٛز لوٗکَن ہُنٛد دۄیِم گروُپ چھُ زِیٛادٕ تَرہندوستانٕکہِ پٲٹھہِ  اپریل کِس مٔنٛزمِس حِصس منٛز نوٚو ؤری مناوان۔
980, ہوٲیی جہازٕ آو 31 جٗلایی 1979 چائینا ایرلاینٕزس دِنہٕ ۔
981,تم چھ أکِس ملکس منٛز اثاثن ہنٛد بیاکھ اکھ مجموعہ۔
982,یہ چھنہٕ گوٚڈنیچہ  لٹھ  ییلہٕ تھامسس واریاہ زیادٕ پوشن ہنٛد تحفہٕ میوٗلمٗت چھُ ۔ 
983,"यूनिकोडस मन्ज़ चस  निशान , यूनिकोडस  छि चेस निशानिक करैक्टर."
984,کمان رَٹن وٲلِس اتھِس چھِ کمانُک اتھہٕ تہٕ امہِ چہِ نٔرِ چھِ کمانٕ نٔر وَنان۔
985,سچن ٹنڈولکرن کوٚر 8 فروری 2013 منٛز سنیل گواسکر سنٛد فرسٹ کلاس 100 رکارڈ برابر۔
986,الیکٹرانک دستخط کرنکۍ چِھ مختلف طریقہٕ۔
987,سہ اوس اپریل 2019 پیٹھ اگست 2020 تام مالی ہنٛد وزیر اعظم۔
988,سہ اوس دوٚیمہ جنٛگہ عظیمک تجربہٕ کار تہٕ تٔمس میٛلییہ پنٛنٮ۪ن خٔذمتن خٲطرٕ پانٛژھ تمغہٕ۔
989,وۄنٛہِ گوٚو، زیادٕ ترن  چھِ أکِس ؤرِیَس جیل بران ، تہٕ یِہنٛزٕ ناوٕ چھِ نیلامَس منٛز کٕننہٕ یِوان
990,سُہ آو 15وریہہ وٲن٘سہِ منز   بطور مرد زندٕ روزنس منٛز بییہِ  واپس ۔
991,جموں و کشمیرک آب و ہوا چھ مختلف علاقن منٛز  بلندی اعتبارٕ مختلف ۔
992,"اتھ برعکس چھ مٗفكِر  یمن دعواہن پیٹھ سوال تٗلان تکیازِ قدیم یا  وسطی دورُک کانٛہہ تہ متن یتھ منٛز سمندر منتھن چہِ دلیلہِ ہٗند  ذِکر چھٗ  چھٗنہٕ زان٘ہہ اتھ ""مٲلس"" یا تیوہارس  سۭتہِ جوڑان ۔"
993,"واریٛاہَن چینی مارشل آرٹَن منٛز چھُ مراقبہٕ بُنیٲدی تربیتُک اکھ اَہَم حصہٕ مانٛنہٕ یِوان۔
"
994,أمۍ اوس ستھ لٹہ خانٛدر کوٚرمُت تہٕ اوس ٲٹھن شرٮ۪ن ہنٛد مول ۔
995,"اَتھ منٛز ہٮ۪کَن لیگِنٛگ تہٕ سپورٹس برا فٲیدٕ منٛد ٲسِتھ۔
"
996,"اتھ قابلیت منٛز کٔر تٔمۍ 14 مارٕچ جنوبی کوریاہس خٕلاف شروٗعات۔
"
997,"سینڈی ویل چھ یونایٹڈ سٹیٹسس منٛز آیوواہک اکھ شہر۔
"
998,احتجاج اوس بنیٲدی طور سوشل میڈیا ایپس  ورتاونہ سۭتۍ مربوط کرنہ آمُت۔
999,سویڈش شٲہی خاندان، رئیس تہٕ سِفارت کار ٲسۍ گۄڈٕنِکین کھلاڑین منٛز شٲمِل۔
1000,بہٕ چھس صارفن ہنٛز شکایت انزراونس  دوران شرارت کھسنس تہٕ حالات بدتر بناونہٕ کس بارس متعلق گابران۔
1001,ہیوسنن کٔر 22 میٚے 2013 ہس منز نیویارک یونیورسٹی پیٹھٕ ڈگری حٲصل۔
1002,ایٖسٹ اِنٛڈیا کمپٔنی کہِ طرفہٕ حمایت کرنہٕ یِنہٕ والیو عدالتی سٲزِشو کوٚر میٖر قاسِم بنٛگال، بِہار تہٕ اُڈیٖشہ تراونہٕ  خٲطرٕ مجبوٗر۔
1003,"منڈلا پلانٹ فوسلز نیشنل پارک، ڈنڈوری نیشنل فوسلز پارک گھوگھویا چھِ ہندوستانَس منٛز مدھیہ پردیش کِس ڈِنڈوری ضلعَس منٛز واقع۔
"
1004,امِیوٗك اكھ رٗكٗن اوس لیبر پارٹی ہٗند مٗستقبِلٗك رہنما كلیمینٹ ایٹلی ، یٗس ہندوستان كِس خود حكومت كرنس پیٹھ وعدہ بند رُود ۔
1005,"راجا رام بھوسلے - I اوس مراٹھا سلطنتُک ترٛییم چھترپتی یٔمہِ  1689 پٮ۪ٹھ 1700 منٛز پننِس مرنَس تام حکوُمت کٔر۔
"
1006,"اتھ مٗتعلق سوُنٛچِو زِ اَکھ جاے کِتھ کٔنہِ ہیٚکہِ تۄہہِ واریٛاہ کالَس تام پونٛسہٕ بچٲوِتھ ۔
"
1007,چوكہٕ منزٕ اچانك پھٹنک ٹاس چھٗ وۄٹھ تٗلناوان ، تتھۍ جایہ رہِتھ كران ۔ 
1008,یہِ سافٹ ویئر ہٮ۪کہ بلاگ لاینز تہٕ نیوز گیٹر آن لاینس سۭتہِ  کٲم کٔرِتھ ۔
1009,کینڈی، سری لنکا ہَس مَنٛز نالندہ گیڈیگے مٔندِر چھُ بیٚاکھ۔
1010,غدوٗدن ہنٛد ناو چھ أمس نفرٕ سٕنٛدس ناوس پٮ۪ٹھ تھاونہٕ آمت ییٚمۍ گۄڑٕ تمن ہٕنٛز وضاحت کٔر، الیگزینڈر سکن۔
1011,رووِٮٔنٛگ ٹینک چھُ اکھ اندروٗنی سہولت یُس حالاتن ہُند نقل کرنٕچ کوٗشش چھُ کران تہٕ ناو چلاوَن وٲلین چھُ آبَس منٛز سامنہٕ پیوان کرُن۔
1012,تٔمہِ  تھٕوٚ علاؤالدینس پٮ۪ٹھ پوٗرٕ نظر تہٕ کٔرٕن امِس سۭتۍ پننہٕ کوٗرِ ہنٛدس روغردان وتیرس حوصلہٕ اَفزٲیی۔
1013,1306 ہَس منٛزكٕر  دٗوا سنٛد طرفہٕ سوزنہٕ آمٕتہِ   دویِم  منگول فوجن كٕر ، وتہِ منز یِنہٕ وٲلہِ علاقہٕ مِسمار كران  ، دریائے راوی یس تام پیشقدمی ۔  
1014,"دوٚیمس جنٛگہ عظیمس منٛز اوس اتھ پٮ۪ٹھ 1945 ہس منٛز ریڈ آرمی قبضہٕ کوٚرمت۔
"
1015,ابدالی ین لیوٗکھ 10 فروری 1761 پیشوا ہس پنٛنہِ چِٹھہ منٛز:
1016,تامل بول ٲسہِ پی وجے یَن لیٖکھمٕتہِ، تیلگو چیتنیا پرسادن تہٕ مرٲٹھِ گُرُو ٹھاکٗرن۔
1017,یہ فلم آیہ 19 فروری  2016 دنیاہس منٛز ریلیز کرنہٕ۔
1018,یہ اوس 1996 تس منٛز کرس وین ڈیر کویل تہٕ پیٹر بیلی ین تشکیل دیتمت۔
1019,تمہِ بنوو 1972تھس منز  پیشورانہٕٕ سٲحلہٕ نِش دوُر سمندری جہازٕ دورِ ہٗند ٹیم  گِٹانا ٹیم ۔
1020,زِیٛادٕ تر چھِ مٲنِمٕتہِ  کھلٲڑِ  حقیقی طور  چندس منٛز تر٘اونٕچ كوشِش كرنہٕ بجایہِ بالہٕ پننِس چندس نِش تھاونُک انتخاب کران ۔
1021,پینگوئن چھِنہٕ بۄموارِ رٲژ تام دُبارٕ گِنٛدان، ییٚلہِ بفیلو سیبرس  میلون ایرینا ہٗك سفر كرن ۔ 
1022,"ورلڈ اوپن پروفیشنل چیمپئن شپ ہُنٛد افتتاح آو 1976 منٛز کرنہٕ تہٕ چھُ از اَہَم مُقابلہٕ پٲٹھۍ کٲم کران۔
"
1023,اگست 2000 سَس منٛز دِیُت آسٹریلوی حکومتن تمِس آسٹریلین  سپورٹس میڈل۔
1024,اورنگ زیبَن دِیُت سکھ گرو تیغ بہادُر قتل كرنٗك حٗكم تہِ ، ییمہِ سۭتہِ  سکھ برادٔری عسکریت پسند بَنییہِ ۔
1025,پیش کش چُھ پنکھہٕ، سونہٕ، رۄپہٕ ہٕنٛدۍ سکہٕ تہٕ قیمتی کٔنیو سۭتۍ یوان کرنہٕ۔
1026,واہ، مےٚ چھنہٕ یقینٕے گژھان یِہ سمارٹ فون چارجر کوتاہ تیزی سان چُھ چارٕج کران ! 
1027,اگر تو٘ہہِ ہفتہٕ کس ٲخرس پٮ۪ٹھ خرٕچ کرن وٲلہِ  چھوٕ، تو٘ہہِ  ہیٚکو  پٗنن وقت باقیو شوقو سۭتہِ کڑنچ کوُشش کٔرتھ، یتھ کٔنہِ زن  ورزش یا دوستن نِش گژھٗن ۔
1028,"یہِ قصبہٕ چھُ  جسلمیر گژھن واجِنہِ قومی شاہراہ 15 ہس پیٹھ بیكانیر  پٮ۪ٹھٕہٕ  51 کلوٗمیٹر کِس فٲصلَس پٮ۪ٹھ ۔
"
1029,"ریلیز گژھنہٕ پتہٕ ٲس یہِ کینٛژو  مُطٲبِق باکس آفسَ تہٕ تنقیدی ناکٲمی۔
"
1030,تنجور کِس سرسوتی محل لائبریری منٛز چھِ شاہ جی سٕندۍ موسیقی مَسوَدَن ہندۍ نقل وُنہِ تہِ دستیاب تہٕ یِمو سۭتۍ چھُ اَسہِ موسیقی تہٕ اَمہ کین شکلَن ہند انٛدازٕ سپدان۔
1031,تٔمۍ بنوو اکھ طاقتور فوجی نظام تہٕ کٔرٕن اثر دار سیٲسی تہٕ سمٲجی بہتری ہُند آغاز۔
1032,"ببن  ہندِ سرطقنِچہِ درجہ بندی چھِ  ، برٛیسٹ  کینسرَس مُختٔلِف سکیمَن ہٕنٛدِس معیارَس تہٕ اَکہِ مُختٔلِف مقصدٕ كِس تکمیلَس مُطٲبِق ضٗمرن منٛز تقسیٖم کران۔
"
1033,شیٚن نسلن تہٕ ترٛیٚن خاندانن منٛز چھ پنژاہ زندٕ زوزٲژٕ۔
1034,فرنچ  کلبَن ووٚن زِ یہِ اوس لیونَس وُنیُک تام میلن وول ساروِی کھۄتہٕ زِیٛادٕ ٹرانسفر رقم ۔
1035,جوش ہیکہ کینژن ذہنی بیمارن ہنز علامت ٲستھ۔
1036,یہِ رقص چُھ ریوٲیتی طور ہیندِ متنن  منٛز دیو مالیی دلیلن   تہٕ روحٲنی خیالاتن ہندِ  تشریحی بیانٕچ  اکھ صوُرت ۔
1037,نتیجتن چھٗ ڈبلیو ایچ او ہن خأرش نظر انداز کرنہٕ آمژن  ٹراپیکل بیمارین تہٕ باقٕیہ نظر انداز کرنہٕ آمتیٚن حالاتن ہنٛدس سرکٲر فہرستس منٛز شٲمل کرمژ ۔
1038,ہوٹلن تہٕ منٛدرن منٛز ہیٚکہ رسدار دالن ہنز ضِیافتن  ہٗنٛد تعداد 30 تام واتتھ ۔
1039,"یِم چھِ ہائپر لپوپروٹینیمیا ٹائپ III تہٕ ٹائپ II اے یس منٛز ، تہٕ بِلیری سیروسِس سۭتہِ رٔلِتھ گژھان ۔
"
1040,راجستھان کس  سیاستس منز چھ زیادٕتر بھارتیہ جنتا پارٹی تہٕ انڈین نیشنل کانگریسک غلبہ۔
1041,ناگا قبیلن سۭتۍ گوڈنِیُک رٲبطہٕ اوس شک و شبہ تہٕ تنازعن ہنٛز خصوصیت تھاوان۔
1042,تمن چھ اکثر کیٚمۍ خور کلۍ ونان، تکیاز تم چھ عمومن کیٚمین رٹان۔
1043,کینیڈاہس منز، ییتہ ہفتکیو طوفان سۭتۍ کینٛہہ نقصان گوٚو، تتہ آیہ زٕ جنوبی برٹش کولمبیا کاربن مونو آکسایڈ موتٕچ خبر تہ آیہ دنہٕ۔
1044,مۄغل سراے چھے٘ واریاہن بڑٮ۪ن لوکوموٹِیوُ پلانٹن ہنٛزجاے ۔
1045,دستیاب ذریعو مطابِق چھِ دریاوَن ہُند تعداد 34۔
1046,16ہِمہِ  صدی منزٲس ،  اورمس تہٕ  مالابار کوسٹ پیٹھہٕ   سیلون کِس جنوُبس تام  درمیان سمندرن پیٹھ پرتگالین ہنز  حکومت۔
1047,گیوینسن چھ ایسٹ کوسٹ چہ أکس یونیورسٹی منٛز گژھن وول۔
1048,اَمہِ کھیلُک ہر تر  چھُ دفٲحی ٹیم  خٲطرٕ مٲدانس منز حملہٕ كرن وول ٹیم رٹِتھ تھوُن ۔ 
1049,پلاوا بادشاہ، غٲلباً اعلی درجٕکۍ، ٲس مہاملا لقبہٕ سۭتۍ زاننہٕ یوان۔
1050,گُجراتن کوٚر ساروےٕ کھۅتہٕ کم زمیندٲری دَہ ؤری ین ہُنٛد 10۔97٪ ریٹ درج۔ 
1051,پاتالپانی أنٛدِ  پٔکہِ  علاقہٕ چھُ اکھ مشہوٗر تفریح تہٕ ٹرٛیکِنگ ہٕنٛز جاے۔
1052,جگن ناتھ سُنٛد رتھ چُھ تقریباً 45 فٹ تھوٚد تہٕ 35 فٹ مربع تہٕ یہِ بناونس چھِ تقریباً 2 ریتھ لَگان۔
1053,آرچَر گُزریو 27 جنوری 2010 نِیویارک شہرس منٛز۔
1054,یہِ چھُ وسیع پرگٕتی میدان نمٲیشی مٲدانَس نزدیٖک واقع تہٕ چھُ متھرا روڈ، دِلہِ ذریعہٕ دھیانچند سٹیڈیم نِشہ الگ کرنہٕ آمُت۔ 
1055,"1996 ہس منٛز ٲسۍ ہندوستانس منٛز 3,571 یاوزٕکۍ کیس۔ 1997تس منٛز اکھ سنگین خاتمہ کرنہ باپت  کوشش شروٗع گژھنہٕ پتہٕ، گو کیسن ہُند تعداد کم گٔژھِتھ 735 تام۔"
1056,"अथ हेकन डेटाहन हिंद क्सम आसिथ, यिथ कनि ज़न एरेज़ .       "
1057,"لیسٹر، الاباما: لیسٹر چھُ ایمریكاہس  منٛز الاباماہُک اکھ قصبہٕ۔
"
1058,"پنٹوَنس چھِ گلٲبۍ ژَم، نیجِہ أچھ، تہٕ سفید یا واریٛاہ رنٛگہٕ پَڈر۔
"
1059,افریقہ کیو جنوبی تہٕ مشرقی حصو منٛزٕ  برطانوی انخلا اوس نہٕ اکھ پرامن عمل۔
1060,تمن چھ ہیپاٹایٹس اے کہ مقابلہٕ جنسی تعلقات کہ ذٔریعہٕ پھٔہلنک زیٛادٕ امکان۔
1061,"قونوٗنَن تحت  پكنہٕ علاوٕ پَزِ کرِٚکیٹرَن ""اسپرٹ آف کرکٹٗك ""  احترام کرُن، یتھ منز  اکھ  كھیل گِندنٗك جزبہٕ  ، مٗنصفانہٕ کھیل تہٕ باہمی احترام شٲمِل چھُ ۔
"
1062,کینژن بحری فوجن   منز چُھ متعلقہ درجہٕ فریگیٹ کیپٹین ۔
1063,"پوٗرٕ سایزُک ٹیبل استعمال کرنٕچ اکھ خرٲبی چھِ اتھ ایڈجسٹ کرنہٕ خٲطرٕ درکار جایہِ ہُنٛد مقدار، یُس تِمَن مقامَن محدود چھُ کران ییٚتہِ کھیل آسٲنی سان گنٛدٕنہٕ چِھ یِوان۔
"
1064,ناقٲبلِہ یقین! تِم مٲلی رکارڈ ٲسہِ زن زٲنتھ مٲنتھ خلت ملت  کرنہٕ آمٕتہِ ۔
1065,کُل 111 ہو٘ منٛز چِھ مندرجہ ذیل 111  صفحہٕ اتھ ضٗمرس منٛز۔
1066,9 مئی کوٚر تٔمۍ مٲہر بشریات الیگزینڈر گولڈن وائزر سٕنٛدِ طرفہٕ منعقد کرنہٕ آمتِس سیمینارس برٛونٛہہ کنہ مقالہٕ، کاسٹس ان انڈیا: تِہنٛد میکانزم، جینیسس تہٕ ڈیولپمنٹ، پیش۔
1067,اوملزٗمیب آو ایف ڈی اے دٕسہِ  2014 ہس منٛز12  وہرین  تہٕ تمہِ  زیادٕ وٲنٛسہ ہندین دٲیمی پھیپھرٕ والین فردن باپت منظوُر كرنہٕ ۔ 
1068,"محمد غوتھ، یُس 16ہِمہِ صٔدی ہُنٛد شتٲری صوفی تہٕ یوگا متن ہُنٛد ترجمہٕ کار اوس، آو یوگا ہَس منٛز دلچسپی تہٕ تٔمۍ سٕنٛدِ صوفی عقیدٕ باپتھ ستاونہٕ خٲطرٕ تنقید کرنہٕ۔
"
1069,"اَگر یہِ نٮ۪سبَتن لۄکٕٹ کمپٔنی آسہِ، اَمہِ کَتھِ ہُنٛد چُھ جان اِمکان زِ کارٕبارُک مٲلِک آسہِ اَتہِ پٔزِ پٲٹھہِ  پانہٕ کٲم کَران۔
"
1070,آبٕچہِ مسلسل فرٲہِمی وٲلہِ سرانہٕ ٹب، اکھ  بٔڑ توپ، چھِ چکراکُلم كٗنٛڈا(حوضس) نِش قلعہٕ کس تیٖنٛتس پٮ۪ٹھ موٗجوٗد منٛدرس سۭتۍ تعلق تھاوان۔
1071,"نیوزی لینڈُک محکمہ کنزرویشن (ڈی او سی) چھُ نیوزی لینڈٕک دی ریمارکبلز، کوئنز ٹاؤنَس منٛز سکی فیلڈَس منٛز راتھ بٔڑ نار لگاونہٕ خٲطرٕ أکِس جلن وٲلِس پوسمَس پیٹھ الزام لگوومُت۔
"
1072,15ہِمہِ صٔدی ہِندِس  تٲریخ دان جوناراجہِ سندِ  مُطٲبِق چھُ ییٚتیتھ “نگ “مطلب ہوٚس ۔
1073,اگر تو٘ہہ واپس آیِو تہٕ سیكہٕ چھِوٕ نہٕ ،  یہِ اوس نہٕ   آسنس لایکھ ۔
1074, اسۍ سٲری گیہ رُوزتھ یییٚلہ بنگلور گژھن واجیٚنۍ ریل گاڑی تتھ سٹیشنس پیٹھ رکییہ نہٕ ییٚتہ اتھ رکن اوس۔
1075,انشورنس انشورنس چھ قانون تہٕ معاشیاتس منٛز اکھ اصطلاح ۔
1076,یہ علاقہٕ کوٚر پتہٕ برطانوی ایسٹ انڈیا کمپنی 1757 ہس منٛز پلاسی کس جنٛگس منٛز فتح تہٕ بنیوو بنٛگال پریذیڈنسی ہنٛد حصہٕ۔
1077,"مِثالِہ پٲٹھۍ، گوگلس منٛز کٔرِو ""بائی این انیونٹی"" ٹایِپ کرنچ کوشش۔ "
1078,مےٚ میج  یہ زٲنِتھ کٲفی راحت ز بجلی  دٗکان چھ تارِ ہٕندِس معیارس ترجیح دوان۔ یہ چھٗ میانِہ كٗمبہٕ  تہٕ گھرچِہ حفاظت خٲطرٕ ضٔروٗری۔
1079,"یہ دِل لگی، اقبال، چین کھلی کہ میں کھلی تہٕ مُجھ سے شادی کروگی  باقین سۭتۍ۔
"
1080,ییٚلہ بہٕ ژےٚ کانٛہہ کتھ چھسے ونان تمہ ساتہٕ چھکھ نہٕ ژٕ بوزانٕے تہٕ پتہٕ چھ ہم ونان مےٚ تھٲوٕے نہٕ ژےٚ خبرٕے۔ (دوس ۲)
1081,اكِس گگرایہ طوفانس  دوران، پیوٚو اكھ بۄڈ كٗل وٕسۍ  میانۍ مكانہٕ نِشہِ اكھ رژھ  ڈلِتھ  تہٕ بہٕ گوس سیٹھاہ خوفزدٕ ۔
1082,2009 ہس منٛز کٔر پانٛڈے ین بوجپوُری فِلمہِ دیٖوانہ ہس منٛز پنٛنہِ اداکٲری ہِنٛز شُروٗعات، ییٚمہِ خٲطرٕ أمہِ  جوُری میٚنشن اعزاز زیٛوٗن۔
1083,"وۄنٛہِ گوٚو، کینٛہہ تحقیٖق دان چھِ  دلیل دِوان زِ یکشگان چھُ اَمہِ جمٲژ نِش واضح پٲٹھہِ مُختلف۔
"
1084,اتھ سِلسِلس منز چھے٘ اہم چوٹی ٕٖمٗلیان گِری تہٕ بابا بٗڈن گِری، تھزر  1895  میٹر ۔
1085,ونیوٗک تام چھٗ  ایچ پی زیادٕ تر  یِم چپس استعمال کٔرن والین  سِسٹمن ہنز حیمایتھ کران ۔
1086,تمہِ  سٕنٛز اصلی ذات ٲس سکپال مگر أمہِ  سٕنٛد مٲلۍ اوس سکوٗلس منٛز تمہِ  سُنٛد ناو امباداویكر   درٕج کوٚرمُت، یمطلب سوٗ چھٗ  رتناگِری ضلعس منٛز پنٕنہِ  آبٲیی گامہٕ  “امبادوے“  پیٹھہٕ ایوان ۔
1087,متھراپوزایہ سۭتہِ سنگمہٕ  پتہٕ چُھ دریاو شمال مغربی طرفس كٗن وسان تہٕ نیرامنگلم جایہ   ارناکٗلم ضلعس منٛز دٲخل گژھان۔
1088,یہٕ چِھ رِیاسَت الینوائے مَنٛز ہاؤس آفسَن ہِنٛز اَکھ عِمارَت۔
1089,"لکسمبرگٕچ سرحد چھےٚ نوربرگنگ ٹریک پٮ۪ٹھٕ تقریباً 50 میٖل دوٗر۔
"
1090,چونگ ارلڈوسن تہٕ ڈوڈویلن تہ کوٚر میڈیاہس برونٛہہ کٔنۍ دٔلیٖلہ ہنٛد پنن طرف بیان۔
1091,مےٚ چھ افسوس، مگر مےٚ چھ خوف ز بہٕ ما ہیکہ نہٕ امہ وزِ باپت تہنٛدِ کیکُک آرڈر پوٗرٕ کٔرتھ۔
1092,مےٚ كھو٘ت  شرارت ییٚلہ کورئیر سٔروسن میون پارسل راوروو  مگر مےٚ  سۭتۍ كورٗكھ نہٕ كتھ كرنہٕ باپت رٲبطہٕ ۔
1093,امیک رازدٲنی شہر چھ کوہیما تہٕ امیک ساروٕے کھوتہٕ بوٚڈ شہر چھ دیماپور۔
1094,سری لنکا کِس رواجس منٛز چھُنہٕ ٲمہٕ واقعہُک ذِکر، یتھ منٛز وننہٕ چھُ آمُت زِ بندوساراہَن اوس اشوک اجینس پیٹھ حکومت کرنہٕ خٲطرٕ سوزمُت۔
1095,زِیٛادٕ تر زخم  چھِ تربیتی سیشنَن دوران لگان، خاصكر تِمَن منٛز یِمن منز كھِلاڈین درمِیان رٲبِطہٕ شٲمِل آسہِ۔
1096,غٲر منصوٗبہٕ بند كاكنی  سرگرمین ہندِس نتیٖجس منٛز چھٗ دریاو آلودٕ گژھان۔
1097,"ییٚلہِ زن جرمنیَ  مُقابلس منز حِصہٕ نِیوُ ، سویڈن تہٕ روٗسَن نِیوُ نہٕ، دۄشوٕیو مُلکَو نیو امہِ بدلہٕ 1913 کٮ۪ن نورڈک کھیلَ 
 مٗقابلن منز حصہٕ۔
"
1098,الیکٹروڈ چھ ڈیفبریلیٹرک سہ حصہٕ یس شاک چھ دوان ۔
1099,تمہٕ وقتہٕ اوس آلاتٕک اکھ خاندان یتھ وایلز ونان چھ ۔
1100,مہرازٕ چُھ منتر پَران تہٕ چُھ مہرِنہِ ہٕنٛدۍ أچھہِ دربھا گاسہٕ کہِ وتھرٕ متھان، تاکہِ نۄقص کڑنٕچ علامت آسہِ۔
1101,ٲخٕری منظرس منٛز چھٖ ہاونہٕ آمٗت  زِ مٲلِس چھُ صرف پنِنس ژوٗرمِس نیٚچوِس سۭتہِ  روزنَس منٛز سکوٗن میلان، یُس زن نہٕ ڈولمٗت چھٗ مگر  انگلستانس منٛز تٔعلیم حٲصِل کرنس دوران کَلس لگنہٕ کِنہِ ذحنی طور   بیمار چھُ ۔
1102,تاہم ،  کتھک نر٘تِچ پیشکش چھِ فنکارن لچک فراہم کران تہٕ بہتری ہنٛز دعوت دِوان، تہٕ اتھ سۭتہِ ہیکہٕ نہٕ بٲتھ یا داستانہِ مُتعلق بیان ٲسِتھ ۔ 
1103,"اوک ووڈ ٹیوب سٹیشن: اوک ووڈ چھ پکاڈیلی لاینہ پٮ۪ٹھ لندن انڈر گراونٛڈ سٹیشن۔
"
1104,"نرتھاملائی، لۄکٹٮ۪ن پہاڑن ہُنٛد اکھ دوپھ  چھُ ریاست تامل ناڈو، ہندوستانَس منٛز ترِ٘چی-پڈوُکوٹائی شاہراہَس پٮ۪ٹھ ترِ٘چی پٮ۪ٹھٕ 25 کلومیٹر دوُر۔
"
1105,"تَمِہ کوٚر فیسٹیول فِلِم چِٹکابری- دی شیڈز آف گرے یَس منٛز اکھ کِردار ادا۔
"
1106,سہ زاو نیسڈا، وسکونسنس منٛز تہ تتی  سپزس پرورش تہٕ سہ چھ  تاعمر کیتھولک۔
1107,اکھ طریقہٕ چھٗ بڈونہِ لارواے مارٕنہِ۔
1108,1961 منٛز ،آیہ امہِ پتہٕ  ڈیموکریٹک پارٹی ۔
1109,اگر تۄہِہ کمی روزان چِھ تیلِہ چَھو تۄہِہ پنٗن  بجٹ موضوں بناونٕچ ضروُرت۔ 
1110,امیُک بنیٲدی اڈہ چھ یا تمبو انٹرنیشنل ایئرپورٹ ، جوہانسبرگ ۔
1111,ہارنبرگر اوس لبرٹیرین پارٹی نامزدگی خٲطرٕ گۄڈٕ  زینن وول  ماننہٕ یوان ۔
1112,كٗنہِ  کٗنہِ ساتہٕ ہیکن ژمہِ پیٚٹھ لو٘کٹہِ  دو٘ب  ظٲہر گژھِتھ ۔
1113,تو٘ہہِ  یژِھو زانُن ییلِہ کمپنی چِٹھہِ رٹہِ ، لہذا سوُزِیو صند یافتہٕ ڈاكس منز ،رسید واپسی ہٗند درخاست ۔ 
1114,"ریاستک ناو چھ 'میزو'، مقٲمی بسکینن ہنٛد پانہٕ بیان کرنہٕ آمت ناو، تہٕ 'رام'، ییٚمیک مطلب میزو زبٲنہ منٛز ""زمین"" چھ۔"
1115,"1880 تَس منٛز گُزریٛوو سُہ ہوبارٹ، تسمانِیاہس منٛز پنٛنِس 68 ہِمِس زا دۄہس پیٚٹھ۔
"
1116,یہ تقریب چھےٚ خاصكرِتھ   مغربی ہندوستٲنہ ریاستن مہاراشٹر، کرناٹکا، گجرات، راجستھان تہٕ گوا ہس منٛز مقبوُل ۔ 
1117,"ییٚمہِ ٹیمَن جُرمانہٕ روٚٹمُت چھُ وننہٕ چھُ یِوان زِ سُہ چھُ مین ڈاؤن گِنٛدان، ییٚلہِ زن بیٛاکھ ٹیم مین اپ چھِ۔
"
1118,بیک پینل تہٕ سکرین چھُ کارننگ گورِلا گلاس 5 سۭتہِ  بنٲوِتھ ۔ 
1119,"1922 ہس منٛز ٲسہِ  سی پی سی یس 300 اركان  تہٕ 1925 ہس تام  صِرف 1,500 ۔"
1120,20 ہمہ صٔدی منٛز کاشت خٲطرٕ بٔڈس پیمانس پیٹھ کُلۍ ژٹنہٕ پتہٕ، چھُ وونۍ باقی جنگلن ہنٛد زیٛادٕ تر حصہٕ ژٹنہٕ نش محفوظ کرنہٕ آمت۔
1121,گیلے ین  اوس بحری جہازَن مُقابلہ  فٲیدٕ : سہل پٲٹھۍ قابو، ژھوچن ہوا گراین ہُند مقابلہ  ، تہ ہوا کہ رفتارٕ ورٲے پکان روزُن۔
1122,اگر  نَے تِمن گۄڈٕ پیٚٹھٕ یِم ہونر  چھِنہٕ ، یِمن پوٗرٕ  ہِدایت دِنہٕ خٲطرٕ کٔڑِو وقٕت۔
1123,برطانیہ کہ مردم شمأری مطابق ، مقأمی لوکن ہنٛز کل آبادی ہیوند تخمینہٕ چھ عام طورس پیٹھ 250 ، 000 ۔
1124,انسٹاگرامس پؠٹھ کوٚر سنگھن بڑس پیمانس پؠٹھ پروڈکشنک ذکر تہٕ ووٚن ز یہ چھ تہنٛز پیشورانہٕ زنٛدگی ہنٛد ساروٕے کھۄتہٕ بوٚڑ بٲتھ۔
1125,امہِ کِنۍ گیہِ بنگالس منز ہجرت واریاہ زیادٕ وارٕ وارٕ تہٕ روز تقسیمہٕ پتہٕ ترین دہکین تام جٲری۔ 
1126,مےٚ ہیتۍ یِم كھوربانہٕ پتۍمہ ہفتہٕ تہٕ یِم چھِ برونٹھٕے پھٔٹۍ متۍ۔ (گراک)۔
1127,کھاندرکہ گۄڈنیُک حصہٕ سپدٕنہٕ پتہٕ چھُ مہرِنہِ ڈالہ دِنک رواج۔
1128,جنوُبی خطہٕ ، گوڑنِیوٗك  خطس پیٹھ چھٗ رب ہیتھ سیٚکہ رلٗك  غلبہٕ ۔
1129,سہ اوس 1994 تہٕ 2004 ژس درمیان قومی اسمبلی ہنٛد رکن تہ۔
1130,یمو منٛز بیشتر قوانین چھِ برطانوی  پارلیمنٹ پیٹھہٕ یوان ۔
1131,کاٹھمنڈو، مورنگ، کاسکِی تہٕ چتون ضلعن منٛز تِہ آیہ ماملہٕ لبنہٕ۔
1132,سکور روٚستٗیہ اوور ٹایِم پتہٕ گوٚو ڈاؤ ایونٹ سینٹر کِس تٲریخَس منٛز گۄڈٕنیُک شٗوٹ آؤٹ شُروع۔
1133,پروگرامرو تھوٚو دواہن دٗبارٕ ناو تاکہ یہ ہیٚکہ آسٹریلیاہس منٛز کٕنٛنہٕ یتھ ۔
1134,میرا ، اسہِ ٲس گۄڈے اتھ پیٹھ کتھ کٔرمٕژ۔  مےٚ  مہ آس بییہِ تہٕ بییہِ تمے سوال پرژھان ۔ 
1135,یہ قونوٗن چھ کاپی رایٹ ہولڑرن کاپی رایٹٕچ خلاف ورزی کرن واجنٮ۪ن ویب سایٹن سۭتۍ نمٹنہٕ خٲطرٕ نوٚو طریقہٕ دوان۔
1136,"امیُک تعلق چُھ رومانوی زبٲنہِ  گروُپس سۭتہِ، یتھ منٛز اطالوی تہٕ سپینوی شٲمل چِھ ۔
"
1137,"تِم چِھ مشرق مغرب کِس طول البلد پہٲڑی سِلسِلہٕ منٛز تراشنہٕ آمِتۍ۔
"
1138,ڈیسموسوم چھ سیلن شیٹس منز یکوٹے تھاونہٕ خٲطرٕ مدد کران ۔
1139,پرٛٮ۪تھ لیگس منٛز ساروٕے کھۄتہٕ زیٛادٕ سکور کرن وول پیچر چھ ایوارڈ زینان ۔
1140,اَمِہ پتہٕ آو حٲملہ زنانن پیٹھ توجہہ مرکوُز کرن وول انفلوئنزا ویکسنیشن پروگرام شروٗع کرنہٕ۔
1141,أمۍ پھٔہلوو یہِ دریایہِ کاویری تام تہِ۔ 
1142,अमिचि आसान शकली मंज़ छि  सियोद हरफ   जमा करन यिवान . 
1143,وِلییمز زاو رومفورڈ ، ایسیکس ، انگلینڈس منز ۔
1144,نِیوٹن، الینوائے-نِیوٹن چھ  امریکہ کس الینوائے منٛز اکھ شہر۔
1145,پتہٕ کٔر کِچاکا سٕنٛدیو اتحادیو سِرِنٛدری سُنٛد قتٕل کرنٕچ سٲزِش، مگر بھیمن دِژ یِمن سارِنٕے شِکست۔
1146,یہِ کَتھ بَنٲیِو یٔقیٖنی زِ تُہٕنٛزِ کامہِ ہُنٛد وقت تہٕ طرٕز کَرِ نہٕ تُہٕنٛدِس حسبہِ معموٗل/بُنیٲدی کامہِ منٛز کٔمی۔
1147,اتھ کرایہ پراپرٹی ہٕنٛدس فلور پلانس منٛز اکھ بلٹ ان ہوم آفس وٕچھن چھ اکھ خوشگوار حیرت۔
1148,"تٔمہِ گِیونٛد 2001 کِس رٮ۪تہٕ کٲلِس تام گمبا خٲطرٕ تہٕ گِنٛدِن جے 1 لیگہِ منٛز 118 میچ۔
"
1149,"جایہ  چھِ ہمیشہِ مٗتعلقہٕ گول کیپرس  وٗچھنہٕ سٕتہِ تیہ سپدان تاكہِ  دٔچھنہِ طرفُک بَچاو کَرن وول کَرِ کھوورِ طرفٕہٕ کِس حملآور سُنٛد مقابلہٕ۔
"
1150,یہ اوس 2019 ہس منٛز ہا ٹرونگ کیین تہٕ ڈوونگ وی کھواہن قٲئم کوٚرمت ۔
1151,20 ہِمہِ صدی منز بنیو اکھ تھو٘د مردٕ سۄر، یس الفریڈ ڈیلر ونان ٲسہِ، واریاہ مشہور ۔
1152,سۄ ٲس اکبر سٕنٛزو تِمو کینٛژو زَنانو منٛزٕ اَکھ یِمن دربار کٮ۪ن معاملن منٛز شٔموٗلِیت کرنُک تہٕ پننہِ خیالات ظٲہِر کرنُک خصوصی حق اوس۔
1153,پیٹرزبرگ چھ امریکہس منٛز ساروٕے کھوتہٕ حالٕے بناونہٕ آمت کاونٹی مسٲوی۔
1154,"2010 کٮ۪و عام اِنتِخاباتو پتہٕ آو سُہ وزیر زراعت مُقرر کرنہٕ۔
"
1155,"شلامرسڈورف: شلامرسڈورف چھ جرمنی کس باویریاہس منٛز نیوسٹاڈٹ تہٕ ڈیر والڈنابس منٛز اکھ بلدیہ۔
"
1156,"أمس اوس ٹی وی کس پرٛؠتھ ایپیسوڈس خٲطرٕ الہٕ پلہٕ ¥ 1,600,000 دنہٕ یوان۔"
1157,گوالیارَس منٛز چھِ جین کَنہِ مزارَن ہُنٛد تعداد، یَتھ منٛز واریاہ یادگار مجسمہٕ چھِ، چھِ بیٚیہِ کُنہِ جایہِ تہِ بےٚ مثال۔
1158,"پیمانَس منٛز چھُ ژوٗرِم سوارم مدھیامم۔
"
1159,تمہ کوٚر پننس شہرس منز تقریباتن تہٕ شوہن منز گیون تہٕ نژن شروع ۔
1160,وۄں گوو، فِلمہ کٔر بیرونی ملکن منٛز بہتر کارکردگی ہُنٛد مظٲہرٕ، یتھ پاکستان تہٕ متحدہ عرب اماراتس منٛز مثبت پذیرائی مِلیٚے۔
1161,واجپایی ین کٔر پٲکِستانس ستۍ سفارتی رِشتہٕ بہتر بناونہٕ مۅکھٕ وزیر اعظم نواز شریفس ستۍ بسہِ ذریعہٕ لاہورُک سفر ۔ 
1162,پاگیٛٹ گُزریوو 3 مارچ 2021  لندنَس منٛز دماغ کہِ کینسر سۭتہِ، 75 وُہُر۔
1163,ایمیوک مطلب چھ یہٕ ز کنہ ساتہٕ چھ ترقی یافتہٕ ملکن منٛز کینٛہہ لوکھ پنٕنۍ نوکریہٕ رآوران۔
1164,"2011 منٛز أکِس انٹرویوَس منٛز ووٚن تٔمۍ زِ ییٚلہِ سُہ جوان اوس، تٔمۍ کٔر سوامی وویکانندَس پتہٕ۔
"
1165,شری 1008 پارشوناتھ دگمبر جین آتشیے شیتر یُس وہیلنا جین مندر ناوٕ سۭتۍ مقبول چھُ چھُ جینَن باپتھ اکھ بوٚڑ تٲریخی تہٕ مذہبی مقام۔
1166,1 جنوری 2019  آو گریکورٹُک پرون کمیون ہومبلکسسس سۭتۍ رلاونہٕ۔
1167,کورٮ۪ن ہندۍ کینٛہہ عام روسی ناو چھ اینا، اناستاسیا، سویٹلانا تہٕ یکاترینا۔
1168,اونٹارِیو ہایۍ وے 144- اونٹارِیو ہایۍ وے 144 چُھ اونٹارِیو، کینیڈاہس منز اکھ صوبٲیی ہایۍ وے۔
1169,وزنٕچ تربیت چھ اڈجہٕ در بناوان، اڈجن  نۄقصان واتناونس تہٕ آسٹیوپوروسس رکاونس منٛز مدد کران۔
1170,"اگر نہٕ تٔمِس شخصس HLA سۭتۍ میلن وول ہم آہنگ ڈونر چُھ، تیلہٕ ہیکو بیاکھ اکھ طریقہٕ استعمال کٔرتھ یتھ بون میرو ٹرانسپلانٹیشن (BMT) ہیپلوویڈینٹل ماجہ پیٹھہٕ بچس تام (بےمیل ڈونر) ونان چِھ۔
"
1171,"بھوٹیریا چُھ یہِ وٕچھنہٕ خٲطرٕ پھیران زِ مَنورنجن چُھ نہٕ تَتہِ ۔
"
1172,"درخواست كرِمتِس ""ٖیوٗ اٮ۪س اے! یو اٮ۪س اے۔ یو ایس اے! "" کس جوابس منٛز، كٕر  واریاہو لوٗکو لٔٹ۔"
1173,امیُک نتیجہٕ اوس سپینہٕ خٲطرٕہ اَکھ ذِلَت، یِم عملی طور شُمٲلی پیسیفک کِس سٲحلَس پیٹھ تَمام اقتدار ترک کوٚر۔
1174,واریاہ موسیٖقی ہِنٛدِ  ترتیب  آسہٕ یِتھ کٔنہِ زَن سادھارنی، روپکلاپتی، سُدھا، بھِنا، گاؤڈی تہٕ وِسارا۔
1175,الاگنکولم آثار قدیمہ کس مقامس منز حالیہ کھننہٕ سۭتۍ چھ ننان ز الاگنکولم چھ سنگم دورکیو اہم تجارتی مرکزو یا بندرگاہ شہرو منزٕ اکھ۔
1176,ماحولیٲتی انصرن باپت  چھِ واریاہ دلیلہٕ دِنہ آمژٕ  یِم السریٹو کولائٹس بیمارِ ہندِس تشخیصس  منز دِیوٗت دِوان چھِ  ، یتھ منز غذا، ببہِ دۄدھ دیوُن تہٕ دواہ شٲمِل چھِ ۔ 
1177,آئی پوڈ نینو آو 27 جولایی 2017  ایپل کہ طرفہٕ بند کرنہٕ۔
1178,یہ چھےٚ وٲحد بلیٖن ویل گاڑ یۄس وٕنہ تہ پونٛسہٕ خٲطرٕ شکار چھےٚ کرنہٕ یوان۔
1179,"گولڈن ریٹریور چھِ واریاہ اصل پالتو جانور بناوان تِکیازِ تِم چھِ دوستانہٕ تہٕ چنچل آسان۔
"
1180,"گۄڈنیوک بٲتھ ""بیبی ڈول"" یَتھ منٛز سنی لیون ٲس، آو یوُ ٹیوُبَس پیٹھ جٲری کرنہٕ یَتھ زبردست ردِعمل میوُل  تہٕ سرِ فہرست بنیوو ۔ "
1181,"یِمَن تمام چیزن ہٕنٛز ساروِی کھۄتہٕ زِیٛادٕ قۭمتَس پٮ۪ٹھ الگ الگ ادائیگی کرنہٕ بجایہِ چھِو تو٘ہہِ  یہِ بطورِ  ویلیو پیک سمجان   اکھ منگتہٕ  فیس ادا کران۔
"
1182,فریلا چھ سویڈن کس گیولبورگ کاؤنٹی منز جسڈل میونسپلٹی ہُند اکھ علاقہٕ۔
1183,"نومبر 2016 پیٹھٕ گوٚو پٲکِستانس منٛز بٔڑِس پیمانَس پیٹھ دوا مزاحم (ایکس ڈی آر) ٹایفایڈ تپھ پھٔہلِتھ۔
"
1184,گیت چھِ کُمار، ریشمی وِراگ، تنشک باغچی، سکھبیر، گرپریت سینی، ایری لیف، مائیکل پولاک، ہربی سہارا تہٕ وایو وَن لیٚکھۍمٕتۍ۔
1185,यि छु नेदरलेंडिक जोहन डी कोनिंगन ल्योखमुत.     
1186,یہِ اوس تٕمۍ سُند ہدایتکار سنگیتم سری نِواس راوس سٕتۍ گۄڈنِیک اشتراک ۔
1187,اگر سدھارتھ کانٛہہ عذاب  وٕچھہ ہے تیلہ بنہ ہے  سُہ اکھ عظیم مذہبی رہنما ۔
1188,گاڑٕ سۭتۍ متعلق ایس سی آٮٔی یس چھ منشیات یا شراب کس اثرس منٛز ڈرائیونگ کم کرنہٕ خٲطرٕ سمٲجی تہٕ انفرٲدی کوششن سۭتۍ رکاونہٕ یوان۔
1189,28 اپریل 2008  ہور نیشنل ہاکی لیگس منٛز گنٛدنہٕ ینہٕ وٲلس وٲحد کھیلس منٛز مونٹریال کینیڈینزن  فلاڈیلفیا فلایرزس نش 3-2 سۭتہِ ۔
1190,بی بی ایس تہٕ یوز نیٹس درمیان اکھ اہم فرق چھ یہ ز یوز نیٹس چھنہٕ کانٛہہ منتظم۔
1191,واریاہن معاملن منٛز چھ بچاونٕچ ذمہٕ دٲری رؠوٲیتی قونوٗنی بنیمٕژ۔
1192,2001 منٛز انڈیا ہُک دورٕ جنوبی افریقہ ہَس منٛز گژھن والہ دویمہٕ ٹیسٹ میچ انڈیا تہٕ جنوبی افریقہ ہَس درمیان سینٹ جارج پارک، پورٹ الزبتھس منٛز کوٚر میچ ریفری مائیک ڈینسن حدٕ کھوتہٕ زیادٕ اپیل کرنس پیٹھ ژورن ہندوستٲنۍ کھِلٲڑین پیٹھ ہَرجانہٕ، سۭتی کوٚرُن ہندوستٲنۍ کپتان سورو گنگولِیس پیٹھ تہِ ہَرجانہٕ پَنُن ٹیم قابو نہ کرنہٕ خٲطرٕ۔
1193,"""پاجی توسی سچ اےٚ پُسی کیٹ"" ریکارڈ آو  فلمہِ ہِنٛدِِ آڈیو لانچ برٛونٛہہ بطور سنگل  جٲری کرنہٕ ۔"
1194,"سندھ بورڈ آف ریونیو چھُ علاقُک 272,485 ہیکٹر رقبُک (673,330 ایکڑ، 44 %) انتظام کران۔
"
1195,کشانن اوس بگرامس منز تہ گرمایی رازدٲنۍ ییٚتہ ‘بگرام خزانہ’  دریافت سپُد یتھ منز یونان پیٹھٕ چین تامکۍ فن پارٕ موجود ٲسۍ۔
1196,"أمۍ ایلبمن کٕنۍ امریکہس منٛز پنٛنس گۄڈٕنِکس ہفتس منٛز 44,000 کاپیہٕ۔
"
1197,"آرکیالوجیکل سروے  آف انڈیا کہِ طرفہٕ نوٹیفکیشن نمبر 2407-اے کہِ ذٔریعہٕ چھِ خوطبہٕ تہٕ گۄپھہٕ  مندر بطورقومی اہمیتی یادگار  تحفٗظس تل ۔ 
"
1198,تٔمۍ کٔر 803ہس منٛز لیچفیلڈٗک ختم کرنس منٛز کامیٲبی حٲصِل ۔
1199,دۄشوے چھ أمس پنٛنس نیچوس سۭتۍ زیادٕ خیال تھونہٕ کس رویس پؠٹھ مذاق کران ییٚمہ سۭتہ بیگمس شرارت کھسان چھےٚ تہٕ سۄ چھےٚ نیران۔
1200,گارو زبانہِ  چھُ کوچ تہٕ بوڈو زبانن سۭتۍ سروٚن واٹھ، یم تبتی-برمی زبانن ہنٛد اکھ لۄکٹ خاندان چھ۔
1201,"از چھِ کرد تہٕ فارسی عربٕ کٮ۪ن گُرین سۭتۍ سۭتۍ تھارو بریٚڈ تِہ زیادٕ استعمال کَرنہٕ یوان۔
"
1202,20 مِہ صدی کس شروٗعاتس منٛز سوزۍ ایل سی ایم ایسن مشنری برازیل تہٕ ارجنٹینا کن۔
1203,کھیڈو کھیل چھے٘ تِہندِ دٕسہِ مٗقدس ماننہٕ یوان تکیازِ  مانٛنہٕ چھٗ یوان زِ پر٘ہلاد اوس پننس لو٘كچارس  منٛز یہ کھیل گِنٛدان۔
1204,عام طور  چھٗ زایہِ دۄہ برٛونٛہہ زٕ دۄہ اکھنٛڈ پَاٹھ  (سِکَھن ہنٛز مقدس کتاب، گُرو گرنتھ صاحِب رٗكنہٕ ورٲیہِ ارتٲجیہن گھٲنٹن پرٕنہِ ) گوردوارن منٛز منعقد کرنہٕ یِوان ۔
1205,2012 ہس منٛز گو٘ بینڈ سین فرانسِسکوس منٛز آؤٹ سایڈ لینڈ فیسٹیول باپتھ دٗبارٕ یكھجا۔
1206,"تِکیازِ تٔمِس ٲس ملکہٕ سٕنٛز دٔلیٖل پسنٛد، تٔمۍ کوٚر فیصلہٕ زِ سُہ کرِ پانہٕ فلمہِ ہِنٛز ہدایت کٲری۔
"
1207,"روزسیاہَس مطٲبِق آو وننہٕ زِ سُہ دِیُت سیسن ہٕنٛدِ استعمال کھۄتہٕ کم خوراکَن ہُنٛد سازگار جواب دِنہٕ۔
"
1208,اَکہِ لَٹہِ ییٚلہِ تُہۍ کُنہِ غیر مُلکی کمپنی منٛز شیٮٔر تھاوان چھِو تیٚلہِ چھُ اَتھ مُلکٕچہِ سیٲسی تہٕ مٲلی مستقبلَس منٛز تُہنٛد حصہٕ روزان۔
1209, 2010 ہس منٛز، کانگریسہٕ خٲطرٕ مہم چلاونہٕ دوران کٔر باسن آتشیں ۂتھیارن ہنٛز رجسٹریشن بلس منٛز توسیع ہنٛز حٮ۪مایت۔
1210,تٔمہِ وُچھ زِ  بہٕ اوسُس ژھوٚٹ تہٕ موٚٹ، لہاذا ہیو٘ت تمہِ گۄڈنِكہِ دوہٕ پیٹھیہ تمہِ مے٘  'پج' وَنُن۔ یہِ گو سہی تہٕ باقٕیہ چھٗ  توٲریخ.
1211,دوٚیمہٕ طرفہٕ کٔر سنگا پورس منٛز نیٹیزینو پھانٛسہ ہٕنٛز حٮ۪مایت ییٚلہ زن تمو تمن لوٗکن ہنٛز تہ مذمت کٔر یمو سزایہ موت تہٕ کھو سٕنٛز پھانٛسہ دۄشوٕنی ہنٛز مخالفت کٔر۔
1212,ملکس منز قدرتی ربڑ کس پیداوارس منز چھ تریپورہ کیرالہ پتہٕ دوٚیمس مقامس پیٹھ۔
1213,نوکیا، موٹرولا، ایرکسن، صیون تہٕ باقیو رلیٛیہ سمبیان ایسوسی ایشن بناونہٕ خاطرٕ۔
1214,پیوگن ووٚن ز یہ اوس ناولک اوسط ترجمہٕ ۔
1215,بیلا پانا چھ بیل، دۄدھ، چھنہ، میوٕ ، زامٗت دۄدھ ، کاجوُ، مسالہ تہٕ كھنڈ یا گور  سۭتہِ تیار کرنہٕ یوان ۔
1216,تم چھ تجارتہٕ خٲطرٕ دستاویزاجرا كرنس منز تیزی اننہٕ باپتھ عموٗمن بندرگاہی قصبن منٛز آسان  ۔
1217,منصوبہٕ آو 1995-96 ؤریس منٛز تعٲمیرٕ خٲطرٕ ننہٕ۔
1218,مےٚ چھ دل سٮ۪ٹھاہ تنٛگ گژھان ییٚلہ بہٕ ایمریكاہس منز  شٗرین گولہِ لاینہِ وٗچھان چھٗس ۔
1219,تھروندیکارا گۄپھہٕ مٔنٛدِر، یَتھ تھرونتھیکرائی کَنہِ کٔٹِتھ شِو مٔنٛدِر تہِ ونٛنہٕ چُھ یِوان، چُھ تامِل ناڈو، ہِنٛدوستانس منٛز کنیا کُماری ضِلعس منٛز نٔوِمہِ صٔدی ہُنٛد کَنہِ ژٔٹِتھ ہندو گۄپھہِ منٛدر۔
1220,یہٕ چھ عام طور زمینس یا زمینس سٕتۍ جڑتھ  یتھ پیٹھ یہٕ واقعہ آسہِ ۔
1221,أمہِ كٕٕر گو انڈیا مہاراشٹر نٲوِ  ٹی ایل سی یَس پٮ۪ٹھ پننہِ  شو ہچہِ  میزبٲنی تہِ پیشكش ، یُس دسمبر 2012 ہَس منٛز ٹیلی کاسٹ گوٚو ۔
1222,یہ فلم گیہٕ 3 اگست 1962ہس منز رلیٖز۔
1223,یہِ چُھ کِشَن گَڑھ ہَوٲیی اَڈٕ، ہِنٛدُستٲنہِ  ریلوے كہِ  کِشَن گَڑھ ریلوے سِٹیشَنَ  تہٕ قومی شاہِراہ 8   تہِ79 کہِ ذٔریعہِ جٗڈِتھ ۔ 
1224,"ادوٲیاتن متعلق اہم چیٖز بیان کرنہٕ خٲطرٕ چھ واریاہ مختٔلف لفٕظ استعمال کرنہٕ یوان۔
"
1225,باقی معاملن منز ہیکو نہٕ پونسہٕ قانونی طور بالکل مشرٲوتھ
1226,علاجٕ خٲطرٕ مٲلی اعانت ختم گژھنہٕ پتہٕ، مردن یہٕ اطلاع دنہٕ ورٲے آو مطالعہٕ جٲری تھونہٕ زِ تمن چھُ  صرف مطالعہٕكرنہٕ  یوان  تہٕ یِیكھ نہٕ یلاج كرنہٕ ۔ 
1227,پتہٕ کوٚر کدمباہو، یاوناہن ہٕنٛد مدد سۭتۍ سمندری وتِہ کٹووانس پیٹھ حملہٕ، مگر چیرا حکمرانن کٔرۍ تہنٛد سمندری جہازٕ تباہ۔
1228,یونٹ ٹرانسپورٹ کرنہٕ خٲطرٕ چِھ تۄہہ لاگُتک تہ حساب کرن۔
1229,"یہ فلم چھ اکھ ڈاکوئٹ ویسٹرن (یتھ کنہ ساتہٕ ""کری ویسٹرن"" تہ ونٛنہٕ چھُ یوان)، یتھ منٛز ہندوستٲنہِ ڈاکوُ فلمن تہٕ  سپگیٹی ویسٹرنن  سۭتۍ سمورائی سنیما کیٚن عنصرن ہٗند جلسہٕ چھُ ۔"
1230,تو٘ہہِ  ہیٚکِو پنٛنِس ہونہٕ بۄكتس خٲطرٕ اکھ خاص تماشہٕ بنٲوِتھ یا کیٚنٛہہ گَھرِ كہِ  چیٖزٕ  سۭتہِ  گِندِتھ ۔
1231,پینٹنگن منٛز چھ جنسی تہٕ عذاب پسندی شبیہو سۭتۍ  خوابن ہُند ہیُو  سررِیل انہار۔
1232,شاہی خاندانُک رکن سچن دیو برمن اوس ہندوستٲنۍ موسیقی ہندِ فلمی صنفُک مٲہر۔
1233,جنگلس منز كمرٗک  دوُر دراز،  بیوٚن تہ بدون مقام  چھٗ بیقرارکران۔
1234,اِمکان چِھ زِ تۄہہ آسہ امہِ وتہِ سٕتہِ زیادٕ قٕسمتھ ۔
1235,"ہنومان گڑھ ضلعس منٛز ٲس کالی بنگن وادی سندھ تہذیبٕچہِ  اکھ بٔڑ صُوبٲیی راز دٲنہِ۔
"
1236,لوٗکن ہٕنٛدس کنہ گروپس منٛز چھ منشیاتن ہٕنٛد غلط استعمالٕکۍ مسٲیل پٲدٕ گژھنک امکان زیادٕ آسان۔
1237,"جوٗن  2018 ہس منٛز زینہِ  تٔمہِ رسمی طور جموٗرِیٲتی تہٕ بُنیٲدی نامزدگی  ۔
"
1238,حالانکہ مرٲٹھین ہُند بوٚڈ تعداد چھ شہری مرکزن  یتھ کٔنۍ زن اندورس منٛز لبنہٕ یوان، مگر ساروی کھۄتہٕ زیادٕ تعداد چھُ مہاراشٹرس سۭتۍ ملحقہ ریاست کین جنوبی علاقن منز۔
1239,تو٘ہہِ ہیٚکِو یہِ اکھ ایماندارانہٕ بیان بنٲوِتھ یا نہٕ بنٲوِتھ ۔
1240,ڈی گروٹَن ہوو زِ شطرنجٕکہِ وۄستاد ہٮ۪کَن تقریباً سہی پٲٹھہِ کینٛژن  سیکنڈَن ہاونہٕ آمٕژٕ  پوزیشنہٕیا تھوِتھ ۔
1241,بیاكھ سیلٹک بٗت پرستی  خٲطرٕ اكشر  استعمال گژھن واجینہِ  اصطلاح  چھِ  سیلٹک کافریت  ۔
1242,حزب اللہ س چھ شام، ایران، روُس، لٮ۪بنان تہٕ عراق حمایت كران ۔ 
1243,سیڈر ریپڈس منٛز چھ دریاے سیڈر از ریکارڈ توڑ 31.1 فٹن پٮ۪ٹھ، سٔہلابہٕ  مرحلہٕ پٮ۪ٹھٕہ تقریبن 20 فٗٹ تھو٘د ۔
1244,امیک مطالعہٕ چھ ہنٛدوستٲنۍ زرعی تحقیقس منٛز أکس نظامٲتی مسلہٕ کس حصہٕ طور کرنہٕ آمت۔
1245,یقینی بنٲیو زِ تہنٛدِ دٔسۍ استعمال گژھن وول روبو ایڈوائزر چھ ذٲتی ڈاٹا محفوظ تھاونہٕ خٲطرٕ اکھ شفاف منصوبہٕ فراہم کران۔
1246,2012 ہس تام چھ كشیر ادوِیٲتی مزاحمتی تپِ دق ، بشموُل یبیڈاکویلین تہٕ ڈیلامینڈ  باپت وارِیاہن دواہن ہٗند مٗتعلہٕ كرنہٕ یوان ۔ 
1247,برہمن تہٕ کھشتری لفظ چھ رگ وید کین مختلف خاندٲنی کتابن منٛز لبنہٕ یوان، مگر تم چھنہٕ ورنس سۭتۍ وابستہٕ۔
1248,یہ چھ أکس زیٹھس فٲصلس تام  بطور زیر زمین دٔریاو پکان تہٕ چھ صرف بیتمنگلا قصبس نزدیٖک ہنموُدار گژھان ، ییٚتہ پٮ۪ٹھٕہ آب تہٕ رفتار پر٘ٲوِتھ  یہ دکن سطح مرتفع بونہِ  مشرقس کٗن وسان چھٗ ۔
1249,"سُہ مُود 90 وہر  31 مارٕچ 2020  ہاسپِس کِس کیئرَس منٛز۔
"
1250,کِرٛکالیو تہٕ فِلِپسس آسہِ یِنہٕ والین دۄن دۄہَن لوٚژ کٲم، تِکیٛازِ تِم چھِ حَوالہٕ کرنُک آوُر وق مُکمل کرنہٕ پتہٕ تھکھ کَڑان۔
1251,دورس سری نواسنن چھ دلیل دژمٕژ ز اتھ شکلہ چھ نہٕ ترٛیٚن چیزن یا یوگک آسن تہٕ ویدک ادبس منٛز اوس نہٕ رودرا جنگلی جانورن ہنٛز حِفاضت کرن وول۔
1252,"یہِ چھُ  كار ہیتھ چھٗٹی مناونہٕ وِزِ بہتٔریٖن کٲم کران۔
"
1253,مان چھ ممبیی واتان تہٕ چھ سڑکن پؠٹھ أکس جشنس منٛز حصہٕ نوان۔
1254,میٲنۍ سِدھا ڈاکٹرن چھ راحت فراہم کرنٕچہِ  شاندار کٲم کرمژ۔
1255,"تٔمۍ سٕنٛدِس کوچ  نہ مُطٲبِق ٲس سۄ ""تقریباً دۄن گٲنٛٹَن ودان""۔"
1256,ییلہٕ زیادٕ لکھٕ یہٕ ہیٚکن برداشت کرتھ ، وآریاہو لوٗکو کوٛر یہٕ ۔
1257,سُہ ملک گو تمہٕ وقتہٕ ختم ییلہ بیلاروس سوویت اختیارَس منز آو۔
1258,کر٘اس چھٗ دٗنیاہس منز سیٹھاہ  مشہوُر علامتو منزٕ اكھ ۔
1259,سٗہ چھٗ کرونس سٗنٛد نیچٗو تہٕ  ماؤنٹ اولمپسس منٛز روزان ۔
1260,رجسٹرس پیٹھ دنہٕ خٲطرٕ بنیوِیو٘  اکھ الگ ای میل ایڈریس۔
1261,سر چھُ اکھ اَہم ٲبی ذخیر مدلیارپیتَس نزدیک ۔
1262,اصلی فِلمِہ منٛز مِتھُن چکرورتی سٕنٛدۍ طرفہٕ ادا کرنہٕ آمُت کرشنا اییر سنٛد کردار آو ہٹاونہٕ تہٕ رشی کٔپوٗرن کوٚر نوٚو متعارف کرنہٕ آمُت منفی کردار، رؤف لالا سُنٛد کردار ادا۔
1263,أکس نفر ییٚمس سایلنٛٹ سٹروک چھ آسان تس چھنہٕ عام طور امیک پے لگان۔
1264,امہِ گاڑِ کٔر 2007 ہَس منٛز نیو یارک انٹرنیشنل آٹو شوَس منٛز پنٕنہِ شروٗعات۔
1265,یہ آو اسرٲیل ڈیفنس فورسس خٲطرٕ بطور اکھ مقابلہٕ  زینن وول مٗنتخب کرنہٕ۔
1266,"آیرلینڈٕچ بادشاہت آیہ ہینری اوٗٹھم سٕنٛدس دورس منٛز ؤجودس منٛز۔
"
1267,"2011 ہَس منٛز، ""دیوٗت 12ہو منزٕ تقریبن 1 ہایہ سكوُل سینیرن وِکوڈِن كہِ  غٲر طبی استعمال ؛ 20 ہو منزٕ  1 آکسی کونٹین کہِ یتھی استمالٗك اطلاع  ۔"" یِمَن دۄشوٕنی دوہن  منٛز چھٗ اوپیایڈس آسان ۔
"
1268,ورنگل تہٕ کھممس منز تہ چھےٚ آیی ٹی کمپنی قایم کرنہٕ آمژٕ۔
1269,"امہِ برٛونٛہہ، ییٚلہِ جوس زٕ ٹایٹل زیننہٕ پتہٕ برطرف کرنہٕ آو، تٔمۍ زیوٗن انٹر سۭتۍ چیمپئنز لیگ تہٕ ریئل میڈرڈس سۭتۍ لا لیگا۔
"
1270,سماجٕکۍ گۄڑنِکۍ رہنما ٲسۍ پنڈت لکھ رام، 1858-1897 تہٕ سوامی شردھانند یا مہاتما منشی رام وج، 1856-1926۔
1271,1995 تس تام اوس سُہ ڈیموکیٹک پارٹی ہُنٛد اکھ ممبر۔
1272,آسامس منٛز روزن والؠن بنگٲلۍ ہیٚنٛدن منٛز چھ ہندومتک شکتی فرقہٕ نمایاں۔
1273,کیمبرج ریکیٹ فیکٹری آو گریفایٹ ریکیٹس کن منتقل گژھنہٕ پتہٕ بنٛد کرنہٕ خٲطرٕ مجبور کرنہٕ، تہٕ پیداوار آو مشرق بعید کن منتقل کرنہٕ۔
1274,"بچاو کرن والٮ۪و لٔب پتہٕ زنانہٕ بینکَس منٛز۔
"
1275,سکاٹ لینڈس منٛز چھٗ چیپل رویلٗک سربراہ  چھٗ اکھ ڈین ۔
1276,اتھ تھٔزِ جایہِ پٮ۪ٹھ آو 1914 پیٚٹھہٕ واریاہ  لڑنہٕ۔
1277,اٗٹِلا چھٗ  گوالیار شہرٕ پیٹھہٕ  20 کلومیٹر (12 میل) مشرقس منز  گوالیار-ہستینا پور-بیہت  روڈس پیٹھ  واقع ۔
1278,یہ چھ شرمناک ز درٛال کتھہٕ  کٔنہِ  چھ وارِیاہ  خطرٕ واجنٮ۪و سرمایہ کٲریو سۭتہِ  کمزور آبٲدین نِشانہٕ بناوان ۔
1279,آکسینڈرولون چھ خاص طور  تمن کورین منٛز استعمال سپدان   یِہٕنٛز تشخیص پتہٕ تہنٛدِ نشونٗما کس وقتس منٛز گژھان چھے٘، صرف اتھ  آبٲدی منٛز گروتھ ہارمون كہِ کم اثرٕ سۭتہِ ۔
1280,تٔمۍ گیون سرے ، واروکشائر ، ناردرن ٹرانسوال تہٕ انگلینڈ خٲطرٕ ۔
1281,انسٲنی سسٹسیروسِس کین معاملن منٛز چھٗ تشخیص اکھ حساس مسئلہٕ تہٕ اتھ منٛز چھے٘ متٲثر ریشن ہنز بیوپسی یا نفیس آلاتن ہنز ضروُرت آسان ۔ 
1282,ییٚلہِ 1934 منٛز  پرجا سبھا نٲوِ  قونوٗن ساز اسمبلی قٲیِم كرنہٕ آیہ، لداخَس آیہ  اسمبلی  منٛز زٕ نامزد نِشستہٕ دِنہٕ ۔
1283,"1989 تس منٛز ووٚن گالف کٕلبن ز تم چھ گولف کورس بڑاون یژھان۔
"
1284,"یاچیگوساہس اوس 2007 تس منٛز پنٛنس مرنس تام ہٮ۪دایت کار سینکیچی تانیگوچی یس سۭتۍ خانٛدر کوٚرمت۔
"
1285,شمٲلی ہندوستانس منٛز چُھ بنارس کِس أنٛدۍ پٔکۍ مندرن تہٕ گرن منٛز دیوی خٲطرٕ  حیوانن ہٕنٛز قربانی سبزی خوری ہندیو ارپن رواجہ  سٕتۍ بدلاونہٕ یِوان۔
1286,"سیزنَس دوران شےٚ زینِتھ کرٕۍ ٹرمپن ریکارڈ تعدادَس منٛز رینکنگ ایونٹ حٲصل ۔
"
1287,پریتھ کانہہ اضٲفی بٹ چھ واریہن اصلی انفارمیشن بٹن ہنز فنکشن ۔
1288,سایکل کٕنن والیو دتۍ مےٚ کیٚنٛہہ غیر متوقع مفت  تحفہٕ ییٚمۍ بہٕ نوٚو سایکل ہینہٕ پتہٕ حیران کوٚرس۔
1289,پولیو ویکسیٖن سۭتۍ ویکسنیشن ہیٚکہ پوٗرٕ دنیاہس منٛز بیمٲرۍ رکٲوتھ۔
1290,"یہِ چھُ دۄن کھیلَن ہٕنٛدِین سرکٲرِ قونوُنن  ہُنٛد مٲلِک تہٕ  شایع کرن وول  تہٕ چھُ  فروغ دِنہٕ چین سرگرمیَن منٛز شٲمِل روزان ۔
"
1291,کولٹس سنز كٕرمٕژ كوُشِش مۄكلییہ ییلہِ روُكی چارجرن ہٗند دفٲیی سمبھالن وٲلہِ  لوئس کیسٹیلوَ ہن کولٹس کوارٹر بیٖک پیٖٹن میٚننگ برطرف کٔرِتھ انٛڈیاناپولیٖس فیٖلڈ گول رینج نِش دوٗر کوٚر۔
1292,"بادشاہ سٕنٛدِس اعلان کِس نتیٖجس مَنٛز گیہِ  1930 ہَس مَنٛز اتھ علاقس کُن ہجرت۔
"
1293,ٖونایٹڈ سٹیٹس منٛز گوڑنچ زنانہٕ لیکروس ٹیم ٲس 1926 منٛز میری لینڈ کس بالٹیمورس منٛز برین ماور سکولس منٛز قٲیم کرنہٕ آمٕژ۔
1294,"کرن جوہرن کوٚر انکشاف ز سہ چھ پنٕنۍ بھوت ٹرالٕجی بناون یژھان۔
"
1295,قومی ٹیمن ہنٛد انتخاب چھ متعلقہ قومی فیڈریشنہٕ کران تہٕ پتہٕ چھ یمن کھیلن منٛز شرکت خٲطرٕ سرکٲرۍ سپانسرشپ باپتھ آٮٔی او اے یس تجویز یوان کرنہٕ۔
1296,ایسوفیجیل کینسر چھ ایسوفیگس سس منٛز کینسرک اکھ قسم۔
1297,1965ہس منز ٲس چیبوك سیری ہنز آبٲدی  163000 تام بڈیمٕژ ۔
1298,"سُہٕ چُھ لیکھان، ""منوُ سمرتی 1794 منٛز سر ولیم جونز سٕنٛد ترجمہٕ ذٔریعہٕ مغربی دنیاہس منٛز متعارف گژھن وول  گوڑنیوُک ہندوستٲنہِ قونوُنی متن ""۔"
1299,تَتھ جایہِ پیٹھ چھِ مہارانی ہٕنٛز اکھ سمادھی ییٚتہِ ستی ٲس کرنہٕ یِوان۔
1300,"سُہ گُزریو 26 جون 1952 ہَس منٛز سان ڈِیاگو، کیلیفورنیاہس منٛز۔
"
1301,پانڈیاہن  چِھ قدیم ترین دٔستیاب تامِل شٲعری منٛزتعریف كرنہٕ  آمٕتہِ  ۔
1302,تکارام سنٛد ونن چھ ز یہ زٔمین اوس أمۍ سٕنٛدؠن جدن ہنٛد تہٕ چھ یہ واپس کرنٕچ منٛگ کران۔
1303,زیڑ ای ای 5 وَس پیٹھ کون بنے گی سکھراوتی (2022) منز چھِ سۄ راج کُماری دیویانی ہُند کردار ادا کران یُس أکِس غیر فعال شاہی خاندانَس منٛز چھُ۔
1304,الیکٹرانک دستخطن منٛز چھ اکثر یہ ہاونہٕ خٲطرٕ اکھ ٹائم سٹیمپ شٲمل آسان ز دستخط کر اوس آمت کرنہٕ۔
1305,سٲری ٲٹھ چھِ ڈینوَر کِس سینٹ انتھونی سینٹرل ہسپتالَس منٛز نِنہٕ آمٕتۍ۔
1306,"اتھ جایہِ چھِ سمد شِکھر ""ارتکازُک چوٹی"" تہِ وننہٕ یِوان تِکیازِ یہِ چھِ اکھ یِژھ جاے ییٚتہِ ژوُہَو منٛز وُہَو تیرتھنکرَو دھیان کہ  ذریعہٕ موکھشہ حٲصِل کوٚر۔"
1307,وننہٕ چھ یوان ز کانہہ تہ یس پرمپدا وسال پیٹھٕ گژھ  سُہ واتہ ویکنتھا ۔
1308,گۄڈنیتھٕیہ انہِ  پارٹی پنٕنہِ  وومیدوار  برۄنٛہہ كٗن ۔
1309,تٔمۍ سندیو کمانڈرو کوٚر فتح شدٕ سلطنتو پیٹھہٕ جنگی لوُٹھ جمع تہٕ کوٚرکھ غنیمس (جنگس دوران جمع کرنہٕ آمت لوُٹھ) پیٹھ کھٗم (پٲنژِم حصہٕ) سلطان سٕندس خزانس منٛز ادا، ییٚمہ سۭتہِ  خلجی حکوُمت مضبوُط كرنس منٛز مدتھ مِیوُل ۔
1310,یہٕ چُھ اَتھ ناوٕ سٕتۍ منگا پیٹھ مبنی۔
1311,15 ہمہ صدی ہندس شروعاتس منٛز بنٲو دیوا راین وجے نگرس منٛز مسلمانن کِژھ اکھ مسجد تہٕ  تھوٚوُن پننِس تختس برٛونٛہہ کَنِہ اکھ قرآن ۔
1312,"2016 ہس منٛز اوس چندی گڑھ ہِندُستانُک دۄیِم سارِوٕے کھۄتہٕ صاف شہر۔
"
1313,گرم، خشک ریتہٕ کول تہٕ سرد، خشک ونٛدٕ چھ آب و ہوا زراعتہٕ خٲطرٕ موزوں بناوان۔
1314,تمس چھ وٕنکین مختلف فیلوشپن ہٕنٛد ذریعہٕ مدد تہٕ سہ چھ معمولی معیار زنٛدگی بسر کران۔
1315,اولیٖویا ٲس نہٕ دند ٹکُن بندٕے کرانییٚلہ سۄ میدانس منز  پنٛنہ ٹیٖمٕچ بے نقص کاکردگی وچھان ٲس۔
1316,"کرزئی یَن چھُ مَحکمہٕ انصافَس ووٛنمُت زِ تِم ہین  قونوٗنُک بییہ جٲیزٕ، تہٕ قونوٗنُک  نفاذ گژھہِ رُکاونہٕ یٗن ۔ 
"
1317,"1845 ہَس تام ٲسہِ  انگریزو 32,000 فوجی ستلُج کِس سرحدس پٮ۪ٹھ منتقل کٔرمٕتہِ تاکہ پنجابس منٛز وٲرِسن ہندِ جدوجہدٕ نِشہِ تھون تھاوَن پنٕنہِ  شُمٲلی اندٕكہِ علاقہٕ محفوظ ۔
"
1318,والڈ سنز کٲم ٲس تقریباً 60ٹھن  ورین ہنٛدَ تحقیقٗك اند ۔ 
1319,تُہُنٛد وِکیٖپیٖڈیا اکاونٹ کَرِ پانَے کامنزَس پٮ۪ٹھ تہِ کٲم۔
1320,اتھ وقتس دوران اوس سٗہ أکہِ  گِروہٗك  رہنٗما ۔
1321,لٔگِتھ مٹھایہِ چھ فریزرس منٛز چیٖز ملٲوتھ بناونہٕ یوان ۔
1322,یِہ چِھنہٕ اَکھ فحٲشی فِلِم تہٕ أمِس چُھ امید زِ أمِس مِلہٕ سینسَر بورڈ پیٹھٕ کُنِہ کٹَس ورٲیاہ اے سرٹفکیٹ۔
1323,پریپزم، آلیہ تناسلک کھڑا گژھٗن ہیکہٕ ریكہٕ اڈجہِ ہندِ شدید زخمٕچ علامتھ ٲسِتھ ۔
1324,یہ گوٚو 1949 منز برطانیہس منز کٕنن شروع ۔
1325,نیشنل سٹیڈیم اوس تمام تقریبن ہنٛد  مقام۔
1326,پتہٕ بنیو یہِ ماہوار ہَفتہٕ وار تہٕ روٗد ترٛین ورۍ یَن تام جٲری۔
1327,مےٚ ٲس چنئی منٛز پننس بچپنکِس کاندرِس نِش پنن پسندیدٕ کیکک ذائقہ آرڈر کرنس پیٹھ سیٹھاہ خوشی۔
1328,اگر تۄہہ واریاہ دولت چھ یا پیچیدہ مٲلی صورتحال چھ تیٚلہ کٔرو تو٘ہہِ  أمس نفرس سۭتہِ کتھ باتھہِ منٛز واریاہ وقت صرف۔
1329,زیادٕ تر فلسطینی  یِم موُدِ آیہِ اسرٲیلی حفاظتی فوج دٕسہِ مارنہٕ ۔ 
1330,"الا چھےٚ پتہٕ أکس مشہوٗر رٮ۪سٹرٛورنٛٹس منٛز ذٲتی طور سمکھنٕچ پیشکش کران مگر مقرر وقتس پٮ۪ٹھ چھنہٕ ساجن واتان۔
"
1331,ییٚلہ ٹٗٹوُ باہ وٗہٗر اوس  سُہ گوٚو پنٛنِس كٗمبس سۭتہِ جوہانسبرگ ۔
1332,یمن لوٗکن پریسبیکیوسزک تجربہٕ چھ گژھان تمن خٲطرٕ چھ کتھ باتھ عام طور پٲٹھۍ واریاہ زیادٕ مشکل گژھان۔
1333,پریتی چھےٚ رضامند گژھان تہٕ ٲخٕر کار عدالتس منٛز پھُٹان  تہٕ  انشولس سۭتۍ پننہ محبتک اعتراف کران۔
1334,یمن کھیلن منٛز ٲسۍ شطرنج، گو، ژیانگچی تہٕ کنٹریکٹ برج شٲمل۔
1335,کینٛہہ جاندار ہیٛکن انتہٲئی نمکین حالاتن منٛز زندٕ روُزِتھ یتھہٕ کٔنہِ زن نمکین بٗخاراتن ہندِ تلاو ۔
1336,تمۍ ٲس 12ہِم جماعت مُکمل کرمژ تہٕ اوس دۄن میڈیکل کالجَن منز درج آمُت کرنہٕ۔
1337,"تاہم، ڈی سُنٛد قدامت پسند تہٕ شِٹھہٕ  مٲلہِ  کوٚر یہٕ قبول کرنس نکار زِ تٔمہِ سُنٛد نیٚچُو چُھ رقاص بنُن یژھان۔
"
1338,کوچ شیکھر بابو (گیانندر ترپاٹھی) تہٕ کرنل خان (آریف زکریا) سنٛز سربرٲہی منٛز ماؤنٹ ایورسٹ کھسنٕچ تیاری منٛز چھےٚ سۄ لداخ تہٕ دارجلنگ کین پہاڑن کن پیدل پکان۔
1339,واریاہ مشہوٗر اداکار، لکھٲر تہٕ باقیہ سٲتھی ٲسہِ تقریبہِ باپت آمٕتہِ یمو٘ سٕتہِ ہال ژیلِتھ اوس ۔
1340,20 ہمہ صٔدی ہنٛدس آغازس منٛز اوس رازٕ دکھور سنگھ کھامیرک سایم۔
1341,تر٘امہٕ  خوطبہٕ چِھ تجویز كران  زِ رقص ڈراما ٲسہِ شٲہی خانٛدان وڮچھان  تہٕ 1502 ہس تام تہٕ 16 ہِمِہ صدی ہندِس ٲخرس تام اوس یہِ   اثر انگیز۔
1342,امہِ پتہٕ کٔر یِمو اکہِ مصروٗف دورٕچ شروٗوات، پنٛدہن دۄہن منٛز گِنٛد یِمو مُختلف مُلکن منٛز نو میچ، ییٚمِچ شروٗوات 2 ستمبر پیٹھ گٔیہِ۔
1343,"سوٗ یی کیٖرتھی سُریشَس ستہِ  فِلِم دَساراہَس منٛز تہِ وٕچھنہٕ، یُس نینو لوکَل پتہٕ یِہٗند  دٔویُم تعاوُن بنہِ۔ 
"
1344,مختلف ریاست چھ یہ زر مختلف وقتن پیٹھ مختلف کامین ہندِ  خاطرٕ استعمال کران ۔
1345,كولِنز موُد 4 مارچ 2016  دوہٕ  برٗکلین ، میساچوسٹسس منٛز ۔
1346,بہٕ چھس سیٹھاہ پریشان ز میٲنس گرس پھٔرۍ ژُور۔ (شہرۍ)
1347,وسنٛت پنچمی برٛونٛہہ اکھ دۄہ چھ سرسوتی ہنٛدِ مندر کھینہٕ سۭتہِ  بٔرنہٕ یوان تاكہِ سۄ ہیٚکہ دوٚیمہ دۄہ صُبحس  روٲیتی سالہٕ كِس  جشنس منز شٲمِل سپدِتھ ۔  
1348,فلمہ منٛز چھ وویک اوبرائے تہٕ ملیکا شراوت مرکزی کردارس منٛز۔
1349,ٹیبٕل وٕچھو، کِتھ کٔنۍ چُھ ایکوینکس تہٕ سولسٹیسُک وقٕت ژۄرن ؤرۍین ہنٛدِس چکرس منٛز بڑان تہٕ کٔم گژٛھان۔
1350,امہِ وجہ ستۍ چھُ یِمن  'ہاکی جڑواں' ہُک ناو دِنہٕ آمُت۔ 
1351,अमि पेनुक डकनॅ छु लायटिंग कनेकटर छुपावान युस पेनस चारॅज करान छु  .         
1352,1964 ہس منٛز آیہ مردن باپت ارامیز  خۄشبوُ پیش کرنہٕ ۔
1353,"سُہٕ چُھ وٕنۍ اپریل 1994 پیٹھہٕ اسہٕ سٕندِس صدرس طورس پیٹھ خدمات انجام دیوان۔

"
1354,مانٛنہٕ چھٗ یوان زِ کِم اوس تَمن خٲطرٕ پنٕنہِ وتھ نِشان زد کران۔
1355, ییٚلہِ میچ اند واتان اوس برازیل کٮ۪و مُتبادلَو کوٚر نژُن شروُع  تہٕ گیہ تِہندِس زینِمتِس خطابس پیٹھ سیٹھاہ خۄش ۔ 
1356,یہ کٔرو واضح ز تۄہہ چھوٕ یقین ز یم مسلہٕ تۄہہ وٕچھ یمن ہٕنٛدس نٔتیٖجس منٛز گژھ قۭمت کم گژھن۔
1357,"نرمدا بیسن چھُ بنیٲدی طور  کرٛہِنیہ میٚژِ پیٹھ مشتمل۔
"
1358,فری ہولڈ چھ کامن ویلٕتھ ملکن ہٕندین قانونن منز استعمال گژھان ۔
1359,تمِس اوس سمندرس منز راجہ پوُری پیٹھہ جانجرا چہِ ڈیڈِ تام  ، جانجرا کین سِدھین شِکست دِنہٕ باپت پیدل وتھ بناونُک اِرادٕ ، وننہٕ چھُ ایوان زِ تمۍ ٲس  800  میٹر وتھ بنٲومٕژ مگر کلیان بھِونڈی پیٹھ حسن علی خان سٕندِ مُغل حملہٕ کِنۍ ہِیوک نہٕ یہِ برونہہ کُن پکنٲوِتھ ۔ 
1360,کوورا چھنہٕ کٲنٛسہ تہ باقٕیو استعمال كرن كرن والیو٘ دٕسہِ سوالن ہنٛد جواب دنہٕ خٲطرٕ پونٛسہٕ دوان۔
1361,ہندوستٲنہِ  ٹیمٗک مریخک مشن اوس پٔزِ پٲٹھہِ ییمہِ دٗنِیاہ نیبر ۔ 
1362,یہ چھ تہنٛدس فصلس منٛز وۄپداونہٕ یوان ، تہٕ اتھ چھ فصلک دۄد ونان ۔
1363,گریکو-بیکٹیرین بادشاہ، ڈیمیٹریسن کوٛر ٹکراونک سرمایہٕ، تہٕ تم کوٛر 180 قبل مسیح آس پاس جنوبی افغانستان تہٕ شمال مغربی ہندوستان کیٛن کنہہ حصن پیٹھ فتح حٲصل، یمہٕ سۭتۍ ہند-یونانی سلطنتچ تشکیل گیہٕ۔
1364,وینس واپس ینہٕ پتہٕ اوس سہ نو دۄہن بیمار تہٕ پتہٕ مُود ۔
1365,"مےٚ چھَنہٕ پَتہ، مگر شایَد چھُ یِہ یِتھۍ پٲٹھۍ سَپُدمُت۔
"
1366,آدرش بالاکرشنا ہَن کوٚر یہِ مختصر فلم ریلیز کٔرتھ جشنوس باج پیش۔
1367,کینژو وریو پیٹھٕ چھ ؤری وادو پتہٕ سکمٕکۍ حکومتن سیاحتس بٔڈس پیمانس پیٹھ فروغ دیتمت۔
1368,نیدرلینٛڈن زیون ٹاس تہٕ کوٚرُکھ گۄڈٕ فیلڈِنگ کرنُک فیصلہٕ۔ 
1369,بہٕ چھس حیران ز یہ ایپ کوتاہ تیز چھےٚ میٛانہ فونک کیمرہ استعمال کٔرتھ چیزن ہٕنٛز شناخت کٔرتھ ہیکان۔
1370,تو٘ہہِ ہیكِیوُكھ فرِستس منز وۄستاد،كٗمبہٕ ، تہٕ دوست شٲمل کٔرِتھ ۔ 
1371,"یہ کھیل چھ اکھ عام رول اینڈ موو ٹریک بورڈ گیم۔
"
1372,جدید فوجن منٛز چھ پرٛیتھ سپاہس بطور معیٲری سازوسامان کم از کم اکھ  ہتھیار ۔
1373, اخبار ہندو  چھ واضح طور کمیونسٹ تہٕ یہ چھنہٕ وۄنۍ آزاد صحافتٕچ نمایندگی کران۔
1374,گرے مارکیٹرن ہنٛدِ  کٕنٛنہٕ ینہٕ وٲلہِ چیز چھِ عمومن   مجاز ڈیلرو كھوتہٕ  واریاہ کمس منز   کٕنٛنہٕ یوان ۔
1375,"تیم سٕندِس مٲلس، جویس کین زو سویتک، ٲس چینس منز پیدٕ گٔمٕژ۔

"
1376,کریگک بیاکھ اکھ اہم آجر چھ U.S. جنگلُک شعبہٕ ۔
1377,یہِ کرنہٕ سۭتہِ چھِو تۄہہِ اَمہِ کَتھِ ہُنٛد تصوٗر سپدان  زِ توٚہہِ  کۭتیٛاہہِ لَٹہِ چھِو نیبرٕ کھٮ۪وان تہٕ توٚہہِ کوتاہ چھِو فلمَن یا باقی تفریحس پیٹھ خرچان۔
1378,مےٚ کھوٚت خشم  ییٚلہ میٲنۍ بارچی ین تمی دۄہ چھٹی نیہ ییٚمہ دۄہہ میٲنس افسرس بتہٕ کھیٚنہ اوس ین۔
1379,ہدایت کار اجے بہلس ٲسہِ مرکزی کردارٕ باپتھ زٕ انتخاب، ریچا چڈھا تہٕ شلپا شکلا، ییمہِ سنزکٲم تس خاموش پانی منٛز پسند آمٕژ ٲس ۔
1380,چِپکو  كیو  سیٹھاہ اہم  خصوُصِیاتو منزٕ اكھ اوس  گامچٮ۪ن زنٮ۪ن ہٕنٛز بٔڑس پیمانس پٮ۪ٹھ شرکت ۔
1381,کرسمس زانہہ  مناونہٕ برونٹھ ٲسہِ، قدیم لوُکھ ونٛدٕ تیوہار  مناوان ۔
1382,یہ چھ انسانی ترقی ہٕندس اشاریہس منٛز ہندوستٲنۍ زیاستن منز 11 مس نمبرس پیٹھ ۔
1383,کنہِ پہاڑن کھسنہٕ کیٚن مُقابلن ہُنٛد مقصد چُھ یاتہِ کم کھۄتہٕ کم کوٗشِشن منٛز وَتھ مُکمل کَرٕنہِ  یا بڑوٕنہِ مُشکِل وتہِ پیٚٹھ سارِوٕے کھۄتہٕ زیادٕ دوُر مُقامس تانہِ  واتُن۔ 
1384,تِم گٔے منتقل تِکیازِ تِم حیوان یم تِم کھینہٕ خٲطرٕہ شکار ٲسۍ کران گٔے مختلف علاقن کُن۔
1385,درجہ بندی چھِ سارِوی کھۄتہٕ بنیٲدی علمی قٲبلیتو منز اکھ ۔
1386,مےٚ گٔیۍ ییمِہ کتِھہ سۭتۍ مایوسی زِ ہندوستان کین مختلف حصن منز کِیتھۍ حالات چھ  ییمہ سۭتۍ لکھ پریشٲنی ہٕندۍ شکار چھ ۔ 
1387,1761  منٛز کوٚر انگریزو ماہے یس پیٹھ قبضہٕ، تہٕ یہ بستی آیہ کداتناڈو کس حکمرانس دنہٕ۔
1388,"ییلپس پیٹھ کِتھ کٔنۍ ہیکو کاروبٲرۍ جٲیزٕ لیٚکھِتھ تِمَن ہِدایتن پیٹھ کٔرِو عمل۔
"
1389,"تاہم، ""مسیح چُھ وو٘تھمٗت !"" ہٗك پاسكل مٗبارك چھٗنہٕ وۄنہِ پاسكا كہِ اپوڈِسِس پتہٕ  وفادارن درمِیان اورٕ یور دِنہٕ یوان ۔
"
1390,کانگرویل ، الینوائے کانگرویل چھ ریاستہائے متحدہ امریکاک اکھ صوٗبہٕ.
1391,مزید 12ہن  مٗلکن منز ، زیادٕ تر جنوُب مشرقی ایشیاہس منٛز چھٗ رضاکارانہٕ رژھرنٗك  پروگرام ۔
1392,"پابٔنٛدی ہٹاونُک فیصلہٕ چھُ عراق کِہ حکومت کِس بین الاقوٲمی جانچ پڑتال دوران پننہِ نیشنل اولمپک کمیٹی خٲطرٕ آزاد انتخاباتُک اجازت دِنہٕ کِس معاہدُک نتیجہٕ۔
"
1393,امہِ پتہٕ کٔر تٔمۍ یہ رقم واپس سومبراونہ باپت مسلمانن امیرن ہنز جماعت قایم، مگر گَو ناکام۔ 
1394,اورنٛگ زیب سُنٛد جہان آرا آگرا قِلعس منٛز شٲہی قٲدٮ۪ن سۭتہِ بنٛد کَرٕنہِ تہٕ ؤسِتھ لُکن ہٕنٛزٕ كتھہٕ ۔ 
1395,"تَنقیٖد نِگار ترن آدرشَن دِِتہِ  5 ژو  منٛزٕ 3.5 سٹار تہٕ وو٘نٗن زِ  ""منجوناتھ چھِ اکھ یِژھ فلم یوٚس حٔقیٖقَت پسندانہٕ ، بہودٗر  تہٕ طاقتور چھے٘ ۔“۔
"
1396,चेस इंजन छि तिम कंप्यूटर सिस्टम यिम इन्सानस खलाफ शतरन्ज गिनदिथ हेकन .
1397,ریاست کس جنوب مشرقی حصس منٛز چھ عموٗمن کم شیٖن پٮ۪وان۔
1398,"بینیڈکٹاین ایبی اوس تقریباً مکمل طور قریبی رومی کھنڈراتن ہٕنٛزو کنٮ۪و سۭتۍ بناونہٕ آمت۔
"
1399,ژمہ ذٔریعہٕ جذب گژھن چھ زہریلہٕ اٮ۪کسپوجرٕچ ساروٕے کھۄتہٕ عام وتھ۔
1400,"وادی کشیر منز روز بدامنی تہٕ تشدد جٲری تہٕ 1987  منز أکِس تنازعہٕ وٲلِس رِیٲستی الیکشنس پتہٕ روز خود مختٲری تہٕ حقوقن پیٹھ احتجاجس منٛز شورِش برقرار۔
"
1401,سیٲسی جغرافی: یہِ پارَک چھَ دارجلنگ سب ڈویژن، دارجلنگ ضِلعہ، مغربی بنگال، بھارتَس منز واقع۔
1402, 27 ستمبر 2007 آو تمہِ سندِ  کنزرویٹو وۄمیدوار آسنٗك تصدیٖق کرنہٕ ۔
1403,یہ فلم گیہِ 20 ستمبر 2019 کہِ دۄہ رِلیز۔
1404,اتھ منٛز سوڈیم تہٕ چربی ہنٛز مٮ۪قدار چھ ڈیلی ریفرنس ویلیوس قٔریب۔
1405,والی بال چھ اکھ مشہوٗر تفریحی کھیل یتھ پوٗرٕ ہندوستانس منٛز گأمی تہٕ شٔہری دۄشوٕنی علاقن منٛز گنٛدنہٕ چھ یوان۔
1406,مدھیہ پردیش چھ مورینا ضلعس منٛز ماچھ پیداوارٕ موجُب تہ مشہور۔
1407,"مارکھا دریاو تہِ چھُ سٹوک رینج کِس جنوبس منٛز  نیران یَتھ منٛز 6,153 میٹر تھوٚد (20,187 فٹ) سٹوک کانگری پہاڑ شٲمِل چھُ۔"
1408,اکتوُبر 2002 ہس منٛز بنیو بلیک ہاؤس آف لارڈزٗک ممبر۔
1409,کردارن ہنٛز اندرونی نوعیت عیاں  کرنہٕ خٲطرٕ چھ بٗتھہِ مٗكھوٹہٕ تہٕ ووڈٕ دستار  شٲمل  کرنہٕ یِوان ۔
1410,"ؤری وادو پتہٕ، یِہ خیال، زِ دمٲغی خون کِہ بہاؤچ تیزی سان بحٲلی ہندِس نتیجس منٛز چِھ دماغچ خلیہٕ کم مران، یہٕ چُھ ثٲبت تہٕ گٔنزراونہٕ آمُت۔
"
1411,یِم چھِ  بِگ بینگ  برونٛہہ پیٹھٕكہِ  سیٹھاہہ طاقتور گاش ۔ 
1412,1995 پیٹھہٕ  زیوُن تِمو لگاتار ترٛیٚیہ لٹہِ سویِس کپ۔
1413,یہ چھ صحتچ نگرانی ہٕنٛز ترتیب تہٕ وسیع تر کمیونٹی منٛز تہٕ اکھ مسلہٕ۔
1414,1984 منٛز آو چین-برطانوی مشترکہ اعلامیہن ہنٛد شرائطن تحت اکھ سمجوتہٕ کرنہٕ، ہانگ کانگ بنیوو عوامی جمہوریہ چینک اکھ خصوصی انتظامی علاقہٕ۔
1415,اگر تو٘ہہِ  اكِس  بٔڑس شہرس منٛز  روزان چھوٕ تہنٛدِ ژانڈوُك نتیجہِ نیرِ  ہتہٕ بدٮ۪ن مٗشیٖرن ہُٕنٛد فہرست۔
1416,موجودٕ روٗسی بینڈی فیڈریشن نُک پیشرو آو 1898  منٛز قٲیِم کرنہٕ۔
1417,"بھاگیہ چندر تہٕ أمۍ سٕندیو جانشینو کٔرۍ ""منی پریشور"" یا ""لارڈ آف منی پور"" سۭتۍ نقش کرنہٕ آمٕتۍ وٹہٕ رۄپیہِ جٲری تہٕ انگریزو کوٚر میکلے ناو رد۔"
1418,پوجا ٲس ٲخری پھرِ  پنٛنہِ سخ ویٚسہِ کویتایہ ہٗند  گھرٕ تس سمکھٕنہِ تہٕ کیٛاہ تام ہاونہِ گٲمٕژ۔
1419,ینہٕ وز چھ سہ یہ ؤچھتھ حٲران گژھان ز أمہ سٕنٛز موج چھےٚ پنٛنس بیمس، ہلال سٕنٛدس لۄکٹس بٲیس، خرمس سۭتہ گیوان تہٕ اسان۔
1420,"امہٕ بجایہ چھ مختلف قسمک میموری دماغ کین مختلف علاقن منٛز ذخیرٕ کرنہٕ یوان۔
"
1421,"دُنِیاہ  کیٛن زِیٛادٕ تر حصَن منٛز چھِ سکروی ہٕنٛز شرح کم۔
"
1422,"تہ کیٛاز منٛصوٗبہٕ بنٛد مسٲفرن ہٕنٛد کھۄتہٕ زیٛادٕ چھ زیر زمین استعمال کران، اکثر چھےٚ برٕ گژھان۔
"
1423,گیمن ہنٛد گۄڈنیک سیزن چھ کنسول کس قۭمتس منٛز شٲمل۔
1424,اتر پردیشٕکۍ لوٗکھ چھ مختلف رؠوٲیتی تہٕ مغربی طرزن ہٕنٛدۍ پلو لاگان۔
1425,بلینے زاو برُکلین، نیو یارک شہرس منز ییٚتہ سپہ پلیوو بڈیوو۔ 
1426,کینٛہہ کھلٲڑۍ چِھ نہٕ سیڈل کمبل اِستعمال کران۔
1427,تمہِ تر٘ٲوِ  پنٗن خانٛدار تہٕ زٕ شٗرِ پتھ كٗن  ۔
1428,ریتہٕ کألِس منٛز چھِ واریاہ لُکھ واٹر  سکی كرنہٕ خٲطرٕ  خٲطرٕ جھیلن منٛز گژھان۔
1429,جناحَ ہن کٕر  مقٲمی سیٲست دانَن سۭتہِ  مِلِتھ  کٲم،  وونہِ گو٘ لکھنؤوَس منٛز  1938-1939 كین مدھے سہابا فسادن دوران ٲس  لیٖگ طرفہٕ یکساں سیٲسی آوازِ ہِنٛز کٔمی۔
1430,متبادل پٲٹھہِ كریو  کم تکنیکی طریقہٕ یتھہٕ کٔنہِ زن پنٗن كِریانہٕ تہٕ نٮ۪بر کھٮ۪نٕکہِ خرچہِ أکس کاکذ ٹٗکرس پیٹھ لیٚکھنچ كوُشِش ۔ 
1431,"جارجیایی  قٲدی چھِ اكسر دورانہِ حِراست اجتمٲعی عصمت دری رُکاونہٕ باپتھ اَکثَر ""جانورن ہٗند ماز"" بناوان۔
"
1432,یتیٛن شک آسہِ ، تشخیصچ تصدیق چھ لیبارٹری ٹیسٹ یتھ کٔنۍ ز سیرولوجی سۭتۍ کرنہ یوان۔
1433,تہوارٕک دۄہ چھُ گامٕکۍ گَرَن ہٕنٛدۍ آنٛگن صاف یِوان کرنہٕ تہٕ تازٕ گُہہٕ سۭتۍ سجاونہٕ یِوان۔
1434,ٹیرنٹ کاونٹی ہٕنٛدین حکامن ہُند خیال چھُ زِ بین بروکس منٛز آسہِ نار اکہِ بین ریاستی شاہراہس پیٹھ سگریٹ دٲرِتھ دِنہٕ سۭتۍ ہیوٚتمُت۔
1435,"شہرٕکین وکیلن  تہِ ٲسۍ کینٛہہ مجسٹریٹ اختیار حٲصِل۔
"
1436,کلاسیکی اشٹانگ  یوگ نظامَس منٛز چھُ یوگا ہُک حطمی مقصد سمادھی حٲصِل کرٕنہِ تہٕ تتھ حالتس منز  بطور خٲلص بیدٲری  روزُن ۔
1437,"کارتِک، ۲۰۱۳, منٛز ووت کافے بینے اکہِ ساسہٕ کھوتہٕ زیادٕ سِٹورن تام ـ"
1438,لائف انشورنس کارپوریشن آف انڈیا چھ کمپنی منٛز ساروٕے کھۄتہٕ بوٚڑ غٲر پروموٹر سرمایہ کار، یتھ 7.98% شیئر ہولڈنگ چھ۔
1439,لہذا کٔر تٔمۍ پنٕنۍ دۄشوٕے اتھ تہٕ پنٕنۍ تمام طاقت استعمال مگر سُہ ہیوک نہٕ یہ تُلِتھ۔
1440,ہسپانوی چِھ گیلیشیاہس منٛز تہِ بولنہٕ یِوان، مگر بنیٲدی طور  چِھ دویمِہ زبان پٲٹھۍ۔
1441,طویل وقفہٕ پتہٕ تھٲو تٔمۍ فلمن تہٕ سیریزن منٛز کٲم جٲری۔
1442,راتس روتوُن تھاوُن چھِ وُدۍ روزنٕچ علامت یا من کِس مَوادس پیٹھ زاگہ روزُن۔
1443,"فرض کٔرِو زِ تۄہہِ کٔرِو أکِس بینک كھاتس منٛز 1,500 ڈالر جمع۔"
1444,گندھاری چھُ اکھ پہٲڈی قلعہٕ یُس جنوبی ہندوستانہِ  ریاست تلنٛگانہ کہِ منچیریال ضلعہٕ کِس منڈاماری منڈل منٛز بوکلا گُٹا ہس نِش واقع ۔
1445,میتھیو، مارک تہٕ لیوک سنٛزن انجیلن منٛز چھےٚ یمو منٛز واریاہ دٔلیٖلہٕ درج۔
1446,یہِ اوس  بَٹہٕ وارِ دۄہ عیاں ، ییٚلہِ میپل لیفزَسن اوور ٹایِمَس منٛز پینگوئن 5-4 سۭتہِ شِکست دِنس پیٹھ ڈٹِتھ روُد ۔
1447,پرٛانہِ ورژنہٕ پتہٕ آو فونر بدلٲوِتھ ونڈوز 95 چلاون بنٛد کرنہٕ۔
1448,ییلہٕ بییہٕ ینہٕ واجِنہِ مران چھُ ، گۄڈنِچ پیر چھے٘ جنتس گژھِتھ خۄداییس سٕتہِ میلان  موكھشس منز گژھان ، لہاذا چھنہٕ تتھ  شرادٕكہِ نظرانہٕ دِنہٕ یوان ۔ 
1449,"دریاو بیسنَس منٛز چھُ پرٛیتھ ؤرۍ یہِ 1,000 ملی میٹر یا اوسط رُود پیوان۔"
1450,یہِ چِھ صوبہٕ تہٕ مشرقی حصس منٛز ساروٕے کھۄتہٕ بٔڑ میونسپلٹی۔
1451,ریاستی حکوٗمتن چھ ہند-میانمار سرحدی تجٲرتی بستی ہٕنٛزِ ترقی خٲطرٕ کھانوامس منٛز 127 ایکڑ زمین حٲصل کٔرمٕژ۔
1452,"جمٲژ منٛز چھِ سٲری لڑکہٕ أمہِ سٕنٛزِ خوُبصوُرتی تہٕ شخصیتَس تمبلان ۔
"
1453,نہرون کٔر ہندوستانٕچ نمایندگی تہٕ گوٚو سامراجس خلاف لیگ ہُنٛد ایگزیکٹو کونسل باپت منتخب یُس اتھ اجلاسس منٛز اوس پٲدٕ گوٚمُت۔
1454,سلنڈر، آئیووا سلنڈر چھ امریکاہس منٛزآئیووانس منٛزاکھ شہر ۔
1455,دمسک دمسک چُھ اکھ ووننُک ترتیب  یُس عام طورریشم یا ییرس منز اِستعمال گژھان چُھ ۔
1456, السرٹیو کولائٹس تہٕ کرونٕز بیمارِ چَھے٘ اِكوٹہٕ   ایمریكاہس منز  لگ بگ اکھ ملین لوٗكن مٗتٲصِر كران ۔ 
1457,حراستس منز باقٕی 12ہَو منٛز چھِ 16 تہٕ 17 ؤہٕرۍ زٕ لٔڑکہٕ تہٕ 24 تہٕ 25 ؤہٕرۍ زٕ مرٕد قتٕلہٕ کِس شَکَس منٛز گرفتار کرنہ آمتۍ
1458,یہِ ریاست چھےٚ  ہمیشہٕ   ہندوستانس منٛز کوہ پیمٲیی، بالن كھسنہٕ  تہٕ راک کلایمبِنٛگ خٲطرٕاکھ منزل روٗزمٕژ۔
1459,اتھ مقامس پیٹھ چُھ دویم بالر دویمس اندس پیٹھ تعینات یوان کرنہٕ، تہٕ فیلڈنگ طرف چھ تبدیل گژھان ییلہ زن بیٹِنگ كرن وٲلہِ  چھِنہٕ کران۔
1460,تِمن آسِہ نوکری اتھہٕ گٔمٕژ یا آسکھ نکھہٕ نہٕ وۄتھمُت قرضہ یتھ مطلق نہٕ تۄہِہ پتا آسِہ۔ 
1461,"یہِ ترتیب چھِ گۄڈٕنیوُك  چیز یُس تِم وِشو دۄہ وۄتھنہٕ وِز ؤچھان چِھ۔
"
1462,ریاستس منز چھ ریاستی حکومت چہ 13 ڈسپنسری، 22 کمیونٹی ہٮ۪لتھ سٮ۪نٹرز ، 93 پرایمری ہیلتھ سینٹر تہٕ 408 سب سینٹر ۔
1463,اتھ مقابلَس منٛز کٔر تمہِ  4 دسمبر چاینیز تیپایہِ  یَس خلاف شروعات۔
1464,گورنر سنٛد تقرر چھ برطانوی حکوٗمت کس مشورس پؠٹھ بادشاہ کران۔
1465,سُو آو جاسوسی تہٕ بینیڈکٹ آرنلڈس  مدد کرنُک مُجرم قرار دنہٕ ۔
1466,انفرٲدی کمپیوُٹرن چھٗنہٕ مائیکروسافٹس سۭتہِ رٲبطہٕ کرنٕٗك  ضروُرت ، حتاکہ کے ایم ایس سرور چھٗ  کران ۔
1467,تھریسورسس منٛز چھ تیوہارس منٛز اکھ جلوس شٲمل یتھ أنٛدۍ پٔکھۍ کٗماٹیکالی رقاص چھ آسان۔
1468,مے ڈِزیز: مے ڈِزیز چھ جاپانس منٛز اکھ عام قٕسمُک معمولی ڈِپریشن۔
1469,شٔدیٖد بین الاقوٲمی تنقیٖد تہ بیروّنی مُلکی سطحس پٮ۪ٹھ  کارٕبارس منٛز  پسرمایہ كٲری منز سخٕت کٔمی باوجوٗد تہِ روُدِ نیٛوٗکلِیٲیی تجرُبہٕ مُقٲمی سطحس پٮ۪ٹھ ہردِل عزیز۔
1470,یوٚدوے پٗرتگٲلہِ حكامو تہٕ خبر رساں ایجنسِیو اوس وونمٗت زِ ٕ یرغمالن منز  آسہٕ زٕ  زنانہٕ ، اصلس منز ٲسۍ یرغمالن منز تر٘ے مرد تہٕ اكھ زنانہٕ ۔
1471,بی وی بی یَن چھُ اطلاع دِیوٗتمٗت زِ سپینی سینٹر بیک مارک بارٹراہَس چھِ  دثہِنہِ اتھٕچ بٕڈ آدِج پھٗٹمٕژ ، تہٕ آس راتھ ژیرِ اپریشن كرنہٕ ۔ 
1472,"تِم چِھ خدایس تہٕ جہنمس، مرنہٕ پتہٕ زندگی تہٕ کرمس پیٹھ یقین تھاوان۔
"
1473,"2009 تام چھُ فلور بالُک کھیل لَگ بَگ 80 ہن مُلکَن منٛز گِنٛدنہٕ آمُت۔
"
1474,"تِم مہٕ أنیوُكھ  پانَس سۭتہِ  ؤكیٖل سٕنٛدِس دفترس منٛز یوتام  نہٕ یہِ پوٗرٕ پٲٹھہِ  ناگزیر آسہِ ۔
"
1475,ڈاکٹر چھ یہ براہ راست دماغک مطٲلعہٕ کٔرتھ کران یوٚت تام ممکن آسہٕ۔
1476,أمہ سٕنٛز خانٛدارنہ مانیاتا دت یوٚسہٕ پنٛنیٚن 2 دٗچہِ زامتین  شٗرین سۭتہِ روزان چھےٚ، چھےٚ لندنس منٛز مقیم لکھٲر ونی ڈیازس نش تمہِ  سوانح حیات  لیکھنہٕ تہٕ تمہِ سنزِ زندگی ہنٛز صوُرت عوامس برٛونٛہہ کنہِ پیش کرنہٕ خٲطرٕ رٲبطہٕ کران ۔
1477,سالٹ مارچس اوس وایٹ فلوینگ ریور تہِ ونٛنہٕ یوان تہِ کیٛازِ سٲری لوٗکھ ٲسۍ سفید کھٕدر  لٲگتھ جلوسس منٛز شٲمل سپدان۔
1478,پلے آفس منٛز چھ کل 16 کلب گنٛدان ۔
1479,"جولی چھُ واریٛاہ رکاوٹَو منٛزِ گزرنہٕ پتہٕ کامیٲبی سان مشرا ہس عدالتَس منٛز انان۔
"
1480,چنٛدرٛگُپت سٕنٛدِ حِفاظتہٕ خٲطرٕ کوٚر أمہِ سٕنٛدٮ۪و مامَو أکِس پٔہلِس سوٗ منٛگتہٕ رٹنَس منٛز مَدد۔
1481,وایرس ہٮ۪کہ مَژھن یا لگمینٹن تہِ دگ پٲدٕ کٔرِتھ ۔
1482,"कुकपेडन खुलॉव अंग्रीज़ी , सपेनी , इण्डोनेशियॉयी तॅ अरबीयस मन्ज़ ज़ियाफतन ह्न्ज़ सायट ."
1483,اگر تُہۍ تالابُک انتخاب چھِو کران تہٕ یقینی بنٲیِو زِ تتھ منٛز چھُ مختلف سرٛنیر تاکہ لوک ہیکَن ژھرٛانٛٹھ یا آبہ منزۍ پکنُک مَزٕ تُلِتھ
1484,پروجکٹ مینیجرن پز یہ یقینی بناون ز پروجکٹ گژھ موجودٕ حدودن منٛز فراہم کرنہٕ ین۔
1485,سی این این-آیی بی این نٕكہِ  راجیو مسندن کٔرِ یادو، شین تہٕ چٹرجی سٕنٛدِ  اداکٲری باپت  تعٲریف۔
1486,بۄنہٕ چِھ میجر لیگ بیس بال ٹیمن خٲطرٕ تمام موٗجوٗدٕ بال پارکن ہنٛد فہرست ۔
1487,امہ پتہٕ گٔیہ سۄ 1995تس منٛز فیکلٹی آف آرٹس اینٛڈ لیٹرزس۔
1488,انڈیمان تہٕ نِکوبار جزیرن منٛز چھ لگ بگ 50 ہن  قٕسمن ہندِ  جنگلی ببہٕ والہِ جانور لبنہٕ یوان۔
1489,تٔمہِ سٕنٛز پیشورانہٕ زندگی روُز 2015 پیٚٹھٕہ 2020 منٛز تمہِ  سٕنٛدِس مرنس تام جٲری ۔
1490,مَگر لَکشمی پَتہٕ کنہِ کُس اوس یہِ؟ یہِ ٲس سَبٕز أچھ واجیٚنۍ اَکھ کِرٛہِنۍ تہٕ سَفید بِیٛٲر۔ سِرٛنٛگیرِین ووٚن، “یہِ پٔچ پوٗرٕ وَتہِ اَسہِ سۭتۍ“۔ أمۍ سٕنٛزِ کورِ، عُماہن ووٚن، أسۍ وَنو أمِس مَنولی“۔
1491,تٔمہِ کوٚر دریافت زِ یلو فیورٗک پھہلاؤ تہٕ وجہہ اوس مٕہہِ سندِ پیٹھہٕ ۔
1492,چنئی منز جواہر لال نہرو سٹیڈیم چھ اکھ کثیر مقصد وول سٹیڈیم یس فٹ بال تہٕ ٹریک اینڈ فیلڈ تقریبن ہنز میزبانی کران چھ۔
1493,گیس چُھ أنٛدِ  پٔکہِ  پٔھہلان تہٕ چُھ ہَوا کہِ ذٔریعہٕ  مشرِقس کُن گَژھان۔
1494,تٔمۍ أنۍ ایڈوٲرڈ دی کنفیٚسر سٕنٛدۍ کٮ۪نٛہہ قونون واپس۔
1495,میزوس منٛز چلٲوو تعلیم یافتہ اشرافِیاہو میزو یونین کس بینرس تحت قبایلی سربراہن خلاف مہم۔
1496,امہٕ ورایٔے، تم بنو ملین انسان یم فاکی مران چھ تہٕ تم گژھن خوش اگر تم پیش کش آسن تمن دنہٕ یوان۔
1497,یہٕ گو تمہِ سندِس  قدامت پسند مٲلہِ سندین خیالاتن  خلاف ۔
1498,"یِم حٔقوٗق چھا پوُرٕ پٲٹھہِ ہتھیار بند  لَڑن والین 
 دِنہٕ آمٕتہِ ، یا یِم چھا فردن ہدِس بندوُق تھونہٕ كِس بدلاونہٕ نہٕ آمتِین  حقوُقن دِنہٕ آمٕتہِ ؟ "
1499,اشتامُدی کَیال، یَتھ رُکِتھ آبٕچ وَتھ ونٛنہٕ چھےٚ یِوان، چُھ  تقریٖباً 30 فیٖصد  كولمس پیٹھ پھہلِتھ ۔  
1500,اتھ چھ 104 یورپی تہٕ شمٲلی افریقی ایئرپورٹن درمیان 387 وتہٕ ۔
1501,ایکٹویٹڈ چارکول یا باقی فلٹرٕ سۭتہِ گیس ماسک ہٮ۪کہِ شاہ ہینہٕ كِس نِظامس حفاظت کٔرتھ ۔
1502,مغربی، جنوبی تہٕ شمال مغربی حصہٕ چھِ پہٲڑی تہٕ کُلۍ کٔٹو سۭتۍ بٔرِتھ۔
1503,برصغیر پاک و ہند کس جنوبی حصس تہٕ دارجلنگس أنٛدۍ پٔکۍ شمٲلی علاقن منٛز چھ واقعہٕ بڑان۔
1504,لیزا فونساگریوز چُھ بٔڑس پیمانَس پیٹھ دنیِہُک گوڑنیوک سپر ماڈل سمجھنہٕ یِوان، یَتھ کیریئرک آغاز 1930 کِس دہائی منٛز گو۔
1505,ہوٲئی جہاز بناون وٲلۍ یا ایئر لائنٕکۍ نمایندٕ ہٮ۪کن تکنیکی مشیر پٲٹھۍ بی ای اے یَس مدد کٔرتھ ۔
1506,یہ اوس متھراہس نش برسانہ قصبس منٛز اصلی ہولی کھۄتہٕ واریاہ برٛۄنٛہہ مناونہٕ یوان۔
1507,وادی منٛز چھِ دانہِ، کٔنٕک تہٕ چارواین باپت گھاسہٕ  ہِوِ فصل تہِ  اصل پٲٹھہِ وۄپداونہٕ یِوان۔
1508,نیویلس گوٚو لنڈا جون بورکس سۭتۍ 1959 ہس منٛز خاندر یوٚتام تمن 1997 تس منٛز طلاق سپد۔
1509,سہ چھ آئس ہاکی کھلٲڑۍ ٹائلر ارناسن سنٛد مول ۔
1510,تٔمۍ کوٚر اکہ وز 100000نفرن تبلیغ ۔
1511,یہ توجہ اوس آزادی پتہٕ کیرالہ حکومتن برقرار تھوومت۔
1512,"جارج اوس نہٕ پٕزِ پٲٹھہِ  کٲنٛسہِ یِتھِس سمكھیومٗت ، تہٕ تمہِ  کٔر پٔزِ پٲٹھۍ أمہِ  سٕنٛزِ دلچسپی ہنز  حوصلہٕ افضٲیی ۔
"
1513,"ٹریک اینڈ فیٖلڈ ٹیمہ سۭتۍ زیٖنۍ تٔمۍ براڈ جمپس منٛز ایوارڈ۔
"
1514,یوٚدوے نسبتا کم چھ، بٲتھ ہٮ۪کن ختٕم گٔژھتھ، پتہٕ ہٮ۪کن واپس یتھ۔
1515,"تَمہ وقتٕک باقی واقعن ہٕنٛدۍ پٲٹھۍ ٲسۍ تقریبہِ مُتعلِق پوسٹ کارڈ بناونہٕ آمٕتۍ۔
"
1516,پرٛژِھیوس ، “تُہۍ کیاہ چِھو تیٚلہِ کِرسمس خٲطرٕ یژھان؟“
1517,"تمۍ سُند گۄڈٕنیُک اِرادٕ اوس ڈاکٹر بننُک، مگر ٲخٕر کار کوٚر أمۍ اکھ اداکار بننُک فیصلہٕ، پنِنِس مٲلۍ ٹی تھیاگراجنہٕ سٕنٛدۍ پٲٹھۍ، اکھ پروڈیوسر تہٕ فِلم ڈائریکٹر تہِ۔
"
1518,امریکہٕچ مردَن ہِنٛز آئس ہاکی ٹیمہِ دیُت سرمٲیِی اولمپکَس منٛز  اتھٕوارِ دۄہ ابتدٲیی راؤنڈ گیمہِ منٛز میزبان ملک کینیڈاہَس 5-3 سۭتۍ شِکست۔
1519,کٮ۪نٛہہ مٲہریٖن چھ ونان ز اتھ چھ کم از کم 3یہ پٮ۪ٹھٕ 4 ؤری لگان۔
1520,ٹریفک آو  اتھ تاریخس تام نوِس  برلن برینڈن برگ   ہوائی اڈس كٗن  منتقل کرنہٕ ۔
1521,"نایڈیریا نایڈیریا چھ اکھ فایلم یتھ منز تقریبا 11,000 حیوانن ہنز  زُوزٲژٕ چھ ۔"
1522,یتھہ معاملٕچ اکھ مثال چِھ فلپینن ہنز ۔
1523,1857ہَس مَنٛز بَرطانوی دورس مَنٛز، کُوٛر اَووا  كِس ٹھاکُر سٕنٛزِ سَرپَرٕستی مَنٛز  پالی کیٛو مُختٕلِف ٹھاکُرٕو بَرطانوی حُکومتَس خٕلاف جَنٛگ
1524,"سٹارَو کٔر جھلک دکھلا جا ہَس پٮ۪ٹھ اَمِچ تشہیر ییٚتہِ سُشانتَن مادھوری ڈکشٹَس رٲغب کٔر۔
"
1525,عام   ڈاكٕكہِ پٲٹھِہ  ہیٚکن  استعمال کرن والٮ۪ن واریاہ نہٕ یژھٕٕتہِ  ضروری میل میلِتھ ۔
1526,9 مہِ-10 ہِمہِ صٔدی تانہِ ٲسہِ کننڑ زبانہِ ہِنٛدِ کینٛہہ قٲبلِ ذِکر لِکھٲرِ گۄڈیہ موُجوُد ۔
1527,2003 ہس منٛز درٛاو اتھ کلبس لگ بگ دیوول تہٕ جوٗپ منسٹرمینن چییرمین سنٛد عہدٕ روٚٹ۔
1528,ساینس دانن ہنٛد خیال چھ ز پنٛنہ جایہ ہنٛد نۄقصان ہیٚکہ أمس مٲنہ خٲطرٕ خطرٕ أستھ۔
1529,"بھنسالی ووٚن اتھ ولیم شیکسپیر سٕنٛد المیہ رومیو اینڈ جولیٹٕچ ""دیسی موافقت""۔
"
1530,"بیرَن کٔر گۄڈٕنِچہِ لَٹہِ 1895 تھس منٛز سرکٲرِ طور امہِ کھیلٕچ وضاحت شایع،سٕتی زنانَن ہٕنٛدِ باسکٹ بال خٲطرٕ قٲیدٕ  ہٕنٛز گۄڈٕنِچ کِتاب تہِ ۔
"
1531,"اتھ چھُ گول چھت تہٕ یہِ چھُ لکشمی نارائن مندرَس ہیٚو بوٚڑ۔
"
1532,کم وزنی چیز، مثلاً، تھرموکول، چھِ اَز تہِ کُنہِ کُنہِ ساتہٕ اِستعمال یِوان کرنہٕ، حالانکہِ وَس چھِ  وُنہِ تہِ زیادٕ تر لٔکٕرِ کامہِ سۭتۍ بناونہٕ یِوان۔
1533,2003-04 رپورٹو مطابق چھ لگ بگ 11 لچھ لوٗکھ گاڈٕ رٹنس تہٕ متعلقہ سرگرمیہٕ یتھ کٔنۍ زن ہۄکھناونہٕ، پروسیسنگ، پیکنگ، برآمد تہٕ اکہ جایہ پٮ۪ٹھ بیس جایہ سوزنہٕ سۭتۍ پنن روزگار کماوان۔
1534,"فولڈیبل لان کرسی چھِ اکھ واریاہ بوٚڑ فایدٕ تِکیازِ پتھرس پیٹھ بِہنہٕ سۭتۍ لگوٕ تۄہہِ تیزی سان سردی۔
"
1535,سُہ اوس وارِیاہ تموك چوان مگر شرابہٕ نہٕ ، رے اوس کامہِ ساروی کھۄتہٕ زِیٛادٕ  اہمیت دِوان۔
1536,این ڈی ٹی وی یہكہِ  سایبل چٹرجی ین  دِتہِ فلمہِ 2/5 سٹار تہٕ وونُن زِ فلم چلے ڈگوبٹی سٕنٛدِ سۭتۍ۔
1537,درج فہرست قبایلن منز چھ ٹھاکر، ورلی، کونکانہ تہٕ ہلبا ہوۍ آدیواسی شامل۔
1538,نقصان چُھ یِہ زِ أچھ ہند  ماسکہ  بدلاونٕچ قٲبلِیت آیِہ عام پٲٹھۍ کم یا ختم کرنہٕ، یِہ چُھ یتھ پیٹھ منحصر کہ کَمِہ قٕسمُک لینَز آو لاگنہٕ ۔ 
1539,مژھن ہٕنٛز دَگ روٗز خراب گژھان تہٕ صبحٲے 2:45 بجہِ گٔیہِ سۄ ٹیٖم ڈاکٹرَس نِش۔
1540,یونایٹڈ سٹیٹس آرمی اییر کورپسن کوٚر 1942-1947 ہس درمیان ہوٲیی اڈس پؠٹھ قبضہٕ۔
1541, یہٕ چُھ اینگلیکن کمیونینک مدر چرچ ۔
1542,کتھک چُھ اکھ قدیم پیشكٲری ہٗںد فن یٗس شُمٲلی ہندوستانَہٕ  منٛزٕ وۄتلیو ،  ییٚمیوٗك موُل رقص اداکٲری ذٔریعہٕ دیو مالٲیی تہٕ روحٲنی دٔلیٖلہٕ  دُبارٕ ونن والین مٗسٲفِر  شٲیرن منٛز چُھ ۔
1543,"بفیلو سیبرزَن دِژ ژٔنٛدٕروارِ ہنزِ  رٲژ  این ایچ ایل پلے آف کِس گۄڈٕنِکِس راؤنڈَس منٛز بہترین ستن سیریزَس منٛز 2-1   برتری حٲصِل كرِتھ نیو یارک آئی لینڈرس شِکست  ۔
"
1544,کاگویا اوس اوٹسوکی قبیل کِہ اہم خاندانُک رُکُن۔
1545,"आडेसिटी आयि 28 मई, 2000 दोहॅ जॉरी करन्.     "
1546,آٮٔی او سی صدر جیکس روگن کوٚر جمع دۄہ کوپن ہیگن، ڈنمارکس منٛز آٮٔی او سی اجلاسس منٛز یہِ  اعلان۔
1547,نوح سنٛد جوش اوس أمۍ سٕنٛد پُرجوش جشنس منٛز سیوٚد بوزنہٕ یوان ییٚلہ أمۍ سُند ٹیم فتح یاب گوٚو۔
1548,سکاٹش چرچ کالج، یُس جنوبی ایشیا ہُک ساروٕے کھوتہٕ پرون کرسچن لبرل آرٹس کالج چھٗ ، گوٚو 1830 ہس منٛز شروٗع۔
1549,سۄ ٲس انگلینڈ کہِ جورِ منگتہٕ نِمژ تہٕ یتیٚیہ پلے سۄ۔
1550,یہٕ آو  جی این یو فری ڈاکیومینٹیشن لائسنسس تحت شایعہ کرنہٕ ۔
1551,ایکسایز انسپیکٹرس ٲس میٲنیۍ ژران تکیاز مےٚ اوس تس چک پوسٹس پیٹھ پنن ٹرک تراونہٕ باپت رشوت دنس انکار کوٚرمت۔
1552,"استان آیہِ  دوٚیمہِ صدی قبل مسیح پیٚٹھٕہ 5 مہِ صٔدی عیسوی تام تیار کرنہٕ۔
"
1553,ستاواہن دورس منٛز درایِہ دَکن  علاقس منٛز واریاہ بودھ خانقاہن ہنٛزٕ جایہ ۔
1554,ساروِی کھۄتہٕ عام نوینہ سیل بوٹ چھِ سلوپ، یَتھ منز اکھ مستول تہٕ زٕ سیل چھِ، ییٚمۍ عمومَن برمودا رگڈ مین، تہٕ اکھ ہیڈ سیل چھِ۔
1555,ینہٕ پیٹھہٕ یو پی آٮٔی متعارف کرنہٕ  آو ،مے٘ ووت وارِیاہ زیادٕ نیبرٕ خرچاوان تہٕ کھاتس منز چھٗم وارِیاہ كم بقایا ۔ٔ
1556,"لنکنن کوٚر 90 ہن دۄہن خٲطرٕ 75,000 رضاکارن ہنٛد مطالبہٕ ۔"
1557,ژٔنٛدٕروارِ دۄہ ییمہِ فُٹ بال فیسٹیولٕچ  سوٗ میزبٲنی کرِ تٔتھ  چھِ حُکامو نۄقطہٕ چینی كٕرمٕژ ۔
1558,کٔمیٖٹی روُز پتہٕ فیٚکٹرٛی ہِنٛدیٚن کامگارن نہِنٛز موجوُدٕ طِبی حالت برٛونٛہہ کالہِ فیٚکٹرٛی منٛز پارٕدِس سٕتہِ كٲم كرنہٕ کِس عملس  سٕتہِ  جوڑنہٕ خٲطرٕ سیٚٹھاكٲفی  ثٔبوٗت ژھانٛڑنس منٛز ناکام ۔
1559,علامتہٕ چھے٘ تمِہ وِزِ مٗختٔلف آسان ییٚلہ ٹاکسِک شاک سنڈروم مختٔلف بیکٹیریاہن ہٕنٛدِ وجہ كِنہِ گژھان چھٗ ۔
1560,"اِٹزگَرنڈ: اِٹزگَرنڈ چِھ جرمنی کِس باویریا ضلع کوبرگس منز اکھ میونسپلٹی ۔
"
1561,اتھ فلمہ منٛز چھ ارشد وارثی، بومن ایرانی تہٕ امرتا راو شٲمل۔
1562,"اوپسیتھ گزریو 3 دسمبر 2017 فرڈے یس منٛز 81 وہر۔
"
1563,"شٗمالس تہٕ جنوُبس درمیان اوس حکوُمت کِس کِردارس مٗتعلق بیاکھ اکھ بحث ۔
"
1564,أمس ملیٚو ٹریک اینڈ فیلڈ ، گولف ، بیس بال تہٕ باسکٹ بالہٕ منٛز واریاہ کامیٲبی ۔
1565,برینڈو منصوٗبہٕ منزٕ نؠبر کڑنہٕ پتہٕ کٔر پروڈیوسرو أمۍ سٕنٛز جاے جیمز کوبرن ننٕچ کوٗشش، مگر رے گوٚو مایوس تہٕ آو کلکتہ واپس۔
1566,تتہ سوٗز تمو سہ اوساج قبیلس سۭتۍ مطٲلعہٕ کرنہٕ خٲطرٕ اوکلاہوما۔
1567,کتھک كلی طرز، اصل پو٘شاکھ  ، موسیقی وول  ڈراما چُھ باقین ثقافتن منٛز لبنہٕ یِوان۔
1568,تٔمۍ بنوو 1010 عیسوی منٛز برہدیشور منٛدر تہِ۔
1569,"منوسمرتی چھِ ونان زِ اگر یِتھِس لڑایہِ یا لڑایہِ دوران کٲنٛسہِ جنٛگجوٗ سُنٛد ٹاپ گانٛٹھ یِیہِ، تیٚلہِ پَزِ مُخٲلِفَن تٔمِس جٲری تھونہٕ برٛونٛہہ پنُن مَس بنٛد کرنہٕ خٲطرٕ وقٕت دِیُن۔
"
1570,2014 ہس منٛز آیہ ہارڈ راک پرفارمنس ایوارڈ گروپس منٛز شٲمل کرنہٕ۔
1571,سُہ اوس اکھ بیرسٹر تہٕ زیُٹھ رہنُما انڈین نیشنل کانگریسُک، یِمَو ملکٕچ آرٲدی ہنٛدِ جدوجہد باپتھ اکھ اہم کِردار ادا کوٚر، تہٕ وُچھُن اَمیُک ملاپ اکہِ یکجت آزاد ملکٕکۍ پٲٹھۍ۔
1572,سرکٲرِ تقریبہٕ چھ امہ دۄہ تھیروُ اننتھ  پوُرم ، کوچی تہٕ کوزی کوڈس منٛز آتش بازِ سۭتۍ زبردست زوُلہٕ  سۭتہِ شروٗع سپدان۔
1573,یہ بٔڑ بے عزتی برداشت کرنس منٛز ناکام روُزِتھ ، دیت تٔمۍ پنٛنہ خانٛدارینہِ تہٕ شٗرس  پانس ہیتھ زہر۔
1574,اکہِ ساتہٕ اوس أمہِ بادشاہ ہُمایُن سٕنٛدِس نیٚچوِس، مِرزا محمد حٔکیٖم سٕنٛزِ کورِ سۭتہِ تہِ خانٛدر کوٚرمُت۔
1575,کانٛہہ تہِ رد عمل دپدِ  یُس اكہِ  نظامٕچ مجموعی آزاد توانٲیی  کم کرِ  ۔
1576,یہ چھ سمو وس متعلق ، واکا وو کاسواری ۔
1577,گلاسگو کِس روزَن وٲلِس مارگریٹ میک ملنَس ٲسہِ 123 زُرِ، مگر سوٗ گُزریٛوو پٔتمہِ ؤرِیہِ 98 وٗہٗر ۔
1578,جوُن 1960 ٹھس  منٛز بنیٛوو سٗہ جنوُبی کوریا ہٗک شیٚیم ؤزیر اعظم ۔
1579,مےٚ اوس خوف ز صفٲیی کرن وول ٹیم کرِ نازک سامان صاف کرنس منٛز غلطی تہٕ کرِ کلائنٹ سٕندس دفترس منٛز تمن نقصان۔
1580,بارنوا،  بارنوا چھُ ٹرٛشنریوٗتھ ، باویریا ، جرمنی منٛز اَکھ قصبہٕ ـ 
1581,گگر ہٮ۪کن ذخیرٕ كرِمتن دانن منٛز خۄد بہٕ خۄد    ظٲہر گٔژھتھ یا کھۄڑٕ کیٚمہِ ہیكن خۄد بہٕ خۄد    مازس منٛز ظٲہر گژھتھ ۔
1582,فُٹیج چھےٚ اَکھ کیمرا ہاوان، یُس اتھہٕ سٕتہِ چلٲوِتھ  خاص طور واقعن پٮ۪ٹھ توجہ چھٗ دِوان  ییٚلہِ تِم سَپدان ٲسہِ ۔ 
1583,کولور علاقس منز ٲس لالن ہنز کان کنی سرگرم۔
1584,فلمِ ہِنٛز پرنسپل فوٹوگرافی گیۍ 21 اکتوبر 2017 منز شروع۔
1585,تٔمۍ کٔرۍ 2019۔20 کِس سیزنس منٛز پننین گۄڈنکیٚن دہن مقابلن منٛز ستھ گول ۔
1586,سنگھ چھُ سِکھن یِکوٹہٕ تہٕ خۅشحال سِکھ سلطنت چہِ بنیٲذ تھاونہٕ خٲطرٕ یاد کرنہٕ یِوان ۔ 
1587,تہنٛد ڈے کیئر ہیٚکِہ یمو منٛز اکھ ٲسِتھ، یُس تۄہہ پونٛسہٕ بچاونس منٛز مدد کٔرتھ ہیٚکِہ۔
1588,یہِ چھٗ از جادوُگرِینین ہنٛزِ اکہِ جمٲژ باپت استمال سپدان ۔ 
1589,باقین قسمن منٛز چھ ویسکولر ڈیمنشیا تہٕ لیوی باڈی ڈیمنشیا شٲمل۔
1590,اكھ لو٘كٗٹ تماشہِ یا گیم توہِ  تام واتناونس لگہِ نہٕ زیادٕ ہُریمانہ خرچہِ۔
1591,گول پوسٹہٕ چِھ دۄن اختتامی لائنن ہنٛد ہوٲئی جہاز کس مرکزس منٛز واقع۔
1592,"لوکو چِھ یہِ مٲن سطح سمندر پیٹھ 700 پیٹھہٕ 1700 میٹر کہِ درمیان ؤچھمٕژ۔
"
1593,ڈکرسن موٗد 23 دسمبر 2021 ہس منٛز 82 وہر وٲنٛسہ منٛز ۔
1594,میگھالیہ چھ ہندوستانس منٛز تمن ترٛین ریاستن منٛز اکھ یمن منٛز عیسٲیی اکثریت چھ۔
1595,تیم سٕندِس مٲلس ماجہِ ٲسۍ اداکار کرسٹوفر پلمر تہٕ ٹامی گریمز۔
1596,سہُ تہٕ تس سُنٛد مۄہنیُو دادوٗ ٲسہِ  تتہِ  تمو دِیوٗت تس اكھ كمرٕ۔ 
1597,اتھ حِربس ٲسۍ واریاہ لوکھ خوفناک جسمٲنی طور خطرناک زانان۔
1598,سوسائٹی فار انٹرنیشنل ہاکی ریسرچَن دِژ تَمہِ وِزِ یہِ کھیلَن ہٕنٛدiن مورخن ہندِ خٲطرٕ اکھ اَہَم دریافت قرار۔
1599,تمۍ سند خانقا چھُ بنگلہ دیش کس سرحدس پیٹھ سرپنگ/لور گڑھس منٛز  مگر تمۍ سند مزار چھ میگھالیہ ہس منٛز لور ہلس پیٹھ۔
1600,نیون ٹریز: نیون ٹریز چھ پرٛووو، یوٹاہک اکھ امریکی متبادل راک بینٛڈ۔
1601,"خٔریدٲری باپتھ بازَر گژھَنہٕ برٛونٛہہ، ؤچھِو اَتھ ہیندسس  کُن تہٕ کٔرِو پنٕٗن  مجموٗعی مقصد یاد۔
"
1602,گوداوری تہٕ کرشنا دریاو چھ ریاست منزۍ وسان یِم آبپٲشی فراہم کران چھِ۔
1603,سٹیونزن کٔر 1991 منز یونائیٹڈ سٹیٹس فارن سروسس منز شمولیت ۔
1604,اکبرن مون  تہٕ دِتُن سٔلیٖمس پنٛنِس محلس منٛز یِنُک اِجازت۔
1605,رٮ۪وٲیتی طور چھِنہٕ گُڈ فرٛایڈے یا مُقدس بٹوارِ دۄہ ایسٹر وِجِل تام کانٛہہ تہِ گھنٹی واینہٕ یِوان۔
1606,مےٚ اوس اتھۍ سڑکہ پیٹھ پانس مقابلہٕ کرن والین نشی سٹور کھولنس متعلق خدشہٕ تہٕ تمہ سۭتۍ  ہیٚکہ اسہ ناکارٕہ اثر پیتھ۔
1607,چارولتا ٲس رے سنزو  پَسَنٛدیٖدٕ فِلمو منٛز اکھ تہٕ یہِ ٲس واریاہو تَنقیٖد نِگارو دسہِ   تمہِ سنز کامیاب ترین ماننہٕ یوان ۔
1608,کھمبا پیٹھٕ آمٕتۍ تحفہٕ رٔٹۍ ملکایو  تہٕ تہنٛزیو کنیزو خوشی سان۔
1609,تُہٕنٛزِ وِنڈو شاپنگ ہِنٛدِس مقصَدس پیٚٹھ  مٗنحصر  ہیكوِ توہہِ  وِنڈو ڈیسپْلے وٗچھان کینٛہہ مۄخصر نوٹ تٗلٕنہِ یژھِتھ ۔ 
1610,وُہِمہِ صٔدی ہِنٛدِس  شُروٗعاتس  ارٕ ورٕ ٲسہِ بو٘كسر قونوُنی  قٔبوٗلِیتہٕ باپت جَدوجہد  كران ۔
1611,"ؤرِیہِ کِہ  کُنہِ تہِ باقی وقتہٕ کھۄتہٕ چھِ رٮ۪تہٕ کٲلِس منٛز زِیٛادٕ لُکھ خانٛدر کَران تہٕ اَکثَر چُھکھ نقلی فرنیچر سامان آسان یٗس  كِفٲیتی  دُکانَن پٮ۪ٹھ آسان چِھٗ ۔ 
"
1612,1952 منز گو برینبویم خاندان اسرائیل منتقل ۔
1613,یَتھ واقعس منٛز سپدییہِ بٔنٛدوٗق بردارس سان 31 لُکھ مارٕ۔
1614,یہٕ چھ تمن جاین ہنٛد مالک یم فلمہٕ، ٹیلی ویژن نیٹ ؤرک تہٕ باقٕے تیار چھ کران۔
1615,اگر کٲنٛسہ نفرس شاہ کھالنس والنس منٛز دشوٲری چھےٚ باسان، تس ہیٚکہ سیوٚد بہتھ روزنہٕ سۭتۍ آرام میٖلتھ۔
1616,خراب موسم نظر تل تھٲوتھ ہیکا بہٕ ماونٹ ایوریسٹ بیس کمپس تام یہ ٹرٛپ رد کٔرتھ؟ 
1617,1920 کِس دہلس دوران گیہ عمارتٕچ مِلكِیت  الیکٹرسٹی اتھارٹی مٖنتقل ۔
1618,مارٹیل چٗھ یورپی  وسطی دورٗك   بانی شخصیت ماننہٕ یوان ۔
1619,"سٹیڈیمَس منٛز ٲسہِ اے  ایس  موناکو ہكہِ حٲمی راتھ  حٲدثُک اعلان گژھنہٕ پتہٕ  ""ڈارٹمنٛڈ! ڈارٹمنٛڈ!"" ونان وٗچھنہٕ  ۔
"
1620,تۄہہِ پییہِ امِچ ضروُرت ییلہِ توہہِ ییہنزن بننہٕ وادن سٕتہِ كٲم كریو٘ ۔ 
1621,پٗتھانڈوُ  کِس موقعَس پٮ۪ٹھ چھُ  مٮ۪وٕ (امبہٕ ، کیلہٕ تہٕ كٹہل   )، پانہٕ ؤتھٕر تہٕ سٗپھٲرِ ، سۄنہٕ/رۄپہٕ زیورو ، سِکو٘/ہارو  ، پوشو تہٕعٲنہٕ سٕتِہِ اكھ تھال سجاونہٕ یوان ۔ 
1622,"امہِ پتہٕ پو٘ك  یہِ مارٹینیک، سینٹ لوُسیا تہٕ سینٹ یوسٹیٹیئس كِنہِ برونٛہہ۔
"
1623,"یہِ منٛدر چھُ مندرن ہٕنٛدِس قصبس سون پوٗر، سُبرن پوٗر ضِلعہٕ، اُڈیسہ، ہندوستانَس منٛز واقع۔
"
1624,تم کُنزٕ، یم ووڈس پننس پروازس منٛز رأوِ ، چھے وٗنہِ لبنیہ ۔
1625,تِم چِھ آسان ٹرگرَس لمنَن تَیار  ییٛلہٕ ریوالور رانی یِوان ِچھ، تمام بندوقہٕ چِھ دہان تہٕ بچاوان تمۍ سُند زُو۔
1626,"اولیگوسِیٖن شکلہٕ چھِ کَچھ تہٕ آسامس منٛز وُچھنہٕ یِوان۔
"
1627,یہ ہٮ۪کہ شرابس نار دِتھ ییٚلہِ اتھ سۭتۍ رلاونہٕ یی۔
1628,ऑफिशल वेबसाईट रूज़ 2008 ठ्स ताम  यल् त् पत् आस न् यि चलान . 
1629,"یہِ چھُ اوڈیسا کین کالاہانڈی، رائیگڑا تہٕ کوراپُٹ ضِلعن تہٕ آندھرا پردیش کِس سری کاکولم، وجیا نگرم ضِلعن ہٕنٛدۍ کینٛہہ حصو کِنۍ نیران۔
"
1630,"مانو٘ زِ ، تۄہہِ زونوُہ زِتو٘ہہِ  چِھو پرٛٮ۪تھ رٮ۪تہٕ 350 ڈالر نٮ۪برٕ کھٮ۪نہٕ خٲطرٕ خرٕچ کران۔
"
1631,گوٹیبو، اوکلاہوما: گوٹیبو چُھ  امریکا کہِ اوکلاہوما ریاستٗک اکھ شہر۔
1632,جنوری 2008 ٹھس تام ٲسۍ سٹیج 6 ہس کل 10.7 ملین وِیوز۔
1633,یہِ علاقہٕ اوس  یورپی باشندن ہنِٛد ذریعہٕ آباد جنوُب مشرقی میساچوٗسٹسٗک گۄڈٕنیُک حصہٕ  ۔
1634,اوپیرا ویب براؤزرس منٛز چھٗ براؤزرس منٛز اکھ آی آر سی کلائنٹ  بناونہٕ آمٗت  ۔
1635,پننس نٔوس گھرس منٛز روزنٕچ گۄڈنکس شامس دوران چھے٘ جوُرِ  دھرُ٘و( قُطبی تارُكھ ) تہٕ اروُندھتی ناوٕ تاركھ وُچھان۔
1636,"یہِ جیٚشٕن چُھ ترٛیٚن حِصن پیٚٹھ مشتمل: لفظٕچ عبادت، صلیبس  زینت، تہٕ مقدس اجتماع۔
"
1637,ڈیزاینر دواہ چھ نہٕ حکومت کہ طرفہٕ منظم کرنہٕ یوان، تیکیاز تمن ہنٛد استعمال چھ خطرناک ۔
1638,ونٹر یونیورسیڈ 2007چِہ گۄڈنکِہ0 کھیلس منٛز ہارنوو کینیڈا کِس ہاکی ٹیمن یو ایس اے یس 5-0، ییٚلہ زَن بیٚیہ أکس کھیلس منٛز اٹلی ہنٛد ہوم ٹیمن قازقستانس نش  3-1 سۭتۍ ہارنوو۔
1639,نوٗنہٕ ٹیکس اوس برطانوی راج چہِ ٹیکسٕچہِ آمدٔنی ہُنٛد 8.2 فیصد تہٕ اوس نٗمایاں طور  غریب ترین ہندوستانٮ۪ن  نۄقصان واتناوان۔
1640,1950 کس دٔہلہ کس شروٗعاتس منٛز آو شہرس واٹر فرنٹک اختیار واپس دنہٕ۔
1641,جونسیل جونسیل چھ سویڈن کس ویسٹرنورلینڈ کاؤنٹی منز سولفٹی میونسپلٹی ہند اکھ علاقہٕ ۔
1642,اَمہِ دۄہ چھِ ماہ دی دالِہ ہٕنٛز کھِیژٕر  تہِ بناونہٕ یِوان تہٕ اَمی مۄکھٕ چھُ اَتھ دۄہَس 'کھِچڑی والا پروا' تہِ ونان ۔ 
1643,مزٕ  کہِ پرٛٮ۪تھ پڑاؤ پتہٕ تہٕ  رنگن ستۍ کھیلنہٕ یِوان لوٗکھ چھِ  گجیا، متھری، مالپواس تہٕ  باقےٕ  روایتی لذیذ پیش کران۔
1644,سانیو شریو ہیوٚت واریاہ سوچتھ پنٛنہ ماجہ تٔمہ سٕنٛدِ زا دوہ خٲطرٕ لیپ ٹاپ تہٕ کٔرٕکھ خۄش۔
1645,یتی آیہ دِلہِ ہندِس  تختس بیہن واجینہِ  گوڈنِچ خاتون  رضیہ سلطان تمۍ سندِ  شکست کھینہ پتہٕ قید كرنہٕ تہٕ تختہٕ پیٹھہٕ ہٹاونہٕ ۔ 
1646,نظریس  یا حیكمت عملی  متعلق مسٲیل حل کرنہٕ خاطرٕ، ٲسہِ  بشپ اکثر علاقٲیی عیسٲیی مجلِسن  منٛز جمع گژھان ۔
1647,"پیدٲئشی اوکولو موٹر پالسیزن ہٕنٛز اکثریت ہٕنٛز بُنیاد چھِ اِڈیوپیتھک۔
"
1648,فری سٹائل سکرپٹ چھ اکھ کرسو فونٹ یس مارٹن ویٹن 1981 منٛز ڈیزائن کوٚر ۔
1649,میژِ ہٕندۍ یِم قٕسم چھ مختلف پھلن تہٕ سبزین ہندۍ فصل یتھ کٔنۍ امبہٕ، سنگتر، ناریل، گنہٕ، دانِہ، کیلہٕ تہٕ پوشن ہندۍ فصل لگاونک موقع دوان۔
1650,اتھ منٛز چھِ ارضیٲتی یا جنگلی حیاتِٕیٲتی دِلچسپی ہندِ  45 مقام ۔
1651,"تُرکی نیوز سایٹ حریت ڈیٖلی چِھ رِپوٹ کَران زِ تُرکی ہٕنٛز کمیونیکیشنَز کمیونیکیشن پریذیڈنسی چِھ گوگلٔچَن 
کینٛژن سٔہوٗلِیَتَن تام  غیر معینہٕ وقتہٕ خٲطرٕ وتھ بنٛد کٔرمٔژ ۔ "
1652,خانٕ سٕنز انڈیا گیٹَس پٮ۪ٹھ واینٕچہِ  کرنٕچ ٲخٕرۍ خٲہِش ہیٚچ نہٕ پوٗرٕ گٔژھِتھ ۔
1653,"علی گڑھ مُسلِم یوٗنیورسٹی منٛز اکھ ہاسٹل، یَتھ منٛز سُہ سابق طالبہِ علم اوس، چھُ تمۍ سٕنٛدِس ناوَس پیٹھ ناو تھاونہٕ آمُت۔
"
1654,یہِ اَنداز ہیکہِ ناقٲبلِ یقیٖن حدس تام سَخت آسِتھ،  خاص  پٲٹھی تجرُبہٕ کار جَنگجوٗوَن خٕلاف مگر مار رٹنہٕ ورٲے لڑٲے زینٕنۍ چھُ اکثر معاوضَس قٲبِل۔
1655,"امہ پتہٕ بنٛییہ سۄ سنگھوا یوٗنیورسٹی منٛز الیکٹریکل انجینیرنگ شعبس منٛز محقق۔
"
1656,"تِم چِھ دۄن ضٗمرن منٛز؛ ہائیڈروجیلز تہٕ نینو فائبرز۔
"
1657,جنسن درمیان شرحن منٛز چھ فرق ترٛین ؤرین تہٕ کم وٲنٛسہ منٛز زخمن منٛز کم گژھان۔ کورین ہنٛز  تعداد چھ لڑکن  برابر زخمی گژھان، یا ممکنہٕ پٲٹھۍ زیادٕ۔
1658,دۄن ہفتن ہسپتالس منٛز روزنہٕ پتہٕ گزرٛیاو ڈِیون 7 نومبر 2014  ۔
1659,مشینہٕ ہیکن یو وی لایٹو سۭتۍ واٹر مارکس تہٕ باقٕے خصوصیاتن ہنٛد پتہ لگاونہٕ پیٹھ مقناطیسی سٹرپن ہنٛد پتہ لگاونہٕ تہٕ مایکرو پرنٹنگ کیٛن خصوصیاتن بڈاونس تام پریٛتھ کیٚنہہ کٔرتھ۔
1660,تُہۍ ہیٚکِو پنٛنہِ مخصوٗص عدالتٕکہِ فیٖسُک پَے کرنہٕ خٲطرٕ بٕتھِ کال کٔرِتھ یا  آن لاین تہِ وٕچھِتھ ۔ 
1661,ہندوستان کِس پریتھ ضلعس منز گَونوودیہ ودیالیہ ہُک تصور نیشنل پالسی آن ایٚجیِکیشنٕکۍ (NPE) اکہِ حصٕکۍ پٲٹھۍ پیدٕہ۔
1662,مٲدانس منٛز پوٗرٕ رفتارٕ سۭتہِ  دوان گوٚو سٹیلرز سیفٹی ریان کلركس  میک گیی یس سۭتہِ ٹکر، یٗس تہ پوٗرٕ رفتارٕ سۭتہِ  دوان اوس۔
1663,یہِ ہیٚکہِ واریاہ وقٕت کھیٚنہٕ واجیٚنہِ  اَکھ عمل  ٲسِتھ، مگر پنٛنہِ کمپٔنی ہُنٛد پٲنہِ  پانَیہ  سوشَل میٖڈیاہس پیٚٹھ ترقی کرنَس پیٛارُن چھےٚ اَکھ غلط حِکمت عملی۔
1664,امریکاہس منٛز چھ لکھ کھۄژان ز تِہنٛد ریتہٕ کول چھ زیادیہ زیادٕیہ  گرم گژھان۔
1665,"2010چہِ مردم شمٲری مطٲبق ٲس بیلے ورنانِچ آبادی 1,093۔"
1666,1947 ہس منٛز ہِنٛدُستان کِہِ تقسیٖمہٕ وقتہٕ ، بننیوو مانِک شاہ سُنٛد یوٗنِٹ ، 4 بَٹالِیَن، 12 فرٛنٹِیَر فورٕس ریٚجِمٮ۪نٹ  پٲکِستٲنۍ فرجُک حِصہٕ، تَوٕ کِنہِ آو مانِک شاہ دُبارٕ 8 گورکھا رایفٕلز سوزنہٕ۔
1667,واریاہو كھور  رقصٕہٕ كِس صوُرتس پیٹھ  جسم فروشی ہُنٛد اکھ بٗتھ آسنٗك الزام ، ییٛلہٕ زَن دٗبارٕ زِندٕ كرن والینو  دانو نوآبادیاتی مصنفن ہنٛدین بنٲوِمتین تواریخن پیٹھ   سوال تُل ۔
1668,وکرم جیتَ چھٗ اونی قتٕل کرنٕكہِ مٗختلِف حیكمت عملی ین ہٗند منصوُبہٕ بناوان ، مگر آدی چھٗ تس چالٲکی سٕتہِ بچاوان ۔ 
1669,بہتٔریٖن ثٔبوٗت چھُ  د،نہِ یِنہٕ والین سٹیریورایڈن تہٕ مہلامن سۭتہِ  الٹرا وایلیٹ گاش كِس رلس باپت ۔
1670,"اویدھاوا نومی (""غٲر بیواہ نٔوِم"")، نٔوِم قمری دۄہ، چُھ کھانٛدرٕ کٔرِتھ زَنانن خٲطرٕ یِم پننین خاوندن برٛونٛہہ موٗدۍ۔
"
1671,पेकमेन छु आरक लिंकसुक आफ़िशल पेकेज मनेजर.       
1672,اِنتِخابن منٛز جسٹِس پارٹی ہِنٛزِ کامیٲبی ہٗند  وجہ اوس  آیی ایٚن سی ہٗك حصہٕ نہٕ نِیوٗن ، یٗس  ہِنٛدُستانٕس  مُکمل آزٲدی ہِنٛز منٛگ کَران اوس ۔
1673,ٲخرکار رلے وجے نگر کِس شمالس منز دکن سلطنتہٕ تہٕ جنوری 1565 منز کوٚرُکھ تالیکوٹا جنگس منز عالیہ رام رایا سندس فوجس پیٹھ حملہٕ۔
1674,ییلہِ  سیٹھاہ کم گولہٕ بارود  بچوو ، بہادُر تہٕ  “تمۍ سٕندۍ کینہہ ہتھ پٲروکار ژٔلۍ“۔
1675,یہِ چھے٘ مونٹِگومری ، الباما شٗمال مشرق پیٹھہٕ  پیٹرسبرگ ، ورجینیا تام گژھان ۔
1676,2006 ہس  منٛز آیہٕ سکرٛیٖن پروجیکشن ویڈیو والس منٛز تبدیل کرنہٕ۔
1677,یہِ تہوار چُھ تامِل رiتھ مارگازی کہِ ٲخٕری دۄہ پیٹھٕ تامِل رiتھ تھائی کِس ترٛیٚیِمس دۄہس تام ژور دۄہ مناونہٕ یِوان۔
1678,"جٔزیٖرَن ہُنٛد کُل زٔمیٖنی رۄقبہٕ چھٗ تقریبن 8,249 مربع کِلومیٹر۔"
1679,مےٚ اوس تصوّرمیون لۄکٹ بیکری وان آسہ  آرام دہ، بِرٕ بارِ علاقس منٛز ییٚتہ واریاہ پیدل  سفر کرن وٲلۍ آسن، مگر  مایوسی چھےٚ سپدان   ز زیادٕ تر دستیاب جایہ چھ یا تہٕ واریاہ لۄکچہ نتہ چھنہ  تمن جاین  کانہہ آش ۔
1680,۱۹۳1934۴ کس آسٹریا ایتھلیٹکس چیمپین شپس منٛز بنییہ سۄ 100 میٹرس منٛز قومی چیمپین۔
1681,اتھ چِھ سیود ریزٕ تہٕ امیُٛک سایز تہٕ پوائنٹ چُھ درجہٕ مطٲبق مختٔلِف آسان ۔
1682,اتھ دورس منٛز ٲس دہلی تصوفک اکھ اہم مرکز۔
1683,"ایڈورڈز زاو 17 مارچ 1775 مونٹگومری کاؤنٹی، میری لینڈس منٛز۔
"
1684,اداکار سلمان خانن کٔر امہ فلمہ ہٕنٛز تشہیر یہ ونتھ ز خانس آیہ یہ فلم پسنٛد۔
1685,دعوت پتہٕ اوس قبیلہٕ دون بٲژن زیوراتن پیٹھ برابر حق دوان۔
1686,کرمسن تھنڈر کرمسن تھنڈر اوس سویڈش میٹل بینڈ ہیمر فالک ژوُرِم البم ۔
1687,"28 اپریل 2010 کو٘ر بی بی سی ین کٗمبھ مٲلس پیٹھ آڈیو تہٕ ویڈیو رپورٹ نشر، ییٚمیٗک عنوان ""کمبھ مٲلک زٔمینس پٮ۪ٹھ سارِویہ  بوٚڑ شو"" اوس ۔"
1688,"نیہ شكر ، نارجیل  چِپس، مٮ۪وٕ تہٕ مونگ پھلین ہٗند  پرساد چھُ عقیدت مندن بٲگراونہٕ یِوان۔
"
1689,امہِ باووٚجوٗد روٗد ہندوستان پننین ہیچھرٕ  مُخٲلِفن ختم کرنس منٛز ناکام ، ڈرا  سۭتۍ گوٚو زیننہٕ روٚس ریتہٕ کالیُک آغاز۔
1690,پٔتمہِ ؤرۍ آو تکوماہَس جے لیگ روکی آف دی ایئر باپت ووٹ دِنہٕ ۔ 
1691,امہ سۭتۍ میول تس نیویارک فلہارمونکس سۭتۍ پانژن ریتن کٲم کرنک اجازت ۔
1692,تم چھ ٹایفایڈ بخار، پیراٹایفایڈ بخار، تہٕ کھیٚنہٕ سۭتۍ ینہٕ واجنیٚن بیمارن ہنٛد سبب بنان۔
1693,کینٛہہ ایون چِھ یاکوُت یا سکھا تہِ بولان ، تہٕ چِھ سکھا جمہوریہ ہس منٛز روزان ۔
1694,بیجاپوٗر فوجٕکہِ  3000 کھۄتہٕ زِیٛادٕ سِپاہ آیہِ مارنہٕ تہٕ تھدِ روطبٗك اكھ سردار ، افضل خانٕ سندِ زٕ نیٚچِوِ  تہٕ زٕ مراٹھا  سردار ٲیہ  قٲد کٔرنہٕ ۔ 
1695,بِہار، چٔھتیٖس گَڑھ، مدھیہ پرٛدیش تہٕ اُترپرٛدیش ہِویٚن رِیاستن منٛز تہِ اوس یہِ تَناسُب % 90 کھۄتہٕ زیادٕ۔ 
1696,کانسٹینٹین اوس 313ہس منٛز ترٛیمہِ پھِرِ سفیر ۔
1697,پانڈیاہو کٔر تجارت تہٕ ادب دۄشوٕنی منز مہارت حٲصل۔
1698,یہ سپُد قمری ریتہٕ کس ژوٗرمس دۄہ دھانوٗ راشی منٛز آفتاب کس سفرس دوران۔
1699,"گجراتس منزز چھِ نوراتری ریاست كیو اَہَم تہوارَو منٛز اکھ ۔
"
1700,یہ چھ ایکیپ کوڈ استعمال کران ، اکھ کمانڈ چھ ایکیپ کیریکٹر سۭتۍ شروع گژھان ۔
1701,گوُگل اسسٹنٹ ہٮ۪کہ آواز سٕتہِ ژھانٛڑتھ نٔتیٖجہٕ ہاونس منٛز مدتھ  کٔرِتھ ۔
1702,اتھ چھ مشرقس منٛز بحر ہنٛد تہٕ مغربس منٛز جھیل وکٹوریہ۔
1703,فرانسیسی ٲس کینیڈا ہَس منٛز مستقل طور پٲٹھۍ روزن وٲل گوڈنٔک یورپی باشندٕ ۔
1704,امہ علاوٕ ، یہ دٲیرٕ اُوس نہٕ مٗسلسل: اَمِہ خٕطٕکہِ واریاہ علاقہٕ روٗدِ جمع کَرن والِین  شِکٲرِ تہٕ باقٕی قبیلٲیی برادرِین  ہنٛدِس اختیارس تل ۔
1705,پٹیالہ ہَس منٛز واقعہٕ یہِ سرکٲرۍ کالج چھُ پنجابی یونیورسٹی تہٕ بابا فرید یونیورسٹی آف ہیلتھ سائنسزَس سۭتۍ وابستہٕ۔
1706,فائیت ، ایسین چُھ اکھ کمیون ۔
1707, پتہٕ گوٚو سُہ أکِس فوجی کیمپس منٛز، ییٚتہِ تٔمہِ اکھ سپاہ مور ۔
1708,"1990 کِس دہلِس دوران 2005  تام بین الاقوٲمی مُقابلَن خٲطرٕ، کھلٲڑٮ۪و کوٚر معموٗلَن سۭتۍ مقابلہٕ یِمَن ہٕنٛز کوریوگرافی آی ڈبلیو یو ایفَن کوچ یا کھلٲڑۍ کٔرمٕژ۔
"
1709,"اَتھ چھِ اَکثَر ""برڈ فلو"" یا ""ایویئن انفلوئنزا"" ونان، حالانٛکہِ یہِ چھُ واریٛاہ ذیلی قٕسمَو منٛز اکھ۔
"
1710,مہابھارت چھٗ دۄن لڑن والین مٗشتہٕ چٲرِتھ   باکسنگ کران تہٕ لتو٘ سٕتہِ لڈان ، اونگجو سٕتہِ ہملہٕ ، كو٘ٹھِ ٹھٗكٕنہٕ ،تہٕ ٹھو٘لہٕ  كڈنہٕ سٕتہِ لڈان ہاوان ۔ 
1711,اتھ منٛز چُھ عام طور پانہٕ وتھٕر، سُپھارِ ڈوُن  آسان، یتھ سۭتہِ كین٘ہہ علامتی  پونسَہٕ تہٕ     اکھ نوٚو پلو٘ ٹُکرٕ-دُُوٗتہِ یا سٲڑِ آسان چھِ ۔
1712,"راگم کِہ پیمانہٕ کِس تناظرس منٛز چِھ اصطلاح پوروانگا (مطلب سٲبقہٕ حصہٕ، یتھ معاملس منٛز، گۄڈٕنِیُک نٮ۪صف) تہٕ اترانگا (دوٚیم حصہٕ، یا دوٚیم نٮ۪صف) استعمال کرنہٕ یوان۔
"
1713,غلط کٲم کرنہٕ باوجود کٔر نہٕ منصوبہٕ سازن پنٕنۍ غلطی قبول۔
1714,"اتھ چِھ مختلف ملکن منٛز واریاہ ذیلی ادارٕ بشمول نائیجیریا، آسٹریلیا تہٕ انڈونیشیا۔
"
1715,مقابلہٕ ٹیمس سٕتۍ شایقینن ہند غیر کھیلٲڑۍ نما طرز عمل اوس شرمناک۔
1716,یوٗنائیٹڈ فر٘وُٹ کمپنی ہِیو٘ت قومی معشیتس منٛز اہم کردار ادا کرٗن  ۔
1717,دیپاولی، ایودھا پوجاے، سرسوتی پوجاے، آیا ویکنڈا اوتارم، کرشنا جینتی، تہٕ ونایکا چترتھی ہیتھ باقی بٔڈۍ ہندو تہوار تہ چھ مناونہٕ یوان۔
1718, كوڈ چھِ پیشورانہٕ گاڈٕ رٹنہٕ خٲطرٕ  گاڑن ہٗند اکھ اہم قٕسم  ۔
1719,یہ چھ یونیورسٹی آف مانیٹوبا کیمپسس منٛز یونیورسٹی سٹیڈیمس نزدیٖک واقعہ۔
1720,تریپورہ روڈ ٹرانسپورٹ کارپوریشن چھےٚ سرکٲرۍ ایجنسی یۄسہ سڑکِہ پیٹھ عوامی ٹرانسپورٹس نگرانی کران چھےٚ۔
1721,واہ، یتھ كِرایہ جایہِ منٛز چھ سمارٹ ہوم  وصف میانہِ تصوٗر كھوتہ زیادٕ ۔ یہ چھٗ حیران کُن  ژٕرِ پو٘پ كرِتھ چھُس بہ بجلی زٲلِتھ ہیكان ۔ 
1722,تٔمۍ گینٛد سینٹوس، انٹرنیشنل، گویس، باہیا تہٕ پرتگالیسا خٲطرٕ۔
1723,एपल पेनसल : एपल पेनसल छु अख एपल इनकारपोरेशनुक वायरलेस  सिटयलस पेन.    
1724,جنگلی باغ چھ عام تہٕ یم چھ گھریلو باغ کہ ناوٕ سۭتۍ زاننہٕ یوان۔
1725,پراگ کیسلس پٮ۪ٹھ چھ کیتھیڈرلک غلبہ، ییٚمچ تعٲمیر 1344 ہس منٛز شروٗع گٔیہ مگر 20مہ صٔدی تام گٔیہ نہٕ مکمل۔
1726,یہِ چھُ وۄنۍ 940 مربع کلوٗمیٹر رقبہٕ دۄن ضِلعن منڈلا تہٕ بالاگھاٹَس منز رَٹان۔
1727,سوریا تہٕ کلپنا کارتکس سۭتۍ تہنٛز جورٕ علاوٕ، نوتن تہٕ وہیدا رحمانس سۭتۍ تہنٛز جورٕ ٲس 50 تہٕ 60 کس دہائی کس ٲخرس منٛز سامعینن منٛز مقبول۔
1728,10 مارچ 2008 آیہ نیشنل ہاکی لیگس منٛز 3 کھیل گنٛدنہٕ۔
1729,"دوٚیمہِ جنگہِ عظیمہٕ پتہٕ 20 ہِمہِ صٔدی ہِنٛدِس وسطس تام کین ؤرۍ یَن منٛز آو سٲرِسٕے ملایاہَس منٛز گٲمی گامَن تہٕ قصبن منٛز ""سیپک راگا جوبلی"" گِنٛدنہٕ۔"
1730,"قمری دۄہ کِس اصولس منٛز چِھ مستثنیات۔ خاص دۄہ چھِ تِمَن لوٗکَن خٲطرٕ الاٹ یِوان کرنہٕ یِم کُنہِ خاص طریقہٕ سۭتۍ مُودۍ یا زندگی منٛز اکھ خاص حیثیت تھاوان ٲسۍ۔
"
1731,"دواہن ہندِ غلط استعمالچ مختلف تعریف چِھ عوأمی صحت، طبی تہٕ مجرمانہ انصاف کس ضِمنس  منٛز استعمال كرنہٕ یوان ۔
"
1732,"فِلمہِ ہِنٛز موسیٖقی چھےٚ سونو نِگَم تہٕ وۄستاد طبلہ نواز  /تال دِنیٕ وٲلہِ  بِکرم گھوشَن ترتیب دِژمٕژ۔
"
1733,جدید دِلِہ ہٕنٛدِ مقامک قدیم ناو چھٗ اِندر پرٛستھ ، ییٚمیٗک لفظی معنے چھ سنسکرتس منٛز 'اِندر سنٛد مٲدان' یا 'اندر سٗنٛد شہر' چھٗ ۔
1734,کردار اوس ہیری پالمر تہٕ پیٹر سیلرزن کٔرمٕتۍ کردارن پیٹھ تہٕ متٲثر۔
1735,اتھ مقدمس منٛز ٲس نارمن ڈورسنن نابالغن ہنٛدس حقس منٛز دٔلیل دژمٕژ۔
1736,اَمِہ فیصلُک اعلان کوٚر اٹارنی جنرل جیف سیشنزن ۔
1737,مانٛنہٕ چھٗ یوان شہری ٲسہِ ناوومید  تہٕ  اوسٗكھ آتہِ تہٕ ماچھہِ ورٲیی سیٹھاہ  کم کھٮ۪ن   ۔
1738,این ایس وی چھ وٹیلگوُک ساروی کھوتہٕ عام قٕسم۔
1739,"21 مہ صٔدی ہِنٛدِس ٲخرس تام آسہِ 15 جنوری ژۄن ؤرِین ہِنٛدِس دورس منٛز مَکر سنٛکرانتی ہِنٛدِ بیٚیہِ واقعہٕ۔
"
1740,یہِ سِنگل آو 15 جون 2014 دوہ جٲری کرنہٕ ۔
1741,تٔمۍ کٔرۍ عمارتس اندر کراسک سٹیشن قٲیم ۔
1742,آثار قدیمہ ہٕکۍ ثبوت چھ اتھ علاقس کن اشارٕ کران ز یہ چھ جزیرہ نما ہندس منز سارۍوٕے کھۄتہٕ پرانین تہٕ واریاہس کالس درن واجنیو بستیو منزٕ اکھ۔
1743,شوٹسٹا: شوٹسٹا چُھ اکھ کاربار یُس کمپنین ویڈیو بناونس منٛز مدد چُھ کران، یِتھ کٔنۍ اشتہار۔
1744,باقیہ ڈائریکٹری  ، یِم ہِشیہ چھِ  ، ہیکن موُجوُد أسِتھ ۔
1745," یہِ کھیل اوس أکس سرکٲر ""نیوکومب بالہِ "" سۭتۍ گنٛدنہٕ یوان (گرامر گریڈن خٲطرٕ سائز 1 تہٕ ہائی سکولن تہٕ کالجن خٲطرٕ سائز2 )۔"
1746,یہ سٹیشن چھ ہوانان سی فوڈ ہول سیل مارکیٹس نزدیٖک ۔
1747,سۄ چھےٚ تمن ونان ز تمن روز اکھ لیون ان ریلیشن شپ، تکیاز تس چھٗنہٕ وٗنہِ خٗلا  گوٚمت تہٕ تم چھ جشن مناونہٕ خٲطرٕ اکھ پارٹی منعقد کران ۔
1748,آیی ٹی وی آو 1955 ہس منٛز برطانیہس منٛز دوٚیمہ ٹی وی چینلٕکۍ پٲٹھۍ شروٗع کرنہٕ۔
1749,مے٘ چھٗنہٕ باسان بہٕ كھیمہٕ ییتہِ زانہہ بیہ كھین  ، میٲنس بتس منز چھٗ اكھ  کاکروچ۔
1750,زیڈ آر 1 ہس منٛز اوس اکھ سپرچارڈ انجن یُس زَن زیڈ 06 کھوتہٕ تہ تیز اوس ۔
1751,توہہِ کیو یہِ وٗچھٗن شروع زِ توہہِ کتین ہیكِو خرچہٕ كم كرِتھ ۔
1752,"شطرنج کیٚن مسلن ہٕنٛز ترتیب تہٕ حل کرنہٕ خٲطرٕ ٹورنامنٹَن ہُنٛد انعقاد چھُ ورلڈ فیڈریشن فار چیس کمپوزیشن طرفہٕ کرنہٕ یِوان، یُس باہمی تعاون سۭتۍ کٲم چھُ کران، مگر چھُ ایف آٮٔی ڈی ایی نِش آزاد۔
"
1753,کوئمبتورک جواہر لال نہرو سٹیڈیم چھ کوئمبتورس منز اکھ کثیر مقصد وول سٹیڈیم یس 1971 منٛز بناونہٕ آو یس آی-لیگ فٹ بال میچن ہنز میزبٲنی خٲطرٕ استعمال چھ یوان کرنہٕ۔
1754,ورلڈ نیٹ بال سیریز چِھ امہِ  کھیلٕٗك پروفائل ہٗرراونہٕ تہٕ زیادٕ تماشٲیی تہٕ زیادٕ مٲلی مدتھ حٲصل کرنہٕ خٲطرٕ فروغ دوان۔
1755,20 مہِ صدی ہٕنٛدِس اختتامس تام ٲسہِ نورٹلس نَمتھ ساس کھوتہٕ زیادٕ مُلٲذِم ۔
1756,ہِندوستانۍ حکومتَن 15 اگست 2021 ، یُس 75 ہِم آزٲدی ہُنٛد دۄہ اوس، لَہروو قٕلعہٕ کِس پٮ۪ٹھمِس حصس پیٹھ 100 فُٹ تھوٚد ہِنٛدوستٲنۍ پرچم۔
1757,"حوصلہٕ افزٲئی پٮ۪ٹھ مبنی پروگرام ہیٚکن نو عمر نوجوانن ہٕنٛدس حملس منٛز کٔمی انِتھ  مگر اَمِكہِ  تصدیٖق کرنہٕ خٲطرٕ چھے٘ عداد شٗمارٕچ  ضروُرت ۔
"
1758,یژھے، ہلکہٕ بیمٲر چھ بی۔ پیراپرٹوسس کہ وجہ سۭتۍ گژھان۔
1759,گوکُلا اشٹَمی یا جنم اشٹَمی یا سِرٛی کِرٛشنا جَینتی چُھ کِرٛشن سُنٛد زاے دۄہ مناوان۔ 
1760,وۄں گو٘و، اوڈیا متنن ہنٛد ٲخٕری ترجمہٕ آو ہنٹیرین نظام، سرکٲرۍ قومی املا بدلی معیارٕ مطابق غلط ، یتھ منز املا بدلی منز  اوریا بجایہ اوریشا آسہ۔
1761,مٗخٲلِف اَتھس چُھ ڈڑاینگ ہینڈ  یا سٹرِنگ ہینڈ ونان ۔
1762,ہیماربی چھ سویڈن کس گیولبورگ کاؤنٹی منٛز سینڈوکین بلدیہک اکھ علاقہٕ ۔
1763,ستَن منٛز پانژَن عرٲقی اولمپینَن ہنٛد اندراج کرنُک ڈیڈ لائن چُھ گزریومٗت۔
1764,أنٛدۍ پٔکھۍ اوس اکھ نوٚو دٲخلہٕ دروازٕ تہٕ اکھ میٹر کھوٚل تہٕ 50 میٹر زیوٗٹھ کنین ہُند دیوار بناونہٕ امُت، ییٚمہِ سۭتۍ اتھ حملن ہُنٛد کم خطرٕ گو۔
1765,"کراما اوس تمو لچہ دار جانورو منٛز اکھ یم اینیم تہٕ مانگا ناروٹوس منٛز ہاونہٕ چھ آمٕتۍ۔
"
1766,پننہٕ کامہٕ خٲطرٕكو٘ر تمہِ  1940ہس منٛز پی ایچ ڈی  حٲصِل ۔
1767,اتھ مقابلس منٛز کٔر أمۍ 4 اگست جنوبی کوریاہس خلاف شروٗعات۔
1768,یہ چھ ملک کس مشرقی حصس منز واقع ۔
1769,بائرسونیما کراسفولیا بائرسونیما کراسفولیا چھٗ اکھ وارٕ وارٕ بڑن وول کٗل یٗس ٹراپیکل امریکہ ہس منز چھٗ ۔
1770,تمل ناڈو چھُ ادب ، فن ، موسیقی اور رقص چن مالدار روایتن ہندِ باپت زاننہ یوان یمہ از نوان تہ پھولان چھےٚ ۔
1771,قازقستان اوس 1994 پیٹھہٕ 2002 ہس تام  یک رکُن ، ییٚلہ تم UEFA  ہس منٛز شٲمل گیۍ ۔
1772,پنجابس منز چھ واریاہ لوکہ دلیلہٕ یمہٕ سیٹھاہ مشہور چھےٚ۔ 
1773,"السریٹو کولائٹس تشخیٖص خٲطرٕ چھُ بہتٔریٖن ٹیسٹ اینڈوسکوپی روزان، یُس لچکدار کیمرا استعمال کٔرِتھ اندرمن ہندِ  أنٛدروُنی سطحُک مویعنہٕ  چھُ ۔
"
1774,سُہ چُھ 100 تَن ؤرین تام زندٕ روزن وول وفٲقی پارلیمنٹک گۄڈنِیُک رُکن۔
1775,"2000  منٛز سپٕدۍ ٹایفایڈ فیٖورٕک وجہ سۭتۍ لگ بگ 21.7 ملین بیمار تہٕ 217,000 موت۔"
1776,اتھ اہلیتس پؠٹھ کٔر أمۍ 23 ستمبر ملیشیاہس خٕلاف شروٗعات۔
1777,شیٛامل مِتراہن کوٚر فِلِم آنٛندشرٛم خٲطرٕ کِشور تہٕ آشایہ سۭتہِ اَکھ دٗگانہٕ  “سارا پیٛار تُمہارا“ رِکارڈ۔
1778,"گولہِ چلاونہٕ کِس نٔتیٖجَس منٛز آیہِ سَتھ اَفسَر چھُٹی پٮ۪ٹھ سوزنہٕ ۔
"
1779,بٲلغ چھ زیادٕ تر ہوہس منٛز روزان ، تہٕ  چھ ہوہس منٛزٕی ہم بستر گژھان۔
1780,وونہ گو٘، بالاجی موشَن پکچرَسن  کوٚربا ضٲبطہٕ  ریلیز کِہ تٲریخٕٗك  تصدیٖق، یُس 17 جنوری 2014 دوہ  اوس۔
1781,"تم چھ نوجوان تہٕ متحرک نفر، یم ""سٹرنگس آف پیشن"" بینٛڈ چلاوان چھ، مگر یمن پٮ۪ٹھ چھ منشیات، ناکام محبت تہٕ خراب پرؤرشہ ہٕنٛد اثر و رسوخٕچ ژھاے پٮ۪وان۔
"
1782,"کمپلیکسس منٛز چِھ باقی غیر ساختی پروٹین نقل تہٕ ٹرانسکرپشن کس عملس منٛز مدد کران۔
"
1783,1916 ہس منٛز گوٚو سہ سالزبرگ کس موزارٹیمس منٛز پیانو ہیٚچھنہٕ خٲطرٕ۔
1784,یم لوُکھ چھِ میوُکس تاہ  بناوان، یِم  بیکٹیریاہن خٲطرٕ اکھ اصٕل ماحول بناوان چھِ ۔
1785,أمہِ  بنٛوو رامسٗندر پنُن زامتُر تہٕ دِژٕن تمِس کشور گنج ضلعس منز  جشودل جایہ  کینٛہہ جایداد ۔
1786,"وزیر اعظم سٹیفن ہارپرن کٔر متٲثر گژھن والٮ۪ن خٲطرٕ پنن دعا تہٕ تعزیت پیش۔
"
1787,گیون وٲلۍ ہٮ۪کن پانس تہ زخمی کٔرتھ اگر تم شاہس منٛز ننہٕ ینہٕ والٮ۪ن دواہن ہنٛد استعمال کرن۔
1788,یم سہولیتہٕ چھ زیادٕ تر کیرالہس منٛز ینہٕ وٲلۍ مرکزی حکومتٕکۍ VIP استعمال کران۔
1789,وونہ گو٘، ارشیایہٛ چھُ اكھ انزٲنہِ بٗتھہِ پیوان، روحدار،  ییٚمس سؓتۆٛ حیدرن تمہ سندس لاپتہ مٲلس متعلق زانٛکٲری حٲصل کرنہٕ باپت رٲبطہٕ کوٚرمآت چھٗ۔
1790,اَمِیُک ناو چُھ پہٲڑِ قصبہٕ کوٹلی تہٕ سٔتِی قبیلہٕ پیٹھٕہ بنیومُت۔
1791,ہندوستانس منز برطانوی حکومتس دوران بنییہ تریپورہ اکھ شٲہی ریاست۔
1792,رود چھٗ ہلکہٕ چھلیو پیٹھ تیز بارانس تام آسان۔
1793,گول آو کوک سٕنٛدِ پاس پتہٕ دٔہمہِ منٹَس منٛز۔
1794,پرائیویٹ سکوُل تہٕ ہوم سکوُل چھِ واریاہن کیرے باشندن منز مقبوُل ۔
1795,"یِم تمغہٕ آیہِ بِلترتیب ویتنام تہٕ ہندوستان کین کھلاڑین دوبارٕ دِنہٕ۔
"
1796,لاگوٹن گزریو4 ستمبر 2022 ماسکوس منٛز 84 وہر وٲنٛسہ منٛز ۔
1797,"أمہِ سٕنٛدِس میٚنیجر، ارون پانڈے یَن پُرٛژھ زِ تٔمۍ کیٛازِ گُزٲر یوٗت وقت تہٕ دھونیَن دِیُت جواب زِ تٔمۍ سُنٛد جواب کِتھ کٔنۍ چھُ لٔڑکَس فٲیدٕ تُلنس تہٕ حوصلہ افضٲیی کرنس منٛز اہم۔
"
1798,آندھرا پردیش کہِ تقسیمہٕ پتہٕ آو کاکاتی  محراب  سرکٲرۍ طور تلنٛگانہ کس نشانس منٛز شٲمِل کرنہٕ۔
1799,دوٚیمِہ دۄرُک آغاز گوٚو سٹیٚنڈٔو پیٹھ واریٛاہ اطالوی جشنہ مناونہ سۭتۍ، ییٚلہِ زَن امریکیَن نِش ٲس شیٖنہ کِس اطالوی ترٛیٚیِمِس حصَس پیٹھ پک۔
1800,"2010 کہ مردم شمأری مطابق ٲس آبادی 27,720 ۔"
1801,مےٚ ٲس نہ امید بینک عملہ آسہ  صبحچہ 9 بجہ  کارٕبار خٲطرٕ دستیاب مگر مےٚ وچھ تم سٲری تٕتہِ  تہٕ بینک اوس کارٕبار خٲطرٕ یلہٕ۔
1802,"کُنہِ وتہِ پیٹھ کٲفی آسٲنی سان کھسنُک اکھ طریقہٕ، یُس برٛونٛہہ پکنہٕ خٲطرٕ قدرتی کنٮ۪ن ہنٛد خصوصیاتن ہنٛد استعمال کرنہٕ بجاے مستقل تحفظس پیٹھ واریہ زیادٕ منحصر چُھ۔
"
1803,"19مہِ صدی منٛز، ٲسہِ  امریکی  مانان زِ مغربس کُن پٔھہلُن چُھ تِہنٛد حق۔
"
1804,ٹائرا بیٚنٛکسَن ٲس پنٛنہ پیشورانہٕ زندگی بطور ماڈل شروٗع کٔرمٕژ، تہٕ پنٛنس زبردست ؤرۍ یس دوران کٔرٕن 1991 منٛز 25 شو  بُک۔
1805,"یہ دٔلیٖل چھےٚ مشہوٗر روٗسی شٲعر پشکن سٕنٛز دٔلیٖلہ پٮ۪ٹھٕ یوان۔
"
1806,ویراٹ چھ اجملس دوبارٕ اغوا کران، پلیٖس مۄل سنٛد ناو معلوٗم کرنہٕ خٲطرٕ چھ أمس پرٛژھٕ گٲر کران، تہٕ پلیٖس مۄل، بدعنوان اے سی پی اشوک گایکواڑس تہ چھ پان مارنس پٮ۪ٹھ مجبوٗر کران۔
1807,دہلی چھ ہندوستانس منٛز دوٚیم سارۍوٕے کھۄتہٕ زیادٕ فی کس جی ڈی پی ۔
1808," 2000 پٮ۪ٹھٕہ 2001 ہَس تام کٕر تٔمہِ بطور پیرو ہٗك 135 ہِمِ وزیر اعظم  کٲم ۔
"
1809,أمہِ سٔنٛدِ اتھ منز  آسنہٕ سۭتہِ زیٖنہِ مینچسٹر سٹی آرسینلس خلاف 3-0 سکور سۭتہِ ٹرافی ۔
1810,أس تہٕ نس تہ ہیٚکہ  متاثر گژھِتھ۔
1811,انڈی وایر انڈی وایر چھ اکھ فلمی کاروبار تہٕ جٲیزٕ  ویب سائٹ ۔
1812,کینٛہہ سیٹھاہ عام چھِ پیلیکن تہٕ فلیمنگو ۔
1813,"بیرٕن میونِکَن زِیٖنہِ 2001 تہٕ 2013 ہَس منٛز یوُ ای ایف اے چیمپئنز لیگ ۔
"
1814,"وِنڈو شاپِنگ ہِنٛدِ دُپہرٕ پتٗك  منصوٗبہٕ بَناونہٕ وِزِ چِھ مُختٔلِف قٕسمٕکہِ  دُکان واجینِہ جاے ژارٕنہِ  ضروری۔ 
"
1815,"اَمہِ عملہِ  علاوٕ چھِ اکھ مینگروو کنزرویشن کمیٹی،  یَتھ منٛز تمام مُتعلقہٕ مٗتعلقینن  ہٕنٛز رُکنیت چھے٘ ،انڈس  ڈیلٹا مینگروُوزٗك  پائیدار تحفظ یٔقیٖنی بناونہٕ باپت بناونہٕ آمٕژ   ۔
"
1816,1971تھس منٛز آیہِ  آل جاپان کِک باکسنگ ایسوسی ایشن (اے جے کے اے) قٲیم کرنہٕ تہٕ أمۍ کٔرۍ لگ بگ 700  کِک باکسر رجسٹر۔
1817,یہ چھ خلیج بنگالس سۭتۍ 35 کلومیٹر زیٖچِھہٕ تنگ نالہٕ سۭتۍ جُڑتھ تہٕ چھ مہاندی ڈیلٹا ہک اکھ حصہٕ۔
1818,لوکاس پوپن بنٲو یہِ گیم، سُہ اوس ناٹی ڈاگس باپتھ کٲم کران۔
1819,"یہِ چھِ یِنہٕ وٲلِس ؤرِیس منٛز بجہِ  خۄش قٕسمٕتی ہنزِ مٗشترکہٕ خواہشٕہِ ہنز علامت۔
"
1820,1824 منٛز کوٚر منی پوٗرٕکہِ  حُکُمرانَن  برصٔغیر  ہندَس منٛز برطانوی سلطنتَس سۭتہِ  اکھ ذیلی اتحاد، یٗس  منی پوٗرٕکہِ  بیروٗنی دِفاع ہُک ذمہٕودار بنِیوو ۔ 
1821,کرناٹک چھ ترٛین زونن منٛز تقسیم کرنہٕ آمت؛ سٲحلی ، شمالی انٛدروٗنی تہٕ جنوبی انٛدروٗنی ۔
1822,باقی زبانن منز چھےٚ زونگکھا، گروما، ہندی، ماجھی، ماجوار، تھولونگ، تبتی تہٕ یاکھا شامل۔
1823,امہ سۭتہِ ہیٚکہ  واضح گٔژھِتھ ز گاڑٕ کیٛاز چھےٚ تِمن فردن سۭتہِ ترومبٕر كرنس  ترجیح دوان، یم تمن پانس سٕتہِ رلان چھِ ۔
1824,قطب شاہیو اوس سنگ خارا كِس  پہاڑس پٮ۪ٹھ پیر دا پیر بٔڑِس پیمانس پٮ۪ٹھ 400 فٗٹ تھدِ فصیلہٕ سٕتہِ   قٕعلہٕ بندی كٕرمژ تہٕ سٕتی شہرس اندِ اندِ ٲٹھ میل زِیوُٹھ دیوار تہِ بنوومٗت ۔ 
1825,وکٹر امیڈیوس بنیو جٗلایی 1630 ہس منٛز پننِس  مٲلہِ  سٕندِ مرنہٕ پتہٕ ڈیوُک ۔
1826,بہٕ اوسس تھوٚکمت تہٕ مایوس ییٚلہ مےٚ ترٛیٚیو گنٹو پیٹھٕ تیار کٔرمٕژ ضیافت تندورس منٛز دٔز۔
1827,ابتدٲیی 1900 تھس منز،اوس یاوز  واریاہ عام؛ سب صحارا افریقہ ہَس مَنٛز اوس ملیریا کھۄتہٕ زیادٕ اتھ کثرت سان علاج یوان کرنہٕ، بعضے اوس  یہ امہ کہ نصف کھۄتہٕ زیادٕ  لُکن علاج۔
1828,لکشدیپ جزیر انتظامیہ ہک مسٲفر جہاز ایم وی امیندیوی چھ اولڈ منگلور بندرگاہس پیٹھ رکتھ۔
1829,یہ 58.8 فٹ تھۄد مجسمہٕ چُھ تمام جین فنن منٛز ساروی کھوتہٕ شاندار۔
1830,پیرا گلایڈنگ، ہایکنگ تہٕ ماونٹین بایکنگ ہوۍایڈونچر سپورٹس تہ چھ سکمس منز مقبول۔
1831,حیدر چھ غزالہ یہ ونٛنہٕ خٲطرٕ فون کران ز سوٗ چھٗ سرحدٕ اپور ترن وول ، مگر غزالہ چھے٘ تس تمہِ سندِ نیرنہٕ  برٛونٛہہ تہنٛدِ خانٛدٲنہِ گرٕ كین كھنڈراتن  منٛز سمکھان۔
1832,کٮ۪نٛہہ دوا، یتھ کٔنہ زن بوپروپیون، چھ لوٗکن منٛز امہ دواہک ٹکھ ین بنٛد کران۔
1833,"اوور ٹایِم پیریڈَس منٛز تعطل پتہٕ، پیٹرک الیاس (گول کرن وول وٲحِد شوٹر) زینہِ سخت لڑایہِ ہِنٛدِس کھیلَس منٛز ڈیولزن خٲطرٕ کھیل۔
"
1834,دِلکَش روپ کُمَار راٹھوڈَن چُھ 'ننھے پاون' ہنٛز آواز دِژمٕژ، یُس مٲلِس مَاجِہ تہٕ أمۍ سٕنٛز کورِ دَرمیان مُنفرِد تعلُقَس خوبصورتی سان ظٲہر چُھ کران۔
1835,یعنی، نمبر 666 ہُک خوف۔
1836,کینژن معاملن منٛز ہیٚکہ امموسوپریسو دوا میتھوٹریکسٹ تہ استعمال کرنہٕ یتھ۔
1837,امہ پتہٕ چِھ  تمۍ ڈچ ایریڈیوسی منز فیینورڈ خٲطرٕ گیندمت ۔
1838,کاسٹکو چہ بہترین سیزنہٕ کِس ٲخرس پیٚٹھ فروخت چھےٚ بہار کِس ٲخرس پیٚٹھ آسان۔
1839,حالانکِہ ایپل چھُنہٕ ؤنۍ پرنٹر بَناوان مگر سُہ چھُ پننہِ ویب سائٹہِ پیٹھ کینٛہہ ماڈل کٕنَان۔
1840,طے کٔرِو زِ تُہنٛدِس عملہٕ کِس ماڈلَس سۭتۍ کٲم کرنہٕ باپتھ کُس طریقہٕ چھُ بہتریٖن کٲم کران۔
1841,امیُک وجہ ہیکہِ پونسکس طاقتس منز تبدیلی قرار دِتھ۔
1842,تم دوا چھ دٔستیاب یم مختٔلف قٕسمہٕ کٮ۪ن انسومنیا کٮ۪ن علاجن منٛز مدد ہیکن کٔرتھ۔
1843,جو فریزیئر چھ اتھ قسطس منٛز بطور مہمان اداکار کٲم کران ۔
1844,ریاستس چُھ تیج پٹہ (سناموم تمالا) یا ہندوستٲنۍ تیز پَتَن جی آیۍ ٹیگ تِہ، یُس کھیٚنس منٛز مزٕ بڑاونہٕ خٲطرٕ زاننہٕ چُھ یِوان تہٕ اتھ چِھ واریاہ ادویٲتی خصوصیتہٕ تِہ۔
1845,"اَمہِ پتہٕ تھٲو أمہِ  ہِنٛدی شوَہن منٛز کٲم کرٕنہِ  جٲری، یِتھ کٔنہِ زن ٛحد کر دی، دِل وِل پیار وِیار، دیس میں نکلا ہوگا چاند، ہرے کانچ کی چوڑیاں۔
"
1846,"جنوب مغربی ؤہرات ""بحیرہ عربٕچ شاخ"" چھےٚ گۄڈٕ  مغربی گھاٹن منٛز واتان، ییٚمہ سۭتہ کیرالہ چھُ ہنٛدستانٕچ گۄڑنچ ریاست بنان یتھ جنوب مغربی ؤہرٲژ ہُند رود چھ یوان۔"
1847,ویکاروَن کوٚر پنٛنِس بلاگَس پٮ۪ٹھ  تہِ سوُ متن پوسٹ یتھ سوُ 8 دسمبرٗك وِریزون وایرلی٘س گراكن باپت خدمات كِس نٗمایندٕ سٗند اكھ ایی میل جواب ونان اوس ۔ 
1848,سیمسنگ گلیکسی زیڈ فولڈ 3 منٛز چھ فولڈ کرنہٕ وز ڈسپلے آسان تہٕ کھولنہٕ وز چھ ڈسپلے گژھان۔
1849,مگر تھوڑی دیر پتہٕ گٲی لڑکۍ پننہٕ گھر، تہٕ نیرن کوٚر اکھ بچہٕ پیدٕ۔
1850,بہٕ اوسس  پننِس  نیٚچوۍ سٕنٛد صبحس سٹیجس پیٹھ گیونس متعلق  فکرمند  ییٚلہ تمہِ پیشكش  برونہہ راتھ راتھ كِیوٗتھ   5 گلاسہٕ  لیمہِ  سوڈا چییہِ ۔
1851,"گوڈسے آو گاندھی سٕنٛد قتلک مجرم قرار دنہٕ، ییٚمہ خٲطرٕ تٔمس پھٲنٛسۍ دنہٕ آیہ۔
"
1852, پننہِ  طرفہٕ کٔر راجپوتاناہن گول کرنہٕ  خٲطرٕ    تمام کوٗششہِ  ۔
1853,پتہٕ ینہٕ والن تحریکن منٛز چھ میتھوڈزم ، لبرل عیسٲییت ، پینٹی کوسٹلزم ، تہٕ لبریشن تھیولوجی شٲمل ۔
1854,أمہِ سٕنٛدِس مٲلِس فوجس منز  وارِیاہ تبدیلی گژھنہٕ كہِ وجہٕ كِنہِ پیو امہِ سندِس كٗمبس مٗختلِف شہرن منز روزنہِ گژھٗن ، تہٕ یِتھھٕ كٕنہِ پیو  صِرف شین ورِین سكوُل گژھنہٕ پتہٕ چندس پرٗن تر٘اوٗن ۔ 
1855,"آل انڈیا چٮ۪س فیڈریشن چُھ ہندوستانَس منٛز شطرنجُک انتظٲمی ادارٕ۔
"
1856,مےٚ ٲس بنیٲدی خدماتن باپت  معقول قۭمتٕٗك توقع ، مگر یہ بل چھےٚوٕتہِ پیٹھ ڈاكہٕ ! ژٕ چھٗكھہٕ مے٘  ٹھٹھٕہ کران؟
1857,"سُہ چھُ ؤنہٕ فرارٕ تہٕ بٔڑِس پیمانَس پٮ۪ٹھ چھِ پولیسٕٕچہِ تلاش جٲری۔
"
1858,1900 تس منٛز اوس اتھ کِیوٹوک اِمپیریل ہاوس ہولڈ  مِیوُزِیم وننہٕ یوان۔
1859,2005 ہس منٛز زیوٗن بیلبن تہٕ اگوسٹون پنن گۄڈنیوک عالمی تمغہٕ ۔
1860,ڈی ایس: توہہِ  کتھ کٔنہِ چھِوٕ تمن آرام  محسوس کرناوان؟
1861,کاؤ گزریو 17 فروری 2014 ہس منٛز ژنڈیان ضلعہٕ، نیو تایپے شہرس منٛز۔
1862,امہِ نیبر چھٗ شٗمٲلی سٲحلس پیٹھ سانتا لوُسیا سٲحِل   ۔
1863,کیوبَن میٹرولوجیکل سروسَن دِیوٗت  امکہِ  رٲبطٕہٕ  ڈانچُک  %85 تبٲہ تباہ گژھنٗك اطلاع۔
1864,بییہِ طرفہٕ اگر تو٘ہہِہ ہفتس منز وارِیاہہہِ پھِرِ گژھان چھِو یہِ چھنہٕ كانہہ كتھ اگر توہہہِ اكھ یا زٕ چیز مشِتھ گژھن ۔
1865,مگرمچھ ہنٛد شکأر چِھ اکثر مقأمی لوکن ہنٛز جھاڑی ہنٛز مہارتہٕ استعمال کران۔
1866,"دویمہِ مرحلہٕ کِس اختتامس تام روُدۍ صرف 12 باقی۔
"
1867,مغرِبی آسٹریلِیاہٕکۍ پُلیٖسن کوٚر پٔتمہِ ہفتہٕ یہِ جورٕ زمینی کوریر کہِ ذٔریعہٕ سوزنہٕ آمُت اکھ ڈبہٕ رُکاونہٕ پتہٕ گِرفتار، یُس مبینہ پٲٹھۍ  جنوٗبی آسٹریلِیا پیٛٹھٕ نیٚچِوۍ  پنٛنہِ ماجہِ سوٗزمُت اوس۔ 
1868,امیک سرحد چھ سٹرنو، وِیلامینا، فریجینٹو، فونٹاناروسا، گروٹامنارڈاہس سۭتۍ رلان۔
1869,"اَمِچ کامیٲبی ٲس سرپرستی تہٕ  داو لگاونہٕ  کیٚن دۄن ضروٗرتن ہِنٛدِ ذٔریعہٕ کم لیٚکھنہٕ آمٕژ۔
"
1870,مےٚ چھِ مویوٗسی محصوص گژھان زِ مے٘ چھٗنہٕ سامانٗك قٲمتھ كم كرنٗك طاقت   تکیاز امِچہِ ذِمہٕ وٲری چھے٘ صِرف صدر دفترس ۔ 
1871,"تٔمۍ کٔر تبلیسی سٹیٹ یونیورسٹی پٮ۪ٹھ ایرانی مطالعس منٛز ڈاکٹرن ہٕنٛز ڈگری حٲصل۔
"
1872,تٔمہِ  کُور 621 ہس منٛز پَنُن بویہ کٗبجا وشنو وردھن وایِسراے مٗقرر ۔ 
1873,برتر اوبلیک پٹھ چھ اکس ٹینڈن منٛز ختم گژھان یس اکس ریشہٕ دار لوپس، ٹروکلیا، یس مدارک درمیانی پہلوس پیٹھ برونٹھ واقع چھ، سۭتۍ گزران چھ۔
1874,امہِ دفترچ کٲم چِھ زیاد تر  آئرلینڈس منٛز تٲریخی عمارتن ہٕنز رٲچھِ راوٹھ  کرٕنہِ ۔
1875,تہنٛز ویب سائٹہ اوس گۄڈٕ ؤنمت ز کنسول گژھ 2012 ہس منٛز سوزنہٕ ۔
1876,زیادٕ تر برادرین منٛز چِھ کم کھوتہٕ کم اکھ غیر منافعہ بخش تنظیم آسان یَس ضرورت مندن عطیہ کرنہٕ آمُت کھین بٲگراوان چھےٚ۔
1877,گاگاکو آلاتن منٛز چھ ہوہٕکۍ آلات، تار وٲلۍ آلات تہٕ پرکرشن آلات شٲمل۔
1878,نایکیاہٕچ گوڈنِک کونسلن (325) کرۍ صرف زٕ قاعدٕہ قائم، یعنی عبرٲنی کیلینڈر نش آزادی تہٕ دنٛیاہس منٛز یکسانیت۔
1879,اگر نہٕتوہہِ  پریشٲنی یژھان چھِو، دستک  نہَ دِنٕکٗك نشانہٕ لگٲوِیو٘ یا دروازٕ یٹھہٕ درواز گھوٹالن پٮ۪ٹھ شَک چھُو،  دروازٕیہ مہٕ مٗژرٲویو٘ ۔
1880,امہِ سۭتۍ اوس ظٲہِر گژھان زِ أمس مارنہِ خٲطرٕ یُس آلہِ استعمال اوس گوٚمُت سہُ اوس ترٛامُو۔
1881,گول کیپر چھِ پیڈڈ پینٛٹ، پیڈڈ سینہٕ محافظ، کۄٹھین پیڈ تہٕ ہیلمیٹ کہِ ذریعہٕ فراہم کرنہٕ یِنہٕ وٲلۍ محدود تحفظ لاگان۔
1882,جن پربھاسوُری کِس وِوِدھا تیرتھ کلپ (14ہِمہِ صٔدی) منٛز چھِ کٗلیاپک رشبھ دیو ستوٗتی  تہٕ کولاپاکمانیکی دیوا تیرتھ کلپ كہِ  کینٛہہ حصہٕ۔
1883,مظفر عالم چھ دلیل دوان ز مغلو کوٚر پنٕنۍ متنوع سلطنت یکجا کرنہٕ خٲطرٕ ارادٕ سان فارسی ہند-فارسی سیٲسی ثقافت ذٔریعہٕ استعمال۔
1884,کوف چھِ فِنلینڈس منٛز ساروٕے کھۄتہٕ مشہوٗر بیئرو منٛزٕ اکھ ۔
1885,"اتھ حدس منٛز چھ واریاہن صوبن منٛز 1,632 بلدِیٲتی علاقہٕ ۔"
1886,کیٚنٛہہ لوکھ ہیکن نوٚو چپہٕ ینہٕ برٛونٛہہ کشُن ژِینتھ۔
1887,امہِ سۭتۍ زیوٗن تٔمۍ پنُن فلم فیئر بہترین اداکارُک ایوارڈ تہٕ بہترین اداکارُک گۄڈنیُک نندی ایوارڈ۔
1888, شروٗع کس ہفتس منٛز کٔر فلمہ پوٗرٕ دنیاہس منٛز 47.62 ₹کروڑ کمٲے۔
1889,یہ آو گۄڈنچہ لٹہ 1984 ہَس منٛز پیرالمپک کھیلن منٛز گنٛدنہٕ ۔
1890,جدید دورس منٛز چھُ یہِ یومہِ جمہوریہ تہٕ یومہِ آزادی کِس ہفتَس منٛزی دۄن پوشہٕ نُمٲیِشَن ہُند انعقاد کران۔
1891,مجموعی طور، چھُ امِكہِ س  لگ بگ %15 عام آبٲدی کنہ حدس تام متٲثر کرنٗك تخمینہٕ لگاونہٕ یوان ۔ 
1892,1948 پیٹھٕ مرنس تام آو سہ 100 کھۄتہٕ زیادٕ فلمن منز وٕچھنہٕ ۔
1893,عبرٲنی ناو چھ تم ناو یم عبرٲنی زبٲنۍ پٮ۪ٹھٕ چھ آمٕتۍ۔
1894,یووایٹس ہیکہ ژھانپھ  تہٕ  أچھن  دگ كرِتھ،  خاصكر   ییلہ گاش بٗتھہِ پییكھ  (فوٹو فوبیا)۔
1895,سوٗ وو٘تھ 2002 کِس فرانٛسی صدارتی انتخابس منٛز صدر سںدِ خٲطرٕ ۔۔
1896,تٔمہِ کٔر مردن منٛز بیمارن متعلق بیدٲری بڑاونس پٮ۪ٹھ کٲم ۔
1897,حکومتس کنٹرول کرنہٕ علاوٕ چھ سیٲسی خاندان ریاستس منز کاپریٹو ادارٕ، خاص طور کاپریٹو کھندٕ کارخانہٕ تہٕ ضلعہٕ کاپریٹو بینک تہ کنٹرول کران۔
1898,فلم چھِ  سکھمیت (سُکھی) (تُشار کپوُر) سندِ پیٹھہٕ شروع سپدان اكہِ سكوُل پیٹھہٕ پننِس نیچوِس كبوُترس باپت دٲخلُك درخواست كران چھُ ۔ 
1899,مایکرو کرسٹلاین سیلولوُز تہٕ پیسِتھ  سیلولوز چھ دوا پھٔلین منٛز بپور  غٲر فعال برٲیہِ استعمال یوان کرنہٕ ۔
1900,برطانوی نقصانک تخمینہٕ آو 22 ہلاک تہٕ 50 زخمی کرنہٕ۔
1901,سوائن فلوُ ہچ ایچ 1 این 1 صوُرت  چھے٘ تمہِ قٕسمہٕ كین   زٗرِیاتو  منٛز اکھ ییٚمہِ 1918 ہس منٛز فلوُ وۄباہ پٲدٕ کوٚر۔
1902,اچھِ  چِھے٘ تمہِ  كتھِ ہندِ واتناوِرٕ باپت باپت بطور ذریعہ كٲم كرن یوسہٕ  رقاص باونٕچ کوُشش کران چھُ ۔
1903,چیمبرزن ترٲو 2008 منٛز ویڈیو گیم کمپنی فینوم گیمن ہنٛز بنیاد ۔
1904,1990 کس دہائیک کارٹون سیریزک کیٹ ، دی رین اینڈ سٹیمپی شو ۔
1905,ترٛیمس مقامس پیٹھ ٲس  2004 سٗباروُ امپریزا، ییٚلہ زن 1999  ایکورا انٹیگرا ژوٗرمس مقامس پیٹھ آیہ، یتھ منٛز 1994 ہونڈا سوِک سرفہرست پانژن منٛز شٲمل ٲس ۔
1906,لارین گوٹلیب، درشتی دھامی، جیتندر تہٕ منیش سٕنٛدۍ ٹی وی دوست واہبز دورابجی، تہٕ ویوین دیسیناہن کٔر مکی وایرس چہ خاص سکریننٛگ منٛز شرکت۔
1907,سُہٕ چُھ میگنس چیس سٕتۍ گۄڑنیُک کزن، یُسٕنز مٲر چِھ سُہٕ سٕنز پَتہٕ سٕندٕ خالہٕ۔
1908,وُنیُک تام زانٛنہٕ ینہٕ واجنینۍ ساریٚے شیٚہ انواع چِھ ساروٕے کھۄتہٕ لۄکٹین نِنہ مُنڈجن تہٕ ورٹیبریٹ انواع منٛز شٲمل۔
1909,بوسٹن کین لوُکن  تہِ چھٗ کتھ کرنٗک اکھ انداز یتھ بوسٹن لیكہٕ   ونان چھِ ۔
1910,بورج گزریوو 9 اپریل 2017  اوسلوس منٛز، دِلٕكہِ دورٕ سٕتہِ ۔ 
1911,یِتھہٕ کٔنہِ ہیكہو٘ تلوار كڈِتھ تہٕ حریفس اكسیہ حركتس منز كھش كرِتھ ۔ 
1912,کروے ، ورجینیا کروے چھ ریاستہائے متحدہ امریکا کس ریاست ورجینیاہس منٛز اکھ شہر ۔
1913,"ڈسٹری بیوٹرو دیت ہٮ۪دایت کار کمارس مشورٕ ز سہ کر اکھ یتھ منظر ہٹاون یس تم مغربی سامعینن خٲطرٕ واریاہ ڈرامٲیی مانان ٲسۍ۔
"
1914,یلاگیری منٛز چھنہٕ ہوٹلن ہنز  اییر کنڈیشنگ اصل پٲٹھہِ کٲم کران ییٚمہ سۭتہِ  بہٕ گرم آسنہٕ کِنہِ  تتان چھس۔
1915,سۄٲس یہ کتھ تھٮ۪کان ز تس سنٛد خانٛدر اوس خۄداے سٕنٛدۍ دٔسۍ کرنہٕ آمت۔
1916,"حسابُک آغاز کٔرِیو ڈلنس منز   اضافہٕ حل کٔرِتھ ۔
"
1917,अथी रॆतस मंज़ क॓र ऑटोपिकसन कारवेबस सॉति इशतिराक़  त् रलियोव अथ सॉति.      
1918,بطور کروموزومل حالت چھٗنہٕ ٹرنر سنڈرومس كانٛہہ یلاج ۔
1919,"یہِ جسمٲنی زبان چھِ اِشارٕ کَران زِ تُہۍ چھِو نہٕ أمِس پننِس دۄہَس منٛز دعوت دِوان۔
"
1920,کٹابومن سندۍ لۄکٹۍ بٲیۍ اومیتھورائین کوٚر ماروتھو باین، پیریا مارودھو تہٕ چننا مارودھو ہس ماتحت پناہ حاصل تہٕ کوٚرن فوج تیار۔
1921,ییٚلہ کانٛہہ نفر ادایگی کرنہٕ نشہ انکار کر، تہۍ ہیٚکو مقدمہٕ کٔرتھ۔
1922,آسٹریلیَس منٛز اوسُکھ أکِس 33 وُہُر سیلٕز مینَس پیٹھ بوموارِ دۄہ وکٹوریہ پولیسٕک مِسنگ پرسنز سکواڈَن ڈالی بور پینٹکُک قتلُک الزام لگومُت۔
1923,چیرا ہو ، چولو تہٕ پانڈیاہو کوٚر بالترتیب موزیریس (موچِری) ، کورکائی تہٕ کاویری بندرگاہن (یونانی-رومی دنیاہس سۭتۍ تجارتہٕ خاطرٕ) پیٹھ قابو ۔
1924,مےٚ چھ تُہندِ طرفہٕ یِہ انتہٲیی غٲر ذِمہ دارانہٕ باسان زِ نَہ چِھو تُہہِ وقتس پٮ۪ٹھ کامِہ پیٹھ یِوان تہٕ نہ چھو تُہہِ میٹنگن منٛز شرکت کران یہنز توہہِ دعوت دِنہٕ یوان چھِ ۔
1925,2002 پؠٹھٕ 2018 تام اوس سہ پراگ آبزرویٹری تہٕ پلینیٹیریمک ڈایریکٹر۔
1926,"اگر نہٕ طبی طریقیہ یلاج  کلیسٹرولٕ سطح کم کرنس منٛز کامیاب گٔژھِ  ، تیٚلہِ ہیٚکو ایل ڈی ایل  ایفیریسس استعمال کٔرِتھ ؛ یہٕ چُھ ایل ڈی ایل خونہٕ  جو٘یہِ منز اكہِ ڈایلِسِز یاد پاون والہِ عملہٕ سٕتہِ  چھانان ۔
"
1927,"اکہ مطالعہٕ سۭتۍ چُھ پتہ لگان زِ کھیلہٕ پتہٕ 14 ہفتن دوران چُھ تقریباً 5 % لوکن زخم لگان۔
"
1928,گۄڈنِکس سکرینس منٛز چھ اکثر بار کوڈ یا ریوارڈ کارڈ نمبر آسان یس چیک آؤٹ نفرس دٲخل کرن چھ آسان۔
1929,اکھ ہجوم، کم و بیش کثیر، چھ مورتی سۭتۍ گژھان، ژرِ پوٚپ کران کران تہٕ خوشی ہنٛز آواز بلند کران، ییلہٕ زن اکھ لۄکٹ آرکیسٹرا چھ عام طور مورتی برونٹھ آسان۔
1930,یلو فیٖورٕکِس ہیمسٹر ماڈلس منٛز چھُ اینٹی وایرل رباویرنُک ابلونِسٕیہ منز واتناوُن بٮ۪مارِ ہٕنٛدٮ۪ن واریاہن پیتھولوجیکل خصوصیاتن ہُنٛد اکھ اثردار علاج۔
1931,1859 تام ٲسہِ بٲغی رہنما بخت خان تہٕ نانا صاحب یا تہِ مٲرِمٕتہ یا فرار  گٔٲمٕتہِ۔
1932,شُرِ ہیکن  تھٕدِ گژھنس  یا صحیح طریقہٕ وزن بڑٲونس منز نا اہل ٲسِتھ ۔
1933,"جنوبی فرانسک آب و ہوا چھ یونانس سٕتۍ رلان ییٚتہ دۄشوٕنی بحیرہ رومک آب و ہوا چھ۔
"
1934,یہِ قلعہٕ اوس ڈچ ایٖسٹ اِنڈیا کمپنی 1714 ہس منٛز کوچین سلطنت کہِ اِجازتہٕ  تعمیٖر کوٚرمُت۔
1935,امی سۭتۍ چھےٚ وینٹریکل کنٹریکشن گژھان تہٕ وینٹریکلر سسٹول بناوان۔
1936,فن لینڈن زیوٗن ویستیرس، سویڈنس منٛز 2004  عالمی چیمپئن شپ، ییٚلہ زن باقی تمام چیمپئن شپہٕ   سویڈنن، سووِیت یوُنینن تہٕ روُسن زیٖنہِ ۔
1937,مانٛنہٕ چھ یِوان زِ ییلِہ کالراتری  گنگا دریاوس منٛز سرٚان کوٚر، تٔمِس گوو پِروٚن رنگ حٲصل۔
1938,اَمہِ حصہٕ کِس جنوُبَس منٛز چھُ اِڈٗکی نیم وٗڈٕر  تہٕ جنوب مشرقَس منٛز کارڈاموم ہِلز۔
1939,فنِش کمنیوٗکیشنز کارپوریشن نوکیاہَن کوٚر اعلان زِ اَمیُک سربراہ گژھِ 21 ستمبر تبدیل۔
1940,گودوار، مارواڑ، تہٕ شیکھاوتی علاقہٕ چھ جودھپور شہرس سۭتۍ کٔنڈۍ دار دۄپھ وٲلِس جنگلہٕ کس علاقس منز واقع۔
1941,"رسلویل چھ ریاستہاے متحدس منٛز الینواے ہک اکھ گام۔
"
1942,تَمہِ زیٖنہِ 1992 کِس سمر اولمپکس تہٕ 1996 کس سمر اولمپِکسَس منٛز زٕ سۄنہٕ سٕنٛدِ تمغہٕ۔
1943,یہِ رقم اوس 1839 ہَس منٛز اتھہِ وقتس خٲطرٕ دۄگنہٕ۔
1944,باقی مسلمان، عیسٲے، تہٕ کینہہ ہندو ذاتہٕ یتھ کٔنۍ زن نمبوتھری، زیادٕ تر امبالواسی ذاتہٕ تہٕ ایزاواہن کٔر مکاتھیامٕچ پیروی، یس اکھ پدرانہ نظام چھ۔
1945,دۄشوٕے کٲم کرن وٲلہِ دفتر چھ چووکٗرٗك  فلاح و بہبودٕچ وٗچھان ۔
1946,کولنز، مسیسپی کولنز چھ کووننگٹن کاؤنٹی ، مسیسپی یس منٛز اکھ شہر ۔
1947,یہِ کمٲیی ٲس گۄڈٕنِکہِ دُہٕچہِ  انٛدازَن ₹1 کروڑ کمایہِ کھۄتہٕ کم۔
1948,تقریباً گٔیہِ پَنٛژَہ ساس لوٗکھ تقریٖبو باپتھ رائے گڑھس منٛز جمع ۔
1949,تٔمۍ کٔر اعلان آزادی تہٕ امریکی ٲیین لیکھنس منٛز مدد۔
1950,أمِس مِلٮ۪وٚو ژوٗرِم فلم فیئر ایوارڈ 1967 منٛز مِلن باپتھ ۔
1951,اکھ روایتی سنوکر سکور بورڈ چھُ أکِس اباکسَس سۭتۍ مِلان تہٕ چھُ تِم پوائنٹ ریکارڈ کران یِم پرٮ۪تھ کھلٲڑۍ یونٹَن تہٕ وُہَن منٛز موجودٕ فریمَس سۭتۍ سۭتۍ فریم سکور کران چھِ۔
1952,یہِ چھُ سویڈش بینڈیَس منٛز سنگل ایلیمینیشن ٹورنامنٹُک مُقابلہٕ تہٕ دوٚیِم ساروِی کھۄتہٕ اَہَم بینڈی مُقابلہٕ یُس قومی چیمپئن شپ پتہٕ صرف گھریلو سویڈش ٹیمَن باپتھ یَلہٕ چھُ۔
1953,یمو منٛز چِھنہٕ واریاہ طریقہٕ باقی اہم ہندوستٲنہِ  کلاسیکی رقص ریواجن منٛز لبنہٕ یِوان۔
1954,ریاست چھ ہندوستان کس مغربی گرڈک اکھ اہم حصہٕ بناوان، یس وۄنۍ ہندوستان کس شمال، مشرق، مغرب تہٕ شمال مشرقی (NEWNE) گرڈس تحت چھ یوان۔
1955,فالجک نٔتیٖجہٕ چھٗ زخم كِس باڈوس تہٕ جایہ پیٹھ مٗنحصر  وارِیاہ مٗختٔلف آسان ۔
1956,ییلہٕ گیم میکر لینگویج استعمال ییہٕ کرنہٕ تیلہٕ ہیکو زیادٕ تفصیلی گیم بنٲوتھ ۔
1957,ناگا  لُکھ چھِ آبٲدی ہُنٛد اكشرِیتی  حِصہٕ۔
1958,گینٹوفٹا چھ سویڈن کس اسکین کاؤنٹی منٛز ہیلسنبرگ میونسپلٹی ہُند اکھ علاقہٕ۔
1959,ییلہِ زن  میسورس تہٕ پیشواہس درمیان اِقتِدارٗك  جَدوجَہد جٲری روٗز اتھ منٛزہیتِن  جلدٕیہ برطانوی تہٕ باقٕیہ  یوٗرپی تجٲرتی کمپنی تہِ  شٲمِل گژھنہِ ۔ 
1960,بٲے لگوو پنٛنہ بینہ گاڈِ سۭتۍ ٹاس تہٕ ووٚننس ضرب کرنہٕ خٲطرٕ۔
1961,2022 منٛز، کوٚر یہٕ جوڑی ژور گریمی ایوارڈز جیت۔
1962,میسورٕک ووڈیار ٲس فَنَن ہنٛدۍ زبردست سرپرست۔
1963,"تمِس اوس کُنہِ کُنہِ ساتہٕ سمراٹ وننہٕ یِوان۔
"
1964,اگر نفع کم چھ گژھان تیٚلہ ہیکن سٹاک ہولڈر کٕنتھ ، ییٚمہ سۭتۍ کمپنی مزید نقصان واتان چھُ ۔
1965,نیشنل سپورٹس یونیورسٹی ییِہ منی پورس منز تعمیر کرنہٕ،  ہندوستانس منز امِہ نوعیتٕچ گۄڈنِچ یونیورسٹی آسہ۔ 
1966," مےٚ چھُ پزی دل تنگ گژھان 
 زِسانہ سڑکہ پیٹھ چھ غیر قانونی طور یم مکانہٕ  یتھ پٲٹھۍوہراونہٕ یوان ۔"
1967,"تم چھ ہراگنا یم ہاوان چھ ز کانجی کتھ کٔنۍ چھُ ونٛنہٕ یوان۔
"
1968,اِیوِنگ، کینٹَکی-اِیوِنگ چُھ امریکہہس منز  کینٹَکی ہٗك اکھ شہر۔
1969,"یونایٹِڈ سِٹیٹسَس منٛز چھِ جونیئر رولر ڈربی ایسوسی ایشن 18 ؤری کھۄتہٕ کم لوٗکَن ہٕنٛدِس کھیلَس پیٹھ حکمرٲنی کران۔
"
1970,"لیگِ ہُند ٲیین اوس 1907 تس منز بناونہٕ آمُت، یمو وکالت مولانا محمد علی سنز لیکھنہٕ آمٕژ ""گرین بک"" منز ٲسۍ کرنہٕ آمٕژ۔"
1971,"پننہٕ کتابس منٛز چُھ ابن تیمیہن اکھ پیچیدٕہ حکومتی اکاؤنٹنگ سسٹمچ تفصیلات دیوان۔

"
1972,وۄنۍ گوٚو، تٔمۍ ہیوٚک نہٕ اکھ جسمٲنی وجہ آسنہٕ کنۍ اتھ میچس منٛز گنٛدتھ۔
1973,یہِ ٲس ہُمایُن دھنراجگِر تہٕ دُھریشور دھنراجگِر سٕنٛز موج۔
1974,اکھ سفید جاناوار، بظٲہر اکھ کوتر، ہوا ہوایی (دیپک ڈوبریال) چھ یہ ونان ز سہ چھ کٲنٛسہ یتھس زانان، یس جانورن تہٕ انسٲنی دۄشوٕنی ہٕنٛز زبان چھ زانان۔
1975,"صوُرت حال قوبوٗ کرٕنہِ یژھان چھِ سۄ پننِس مٲلِس ماجہِ پیرس تہٕ ایمسٹرڈیم گژھنہٕ خٲطرٕ پننِس گۄڈَے بُک کرنہٕ آمٕتہِ ہنی موُنس پٮ۪ٹھ کُنی زٔنہِ گژھنُک اجازت منٛگان۔
"
1976,ایڈنبرگ قٕلہٕ ایڈنبرگ قٕلہٕ چھ ایڈنبرگ، سکاٹ لینڈس منٛز اکھ قٕلہٕ۔
1977,فلمہِ ہِنٛز بین الاقوٲمی كاربار چھِ فنٹاسٹک فلمز انٹرنیشنل سنٛبھالان۔
1978, ہۄنر کہِ اَکی درجِکہِ  واریاہ سوار  چھِ  ڈرافٹِنگ ہٗند فٲیدٕ تٗلنہٕ باپت اِكہٕ وٹہٕ چھوكن منز پكنس ترجیح دِوان ۔ 
1979,اتھ چھ رائٹ ونس کمپائل ونس اینڈ رن اینی وایر  تہِ ونان ۔
1980,"یُس وۄنہِ  راجستھان چھُ امیِکۍ کینٛہہ حصہٕ ٲسہِ  کُنہِ حَدَس تام ویدک تہذیب تہٕ وادی سندھ تہذیبٕکہِ  حِصہٕ۔
"
1981,مےٚ کھوٚت بس ڈرایورس پٮ۪ٹھ شرارتھ ییٚلہ تمہِ  ہاے ویٚیس پٮ۪ٹھ أکس سٹنٛٹ مین سٕنٛدِ  پٲٹھہِ بس چلٲو ۔
1982,کالیزین سرجری چھِ اکھ محفوٗظ طریقہٕ کار تہٕ پَریشٲنیہِ چھِ کُنہِ کُنہِ ساتہٕ گژھَان۔
1983,"گَوہاٹی منٛز قٲیِم سیٚٹَلایِٹ نیٛوٗز چیٚنلَن منٛز چھےٚ  آسام ٹاکس، ڈی واے 365، نیٛوٗز لایِو، نیٛوٗز 18 آسام-نارتھ ایٖسٹ، نارتھ ایٖسٹ لایِو، پرٛاگ نیٛوٗز تہٕ پرٛتِہِ دِن ٹایِم شٲمِل۔
"
1984,ییٚلہ تم تالاب نش دور آسن، تمن ٲس نہٕ ٹوٹر، فیس بک، یا ٹیلی ویژنس تام رسٲیی تہٕ تمن اوس باقین ذٔریعن ہنٛد استعمال کٔرتھ پانس تفریح کرن۔
1985,پنٛنہِ ضٔروٗرِتہٕ حِسابہٕ ڈِزاین تہٕ بناونہٕ آمتین سافٹ وِیر پیكیجن باپت دِیو آن لاین ژھانڈو ۔
1986,"تمۍ سٕنزِ واریاہ فلمہِ چھِ تاملَس منز تہِ ڈب کَرِ نہ آمژٕ۔
"
1987,امہِ تبدیلی ہٕنٛد وجہ سۭتۍ ترٛوو سمتھن مایکرو وایرلیس تہٕ موبایل نیٹ ؤرک سافٹ وییرس منٛز قدم۔
1988,تمہٕ وقتہٕ اوس ونسنس لۄکٹین ایرانی گن بوٹن سۭتہِ گولین ہٗند تبادٗلہٕ كران ۔ 
1989,"""ایس ایم آیی"" مخفف چھ وٕنہ تہ کنہ کنہ ساتہٕ بول چالس منٛز استعمال گژھان۔"
1990,1923 ہَس منٛز کٔر رائل آٹوموبائل کٕلبَن قونوٗنَن تہٕ ضوابطن پٮ۪ٹھ مزیٖد بَحَش  کرنہٕ خٲطرٕ اکہِ اجلاسٕچ میزبٲنی۔
1991,"رِگ ویدٕکۍ آیتہٕ، یتھ کٔنۍ زَن 3.44-45 چھِ سخت سمٲجی درجہٕ بندی ہٕنٛز غیر موجودگی تہٕ سمٲجی نقل و حرکت کہ وجودٕچ نشاندہی کران۔
"
1992,"امی پولن دیت ""من رے، تو کہیں نا دھیرے"" ووٹ، یس رفیع ین گیونمٗت اوس، بطور نمبر 1 بٲتھ۔"
1993,ؤرلڈ کپس منٛز ووت سہ ژوٗرمہ لٹہ ژوٗرمس مقامس پؠٹھ۔
1994,"کپتان سٕنٛدِ حیثیتہٕ ٲس دیو سٕنٛز کارکردٕگی بطورِ کھلٲڑۍ امہِ کھۄتہٕ بہتر۔
"
1995,لہذا، چھِ کینٛژن مٗطعلن ہندِ نتیجہِ تجویز كران زِ ڈی ایچ چھٗنہٕ مردو كھوتہٕ زیادٕ اہم پٲٹھہِ زنانن مٗتٲصِر كران ۔ 
1996,"اگر تُہۍ پننِس پانَس سُپر مارکیٹَس منٛز اندٕ روٚستٕے وقت دِوان چھِو، تیٚلہِ چھِ تُہنٛدِ گلۍ ین منٛز پھیرنکۍ زیادٕ اِمکان۔
"
1997,"ریٖڈن کٔر آسٹرین سکول آف اکنامکسٕچ حمایت تہٕ کوٚرن فاونڈیشن فار اکنامک ایجوکیشنک آغاز۔
"
1998,کریٹینیٲیی ین ٲسہِ کھیل، کھین، ایتھلیٹکس، موسیقی تہٕ خوبصوٗرت پلو پسند  ۔
1999,یہ چھ اکھ تیزاب، حالانکہ سلفیوٗرک ایسڈ ہیوٗ تیز چھنہٕ کٮ۪نٛہہ۔
2000,اتھ توانٲئی منٛز چُھ 527 واٹ انفراریڈ ریڈی ایشن، 445 واٹ مرئی روشنی، تہٕ 32 واٹ الٹرا وایلیٹ ریڈی ایشن۔
2001,"أمۍ سنٛد مول اوس شپ یارڈک کارکن، اکھ شوقیہ باکسر تہٕ اکھ پیشہٕ ور فٹ بالر۔
"
2002,"احتِجاجَن مُقابلہٕ کرنہٕ خٲطرٕ کوٚر حکوٗمتَن 12,000 خاندانَن باپتھ معاوضہٕ پیکیجَس منٛز ہُرٮ۪ر تہٕ 2,200 لوٗکَن میج مُختٔلِف سرکٲرِۍ محکمَن منٛز نوکرِی۔"
2003,لوک چِھ تِمن کُؔنہٕ لفظ کہ مولس برونٛہہ یا پتہٕ تھوان ۔
2004,یہ عمل چھ مائع سبزی ہنٛدس تیلس منٛز ہائیڈروجنس شٲمل کران تاکہ تم بنن زیادٕ ٹھوس۔
2005,یِم علاج ہیکَو گَرَس منٛز یوٗ وی بی لیمپہٕ سۭتۍ یا کُنہ کلیٚنِکَس منٛز کٔرِتھ۔
2006,"اتہِ ٲسۍ دُکان، شراب خانہٕ تہٕ لۄکٕٹۍ کارخانہٕ یِم لٔکرِ تہٕ چمڑٕ چیٖز بناوان ٲسۍ ۔
"
2007,یہ دۄہ چھ الہ آباد کس بادشاہ ایلا سٕنٛد طرفہٕ استان بناونہٕ  تہٕ آفتاب دیو دِوتاہ سنٛدِ زایہِ  دوہچہِ یاداوٲری باپت بناونہٕ یوان ۔ 
2008,بَطورِ اَکھ رِکارڈِنٛگ آرٹِسٹ چھِ  چوپڈاہن ترٛےٚ سِنٛگَل رِلیٖز کٔرِمٕتی تہٕ پنٛنیٚن واریاہن فِلمی بٲتَن ہِنٛدِ خٲطرٕ آواز دِژمٕژ۔
2009,یم فوسل چھ تاپی دٔریاو کس خٕطس سۭتۍ لبنہٕ ینہٕ والین فوسلن ہٕنٛدۍ پٲٹھۍ۔
2010,"اگر تۄہہِ پنٛنِس کھاتس، پتِمین آرڈرن، یا اکاؤنٹٕچ سیٹنگ متعلِق سوال چھِ، تیٚلہِ سوزِو پنُن ای میل جنرل ہیلپ اکاونٹَس پیٹھ۔
"
2011,"2011 ہَس منٛز اوس ہسپتالَس منٛز زیادٕ تر خرچہٕ شرابَ كین ماملن سۭتہِ وابستہٕ ۔
"
2012,سُوٛ وون زِ تمو کوٚر نہٕ صحیح طور پٲنٹھ کمپوز کرنُک طریقہٕ سِکھ۔
2013,اتھ قربانس منٛز اوس اکھ پوِتر گر أکس ؤرۍ یس تام سلطنتن منٛز پھیرنہ خٲطرٕ آزاد تھاونہٕ یوان۔
2014,کمپیوٹر خٲطرٕہ چھ کانٛہہ تہٕ ڈواس یتھ کمپیوٹرس بغٲر ہیٚکہ کٲم کٔرتھ، یہ چھ سطحی آلات۔
2015,"ہیملٹن چھ نیشنل ہاکی لیگ ٹیم یژھان مگر اتھ چھنہٕ کانٛہہ تہ یتھ ٹیٖم۔
"
2016," 25 मारच, 2015 ताम आसॅॲमि गेमि 12 मिलियन कॉपी कॅनिमच्.   "
2017,व लान आलॅ छि  ब्लूटुथ खोत ज़याद पावर निवान.  
2018,ایسٹرن  آرتھوڈوکس پوپ تہٕ پیٹریارک آف اسکندریہ تہٕ تمام افریقہ۔
2019,بحری جہاز چِھ دور مشرق تہٕ یہنٛزن باقٕی جاین پٮ۪ٹھ واریاہ مصنوعات اسرائیلس منٛز انان ۔
2020,حالت کس شدتس پیٹھ منحصر ہیكہِ پوچ بدلانہٕ باپت سرجری ہینز  ضروٗرت پیتھ ۔
2021,سٹیلی چھ اکھ آپریٹنٛگ سسٹم یتھ منٛز سٹیٹکلی لنکڈ پروگرام چھ یم چلاونہٕ چھ یوان۔
2022,یہِ سٹیڈیم چھُ دروناچاریہ ایوارڈ یافتہٕ مہابلی ستپال ڈایریکٹ کران۔
2023,2012 دوران اوس ویر داس مبینہ طور واریاہ سرکردٕ مزاحیہ شو کران، خاص طور تعلقات تہٕ ہندوستانس منٛز بدلوِنن ثقافتی تبدیٖلین پیٹھ توجہ مرکوز کران۔
2024,یہ ونٛنہٕ پتہٕ، چھ کھیل یقینی طور تمہ نش واریاہ برٛۄنٛہہ پوٚکمت یہ یہ گۄڑٕ اوس۔ 
2025,زیادٕ تر ماملن منٛز چھ یم دوا سۭتہِ  گژھن واجِنہِ  نفسیٲتی خرٲبی  طویل عرصس تام پرہیز کرنہٕ سۭتہِ ختم گژھان ۔ 
2026,21 مارچ آیہ مزید ستن معملن ہٕنٛز تصدیٖق کرنہٕ ۔
2027,اکھ درجن کھوتہٕ زیادٕ باقی شیڈول تہٕ غیر شیڈول زبانہٕ تہ چھ بولنہٕ یوان۔
2028,انٹرنیٹس پیٹھ ٲس ایموٹیکنن ہنٛز ڈیجیٹل شکلہٕ 1982 دوران اکس ای میلس منٛز لیکھنہٕ آمژ ۔
2029,ٹراپِكل  طوُفان آرلینن  چھٗ  گۄڈٕ ے  کیوُبا بھارٕ روُدٕ تہٕ تیز واوٕ  سۭتہِ مٗتٲثر کو٘رمٗت ۔
2030,میگھالیہ چھ بنیأدی اکھ زرعی ریاست یمیچ تقریبا 80% آبٲدی  پننہِ کھین چینہ خاطرٕ پوٗرٕ پٲٹھۍ زراعتس پیٹھ منحصر چھےٚ۔
2031,حالٕے آیہ سیئٹل، فرینکفرٹ، کولون تہٕ برمنگھمس منٛز سکریننگ کرنہٕ۔
2032,نمایندٕ راسمس ہینسن تہ اوس پارٹی ہنٛد ترجمان۔
2033,حالانکہ اتھ موضوعس پیٹھ روایتی طبی مشٲہدٕ چھ انتخابٲتی طریقہٕ کارس متعلق قدامت پسندی پیٹھ زور دوان یتھ کٔنۍ ز شدید داغن ہٕنٛد خطرٕ کہ وجہ سۭتۍ چھ کٔن ژھنان، اصلی نتیجہٕ چھ غیر واضح۔
2034,تمۍ کٔر  خود مختار قومچ بُنیاد تراونٕچ ، مقرر اجرت  تہٕ اچھوت تہٕ غلٲمی ختم کرنٕچ وکالت۔
2035,چیر چھ اکھ الاؤ یتھ  درمیانس منٛز اکھ سبز پایہ کُلہِ لٕنڈ آسان چھے٘ ۔
2036,کینٛہہ لُک چِھ دیوری زَبان تہِ بولان
2037,وۄں گوٚو، یہ ہٮ۪نہٕ پتہٕ اگر کانٛہہ مسلہٕ آسہ، یہ زانٛنہٕ چھ اہم ز تہۍ ہیٚکو مشین واپس کٔرتھ۔
2038,"مٔلِک نائک سنٛدِس  قیادتس منٛز دٕژ علاؤالدین سٕنٛدِیو 30,000 مَضبوٗط گٗرِ سَوارو امروہا  کِس جنگس منٛز منگولن شِکست ۔"
2039,جالندھر ضلعس کم فاصلس تام میلنہٕ پتہٕ چھٗ  دریاو امرتسر تہٕ کپوُرتھلا ہس درمیان سرحد بناوان۔
2040,کیفے کٕنٕنُک دۄہ ووت، تہٕ تٔمۍ سٕنٛزِ ماجہِ چھُ لگان پَے زِ سُہ کیازِ آو اندھیری پیٹھٕ واپس۔
2041,یش راج فلمزن دیُت جواب ز تمن گو صدمہٕ منٛز تہٕ كورُكھ  دیوگن سٕنٛدین ارادن  پیٹھ سوال ۔
2042,تم گیٔے پورٕ مشرقی ایشیا ، مشرق وسطی تہٕ پتہٕ یورپس منز پھیلتھ ۔
2043,تٔمہِ گِیوٗند  بوسٹن بروئنزس سۭتہِ اکھ نیشنل ہاکی لیگ سیزن  ۔
2044,کلارا بیئر ٲس نیو اورلینزس منٛز روزن واجیٚنہِ سپورٹس ٹیچر ییٚلہ تٔمہِ نیسمتھس تمہِ سٕندِ باسکٹ بال کھیلہٕ ہندین قوٲیدن ہٗند نقل دِنہٕ باپت لِیوُكھ ۔
2045,لہاذا چھُ یہِ مٗمكِن زِ یِوٹامن بی 12 چہِ کمی سۭتہِ  چھُ تِمَن لوٗکَن منٛز دِلچہِ بیمارِ ہٗند خطرٕ بڈان یِم ویٹھہِ آسان چھِ ۔ 
2046,ایی بی وی چھ مدافعتی نظامٕک بی سیلن تہٕ اپیتھیلیل سیلن متٲثر کران۔
2047,تٗہندِ  دسہِ زینمٕتہِ تہٕ خرچ كرِمٕتہِ پریتھ ڈالرٗك اندراج تھٲوِیو ۔
2048,کلشیکھر سٕنٛدس دورِ حکومتس منز وچھ کیرالہ ہن فن، ادب، تجارت تہٕ ہندو متٕچ بھکتی تحریکہ ہنٛد ترقی پذیر دور۔
2049,مندرن آو زمین ، نقد رقم ، پٲداوار ، زیورات تہٕ تعمیرات چہِ  شکلِہ منز عطیہ دنہٕ ۔
2050,یہِ پیشین گوئی گٔیہِ کووِڈ-19 وبٲیی مرض سۭتۍ ختٕم۔
2051,"کپوُرن کوٚر مزید تبصرٕ زِ سوُ  بیہہِ شیٚن گھنٹن تام مس تہٕ میک اپ کرنہٕ خٲطرٕ  تہٕ ""ٹیسٹہٕ پتہٕ چھ ٹیسٹ (تِم) روُدِ ناکام گژھان۔"""
2052,800 پتہٕ کٔر أمۍ جشنن دُبارٕ اہمیت اختیار ییٚلہِ کِرٛسمس کہِ دۄہ چارلمیگنس تاج پوٗشی آیہِ کرنہٕ۔  
2053,تاہم ، باقیو چھ امیک شناخت جدید برما یا آسامس منز واقعہ أکس قدیم ریاستس سۭتۍ کورمت ۔
2054,نایجیریا چھ اکھ نوٚو ملک ییٚمۍ سرکٲرۍ طور جنگلی پولیو وایرسٕچ مقٲمی منتقلی بنٛد کٔر۔
2055,امیٗک مطلب چھٗ یہِ زِ سرمایہ کٲری پٮ۪ٹھ نفع آسہِ فی ؤریہِ تقریباً 5 فیٖصد ۔
2056,"امہِ علاوٕ چِھ اٹلی منٛز 50,000 بودھ 70,000 سِکھ تہٕ 70,000 ہیندِ ۔"
2057,پیروکارَن ہٕنٛدِ طرفہٕ جے بھیم سلٲمی دِنہٕ سۭتۍ چھ، أمِس عزت یِوان کرنہٕ۔
2058,یتہِ چھ ساگوان، یارِ، بلوط، یوننگتھو، لیہاؤ، بانس، تہٕ ٹُرن دار جنگل۔
2059,بڑا خیال چھُ امکاناتَن ہُنٛد اکھ ؤسیع دٲیرٕ پوٗرٕ کران، مثٲلی طور  موسیقی ہِنٛدین  تمام عنصرن پٮ۪ٹھ توجہہ دِتھ - سوز، تال تہٕ رفتار۔
2060,ऑनलाइन गिंदन् सॉति छि खिलॉडि आलमी रुतब् बापथ पोइंट जमा करान. 
2061,"کلیان جی آنند جی بٲتھ ""کسمے ودے پیار وفا"" اوس تٔمِس پیٹھ آمُت بناونہٕ۔
"
2062,تٔمۍ کوٚر 1925 پٮ۪ٹھٕ ایلنگس آی ایف خٲطرٕ تہٕ 1927 پٮ۪ٹھٕ جورگارڈنز آی ایف خٲطرٕ مقابلہٕ۔
2063,پٹیلن کٔر ساری قیدۍ یَلہٕ ترٛاونہٕ تہٕ قوم پرستن عوامس منٛز جھنڈٕ لہرانُک اجازت دِنہٕ خٲطرٕ ٲکِس سَمجھوتس پیٹھ کتھ باتھ۔
2064,مگر 2012  تام اوس تہُند تعداد 20 ہن تام کم گومت۔
2065,"سی ڈی سی چھُ تَجویٖز کران زِ جنسی طور سرگرم مرد یِم مردن سۭتہِ جنسی تعلق تھاوان چھِ تِمَن ہُنٛد ٹیسٹ گژھِ کم از کم سالانہٕ  کرنہٕ یُن۔
"
2066,مدھیہ پردیشس منز چھےٚ 230 سیٹن ہٕنز ریاستی قانون ساز اسمبلی۔
2067,سۄ چھےٚ ناگ وَنشی كھیترِین ہنز ییشٹ دیوی ۔ 
2068,ؤرنِکی- کورساکوف حالتھ چھے٘ تھایامیٖنچہِ کٔمی کِنہِ گَژھان، كلاسیكی طورشَراب چنہٕ سٕتہِ ۔
2069,توقع چھِ زِ سٲرِسٕے علاقَس منٛز گژھِ دَرجِہ حَرارت کم 60 کِس دٔہلِس تام تہٕ اندروُنی علاقَن باپتھ ہٮ۪کہِ 50کِس دٔہلِس تام وٲتِتھ۔
2070,امہِ مزید ، چُھ یہِ بوسٹن آیہ وی لیگ یونیورسٹین ہنٛز ریوایت تہِ ظٲہر کران۔
2071,"نمایندگی ہٕنٛدس طورس پٮ۪ٹھ چھ میگنیٹک فیلڈ لٲنہٕ استعمال کرنس منٛز فأیدٕ۔
"
2072,پتہٕ انہِ  کوگا دیونا کامتھن اتھ ذیلی صنفس مزید بہتری، یُس پتہٕ تلسی سمان تہٕ سنگیت ناٹک اکادمی ایوارڈو  سۭتہِ نوازنہٕ آو۔
2073,"میوزیکل آرٹسٹ ہنی سنگھ آو فلمہ منٛز اکہ بٲتہٕ خٲطرٕ ساین کرنہٕ۔
"
2074,"ٹائمز آف انڈیاہٕچ مینا اییرَ چھے٘ اتھ  5 ژو٘ منٛز 3.5 سٹارَدرجہٕ بندی دِوان یہِ وانان زِ  ""وُمرو  منٛز گۄڈٕنِچہِ لَٹہِ چھِ ایکشن سین پوُرٕ مٗتمیعن كرن وٲلہِ ""۔
"
2075,تاہم، 1990 کہ دہلہ برونٛہہ ٲسہ ڈبلیو این وی ہٕکۍ واریاہ کم کیس۔
2076,سی پی یچ شناخت ٲس گۄڈنچہٕ لٹہ 1860  منٛز ولیم لٹل نٲو أکۍ انگریز سرجنن کٔرمٕژ ۔
2077," میلبورن فٹ بال کلبچ بُنیاد آیہِ بیٚکہِ ؤرۍ یہِ تراونہٕ، تہٕ وِلز تہٕ باقٕے ترٛیٚیو رُکنو کٔر کھیلٕک گۄڈٕنِکۍ قانون ضابطہٕ۔
"
2078,یہِ تہوار چھُ سٲرِسٕے ہنٛدوٚستانَس منٛز تمام ہیٚنٛدِ پننٮ۪ن گَرَن تہٕ سوریہٕ یس وقف بے شمار منٛدرَن منٛز منٛاوان۔
2079,علامتہٕ چھ میزبان سند جسم کہ الرجک رد عمل کہ وجہ سٕتۍ مائٹ پروٹینس سٕتہِ گژھان، حالانکہ کم پروٹین چھِ  تہِ چھٗ مٗتعلٗق موضوع ۔
2080,موسمی بٲتھ تہِ چھِ ییٚمۍ زرٲعی موسمَس دوران گژھَن واجیٚنۍ سرگرمیَن بیان کران چھِ۔
2081,اُماسوتی چھِ یوگا کرمٗک پٲدٕ كرن وول  تہٕ آزٲدی ہٕنٛزِ وتہِ خٲطرٕ ضروٗری وَنان۔
2082,"سُہ گوٚو تَمہِ رٲژ ہسپتال، ""گردنہِ ہنزِ دَگہ"" کیُتھ دوا اننہ خاطرٕ۔
"
2083,کلاسس دوران چھ کینژن لوکن کتھ کرنک طریقہٕ تیوٗت کھرٕوُن آسان۔زِ  باسان چھُ چاک بورڈس ٹھٲسِکھ کلۍ۔
2084,کُلین ہنزن زٲژن منٛز چھِ یوپیٹوریم، لنٹانا، روبس، فرن، اوسمنڈسٹرم سنامیوم، تہٕ فیگوپٹیرس شٲمِل۔
2085,ییٚمہِ عٮ۪بارتہِ مُطٲبِق چھے٘ پدمِنی جوہر کرِتھ   مرنہٕ برٛونہہٕ  پنٛنٮ۪ن دۄن نیٚچوٮ۪ن ہٕنٛز ذِمہٕ وٲری علاودیٖنَس حَوالہٕ كران ۔ 
2086,"امِہ پتہٕ  ہیکِہ یہِ گیس پوٚنٛسہٕ  تہٕنٛز کُل آمدٔنی بَڑاونس کٗن   گٔژِھتھ ۔
"
2087,"ہاف ٹایمس منٛز، کوٚر مرینرن اینڈریو کلارکس بدلہٕ ساشو پیٹرووسکی سۭتۍ۔
"
2088,انڈیمان تہٕ نکوبار جٔزیٖرَن پٮ۪ٹھ چھِ پورٹ بلیئرَس تام  چھِ مُسٲفِر خٕدمَات۔
2089, تمہِ سٗند ذِكر چھٗ اكِس  نیك تہٕ تھدِ اصول تھون واجِنہِ  پاك خوطونہِ ہندِ رنگہِ كرنہٕ آمٗت ۔ 
2090,"اگر ضروری آسہِ، ٲخری ادٲیگی ہیٚکہِ اکھ لۄکُٹ رقم ٲسِتھ۔
"
2091,مقٲمی ٹیٹنس چھ امہ بیمٲرِ ہنز عام نہٕ آسونہِ صوُرت ، یتھ منٛز لٗکن جسم كین حِصن منز مژھن ہٗند ژمٗن روزان چھِ یٗتھ زخمس منز آسان چھُ ۔ 
2092,"تو٘ہہِ ہیکِو ییتٮ۪ن پنٛنِس رِیاستس منٛز جی ای ڈی حٲصِل کرنٕچ زانکٲری حٲصِل کٔرِتھ۔
"
2093,"وِجے دشمی دۄہ چُھ نَوراترٛی جیٚشنُک دٔہِم تہٕ ٲخری دۄہ، تہٕ  چُھ کُنہِ تہِ شعبس منٛز ہیٚچھنہٕ خٲطرٕ مُقدس مانٛنہٕ یِوان۔
"
2094,مثلن، سیم وانگ چُھ 183 کلبُک اکھ رکن تہٕ۔
2095,مصری تٲریخک مطٲلعہٕ کرن وٲلیو لوٗکو چھ فرعون 31 گروپن منٛز تقسیم کٔرۍمتۍ، یمن خاندان چھ ونان۔
2096,جنگل ژٹنہٕ سۭتہِ  گیہ  کیمہِ خور جاناوارَن تہٕ باقٕے زٗوٕ زٲژن ہِنٛز آبٲدی کم  یِم مٔہہِ  تہٕ تہنٛدِ ٹھوُل کھٮ۪وان  ٲسہِ ۔
2097,بیلا چھےٚ ہنی مونہٕ پتہٕ لگ بگ أکہِ رٮ۪تہِ پ٘رسان ۔
2098,نیلہِ کُلہِ، ہندوستٲنہِ بر٘ییہِ ، دٔچھہِ ہٕنٛدِ قٕسم، نیلہِ ہبسکس، تہٕ جیکرنڈا پوش چھ ہولی خٲطرٕ نیٖلہِ رنٛگٕکہِ ریوٲیتی ذٔریعہٕ۔
2099,یہٕ چُھ تۄہہِ پَکنہٕ یا ہیوٚر کُن دۄرنہٕ خٲطرٕ چلن وٲلِس بیٛڈَس تُلنہٕ دیوان۔
2100,ہِچکاک ہارَر فِلمہِ ہِنٛدِ پٲٹھہِ  چھِ وُڑوٕنۍ جاناوار ہیوسٹَن کِس مرکزَس منٛز جارحانہٕ پٲٹھہِ۔
2101,امہِ بدلہٕ ووٚن تمہِ ماجہِ زِ سۄ ترٛٲوِن پنُن نیچُو تہٕ دیٖن پتہٕ برونہہ كٗن أمِس سوٗ منٛگتہٕ رٹنہٕ ۔ 
2102,"پیروَس منٛز نیشنل ایگریرین یوٗنیورسٹیَن دِژ تٔمِس اعزازی پروفیسرشپ عتا ۔
"
2103,سوٗ آو جنوری 2003ہس منز سی ای او مقرر کرنہٕ تہٕ مارچ 2010ہس تام  روُد اتھ عہدس پیٹھ ۔
2104,کمپیوٹر سسٹمن ہنٛد استعمال کرن والین چُھنہٕ عام طور پٲٹھۍ کانٛہہ تجربہٕ آسان زِ یہٕ سافٹ وییر کِتھ کٔنۍ چھ کٲم کران۔
2105,اتھ خطس  منٛز چھِ ژور دٔریاو وسان۔ یم دٔریاو چھِ چمبل دٔریاو، کالی دٔریاو، آہوُ دٔریاو تہٕ رمزان دٔریاو۔ 
2106,फेज़ चेंज टेक नोलजी छि डिसकी पॆठ ल्येखन् खातर् इसतेमाल गछान.  
2107,یہ ٲس پلے سٹیشن، نِنٹینڈو 64 تہٕ مایکروسافٹ ونڈوز خٲطرٕ جٲری کرنہٕ آمٕژ۔
2108,تٗہنزِ دارِ نیبٕرِ كر٘ہنہِ گگرایہ طوُفان چھِ پزی خوفناک ۔
2109,مےٚ ہسا کھوٚت شرارت ییٚلہ ہنٛدوستٲنۍ حکومتن ہنٛدوستٲنۍ فٹ بال ٹیمس ایشیٲیی کھیلن منٛز گنٛدنٗک اجازت دیت نہٕ۔
2110,امی وجہ سۭتۍ چھنہٕ تم سیلز ٹیکس تہ سمجھنہٕ یوان۔
2111,"تَمہِ گِیُنٛد فاینلس منٛز بطور متبٲدل  ییٚلہِ جاپانَن امریکہَ ہس شِکست دِژ۔
"
2112,پَررا بَنیو 22 مئی 1961  ٹُولا ڈایَسیسُک بِشَپ۔
2113,"یہِ چُھ مُلکہٕ کِس مشرِقی حِصس منٛز نمنگن خطس  منٛز۔
"
2114,شیڈ ایکویریم اوس گوڑنیک أنٛدروٗنی ایکویریم یتھ منٛز مستقل نٗنہٕ آب چین گاڈن ہنز سو٘مبرن چھے٘ ۔
2115,تمہِ کوٚر  آفتاب كھسنہٕ پتہٕ سختی سان روزٕ شروٗع مگر شامس تام ٲس سۄ زوُن كھسنس  پیٛاران تکیاز أمس ٲس سخت ترٛیش تہٕ بۄچھ لٔجمٕژ۔
2116,2021 تام چھِ نارویجین بینڈی پریمیئر لیگَس منٛز 10 ٹیمہٕ۔
2117,وہٕرِ وریہ یس  چھ واریاہ مائیکرو بر٘وری تہوار آسان ۔
2118,امہِ بدلہٕ منوو امہِ جشن ، یَتھ منٛز 300 خٲمہٕ ، اکھ شٲہی فارسی قٲلین، 12 میوزیکل بینڈ تہٕ “پرٛٮ۪تھ قٕسمُک ماز“ اوس۔
2119,مےٚ چھِ پریشٲنی  ز گیس سلنڈر انن وول لڈكہٕ آو نہٕ واعدٕ كرِمٕتِس وقتس پیٹھ ۔ 
2120,"بہٕ چھُس قسم کھiوان زِ پنِنہِ خاندان چہ بجٲیی باپت پنُن کمٲومٕژ دولتُک انتظام کرنہٕ برٛونہہ ہیمے  بہٕ ژےٚ اجازت۔
"
2121,واریاہ سکول کھیلن ہِنٛدۍ دۄہ تہٕ چھِ مَنسوٗخ آمٕتۍ کرنہٕ۔
2122,"خانٛدرٕکہِ  ٲخری زٕ قٕسٕم ٲسہِ نہٕ صِرِف نامنٲسب بلکہِ مذہبی طورتہِ  منع ۔
"
2123,کینژن شیعہ مسلمانن ہنٛد خیال چھ ز آشورس منٛز حصہٕ ننہٕ سۭتۍ چھ تہنٛدۍ گناہ چھلنہ یوان۔
2124,بطور اكھ شُر ،سوُنچ تمہِ زِ سوٗ اوس جان نفر ۔
2125,کینٛژو منٛٹو پتہٕ، آیہ بلیك ہاكہٕ باپت برتری بیہِ حٲصِل كرنہٕ ۔ 
2126,مےٚ اوس شہہ روزِتھ گومت ز چننے منٛز 2015  طوفانس دوران گژھٕ نہٕ پاور لاینہ ژھیٚنتھ ینیِہ۔
2127,کلکتہ یونیورسٹی چھےٚ ہنٛدستانٕچ ساروی کھۄتہٕ پرٲنہِ روٲمی  یونیورسٹی۔
2128,مےٚ وُچھ أکس فلمہ منٛز اکھ غلیض  ہسپتال تہٕ  بچارین  مریضن ہندِ باپت گوس افسردہ۔ 
2129,اتھسٲرسیہ  دوران چِھ راکی تہٕ رِیا اکھ أکس محبت  کرُن شروع کران ییٚلِہ زَن ڈی حسدٕ سۭتہِ دَزان چھُ ۔
2130,دھروپدک آگُر  چھُ ساماوید کین پرٛانین متنن سۭتۍ رلان۔
2131,مگر آننٛدن کوٚر ینہٕ والیٚن پانژن گیمن منٛز صرف نؠصف پوائنٹ حٲصل، دۄیہ لٹہ ہوٗرُن کاسپاروف سٕنٛدس سسلیان ڈریگن ڈیفنس نش، تہٕ ٲخٕر کار کوٚر10½–7½  ہارنک اعتراف۔
2132,اتھ وقتس دوران آیہٕ واریاہ نمایاں گورننگ باڈیز بناونہٕ۔
2133,ؤری وادو پٮ۪ٹھ اوس ساینسدانن ہُنٛد خیال زِ پرٕ  أنٛدرمن چھِنہٕ کانٛہہ کٲم تہٕ تِم روٗدۍ حٲران گژھان زِ یہِ کیازِ اوس اِنسٲنی جسمس منٛز موجود۔ 
2134,"پورٹس دوریو٘ کھیلس منٛز کُل 112 گز تہٕ کوٚرٗن  1,432 گز فرنچائزی دون  ریکارڈ قٲیم۔"
2135,"راجہ دھرم چندن ترٲے 1556 منز مغل حکمران اکبرَس برونہہ کَنِہ ہتھیار  تہٕ کٔرٕن خراج ادا کرنَس پیٹھ رضامندی ظٲہر، یَتھ منٛز قعلس پیٹھ دعوا ترک کَرُن تہِ شٲمِل اوس۔
"
2136,"گۄڈٕنِچ ٹونٹی  20 ورلڈ چیمپئن شپ آیہِ 2007 تس منٛز مُنعقد کرنہٕ۔
"
2137,یہٕ چُھ چینس منٛز گۄڈنیوٗک بۄڈ پری ژكھٕر ۔
2138,"پٔتمہِ ؤرۍ یہِ کہِ اَکہِ کیسُک فیصلہٕ آو اَتھ منٛز  دہراونہٕ۔
"
2139,ضلٮع چھ امہ پتہٕ 226 تحصیلن منز تقسیم کرنہٕ آمٕتۍ، یمن ہند انتظام تحصیلدارن ہٕندِ دٔسۍ چھ کرنہٕ یوان، یمن منز 1127 ریونیو بلاک شامل چھ، یمن ہند انتظام ریونیو انسپکٹرن ہٕند دٔسۍ چھ کرنہ یوان۔
2140,یہ چھ کرم دیوتا (کرم لاڈ/بھگوان)، طاقتک دیوتا، جوانی تہٕ جوانی ہنٛز پوجا خٲطرٕ وقٕف۔
2141,بالاجی راو سٕنٛدِ دورٕ کِین  گۄڈٕنِکٮ۪ن ؤرین منٛز، كو٘ر راگھوجی اول بھونسلے ین  جنوٗبی تہٕ مشرقی ہندوستانس منٛز مراٹھاہن ہٗند اشر قٲیم  کرنس منٛز مدتھ ۔
2142,سٕتی ہیكِیو٘ تو٘ہہِ  دویم نوکری کٔرِتھ یا ویسے پننٕنہِ آمدنی بٕڈرٲوَِتھ ۔
2143,ہندوستان کس شمال مشرقی علاقس منٛز چھ یہ ساروی کھۄتہٕ جنوبی لینڈ لاکڈ ریاست، یتھ ستھ بینیہ ریاستو منٛزٕ ترٛین سۭتۍ سرحد مشترک چھ ، یمن منٛز تریپورہ، آسام تہٕ منی پور شٲمل چھ۔
2144,ہری کتھا پیش كرنٗك  مقصد چھُ انپڑھ تہٕ پٔریمٕتٮ۪ن لیٖکھِمٕتٮ۪ن سامعینن سۭتہِ رٲبطہٕ قٲیم كرٗن ۔
2145,جگن ناتھ سنٛد ساروٕے کھۄتہٕ بوٚڑ مندر چُھ ہندوستان چِہ ریاست اُوڈیسا چِہ پوری منٛز۔
2146,بوہنرن کٔر 2006 ہس منٛز اقلیتی رہنما بننہٕ برٛونٛہہ واریاہن اہم کمیٹین ہنٛز صدارت۔
2147,1 اپریل 1974 آو لوکل گورنمنٹ ایکٹ 1972 نافذ کرنہٕ ۔
2148,"کارڈیشین ذایہ 27 جون 1984 منٛز لاس اینجلس، کیلیفورنیاہس منٛز۔
"
2149,تمہِ زِیوُن  2022ہس منٛز معاشی علومن باپت نوبل ینامہٕ ۔
2150,"ماراکیشس خٲطرٕ چھ سیاحت اہم، تہٕ شہرس منٛز چھ لگ بگ 400 ہوٹل۔
"
2151,تِم چھِ عام طور  دٲیرٕک مرکز پیٹھ دوٗر روزنٕچ کوٗشِش کران تاکہ پننین مخالِفَن ہیکَن پتھ ترٲوِتھ۔
2152,"یہٕ چُھ لفظن تہٕ باقی چیزن پیٹھ دٔرِتھ یِم تمام سلاوی زبانن منٛز موجود چِھ۔
"
2153,چھاپس منٛز زینٛنہٕ آمتین گرین ہنٛد تعداد چھ فیصلہٕ کران ز چھاپہٕ کتھ حدس تام اوس کامیاب۔
2154,پَننِہ عرضی منٛز چُھ ماتھورَن داواہ کوٚرمت زِ 'جھنڈ' لفظ چُھ توہین آمیز تہٕ امِہ سۭتھ گٔژِھ کیستھا برادری سۭتۍ تعلق تھاوَن والین ماتھورَن ہنٛدین جذباتَن ٹھیکھ۔
2155,سوارٹے چُھ سویڈن چہِ اسکین کاؤنٹی منٛز یسٹاڈ بلدیہ یُک اکھ علاقہٕ۔
2156,مےٚ چھےٚ پگاہ  شروع گژھن واجِنہِ  اخبارن ہنٛز ڈلیوری باپت ہنا  فکر۔ کیاہ یہ آسیا  گۄڈٕ نِكہِ  پٲٹھۍ بروسس لایق ۔
2157,20 وہر گژھنہٕ برٛونٛہہ تہ اوس سپرجِیانن 600 کھۄتہٕ زیٛادٕ لٹہِ تبلیغ كو٘رمُت۔
2158,"لینکسٹر اوس وسکونسن کِس گۄڈٕنِکِس گورنر نیلسن ڈیوی سُنٛد گَرٕ۔
"
2159,تعجب چھُ یہِ زِ بیٛاکھ انفیکشن یُس یِتھی اثر فراہم کرنُک امکان چھُ سُہ چھُ واٮٔرس کہِ وجہ سۭتۍ گژھَن واجیٚنۍ بیمٲرۍ ڈینگی تپھ۔
2160,"گوڑنک A380 آو 15 اکتوبر 2007ہس منز سنگاپور ایئر لائنز تام فراہم کرنہٕ۔

"
2161,نجوُمٲتی تہٕ اِقتصٲدی ٹھرِیو باوجوُد گو ناراین کورِ ہندِس مٲلۍ سُند اِجازت ہینس منز کامیاب تہٕ کوٚرُن تس سٕتۍ کھاندر ۔
2162,فلمہ منٛز چھ راہول بوس، شیکھر کپور، پوجا کمار، اینڈریا جیریمیا تہٕ جے دیپ اہلاوت معاون کردارن منٛز۔
2163,بھیمن کوٚر کرنَس برٛونٛہہ کنہِ بناسین وحشتناک پٲٹھۍ  قتل مگر وارٕ پٲٹھۍ  قتل۔
2164,حتاکہِ یہِ چُھ کمیہ عام، کیٚنٛژو٘  سانٛڈا کیٛو مٲہِروگِندن والِیو٘ چھٗ  عوٲم دسہِ وٗچھنہٕ یِنٕ وٲلِس  امریٖکی مِکسڈ مارشل آرٹس مُقابلن منٛز تہِ مُقابلہٕ کوٚرمُت۔
2165,यि सकाड़ छु  ख़ास लुकन मुलक् मंज़ॅ चलनस  मदत् बापथ चीन सोज़न् यिवान .    
2166,تکنیکن منٛز چھ ڈسیکشن، ٹشوزن ہنٛد خوردبین تیسٹ تہٕ سیالن ہندۍ کیمیٲیی تجزیہٕ شٲمل۔
2167,"یہٕ سَپُد پڑسِ پیمانس پیٹھ مصنوعاتن ہنزِ واپسی سٕتیِ۔

"
2168,"اَز دِژ چِنیی منٛز قٲیِم فُٹ بال کٕلَب چِنیین ایٚف سی ین اِنٛڈین سُپر لیٖگ کِس فاینلس منٛز مارگاو کِس فٹورڈا سٕٹیڈِیمس منٛز ایٚف سی گواہس 3–2 سۭتۍ شِکست۔
"
2169, رِیاستُک باقی حِصہٕ ، خاص کٔرِتھ بالہٕ دامن  تہٕ مٲدٲنی عَلاقہٕ ٲسہِ آسام کٮ۪ن چَٹیا بادشاہَن ہِنٛدِس اِختِیارَس تل ۔
2170,آندھرا بھریت یا آندھرا نوکر اصطلاح ہیکہ زٕ چیز مطلب تھٲوِتھ ، اکھ یِہ زِ آندھرا ٲسۍ اصلی موریہ یا سنگاہن ہندۍ نوکر ۔
2171,ہیرووَس چھ ترٛےٚ دوست یِم تٔمِس کینٛہہ مختلف کرنہٕ خٲطرٕ ونان چھ۔
2172,ٲچھ یو وی کہ حد کھوتہٕ زیادٕ ایکسپوزر چھ شینہٕ انوون آسنک سبب بنان، یس عکاس سطح والین علاقن منٛز عام چھ، یتھ کٔنۍ زن شینہٕ یا آب۔
2173,ہرٛنٛگیئرسڈورف چھ جرمنی منٛز باویریا کس کیلہیمس منٛز اکھ میونسپلٹی ۔
2174,باقی آلات یِتھ کٔنہِ  زن وایلن تہٕ ہارمونیم چِھ حالٕے شٲمل کرنہٕ آمٕتہِ ۔
2175,پروجیکٹٕچ یکجہتی  ہُند دارمدارچھِ یَتھ  پیٹھ  زِ بُنیٲدی کمیونٹی آسہ معیار تہٕ دیانتَس مُتعلِق پُرجوش، تاکہ أس ہیکَو اکھ أکِس پیٹھ پژھ کٔرِتھ۔
2176,سوئچ چھ تۄہہ یہ کنٹرول کرنک اجازت دوان ز کس چھ نیٹ ورک کین مختلف حصن تام رسٲیی ۔
2177,"لوٗکن ہٕنٛد ہینٛڈکرچیف لفظ استعمال کرنہٕ برٛونٛہہ اوس صرف کرچیف لفظ عام۔
"
2178,"پرٛٮ۪تھ رٮ۪تہٕ بنٲیِو پَنُن کریڈٹ کارڈ پوُرٕ پٲٹھہِ ادا کرُن یقینی ۔
"
2179,متٲثر غیر ملکی سیاح گر واپس اننہٕ خٲطرٕ چھ حکومت ہند طرفہٕ پروازک انتظام کرنہٕ آمت۔
2180,سکرپٹ: سکرپٹک مطلب ہیٚکہ مختلف قسمٕک تحریر ٲستھ یم احتیاط سان یکوٹہٕ کرنہٕ چھ یوان۔
2181,"جواہر لال نہرو سٹیڈیم، یتھ منٛز 60,000 نفرن ہنٛز گنجٲیِش چھ، اوس امہ تقریبہ خٲطرٕ ارادٕ کٔرِتھ  بناونہٕ آمت تہٕ أمۍ کٔر امہ کہ افتتاحی تقریبٕچ میزبٲنی۔"
2182,جھیل ٹسکالوسا آو  امہ موٗجوٗب بناونہٕ  تکیاز ٹسکالوسا ہس منٛز ٲسۍ زیٛادٕ لوُکھ روزان ۔
2183,2008 کس بیجنگ اولمپکسس دوران زِیوٗن وجیندر سِنگھن مِڈل ویٹ ڈویژنس منٛز کانسہ تمغہٕ، تہٕ اَکِھل کمار تہٕ جتیندر کمارن کوٚر کوارٹر فائنلس خٲطرٕ کوالیفایی۔
2184,بھونسلے یَس چھُ دل پھٕٹان ییٚلہِ تٔمِس خَبر چھِ یِوان دِنہٕ زِ پُلیسس منز تسنز سروسہ  منز توسیع چھُ طبی جانچَس پیٹھ دارمدار تھوان۔
2185,اتھ چھ آل ٹرٛانس ریٹینوک ایسڈ، یا اے ٹی آر اے تہ ونان۔
2186,"یا کٔرِو یہِ اِستعمال ،نٲلۍ لٲگِو، یا  وُچھِو  اتھ کُن صِرِف تَمہِ وِزِ ییٚلہِ تُہۍ کٲنسہِ یار سٕندِس گَرس یا سکولَس منز ٲسِو۔
"
2187,صوبٗک جنوُبی حصہٕ اوس اصلی اکھ الگ صوُبہٕ یتھ لینگ سوٗان ناو اوس ۔
2188,روایتی چینی زِنٛدگی ہِنٛدیٚن واریاہن باقٕے پہلوَن ہٕنٛدۍ پٲٹھۍ آیہِ مارشل آرٹس عوامی جمہوریہ چین کہِ طرفہٕ ماؤنواز انقلابی نظریس سۭتۍ ہم آہنگ کرنہٕ خٲطرٕ اکھ بُنیٲدی تبدیلی ہُنٛد نشانہ بناونہٕ۔
2189,امہ کنۍ، گژھ اینٹی ڈیٚرویٹو ننہ وز اکھ مستقل سی شٲمل کرن۔
2190,جانشینی پتہٕ فورا، یزیدن دیت مدینہ کس گورنرس ہدایت ز سہ کر حسین تہٕ باقی کینٛہہ نامور شخصیتن پنٕنۍ وفاداری ہنٛد حلف تلنہ خٲطرٕ مجبور۔
2191,طٲلب علم چھَ پننین وۄستادن   مزٕ دار چیز، مالہٕ، تہٕ مقٲمی کپرِ سۭتہِ بناونہٕ آمژٕ خاص ٹوپہِ  پیش کٔرتھ یزتھ كران ۔ 
2192,"ایس سی آٮٔی یٕچ موٗجوٗدٕگی ہُنٛد پتاہ  کرنہٕ خٲطرٕ ہیٚکہِ ریكہٕ اڈِجہِ ہنز  امیجنگ  باپت پیٛارنٕچ ضٔروٗرت پیٚتھ اگر باقیہ جان لیوا زخمَن مستحکم کرنہٕ خٲطرٕ ہنگٲمی جرٲحی ہٕنٛز ضروٗرت پیٚیہِ۔
"
2193,آئی پوڈ ٹچ اوس پننہ ٹچ سکرین كِنہِ مشہوُر ۔
2194,اگر تو٘ہہِ  کرٛیٚڈِٹ کارڈٕس پیٚٹھٕ 500 ڈالر خرٕچ کٔرِو مگر مُقرر تٲریٖخس تانہِ  سورُے بَقایا رَقم اَدا کٔرِو، تیٚلہِ یی نہٕ تُہٕنٛدِس پونٛسس پیٚٹھ اے پی آر لاگنہٕ۔
2195,کریڈیٹ چھ کیٚنٛہہ ڈیلیٹ کرنہٕ آمٕتۍ منظر تہٕ بلاپر ہاونہٕ خٲطرٕ جٲری گژھان تہٕ چھ انور راجہ سٕنٛز کال ریکارڈنگ چلاوان یس مکی ہلاک کرنُک حکم دوان چھ۔
2196,"بَنان چُھ زِ تِم ٲسہِ گۄڈَے کانفرنس سیمی فاینلس کُن  وٗچھان۔
"
2197,"سقراط کرنوو گورجیا اتھ کتھ پٮ۪ٹھ اتفاق ز عقیدٕ تہٕ عٔلمس منٛز چھ فرق۔
"
2198,بہٕ چھس پریشان تہ کیٛاز ژےٚ چھیٚے خراب کھین کھینہٕ پتہٕ عجیٖبٕے حالت گٔمٕژ۔ مےٚ چھنہٕ باسان ژٕ چھکھ وارٕ۔
2199,سہ اوس خیرٲتی تنظیم سینٹ پیٹرزبرگ این جی او کس چیرمین سٕندۍدِ پٲٹھۍ مشہور۔
2200,سی وایہ پی 26 اے 1 چُھ انسٲنی جگرس منز  اہم صوُرت ؛  باقیہ تمام انسٲنی بالغ لٕشن منز ٲس سی وایہ پی  26 بی 1 چہِ تھزٕ سطح آسان ۔ 
2201,اندرایہ ٲس زیادٕ تر گری ماشٹر پرناوان تہٕ 1934 منز ٲس دہمہٕ تام منزۍ منزۍ سکول گژھان۔
2202,ضروری تیلن منٛز چھ کیمیاوی مرکبات آسان یم یمن ہند مشکہ خٲطرٕ مفید چھ۔
2203,اتھ منٛز ٲسۍ ژۄدہ برطانوی لوٗکھ، ژۄدہ آیرش شہری تہٕ ترٛےٚ ریپبلکن قیدۍ۔
2204,فِلمہِ ہِنٛدِ ناوُک بٲتھ آو حیدرآبادس منٛز آیی پی ایٚل میچس دوران پیش کرنہٕ تہٕ بَڑاوِ دِنہٕ خٲطرٕ  ویٖڈیو آو امہِ پتہٕ جٲری کرنہٕ۔
2205,گڈیارہس منٛز چھُ اکھ پرٛون قلعہٕ، فورٹ مارننگٹن ، یُس لاڈ کلایوَن بنوومُت اوس۔ اتھ اوس 1942 ہس منٛز سٔہلابس دوران واریاہ دَدارٕ ووتمُت۔
2206,راوونگلا، جوریتھانگ، نامچی، تہٕ یانگ یانگ چھ نامچی ضلعٕکۍ سب ڈویژن۔
2207,تٔمۍ کوٚر 1994 تس منٛز پنن گۄڈنیک البم 'ٹکل' جٲری۔
2208,2013 ہس تام، چھ زیادٕ تر وایرلیس نٮ۪ٹ ورک دۄیو ریڈیو فریکوینسی بینڈو منٛزٕ اکھ استعمال کران۔
2209,ہندی فلمہ منز چھ تمۍ سنٛد نیٚچو کرن دیول ساروٕے کھۄتہٕ اہم کردار ادا کران ۔
2210,جدیٖد اوڈیٖسی چھُ اکھ رنگا رنگ بناونہٕ آمٗت پیشكٲری ہٗند فن ، مرد چھِ زنانن سٕتہِ شٲمِل سپدِمٕتہِ ، تہِ 1950 چہِ دہٲیی پیٹھہٕ امہِ  كہِ تشكیل نو پیٹھہٕ چھِ اتھ مز نوِ ڈرامہٕ تہٕ باقین ہندوستٲنہِ رقصن ہندِ پہلوٗ جوڈنہٕ آمٕتہِ ۔ 
2211,ہجوم متٲثر کرنہٕ مۄکھٕ چھِ تقریرن سۭتۍ سۭتۍ تامل فخر ہاونہٕ کہ غرضہ روایتی تامل کھیل یتھ کٔنۍ زِ سلم بٹم، سٹِلٹ تماشہٕ تہٕ سٹریٹ ڈرامہ ہاونہٕ یوان۔
2212,اہم شکایت ٲس یہٕ ز یہودی برادری آسہ بعضے  شمالی نصف کرہس منٛز بہارک ایکونکس برونٹھ فسح مناونس منٛز غلطی کران۔
2213,موجودٕ اورنگ آبادس منز بدھ متچ اجنتا گۄپھ چھ ساتواہن تہٕ واکاٹک طرزٕکۍ اثرات ہاوان۔
2214,چارلی میگنے پیرالٹے سٕنٛز اکھ تصویر ہیكو وونہِ ہیٹی كین  سکٮ۪ن پیٚٹھ وٗچھِتھ  ۔
2215,"یہِ چھُ کیرالہ ہُک ساروِی کھۄتہٕ بوٚڈ قلعہ، یُس 40 ایکڑ (160,000 میٹر ۲) پیٹھ پھٔہلِتھ چھُ۔"
2216,"پنٕنہِ  جاۓ مٖتعلق  کرِیو  زانكٲری فراہَم تہٕ پانس نزدیٖک ہیڈ آفسٕک  پتہ پرٛژھو۔
"
2217,"مثال کس طورس پٮ۪ٹھ سوٗز مینشن آف حیپنٮ۪سن کھلاڑین خوبیہٕ تہٕ خرٲبی ہٕنٛز وتہ پٮ۪ٹھ، ییٚمہ کہ وجہ سٕتۍ مینشن آف ہیپنٮ۪س بنیوو۔
"
2218,ریاست ٲس تمہ وقتہٕ فارم تہ چلاوان، یمن سووکھوز ونٛنہٕ اُوس یوان۔
2219,تحریٖرن منٛز درٕج کانٛہہ تہِ عٔطیٖم زَنان چھنہٕ  ملِكہ مریم الزَمانی ہِش مٗہِم جوُ تہٕ تٲجِر باسان ۔
2220,کُنہِ ساتہٕ چُھ ٹیکس فٲیدٕ خٲطرٕ پنُن گِرو تھاوُن مناسب آسان۔
2221,جاگنگ یا واکنگ گروپس منٛز گٔژِھو شٲمل، یا کٔرِو پارکِہ منٛز پُش اپ یا سِٹ اپ۔
2222,یِمن سارنی پیٹھ چھٗ کیٚنَڈا کہِ کِرٛمنَل کوڈ کِس  دفعہٕ 83 تھس تحت اِلزام ٲید كرنہٕ آمٗت ۔ 
2223,سلطنژ اندر پنٕنی حثیت تہٕ  اقتدار مستحکم کرنہٕ خٲطرٕ کٔرۍ نور جہاں نہِ پننہِ خاندانٕکۍ مختلف فرد عدالت تہم اِنتظٲمی دفتر کٮ۪ن تھدٮ۪ن عہدن پٮ۪ٹھ فٲیز۔ 
2224,ایئر سپلائی ایئر سپلائی چُھ اکھ پاپ میوزک گانا گروپ۔
2225,علاماتن منٛز ہیکن نٲرن ہندِ  نظامُک اثر، جگرٕچ غٲر معموٗلیت، تھکاوٹ، مژھن  کمزوُری، أڑجین  تہٕ ژمہِ منٛز تبدیلی تہٕ باقیہ  شٲمل ٲستھ ۔
2226,سہ اوس مقٲمی بیتار تحریکک سربراہ ۔
2227,کلّو وادی چھےٚ پنٛنٮ۪و کھُلہٕ گاسہٕ چرایو تہٕ ہمالیہ بالہٕ سِلسِلہٕ کٮ۪و قۄدرٔتی نظارو خٲطرٕ زانٛنہٕ یوان۔ 
2228,میک فیڈِن گوٚو 1982 تَھس منٛز نیوزی لینڈ تہٕ گوٚو ویلِنگٹن سینٹسَس منٛز شٲمل۔
2229, 2021 منز ییِہ امِہ بدلٕہ نوٚو بومبارڈیئر کلاس 701  ۔
2230,ہوروِک ہوروِک چھٗ سویڈن چہِ بلیکنگی کاؤنٹی منٛز سلویسبرگ بلدیٲتی علاقٗك اكھ محلہٕ ۔
2231,یہ اوس فروری 2012  منٛز مغربی ملکن خٲطرٕ دستیاب ۔
2232,مثالہ پٲٹھۍ، پننِہ شٲٹِہ ہٕندِس کاجس دِیِو پانٕے ٹیٖب، یا ییلِہ تُہند کمپیوٹر سِیوٚد چلِہ نہٕ کینٛہہ یِہ ٹھیک کرنِہ انیون کانٛہہ۔  
2233,یہ کھیل چُھ یمو کلبو ذٔریعہٕ زیادٕ سستہٕ تربیتی پروگرام، یتھ کٔنۍ ز پولو وکلوس منٛز پرو پروگرامک آغاز، بنٲوتھ تہ زیادٕ دٔستیاب بناونہٕ آمت۔
2234,امہ پتہٕ ٲس نہٕ کلبٕچ کارکردگی اصٕل تہٕ گینٛدن ڈویژن 2 ہس منٛز تہ۔
2235,تغلقو  ٲس کوشش کرمژ زِ  پننس وسیع سلطنتک انتظام گوٚژھ  کارگر پٲٹھۍ انزراونہ یُن۔امہ باپت کرِکھ مسلمان نوابن ہندۍ بٲژ  بطور  زرعی صوبن ہندۍنایب معاہدس تحت مقرر۔ 
2236,2006  منٛز آو مغربی بنگال بُلَڈ ٹیسٹ کِٹ سکینڈل کِس نٔتیٖجس منٛز ریاست کِس حفظانِ صحتس پیٹھ سخت تنقید کرنہٕ۔
2237,پوڈ کاسٹنٛگ سٔروسز چھ پوڈ کاسٹ سٹرٛیٖم یا ڈاون لوڈ کرنہٕ تہٕ بوزنہٕ خٲطرٕ استعمال یوان کرنہٕ۔
2238,"LDLR تغیرات کہِ وجہ سٕتۍ چِھ FH کہِ پانٛژ بٔڈی طبقہٕ۔
"
2239,اکہِ پھِرِ ییٚلہِ پِچ مُکمل گژھِ، سولوِسٹ گژھِ پنٛنِس گیرس بازیافت کرنہٕ خٲطرٕ رزِ پٮ۪ٹھٕ بۄن وَسُن، تہٕ پتہٕ پِچَس پٮ۪ٹھ کھسُن۔ 
2240,مےٚ اوس نہٕ زانٛہہ یہ زونمت ز پاس ورڈ منیجرن ٲسۍ میٛٲنۍ سٲری پاس ورڈ محفوظ تھٲویمتی۔  واہ کیا راحت!
2241,یہ اوس ممکنہٕ پاٹھۍ گاڈٕ رٹنہٕ وز آب پننہِ نستہٕ اندر گژھنہٕ نشہ بچنہٕ خٲطرٕ۔
2242,ایسکیپ فرام ایل اے چھ اکھ 1996 امریکی ساینس فکشن فلم ییٚمیک ہدایت کار جان کارپینٹر چھ۔
2243,ٲٹھن رتن ہٕنٛد گیرٕ بٔنٛدی دوران  پییہِ مو٘غلن وارِیاہ تكلیف تٗلٕنہِ  یمن منز  تہند،س تجرٗبہٕ كار كمانڈر کلیچ خان بہادر سنٛد مرٗن تہِ شٲمَل اوس ۔ 
2244,میک کلین چھ دھماکہ خیز مواد لبان  تہٕ سمجان  گر٘وٗبر کیا چھٗ کرن وول۔
2245,شپرا دریاو چھ ہندومت کیو ساروی کھوتہٕ مقدس دریاوو منٛز اکھ۔
2246,یمن کیمپن منٛز ٲسہِ تتہِ اتحادی طاقتٕن ہندِ قٲدِ  روزان  ۔
2247,ییٚلہ وراٹس امہ منصوٗبک احساس چھ گژھان، سہ چھ پنٛنہ لۄکچہ بیٚنہ پرٛیٖتی (چیری مارڈیا) سۭتۍ أکس کور اغوا کرنہٕ خٲطرٕ متبٲدل کران۔
2248,آئزن ہاورن کٔر پتہٕ بطور جونیئر یونیورسٹی فٹ بال کوچ تہٕ چیر لیڈرپٲٹھۍ کٲم ۔
2249,یِہ چیز چھ پرٮ۪شان کران ییلہٕ چنئی ہٕندین واریاہن کالجن ہنٛدۍ طالب علم بس ڈے دۄہہس پیٹھ خلل انگیز برتاوُک مظٲہرٕ چھ کران ۔
2250,یہِ تعینٲتی آیہِ تِھمایا سٕنٛزِ تجویٖزِ خٕلاف کرنہٕ، ییٚمہِ کِس نٔتیٖجس منٛز تٔمۍ اِستیٖفہٕ دیُت۔
2251,پٗرانن منٛز چھ کرشن بطور   گوڈنِکِس بادشاہ سٗنٛد بویہ وننہٕ آمٗت  ، ییٚمہِ کنو٘ بادشاہ سُشرمن سنٛد تختہٕ وٗلٹوو ۔
2252,تہۍ ہیٚکو پنٛنس دستیاب کنہ تہ رقمس سۭتۍ اکاونٹ شروع کٔرتھ، حالانکہ واریاہن بینکنگ ادارن  ہندِ خٲطرٕ آسہ کم از کم اکہ خاص رقمک ضررت، یتھ کٔنہ زن 100$۔
2253,اتھ منٛز چُھ انشورنس ، خرٲبی ہُند علاج ، دیکھ بھالُک ٹیکس تہٕ ایم۔ او۔ ٹی شٲمل ۔
2254,"میکسیکوٕکۍ صدر فیلیپ کالڈرنَن دِژ صورتحال نازُک قرار تہٕ دِتُن تمام میکسیکوَن پیٹھ زور زِ تِم کرَن پنٕنۍ حمایت۔
"
2255,یہ چھ ہیڈ کوچن ہنٛد فہرست یم تہٕنٛدس وجودس دوران تمن ٲسۍ۔
2256,"یہِ آسٗن  چھُ مُلکہٕ پتہٕ مُلکَہٕ   مُختٔلِف آسان مگر تمام ذیلی قٕسم چھِ سورٕ کھیٚلیٚن منٛز لگاتار گردش کران۔
"
2257,چارواکا چھٗ اکھ ادھرمِک فلسفہٕ ، لہذا  ٲسہِ باقیہ مذہب چارواچک تعلیماتن  منفی نظرِ وٗچھان  ۔
2258,محبوب خان سٕنز بجہ بجٹٕچ 1982منز سوش بکلنگ میوزیکل آن منز آو سہٕ تمہ سٕنز گوڈنچہ ہلکہٕ کردارن منز شٲمل تہٕ کٕرٕن تٗکنکلرس منز شوٹ گژھن واجیٚنۍ گوڈنچہ فلم نشان زد۔
2259,تاہم اوس نہرو قومی تحریک کہ رَفتار سۭتۍ غیر مُطمین۔
2260,"پتہٕ مایوس کن نیوزی لینڈُک دورٕ ، دیو اوس 1981-82 ہس منٛز اِنگلِستانس خٕلاف ہوم سیریز خٲطرٕ تیار ییٚتہِ تمۍ سٕنٛدِ پانٛژھ وِکیٹ نِنہٕ سۭتۍ بمبیہِ ہِنٛدِس وانکھیڑے سٹیڈیمس منٛز گۄڈنیُک ٹیسٹ زیوٗن۔
"
2261,ہوا کِس طرفَس کُن، مخصوص اعلیٰ کارکردٕگی وٲلۍ جہاز رانۍ ہُند کرافٹ ہیکہِ وسیع رسائین ہنٛز أکِس سیریز پیٹھ ہَجہِ کَجہِ وتہِ تابع روزتھ تیزی سان منزلَس تام وٲتتھ۔
2262,وسطی دورس منز کریولی لوُكھ  ، واریاہ یورپی ٲسہِ سمندری سفر کرن وٲلہِ قوم ۔
2263,تٔمۍ وون بیٚیہِ زِ سولومنَن دِیوٗت جنگلاتٕچہِ  کٹٲیی منٛز اضافُک پٲغام بلاوجہہ تھزِ آوازِ ہندِ  طریقہٕ ، یُس كٗنہِ پہلوٗ ورٲیہ اوس ۔
2264,آمدٔنی ہِندین تمام ذریعن ہُنٛد رقم، تعداد تہٕ وقت کٔرِو درٕج۔
2265,"پَنٕنیو بیگس منز برِمتیو٘ چیزو ، تٗہندِ پھٗٹواٹھِہ تہٕ تٗہندِ رسیدٕ  ورٲیہ مہٕ نیریو  ۔
"
2266,کانٛہہ چیٖز مٔلۍ ہیٚنہٕ بدلہٕ ہیٚکوِ تُہۍ سُہ بنٲوِتھ، سُواِستعمال کٔرِتھ، کانٛہہ تیُتھ چیٖز شیرنٲوِتھ یُس تۄہہِ گۄڈَے آسہِ، یا انٛنہٕ بغٲرٕے نِبٲوِتھ؟ 
2267,ٲخٕری کال بیل ٲخٕری کال بیل چھےٚ بارن منٛز لبنہٕ ینہٕ واجیٚنہِ گھنٹی ۔
2268,"شمٲلی امریکہ چھ ترٛیٚیم ساروٕے کھۄتہٕ بوٚڑ براعظم تہٕ ژوٗرم ساروٕے کھوتہٕ زیٛادٕ آبٲدی وول۔
"
2269,آٹزم سپیکٹرمٕکۍ عوارض وٲلۍ نفر تہٕ چھ زیادٕ کثرت سان خۄدکشی کرنٕچ کوٗشش کران تہٕ اتھ متعلق سونٛچان۔
2270,پرمارا بادشاہ بھوجا اوس اکھ مشہور واریاہ گیٲنی نفر۔
2271,ٹایفایڈ چہِ علامتہٕ چھےٚ اکثر انفیکشن پتہٕ  10 پیٚٹھٕہ 14 دۄہہِ   ظٲہر گژھان ۔
2272,1761  منز پانی پت کس ترٛیٚیمس جنگس منز احمد شاہ ابدالی سٕندِافغان فوجس سۭتۍ ہارنہٕ پتہٕ لوگ مراٹھاہن اکھ دکہٕ۔
2273,شٲیِر مٖکوُ تِمناہن كِرِ بطورِ تُرکن تباہ کرن وول تمِسٕندِ  تعریٖف  ۔
2274,یاوزٕچ گۄڈنِچ شکہٕ ورٲے وضاحت ٲسۍ ڈچ ڈاکٹر ولیم پیسوَن کٔرمٕژ۔
2275,"لینیری آرینجٕڈ بورڈ گیمز چِھ بچن ہنٛز مقٲمی عددی تفہیم بہتر بناونہٕ خٲطرٕ ہاونہٕ آمت۔
"
2276,برون٘ہہ كٗن درِیاوٕچ گرزونۍ گٕتھ چھِ مٗنسلک خطرٗک احساس كرناوان ۔
2277,"ہندوستٲنہِ ادبس منٛز چھ ہند-یونٲنہِ یون (سنسکرتس منٛز) ، یا یونا (پالی یس  منٛز) ونِتھ  بیان کرنہٕ آمٕتہِ  ، یِم  دۄشوے  ""آیونین "" ہٗك لفظی ترجمہٕ ماننہٕ یوان چھِ ۔"
2278,اکھ گٔر  چھے اکھ لۄکٹ کلاک یۄس کانٛہہ نفرسۭتۍ چھ تلان یا لاگان چھ۔
2279,شدید علامَتہٕ چِھ شاید صدمہٕ یا بیمارِ ہُند نتیجہٕ، یِلِہ زن پوشونۍ علامَتہٕ چِھ شاید پیدٲیشی ۔ 
2280,تمن منٛز چھ اکھ ڈبل بانٛڈ آسان یس میتھایل گروپ کس اختتامس پٮ۪ٹھ ترٛٮ۪ن ایٹمن ہٕنٛدس فٲصلس پٮ۪ٹھ آسان چھ۔
2281, وٲنسہ ہُند مدت تہ سروسٕک وقتَ چھُ ترقی متاثر کران۔
2282,"فینگ چھُ یہِ زاننُک مُطالبہٕ کران زِ تِم کیٛازِ چھِ لاکرَس کُن گژھُن یژھان۔
"
2283,چندی چھ ہینٛدۍ دیوی چندی ہنٛد حوالہٕ دوان تہٕ گڑھک مطلب چھ قلعہ۔
2284,فروری 1995ہس منز کٔر سیلینا ہیوسٹن ایسٹروڈومس منز پرفارم۔
2285,چونکہ ایم ٹی بی چُھ تیزابی رل سۭتہِ یلاج کرنہٕ پتہٕ تِہ کیہہ داغ برقرار تھاوان، لہذا چھِ اتھ بطور تیزابی بیسلس  درجہٕ بندی  کرنہٕ یوان ۔
2286,"سالونو  چُھ پٗزٲرِ  سنجیدگی سان لوکن ہٕنٛدیٚن ہَژِیٚن پیٚٹھ بدی خٕلاف تعویذ گٔنٛڑِتھ مناوان۔
"
2287,"برٲژ ہٗند چھُ تُلسی سٕنٛدِ گام  نیبرٕ كٕنہِ كرنہٕ یوان  تہٕ   رسمی خانٛدر چھُ منٛدرَس منٛز کرنہٕ یِوان ۔
"
2288,تِھلانا چھےٚ اَکھ موسیقی ہنز ترتیب  یَتھ منز گۄڈنِکیٚن دۄن مِصرن  منٛز تالہِ ہنزٕ آوازٕ  مثلاً دھیٖم، تھوم، تَرانا، تہٕ تھانی چھے٘ ، ییمہِ پتہٕ دٗ مِصری شعر چھِ ۔ 
2289,سركارٕ  مٗطٲبق چھِ او٘ڈ ملین كٗمبہٕ  بے گھر گٔمٕتہِ  تہٕ پنٕنہِ  گھرٕ تر٘اونس پیٹھ مجبوُر گٲمٕتہِ ۔ 
2290,یہ پارک چھنہٕ صرف پننہ شانٛدار تہٕ مختٔلف جنگلی جانورَو باپت  زاننہٕ یوان بلکہ پننہ قۄدرتی خوبصورتی خٲطرٕ تہِ ۔
2291,1857ہس  منٛز کوٚر جوزف گیٹی ین امریکہ ہس منٛز ڈبن  منٛز ٹایلیٹ  پیپر تیار۔
2292,باقی زٕ بین الاقوٲمی ہوایی اڈٕ چھ پونے بین الاقوٲمی ہوایی اڈٕ تہٕ ناگپورس منز ڈاکٹر بابا صاحب امبیدکر بین الاقوٲمی ہوایی اڈٕ۔
2293,راجندر کُمارَن کوٚر اجیتس فلم سورجس منز ڈاکو سُند گۄدٕنیُک کردار دیوناو نَس منز اَہَم کردار ادا۔
2294,تمہِ کوٚر دعوی زِ تمِس چُھ اکِس افسانوی سیارٕ کلریئن پٮ۪ٹھہٕ اکھ پیغام موصول گومُت ۔
2295,رایس کریکر چھٗ توملہٕ سٕتہِ بنٲوِتھ  اکھ جاپٲنہِ كینژھاہ۔
2296,یہ تقریب چھِ  لڑکہٕ سندِ گوٚڈنِكہِ  خٲرات خٲطرٕ رشتہ دارن نش چكرٕ پتہٕ اند واتان  تہٕ  سوُ گروُ آشرم باپت نیران چھُ ۔
2297,سیکنڈری ڈینٹِن چھ تمہ وز بناونہٕ یوان ییٚلہ دند آسہ ٲسس منٛز آمُت۔
2298,"یہِ فِلِم چھےٚ 7 مارٕچ 2014 ریلیز گژھَن واجیٚنۍ۔ 
"
2299,یہ ہیکہ چرچ  مٗنظم کرنہٕ کِس طریقس منز  وقتس سٕتہِ  سٕتہِ  تبدیلی یِنہٕ كِنہِ ٲسِتھ ۔ ۔
2300,"مہندر ورمن اولن کوٚر بِرودا، سترومالا استعمال، ""اکھ جنگجو یُس پننین دشمنن ختم چھ کران""، تہٕ أمۍ سٕندس نیچی سٕندس نیچوِس پرمیشور اولس اوس ایکمالا وننہٕ یوان ""وٲحد جنگجو یا پہلوان""۔"
2301,مانیندر گڑھ علاقُک اکھ حِصہٕ چھُ گنگا بیسنَس منٛز تہٕ باقٕی حِصہٕ چھِ مہاندی بیسنَس منٛز۔
2302,منجوناتھ آیِہ ہندوستانس منٛز 9 میی 2014 ریلیز کرنہٕ۔
2303,بیکمن کوٚر فیفا زنانہٕ انڈر17 ورلڈ کپک فاینل وٕچھنہٕ تہٕ بچن خٲطرٕ فٹ بال فیسٹیول شروع کرنہٕ باپتھ ٹرینیڈاڈ جزیرک سفر۔
2304,قدیم ترین اَدبی حوالو چھُ ژورَن قٕسمَن ہنٛدۍ قلعن منٛز فرق کٔرمٕژ: پہٲڑی قٕلہٕ، آبی قٕلعہٕ، جنگلی قٕلعہٕ، تہٕ صحرائی قٕلعہٕ۔
2305,یمو منٛز گوٚو اکھ پانہٕ لٹکتھ گٲڑۍ منٛز ژلنس منٛز کامیاب، ییٚلہ زن بیاکھ اکھ گٲنٛٹہٕ کھۄتہٕ زیادٕ وقتس تام اتھ منٛز پھسِتھ روود۔
2306,یونیٹی اِنجن چھُ ڈویلپرَن 2 ڈی تہٕ 3 ڈی دۄشوٕے گیمہٕ بناونُک اِجازت دِوان۔
2307,2016 پؠٹھٕ 2018 ہس تام اوس سہ جینٹیلونی کیبنٮ۪ٹس منٛز کھیلن ہنٛد ؤزیر۔
2308,پُلاکیشِن  سُند آیہول نوشتہ چھُ ونان زِ سُہ اوس بہادُرن تہٕ عالِمن انعام دِنس تہٕ عزت افزٲیی کرنس منز فراخ دِل ۔
2309,"دیوی پونٛگل (اُما، پاروتی) ہٕنٛدِ طرفہٕ بركت كہِ دُعا ہچ چھے٘ علامتی  طورضیافت ""گر٘كان"" سۭتہِ نِشاندیہی كرنہٕ یوان ۔ "
2310,یہ آسہ صرف تمہ وز ظٲہر گژھان ییٚلہ گاہک اکہ کھۄتہٕ زیادٕ یژھان آسہ۔
2311,تِم چِھ اکثر تَمہِ کمپیوٹر سِسٹمچ مرمت خأطرٕ استعمال یِوان کرنہٕ یُس خراب یا ناقص اوس ۔
2312,"دکن کرانیکلَن کٔرِ فلمہِ ہٕنٛدِ تٲریٖف تہٕ ووٚنُن زِ رشی کٔپوٗر چھُ بہتٔریٖن داؤد ابراہیم بنیومُت ۔
"
2313,اَمِہ سۭتہِ چھٗ پیہ لگان  زِ ستاواہنو کٔر اکھ رسمی انتظٲمی تہٕ آمدنیمٲلیہ جمع کرنُک ڈھانچہٕ بناونچ کوُشِش ۔
2314,فلمیننٹ یو سی وٲلین لوکن منٛز ہیٚکہ صرف میوکوسل تہہ برٛۄنٛہہ پھہلتھ ورم  ٲستھ، ییٚمہ سۭتہِ کولون  حرکت خراب گژھان چھِ تہٕ یہ چھُ زہریلہٕ میگا کولنُک بٲعث بنان۔
2315,صنعتی علاقہٕ چھٗ ایلز تہٕ مالمینیچس درمیان بی 8 جایہِ ۔
2316,68 حرفو سۭتۍ چھُ  یہِٕ کینیڈاہس منٛز کنہٕ تہٕ جایہٕ ہنٛد ساروی کھۄتہٕ زیوٹھ ناو ۔
2317,یہِ چھٗ لوُکن انٹرنیٹس پیٹھ اكھ اکِس  سۭتہِ کتھ کرنٗک اجازت دِوان ۔
2318,"یورپ کٮ۪ن کینٛژن  حصن مَنٛز، چھٗ  کینوینگ سۭتہِ   مراد دۄشوے کینوینگ تہٕ کایاکنگ،  یتھ منز أکِس کینوس  اوپن کینو وَنان چھِ ۔
"
2319,"تُہۍ ہیٚکِو میل انَن وٲلِس سۭتۍ تہِ کَتھ کٔرِتھ اگر تُہۍ سُہ نیبرٕ وُچھِو یہِ پرژھنہٕ خٲطرٕ زِ تِمَن نِش چھا تُہندِ خٲطرٕ کانٛہہ پیکیج۔
"
2320,أمۍ حصُک ناو اوس چیف بلیک ہاک سٕنٛدِس ناوس پیٹھ تھانہٕ  آمُت، یس اکھ مقٲمی امریکی رہنما اوس ۔
2321,"سورن سۭتۍ کٲم کرن وٲلۍ انسانن منٛز انفلوئنزا ہٕنٛز منتقلی آیہٕ 2004 منٛز آیووا یونیورسٹی منٛز کرنہٕ آمتِس أکِس لۄکٹِس نگرٲنی مطالعس منٛز دستاویز کرنہٕ۔
"
2322,اگر تہندِ باپت یہ کرُن پوٗرٕ پٲٹھۍ ممکن آسہ، کالجہ چہ ڈگری خٲطرٕ کٲم کرٕنۍ ہیٚکہ غربت چہ زندگی پیٹھٕ وۄتھنس منز واریاہ مددگار ٲسِتھ۔
2323,     Epicureanism چُھ اکھ فلسفہٕ یُس ایپکیورس سنٛز تعلیمہ پٮیٹھ مبنی چھ ۔
2324,فارسہٕ پٮ۪ٹھ یہنٛزِ واپسی ستۍ ٲسۍ واریاہ فارسی رئیسوں تہِ یِمن ستۍ واپس تہٕ یِمو یِمو دیُت اکہِ اہم مغل درباری ہٕنٛدِ ثقافتس کُن اِشارٕ۔ 
2325,یُس دَب حلالس نزدیک چُھ آسان تتھ چُھ یونبوش یِوان دِنہٕ۔ 
2326,سٹیشن چھےٚ 2014 ہٕچ اکھ ہنٛدی تٔھرلر فلم یتھ ساد خانن تحریر تہٕ ہٮ۪دایت کٲری کٔرمٕژ ٲس تہٕ یہ ٲس سمت گھوش میڈیاہن پروڈیوس کٔرمٕژ، اکھ آزاد کمپنی یۄس بنگلور کٮ۪ن ٹیلنٹن فروغ دوان چھےٚ۔
2327,یختیارن ہندِ بیو٘ن كڈنٗك مطلب چھٗ زِ  كٲن٘سہِ  تہِ دفتر تھون وٲلِس میلہِ نہٕ  لامحدوُد یختیار ۔ 
2328,"مربع شکلہِ ہندس قلَعس منٛز چھِ زٕ اَہَم دروازٕ، یِمَو منٛز مرکزی دٲخلہٕ دروازَس (""نگر خانہ"") منٛز  وسیع تعمیرٲتی خصوٗصِیات چھ۔"
2329,تٔمۍ کوٚر جنوری 1966 پٮ۪ٹھ مارچ 1977 تھس تام تہٕ پتہٕ جنوری 1980 پٮ۪ٹھ اکتوبر 1984 تھس منٛز تہنٛدِس قتل سپدنس  تام بطور  وزیر اعظم كٲم  تہٕ بنییہِ   پننِس مٲلِس پتہٕ سارِوٕیہ  کھوتہٕ زیادٕ وقتس  روزن واجٮ۪نۍ ہندوستٲنہِ  وزیر اعظم  ۔
2330,یقینی بنٲیو ز تو٘ہہِ چھٗ فون پۄختہٕ سیلیوُلر سِگنل ہیتھ  چارج كرِتھ  یا جوُڈیو٘ سٹور کس وایی فایی نٮ۪ٹ ؤرکس سۭتہِ  (اگر مٗمکن آسہٕ)۔
2331,یہ چھٗ کینیڈین بریسٹ کینسر فاونڈیشنس امداد دِنہٕ وول ۔
2332,رایسنس چٗھ بالس پیٹھ اكہِ بڈِ بھارٕ قعلہٕ كِنہِ ناو پیومٗت ۔
2333,"تٔمس اوس ہیپاٹایٹس سی تہٕ گزریٛوو ڈیلاس، ٹیکساسس منٛز کرٛہن مازٕ کہ کینسرٕ سۭتۍ۔
"
2334,اضٲفی علاماتن منٛز ہیٚکہ قبض ، زیادٕ لٕٹہِ اِدرار یٗن ، میوُکسٗک اخراج، تہٕ راتھ كیوٗتھ  پاخانہ یٗن شٲمل ٲستھ ۔
2335,یہ چھ وٕنکیٚنس مضٲمینن ہندِ شٗمارٕ حِسابہٕ  ٲٹھِم ساروی  بوٚڑ ایڈیشن ۔
2336,اَمہِ پتہٕ چھُ سکور کرن وول ٹیم کوشش یا تبدیلی ہنٛز کوٗشش کران، یَتھ عام طور پٲٹھۍ پوائنٹ (ز) پتہٕ ٹچ ڈاؤن (پی اے ٹی) ونان چھِ، یُس سکور کرنُک اکھ موقعہٕ چھُ۔
2337,ییٚلہ کانہہ کمپیوٹر پیٹھ ٹایپ چھ کران ، سُہ چیز یُس تم ٹایپ چھ کران سُہ چھُ ان پٹ ۔
2338,پرٛٲنِس زمانس منٛز ٲس زامترین اصلی گاو ڈٲلہ پٲٹھۍ میلان، تِکیازِ یہِ اوس ساروٕے کھۄتہٕ قیمتی اثاثہ ییٚمہِ سۭتۍ اکھ نٔوۍ جوٗر زِنٛدٕگی ہِنٛز شروٗعات ہیکَن کٔرِتھ۔
2339,یمن ہینز گفتگو چھِ اتھ وقتس تام رُکان ییٚلہ یمن منٛز آسفوڈیل شٲمل چھِ گژھان۔
2340,"موجودٕ کونسلرن پٮ۪ٹھ آو عوامَس مدتٕكہِ  ضٔروٗرتہٕ وِزِ   تِمن تام  رسٲیی نہٕ آسنٗك الزام لگاونہٕ ۔
"
2341,کرینہ کپور تہٕ رنویر سنگھ آیہ فلمہ منٛز اہم کردارن منٛز کاسٹ کرنہٕ۔
2342,امہ سۭتۍ چھِ لوکھ نمبر سہل پٲٹھۍ کاپی ہیکان کٔرِتھ۔
2343,یہ لیبل بنیو 1970 کس دہلس منٛز بطور ڈسکو لیبل ساروی کھوتہٕ زیادٕ کامیاب ۔
2344,اَگر توہہہِ پَلو ہٮ۪نٕچہِ کوٗشِش چِھو کَران، صِرِف ہیٚیِو تی یہِ تۄہہہِ سیٹھاہ پَسنٛد چُھ۔
2345,برٗکفیلڈ  کنیکٹیکٹ برٗکفیلڈ چھٗ فیئر فیلڈ کاؤنٹی ، کنیکٹیکٹٗک اکھ قصبہٕ  ۔
2346,جاپانی لوک چھ اکھ نسلی گروپ تہٕ جاپانٕکۍ مقٲمی باشندٕ۔
2347,2001  منز ٲسۍ گریٹ بینٹلی منٛز 2259 لکھ روزان ۔
2348,"یہٕ اوس ڈیلاویئر، نیو جرسی تہٕ پنسلوانیا کیٛن جدید دور چین ریاستن منٛز۔
"
2349,پلٹن  چھِ پوُرٕ دٗنیاہ پیٹھہٕ باصلٲحیت موسیقارو سۭتہِ بنیوٚمُت۔
2350,نوجوان وزیرس ٲس فیروز شاہ تغلق سٕنٛدس نیٚچوس محمد شاہس سۭتہِ ننہِ وانٕہ  دٗشمنی ۔
2351,اصٕل خبر چھےٚ یہ ز یہ سوال ہیٚکہ تٗہندِ  خٲطرٕ ینہٕ والہِ فروختٗك سطح آسٲنی سان بند كرنس مدتھ كرِتھ ۔ 
2352, سرلا داس ٲس  رمضیہ مہا بھارتس  اٗڈیاہس منز ترجمہٕ كرن واجینی اكھ كھاڈیات ہِندوُ ۔
2353,پروَتَماہ تہٕ شُرٮ۪و گُزور دٔیُم دۄہ لَکشمی مُوٗ کرناونٕچہِ کوٗشِشہِ منٛز۔ مُوٗ۔
2354,"یِتھین راگمَن ہٕنٛدۍ اصول چھِ یہِ زِ تِم گٔژھِ أکِس آکٹیوَس منٛز گنٛدٕنہٕ یا گیونہٕ یِنۍ- نی، سا، ری، گا، ما، پا، دھا، نی۔
"
2355,آئی پی سی ایلٕک ناگوتھانے تہٕ دہیج مینوفیکچرنگ کمپلیکس آیہ آر آٮٔی ایل یس تحت ییٚلہ 2008 منٛز آیی پی سی ایل آر آٮٔی ایل یس سۭتۍ ملاونہٕ آو۔
2356,تِم چھِ باقِین لُکن سٕتہِ كانہہ تہِ رٲبطہٕ نامنظوٗر کَران تہٕ چھِ جٔدیٖد تہزیٖب نِش حٔقیٖقتَن غٲر مُتٲثِر قٔدیٖم لُکن منٛزٕ شٲمِل ۔
2357,"خطرٕ كین وجوُہاتن منز چھِ تپھ یا دمہ ہِی حالات آسٕنہِ  شٲمِل ۔
"
2358,ترٛیٚیو کھۄتہٕ زیادٕ کٔمِشنر ہیٚکن نہٕ أکسٕے سیٲسی جمٲژ ہِنٛدۍ ٲسِتھ۔
2359,مغربی بنگالٕکۍ زٕ ساروِی کھوتہٕ تھٔد تینتول، سندپکپھو تہٕ پھلُوٚت چھِ بالہٕ تھوٚنٛگِس تہٕ پارکہِ منٛز واقع۔
2360,داسن کٕر ٹی وی یس پیٚٹھ پنٕنہِ  پیشورانہٕ زِندگی  تمہِ وِزِ شُروٗع ییٚلہِ أمہِ  زوٗمس پیٚٹھ دۄن ٹی وی پرٛوگرامن ہِنٛز میزبٲنی کٔر۔ 
2361,ریونا، کینٹکی ریونا چھ متحدہ امریکاہک اکھ شہر۔
2362,یہ بنیو یونانک ساروی کھۄتہٕ بھڑ بندرگاہ تہٕ اکھ اہم تجارتی مرکز ۔
2363,امیوک مطلب چھ زتو٘ہہِ ہیٚکو لۄکٕٹہِ کیپ سٹاک، درمیٲنی کیپ سٹاک، بڑِ کیپ سٹاک، تہٕ بین الاقوٲمی سٹاکٗک زیادٕ خۄراك حٲصل کٔرتھ۔
2364,"فلمہ ہنٛد اختتام چھ مارک سنٛدس بائبل کس حوالس سۭتۍ گژھان ""اگر سوٛ پورٕ دنیا چھ حٲصل کران تہٕ پنن روح چھ راوران تیلہٕ أمس کیا نفع ملے گا؟"" مرکس 8:36 """
2365," رابرٹسنن رٔٹ 1995 منٛز  ڈونلڈ پلیسنس 
 نہ مرنہ سببہ صدر سنز جاے۔"
2366,سُہ گُزریو 25 دسمبر 2019 ہَس منٛز ماسکوَس منٛز 96 وُہُر۔
2367,اگر دولت بناون تہنٛد مقصد چھٗ ، تیٚلہ کٔرو تو٘ہہِ  سٹاکس یا میوُچول فنڈ ہوٮ۪ن سیکیورٹیزن منٛز سرمایہ کٲری۔
2368,"کینٛژن مقامَن پٮ۪ٹھ، یِتھ کٔنہِ زَن نیوُ یارک تہٕ باقی امریکی شہرَن منٛز چھُ 15 اگست تارکین وطن تہٕ مقٲمی لوٗكن  منٛز ""انڈیا ڈے"" بنیومُت۔
"
2369,وِٹامن اے زہریٖلہٕ ہایپر وِٹامِنوسِس اے چُھ تَمہِ وِزِ سپدان ییٚلہِ جِسمس منٛز واریاہ زیادٕ وِٹامن اے جمع گژھان چُھ۔
2370,یہ چھ دشین تہٕ تِہارس (دیپاولی) سۭتہِ نیپالس منٛز اکھ اہم نٗمایاں تیوہار ۔
2371,تاہم وائلڈرنیس کھلٲڑین ہند قتل آو 1 فروری 2011 بحال کرنہٕ۔
2372,کینژو مطالعو چھ غیر مغربی ملکن منٛز قومی سطحس پیٹھ وٹامن B12 کہ مقدارک اطلاع دیُتمت۔
2373,آب زخیرٕ کرنٕچہِ تمۍ سٕنز حکمت عملی ،آپٲشی تہٕ فصلن ہُند طرہقہٕ بناوُن چھُ تمۍ سٕنز طرقی پسند حکمت عملی ہاوان ۔
2374,یہٕ بٲتھ اوس جان نیوٹنن لیوکھمُت یس اکھ بد غلام تٲجِر اوس ۔
2375,تٔمۍ کٔر پنٕنۍ ابتِدٲیی تعلیم چنئی منز تہٕ پتہٕ ترویندرم کِس بھارتیہ ودیا بھونس منز حٲصِل۔
2376,اگر توہہِ فی ریتہٕ  5000 ڈالر زیٖنان چھِوٕ ،  انشورنس گژھ 200 ڈالر یا کم آسن۔
2377,وونہِ گو،1605 ژس  منٛزتمہِ سندِس بٗڈِبب اكبر سٕنٛدِ مرنہٕ پتہٕ آو سُہ رچھنہٕ  یِنہٕ باپت  پنٛنہِ ماجہِ جگت گوسایں نِشہِ  واپس ، یمہِ سٖٗند  تس سہٹھاہ محبت اوس تہٕ اوس تسٗند سكھ خیال تھوان ۔ 
2378,مٗصوِری  چِھ سولوینیاہس منز  فن کہِ نیوٗ آبجیکٹیویٹی طرزٕچ اکھ مِثال ۔
2379,یہ شہر چھٗ ہندوستانک ژوُرِم بوٚڑ شہر ۔
2380,واریاہن دوہن وارِیاہن گھٲنٹن گٗلناونہٕ سۭتہِ  چھٗ اصل چاکلیٹ بنان ۔
2381,امہِ علاوٕ چھٗنہٕ یِمن دون كارگٗزارن  تہٕ یِہندِ دسہِ خوُنہٕ چین نالین ہندِ مٗسلٗكین زخمن ہندِ یلاج كِس باڈوس منز كانہہ فرخ وٗچھنہٕ آمٗت ، وونہِ گو٘ حفاضتس منز چھا كانہہ فرخ تہِ چھٖٗنہٕ صاف ۔ 
2382,انفوباے چھےٚ میکسیکوہس منٛز ژوٗرم ساروی کھۄتہٕ زیادٕ وزٹ کرنہٕ ینہٕ واجینۍ خبرن ہٕنز سایٹ ۔
2383,تمام ضروریاتن منٛز چھ ساروٕے کھوتہٕ بنیٲدی یہٕ زِ متن گژِھہ قٲبل فہم تہٕ پرُن لایق آسُن۔
2384,باجی راو سٕنٛزِ کامیٲبِیہِ آسہٕ جٔنوٗبی ہِنٛدُستانس منٛز مَرٲٹھٮ۪ن ہُنٛد تَھزر تہٕ بَجر تہٕ شُمٲلی ہِنٛدُستانس منٛز سِیٲسی حُکُمرٲنی قٲیِم کَرٕنہِ ۔
2385,پیشوا آو بطور انگریزن ہنٛد پنشنر اتر پردیش کس کانپورس نزدیٖک مراٹس منٛز بیتھور جلا وطن کرنہٕ۔
2386,امہ برٛۄنٛہہ دیٗت ارجنن شیٚن بیچِھونین رحمہٕ كِنہِ محمان خانس منز شونگنٗك تہٕ كھینٗك اجازت۔
2387,بٗتھِمہِ  دیوارچ بنِم لائن چِھ 'ٹِن' كہِ پیٹھِمہِ حِصٕچ  نشاندہی کران، یُس نصف میٹر تھود دھاتٗک حِصہٕ  چُھ۔
2388,کرم چھ اکھ فصلک تہوار یس ہندوستٲنۍ ریاست، جھارکھنڈ، بہار، مدھیہ پردیش، چھتیس گڑھ، آسام، اُڈیسہ تہٕ مغربی بنگالس منٛز مناونہٕ چھ یوان۔
2389,1960-61  دوران گوامرتیا سین ٹرنیٹی کالج پیٹھہٕ  چھٹی نِتھ  میساچوسٹس انسٹی ٹیوٹ آف ٹیکنالوجی ہُند  دورٕ کرنہِ ۔ 
2390,"شیئرن گوو 9 جنوری 2014ہس منز موئڈربرگ، شمالی ہالینڈس منز وفات۔

"
2391,تُہُنٛد مال یَتھ پیکیجِنٛگ منٛز  گَژھِ تُہُنٛد برٛینٛڈ پیش کَرُن بیٚیہِ گَژھِ نَویٚن تہٕ پرٛانیٚن، دۄشوٕنی خٔریٖدارن خۄش کَرُن۔
2392,ہمالیٲیی پہاڑ چھ سِکم کین شمٲلی، مشرقی تہٕ مغربی سرحدن گیرٕ کٔرِتھ۔
2393,سلییر، ییٚمۍ سُند قسمت چھنہٕ معلوم، اوس  سُہ ٲخٕری یس  یہ وننہٕ آو۔
2394,دیوتاہن یا پٔتمین آباؤ اجدادن ہنٛد ناو چھ عام طور ٹیبلٹس پٮ۪ٹھ کھنٛنہٕ یوان۔
2395,ییٚلہٕ تمن اکھ أکۍ سٕنٛز ماے گژھان چھےٚ تہٕ نزدیک یوان چھ، تقدیر چھ بیٛاکھ موڑ نوان تہٕ زٕ محبت کرن وٲلۍ چھ الگ گژھان۔
2396,پتہٕ کٔرو یمن رقمن ہنٛد جوڈٗك  پنٛنِس ریتہٕ وار تنخاہ ،تہٕ ٹیكسہٕ پتہٕ آمدنی سٕتہِ مواضنہٕ ۔ 
2397,"جیتَک قلعہ چُھ ہندوستان چہِ ریاست ہماچل پردیش کِس ضلع سرمور کِس ضلع ہیڈکوارٹر ناہان پیٹھہٕ تقریباً 15 کلومیٹر دوٗر واقع۔
"
2398,شوٗٹِنٛگ چُھ اَکہِ قٕسمٕکہٕ ہٕتھیار سۭتہِ  گوُلہِ چلاونٕچہِ  کٲم یا عَمَل
2399,"جنٛگس منٛز تمام جرمن فوجن منٛز اوس یہ ساروٕے کھوتہٕ کمزور۔
"
2400,"1949  منٛز دِیُت رفیعس نوشاد، شیام سندر، تہٕ حسنا لال بھگت رام ہِوین موسیقارن سولو بٲتھ ۔
"
2401,تم ٲسۍ ہوا  ذریعہ پھہلان تہٕ ہُران۔
2402,غلامن ہندِ دسۍتیار کرنہ آمتہ کھنڈٕ سۭتۍ پیدٕ گژھن وألۍ بسیار دولتن بنوو بارباڈوس اَمریکاہٕچ ساری کھوتہٕ کامیاب کالونی، تہٕ دُنیاکیو ساروی کھوتہٕ زیادٕ گنیر والیو علاقو منٛز اَکھ۔
2403,کٮ۪نٛہہ ساینس دان چھ سونٛچان ز نارکولیپسی چھےٚ ہایپوکریٹن چہ کٔمی ہٕنٛد وجہ سۭتۍ گژھان۔
2404,"کُٹاناڈو چھُ تٲریٖخی طور جنوٗبی ہندوستان چہ قدیم تاریخَس منٛز اَہَم تہٕ چھُ ریاستَس منٛز توٚمُل پٲدٕ کرن وول بوٚڑ علاقہٕ۔
"
2405,تُلسی ہنٛز پوُزاہ  چھِ كٗنہِ وِزِ   شِو سنٛز پوُزاہ زاننہٕ یوان ،یہِ  دیوتاہ سندِ  ہمہ جہت موجوُدگی ہنٛز نشاندہی  کران چھُ ۔
2406,یہِ گوٚو 1994تھس  منٛز مشہوُر ییلہِ دیوارن پیٹھ پیلِیو لِتھِك  فن   لبنہٕ آو ۔۔
2407,رابرٹ گزریو ترٛٮ۪ن دۄہو پتہٕ امی جایہ21 مارچ 1076  ع۔
2408,وونہِ گو٘ یہِ چھٖٗنہٕ دون بادشٲہِیتن درمِیان كٗنہِ فوجی تصادٗمٗك ذِكِر كران ۔ 
2409,جاپانس منز ٲس فجی سٕنز کیمرہ فلمہٕ پیٹھ اِجارہ دٲری ۔
2410,أتھ دورآن چھےٚ پریتیلاٹا وڈیدار (ویگا تموتیا) پیشورانہٕ طور اکھ سکول وۄستاد ، ماسٹرڈا سنٛدیٚو٘ نظریاتو سۭتہِ  متٲثر گژھان تہٕ چھُ تس خٲطرٕ واریاہ تعٲریف تھوان۔
2411,اڈیکنل موٗد لاگوس، نایٚجیریاہس منز 78 وری وٲنسہِ منز۔
2412,تمہِ  سٕنٛدِس دورِ حُکوٗتس منٛز آیہِ عٔظیٖم تعٲمیٖرٲتی  منٛصوبہٕ وٕچھنہٕ یِمن  منٛز لال قِلعہٕ تہٕ شاہ جہان مسجد شٲمِل چھِ۔ ۔ 
2413,یمن دریاہن ہنٛزِ وتہ پیٹھ یِن ذخیرٕ تہٕ ڈیم بناونہٕ۔
2414,پڈوچیری  چھِ ویلوپورم تہٕ  چنئی کہِ پانژن  طرفن ہندِ جنكشن پیٹھہٕ ریلوے برانچ لائنہِ سٕتۍ جٗورِتھ ۔
2415,1977 تام ٲس ریاستس پیٹھ انڈین نیشنل کانگریسٕچ حکومت۔
2416,دۄن لُکن ہِنٛدِ خٲطرٕ زٕ تحفہٕ انٛنہٕ بجایہِ دیٖو بٲژن دۄن سُہ تحفہٕ ییٚمیُک تِم اِکہٕ وٹَے لُطُف ہیٚکن تُلِتھ۔ 
2417,نیدرلینٛڈس منٛز گٔیہ جرمن واریاہ یہودی مارنس منٛز کامیاب ۔
2418,"شپٹ چُھ کینٛہہ یکساں ڈالر رقمک معیاری تجاویز فراہم کران یِم زیادٕ تر چِھ استعمال گژھان یتھ منٛز 5$, 10$ یا15$شامل چھِ۔"
2419,"سمہاہَن اوس پننٮ۪ن دوستَن سۭتہِ  مِیلِتھ 1972 منٛز ""نٹرنگا"" نٲوِ  اکھ تھیٹر گروٗپ شروٗع کوٚرمُت۔"
2420,شِوانی چھےٚ كٗنی زٕنہِ حالاتن ہٗند مٗقابلہٕ كرِتھ كرس اكِس لۄكٹِس كمرس منز اژنس مجبوُر كرِتھ كورین بچاوان ۔
2421,پونٛگلُک بُنیٲدی موضوع چُھ آفتاب دیوتا، قۄدرتٕ كین قوتن، تہٕ زٔمیٖن دٲری ہندین  جانورن تہٕ زراعتس منز مدتھ  کرن والیٚن لُکن ہُنٛد شُکُریہ اَدا کَرُن۔
2422,ہَپی وہیلز چھ اکھ براؤزر گیم یس جم بوناکین 2010 منز بنوو ۔
2423,1981 منٛز کٕر تمہِ بطور فیلڈ پروڈیوُسر سی بی ایسس منز نوكری ۔ 
2424, اکھ،  آیی ایم ایفک مینجنگ ڈائریکٹر چھُ ہمیشہٕ یورپی آسان ۔
2425,ماننہ چھ یوان ز تمۍ سٕنٛز قبر چھےٚ اینڈروٹ جزییرس پیٹھ واقعہ۔
2426,یہ چھ امہ وقتہٕ گژھان ییلہٕ ڈوپامائن چھنہٕ جسمکہ ذریعہٕ صحیح طریقہٕ سۭتۍ منظم یوان کٔرنہٕ۔
2427,روک گوو 1 جولائی 1956ہس منز کلیولینڈ، اوہائیو منز پیدٕ۔
2428,حزفی کپس منٛز گنٛدنہٕ ینہٕ والیٚن ژۄن میچن منٛز کٔرِ تٕمہِ   پانژِ لٹہِ گول۔
2429,پتہٕ کٔر أمۍ پراسیکیوٹر بنٛنہٕ خٲطرٕ أکس ؤریس تام کابلس منٛز تعلیم حٲصل۔
2430,"یورپ، ایشیا، افریقہ تہٕ نیوزی لینڈس منٛز چھ ہیج ہاگ آسان۔
"
2431,امیُک تعمیر گو 1960 منز شروع تہٕ 1966 منز گو مکمل ۔
2432,سیاح ہٮ۪کن گنگ ٹوک پٮ۪ٹھٕ لاچنگ تام پوُرٕ  گٲڑِ بٗك كرِتھ  یا مُشترکہٕ گٲڑِ منز   سفر كرِتھ ،  نذدیٖک گام ییٚتہِ روزنٕ  جاے چھےٚ تہ ہیٮ۪کن اتہِ راتس روُزِتھ ۔ 
2433,"یہ چھ سکوٗلن منٛز گنٛدٕنہٕ ینہٕ والٮ۪و دۄیو ساروٕے کھۄتہٕ مشہوٗر رٮ۪وٲیتی ٹیگ کھیلو منٛزٕ اکھ، بیٛاکھ چھ کبڈی۔
"
2434,گلڈ اوس جنوبی ہندوستان کیو ساروٕے کھۄتہٕ اہم  ادارو منزٕ اکھ تہٕ تجارت کرن والیو کوٚر پان گلڈن منز منظم۔
2435,کنہہ ٹرنر سٹگماٹا، ییتھ کٕنہِ ن زن کیوبٹس ویلگس تہٕ ژھوٹیمژٕ او٘نگجہِ، چھِ ایس ایچ او ایكس   جینک خۄراک کیو٘ اثراتو٘  سۭتہِ ۔
2436,کتھکلی گیہ ہندوستان کِس جنوُب مغربی علاقہٕ  کیرلاہس منٛز پٲدٕ  تہٕ یہِ چُھ پننِس وسیع پیمانَس پیٹھ رنگین سِنگار ، مٗكھوٹو٘  تہٕ پو٘شاكھہٕ كِنہِ مخصوُص ۔
2437,"یہ وننس پیٹھ کٔریو غور، ""شٗکریہ، مگر بہٕ چھس جلدی منٛز!"" یٗتھٗیہ توہہِ اپٲر نیرِیو٘ ۔ "
2438,کین بڈے فینکس ، اریزونا ہس منٛز ، ییٚتہ تٔمۍ موہوے مڈل سکولس منز شرکت کٔر ۔
2439,زمینی کلین ہٕنٛدۍ کیٚنٛہہ باقیات سیٚدیٚیہِ سرَس منٛز۔
2440,شمالس منٛز چِھ یم بالہٕ تھدس منار سیڈلس تام پھہلتھ یم مشرقس منٛز چوکناڈ مالا تہٕ امہ مزید  گھاٹن ہندِس  مشرقی بٹھِس  پیٹھ کولوکومالاہس تام پکان چھ ٗ۔
2441,ییٚتہِ چھُ گۄڈٕنیُک 108 فٹ تھوٚد مندر یتھ منٛز تمام تیرتھنکر  شِتلناتھ بطورِ اَہَم دیوتا  ہیتھ چھِ ۔ 
2442,زیادٕ تر جدید ڈیزائنَن منز چھُ صرف اکھ جہاز، مین سیل؛ تۄپتہٕ، روایتی کیٹ ناو ہیکہِ گیف رگ پیٹھ واریاہ جہاز نتھ۔
2443, تٔمۍ مور سُہ ییٚلہِ تٔمۍ أمِس اَتھٕ لاگٕنٕچ کوٗشش کٔر۔ 
2444,حطمی ممنوعہ چیزن منٛز چھِ ہتھیار ، گولہٕ بوروُد تہٕ مٗختٔلف مواد شٲمل ۔
2445,ناک میڈنیس: ناک میڈنیس چھ امریکی ریپر ہاپسن سنٛد ترٛیٚیم سٹوڈیو البم۔
2446,امہِ پتہٕ دِیُوت بادشاہن رامانٗج سٕنٛزِۍ خٲہشہِ مُطٲبق رنگاناتھ سوامی مندرُک انتظام دسارتھی تہٕ أمہِ سٕنٛدٮ۪ن اولادن۔
2447,اپریل 2017 منٛز آو سُہ ڈبلیو ڈبلیو ای یس منٛز تِہنٛدس ترقیٲتی علاقس این ایکس ٹی یس منٛز واپس۔
2448,سُہ مور نِندرِ منز پنٕنۍ شاگرد ڈارتھ سِڈیسن۔
2449,"تمام قٕسمن ہنزِ  موٹر ریسِہِ ہٕنٛدِ پٲٹھہِ  چِھ فارموُلا وَنَس سۭتہِ بٕڈِ  خطرٕ  جُڑِتھ ۔
"
2450,سٲمِتھ تھاونہٕ آمٕژِ کاغذی کارروائی منٛز گژھن اصل معاہدس علاوٕ کینٛہہ لیجر اندراجات، مٲلی سِٹیٹمِنٹ، کُنمُت یا ادائیگی ہٕنٛز وصول تہٕ اصل معاہدس منٛز کانٛہہ اِضافہٕ یا تدبیلی شٲمِل آسٕنۍ۔ 
2451,حیدرآباد ریاست گیۍ 1948 منز ہندوستانۍ فوجی حملہٕ پتہٕ یونین آف انڈیا ہس منز شامل۔
2452,سلویسٹری گوو نیو یارک سٹی منٛز لوئس سلویسٹری تہٕ صوفیہ فیلن سٕنٛدس خاندانس منٛز پیدٕ۔
2453,اوشیانا مُلک یِم از زِکا ہُک مقابلہ چھِ کران تمَن منز چھِ نیو کیلیڈونیا، وانواتو، سولومن جزیرٕ، مارشل جزیرٕ، امریکن ساموا، ساموا تہٕ ٹونگا۔
2454,ییٚلہ تُہۍ پرٛیتھ کانہہ چیز تُلان چِھو، تیٚلہ کٔرو فہرستس منز نِشان زد۔
2455,ٹنائٹس ماسکر: اکھ ٹنائٹس ماسکر چھ اکھ الیکٹرانک ڈیوائس یس خاموش آواز بناوان چھ۔
2456,"یہِ ضِلع چھُ رۄقبہٕ 2,748 مربع کلوٗمیٖٹرَن پٮ۪ٹھ تہٕ اَمیِچہِ  آبٲدی چھِ 2001 چہِ  مردم شُمٲری حسابہٕ  660,923۔
"
2457,ہِندو کیلنڈر چھُ قمری مگر زِیٛادٕ تر بٔڑۍ دۄہ چھِ تٲریخی کیلنڈرُک قمری حصہٕ اِستعمال کٔرِتھ تاریخ تھاوان۔
2458,واریاہ افریقی امریکی چھِنہٕ ویکسین یا ڈاکٹر مؤثر مانان۔
2459,سہ اوس 2005 پؠٹھٕ 2012 تام ہانگ کانگک دوٚیم چیف ایگزیکٹو۔
2460,"بش اوس 2016 کِس صدارتی انتخابس منٛز ریپبلکن نامزدگی خٲطرٕ وۄمیدوار۔
"
2461,بہٕ چھس پورٕ پٲٹھۍ ناراض ییٚمہ طریقہٕ امہ طبی فیسلٹی میون مسلہٕ پکنوو۔ کتھ باتھ ہنز کمی تہٕ میٲنۍ صحتٕکۍ خدشات نظر انداز کرٕنۍ چھ ناقابل قبول۔
2462,گَھرِ نیرنہٕ برٛونٛہہ بنٲوِو ہمیشہِ خٔریٖدٲری ہُنٛد فِہرِست ، چاہے توہہِ كینہہ تہِ مۄلہِ ہیو٘ن آسہِ ۔
2463,جی این یوُ اینوُبِس  جی این یوُ اینوُبِس چھٗ  آوٹ گویِنگ میل پروسیسر ۔
2464,میسور ریٖشٕم صنعت ٲس ساروِی گۄڈٕ ٹیپو سلطان نِس دورس منٛز شروٗع  كرنہٕ آمژ ۔
2465,برطانوی حکومتن کٔر بل پاس گژھنہٕ برٛونٛہہ اکھ تبدیلی ۔
2466,تمام ذایقن تہٕ مزن باپت چھِ ژٲر ، علاقٲیی پیٚٹھٕہٕ بین الاقوٲمی ضِیافتن تام  ۔
2467,اَتھ منٛز چھِ شویتا ترپاٹھی تہٕ جتیندر کمار مرکٔزی کِردارن منز ، ییٚلہِ زَن وِپِن شرما، دیٖپِکا امین، تہٕ برجیندر کالا معاون کِردارَن منٛز لبنٕہ یوان چھِ ۔ 
2468,"تہنٛدٮ۪و ساروٕے کھۄتہٕ زیادٕ آورٮ۪و سبارو رٮ۪سٹورنٛٹو منٛزٕ اوس اکھ ورلڈ ٹریڈ سینٹر مالس منٛز واقع۔
"
2469,تمن چھ کوچین یہودۍ یا مالابار یہودۍ ونان تہٕ چھ ہندوستانس منز یہودین ہند ساروی کھۄتہٕ پرٛون گروہ۔
2470,او آر سی او ہٗک بٲنی ، لگزمبرگ رئیل اسٹیٹ انویسٹمنٹ کمپنی ۔
2471,"پنُن پان آثارُک خیال کرنس منٛز ناکام ؤچِتھ،  دِیُت تمۍ یہِ پننِس قریبی مُریٖد تہٕ أکِس دولت مند کٲشرِس کاروبٲرۍ خواجہ نور الدین ایشباری یَس بطور ساروٕے کھۄتہٕ قیمتی تحفہٕ ۔
"
2472,"2011 چہ مردم شمٲری مطٲبق چھ جموں و کشمیرٕچ کل آبٲدی 12,267,013۔"
2473,یہ  بنییہ 1890 منز برطانوی ہندوستانٕچ اکھ شٲہی ریاست۔
2474,اتھ کتھہِ پیٹھ چھِ کٲفی بحث زِ ہیٹی انقلابَس مَنٛز بیمارِ سۭتۍ سپدن والین موتن ہِنٛز تعداد اوسا مبالغہ ہیتھ پیش آمت کرنہٕ۔
2475,"سُکُمار دتہ ہن لیٚکھ کوشِک دتہ سٕنٛزِ کمپوزیشن خٲطرٕ بٲتھ ۔
"
2476,آن لاین ریلیز آو 30 ستمبر 2010 ڈاون لوڈ کرنہٕ باپتھ دٔستیاب کرنہٕ۔
2477,تٔمہِ كو٘ر  شاہ رخ خانس خلاف کینہہ تہِ آسنہٕ نِشہِ انكار  تہٕ ووٚنُن ز ڈسٹری بیوٹرن ہیٚکہِ  نہٕ یتھِس انتظامس منٛز دٲخل گژھنُک اِجازت دنہٕ یِتھ  ییٚمہ سۭتہِ مقابلس پیٹھ منفی اثر پییہِ ۔
2478,یِمَن خطن خو’نٗك بہاو چھُنہٕ   ضروٗری طور رُکان ،  مگر امہِ بدلہٕ ہٮ۪کہِ یہِ تتھ حدس تام کم گژھِتھ ییٚتین دیماغس خرٲبی گژھِتھ ہیكہِ ۔ 
2479,تم کمرن یم  کرٲلہِ والہِ  سکیبیز وٲلہِ استمال كران چھِ  تمن چھ پوُرٕ پٲٹھہِ صفٲیی كرنٕچ ضٔروُرت آسان ۔
2480,تٔمۍ کوٚر ترناہ تہٕ بین نالہٕ درمیان واقع جسمیر گڑھ قٕلعس تہِ مرمت ۔
2481, گولڈن ٹیمپلس منز فوجی کارواییی ہُند حکم دنہ پتہ ، یتھ زن  آپریشن بلیو سٹار ناو اوس، کر گاندھی پننیو  ذٲتی محافِظو تہٕ سکھ قوم پرستو 31 اکتوبر 1984 منز قتل۔
2482,2011 منز ٲس ٹیننٹس اکھ کُور یۄسٕہ جورجیا موفیٹس  سۭتۍ نیتھرٕ ٲسس۔
2483,مےٚ چھےٚ گۄڈے کتاب آرڈر کرنس منٛز تذبذب محسوس گژھان زِ اگر تمو مےٚ دوکھ دِیُت؟
2484,یہ جاۓ چھِ این ایچ 4 ممبئی-بنگلور قومی شاہراہَس پٮ۪ٹھ واقعہٕ تہٕ چھِ کرناٹک کہِ وَتہِ ہندوستان کین جنوبی تہٕ وسطی حصن ہُنٛد سَفَر کرن والٮ۪ن زیادٕ تر مسافِرن خٲطرٕ اکھ مرکزی جاۓ۔
2485,شیٚیم تہٕ موجودٕ نسلہ ہنٛد کیمارو چھ 2016 پٮ۪ٹھٕ از تام بناونہٕ یوان ۔
2486,"ونٛنہٕ چھ یوان ز ہندوستانن اوس ریفرنڈمس دوران صرف 200,000 ہٕندس ملکس منز 20,000-40,000 فوج تعینات کوٚرمت۔"
2487,شیوپور  چھٗ وسطی ہندوستان كِہ  ریاست مدھیہ پردیشٗك اكھ شہر۔
2488,"یِمَن منٛز چھِ چھری سۭتۍ لڑایہ (باکو سامو)، تلوار لڑٲے (کٹی سامو)، تہٕ سٹاف فائٹنگ (کارا سمو) علاوٕ باقی ہتھیارو یِتھ کٔنۍ زَن گدا (گدھہ) تہٕ پاٹا (گوانٹلیٹ تلوار) شٲمِل۔
"
2489,اگر نہٕ تۄہہ کسٹمر سروس منیجر سنٛد ناو ہیکٕو نہٕ میلِتھ، تیٚلہ لیکھو صرف ڈیئر سر یا میڈم۔
2490,از کالہ چھ برطانیہس منز پریتھ 400 منزٕ 1 شُر دماغی فالجک شکار ۔
2491,امہٕ امکان سۭتہِ ژاو  پیلاطس خوف ، تہٕ تٔمہِ اوٚن عیسیٰ واپس محلس منٛز تہٕ کںرن  یہٕ زاننٕچ منٛگ زِ سُہ کتہٕ پیٚٹھٕہ آو۔
2492,بھوپالٗك عیش باغ سٹیڈیم چھٗ  ورلڈ سیریز ہاکی ٹیم بھوپال بادشاہُک ہوم گراؤنڈ ۔
2493,کارتِک پٗنِم دوہ  چھ زیارتی مركزس پیٹھ  تیرتھس منٛز (مقدس آب یتھ کٔنہِ زن جھیل یا دٔریاو) رسمی غسل تجویز کرنہٕ یوان۔
2494,اداکارہ کیٹ بوس ورتھس چِھ مکمل ہیٹروکرومیا: تٔمۍ سٕنٛز کھوورٕ أچھ چھےٚ نیج تہٕ  دٔچِھنہِ  أچھِ گۄٹ ۔
2495,پٹیل اوس “ایڈورڈ میموریل ہائی سکول“  بورسدُک گۄڈنیک َصدر تہٕ بٲنی کاریتھ از جھاویر بھائی داجی بھائی پٹیل ہائی سکول وَنان چھِ۔
2496,"سُہ چُھ أمِس ژھارنہٕ خٲطرٕ پنٛنِس اہلِہ کارس سۭتۍ مِلان تہٕ تِمن وَنان زِ تٔمۍ بوٗز پنٛنِس خوابس منٛز پوٗرٕ سکرپٹ۔
"
2497,ڈلاسس منز   امریکن ایئر لائنز سینٹرَس منٛز کھیل ختم گژھنہٕ پتہٕ کٔر ڈیٹرایٹٕکہِ کپتان نکلاس لڈسٹرومَن پننہِ ٹیمہِ طرفہٕ کلیرنس کیمبل ٹرافی قبوٗل۔
2498,کیوجیوک (کجولہ کدفیسس) اوس مرنہٕ وز شیتھ وری کھۄتہٕ زیادٕ وٲنسہ ۔
2499,امہِ کھیلُک زِیٛادٕ باقٲعدٕ کھیل گوٚو 1605 منٛز بادشاہ کھگیمبا سٕنٛدِس دورَس منٛز کھیل کٮ۪ن نَیَں بناونہٕ آمتٮ۪ن اصولَن تحت شروع۔
2500,یہٕ كو٘ر  گۄڈنچہ لٹہ قسطنطنیہ ہٕکہِ جسٹنین اولن جٲری  ۔
2501,اوٹی چھ نیلگری، یا بلیو ماونٹین، أکس بالہٕ ضلعس منٛز واقعہٕ۔
2502,تمہِ وۄن زِ تس چھُنہٕ یاد زِ آرمی منٛز شٲمِل گژھنہٕ برٛونٛہہ ٲسا امہِ  کانٛہہ قابلِ ذِکر ہاکی گِنٛدمٕژ  یا نَہ، حالانکہ تمہِ وۄن زِسوٗ اوس کُنہِ کُنہِ ساتہٕ جھان٘سی منٛز پننٮ۪ن دوستن سۭتہِ گٲر رسمی پٲٹھہِ گِندان ۔ 
2503,یِتھٮ۪ن مزاحیِہ سٹِکرَن منٛز چھِ سٹیکرُک فانٚٹ تہٕ اندازٕ عام۔
2504,اسہ سۭتۍ چھ این جی سی 300 تک فٲصلہٕ لگ بگ شےٚ ملین لایٹ ییر۔
2505,"یہِ قصبہٕ چھُ ہٹکنانگلے پیٹھٕ تقریباً ٲٹھ کلوٗمیٹر دوٗر، کولہاپور پیٹھٕ تقریباً سَتووُہہ کلوٗمیٹر تہٕ وُنکیٚنَس چھُ تعلقہ یا تحصیل ہیڈکوارٹر تہِ۔
"
2506,ورلڈ ہیلتھ آرگنایزیشن تہٕ یونیسیف چھ او آر ٹی باپتھ علامتہٕ، تیٲری تہٕ طریقہٕ کار واضح کران۔
2507,وکی نیوزُک رپورٹر ڈیوِڈ شینک بون اوس امریِکی مقبُول ثقافتَس منٛز عزِیتس مٗتعلق  متعلق بے٘ چین ۔
2508,سمٲجی مسلَن پیٹھ چھُ یہِ سیکولر پالیسیَن ہِنز وکالت کران، یِم یکسان موقعہ، صحتُک حق، شہری آزٲدی، تہٕ کمزور طبقن تہٕ اقلیتَن ہُند فلاحس حوصلہ افزٲیی کران چھ۔
2509,2008 ہس منٛز میول تٔمس روٹری کلب آف مدراس طرفہٕ لائف ٹائم اچیومنٹ ایوارڈ۔
2510,مے٘ چھٗنہٕ  آزیُک  امتحان لیکھٗن باسان ۔ گژھِ کیاہ اگر نہٕ بہٕ پاس گژھہٕ  ؟
2511,شینن کٔر یمن الزامن ہنٛز تردید تہٕ ووٚن ز أمس چھنہٕ اینڈرسنس سۭتہِ ہمدردی۔
2512,ٲخٕر کار سین فرانسسکو واتنہٕ پتہٕ چھے٘  جوُرِ ہوٹلٗک کمرٕ شر٘ودھ كرنس  مجبوُر گژھان-تہٕ یہ سادٕ تہٕ عزمہٕ ورٲیہ تھونس پیٹھ رضامند گژھان، تم ٲخرس پانونہِ  محبت کران۔
2513,یہ سٹاک چھ أمس نفرس اتھ کمپنی منٛز جزوی ملکیت دوان یس امیک مٲلک آسہ ۔
2514,تاہم، تمو کوٚر پننہٕ جذباتس کنٹرول کرنس منٛز جدوجہد۔
2515,یمن ہنٛز ضرورت چھ کرم دیوتا سنٛزٕ پوُزایہِ  (پوجا) دوران آسان ۔
2516,بلاگس منٛز چھ مختلف شوزن خٲطرٕ مخصوص اقساطن متعلق مختصر کہانیہٕ شٲمل۔
2517,اِتھیہ  پٲٹھہِ  چھُ توٲریٖخی شہادتہٕ تجویز كران   زِ بھیما II اوس سومیشورنہِ مرنہٕ وِزِ شُر، تہم لحاذا،ہیكہِہے نہٕ سوٗ تس قتل كرِتھ ۔
2518,جوٲزِیتس منٛز ، چِھ عموٗمن زٕ مختلف قسمٕکہِ وجہہ آسان ۔
2519,تٔمۍ کٔر ہیز گورڈن اینسمبل تھیٹرس منٛز بطور اداکار تہٕ سٹیج مینیجر کٲم۔
2520,سہیوالک آغاز گوٚو خشک پنجاب کس علاقس منٛز یس مرکزی پنجابس منٛز واقع چھ۔
2521,45 ایکس کیریوٹایپ واجنِہ زَنِہ ہُند گۄڈنِیُک شایع شُدٕ رِپورٹ آو 1959 منز چارلس فورڈ تہٕ سٲتِھیو دٔسی  آکسفورڈس نزدیک ہارویل تہٕ گایِز ہسپتال لندنس منز شایع کرنہٕ ۔ 
2522,فلمہ سۭتہِ ترغیب نِتھ  کوٚر موسیقار سٹنگن انوشکا شنکرس سۭتہِ   اكھ بٲتھ صدابند  کرنس منٛز اشتعراق ۔
2523,کیریٹسو چہ زیٛادٕ تر کمپنیو کوٚر لاگت کم کرنک فٲصلہٕ ۔
2524,"سائمس گٲی مغربی ویلزس منٛز کینسرس سۭتۍ 90 وٕریو منز مٔت۔

"
2525,اگر تۄہہِ پرٛٮ۪تھ رٮ۪تہٕ کِس ٲخرس پیٚٹھ اِضٲفی پۄنٛسہٕ چھِو، تو٘ہہِ  ہیٚکِو یہِ بطور بچت ہنگٲمی حالاتن باپت رقمس منز تر٘ٲوِتھ ۔ 
2526,"ٹیمَن درمیان اندروُنی لڑایہِ تہٕ گنٛدٕ کھیل کم کرنہٕ خٲطرٕ اوس سنیپ برٛونٛہہ فُٹ بال کِس کھجرَس سۭتۍ غیر جانبدار زون بناونہٕ آمُت۔
"
2527,امہِ پتہٕ چھےٚ ڈینٕ كہِ  2 بجہِ تام جمایکا پیٹھہِ نیرنٕچ پیشن گوُیی کرنہٕ آمٕژ۔
2528,لوکن کِژھ چھ غیر فعال آمدنی کماونکیو زیادٕ عام طریقو منٛز اکھ پراپرٹی ہیٚنۍ تہٕ پتہٕ کرایس دنۍ۔
2529,مثلن، 3 بِٹ لہرِ خٲطرٕ آسَن 6 لمحہ۔
2530,ییٚتین  چھٗ بنیٲدی توجہ قومی قونوٗنی اصلاحاتن تہٕ جرمن كہو  یورپی قونوٗنس پٮ۪ٹھ ۔
2531,ڈوڈامَلَس چھٗ  وینیزوٗولیٲیی   بیلٹ رقاصہ تہٕ صَحٲفی ایلویسا ماتورنَس سۭتہِ خانٛدَر كرِتھ ۔
2532,رنگپو ہس تام ریلوے لٲن چھےٚ 2021 منٛز مکمل گژھنٕچ امید۔ دوٚیمس مرحلس منٛز ییہ یہ لٲن گنگٹوکس تام بڑاونہٕ۔
2533,"فلم مٗفكِر  ومل دِسا نایكے چھُ  اتفاق کرٛان زِ امہِ فلمہِ او٘ن ہندوستٲنہِ سنیما ہس منٛز ""تشدُد تہٕ سمٲجی نظامس دٔرمیان تیار گژٛھن وٲلِس تلفُظس  منٛز اکھ نوٚو مرحلہٕ""۔"
2534,تم چھ لژھلۍ تجہ نوان تہٕ چھ أکس ٹاورس پؠٹھ کھسان۔
2535,یہٕ چُھ سہی مہوگینی لٕكرِ ہندیو دویو٘ قٕسمو٘ منزٕ اكھ ۔
2536,یہ اوس مۄغل سلطنتس منٛز مقٲمی ملا یدھاہس فارسی ورزیش بستانی ہٕنٛدۍ اثرات ملاونہٕ سۭتۍ تیار کرنہٕ آمت۔
2537,کلکوٗلیٹرَس منٛز کٔرِیو مُتعلقہٕ اعداد و شمار درج، حساب بٹنَس پٮ۪ٹھ کٔرِیو کلک، تہٕ تُہٕنٛز مٗتوٲتِر ادائیگی یِیہِ دِنہٕ۔۔
2538,"مُوے تھائی چھُ اَمہِ کِنہِ اتھ منز وٲحد  زِ یہِ چھُ کِک باکسنگ ہٗند  وٲحِد انداز یُس کھۄنہٕ وٹھن ، کۄٹھَین، تھپھ ژھنِتھ لڈٲیہ ، دٲرِتھ دِیوٗن ،لِتھناوٗن 
 تہٕ بو٘نہِ لتن ہٗند اجازت دِوان چھُ ۔
"
2539,1990 تام اوس صرف امریکہ، کینیڈا، انگلینڈ تہٕ آسٹریلیا دٲخل گومُت۔
2540,ڈک ٹرومس متعلق چھ ٲٹھ فلمہٕ بناونہٕ آمژٕ ،حال حالٕیہ  2010 ہس منز ۔
2541,علاج مکمل کرنہٕ خٲطرٕ چھ عام طور  دۄن یا زیادٕ وارین ہُند ضرورت آسان۔
2542,سولہوجڈن چھ سویڈن کس جونکوپنگ کاونٹی منٛز ہیبو بلدیہک اکھ لۄکٹ علاقہٕ۔
2543,روبو ایڈوائزر کمپنین پزِ یہٕ وضاحت پیش کرٕنۍ زِ کانہہ  فیس کیا مخصوص خدمت چھ فراہم کران۔
2544,"مغرِبی اُڈیٖشہ خطٕکہِ لُکھ چھِ 15 دۄہ برٛونٛٹھٕیہ امہِ تقریٖبہِ ہِنٛز تَیٲری شُروٗع کَران۔
"
2545,سیلسن بلیو چھ بٔڑس پیمانس پٮ۪ٹھ تجارت کرن والٮ۪ن تہٕ دوا تہٕ کھٮ۪ن خۄردٕ فروشن ہٕنٛد ذٔریعہٕ کٕنٛنہٕ یوان۔
2546,سیلابی انتباہ تہٕ وِرٕ گاڑن متعلق رپورٹن درمیان ووٚن کے ایس ٹی پی ٹی وی ین ز بجلی چھ ایف سکاٹ فٹزجیرالڈ گھرک سٹیپلس نار لگٲومت۔
2547,اَسُن اوس یوٗتاہ موسیٖقی دار زِ نزدیٖکی جاناوار آیہِ بوزنہِ۔ یہِ اَسُن اوس تیٛوٗتاہ بَڑِ زِ پٔنٛزۍ آیہِ واپس۔ اَسُن اوس تیٛوٗت مَزاقیہ زِ وارِیاہ شُرۍ آیہِ برٛونٛہہ کُن۔ یہِ اَسُن اوس تیٛوٗت نوٚو زِ أمۍ سُنٛد سورُے عَیال تہِ آو یہِ بوزنہِ۔ 
2548,آر سی ٹی 3 چھ امہ سیریزٕچ گۄڑنچ گیم یتھ منٛز پوٗرٕ 3 ڈی گرافکس استعمال کرنہٕ آمت چھُ ۔
2549,سُہ چُھ سین انتونیو سٕپرس خٲطرٕ باسکٹ بال آپریشنک موجودٕ نائب صدر ۔
2550, پیش کرنہٕ آمتین تاریخی دستاویزن ٲس میتی بادشاہن تہٕ مایچو، یم میتی گۄنماتھ چھ، ہٕندِ اندازہٕ فیصلہٕ کرنہٕ آمژٕ رکارڈنٛگ کرنہ ۔
2551,"فل کانٹیکٹ چھُ بُنیٲدی طور مغربی باکسنگ تہٕ روٲیتی کراٹے ہُنٛد رَل۔
"
2552,اسالٹ رَفلن چِھ خودکار صلٲحیت آسان مگر یِمَن چُھنہٕ مشین گَن ونٛنہٕ یوان۔
2553,کاٹن وٗڈ شورز، ٹیکساز کاٹن وٗڈ شورز چٗھ برنیٹ کاؤنٹی، ٹیکسازس منٛز اکھ شہر ۔
2554,دۄن بیس لاینَن نیٔبٕرۍ فاول علاقس منٛز واقع چھِ زٕ کوچٕن ہندِ  ڈبہٕ ۔ 
2555,"حلال سکور کرنہٕ خٲطرٕ چھُ تۄہہِ پنٛنِس مُخٲلِفَس پوٗرٕ اختِیار، طاقت تہٕ رفتارٕ سۭتۍ أمِس  پتھ کُن پاونک ضرورت۔ 
"
2556,سۄ روٗز پارٹی صدر تہٕ قومی مشاورتی کونسلٕچ سربراہ۔
2557,بالسَمنٛد جیٖل چُھ جودھ پوٗر پیٚٹھٕ 5 کِلومیٖٹر دوٗر جودھ پوٗر-منٛڈور سڑکہِ پیٚٹھ واقع اَکھ جھیٖل ۔
2558,لایف آف رام بٲتٗک زیادٕ تر حصہٕ آو اتھ جزیرس پیٹھ عقصبند  کرنہٕ، یٗس 2018 چہ تامل زبٲنہِ  ہنٛزِ فلم  '96 منٛز ہاونہٕ آو۔
2559,1943 ہَس منٛز سپدِ  رووِرول تہٕ تٔمہِ سٔنٛزِ آشینہِ  امریکی کمیونسٹ پارٹی منٛز شٲمِل ۔
2560,"ییٚلہِ طٲلب عٔلِم سکوُلہٕ پرِتھ مۄكلان چھِ   ،  تِم چھِ اکثر گَھرٕ  واپس یوان یا روزگار خٲطرٕ کُنہِ نٔوِس شہرس كٗن  گَژھان، تہٕ پتھ کُن واریاہ اصل پۭٲٹھہِ استعمال كرنہٕ آمٕتہِ رسویہِ ہندِ چیز، لیمپ، بسترٕكہِ چیز وغٲرٕ پتھ كٗن تر٘اوان ۔
"
2561,مقصد چھ ابتدٲئی طوردواہو سٕتۍ ختم كرٗن ، امہ پتہٕ چھ دٗبارٕہ گژھنہٕ نش بچاونہٕ خٲطرٕ سمبھالن وٲلہِ  دواہ دنہٕ یوان۔
2562,"دہلی میٹرو چھٗ زیچھرٕ لحاظہٕ دُنیاہُک دٔہِم ساروٕے کھۄتہٕ بوٚڑ میٹرو نظام۔
"
2563,"یہِ لٔنٛڈ چھِ دۄدٕ تہٕ توٚملہٕ بیئر (یَتھ مقٲمی طور ہانڈیاہا یا ہریا ونان چھِ) سۭتۍ چھلنہٕ یِوان۔
"
2564,"فُل بیک چھِ ہاف بیک کھۄتہٕ بٔڑ آسان تہٕ بنیٲدی طور پٲٹھۍ بلاکرَن ہٕنٛدۍ پٲٹھۍ کٲم کران، مگر یِم چھِ کُنہِ ساتہٕ مختصر یارڈ کٮ۪ن حالاتن منٛز رنر پٲٹھۍ استعمال یِوان کرنہٕ تہٕ کُنہِ کُنہِ ساتہٕ چھِ پاسِنگ حالاتن منٛز استعمال یِوان کرنہٕ۔
"
2565,1937 کس انتخابس منٛز کانگریسس نش ہارنہٕ پتہٕ ٹھیكریو٘ نہٕ یہِ زان٘ہہ ۔
2566,یہِ فہرست کرِ تُہنٛدِس ٹایِپ کرنس پیٚٹٕھے مُمکنہٕ مُتبادلہٕ ظٲہِر۔
2567,تٔمۍ ووٚن زِ یہِ نینگلاونہٕ سۭتۍ چھُ تَمی وِزِ تیزآب پٲٹھۍ دزان باسان، مگر پورٹَن مون نہٕ تہٕ تِم سمکھے پوٗنٛژمہِ لَٹہِ۔
2568,اِتھ پٲٹھہِ آو پروڈیوسرَ اكہِ مکالہٕ  سۭتہِ ریکارڈ جٲری کرنہٕ خٲطرٕ وننہٕ ۔
2569,مے٘ چھِ  فکر  زِ میٚٲنہِ  پرٛٲنۍ کتاب ما آسِنہٕ كِتابہٕ كنن وٲلۍ سٕندِ باپت دٗبارٕ كننہٕ خٲطرٕ    اصل حالتس منٛز ۔
2570,راگم، تانم، تہٕ پلوی چھِ گٮ۪وَن محفِلَن منٛز اَہَم زیچھِ صورتہٕ  تہٕ چھِ بہتری ہٕنٛز اَکھ مَرکب شَکٕل۔
2571,تسلیم كریو  زِ قٲمتن ہٕنٛدس أکس وصیح  دٲیرس منٛز چھِ نقلی نوٹ پرزٕناون واجنٮ۪ن مشیٖنن ہٕنٛدِ واریاہ قٕسٕم موُجوُد ۔
2572,اَمہِ علاوٕ گٔیہِ ہالوگھاٹَس منٛز مُودۍ ۄزمَلِہ سٕتۍ زٕ نوعمر بارنۍ یِم پَنٛنِس گررَس نَزدیک أکس میدانَس منٛز چاروٲےرچھان ٲسۍ۔
2573,گۄڑنچ کیرم گیم کتھ  تٲریخس پیٹھ آیہٕ ایجاد کرنہٕ یہ چھنہٕ اصل پأٹھۍ معلوم ۔
2574,"دیوداری فالٕز، کرمانَسا ہس سۭتۍ سۭتۍ روہتاس سطح مرتفع چہِ أکِس دٔندرِ پٮ۪ٹھ چھِ ،  چھِ 58 میٹر (190 فُٹہٕ) تھٕدِ ۔
"
2575,"کھاسی چھُ ساروِی کھوتہٕ بوٚڑ گروٗپ، امہِ پتہٕ چھُ گارو تہٕ  پتہٕ جینتی ۔
"
2576,تُہۍ ہیٚکِو پَنٕنۍ ماہانہ قرضٕچ ادایگی بۄنہٕ کَنہِ دِنہٕ آمتیو طریقو  کرتھ۔
2577,ییٚتہِ چُھ باگمتی وسیع تہٕ تیز یتھ منٛز معطل ٹھوس چیزن ہُنٛد واریاہ زیادٕ بوجھ چُھ، ییٚمہِ سۭتۍ یہِ سوٗرۍ رنٛگہٕ چُھ یِوان۔
2578,بطور ڈاکٹر، نفسیٲتی معالج چھ اتھ متعلق ہیچھان ز دوا کتھ کٔنۍ ہؠکن دٮ۪ماغس بہتر کٲم کرنس منٛز مدد کٔرتھ۔
2579,کلائیون سمبھٲج زمینی فوجٕچ کمان، یتھ منٛز 900 یورپی تہٕ 1500 سپاہ ٲسۍ ییٚلہِ زن واٹسنن بحری سکواڈرنٕچ کمان کران اوس۔
2580, جٔزیرٕ چھِ واریاہ کالہٕ پٮ۪ٹھ جہازرانن  ویدِ ٲسِمٕتہِ ،یتھہٕ كٕنہِ زن گوڈنِچہِ صدی عسوی دورٕكہِ  بحرِ قلزم كِس پیریپلس كہِ  گٗمنام   حوالہٕ ہاوان چھِ ۔
2581,مصنوعی ٹرانس فیٹ چھ صنعتی عملس منٛز بناونہٕ یوان۔
2582,تَتہِ کَرن رضاکار  کُنہِ تہِ موضوعَس پیٹھ تُہندین سوالن ہُنٛد جواب دِنٕچ کوشش یا کٔرن تۄہہِ تتھ معلوماتن کُن اِشارٕ یمیُک توہہِ ضرورت چھُ۔
2583,یم زنانہٕ دۄد چاوان چھےٚ تمن منٛز چھ گوٗدس منٛز خۄشکی عام۔ 
2584,قلیل مدتی اینٹی بائیوٹکس (3-5 دۄہن خٲطرٕ ایزیتھرومائسن) چھِ طویل  مٗدتی یلاجكہِ (اینتھرومایسین 10–14 دوہ) پٲٹھی بی پرٹوسس ختم کرنس منٛز كم تپھ تہٕ مٗضِر اشرات ہیتھ    كارگر  ۔
2585,"گیوُن تہٕ موسیقی ہٕنٛدۍ رواج چھِ یِتھۍ پٲٹھۍ ہندو مہاکاوی: راماین تہٕ مہابھارت خٲطرٕ آسٲمی کورس گیونہ کس روایتَس سۭتۍ لبنہٕ آمتۍ۔
"
2586,زنانہٕ کِک باکسر چِھ مردانہ پلو/حفاظتی پوشاکہٕ علاوٕ سپورٹس برا تہٕ سینک پروٹیکشن لگاوان۔
2587,ایمریكاہس  منٛز ہٮ۪کَو یہِ صرف نورڈسٹرومَ پیٹھہٕ مو٘لہِ ہیتھ ۔ 
2588,"1861 ٹھس منٛز گزریٛوو شہزادٕ ایلبرٹ تہٕ وکٹوریا روٗز عوٲمی زنٛدگی نش دور۔
"
2589,امہ کہاوتک مزٕ تُلنہ باپت چھ ماجہٕ پننین شرین ہٕنٛدِ صحتٕ خٲطرٕ انشن کران۔
2590,बूट डिवाईस : बूट डिवाईस छु कमप्यूटर शोरू करनस लगान.
2591,ایالاہَن کٔر سماعتس منٛز حوالگی معاف، تہٕ أمۍ سٕنٛدِ وکیلَن ووٚن زِ تِم چھِ الزامَن نِشہ بچاو کرنہٕ خٲطرٕ سان جوس ینہٕ خٲطرٕ تیار۔
2592,مےٚ چھ اندیشہ  زِ بہٕ  ما راوٕ یا گژھیم ژُور اگر بہٕ روتلہ پننہ وتہِ بجایہ بیٚیہ کنہ وتہ کِنۍ نیرٕ۔
2593,یہٕ ہیکہٕ یِتھ موسیقی ہکن گژھِتھ یُس عام روکس یا کنٹری ہٕنٛدس طورس پیٚٹھ چُھ نہٕ آواز آسان۔
2594,"2012 کِس انتخابس منٛز بڑوو تٕمہِ پنٗن فرق  36,741 ووٹن تام۔"
2595,باقی ہندوستٲنی ریاستن ہندِ مقابلہ چھ تمام فصلن ہنٛد زرعی پیداوار کم، یمہٕ سۭتۍ کملین ہنٛز آمدٔنی منٛز اضافہٕ کرنک اکھ اہم موقعہٕ ظٲہر چھ گژھان۔
2596,یہِ چُھ نوقسہٕ وٲلہِ چیز تہٕ ناكٲفی خدمات مۄلہِ ہینہٕ نِش سیٹھاہ مٗختلِف ۔
2597, سودا چلہِ  2011 ہس تام  ، یتھ منٛز 2016 ہس تام روزنٗک مٗتبٲدِل  چھٗ ۔
2598,اَکہِ جان ویب سائٹہِ ہٕنٛز بُنیاد ترٛاونہٕ سۭتہِ ہیٚکِو توٚہہِ ٹریفک (پنٛنہِ سایٹہِ پٮ۪ٹھ یِنہٕ والٮ۪ن ہُنٛد بہاؤ ) بنٲوِتھ یُس توٚہہِ  پتہٕ  آمدنی ہٕنٛدٮ۪ن ذٔریعن منٛز تبدیٖل کٔرِتھ ہیٚکِو ۔
2599,وونہ گو٘ ، مارک زکربرگن ، ییمہِ فیس بٗک شروع کور،  زیوُن اصلی ینامہٕ  ۔
2600,"کمارن زیوٗن ""روپ تیرا مستانا"" باپتھ پنن گۄڈنیوک فلم فیئر ایوارڈ۔"
2601,بنک آو رزٲرو بنک آف انڈیا ایکٹ، 1934 ہس تحت قٲیم کرنہٕ۔
2602,جھمپہ تلم چھُ تالامن ہُنٛد اکھ گروپ یُس اکہِ لگوُک تٔمہِ پتہٕ اکہِ انودھرتمُک، تٔمہِ پتہٕ اکہِ دھرتمُک بَنیومُت چھُ۔
2603,2013 تہٕ 2014 ہَس درمیان پھٔہلیٚے فرانسیسی پولینیشیا، ایسٹر جزیرٕ، کُک جزیرٕ تہٕ نیو کیلیڈونیا ہَس مَنٛز مزید وبا۔
2604,ہوٲیی جہازُک ہائی انرجی لیزر نشانہٕ تباہ کرنہٕ باپت استعمال کرنہٕ برٛونٛہہ اکھ بیٛاکھ کم توانٲیی وول لیزر اوسُکھ ماحولیٲتی خللٕچ پیمٲیِش تہٕ تلٲفی باپتھ استعمال کوٚرمُت۔
2605,"پیدل پہٲڈی سفر یا پیدل پکیو، مُفت سڑکہِ مٲلن یا مقٲمی تقریبن منٛز گژھِو شٲمِل، تہٕ تمِہ تفریحُک فٲیدٕ تُلِو یَتھ منٛز نہٕ پونٛسہٕ خرچ کرُن شٲمل آسِہ۔
"
2606,جدید بیرونی پولو بال چِھ زیادٕ اثر وٲلۍ پلاسٹک سۭتۍ بناونہٕ یوان۔
2607, علامت چھِ أکہِ ڈیوڈٕچ  علامت یتھ منٛز اکِہ قٕسمٕچ رٗکاوٹ چھِ ۔
2608,جنسی تعلقات شروع کرنہٕ پیٹھہٕ انزال گژھنس تام چھ عام وقت تقریباً 4 پیٹھہٕ 8 منٹ آسان۔
2609,"موٹر سپورٹ نش رٹایر گژھنہٕ پتہٕ کٔر أمۍ تھوڈا  وقتس تام بطور سپورٹس کمنٹیٹر کٲم۔
"
2610,ساینسی برادری چھ وٗنہِ  اتھ  پٮ۪ٹھ بحث کران ز یہ کیاز گوٚو نموُدار ، تہٕ یہ کیٛاز چھٗ وٗنہِ تہِ موُجوُد ۔
2611,کولوراڈوَن کوٚر دویمس منٛز پنُن پاور پلے گول 4:51 سکور کرتھ سکور برابر۔
2612,"قٔدیٖم تہٕ  وسطی دورن منٛز چھِ ، ہرِتا دھرم سوتر، اسوالیانا گرہیا سوُتر، تہٕ یما سمرتی ہِوِ متن تجویز کران زِ زنانہٕ ہٮ۪کَن اُپنین  پتہٕ ویدک مطالعہٕ شروع کٔرِتھ ۔
"
2613,صرف اکھ نامزدگی، وکٹر کیرنی، یس بلا مقابلہ منتخب آو کرنہٕ۔
2614,2010 ہس تام کوٚر HOA ہن 24.8 ملین امریکی گھرن تہٕ 62 ملین باشندن پیٹھ حکومت ۔
2615,"تامِل نَوِ ؤرِیہِ کہِ دۄہ چُھ کُمبَکونَمس نزدیٖک تِروٗوِدایی ماروٗدوٗرس منٛز اَکھ بوٚڑ گ كار فیسٹِویل   مُنعقد کرنہٕ یِوان۔
"
2616,مگر شوُٹِنگ ہندِس منظرس  دوران گیہ سِلسِلہ وار  حٲدِثہٕ ۔
2617,جی او ٹی 7 چُھ اکھ ملٹی نیشنل آئیڈول گروپ یٗس ہیرِ كٕنہِ كین رٗكنن پیٹھ  مٗشتمل چُھ ۔
2618,یہِ مندر چھُ اراسواننگاڈوَس نزدیک دیپانکوڈی منٛز واقع۔
2619,مہاراشٹرا ہٕچ معیشت چھ مینوفیکچرنگ، بین الاقوٲمی تجارت، ماس میڈیا (ٹیلی ویجن، موشن پکچر، ویڈیو گیمہٕ، ریکارڈ شدٕ موسیقی)، ایرو سپیس، ٹیکنالوجی، پٹرول، فیشن، ملبوسات تہٕ سیاحت سۭتۍ چلاونہٕ یوان۔
2620,"نیلی چُھ یہٕ کنہہ مشکوک سمجھان مگر چُھ بہٕ خاموش۔

"
2621,واریاہ کم چیز چھ یم سٹیک سۭتۍ ہٮ۪کو کٔرتھ۔
2622,تاہم ، کارپس سپونجیوسم جایہ  چھ اتھ زٕ ویسٹبیولر بلب آسان۔
2623,سٲبقہ چُھ کُنہِ ساتہٕ ڈھالس سۭتۍ رلاونہٕ یوان۔
2624,سیررو چِرِپو سیررو چِرِپو چھٗ کوسٹا ریکا ہٗک ساروی کھۄتہٕ تھو٘د بالہٕ تھو٘نگ  ۔
2625,اپریل 2007 منٛز ہیۄت جاپان ٹوبیکوہن گیلہر گروپَن ۔
2626,"وۄمید چھِ زِ 2021 ہَس تام ہٮ۪کہِ امِچ آبٲدی 1,00,000 کِس تعدادَس تام واتِتھ۔"
2627,یہِ چھٗ زیادٕتر نیندرِ تہٕ پریشٲنی  دوُر کرنس منٛز مدتہٕ باپتھ  استعمال کرنہٕ یوان   ۔
2628,"پتہٕ ہیٚکو تو٘ہہِ  تہٕ ڈیلر اتھ ہیوٚر بۄن کٔرتھ تہٕ 3,000 ڈالرن تام وٲتتھ۔"
2629,گرامر چُھ اامہ کتھِ ہنٛد تہِ مطالعہ کران زِ زبانہ ہنٛد ۍ حصہٕ کتھ پأٹھۍ چِھ رٔلِتھ کٲم کران ۔
2630,مینو ایک لڑکی چاہیے دِیِہ یِمَن تَمام سوالَن ہُنٛد جواب۔
2631,مِیوسِزس دوران چھٗ تعداد کروموزومن ہندِس اکِس سیٹس تام محدوُد گژھان۔
2632,یِتھ کٔنہِ دِیوٗت مُنتٔظِم پنٛکَج گُپتاہَن آیی ایٚچ ایٚفَس اِطلاع زِ عٔلی دارا چھٖ ٗبہتر كاركردگی نیبر  مِرزا مَسوٗد سٕنٛدِ بدلہٕ سوزٗن ۔ 
2633,2015 کس أکس رپوٹس منٛز چھ ونٛنہٕ آمت ز سطحس پٮ۪ٹھ مارسہٕ چہ کرٛٮ۪ہنہ رکھٕ آسہٕ آبہٕ سۭتۍ متٲثر گٔمژٕ۔
2634,"خانٛدار چُھ خانٛدارِنہِ مال نٲلہِ ترٛاوان تہٕ سۄ چھےٚ تورٕ پنٛنِس خانٛدار  مال ترٛاوان۔
"
2635,اولڈ چرچ سلاوونک اوس سیرلک تہٕ گلیگولیٹک زبانن منز لیکھنہٕ آمت ۔
2636,"جے دیپ اہلاوتَن کوٚر أکِس انٹرویوَس منٛز انکشاف زِ سُہ کرِ فلمہِ منٛز ""فقط منفی کِردار"" ادا۔
"
2637,"نَنہٕ وورٗیہ  پَکان تہٕ اَتھس کٮ۪تھ جپمالا (تٔسبی) تہٕ کَمندَل  (نوٚٹ) ہٮ۪تھ ہٲوِتھ ، چھےٚ سۄ خوُشی تہٕ سُکوٗنٕچہِ  علامت ۔
"
2638,تقریباً 42 فیصد حٲملہٕ زنانو٘ ن منزٕ چھِ ، 1.5 ملین کھۄتہٕ زیٛادن ،  گھنیہ  منٛز شٗرِ زٮ۪وان۔
2639,"براندس چھِ سادٕ دیوارٕ تہٕ چھت، کُنِہ مجسمہٕ ورٲے۔
"
2640,کنیڈا اوس ییٚمہ ورۍ یہ ناقابل شکست 6 زیننُک تہٕ 0 ہارنک ریکارڈ پوسٹ کران۔
2641,ذٲتی فاؤل، یِتھہٕ کٔنہِ زَن کراس چیکنگ، جسمس  غٲر قونوُنی جانچ یا سلیشنگ چھِ تِمَن عملَن سۭتہِ  تعلُق تھاوان یِمَو سۭتہِ  کھلٲڑٮ۪ن ہٕنٛدِس  حفاظتس خطرَٕ چھٗ ۔ 
2642,"جُمعہ دۄہ سٹٹ گارٹ سٕنٛدِ طرفہٕ جٲری کرنہٕ آمتِس أکِس سرکٲرِ بیانَس منٛز کوٚر کٕلبٕکہِ سپروائزری بورڈَن پنُن سپورٹس ڈائریکٹر شنڈلمیزر برطرف کرنُک ""بہٕ اتعفاق راے "" فٲصلہٕ۔"
2643,شیکسپیر سٕنٛدٮ۪ن واریاہن ڈراماہن منٛز چھ جیسٹر تہٕ فوٗل۔
2644,تم چھ پننس ابھیشیکا تقریبس دوران رادھا مدھاباہس سرآن کرنہ خٲطرٕ گنگا پیٹھٕ آب انان۔
2645,ہان گزریو پننس آبٲیی شہر شیلبی چارٹر ٹاؤن شپ ، مشی گنس منٛز ۔
2646,یہِ چُھ شِو سٕنٛدِ خٲطرٕ وقف کرنہٕ آمُت، یَتھ منٛز دیوارٕ تہٕ نوشتہ چھِ۔
2647,بارسلونا چھُ 23 وہر سٹریکر سٕنٛد خٲطرٕ بطور ایڈ آن 2 ملین یورو ادا کرنک پابند ۔
2648,اگر توہہِ بس انشورنسٕٗك  کم کھوتہٕ کم رقم ہٮ۪یو٘، تۄہہِ چھِوٕ  امہ رقم کھۄتہٕ زیٛادٕ کٗنہِ تہِ تصفیہ یا قونوٗنی خرچہٕ باپت ذِمہٕ وار۔
2649,"یہ واقعہ بنیٛیوو قومی سرخی تہٕ امہ کٮ۪ن ذمہٕ وار لوٗکن ہٕنٛز گٔیہ نہٕ زانٛہہ تہ شناخت۔
"
2650,یہِ آو 1979 تَس منٛز جاپان، 1973 تھس منٛز بنٛگلہ دیش تہٕ 1996 تَس منٛز ایرانس منٛز مشہوٗر کرنہٕ۔
2651,امیُک وجہ اوس یہ ز پرٛیتھ ؤریہِ اوس صرف دۄن جہازن ڈیجیما ہس منٛز ڈاک کرنک اجازت۔
2652,اَتھ دٔریاوَس آو 2004 رس منٛز اِنٹر نیشنل رِور پر٘ایز دِنہٕ ۔
2653,تہنٛزِ گرفتٲری ہندس رَدِعَملَس منٛز، گاندھی سنٛدیو مددگارو کوٚر انڈین ایئر لائنُک اکھ جیٹ اَغوا تہٕ کٔرکھ تہنٛدِ جلدی یلہٕ تراونٕچ مَنٛگ۔
2654,پنن التماس مختصر تھاونُک اکھ طریقہ چُھ یِہ زِ فون تُلنہٕ برٛونٛہہ تھٲیِو تمیُک خاکہٕ تیار یِہ تۄہِہ ونُن آسِہ۔ 
2655,کارکوُٹ  حُکمرانو کٔرِ پنٛنِس دورِ حُکوٗمتس منٛز واریاہ وِشنوٗ مندر تعمیٖر۔
2656,جنسی وٲقفیت یا صنفی شناختس پٮ۪ٹھ مبنی تفریٖقس خلاف چھنہٕ کانہہ تہ قٲنونی تحفظ۔
2657,بہٕ گووس سٮ۪ٹھاہ خۄش ییٚلہ باگوانن  سون آنگٗن سبزارس  منٛز تبدیل کۄر۔
2658,"کنہ ساتہٕ چھ ناگ پنٕنۍ جودوٗگٔٔری  انسٲنی شکلہ منٛز تبدیل گژھنہٕ خٲطرٕ استعمال کران۔
"
2659,یہِ اوس ڈیلاویئر دریاو خلیج کس بٔٹھس پیٹھ زمینس منٛز۔
2660,سۄ آیہِ دِلِہ واپس تہٕ تھٲوٕن پنٕنۍ کٲم تَتِہ جٲری۔
2661,کیربیروس پروٹوکولکہِ پیغامات چھِ جوسوُسی تہٕ دٗبارٕ چلاونہٕ ینہٕ والٮ۪و حملو نِشہِ محفوُظ ۔
2662,تمام مُقابلہٕ چھِ پیشہٕ ورانہٕ کھلٲڑٮ۪ن خٲطرٕ یَلہٕ یِمَو دورٕ باپتھ کوالیفائی کوٚرمُت چھُ تہٕ شوقیہ کھلٲڑۍ منتخب کٔرۍمٕتۍ، مگر زیادٕ تر تقریبن منٛز چھُ اکھ الگ کوالیفکیشن سٹیج شٲمِل۔
2663,تمہِ تر٘ٲو  پننِس زِٹھِس  نیچوِس ٹیپو سلطانس باپت اکھ وصیح  سلطنت یمٕٗوک سَرحَد شمالس منٛز دریائے کرشنا، مشرقس منٛز مشرقی گھاٹ تہٕ مغربس منٛز بحیرہ عرب ٲسہِ ۔
2664,پاپیامینٹو ، ڈچ تہٕ انگریزی چھے٘ کیوُركاؤچہِ ترےٚ سرکٲرِ زبانہٕ ۔
2665,امہ وجہہ كِنہِ چھِ ژكھٕ واجِنہِ خٲرِشہِ وٲلہِ لٗكھ عام خٲرِشہِ كھو٘تہٕ باقین باپت زیادٕ لاگدار ۔
2666,"امہ علاوٕ سٲبقہٕ اولمپک تہٕ عالمی چیمپئن آسنہٕ سۭتۍ اوس سیٹو پننہِ مرنہٕ وِزِ آل جاپان جوڈو فیڈریشن تربیتی کمیٹی ہُنٛد چیرمین۔
"
2667,تِمن اوس دویمہِ دۄہ صبحٲے گاشہِ وِزِ  نٮ۪رُن۔
2668,عیسیٰ علیہ السلام آفتابس سۭتۍ جوڑنٕچ حِمایت ٲس بایبل کیٛو مختلف حَوالو سۭتۍ کرنہٕ آمٕژ۔  
2669,برطانوی ایسٹ انڈیا کمپنی نیو 1802-1803  منٛز دویمِس اینگلو-مراٹھا جنگس دوران مراٹھو نِشہ گجراتُک اکثر اختیار۔
2670,بٹِک ایئر بٹِک ایئر چھ اکھ انڈونیشیٲیی  شیڈول ایئرلائن یٗس 2012 منٛز قٲئم  کرنہٕ آو ۔
2671,ییلہٕ یہٕ بحران پٲدٕ  گژھان اوس اکھ نوجوان پیو٘ وٲتِتھ یس گریگوری اوٹریپیو ونان ٲسہِ  ۔  
2672,اکھ کھلٲڑۍ یس کیچ رٹنیہٕ وز وۄٹھ چھ تلان یا پیوان چھ أمس چھےٚ یہ پنٛنیو کۄٹھیو پیٹھٕ لگاوٕنۍ۔
2673,أمہِ  سٕنٛزن  سائنسی خیٲلی دٔلیٖلن منٛز   فلودا، جاسوٗس تہٕ پروفیسر شونکو سایِنس دان ،پادشاہ دٔلیٖل وَنن وول ترنی کھٗروُ، تہٕ ناوَل نِٔگار  لال موہن گانگولی، چھِ أمۍ سٕنٛد بنٲوِمٕتہِ  مشہوٗر افسانوی کِردارو ۔
2674,سیو٘د  بالڈ ماؤنٹین سکی علاقہٕ چھ اوروفِنو تہٕ پِیئرسس درمیان ۔
2675,ہایپرتھیرایڈزم وٲلہِ لوٗكھ ہیكن وتیرس  تہٕ شخصیتس منٛز تبدیلین ہٗنٛد تجرٗبہٕ کرِتھ ، یتھ منٛز نفسیاتی ، مژر ، اضطراب،پریشٲنی تہٕ دِل ملوُلی  شٲمل چھِ ۔
2676,سُہ مود  79 چِہ وٲنٛسِہ منٛز 23 ستمبر 2021 انفیکشن سۭتۍ۔
2677,انسٲنی حقوقن ہٕنٛزن عالمی اعلامیہن منٛز چھ ونٛنہٕ آمت ز راز دٲری چھ اکھ انسٲنی حق۔
2678,"تم چھ خانٛدر کران تہٕ ماہی چھ 2011  کس ورلڈ کپ خٲطرٕ تربیت شروٗع کران۔
"
2679,ورلڈ ایکسٹریم سکینگ چیمپین شپ چھ پرٛیتھ ؤری والڈیزس نزدیٖک چوگاچس منٛز منعقد گژھان ۔
2680,آر اے ہٗك  زیادٕہ جمع گژھٗن رٗكاونہٕ باپت گژھِ یہِ   میٹابولائز  تہٕ ختم کرنہٕ یُن۔
2681,شاید أکس ہند-یونٲنۍ فوجی سُند ہیلمٹ لٲگِتھ کلہ تہ چھ وچھنہ آمت، تہٕ یہ چھ گۄڈنچہ صٔدی ق م،  پرون ۔یہ چھُ وۄنۍ متھرا میوزیمس منز۔ ۔
2682,کوڈین کوڈین یا میتھایل مورفین چھ اکھ ٲفینی چیز یٗس دگ کم کرنٕكہِ  خٲصیتہٕ موُجوُب استمال سپدان چھٗ ۔ 
2683,1984 منٛز کٔر أمہ یش چوپڑا سٕنٛز سمٲجی جرمٕچ ڈرٛامہ مشالس منٛز انیل کٔپوٗرس سۭتہ کٲم، یوٚس باکس آفسس پیٹھ ناکام گٔیہ، مگر أمہ سٕنٛز اداکٲری آیہ تنقیٖدی طور سراہنہٕ۔
2684,زَوار چِھ اَکھ قصبہٕ یُس کان کَنۍ ہنزِ  کَمپٕنی ہِنٛدُستان زِنٛک لِمیٹٕڈَٗن  ، زسُت تہٕ سیٖسہٕ کَڑنہٕ خٲطرٕ بَنوومٗت چھٗ  ۔
2685,گروپ سی یس منٛز چُھ ایرانَن کوالا لمپور کِس بکیت جلل سٹیڈیمس منٛز ازبکستانس 2-1 سۭتہِ  شکست دتھ اکہ گولہٕ سٕتہِ پتھ گژھنہٕ پیٹھہٕ  واپس آمٗت ۔
2686,ٹینڈی یا مرکا ماس چھ فرٛانچائزڈ فروز کنویینینس سٹورن دنہٕ آمت ناو ۔
2687,یہ کرنہٕ خٲطرٕ، کٔریو پننہ  مجموعی مۄلٗك حساب لگاونہٕ پیٹھہٕ شروع ۔
2688,سلمون چھ ریاست یونایٹڈ سٹیٹس کس ایڈاہوہس منٛز اکھ شہر۔
2689, 30 میی ، بورسیا ڈارٹمنٛڈس سۭتہِ  پنٕنہِ  گۄڈٕنِچ ٹرافی زیننہٕ دوہ وادٕ  پتہٕ  کوٚر پننہِ سرکٲرِ ویب سائٹہِ ذٔریعہٕ کلبَن اعلان زِ ٹچل آو فوری طور برطرف کرنہٕ۔
2690,"ہیرانی ین کوٚر اتھ فٲصلس پٮ۪ٹھ بیٚیہ تبصرٕ ز ""اگر تۄہہ باسان چھو ز یہ چھنہٕ کٲم کران تہٕ پز تۄہہ یہ أتی ترٛاون۔"""
2691,نرسِمہا ورمن I سٕندِس راجس دوران،کوٚر ٲخرس پلواہو چالُکیا دارُلخلافہٕ واتاپی محاصرٕ ۔ 
2692,انٹرسٹیٹ 64 انٹرسٹیٹ 64 چھ امریکاہس منز اکھ زیٹھ انٹرسٹیٹ ہائی وے ۔
2693,اِنٹروِیوُہن مُتعلق رغبت  نہٕ آسنس اوس تٕمۍ سُند ٹایمس سٕتۍ اِنٹر وِیوُ وجہہ ، ییمہِ پتہٕ ناراینس کینہہ دوہ ہسپتالس منز گُزارٕنۍ پییہ تہِ کیازِ سہُ لِتھنووُکھ سٲرِسٕیہ شہرس فوٹوُ تُلنہٕ خٲطرٕ یِم نہٕ پتہٕ زانہہ مضموُنس منز اِستعمال کرنہٕ آیہ ۔ 
2694,"2000 ہسس منٛز کوٚر سنگیت ناٹک اکیڈمی آف انڈیاہَن ستریا بطور  کلاسیکی رقص تسلیٖم۔
"
2695,فالج ہیكوكھ دۄن نٗمایاں ضٗمرن منز درجہِ بند كرِتھ ؛اسكیمِك تہٕ ہیمریجِك ۔ 
2696,شرمسار گژھتھ تل تٔمۍ پنن مول تہٕ تھوون أکس ٹاورس منٛز کلف کٔرتھ ۔
2697,بھگوتاہٕک چکراتالا تہٕ جاگتے یَس سۭتۍ مِلِتھ چھِ چندے تہٕ مڈلے ہٕچ تالہٕ اکھ بہترین سمفونک آواز پٲدٕ کران۔
2698,ورلڈ شطرنج حل کرنٕچ چیمپئن شپ تہٕ عالمی خط و کتابت شطرنج چیمپئن شپس منٛز چھِ ٹیم تہٕ انفرٲدی دۄشوٕے ایونٹ شٲمِل۔ یم چِھ ایف ٲی ڈی ای نِش آزادانہٕ طورس پیٹھ منعقد کرنہٕ یوان۔
2699,تشخیصن خٲطرٕ چھ عام طور  خصوصی مہارتنہُند ضرورت آسان تہٕ یمن ہنٛد انتظام کرنہٕ خٲطرٕ چھ سکرینرن ہنٛدس مقابلس منٛز زیٹھۍ آسان۔
2700,پرٛیتھ اداکار چُھ اکِس لۄکٹِس موسیقی ہندِس ٹٗكرس سٕتہِ اکھ مۄختصر رقص پیش کران یَتھ پرویسا داروُ ونان چِھ ، یِتھہٕ کٔنہِ گلوکار پنٗن  کردار بیان کران چھُ ۔
2701,"حالانٛکہ تٔمہِ کٔرِ گوڈرڈ سٕنٛدِس ""انقلابی"" ابتدٲئی مرحلس  تٲریف ،  تٔمہِ  سوُنٛچ تمہِ سٗند پتٗك مرحلہٕ اوس “ انزٲنہِ “ ۔"
2702,"خودرو حیات  چہ تقریبن 2,000 ذٲژ چھ یم تمل ناڈو ہس منز مقامی چھےٚ۔"
2703,یہِ چھِ اکھ عوٲمی نُمٲیش، یتھ بطور برادری ہنز تقریب  حوصلہٕ افضٲیی تہٕ استقبال  کرنہٕ یوان چھُ ۔
2704,سۄ ٲس 2000 کِس دہلِس منٛز مقبول اَہَم اداکارو منٛز اکھ۔
2705,"اٹاری ٲس اكِس ڈبس منز اکھ ویڈیو آرکیڈ گیم بناون واجینہِ  گۄڑنیچ  کمپنی ۔ 
"
2706,یہ بنیو 2011 کس اسمبلی الیکشنس منٛز حکمران لیفٹ فرنٹک حکوُمژ ہندِ ہارنٗك  اکھ فٲصلہٕ کٗن وجہہ۔
2707,11 جوُن کوٚر تمہِ پننہِ نٔوِ لیبلہِ ۄو میوُزِکس پیٹھ پنٗن گوڑنِیوُک ایی پی اِجرا ۔
2708,نارووا چھُ اکھ گام یُس ہِنٛدُستٲنہِ  رِیاست گوا کِہ دِوار جٔزیٖرٕ کِس مشرِقی اندس پیٚٹھ واقع چُھ ۔
2709,یہ جنگل  چھُ جنگلی حیوانن ہندین پانژن مختلف معدوم گژھن والین نسلن ہنٛد گرٕ تِہ۔
2710,توٚمل، گنہٕ، پھل تہٕ سبزی تہ چھ وۄپداونہٕ یوان۔
2711,سِرٛنٛگیری سِرٛی نِواسن اوٚس تیٛوٗت زِ سارِوٕے ہیوٚت اَسُن۔ جاناوارو کوٚر چوں چوں۔ کاوَو کوٚر کاے کاے۔ پٔنٛزۍ ٲسۍ چٹ چٹ کَران۔ شُرٮ۪و ہیٚژ کِکھرِ مارنہِ۔ کیلہٕ کُلٮ۪ن ہیوٚتُن اَلہٕ ڈَلہٕ گَژُھن۔ نٲوِد اوس وانس منٛز دَنٛد یَلہٕ ترٛٲوِتھ اَسان۔ سٕژن ہیوٚت ٹھا ٹھا کٔرِتھ اَسُن۔ دوٗر أکِس غارِ منٛز شیٚنٛگِتھ سٕہن تہِ اوس پنٛنٮ۪ن گونٛژھن منٛز۔
2712,سردار پٹیل سندِس صدارتس منز ٲس کانگریسن 1931 منز “بنیادی حق تہٕ اقتصٲدی پالیسی“ قراردادس آیہ منظور دِنہ۔
2713,1930 ہَس منٛز کٔر امبیڈکرن کلارام مندرٕچ تحریک  ترین ریتن ہٕنزِ تیٲری پتٕ شروع ۔
2714,"موناٹامک گیس: طبیعیات تہٕ کیمسٹری منٛز، چُھ موناٹامک لفظن ہنٛد میُل۔
"
2715,"یہِ چِھ اکھ تِھری ڈی شکل یتھ ہموار بُتھ، تہٕ سیٛدۍ کوٗنج چِھ۔
"
2716,عام  اچھر والن ہنٛز پٔتِم غلط طرفہ چھ زیادٕ تر بۄنمِس ٹٲرِس متٲثر کران۔
2717,اوول ہٮ۪کہِ 300 تام تماشٲیی رٔٹِتھ تہٕ أمۍ چھِ ورلڈ کپ سپیڈ سکیٹنگ، 2016 وومینز بینڈی ورلڈ چیمپئن شپ، تہٕ جارحانہ سکیٹنگ یا بائیکنگ مُقابلَن ہٕنٛز میزبٲنی کٔرمٕژ۔
2718, پُلاکیشن سِنزِ حیٲتی منزٕے ،641 ہس تام عیسوی تام اوس تمۍ سٕندۍ بٲے وِشنُو وردھنن چالوُکیا سلطنت کِس مشرقی حصس منز پنِنہِ خودمختار مملکت بنوومت، یمِیُک نتیجہِ وینگی ہُند چالُکِیاخاندان دراو ۔
2719,کلنٹ ڈیٚمپسی تہٕ لیٚنڈن ڈونوؤن سٕنٛدیو سٗلی كرِمٕتیو گولو سۭتہِ  مِیوُل  امریکہَ ہس ہاف ٹایمس تام 2-0 عبوُری برتٔری حٲصِل۔
2720,گروُ نانک جینتی چھے٘ مندرجہِ درج ذیل جاین بطور عوٲمی چھُٹی  مناونہٕ یوان ۔
2721,لیجَن آف سُپَر ہیٖروزچ شہزادی پروجیکٹرا چِھ تہٕنٛز نمایندٕ ۔ 
2722,تمۍ سٕنز موج میریانے وی برِٹینہا اایہ قتل کرنہ ییلہٕ سُہ ژۄد وہُر اوس۔
2723,تو٘ہہہ کٔرو ٲخری حساب تہٕ کٔرو امہ کتھ ہنٛد تعین ز تہنٛد نو اکاونٹٕچ بقایا رقم آسہ، 15 ہو ؤریو پتہٕ، 38، 445.95 $۔
2724,کھیٚنہٕ تام محدوٗد رسٲیی چھ کیمپس منٛز تشددک بٲعث بنیمٕژ۔
2725,باقی اہم شہری مرکزن منٛز ٲسۍ کونڈاپور ، بنواسی تہٕ مادھو پور شٲمل ۔
2726,نکولسنس چُھ 12 نامزدگیو سۭتۍ مردوں منٛز نامزدگی ہنٛد ریکارڈ تہٕ۔
2727,آزٲدی پتہٕ چھ پنجاب زیادٕ تر اکھ زرعی معاشرٕ۔
2728,گولف گِنٛدنَس منٛز چھُ سکور کرنِہٕ كین  تہٕ گِنٛدنِہٕ کین ترتیبن منٛز واریٛاہ فرق، یِمَو منٛز کینٛثن  ہِنٛز وضاحت رولز آف گالفَس منٛز چھِ ۔
2729,ماننہٕ چھُ یِوان زِ ہائی سکوٗل گژھِ جلدی بنٛد۔
2730,"ہندوستان چہ اننگہ ہنٛد لو٘تہ رفتارٕ سٕتہ ناراض گژھتھ کٕر عوامن ""گواسکر ڈاوٗن! گواسکر آوٹ! ""ہندوستان چہ کارکردگی خٲطرٕ دیت تٔمس پیٹھ الزام۔"
2731,امپھال انٹرنیشنل ایئرپورٹ چھ رازدٲنی امپھالس منٛز واقع یس امپھال پیٹھٕ کولکتہ، گوہاٹی، نیہ دلہ، بنگلورس تہٕ اگرتلہ تام سیود پروازٕ جوڑان چھ۔
2732,دریائے اردن چُھ فلسطینُک ساروی کھوتہٕ بوڑ دریاو ، یُس ویسٹ بینكٗك مشرقی سرحد بناوان چُھ یوٚتام یہٕ ڈیڈ سی یس منز وسان چھٗ ۔ 
2733,تم ٲسۍ واریاہ تیز آسنہٕ خٲطرٕ بناونہٕ آمٕتہِ تہٕ  ٲسكھ واریاہ زٲوِج صوُرت ۔
2734,ییٚلہ لٗکن ایبولا چھٗ گژھان  گۄڑنچہِ علامتہٕ چھے٘ بیٚین بیٚمارین ہِشہِ باسان۔
2735,سون یہ رشتہٕ مۄکلیوو تہٕ مےٚ چھ دل پھٹمت۔
2736,بینن درمیان  جھگڑن ہٗنٛد دٔلیٖلہ خیال آو سِلسِلہٕ وار کِس شروٗعاتس منٛز ترٛٲونہٕ  ۔
2737,جِسمٲنی کھۄکُھر چُھ جانوَرن ہِنٛدِس جِسمس منٛز کانٛہہ تہِ جاے یا خانہٕ، یا مُمکِن جاے۔
2738,وۄنٛہِ گوٚو، حالٕیہ  چھُ  لیکروسن بین الاقوٲمی سطحَس پٮ۪ٹھ پر٘تھٗن  شروٗع كو٘رمُت، یَتھ سٕتہِ  پوُرٕ دُنیاہَس منٛز، خاصكرِتھ  یورپ تہٕ مشرقی ایشیاہَس منٛز ٹیم قٲیِم  کرنہٕ  یِوان چھِ ۔
2739,یِہ چُھ جنوبی ایشیٲیی مُلکن، خاص کَر ہندُستانس تہٕ نیپالس منٛز مناونہٕ یوان۔
2740,توہہِ ہیكِیو ونِتھ “ معٲفی دِزِیو بہٕ ہیكا توہہِ برون٘ہہ وارِ روُزِتھ ؟مے٘چھٗ گاڈِ منز ہوُن پیاران “۔
2741,تو٘ہہِ ژھٲنڈیو پننِس  سکریٹری آف سٹیٹ چہ ویب سایٹہِ پیٹھ باقٕیہ ضمانتی  مفاد ۔
2742,ترٛےٚ ؤری پتہٕ کٔر اُتپل سٕنٛدِ نیٚچِوۍ سو٘كھہٕ ورمنن  کامیٲبی سان بغاوت تہٕ کھوٚرُن اجیت پیڈ  سُنٛد اکھ نیٚچُو، اُتپل پیڈ تختس ۔
2743,"گۄڈنِکین کینژن گٲنٛٹن انٛدر انٛدر حتمی تھراپی ہُنٛد مقصد چُھ کلاٹ ڈاون تھرومبولائسس پھُٹرٲوِتھ یا میکانکی طور تھرومبیکٹومی ہٹاوِتھ رُکاوٹ دور کرُن۔
"
2744,تِمن پییہ برون٘ہہ پكن واجینہِ كارِ سۭتہِ  پٲدٕ گٲمژِ افراتفری ہٗنٛد مٗقابلہٕ کرٗن ۔
2745,اگر گول نیٹس منٛز  گژھِ  یہِ ییہِ گول شٗمار کرنہٕ۔
2746,مےٚ كھو٘ت  تمہ وز شرارت ییٚلہ حیدرآبادس منٛز سوانک ہوٹلن مےٚ جِم سہولیت استعمال کرنہٕ باپت اضٲفی رقم چور ۔
2747,"یِم چھِ عموٗمَن مغربی گھاٹَن، مشرقی گھاٹَن تہٕ شمال مشرقی ریاستَن ہٕندین پہٲڑی علاقَن منٛز لَبنہٕ یِوان یِمَن منٛز سیٹھا رُود چھُ پیوان۔
"
2748,یہ آو 24 اپریل 1956  ہلورسم کس اے وی آر او ٹی وی سٹوڈیوس منز منعقد کرنہٕ ۔
2749,"کٔشیرِ منٛز ""راد"" ناوٕ سۭتۍ زاننہٕ یِنہٕ وٲلۍ یِرونۍ باغ چھِ جُلاے تہٕ اگستَس منٛز پمپوشو سۭتۍ پھولروان۔
"
2750,"پٹس فیلڈ، الینواے : پٹس فیلڈ چھ یونایٹڈ سٹیٹس کہ الینوایک اکھ شہر۔
"
2751,ووپر یٗس دٔلیٖل بیان كران چھٗ ، تتھ منز  چھِ بھوُتَن درمیان فرقہٕ وارانہٕ، سمٲجی، لسٲنی تہٕ تٲریٖخی اختلافات ظٲہر گژھان ، تِکیٛازِ تِم  چھِ مُختٔلِف دورَن سۭتہِ  تعلُق تھوان ۔
2752,تٔمۍ دیُت ایوانس اطلاع ز أکۍ غیر مقیم ہندوستٲنۍ اوس 1982–83 دوران ریلائنس منٛز₹ 220 ملین تام سرمایہ کٲری کٔرمٕژ۔
2753,نوجوان چندس اوس نہٕ گِندنس کُن كانہہ  سنجیدٕ رٖٗجہان  حالانکہ  تس ٲس  کٗشتی خو٘ش کران۔
2754,آسٹریلیاہن  بنٲوۍ   تِہندِس  گوڈنِکِس میچس منز ہندوستانس خلاف   268 رن ۔
2755,زندگی ہندس ٲخرس پیٹھ گو سہٗ احساس كمتری  تہٕ پاگل پنٗک شکار ۔
2756,اولمپکس چھنہٕ شمٲلی سائپرس تسلیم کران تہٕ ترک سائپریوٹ چھ نہٕ اتھ منٛز  حصہٕ ہی۪کان نِتھ،
2757,"نیوزی لینڈَس منٛز چھُ گُڈ فرائیڈے اکھ قونوُنی چھُٹی تہٕ یہِ چھُ تمام نیوزی لینڈٕک ریاستی تہٕ مربوط سکوٗلَن باپتھ لٲزمی سکول بنٛد کرنُک دۄہ۔
"
2758,پریتھ ضلعس پیٹھ چھ اکھ ضلعہٕ کلکٹر یا ضلعہٕ مجسٹریٹ حکومت کران، یس یا تہ انڈین ایڈمنسٹریٹو سروس یا مہاراشٹر سول سروس ذریعہٕ متعین چھ یوان کرنہٕ۔
2759,ریناوڈ گزریوو 79 وہر، 10 مارچ 2018 پیرسس منٛز۔
2760,"شعلے سٕنٛدِس بجٹَس تہٕ باکس آفسَس پٮ۪ٹھ آمدٔنی پٮ۪ٹھ چھِنہٕ صٔحیح اعداد و شمار دٔستِیاب، مگر فلمی تجٲرتی ذٔریعہٕ چھِ امچہِ کامیٲبی ہُنٛد تخمینہٕ فراہم کران۔
"
2761,"ساروٕے کھۄتہٕ زیٛادٕ متٲثر علاقن منٛز چھ تازٕ میوَن تہٕ سبزِین ہٕنٛد قیمت دۄگنہٕ گٔمٕتۍ۔
"
2762,"رِیاستٕکۍ بیٚے حُکُمران دِپ چنٛدن ترٲو بِلاس پوٗرٕچ بُنیاد تہٕ بَنٲوٕن یہِ جاے پنٕنۍ راز دٲنۍ۔
"
2763,"ستیہ گرہ تہٕ پوٗرنہٕ سوراجس منٛز تعلُقک حوالہ دوان وُچھ گاندھین “ ذریعس تہٕ مقسدس منٛز  اکھ ناقابلہِ تسخیر تعلق یُتھ زن بیٛٲلس تہٕ کٗلس منٛز باگ آسان چھُ"" ۔"
2764,اَتھ تقریبَس چھِ آپریشن بلیو سٹار ونان۔
2765,تٔمۍ کٔر بیٚیِہ معاون کردارن منز تہِ کٲم خاص طور  1996  منٛز عشق-ایکشن فلمَن اجے تہٕ 1999 منز گیئر، تہٕ 2000 منز عشق ڈرامہ ریفیوجی منز۔
2766,"یہ دٔلیٖل چھےٚ ستیہ جیت رے سٕنٛز مختصر دٔلیٖل ""پٹول بابو، فلم سٹار"" پٮ۪ٹھ مبنی۔"
2767, بیاكھ پیچیدگی ہیكہِ خراب گٲمتین  بٗتھہِ كین نٲرن ہندِ   نامٗكمل یا خراب پٲٹھہِ بییہِ بننہٕ سٕتہِ گژھِتھ ۔ 
2768,موریہ سلطنت کہِ دورٕ (ترٛیٚیِمہِ صٔدی ق م ) کٮ۪ن متنن منٛز چھُ ذِکِر کرنہٕ آمُت زِ رِیاستن بڈٲو  دٔریاوَو پٮ۪ٹھ آبپاشی ہنزن خٔدمَاتن باپتھ کاشت کارن نِش مٲلِیہ وصوُل کٔرِتھ  آمدنی ۔
2769,ڈورمس ہیٚکہ پانژن ؤرین تام زندٕ روزتھ ۔
2770,"کلائنٹ: ""یِہ چھ زبردست کتھ زِ  سکول چھ کم فٲصلس پیٹھ۔ یِہ چھ میانین شُرین کیُت بڈٕ جان“۔"
2771,وونہ گو٘، ولکنسن چھ جھنکو ہس نِش پزرٕچ تصدیٖق کرنس منٛز کامیاب گژھان، تہٕ ناراض جانسنن چھُ پتہٕ سکھینس (صاحب بھٹاچاریہ) گوُلہ لایان ، یس اتھ منٛز شٲمل لڑکو٘ منٛز اکھ چھُ آسان  ۔
2772,پتہٕ، ییٚلہ انیتا پنچگنی ترٛاوان چھےٚ، ساہل چھ تمسنز پانٕس خأطرٕ چٹھہ پران یتھ منٛز یہ ونٛنہٕ آمت اوس ز تمن چھ الگ گژُھن تکیاز تمن درمیان یہ گوٚو سہ چھنہٕ صحیٖح۔
2773,"تٔمۍ گنٛزٕ مونٹریال کینیڈینزس سۭتۍ نیشنل ہاکی لیگس منٛز 74 گیمہٕ۔
"
2774,1995 تس منٛز کوٚر اوریکل سسٹمز کارپوریشنن پنن ناو اوریکل کارپوریشنس منٛز تبدیل۔
2775,ولسن جونز، مائیکل فیٚریٖرا، گیٖت سیٹھی تہٕ وۄنہِ پنٛکج اڈوانی سنٛد غلبہٕ ہیتھ چیمپینو چھے مُلکچ طاقت آسنٕچ  حیٚثیت واضح کٔرمٕژ۔
2776,مےٚ چھےٚ امہ دگہ ہٕنٛز سخ فکر یۄس مےٚ آسان چھےٚ؟ یہ ما چھُ کانہہ وٕلٹہٕ مسلہٕ؟
2777,اجدادَن چُھ پُسنا کِہِ گۄڈٕنِکِہِ دۄس یزتھ  کرنہٕ یِوان ۔
2778,کنگز الیون پنجابن کوٚر نہٕ ییٚمہِ ؤرِیہ چیمپینز لیٖگ ٹی-20 باپتھ کوالیفای۔
2779,اَکہِ کھۄتہٕ زِیٛادٕ موٹر سایکل سوار شیشہٕ یا دھات دار پتنگ ڈورٕ سٕتہِ مارٕ گژھنہٕ كِنہِ  آیہ پنٛجاب، ہِندس منٛز ٲس پتنگ چلاونس پابندی لگاونہٕ ۔
2780,آثار قدیمہ کین مٲہرن چھ بیکر میٚژ ہٕنٛدۍ بانہٕ، چپٹہٕ مکژٕ، تہٕ سونہٕ سۭتۍ بناونہٕ آمٕتۍ زیورات لبۍمتۍ۔
2781,"لڑایہِ ہنٛز اَمہِ شکلہِ چُھ أکِس مقٲمی رقصس جنم دِیتمُت یتھ ""چھاو"" رقص ناو چھ تہٕ اَمِکۍ جنگی عنصر چِھ اتھ رقصس منٛز پوٗرٕ پٲٹھۍ جذب گٔمٕتۍ۔"
2782,برینٹ وٗڈ چھےٚ 1997 پیٚٹھٕہٕ راکنگھم کاؤنٹی ہٕنٛز کاؤنٹی نِشست روُزمٕژ  ۔
2783,"یہِ چھُ مدورایی پٮ۪ٹھٕ 25 کلوٗمیٹر (16 میل) کِس فٲصلس پیٹھ واقع۔
"
2784,"ییٚلہِ توہہِ بانڈ ہیوان   چھِو ، تہٕ توہہِ  چھِو کُنہِ کمپنی یا حکومتہٕ  طرفہٕ کوڑمُت قرضہٕ  ہیوان ۔
"
2785,"بیاکھ اکھ تجویز کردہ دہلیز چُھ 33 الیکٹرون وولٹس، یوس آب کین مالیکیولزن آئنائز کرنہٕ خٲطرٕہ ضروری توانٲئی چِھ۔
"
2786,سُہ چُھ الیگزینڈر لوکاشینکو سنٛدِ آئس ہاکی گروپک سربراہ۔
2787,اوسط جنوُنی مٗدت  چھ تقریبا ٲوڑ گٲنٛٹہٕ۔
2788,ییلِہ أکۍ کلاس سینیرن مےٚ ستاونٕچ کوشش کٔر مےٚ دِیُت تٔمس جواب سختی سان۔  
2789,"یِہ صنعت تہِ چھِ مُتٲثِر گٔمٕژ یِتھ کٔنۍ زَن ٹاباسکوٕکۍ گورنر آندریس گرینیرَن ذِکِر کوٚر، ییٚمۍ ووٚن زِ ٹاباسکو کین مرژٕ فصلَن ہُنٛد 100 % چھُ ضایہ گومُت۔
"
2790,اگر ہیكِیو ، پریتھ دوہ دِیو پان پننہِ صنعت كہِ چلان تہٕ نوین رٗجہانن مٗتعلق باخبر روزنہٕ خٲطرٕ اشٿاتن یا بلاگن 15-30 م،نٹن نظراہ ۔
2791,بودھ ادبس منٛز یوگا ہُک ساروی کھوتہٕ قدیم بحث، یتھ کٔنہِ زَن جدید ضِمنس  منٛز سمجھنہٕ یوان  چھُ ، چھِ پتہٕ کیو بودھ یوگاچار تہٕ تھیراواد سکولن ہٗند ۔ 
2792,"تربیتس منٛز چھ جسمٲنی مشقہٕ ، نظریہٕ، مظٲہرٕکہِ سبق تہٕ واریاہ مشق شٲمل ۔
"
2793,تم ٲس زیادٕ تر 16 مہٕ صدی دوران تیار کرنہ آمتۍ۔
2794,"رٮ۪وٲیتی تیر اندٲزی ہٕنٛز عمل چھِ آز زیادٕ تر دوٗر شُمٲلی رِیاستن لداخ تہٕ اروناچلَس منٛز کرنہٕ یِوان۔
"
2795,شوقیہ کیمرہ فوٹیج  چھے٘ ہیلِكاپٹرن ہٗند ٹكراوٗن ہاوان ییلہِ اكھ بییہِ سٕنزِ وتہِ منز یِتھ وٗڈان  چھُ ۔ 
2796,سوُتردھار چھ اکھ انداز یُس اکھ دٔلیٖل ونان چھٗ تہٕ ویشنو متٕکہِ روُحٲنی اقدار  مٗکمل کلاسیکی شکلہ منٛز پیش کرانچھُ : نرتیہ ، نرتیہ تہٕ ناٹیہ۔
2797,"یہِ چھُ موجودٕ مقبول استعمالَس منٛز پوٗرٕ جسمٕک طریقَن منٛز آسنَن ہٕنٛز ترقی ہٕنٛز نشاندٕہی کران تہٕ پننہِ جدید تغیراتَو سۭتۍ چھُ سُہ انداز یُس وُنکیٚنَس ""یوگ"" لفظَس سۭتۍ وابستہٕ چھُ۔
"
2798,آب و ہوا تہٕ جغرٲفِیٲیی اوند پوك چھٗنہٕ ونٛدٕ کھیلن خٲطرٕ اصل ۔
2799,ماہرینہِ  چھے٘ لہنگا ، اودڈھنی، کُرتی یا پوشاک لاگان۔
2800,تِم چھ ونڈوز ایکس پی تہٕ اپ تہٕ میک او ایس 10.6.8 تہٕ اپ سۭتۍ کٲم کران۔
2801,کُنڈل پوٗر چُھ بِہار کیٚو سارِوٕے کھۄتہٕ اَہَم جین تیرتھو منٛزٕ اکھ۔
2802,"دپان چھُس فون تُلہ تہ  
 کسٹمر سٔروسس  ونہٕ کریکھ دِتھ زِ مےٚ کونہ ووت چیک بُک وقتس پیٹھ۔   "
2803,شیون کٔر پننہِ طاقتہٕ یا اچنتیا شکتی سنٛدۍ کھوتہٕ طاقتور جنگجو، سکندا بنٲوِتھ ونتی پورٕ۔ 
2804,ایرانَس سۭتۍ چھِ سِفارتی تعلق جٲری، تہٕ ایران-پٲکِستان-ہندوستان گیس پایپ لٲنہِ پیٹھ چھِ کتھ باتھ گٔمٕژ۔
2805,واریاہ مشہوٗر مقام یِتھ کٔنۍ سپٹل فیلڈز ، برک لین تہٕ شارڈچ چِھ مشرقی لندنس منٛز ۔
2806,"سہ اوس عدالتس منٛز تہٕ باقٕے طٲلبہ علمن منٛز واریاہ مشہوٗر۔
"
2807,دریایہ زوب کس ؤسیع مٲدانس پٮ۪ٹھ چھ تلچھٹٕچ تشکیل۔
2808,سِڈ تہٕ تِرشا چِھ دوبارٕ میلان تہٕ چِھ پننِس شُرس سۭتۍ اکھ خوشگوار خانٛدٲنی زندگی گزارٕنۍ شروع کران۔
2809,"پنجٲبۍ کھینن ہُند اکھ خاصہ 
 چھُ  امیُک مختلف قسمن  ہُند آسُن ۔ "
2810,ناگا لُکہِ بٲتھ  چھِ روُمانوی تہٕ تٲریٖخی دۄشوٕے ، بٲتن  منٛز چھےٚ مشہوٗر اجدادن تہٕ واقعاتن ہٕنٛزٕ پوٗر دٔلیٖلہٕ بیان کرنہٕ یوان۔
2811,کرونینن کٔر مختلف چڑیا گرن منٛز چڑیا گرٕ کس نگرٲنی کار سٕنٛدس طورس پٮ۪ٹھ کٲم کٔرتھ پرایمیٹن سۭتۍ کٲم کرٕنۍ شروٗع۔
2812,تمۍ سند مول اوس ٹی وۍ یس پیٹھ موسمُک حال ونن وول تہٕ   موج ٲسس ٹراول اجنٹ۔
2813,سُند باپٕ چُھ اطالوی تہٕ سُند ماجہٕ چُھ آئرش۔
2814,"لوٗکھ چھ تور واریاہ جانور تہٕ گٲمی علاقن ہٕنٛز خوٗبصوٗرتی وچھنہٕ خٲطرٕ گژھان۔
"
2815,یہ چھ ظٲہر کران ز لوکھ چھا آن لائن تہٕ چھ چیٹ کرن یژھان ۔
2816,بٲتھ ٲسہِ  کمار، گنی دیوان، جاوید اختر، آرکو پروو مکھرجی تہٕ سعید قادرین لیکھمتہِ ۔
2817,اتھ حالتس منٛز چھ اکھ لۄکٗٹ سفید ٹر ٹھیک۔
2818,اِنٹرنیٚٹن چھِ گۄڈَے دُنیاہس منٛز عظیم چیز أنۍمٕتۍ، مگر سۭتی چھِن سٕپیم، پِھشِنٛگ، سٕکیمِنٛگ بیترِ تہِ أنۍمٕتۍ۔
2819,أمہِ سٕنٛدِ نیٚچِوِ رٔنٛدھیٖرَن کٔر اَمہِ فِلمہِ ہِنٛز ہِدایت کٲری، تہٕ یہِ گٔیہٕ 1991 تس منٛز رِلیٖز۔
2820,اَمِیُک گۄڈنیک قسط آو 15 اپریل 2014  ایف ایکس پیٹھ جٲری کرنہٕ۔
2821,"اَمہِ پتہٕ دِیُت اُتر پرٛدیش تہٕ مہاراشٹرٛن تہِ فِلمہِ ٹیٚکس فِری درجہٕ۔
"
2822,"یہِ کھیل چھُ 20 منٹَن ہٕنٛدِ نصف حصہٕ سۭتۍ 5 منٹَن ہٕنٛدِ ہاف بریکَس سۭتۍ گِنٛدنہٕ یِوان یَتھ منٛز ٹیمہٕ طرفہٕ بدلاوان چھِ۔
"
2823,"سنہ 1980 تس منز آسہِ تمِ امریکہ ہکِ ستمِ ساروی کھوتہٕ بئڑ تلِ کمپنی۔

"
2824,یہٕ آو 1960 ٹھس منٛز ایڈورڈ ڈیلیڈیئر کٔدلہ کِس افتتاح ہس سۭتۍ مسمار کرنہٕ۔
2825,بینٛڈٕچ ٹور بس گیہ سڑکہ پیٹھٕ رِکِن تہً گیہ ڈُلہٕ ۔
2826,ییٚلہ بہٕ کامہ منٛز پنٛن تناؤ تہٕ اضطراب کنٹرول کرنٕچ کوٗشش کران چھس تیٚلہ چھس بہٕ مغلوب تہٕ مایوس گژھان۔
2827,واریاہن مٗلکن منٛز چُھ تلِتھ چنہٕ  اکھ مقبوُل سٹریٹ کھین یا فاسٹ فٗڈ ۔
2828,वारिया सोंचन समजन पत् आव यि तय करन् कि अकिस बाइटि मंज़ आसन आठ बिट्स.
2829,پننہ مٲلیٲتی انتظام کرنہٕ سۭتۍ چھ مےٚ ذہنی سکون میلان تہٕ یہ چھ مےٚ مستقبلس منٛز سرمایہ کٲری ہنٛد منصوبہٕ بناونک اجازت دوان۔
2830,ڈیلی، قصائی یا سمندری کھینہٕ کاؤنٹرَن پیٹھ چیزو نِشہِ رُوزِو خبردار۔
2831,تو٘ہہِ  ہیٚکو اکھ کار فنڈ شٲمل کٔرتھ یتھ منٛز توہہِ  رجسٹریشن تہٕ تیل بدلاونہٕ وغٲرٕ  باپتھ پون٘سہٕ  ترٛٲوِیو٘ ۔
2832,اکھ غلط اعلی یا عام پركھٗن گژھِ وٗچھنہٕ یٗن ۔ 
2833,ڈاکٹر دتا چُھ تماشِچ اہمیت سمجان تہٕ  ستیا ہَس یہِ  تباہ کرنَہٕ باپت زور دِوان۔
2834,میٲنس اپارٹمنٹ کمپلیکسس منٛز روزن والین منٛز چھُ اکھ تیوت بے عزتی کران ز بہٕ چھےٚ أمس سۭتۍ رٕش گژھان۔
2835,دۄشوٕنی سکن ہنٛد پٔتِم طرف چھِ خٲلی ۔
2836,امِكہِ  سرحَد چھِ  ہِنٛدُستٲنہِ  رِیاستن، اُڈیٖشہ، جھارکھنٛڈ، بِہار، سِکِھم تہٕ آسامس سۭتہِ  تہِ رَلان۔
2837,تہِ کیازِ ذٲتی كنن والین  چھِ صارفینن سۭتہِ کٲم کرنٕچ تہٕ پانس مارکیٹنگ کرنٕچ ضٔروٗرت آسان ، تم کالج ژھارِیو٘ یم 2 یا 4 ورِین ہنز  ڈِگری  پیش کران چِھ ۔
2838,پلیس افسرو تہٕ نسل پرست سفید فامو کوٚر مارچ کرن والین ژھوٹو  تہٕ أش گیس سۭتۍ حملہٕ ۔
2839,تمس چھُ یہ تہِ سہرٕ ز، رازم ڈابس ہیتھ، ز، تمی کوٚر وسیع  تہ قدیم قلعہ  بٹھنڈا، یُس ازیُک جدید شہر، بٹھنڈا ہندوستٲنی پنجابس منز چھُ۔
2840,سوارتویک چُھ سویڈن چہِ ویسٹرنورلینڈ کاؤنٹی منٛز سنڈسول بلدیہ یُک اکھ علاقہٕ۔
2841,76 کِلومیٹر (47 میٖل) زیوٗٹھ، یہِ چُھ قراقرمُک ساروٕے کھۄتہٕ زیوٗٹھ گلیشیر تہٕ دُنیا کین غٲر قطبی علاقن منٛز دویِم ساروٕے کھۄتہٕ زیوٗٹھ گلیشیر۔
2842,سبزی خور چھِ آیونون وٲلہِ  کیروٹینایڈ كھیوان تہٕ تِم ریٹینالس منز تبدیل كران ۔ 
2843,پریتھ دۄہہ خٲطرٕ چھ اندراج حروف تہجی طور کنی ناو سۭتۍ درج کرنہٕ یوان ۔
2844,"عام طور چھ یہ دۄن سطحن منٛز تقسیٖم کرنہٕ یوان، مگر پرٛٮ۪تھ ساتہٕ نہٕ کٮ۪نٛہہ۔
"
2845,مےٚ چھُ پرٛیتھ لٹہ سٔتم پٔتم یاد پیوان ییٚلہ مےٚ  تندور منٛز تازہٕ بناونہٕ آمژِ ژۄچہ ہنٛد مشک چھ یوان۔
2846,"از تہِ چھِ 1.5 کِلومیٹر نہرو ٹرافی بوٹ ریس ساروِی کھۄتہٕ زِیٛادٕ با وقار۔
"
2847,"قدیم عیتقادٕ  سٕتہِ  چُھ لڑکہٕ سُنٛد ناو عام طوردو٘ن  یا ژور حرفن ہُنٛد آسان، یُس صوتی آواز سۭتہِ شروع ،منٛزس نیم حرف علت ، تہٕ وسرگس پیٹھ ختم گژھان چھُ ۔
"
2848,"انا پرشنا اصطلاحُک مطلب چھُ ""رنِتھ کھٮ۪ن کھٮ۪ون""۔
"
2849,شیواجی اوس اکھ قٲبل منتظم ییٚمہ اکھ یژھ حکومت قٲیم کٔر یتھ منٛز کابینہ، خارجہ پالیسی تہٕ اندرونی ذہانت ہوۍ جدید تصورات شٲمل ٲسۍ۔
2850, قدیم تباہ گٲمتِس مندر كِس دروازس پیٹھ وۄدنیہ روُزِتھ گو مے٘ لرزٕ ییٚلہ مےٚ ونٛنہٕ آو ز یہ چھ ٗ شاپہٕ لد ۔
2851,رننہٕ سۭتۍ چھ کھینس منز موجود جراثیم مران۔
2852,تِم چِھ  بییِس سٹریٹ گینگ بلڈسٕكہِ حریف ۔
2853,"157 میل کِس فٲصلس پیٹھ، وائٹ اِویوکون کٔر اوسط 69 ناٹ، حالانکہ بزیین کٔر یہٕ اکھ عام اطالوی شرگٹ سۭتۍ مسترد کران وۄنن، ""اٹلیس منٛز، یہٕ چِھ صرف اکھ سفرٕ کرن واجیٚنۍ ناو۔""
"
2854,فری ڈاس ہیکو فلاپی یا سی ڈی سۭتۍ انسٹال کٔرتھ ۔
2855,"2012 منٛز جٲری کرنہٕ آمٕتس فاریسٹ سروے آف انڈیا کہ رپورٹہٕ مطٲبق چھ اوڈیشہ ہس منٛز 48,903 مربع کلوٗمیٹر جنٛگل یم ریاستٕکس کل رقبکس %31.41 حصس پیٹھ چھ محیط۔"
2856,"وۄمید ٲس ز سہ کر 2016-17 کس سیزن کس آغازس منٛز پنُن دور شروٗع۔
"
2857,تِم روبو ایڈوائزر ژھار و یِم بروکریج فرمن سۭتۍ کٲم چھ کران، یتھ کٔنۍ ٹِگ فِٹ، فیڈلٹی، تہٕ شواب۔
2858,"وینگرن ووٚن، ""تٔمۍ سوز سُہ - تُہۍ ہیٚکِو نہٕ ؤنِتھ زِ یہٕ چُھ نہٕ پوٚز۔""
"
2859,باقین سٹورن منٛز چِھ کلیئرنس ریک آسان یا تمام چیز کڑنہٕ خٲطرٕ چِھ وقتن فوقتن سیل آسان۔
2860,यि ओस वारिया द्रोग त् रिपॉटन लोग वारियाह वक़्त. 
2861,آرلینڈو انٹرنیشنل اییرپورٹس پیٹھ آیہٕ راتھ ریکارڈ توڑ زیٛادٕ کھۄتہٕ زیٛادٕ درجہ حرارت تہٕ وچھنہٕ: ریکارڈ شدٕ زیٛادٕ کھۄتہٕ زیٛادٕ اوس 93 ڈگری، ییٚمہٕ سۭتۍ 1980 منٛز 91 ڈگری ہنٛد ریکارڈ پھٗٹروو ۔
2862,کمپنی منزاوس  ساروی کھوتہٕ زیادٕ درجہٕ بتھون واجِنہِ رقاسایہِ  عام طور اہم نژن واجینہِ وننہٕ یوان ۔ 
2863,پٔتمین دۄشوٕنی ڈبن منٛز چِھ لۄکٹ سروس ڈبہٕ آسان۔
2864,مےٚ چھ وۄمید زِ اسِہ میلِہ جاپانس منٛز سبزی کھٮ۪ن تاکِہ أسۍ روزو نہٕ فاقیہ ۔ 
2865,یہِ چُھ امریکی ریاستی پرندن ہنٛد فہرست۔
2866,پوسٹم چھ اکھ مشروب یس ساروٕے کھوتہٕ گوڈٕ 1895 منٛز سی ڈبلیو پوسٹن تیار کوٛر۔
2867,تم چھ اکھ پولینیشین جمٲژ یمن ہنٛدۍ آباو اجداد آے تتہ پٮ۪ٹھ یس وۄنۍ فرانسیسی پولینیشیا چھ۔
2868,تُہنٛد آرڈر مٗكمل گژھنہٕ كِس ٲخرس پیٹھ یی اكھ رسید چھاپنہٕ ۔ 
2869,شٗمالس منٛز چھ ریاستی سحدس پیٹھ  ہمالیا، مگر ریاست کس بیشتر حصس پٮ۪ٹھ پھہلِتھ  مٲدٲنی علاقہٕ چھ یمو تھدٮ۪و پہاڑو نِش خاص پٲٹھہِ مٗختلِف ۔
2870,ہمالیہ کس دٔچھنس حصس منٛز چھ زیٛادٕ تر علاقہٕ ایشیا أندرٕ پیٹھٕ ینہ والہ سرد ونٛدٕ کہ ہوا نشہ بٔچتھ۔
2871,"پُزٲرِ  یا نوُٖیہ خانٛدرٕ واجیٚنہِ خانٛدارِنہِ ہُنٛد بویہِ گژھِ  ماہرِینہِ تہٕ ماہرازٕ ہِنٛدِس ڈٮ۪کَس آبہٕ چھِركاو كرُن ۔
"
2872,"أکِس شدید خطرس منٛز یِنہٕ وول جاناوار، یُس ٲخٕری لٹہِ 1876 منٛز وُچھنہٕ آو، چھُ ریاست کِس مغربی ہمالیہَس منٛز مقٲمی ہمالیٲیی بٹیر (گِل)۔
"
2873,"اَمہِ کیو٘ خطرو کِنہِ ، چھُنہٕ وو٘نہِ نیوُل ایسبیسٹس تجٲرتی طور  کھننہٕ یِوان۔
"
2874,یہ آو بطور  دویم كٗن  جٗلائی 2004رس  منٛز اِجرا  کرنہٕ ۔
2875,"ہیڈا ہیریٹیج سایٹ چھ حیدا لوٗکن ہٕنٛد علاقک حصہٕ۔
"
2876,کشورس اوس ترییِم خاندر  یوگیتا بالی سٕتۍ تہٕ  یہ  چلِیوو  1976پیٹھہٕ 4 اگست 1978 تام ۔ 
2877,گولڈ کوسٹ ٹایٹنز چھ اکھ آسٹریلوی پروفیشنل رگبی لیگ ٹیم۔
2878,"لیہہ محل چھُ نوٚ پور تھوٚد؛ ہیٚرمٮ۪ن پورَن مَنٛز  اوس   شٲہی خاندان  روزان، تہٕ گان  تہٕ ذخیرٕ كٗٹھہِ چھِ پونٛمٮ۪ن پورَن مَنٛز واقعہٕ۔
"
2879,"تمۍ سٕنٛدِس دورِ حکومتَس منٛز کٔر ٹیکسلا کیو شہریو دۄیہِ لَٹہِ بغاوت۔
"
2880,پینگونگ پہٲڑۍ سِلسٕلہٕ چھِٗ چشوُل كہِ شٗمال مغرب پیٹھہٕ بپینگونگ جھیٖل کسِ  جنوٗبی بٔٹِھس سۭتہِ سٕتہِ تقریباً 100 کِلومیٹر (62 میٖل) تانہِ  لداخ سِلسلس مٗتوٲضی پكان  ۔
2881,"ریڈ وِنگَسن بڑٲو دوٚیمِس پیریڈَس منٛز والٹیری فلپولا سٕنٛدِ بییہِ اكہِ  گولہٕ  سۭتہِ  پنٕنۍ برتری ۔
"
2882,"فرخ نگر چھُ ہندوستان کِس ہریانہ کِہ گروگرام ضلعُک اکھ قصبہٕ تہٕ میونسپلٹی ۔
"
2883,پروڈکشن شیرنگ کنٹریکٹ (پی ایس سی) مطٲبق اوس ریلاینس انڈسٹریز لمیٹڈ (آر آیی ایل) 2004 تہٕ 2005 ژس منٛز دریافتہٕ نٮ۪بر کل علاقک 25 فیصد ترک کرن۔
2884,کینٛہہ ڈیجیٹل صندٕ  چِھ ایکٕس 509 معیارس مطٲبق ۔  
2885,میگھالیہ ہس منٛز چھ واریاہ قٕسمٕکۍ دۄدل حیوان، پرندٕ، کریٚژھۍ دار،پرِندٕ تہٕ کیٚمۍ تہ۔
2886,والیرین بِگرٗن چھٗ نیبرِمِس اعصٲبی نظام (پی این ایس) تہٕ مرکزی اعصٲبی نظام (سی این ایس) دۄشوٕنی منٛز محوری زخمہٕ پتہٕ گژھان۔
2887,2007 منٛز کٔر برطانوی شوٹنگن بیٚیہ اکہ تنظیمہ ہٕنٛز جاے یتھ جی بی ٹارگیٹ شوٹنگ فیڈریشن ونان چھ ۔
2888,پورٕ تاریخس منز چھ ہیضک واریاہ پھٲلاو تہٕ وبا وتھۍمتۍ ۔
2889,ہارپرن تہٕ رونن تھوو جمی اوسوہس پٮ۪ٹھ دی ریکننگ کرنہٕ پتہٕ خطاب  برقرار۔
2890, جنوری 2022 منٛز کٔر تٔمۍ پنٕنۍ بیاکھ مختصر فلِم دہر ریلیز۔
2891,ایچ پی چھٗ ایٹینیم خٲطرٕ اکھ ورچٗوئلائزیشن ٹیکنالوجی کٕنان یتھ انٹیگریٹی ورچوٗول مشینہٕ  ونان چھِ ۔
2892,"وشنوَن کوٚر مہابلیَس خلاف تشددَس منٛز دیوتاہن سۭتۍ شٲمِل گژھنَس اِنکار تِکیٛازِ مہابلی اوس اکھ اصل حکمران تہٕ تسند پنُن عقیدت مند۔
"
2893,"تٔمس ملیٛیہ 8,456 ووٹ تہٕ روٗد پروگرٛیسیو کنزرویٹو والٹر ڈنسڈیلس پتہٕ دوٚیمِس نمبرس پٮ۪ٹھ ۔
"
2894,ییٚلہ امریکی سینیٹن وزیر اعظم مودی سنٛد احترام کوٚر، مےٚ گٔیہ واریاہ خوشی۔
2895,ییلہ لُکھ پننہِ کٲم مختلف طریقہٕ  کرن تمن گژھن  تبدیل گژھٕنہِ ۔
2896,"کُنہِ پٲٹھۍ ہٮ۪وٚک نہٕ ہندوستانُک ٹیسٹ کرکٹ سنسنیشن ون ڈے آی کرکٹس سۭتۍ ایڈجسٹ گژھِتھ تہٕ 16 ون ڈے آی میچن پتہٕ کٔرٕن کیریئرٕچ شروعات 278 رنہٕ تہٕ 17 وِکیٹ۔
"
2897,ایٚن سی اے اے مردَن ہٕنٛز آئس ہاکی روٗلز کمیٖٹی کَرِ جوٗنَس منٛز اتھ تجویزَس پیٹھ ووٹ۔
2898,نوراتری لفظٗک مطلب چھٗ سنسکرتس منٛز 'نٕو٘ رٲژ '، نو وٗک مطلب چھُ نٕو تہٕ راتری ہٗند  مطلب چھٗ راتھ ۔
2899,ووٹرز وین ڈین اوڈنویجر گُزریوو 7 اپریل 2020 86 ؤرۍشہِ وٲنٛسہ منٛز۔
2900,سابقہٕ فارمولہ ؤن میٚک لارن ڈیٚزائنر گورڈن مرے ین کٔر اکہ نیٕہ آل الیٚکٹرک کارٕچ نقاب کشائی۔
2901, امریکہ چھ انسٲنی حقوقٕن ہندِس اتحصالس  تہٕ جمہوری آزادین زیر کرنس پیٹھ روُسس سٕتہِ  لڑٲیہِ جٲری تھوِتھ ۔ 
2902,کتھک بییہ، زِندٕ كرنٕچ تحریك گٔیہ مُسلمان تہٕ ہیٚنٛدِ گھرانن منٛز ، خاص طور کتھک-مسرا برادری ہٕنٛد ذٔریعہٕ ، اِكہٕ وٹہٕ بنان۔
2903,میڈونا تہٕ کِم باسنگر آیہِ  دۄشؤے  ہیلینا سنٛدِ کردارٕ خٲطرٕ ژارنہٕ ، مگر تِم کھٔتہِ پتھ ۔
2904,سری نگر چھُ بھارتی ریاست اتراکھنڈ کہِ ضِلعہٕ پوڑی گڑھوالُک اکھ شہر تہٕ میونسپل کونسل۔
2905,دوستو دٕسہِ تمہِ سنزِ زِندگی  قوبو کرنٕچو٘ کوُششو٘ سٕتہِ تنگ یِتھ  چھے٘ ، عالیہ  چیز پننس اتھس منٛز ننٗک فٲصلہٕ کران۔
2906,یہِ خطرٕ آو رینڈیلن پنُن یقین ظٲہِر کرنہٕ پتہٕ صِرِف ترٛیٚیہِ دۄہ پتہٕ زِ اکھ نوٚو ایرینا معاہدٕ چھُ نزدیک۔
2907,"کمبِنیشنہٕ چُھ حکمت عملی ہنٛدۍ اقدامن ہنٛد اکھ سلسلہٕ یُس کینٛہہ فایدٕ حأصل کرنہٕ خاطرٕ چُھ انجام یوان دِنہٕ۔
"
2908,از چھ کینٛہہ ماہر لسانیات شک کران زِ یمو منٛز چھا کینٛہہ گروپنگ صحیح۔
2909,پنٛنہ سرمایہ کٲری ہٕنٛد سالانہٕ شرح سوُدٕ سۭتہِ کرِیو٘ 72 تھس تقسیم۔
2910,تمام صوُرتن منٛز چھِ نوراتری ہیند قمری شمسی ریتن ہنِٛدس زوُنہٕ پچھس منٛز یوان۔
2911,سۄ چھےٚ 2004 پیٚٹھٕ سڈنی شہرٕچ لارڈ میئر ۔
2912,"تَمہ وچھ تصویرن منٛز ڈی این اے ہٕچ ساخت تہٕ فنکشن۔
"
2913,اولمپکس ہِش ٲس نہٕ کانٛہہ شرمندگی ییٚتہِ تِمو لیسوتھو کٮ۪ن لوٗکَن تالابَس منٛز ژھانٹھ واینہٕ دِژ ۔
2914,"بھاما کلپم  سۭتہِ ترغیب نِتھ  لیٚوُكھ  رامیا شاستری یَن گولا کلپم، یُس گوپی تہٕ أکِس برہمنَس درمیان اخلٲقی طنزیہ کَتھ باتھُہِ ہٗند موضوع پیش  کران چھُ ۔
"
2915,سۄ ٲس 2015 پیٹھٕہ 2021 ہس تام نیوٗ یارکٕچ لیفٹیننٹ گورنر۔
2916,سہ اوس 2000 تہٕ 2002 ہس درمیان ماحولیاتک وزیر ۔
2917,دی نیو یارک ٹائمزن چھ کلاسک تعٔریف کرنہٕ خٲطرٕ کوئنٹیلن ہنٛد استعمال کوٚرمت ۔
2918,"غیر آینایزنگ تابکٲری چھنہٕ صحتُک اکھ اہم خطرٕ۔
"
2919,ज़याद तर ऑपरेटिंग सिस्टम छि गॉडनिकिस स्टोरेज डिवाईसस बूट डिवाईस वनान.  
2920,امہٕ سۭتہِ آسِہے  عالمی کریٹاسیئس-پیلیوجین نابوُد گژھنہٕ كِس  واقعس منٛز دِیوُت میوُلمُت ،، یمہِ كِنھِ  ہندوستانس منٛز انسولشن نمایاں طور  کم گو۔
2921,یہٕ اوس اصلی کلہٕ دماکہٕ نِش بچاونہٕ خٲطرٕ بناونہٕ آمُت ۔
2922,"چینس پٮ۪ٹھ حملہٕ خٲطرٕ سوُز محمد بِن تٗغلقن 100,000 سِپاہ ،  تہٕ پننہ فوجُک اکھ حصہٕ ، ہمالیہ پیٹھہِ  ۔"
2923,گارڈنر اوس 24 اگست  1924  نیومارکیٹ، سفولک، انگلینڈس منز زامُت۔
2924,ٹوڈ سٕنٛدِ بیان مُطٲبِق ٲس پدمِنی سیلون کِس  چوہان حُکُمران ہمیر سنك سنز كوُر ۔
2925,"اوڈیسی کارکردٕگی چھِ باقٕے رٮ۪وایتَن ہٕنٛدۍ خیالات تہِ ظٲہِر کٔرمٕتۍ یِتھ کٔنۍ زَن ہندو دیوتاہن شیو تہٕ سوریہ سۭتۍ سۭتۍ ہندو دیویَن سۭتۍ وابستہٕ۔
"
2926,اگر بہٕ میچ وٕچھنہٕ نصف رٲژ وۄتھہٕ مےٚ ہیکِہ مول ٲڈ زٲڈ کٔرِتھ۔
2927,چھانہٕ سٕندۍ دٔسۍ کٲم پورٕ کرنہٕ برونٛہٕے ماڈیولر کچنہٕ کس قیمتس منز منمٲنی اضافہٕ سۭتۍ گووس بہٕ ناراض ۔ 
2928,"اَمہِ علاقُک زٕ ترٛیٚیِم حِصہٕ (4,400 مربع کِلومیٖٹر) کھۄتہٕ زِیٛادٕ علاقہٕ چھُ کیرالہ ہَس منٛز تہٕ باقی (1,786 مربع کِلومیٹر) چھُ تامِل ناڈوَس منٛز۔"
2929,کینٛہہ دہٲیی برونٛہہ تام اوس یہ دریاو شدید ریتہٕ کٲلس منٛز تہ سہل پٲٹھۍ پکان۔
2930,اکثر چھ یم کردار یمن ہنٛد کردار ادا کرن والین لوکن ہنٛدس مقابلس منٛز بہتر زاننہٕ یوان۔
2931,بناوٹ چھ دوٚیو  تیرو سۭتہِ اکھ نوٚو تیر بناونُک طریقہٕ ۔
2932,الماتی منٛز دویم ایرینا آو ورلڈ چیمپین شپ 2012 خٲطرٕ بناونہٕ، مگر یہ آو پتہٕ ہٹاونہٕ۔
2933,"کلائیوَن دِژ 10 مئی 1773 پارلیمنٹ کِس ہاؤس آف کامنز برٛونٛہہ کنہِ ہندوستانَس منٛز پننِس طرزِ عمل کِس پارلیمانی انکوائریَس دوران گوٲہی تہٕ  کوٚرُن پنُن  دفاع ۔
"
2934,دویم ساروٕے کھوتہٕ زیادٕ بولنہٕ ینہٕ واجیٚنۍ زبان چھےٚ ڈوگری، یُس 20 فیصد آبٲدی بولان چِھ۔
2935,سارین چھ واریاہ خطرناک، چاہے کانٛہہ تتھ اتھٕ لاگہ یا یہ امیک شاہ کھالہ۔
2936,کیپابلانکا اوس 1916 پؠٹھٕ 1924 تام ٲٹھن ؤرین تام ٹورنامنٹ پلے منٛز ناقابل شکست۔
2937,کھووٕرۍ وِنٛگر ٹرائے بروؤر تہٕ پیٚٹرِک شارپَن کوٚر گولَس منٛز مدد فراہم۔
2938,تم ٲسہِ 13 ہمہ صٔدی پیٚٹھٕہ انگلِستانس  منٛز استعمال کرنہٕ یوان ۔
2939,گجرات ہائی کورٹن چھُ  گجرات حکوٗمتس سوائن فلو سۭتہِ گژھن والیٚن موتن پیٹھ قوبو کرنٗك  ہدایت دیوٗتمٗت ۔
2940,2001 کِس منز ٲسہِ 168 لٗکھ ایلیسمیر آیلینڈس پیٹھ روزان ۔
2941,"ماہی دٔریاوٕچ صحیح جاے چھِ منڈا گام، یُس دھار ضلعہٕ مدھیہ پردیشَس منٛز واقع چھُ۔
"
2942, واریاہ واقعہٕ ٲسہِ یم   ہنٛدستانس منٛز سِول نافرمانی  تحریکہِ ہندِ  بٲعث بنییہِ ۔
2943,اٹلانٹا اولمپکسس منٛز سِلور میڈل پتہٕ چھِ وۅنۍ  چینی سافٹ بالس پٮ۪ٹھ سطحس پٮ۪ٹھ  ترجیح دِوان۔
2944,تسٕنٛزِ  اداکٲری واتنٲو سۅ 60 مِس فلم فیئر ایوارڈز ساؤتھس منٛز بہترین معاون اداکارہ کِس دٲیرس منٛز  ایوارڈ کہِ خٲطرٕ گۅڈے نامزدگی ۔
2945,أمہِ  کَرِ وُہِن ؤرِین ہِنٛدِس وقتَس منٛز میٖنا کُماری ستہِ  لگ بگ17 فِلمہٕ یِمن منٛز 1952 ہس منٛز تَماشا پیٚٹھٕہ 1972 تٕچہِ شاہكار پاکیٖزاہ شٲمِل چھےٚ۔
2946,تمو تھوو سوُ حصس برقرار تہٕ كو٘رہس ترجمہٕ ییٚتین  ہیملیٹ روزنکرانٹز تہٕ گلڈنسٹرنس سۭتہِ  میلان  تہٕ ڈنمارک سندِس جیلس منٛزآسنس مٗتعلق  کتھ کران چھے٘ ۔
2947,ایرلاینن راوروو واریہن دۄہن تام سون سامانہٕ خبر کتین تہٕ اسہ آو نہٕ معاوضہ تہ دنہٕ ییٚمہ سۭتۍ بہ وولیوس  ۔ 
2948,کُنہٕ ساتہٕ ٲس زنانہ پوٗرٕ زندگی پننس داجس پیٹہ مالک روزان۔ 
2949,راؤنڈ برطانیہ پاور بوٹ چھِ پٔتمہِ 3 موقعَن پیٹھ چلاونہٕ آمٕژ۔
2950,ہندوستانس منٛز چِھ موسم بدلاو کہ وجہ سۭتۍ گرمی لہرن ہُند تواتر تہٕ طاقت ہُران۔
2951,یہِ مقدمہٕ چھُ اپریل 1974 پیٹھٕ ییٚلہِ ہتھیار بنٛد ڈاکٕو لندن الیکٹرسٹی بورڈس پٮ۪ٹھ حَملہٕ کوٚر۔
2952," کُنہٕ حدس تام غیر معمولی تعارف، مگر یہٕ چُھ نہٕ کانٛہہ عام شو، تہٕ تم چِھ نہٕ عام حاضرین۔
"
2953,یہ چھ کیٚنٛہہ پولیس فورس یا باقی وردی دار ادارٕ تہ استعمال کران ۔
2954,28 وہر کینور ماریک ٹوارڈووسکی چھ قومی پرچم بردار منتخب کرنہٕ آمت۔
2955,"ٹرامیٹک ایس سی آٮٔی ہیٚکہِ کنٹوشن، کمپریشن، یا سٹرچ زخم لٔگِتھ۔
"
2956,یتین چھےٚ شیوانی پیاری یس سۭتۍ دوبارٕ میلان، ییٚتہ سۄ تہٕ باقٕی کور چھےٚ طوائف پٲٹھۍ کٲم کرنس پیٹھ مجبوٗر کرنہٕ یوان۔
2957,شیونیری گوفَن  منٛز آیہ یوُنٲنین ہندِ زٕ مزید بودھ خوطبہٕ لبنہٕ ۔
2958,یِمن بٲثن ہُنٛد گۅڈنیُک نیٚچو چھُ بالی وُڈ ایٚکٹر وِویک اوبیراے، 1976 منٛز زامُت تہٕ اکھ کوٗر میگنا اوبیراے زایہِ کینٛہہ ؤری پتہٕ۔
2959,ہاٹ فیل چھےٚ اکھ بیمار یتھ منٛز دل کٲفی خون پمپ چھنہٕ کران۔
2960,سر جان مارشل سٕند مطٲبق آسہ پشیامترا ظلم و ستم ہند اہم مصنف، حالانٛکہ پتہٕ چھ شونگا بادشاہ بدھ متک زیادٕ حمایت کران نظر یوان۔
2961,تٲریخ چھے 7 مہٕ صدی قبل مسیح تام گژھان۔
2962,"اکھ کھلٲڑۍ چھُ سٔتمِہ پیٚنلٹی پیٹھ کھیلہِ منٛز ""فاؤل آؤٹ"" گژھان، تہٕ أمِس چھُ لاکر رومس منٛز واپس گژُھن پیٚوان۔
"
2963,پہٲڈی واگاڈ خطہٕ ، یتھ منزڈوُنگر پوُر ، پرتاپ گڈھ تہٕ بناسواڈا شہر بسِتھ چھِ ، چھٗ  راجستھان كِس شٗمٲلی دندِس پیٹھ گٗجرات تہٕ مدھیہ پردیشس سٕتہِ  سرحدس پیٹھ واقع ۔ 
2964,امہِ عملہٕ مُطٲبق ہیٚکو نہٕ خانٛدرس دوران پونٛسہٕ دِتھ یا ہیتھ تہٕ یمو یہِ کوٚر تِمن آو سزا دِنہٕ ۔
2965,"وۄنۍ گوٚو، نینایہ ہٕنٛز کمپٔنی ہٕنٛز لالچ چھےٚ واریاہ مضبوٗط، تہٕ سہ چھ اتھ سۭتۍ اتفاق کران۔
"
2966," نومبر1, 1956 دوہ ہِندوستٲنۍ رِیاستن ہِنٛدِس نیہِ سرٕ ترتیٖب دِنس دوران آیہِ لکشدیپ جزیٖرٕ مالابار ضلعہٕ نِش الگ کرنہٕ تہٕ اِنتظامی مقصدو خٲطرٕ أکِس علیحدٕ مركزی ریرِ انتظام علاقس  منٛز سو٘مبراونہٕ ۔"
2967,تِم چھِ پنٕنہِ  بٔٹھہِ روٗڈٕ نِوان تہٕ  تہٕ بندن كِہو  سٔہلاب مٲدانن پٮ۪ٹھ مواد جمع کران۔
2968,نطرِیہِ حِسابہٕ یوُتاہ تو٘ہہِ تھٕدِ ٲسِو ،تیوُت گژھِو توہہِ وزنی تہِ آسٕنہِ ۔
2969,یہ چھ اکثر وباہس منٛز گژھان، خاص طور تمن منٛز یم نزدیکی مکانن منٛز روزان چھ۔
2970,کیریئر اوس یہ ہاونس منٛز کامیاب ز تم ٲسہِ  وقفن منٛز شاہ ہیوان ۔
2971,درحقیقت، سون آف سردارس منٛز پرٛیتھ نٲدِر نموُنہٕ   بنگٲلہِ ریمیکس منٛز نمایاں طور ہاونہٕ آمٕتہِ۔
2972,یہٕ اوس آٹھوٕم کلاسہٕ خٲطرٕہ اکھ انگریزی ہٕنٛدس ٹاسکن خٲطرٕہ لیکھنہٕ آمُت۔
2973,بہٕ چھٗس وۄنۍ پزی  سیٹھا ناراض ۔  یم آخری زٕ اپارٹمنٹ تۄہہ مےٚ  ہٲوۍوٕ  تِم ٲسۍ  میٲنہِ  بجٹہٕ  کھۄتہٕ واریاہ زیادٕ۔ کیا توٚہۍ  چھِوا میانین دِتۍمتین   نمبرن كٗن  توجہ دوان تہِ ؟
2974,"کمپیوٹر کیٛن باقی حصن چِھ امِہ ڈی سی پاورک ضرورت تاکہ تِم ہیٚکن کأم کٔرِتھ۔
"
2975,مستقبل خٲطرٕ بچت کرنُک چھنہٕ کانٛہہ صحیح یا غلط وجہہ ؛ اہم چیز چھٗ یہِ زانٛٗن  زِ تۄہہ خٲطرٕ کیا چھٗ ساروٕے کھۄتہٕ اہم۔
2976,دریاوَس چھُ وۄنۍ پننہِ بقا باپت اہم چیلنجَن ہُنٛد سامنہٕ کرُن۔
2977,اوورڈوز چھ تمہٕ وقتہٕ آسان ییٚلہٕ کانٛہہ نفر کنہٕ خاص دواہک واریاہ زیادٕ استعمال چھ کران۔
2978,"پیبام: پیبام چھُ اکھ میتیی مٔنی پوٗری زاتھ  یا اکھ خاندٲنہِ ناو ییٚمِیُک  ہندوستانہِ آگُر چھُ ۔
"
2979,پننہ بچت کین مقصدن متعلق کٔرو کھلہٕ کتھ باتھ، یتھ منٛز گھرٕ خٲطرٕ بچت، سبکدوش گژھنہٕ خٲطرٕ بچت، تہٕ گٲڈِ یا ناوِ ہش باقی بَجہِ خرریدٲری خٲطرٕ بچت شٲمل چھ۔
2980,لاطینی مٗصنف لیكٹینٹِیسن لیوُکھ زِ 309وس منٛز میوُل  کانسٹینٹائنس  لقب ۔
2981,यिम सॉरी करैक्टर स्टोर करन् खातर् आव यूनिकोड बनावन्.  
2982,یہِ چُھ یکشگان طرزس (تھِتوُ ) پیٹھ تِہ منحصر۔
2983,امہِ  برعکس چھٗ خدمٲتی شعبہٕ   قومی شرح کھوتہٕ زیادٕ شرحس پیٹھ  بڑیومٗت۔
2984,کلونی ہیٚکہ کینژھن دواہن ہندِ ردعملہٕ سٕتۍ تہ گژھتھ ۔
2985,اَمِچہِ عقسبندی  ٲس چندی گڑھَس منٛز أمۍ سٕنٛدِس ایم اے ڈی آرٹس فلِم سکوٗلَس منٛز کٔرنہٕ آمٕژ ۔
2986,ریاست چھےٚ 17 ہن بڑین قبیلن ہنز روزن جاے  : انگامی، آو، چاکیسانٛگ، چانٛگ، کچاری، کھیامنیونگن، کونیاک، کوکی، لوتھا، فوم، پوچوری، رینٛگما، سنٛگتم، سومی، تیخیر، یمکھیونگ تہٕ زیمی-لیانٛگمایی (زیلیانٛگ) ۔
2987,تَتہِ آو سُہ دۄن مُجرِمن سۭتہِ پھہہِ كھارنہٕ ۔ 
2988,2010 پیٹھٕ چھ کیرالہ کیویر پرایڈ پرٛٮ۪تھ ؤری کیرالہ کین مختلف شہرن منز منعقد کرنہٕ یوان۔
2989,تٗہٗنٛد وتیرٕ چھٖ  مےٚ دور کران۔ بہٕ چٗھس تڑپان تہٕ مے٘ چھٖ خشم كھسان تہٕ بہٕ چھٗس نہٕ بییہ  تٗہٗند بٗتھ وٗچھٗن ہژھان ۔
2990,ڈاکٹر چھُ سکلیرا یا أچھ ہنٛدِس سفید حصس منٛز اکھ لۄکُت چاکھ دِوان۔
2991,نٲرس منز باگ چھُ اوكلومۄٹر نٲرٗك نٗمایا تنہٕ آسان ، یٗس وسا واسورم فراہم كران چھُ ۔ 
2992,اقرار نامہٕ چُھ تمہِ وقتہٕ آسان ییٚلہ تُہۍ حکومتس یا کاروبارس اَکِہ مخصوص وقتہٕ باپت مقررٕ سود کِس شرحس پیٹھ پونسہٕ وۄزُم دِوان چِھو ۔
2993,فٲیدٕ حٲصِل كرن وول   فٲیدٕ حٲصِل كرن وول چھُ كانژھاہ  یُس كٲنسہِ بییِس نِش  پونٛسہٕ یا باقیہ چیز حٲصل کرِ۔
2994,کمپنی أنۍ پننین مصنوعاتن تہٕ ایپلیکیشنن منز بہتری ۔
2995,از چھ أسۍ یہ اندِ پكِس  منٛز بطور توانٲیی ہٕنٛزِ منتقلی ہٕٗنٛد ثبوُت  وٗچھان ۔
2996,مُوٗ؟ پرٛٮ۪تھ کانٛہہ اوس بیٛارِ کُن وُچھان، یۄس پَنٕنۍ لٔٹ گاوِ ہِنٛدۍ پٲٹھۍ گِلناوان ٲس۔ 
2997,تبتی چھ زیادٕ تر ریاستہٕ کین شمٲلی تہٕ مشرقی علاقن منز روزان۔
2998,"حالس چھِ وِکی نیوزکۍ 28 ہن زبانن منٛز اشاعت یِمن 235,000 کھۄتہٕ زیادٕ  درج کرنہ آمتۍ ورتاون وٲلۍ چھِ۔"
2999,بھچاو چھُ ہندوستان کِس ریاست گجراتَس منٛز کَچھ ضِلعُک اَکھ شہر تہٕ میونسپلٹی ۔۔
3000,یہِ چھٗ امہِ وجہہ كِنہِ الیکٹرک چارج چھِ اكھ الیکٹر٘ک فیلڈ بناوان ۔
3001,فیری ہینڈن-فیری ہینڈن چھٗ دھاتہٕسٕتہِ  بناونہٕ آمت گۄڈنیُک برطانوی بومبر۔
3002,ورونٕنۍ بیٚنہِ ریٖچا چھےٚ مشورٕ دوان زِ اتھ جورِ پزِ فٔرٹلِٹی سپیشلِسٹ ڈاکٹر آنند جوشی ہس سمکھُن، یُس تمن ان وٹرو فرٹیلایزیشن کرنُک مشورٕ چھُ دوان، یہ چھےٚ  حملچ  تکنیک یۄس تہندۍ امکان بڑاوان چھےٚ۔
3003,پیٹرن کوٚر دارالحکومت ماسکو پیٹھ سینٹ پیٹرز برگ ناوٕ کس أکِس نوِس شہرس کُن منتقل۔
3004,ریوٲیتی کوہ پیماہو بنوو  اسپرنگ ہیتھ كانٹہٕ لگاونٗك آلہٕ ، ییمہِ   چوک تہٕ تبرو  برعقس کٲفی محفوُظ روزنہٕ خٲطرٕ مٗختلِف قٕسمہٕ كین  کوہ پیمائی ہنٛدین طرزن  اجازت دِیوٗت ۔ 
3005,بحیرہ عربٕچ شاخ چھےٚ شمال کن گژھان تہٕ امیک زیٛادٕ تر روُد چھٗ مغربی گھاٹہٕ کس ہو كِس طرفس پیوان ۔
3006,"وۄنہِ  یہِ کینٛژھا بَچومُت چھُ سُہ چھُ  تامِل ناڈوُ کِس تروُچیرپلی شہرَس مَنٛزامہِ ناوُک اکھ ریلوے سٹیشن تہٕ    ویسٹ بلیوارڈ روڈس سۭتہِ  مین گارڈ گیٹ۔
"
3007,تٔمۍ گیون ایسٹریلا دا امادورا ، اولہانینس ، وٹوریا ڈی سیٹوبل تہٕ بوویسٹا خٲطرٕ ۔
3008,"یہِ خطہٕ چھٗ  ہندوستانک واحد 
ضلعہ  یتھ 10سب دِوِجن چھِ۔"
3009,دیوی چودیشوری ہُند اکھ بوٚڈ مندر چُھ اتہِ ۔ 
3010,اتہ کین لوکن ہنٛد تعلق چھ مختلف عیسٲیی فرقن سۭتۍ، زیادٕ تر شمالس منٛز پریسبیٹیرین تہٕ جنوبس منٛز بیپٹسٹ۔
3011,ملکس منٛز آو نہٕ کانٛہہ تِہ کورونا وایرس کیس وُچھنہٕ ۔
3012,نیٚومیٚن سُند ونُن چُھ زِ سُہٕ گژھہِ نہٕ بیٚیہٕ زانٛہہ تہٕ بیٚیٕس مگرمچھس نزدیک۔
3013,شیر چھ جنٛگلس منٛز 10 پٮ۪ٹھٕ 14 ہن ؤرین تام زنٛدٕ روزان۔
3014,أمۍ سٔنٛزِ تنظیمہِ ہُنٛد ونن چھ زِ پانژھ ملین کھۄتہٕ زیادٕ طٲلبہ عٔلمو چھ لوٗہس تحت بدھ متک پناہ روٚٹمُت۔
3015,یہ چھٗ نٗمایاں طور، اکِس  سابقہٕ پٗرتگٲلہِ  نو آبادی کاسیمانس کِس خطس منٛز۔
3016,مگر کُنہ ساتہٕ چھ زر مبادلک شرح کم گژھان تہٕ غٲر ملکی ذخیرن چُھنہٕ وقار روزان۔
3017,امہِ  خوطبن ہوو قۄدرتیگوپھہِ ہٗند تٲریخ 4 مہ  صدی عیسوی کِس اتھہِ  دورس منز ۔
3018,ییٚلہ پانڈو سلطنتک دعوی کرنہٕ تہٕ پنن احترام کرنہٕ خٲطرٕ ہستناپور واتان چھِ، کرشنن تھوٚو تمۍ سنٛد شرارت محسوس کٔرتھ دھرتر راشٹرس برٛونٛہہ کنہ بھیم سنٛد شٔشترو پۄتُل۔
3019,"اَمہِ علاوٕ مَہ مشرِو سمال بزنس سیٹرڈے بَٹہٕ وارِ تہٕ سایبر منڈے ، بَٹہٕ وارِ تہٕ ژٔنٛدٕروارِ دۄہ تھینکس گِوِنٛگ پتہٕ۔
"
3020,کڈ اے کڈ اے چھ ریڈیو ہیڈ بینٛڈک ژورم البم۔
3021,اے ایف ایل بنیو 1964 منٛز این بی سی یس سۭتہِ پانٛژن ورین ہنٛد 36 ملین امریکی ڈالر ٹیلی ویژن سوداہس  پیٹھ دستخط کرنہٕ برٛونٛہہ اکھ اہم حریف ۔
3022,تم چھِ بحژ کران تکیاز تم چھِنہٕ  گھریلو کامہِ   تہٕ  سۭتۍ  اکھ أکہِ سٕنٛز ذمہ وأری سنٛبھٲلتھ ہیكان ۔
3023,"تمام سنجیدہ رسمَن تہٕ تقریبن ہُنٛد آغاز چھُ ویدک مذہبَ کین   پیروکارَن منٛز ہوما سٕنٛز کارکردٕگی سۭتۍ گژھَان۔
"
3024,سہ چھ أکس تَس  زنانہ ژھانٛڈان ییٚمہ 1965 تھس منٛز  تمۍ سُنٛدجان بچوو ۔
3025,گوپال IV موٗد یا تِہ جنگس منٛز  یا موٗر سُہ مدن پالن ۔
3026,1970 دٔہکس وسطس منٛز زیادٕ پیداوار پیدٕ کرن والیٛن مختلف فصلن ہنٛد تعارف سۭتۍ کوٚرُکھ اناجک پیداوارس منٛز نمایاں ہُریر۔
3027,یہٕ چُھ 1995 منٛز ڈیٹرائٹ، مشی گن منٛز قائم۔
3028,"اَمیُک مقصد چھُ  حسین سٕنٛدِس تکلیفَس تہٕ شہادتس سۭتۍ جوڑُن، تہٕ تٔمۍ اسلام زِنٛدٕ تھونہٕ خٲطرٕ دِژمٕژ قربانین سۭتۍ۔
"
3029,ووٹن تہٕ لوگے چھ سٲری سون ن،وان  تہٕ چھ واپس وَلہلا  گژھان۔
3030,انگریز زبٲنہِ ہٗنٛد مدتھ آو  25 جولایی 2017  جوڈنہٕ ۔
3031,یمہٕ لٹہٕ چھُ یہِ مقصد زِ جاپٲنۍ یِنہٕ برونٛہہ کرون ہندوستان آزاد تہٕ اگر تِم یِن تِمَن سۭتۍ روزو لڑنہٕ خٲطرٕ تیار۔
3032,"نیرج پانڈے یَس آو پتہٕ فِلمہِ ہِنٛز کٲم کرنہٕ خٲطرٕ رٲبطہٕ کرنہٕ یوان  ییٚلہِ سُہ بیبی  پٮ۪ٹھ کٲم اوس کران۔
"
3033,"رِباؤنڈ پتہٕ بیٛاکھ پاس چھُ آؤٹ لیٹ پاس آسان۔
"
3034,کینژن گرجا گھرن منٛز، چھٗنہٕ اپٹیفِیوس نِشٲنہِ زانٛہہ  کُنی زٕنہِ تھونہٕ یوان بلكہِ چھٗ اتھ سٕتہِ دوہ كین 24ہن گھنٹن اكھ پرن وول پسلتر پیٹھہٕ تِلاوت كران آسان ۔ 
3035,یہ چھ پہٲڑۍ علاقس منٛز تہٕ چھ اکھ شاندار سیاحتی مقام ۔
3036,"ژوٗرم بٲتھ، ""ایک دو تین""، اکھ آئٹم بٲتھ یتھ منٛز جیکولین فرنانڈیز ٲس، آو 1988 چہ فلمہِ تیزابٗک، آو امہِ فِلمہِ باپت بییہِ بناونہٕ ۔ "
3037,ییٚلہِ دادو پرسووَس سونیاسو میاموٹو پٔتھۍ کِنۍ ٹاس لگاوان چھُ، کاواگوچی یَن ترٛٲو ڈاریجو سرنا سُنٛد ڈرایوٕن جُرمانہٕ بچاونہٕ باپت پننہِ کھورِ طرفہٕ بۄن کُن وۄٹھ۔
3038,بلڈاگ اوس اصلی 1600 کس دہلس دوران داند لڑایہِ خٲطرٕ پالنہٕ یِوان۔
3039,"کھیل چھِ پلے سٹاپ پیجَن ہٕنٛدِ وجہ سۭتۍ تِہنٛدِ واضح زیچھرٕ کھۄتہٕ زِیٛادٕ وقتَس تام روزان۔
"
3040,"ہِندوستانَس منٛز سینَسر بورڈٕ طرفہٕ منظوٗری دِنہٕ باووٚجوٗد آیہِ فلمہِ برطانیہَ ہس منٛز ""منشیاتُک حوالہٕ، منشیاتُک غلط اِستِعمال، كٗنہِ كٗنہِ  مضبوُط جِنسی حَوالہٕ"" کہِ وجہ سۭتہِ 15 صند دِنہٕ۔"
3041,"سلیم  اوس نہٕ 1996 پیٹھٕ فلمَن منٛز زِیادٕ سرگرم تِکیازِ تمۍ یُس فولڈ لیوکھمت اوس، یِتھ کٔنۍ زَنہٕ عکایلا، طوفان تہٕ باقی 1988 تہٕ 1996 ہَس درمیان ٲس فلاپ گٔمٕتۍ۔
"
3042,تُہۍ پرِٛژھِو گۅڈٕ گراہکن زِ کیا تُہۍ ہیٚکہِ وا یِم حوال جات باپَتھ استعمال کرِتھ تاکہِ تُہۍ وٲتِو زیادٕ کھۅتہٕ زیادٕ لوٗکن تام۔ 
3043,بطور پیشاب کہِ نظام کہِ حصہٕ  چُھ یہِ پیشاب جسمہٕ منز نٮ۪بر کڑان۔
3044,امہٕ سۭتۍ ہیکہٕ یہٕ تجویز گژھت کہ مذہبی تقریب اگر کنہہ چھ، تیلہٕ ہیکہٕ بڑس حدس تام انفرادی گرن، لۄکٹین مندرن، یا کھلہٕ ہوہس تام محدود أستھ۔
3045,"گولفس منٛز چھ اکھ گولفر أکس مقرر ترتیٖبس منٛز واریاہن زدن گندان۔
"
3046,यि छु सी जी आइ मंज़ कोडिड त् छि वारिया प्रोगरामर इसतेमाल करान.  
3047,مہاراشٹرٛاہَس منٛز چھِ رِیاستی حکوٗمت تہٕ ذٲتی شعبہٕ 1 مئی مختلف نَوین پرٛوجیٚکٹَن تہٕ سکیمَن ہُنٛد افتتاح تہٕ شروع کران۔
3048,یمن دورن  ہٗند  آو دیماغ كہِ  برقی اِشارٕ سوزنہٕ كِس طریقس مٗتعلق مزید زاننہٕ باپت  مطالعہٕ كرنہٕ ۔
3049,مؤخر الذکر چھ مشرقی ریاستن تہٕ بنگلہ دیشس منٛز حملہٕ کرنک زیادٕ عام طریقہٕ، یتھ منٛز کھسن تہٕ اونچٲئی منٛز اکثر تبدیلیہٕ شٲمل چھ۔
3050,ریاست کس مجموعی گھریلو پٲداوارس منٛز چھ شاندار اضافک اطلاع وزارت شماریات تہٕ پروگرام امپلیمینٹیشنن دیُتمت۔
3051,"2010 چہ مردم شماری مطابق ٲس آبادی 90,336 ۔"
3052,سُہ اوس فرسٹ ڈسٹرکٹ پیٹھہٕ  ہوائی سینیٹٗک رٗکٗن۔
3053,زیادٕ تر چیز یم میژ آتش فشاں چھ نیبر چھکان چھ آتش فشاں پھٹنس دوران گژھان۔
3054,کلاسیکی منی پوری راس لیلا رقص صنفس میج نوبل انعام یافتہٕ رابندر ناتھ ٹیگور سٕنٛزو کوٗششو سۭتہِ دوٚیم زِنٛدگی ۔
3055, لکشدیپس منز مونگاہس منز اکہ بجہ  بٹر فلاے گاڈِ (چیٹوڈون فالکولا) ہٗند نزدیك پیٹھہٕ فوٹوُ ۔
3056,امہ کس نٔتیٖجس منٛز چھٗ ۄونہِ  ؤرِیس منٛز روُد پینٗك  کٗل جمع معمول کھوتہٕ اکھ ٲنٛٹھ زیٛادٕ ۔
3057,کرشن نریتا تہٕ ناڈوبھنگی نریتا ہٕنٛدۍ پَلو چھِ بھگوان کرشن کٮ۪ن پَلوَن مطٲبق لِدُر تہٕ نیوٗل۔
3058,ییٚلہ بیس بال اتھہٕ پنٛجہ گۄڈنچہ لٹہٕ بناونہٕ آیہ ، تم ٲسۍ نہٕ واریاہ اِستعمال کرنہٕ یوان ۔
3059,"اتھ منٛز چھ واریاہ لۄکٕٹۍ گام تہ شٲمل یتھ کٔنۍ زن میناپن، ہوپر تہٕ ہسپار۔
"
3060,کوین وٗلف اوس مرسیائی رئیس کتھبرتھ سُنٛد نیچٗو ۔
3061,خٲلص رۄپہٕ سۭتہِ  بناونہٕ آمٗت تار اوس فانمٗک شیٚیم حصہٕ تہٕ سرتلہٕ سۭتہِ  بناونہٕ آمٗت چیتل اوس تارٗک ترٛیٚیم حصہٕ ۔
3062,واریاہ شکریہ، ڈاکٹر صٲب! مےٚ چھےٚ وۄنۍ واریاہ فرق باسان۔ تہند مدد چھ میانہ خٲطرٕ واریاہ مطلب تھاوان۔
3063,اِقتِصٲدی ترقی تہٕ واجپاے سٕنٛدِ پاکِستانس سۭتہِ امنٕکہِ پَہل سۭتہِ فٲیدٕ تُلنہٕ کہِ وۄمیز منٛز کوٚر أمۍ مقرر وقتہٕ برٛونٛہہ شےٚ رٮ۪تھ  اِنتِخابُک اعلان۔
3064,سِکھ ییلہِ تعدادس منز کم گیہ، تِم کھتۍ روہان کُن پتھ اند کورُکھ اتہِ کِس قلعس پیٹھ  ،12 اکتوبر  1710 مغلن راہون کِس جنگس منز ہار دِتھ قبضہٕ۔
3065,تجویز کردہ دواہن سۭتۍ شراب ملاونہٕ سۭتۍ چھ اکثر خراب گژھنس منٛز اضافہٕ یا تیز گژھان۔
3066,"اَمہِ سٹورٕکۍ نٔوِ چیز وُچھِو ""نَیہِ آمد"" سیکشنَس منٛز، پتہٕ ""فیچرڈ پروڈکٹس"" پیجَس سۭتۍ سۭتۍ کانٛہہ تہِ چھُٹی تہٕ خاص موسمی چیز۔
"
3067,تِم چِھ اِکہ وَٹ جشن مناوان، چَوان، تہٕ بوٖسٕہ کران۔
3068,یہ چھ گینگسٹر ہس مکھ، عثمان بھایی تہٕ انا شیٹی پنٛنس اتھس تل رٹان۔
3069,بین الاقوٲمی موئے تھائی یس منٛز اوس  1980 کس دہلس تام مژھن ٹاس كڈنِس  اجازت تہٕ  وٗنہِ  تہِ چھٗ بزات خۄد تھایلینڈس منٛز یِہٗند  جٗزوی اجازت۔
3070,2015 پؠٹھٕ پنٛنس مرنس تام اوس سہ ہیلینی پارلیمنٹک رکن۔
3071,کھرگون، کھنڈوا، برہان پور، بیتول، چھندواڑہ، سیونی، انوپ پوٗر، عمریا، شاہڈول تہٕ سنگرولی ضلعن منٛز چھ 30 پیٹھہٕ %50 آبٲدی قبٲیلی۔
3072,یہ شو اوس گۄڈنچہ لٹہ 17 جنوری 1988 دۄن گنٹن ہٕنٛدس پایلٹس سۭتۍ ہاونہٕ آمت۔
3073,ترٛیٚہ ممبر ٲسۍ مقرر کرٕنۍ سیٚکرِٹری سِٹیٹ آف اِنڈیا کہِ طرفہٕ تہٕ زٕ خۅد مختار۔ 
3074,اگر توہہِ سۄ بطور پنٕنہِ مٗشیر نوكری پیٹھ  تھاوان چھِوون ،  تۄہہ چھِ  یہ زانٛنٕچ ضروُرت زِ باقٕیہ  آسنا اتھ منٛز شٲمل ۔
3075,عائشہ چھےٚ گرٕ واپس گژھان تہٕ وۄنۍ چھےٚ باقین نوکرن پیٹھ خوفٕچ حکومت شروٗع کران۔
3076,بَحر الکاہلَس منٛز برطانوی علاقن کوٚر 1970 کِس دہائی منٛز آزٲدی حٲصِل ییٛمِچ شروعات 1970 منٛز فجی سۭتۍ گیہٕ تہٕ 1980 منٛز گو وانواتو سۭتۍ خَتٕم۔
3077,"اَمہِ عملہِ ہٕنٛدِس نتیجس منٛز چُھ LDL گردش کہِ نظامہٕ منٛزٕ کڑنہٕ یِوان۔
"
3078,آرڈر ڈپپروٹوڈونٹیا† ہٗک مطلب چھٗ نابوٗد خاندان ، جینی  یا زوٗوٕ زٲژ۔
3079,تاملکم کیٛن گۄڈنکیٛن سکن پیٛٹھ ٲسۍ ترٛیٛن تاجدار بادشاہن ہٕنٛدۍ علامتہٕ، شیر، گاڑ تہٕ کمان یم چول، پانڈیا تہٕ چیرا ہٕنٛدین علامتن ہٕنٛز نمٲیندگی کران چھ۔
3080,فیس بکس پیٹھ چھٗ امیٗک مطلب   تۄہہ چُھ کمپنی تہٕ باقیہ گراكن  دۄشونی ہندِ وٗچھنہٕ باپت پنٗن پوسٹ عوٲمی بناونٕچ ضٔروٗرت ۔
3081,گواسکرن کٔر ٹریٹن سولرس منٛز بطور برانڈ ایمبیسیڈر شمولیت اختیار۔
3082,1580 منٛز ، بنیو ڈریک دنیاہس منٛز سفر کرن وول گوڑنک انگریز ۔
3083,یہِ تلاو چھُ رسمن  تہٕ سۭتۍ  عام سر٘انہٕ  خٲطرٕ تہِ استعمال  کرنہٕ یِوان ۔
3084,کوپا کانسٹیٹوس چھ انڈوران فٹ بالس منٛز کپک مقابلہٕ ۔
3085,"تازٕ تٔریٖن ثٔبوٗت چھِ باقٕے علاجَن ہٕنٛدِس مُقابلَس منٛز تِمَن لوُکَن منٛز پَکنہٕ  كِس رفتارَس پٮ۪ٹھ موٹر امیجری ہٕنٛدِ قلیل مدتی فٲیدَن ہٕنٛز حمایت کران یِمَن فالج چھُ گوٚمُت۔
"
3086,یتھے پٲٹھۍ تِم فنکار یِم لہجَس منٛز مٲہِر چھِ ہیکَن  تِتھۍراگ بنٲوِتھ یِمن منز مدر لَےآسہِ ، تہٕ یِم فکر تہٕ موسیقی ہٕنٛدۍ مقابلَن ہُنٛد لُطف تُلان چھِ، تِم چھِ ہیکن پیچیدٕ ورگہ راگ بنٲوِتھ۔
3087,سوٗ مِیوُل  پنٛنہِ دویم خانٛدارنہ کرسٹین روہنہِ شکاگوہس منٛز أکِس دوست سٕنٛد ذٔریعہٕ  ۔
3088,قعلس ٲس اندۍ اندۍ ٲس اكھ كھایہِ تہٕ اتھ اوس  مقٲمی تہٕ یورپی مكانن ہٗند گِرد اكہ فصیلہ پٲٹھۍ  کٲم دِوان۔
3089,فوبِیا چھےٚ 2016 ہٕچ ہِنٛدُستانٕہِ  نفسِیٲتی جوش پٲدٕ کَرن واجیٚنہِ  فِلِم، یمِیوٗك  ہِدایتكٲری پَوَن کِرپَلانی ین کٔرمٕژ چھےٚ تہٕ وِکی رجنیٖیَن  پیٖش كٕرمٕژ چھےٚ  ۔
3090,گاندھی پیٹھ اوس اتھ حملس سیٲسی مقصد خٲطرٕ استعمال کرنُک الزام۔
3091,تم چِھ تمن پرٲنۍ ورکشاپس منٛز سیفس منٛز چھپاوان۔
3092,"سٹیکرس پیٹھ آسہِ اکھ نمبر یٗس 
 بطور امیوٗك  پروڈکٹ کوڈ ہٲوِتھ آسہِ ۔ "
3093,"پننہِ اَلمِیہ تہٕ دوکھٕچہِ تصویر کشی باپتھ مشہوٗر رائے ٲس پننہِ اداکٲری ہِنٛزِ قٲبلیت باپتھ زاننہٕ یِوان تہٕ ہِنٛدی فلمی حلقَن منٛز اوس أمِس بلاوجہ ""مٗصیبتٕچہِ  ملکہ"" وننہٕ یِوان۔"
3094,یہ چُھ دۄشوٕنی خٲطرٕ اہم اگر تُہۍ ایجنٹ سٕند فیصلہٕ سۭتۍ خوش چِھو یا تُہۍ چِھو اتھ سۭتۍ ناخوش زِ تمو کِتھ پٲٹھۍ کوٚر تۄہہ سۭتۍ برتاو۔
3095,علاقہٕ محفوٗظ تھاونہٕ باپتھ آو پُلیٖس بُلاونہٕ ۔
3096,پنٛنہِ دویمہِ تیلگوٗ فِلمہِ 'مُکنٛڈا' کِس بٲتس 'گوپیٖکَماہس' منٛز کٔر ہیگڈے ہن   پنٛنہِ یادگار اداکٲری ستہِ واریاہ مُتٲثِر۔ 
3097,یہِ زٲنِتھ زِ یہِ چھٗ تھینكس گِوِنگ پتٗك دوہ، فاسٹ فوٗڈ مہٕ كھیٚیو اگر ممکن سپدِ یمو نشہ کرِو پرہیز۔
3098,بچاوٕ مۄکھٕ چھُ یِمَن علاقَن منٛز مٔہۍ ٹۄپہ لگٕنہ کم کرُن ییٚتہِ یہِ بیٚمٲرۍ گژھان چھِ، تہٕ  بییہ چھُ کنڈومُک مُنٲسب استعمال ۔
3099,"یہِ فِلم چھےٚ 2 اگست 2013 ریلیز گژھَن واجِنۍ ۔
"
3100,سکرول چہ نندنی رام ناتھن کوٚر فلمہ منٛز رناوت سنٛد کردار رانی 2014 ہٕچ ہندی فلمن منٛز بہتٔریٖن کردارن منٛز اکھ قرار۔
3101,جھیل میککوری چھٗ سمندرس سٕتہِ سوین سی نہرِ  تہٕ لیکس انٹرنس  ذٔریعہ جٗڑِتھ ۔
3102,میفیلڈ آو پانہٕ  2022 کِس سیزن برٛونٛہہ کیرولائنا پینتھرس نِش کٔنٛنہٕ آمُت ۔
3103,ابتدٲیی بصری کیے بینٛڈ ٲس گلیم راک تہٕ ہیوی میٹل سۭتۍ واریاہ زیٛادٕ متٲثر۔
3104,"ایمریكاہس منٛز ہاؤسنگ چھِ  امریکی معیشتُک اکھ اہم حصہٕ۔
"
3105,2021 منز لوٚڈ تمۍ کویمبٹوُرٕ جنوُب پیٹھہٕ چُناو مگر تٕمہٕ ہور بی جے پی مہِلا مورچا چہٕ صدر وناتھی سرینٕواسن نشہ سیٹھاہ کم فرق سٕتۍ ۔ 
3106,پلکیشن II سٕنٛدٮ۪ن سکن پٮ۪ٹھ اوس نانكہٕ طرفہٕ  دٔچھُن کُن بُتھ کٔرِتھ زین كرِتھ شیر ببر  تہٕ تھرِ  طرفہٕ اکھ منٛدر۔
3107,یہ میادٕ چھٗ سخٕت گاسہٕ ژاپنس منٛز مدد کرنہٕ خٲطرٕ اکھ موافقت ۔
3108,"بیپٹسٹ مشنری جان چیمبرلین، ییٚمہِ ہردوارَس منٛز 1824 کِس اردھ کمبھ مٲلٗك  دورٕ کوٚر، ووٚن زِ وارِیاہس تعدادَس منٛز ٲسۍ سیاح آیہ تجارتہٕ خٲطرٕ اور ۔
"
3109,تِمَ گیہ بطور  راجپوٗت جنٛگجوٗہن ہِنٛدِ اکہِ طبقہٕ شروٗع یِم فصلہٕ لوننہٕ پتہٕ  كاشكارن فوجی اكٲی ین منز جمع تہٕ مُصلح كران ٲسہِ، تہٕ مؤثر طریقہٕ بطور دفٲیی دستہٕ كٲم كران ٲسہِ ۔ 
3110,دریائے سندھٕچ تشکیل گیہ لگ بگ 5  کروڑ ؤری برونٛہہ شروع۔
3111,"ساسہٕ بدیو وٕریو پتہٕ ییٚلہِ تِم بٔڑۍ گٔیہٕ، یہِ دُنیاہ ترٛاونُک وقت اوس آمُت۔
"
3112,یہ چھ ڈیمنشیا تہٕ سکیٖزوفرینیا والٮ۪ن لوٗکن منٛز تہٕ اینوکسک برین چوٹہٕ پتہٕ ظٲہر گژھان۔
3113,روایتی طور ٲس زیادٕ تر مقٲمی آبٲدی کاشتکٲری ہٕنٛدس طریقس (ژٹنہٕ تہٕ زالنُک اکھ قسم) پیٹھ عمل کران۔
3114,شر٘وكٗن  ہیٚکہ وارٕ وارٕ کم گژھنہٕ برٛونٛہہ واریہن ہفتن تام جٲری روزتھ۔
3115,اکھ اصل مثال چھ گرٹہٕ  تلاوس  منٛز آب ۔
3116,1960 تہٕ 1970 کس دٔہلس منٛز آیہ امریکہس منٛز گۄڑٕنِچ جاپٲنۍ گاڑِ کٕننہٕ۔
3117,بیٛاکھ بغاوت ٲس 1994 منٛز ییٚلہ زاپٹسٹاسن صوبہٕ چیپاسس منٛز بغاوت کٔر۔
3118,سویڈن تہِ اوس زٕ تمغہٕ حٲصِل کٔرِتھ سرفہرست مُلکَن منٛز شٲمِل، اکھ رلہٕ مِلہٕ ٹیمُک رُکُن۔
3119,"توتِہ چھٗ  وِنک سندِ  مطٲبق ، ""از کل چُھنہٕ کانٛہہ تِہ توٲریخ دان تِمن تُرک-منگول یا 'ہُن' سمجھان ، حالانٛکہ تِہنٛدِس وسطی ایشیٲیی آسنس  منٛز چُھنہٕ کانٛہہ شک ۔"""
3120,سۄ چھےٚ خوبصوٗرتی ہٕنٛز علامت تہٕ بہادُری ہِنٛز علامت تہِ۔
3121,پوٗرٕ کھیلس منٛز اوس شین تہٕ زبردست ہواہ جٲری، تہٕ پرٛیتھ دور کس وسطس منٛز اوس شین صاف کرنہٕ خٲطرٕ زیمبونی نیبر اننہٕ یوان۔
3122,کونٹریراس آئی ورڈیالیز مۄیہ 6 جولائی 2020 ییٚلہ سۄ87 ورش ٲس۔
3123,یِہ چُھ اِکھ مبالغِہ: مثال پٲٹھۍ، کتبہ چُھ یِمَن بادشاہَن منٛز سِمھالا بادشاہ سُنٛد ذِکر کَران۔
3124,فجی یس منٛز ہولی ہنٛدس موسمس منٛز گیونہٕ ینہٕ والiن لوک بٲتن چھ پھاگ گایان ونان۔
3125,"بہٕ چھس یژھان میون بوٚڈ بوے گوٚژھ مےٚ سۭتۍ  رولر کوسٹرس پیٹھ  یُن۔ تمہ بجایہ چھٗ  
  سوٗ واٹر سوارِ کران۔"
3126,ایسٹیئرز چُھ شمٲلی فرانس کِس شہرس منٛز اکھ کمیون ۔
3127,"ساہِل چُھ تَمہِ وِزِ ناراض گَژھان ییٚلہِ سُہ تِمن نِش یِہ بوزان چُھ زِ سیم تہٕ انیتا چھِ پرٛٮ۪تھ رٲژ جِسمٲنی تعلقات بناوان، تہٕ پنٛنِس یارس سۭتہ لَڑٲے کران۔
"
3128,"سویتا امبیڈکر، ییٚمِس 'مائی' تہِ ونٛنہٕ اوس یِوان، مۄیہ مٗمبیی منٛز  29 مئی 2003 دوہ 93 وری وٲنٛسہِ منٛز ۔
"
3129,"ٹرنر سنڈروم چھٗ 2,000 منٛزٕ اکِس تہٕ 5,000 زنان منز اكِس زینہٕ وقتہٕ گژھان ۔"
3130,"یہٕ چُھ 51° 19 شمال، 05° 05 مشرقس منٛز۔

"
3131,پولو چھُ اکھ ہارس بیک بال گیم، اکھ روایتی فیلڈ کھیل تہٕ دُنیاہٕک قٔدیٖم تٔریٖن مشہوٗر ٹیم کھیلَو منٛز اکھ۔
3132,منڈلا، بالاگھاٹ، سدھی، جبل پور، تہٕ باقی انتہٲیی مشرقی حصن منٛز چھ 150 سینٹی میٹر کھۄتہٕ زیادٕ رُود پیوان۔
3133,فالجِچہِ علامتہٕ چھے٘ عموُمن اچانك شروع گژھان ، مِنٹن تہٕ سیكنڈن منز ، تہٕ چھنہٕ زیٛادٕ تر معاملن منٛز  امہِ برون٘ہہ پكان ۔ 
3134,"پیشہٕ ور بننُک یہِ ذریعہٕ آو پتہٕ ""پرو ٹکٹ"" تقریبن ہُنٛد اکہِ سِلسِلہٕ سۭتۍ بدلاونہٕ۔"
3135,اتھ پیٹھ آیہ  1993 تھس منٛز اكھ فِلم بناونہٕ ، ییمِیوٗك ہدایت سٹیون اسپیلبرگن دیوٗت ۔ 
3136,سڑکہ پیٹھ آسن معموُل تہٕ چالن باپت ریمپ تہٕ ریل ۔
3137,سنگرام راج اوس أمِس کھوژان تہٕ دِتُن أمِس واریاہن ؤرین پنٛنہِ مرضی پیٚٹھ پکنہٕ۔
3138,پنڈوکَڑا آبشار چھُ اکھ آبشار یُس کھارگھر، نٔوِی مُمبٮٔیٕک مضافٲتی علاقَس منٛز واقع چھُ۔
3139,اَمہِ پتہٕ بٗلٲوِیوٗكھ تِم  تفصیلہٕ سان خدماتن پیٹھ مشورٕكرنہٕ باپت ۔ 
3140,اسہ تروو پھركھ ییٚلہ ڈاکٹرن تصدیق كو٘ر ز میانہ ہشہِ ہندِس صحتس چھنہٕ كانہہ خرٲبی ۔ 
3141,گورنر سٕنٛز کٲم چھےٚ یہ وٕچھن ز ریاستی قونونن ہنٛز پابندی چھےٚ کرنہٕ یوان۔
3142,سیفِیلِس ہیٚکہِ اکھ واریاہ خطرناک بیمٲرِ ٲسِتھ اگر نہٕ اتھ یلاج  کرنہٕ ییہِ ۔
3143,یہ چھ 51°08 شمالس منٛز ، 04°45 مشرقس منٛز ۔
3144,یہِ حالت چھِ سطحی رگَن منٛز ساروٕے کھۄتہٕ زیادٕ عام یَتھ منٛز زنٛگہٕ شٲمِل چھِ۔
3145,واریاہن بجن کمپنین چھ پنٛنٮ۪ن سیلز تہٕ مارکیٹنگ ڈیپارٹمنٹن منٛز کٮ۪نٛہہ مسٲیل آسان۔
3146,گانٛٹہِ بیار تہوار چھِ پوٗرٕ دُنیاہَس منٛز اکھ مقبوُل  تفریح ہچہِ صوُرت ۔
3147,سۄ ٲس 1983 پٮ۪ٹھہٕ پننِس مرنس تام کمپنی ہنٛز سربراہ ۔
3148,پُرتگٲلیٚن سۭتہِ  طے محادن  ہندِ مُطٲبِق اوس تٔمہِ  پرٗتگٲلہِ  پادٕرین عیسائین درمیان تناعضہٕ انزراونٗك اجازت تہِ دِیوٗتمٗت ۔ 
3149,یہ چھ مایوس کٗن ییٚلہ نہٕ خریٖدار سانہ وفادٲری ہندِ  پروگرامٗک فٲیدٕ تٗلان چھ  ۔
3150,برٗن٘ہِم  بوٚڑ آتش فشاں پَھٹُن آو 18 فروری 2003 ہس منز رکارڈ کرنہٕ۔
3151,اپیل بوزنہٕ پتہٕ تھوٚو پانژن ججن ہنٛد اپیل کورٹن پنن فٲصلہٕ امہ پتہٕ کس تاریخس تام محفوظ۔
3152,در٘اس، کرگِل تہٕ  لیہہ آیہ  آزاد کرنہٕ تہٕ لداخ آو  دراندازو نِشہِ صاف كرنہٕ ۔
3153,"تس چھ عمومن پوشن ہنٛد تاج لاگنہٕ یوان تہٕ نژن شروع گژھنہٕ برٛونٛہہ چِھ سۄ تقریر کران۔
"
3154,"پرٛٮ۪تھ ؤرِیہِ  چھٗ 21 مارٕچ  یوم  ورلڈ ڈاؤن ساینڈر٘ومَ  ، ڈاؤن ساینڈر٘ومس متعلق بے٘دٲری پٲدٕ كرنہٕ باپت مناونہٕ یِوان ۔
"
3155,نرسمہا مندر چھُ پوٗری، اڈیشہ، ہندوستانَس منٛز گُنڈیچا مندر کِہِ مغربی طرفہٕ تہٕ اندرادیومنا تلاو  کِس مشرقَس منٛز واقع ۔
3156,1980 كِس دہِلِس  منٛز ژاو سُہ کینٛژس کالس سِیاستس منٛز تہِ۔ 
3157,اکھ مٲلی سٹیٹمنٹ فارم گژھ آسن، یو سی سی-1، یس تہۍ ہیٚکو پورٕ کٔرتھ۔
3158,بالکل زبٲنۍ ہٕندۍ گردان پٲٹھی، جوڑن والین لفظن ہٕندۍ گردانن ہٕندۍ آثار چِھ مختلف تہٕ مشکل آسان، زیادٕ تر ٹینسِزو باپت چُھ ناقص فعل تہٕ/یا اِنفِکسٕڑ وربل آکزِلٔریزن ہُند ضرورت  ۔ 
3159,سہٗ اوس میجر لیگ بیس بال ٹیمکہِ اوکلینڈ ایتھلیٹکسٗک مٲلکھ ۔
3160,برطانوی مشنری یمو اکثر فوجو تہٕ سول سروینٹو برونٹھ پورٕ دنیاہس منٛز سفر کوٛر تم پھیلاو پروٹسٹنٹ ازم تمام براعظمن منٛز۔
3161,"ییٚلہِ زن آدتیہ سٕنٛز نٔو خانٛدارِنۍ تہٕ أمۍ سٕنٛز موج، گایتری سنگھ (دیپتی نوال) چھِ أمۍ سٕنٛز سرجری مُکمل گژھنَس پیٛاران، آدتیہ ہَس چھُ اینستھیزیا آگٲہی ہُنٛد سامنہٕ پیوان۔
"
3162,فیلڈ ہاکی تِہ چھ ریاستس منز اکھ مقبول کھیل۔
3163,پروگرام ہیکو  اعتماد سان  بنٲوتھ ز پریتھ اکھ حصہٕ چھ کٲم کران۔
3164,"کوارٹر بیک چھُ جُرمُک رہنما۔
"
3165,گرونڈونا گزریو بونس آیرس، ارجنٹیٖنا ہَس منٛز اکہِ آورٹک اینوریسمہ سۭتہِ، 82 وریہہ  وٲنسہِ منٛز۔
3166,کینٛژن  دوستَن تۄہہِ سۭتہِ ونڈۄ شاپنگ خٲطرٕ دعوت دِنہٕ سۭتہِ ہیٚکہِ یہِ زِیٛادٕ مزٕدار بنِتھ ۔ 
3167,لیوک تہٕ اتیلا چھ انا سنزِ جایہ واتان، ییٚتہ تم انایہِ کیمرہ خٲطرٕ ازاب کران چھِ ۔
3168,سیبرسن زینہِ شوُٹ آؤٹس منٛز 6-5  سۭتہِ گیم  ییٚلہ شوُٹ آؤٹُک وٲحد گول سیبرسٕكہِ  ڈریو سٹیفورڈن  سكور کوٚر۔
3169,ببہِ ٹینڈین ہیكن  تمہِ وِزِ چاكھ  گٕژھتھ ییٚلہ ببن منز زیادٕ دۄدھ برِتھ آسہِ ۔
3170,بنگلورَس منٛز شِو سٕنٛدِ خٲطرٕ وقف یہِ گۄپھہِ منٛدر چھُ اصل پٲٹھۍ وُچھنہٕ یِوان۔
3171,واریاہن معاملن منٛز ہیٚکہ بیٹری ہنٛد عملہ ہنٛدس نٔتیٖجس منٛز مجرمانہ تہٕ سول دۄشوے ٲستھ۔
3172,"یوٗنانس منٛز چھ متعلقہ افسانوی شخصِیت  ""ڈکایوس"" (""انصاف پسند "") ، یٗس یونٲنہِ سکن پیٹھ  اکھ عام خصوصیت چھٗ ۔ "
3173,منتظمینن کوٚر پرٛیتھ بالغ نفرٕ سنٛد شرکت خٲطرٕ اندراج کرنہٕ خٲطرٕ استقبال تہٕ پورٕ دنیاہس منٛز ساسہٕ بٔدۍ لوکن سۭتۍ رٔلِتھ کنہٕ تہٕ طریقہٕ تہٕ کنہ تہ جایہ جنسی جوش حٲصل کرنہٕ خٲطرٕ۔
3174,ڈیماکس اوس بندوسارا سٕنٛدس دربارس منٛز سیلیوسیڈ شہنشاہ اینٹیوکس اول سنٛد سفیٖر۔
3175,1726 پٮ۪ٹھہٕ 1727 تام کوٚر ولہیم فریڈمین بیچن گراونس سۭتہِ وایلِنٗك   مطالعہٕ ۔
3176,رونی چھ أکس حملہ آورن سُنٛد فون نِوان، تہٕ چھٗ اجے سٕنٛدس گھرس منٛز پنٕنہِ اکھ تصویر   وٗچھان، یہ فِكرِ تران ز اجے چھٗ سرگنہٕ ۔ 
3177,یہٕ كو٘ر  فروری 1999تھس  منٛز 5ژو بناون والیو  قٲئم  ۔
3178,یِمن ترجمن منٛز چھےٚ سۄ أکِس ہیٚنٛدۍ راجپوٗت رانی ہنز، چکلہ منز ہاونہ آمژ ییٚمہ پنُن عزت أکِس مُسلمان حملہ آورس نشہ روٚچھ۔ 
3179,तिमन छि लग बग 15 लछ खोत ज़याद ज़ियाफतन ह्युंद डेटाबेस.  
3180,یہٕ چھُ نرمل پیٹھ 50 کِلُومیٹر تہٕ عادل آباد پیٹھ 100 کِلُومیٹر کِس فٲصلَس پیٹھ ۔
3181,ٹویٹرک گۄڈنیک ؤرجن اوس صرف اوڈیو ملٲزمن استعمال کرنہٕ خٲطرٕ۔
3182,میوزک ڈایریکٹر چھ پرٛیتم تہٕ نغمہ نگار چھ امیتابھ بھٹاچاریہ۔
3183,پلائی ماؤتھَندِیوٗت  پتہٕ کھلٲڑِ ریان میک گنیس تہٕ ڈین کولنز سٕنٛدِیو دویو گولو٘ سہٕتہِ واپس جواب ۔ 
3184,باقےٕ دعوادارن نشِہ کم وٲنس آسنہٕ پتہٕ تہِ ٲسۍ احمد شاہ سٕنٛدِس حقس منٛز زیادٕ۔ 
3185," 8 وریہہ وٲن٘سہِ منز كٕر تمہِ ماجہِ سٕتہِ  ہوایی ہجرت۔
"
3186,خۄد کش بم دھماکہٕ تہٕ کامیکازے مشن چھ بٔڑس پیمانس پٮ۪ٹھ خۄدکشی ہنٛزٕ فوجی یا نیم فوجی شکلہٕ۔
3187,کینٛہہ لوٗکھ چھِ مانان گوڈیہ لۄکٕٹہِ رقمہٕ سٕتہِ کریڈِٹ کارٚڈ ادا کرٗن  چھٗ بہترین ۔
3188,"کُندالیکا بٔٹھِس پیٹھ واقع اَہَم قصبہٕ چھِ کولاڈ، کورلائی، چول، روہا تہٕ سلاو۔
"
3189,کار جیکنٛگ کار جیکنٛگ گٔیِہ گٲڑِ ژورِ کرنٕچ کٲم ، کار ہٕنٛدۍ پٲٹھۍ ۔
3190,ابتدٲیی راجپوت خانٛدان گرجر-پرتیہار آو 7مہِ صٔدی دوران اقتدارس منٛز تہٕ کوٚرن شمٲلی ہندوستانس منٛز اکھ شتریہ خانٛدان قٲیم، یُس پٔتمِس گپتا سلطنتس نؠبر اوس۔
3191,اَکہِ  گٲڑِ چَلاون وٲلہِ ، ییٚمِس نہٕ 7 میی صٗبحس گٲڑِ نِنُک اِختِیار اوس،  نِیہِ ذٲتی کِرایہِ پیٚٹھ چَلاون وٲلِس ڈیٛول وے سٕنٛدِ آنٛگنہٕ منٛزٕ شٲہی  گٲڈِ  ژوٗرِ۔ 
3192,"اَتھ منٛز چھِ یِتھہِ  معاملہٕ شٲمِل یِمَن منٛز پیچیدگی پٲدٕ  گژھَان چھِ تہٕ أمِس شخٕصَس چھُ وارٕ پٲٹھہِ ؤچھنٕچ ضروٗرت پٮ۪وان۔
"
3193,غٲلبن اوس  ڈر٘وٗیڈس تحت مطالعہ کرن وول ساروی کھۄتہٕ مشہور یونٲنہِ مٗفكِر  پایتھاگورس ۔
3194,"جنم اشٹمی چھُ عیسیٰ مسیح سُنٛد زینہٕ تٲریخ ماننہٕ یِوان۔
"
3195,یہِ اوس اکھ واریاہ جاندار شو، یَتھ منٛز واریاہ کینٛہہ جلدی سپدان اوس۔
3196,بین الاقوٲمی اولمپک کمیٹی چُھ گۄڈنچہ لٹِہ زنانن اولمپکسس منٛز باکسنگ منٛز مقابلہٕ کرنُک اجازت دِنُک فیصلہٕ کوٚرمت۔
3197,پرٮ۪تھ ضِلعُک اِنتظام چھُ ضلع  ہیڈکوارٹرو پٮ۪ٹھٕ ڈپٹی کٔمِشنر، ڈسٹرٛکٹ مجسٹریٹ، ضلع پنچایت دفتر، تہٕ عام طور ضلع  عدالت  سۭتہِ چلاونہٕ یوان ۔
3198,"کتبہ چھُ تجویز کران زِ سمدرگپتن کٔر جنوُبس منٛز پلوا سلطنت تام پیشقدمی تہٕ دِژٕن کانچی کِس پلاوا ریجنٹ وشنوگوپاہس شِکست۔
"
3199,اتھ چِھ عام طور پٲٹھۍ زٕ پٹہ آسان یِم سندو پٮ۪ٹھ کھسان چِھ ۔
3200,लुख हेकन यिमन हयुंद इसतेमाल पे-फ़ोन पेठ् पोंस दिनॅ वरायी फ़ोन काल करनॅ खातर करिथ. 
3201,زیادٕ تر چُھ اکھ حفاظتی کُنزِ سۭتۍ یوان یس مشینہٕ تہٕ تہنٛدس پلوس سۭتۍ جُڑان چُھ۔
3202,امیک تعلق ہیٚکہ اکثر دماغس گژھن وٲلن نقصانن یا بیٚمارٮ۪ن سۭتۍ ٲستھ۔
3203,سمأجی علومس منٛز، ایڈورڈ ڈبلیو سوجاہن چھ خلاء، عمل تہٕ نمائندگی ہنٛد تصورات سمجنہٕ خاطرٕ بھابھا سنٛد نقطہٕ نظرس پیٹھ ساری کھوتہٕ زیادٕ انحصار تہٕ تبدیل کرمِت۔
3204,تَمہِ گِندِ تمام شےٚ میچ تہٕ فاینلس منٛز کوٚرن اکھ گول۔
3205,امریکی فوجس منٛز اوس اکھ میٹراس توپ خانچ نجی حیثیت تھاوان۔
3206,"ییٚتہِ چھِ پرٛٮ۪تھ ؤریہِ گٗمپا رقص یا بودھ  ماسک ڈانس تہِ منعقد سپدان۔
"
3207,اتھ  اوس نوٚو اے 7 پروسیسر تہِ یٗس آیی فون 5 ژس منٛز اوس ۔
3208,"تٔمس اوس اکھ بوٚڑ بوے جیک، یس تیٚلہ گزریٛومت اوس ییٚلہ جونی 12 وہر اوس۔
"
3209,باقٕے علاج چھ ہر وقتہٕ استعمال یوان کرنہٕ یتھ حملہٕ ہٮ۪کن کم گٔژھتھ۔
3210,ریڈفرن پولیس سٹیشنس منٛز آو أمس نفرس ضمانت دنہٕ نش انکار کرنہٕ تہٕ آو ژٔنٛدٕروار تام حراستس منٛز تھاونہٕ۔
3211,دِوایس  انٛناونہٕ یا ہاڑوِیر شیرنچ  پیشکش کرنہ  بدلہٕ ووٚن جابزَن راتھ زِ ایٚپٕل دی پرٛیتھ تٔمِس شخصس مفت کیس ییٚمۍ  iPhone 4 ہیوٚتمُت آسِہ۔ 
3212,مےٚ چھےٚ فکر ز بہٕ ہیكہٕ نہٕ ٲخری  امتحانن ہنٛد دباو ژٲلِتھ ۔
3213,یہِ فلم آیہِ  ہندی یَس منٛز1947 ہَس منٛز   دُبارٕ بَناونہٕ۔
3214,زنانہٕ چھ پننس دنٛدٕ ؤٹِس منٛز 20 پیٹھہٕ 30 ٹھوٗل تھاوان ۔
3215,ایپیڈیمولوجیکلی  ترٛےٚ مختلف لاگدار  چکر چھِ سپدان یتھ منز  وایرس مٕہہِ سندِ پیٹھہٕ اِنسانن   یا باقین پنزین ہِوین جانورن لاران چھُ ۔ 
3216,یہ سرحد چھٗ ہنٛدستٲنہ ریاستن تہٕ مرکزی زیر انتظام علاقن لداخ، جموں کشمیر، پنجاب، راجستھان تہٕ گٗجراتس سۭتہِ سٕتہِ پكان ۔ 
3217,سہٗ اوس جِیورج آپریٹنگ سِسٹم بناونس پتہٕ ۔
3218,اَمِیُک مطلب چُھ زِ تِم چِھ مین بورڈس منٛز بناونہٕ آمٕتۍ تہٕ ہیکن نہٕ ہٹاونہٕ یِتھ۔
3219,کینونگٕچ کینٛہہ تفریحی شکلہٕ چھِ کینو کیمپنگ تہٕ کینو ریسنگ۔
3220,زمینٕکۍ بسکیٖن چھ اکھ ماورائے ارضی یتھ نائٹروس آکسایڈ ناو چھ ۔
3221,اتھ شعبس منٛز چھِ مزید تحقیقچ ضرورت تکیاز موُجوُدٕ شہادتن ہنٛد باڈو چھٗ  چھ واریاہ کم معیارٗک ۔
3222,برطانیہن کوٚر گواڈیلوپ، مارٹینیک، فرانسیسی گیانا، تہٕ ری یونین فرانس واپس۔ مینورکا سپین ؛ ڈینش ویسٹ انڈیز ڈنمارکس تہٕ جاوا تہٕ سرینام نیدرلینڈزس۔
3223,زٕ کھلٲڑۍ تہٕ ژور کھلٲڑۍ ٹیمو سۭتۍ چِھ اکثر امی فارمیٹٕچ پیروی کران ۔
3224,یہ چھ ویکیپیڈیا ایڈیٹرو لیوٗکھمت تہٕ چھ انگریٖزۍ ویکیپیڈیاہس متعلق خبرن ہنٛد احاطہٕ کران۔
3225,درحقیقت چُھ یہِ مشرقی قانون کِک باکسنگ یتھ منٛز ہٹن ہنٛز تعداد بجایہ ناک ڈاؤن تہٕ جارحیت کِس بنیادس پیٹھ سکور چُھ یوان کرنہٕ۔
3226,534 رِیاستن باپت اندراج  زِ سرڈِك موُد ییمہِ ورِیہِ ۔
3227,مال چھ از تہٕ پگاہ بنٛد ییٚلہ اہلکار نوقصانٗک تہٕ  صفٲیی ہٗند تخمینہٕ كرن ۔ 
3228,دیوالی، یۄس منٛز اکتوبر پیٹھٕ منٛز دسمبر تام مناونہٕ چھےٚ یوان، تہٕ رام نومی چھ اتر پردیشس منٛز زٕ مقبول تہوار۔
3229,"2006 ہس منٛز لوٚب سہ عدالتو میل فراڈ تہٕ سٲزشہ ہنٛد قصوروار۔
"
3230,گوالیارس منٛز چھ انتخابات  حالٕیہ مۄكلیمٕتہِ تہٕ الکایہِ ہٗند  دورچھٗ  ختم گومٗت ۔
3231,یہ آو 31 اگست 2021 ہس منٛز جٲری کرنہٕ، تہٕ چھ لاطینی امریکہس منٛز دٔستیاب۔
3232,"یِتھ کٔنہِ  زِن ہیندِ مانان چھِ زِ  دھرم چھُ عالَمگیٖر تہٕ چھُ وقتس سۭتہِ  اِرتِقا پذیٖر سپدان، واریاہ ہیندِ  چھِ باقی روحٲنی وتَن تہٕ مذہبی روایتن تہِ اہمِیَت دِوان ۔
"
3233,پیشن گویی ہنٛد انحصار چھ شدیدیتس پیٹھ  تہٕ  ہیٚکہ مکمل صحت یاب گژھنہٕ پیٚٹھٕہ شدید معذوری  تام موتس تام ٲستھ ییٚلہ زخم شدید  آسہِ ۔
3234,اگر کٲنٛسہ دھوکہ دِہی كٕر ، تیلہِ پزِ تو٘ہہِ پنںنہِ شكایت پننہِ رِیاست كِس ایٹارنی جنرل دفترس سوزٕنہِ ۔ 
3235,"پریتھ ہاوسٕچ نمٲیندگی چِھ اکھ رنگ تہٕ اکھ کہاوت سۭتۍ یوان کرنہٕ یُس ہاوسہٕ کِہ شناختچ وضاحت چُھ کران۔
"
3236,ہڈسن گزریو13  دسمبر  2017 سپارٹنبرگ ، جنوبی کیرولائنا منٛز ۔
3237,کتھکس منٛز چھُ ابھینیا موسیقی پیٹھ اظہارٲتی اشارن تہٕ خاموش اداكٲری ہنز اكھ صوُرت یو٘سہٕ  عام طور کنہ داستانہِ یا کُنہ مشہوٗر دٔلیٖلہ ہنٛدِ موضوہٗك خاكہٕ پیش كران  چھے٘ ۔
3238,"اَمیُک ناو اوس یونٲنی دیومالایہ منٛز امی ناوٕ کِس دیوتاہَس پیٹھ تھاونہٕ آمُت۔
"
3239,تاہم، سماجن کوٚر ٲخٕر کار یہٕ پَن (سٕترٕ سٕتہِ بنٲوِتھ ) قبوُل۔
3240,اتھ جنٛگلس منٛز چھِ جاناوارن ہٕنٛدۍ پنٛژاہ کھۄتہٕ زیٛادٕ قٕسٕم لبنہٕ یوان یتھ کٔنہِ  زن  مور، لٹل ایگریٹ، طوطہٕ بیترِ۔
3241,"لوٗکھ چھِ کم پونسہٕ خرچ کران ییٚلہِ تِم نقد رقم ادا کران چھِ۔
"
3242,یہ چُھ لَگن وٲلس زیادٕ مدد تہٕ تحفظ فراہم کران تہٕ وزن چُھ بہتر پٲٹھۍ تقسیم کران ۔
3243,حیدرُن جواب اوس وٗٹكٗر : بغاوت ختٕم کرنہٕ پتہٕ آیہ واریٛاہ بٲغی قتل كرنہٕ ، تہٕ باقیہ  ساسہٕ بٔدِ  آیہِ  زَبردٔستی میسورٕکین  پہٲڑی علاقن منٛز سوزنہٕ۔
3244,"تنہٕ پٮ۪ٹھٕ چھ امریٖکاہس منٛز 450,000  لوٗکھ اوپیوایڈ سۭتۍ ہلاک گٔمٕتۍ۔
"
3245,حکومت ہندَن دِیُت تٔمِس پدم شری (1974) تہٕ ایمریٹس فیلوشپ (1982)۔
3246,مارٹن لوتھر، أکس جرمن کیتھولک رٲہب سنٛد خیال اوس یہ کہ یہ گوٚو واریاہ دوٗر۔
3247,یہِ آو  گۄڈٕ  1979تھس  منٛز بناونہٕ ، تہٕ پتہٕ آیس تجدید كرنہٕ ۔
3248,اَکھ بین الاقوٲمی ٹٔرمِنل آو 2015 ہس منٛز مُکمل کرنہٕ، تہٕ دُبَیی  تہٕ شارجا گَژھنہٕ خٲطرٕ آیہِ بین الاقوٲمی پروازٕ شُروع کرنہٕ۔ 
3249,مغربی کیوبا کس جنوبی ساحلس پیٹھ چھ کینٛہہ ساحلی سیہلاب ینک امکان۔
3250,رٮ۪وٲیتی طور چھ آمبہٕ پوشن تہٕ کٕنکہٕ کٮ۪ن کنن ہنٛز پیشکش  کرنہٕ یوان۔
3251,2008 کس أکس رپورٹس منٛز کوٚر ورلڈ ہٮ۪لتھ آرگنایزیشنٕچ معلوماتک استعمال کٔرتھ 56 ملکن ہنٛد موازنہٕ۔
3252,تمہِ  سٗند مول اوس اکھ كامیاب وكیل ییمِس موسیقی منز تہِ دِلچسپی ٲس ۔ 
3253,1999 ہس منٛز شروٗع کرنہٕ پتہٕ اوس اتھ برانڈس پوٗرٕ دنیاہس منٛز نیسکک ونٛنہٕ یوان۔
3254,مشق كرنس دوران آیہِ  76 مِلی میٹر  توپ خانہٕ بندوٗقَس خرٲبی، مُمکنہٕ طورلگِتھ گژھنہٕ كِنہِ ۔ 
3255,پنجابک لکہٕ ورثہٕ چھ امہ کین ساسہٕ بدین ورین ہٕنز عکٲسی کران ۔
3256,کینٛہہ برانڈ تہٕ ماڈل ذہنس منٛز تھونہٕ پتہٕ، چھو تہۍ یژھان تم مقٲمی کھیلن ہٕنٛدِ سامانہٕ کین  دکانن منٛز پانہٕ ازماوٕنۍ۔
3257,موسیقی پیٹھ تمۍ سٕنٛزِ و کتابو تہ تمہ علاوٕ  گندھاروا مہاودیالیہ میوٗزک سکول آو1901 منز  قایم کرنہ ۔ امہ سۭتۍ میول موسیقی بند گھرانہ سلسلہ منز نیرِتھ فروغ۔ 
3258,شرارتہٕ ہو٘ت ، حٲران تہٕ حسدی  ، سہٗ چھٗ نیران ۔ ۔
3259,وکیپیڈیا ڈیٹا بیس چُھ ریاستہائے متحدہ امریکہ کیٛن سرورن پیٹھ ذخیرٕ کرنہٕ یوان، تہٕ یہٕ چُھ مقٲمی تہٕ وفاقی قانونس تحت حٲصل کردٕ تحفظاتن ہنٛدس حوالہٕ سۭتۍ برقرار تھونہٕ یوان۔
3260,اکھ ہیکسا چھ واریاہ توٚن دھات تہٕ پلاسٹک ہیو مواد ژٹنہ خٲطرٕ بناونہٕ آمت ۔
3261,ایلینورن ٲس15 وہر وٲنٛسہ منٛز فرانسس منٛز زمین وراثتس منٛز حٲصل کٔرمٕژ ۔
3262,جی ایف کے انٹرٹینمنٹ چارٹ چِھ جرمنی منٛز سرکٲری موسیقی چارٹ۔
3263,اکھ فہرست بناو تہٕ تمن کریو ترجیٖح لحاظہٕ درجہٕ بندی۔
3264,ترقی یافتہٕ ممالکن منٛز چھ غرٔ ترقی یافتہٕ ملکن  مقابلہ منٛز انحطاطی حالات تہٕ ٹیومرٕ کہ وجہ سۭتۍ ایس سی آٮٔی یچ فیصد زیادٕ آسان۔
3265,اتھ تقریبہِ منٛز چھِ مَس ژٹنہٕ تہٕ کھوٗر کرنَس سۭتۍ سۭتۍ تَربِیَت یافتہٕ  آچٲر تہٕ رشی کمار ویدک منتر پران تہٕ پرٚارتھنا کران۔
3266,یہٕ بے اعتمٲدی چِھ ٹسکٔگی مطالعہٕ ہیوین مطالعن دوران افریٖقی امریٖکی برادری ہنٛدِ استحصال سۭتہِ پٲدٕ گٲمٕژ ۔
3267,"أمہِ سُنٛد قٔدیٖم منٛدر چھُ مُلاجھاری گڑھ گام  ، بھٗسند پوُرس منٛز  یُس اُڈیسہ، ہندوستان چہِ  ریاستی رازدٲنہِ بھوبَنیشور پٮ۪ٹھٕہ 65 کلوٗمیٹر دوُر چُھ ۔
"
3268,سہ آو 1977تھس منٛز کنٹری میوزک ہال آف فیمس منٛز شٲمل کرنہٕ۔
3269,ویسٹ انڈیزس منٛز ورلڈ کپس دوران،روُز تیندوُلكر تہٕ  راہٗل در٘اوِڈ سنٛدِس  قَیادتس منٛز ہِندٗستٲنہِ  کرکٹ ٹیمٕچ مٗہم   مویوُس كٗن ۔
3270, اینٹی بائیوٹکسن ہٕندین اثرن ہُند آو نہٕ 2013 ہس تام اصل پٲٹھۍ مُطالعہ کرنہٕ ۔ 
3271,1975 ؤری، ییٚلہِ کالی کٹَس منٛز تیوہارٕچ میزبٲنی کرنہٕ  آیہِ ، اوس سکوٗل کالولساوم  کِس تٲریخَس منٛز اکھ اہم موڑ ۔
3272,ابتدٲیی دورِ جدیدس منز ٲسۍ ڈچ مالِیٲتی ضٲبطن  منز سرس  ۔ 
3273,پیلگروم چُھ وٲحد مصنِف ییٚمۍ ترٛیٚیہ لٹہ گاؤڈن گریفل ایوارڈ حٲصل کوٚر ۔
3274,"ٹیٹنس لاگہِ نِش بچنہٕ خٲطرٕ چُھ ہوا ہٕچ وتھ برقرار تھونہِ تہٕ مُنٲسِب غذٲییتچ ضروٗرت۔
"
3275,27 دسمبر 2012 کٔر براڈوے تھیٹرو  تٔمۍ سٕدس اعزازس منز پنٕنۍ لایٹہٕ کم ۔
3276,مریضس چھ واریاہ لٹہ پرژھنہٕ یوان زِ  تس چھا یی ضروُرت ۔
3277,मॉनिव    तोहि छिव  ज़ानुन य छान ज़ि तुहन्देव दोस्तव मन्ज़ॅ कुस छु अख अकिस ज़ानान .
3278,اکِس  مۄختصر تعارٗفس سۭتہِ چھے٘ 14 مۄختصر حرکتہٕ ۔
3279,ہے، اصل ! مےٚ اوس نہٕ زانٛہہ سوچمت  تہۍ انِو امہ رنگہ  بایک۔
3280,"4, 948 کلومیٹر طویل (3,075 میل) ریل نیٹ ورک چھ ریاست منزۍ گزران، یتھ منز جبل پور انڈین ریلوے کس ویسٹ سینٹرل ریلوے زونک ہیڈکوارٹر چھ۔"
3281,میزورمس منٛز چھ روایتی تہوار اکثر جھوم کاشت کین مرحلن یا موسمن أنٛدۍ پٔکۍ نژان۔
3282,کٗمبھ مٲلہ چھٗ  کیمپن منٛز ترتیب دِنہٕ یِوان یِم ہیٚنٛدِ پوٗزا کرن والٮ۪ن سادھوَُ ہن تام رسٲیی چھِ دِوان۔
3283,تٔمۍ چھ اکانومیٹرک سوسائٹی، انٹرنیشنل اکنامک ایسوسی ایشن، انڈین اکنامک ایسوسی ایشن تہٕ امریکن اکنامک ایسوسی ایشنک صدر سندۍ پٲٹھۍ کٲم کٔرمٕژ۔
3284,یہ اوس تتھ وقتس دوران ییٚلہ پرائڈ پننہ خانہ دارنہ روزینس  میلیو تہٕ کھاندر کوٚرن ۔
3285,چارٹر ایکٹ 1833 دٔسۍ آو گورنر جنرل تہٕ کونسل آف فورٹ ولیم کہِ جایہِ  گورنر جنرل تہٕ کونسل آف انڈیا مقرر کرنہٕ۔
3286,یہِ بنٛد چھُ جھارکھنڈس منٛز سارۄٕیہ کھۄتہٕ زیٛادٕ وٕچھنہٕ یِنہٕ والٮ۪و مقامو منٛزٕ اکھ۔ 
3287,"موجودٕ دورَس منٛز چھُ آیوش بلدیوَس سۭتۍ کٲم کران تہٕ چھُ بلدیو سٕنٛدِ سیٲسی وراثتک نوٚن  وٲرِث۔
"
3288,سُہ اوس امِہ گروپُک حصہٕ ییٚمۍ 1660 منز رایل سوسایٹی ہٕنز بنیاد ترٲو۔
3289,تاہم ، افراط زر کِنہِ  چِھ  1 پیسو کھوتہٕ کم سِکہٕ وۄنہِ  کم لبنہٕ یوان ۔
3290,یہٕ چھ لوکن دۄن کمپیوٹرن درمیان اکھ محفوظ چینلک استعمال کرتھ ڈیٹاہک تبادلہٕ کرنک اجازت دِوان۔
3291,محلس منٛز بادشاہ سٕنٛدین اپارٹمنٹن ہٕنٛدۍ دآریو منٛزٕ کوٚر تمو بہادر شاہس تمن تسلیم کرنہٕ تہٕ یمن ہنٛز قیادت کرنہٕ خٲطرٕ بلاو۔
3292,سۄ ٲس آسٹریلیاہس منٛز زنانہٕ تارکین وطنن ہنٛدِس  فلاح و بہبودس منٛز شٲمل آسنہٕ  خٲطرٕ زاننہٕ یوان ۔
3293,2012  منٛز کوٚر أمۍ تاج محلس برٛۄنٛہہ نیرتھ ہندوستان خٲطرٕ گوگل کین سرچ ٹرینڈن منٛز نمبر ون سفری منزل بناونک اعزاز حٲصل۔
3294,"امہ برعکس چِھ افسانہٕ عام طور انسٲنی کردارن ہٕنٛز خصوصیت تھاوان تہٕ لوٗکہٕ داستانہٕ چھ افسانہٕ کس طورس پٮ۪ٹھ مانٛنہٕ یوان۔
"
3295,اِروِن ، ایڈاہو اِروِن چھٗ  امریکاہس منز اِداہوہٗك  اکھ شہر ۔
3296,ڈینمارکٕکہِ لٗکھ چھِ ہمیشہٕ سمندرس پیٹھ مٗنحصِر روُدِمٕتہِ ۔
3297,کِشور ییٚلہِ وُنہِ شُرٕے اوس، تٔمہِ سُنٛد بوے اَشوک بَنیٛوو ہِنٛدی سیٚنِماہس منٛز اکھ اداکار۔
3298,تمام ٹول وتو  نِشہِ بچِو  تہٕ پننس خٔریدارس تام واتنہٕ خٲطرٕ ژھارِو باقیہ  وتہٕ-انسٹا کارٹ چُھ كانؔہہ  تہٕ تمام ٹول ادا کرنس انکار کران۔
3299,ہیفی بلدیہ چھ 4رن ضلعن، 4رن کونٹین تہٕ 1کس شہرس منٛز تقسیم کرنہٕ آمت۔
3300,کمار اوس أکس فلمہ منٛز الزبتھ ٹیلرس سۭتۍ مرکزی کردارس خٲطرٕ تہ غور یوان کرنہٕ یتھ پؠٹھ لین کٲم اوس کران یتھ تاج محل ونان أس امہ برٛونٛہہ ز پروجیکٹ آو رد کرنہٕ۔
3301,یِم زبانہٕ چِھ ایتھوپیا ، اریٹیریا تہٕ سوڈانس منٛز بولنہٕ یوان ۔
3302,امریکہ، برطانیہ، جرمنی تہٕ متحدہ عرب امارات پیٹھٕ زایر چھِ  غیر ملکی سیاحن ہند اکھ اہم حصہ۔
3303,"امہ ادارٕکۍ ابتدٲیِی جماعتن 
 ہندۍواریاہ طالب علم بنییہ شمٲلی ہندوستانَس منٛز عزت دار موسیقار تہٕ اُستاد۔"
3304,امریکی انجینئر فرانسس آرنلڈن چھٗ  سیود   ارتقاء ہچ وتھ ہاونہ باپت ملینیم ٹیکنالوجی ینامہٕ  زیوُنمٗت ۔
3305,کلہن سٕندِ  مُطابق دِیوٗت سہٗ آنگلیکھایہ منگتہٕ روٹمٗت  قرار، تہٕ درلبھکا آو پننِس بٕڈِ بب سٕنز کرام پاننٲوِتھ پرتاپادتیہ ناوٕ زاننہٕ  ۔ 
3306,کارلوس البرٹو پیریرا آو صرف اکہ گٲنٛٹہٕ پتیہ  رِیل میڈرڈ سٹرائیکر سندِ بدلہٕ  ۔
3307,گوٹو گوٹو چھ واریاہن پروگرامنگ زبانن منز اکھ بیان ۔
3308,یِمَن مُلکَن منٛز سائیکل ریسنگ چھَ ساروِی کھۄتہٕ زِیادٕ گژھَان تِمَن منٛز چھِ بیلجیم، ڈنمارک، فرانس، جرمنی، اٹلی، ہالینڈ، اسپین تہٕ سوئٹزرلینڈ شٲمِل۔
3309,پرٛیتھ طٲیفہٕ چھٗ جج سٕنٛدِ بجایہ أکس ثالثس زانٛکٲری پیش کران، یُس مقدمٗک فٲصلہٕ  کران چھٗ ۔
3310,مثلن، خوبصورتی مقابلہٕ تاج  زینن وٲلِس شٖرقاہس ینامہٕ دِیوٗن ۔
3311,अमि किनि छु इनसानन खातर यि एसमबली प्रोग्राम परुन मुशकिल बनान .        
3312,سہٗ اوس 2002 پٮ۪ٹھہٕ 2014 ہَس تام وركھوونا راڈا ہس منٛز۔
3313,"فُٹ بال کھیلَس منٛز گژھن انفرٲدی کھلٲڑۍ 1 تہٕ 99  درمیان وردی نمبرَس سۭتۍ نامزد کرنہٕ یِنۍ۔
"
3314,انگریزی یس منز  کر٘سمس گیون گیہ  گۄڑٕنِچہِ لٹہِ 1426ہس  منٛز جان آوڈلے سٕنٛز کامہِ منٛز نموُدار ۔
3315,"جیمز لوچٹفیلڈُک ونُن چھُ زِ کمبھ میلہ چھُ ""بٔڑِس پیمانَس پٮ۪ٹھ دُنیاہُک ساروِی کھۄتہٕ بوٚڑ مذہبی اجتماع ماننہٕ یِوان""۔
"
3316,سلیکٹو میوٹزم چھ عام تمہ وقتہٕ گژھان ییٚلہ تمس نفرس سمٲجی اضطرابٕچ خرٲبی آسہ۔
3317,دو٘ہٗك ساروۍ کھۄتہٕ زیٛادٕ درجہ حرارت چھٗ 38 ڈِگری سیلسیس یا 100 ڈگری فارن ہایٹ پٮ۪ٹھٕہٕ 45 ڈگری سیلسیس یا 113 ڈگری فارن ہایٹ تام آسان۔
3318,"غیور تہٕ مشکوک امنیریس چُھ رادامیس تہٕ پسند کران۔

"
3319,جاناوارن تہٕ دیگر جنگلی جانورن ہنٛزٕ  آواز بوُزِو، تہٕ سۭتۍ  بوُزِو پکنہٕ وِزِ پنٛنہِ شاہچ  کھسہٕ وسہِ ہنز تال تہِ ۔
3320,یلہِ تسٕندِس مٲلِس مہاراجا کالیج ہایہ سکُول تبدیلی گٕیہِ ناراین گوٚو پننِس کُمبس سٕتۍ میسور روزنہِ ۔ 
3321,"ارجنٹیناہَن چھُنہٕ پٔتمین  22 ؤرِیَن منٛز کانٛہہ تہِ بٔڑ ٹرافی زیٖنمٕژ۔
"
3322,ومان نگر، پونے، مہاراشٹرا ہس منٛز چِھ بین الاقوٲمی معیارک بینک ٹریک تہ بناونہٕ آمت۔
3323,نارکونڈم چُھ اکھ شونگِتھ  آتش فشاں تہٕ براٹانگس منٛز چُھ اکھ میژِ  آتش فشاں۔
3324,ہندوستانَس مَنٛز گیۍ کھنڈٕ مِلہٕ مغل دور برۄنہہ کینٛہہ کال نمودار۔
3325,یہ چھ سیزرین سیکشنس ہیوُے آسان، مگر اتھ چھےٚ لۄکٹہ کھشچ ضروٗرت آسان۔
3326,یہِ دور چھُ ڈی ایس ای كِس تواریخس منز سنہرِۍ دور ماننہٕ یوان ۔
3327,"ییٚلہ ابتدائی زندگی منٛز ٹرنر سنڈرومٕچ تشخیص سپدِ ، گروتھ ہارمون تھیرپی ہیٚکہ ژھو٘ٹہِ قدٗك درجہِ كم كرِتھ ۔ 
"
3328,دلہ منٛز چھ بجلی ہندِ  تقسیمٗک انتظام 2002 پیٹھٕہ ٹی پی ڈی ڈی ایل تہٕ بی ایس ایی ایس یمنا، تہٕ بی ایس ایی ایس راجدھانی کران۔
3329,"تُہنٛد مقٲمی کنونشن سینٹر آسہِ عموٗمَن سُہ مقام یُس بَجہِ کانفرنسَن تہٕ تجٲرتینٗمٲیشن  ہٕنٛز میزبٲنی کران چھٗ ۔
"
3330,روبو مٗشیر ہیکن تِمن لوُکن باپت  مددگار تہٕ سر٘و٘گہِ  مٗتبٲدل ٲسِتھ یِمن نہٕ باقٲعدٕ مالیٲتی منصوبہٕ ساز تھاوٗن جوُران چھٗ ۔
3331,امہ علاوٕ چھ یہ ظٲہركران  زِ بنگلس منز اوس  اكِس خاندر كرِتھ جورِ ،تِہنزِ كورِ ، تہٕ دۄن پٗلسہٕ والین ٗند  ہٗند قبل از وقت  موت وٗچھمٗت ، یہندین بھوُتن سٕتہِ  برٛونٛہہ کٗنالن گۄڈٕ کتھ باتھ کٔرمٕژ ٲس ۔
3332,"یہِ خریٖدٲری سَپٕز زیٹھ ۱, ۲۰۰۶ ہَس منٛز  پوٗرٕ ـ"
3333,ہیلین: ہیلین چھ ڈچ صوبہٕ لیمبرگچ اکھ سٲبقہ بلدیہ۔
3334,مےٚ بوٗز ز تقریبس دوران چھ واریاہ زیٛادٕ روٗد پینک امکان تہٕ بہٕ چھس یژھان بوزن ز ایونٹ منیجر کتھ کٔنۍ کر اتھ ہینڈل۔
3335,"چِٹھہِ منٛز کٔرِو تیوتاہ متعلقہٕ تفصیل شٲمِل یوت تۄہۍ ہیکِو۔
"
3336,قبیلہٕ تہٕ قبیلٕکۍ رواج تہٕ وفادٲری چھ ناگاہن ہنٛز زندگی منٛز اہم کردار ادا کران۔
3337,"عام دور کس آغازس اند پکہ بنییہ ویدک رواج ""ہندو ترکیبک"" اہم جُزو منٛز اکھ۔"
3338,لاو تٕہ تھایی دۄشوے چھ تایی زبانہٕ تٕہ چھ اکھ أکس سۭتۍ واریاہ رلان۔
3339,انتہٲیی سردی کر تٗہنز ژمہ زیادٕیہ خو٘شک۔
3340,پننِس  کریڈٹ کارڈ کس  ویب سائٹس پیٹھ كریو  لاگ ان  کہ آیا توہہِ ہیكوا پنٕنۍ پوینٹس تہٕ تحفہ ہینس پیٹھ خرچٲوِتھ ۔ 
3341,مورینو گُزریو میڈرڈس منٛز ۱ مئی ۲٠۲٠ ہس منٛز دلکہ دورٕ سۭتۍ ، ۵۵ وہر وٲنٛسہ منٛز ۔
3342,ریاستس خلاف جرم، یتھ کٔنۍ غدٲری، اوس پادشاہ پانہٕ بوزان تہٕ فیصلہٕ کران ۔ یمن معاملن منز اوس عام سزا یا تہ پھٲسۍ یا جاداد ضبط کرُن۔
3343,شِشوُپال گڈھ  یا شِشوُپالا گڈھا  چھٗ اڑیشہ، بھارت کِس  ضلع کھٗردا ہس منز  واقع یتھ منز  تباہ شدہ لرِ تہٕ  قلعہٕ چھِ ۔
3344,کُنہِ ساتہٕ چُھ کڑنہٕ آمُت پٮ۪تہٕ پھیٚپُھر ژمہِ ہِنٛدِ کیٚنسَر کہِ اِمکان باپت  تفتیٖش خٲطرٕ ہِسٹو پیٚتھولوجِکل مُعٲینہٕ خٲطرٕ سوزنہٕ یِوان۔
3345,بیسوفیلز تہٕ دیگر ورم كھارن وٲلہِ  خلیہٕ تہِ چھِ ہسٹامین تہٕ باقی ثالثن جٲری کران وٗچھنہٕ یوان، تہٕ خاص رول ، خاصكرِتھ دٲیمی ارٹیکریل بیمارن منٛز اہم کردار ادا کران خیال  کرنہٕ یوان ۔
3346,سہٗ اوس نرسنگ پروگرامس منٛز ساروٕے کھۄتہٕ کم وٲنٛسہِ ہٗنٛد طٲلب علم ۔
3347,"تمہِ  کوٚر  اکھ کٲرگَرڈاک  نظام تہِ قٲیِم، یَتھ منٛز ڈاک گُرِ سوارَن ہنزو چھوكو٘  ذٔریعہٕ پكناونہٕ یِوان اوس ۔
"
3348,"سۄ ٲس اداکارہ تنوجا تہٕ فلمی ہٮ۪دایت کار تہٕ پروڈیوسر سومیا مکھرجی ذامٕژ۔
"
3349,مےٚ چھٖنہٕ بہوانٕے ز سرٛانہٕ کٗٹِھس چھے٘ سارییہ ہجہِ كٕجہِ ۔  مےٚ ٲس نہٕ یہ وۄمید  ییٚلہ مےٚ ژٕ  بطور دٔسِل کامہ  اوٚنکھ ۔
3350,حالانٛکہ واریاہ دلیلہٕ  چھے٘ بطور مٗمکنہٕ شروع كرن وٲلہِ  تجویز کرنہٕ آمٕتہِ  یِم وٹیلگو كران چھِ ، مطالعہٕ چھِ مضبوُتی  سان ہاوان زِ  مدافعتی نظامس منٛز تبدیلی چھے٘  امہِ حالتچ  ذمہ وار۔
3351,صنعت چھے٘ دواسازی، پرنٹنگ، فوُڈ پروسیسنگ، ٹرانسپورٹ آلات  تیار كرنس ، کمپیوٹر ٹیکنالوجی، تہٕ الیکٹریکل انجینئرنگ ہیوین شعبن منٛز موُجوُد ۔
3352,مغربی گھاٹ تہٕ مشرقی گھاٹ چھِ نِلگِیری پہاڑن پیٹھ میلان۔
3353,ٹیٹو ایم بی اے چھ اکھ پنجٲبۍ ہنٛدی فلم یتھ امیت وٹسن ہٮ۪دایت کٲری کٔرمٕژ چھ تہٕ بیٹریکس انٹرٹینمنٹس سۭتۍ ملتھ چھ راجن بترا تہٕ میانک پٹیلن پرٛوڈیوس کٔرمٕژ۔
3354,تھانے تہٕ CSMT چھ ہندوستانٕکۍ ساروٕے کھۄتہٕ زیادٕ مصروف ریلوے سٹیشن، تہٕ CSMT چھ ممبے مضافٲتی ریلوے ہٕندین زیٹھ فاصلہٕ واجنین ریل گاڑین تہٕ سفر کرن واجنین ریل گاڑین دۄشوٕنی خٲطرٕ ٹرمینلمکۍ  پٲٹھۍ کٲم کران ۔
3355,یہِ چھُ درُسۍ دُنِیِہُک ژوٗرِم بۆڑ ہوٹَل ـ 
3356,سمسٹی: سمسٹی چھ اکھ کمپیوٹر گیم ییٚتہ کھلٲڑۍ شہر بناوان چھ۔
3357,امہِ پتہٕ بدلٲو گایکواڈن پنٕنہِ وتھ تہٕ كورٗن  ستارہ کُن پكٗن شروع ۔ 
3358,بروٚنٛہہ کن دنہٕ آمٕژ دٔلیٖلہٕ چھ خیٲلی تہٕ یمن ہنٛز چھنہٕ کانٛہہ تہ اصلی تٲریٖخی بنیاد۔
3359,عام بلڈ شوگر لیول چھ تقریباً 70 پٮ۪ٹھٕ 100 ملیگرام فی ڈیسیلیٹر آسان۔
3360,یم چیز یا تہِ تر٘اون توہہِ یا توہہِ گژھِیو مرنہٕ وِزِ یِم تر٘اونس پیٹھ مجبوُر ۔
3361,تمہِ وو٘ن  زِ اتھ بناونس  لٕجہِ تیژٕیہ محنت ییژ تر٘ین فَلمن لٕگہِ ۔ 
3362,یہِ چھے٘ ہنوُمان سنٛزِ پوُزایہِ باپت تہِ  اہم ۔
3363,"کیٹلان کولمین ٲس تٔمہِ وَقتہٕ 
سَتَن رٮ۪تَن ہِنٛز بیٚیہ زُو"
3364,بنگلہ دیش حکوٗمتن ہیوٚت خطہٕ کین لوٗکن کھین دنہٕ خٲطرٕ 900 ملین ڈالرن ہنٛد قرضہٕ، تہ کیاز پورٕ دانہ فصٕل گوٚو ضایع۔
3365,"پیمانَس منٛز چھُ سٔتِم سوارم نشادم۔
"
3366,یہ ٲس 13 جولایی 2005 کہِ  گھوٹکی ریل حٲدثٕچ جاۓ ۔
3367,ورم یا انفیکشن ہیکہ پتہٕ یڈ لبہِ تام واتتھ تہٕ ہیکہ پیریٹونٹس سک سبب بنتھ۔
3368,"دورَن وٲلۍ چھِ مٲدانَس منٛز گِنٛدان، اَکہِ وِزِ ترٛےٚ تہٕ سُہ ٹیم یُس مٲدانَس منٛز تمام مُخٲلِفَن اَتھٕ لَگنہٕ خٲطرٕ سارِوٕے کھۄتہٕ کم وقت لَگان چھُ، چھُ زینان۔
"
3369,قیمتس متعلق  چھُکاو  کرنس منٛز گٲنٛٹہٕ  واد گزارن  چھنہ کانہہ نٔو کتھ۔
3370,تۄہِہ پزَن غٲلبن  رٔسید موُجوُد تھاوٕنہِ تاکِہ تۄہِہ گژِھہ نہٕ مٔشِتھ زِ تۄہِہ کوتاہ کوروُ دو٘ہس خرچ۔ 
3371,بہٕ چھٗس فلاور ڈرم ریسٹورانٹس منٛز چینی کھین کہ معیار سۭتہِ پٔزِ پٲٹھہِ  مٗتٲثر۔
3372,"ہندوستان چہ حیاتیٲتی جغرافیٲیی درجہٕ بندی مطابق چھ ریاست ""شمال مشرقی"" حیاتیاتی جغرافیایی علاقس منٛز۔"
3373,ہاکی لیٚجنٔڈ میجر دھیان چنٛد سُنٛد زایہِ دۄہ چھُ 29 اگست 1905  ۔
3374,وونہ گو٘ ، مٗکمل پٲٹھہِ  انسٹال كرنٗك  پیکج ڈاؤن لوڈ کرنہٕ باپتھ چھِ غٲر سركٲرِ  طریقہٕ کار ۔
3375,پرٛؠتھ جمٲژ چُھ اکھ الگ ناو؛ تِم چِھ پنٛنہِ کارکردگی منٛز تہِ مختلف آسان۔
3376,یہ فلم ٲس کرن کشیپن لییچھمٕژ تہٕ اتھ ہٮ۪دایت کٲری کٔرمٕژ، ییٚلہ زن یہ موکش فلمز پروڈکشنٕکہِ کانتی چڈاہن پروڈیوس کٔرمٕژ ٲس ۔
3377,اکھ زیٹھ لڑایہ چھِ گژھان ییلہِ  روُح  دریاو کِس بٔٹھس کُن ژلان تہٕ چھ گرِگرِ  اٗگر پرتاپس پیٹھ حملہٕ کران چھِ ۔
3378,سۄ مۄیہِ 51 ؤرِش 10 نومبر 2009  مٗمبیی  اندھیری ہندِس  أکِس سپتالَس منٛز۔
3379,گاندھی آو صبحٲے 9:30 بجہٕ آل انڈیا انسٹی ٹیوٹ آف میڈیکل سائنس نِنہٕ یتہِ ڈاکٹرو تٔمِس آپریشَن کوٚر۔
3380,کوبالٹ بیلوٗ کوبالٹ نیلوٗ چھ اکھ سرد نیوٗل رنگ ۔
3381,"A300 خٲطرٕ ٲس صرف 15 بنٲومٕتۍ ییٚلہ یہ گوڑنک پرواز کوٚر۔

"
3382,"سپورٹس ایڈیٹر بنٛنہٕ پتہٕ تھٲو تٔمۍ این آر سی ہینڈلسبلڈس منٛز رپورٹر پٲٹھۍ کٲم جٲری۔
"
3383,سُہ گزریو 14 فروری 1996 لور پولس منٛز 77 وہر وٲنٛسہ منٛز ۔
3384,ابتدٲیی امریکاہس منٛز، 12 مہٕ صدی منٛز کنہ بالن ہٕنٛدۍ بسکیٖن انسازی چھ متعلق خیال یوان کرنہٕ ز تم ٲسۍ بہترین کوہ پیما۔
3385,یِہُنٛد مِثٲلی نقطہٕ نظر اوس ہندوستانس منٛز غٲر صف بندی منٛز قیادت کِس مقامس پٮ۪ٹھ مرکوٗز۔ 
3386,تٔمۍ دیُت تجویٖز زِ برہم پُترا تہٕ گنگا بیسن چھِ آب سرپلس علاقہٕ، تہٕ وسطی تہٕ جنوبی ہندوستان چھِ کٔمی آبہٕ وٲلۍ علاقہٕ۔
3387,یہ دوا چھ زیادٕ خطرٕ وٲلۍ لوکن منٛز قلبی بیٚمار رکاونہٕ خٲطرٕ استعمال کرنہٕ یوان۔
3388,"تقریباً 22,000 ہیکٹر یا 54,000 ایکڑ زمین چھِ آبس  پھٹان۔"
3389,تٔمۍ کٔر 2008 ٹھس منٛز تہنٛزِ نوجوان ٹیم پؠٹھ جے 1 لیگ کلب اویٹا ٹرنیٹا ہس منٛز شمولیت اختیار۔
3390,بِنسکارتھ ، مینیٹوبا بِنسکارتھ چُھ   مینی ٹوبا  کینیڈاہس منز  اکھ گام۔
3391,"گروپ چھُ ہفتہٕ اکوٹہٕ گُزاران، یتھ دوران تِم مزٕ  کران تہٕ پنٕنہِ  کالجِچہِ  یادٕ دُبارٕ زوُوان  چھِ ۔
"
3392,پتہٕ، زیادٕ تر جواب دہندگانو (81.3%) کوٚر ورۍ یس منٛز واریہ لٹہ یا زیادٕ کثرت سان ہارر میڈیا استعمال کرنک دعوی۔
3393,ییٚتہ، یتھ کٔنۍ ز کیسینی نقشہٕ چھ ہاوان، یہ چھ حوالہٕ مقٲمی کرٛیرؠن ہنٛد حوالہٕ دوان۔
3394,گٹکاہس منٛز چھ واریاہ طریقہٕ شٲمل، پرٛٮ۪تھ أکس منٛز چھ پنٕنۍ ۂتھیار، حکمت عملی تہٕ فٹ ورک۔
3395,لوٗکن چھ دریاو کس ڈیلٹا ہس پؠٹھ احتیاط پیوان کرن تکیاز شدید سہلاب تہ چھ یوان۔
3396,لگ بگ امی  وقتٕہ، گو٘ امریکہ دۄیٚمس  عالمی جنگس مَنٛزشٲمَل ۔
3397,بیڈفورڈ، یونائیٹڈ کنگڈمک ہینز تہٕ جوسی شیفر چھ ممکنہٕ طورعالمی ریکارڈ تھون وٲل، وۄنۍ چھ یمن کل 99 زُرۍ تہ پر زُرۍ۔
3398,"سنہاہن کوٚر حوالہٕ: ""پتہٕ کٔرۍ أسۍ شریف بدماشس منٛز اکوٹی کٲم تہٕ أمس سۭتۍ کٲم کرٕنۍ ٲس اصلس منٛز اکھ اعزاز""۔"
3399,خلین تہٕ جاندارن پیٹھ تابکاری ہنٛد اثرات کس بارس منٛز سوامی ناتھن سنٛز ابتدائی بنیٲدی تحقیق  بنیوو جزوی طور  مستقبلک ریڈوکس حیاتیاتچ بنیاد۔
3400,یہِ چُھ 17 ہفتن تام پکان تہٕ چِھٗ نیشنل نیٹ بال لیگٕچ جاے رٹان ، یُس صرف دۄن ہفتن منٛز گنٛدنہٕ  آمٗت اوس ۔
3401,نوكرٲنہِ  زنانہٕ چھےٚ أکس مقٲمی باباہس (علاج کرن وول تہٕ بچاو کرن وول) مشورٕ ہینٕچ تجویٖز دِوان یٗس  دستی لیكھٗت دِوان چھُ زِ  عائشایہِ پیٹھ  چھ أکھ بد روُح  حملہٕ کران ۔ 
3402,یہِ آو  سِٹیو جابس سندِ ایپل انکارپوریشنَس منٛز  نوکری ترٛاونہٕ پتہٕ بناونہٕ ۔
3403,پارٹی آیہ 1929 ہس منٛز دۄن پارٹین ہٕنٛدِ رلنہٕ کس نٔتیٖجس منٛز بناونہٕ۔
3404,"ییلہِ زَن کہِ اتھ تقریبس فینیمین کون وننہٕ یوان چُھ  تہٕ اصلی  اینیم سب کلچرس انٛدِ پٔکہِ مرکوُز چھُ ، یہٕ چُھ پننِس پكنس دوراناکھ زیادٕ وسیع تقریب  بنیومُت۔
"
3405,یتھ اپلوڈ فارمس مْہ کْریو دوبار ویزیٹ یوتام نْہ توہیہ یژھان چھیو اصلی فایل أکس نوس ورجنس سۭتۍ تبدیل کرٕنۍ ۔
3406,"وِٹامن اے کِس حیثیتَس منٛز چھِ دۄیو  الگ كاركردگیو٘  ذٔریعہٕ أچھَن ہٗند  صحت شٲمِل ۔
"
3407,امہ سۭتہِ گیہ  تناعضٕچ لہر شروع  یتھ منٛز واریاہ باقٕیہ پروڈیوسر تہٕ ہدایتکار یہ دعوی کرنہٕ خٲطرٕ برٛۄنٛہہ آیہِ  زِ تمن اوس ملٹی پلیکس چینو دٕسہِ  یژھی جبری وصوُلی ہُند مُقابلہٕ كرُن پیومُت ۔
3408,1786تھس منٛز کوٚر ٹیپو سلطانن اکہِ لَٹہِ بیٚیہِ پنِنہِ مٲل سٕنٛدِ پٲٹھی  72 توپہٕ ہیتھ 20 ہو جنگی جہازو تہٕ 65 توپہٕ ہیتھ   20 تباہ كٗن جنگی جہازن پیٹھ مٗشتمِل   بحری فوج بناونُک فٲصلہٕ۔
3409,تجویٖزشٗدٕ  رَسمہِ تاج پوٗشی ہِنٛز تیٲری گٔیہِ 1673 تھس منٛز شروٗع۔
3410,تاہم، بڈیمٕتہِ  ورمکہِ ماركر  چھِنہٕ یوُ سی خٲطرٕ مخصوص تہٕ تھزر  چھٗ عام طور  باقیہ  حالاتن منٛز بشمول لاگ وٗچھنہٕ یوان ۔
3411,پیغمبرو وو٘ن گۄڈیہ اولڈ ٹیسٹمنڈس منز عیسا چھٗ نجات دِنہٕ وول ۔
3412,واجپاین دیُت 16 دۄہۍ اِستعفہٕ، ییٚلہِ یہِ صاف گوٚو زِ تٔمِس چُھ نہٕ سرکار بناونہٕ خٲطرٕ سٮ۪ٹھا ڈَکھ۔ 
3413,پرٛیتھ ٹریڈملس پیٹھ کریو کم از کم 10 منٹ گزارنٕچ کوٗشش، تاکہ تۄہہ ملؠو مشینہٕ خٲطرٕ اصل احساس۔
3414,"زنانَن منٛز چھِ طویل مٗدتی  معاملہٕ زِیٛادٕ عام۔
"
3415, لاطینی ین  تہٕ مردن منٛز ٲس موتٕچ شرح سارِویہ زیادٕ ۔ 
3416,تٔمۍ لیوٗکھ یہ بٲتھ فریڈ بال تہٕ جوزف اینجلس سٕتۍ، ییٚمۍ یہ پروڈیوٗس کوٚر۔
3417,"چینٕکۍ ناقد چھِ ونان زِ چین چھُ سوڈانَس منٛز اسلامی حکومتٕچ حمایت کران تِکیٛازِ یہِ چھُ ملکٕکۍ تیٖل کہ برآمدُک زٕ ترٛیٚیِم حِصہٕ ہیوان تہٕ اتھ ہتھیار تہِ کٕنان۔
"
3418,وقتس سۭتہِ سۭتہِ چھُ پرٹوسس نِش تحفظ کم گژھان، لہذا چھِ اکثر بڑٮ۪ن شُرین تہٕ بالغن خٲطرٕ ویکسیٖنٕکہِ علاوٕ خوراکٕچ سُفٲرش  کرنہٕ یِوان۔ [14]
3419,وامن مندرس چھ 'وڈکم دیوار' ونان تہٕ شیو مندرس چھ 'ٹیککم دیوار' ونان۔
3420,"3 ستمبر 2018  آو یہِ اعلان کرنہٕ زِ منگولیا ٹیمُک پُریودورجین اورکھون اوس 20 اگست 2018 ہَس منٛز کرنہٕ آمتِس پیشاب کِس ٹیسٹَس منٛز سٹینوزولولُک ٹیسٹ پازیٹیو قرار دِنہٕ آمُت۔
"
3421,تم چھ أمس ہسپتال نوان تہٕ سۄ چھ تمن سۭتۍ وعدٕ کران ز سۄ لڑِ انکور سٕنٛد خٲطرٕ۔
3422,تیوہارٗک عوٲمی جشن چھٗ مشہوٗر تہٕ یہ چھ مقٲمی نوجوان گر٘ٗپو ، ہمسایہ انجمنو  یا تجٲرتی لوُکن ہنٛزو جمٲژو دٕسہِ آراستہٕ كرنہٕ  یوان ۔
3423,کھلٲڑۍ ہیکن کھیلس منز پنٕنۍ مییس تہ استعمال کٔرتھ تہٕ کسٹمائز کٔرتھ ۔
3424,"یہِ توسیع گٔیہِ آنند پوٗر صٲحبس منٛز ہولی تیوہارٕ پگاہ  شروٗع، یتھ منز  سِکھ فوجی فرضی لڑایَن  ، گُرِ سوارِہندِ مٗقابلہٕ ،جِسمٲنی كرتب ، تیر اندٲزی تہٕ فوجی مشقَن منٛز مُقابلہٕ  كرنٕچ  تربیت پر٘اوان چھِ ۔
"
3425,"سُہٕ چُھ ٹومی تہٕ دیل پِکلس سُند کزن۔

"
3426,مےٚ چھُ چون احساس، مگر یم جواہر ژٕ  پننہ سالگرہ خٲطرٕ ژھانڈان چھُکھ  تم ہیککھ نہ میسر رقمس مٔلۍ ہیتھ۔ 
3427,فوربس چھ دریائے لاچلان کین بٹھین پیٹھ۔
3428,ریاستٕکین شمٲلۍ حصن منٛز چھ درجہ حرارت جنوبی حصہٕ کیو علاقو کھۄتہٕ کم روزان۔
3429,عام طور چھ گھرِچ ساروی بٕڈ زنانہٕ یہ گۄڈٕ وٗچھان تہٕ پتہٕ گھرٕ کین تمام شونگِتھ گھربٲژن  ہاونہٕ خٲطرٕ اندر انان۔
3430,امہ بؠمار ہنٛد عٮ۪لاج ہیٚکہ سکیزوفرینیاہٕکۍ پٲٹھۍ کرنہٕ یتھ۔
3431,زیادٕ ڈی بی ایس پتہٕ ، مریض ہیکن چیزن ناو دتھ تہٕ پنٕنۍ اتھٕ استعمال کٔرتھ ۔
3432,"ٹوٹل سیاپاہَس مِلیوٚو تَنقیٖد نِگارن ہٕنٛدِ منفی جٲیزٕ کہِ وجہ سۭتۍ ہندوستانَس منٛز باکس آفسَس پٮ۪ٹھ خراب استقبالہٕ سۭتۍ کم شروعات۔
"
3433,جنرل موٹرزکہِ ڈیزائنر ہارلے ارل چھٗ تصورٲتی کار ایجاد کرنہٕ خٲطرٕ زاننہٕ یوان ۔
3434,اسرٲیلی فوجی یو  ووٚن ز کارکٗنن ٲسہِ  گیس ماسک تہٕ سکی ماسک لگٲوِتھ ۔
3435,تم چھ علامتن منٛز ساروٕے کھۄتہٕ زیٛادٕ ناکارٕہ تکیاز علمی مسلہٕ چھ دۄہدش کٲم متٲثر کران۔
3436, یِم ٲسہِ سۄرفن تہٕ بِچین ہندِس زہرس ہِوِ٘ین زہرن منز بۄڈناونہٕ آمٕتہِ ۔ 
3437,کابے نارتھ چھٗ نِمیبیا کس زیمبیزی خطٗك  اکھ انتخابی حلقہ۔
3438,بچن ہنٛد زخمن ہنٛد بیاکھ اکھ وجہ چُھ بچن سۭتۍ بدسلوکی یتھ کٔنۍ شیکن بیبی سنڈروم۔
3439,آلٹ مین اوس موت پتہٕ بہترین ہدایت کار خاطرٕ انڈیپینڈینٹ اسپرٹ ایوارڈ خٲطرٕ نامزد تہٕ۔
3440,پہٲڈی بوہنج وادی مٕلکہ کس مرکزی حصس سۭتہِ  جوڑن واجیٚنِہ اہم سڑک آیہ بنٛد کرنہٕ،  ٹالمینس تام صرف پہٲڈِ وتھ تر٘ٲوِتھ ۔ 
3441,صدر کوناری زیٛوٗن 1997 تس منٛز دوبارٕ تہٕ تٔمۍ کر بجہ سیٲسی تہٕ معٲشی تبدیلیہ۔
3442,"باقٕین  وجوُہاتن منٛز چھِ دنٛدن ہنز بلیچنگ، تموك چو٘ن ، پھٗٹِمٕتہِ دند ،دند ٹكٕنہِ  شٲمِل ۔
"
3443,"سَن آف سردار آیہِ 13 نومبر 2012 ہس منٛز ریلیز کرنہٕ۔
"
3444,گاندھی سنٛز حوصلہٕ اَفزٲیی سۭتۍ  بنیوو پٹیل  گجرات سبھا ہُک سکریٹری، اکھ عوٲمی ادارٕ یُس انڈین نیشنل کانگریسُک گجراتی حصہٕ بنہ ہے۔
3445,سائٹٔو باپتھ تجویٖزن منٛز ٲسہِ  ڈریٖم وِڈتھ، لائیٔو جرنٛل،  یوٚؤر فیٚن فِکشن ڈاٹ کام تہٕ این آرکائیو آف آؤر اون (اے او تھری ) شٲمل۔
3446,وید ویاس برٛونٛہہ اوس وپاسا دٔریاو سرسوتی ناوٕ سۭتۍ زاننہٕ یِوان۔
3447,یہ پلاٹ چھ أکس 40 وہر سبھیندو رایس أنٛدۍ پٔکۍ، یوٚسہٕ شیلا ناو چہ أکس واریاہ کم وٲنٛسہ زنانہ سۭتہ محبت کران چھےٚ۔
3448,اتھ منٛز چھ بۄڑ صدمہٕ تہٕ بکوچہِ ناکام گژھنہِ شٲمل تکیاز كر٘ن٘زٕ چہِ  مژھہٕ چھِ چیٖرنہٕ یوان ۔
3449,تہنزِ وتِہ منٛز ژھۄٹُک ڈھیر ؤچھتھ پھیرۍ سیاح جلدی پتھ کُن تہٕ کریکھ پننِہ نستہٕ تہٕ ٲس بنٛد۔
3450,"ابن بتوتتا ، ال سفادی ، اسامی ، تہٕ ونسنٹ سمتھ ہوین واریاہن تٲریٖخ دانو مطابق اوس غیاس الدین  منز پننۍ نیچوۍ الغ جونا خانن 
 1325 عیسوی قتل کوٚرمت۔"
3451,"کینژن چالوکیہ شہزادن ہند ناو چُھ خٲلص کننڈ اصطلاح اراسا سۭتۍ ختم گژھان ، ییٚمیُک مطلب چھ ""بادشاہ"" یا ""سردار"" ۔"
3452,2018 ہس منٛز اوس کیکاٹیکس پلمونری امبولزم تہٕ پتہٕ سیپسس ۔
3453,یم جنسی مسلہٕ چھ عموٗمن تمہ وز ژلان ییٚلہ کانٛہہ نفر دوا استعمال کرٕنہ بنٛد کران چھ۔
3454,26 اپریل 2007ووٚن الیگزینڈر لوکاشینکو ز چینل چھ خراب۔
3455,"لِیونز، جارجیا: لِیونز چُھ امریکی ریاست جارجِیاہُک اکھ شہر۔
"
3456,"بالاسن دٔریاو چھُ گاڈٕ رٹنہٕ باپتھ اکھ اصل جاے ییٚتہِ اَتھ علاقَس منٛز ٹراؤٹ ہِش گاڈٕ لبنہٕ چھِ یِوان۔
"
3457,بھیمس خلاف تٔمۍ سٕنٛزٕ بار بار ناکٲمی تہٕ  لاپروٲہی دیُت دُریودھنس یوٗتاہ تیش زِ سُہ اوس تس مران یژھان۔
3458,ییلہٕ بجلی ہنٛز طلب چِھ کم گژھان، ڈیم چُھ صرف زیادٕ آب ذخیرٕ کران۔
3459,لوکو کٔرۍ  اَمکۍ منظر، نقل و حرکتک نظام، جنگی نظام تہٕ مزاح پسند۔
3460,10 اگست 2019مور تمہِ پھٲن٘سہِ دِتھ پان ۔
3461,یوٹیلیٹی کمپنین ہنٛدِ  اہلکار چھِ ونان  زِ یہِ ہیكہِ تواریخٗك  بدترین  شینہٕ طوُفان ٲسِتھ ۔
3462,سندوی قصبہٕ چھ کاؤنٹی نشستہٕ پٮ۪ٹھہٕ 50 کلومیٹر شمالس منٛز ۔
3463,ییٚلہ تم قٲیم کرنہٕ آیہ، تم ٲسۍ برازیلی فوجی حکومتک حزب اختلاف۔
3464,تال چھے٘ یِتہِ فٲصلہٕ کران ز رقاصن کتھہِ کٔنہِ چھُ کانٛہہ طرز پیش كرٗن ۔
3465,"تٔمِس اُوس 1977 پیٹھہٕ  1983تھس  منٛز  تِمن طلاق گژھنس تام جے ہولٹ سمتھس سۭتہِ خانٛدر کرِتھ  ۔
"
3466,سلطنتٕکۍ حدود رُودۍ صدین دوران بدلان۔
3467,"فائر آفیشلٕکۍ سینئر سپرنٹنڈنٹ کارلیٹو رومیروَ سٕندِ  مُطٲبِق گو٘ باگیو شہرَس منٛز اکھ مکانہٕ  اکھ مٲجہِ تہٕ تٔمہِ سٕنٛزٕ زٕ کورِ ہیتھ پَسہِ تل دفن ، ییٚمہِ سۭتہِ  سٲری زخمی گٔیہِ۔
"
3468,کینژن صورتن منز اوس بادشاہ پانَے بلا واسطہ  اِنصاف فراہم کران۔
3469,پٹھان چھُ تِمن دوٚیمہ دۄہ كار دنٗک وعدٕ کران۔
3470,شیواجی اوس بھوسلے قبیلک اکھ مراٹھا اشرأف یس مراٹھا سلطنتک بانی چھ۔
3471,تاہم ، چانگڈیوکگنگن اوس تعمیر نو پتہٕ 350ہن وٕرین دوران  کینٛہہ نۄقصان تٗلمٗت ۔
3472,مغربی پنٛجابَس برعکس کٔر نہٕ تمام ہندو آبٲدی ہندوستان كٗن ہجرت، اَمہِ بدلہٕ روُد  اکھ بو٘ڈ تٲداد ریاستَس منٛزیہ ۔
3473,گنگائی کونڈہ چولاپورمَس منٛز مٔنٛدِر کمپلیکس تہٕ ایراوتیشورا مٔنٛدِر کمپلیکسس اوسُکھ 2004  منز سائٹ تَوسیع پٲٹھۍ شٲمِل کوٚرمُت۔
3474,پوٗرٕ رِیاستس منٛز چُھ   زبردست ہیس تھونٗك   ایٚلٲرٹُک اعلان کرنہٕ آمُت تہٕ نیم  فوجی دستہٕ چھِ  فِرقہٕ وارانہٕ طور غٲر مٗستحقم علاقن منز حالاتن پیٹھ قوبوُ كرنہٕ باپت روانہٕ كرنہٕ آمٕتہِ ۔
3475,سِفلس یس نہٕ پیچیدٕ چھ آسان سہ ہیٚکہ عام طور اینٹی بایوٹک دوا سۭتۍ علاج  بلراونہ یِتھ۔
3476,تٔمۍ سٕنٛدِ دور کِس آغازَس منٛز آیہِ اکھ اَہم پیش رفت ؤچھنہٕ، 31 اوٚکتوٗبر 2008 منٛز اوسُکھ کنڑس کلاسیکی زبانہِ ہُنٛد درجہِ دِیُتمُت۔
3477,یہِ شو سپٗد  دسمبر 2008 منٛز نشر ۔
3478,60 وہٕرِ کھوتہٕ زیادٕ وٲنٛسہِ ہِنٛدین  کھلٲڑین خٲطرٕ چھِ سینئر لیگہٕ چھے٘ عام ۔ 
3479,جینیٲتی بدلاو ہیکن مختلِف جاین پیٹھ تہٕ مختلف طریقو ذریعہٕ رونما سپدتھ۔
3480,ایڈیکا گروپ چھ ساروی کھوتہٕ بٔڑ جرمن سپر مارکیٹ کارپوریشن ۔
3481,کسٹمر رسید مہ کرِو زانٛہہ تہِ تہنٛدٕس بیگس منز شٲمل۔
3482,ایگزیکٹو اختیار چھ وزیر اعلی سٕنٛز سربرٲہی منٛز وزیرن ہندِس ایوانس اتھہِ  آسان حالانٛکہ حکومتی  سربراہ سٗند خطاب چھٗ  گورنرس آسان۔
3483,مشرقی چالوکیو بنٲوِ  جٔدیٖد مشرقی آندھرا پردیشس منٛز عالم پوٗرٕ کینٛہہ اصل مندر۔
3484,"ییٚتین چھٗ گۄڈنیوٗک بائٹ اسہِ  ونان زِ پِکسل کتھ حدس تام 
 چھٗ روشن ۔"
3485,یہ پلاٹ چھ لۄکٹس بٲیس سونو دگلس، ییٚمیک کردار نواز الدین صدیقی ادا کران چھ، تہٕ أمۍ سٕنٛد بٔڑس بٲیس وکیس (انیل جارج) درمیان شدید تہٕ بٲہمی طور تباہ کن تعلقاتٕچ کھوج کران۔
3486,کھؠن کھؠن کٮ۪ن نوٮ۪ن عادتن پزٕ نہٕ جسمس ضروٗرت کھۄتہٕ زیٛادٕ توانٲیی دنۍ۔
3487,متسیہ ہچ رازدٲنی ٲس ویرات نگرس (جدید بیرات) منز، یتھ متعلق چھ وننہٕ یوان ز امیک ناو چھ امۍ کس بانی بادشاہ ویراتا سٕندس ناوس پیٹھ تھاونہٕ آمت۔
3488,کلہٕ پیٚٹھٕ چھ شیٚے ٹینٹکلز نیران تہٕ چھ لیماسیناہس رٹان۔
3489,امہ سۭتہِ چھےٚ یِہ کینیڈاہس منٛز ساروٕیہ کھۄتہٕ زیٛادٕ بولن واجیٚنہِ مقٲمی زبان بنان ۔
3490,اتھ کتابِہ چھ از تہ موجودٕ لوکھ واریاہ احترام کران۔
3491,عیسٲئی چھِ مانان زِ  یِم چھ اکِس  خۄدایہ سٕنٛدِ تر٘ےٚ حِصہٕ ۔
3492,سپینَن بنٛوو ادٲیگی ہُنٛد حق ناقابلِ تنسیخ، تاکہِ  مذکورٕ خبٕر اِدارن تہ چھِ نہ امہ نشہ بری۔
3493,"2001  منٛز ٲسۍ 7,808 لکھ ایڈن برجس منٛز روزان ۔"
3494,پنٛنٮ۪ن سٲتھی فوجی افسرن تہٕ مکنٛدس سۭتۍ رٔلتھ، چھ ویراٹ یمن بمبارن ہنٛد پے کڈنک انتظام کران، اجملن کٔرۍ بم چلاونہٕ برٛونٛہہ تم شٲمل تہٕ چھکھ ماران۔
3495,"مشرِقہٕ طرفہٕ  چُھ كھاڈی بینٛگال تہٕ رِیاست چھےٚ  مركزی زیر انتظام علاقہٕ پٗدوُچری  اندِ اندِ 
 ولِتھ ۔ "
3496,امہِ صنفٕچہِ  ساروی کھوتہٕ اہم کٲم چھِ مقبوُل  پونی یِن سیلون (پونی یِن  سُنٛد نیٚچوٗ)، یوسہٕ  تامِلس منٛز کالکی کرشناموُرتی سنز لیچھمٕژ اكھ تواریخی ناول چھے٘۔
3497,ریوگوکوٗ برجَن اوس جاپان کس ادو دورس منٛز موسشی صوبہٕ تہٕ شیموسا صوبہٕ جوٗرمت۔
3498,چیمپئن ٲسۍ فلائی پیٚٹھٕ مڈلس تام پرٛیتھ وزنہٕ باگنیہِ منٛز۔
3499,تمۍ چھ بہترین غیر ملکی فلمہ تہٕ اصلی سکرین پلے باپت  زٕ اکیڈمی ایوارڈ زینۍمٕتۍ ۔
3500,ببن ہندِس سرتان كِس  تفصیٖلَس منٛز آسَن درجہ بندی ہٕنٛدِین   تِمَن تمام پہلوٗوَن سۭتہِ  سۭتہِ  باقی نٔتجہِ تہِ شٲمِل، یِتھ کٔنہِ زن  جسمٲنی مٗعاینس  منز  لَبنہٕ یِنہٕ وٲجِنہِ  علامژٕ ۔
3501,ژٔنٛدٕروار دۄہہ کھوٚت روٗدٕ سۭتہِ آیووا ہس منٛز سڑکن، نالٮ۪ن تہٕ سیوریج ٹریٹمنٹ پلانٹس سٔہلاب۔
3502,اِوانا بنیہِ 1988 تھس منٛز اکھ قودرتی امریکی شہری ۔ 
3503,اگنی یار دریاو چُھ ہنٛدستٲنہِ ریاست تامل ناڈوُ ہٗک اکھ  باہوٕنی ریتن نہٕ وسن وول درِیاو  یُس جنوُب مشرقس كٗن خلیج بنگالس منٛز وسان چُھ ۔
3504,تِم چِھ  برانڈ ناو کین مصنوعاتن ہٕنٛدِ مٗقابلہٕ واریاہ چیز پیش کران، مگر واریاہ سستہٕ قۭمتن پیٹھ ۔
3505,یِمو منز ٲسۍ ساروِی کھۄتہٕ زیادٕ مشہور منیگرامم تہٕ ایوول گلڈ، یِم فتح یاب چولا فوجٕچ پیروی کران ٲسۍ۔
3506,"اکنامک ریویو آف تریپورہ 11-2010 مطٲبق چھ تریپورہ ہس منز کل 4,455 سکول، یمن منز 2,298 پرائمری سکول چھ۔"
3507,"ییٚلہِ پُلیٖس أمِس کُن بندوٗق کَران چُھ، تمِس چھے پنٛنیٚن ہنزبیٛاکھ کال یِوان۔
"
3508,مٗفت توانٲیی چھِ اے ٹی پی ترتیب  پکناونہٕ خٲطرٕ استعمال سپدان ۔
3509,"کرناٹک چھُ پرانہِ کنیہ کالہ پیٹھٕ آباد تہٕ یہ  چھُ قدیم تہٕ وسطی کالہ  کِس ہندوستانَس منز کینژن طاقتور سلطنتَن ہُند گرٕ رُودمت۔
"
3510,ہندوستانٕچ ساروِی کھۄتہٕ بٔڑ نہر چھِ اندرا گاندھی كینال ، یوٚس تقریباً 650 کلوٗمیٹر زیٖٹھ چھے٘ ۔
3511,یم لوُکھ عام طور بیمارین ہنٛد علاج چھ کران تمن چھ ڈاکٹر یا فِزشن وننہٕ یوان۔
3512,یہِ چُھ  نیم ہیٹن ،نِیوُ یارک سِٹی  کس  ٹرمپ ٹاورس منٛز واقع۔
3513,لکھنؤ سورن شتابدی ایکسپریس، دویم تیز ترین شتابدی ٹرین چھ ہنٛدستٲنہِ رازدانہِ   نوِ دِلہِ لکھنؤس سٕتہِ   جوڑان ییٚلہ زن کانپوُر شتابدی ایکسپریس  نوِ دِلہِ کانپورس سۭتہِ جوڑان چھے٘ ۔
3514,यि छु टेलीविजन प्रोगरामन त् खेलन हन्ज़्न  तक़रीबन बापथ मवाद बनावान.   
3515,مدراسس منٛز کٔر أمہِ  گۄڈنِچہِ اِننگہِ منٛز 166 رنہٕ تہٕ 29 رنن پیٹھ روٗد گِندان  ییٚلہِ بھارتن زیننہٕ خٲطرٕ رنہٕ بناوِ ۔
3516,بیاکھ اکھ قٲبل ذکر تامِل ریواج چھٗ یہ تیوہار گولوُ گُڈنین سۭتہِ  مناوٗن (یتھ گولو تہ ونان چھ)۔
3517,سوٗ اوس میی  2017 پیٹھہٕ  ستمبر 2021 ہس تام بہاماسٗک وزیر اعظم ۔
3518,یہ چھ بہیا بلانکاہس  بِلكٗل  جنوُبس منٛز بحرِ اوقیانوسس منز  ختم گژھان ۔
3519,انگا، مگدھ کس مشرقس منٛز اکھ لۄکِٹ سلطنت (جدید مغربی بنگال کس دروازس پیٹھ) بنیوو  ویدک ثقافتک مشرقی سرحد۔
3520,مِثالے، رانی پدمِنی ہُنٛد خانٛدار رَتن سیٚن موٗد علاودیٖن خلجی سٕنٛدِس محاصرس خلاف لَڑان لَڑان، تہٕ اَمہِ پتہٕ چھےٚ سۄ٘ رسمہِ  جوہَرٕچہِ  قیادت کَران۔
3521," اوڈیا ہشن باقی ہندوستٲنۍ زبانَن  منٛز چھِ صوتیاتی ہشر ورتاونہ یوان، مثالے جاترا۔
"
3522,جانکی (سیما بسواس)  سۭتہِ تمہِ سنز  مٗلاقات- یوسہٕ اكِس  لڑکہٕ اودیش سنٛز موج چھے٘ - چھے تس سو٘ن  سیٲسی-مجرمانہ گٹھ جوڑ سمجھنس منٛز مدتھ  کران یٗس نِظامس منٛز پھہلتھ چھٗ ۔
3523,امہ دۄہ چِھ مختلف وٲنٛسہ ہٕنٛدۍ لُوکھ کبڈی، میراتھن، باسکٹ بال، ہاکی ہوین کھیلن منٛز حِصہٕ نِوان۔
3524,بہٕ گوس کھوٗژۍ کھوٗژۍ امتحان ہالس منٛز تکیاز مےٚ ٲس نہٕ پنٛنہ امیدِ مطٲبق تیٲری۔
3525,एपल A8X एपल A8X छि अख चिप योस एपलन  बनॉवमॅच  छि.
3526,زہریلہٕ چیز، یتھ کٔنہِ زن صفٲیی ہٗنٛد سامانہٕ گژھن بیگس منٛز الگ الگ  تھاونہٕ یِنہِ ۔
3527,آرتھوڈوکس سروس چھ بٹوار دۄہ شامس ژیرِ  شروع گژھان، یہوُدِ  ریواج پالان زِ  شام چھٗ مقدس عبادت كین دوہن ہٗند  آغاز۔
3528,یہ فلم ٲس 3 مارچ 1995 تس منٛز امریکاہس منٛز ریلیز گٔمٕژ۔
3529,"واریہو مطالعو سۭتۍ آو لبنہ زِ لپوپروٹین (اے) ہنٛز اکھ اعلی سطح ٲس اسکیمک دِلچ بیمارِ خٲطرٕ اکھ اضٲفی خطرُک عنصر۔
"
3530,"پروڈیوس بٹن ژارِو تہٕ کٔرِو اینٹر ژۄن ہندسن ہُند آیٹم نمبر۔
"
3531,تھریکاکارا مندرس منٛز چھ اکھ بٔو٘ڈ سال دِنہٕ یوان ، یُس عوامس خٲطرٕ یلہٕ چھٗ آسان  تہٕ اتھ منٛز چھِ وٗہ ساس كھو٘تہٕ زیادٕ لٗكھ شركت كران ۔
3532,ریاستس چھ 30 نومبر 2020 ہس تام کل 24950.60 میگاواٹ بجلی پیدٕ کرنٕچ صلٲحیت۔
3533,گیرتھ ایونز اوس ہولٹ منتخب گژھنہٕ برونٛہہ سینیٹک رکن۔
3534,اکہ کامیاب پیشورانہٕ زندگی پتہٕ مُوٗد رِیٖوز 16 جون دۄہ 1959 ٹھس منٛز۔
3535,ٲخٕری منٹَن منٛز گو کھیلک رفتار سُست تہٕ ہِٹ تہ گٔیہِ کم ۔
3536,یہ چھ گوداوری دریاو کس دٔچھنس بٔٹھس پؠٹھ اکھ معاون دٔریاو، یس تلنگانہ کس کھمم ضلعس منٛز چیرلا ہس نزدیٖک واقعہٕ أکس سنگم کہ ذریعہ اتھ منٛز وسان چھ۔
3537,"ییٚلہ تم اکھ مرکزی گلوکار ژھاران ٲسۍ، تمو لوٚب ال اٹکنز۔
"
3538,امہٕ وجہہ كِنہِ  آو جنوُبی افریقہ کِس أکِس گامس یہِ ناو دِنہٕ ۔
3539,یکہ وٹہ رُوزِتھ  ٲسۍ تمن ژور شُرۍ، یمن مارک، مارٹی، مرے تہٕ کیتھی ناو اوس۔
3540,ٹیپون بڑوٚوحیدرنہِ مرنہٕ پتہٕ   راکٹن ہُنٛد استعمال واریاہ ، تہٕ کٔرِن  اکی ساتہٕ 5000 راکیٹ تٔعینات۔
3541,لہاذا، یژھِو تو٘ہہِ وۄنہِ 1 ملین ڈالر تٗلٗن تہٕ  اتھ سرمایہ کٲری کرٕنہِ ۔
3542,تداشی سواموُرا اوس اکھ خاص پٲٹھہِ مشہوُر بروٗن٘ہِم کِک باکسر۔
3543,پامبن جزیرٕ تہٕ لۄکٕٹ چونہٕ کنین ہٕندین شولن ہٕنٛز اکھ جماعت چھےٚ  رام سیتو ہک شمٲلی حصہٕ بناوان، یس گۄڑٕ ہندوستانس سری لنکاہس سۭتۍ جوڑن وول اکھ قدرتی کدل اوس۔
3544,شیٹی کر پنن او ٹی ٹی ڈیبیو ایمیزان پرٛایم ویٖڈیو باپتھ انڈین پولیس فورسس سۭتۍ یتھ منٛز سدھارتھ ملہوترا چھ۔
3545,تمہ کٔر 1966 منٛز برطانیہ ہجرَت تہٕ کوٚرُن پنُن پان بطور اکھ آزاد مصنِف قائم۔
3546,کیوبن امریکی چِھ ریاست ہائے متحدہ کِس ساروی کھوتہٕ بڑس ہسپانوی گروپس منز ترییِم ۔
3547,حیدر علی اوس ٹیپوُ ہس، اٗردو،فارسی ، عربی، کنڑ، قرآن، اسلٲمی فقہ، گُرِ سوٲرِ، گولہِ چلاونہٕ  تہٕ تلوار بٲزی  ہِوین موضوعن ہنزِ اِبتدٲیی تعلیم دینہٕ باپتھ قٲبِل ووستاد مٗقرر كرِمٕتہِ ۔ 
3548,"یہِ چھُنہٕ وۄزُل کارڈ آسنہٕ کِس صوٗرتس منٛز لاگوٗ گژھان۔
"
3549,"امِچ اصلی کٲم چِھ نہٕ واضح مگر یہٕ چُھ LDL رسیپٹر تہٕ کلیتھرن لیپت گڑھن درمیان تعلقس منٛز کردار ادا کران باسان۔
"
3550,اکھ مشہوٗر جین مندر چھُ سلطان بتھیری منٛز واقعہٕ، یُس گۄڈٕ کیرالہ ہُک کیدگناد قصبہٕ ناوٕ سۭتۍ زاننہٕ اوس یِوان۔
3551,حکومت ہنٛدستانن کوٚر تمۍ سٕنٛدس اعزازس منٛز دوٚن دۄہن ہنٛدِ عوٲمی سوگک اعلان۔
3552,امیوٗک مطلب اوس  شہرس منز ٲسہِ  واریاہ مكانہٕ ضروُرت۔
3553,22 اکتوبر 2018 آو  ساودرن ایونیو، کولکتہ  ہس منز  کمار سُند  مجسمہ نصب كرنہٕ ۔
3554,اشاعتہٕ خٲطرٕ چھ تمام مواد پی سی ایل او ایس استعمال کرن وٲلس نش طلب کرنہٕ آمت۔
3555,گاڑِ ہٕنٛدۍ سیال کٔرِو چیک - یَتھ منٛز تیل، بریک، تہٕ پاور سٹیئرنگ فلیوڈ شٲمِل چھِ- تہٕ یقینی بنٲوِو زِ تِم چھِ سٲری بٔرِتھ۔
3556,أمۍ سٕنٛدِ س قیادتس منز پھہلییہِ مراٹھا سلطنتٕكہِ سرٛحد موٗجوٗدٕ پاکستانس منٛز پشاورس تام ، ، جنوٗبس منٛز سری رنگا پٹنمس تہٕ موٗجوٗدٕ مغربی بنگالس منٛز مِدنی پور تام۔
3557,"یہٕ اوس کُنوُہمہِ صدی کِس ٲخرس منز بناونہٕ آمُت۔
"
3558,پالمیٹا ژامَن- پالمیٹا چُھ ریاست زولِیا کہِ وینِزیولِیا چہِ ژامنہِ ہُنٛد اکھ قٕسٕم۔ 
3559,پلاکشین اوس وشنویت فرقُک ہِنٛدو مگر سُہ اوس بدھ متَس تہٕ جین متَس سۭتۍ باقی عقیدن ہُنٛد روادار۔
3560,وِکِپیڈیا چُھ اہم طٔریٖقو چھاپٲوِتھ حَوالو نِش مُختٔلِف۔
3561,کمرس منز چیزن ہندِ اچانک، ناقابل بیان حرکت چھِ یینہٕ واجِنہِ تبٲہی ہٖند  احساس کرناوان ۔
3562,یِم چِھ عام طور بڈس مقدارس منز مردٕ پنس تہٕ باقی نامیٲتی چیزن پیٹھ مشتمل آسان یمن ہیومس چھ ونان۔
3563,"ووں گو٘ و تمام عملہٕ آو بچاونہٕ تہٕ آیہِ محفوظ پٲٹھۍ زمینَس پیٹھ واپس۔

"
3564,ورندایہ دیُت پان  سمندرس منٛز دٲرِتھ، تہٕ دیوتاہن (یا پانہٕ وشنون) کوٚر أمہ سنٛد جان أکس کلس منٛز منتقل، یتھ امہ پتہٕ تلسی ونٛنہٕ آو۔
3565,"مواٹوپوزا تالُک چھِ درمیٲنی زمینن تہٕ پہٲڑی علاقن پیٹھ مٗشتمِل یتھ منز زمیندٲری تہٕ لۄكچِہ صنعتہٕ اَمِچ بنیٲدی اقتصٲدی بنیاد چھے٘ ۔
"
3566,"دۄشویو کوٚر آفتابس أندۍ اندۍ سیارن ہندِ حرکتٕچ پیشین گویی کرنہٕ خٲطرٕہ یہٕ طریقہٕ استعمال۔
"
3567,2020 کس دہلس تام چھ مسلم دنیاہس منٛز واریاہ تبدیلیہ آمژٕ۔
3568,مثلن ، ییلہٕ لوکھ کتھ چھ کران ، یہٕ چھ کنن کیُتھ ان پٹ ۔
3569,ماحولیٲتی اہلکار چھ فکر مند ز کیٚمۍ مار دوا ہیکہ صوبہ رومبلونس أنٛدۍ پٔکۍ نازک آبی ماحولس شدید نقصان واتنٲوتھ۔
3570,سری وینکٹیشورا نیشنل پارک چھِ آندھرا پردیش، ہندوستانَس منٛز اکھ قومی پارک تہٕ حیاتیاتی پناہگاہ۔
3571,"یتھہٕ كٕنہِ بنییہِ سو٘  ہندوستانَس منٛز قونوٗن ساز نشستَہٕ  باپتھ انتخاب  لڑنہٕ واجیٚنہِ  گۄڈٕنِچ زنانہٕ ۔
"
3572,یم سٲری ہیکو کرسمس برٛۄنٛہہ، غٲلبن  نومبرس منٛز ٕمۄلہِ ہیتھ ۔
3573,"جُرمانہٕ تہٕ گول پتہٕ، کھلٲڑۍ ہیکَن آزادانہٕ طور مُتبادل بدلٲوِتھ تہٕ تِمَن چھُنہٕ مُتبادلہٕ جایہِ منٛز گژھنک ضرورت۔
"
3574,تٗہٗنٛد مٲلی منصوبہٕ ساز ہیکہ تۄہہ یہ پتہ لگاونس منٛز مدتھ  کٔرِتھ زِ تتو٘ہہِ  کِتھہٕ کٕنہِ ہیکِو پننہِ سٗبقدوشی ہنزِ زِندگی حیمایت كرِتھ ۔
3575,ڈِیگرلینڈوہن ووٚن زِ امہِ وجہ سۭتۍ اوس ایسکوبیڈوہن والٹیئرا گوٗلۍ لگٲوِتھ موٗرمُت۔
3576,"مہابھارت چھُ واریاہ واقعہٕ بیان کران یِم بھیمسُند بل  چھِ ہاوان۔
"
3577,یِم اصول ٲسۍ مارکویس آف کوئنز بیری ہٕنٛدِ سرپرستی منٛز شائع کٔرۍمٕتۍ، ییٚمیُک ناو ہمیشہٕ یِمن سۭتۍ  وابستہ اوس۔
3578,کریک کلائمبنگ منٛز چِھ کوہ پیما ہٕ یتھ کٔنۍ ز جیمنگ، سٹی٘مِنگ تہٕ لییِنگ بیك ہِشہِ مخصوص تکنیکہٕ استمال كرِتھ  چٹانہِ ہندِس درارس كھسان ۔ 
3579,"2009 ہس منٛز اوس اَداکار سُنٛد 8 فٕٹہٕ تھوٚد بٗت  اولییِل، کولَمس منٛز أمہِ  سٕنٛدِس گَھرس برٛونٛہہ کنہِ کھڑا کرنہٕ آمُت، یُس اَز اَکھ نٔرسِنٛگ ہوم چُھ ۔

"
3580,خندقن منز فوجی ٲسہ كٗنہِ چیزٕ كھو٘تہٕ زیادٕ گیس حملن كھوژان ۔ 
3581,بہٕ چھس پننہ صحت مرکز چہ بلہ پیٹھ غیر متوقع ہُریمانہ چارجو سۭتۍ رژھاہ پریشان، یہ چھ کٲفی تکلیف دہ۔
3582,یہِ افسر اوس تمہِ وِزِ پننہِ بٹیلِینہِ ہنزِ “ اے“ كمپنی ہنز كمان سمبھٲلِتھ ، ییمہِ وِزِ امِس  سِتانگ بر٘ج ہیڈس كھوہورِ اندِ اہم پہاڈ   پگوڈا ہِلس ، یتھ پیٹھ دٗشمنن قبضہٕ اوس كورمٗت ، پیٹھ جوٲبی ہملہٕ كرنٗك حٗكٗم دِنہٕ آو ۔ 
3583,أمِس چُھ چی کُریٖنس سۭتہِ  خانٛدر کٔرِتھ ، یُس 12 جوٗن 2009 پیٚٹھٕہٕ  جی کیٛو رِسالُک مٗدیر  چُھ ۔
3584,فیڈرل آئینی عدالت چھ جرمنی ہنز ساروی کھوتہٕ اہم عدالت۔
3585,اتھ تھمبس پیّھ اوس اصلی گرٗڑ سٕٗنٛد مٗجسمہٕ  ۔
3586,میٛون نیٚچُو گوٚو مویوس ییٚلہ تٔمۍ پنٛنہ بیچلر ڈگری ہٕنٛدس گۄڈنکس سمسٹر امتحانس منٛز پنٛنین انجینیرنگ مضٲمینن منٛز کمٕے نمبر حٲصل کٔرۍ۔
3587,"1989  پیٹھہٕ 1993 تام اوس آئنودی جارج ایچ ڈبلیوُ بٗش سندِس صدارتس دوران امریکی ریاستن ہنٛز تنظیم منٛز امریکی سفیر۔
"
3588,تشخیصک استعمال چھ چیزک استعمالک رویچ نوعیت واضح کرنہٕ خاطرٕ یوان کرنہٕ تاکہ مناسب علاجک تعین کرنس منٛز مدد ملہٕ۔
3589,لیٹنٹ ٹی بی وٲلۍ لوک چھنہٕ یہ بیمارۍ پھہلاوان۔
3590,پراگس منٛز پیدٕ گژھن وول ولہیم سٹینٹزن تھٲو کھیلس خٲطرٕ اکھ سائنسی نقطہٕ نظرٕچ بنیاد، کنہ پوزیشن اجزاءس منٛز پھٹراونک تہٕ صحیح منصوبہٕ تیار کرنُک فن۔
3591,باڈی گارڈ چھ اکھ حفاظتی اہلكار یٗس   اكِس  نفرس زخمہٕ نش جسمٲنی طور بچاوان چھٗ ۔
3592,یہ تحریٖک چھےٚ بحس کران زِ تنازعس منٛز چھُنہٕ مٲدی حقٲیقن ہُنٛد کانٛہہ تہِ مسلہٕ تہٕ مٗنصِف چھُ بطورِ قونونی معاملہٕ  فٲصلہٕ دِنٗک حقدار۔
3593,الگونکوین، ایروکوین، یا سیوان چِھ اَمِہ علاقٕکۍ ترےٚ زبانہ  گروپ۔
3594,پتہٕ ہیٚکہِ رٹن وول امیُک تجرُبہٕ کرنہٕ خٲطرٕ تۄہہِ نش “یہِ نقدی منٛز تبدیٖل کٔرِتھ“۔
3595,اتھ تقریبہ دوران چھ شرکت كرن وٲلہِ  الاؤ زالان، اکھ أکس  رنگین پاوڈر چھكان، تہٕ كھُلہٕ پٲٹھہِ  جشن مناوان۔
3596,مثلن، پٔرل 5 معیارن کٔر 1993 تس منٛز پٔرل 4 رٔچ جاۓ۔
3597,تمی سٕند پیدٲیشی ناو اوس پرسکیلا ماریہ ویرونیکا وائٹ تہٕ سو زاییہ  لیورپولہٕ۔    
3598,راماگری قلعہٕ اوس 1325عیٖسوع پٮ۪ٹھٕ 1433  عیٖسوی یس  تام، ہتو ؤریو کھۄتہٕ زیٛادٕ کالس گٗریجالا کاما نایکن  ہٕنٛز دارالحکومت۔
3599,"سیٖڈلِنٛگ: اکھ سیٖڈلِنٛگ چُھ اکھ لۄکُٹ کُل یُس بیٛالِہ پیٹھ وۄپدان چُھ۔
"
3600,تمہِ سٗند مول چھٗ پننس گرس منز -کُنُیہ زوٚنتہنزِ بیارِ سٕتہِ  روزان تہٕ تمہِ  سٕنز موج چھے٘ نیبرِمِس مٖٗلكس منز كٲم كران ۔ 
3601,"سہ چھ رام سنٛد زبردست عقیدت منٛد تہٕ چرنجیٖویو منٛزٕ اکھ۔
"
3602,بونہٕ کٔنۍ دِنہٕ آمٕتۍ لوکھ روٗدۍ حُکام شاخس منٛز باقٕی اہم ملازمَتن پیٹھ فٲیِز ۔ 
3603,یہ چھ اکھ سُہ چیز یتھ لوکھ پنن  پونٛسہٕ راونہ نشہ بچاونہٕ خٲطرٕ ہیچھان چھ ۔
3604,"2011  کرکٹ ورلڈ کپ فاینَل پتہٕ أکِس ہوٲیی اڈَس پٮ۪ٹھ اكہِ  واقع ہٗك مُقابلہٕ کرنہٕ پتہٕ تر٘وو  بایوپک فِلمہِ ہُنٛد خیال دھونی سٕنٛدِ منیجر ارون پانڈے یَن برونٛہہ کُن۔
"
3605,ویز چھ پتہٕ ظٲہر کران ز أمس چھ واریاہ جذبٲتی بور تہٕ یہ ز تمہِ  أسہِ واریاہ دہشت گرد  مأرٕمٕتہِ، یمن منٛز عمر سنٛد باس ناصر تہ شٲمل چھُ ۔
3606, شوٚ ہن چھِ واریاہ اوارڈ زیٖنمٕتہِ  یمن منٛز پنٛداہ ایٚمیٖ  تہٕ ژور گولڈن گلوب اوارڈ شٲمل چھ۔
3607,علاقٕہٕ پیٹھہٕ آمٕتہِ  اطلاع چھِ تجویز كران زِ بِجلی ہنز فراہمی چھِ ناكام گٲمٕژ ، مگر عمارتن چھٗنہٕ کانٛہہ بوٚڑ ساختی نۄقصان گوٚمٗت تہٕ نہٕ کانٛہہ زخمی ۔
3608,"دٲخل کرنہٕ وِزِ پیٚیَو تۄہہِ آمدنی ہِنٛدِ ثبوتٕچ ضروُرت، یِتھہٕ کٔنہِ  زن ٹیکس ریٹرن یا تنخواہ سِلپ۔
"
3609,خستہٕ حال چٗنایہ مكانو وٲلہِ   كوچہِ یِمن منز اكہِ ساتہٕ یِم عربی مٗسلمان روزان ٲسہِ  چھِ وُنہِ تہِ اتھ علاقَس منٛز لبنہٕ یِوان تہٕ بسكین كٗمبہٕ چھِ اربی یس منز حجرتس تصدیق كرن والین رِكارڈن ہٗند  دعوا کران۔
3610, مقبوُل سڈكہِ كھینس منز چھِ الور چوپ، بیگونی، کاٹی رول، بریانی تہٕ فٗچکا شٲمل۔
3611,خرچہِ چھٗ  تہنٛدِ مۄلہِ ہنہٕ كہِ تٲریخہٕ  پٮ۪ٹھ شروٗع گژھان تہٕ پرٛیتھ ؤریہ اکھ فیصد پواینٛٹ کم گژھان یوٚتام نہٕ یہ صفرس تام واتہِ ۔
3612,ساؤنڈ ٹریک چھ ٲٹھن ٹریکن پیٹھ مشتمل یم پریتم، انوپم امود تہٕ راکسن بینڈن ترتیب دِتمٕتہِ  چھِ ۔
3613,سارس کیٛن مریٖضن منٛز چُھ بیٛاکھ اکھ عام دٔریافت خوُنس منٛز  گردش کرن والین  لیمفوسائٹن ہنٛدِس تعدادس منٛز کٔمی۔
3614,"میدانس منٛز زیادن سۭتۍ گِنٛدُن چھُ جُرمانہٕ سۭتۍ سزا یِوان دِنہٕ۔
"
3615,باندھو گڑھ قلعہٕ چھٗ  بھارت کِس  مدھیہ پردیش کِہِ  عمریا ضلع کِس  باندھو گڑھس منز  واقع ۔
3616,"واریاہ پرٲنۍ قبیلہٕ گٔیہ یکوٹہٕ  بٔڈۍ سیٲسی گروہ بناونہٕ خٲطرٕ۔
"
3617,حاملہ  آسنہٕ وِزِ ہیکہِ ڈیابِٹِک ریٹینوپیتھی تہِ شُگر واجنِین زنانن ہندِ باپت اکھ مَسلہٕ ٲسِتھ۔
3618,اندرا گاندھی ایرینا تہِ چھ دلہ منٛز۔
3619,چیراپُنجی چُھ شُمال مشرِقی ہِنٛدُستانس منٛز اَکھ سَیٲحی مُقام۔
3620,"گوا چھُ الكوہلس  پٮ۪ٹھ واریٛاہ کم آبكٲری ٹیكس آسنہٕ كِنہِ کم قۭمتہٕ والہِ  بیئر، شراب تہٕ سپرٹَ   باپتھ تہِ قٲبلِ ذِکِر۔
"
3621,"تھینمالا چھُ اکھ سیاحتی مُقام یُس کیرالہ، ہُندوستانَس مَنٛز کولم ضلعہٕ کِس مشرِقس کُن چھُ یُس ہُندوستانَس مَنٛز گۄڈٕنیُک ماحولیٲتی سیاحتی مرکز چھُ۔
"
3622,فالکنس چھ اکھ وۄزٕج ڈسک یتھ منٛز أنٛدۍ پٔکۍ اکھ عربی سیل بوٹ چھ ہاونہٕ آمت۔
3623," ایلبمچہِ آیہ ایمریكاہس منز امہِ كہِ اشعات كِس گۄڈنِكِس ہفتس منز 201,000 کاپی كٕننہٕ ۔ "
3624,تٔمہِ  کٔر مریخی  اسمٲنہِ پلن ہندِس  أکس گرٗپس پیٚٹھ تہِ کٲم ۔
3625,"ویر ویرام دیو تہٕ راؤ کندہڈیڈ دیون دِژ امہِ قٕلہٕ منٛزٕ علاؤالدین ہِوِس طاقتس شِکست تاکہ پننہِ مادری وطنچ حِفاظت کٔرِن پننہِ بہادرانہ طاقتہٕ سۭتۍ ۔
"
3626,"یہٕ گوو 1 جنوری 1270 تس منٛز شروع تہٕ 31 دسمبر 1279 منٛز گوؤ ختم۔

"
3627,"آڈیو سی ڈی  منٛز شٲمِل اضٲفی بٲتھ ٲسہِ کوشک دتہ ہَن ترتیب دِتمٕتہِ، یِم 2 جون 2014 رِلیٖز آیِہ کرنہٕ۔
"
3628,ابن بتوتتا سندیٛن یادداشتن منز چھ درج ز أمِس اوس دۄن غلام کورین ہُند اکھ اکھ شُر، اکھ ٲس یونانٕچ تہٕ بیاکھ ٲسن  دِلہِ سلطنتس منز قیام  کرنس دوران مٔلۍ ہیژمژ۔
3629,ایسٹونین مارک ایسٹونین مارک اوس 1918 پیٹھہٕ 1928ہس تام ایسٹونیاہٗک زر ۔
3630,کچی پٗڈی  منٛز چُھ رقصٕچ  اکِس بُنیٲدی اکٲئی اڈُگوُ (یا اڈوگٗلوُ) وننہٕ یِوان، تہٕ یِم چِھ ناٹیہ شاسترس منٛز کراناہس سۭتہِ  مطابقت تھاوان۔
3631,احتِجاجس دوران آیہِ أمِس پُلیٖس کہِ ذٔریعہٕ چوب دِنہٕ تہٕ  گُزریٛوو  چھوكو٘ سٕتہِ 17 نَومبر 1928 دوہٕ ۔ 
3632,1336 ہس تام اوس بالٲیی دکن خطس سلطان علاؤالدین خلجی تہٕ دہلی سلطنتکۍ محمد بن تغلق سٕندۍ فوجن شکست دیُتمت ۔ 
3633,فنن منٛز چھ امیک اعلی درجہ جٲری ۔
3634,کرسمس کارڈ اكھ کرسمس کارڈ چُھ اکھ مُبارَک بٲدی کارڈ ، یُس کرسمسس أند پکہ  دِنہٕ یوان چُھ ۔
3635,ناما بنیو أمہ سنٛد سٹیج ناو یس تٔمۍ 1990 کس دٔہلہ کس ٲخرس منٛز سبکدوش گژھنس تام تھوو۔
3636,1803-04  منز، دویمہ اینٛگلو مراٹھا جنگہٕ پتہٕ، ییٚلہ برطانوی ایسٹ انڈیا کمپنی مراٹھا سلطنت ہارنٲو، تہٕ امہ خطک زیٛادٕ تر حصہٕ آو برطانوی تسلطس تل۔
3637,تقریٖب کِس قیادت منٛز اوس واٹر سلائیڈزَن سۭتۍ کڈز زون علاقہ، تہٕ باونٛس ہاوسِز تہٕ اکھ ڈنکنٛگ بوٗتھ تہِ شٲمِل، یَتھ منٛز دورٕ کرَن واجٮیٚنۍ ٹیمن ہِنٛدۍ کوچ سۭتۍ ٲسۍ۔
3638,سورن ہیکہِ  انفلوئنزا ہٗك  پرندن  تہٕ انسأنی فلوُ دۄشوٕنی ہٗند انفیكشن گژھتھ ، تہٕ تویہ   میزبان آسان  ییٚتہ اینٹیجینک بدلاو گژھِتھ  ہیٚکہ ییمہِ سٕتہِ  نوِ انفلنزا قٕسم بنان چھِ ۔ 
3639,ییٚلہِ پرتُگالیٛو سركٲرِ طور سمنٛدٔری جہاز تہٕ سَوارِ واپس کرنس اِنٛکار کوٚر، مٗغل دربارس منٛز ووٚتھ غٲر معموٗلی پٲٹھہِ  خطرناک شوروشر ۔
3640,"بینڈِٹ راک ایوارڈز چھُ اکھ سالانہٕ ٹیلی ویژن ایوارڈ شو یُس ایس 4 سی  پٮ۪ٹھہٕ براہ راست نشر سپدان  چھُ ۔
"
3641,2009  منز كور NIOT ین مِنی كویہ ، اگاتی تہٕ انڈروٹس منز پلانٹ لاگنٗك اعلان ۔
3642,ایڈیلیڈ سٹور چھ باقین سٹورن ہنٛدس مقابلس منٛز زیادٕ سامان کٕنان ۔
3643,شُمٲلی امریکٔہ ہٗک گۄڈٕنیُوک سکواش کورٹ اوس 1884 منٛز کنٛکورڈ، نیٛوُ ہیٛمپشائر کِس سینٛٹ پال سکوُلَس منٛز۔
3644,جوٗن 2018 ہَس منٛز ٲس جیوتی بالاجی ٹیلی فلمز کِس شو ناگن 3 منٛز بیلا سہگل سُنٛد مرکٔزی زنان كِردار کران یُس کلرز ٹی وی یَس پٮ۪ٹھ ہاوان ٲسہِ ۔
3645,تٔمہِ ہوو  مُختٔلِف مُلکَن منٛز واریٛاہَن سٹیج شوَن منٛز پنٗن فن ۔
3646,اِنسانن ہِنٛدیٛن لۄکٹین أنٛدرمن منٛز پیدٕ گژھن وٲلۍ لیٚکٹیس ایٚنزایمز چھِ صنعتی طور  ایٚسپرجِلس کہِ ذیلی تقسیم کہِ فنٛگَے سۭتۍ تیار کرنہٕ یِوان۔
3647,بلاک چھِ پنچایتن   (گٲمی کونسلہٕ) تہٕ قصبہٕ بلدِیٲتی ادارٕن  پیٹھ مٗشتمِل ۔
3648,مغربی بنگال چھُ مذہبی اعتبار کھُلہٕ یتھ منٛز علاقٲئی، ثقافتی تہٕ مذہبی خصوصیات چھِ۔
3649,گراکس وۄزلیو تمِہ وز بُتھ ییٚلہ نہٕ سُہ سامان وقتس پیٹھ ووت ییمہ باپت تٔمۍ پۄنسہٕ ٲسۍ دِتمتۍ۔
3650,سیکشن 81 چُھ ونان ز تمام کامن ویلتھ ریونیو بنایہٕ کنسولیڈیٹڈ ریونیو فنڈ ۔
3651,ناکٲفی خوراك کھیو٘ن چھٗنہٕ عام، تکیاز جگر چھ عام طور  ترٛیٚہِ پیٚٹھٕہ پانژن ؤرین تام وِٹامن ذخیرٕ کٔرتھ ہیٚکان۔
3652,کروہن چہِ  بیمارِ برعکس چھ ِالسرٹیو کولائٹسس منٛز تموك چنہٕ والین تموك نہٕ چنہٕ ولیو٘ كھو٘تہٕ زیادٕ مٗتٲصِر كرنٗك كم  امكان ۔ 
3653,بریڈ آف چکی بریڈ آف چکی چھےٚ 1998 ہٕچ اکھ امریکی فینٹسی ہارر کامیڈی فلم ۔
3654,زیادٕ تر وقتہٕ چھ یہ ایڈرینل گلینڈن منٛز اکہ پٮ۪ٹھٕ یوان۔
3655,تمِس آو فاین آرٹس سوسایٹی آف كوچی طرفہٕ انٗشٹاناكلاپراوِنا لقب دِتھ عزت كرنٕہ ۔
3656,کوپیاپو کوپیاپو چھٗ اٹاکاما کس علاقس منٛز واقع اکھ چلی یٲیی قصبہٕ ۔
3657,یہِ چھٗ تھٗر دٔریاوس پٮ۪ٹھ ، ملہاؤس پٮ۪ٹھہٕ 17 کلومیٹر شٗمال مغربس منٛز ۔
3658,"عدالتَس نِش ٲس نہٕ سزائے موت دِنچھ صلاحیت مگر یہِ ہیکہِ ہا ڈچَس عُمر قیدک سزا دِتھ۔
"
3659,امہِ کامیٲبی سۭتۍ گیۍ مرزا پوٗر، کاسگنج، چھلیسر تہٕ وارانسی یَس منز سکول قٲیِم۔
3660,"امریکہ واپس یِنہٕ وِزِ کٔرِو کانٛہہ تہِ کسٹم ڈیوٹی تہٕ ٹیٚکس ادا ۔
"
3661,"شہری سہولیات ییتھ کنۍ زن بدرَو تہٕ عوٲمی غسل خانہ ٲسۍ نہٕ وۄنۍ برقرار تھونہٕ یوان، تہٕ نوۍ عمارت آیہ "" ناقص طور تعمیر کرنہٕ ""۔"
3662,یہ دریاو چُھ کیرالہ کیو٘  اِڈوٗکی، ایرناکٗلم تہٕ تھریسوُر ضِلو٘  تہٕ تامل ناڈوٗ کہِ کویمبٹور ضلع کیو  کینٛژو  حصو منزِ وان ۔ 
3663,ممٲلِکن ہیکن کینہہ زبانن اعلی سطحُک تحفظ دِنک فٲصلہٕ کرتِھ ۔
3664,لو٘كچن زٲژن منز خاندر كرٗن چھُ  زنانن ہٕنٛدِ کھۄتہٕ زیادٕ مرد عملاوان وٗچھنہٕ آمٕتہِ ۔
3665,آئی فون 4 آئی فون 4 چھٗ  ایپلن بنوومٗت  اکھ سمارٹ فون  ۔
3666,فایر اینڈ ایمرجنسی سٔروسز اتھارٹی آف ویسٹرن آسٹریلیاہن چھ کراٹھا، روبرن، پوائنٹ سیمسون، وکہم، ڈیمپیر تہٕ مارڈی منٛز روزن وٲلہِ زبردس موحتات تھٲوِمٕتہِ ۔
3667,ڈمب بچس ہیکہٕ  یا نہٕ تِہ ہیکہٕ  دِلچ سرگرمی ٲسِتھ ۔
3668,"یہٕ اوس کازانس منٛز تقریباً 15 لٹہٕ منعقد کرنہٕ آمُت، بلکہ باقی شہرن منٛز تہٕ، یِتھ کٕنۍ زن سلاوت، اورنبرگ، اوکٹیابرسکی، ٹیویمازی، چیلیابنسک، چیبوکسری، المیٹیوسک، سمارا، الیانووسک، نبیریزنیے چیلنی۔
"
3669,کانٛہہ تِہ رقم خرچ کرنہٕ برونٛہہ پِرژِھو پننِس سمٲجی دٲیرس منٛز مفت سامانہ خٲطرٕ۔ 
3670,یہِ وٕچھِو زِ اَتہِ چھُنہٕ کانٛہہ کھے تہٕ یہِ کَتھ یقینی بناونہٕ خٲطرٕ کٔرِو نلہِ تہٕ تارَن ہُنٛد اِشارٕ زِ تِم چھِ سٲری چِیرہ تہٕ اصل حالتس منٛز۔
3671,نِو ساوُتھ ویلزٕکۍ وزیرِ بَراے پُلیسن کوٚر اتھ کَتھ اِنکار زِ حِفاظتی خدماتہٕ چھےٚ امہِ تقریبہٕ سۭتۍ شرمندٕ گٔمژٕ۔
3672,"یہِ مُقدِمہٕ آو پریسٹن کراؤن کورٹَس منٛز مُنعقد کرنہٕ۔
"
3673,ارتھر چھ رینڈل سنٛد قتٕل کران مگر ماضیس منٛز أمس سۭتۍ اصٕل سلوک کرنہٕ باپتھ چھ سہ گیرییس بچاوان۔
3674,یہٕ اوس جنرل موٹرو 2002 پٮ۪ٹھٕ 2007تام بناومت ۔
3675,راگھوجی ین  ژھٗن  مئی 1740 ہَس منٛز دوست علی مٲرِتھ تہٕ بنووٗن دوست علی یُن نیٚچوٗ صفدر علی خان ارکوٹُک نواب ۔
3676,ٲٹھ تیلگو شٲعرٲسہِ تمہِ سنزِ  ادبی مجلسَہِ  ہٕنٛدِ  ٲٹھ تھم شٗمار سپدان تہٕ یِمن  ٲسہِ  اشٹادِگج ونان ۔
3677,تچھِنہِ ہندِ سطحی دو٘ب چھِ عموُمن اونجین ہندین زالین ، كھو٘رن ،  ہژین برُن٘ہہِ كِنہِ ، كھونوٹن ، پتہِ كِنہِ ، ژكجہِ تہٕ  جنسی اعضاہن نیبرِ كِنہِ گژھان ۔
3678,زنانہٕ تہٕ مرد دۄشوے چھِ مُختلف وووٕرِ وانن  پیٚٹھ وونان۔
3679,دٗرگاپوُر-آسنسول کولہٕ كانن ہنزِ پٔچہِ منز چِھ  واریاہ سٹیٖل  پلانٹ ۔
3680,تَتہِ چھِ مختلف بلاکِنٛگ سکیمہٕ تہِ، ییٚمۍ ٹیمہٕ مُخٲلف ٹیمٕک جُرُم  روکاونہٕ باپتھ ہیکَن استعمال کٔرِتھ۔
3681,"ڈی پی پی گورڈن او روٗد پراسیکیوٹنگ ٹیمس منٛز ییٚلہِ زَن تٔمۍ سٕنٛدۍ پارٹنر لیونگ ونگ ٹک سٕنٛز جاے آیہِ اے جی سی کِس ڈی پی پی لی لِٹ چینگَن نِنہٕ۔
"
3682,زنانہٕ نَژن واجنین  ہِنٛدِ خٲطرٕ مُسلمان لباس تہِ چُھ اَکھ سکٲرٹ اِستعمال کَران، مگر اَتھ منٛز چُھ تنگ  چوُرِدار پٲجامہٕ تہٕ کُنہِ ساتہٕ اَتھن تہٕ ہیٚرمِس پانس ؤلِتھ زیٛوٗٹھ کوٹ شٲمِل آسان۔
3683,لوٗکن چھُ یہِ تہِ آمُت ونٛنہٕ زِ تم تھٲوِن زیادٕ خطرٕ والین ، یمن منز بٗزرگ ،جوان تہٕ  بٮ۪مار شٲمِل چھ، ہٖند خیال ۔
3684," دکانس برٛونٛہہ کنہ  اکس گٲنٛٹس کارٕبار کرنہٕ خٲطرٕ اجازت 
 دنہ باپت شکریہ۔ بہٕ نیرٕ پنٛنس وعد مطابق وقتس پیٹھ تہٕ خداہ کٔرۍنوٕ تۄہہ برکت۔ (ریڈٕ وول)"
3685,ڈرٛیس کوڈس سۭتۍ مطابقت یتھ کٔنۍ زن کاربٲرۍ لباس چھ انفرادیتس پیٹھ گروپ کس رکنیتس کن اشارٕ دوان۔
3686,ترووننت پورم سینٹرل چھ ریاستک ساروٕے کھوتہٕ زیادٕ مصروف ریلوے سٹیشن۔
3687,مٗتبٲدِل  جان الوئسی ین کوٚر پننِہ رفتارُک یوچی کومانو ہس پتھ كرنہٕ  خٲطرٕ استعمال تہٕ ترٛیمِس گولہٕ خٲطرٕ چلٲوٕن بال بۄنمِس دٔچھنِس کونَس منٛز۔
3688,یُورپی یونین تہٕ امریکہَس درمیان  زرعی شعبَن باپت سبسڈی تہٕ ٹیرفَس  پیٹھ اختِلافاتَن ہُند نتیجہ دراو  کتھ باتھِ منٛز رُکاوٹ۔ 
3689,ییٚلہ یہ پھٹ، مڈغاسکر اوس اتھ سۭتۍ منسلک یس وۄنۍ ہندوستان چھ۔
3690,کانٛہہ تہِ عقلی عدد ہیکہِ اکہِ منفرد اعشاریہ توسیع پٲٹھۍ ظٲہر گٔژھتھ ۔
3691,ژھایو منزٕ  نہٕ بوزنہٕ یِنہٕ واجِنین اچھن ہندِ ہنز مدیہ  وٗچھنہٕ نٕكہِ احساسہٕ  باسییہ مےٚ لجہِ  مے٘ مٗسلس رییہِ  پکنہ۔
3692,ملک امبرن کوٚر دلہِ منز  مغل شہنشاہ شاہ جہانس  تسٕنزِ وورٕ ماجِہ  نور جہانہ خلاف مدد، یۄسہ پننس زامتٕرس تخت نشین کرٕنۍ  کرٕنۍ ٲس یژھان۔ 
3693,تمۍ سُند گوٚڈنِچہِ لٕٹہِ او ڈی آیہ یس منز گیندُٖن  گوٚو  پاکِستان کِس پتِۍمِس دورس سٕتۍ شروع ، یتین تٕمۍ سٕنز  اِنفرٲدی کارکردگی معمُولٕچہِ ٲس ، تہٕ یہِ روُز یِژھٕے تکیازِ دوشویی دیون تہٕ ہِندوستانن ٲس  1979 کِس کرِٚکیٹ ورلڈ کپس منز کمزور مُہِم ہٲومٕژ ۔
3694,اگر کٮ۪نٛہہ خصٲیص تھاون وٲلۍ جانور چھ زیٛادٕ کالس زندٕ روزان، تیٚلہ چھ امیک مطلب ز تم ہٮ۪کن زیٛادٕ بچہٕ زیٔورٲوتھ۔
3695,بڈا گاؤں جین مندر چھُ بڈا گاؤں، باگپت، اتر پردیشُک اکھ جین مندر۔
3696,2 اکتوبر 2007  منٛز کٕنۍ ایس ایم آی ین نیلٲمی منٛز نارتھ کیرولائنا سپیٖڈ وے ۔
3697,آئی جی اینن دیِژ کھیلس 10ہو منٛزٕ 9.0 ریٹنگ ۔
3698,1774 منٛز کوٚر کیپٹن جیمز ککن یہٕ جزیرٕ دریافت تہٕ تھوون اتھ سینڈوچ آیلینڈ  ناو۔
3699,اہم مراٹھا کمانڈر ہمبی راو موہِتے آو مارنہٕ  تہٕ فوجی ہیتِن مراٹھا لشکر منزِ ژلٕنہِ ۔ 
3700,1991  کہ خلیجی جنگس منٛز دتۍ جاپانن لچھ وٲدۍ ڈالر۔
3701,امیک ناو چھ 1940 ہن ہٕنٛدس دٔہلہ چہ أکس مقٲمی مزاحیہ کتاب چہ سُپر ہیروین ہندس ناوس پٮ۪ٹھ تھاونہٕ آمت۔
3702,پشکر یا گنگا دریاوس منٛز، خاص طور وارانسی منٛز پوِتر سران چھ ساروی کھوتہٕ زیادٕ رُت ماننہٕ یوان۔
3703,ہیرِم  پوشاک یا پَن لگاونُک صحیح طریقہٕ، یِتھ پٲٹھۍ قدیم متنن منٛز بیان کرنہٕ آمت چُھ، چُھ كھوہورِ  پھیکہِ پیٹھہِ تہٕ دٔچھنِہِ نرِ تل ۔ 
3704,آئی ایم 24چھ اکھ ہندوستٲنہ ہندی زبٲنہ ہنز مزاحیہ فلم یتھ سوربھ شکلا ہن ہدایت کٲری کٔرمٕژ چھ یتھ منٛز رجت کپور، رنویر شوری، منجری فڈنیس تہٕ نیہا دھوپیا ہن اداکٲری کٔرمٕژ چھ۔
3705,کلائیوہن بنوو کلکتہ پؠٹھ 20 میل شمالس منٛز فرانسیسی قصبہٕ چندن نگرس پیٹھ قبضہٕ کرنک منصوبہٕ۔
3706,تُرٛوٲیمہِ صٔدی انٛدِ  پٔکہِ ، لٮ۪چھ  ریشہِ  پاونانتھی منیورَن اٗلگامڈھی  گۄپھہِ مَنٛز تٔامَل گرٛامٕرَس مٗتعلق نانوُل ۔
3707,"پُزہال ایٚری یا پُزہال جھیٖل، یَتھ ریٚڈ ہِلز لیک تہِ ونان چھِ ، چُھ ریٚڑ ہِلز، چِنیی ، ہِنٛدُستانس منٛز واقع۔
"
3708,تٔمہِ کوٚر اکھ فرمان نافذ كم گرجا گھر  چھِ مُجرِمن باپت پناہ گاہٕ بنیومٗت ۔
3709,یہِ بازر کٔر تغلق خاندان کیٛن تمام سلطانن ، خاص کٔرتھ غیاس الدین تغلق ، محمد تغلق تہٕ فیروز تغلق سندس دور حکومتس منز ترقی ۔
3710,لیتھیم چھ میگنیشیمس ہِیُوُے، تہٕ بیرلیم چھ ایلومینیمس ہیُوُے۔
3711,تٔمۍ گینٛد بوسٹن ریڈ سوکس، فلاڈیلفیا فلیٖز تہٕ پٹٲسبٔرٕگ پایریٹٕس خٲطرٕ۔
3712,پوٗرٕ دنیاہس منٛز چھے٘ سکواش چہِ  واریاہ وكھرٕ صوُرژ  گِندنہٕ یوان، حتاکہ کھیلچہِ  بین الاقوٲمی صوُرت چھے٘غلبہٕ واجینہِ شكل بنیمٕژ ۔ 
3713,1940ہس منٛز آیہِ زِیارت  سٹیٹ شِنٹو کس نظامس منٛز تسلیم كرنہٕ  ۔
3714,اولی تہٕ منسیاری چھ ریاستٕکۍ مشہور سکیینگ ریزورٹس۔
3715,حكوُمت جموں و کشمیر چھٗ  خطس منز  امن و امان، عدالتی نظام، مواصلات تہٕ  اعلیٰ تعلیم چلاوان ۔ 
3716,ڈیمٕکہِ دروازٕ چھِپراورا چہِ وسونہِ گِتہِ خٲطرٕ  وقتا فوقتا کھولنہٕ یوان، تییٚمہِ سۭہِ  امبریلا فالز بنان چھِ ۔ 
3717,جہیز چُھ آخرکار امہ کھانٛدرٕ کہ أمۍ سٕنٛدٮ۪ن نیٚچوٮ۪ن تہٕ کورین تران ۔
3718,سُہ چُھ نیشنل فٹ بال لیگ کِس ڈینور برونکوس باپتھ حِفاظت ۔
3719,"سُہ آو 2008 منٛز آزاد کرنہٕ ییٚلہِ تمۍ سٕنٛدِس دویمِس مُقدِمس منٛز سُہ مجرم لبنہٕ آو کینٛہہ۔
"
3720,"نامزد ٹاڈا عدالتَن دِیُت مُلزِم نمبر۔ 93 یَس ممبیہِ بم دھماکہٕ کیسَس منٛز 55، سرفراز داؤد پھانسے، سٲزِش تہٕ حملَن منٛز استعمال گژھَن وٲلۍ اسلحہ تہٕ گولہ باروٗد منتقل کرنُک مُجرِم قرار۔
"
3721,"امِہ قٕلٕعکۍ چھت چھِ   بَجو کنیہ سلیبو سٕتۍ بنیمٕتۍ ۔
"
3722,چینس اندر، چینی ثقافتی انقلاب کین ہنگامہ خیز ورین دوران آو روایتی مارشل آرٹس کس عملس حوصلہ شکنی کرنہٕ۔
3723,"1773 منٛز سنٛبھول کمپنی ہنزِ رُشوَت خوُری كِنہِ مُتٲثر گٔژھِتھ برطانوی حکوٗمتَنہس منز ریگولیٹنگ ایکٹ  1773 چہِ منظوٗری سۭتہِ  ہندوستانٕ كِس حكومتس پیٹھ جٗزوی   یختیار  حٲصِل ۔
"
3724,اتھ منٛز چِھ روڈی میک ڈووال، ایلزبتھ ٹیلر، تہٕ ڈاگ اداکار پال شٲمل۔
3725,کیمیٲئی ہتھیارن ہٕندس محادس منٛز چِٗ کیمیاہن ہٕنٛدین  ترٛین مختٔلف گرٗپن ہُنٛد فہرست ۔
3726,آرلینڈو انٹرنیشنل ایرپورٹ چھ امریکہ کٮ۪و ساروٕے کھۄتہٕ بڑٮ۪و ایرپورٹو منٛزٕ اکھ۔
3727," بَنٛگلو کی کنٛڈی گامکہِ جُنوٗب مَغرِب پٮ۪ٹھ شُروع گَژَھن وول آبُک سِلسِلہٕ چُھ پوٗرٕ وِرییَس جٲری آسان، سوٛ چُھ شُمال مَغرِب طَرفہٕ وَسان تہٕ 4,500 فٗٹ پٮ۪ٹھہٕ بوٛن پٮ۪وان ۔"
3728,مےٚ ٲس فکر ز میٛٲنس شرس چھ پننس بنٛک اکاونٹس پیٹھ واریاہ زیٛادٕ کنٹرول، تکیاز تم چھ رۄپین ہنٛد حساب سمجنہٕ ورٲے بڑان۔
3729,محمد بن تغلقس نش اوس نہٕ کم گژھن وٲلِس  سلطنتس  خٲطرٕ وسٲیل یا مدد ۔
3730,بین الاقوٲمی کھیل چِھ وۄنۍ انٹرنیشنل سیپک ٹاکرا فیڈریشن، آیی ایس ٹی اے ایف کہ زیر انتظام۔
3731,1567 منٛز گوٚو اکبر میواڑس منٛز چتور قٕلعہٕ کم کرنہٕ خٲطرٕ۔
3732,کلُو دسہرہُک ستن دۄہن ہُنٛد تہوار، چھُ اوتار بھگوان رام سٕنٛز شیطٲنی پادشاہ راونس پٮ۪ٹھ فتحُک جیٚشنہٕ۔ 
3733,میک کیوون گوو 12 نومبر 1955  بروم ہاوس، ایڈن برہس منٛز پٲدٕ ۔
3734,یہ خیال چھ صحیفن ہنٛد لفظی مطٲلعہٕ سۭتۍ یوان، اکثر انجیٖل۔
3735,"کوچن کوٚر 1890تس منٛزبطور  تپہ دقٗک ""یلاج"" ٹیوبرکل بیسلی كہِ  گلسرین ہرترٗك اعلان، یتھ تمہِ  ""ٹیوُبرکٗلین"" وو٘ن ۔ "
3736,بروئنزن کوٚر پنُن دوٚیُم گول شٲمِل ییٚلہِ دوٚیمِس پیریڈس منٛز 3 منٹ کھوتہٕ کم وقت باقی  اوس۔
3737,کینٛہہ بٔڑۍ سفارشات چھِ ایلور-ایڈیار سٹریچَس منٛز صنعتی یونٹَو پٮ۪ٹھ صفر فضلہٕ خارج گژھُن تہٕ کمپنیَو پیٹھ صفر اخراج یقینی بناوُن۔
3738,"2010 ہس منٛز ٲسہِ  ہندوستٲنہِ فوجس منٛز 1,128,000 سرگرم اہلکار تہٕ 960,000 اہلکار۔"
3739,"امریکاہَس منٛز ٲسہِ 2017 ہَس منٛز تپہِ دِق کیٚن مجموعی معاملَن ہُنٛد شرح فی 100,000 3 نفرن ۔  کینیڈاہَس منٛز چھُ تپہِ دِق وُنہِ تہِ کینٛژَن گٲمی علاقَن منٛز وو٘باہ ۔
"
3740,"ہاڈزک گزریو 10 جولایی 2018 ہس منٛز 23 وہر۔
"
3741,سیلیوکَسن کوٚر اِتحاد قٲیِم کرنہٕ خٲطرٕ پنٛنہِ کورِ چنٛدرٛگُپتَس سۭتہِ خانٛدر ۔ 
3742,"یہِ فِلم آیہِ ہنٛدوٚستانَس منٛز 1,000 سکرینَن پٮ۪ٹھ ریلیٖز کرنہٕ، تہٕ بیٚروٗنی مُلکَن منٛز اضٲفی سکرینَن منٛز۔"
3743,مصری گو  گوڑنِچہِ صدی منٛز یوُنٲنہِ حرف استعمال كرِتھ لیكھنہٕ یٗن شروع ۔
3744,"سینٹر فار ریسرچ آن نیو انٹرنیشنل اکنامک آرڈر چھُ ماہی گیرَن ہندِ  فلاح و بہبود تہٕ جھیل کٮ۪ن قۄدرٔتی وسائلَن ہٕنٛدِس انتظامَس فروغ دِوان۔
"
3745,1960 منٛز آو سُہ شکاگو بیئرز طرفہٕ تریمِس راونڈس منٛز ژارنہ۔
3746,"ورکودارا آو أکِس  مُلکَس یتھ مناہیلان سلطنت ونان چھِ تہٕ تتہِ سمکھیوٚو سُہ رشی ہجرپا تہٕ تمہِ سٕنٛزِ خانٛدارِنہِ، یوٚسہٕ ودان ٲس۔
"
3747,یہ عمل ہیٚکہ ایلرجِک یا غٲر ایلرجِک رد عملٗک نٔتیٖجہٕ ٲستھ ، یٗس ہسٹامین خٲرِج کرنہٕ کِس  طریقہ کارس منٛز مٗختٔلف آسہِ ۔
3748,کاؤنٹرس پیٹھ دستیاب ژاسہِ  دواہن ہُنٛد استعمالس چُھ تنبیہہ کرنہٕ آمُت تہٕ امہ سۭتۍ چھُ مدد میولمت۔
3749,مارنڈا کیلنڈر، یٗس  کردار میرا سیالہِ ادا کوٚر، چھٗ کلیر بطور جاسوُس کٲمہِ پیٹھ تھوان ۔
3750,مردن ہنٛدین مقابلن منٛز چھ اولمپک روپہ میڈل یافتہ برینٹن ریکارڈ، کرسچن سپرینجر، ہیڈن سٹوکل، ایمن سلیوان، تہٕ میتھیو ٹارگیٹ سارنی سونس پیٹھ بیاکھ شاٹ۔
3751,از چھُ ہندوستان تہٕ بیرونی ملکن منٛز ہاونہٕ ینہٕ والین  پروڈکشنن ہٕندِ سببہ منی پور تھیٹرس واریاہ احترام یوان کران۔
3752,کِکُو، شہزادی اکیشینو وَن چُھ جے ایس ایل پوٚرمُت تہٕ چِھ اکھ تربیت یافتہٕ اشارہ زبانہ ہُند ترجمہ کار۔
3753,ناگوری چھُ امہِ پتہٕ بازرس بند کرُن ونان ۔
3754,یہٕ آو پتہٕ کارٕبارین ہٕنٛز اکٔس جمٲژ کننٛہٕ، امہٕ برٛونٹھ ز یہ واتہ پٲداوارس تام۔
3755," بنارس تہٕ الہ آبادس منٛز آو غیر مسلح کرنہٕ، ییٚمہِ سۭتۍ مقٲمی بغاوتہٕ تہِ گٔیہِ۔
"
3756,یہِ اوس اصلی 1977 منٛز فلاپی ڈسکن پیٹھ  استمالخٲطرٕ بناونہٕ آمٗت ۔
3757,اوڈیسی چُھ بطور بٗنِیٲدی ڈانس علامت یتھ بنگس ( ہم آننگ جِسمٲنی خم ،موقف) ونان چھِ ، ہیچھنہٕ تہٕ پیش كرنہٕ یوان ۔ 
3758,1982 پٮ۪ٹھٕہ 1987تھس  تام ٲس سۄ  تعلیم تہٕ سائنس خٲطرٕ وفاقی وزیر ۔
3759,"لڑایہِ ہُنٛد آغاز چھُ سلامی  سۭتۍ گژھان یَتھ تازِم چھِ وَنان۔
"
3760,یِمَو منٛز چھِ واریٛاہ انٛدازٕ حالانٛکہِ ورلڈ کنگ فو چیمپئن شپَس منٛز واقعہٕ، یُس بیاکھ اکھ آئی ڈبلیو یو ایفس پیٹھ چلاونہٕ یِنہٕ وول ایونٹ چھُ یُس خاص پٲٹھۍ ووشو کین روایتی طرزن خٲطرٕ چھُ۔
3761,ریلوے سٕٹیشَن چُھ نزدیٖکی شَہر پنٛچکولاہس تہٕ خٕدمات مٗہیا  کَران۔
3762,"أمہِ سٕنٛزِ پیشورانہٕ زندگی ہنز شروٗعات گٔیہِ 1957 ہَس منٛز تہٕ سوٗ گوٚو 1975 تھس منٛز گِنٛدنہٕ نِش سبكدوش ۔
"
3763,شٗمٲلی کوریاہس منٛز چھِ کِم ال سنگ سٕنٛدِ 300 کھۄتہٕ زیٛادٕ مٗجسمہٕ۔
3764,ارجنٹیناہَن دِژ جُمعہ دۄہ گیلسنکرچنَس منٛز ہجومَس حٲران کرن وٲلِس مُظٲہرَس منٛز سربیا تہٕ مونٹی نیگروَس 6-0 سۭتہِ  شِکست۔
3765,سہ چھ اتھ بارس منز اکھ دلیل بناوان ز أمۍ کتھ کٔنۍ پھٹرٲوۍ پنٕنۍ بانہٕ ۔
3766,"بدقٕسمتی سۭتۍ ہٮ۪وٚک نہٕ سہ پنٛنہ خٲطرٕ مسلسل وتہ پٮ۪ٹھ عمل کٔرتھ۔
"
3767,"ایکٹیویشن ہٮ۪کو انٹرنیٹس پٮ۪ٹھ، یا ٹیلی فونس پٮ۪ٹھ کٔرتھ۔
"
3768,قومی حکومت ژٔجہِ صدر جارج واشنگٹنس سان شہرٕ پٮ۪ٹھ ٹرینٹان، نیوُ جرسی ۔
3769,"یاد تھٲیو ""مُخلص"" تہٕ پتہٕ پنُن ناو شٲمل کرُن۔"
3770,"والد جمال ابراہیمَن ووٚن مصری اخبار الاحرامَس زِ أمۍ چھُ پننس شُرۍ سُنٛد ناو ""25 جنوری نوجوانَن ہٕنٛدِس کامیٲبی پیٹھ خوشی ہُنٛد اظہار کرنہٕ باپت تھوٚومُت۔""
"
3771,راگ ڈولن ہٕنٛدۍ انفرٲدی اعضاء تہ ہٮ۪کو رٲبطہٕ کٔرتھ ۔
3772,"یِم تقریبہٕ چھِ ریاستہائے متحدٕچ تٲریخ، حکومت تہٕ روایتہٕ مناوان۔
"
3773,تم  سٲری چھِ  سپینس منٛز تہنٛزِ کامہ ہنٛز کاشتکٲری متعلق ۔
3774,تٔمہِ ترٛوو مارچ 2011 ہس منٛز پنُن عہدٕ ایف سی سینٹ گیلنَس کوچِنگ کرنہٕ خٲطرٕ۔
3775,یہ آیہ 10 دسمبر 2017 امریکہ کین تھیٹرن منٛز ریلیز کرنہٕ۔
3776,"بلیا گوٚو ہندوستان چہ آزٲدی ہنز تحریکہ منز امہ اہم کردار باپت ""باگھی بلیا"" ناوٕ  مشہور۔"
3777,وٗنہِ تہِ چھٗنہٕ پتاہ زِ ناک موٗآئے یس ٲسا یماداہن دعوت دِژمٕژ ، مگر یہِ چھٗ صاف زِ یمادا اوس وٲحد كراٹیكا یس  موٗآے  تھایہ یس منز دِلچسپی ٲس ۔
3778,مارچ کس گۄڈنکس ہفتس تام چھ وندٕکۍ اثر کم گژھان ۔ 
3779,اکھ انٹرا نیٹ چھ عام ویب سایٹہ ہندِ پٲٹھی کٲم کران ۔
3780,کرہن سٕنز جاے چِھ اتھہِ فایلہِ  پیٹھ اكہِ برابر مۄہرٕ  سٕتہِ سفیدٗك ٲنہٕ ہاوان  ۔ 
3781,رحمان چُھ ہنٛدوستانَس منٛز ساروٕے کھۄتہٕ زیادٕ کٕنٛنہٕ یِنہٕ والین موسیقی فنکارَن منٛز اکھ، ییٚمۍ سٕنٛدۍ لگ بگ 150 ملین رکارڈ پوٗرٕ دنیاہس منٛز کٕنٛنہٕ آیہ۔
3782,چندر گٗپتن یِم زن باقیہ فتوُحات كرِمژٕ آسہن تِمن مٗتعلق  چھے غٲر یقینِیت  ، خاصكرِتھ جنوُبی ہِند كِس دكن خطس منز ۔
3783,یتھ پٲٹھۍ زن پیٹھ کٔنۍ ذکر  کرنہٕ آۄ، تہندِ کمپنی ہٕندۍ طرفہ دِنہ آمتۍ ژور لچھ اکھ ساس رۄپین ہٕنز سرمایہ کٲری کرٕنۍ چھ اکھ رُت خیال۔ 
3784,دیوی اٗمایہ تمہِ  سٕتہِ رِشتہٕ كِنہِ چھے٘ بیماہس بیاکھ کوٗر ییٚمِس بِمندری ناو چھٗ ۔
3785,کر٘یوتھیرپی چیمبر چھِ کھیلن ہنٛزِ بحالی تہٕ تندرٗستی ہنٛد حصہٕ ۔
3786,"کُل 48,675 ہیکٹر (120,280 ایکڑ) زمیٖن چھُ زرعی مقصدو٘ باپت  استعمال كرنہٕ یوان ۔"
3787,"میانمارَس منٛز چھُ سیپک ٹاکرا ""چنلون"" ناوٕ سۭتۍ زاننہٕ یِوان۔
"
3788,کینٛہہ لوُکھ یِمن لاگ تٕرمژ چھے٘  چِھ وایرَسس جلدیہ شِکست دِتھ ہیکان۔
3789,گلگت کۍ پاکستانۍ حملہ آور ٲسۍ لداخ وٲتۍمٕتۍ تہٕ یِم كڈنہٕ باپت اوس  فوجی آپریشن شروع کرنہٕ آمٗت ۔
3790,توہہ ہیکو یہ وچھتھ حیران گژھتھ زِ کینٛہہ چِھ تۄہہ پیٹھ لاگو گژھان۔
3791, فَنکارانہ جِمناسٹِک چُھ جِمناسٹِکُک اَکھ شُعبہٕ ییٛتھ مَنٛز کِھلٲڑِ  مُختٕلِف آلن  پٮ۪ٹھ موختصر معموٗل پیش کَران چِھ ۔
3792,خبرٕ  ریڈیو سٹیشنَو  تہٕ حُکامَو كو٘ر  عوامَ پتھر پیمژو بِجلی تارو نِشہِ دوُر روزنس تہِٕ گھرن اندر گرِٕ٘ل نہٕ لگاونس مٗٹعلق  خبردار ۔
3793,تامل ناڈو وچ سیاحتی صنعت چھےٚ ہندستانس منز ساروٕے کھۄتہٕ بٔڈ، یتھ منز سالانہٕ ترقی ہنُد شرح 16 فیصد چھ۔
3794,اَتھ لین دینَس منٛز چِھ شُرِ احترام کرنہٕ خٲطرٕ زِٹھین  نِش گژھان، تہٕ زِٹھہِ  چِھ تورٕ تمہِ بدلہٕ تِمن  دۄیہ خٲر تہٕ چندٕ خرچ  ڈالہِ كٕنہِ دِوان ۔
3795,زخٕم بلنہٕ پتہٕ کٔر مانِک شاہن 23 اگست پٮ۪ٹھٕ 22 دَسمبَرس درمِیان کیٛوٗٹاہس منٛز کَمانٛڈ اینٛڈ سٹاف کالجس منٛز ٲٹھمِس  سٹاف کورسس منٛز شِرکت۔
3796,1950 کِس دہلِس تام ٲس باسکٹ بال کالجٕچ اکھ بٔڑ بارٕ کھیل بنیمٕژ تہٕ یتھہٕ پٲٹھۍ گیۍ پیشہِ ور باسکٹ بالہِ منٛز دلچسپی بڑنٕچ وتھ ہموار۔
3797,بانڈز، یُس وٕنکین اکھ آزاد ایجنٹ چھُ، چھُ وُنہِ تہِ سٹیرایڈ استعمال کرنہٕ نِش نکار کران۔
3798, قدیم یونیورسٹیہِ  گیہ اتھی زمانس منز  شروع بییہ  نشاۃ ثانیہس دوران ۔
3799,یو ایس نیشنل انسٹی ٹیوٗٹ آف ہیلتھ چھُ تجویز کران زِ شُگَرٕچ بیمٲرِ منٛز مبتلا تمام حاملہ زَنانَن ہٕنٛدِۍ أچھَن ہُنٛد ییہ وارٕ پٲٹھۍ معائنہٕ ییہِ کرنہٕ۔
3800,"جاپانَس منٛز چھِ بجہِ کمپنیہِ عام طور  ؤرِیَس منٛز اکہِ لٹہِ نویَن کالج گریجویٹَن ہٕنٛز خدمات حٲصل کران۔ 
"
3801,سُہ چُھ سپینس منٛز سیویلا FC تہٕ ڈنمارکس منٛز ہرفولج بولڈ کلب خٲطرٕ گنٛدنہٕ خٲطرٕ زاننہٕ یوان ۔
3802,مشترکہٕ عنصر اوس  خانٛدار تہٕ خانٛدارینہ اكوٹہٕ یِنہِ ، دوستن تہٕ كٗمبس سۭتہِ ، تہٕ پتہٕ چھُ  سُہ کم از کم ترٛیٚیہ لٹہ تمِس مستس ہیو٘ر كُن سُم كڈان ۔
3803,اکثر ، امک مطلب چُھ کُنہٕ مذہبٕچ بنیٲدی یقیٖن تہٕ عقائدٕ ۔
3804,"مگر واریٛاہ دکاندار چھِ امہِ کِس توقعَس منٛز گۄڈٕنِچ پیشکش صِرِف ترٛۄگنہٕ کران، ییٚمیُک مطلب چھُ زِ اگر تُہۍ ہیٚیِو تیٚلہِ میلہ تۄہہِ تکنیکی طور خراب سودا۔
"
3805,ییلہٕ زن شوان خلییہِ مییلن ملبہٕ صاف کرنہٕ کِس ابتدٲئی مرحلس منٛز ثالثی کران چھِ ، میکروفیجز چھ کٲم مکمل کرنہٕ خٲطرٕ یوان۔
3806,اكِس 2016 کس جٲیزس منٛز آو اطلاع دِنہٕ زِ یم پروگرام چھِ فالج پتہٕ ، منفی اثراتو ورٲیہِ زندگی ہٗنٛد معیار بہتر بناوان ۔
3807,"تٔمۍ دیُت امہِ واقعک اطلاع وینڈی سٕنٛدِ طرفہٕ چلاونہٕ یِنہٕ وٲلِس ہاٹ لاینَس 50,000 امریکی ڈالرُک انعامٕچ پیشکش۔"
3808,پرٛتھ گامٗ  تہٕ محلہٕ كِس   چیرس چھ سخٕت حفاظت کرنہٕ یوان تکیاز حریف محلہٕ چھِ گِندان گِندان اكھ اكہِ سٗند چیر ژوُرِ نِوان ۔ 
3809,نینسی ڈِریو چھِ پننِس مٲلِس کارسَن ڈریوَس سۭتہِ                                                                                                                                                                                                                                                                                                                                                                                                                                                                                                                                                                                                                                                                                                                                                                                                                                                                                                                                                                                                                                                                                                                                                                                                                                                                                                                                                                                                                                                                                                                                                                                                                                                                                                                                                                                                                                                                                                                                                                                                                                                                                                                                                                                                                                                                                                   افسانوی رِیور ہائٹسَس منٛز روزان۔
3810,یہ وچھن چھ مایوس کن ز بہٕ کوتاہ فیس چھس پننین سرمایہ کٲری خاتن باپتھ ادا کران۔
3811,اٗپ نین  چھُ نرالی پورنمایہ ہٗند  اکھ مقبوُل  رسم ۔
3812,رقبہٕ کہ لحاظ چھےٚ یہ ٲٹھم ساروٕے کھوتہٕ بڈ ریاست تہٕ آبادی ہندِ لحاظہ چھےٚ یہ کٔہم سارۍوٕے کھۄتہٕ بڈ ریاست۔
3813,فلوریڈا پین ہینڈل پٮ۪ٹھٕ جنوٗب مشرقی لوزیانس تام کُنہِ تہِ جایہِ اوس اتھٕوارِ دۄہ دُپہرَس طوفانٗ كہِ زٔمیٖنہِ پیٹھ  وسنٕٗک  امکان۔
3814,پتنجلی سندین اصطلاحاتن ہٕنٛدۍ پٲٹھۍ چھِ وِچارا (ٹھیک ٹھیک عکسی) تہٕ وِویک (امتیاز) ہِوۍ اصطلاحات استعمال کرنہٕ یِوان، مگر بیان چھُنہٕ کرنہٕ آمُت۔
3815,تِمو أنۍ پانس سۭتۍ پنٕنۍ مخصوص مذہبی روایتہٕ تہٕ طریقہٕ۔
3816,مارسڈن زاو 18 ستمبر 1973 سٹل واٹر، اوکلاہوما ہس منٛز۔
3817,اتھ منٛز چھ اسرٲیلی فوج، اسرٲیلی فضائیہ تہٕ اسرٲیلی بحرِیہ  شٲمل۔
3818,ستمبر 1857 منٛز کوٚر سپاہو چٹاگانگ کِس خزانَس پٮ۪ٹھ قبضہٕ۔
3819,یہٕ چُھ اونٹاریو چٮ۪ن قانون ساز اسمبلی ہندین ارکانن پیٹھ مشتمل۔
3820,دۄشوٕنی فریقو دیت گرمی منٛز پنٕنۍ بہترین کارکردگی تہٕ اتھ مقامس پؠٹھ ٲسۍ تم پننس گۄڈنکس فیفا ورلڈ کپک حٲمل۔
3821,أسۍ چھ أکس ٹیمہ پٲٹھۍ تیتس کالس یکوٹی رودۍمٕتۍ ز ییٚلہ بہٕ تہۍ ترٛاوان چھسوٕ، مےٚ چھ پھیران۔
3822,نون کس پیداوارس تہٕ نونہٕ تاوِ تیار کرنس منز ٲسۍ یتھی طریقہ ورتاونہ یوان۔ 
3823,"ریلائنسَن بنوو ہندوستانَس منٛز گیس سورسنگ تہٕ مارکیٹنگ باپتھ بی پی یَس سۭتۍ 50:50 ہُک مُشترکہٕ منصوٗبہٕ۔
"
3824,تٔمہِ زیوٗن دۄیہ لٹہِ ٹوُر ڈی فرانس 1949 تہٕ 1952 ہَس منٛز۔
3825,تاہم، ایسپرین تہٕ باقی غٲر سٹیرایڈیل اینٹی انفلامیٹری دواہن (این ایس اے ایی ڈیز) نش چھ اکثر گٗریز یوان کرنہٕ تکیاز تہنٛدِیو  اینٹی کوگولینٹ اثراتو كِنہِ   چھ گیسٹرو انٹیسٹینل بلیڈنگ ہٗند خطرٕ بڑان۔
3826,اکیڈمی منٛز چِھ 6000 کھوتہٕ زیادٕہ فلم پروفیشنلز ممبر۔
3827,پانژِ منٛٹہِ پتہٕ کوٚر الیکس ودالن سوریزس مدتھ، ییٚمہِ دویم گول نڮتس منز لگوو ، یُس یتھ سیزنس منٛز بارسلوناہٗك سنٛد 100 تِم گول اوس۔
3828,"اَکہِ لَٹہِ ییٚلہِ کانٛہہ بیچ یِیہِ، تۄہہِ وُچھِو پنٛنِس خریدار سٕندِس آرڈرَس متعلق واریاہ قسمہ قیمتی زانکٲری۔
"
3829,"دارجلنگ کٮ۪ن پہٲڑی ہِمالیائی علاقن منٛز چھُ بٗدھ مت اکھ نُمایا مذہب ، مغربی بنگالٕ چہِ تقریباً پوٗرٕ بودھ آبٲدِی ہُنٛد تعلق چھُ أتھہِ  علاقس سۭتہِ ۔
"
3830,فوجدار اوس عوامہ خٲطرٕ واریاہ سخت۔
3831,"9 جولایی 2010 کوٚر لینکاہن فلم ہٮ۪دایت کار تہٕ کمپوزر میہیل وینبرگس سۭتۍ خانٛدر۔
"
3832,ورمہٕ دار  رگ والین  لوُکن منٛز ہیٚکہ پھلیمژن رگن منز  دٲیمی كم سطح تھرومبوسِس كِنہِ ڈی-ڈِمر  بلڈ ٹیسٹ نٔتیٖجہٕ مٗصبت ٲسِتھ ۔
3833,تیریکھول دٔریاو کِس دہانس  پٮ۪ٹھ قعلس تام ہیكو  پَناجی پٮ۪ٹھٕ 42 کِلومیٖٹر شُمالَس منٛز کوٗئرِم پٮ۪ٹھٕہ  ناوِ ذریعہ  وٲتِتھ ۔
3834,کویتس منٛز چھ انسٲنی حقوٗق اکھ اہم تشویشک موضوٗع۔
3835,زِیٛادٕ تَر ماملن  منٛز چھِٗ سرجری باپتھ گژھَن والٮ۪ن مریضَن چَکَر یا در٘وكھ  یِوان ییمہِ باپت  جرٲحی برونہہ دواہن ہنز ضروُرت  پیوان چھِ  ۔
3836,ہیا خرا! ییٚلہ نہٕ أمِس کٕہنۍ اوس أندۍ پٔکۍ ژے پزِہی أمِس بال تراوٕنۍ۔ ژٕ کیا اوسُکھ میدانس منز سوچان؟
3837,سُہٕ چُھ فلم ڈائریکٹر سٹیون اسپیلبرگ سٕندٕ بہن۔
3838,"یہِ بٲتھ چھ سچوان صوٗبہٕ کس کانگڈنگ ناوٕ کس أکس قصبک لوٗکہٕ گٮ۪ون۔
"
3839,اگر چنٛدرٕگُپتَس مُتعلِق  یہِ جین رٮ۪وایت  صٔحیٖح مانٛنہٕ یی زِ  تٔمہِ چُھ کرناٹکَس منٛزسنِیٲسہِ بنِتھ پنٕنہِ زِندگی اند واتنٲومٕژ ، تیٚلہِ چُھ یہِ ظٲہِر گَژھان زِ چنٛدرٕگُپتَن چھےٚ جٔنوٗب فتح كرنٕچہِ  شُروٗعات کٔرمٕژ۔
3840,"ماجہِ ہٕنٛدۍ وکیل جان ٹریوینَن دِیُت سُہ واقعہ ""ناقابل فہم"" قرار۔"
3841,تٔمۍ چِھ 1963 پٮ۪ٹھ 1985 تام ہارلیم گلوب ٹراٹرزس سۭتۍ  گِنٛدمُت۔
3842,سۄ چھےٚ دنیہٕچ ساروٕے کھۄتہٕ بٔڑ زنانہٕ آئس ہاکی کھلٲڑۍ ماننہٕ یوان۔
3843,"1869 منٛز گوٚو یہٕ كٗمبہٕ میڈرِڈ، مگر البینیزَس اوس اکھ غٲر مطمئن لۄکچار۔
"
3844,واریاہس حدس تام روٗز یہِ محل خانن تہٕ رقص گاہن تامٕیہ محدوٗد ۔
3845,تٔمہِ گِیُند آسٹریاہس منٛز آسٹریا کلاگنفرٹ، ایس ایس ڈبلیو انسبرک تہٕ آسٹریا وین خٲطرٕ۔
3846,تٔمۍ ووٚن ز لوٗکن پز ٹرینن پیٹھ زیٛادٕ روادار آسُن۔
3847,بیمے انکارپوریشن ٲس موبائل ایپ بیمے بناون واجینہِ ۔
3848,شرٛاکہٕ پُچو تہٕ تبٕرو سٕتہِ لیس ٲسِتھ  کٔرِ تِمَو زَنانہٕ تہٕ شُرِ قتٕل۔
3849,آرڈرنس گٔیہ ہیملٹنس منٛز پیدٲیش تہٕ بڑیٛیہ مورنزویل تہٕ موروپارا ہس منٛز۔
3850,صِرِف کینژن ؤرۍ یَن انٛدر آو ٹاکرا سیامی سکوٗلَن ہندس نِصابس منٛز مُتعارُف کرنہٕ۔
3851,شیفچاؤین چھٗ شٗمال مغربی مراکش کین  رِف پہاڑن منٛز واقع ۔
3852,"نواجو قومک موٗجوٗدٕ صدر چھ 2019 پٮ۪ٹھٕ جوناتھن نیز۔
"
3853,"نومبر 2010 ہَس منٛز دِیُت حکوٗمت ہندوستانن او این جی سی یَس مہارتنا ہُک درجہٕ۔
"
3854,فُٹ بال کھیلَس منٛز چھِ سکور کرنٕکۍ واریاہ طریقہٕ۔
3855,ٹر٘یبوُنل آو 30 اپریل وایسراے  سندِ دٕسہِ تعیِنات کرنہٕ ۔
3856,یم چھ چولاہن تحت دراوڑی مندرن ہندۍ قدیم ترین نمونہٕ۔
3857,ہرنیاکاشیپو چھ پننس نیٚچوس پرہلادس مارنٕچ کوٗشش کران، مگر وشنوٗ چھ پننس نرسمہا اوتارس منٛز مارنہ آمُت، پرہلاد آو بچاونہ۔
3858,پروسٹیٹیکٹومی: پروسٹیٹیکٹومی چھ پروسٹیٹک حصہٕ یا تمام حصہٕ جراحی سۭتۍ ہٹاون۔
3859,2018ہس تام چھِ نینگلنٕكہِ طریقہ یلاجٕكہِ نتیجہِ رلہٕ مِلہٕ روُدِمٕتہِ ۔ 
3860,2001 تہٕ 2011 منز باگ بڑیو سیاحت پیٹھٕ آمدنی پانژ گنہٕ تہٕ 2011  منٛز ووت ₹ 190 بلینن ہنُد نشانہ ہیوٚر۔
3861,مغربی تہزیٖبس منٛز  چھِ زنانہٕ کاسمیٹکسُک نٗمایاں استعمال کرن واجٕنہِ ۔
3862,تم دورٕ تہِ چھِ آسان یم مرٕ٘گِنہِ  ہنٛد وجہ كِنہِ  چِھنہٕ پیوان۔
3863,طالب علمو کوٚر یِمَن تنٛگ حالاتَن منٛز گِنٛدنٕچ صلٲحِیت بہتر بناونہٕ خٲطرٕ پنٕنین ریکٹَن منٛز ترمیم۔
3864,تہنٛز واٹر کلر کٲمہِ تہٕ آئل پینٹنگز چھ زٲتی تہٕ کالج عجٲیب گھر سومبرنن منز ۔ 
3865,تاہم، ٹرائسومی ایكس یا وایی -کروموزوم كھلییہ لٲنہٕ آیہِ جٲیزس تل اننہٕ ، یِنہٕ والیو   نتیجو پیٹھہٕ  معنے كڈان ۔ 
3866,1649ہَس منٛز آو جِنجی یَس پیٹھ قبضہٕ كرنہٕ پتہٕ  کرناٹکس منٛز عادل شاہٕ سنز جایہ محفوض بنٲوِتھ   شاہا جی یلہٕ تر٘اونہٕ ۔
3867, مڈی ہوٗنس پھش دنہٕ سۭتۍ چھ اکثر أمس باقٕے کامیو نش صاف روزنس منٛز مدد میلان۔
3868,فیسٹیولس منٛز چھ 70 کھۄتہٕ زیادٕ برانڈن ہنٛزن چیک بییرن مزٕ وٕچھنہٕ یوان۔
3869,"روٹنے چھ سویڈن چِہ کرونوبرگ کاونٹی منز ویکشو بلدیہس منٛز اکھ علاقہٕ۔
"
3870,سوٗ اوس 2010-11 سیزنس منٛز 15 گول کٔرتھ مالاوان خٲطرٕ ساروٕے کھۄتہٕ زیادٕ سكور کرن وول۔
3871,"سہ اوس 1,300تن ملٲزمن ہنٛد ذمہٕ دار تہٕ کٔرٕن انجینئرنگ تہٕ سسٹم ٹیکنالوجی پٮ۪ٹھ رہنمٲیی فراہم۔
"
3872,اتھ منٛز چھ پرشانت نارائنن، آریف زکریا، امان ورما، امیت دمری، وویک راجپوت، ماہی کھنڈوری، گورو دکشت، مشتاق خان، وشوجیت پردھان تہٕ نازنین پٹیل شٲمل۔
3873,اکہِ لٹہِ ییٚلہِ تِم منتخب چھِ گژھان تِم چھِ توٚتام عہدس پٮ۪ٹھ روزان یوٚتتھ تام نہٕ تِم مَرَن یا اِستِفیٰ دِن۔
3874,کیہہ بالغ چِھ یمن گھرسٕیہ منزشٗرین خیال تھوٗن تہِ چھٗ ۔
3875,کینٛہہ ساروٕے کھوتہٕ کم مطالعہٕ کرنہٕ آمژٕ ذٲژٕ چھ سکمی آرتھروپوڈز، خاص طور پٲٹھۍ پنہٕ پونپٕرۍ۔
3876,16 اکتوبر 2011 پیٹھہٕ چھٗ آیہ اے این اے  ڈیٹابیسٗک ذمہٕ وار ۔
3877,اتھ منٛز چھ اتھ نسبتقانون شٲمل ز ڈاکٹر کیٛاہ دوا ہٮ۪کن تجویز کٔرتھ تہٕ کیٛاہ ہٮ۪کن نہٕ۔
3878,یہٕ پیج چُھ  موجودٕ تعاون، کامین ہند فہرست تہٕ  انگریزی وِکیپیڈیاہس متعلق فراہم کران۔
3879,"فلم ریلیز گژھنہٕ پتہٕ دژ ہیرانی تہٕ جوشی دۄشوٕنی دلیل ز دتس چھ نہٕ فلمہ منٛز ""وایٹ واش"" کوٚرمت یتھ کٔنۍ ز واریاہو نقادو چھ ننہ وانہٕ دعوا کوٚرمت۔"
3880,واریاہ لوباویچ ہاسیڈِم چھِ  امریکہ یا اسرائیلس منٛز روزان ۔
3881,"سہ روٗد 1989 تس تام کمپنی منٛز تہٕ اوس چیف فاینانشل آفیسر۔
"
3882,جیمز لوچٹفیلڈ سٕند مطٲبق روُد بھرت ناٹیم 19 مہ صدی منز خصوُصن مندرن خٲطرٕ ، صرف گو  20 مہ صدی منز  مندرو نیبر سٹیجس پیٹھ ظٲہر ۔
3883,قٔدیٖم زمانَس منٛز ٲسہِ سَتھ بٲگرن  کۄلہٕ، یمو منٛز سیومب جمع گژھنہٕ تہٕ سہلٲبی راحت سكیمو٘ كِنہِ وونہِ صرف زٕ  موُجوُد چھے٘ ۔
3884,جنگہٕ پتہٕ أکِس ؤرِیس تام اوس أمۍ سُنٛد کلہٕ تہٕ اتھہٕ ڈنٛڈَس گٔنٛڑِتھ ۔
3885,لہذا اگر تۄہِہ پنُن تمام تفریحی پۄنٛسہٕ اَکے وِز خرچ کوٚروٕ، یہِ دُبارٕ پوُرٕ كرنہٕ  خٲطرٕ مہٕ گٔژِھیو اے ٹی ایمس تام ۔ 
3886,کاسٹکو کیش کارڈ چُھ بنیٲدی طور  کاسٹکو خٲطرٕ اکھ گِفٹ کارڈ یُس ممبر تہٕ غٲر ممبر دۄشوے  سٹورس منٛزخریدٲری خٲطرٕ اِستعمال کٔرتھ ہیٚکن۔
3887,شہری بغاوت ٲس پننہٕ جغرافیائی تقسیمس منٛز تہٕ انتہٲئی ناہموار، یوتتھ تام ز شمال وسطی ہندوستان کین تمن علاقن منٛز یم وۄنۍ برطانوی کنٹرولس منٛز آسہٕ نہٕ۔
3888,وۄنہِ گو٘  ، وفاقی قونونس تحت  چھٗ کٗنہِ تہِ وجہہ كِنہِ چرس استعمال کرُن  وٗنہِ تہِ غٲر قونوُنی ۔
3889,یہ چھٗ غریب لوُکن ہنٛز حالت بہتر بناونکہِ حلچ ترجٗمٲنی كران ۔ 
3890,"مٲدٲنی علاقہٕ چھِ ہموار یہِ زن یِمن نہرو  ذٔریعہٕ آب پٲشی باپت  سازگار بناوان چُھ ۔ 
"
3891,یِم حصہٕ پییہِ  برصغیر ہند کِس  علاقَس منٛز51ہن جاین ۔
3892,امہ سۭتۍ گوٚو خدا خۄش ، تہٕ قحط گوٚ ختم ۔
3893,کالِندی دٔریاو چُھ برٛہمگِری بالٔو پیٚٹھٕ نیران یتھ سٕتہِ  تھیٖروٗنیلی منٛدرَس نزدیٖک واتنہٕ وِزِ لۄكٕٹ كو٘ل پاپاناسِنی  رَلان چھے٘ ۔
3894,حقٲیق مد نظر تھٲوتھ چھ قوٲعد نٔوۍ حقٲیق پتہ لگاونہٕ خٲطرٕ استعمال یوان کرنہٕ۔
3895,یِم چھِ  از عام کرنہٕ خٲطرٕ مٗقرر۔
3896,یِمن تہٕ مُستقبل مندرن خیطرٕ ٹیمپلیٹ ٲسۍ آدتیہ I تہٕ پرانتاکن تیار کٔرمٕتۍ۔
3897,"یہِ تہِ چھُ ماننہٕ یِوان زِ یہِ گۄپھ چھِ أندری ژۄن رِہٲیشَن/آسنن  سۭتہِ جُڑِتھ ۔
"
3898,"2000 ہس منز ٲسہِ اتہِ  تقریباً 2,800 لوُکھ  روزان۔"
3899,یہ چھ پریتھ وٲنسہ  ہندین تمام صحت مند بالغ مردن منز سپدان۔
3900,بودٕوارِ دۄہ کوٚر برطانیہٕچ غٲر سرکٲری خیرٲتی اِدارٕ 'سیو دی چلرنڑَن' پننہِ ویب سایٹہِ پیٹھ أکِس سرکٲری بیانَس منٛز افغانستانَس منٛز پنٕنی تمام سرگرمیہِ عٲرضی طور پٲٹھۍ معطل کرنُک اعلان۔
3901,امہِ كٕر ہندوستان كِس مایو كالجس منز سكوُلی تٲلیم حٲصِل ۔
3902,"اِنڈیَن ریلوے چُھ سیاحت کِہ منصوبہٕ خٲطرٕ کولمَس منٛز اَکھ جزیرٕ تیار کرنُک تہِ منصوٗبہٕ بَناوان۔
"
3903,یہ اوس تازٕ تازٕ  اگست 2007 پیٚٹھٕہ بناونہٕ یوان ۔
3904,جرمنی منٛز شروع گژھن وول اکھ ریٚواج، ایٖسٹر بَنِی چُھ اکھ مشہوراِنسٲنی كصوُص،یات وول  ایٖسٹر تحفہٕ دنِہ وول کردار یُس امریکی ثقافتس منٛز سانتا کلازس ہِیٚو چُھ ۔
3905,آپشنن منٛز چھ شٲمل زِ انسٹا کارٹ کتھ کٔنۍ چھ کٲم کران، آرڈر کرُن، ڈلیوری کرٕنۍ، قیمت، ادایگی تہٕ اکاونٹک سیٹنگہٕ۔
3906,یہٕ چھ الٹو کلیف کس منزمہِ رِکھِ پیٹھ واقع ۔
3907,یہِ چھُ بنیادی طور  ترین مرکزی کردارن، گھرشیر، نکندر، تہٕ پرپتی پیٹھ مبنی یم چمکدار پلَو تہٕ کلُک پوشاک لاگان چھِ۔
3908,"فرعونَن بوُز تٔمۍ سٕنٛدِس طاقتس متعلق تہٕ پرژھُن پننین خوابن ہُند مطلب۔
"
3909,ڈاکٹر سیوس مُود 87 وہر  لا جولا ، کیلیفورنیاہس منٛز ٲسٕہ کہ کینسر سۭتۍ ۔
3910,أکِہِ  پرٛوڈکشن ہاوسہٕ  تہٕ  ہِدایت کار وِجے کونٛڈا سٕنٛزِ برٛونٛہمہِ منصوٗبہ چہِ کامیٲبی کٔر سو٘ فوری طور  منصوٗبس پیٚٹھ کٲم کرنہٕ خٲطرٕ تیار۔
3911,"1851 ہَس منٛز زایہِ ہاوتھرون سٕنٛز ٲخری کوٗر، روز۔
"
3912,"سٕتی،ہیٚکِو توہہِ  یہِ یوڈیمی ہِشہِ  ویب سائٹہِ پٮ۪ٹھ کٕننہٕ خٲطرٕ اکھ آن لائن کورس بناونہٕ خٲطرٕ استعمال کٔرِتھ ۔
"
3913,"باقی ریاستن ہنٛدین ہندوستٲنۍ شہرین اوس نہٕ جموں و کشمیرس منٛز زمین یا جاداد 
 ملۍ ہینک اجازت۔"
3914,گیونک اہم حصہٕ چھ اکھ گٹار رف یس لیننن لیوٗکھمت چھ ۔
3915,تٔمہِ کٔر 1990 پیٹھہ 1993 تَس منٛز تٔمہِ سٕنٛدِس مرنس تام سری لنکا کِس فوجس منٛز کٲم۔
3916,کوپر گزریو ۱٠ مئی ۲٠۱۹ پینکریٹک کینسر سۭتۍ ۔
3917,اپریل 2022 ہس تام چھ ایپس 16 ارب کھۄتہٕ زیٛادٕ ڈاون لوڈ گٔمٕتۍ۔
3918,यि कोर 1989 थस मन्ज़  ताइपी मंज़ टी.एचन ईजाद.    
3919,ایرلبرونن چِھ 1985 پٮ۪ٹھہٕ فرانسیسی کمیون کوئٹہوہس سۭتۍ قصبس منٛز ہِوی انتظام کٔرمٕت ۔
3920,"لیکروس چھُ 1100 عیسوی کِس شروعس منٛز مختلِف مقٲمی امریکی کمیونٹیَن ہٕنٛدِ طرفہٕ گنٛدنہٕ یِنہٕ والین کھیلَن پیٹھ مبنی۔
"
3921,"میزورمس چھ اکھ ""جزیرٕ نما ریاست"" تہ ونٛنہٕ یوان تکیاز یہ چھ ترییو طرفو بین الاقوٲمی سرحدو سۭتۍ ؤلتھ۔"
3922,اگستیہ چُھ وسطی تامِل ادبس منٛز تِہ نمایاں  پٲٹھہِ ظٲہر گژھان ۔
3923,شہری  عدالتی  مٗقدِمہٕ ہیکن كڈنہٕ یِتھ ، مگر توہہ ہیکیو زیادٕ پونٛسہٕ زینتھ ۔
3924,"2011 چہ مردم شمٲری مطابق ٲسۍ میزورمس منز 30,136 ہیٚنٛدۍ یا آبٲدی ہنٛد تقریباً 2.75 %۔"
3925,"یہِ چھُ کیٹَلونِیاہُک دۄیِم سارِوٕے کھۄتہٕ بوٚڈ شہر تہٕ سِپینُک 16 ہِم بوٚڈ شہر۔
"
3926,پلے سٹیشن لاین: یہ چھ سونی انٹرایکٹو انٹرٹینمنٹ کہ ذٔریعہ بناونہٕ آمتٮ۪ن پلے سٹیشنن ہنٛد فہرست۔
3927,مختلف ٹیکٹونِک پلیٹ چھ وارٕ وار اکھ أکس نكھہٕ پكان آسان ۔
3928,دوٚن منٹن ہٕنٛدِ  انتباہ پتہٕ، اسہِ سینٹس  کولٹس کیٚن ترٛیٚن كھیلن مٗقابلہٕ  20 كھیل ۔ 
3929,1910 منز اوسُکھ مونٹریالَس منٛز نیشنل ہاکی ایسوسی ایشن (NHA) بناونہ آمژ۔
3930,واریاہ مرکز چھِ جنوبی امریکہ، ہندوٚستان، پاکستان، بنٛگلہ دیش، تھائی لینڈ یا ویتنامَس منٛز شروع گژھن وٲلۍ مشتبہ ٹایفایڈُک علاج کرنہٕ خٲطرٕ گۄڈٕنِچ تگ پٲٹھۍ سپروفلوکسین پیٹھ سیفٹریاکسون کُن منتقل گژھان۔
3931,ہندوستان بنیوو 1998تام دنیا ہک ساروی کھوتہٕ بوٕڑ دودھ پیدٕ کرن وول ملک، یو ایس امریکہس پتھ، عالمی پیداوارک تقریبا 17 فیصدی 2010–2011 منٛز۔
3932,ییمہِ نوكری ہنزِ اسامہِ باپت شدید  مٗقابلہٕ چھٗ  م٘ے کٲفی پریشان کران ۔
3933,25 ستمبر 2012  دی ٹایمز آف انڈیا ہس دنہٕ آمتس أکس انٹرویوس منٛز کوٚر لتاہن رفیع سٕنٛد طرفہٕ تحریری معافی حٲصل کرنک دعواہ۔
3934,یہِ چھُ اعلیٰ سطحٕچ آرٲیش ظٲہِر کران، تہٕ کوہ نوُر لال اوس مٗبینہٕ طور فرشٗك حصہٕ۔
3935,امریکی ٹیم، یُس کوالیفائنگ راؤنڈَس منٛزاول آو، آو فاینلس منٛز پوٗنژِمِس نمبرَس پٮ۪ٹھ ییٚمہِ سۭتۍ جان اوروزکوَس اوٚش آوٚ۔
3936,یہِ چھُ نِشانہِ تہٕ کھاندر مُقرر کرنہٕ باپت تہِ اکھ شُب تٲریخ۔
3937,ہیملٹن آو ملکایہ ہنٛدِ طرفہٕ 2009 کِس نیوُ یِیَر آنرسَس منز ایم بی ای سٕتہِ نوازنہٕ۔
3938,"اگر نہٕ تِم تۄہہِ جان  وضاحت دِتھ ہیکن  زِ تۄہہِ کیٛازِ چھِو لیک گژھن  والہِ  سپُڈ واشر خٲطرٕ پوُرٕ نوِ ٹوائلٹٕچ ضروُرت، مِثالے ، بیٚیِس کٲنٛسہِ کٔرِو فون ۔
"
3939,لورِ چھِ لورِ سۭتہِ بناونہٕ یِوان، تہٕ بالہٕ چھِ بٲنٛس کیو موٗلو سۭتہِ بناونہٕ یِوان۔
3940,اتھ منٛز چِھ ٹھوُل، دۄدھ تہٕ ژۄچہِ ہوۍ چیز شٲمل۔
3941,کیرلس منٛز چھ ہجرت کرن وٲلۍ مزوٗر امکین صنعتی تہٕ زرعی شعبن منٛز اکھ اہم افرادی قوت۔
3942,"پننیِ سٗبقدوشی ہندِ منصوُبہٕ منٛزٕ پۄنٛسہٕ دویمہِ گَرٕ خٲطرٕ پوُرٕ ادایگی ہیٚکہِ مِشالے بہتٔریٖن بٲستھ تِکیازِ تۄہہِ آسہِ نہٕ کانٛہہ تہِ قَرٕض۔
"
3943,أمہِ  سٕنٛز گمراہ ٲس باکس آفسَس پٮ۪ٹھ ؤرِہچہِ  سٔتِم ساروٕے کھۄتہٕ زِیٛادٕ کمٲیہِ  کرَن واجیٚنہِ  فلِم، تہٕ جیہ کشن ٲس اكھ تجٲرتی کامیٲبی۔
3944,شَہری مرکزَن منٛز چھِ کمیونٹی اِدارٕ ییٚمۍ سمٲجی تقریب، کھیلَن ہٕنٛزِ تقریب، موسیقی محفلہٕ، مزاحیہ پروگرام تہٕ باقی سرگرمیہٕ مُنقعد کرنۍ۔
3945,"انٹرنیٹک تجٲرتی استعمال گوٚو عملی تہٕ 1990 چِہ دہٲیی ہٕنٛدس شروعاتس منٛز بڑیٚوو یمن ؤرین منٛز وارٕ وارٕ۔
"
3946,تمہِ  کوٚرسکوُل گژھٗن بنٛد تاکہِ أمہِ  سُنٛد وۄستاد دِی نہٕ تمِس سزا ۔
3947,اتھ معاملس منٛز چُھنہٕ آپریٹنگ سسٹم ٹرانسفرس منٛز شٲمل۔
3948,ؤری 2005 ، 2006 تہٕ 2008  منز بناو تیلگو فلم انڈسٹری ہندوستانس منز ساروٕے کھۄتہٕ زیادٕ فلمہٕ، یمہٕ بالی ووڈس منز بنن واجنین فلمن ہٕندِ تعدادٕ کھۄتہٕ زیادٕ آسہٕ۔
3949,اتھ نظامس منٛز، پرتھ مربع چُھ منفرد طور کوآرڈینیٹن ہنٛد اکہ سیٹہٕ سۭتۍ شناخت یوان کرنہٕ، فائلن خاطرٕ ایی ایچ تہٕ پتہٕ صفن خاطرٕ 1–8
3950,"تٔمۍ گِیُنٛد 1992 کِس کرکٹ ورلڈ کپس منٛز، یُس پنُن ٲخری لَٹہِ محمد اظہر الدین سنٛز کپتٲنی منٛز اوس، تہٕ 100 بالَن منٛز 125.80 رنہٕ بنٲوِتھ کوٚرُن بیٹنگ سٹرائیک ریٹَس منٛز ساروی کھوتہٕ زیادٕ۔
"
3951,بجین  گانٛٹہٕ بیٛٲرٮ۪ن پٮ۪ٹھ چھِ  چالٲكی سان جوڈ  تہٕ تاہ بنٲوِتھ تاكہِ یہِ یی رژھرِتھ تھاونہٕ یا اورٕ یور نِنہٕ باپت بیو٘ن بیون تہٕ  تاہ كرِتھ وٹنہٕ ۔
3952,1939 منٛز گوٚو تٔمۍ سُنٛد عیال شکاگو، الینوائے ییٚتہِ تٔمۍ سٕنٛز پرورش سپٕز۔
3953,ایوارڈ تقریبہِ منٛز چھِ بھارتی مانَس  تمہِ سنز زِنٛدٕگی بہتر بناونہٕ  باپتھ شُکریہ ادا کران ۔ 
3954,تتھ کاروبٲرۍ شعبس وُچھِو یِتھ سۭتۍ تُہۍ وٲقف چھِو خاص  پٲٹھۍ اگر تُہۍ رقم لاگنس منز  نوۍ چھِو۔
3955,یہ پروگرام چھ طٲلب علمن خۄدکشی متعلق تعلیم دوان تہٕ تمن منٛز خۄدکشی ہنٛد خطرٕچ تفتیٖش کران۔
3956,کچی پُڈی چھِ اکھ ٹیم پیشكش ، یتھ ہیندِ مزہبی تیوہارن منز موُل چھِ ۔
3957,یہٕ چُھ ساروٕے کھۄتہٕ پرون، یا ساروٕے کھۄتہٕ پرانین منز، موجود۔ 
3958,یہ چھ سہ سافٹ وییر یس صٲرف صرف کم وقتس خٲطرٕ استعمال کٔرتھ ہیٚکہ۔
3959,اتھم دۄہ چھٗ کوچی منز  وامناموُرتھی تھرِ٘کاکارا مندرس منٛز تہوار شروع کرنٕچ نِشاندہی كران ۔ 
3960,فلپین كہِ نیوی تہٕ کوسٹ گارڈن ہٕنٛدِ مشترکہٕ ٹیمن ہٕنٛدیو گو٘تہٕ كھورو٘ کو٘ر بچاو آپریشنس منٛز مدتھ ۔
3961,آکسفورڈٕچ ریسہِ چھِ سٹی آف آکسفورڈ روئنگ کلب منعقد کران تہٕ کیمبرج والین ہٕنز چھِ کیمبرج شائر روئنگ ایسوسی ایشن منعقد کران۔
3962,"یہِ فِلم ٲس گۄڈٕ  1 مئی 2014 ریلیز گژھَن واجیٚنہِ مگر یہِ گٔیہِ  25 اپریل 2014 ہَس منٛز مُقرر وقتہٕ برٛونٛہہ رِلیٖز۔
"
3963,گھوڈ چھ اکھ بوٚڑ دٔریاو یُس نزدیکی بسکیٖن بنیٲدی طور آب پاشی باپتھ استعمال کران چھِ ۔
3964,"تِمن ٲسہِ  لندن، پیرس، اینٹریپ ، زۄُرِخ ، تہٕ برلنس منٛز بٔڑِ دفتر۔

"
3965,وِیانا پیٹھہٕ  فنکارن ہندِ اکہِ گر٘ٗوپ گیلیٹنن چھٗ شمٲلی اطالوی پہاڑ کِس  طرفس كٗن  200 فٗٹ زیوٗٹھ  اکھ گۄلٲبہِ  خرگوش کھڑا کوٚرمٗت۔
3966,۔ زیپاس Evangelos کوٚر یونٲنی سکول ، لائبریریہٕ تہٕ سکالرشپس خٲطرٕ واریہ چندٕ ۔
3967,CLP چھِ پریتھ ریاستَس مَنز قانوٗن ساز اسمبلی ہٕندۍ تمام کانگریس ممبرن پیٹھ مشتمِل آسان۔
3968,"یِم کوٗشِشہِ روٗز توٚتام جٲری یوٚتتھ تام کھو رسمی طور پھٲنٛسہِ دِنہٕ آو ۔
"
3969,"نوکِیا 7650 ہیٚکہ زٕ ڈیوول سم کارڈ یا میموری کارڈ استعمال کٔرھ۔
"
3970,امہ سۭتۍ گوٚو امریکاہس منٛز بینک استعمال کرنہٕ وز لکن محفوظ آسنک احساس کرنس منٛز تہ مدد ۔
3971,"اَکہِ لَٹہِ ییٚلہِ پھیرا تقریٖب مُکمل گژھِ زَنانہٕ چھِ زوٗنہِ ہِنٛدِس نیرنس پیٛاران۔
"
3972,سہ اوس 1973 تھس منٛز شروعٲتی عٲلمی ریلی چیمپین شپس منٛز ساروٕے کھۄتہٕ زیٛادٕ سکور کرن وول ڈرٛایور۔
3973,"پتہٕ بنٛٮ۪وٚو سوٗ ہنٛدوستٲنہِ  رِیاست کیرالہ چہِ  اَکہِ سیٲسی جمٲژ کیرالہ پیپلز پارٹی ہٗند  بٲنی تہٕ رہنما۔
"
3974,"أمِہِ طاقتور دیتین کور زبردست تپ  تہٕ رِیاضت   تہٕ کورُن برہما خۄش۔
"
3975,بِہِو تہٕ ترٲیِو پننین خرچن پیٹھ اکھ دٔر نظر۔ 
3976,یہ سٹیڈیم آو 2008 کس سمر اولمپکس تہٕ پیرالمپکسس دوران استعمال کرنہٕ خٲطرٕ بناونہٕ ۔
3977,"پرٛٮ۪تھ ہاف چُھ 30 مِنٹ آسان ،  یَتھ منٛز15 مِنٹ  ہاف ٹایِم وقفہٕ  آسان چُھ ۔
"
3978,ٹائپ 1 ذیابیطسس منٛز چھ علاماتن ہنٛد آغاز عام طور پٲٹھۍ اچانک گژھان۔
3979,"فوس گُزریو 25 اپریل 2020 دوہ  87 ؤری وٲنٛسہِ منٛز۔
"
3980,انوویکس انوویکس چھ اکھ بین الاقوامی سافٹ ویئر ڈویلپمنٹ کمپنی یمچ بنیاد الیکس لٹسکین ٲس تھومٕژ 2011 منٛز ۔
3981,مٗلکن کٕر 2011 ہس منٛز گۄڈنچہ ہنٛدستٲنہ گراں پرٛکسٕچہ میزبٲنی۔
3982,زنانن منٛز چھ مردن ہٕنٛدس مقابلس منٛز ڈینٹاین ہایپرسٮ۪نزٹیوٹی گژھنٗک ہنا زیادٕ امکان  آسان ۔
3983,اسکارلیٹ فیور-اسکارلیٹ فیور چھ اکھ لاگدار  بیمٲرِ یو٘سہٕ بیکٹیریا سۭتہِ گژھان چھے٘ ۔
3984,ارجن چھ حراستس منٛز ننہٕ یوان ، ییٚمہ سۭتہ تمہِ سٕنٛدس كٗمبس  شرمسٲری  تہٕ غم گژھان چھُ ۔
3985,کیمپِین گُزریو 2 اکتوبر 2020  کیلِیفورنِیاہس منٛز، 57 وُہُر۔
3986,تاپہٕ دار صبحس منٛز ٹھنڈٕ ہواک احساس چھ مےٚ زندٕ آسنٗک احساس كرناوان۔
3987,سری ستکانی تہٕ تٔمہِ سٕنز خانٛدارینہِ ناگنیکایہ ہندِس ضِمنس منز   چھٗ  بھنڈارے  تہنٛز حکمرٲنی 110-120 ق۔ م  اندِ پكہِ مانان ۔۔
3988,شٲہی محلن تہٕ بازرن منٛز ٲسہِ خاص مٲدان آسان، ییٚتہِ شٲہی خاندانٕكہِ  تہٕ عام لوٗکھ کوکر جنٛگ، دُمبہٕ کَٹھ لڑٲیہ تہٕ زنانہٕ کُشتی ہی کھیل ؤچھِتھ دِل بہلٲیی كران ٲسہِ ۔
3989,برسانا چھٗ رادھایہِ ہٗنٛد گام تہٕ زنانہٕ چھےٚ گوپیکاین ہنٛد کردار ادا کران تہٕ مرد بطور  گوپ ۔ 
3990,کینژن ٲسۍ جسمٲنی تہٕ ذہنی صحتٕکۍ مسلہٕ، تہٕ باقی بنییہ شرٲبۍ۔
3991,برکینا فاسوک ادب چھ زبٲنی روایتس پیٹھ مبنی ، یس ونہِ تہِ اہم چھ ۔
3992,کورل لیبلس خٲطرٕ اوس اکھ مضبوط بیٖٹ تہٕ آرکسٹرا انتظام۔
3993,تم ہٮ۪کن سام ہینہٕ  یا ورتاونہٕ باپت کٗنہِ چیزٗک یا نظامٕچ لو٘كٕٹ صوُرت استعمال کٔرِتھ ۔
3994,زیادٕ تر گٗرِ یم ریسہِ خٲطرٕ استعمال چھ گژھان تمن پٮ۪ٹھ چھ پیشہ ور سوار  آسان یمن جاکی چھِ ونان۔
3995,چھتیس گڑھ چھُ 'کوسا ریٖشم' تہٕ 'دھوکرا یا بیل میٹل آرٹ' خٲطرٕ ماننہٕ یِوان۔
3996,اتھ اقدامس کٕر اے اے پی، آی ایٚن سی تہٕ اکالی دل ہِشو٘ سیاسی پارٹیو نۄقطہٕ چینی ۔
3997,نا وسٕنیۍ فایلہٕ ہیکَو صِرِف مین سپیس آرٹیکل پیجَن منٛز استعمال کٔرِتھ، نَہ کہِ یوزر پیج، ٹاک پیج، ٹیمپلیٹ بیترِ پیٹھ۔
3998,ٹیکسس اوس پنسک وننہٕ یوان، تہٕ ٹولن اوس خرونگ وننہٕ یوان، پتِم اکھ چھ ریاستی آمدنی ہنٛد بنیٲدی ذریع۔
3999,یہٕ گژھہٕ براہ راست لٲنہٕ بۄنہٕ كٕنہِ  آسُن یتھ منٛز برنیہ گرافیکل ستارٕ چھِ ۔
4000,آن ڈیمانڈ تیہ شٗدٕ مٗدتس  دوران بیچس انکار کرنہٕ سۭتہِ چھِنہٕ تٗہنٛد شرح متٲثر گژھان۔
4001,مثالہ پٲٹھۍ ممکن چُھ زِ تُہۍ ہؠکو پنٕنۍ کیبل بِل یا میگزینٕچ سبسکرپشن رد کٔرتھ۔
4002,سۄ بنییہٕ پک فورڈ فلم کارپوریشنٕچ نائب صدر تہٕ سابق امریکی صدر جارج ڈبلیو بش سند دور حکومتس منز وزیر خارجہ ۔
4003,شافٹ چُھ ماناو گنہٕ سۭتۍ بنان، یُس کھوکھلہٕ بانٛس چِھ، حالانٛکہ از چھ کم تعدادس منٛز مالٹ مرکب مواد سۭتۍ بناونہٕ یوان۔
4004,سٹروک پتہٕ ینہٕ واجنیٚن جذبٲتہِ مٗشکلن منٛز چھِ اضطراب، گھابرٕنكہ حملہٕ، فلیٹ افیکٹ (جذباتن ہنٛد اظہار کرنس منٛز ناکٲمی)، پاگل پن، بے حسی تہٕ نفسیات شٲمل ۔
4005,"تِمَن چھُ خانٛدر گژھان ، تہٕ مِلی چھُ ""دی رایل مِس فِٹ"" خٕطاب دِنہٕ یوان ۔
"
4006,توٕے چُھ ڈی ڈی ٹی یس ؤنہِ تہِ ملیریاہس کنٹرول کرنہٕ خٲطرٕ استعمال کرنک اجازت دوان۔
4007,"""میزو"" پٲٹھۍ درجہ بندی کرنہٕ آمٕتین قبیلن  ہنٛز اکثریت چھ از  تقریبا 1500 عیسوی منز شروع گژھن والین واریاہن لہرن منٛز ہمسایہ ملکو پیٹھٕ پننیٛن موجودٕ علاقن کن ہجرت کرمژٕ۔"
4008,میننجایٹس چہ زٕ اہم شکلہٕ چھےٚ بیکٹیریل میننجایٹس تہٕ وایرل میننجایٹس۔
4009,ییٚلہ جادوگرن اکھ نفر غٲب کوٚر، بہٕ گووس حٲران۔
4010,نوٚر چھُ موادک اکھ حصہٕ یُس نرِ ولان چھُ ۔ 
4011,یِمو سنبھوول پننِس دوٚیمِس پِترس نَوروجی سکلت والاہس ستۍ ٹاٹا سنز سٕنٛدِ چیزمینُک عہد۔ 
4012,تمن ہیٚکہ شاہ کھسنک احساس ٲستھ، یا یتھ زن تم ڈُبتھ چھ۔
4013,"ڈبلیو ایف پی یَس چھِ وۄمید زِ ٲبی جہازٕ  یی  جلدٕیہ یلہٕ تر٘اونہٕ ،مگر حفٲظتی خدشاتو٘ كِنہِ  تھاوَن نہٕ تۄتتھ تام مال سوزُن جٲری۔
"
4014,یمن ہستِین چھُ اکثر پنٛنٮ۪ن علاقن پٮ۪ٹھ حقیقی کنٹرٛول آسان۔
4015,یہِ چھےٚ وٕنیُک تام أکۍ سٕے تقریبس منز  اوڈیسی نَژن والیٛن ہِنٛز سارِوٕے کھۄتہٕ بٔڑ جماعت۔ 
4016,اَمہِ سۭتہِ ہیٚکہِ میادٕ  خراب گٔژِھتھ، واریاہ زیادٕ پیشاب یِتھ، تہٕ بۄقہ ؤچن ہنٛز کار كردگی  خراب گٔژِھتھ ۔
4017,امریکی ایرون پیرسولَن کوٚر اکھ نوٚو عالمی ریکارڈ قٲیم تہٕ زیونُن مردن ہٕنٛد 100 میٹر بیک سٹروک کِس فایٔنلَس منٛز 52.54 سیکنڈن ہٕنٛدس وقت سۭتۍ سونہ تمغہٕ۔
4018,پنٕنۍ گۄڑنچ پیشکش کٔریو تتھ پٲٹھہِ زِ ساروۍ  زیٛادٕ رقم یٗس تۄہہِ ادا کرنس آمادٕ چھوٕ آسہِ تٗہندِس پیشكشس  تہٕ باپٲرِ سندِس قٲمتس منز باگ ۔ 
4019,بوسٹن کالج ایگلزن کٔر ییل بلڈوگس سۭتۍ شوٹ آوٹس منٛز فروزن فورس تام ترقی۔
4020,ڈیڈھم ، آئیووا ڈیڈھم چھ ریاستہائے متحدس منٛزآئیوواسُک اکھ شہر ۔
4021,متبادل طور، ہیٚکہ یہ شرح سودس منٛز کھس وسہ ہٕنٛد ہیوٚر بۄنک تعین کرنہٕ خٲطرٕ استعمال کرنہٕ یتھ۔
4022,یہ چھ انٹرنیٹ انسایکلوپیڈیا ویکیپیڈیا کس تٲریخس متعلق اکھ کتاب۔
4023,أمۍ سُنٛد زاہ دۄہ چھُ عوٲمی چھُٹی پٲٹھۍ مناونہٕ یِوان، یتھ امبیڈکر جینتی یا بھیم جینتی ونان چھِ۔
4024,اتھ برعکس چھ غٲر قونوٗنی حٔثیت أمس نفرس خٲطرٕ استعمال کران ییٚمۍ سٕنٛدس مٲلس ماجہ خانٛدر آسہ نہٕ کٔرتھ۔
4025,ریشم کیمیو نشہ ریشم کڑن چھ بیاکھ اکھ صنعت یس ریاستس منز پھۄلان چھ۔
4026, دٔریایہِ گنٛگا کِس شُمٲلی بٔٹِھس پیٚٹھ، ضِلعہٕ سارنَس منٛزچِرانٛد جایہ چھِ كنہِ دورس سٕتہِ وابسطہٕ  آثارِ قٔدیٖمٕہ لبنہٕ یِنٗك اندراج  ۔ 
4027,صدیو پیٚٹھٕ چُھ لُکن مٗہیا  وٲحِد طِبی نِظام امچی روُدمٗت ، رٮ۪وٲیتی ڈاکٹر چھِ تِبتی طِبی رٮ۪وایتس مُطٲبِق پکان۔
4028,"تھامسن چھ ٹریکس تہٕ سڑکہ دۄشوٕنی پٮ۪ٹھ کامیٲبی حٲصل کٔرمٕژ۔
"
4029,یہٕ اوس  وجہ ز تمو چھ گوڈنچ فلمہ ہنٛد کینٛہہ حصہٕ استعمال کرۍمتۍ ۔
4030,عصبی ملاحظہٕ چھٗ  پكن ترایے، حِس، تہٕ انگن ہندِس حركتس منز تبدیلی ہٗند جایزہ ننہ  خٲطرٕ ضرورت۔
4031,"اتھ وقتس دوران چھ وایرس غٲر فعال روزان تہٕ چھنہٕ نۄقصان واتناوان۔
"
4032,پیزا رولس منٛز چھ عام طور  چٹنی تہٕ چیز یا باقی پیزا ٹاپنٛگ آسان۔
4033,"آرسینلٕکۍ منیجر آرسین وینگرَن کٔر 57th مِس منٹَس منٛز جوئل کیمبل سٕنٛدِ بدلہٕ الیکسس سانچیزَس بدلہٕ۔
"
4034,اکثر ہیٛکو  حٲبت ناك افسانوی کامہٕ ہنٛد مرکزی خطرس  بطور اكہ سماج كین خوفن ہٗند  استعارٕ  تشریح کرتھ۔
4035,یہِ بٮ۪مٲرِ چھےٚ لیٚدرِ تپھ کہِ وایرس سۭتہِ گَژھان تہٕ چھےٚ لاگدار مٕہہِ  سنزِ ٹو٘پہِ سٕتہِ پھہلان ۔ 
4036,"تقریباً شیتھ فیصد کانگریس مین چِھ ضلعہٕ نٗمایندٕ، یم کُنہٕ خاص جغرافیائی علاقچ نمائندگی چِھ کران۔
"
4037,شرما جی چھُ أخری کِٹی پٮ۪ٹھ ییٚلہِ تٔمِس سٹیشن پٮ۪ٹھ فون آو۔
4038,सु ओस  सॉफ्टवेर इंजीनियरिंग हिंदिस शोबस मन्ज़ तॅमि सॅज़ि कामि बापथ ज़ाननॅ यिवान . 
4039,ہنٛدوستان ریلوے چھُ دہلی-ممبئی مال بردار ریلہِ وتھ وقف کرنُک منصوبہٕ کران یُس ریاستہٕ منٛزۍ نیرِ۔
4040,بیرونی وجہن منٛز ہیٚکہ اتفاقیہ ٹکرٕ سۭتۍ براہ راست اثر/زخم یا جسمٲنی اختلاف شٲمل ٲستھ ییٚمہ کس نتیجس منٛز بلنٹ فورس صدمہٕ چھ گژھان۔
4041,جلال الدین سٕنزِ بادشاہی ہٕنٛدِ عروٗج پتہٕ اچانک شہزادی بننہٕ پتہٕ، ٲس سُہ واریاہ روغردان گٲمژ  تہٕ کٔرٕن علاؤالدینِس پٮ۪ٹھ سبقت نِنٕچہِ  کُوشش۔
4042,قیامتن کوٚر عیسیٰ خدا یہ سنٛد نیچو قٲیم تہٕ یہٕ چُھ امہٕ کتھہ ہنٛد ثبوت پٲٹھۍ پیش کرنہٕ آمُت زِ خدا کرِ منصفانہ پٲٹھۍ  دنیاہُک انصاف۔
4043,ذہنَس منٛز تھٲیِو زِ تۄہہِ پییوو ڈسٹلنگٕچ عملہٕ باپت برنر یا چولُک ضروٗرت۔
4044,تقریباً80% رُود چھُ جولائی-ستمبر کِس وَہرٲژ موسمَس منٛز پیوان، ییٚمہِ سۭتۍ سٔہلاب ہیکہِ یِتھ۔
4045,پتہٕ بنیو سُہ ڈی روڈے وانُک فلیمش چیئرمین تہٕ سیٲسی ڈائریکٹر۔
4046,"ٲخری لمحس پیٹھ بالہِ ہُنٛد رُخ بدلاونٕچ صلٲحِیت تہِ چھِ اکھ حِربہ یُس مُخٲلِفَس غیر متوازن کرنہٕ خٲطرٕ استعمال چھُ یِوان کرنہٕ۔
"
4047,یہِ زانكٲری  ہیٚکہِ یا تہِ  برٛونٛہِمہِ کامہِ ہِنٛدِ تجرُبہٕ یا تمہِ  کُنہِ ذٲتی شوقہٕ سٕتہِ حٲصِل سپدِتھ  یُس توہہہ أکِس پیشَس منٛز تبدیٖل کرنس  تیار چھِو٘  ۔ 
4048,پتنجلی ہٕنٛدۍ یوگا سُتر چھِ ترٛین روایتَن ہٕنٛز ترکیٖب۔
4049,ساسہٕ بٔدۍ مشرِقی پٲکِستٲنہِ سپٕدِ مارٕ، تہٕ لگ بگ اَکھ کَرورپناہ گٗزین  ژٔلہِ نَکھٕہ كِس ہِنٛدُستٲنہِ رِیاستس مغرِبی بنٛگالس کُن۔
4050,سکیندویِین ایرلائنز چھ 2007 تس منٛز دوٚن ریتن ہٕنٛدس وقتس دوران ناقص لینڈنگ گیئر کہ وجہ كِنہِ ترٛیٚو كریش لینڈِنگو٘ پتہٕ پننہِ ڈیش 8 بیڈٕ  مستقل طور گراؤنڈ کوٚرمت۔
4051,زنانَن ہنٛدِس 400 میٹر انفرٲدی میڈلے کِس فایٔنَلَس منٛز کوٚر آسٹریلوی سٹیفنی رائسن 4:29.45 کِس وقتہ سۭتۍ اکھ نوٚو عالمی ریکارڈ قٲیم۔
4052,خاص طور ، پیری نیوکلیئر اینٹی نیوٹروفیل سائٹوپلاسمک اینٹی باڈیز (پی اے این سی اے)  ثھِ یو سی کین 70 فیصد معاملن منٛز لبنہٕ یوان۔
4053,"تِمَن چھِ 34 ٹیم بِگ ٹین چیمپئن شپ تہٕ 23 ٹیم قومی چیمپئن شپس منز ۔
"
4054,"نتہٕ ہٮ۪کو یہ چھانہ پٮ۪ٹھٕ سیوٚدے چایہ ہٕنٛدس پیالس منٛز ترٲوتھ۔
"
4055,سیہہ سیٖنیر گزریوو 24 اگست 2020 ہس منٛز بڈاپیسٹس منٛز، 68 وہر۔
4056,لوو گزریو 12 فروری 2018 ہس منٛز 83 وٗہٗر  بیجنگس منٛز۔
4057,"یہٕ منظر چُھ 19مہِ صدی ہنٛدِ جٔرمن فلسفہٕ خاطرٕ عام۔
"
4058,تِمَن گَرَن منٛز یِمَن  منز حالٕیہ  خانٛدر یا بچہٕ زامٗت آسہِ ،چھِ لوڑی تقریب سیٹھاہ جوش خروش سان مناونہٕ یوان ۔ 
4059,کیمپٹن ہلز ، الینوائے کیمپٹن ہلز چھ کین کاؤنٹی ، الینوائے ہک اکھ گام ۔
4060,"لا بریا  کین ٹار کھۄڈن منٛز لبنہٕ ینہٕ وٲلۍ کرنز ٲسۍ کم و بیش مکمل۔
"
4061,"تمام بول چھ جان مجکٹ تہٕ ایان نکس لیٖکھِمٕتۍ۔ تمام موسیقی چھےٚ شنکر-احسان – لوین ترتیب دژمٕژ۔
"
4062,بی ای سی ایل چُھ پڈوا گامس منٛز 550 میگاواٹ پاور پروجیکٹس پیٹھ کٲم کران۔
4063,بیٚیہ آو دیانندس اصل پأٹھۍ استقبال کرنہٕ تہٕ راجپوت گرپن کوٚر أمۍ سٕندس مقصدس منٛز شأمل گژھنُک انتخاب.
4064,مے٘ چھٗ ہمیشہِ طرفن ہٗند برم گژھان تہِ كیازِ مے٘ چھٗنہٕ پنٗن او٘ند پو٘کھ اتھی یوان۔  (سیاح)
4065,پانڈیا سرادار نظام ٲسۍ موتی ماہی گیری تہٕ ریشم صنعتہٕ خٲطرٕ مشہوٗر ۔
4066,وۄنٛہِ گوٚو، کتھکلی چھُ امہِ كِنہِ  مُختٔلِف زِ اتھ منز چھے٘ جنوُبی ہندوستانٕکِہ قدیم ہندوستٲنہِ  مارشل آرٹ تہٕ ایتھلیٹک رٮ۪وایتَہٕ  تہِ شٲمِل ۔
4067,پدماؤتی بسادی چھِ یِمَو منٛدرَو منٛز ساروِی کھۄتہٕ زِیٛادٕ زاننہٕ یوان ۔
4068,کوُنارسك  چھٗ الچی وسک كیو٘ پرانیو٘ ناوو منزٕ اكھ ۔
4069,ڈیلی اوس 1997 منٛز ٹم آرمسٹرانگس سۭتۍ کھاندر کٔرتھ 2003 منز طلاقس تام ۔
4070,یہ چھ ولم کالی، پلیکالی، پوککلم، تھمبی تھلال تہٕ اوناویلو ہوین ثقافتی عنصرن سۭتۍ مناونہٕ ینہٕ والین تہوارو منز اکھ۔
4071,ینہٕ والؠن واقعاتن منٛز چھ وزم، نروپما تہٕ اشمتایہ ایف بی آیی پوچھ تاچھ باپتھ گرفتار کران۔
4072,کووینن گزرییہ 12 اپریل 2014  ہیلسنکی منٛز 82 وری وٲنسہ۔ 
4073,"یہِ چھےٚ دُبئیہِ منٛز ایمریٹس ایئر لائنز باپتھ بطورِ کیبن کریو ممبر کٲم کران۔
"
4074,نایف پارٹی ہٕنٛز بنیاد ٲس روب سوایر تہٕ گیرتھ میک گریلنن پینڈولم بینڈٕ پیٹھہٕ  تھٲومٕژ۔
4075,"مٲلی بحٲلی ہُند منصوبہٕ بناونہٕ سۭتۍ ہیٚکہِ ذہنی وضاحت تہٕ قابووُک احساس تہِ فراہم سپدتھ  یُس تُہنٛد مزاج تہٕ زِنٛدگی ہُند نظریہ بہتر بناوِ۔
"
4076,یِہ چُھ اَتھ کتِھہ پیٹھ دارمدار تھاوان زِ تۄہِہ کیا چُھ  باسان زِ تُہۍ کٲتِس کالس کٔرِو کیمپنگ، مگر تُہۍ یَتھ چیزس پیٹھ یا منز شوٚنگِتھ ہیکِو سُہ چُھ ہمیشہٕ مددگار آسان۔
4077,دینار دینار چُھ واریاہن مٗلکن منٛز سرکٲرِ زرٗك  ناو ۔
4078,تھیرایڈٕس حركتس منز انن وٲلہِ  امیوُنوگلوبٗلِن چھِ تھیروٹروپن ریسیپٹرس (ٹی ایس ایچ ریسیپٹر) پرزناوان تہٕ لٲرِتھ گژھان یٗس تھایروکسین (ٹی 4) تہٕ ٹرایوڈوتھیرونائن (ٹی 3) کِس اخراجس  حوصلہٕ افزٲیی کران چھٗ ۔
4079,مغرِبی چالوکِیہ دور اُوس کننڑ ادب تہٕ سنسکِرت ادبہٕ چہِ  ترقی باپت اکھ اہم دور ۔ 
4080,متحدہ عرب امارات، سنگاپور، برطانیہ، نیوزی لینڈ، آسٹریلیا، ریاستہائے متحدہ، تہٕ فرانس (خاص طور پٲٹھۍ پیرس تہٕ مارسیل) منٛز تقریبہٕ چھِ قٲبلِ ذکر۔
4081,"یِمہٕ نمبلہٕ زمین آیہِ تنہٕ  دٗبارٕ حٲصل کرنہٕ تہٕ بَڑیٚن رہٲیشی کمپلیکسن منٛز تبدیل کرنہٕ۔
"
4082,"بُری خٲطرٕ کُل 127 ہَن مُقابلَن منٛز کٔرِ تٔمہِ  21 گول سکور۔
"
4083,انٹرنیٹ آو  گوڑنِچہِ  لٹہِ اکتوبر 1969تھس  منٛز جوڈنہٕ  تہٕ اتھ آو ارپانیٹ وننہٕ ۔
4084,1622ء منٛز شہزاد خرمن کٔر فوجٕچ پرورش کی تہٕ پننِس مٲلِس تہٕ نور جہاہس خلاف کوٚرک مارچ۔ 
4085,تنہٕ پیٹھہٕ  چھِ افریقی یو٘   واریاہ انسٲنی عادتھ یختیار کٔرمٕتہِ ، یتھ کٔنہِ  زن پلو لاگٕنہِ ۔
4086,مےٚ چھےٚ یہ فکر ز بہٕ سمجنہٕ نہٕ امتحانہٕ خٲطرٕ دنہٕ آمت مواد۔
4087,"امہِ میٖژ کہِ کُنہِ چیٖزٕ باپت زٔمیٖنٕکۍ حٔقیٖقی اثراتن درمِیان اوسط وقفہٕ آسہِ تقریٖباً 37000 ؤری۔ 
"
4088,بیٚکہِ طرفہٕ چھُ اونی سۭتۍ ایم ایل اے وکرم جیت بشٹس سٕتہِ دٗشمنی ہیوان ،  یُس سوپر نٲوچہِ  ٹیٚکسی سروس چلاوان چھُ۔
4089,سوٗ چھٗ اکھ فلمی اداکار، پیش کار، ماڈل تہٕ پروڈیوسر تہ۔
4090,بٲتٗك اكھ شٲیرانہٕ  ویڈیو آو یوُٹیوُبس پٮ۪ٹھ پوسٹ کرنہٕ۔
4091,پتہٕ کٔرو امہ اِکوٹہٕ کرِمٕتہِ رقمک موازنہٕ  ٹیکس پتہٕ چہِ آمدنی سۭتہِ ۔
4092,فلایٹہ منٛز میٲنس آرم ریسٹس پیٹھ حملہٕ کرن والٮ۪ن دۄن مسافرن درمیان ژٮ۪لنہٕ ینہٕ سۭتہِ گٔیس بہٕ مایوٗس۔
4093,بطورِ گولف کھلٲڑۍ ڈی ہان بنیوو 1972 تہٕ 1973 تھس منٛز قومی چیمپین۔
4094,سالسیٹ تہٕ باردیش یا باردیزس پیٹھ قبضہٕ کرنہٕ پتہٕ، کٔر مراٹھیو گوا کس جزیرس پیٹھ تہٕ قبضہٕ کرنٕچ کوشش۔
4095,1777 منٛز دِژ مِرزا نَجف خانَن واضح طور ضٲبِتہٕ  خان سٕنٛدِس فوجس شِکست تہٕ سِکھن ہِنٛدِ ہملہٕ  رُکاوتھ ژٕلرٲوِكھ تِم ۔
4096,خیال چُھ یِوان کرنہٕ زِ یِہ چِھ لیکھنہٕ آمتین انجیلن منز گۄڈنیُک۔
4097,جھیٖل ہٮ۪کہِ 36450 لچھ کیوُبِک فٗٹ آب رٔٹِتھ ۔
4098,"امہ سۭتہِ چھےٚ سطحس سۭتۍ  زمینی ٲبی  آبپاشی خٲطرٕ آبٕچ دستیابی بہتر گٔمٕژ۔
"
4099,سُوٛ بنیوو سر میروِن کنگ  سٗند جاں نشین، ییمہِ  30 جون 2003 عوہدہ سنبھول۔
4100,ہِنٛدُستٲنہِ جٔزیٖرٕ نُما کہِ جٔنوٗبی انٛدُک پیوٚت چُھ کٔنیا کُماری، یُس بحرِ عَرب، بے آفكھاڈی بنٛگال، تہٕ بحرِ ہِنٛد کہِ رلنُک مُقام چُھ ۔
4101,یہ لارنک عام طریقہٕ چھُ یہِ  اکس ریبیز  جانور سنٛدِ ژو٘پ ۔
4102,یہِ بِرٛوٚنٛز چُھ یِوان مُقَدس مانٛنہٕ، یَتھ منٛز خاص مذۂبی رٔسوٗمات اَدا کرنٕچ ضٔروٗرت چھےٚ آسان۔ 
4103,"بی پی یَن نِیوٚو 23 تیٖل تہٕ گیس پٲداوار شیئرنگ معاہدن منٛز 30 فیصد حصہٕ یُس ریلائنس ہندوستانَس منٛز چلاوان چھُ، یَتھ منٛز کے جی-ڈی 6 بلاک 7.2 بلین ڈالرَس منٛز تہِ شٲمِل چھُ۔
"
4104,مےٚ میُول روزنہٕ خٲطرٕ  شاندار ہوٹل یُس نظارن نزدیک چھ تہٕ  بیٚیہ چھس بہترین نرخ۔
4105,اوے چُھ یہِ خاص طور ضروری زِ بچن منٛز گژھِ امہ بیمارِ ہُنٛد علاج لۄکچارسٕے کرنہٕ یُن،  امہِ کِس گاش تیار گژھنس منٛز مُداخلت کرنہٕ برٛونٛہٕے۔
4106,خانٛدرآو11 جنوٕری 1586 دوہ مَہریٚنہِ ہِنٛدِ گَھرِ كرنہٕ ۔ 
4107,"زِیٛادٕ خرچہٕ چھُ مٲلی افسوسُک وٲحِد ساروِی کھۄتہٕ عام وجہ۔
"
4108,وٹامن بی 12 کہ وجہ كِنہِ زہریلہٕ گی چھِ سیٹھاہ كم ۔ 
4109,"سٹاک ایکسچینج چُھ وٗنكینس ل پننین اركانن ہنز مِلکیت۔

"
4110,فیوُبو ٹی وی فیوُبو ٹی وی انکارپوریشن چھٗ اکھ امریکی ٹیلی ویژن سٹریمنگ خدمات  ۔
4111,گوفِس گوفِس چھ آسٹرِیٲیی   ریاست ورارلبورگ کس فیلڈکرچس منٛز اکھ بلدِیٲتی ادارٕ 
4112,برہم پُتر دریاوُک بیٛڈ چُھ 1916 پیٹھٕ واریاہ زیادٕ ؤسیع گوٚمُت تہٕ باسان چُھ زِ یہِ چُھ شُمالہٕ بدلہٕ زیادٕ جنوُبس کُن مُنتقل گَژھان۔
4113,یٗتھٗے مے٘ سنِس ، كرہنِس كرٛیرِس منز نظر ترٛٲو ، اكھ لوٚژ خوفناک پھِسراریہ باسییہ امہِ كہِ سنِرٕ  پیٹھہٕ یوان ، ییمہِ سٕتۍ  بہٕ ترہریوس۔ 
4114,سوٗ بنووٗكھ بادشاہ  تہٕ بطور فرنچ لیجن آف آنرٗك افسر ۔
4115,جٗلایی 2012 ہس منٛز چھےٚ مٲلی رٗكاوٹو٘ تھٕ  ریاستی سركار كیو٘ ہیدایتو٘ ، ریاستی حکومت چٮ۪و سکیمو علاوٕ قرض دِنہٕ چہ سرگرمی مٗعطل کرنہٕ آمژٕ۔
4116,"1957 پیٹھہٕ 1958 ہس تام اوس سٹیپووچ الاسکا  بطور ٹیریٹری ہُند ٲخری گورنر  کٲم کران۔
"
4117,پیٹر ہیمنڈ چھٗ بطور  بندوق نواز کارکٗن تہٕ واریاہن کرسچین مشنری تہٕ اسلام مخالف کتابن ہنٛز کامہٕ خٲطرٕ تہ زاننہٕ یوان، 
4118,تٔمۍ گنٛدۍ 1946 تہٕ 1948 ہس منٛز سان فرانسسکو 49ٲرسن سۭتۍ زٕ سیزن۔
4119,کولمبیا ریکارڈ بنییہ  وِرجِن ریکارڈسس سۭتہِ واریہن ورین روزنہٕ پتہٕ تہنز نٕو٘ لیبل ۔
4120,"اتھ تکنیکس چُھ ""ایر ہُکنگ"" یا ""سکاے ہُکنگ"" تہٕ وننہٕ یوان۔
"
4121,تہنٛد مٲلۍ ماجہِ کٔر واریاہَن اہَم آزٲدی پسندن تہٕ دٲنِش وَرن یتھ کنۍ زن مہادیو گوٚوِند راناڈے، گوپال کرشنا گوکھلے، تہٕ رمابائی راناڈے، تہٕ اینی بیسنٹ ہِوی زَنانہٕ لیڈرن سۭتۍ دوستی۔
4122,مُورتی منٛز چھِ یکشا، فلاسک بردار، مالو سۭتۍ وُڑوٕنۍ جورٕ، اشوکا کُلۍ، تریچترا، ہوٚس تہٕ اپرہیا ہٕنٛز نقاشی ۔
4123,جرمنی منٛز پننہ وقتہ برونٹھ، اوس سُہ  پنن سابقہ کلب ایف کے آسٹریا وائنک انتظام چلاوان۔
4124,نٔویٖن کُمار گَوڈا (8 جنؤری 1986  زامُت)، پنٛنہِ سٹیج کہِ ناوٕ، یَش سٕتہِ  مشہوٗر، چُھ اکھ ہِنٛدُستٲنہِ  اداکار یُس کنٛنڈ فِلمن منٛز کٲم چُھ کَران۔ 
4125,"قٲبلِ ذِکر اردٗو اخبارَن منٛز چھِ روزنامہ اعتماد ڈیلی ، روزنامہ منصف، تہٕ روزنامہ سیاست شٲمِل۔
"
4126,کانٹینینٹل کانگریس کانٹینینٹل کانگریس اوس تر٘ٗواہن نوابادِیاتن ہندین نٗمایندن ہٗند اكھ اِجلاس ۔
4127,دیؤڈَن لوڑ گولیاتھ ناو کِس اکس بڑس فوجیس سۭتہِ ۔
4128,1.5 लछ खोत ज़याद यूनिट आई अमि किस आसनस     दोरान कॅननॅ.
4129,جنسی سمگلنگ چھ تمہ وقتہٕ گژھان ییٚلہ لوٗکھ جسم فروش بنٛنہٕ خاطرٕ کنہ جایہ ننہٕ چھ یوان۔
4130,اگر کافی ٹیبلک اوسط قیمت 125$ چِھ ماننہٕ یوان، اکھ سٹور یس 115 $ رعایتس پیٹھ ٹیبل پیش چُھ کران سُہ چھنہٕ تۄہہ تیوت بچاوان۔
4131,یہ چھ تہند قسمت ز تم  چھٕ مصائب تلان تہ یمن پیٹھ چھ ظالمانہ حکومت  راج کران ۔
4132,اتھ وقتس متعلق سوچو ز یہ چھ تۄہہ پنٛنس شوقس پیٹھ توجہ مرکوز کرنہٕ خٲطرٕ ذٲتی وقت۔
4133,پنکن کوٚر گۄڈنچہ لٹہ پتہٕ راتھ جے بی ایلس خلاف  خطابُک  بچاو۔
4134,یم گانٛٹہٕ  بیارٕ چھےٚ بٲنٛسہٕ كانِیو  تہٕ کاکذٕ سۭتۍ بنیمژٕ رٮ۪وٲیتی گانٛٹہٕ  بیارٕ۔ 
4135,یہ زانٛنہٕ پتہٕ ز یسوع اوس گلیلی ہٗك ، پیلیٹن كور  مٗقدِمہٕ گلیلی کِس حکمران بادشاہ ہیروڈس حوالہٕ ،  یُس پاس اور سالہٕ خٲطرٕ  یوروشلمس منٛز اوس۔
4136,سوامی ناتھنن کوٚر پننس دورس منٛز اکھ بل پیش، دی وومن فارمرز اینٹائٹلمنٹس بل 2011، حالانٛکہ یہ گوٚو ختم۔
4137,امچ بنیاد ٲس 1281 منٛز فلپ دی بولڈن تھومٕژ ۔
4138,"قونوٗن ساز اَسمبلی منٛز اکثریت تھاون واجنہِ سِیٲسی جمٲژٕ یا سِیٲسی جمٲژن ہُنٛد اِتِحاد چُھ حُکوٗمت بناوان۔

"
4139,ہدایت چھ زیادٕترانگریزی یا بنگٲلِس  منٛز، حالانٛکہ اردو تہ چھ استعمال سپدان ، خاصكرِتھ   وسطی کولکتہ ہس منٛز۔
4140,نِشانہٕ لگٲوِتھ نشاوردواہن سٕتہِ  وابسطہٕ  اخراجات چھِ  بطور براہ راست منصوبہٕ بند اخراجات واضح كرنہٕ  یوان کرنہٕ یِم مٗلككہِ رضاكارنہٕ طور غٲر قونوُنی منشیات کس شعبس منٛز مشغولیتچ عکاسی  کران چھِ ۔
4141,کلورینہٕ سۭتہِ مٲرِ تِمو٘ صرف تقریبا 1.200 فرانسیسی فوجی ۔
4142,لکشدیپس  أنٛدۍ پٔکۍ مرجانی  حصس منز اکھ لگون ٹرِگر فش
4143,یہٕ آو لوکن کتھ باتھ کرنک اجازت دنہٕ خٲطرٕ متعارف کرنہٕ ز نیوکلیر حادثہ کتھ حدس تام چھُ سنگین ۔
4144, بارودی دھماکہ خیز چارجس سۭتۍ بارودی سرنگن تہٕ جوابی بارودی سرنگن ہندِ استعمالک ذکر چھُ  اکبر تہٕ جہانگیر سندِ زمانہٕ پیٹھ کرنہٕ آمت۔
4145,ایلڈر شاٹ، ہینٹسس منٛز دٔہمہ ہیسارن کوٚر 1834 منٛز پولو انگلینڈس منٛز متعارف۔
4146,وٗنکینس چِھ دو٘یم تہٕ ترٛیٚیِم جِلد دٔستیاب ۔
4147,ایف آیی ڈی ایی یَن کوٚر پتہٕ اعلان زِ لیناریس یی شٲمل کرنہٕ، ییٚمہ سۭتۍ آننٛد اپریل 2007 کِس فِہرستَس منٛز أکِس نمبر پیٹھ ووت۔
4148,64 تھن  منٹَن  پیٹھ آو دٕچھنہ طرفہٕ اکھ کراس لگاونہٕ تہٕ تٔمہِ روٚٹ اكہِ اتھہٕ کراس شاندار پٲٹھہِ  ۔
4149,یہ چھ ریاست کس مغربی حصس منٛز ۔
4150,امریٖکہن چھِ 10 منٛزٕ 8 خٕطاب زیٖنمٕتۍ ، یَتھ منٛز آسٹریلیاہَن باقی  زٕ ٹایٹل زینِمٕتۍ چھِ ۔
4151,ٹنڈولکر اوس 5 رنجی ٹرافی فائنلن ہُنٛد حصہٕ یِمَن منٛز 4  ممبٮین  4 زینیہ۔
4152,سُہ بڈیو بیلفاسٹ کس مضافاتس منٛز تہٕ أمس چھ زٕ بجہ  بیٚنیہ۔
4153,زندٕ آسنس دوران تہٕ مرنہٕ پتہٕ تضٲدی شکل تھاون واجِنۍ مد ٹیٚرِسا آیہِ واریاہو لوٗکو دٔسۍ تسٕنٛزِ خٲرات باپتھ تٲریفی کرنہٕ۔
4154,"مارچ 2020 ہمنٛز کوٚر پیری ین وٲحد ""نیور وورن وائٹ"" جٲری۔"
4155,تمہِ وقتہٕ ٲس اتھ کم میموری، تقریبن 30 ایم بی۔
4156,ہلکہٕ ہایپوتھرمیا چھ بعض اوقات ڈاکٹر کینژھن طبی مسلن ہنٛد علاج کرنہٕ خٲطرٕ استعمال کران۔
4157,تِم رودۍ اکہ جایہ پیٹھٕ بییس جایہ گژھان تہٕ اَکِہ دۄہ ملیوٚو تِمن کرم کُل۔
4158,باؤنٹی ہنٹر اکھ باؤنٹی ہنٹر چُھ سُہٕ شخص یُس پیونسہٕ خاطرٕ  فردن رٹان چُھ ۔
4159,یہ آو گۄڈنچہ لٹہ 19 اکتوبر 2012 دوہٕ  وِنڈوز باپتھ جٲری کرنہٕ ۔
4160,"اتھ وقتس دوران اوس امہِ بیمارِ ہُنٛد علاج کاپر سلفیٹُک ٹاپیکل اطلاق سۭتۍ کرنہٕ یِوان۔
"
4161,1926 منٛز آو سہ برطانوی ہندوستان چہ مرکزی قانون ساز اسمبلی خٲطرٕ منتخب کرنہٕ۔
4162,سوٗ چھٗ 26 فروری 2010 پٮ۪ٹھٕہ تایوان صوٗبک گورنر۔
4163,ایس ای سی چھُنہٕ ہِوین  مالیکیوُلر ماس كین جٗزن  درمیان فرق کرنہٕ خٲطرٕ عاداد شٗمار فراہم كران ۔ 
4164,آرکیسٹرا آو 1918 منز نکولائی سوکولوف بطور کنڈکٹر شروع کرنہٕ ۔
4165,لُکھ چھِ  دٔریاون یا بٔڑین زیارتن منز  سر٘ان کران۔
4166,یمن منز چھ تھٔدۍ، گٔنۍ گاسو سطح تہٕ پھٔہلتھ کُلۍ، زیادٕ تر یوکلپٹس  ۔
4167,سُہ اوس پرٛیتھ نٔوِ کھاندرٕ واجنہِ زنانہِ پنٛنِس خانٛہ دارس سوزنہٕ برٛونٛہہ کینژن دۄہن پانس سۭتۍ تھاوان۔
4168,"بنٛگٲلہِ لُکھ چھِ رٮ۪وٲیتی طور دیوی مہاتمیہ مزہبی كِتابہِ پیٹھ آیات پرنہٕ باپت مہالیہ دۄہ صُبحٲے  وۄتھِان   ۔
"
4169,1898 منٛز آیہ تمام کاروٲیی ترک کرنہٕ، ییٚلہ جزیرٕ موثر طور پٲٹھۍ غأر آباد گوٚو۔
4170,سۄ گٗزرییہِ 25 جنوری 2018 ، 93 ؤرِش  ۔
4171,اگر کُنہِ خصوٗصی چیزن ہندِس دُکانَس پٮ۪ٹھ گژھُن اكھ جان مٗتبٲدِل آسہِ نہٕ  ، تیٚلہِ کٔرِو  گژھنہٕ برٛونٛہہ کینٛہہ مخصوٗص برانڈَن تہٕ ٹیبلَن ہُنٛد اندازٕ یِم توہہِ یژھان چھِو٘۔
4172,ییلہ معیشتن ناکام گٔژھتھ ٲس کیہہ لوکھ ٲسۍ پنٕنۍ ملک بچاونہٕ خاطرٕ فوجی آمرن پیٹھ نظر ۔
4173,سُہ زاو لوس اینجلِسَس منٛز تہٕ پروٕرش  گٔیِس ایٹلانٹہَس منٛز۔
4174,تلسی ویواہ تہٕ امہ  رسمہٕ پتہٕ کتھا  چھےٚ پدم پران  گرنتھس منٛز ونٛنہٕ آمژ۔
4175,دۄن خاندانن درمیان تمہ لڑایہ ہنٛد خیالن، یۄس سورے کٮ۪نٛہہ تباہ کران چھےٚ، کوٚر سہ متٲثر۔
4176,صِرِف تصدیٖق شُدٕ خٔریٖدارٕیہ  ہٮ۪کن سی وی اٮ۪س فارمیسی پٮ۪ٹھٕ چیٖز نِتھ یا ڈیلِؤری کٔرِتھ ۔ 
4177,"این ایس وی ہیٚکہِ کُنہِ تہِ وٲنٛسہِ منٛز گژھِتھ (سیگمینٹل وِٹِلِگوہس برعکس، یُس نوجوٲنی ہٕنٛدیٚن ؤرِین منٛز واریاہ زیادٕ عام چُھ)۔
"
4178,ساؤتھ گارو ہلز ضلعہٕ آو 18 جون 1992 مغربی گارو ہلز ضلعہٕ تقسیم کرنہٕ پتہٕ وجودس منٛز۔
4179,लोकल हार्ड डिस्क बतोर केशे इसतेमाल करुन छु वरासती ज़खिरॅ मुनज़म करनुक अहम तस्सवुर .
4180,حالانٛکہِ 44 مُلکَو منٛز 32 مُلکَن منٛز ییٚتہِ یلو فیور بطور وۄباہ   یِوان چھُ تِمَن چھِ ویکسِنیشن پروگرام آسان، یِمَو منٛز چھِ واریٛاہَن مُلکَن منٛز تِہنٛزِ 50 فیصد کھۄتہٕ کم آبٲدی ویکسِنیشن یِوان کرنہٕ۔
4181,2011 منز اوس ریلوے ٹریکن ہنٛد کل زیچھر تقریباً 345 کلومیٹر (214 میل)۔
4182,"اتھ چھِ کُنہِ ساتہٕ صِرِف ""آتا"" یا اتا (ییٚمیُک مطلب ""ڈرامہ"" چُھ) ونان۔
"
4183,"کووِڈ-19 وبا کِہ وجہ سۭتۍ آیہِ 2021 منٛز کھیلہٕ ملتوی کرنہٕ۔
"
4184,شمٲلی مالابار علاقہٕ، یس ٹنڈیس بندرگاہ کس شمالس منٛز واقع چھ، اوس سنگم دورس منٛز ایزیمالا سلطنت کس اقتدارس تل۔ 
4185,"اكھ 19 وُہُر کالجُک طالب علِم یووان کٔپوٗر (رُسلان مُمتاز) چُھ بالکونی پیٚٹھٕ پیٚنہٕ پتہٕ فورن  ہسپتالس نِنہٕ یِوان۔
"
4186,یہِ مندر چُھ حیدرآباد پیٹھہٕ تقریبا 80 کلومیٹر دوُر حیدرآباد-ورنگل ہائی وے، این ایچ  163 ٹھڮس پیٹھ ۔ 
4187,تٔمۍ کٔر 2007 کِس شروعاتس منٛز لیسٹر ٹائیگرزس منٛز شٲمل گژھنہٕ کِس اقدامس پٮ۪ٹھ کتھ باتھ ۔
4188,مانٛنہٕ چُھ یوان زِ یہ غار اوس رامن دریافت کوٚرمٗت تہٕ مہاراجہ ویر وکرم دیو سٕنٛدس دور حکومتس منٛز آو یہ دٗبارٕ دریافت کرنہٕ۔
4189,“کھۄرَن ہِنٛز غَلطی“تہٕ چِھ آسان ییٛلہٕ کٲنٛسہِ کھلٲڑی سُنٛد کھۄر چُھ بیس لٲنہِ لَگان چھٗ  یا بال لَگنہٕ برٛونٛہہ مَرکَزی نِشانَہٕ  بَڑاوانہٕ یی ۔
4190,پرٛٮ۪تھ باقٕیہ دِوتاہ سٕنٛدۍ پٲٹھہِ چھُ وِشوکرماہَس اکھ دۄہ مٗشخص یُس تٔمہِ سُنٛد زایہِ دۄہ یا جیٚنتی چھِ  سو٘ گیہ وِشوکرما جیٚنتی ۔
4191,"أڈجن ہندِ مسلہٕ ، بڈیومٗت تیٖلہٕ پِیٚوت ، لیٚدٕر ژم تہٕ کِرٛہُن پیٚشاب  تہِ ہیكن  ٲسِتھ ۔
"
4192,تٔمۍ ووے لوکن منز پِیانو ییلہِ سُہ ستہ وُہُر اوس۔
4193,"ہلَس مِیلۍ 1958 منٛز ہاؤس راکرَس باپت مختلف موسیقار، تہٕ کوٚرُن گیوُن شروع۔
"
4194,دھیان چند چھ ہنٛدستٲنۍ تہٕ عالمی ہاکی منٛز اکھ عہد ساز شخصیت۔
4195,یہ چھ ڈرہم پٮ۪ٹھٕ گژھان ، پتہٕ میرین ریزروائرس منٛز ۔
4196,مےٚ باسیوو یہ أکس پریہ دلیلہ ہنٛدۍ پٲٹھۍ ییٚلہ مےٚ پنٛنس کریڈٹ کارڈس پیٹھ جمع کٔرۍمتیو پوینٹو سۭتۍ مےٚ پنٛنین خوابن ہٕنٛز گٲڑۍ حٲصل کرنس منٛز مدد میُول۔
4197,"الجزیرہ تہٕ میساچوسٹسس منٛز مقیم اخبار  بوسٹنٕکہِ مٗدیر ،  دۄشوٕٮ۪و تہِ کوٚر تمہِ  سٕنٛزِ محفوٗظ رہٲیی ہُنٛد مطٲلبہٕ۔
"
4198,پنُن آرڈر کٔرو باقٲعدگی سان چیک تہٕ اتھہِ مطٲبق بنٲویو نوو آرڈر۔
4199,تٔمۍ کوٚر اگست 1963  منٛز بارنسلے خٲطرٕ دستخط، یتھ منٛز تِم پانژن فٹ بال لیگن منٛز نمودار گٔیۍ۔
4200,کیوک چھ پرٛٮ۪تھ ؤریہ جولایس منٛز پننس سالانہٕ بازرس خٲطرٕ زاننہٕ یوان ۔
4201,"یہِ چھِ زِیٛادٕ تَر کارکُنَن باپتھ چھُٹی، بغٲر تِمو یِم کینٛہہ شاپنگ مال چلاوان چھِ یِم نٮ۪صفس دۄہَس  یَلہٕ روزان چھِ ۔
"
4202,سمٲجی  ردعملس كھوُژِتھ ،چھِ تِم وانی ہُند خاندر اكِس زٲنہِ كار سندِس نیچوِس سٕتہِ كرنُك فٲصلہٕ كران ۔ 
4203,اکھ سرجری چِھ یَتھ ویسیکٹومی ونان چھ یُس مانع حملک اکھ طٔریقہٕ چھ۔
4204,برگیسَ نہ مطٲبِق آسہٕ یِم گۄپھہٕ گۄڈٕ بودھ  بھیکھو خٲطرٕ بناونہٕ آمٕژ تہٕ پتہٕ کِس زمانَس منٛز اوس یِمَن پیٹھ جین سنیاسین ہُند قبضہٕ ۔
4205, 11  ہِمہِ گیمہِ منٛز گِیوٗند کرٛیمنِیکن سِسِلِین ڈِفیٚنسُک نجڈار٘ف تبدیلی طریقہٕ ۔
4206,سہ چھ چشتی آرڈر آف ساوتھ ایشیا ہک ساروٕے کھوتہٕ مشہوٗر صوفی سٲد۔
4207,جنگلی میژ چھِ ہمالیہ، مغربی گھاٹ تہٕ مشرقی گھاٹس منٛز پہاڑن تہٕ پہاڑن ہندین ڈھلانن پیٹھ لبنہٕ یوان۔
4208,فلمِ ہٕنز موسیقی چھِ تنشک باغچی، روچک کوہلی، لاؤ، لیجو جارج – ڈی جے چیتاس، منج میوزک – ہربی سہارا، سکھبیر تہٕ کشمرَن بَنٲومٕژ۔
4209,یہ سپیکٹرا ہیلمٹ چھ بٗتھہِ كہِ  زیادٕ بچاو باپتھ وایزرس سۭتہِ لگٲوِتھ ۔ 
4210,نہرون دِژ 1950 کِس دہلِس دوران پارلیٲنی  جموٗرِیَتس، سیکولرازمس، تہٕ سائنس تہٕ ٹیکنالوجیس ترقی،یٔمۍ اکھ جدید قومٕکۍ پٲٹھۍ ہندوستانٕچ کَمان طاقتور طریقہٕ متٲثر کٔر۔
4211,توہہِ  چھِوا پزِ پٲٹھہِ   آبہٕ  سواری منٛز گژھٗن یژھان ییٚلہ زن تم ہفتس منٛز صرف اکہ لٹہ آب بدلاوان چھِ؟ 
4212,"اصل انداز چُھ اِنپُٹ عواملن ہُنٛد تعداد کم تھاوُن تاکہِ نتیجہٕ چُھ غیر یقینی بناون، تہٕ ایڈونچرٕچ ڈگری زیادٕ۔
"
4213,"  وۄں گوٚو، سرواپِتری اماوسیا یا ماتماہاہَس پیٹھ ہیٚکہِ کورِ ہُنٛد نیٚچُو شردھا پنٛنِس عیال کِس ماجہِ ہِنٛدِ ماجہِ خٲطرٕ پیش کٔرِتھ اگر کانٛہہ مرد وٲرِث پنٛنہِ ماجہِ ہِنٛدِس خاندانس منٛز غیر حٲضِر آسہِ۔
"
4214,یو ایٚس اے گۄل کیٖپر ٹِم ہاؤرڈ سٕنٛدِیو ٲٹھو٘ بچاوَو کٔر میٚچ کِس ٲخٕرَس تام زِیٛادٕ تَر میٚچَس منٛز برازیٖلٗك ہملہٕ رٗكاونس منز مدتھ ۔
4215,کارٕبارس کٔریو فون یا تور گژھِیو٘ تہٕ  تمن  ونِیو٘  زِ توہہِ چھِوٕ چیزٕ یا خدمتہٕ نِش ناخۄش ۔
4216,"کیوکی چُھ سایٹہِ خٲطرٕ سسکوُک کلاؤڈ انفراسٹرکچر استعمال کران۔
"
4217,بہٕ چھس امہ ترقی ہنٛز کٔمی سۭتۍ کم ہٮ۪مت محسوس کران یۄس اسہ اتھ ریتس منٛز  علاوٕ گنٛٹہ دِنہٕ باوجود حٲصل كرنہٕ  آیہ ۔
4218,"1M ابرامز گیہ 1980تھس  منٛز M 60پیٹن چہِ جایہِ  امریکی خدمتس منٛز دٲخل۔
"
4219,ریسنگ ورژن تہ اوس کم وقتس خٲطرٕ دٔستیاب ۔
4220,"درحقیقت، چھُ سی سی ایس اے کینیڈا کیٛن بڈین  مسلن نشہ آور چیزن ہنٛدِس غلط استعمالس سۭتہِ شناخت کرنہٕ خٲطرٕ واریاہ زیادٕ ذمہٕ دار۔
"
4221,"اِنسٹا کارٹس نِش چھِ آرڈر ژھانڈنٕکہِ واریہ طریقہٕ، مگر دۄشوٕے چھِ واریَہَن عُنصرَن پیٹھ دارمدار تھاوان۔
"
4222,"یہِ مندر چھُ اوسوال جین برادٔری ہنز اکھ اَہَم زیارت۔
"
4223,پتہٕ روٗد سُہ 1981 پیٹھٕہٕ 1982 تس تام ہاؤسِنگ تہٕ مقٲمی منصوبہٕ بندی ہنٛد وزیر۔
4224,مثلن، پوپ، دلایی لاما، سرپرست وغٲرٕ ہُنٛد دور۔
4225,تمہِ پتہٕ چھکھ واریاہ باقی قسمکٕۍ پارٹیکل ڈیٹیکٹر ایجاد کرمٕتۍ۔
4226,تتھِ سوداہس  منٛز مَہ أژیو یُس نہٕ تۄہہِ پٔزۍ یژھان یا ضروُرت چھٗوٕ ۔
4227,ماہرین آثار قدیمہ چھِ اوڈیسہ کٮ۪ن بالٲئی علاقن  شنکرجنگَس منٛز 20 کُنٛز وول ، احتیاط سان بناونہٕ آمُت پولِش كرِتہ بسالٹ لیتھوفون دریافت کرنٗك اطلاع دِیوُتمٗت، یُس تقریباً 1000 قبل مسیح ہُك چھُ ۔
4228,پنٕنۍ مالیٲتی بیانات کٔرو جمع تہٕ اکھ فہرست بنٲیو یتھ منٛز تہندۍ تمام قرضہٕ شٲمل آسن۔
4229,"تاہم، یہٕ سورُے چُھ قیاس آرائی تہٕ گُمان تیکیازِ وۄنۍ چُھ حال حالٕے  منڈلا کیٛن فوسلن منٛز دلچسپی پٲدٕ گمژ تہٕ تفصیلی سائنسی مطالعہٕ چِھ وُنِہ  تہٕ پَرٕ۔
"
4230,ہالزبرگ چھ سویڈن کس اوریبرو کاؤنٹی منٛز اکھ شہری علاقہٕ ۔
4231,کلبٕکۍ مٲلکھ گژھن نہٕ کُنِہ تِہ اکہ کلبہٕ خٲطرٕ 42.5 ملین ڈالر کھۄتہٕ زیٛادٕ کھسنۍ، ییٚلہ زَن کھلاڑیو  49 ملین ڈالر کھۄتہٕ کم گژھنس نَکار کوٚر۔
4232,سۄ آیہٕ 1959 ٹھس منٛز انڈین نیشنل کانگریسٕچ صدر بناونہٕ۔
4233,نوزُک قدم چھُ اَکھ مُکمل کاربٲرۍ منصوبہٕ لیکھُن ـ
4234,سُہ چھ تٲریخس منز گۄڈنِچ انسٲنی پروازٕچ کوشش خٲطرٕ زاننہٕ یوان ۔
4235,کوکین ہیکو نہٕ امِچہِ عام شکلہ منز  چیتھ ۔
4236,تِم چھِ ایمبولینس ینس تام فون کرن وٲلس  مٗشكِلاتمن  منٛز تہِ مدتھ کران۔
4237,"تۄہہِ پین  پنٛنِس شُرِس متعلق بُنیٲدی زانٛکٲری سۭتہِ سۭتہِ پانس متعلق سوانحی معلومات تہِ ضرورت۔ 
"
4238,توے چھ  وارِیاہن تشخیصن  پٮ۪ٹھ منفی اثر پیوان۔
4239,سامودَرگپتا چُھ وشنوٗیت ماننہٕ یِوان، یِتھ کٔنِہ زَن أمۍ سٕنٛد ایرَن کتبہ سۭتۍ ثٲبت چُھ گٔژِھان تہٕ کٔرِکھ واریاہ برہمَن رسم اَدا۔
4240,امبیڈکر اوس شوُدرن ہِند آریَٲیی  معاشرس منٛز اصلی  کھترییہ  ورنُک حصہٕ سمجھان مگر برہمنن پیٹھ واریہ ظلم کرنہٕ پتہٕ گٔیہِ تِم سمٲجی طور بدنام ۔
4241,یہِ چُھ زیادٕ تر  گاڑیٚن، ہوٲیی جہازن تہٕ برقی نظام بابپ   پُرزَن وضاحت  کرنہٕ خٲطرٕ استعمال سپدان ۔
4242,اتھ سماجس آو بدلٲوتھ آریا سماج (رٕتین ہٗند سماج) ناو تھاونہٕ۔ 
4243,سکوُلٕکۍ  لنچ چھ سیٹھاہ بے٘ مزٕہ ؛ بہٕ چھٗس نہٕ پان یَم كھینہٕ خٲطرٕ انِتھ ہیكان ۔ 
4244,یہِ چھٗ امكان  ز پانڈیا حکمران ویرا پانڈیاہن دیوٗت  چول بادشاہ گندارا دتیہ ہس شکست تہٕ کوٚرٗن آزٲدی ہنٛد دعوا ۔
4245,"جنوبی ریاستہٕ آسہٕ مکمل طور قٲیل ز شمال کر نہٕ غۄلام قونونن ہٕنٛز پٲروی۔
"
4246,"ٹیسٹَن کٔر بی ایس ای ہِنٛز موٗجوٗدگی ہُند تصدیق تہٕ نموٗنہٕ آو برطانیہ لیبارٹری منٛز مزید تجزِیہِ باپت سوزنہٕ۔
"
4247,تٔمہِ زیوُن کونٹریراس تہٕ چٗروٗبسکو کیٚن جنگن منٛز کیپٹن سنٛد بریویٹ درجہٕ ۔
4248,مٗجسمہٕ اگنی مورتی انٛدر چھِ باقی بٗت یِمن منٛز زٕ کلہٕ، سَتھ اَتھٕ تہٕ ترٛےٚ زنٛگہِ شٲمِل چھِ۔
4249,"بدقسمتی کِنۍ  چُھ یہ باسان زِ زیادٕ تر روایتی جنگس پیٹھ مبنی ڈوئی لیان تہٕ یمن ہنٛد تربیتی طریقہٕ چُھ غیب گومُت، خاص طور ہتھیارن متعلق۔
"
4250,تم ٲسۍ نہٕ جنوبی آیرلینٛڈ کس ہاوس آف کامنز کس طورس پیٹھ ملاقات کران کینٛہہ۔
4251,سوٗ اوس 2004  پیٹھہٕ  2009 وس  تام قومی ریجنل رِپرزنٹیٹیو٘ كاون٘سلس منز  سینیٹر ۔
4252,فورٹرن فورٹرن چھےٚ اکھ پروگرامنگ زبان یۄس گۄڑنچہ لٹہ 1950 چہ دہائی منٛز تیار کرنہٕ آمٕژ ٲس ۔
4253,فتح گیہ میر جعفر سٕنٛد پتھ کھسنہٕ سۭتۍ ممکن، یس نواب سراج الدولہ سنٛد کمانڈر ان چیف اوس۔
4254,باقی قسمن مقابلہ  چھ زیادٕہ ایپیڈرمل( ژمہِ) خُلیہ ۔
4255,امہِ سۭتہِ وٗچھِو  تۄہہِ پے ز کہ پٔتِمہِ سرمایہ کٲری پٮ۪ٹھ نفع حٲصل کرنہٕ خٲطرٕ کوتاہ خطرٕ چھٗ دركار ۔
4256,اوراواہن زِیوٗن 2006 جے 1 لیگ تہٕ 2007 اے ایف سی چیمپئنز لیگ منٛز چیمپئن شپ۔
4257,"مانٛنہٕ چھ یوان ز سرٛۄنٛگ ٲس شمٲلی کوریٲیی فوجی حملٕچ اجازت دنہٕ خٲطرٕ بناونہٕ آمٕژ۔
"
4258,مےٚ چھُ پھیران ز مےٚ آیہ نہ کنہ پنٕنۍ پسندیدٕ آیزوڈ ٹی شرٹ یمن تمام سٹورن منٛز اتھِ  یوٕ ییٚلہ بہ  چننے منز سارنٕے سٹورن پیٹھ گوس۔
4259,"اتھ متعلق چھ سہ فیشن ماڈل پٲٹھۍ اکھ فعال کردار ادا کران۔
"
4260,"حالانٛکہِ پابنٛدی چھِ تُلنہٕ آمٕژ، مگر سَتو منٛزٕ پانٛژھ کھلٲڑۍ چھِ نہٕ سِلیٚکشَنٕچ ٲخری تٲریخ گزرنہٕ کہ وجہ سۭتۍ وُنہِ تہِ حصہٕ نِتھ ہیکان۔
"
4261,برینڈو ہٕنٛز پیدائش ٲس 1968 منٛز ڈیٹونا بیچ ، فلوریڈاہس منٛز ۔
4262,کمپنی ہنٛز ترقی ہُنٛد دہن ورین ہنٛد خُلاصک معاینٕہ کَرنہٕ خٲطرٕ چھُ مقابلہٕ یِوان کرنہٕ زٕ پتمین دہَن ورۍین ہُند سالانہ حساب کتاب معاینٕہ کرنہٕ وِز کیاہ اوس امیُک شرح ترقی۔
4263,"ہپوکریٹس اوس گۄڈٕنیُک ییٚمۍ اچانک فالجک مظہر بیان کوٚر یُس اکثر اسکیمیا سۭتۍ وابستہٕ چھُ۔
"
4264,اگر یِم سٲری غٲر حاضرآسن ، تیٚلہِ چھِ ریكہٕ اڈِجہِ ہنز حركت محدوُد كرٕنہِ ضروُری ۔
4265,"مختلف طرزن منٛز چھ مشترکہٕ موضوع تہٕ، یمن اکثر ""خاندان""، ""فِرقہ"" یا ""سکول"" مطابق درجہٕ بٔنٛدی چھ یوان کرنہٕ۔"
4266,"کارٹ انِو٘  مِشیٖنِہِ تام یا تھٲوِو پنٕنہِ ٹوُکٕر مُقرر جایہِ پیٹھ۔
"
4267,ہندوستٲنہِ  آبٲدی واجنین  برطانوی نو آبٲدِین منٛز تُلہِ حکامو، چاہے سپٲہی یا شہری ،   نقل كرِتھ  بغاوتو نِش پنُن پان محفوٗظ تھاونہٕ خٲطرٕ اقدامات۔
4268,تھینالی ،یتھ منز ملیالم اداکار جیارام اوس ،،روُز بکس آفِسس پیٹھ کامِیاب ۔ 
4269,سُہٕ کوٚر بی ای ٹی ایوارڈ آف بیسٹ نیو آرٹسٹ تہٕ جیت۔
4270,تٔمۍ کٔر 1991 پؠٹھٕ 13جون 2008 تام پنٛنس مرنس تام میزبٲنی۔
4271,بیسنک مشرقی بوٚٹھ آو تمہ ساتہٕ بڑاونہٕ ییٚلہٕ گریٹ ڈیویڈنگ رینجچ تشکیل گٔیہ۔
4272,بُش گگُرچھ زیادٕ تر جنوب مغربی آسٹریلیا کین سمندر بٹھین پیٹھ لبنہٕ یوان ۔
4273,"مثلن،توہہِ  ہیٚکِو ؤنِتھ ، ""مےٚ وُچھ جمعہ 4 اگست غیر قونونی تعمیٖر تہٕ یہِ چھِ از، ژندروار، 10 اگستس تام جٲرِی۔""
"
4274,گِل سندین ٲخری ژِہین ہندِ نزدیكی چشم دید گواہن وو٘ن زِ سُہ آو  پٗلیس افسرس  سٕتۍ  گولہٕ باری وِزِ   ڈالٕكۍ پٲٹھۍ استمال كرنہٕ ، ییمہِ گِلس مٗبیعنہٕ طور نرِ گوٗلہِ لگٲو ۔
4275,ضبط کرنہٕ آمٕتۍ گۄڈنکیٚن جہازن منٛز اکہ جہازٕ سۭتۍ گوٚو درحقیقت جنوبس نقصان ۔
4276,بیٚیہ حسابہٕ آسنس دوران ہیٚکہ چکرٕ تہٕ الٹی تہ یتھ، تہٕ اتھ تناظرس منٛز چھ یہ واریاہ عام۔
4277,ییٚلہِ اہلِكارو خرٲبی ہٗند پییہِ لگاونہٕ باپت بندوُق پھِیوٗر ، ہتھیار چلیو٘  ۔
4278,"کوئمبتورس چھ ""پمپ سٹی"" تہ ونان تکیاز یہ چھ ہندوستان کین موٹرن تہٕ پمپن ہندۍ ترٛیو منزٕ دۄن حصن ہُند ضرورت پورٕ کران۔"
4279,امہ زہرک اثر چھ ایکسپوجر چہ وتہ حسابہٕ واریاہ مختلف آسان۔
4280,تمۍ سٕنزِ نانہِ دیوُت تس کُنجپا ناو ۔ ُسو ناو یُس تس خاندانس منز درِتھ گو ۔
4281,گیت ٲسۍ ہاورڈ ایشمن تہٕ ٹم رائسن لیکھمتۍ ۔
4282,نومبر  1819  ہس منز كٕر دوست محمدن پیشاورس پیٹھ مہاراج مہاراج سٖنزحكوُمت  تہٕ سٕتی سالانہٕ اكھ لچھ روپیہ ادایگی قبوُل ۔ 
4283,ڈاکٹر چھٗ ٹیوب دلس منٛز بنٛد خونٕہ چین  رگن تام واتناوان۔
4284,1906 ہَس منٛز، ییٚلہِ سوٗ لگ بھگ   15 ؤہٗر اوس ، تمہِ كو٘ر  نوٕ ؤرِشہِ  کورِ رما بھائی سۭتہِ  خاندر۔
4285,"ریڈ وِنگَن دِژ آز این ایچ ایلَس منٛز گۄڈٕنِچہِ جایہِ واتنہٕ باپت  دۄیہِ لَٹہِ گول کٔرِتھ 4-1 سۭتۍ شِکست   ۔
"
4286,"اَمہِ پتہٕ آیہِ 36 گٲنٛٹہٕ تپھ ییٚلہِ مرمت کرنہٕ آیہِ تاکہِ سۄ ہیکہِ ٲخری مرحلہ پورٕ کٔرِتھ۔

"
4287, تُہُنٛدِ حالَت حِسابہٕ  یٮ۪کہِ امیُوک مَطلَب لۄکٹہِ كھوكھہٕ  پٮ۪ٹھہٕ پوٗرٕ كافی وانس تام واتٗن  ٲسَتھ ۔ 
4288,ٲخٕری سیٹیداہ منٛٹ برٛۄنٛہہ گوٚو سٹھاہ روُد شروع، تہٕ یہِ باسیو٘ آسٹریلیاہس دُبارٕ طاقت دِوان ۔
4289,"یہٕ بنیو 19مہٕ صدی منٛز یورپس منٛز اکھ خاص مسئلہٕ۔
"
4290,برہان پور کس دور جنوب مشرقس منٛز چھ کینٛہہ الگ تھلگ نہالی زبان بولن وٲلۍ لبنہٕ یوان، یم کورکوس منٛز روزان چھ۔
4291,دی بیٹلس تہٕ دی رولنگ سٹونز ٲس اکثر فرنٹ کورس پیٹھ آسان۔
4292,امہ فِلمِہ ہٕنٛز ہدایت کٲری چھےٚ شریف منصوُری سرانوالا ہن کٔرمٕژ ییٚلہ زن اجے گپتا تہٕ جیشری بوتھرا  پروڈیوسر چھِ ۔
4293,"شُمٲلی ہنٛدوستانس منٛز متھرایہِ   أنٛدِ پكہِ  برج خطس منٛز ہیٚکہِ   تیوہار اَکِہ ہفتہٕ کھۄتہٕ زِیٛادٕ وقتس تام جٲری روُزِتھ۔
"
4294,مےٚ چھےٚ خوشی زِ  بِٹ کواین کہ  ییٚمہ ؤریہ گراوٹ برۄنہہ لٲگۍ نہ  تتھ منز  مےٚ پونسہٕ۔
4295,नोकियाहस ति छु  नोकिया सामान खातरहओवी सिटोर ۔     
4296,تٔمۍ کٔر لندنس منٛز 1948 کِس سَمر اولمپکسس منٛز امریکہٕ ہچ نمٲیندگی۔
4297,"1916 ہَس منٛز وردون جنگ ختٕم گژھنہٕ پتہٕ چھنہٕ کانٛہہ تہ ییٚتہ روٗدمت۔
"
4298,"بادشاہَن لیچھِ پانہٕ اكھ رمضییہ  تیلگو نظم،
 امٗكتا ماالیادا۔
"
4299,جینوٹائپ I  گوو شٗمٲلی برازیلیٲیی خطس منز 1908ٹھس اندِ پكہِ  شروع (95 فیصد ساروی کھوتہٕ زیادٕہ پوسٹر ڈینسٹی وقفہ [ایچ پیی ڈیی]: 1870–1936)۔
4300,"ییٚلہِ أکِس ٹچِنٛگ بالہِ نِش دوٗر گِنٛدان چھُ، کھلٲڑِس چھُنہٕ بیٚیِس آبجیکٹ بالہِ ٹاس تراونٕچ ضٔروٗرت۔
"
4301,نیوروجینک بلیڈرس منٛز چھ مٹھر دانۍ خالی کرنٕچ صلٲحیت کم گژھان تہٕ یہ چھ کمبرٕچہ أڑجہ ہٕنٛد زخمٕچ اکھ عام علامت۔
4302,گینز گٗزریو فریڈرک، میری لینڈس منٛز شیشہِ نارِ كہِ کینسر سۭتہِ، 77  وریہہ وٲنٛسہِ منٛز ۔
4303,انسٲنی ترقی ہندس فہرستس منز چھ تلنگانہ ہندوستٲنۍ ریاستن منز 22 مس نمبرس پیٹھ۔
4304,"بغاوت   ""آزٲدی ہُند گۄڈنِکہِ جنگ"" زاننہ ینس چھُنہٕ یہِ ہندوستانس منز تنقید ورٲے۔"
4305,سٹینبرگر اوس اکھ ملحد، تہٕ انٹرنیشنل اکیڈمی آف ہیومینزمک رکن۔
4306,یتھ کٔنۍ چِھ اوڈیشہ کِہ مندر کِس فن تعمیرس پیٹھ ہنٛدۍ متن شلپاپرکشا اوڈیا فن تعمیرس تہٕ مجسمس سۭتۍ متعلق تہٕ اتھ منٛز چُھ اوڈیسی آسن شٲمل۔
4307,تٲریخ دانن تہٕ جینیٲتی مٲہریٖنن چھنہٕ فی الحال پے ز مالٹیٖز لوٗکھ کتہ پٮ۪ٹھ چھ آمٕتۍ۔
4308,"لیتھوے چھُنہٕ صرف ہیڈ بٹ استعمال کرنُک اِجازت دِوان بلکہِ دراصل چھُ اتھ پٮ۪ٹھ زور دِوان، تہٕ لڈن وٲلہِ چھِنہٕ کانٛہہ اتھہٕ پنجہِ  لاگان۔
"
4309,گٗجراتس کُن پیش قدمی  دوران چھِ  غٗرید  فوج  چاہمانہ سلطنتكہِ  مغربی سرحدٕ کِنہِ گٗزرِیومٗت باسان ،   ییمِچہِ شہادت وارِیاہن مندرن ہندِ  تباہ سپدنہٕ تہٕ  بھٹی حكوُمتس تل  لودھرٗوا مِسمار سپدنہٕ سٕتہِ میلان چھے٘ ۔
4310,امہ سۭتۍ میلہ نہ صرف تۄہہ وقت گزارنس منٛز مدد بلکہ روز ینہٕ والین ؤرین یاد کرنہٕ خٲطرٕ اکھ اصل یاد گار تہ۔
4311,پلاٹل کلک چھ اکھ آواز یس کٮ۪نٛہن بولنہٕ ینہٕ واجنٮ۪ن زبانن منٛز استعمال گژھان چھ۔
4312,یہِ ہٮ۪کو آزاد شکلہِ منٛز حرفَن پٮ۪ٹھ گٮ۪وِتھ، یتھ صوٗرتس منٛز  اَتھ راگ الاپ  ونان چھِ ۔
4313,بیرم خان گوٚو ٲخر نوابن پیٹھ غٲلب گژھنَس منٛز کامیاب، تاہم، تہٕ آو یہٕ طے کرنہٕ زِ مغل کٔرِ پنجابس منٛز ساری کھوتہٕ مضبوٗط سُر حکمران سکندر شاہ سوری یَس خلاف مارچ۔
4314,اتھ برابری منز ہیكن بدلن وٲلہِ مندرجہ ذیل پٲٹھ واضح كرنہٕ یِتھ : 
4315,"ووگٕکۍ ایسوسی ایٹ ایڈیٹر چارلس گینڈین ووٚن ز زیٛادٕ قۭمتن تہٕ خراب رٔوین ہنٛد اوس سپر ماڈلن ہٕنٛدس زوالس منٛز کم حصہٕ۔
"
4316,"ابراہیم گوو اللہ سٕنٛزِ مرضی مطابِق پیش کرنہٕ تہٕ پنُن نیٚچُو اللہ سٕنٛدِس عقیدس تہٕ اطاعت پٲٹھۍ ذبح کرنہٕ خٲطرٕ تیار۔
"
4317,وۄنہِ گوٚو ، ژھیٹھ چھٗنہٕ پٔتمیو کینژو دہلیو پیٹھہٕ مشروُباتن منز آسان ۔
4318,کملٕچ نسل ٲس نہٕ سہل پٲٹھۍ لبنہٕ یوان، لہذا گوٚو بھیما پوش ژھانٛڑنہٕ خٲطرٕ تہٕ گوٚو کبیرا سٕنٛدس محلس منٛز۔
4319,"اگر یہِ واریاہ زیوٗٹھ آسہِ، تیٚلہِ ہیٚکن اوٚنٛگجہِِ وایٗن  مُشکِل بنٲوِتھ ۔
"
4320,یوتھیڈِیمس اول اوس ، پولِبِیس نہ مطابق  اکھ میگنیشیایی یونٲنۍ ۔
4321,مہا شیوراتری چھ کونارک، کھجوراہو، پٹادکل، مودھیرا تہٕ چدمبرم ہوین اہم ہیندِ مندرن منٛز سالانہٕ رقص تیوہارن  خٲطرٕ بطور  فنکارن ہنٛد توٲریٖخی سنگم  کٲم كران ۔
4322,"نیوکومب بال چہِ  كٗنہِ وِزِ  چھِ کُنہِ ساتہٕ ""نیوُک ایم"" بال تلفٗظ تہٕ ہیجہِ كڈنہٕ یوان ۔
"
4323,واریاہ کَتھ باتھِ تہٕ مشورٕ  پتہٕ، تہٕ ہِنٛدُستٲنۍ فوجہٕ دٔسۍ حملو پتہٕ، خانن کوٚر پٲکِستٲنہِ فوجُیین ہٗند  زوٗو بچاونہٕ خٲطرٕ جنٛگ بنٛد کرنُک فٲصلہٕ۔
4324,انوریکسیا یا بلیمیا ہوٮ۪و کھؠنہٕ چین بیمارین ہند وجہ سۭتۍ ہیٚکہ وزن نمایاں طور کم گٔژھتھ۔
4325,سۄ ٲس ٹینسس منٛز اہم تہٕ کٔرٕن زنانن ہنٛز آواز منٛز مدد ۔
4326,"سُوٛ گوو 8 وٕری ہٕنٛدس عمرس منٛز شعر لیکھنہٕ تہٕ گیٹار بجاناں شروع۔

"
4327,پولیس اوس نہٕ کٲنٛسہِ تہٕ قۭٲدِس 24 ہن گھنٹن اندر اندر  عدالتی مجسٹریٹَس برونٛہہ کنہِ  پیش کرنٗك  پابند ۔
4328,بہٕ اوسسے بٔلۍ ٹھٹھہٕ كران ۔ اکہ لٹہِ چھٗس  بہٕ چٲنۍ  کارکردگی سۭتۍ  خۄش  گومت۔(ٹیچر)
4329,"آوسٹرٛی جھیٖل چُھ تامِل ناڈوٗ رِیاست، مركزی زیر انتظام علاقہٕ پُدوٗچیری منٛز اَکھ جیٖل۔
"
4330,ڈاکٹرَو کٕرِ لٗكن  ہٕنٛزِ باخبر رضامٔندی بغٲر، فوجیَن، طوائفَن، قٲدٮ۪ن تہٕ دٮ۪ماغی مٔریٖضَن سیفلِس تہٕ باقٕیہ جِنسی طور مٗنتقل گژھَن وٲلہِ انفیکشنَ، تہٕ کوٚرُکھ زیادٕ تر لٗكن اینٹی بائیوٹکس سۭتہِ یلاج ۔
4331,ییلہِ تِمو٘ مایكرو فاینانس پرجیكٹ باپتھ پنٕنہِ منصوبہٕ بناونہٕ شروع كو٘ر یٗس كِوا بنیو٘ ۔
4332,2000 چہ مردم شمأری منٛز ٲس آبادی 901 تہٕ 2010 چہ مردم شمأری منٛز 647۔
4333,اوہ نہٕ  ۔ تمو کوٚر اَسِہ یہ یاد پاونہٕ  خٲطرٕ فون ز ٹیکس جمع کرنُک تٲریخ چھ تیزی سان نزدیک یوان۔
4334,"أمس میوٗل 2018 ہس منٛز لیجن آف آنرک گرینٛڈ کراس۔
"
4335,واریاہ بدامی سِکہ چھِ لبنہ آمٕتۍ یمن پیٹھ کنڑ روایتن کُن اشارہ چھِ۔
4336,یِہ اوس از تام بناونٕہ   آمُت ساروٕی کھۄتہٕ اہم فوجی آتشی ہتھیارن منٛز اکھ ۔
4337,ریاستس منز ثقافت تہٕ روایت کہ تحفظ کہ مقصدٕ  چھےٚ اضٲفی سرکٲرۍ زبانن منز گرونٛگ، لمبو، مگر، مکھیا، نیواری، راے، شیرپا تہٕ تمانٛگ شٲمل۔
4338,"پریری ہون چُھ زیادٕہ تر سبزی خور ، حالانکہ یہٕ چُھ کینٛہہ کیٚمۍ کھیٚوان۔
"
4339,یہِ آو جولائی 2009 کس شروعاتس منٛز بطور آئی ٹیونز خصوصی ایی پی اجرا كرنہٕ ۔
4340,امِیوٗك درجہٕ چھٗ بڈاوِتھ  بین الاقوامی ہوٲیی اڈُک بناونہٕ   آمُت۔
4341,تاہم مشہور عہدٕ تھون وٲلۍ گرہارڈ شروڈرن زیون ۔
4342,"لفظ  ""پوین٘ٹ "" مطلب اوس ""نوٹ "" ۔"
4343,21 اگست2008 چُھ2008 اولمپِک چِہ کھیلن ہنٛد 12 ہم اہم دۄہ۔
4344,کینیا چِہ آزٲدی برٛونٛہہ ٲس ٲٹھَن ؤریَن ہٕنٛز ماو ماو بغاوت، یَتھ منٛز ساسہٕ بٔدۍ مَشکوک بٲغی نوآبادیٲتی حکومَتَن حِراستی کیمپن منٛز قید کٔرۍ۔
4345,ٹیزر تہٕ پروموشنل پوسٹر آیہ برٛونٛہہ کین ریتن منٛز جٲری کرنہٕ ۔
4346,یہٕ اوس 1947 منٛز اکادمی ایوارڈ خٲطرٕ نامزد کرنہٕ آمت۔
4347,"غزاہَس  چھُ گرم نیم خۄشٕک آب و ہوا، یَتھ منٛز ہلکہٕ ونٛدٕ تہٕ خۄشٕک گرم رٮ۪تہٕ کٲلہِ  چھِ ۔
"
4348,یہٕ اوس 1982 منٛز نیشنل رجسٹر آف ہسٹورک پلیس منز شامل ۔
4349,تمہِ سٕندِ  چینی شاگرد ، ہوییک تہ اوس اکھ اعلی تربیت یافتہ مارشل آرٹس  مٲہر ۔
4350,2014 پؠٹھٕ 2020 ہس تام ٲس سۄ سویس نیشنل چیمپین شپن منٛز میڈل یافتہٕ۔
4351,پننہِ صٲرِف صندٕ استعمال کٔرتھ کٔریو پننِس ایپس منٛز لاگ ان۔
4352,1984 پٮ۪ٹھٕ 2002 تام اوس موہارٹ آسٹریا فٹ بال ایسوسی ایشنُک صدر ۔
4353,دوہس منز چھِ پتہٕ كٗمبہٕ ضِیافتن ہٗند مزٕ تٗلان ۔ 
4354,أمہِ سٕنٛزِ زِنٛدگی ہِنٛدِ  أمہِ  نسبَتن پُرسُکوٗن تہٕ ڈنٛجہِ  وقتن دیُت خُرمس مغل دربارس منٛز پنُن حیمایتی سو٘تھٗر بناونُک موقعہٕ، یُس أمہِ  سٕنٛزِ زِنٛدگی منٛز برونہ كٗن  فٲیدٕ منٛد روزِہے ۔
4355,یورینری ٹریکٹک انفیکشن چھ زنانن منٛز مردن ہٕنٛدس مقابلس منٛز ژور گنہٕ زیٛادٕ آسان۔
4356,دۄن ٹیسٹن ہنٛد پاکستان کس دورٕ کس نتیٖجس منٛز گٔیہ مزید زٕ ڈرا، یتھ منٛز گواسکرن 40 پیٹھ 120 رنہٕ جمع کٔر۔
4357,مارمالا آبشار چھُ اکھ آبشار یُس زِ کوٹائم ضلعہٕ، کیرالہ، ہندوستانَس منٛز اراتوپیٹا پیٹھٕ کینٛہہ کلوٗمیٹر کِس فٲصلَس پٮ۪ٹھ واقع چھُ۔
4358,اکھ طریقہٕ یتھ منٛز نشہ آور چیزک غلط استعمال فنکارس (خاص طور پٲنٹھ موسیقارن) خٲطرٕ نقصان دہ چھٗ ، چھٗ  یہٕ ز اگر غلط استعمال گژھن وول  چیز چھٗ خٲہش كو٘رمٗت ۔
4359,سی بی ایس پروگرامَن چَلو ژٔنٛدٕروارِ دۄہ فلوریڈا تھیم پارک والٹ ڈِزنی ورلڈَس منٛز ٹائیگرٕکِہ واقعس مُتعلِق اکھ حِصہٕ، یَتھ پیٹھ پتہٕ کمپنی ہٕنٛدۍ أکۍ بلاگَن تَنقید کوٚر۔
4360,اتھ چھ ارون ویلی لائنِہ پٮ۪ٹھ اکھ ریلوے سٹیشن ۔
4361,"2010 ہس تام ٲس کیرول کاؤنٹی 110,000 فردن  ہنز آبادی   ۔"
4362,ییٚلہ واریاہ کالس بند روزنہٕ پتہٕ بجلی  بحال کرنہٕ آیہ  مےٚ آیہ نہٕ پژھ۔
4363,مثالہ پٲٹھۍ تُہۍ کٔرِو آتھوارِ پیٹھ برِیسوارِ تام کٲم، ییلِہ زن تُہند سٲتھی بوموارِ پیٹھ بٹوارِ تام کٲم کرِتھ ہیٚکہ۔ 
4364,یِہ وننُک چُھنہٕ کانٛہہ وجہہ زِ سیانا سُنٛد پرُن چُھ غلط۔
4365,مےٚ ووٚن اکھ لۄکٹ ترمیم كرنہٕ باپت ، نہٕ کہ مکمل بینک اکاونٹ كڈٗن ۔ یہ چھ پریشان کرنہ  کھوتہٕ زیادٕ۔
4366,اتھ منٛز چھ اوڈنٹوبلاسٹک ٹرانسڈکشن تھیوری، نیورل تھیوری تہٕ ہایڈروڈاینامک تھیوری شٲمل۔
4367, تٔمۍ وچھ فصلن ہٕنٛد قیمتس منٛز اتار چڑھاؤک اثر تہنٛدس خاندانس پیٹھ، یتھ منٛز موسم تہٕ کیٚمۍ سۭتۍ فصلہٕ سۭتۍ سۭتۍ آمدنی تہ تباہ گژِھنۍ شٲمل چھ۔
4368,بییہ طرفہٕ چِھ نارٕچ اکھ قۄربان گاہ ہاونہٕ آمٕژ ۔
4369,بیٛاکھ اکھ وتھ چھِ  سرگمَس منٛز بول بانٹ ہِوِ  اصلاح استعمال کرٕنہِ، تہٕ کینٛہہ خیال گلوٗکار چھِ متنٕکۍ حرَف گٮ۪وان۔
4370,"کینٛہہ لوکھ ٲسہ أمہ سٕنٛز یادک احترام کرنہٕ خٲطرٕ برٛۄنٛہہ كٗن آمٕتہِ ۔
"
4371,یہ لۄکٗٹ ماز خور چھ لبنہٕ ینہٕ والیو قدیم ترین ڈایناسورو منٛزٕ اکھ ۔
4372,آیرش ڈانس پرفارمنس وٕچھتھ درٛاو مےٚ دۄہ اصٕل۔
4373,لیونٛتَس مَنٛز، تِم نوٲدِرات یِم تیرن ہندِ ڈینڈٕ سیو٘د كرنٕكہِ آسن ، ٲسہِ  نیتوفِیایی شقافتہٕ برونہہ كٗن زاننہٕ آمٕتہِ ۔
4374,نومبر 2014 ہس منز کٕر باکھیونن S.M منز شرکت شُروع ۔
4375,منی پور کین بادشاہن نِش اوس پننِس کانگلہ قٕلعہٕ کِس فصیلس منٛز اکھ شٲہی پولو میدان۔
4376,یہِ آو پتِمہِ  اہم صوُرٕژ  ،  آیہ او ایس 6 بدلہٕ  ۔
4377,تٔمۍ چِھ جنوبی کوریا  چہِ  قومی ٹیم خٲطرٕ بطور مڈفیلڈر یا سٹرائیکر گِنٛدمُت ۔
4378,تو٘ہہہ ہیٚکو پلو٘ بدلاونہٕ كِس كمرس منٛز روٗزتھ تہٕ ترٛیٚیہ طرفہٕ لاگنہٕ آمتٮ۪ن شیشن ہنٛد فٲیدٕ تہِ تٗلٗم یژھِتھ  تہٕ چیز مٗختٔلف زٲویو وٗچھِتھ ۔
4379,یہ اوس تمۍ سٕنٛد مٲم ییٚمۍ وچھ ز یہ شر اوس نہٕ سنیل تکیاز أمۍ سٕنٛدس کنس نزدیٖک اوس تمۍ سٕنٛد زینہ نشان۔
4380,برسٹل، لیورپول تہٕ لَندنَس منٛز ریجِسٹرٕڈ جہاز ٲس برطٲنوی غلام تِجارتُک زیادٕ تر ذِمِہ دار۔
4381,یمو ورٲے چھ ریاستس منز قومی اہمیت کین خصوصی ادارن منز AIIMS بی بی نگر، IIT حیدرآباد، تہٕ NIT ورنگل شٲمل۔
4382,آیہ زڈ اے آر سی چھٗ  بطور آیہ زڈ اے آر سی 2 گو  نٲوِ پورٹیبل ایپلیکیشن  تہِ دٔستیاب ۔
4383,انسٲنۍ کلہٕ کھاپٔرتہٕ انسٲنۍ نرِآسہٕ گۄپھِہ ہندِس گلِس الہٲنزٕ ۔
4384,سُہ گزریو 1 جنوری 2021  منٛز 73 وہر وٲنٛسہ منٛز ۔
4385,ایکسموتھ چھ ڈیون ، انگلینڈس منٛز  اے376 سڑکہ پٮ۪ٹھ اکھ قصبہٕ ۔
4386,کینٛسَرٕچ اَکھ نِشٲنی چھےٚ یہِ زِ كھلِیہ چھِ قوبوُ روستٗیہ  تقسیٖم گَژھان ۔ 
4387,"1980 تن ہندین  ٲخری ورین  منٛز آیہِ میٛانمارس منٛز فوجی تاناشٲہی قٲیِم کرنہٕ۔
"
4388,راجا رام، تمہِ سٕنز زنانہٕ جانکی بائی تہٕ موج سویرا بائی آیہ قید کرنہٕ ۔۔
4389,یہٕ نظریہ چھ فطرتس منٛز کنہٕ حدس تام مبہم تہٕ ونیک تام چھنہٕ یہ ختٕم آمت کرنہٕ۔
4390,اکھ آٮٔی ڈی ای چھ اکثر ترجمہٕ تہٕ مرتب کرن وٲلس  سۭتۍ یوان ۔
4391,تم چِھنہٕ روحٕچ حقیقی فِطرتٗك حصہٕ تہٕ صرف تمہِ وقتہٕ پٲدٕ گژھان ییلہِ روح غلط عقیدٕ کس حالتس منٛز آسہِ ۔
4392,"یہودی لوٗکن ہُنٛد خیال چُھ زِ بطورِ قوم چِھ تمن ہنٛز تٲریخ ابراہیم نہ پیٹھٕ شروع گژھان۔
"
4393,امبیڈکرس ٲسٕکھ  ساؤتھ بورو کمیٹی برٛونٛہہ کٔنۍ گوٲہی دینہٕ خٲطرٕدعوت دِژمٕژ  ،یو٘سہٕ  گورنمنٹ آف انڈیا ایکٹ 1919 تیار  کران ٲس ۔
4394,اکی کیتی یا سومی کک فائٹنگ چھ اکھ روایتی جنگی کھیل ییمیک آغاز سومی ناگاہن منز سپُد تہ چھُ عملہ منز۔ 
4395,"تُہۍ ہیٚکِو سٹاکَن تہٕ بانڈَن منٛز انفرٲدی طور مٔلۍ ہٮ۪تھ یا میوچل فنڈ ذریعہٕ مٔلۍ ہٮ۪تھ سرمایہ کٲری کٔرِتھ۔
"
4396,یہ پروپیگنڈہ چھ تنازعہ جٲری تھونس تہٕ پھٔہلاونس منٛز مدتھ  کران ۔
4397,امیٗک مطلب چھٗ  ز ِتو٘ہہِ كریو٘  قۭمتھ بدلنس قطع نظر پرٛیتھ ریتہٕ یکساں رقمٕچ  سرمایہ کٲری ۔
4398,لہذا ، ہیٚکہ زیادٕ کھۄتہٕ زیادٕ سود حٲصل کرنس منٛز مدد کرنہٕ خٲطرٕ سی ڈی اکھ بہترین سرمایہ کٲری ہنٛد ذریعہ ٲستھ۔
4399,سہ اوس 86  وہر، سہ آو بیلو قبرستانس منٛز دفن کرنہٕ۔
4400,بوسنیا تہٕ ہرزیگووینا قومی ٹیمٕکہِ منیجر، سفیٹ سوُسکَن وو٘ن سیاستَس پٮ۪ٹھ مُطالبہٕ پوٗرٕ نہٕ گژھنُک الزام كھاران   فیفا فٲصلَس خٕلاف ۔
4401,"کٮ۪نٛہہ موسیقی چھےٚ اکثر رٍصہٕ ورٲے کنسرٹ ہالس منٛز پیش یوان کرنہٕ۔
"
4402,أتھ دوران  چھ سوچی اعلان کوٚرمت ز سوچی منٛز مقاماتن پیٚٹھ تعٲمیرٕچ پیش رفت یی آن لاین پیش کرنہٕ۔
4403,سۄ ٲس 2007 تہٕ بیٚیہِ 2011 ہس منٛز کنفیڈریشنٕچ صدر۔
4404,19مہ صدی کِس گۄڈٕنِکِس نصفَس منز چھُ آسٹریلیا کین مختلِف حصن منز 'فٹ بال' کھیل گندٕنٕک محفوظ شُدٕ ثبوٖت موجود۔
4405,دۄنوے زنگہ تہٕ کوٚٹھۍ چِھ اتھ کتھہ کُن اشارہ کران زِ جِسم چُھ سیود بۄن کُن کم گژھان ۔
4406,کارنیئرس کارنیئرس چھ شمٲلۍ فرانس کس شہرس منٛز اکھ کمیونٹی ۔
4407,2009 ہس منٛز کٔر ٹریکن پنٕنہِ گۄڈنچہِ سٗپرلیگ فارمولہ تقریبہِ ہنز  میزبٲنی ۔
4408,"شولے ہس مِیوُل 2005 ژس منٛز 50 ہِمِس فلم فیئر ایوارڈَس منٛز اکھ خاص ایوارڈ : 50 ہن ؤرِیَن ہٕنٛز بہتٔریٖن فلم ۔
"
4409,ییٚلہ تم کم آکسیجن والٮ۪و علاقو مٔنٛزۍ گزران چھ زیادٕ تر سیلہٕ چھ یہٕ شکل اختیار کران۔
4410,یہ بٲتھ آو 1972 منز لاس اینجلس کس أکس نامعلوم ریکارڈنگ سٹوڈیوس منز فلماونہٕ ۔
4411,چتورنگا اوس 8×8  چكہٕ ورٲیہِ  بورڈس پیٹھ گِنٛدنہٕ یوان، یتھ اشٹاپدا ونان چِھ ۔
4412,مؤت چھُ شہنشاہن تام پیٹھ پردٕ تر٘اوان ، یہِ چھنہٕ کانٛہہ بےٚ عزتی۔
4413, پُلسن ووٚن  تِم چھ وٕنہ تہ تحقیقات کران تہٕ تمو دژ نہٕ ماملس مُتعلق مزید تفصیٖل۔
4414,اینٹی سایکوٹک دوا چھ أمس نفرس بیٚیہ سایکوسسک تجربہٕ کرنک خطرٕ واریاہ کم کران۔
4415,"اِوینٹٕچ شروٗعات آیہِ کووڈ-19 کہِ وجہ سۭتۍ 2021 تام مُلتوی کرنہٕ۔
"
4416,واریاہ مطالعہٕ چھ یہ ظٲہر کران ز گلایفوسیٹ چھ انسانن سمیت جانورن خٲطرٕ خطرناک۔
4417,تمو کوٛر یہٕ پورٕ میلوڈی اکھ گیتہٕ بناونہٕ خٲطرٕ لکھنہٕ۔
4418,اُلٹ كرنس منز چھٗ سرمایہ كار سٕندِ باپت وارِیاہ خطرٕ ۔ 
4419,"مغربی آسٹریلیا كہِ  جرٲیمن ہندِس   قونوٗنَس تحَت ہٮ۪کہِ جورِ ہُنٛد جاداد ریاست ضبط کٔرِتھ ۔
"
4420,"حالانٛکہِ ٹیبل ٹینس کھلٲڑۍ چھِ پننِٮ۪ن جال بیٹَن مُختٔلِف طٔریٖقَو  تھپ کران، یِہنٛز تھپ ہٮ۪کَو دوٚن بڑٮ۪ن طٔریٖقَن ہِنٛدِس گروپس منٛز تقسیم کٔرِتھ، پین ہولڈ تہٕ شیک ہینڈ ۔
"
4421,"13 اکتوبر 1987 تمۍ سٕنٛدِس بٲیِس اشوک سُنٛد 76 ہِم زا دۄہ، مُود سُہ شامَس 4:45 بجہِ بمبیہِ منٛز دِلُک دورٕ پینہٕ سۭتۍ ۔
"
4422,یہِ سپٕز اکھ سیٹھاہ موثر حکمت عملی ثٲبِت ، تہٕ  اورنگ زیب سندِیو جنرلو ہِیوٚک نہٕ مراٹھا علاقہٕ ترین ورِین دوران زینِتھ ۔ 
4423,اینسمبل سٹوڈیوز اینسمبل سٹوڈیوز اوس اکھ ویڈیو گیم ڈویلپر ۔
4424,بارب اینڈرسن، اکھ بگ تھامسن وادی ہنٛد بسکیٖن، اوس سہلاب کین شکار گژھن والین پیٹھ تحقیق کران تہٕ اوکلاہوما شہر، اوکلاہوما ہس منٛز ملیوٚو ڈیرل جانسن زندٕ تہٕ وارٕ پٲٹھۍ۔
4425,یِم لوُکھ علم كیمیات  پرناوان چھِ ،  چھِ کیمسٹری ہنٛزِ تعلیمہِ ہنز وضاحت پننیو عملو٘ سۭتہِ  کران ۔
4426,ویکی وایج: ویکی وایج چھ ویبس پؠٹھ اکھ مفت سفر تہٕ سیاحت گایڈ۔
4427,لاوا چھ جلدی تٕرنان، تہٕ چھ باقین قٕسمن ہٕنٛدۍ کنہ پل بناوان یتھ کٔنۍ ز بیسالٹ۔
4428,باسان چھُ زِ  ہیلنی دنیاہس ستۍ رِشتہٕ آسِہا موریہ سلطنت کہِ آغاز پٮ۪ٹھے شروع گومُت۔
4429,روٲیتی طور  چھےٚ  لڑٲیہ أکس دٲیرس منٛز کرنہٕ یوان ۔
4430,یہ جھیٖل چھِ بطور  سیاحن ہنٛزِ دِلچسپی  تہٕ ریتہٕ کٲلہِ جاے  مقبوُل ۔
4431,ٹِریس عنصر-اکھ ٹریس عنصر چُھ صرف أکِس لۄکٹس مٮ۪قدارس منٛز موجود۔
4432,توے چھ یہ پرییتھ ؤرِیہ  گریگورین کیلنڈرس منٛز اپریل کس وسطس منٛز14 یا 15  اپریل  یوان۔
4433,گر٘یوز بیمٲرٕ گژھِ  تقریبا 0.5% مردن تہٕ 3% زنانن منٛز پٲدٕ ۔
4434,پنجایبِس منز چھِ وصیح تعدادس منز ہفتہٕ وار ، پچھہٕ وار  تہٕ ماہانہٕ جریدٕ شایع سپدان ۔ 
4435,کونکن ریلوے لٲن، یوٚسہٕ  1990 کِس دٔہلِس منٛز بناونہٕ آیہِ چھے٘ مغربی سٲحِلس پیٹھ  مٗتوٲضی پكان  اہم شہرَن رلاوان ۔
4436,"اکُلَم بوٹ کٕلب، یُس اَکُلَم جیٖلس پیٚٹھ ناو چلاونُک تہٕ شُرین خٲطرٕ اَکھ پارٕک پیش چُھ کَران، چُھ تھیٖروٗوَلمس نزدیٖک سَیاحَن ہِنٛدۍ خٲطرٕ اَکھ مقبول جاے۔
"
4437,امہ حسابہٕ چُھ تِلگۄگُل پن تِہ ونٛدس منٛز تیار کرنہٕ یوان۔
4438,بیٹا چُھ ماضی چہِ  کارکردگی ہنٛد استعمال کران، تہٕ ہیٛکہٕ نہٕ  مستقبل کین  نتائجن ہنٛز پیشین گوُئی  کرتھ ۔
4439,شُمٲلی ہِنٛدُستٲنہِ خانٛدرن منٛز چھِ ماہرینہِ تہٕ ماہرازٕ سَتھ قدم  پوُرٕ کرنہٕ پتہٕ مندرجہ ذیل  لفظ ونان ۔
4440,اتہِ چھِ واریاہ قدیم  منٛدر، ونن ہٕنٛزٕ ركھہٕ ، قومی پارکہٕ، پہٲڈی  مقامات تہٕ بالہٕ تینٛتٲلہِ  یم وارِیاہن  سٲلانٮ۪ن پانس کُن متوجہ کران چھِ ۔
4441,فاسجین چھٗنہٕ عام طور فورن  پَنٕنۍ بدترین اثر پٲدٕ کران ۔
4442,لکھنؤ، کانپور، وارانسی، الہ آباد، آگرہ تہٕ نوئیڈا ہوین بڑین شہرن منٛز چھِ 32 پرائیویٹ ایف ایم سٹیشن دستیاب۔
4443,سائڈٕچ بال واپس وۄٹھ تُلناونہِ  چھُ اکھ معیٲری حربہٕ۔
4444,واجپای ین کٕر پٲکِستانس سۭتہِ کَتھ  باتھِ ہُنٛز  پَہل تہٕ دِژٕن پٲکِستٲنہِ  صدر پرویز مُشرَفس آگراہس منٛز مُشترکہ سربَراہ اِجلاسٕچ دعوت۔
4445,"تٔمۍ زیوٗن 2016-17 کے این وی بی کپ ڈچ ایریڈیویسی (ڈچ لیگ) کلب ایس بی وی ویٹیسس سۭتۍ۔
"
4446,"کایلی فیور 2002 اوس آسٹریلوی گلوکار کایلی منوگ سنٛد سٔتم گٮ۪ون محفلہ ہنٛد دورٕ۔
"
4447,"دی بیٹر بیٚزنیٚسس نِش چھِ پوٗرٕ امریکہ ہَس منٛز ساسہٕ بٔدین  کارٕبارن مٗتعلق زانکٲرِی۔
"
4448,پارکہِ ہنٛد شمٲلی، وسطی تہٕ مشرقی حصہٕ چھِ قدرتی گاسہٕ میدان تہٕ شولا جنگلن ہنٛز رنگارنگ وسوٕنین پہاڑن ہنٛد سِلسِلسہ بناوان۔
4449,یہ آیہ 1949 ہس منٛز شروع کرنہٕ  پتہٕ  لچھن وادن  منٛز کٕنٛنہٕ ۔
4450,اَمہِ پتہٕ اپنوو یہِ ہندوستانَس منٛز باقی جمٲژو  تہٕ گوٚو  باقی ورۍین مزید مقبول سپدان۔ 
4451,چیبا چھ شیٚیم ساروی کھوتہٕ زیادٕ آبادی وول پریفیکچر ، تہٕ زمینی رقبک لحاظ سۭتۍ چھ 27 ہم ساروی کھوتہٕ بوٚڑ ۔
4452,تمہِ برٛونٛہہ ٲس سۄ ایوان زیریں پارلیمنٹچ سپیکر۔
4453,شِشناریوُك  کینسرگژھَن والیٚن لوٗکَن ہٕنٛدِ  بَڈ  اکثریتن چھُ واریاہَن وریین تموك چومُت آسان ۔ 
4454,یہ چُھ  تیلی عملی اگر تو٘ہہِ  بس مٕنزِِ مٕنزِ  کاسٹکو خریدٲری كرنہِ گژھٗن یژھان چھِوٕ ۔
4455,مےٚ گیہ مایوٗسی ییٚلہ نہٕ مےٚ 15 اگستس پیٹھ چننے پیٹھٕ دلہ تام تمام ٹرٛیننو  منزٕ کانٛہہ تہ ٹرٛین ٹکٹ دٔستیاب ٲس۔
4456,خُندرُکپَم-خُندرکپم چُھ اکھ میتی مٔنی پوری کنیت یا خاندٲنی ناو یُس ہنٛدوستٲنۍ اگرٕ چُھ۔
4457,وۄنۍ گوٚو، مریم روٗز صلیبس سۭتۍ کھڑا تہٕ ییٚلہ عیسی گزریو سۄ ٲس أمس سۭتۍ۔
4458,کمپنی چِھ فوربس گلوبل 2000 لسٹس منٛز نمبر 131 پیٹھ درجہٕ بندی ۔
4459,پروپیگنڈا چُھ کُنہِ نقطہٕ نظرٕ خاطرٕ یا خلاف تقریر خاطرٕ بیاکھ اکھ ناو۔
4460," 
 ٢٠٠٥تام، أس کمپٔنی وَیٛاکم ناوٕ کِنۍ زاننہٕ یِوان ـ "
4461,خفیہ یا خفیہ شیزویڈز چھ سمٲجی کتھ باتھ تہٕ نیٔبرمس دنیاہس منٛز سرگرم۔
4462,مسترم (ترجمہٕ شوٚد نفر) چھ اکھ 2014  ہٕچ ہندوستٲنی ہندی زبٲنۍ ہنٛز سوانحی فلم ییٚمچ ہٮ۪دایت کٲری اکھلیش جیسوالن ٲس کٔرمٕژ، تہٕ اتھ منٛز ٲس راہل بگاہن تہٕ تارا علیشا بیری اداکٲری کٔرمٕژ۔
4463,تشخیصچہِ پیشن گوُیی چھِ زخمٕچ سطح تہٕ مٗكملیت ، یو٘سہٕ ایشیا خرٲبی ہندِ پیمانہٕ سٕتہِ میننہٕ ییہِ ۔
4464,وۄنگو، بالادِتیہ سٕنٛدٕ مرنہٕ پتہٕ كھ٘وت دُرلبھ وردھن أکِس وزیٖر سٕنٛدِ مدتہٕ سۭتۍ تختس ، تہٕ کوٚرُن دیو مالٲیی ناگ رازٕ کارکُٹ سٕنٛدِ خاندانٗك آسنُک دعویٰ، تہٕ كورٗن كاركوُٹ شٲہی  خاندان قایِم ۔
4465,"تٔمۍ گینٛد 1980 کس سمر اولمپکسٕچ اہلیتس منٛز تہٕ 1982 کس ورلڈ کپ کس اہلیتس منٛز۔
"
4466,یہِ بنٛڈ چُھ 55 ہیکٹر کِس رقبَس پیٹھ پٔھہلِتھ یَتھ منٛز جنٛگلَن، دٔریاوَن، جیٖلن تہٕ وادِین ہُنٛد احاطہٕ چُھ۔
4467,"رمیٹایڈ آرتھرائٹس، ٹوفاسیٹنیبٕچ دوا چھِ وِٹِلِگو کِس علاج خٲطرٕ آزمٲٮٔش کرنہٕ آمٕژ۔
"
4468,ہندو روُحٲنی ٹرینوک گوہاہن چھُ امہِ  دۄہ تِہِنٛز زندگی تہٕ تعلیمات یاد کرتھ احترام کرنہٕ یوان ۔ 
4469,ڈیوڈ شینکبون: تۄہہِ کٔمہِ كٕر گۄڈٕ یتھ كارس كٗن كشِش  ؟
4470,لیگس منٛز ہیٚکہ تمام کھلاڑین ہُند مشترکہٕ تنخواہ لیگ چِہ پوٗرٕ آمدنی ہنٛد 54 % کھۄتہٕ زیادٕ ٲستھ۔
4471,"نیتا جی سبھاش مارگ تہٕ چاندنی چوک کِس ژوٚؤتِس پٮ۪ٹھ بٔڑِس پیمانَس پٮ۪ٹھ لال قٕلَس برٛونٛہہ کَنۍ واقع، دگمبر جین مندر چھُ رازدانۍ ہُنٛد ساروٕے کھۄتہٕ پرٛون جین مندر۔
"
4472,یمو ییتیو وریو پتہٕ ، چھٗ مے٘  یہٕ مویوُس کٗن باسان ز لٗکھ چھ انسانیت خٲطرٕ ہبل دوربین كِس مولس پیٹھ سوال تٗلان ۔
4473,"پتہٕ گٔیہِ یہِ پننہِ ماجہِ سۭتہِ  مٗمبئی  تہٕ کٔرٕن  ڈوریلو کانوینٹ ہائی سکوٗلَس تہٕ ورتک کالیجَس منٛز تٔعلیم حٲصِل۔
"
4474,"نزدیٖکی شہر بلومینوَس تہِ آو سخٕت ٹاس، ییٚتہِ 13 نفر میٚژِ پسین تَل گژھنہٕ كِنہِ  ہلاک گٔیہِ ۔
"
4475,یہِ چِھ شمال مغربی فرانس کِس اورنے محکمس منٛز نارمینڈے منٛز ۔
4476,اندرونی تہٕ بیرونی ہارڈ ڈرائیو کہ خرابی ہندۍ چھ واریاہ وجہ ۔
4477,پنجابس منٛز چھ 23 یونیورسٹی، یمن منٛز 10 پرائیویٹ، 9 ریاستی، 1 مرکزی تہٕ 3 ڈیمڈ یونیورسٹی چھ۔
4478,سُہٕ چُھ بنیٲدی طور پٲنٹھ مقبول گیتن ہنٛز پننین پیروڈیزن خٲطرٕ مشہور۔
4479,بالی یس پیٹھ  تہٕ انڈونیشیٲیی ہینٛدن منٛز چھ ہری رایا سرسوتی (تیوہارٗك  مقٲمی ناو) خانٛدٲنہِ آنگنن ، تعلیمی ادارن، تہٕ عوٲمی مقامن منٛز صبحٕ پیٚٹھٕہ دٗپہرس تام دُعایہ سٕتہِ  مناونہٕ یوان۔
4480,"فیفا کلب ورلڈ کپ چھُ اکھ ٹورنامنٹ یَتھ منٛز متعلقہٕ براعظمی کنفیڈریشن چیمپئن شپس منٛز زینَن وٲلہِ فُٹ بال کلب حصہٕ نِوان چھِ  ۔
"
4481,یہِ چھٗ ریاست کس جنوُب مغربی حصس منٛز اوہایو دریاوس لرِ۔
4482,یہِ ایلبم اوس بنیٲدی طور کولمبیٲیی  موسیقارو جولیو ریئس تہٕ ایٚسٹِفینو ہن تیار کوٚرمت ۔
4483,موسیقی چھ اتراکھنڈی ثقافتک اکھ اہم حصہٕ۔
4484,صرف زنانن ہنٛد الگ الگ لقب تہٕ چِھ۔ وومن گرینڈ ماسٹر-ڈبلیو جی ایم، وومن انٹرنیشنل ماسٹر-ڈبلیو آئی ایم، وومن ایف آئی ڈی ای ماسٹر-ڈبلیو ایف ایم تہٕ وومن امیدوار ماسٹر-ڈبلیو سی ایم۔
4485,قصبہٕ کِس جنوٗب مشرِقس منٛز بالہٕ دامنس تل   ژور گۄپھہٕ مندر ٲسہِ پہاڑن ہٕنٛدِس یکطرفہٕ کنٮ۪ن ہٕنٛدِس بُتھِس پٮ۪ٹھ کھٔنِتھ بناونہٕ آمٕتہِ۔
4486,2000 سَس منٛز آو سہ جاپان واپس تہٕ گوٚو جے 2 لیگ کلب شونان بیلمایرس منٛز شٲمل۔
4487,سوفیو مۄیہ 27 جنوری دۄہ 2017 ہس منٛز رومس منٛز 85 ؤرۍشہِ وٲنٛسہ منٛز۔
4488,"پننِس مٲلِس چنٛدرٕگُپت (ییٚمۍ پتہٕ أکِس مرحلَس منٛز جین مت قبول کوٚر) برعکس، بندوسارا اوس اجیوکا فرقس پیٹھ یقین تھاوان۔
"
4489,یہِ چُھ اکثر اتھن   یا کوہلن لگاونہٕ یوان ۔
4490,"پوٗرٕ اِنتِظام چُھ پرٛیتھ گَرٕ نیبَر، عموٗمَن دٔچِھنہِ طرفہٕ، یا دٲرِ یا سِلیپہ کہِ ذریعہٕ لَہراونہٕ یِوان۔
"
4491,تم چھ نیہلم مائیکرو آرکیٹیکچر کس 32nm ویسٹمیر سکڑنس پیٹھ مبنی ۔
4492,التٗتمشن کوٚر سلطنتٗك اِنتظامیہ مٗنظم ،  تہٕ تر٘ٲوٕن مغلن ہِنٛدِس حملس تام  شمٲلی ہندوستانس پیٹھ امہِ كہِ  تسلٗطٕچ بُنیاد  ۔
4493,برطانوی پارٹی کٔر ناوٕ پتھ کڈنچ کوٗشش مگر ترٛیٚیو ورٲے گٔیہ سٲری رُکتھ۔
4494,یہ چھنہٕ واضح زِ امِہ عرصہٕ پتہٕ کیا گوٚو اسلامس تہٕ  اتھ لوٚگ اکھ دھچکہ۔
4495,موسمی اہلکارو چھ قیاس کوٚرمت ز ینہٕ وٲلہ ہفتہٕ، ہیكن وسکونسنٕکہِ کینٛہہ حصہٕ  فروری 1996 تھہٕ  پتہٕ لگ بگ سداہہِ ؤہٕرِ  سرد ترین درجہ حرارت وٗچھِتھ ۔ 
4496,یِم چِھ شدتس منٛز مختلف آسان تہٕ ژوپ لگنہٕ پتہٕ 3 پیٚٹھٕ 14 دۄہن پتہٕ شروع گژھان۔
4497,دماغس منز بصارتک مرکز چُھ پننۍ زیادٕ تر کٲم لاشعوری طور تہٕ خود کار پٲٹھۍ کران۔
4498,گۄڈنِیوٗك تہٕ دبیِم فہرِست چھٗ سورٹ كی ہندِ گوڈنِكہِ حرفہٕ حِسابہٕ طنقن منٛز تقسیٖم کرنہٕ آمٕتہِ ۔
4499,فِلِم آیہِ 2007 تس منز ، 9 سَتمبر 2007 دوہ ٹورنٹو اِنٛٹرنیشنَل فِلم فیٚسٹِوَلس منٛز گۄڈنِچہِ لٹہِ ہاونہٕ۔
4500,امۍ رِپورٹن کوٚر اتھ کَتھِ تایید  زِ ہندوستانَس یِیہِ پورٕ دٲخلی خود حکومتَ راجُک درجہ دِنہٕ۔
4501,نہرون سمبھول بطور  گۄڈٕنیُک وزیر اعظم  عہدٕ، تہٕ وائسرائے لارڈ ماؤنٹ بیٹن روٗد  بطور گۄڈٕنیُک گورنر جنرل برقرار ۔
4502,انقلابہٕ پتہٕ آو بولشویک پارٹی روُسی کمیوُنسٹ پارٹی وننہٕ  ۔
4503,"یہ ہٮ۪کو کھنٛڈس سۭتۍ رلٲوتھ تہ کیکن خٲطرٕ آیسنٛگ بنٲوتھ۔
"
4504,اکہ لٹہ گوٚو ارجن تپسیا کرنہِ  نیلگری، تہٕ أمہِ سٕنٛزِ غٲر موجودگی منٛز پییہِ  باقٕیہ پانٛڈون واریاہن مسلہٕ بٗتھہِ ۔ 
4505,مہماتن منٛز چھ گرؠن پؠٹھ سوار گژھن تہٕ تہنٛز مہارت آزماونہٕ خٲطرٕ مقابلن منٛز دٲخل گژھن شٲمل۔
4506,"تنہٕ پیٚٹھٕ چُھ رادھا تہٕ کِرٛشنا سٕنٛدیٚن بُتھن ہُنٛد گِندوٗن  رنٛگ بطور ہولی یاد كرنہٕ یِوان۔
"
4507,یہٕ چھ اکھ طریقِ کارچ زبان یۄسہ بنیٲدی طور  ساینسی کمپیوٹنگ تہٕ عددی تجزیہٕ خٲطرٕ چھ استعمال گژھان ۔
4508,پوٗرٕ برج خطس منٛز تہٕ ہمسایہ جاین یتھ کٔنہِ زن  ہاتھرس، علی گڑھ، تہٕ آگراہس منٛز چھ ہولی کم و بیش تِتھیہ پٲٹھہِ  مناونہٕ یوان یتھ کٔنہِ  متھرا، ور٘نداون تہٕ برسانا ہس منٛز مناونہٕ چھِ یوان۔
4509,"2010 چہ مردم شمأری مطٲبق ٲسہِ تتہِ 60,079 لٗکھ روزان ۔"
4510,نٲشِر گیہ خوش ییٚلہ تمو ناراین  تہندس موقفس حمایت کران وُچھ۔
4511,وۄنہِ گۄ ،سوُ چھٗ  گوڑنیوٗک پگوڈا بننہٕ برونٹھ  فالجہِ سۭتہِ مران ۔
4512,"لفظ گوٗٹی (مقٲمی  طور تلفظ ""گُٹی"") چھُ قصبہٕ کہِ اصلی ناوٕ، گوتھمپوری پیٹھٕ درامُت۔"
4513,"لُوکہٕ بٲتھ چھِ تھدِس پِچَس پیٹھ گیونہٕ یِوان تہٕ لوٗکھ چھِ ڈولک تہٕ ہولی ہٕنٛدِس جذبَس پیٹھ نژان۔
"
4514,"ییلِہ زیادٕ غذ كھینٗك موٲزنہٕ کم غذا كھینس سٕتہِ كرنہٕ آو، نسبتاً خطرس منٛز کمی ٲس 15 پیٹھ 20 فیصد کس حدس منٛز۔
"
4515,یہ چھ تمن ڈیٹا اکہ جایہ پٮ۪ٹھٕ بیٚیس جایہ منتقٕل کرنہٕ خٲطرٕ اکھ اصٕل انتخاب بناوان۔
4516,"اگر نہٕ ، شایَد ہیٚکِو تو٘ہِہ  تِم سبسکرپشن ژٹِتھ تہٕ کینٛہہ مزید پونٛسہٕ بچٲوِتھ۔
"
4517,یہٕ اوس 2000 ہس ہیُو، یتھ ونڈوز سی ای یس سۭتۍ مکمل مطابقت ٲس۔
4518,کیلشیم نائٹریٹ چھٗ کھادن منز میژِ منز نائٹروجن شٲمل کرنہٕ خٲطرٕ استعمال گژھان ۔
4519,مناسب دٗبارٕ تعمیرٗک اجازت دِنہٕ خٲطرٕ ہیٛکہٕ پیوندن  ہنٛز تہِ ضروُرت أسِتھ ۔
4520,यहय ऑस मेकनतोशचि  खसूसियत येमि यि  यूत मक़बूल कोर .
4521,کینٛہہ مٹھایہِ چھ ٹاپنگ ہنٛدۍ پٲٹھۍ وپڈ کریم سۭتۍ پیش یوان کرنہٕ۔
4522,"ویروکن اوس 1979 پٮ۪ٹھہٕ 1984 تام یورپی پارلیمنٹُک رُکُن۔
"
4523,لۄكٹین جانورن منز چھِ  كینكہِ لچِہ ، خرگوش تہٕ وارِیاہن قسمن ہنزٕ کھرینژٕ تہٕ انچِو عام ۔ 
4524,बैच फाइल् आस् वारिया इसतेमाल गछान यॆलि डी ओ एस  वारिया लुख इसतेमाल करान ऑसि. 
4525,"کوگو زبان- کوگو، یتھ باکوکو تہٕ باسو تِہ ونان چُھ، چُھ اکھ بنٹو زبان۔
"
4526,گپتا سٕنٛدۍ زِیٛادٕ تر شہنشاہ ٲسۍ ویشنو ، لہاذا ٲسۍ ہٮ۪کَو نرسمہا، وشنو تہٕ رامایان سٕنٛزن دلیلَن ہٕنٛدۍ واریاہ مجسمہٕ ؤچھِتھ۔
4527,"31 دسمبر 2010 تام ٲسۍ تقریباً ۸,۳۴8,341۱ لوک لینزبرگس منٛز روزان۔
"
4528,"لاء لارڈَو کٔر بیڈ فورڈ شائرُک شہر لوٹنَس منٛز ڈینبیگ ہائی سکوٗلٕچ سٲبِق طالبہ شبینہ بیگم سُنٛد سکوٗلَس منٛز مسلم جلباب لَگاونٕچ اپیل رَد۔
"
4529,ڈریگن فلائی بی ایس ڈی یس منٛز متعارف کردٕ خصوصیاتن منٛز چھ تہٕ فائل سسٹم شٲمل ۔
4530,یہ آیہ 30 اپریل 2014 ہس منز پی اے ایل علاقس منز جٲری کرنہٕ ۔
4531,امہ علاوٕ چھ شرۍ اکثر رسمی طور نیٚمتھ پنٛنیٚن بڑؠن نش پونٛسہٕ حٲصل کران۔
4532,ایسنشل ٹریمر چھ اکھ ترقی پسند اعصابی عارضہٕ ، تہٕ حرکتک ساروی کھوتہٕ عام عارضہٕ۔
4533,"اصلی تعدادس منٛز چھ پنجابس منٛز کل خواندٕ نفر 18,707,137 یمن منٛز مرد 10,436,056 تہٕ زنانہٕ 8,271,081 آسہٕ ۔"
4534,تمس اوس پننس دربارس منٛز اکھ یونٲنی سفیر تہ، ییٚمیس ناو ڈیماکس اوس۔
4535,"میدان نیبَر چھُ اکھ سکریٹری اکثر میچ پروٹوکولُک خیال تھاوان۔
"
4536,ٹونی چھ لاپرواہ لاگان، مگر ٲخٕر کار چھ سہ مشیل واپس انٛنٕچ کوٗشش کران۔
4537,فیڈرل پلیٖس چُھ ونان  زِ تِم چھِ تمام 38 ہن (یِمَن منٛز وُنیُک تام رٹنہٕ آمٕتہِ پانٛژھ تہِ شٲمِل چھِ) مُجرِمانہٕ یكتِیوٗك، دھوکہ دہی تہٕ غبنٗك   الزام لگاونٗک ارادٕ تھوان ۔
4538,وۄنۍ گوٚو، پایلٹ ڈویلپمنٹن بیوٗٹھ اتھ پیشکش پٮ۪ٹھ برابر تہٕ ملؠوکھ لندن انڈر گراونٛڈ یہ قبوٗل کرنہٕ خٲطرٕ۔
4539,یہ ہدایت کٲری ہنز كٲم رٕٹ  سیلواراگھون سٕندِ پیٹھہٕ کمل حاسنن تہٕ بناونس دوران آیہ واریاہن انگریزی فلمن سۭتہِ موازنہٕ کرنٕنٕكہِ اطلاع  برون٘ہہ كُن ۔
4540,مٲدان چھ شٮ۪ن خطن  منٛز تقسیٖم کرنہٕ آمٕتہِ -مہاندی ڈیلٹا، جنوبی آندھرا پردیشٗک مٲدان، کرشنا-گوداوری ڈیلٹا، کنیا کماری سٲحِل ، کورومنڈل سٲحِل، تہٕ سیٚکہ دار سوٚدرٕ بوٚٹھ ۔
4541,اپریل 2022 تام ٲس تہنٛز مجموعی مالیتک تخمینہٕ4.4 بلین امریکی ڈالر۔
4542,ناواجو زبان چھےٚ انگریزکۍ پٲٹھۍ لاطینی حروف تہجی سٕتۍ لیکھنہٕ یوان۔
4543,یہٕ اوس 18 فروری 1998 ہس منز کیلیفورنیا کس رانچو میراجس منز۔
4544,"ٲٹھمہِ  دۄہ  گوٚو فلمہ ہنٛد کلکشن کم، تہٕ کٔرٕن تقریبا 0.75 ملین روپیہ (9,800 امریکی ڈالر) مجموعی کمٲیہِ ۔"
4545,یہ چھٗ گۄڈنیوٗک کنسول یٗس روم کاٹریج تہٕ اكھ مائیکرو پروسیسر استعمال  کران چھٗ ۔
4546,ساینسدانَو چُھ یہٕ سطح سمندر پیٹھ 250 پیٹھ 600 میٹر تام وُچھمُت۔
4547,حکوُمت ہِنٛد طرفہٕ چھےٚ جیٖلٕچ  اصلی شانو  شوکت بحال کرنہٕ خٲطرٕ تقریٖبن 275 مِلیَن امریٖکی ڈالرن (11 ارب رۄپیِہ) ہنز بھارٕ سرمایہ كٲری كرنہٕ یوان ۔ 
4548,پِریٹل چُھ اکھ نوجوان بین الاقوٲمی ییٚمۍ آسٹرِیا انڈر 21 قومی ٹیمہٕ خٲطرٕ گِیُندمُت چُھ ۔
4549,بییہٕ اکھ کھلٲڑۍ یمسند تہنٛدین سٔتمین کھیلن منٛز شٲمل گژھنک امکان چھ، چھ کیرن موڈرا،  بصارت نشہ   محروم اکھ سائیکل سوار۔
4550,گرینڈ فاینلن منٛز زیوُن تمِہ سنگلز تہٕ ڈبلزس منٛز سۄن ۔
4551,یہِ چھُ خاص پٲٹھۍ برصغیرس منٛز منانہٕ یِوان مگر یہِ چھُ جنوب ایشیائی علاقن تام پھہلیومت تہ بیٚیہ چھُ جنوب ایشیاہس منز نو آباد کارن تام تہ ووتمت۔ 
4552,مگر ٹوپالون سنٛز مشکوک 31 مہ تہٕ 32 مہ حرکتہٕ پتہٕ کوٚر آنندن ٹوپالون کس نسبتا بے نقاب بادشاہس خلاف زبردست حملہٕ کرنہٕ خٲطرٕ قربانی ہنٛد استعمال۔
4553,كرِشنا پھِیوٗر پنٕنہِ شاہانہٕ پیشكش پاڈی پنتالوٗ  ہیتھ 1976 منز واپس ۔ 
4554,وۄں گوٚو، قٕسمَتُک اَکہِ موڑ سۭتۍ چھُ اکھ بدبخت حٲدثہٕ سپدان یُس تروُن سٕنٛز زِنٛدگی سرخی منٛز اَنان چھُ تہٕ سُہ چھُ راتو رٲت ہیرو بناوان۔
4555,دٔریاوَس منٛز کیٖمیاہن ہندِ رسنہٕ سٕتہِ  چھُ واریٛاہَن زوُوٕ زٲژَن خطرٕ۔
4556,"1801 تام، ٲس ٹماٹر کیچپچ اکھ ترکیب سینڈی ایڈسنن بنٲومٕژ۔
"
4557,"نامکمل ایس سی آٮٔی سنڈروم منٛزٕ چھِ براؤن-سیکوارڈ تہٕ سینٹرل کارڈ سنڈروم صحت یاب گژھنٕچ  بہتٔریٖن پیشن گوُیی کران تہٕ اینٹیریر کور٘ڈ سینڈروم چھُ ساروی کھوتہٕ خراب ۔
"
4558,ردعمل کہِ وقتُک تخمینہٕ چھُ ایکسونل  خرٲبی شروع گژھنہٕ برٛونٛہہ كرنہٕ آمٗت ۔
4559,"اِتھٔیہ  پٲٹھہِ  اگر پارٕ أنٛدرَم پوٗرٕ پٲٹھہِ  نافہِ  منٛز چھُ، تیٚلہِ چھِنہٕ  خاص طور  یڈ دٕر آسان۔
"
4560,سُہ چُھ امریکن کلب، ایل اے گلیکسی تہٕ میکسِکَن قومی ٹیم خٲطرٕ گنٛدان۔
4561,تیٖر انٛدٲزی چھےٚ ہِنٛدُستٲنہِ  ثقافتی میٖراثس منٛز  بچاو کیٚو سارِوٕے کھۄتہٕ بہترین قٕسمو منٛزٕ اکھ مانٛنہٕ یِوان۔
4562,مہاویر زاو أکس جمہوری سلطنت وججی  منٛز ییٚتہ بادشاہ ووٹو ذٔریعہٕ ژارنہٕ یوان اوس۔
4563,"سہ اوس 1998 پٮ۪ٹھٕ 2012 ہس منٛز سبکدوش گژھنس تام سیولک آرک بشپ۔
"
4564,بہٕ چھس ٲخٕر کار یہ فلم وٗچھنس پیٹھ واریاہ پرجوش  ۔ مے٘ ووت ہفتہٕ وادن اتھ پراران ۔۔
4565,ڈاونہم مارکیٹ چھ نارفولک ، انگلینڈس منٛز اکھ شہر تہٕ سول پارش ۔
4566,گوپاچل چٹانن پیٹھٕ ژٹنہٕ آمٕتہِ جین یادگار چھِ پہٲڑی کَنٮ۪ن پٮ۪ٹھ واقع، یِمَن ہُنٛد تینتٲلہٕ مدھیہ پردیش کِس گوالیار قٕلَعس سۭتۍ مِلان چھُ۔
4567,بالٲیی پیلیولیتھکس منٛز، بناو انسانن گۄپھن منٛز ہیٖناہن ہٕنٛزٕ تصویٖرٕ۔
4568,یہِ آو 1951ہس منٛز 914  تقسیم کرِتھ بناونہٕ ۔
4569,ساروی کھوتہٕ عام قسم چھ گُرِس خٲطرٕ بناونہٕ آمت گُرۍ سوار زیٖن۔
4570,پیشورانہٕ ویسٹ نیل وایرس كہِ خطرٕ نشہِ بچنہٕ خٲطرٕ چھِ واریاہ رہنما خطوط چھِ تمام  مہیو سۭتہِ  گژھن واجنیٚن بیمارین باپت مٗشترقہٕ ۔
4571,پرسوٹاگ، یس اکھ آیسیٖن اوس، تس آو جاگیردار بادشاہ سنٛد لقب دنہٕ۔
4572,ہبارڈ تہٕ کیلی دۄشوٕنی کوٚر الگ الگ گٹار واین شروٗع ییٚلہ تم ہایی سکولس منٛز ٲسۍ۔
4573,"ٹائٹ اینڈ چھِ ٹیکلَن نیبَر لٲنہِ منٛز کھڑا گژھان تہٕ چھِ رسیور تہٕ بلاکر دۄشوٕنی پٲٹھۍ کٲم کران۔
"
4574,تكنیكن ہنزِ ژٲر پیٹھ سین سٕنزِ كامہِ دِیوُت ماریس ڈوب سٕنزِ كامہ مدد ۔
4575,لہرٕ چھِ ہوا کہ صحیح سمتُک اشارٕ دِوان۔
4576,कांह हेकि यि यक़ीनी बनावन् खातर् ति करिथ ज़ि कांह दी न् दोख् .
4577,"18 وُہر تہٕ اَمہِ کھۄتہٕ زِیادٕ وٲنٛسہِ پرٛیتھ 100 زَنانن خٲطرٕ ٲسۍ 90.4 مرد۔
"
4578,مِشٲلی طور  پزِوٕ تۄہہ پنٛنہ ریتہٕ وار تنخواہٗک 15-25% بچاوٗن۔
4579,"نیو فلایر ایکس سیلسیر-دی نیو فلایر ایکس سیلسیر چھ ٹرانزٹ بسن ہنٛز اکھ لٲن۔
"
4580,اگرتوہہِ چٗكاو مٗكاو  ژھانٛڑنس اہل بنٗن یژھان چھِو٘ ، توہہِ گژھِیو اكھ جان صودا پرزناوبنس اہل آسٕنہِ ۔ 
4581,آر آٮٔی ایل ہک مارکیٹ کیپٹلائزیشن چھ 31 مارچ ۲٠۲۲ ہس تام 2022 بلین امریکی ڈالر۔
4582,بٲیہ  ٲسہِ چیکو، ہارپو، گروچو، گومو تہٕ زیپو۔
4583,سکاوٹن خٲطرٕ ٲس نہٕ کانٛہہ زیر زمین چھپن جایہ، حالانٛکہ تِمن آسہٕ چھپن جایہ نامزد کرنہٕ آمژٕ تہٕ کیمپ کہ گۄڈنکہ دۄہ ٲس ہنٛگٲمی منصوٗبن پیٹھ کتھ باتھ کرنہٕ آمٕژ۔
4584,چنئی منز میئر رادھا کرشنن سٹیڈیم چھ بین الاقوای ہاکی مقابلن ہنز میزبٲنی کران تہٕ اتھ چھ بین الاقوٲمی ہاکی فیڈریشن  کہ بنیادی ڈھانچہ خٲطرٕ دنیاہس منٛز بہترین سٹیڈیمو منٛز اکھ ماننہ یوان۔
4585,مراٹھاہو کۄر تقریباً 1660 کس گۄڈنیکس دہکس منز اکھ طاقتور بحری فوج تہ تیار، ییٚمۍ پننس عروجس پیٹھ ممبئی پیٹھ ساونت واڑی تام ہندوستان کس مغربی ساحل کس آبی علاقس پیٹھ غلبہ حٲصل کوٚر۔
4586,تامل سنیما چھ ہندوستانس منز فلم پروڈکشن کین ساروٕے کھۄتہٕ بڈین صنعتن منز اکھ۔
4587,"أمہِ  معاہدن کٔر امریکہ تہٕ ایروکوئسس درمیان امن تہٕ دوستی پٲدٕ ۔
"
4588,"انوش اشوری انوشہ اشوری چھ اکھ ایرانی پیدائشی برطانوی بزنس مین۔

"
4589,1881 منٛز، ییل تہٕ پرنسٹنس درمیان أکس کھیلس منٛز کوٚر دۄشوٕنی ٹیمو پنن ناقابل شکست رکارڈ برقرار تھاونہٕ خٲطرٕ یہ حکمت عملی استعمال۔
4590,1907 تَس منٛز کوٚرتمہِ  میٹرِکُک امتحان پاس تہٕ نیہِ ؤری نیوٗن ایلفنسٹن کالجس منٛز دٲخلہٕ، یُس  بمبئی یونیورسٹی سۭتہِ  منسلک اوس، تٔمِسندِ  مطٲبق بنٛیوو پنِنہِ مہار زٲژ ہُنٛد گۄڈنیُوک یہِ كرن وول شخص ۔
4591,"2035 تام آسہِ  نہٕ علاقٲیی  کوڈس منٛز مزید جایہ ۔

"
4592,ہائی سکول پاس کرنہٕ پتہٕ گیہ سو٘  2008 ٹھس منٛز ٹیپکو مریزی یس منٛز شٲمِل ۔
4593,سٕتہِ سٕتی ، اگر تۄہہِ تتھ منٛز دِلچسپی آسہِ یہِ  کٕنَن وول كنان  چھُ ، تِمن دِیو٘ پنٗن مٲدان وہراونہٕ باپت اكھ مِنٹ ۔
4594,برلے چھٗ ہیڈِنگلے ہس نكھیہ  تہٕ اتہِ چھِ  طٲلب علمن  ہنٛز  بھارٕ آبٲدی ۔
4595,مقٲمی مٗسلمان دٗکاندار چھ امہِ  دۄہ پنٕنہِ  دٗکان بنٛد تھوان، ییٚلہ زن مٗسلمان اقلیتی سکوُلن سالہٕ  خٲطرٕ 5 دۄہن ہنٛز چھٹی  آسان چھے٘ ۔
4596,"مسلک کٲمل حل حٲصل کرنہٕ خٲطرٕ گژھہ تمام امکاناتن پٮ۪ٹھ کوٗشش کرٕنۍ۔
"
4597,تِم چیٖز یِم تُہۍ دۄہ دِش انان چِھو، مثلاً کِریانہٕ،  اِشتہار وٕچِھو تہٕ معلوم کٔرِو زِ جان قۭمت کیاہ چھِ تہٕ کٕننٕکۍ واریاہ کم قۭمت کیاہ چھِ۔ 
4598,مصنوعی طور درجہٕ حرارتس منٛز تبدیلی کم کرنہٕ خٲطرٕ چھِ ہیلی کاپٹر ٹرپ تہٕ ہیلی پیڈ سائٹہٕ  مٗنظم کرنہٕ یوان۔
4599,فلمہِ ہُنٛد گۄڈنیُک ریلیز اوس اِختِلافو موجوب واریاہ کم   وقتہٕ خٲطرٕ۔
4600,ہوم پیجس پٮ۪ٹھ ہیٚکِو  تو٘ہہہِ یمن تمام زانكٲری  تام رسٲیی حٲصِل کٔرتھ یہِ توہہہِ ضروُرت آسہِ۔
4601,ہِنٛدُستان چُھ دُنیاہس منٛز  سارِوٕے کھۄتہٕ بوٚڑ میکا بُلاک تہٕ میکا ٹُکرٕ پٲدٕ کَرن وول ۔
4602,"نزدیٖکی پُرکٔشِش مقامن مَنٛز چھِ کڈا پنچال کدٕل تہٕ اریپارہ آبشار شٲمِل۔
"
4603,گۄڈنیوک پولو کلب آو 1833ہس منٛز سلچر، آسامس منٛز قٲیم کرنہٕ۔
4604,ساسہٕ بٔد چھ مسجدن تہٕ باقی عوٲمی عمارتن منٛز پناہ ژھانڈان۔
4605,یہ چھٗ وٗنکیٚنس الفا ہس منٛز ، تہٕ چھٗ 2002 پیٚٹھٕہ وٗصعتس منٛز ۔
4606,سوٗ  چھٗ مسل كارن تہٕ ایپل کمپیوٹر مصنوعاتن ہٕٗنٛد تہِ شوقین۔
4607,سوُد ادا کٔرِتھ چُھ قرضدار ہاوان  زِ تِم چِھ قرض واپس دنہٕ باپتھ سنجیدٕ ۔
4608,کوربا، چٔھتیٖس گَڑھس منٛز چھِ گیورا، دِپکا، کُسمُنٛڈا ہِنٛدُستانس منٛز سارِوٕے کھوتہٕ بجہٕ پیٚٹھمہِ تَہہ واجنہِ کولہٕ کانہٕ تہٕ اِنٛسان سٕنٛدِ دٔسہِ  بناونہٕ آمُت سارِوٕیہ  کھۄتہٕ بو٘ڈ ڈانچہِ ہٗس ہندٗستان كین  سیٚٹَلایِٹ تصویٖرن منٛز بوزنہٕ یوان چھٗ ۔
4609,کرینسٹانس اوس مکی مڈلٹنس سۭتۍ   1977  پیٹھ کھاندر کٔرتھ  یوٚتتھ تام  تمو 1982 منز طلاق  کوٚر۔
4610,سُہ اوس انڈین نیشنل کانگریس پارٹی ہنٛد سٲبقہٕ رہنما آسنہٕ كِنہِ زاننہٕ یِوان۔
4611,خانٛدرٕ برٛونٛہہ تہٕ خانٛدرٕ پتٕكہِ  رسم تہٕ تقریبہٕ چھِ خطہٕ ، ترجیحات تہٕ مہراز ، مہرِنہِ تہٕ تِہنٛدٮ۪ن عیالَن ہٕنٛدِیو وسٲیِلَو لحاظہٕ مُختٔلِف آسان۔
4612,کارکٗنن مٗنتشِر کرنٕچہِ  کوُششہِ منٛز آیہِ سٹن گرینیڈ تہٕ اوش انن وول  گیس استعمال کرنہٕ۔
4613,30 اکتوٗبر 1928 ووت کمیشن لاہور، ییٚتہِ اتھ  کرٛہنہِ  جھنڈٕ ہیتھ مُظٲہریٖنَن بٔتھِہ پییہ۔ 
4614,یتھ کٔنۍ ز ہۄکھیہ سۭتۍ ہیکن گاڑٕ تہٕ باقی آبٲدی منٛز کمی سپدِتھ یم مہن ہنٛدۍ ٹھول کھیٛوان چھ، امکس نتیجس منٛز چھ مہۍ آبٲدی منٛز اضافہٕ گژھان۔
4615,عموٗمن چھ ٹرافی سٹینلے کپ چیمپین کس کھلٲڑس دنہٕ یوان ۔
4616,"باقٕٕیہ  گروپَن منٛز چھِ بنٛگٲلہِ ، ہجونگ، بیاٹس، کوچ ، تہٕ واسطہٕ راجبونگشی، بوڈو ، دیماسا، کٗکی، لکھر، تیوا، کاربی، ربھا تہٕ نیپالہِ  شٲمِل۔
"
4617,بینکٗیہ نیشنلے ڈی پیرس بینکٗیہ نیشنلے ڈی پیرس اوس اکھ فرانسیسی بینک۔
4618,واہ! مے٘ چھٖنہٕ زانہہ كانہہ یوُت مزاحیہ وٗچھمٗت ۔
4619,ہِنٛدُستانس منٛز چُھ وُنکیٚنَس صِرِف 30 دۄہَن ہُنٛد رُود پیوان، ییٚلہِ زن ترقی یافتہٕ مُلکہ چِھ  حکمت عملی سان خشٕک علاقن منٛز دریاو طاس تہٕ ذخیرن منٛز 900 دۄہَن ہِنٛز آبٕچ منٛگ ذخیرٕ کران چھِ۔
4620,تٲریخ دان کیتھرین براؤن چھُ بحث کران  زِ اورنگزیبن   لٲجہِ  نہٕ زانہہ تہِ موسٕقی پٮ۪ٹھ پوٗرٕ  پٲٹھہِ 	پابٔنٛدی ۔
4621,گامٕکۍ مرٕد چھِ، مٲنٛشہِ ہٕنٛدِ ژلنٕچ خبر بوٗزتھ تہٕ یہِ زٲنِتھ زِ  یہیہ چھے٘ ذموار، أمس چاروٲیِس ؤلۍ ؤلۍ ژھانٛڈنہٕ نیران۔
4622,تٔمہِ سٕنٛدِ خۄطبات ٲسہِ پرٛٮ۪تھ ہفتہٕ شایع گژھان ، تہٕ یم ٲسہِ واریاہ لٗکھ پران ۔
4623,سُہٕ کوٚر فلاڈیلفیا، پنسلوانیاہس منٛز کرٹس انسٹی ٹیوٹ آف میوزکس منٛز مطالعہٕ۔
4624,1975 تھس  منٛز کٔر تٔمہِ مزاجیہ “چُپکے چُپکے“ تہٕ جُرمُک ڈرٛامہ “فَرار“  پٮ۪ٹھٕ رومٲنی ڈرٛامہ “مِلی“ تانہِ مُختٔلِف فِلمی صِنفن  منٛز اَداکٲری۔
4625,آرکیالوجیکل سروے آف انڈیا ہٗك  سابقہٕ ڈایریکٹر الیگزینڈر کننگھم چھٗ ذِکر کران  زِ دِلی بنییہ پتہٕ دِہلی/دہلی ۔
4626,وتھ  چھِ او 2 ایریناہس منٛز تقریبن 80 تو٘ کھلٲڑیو ، معززینو تہٕ تفریح کرن والیو  ہنٛد ذریعہ پكناونہٕ  پتہٕ ختم گژھان، یمن منٛز پانژھ لٹہ اولمپک گولڈ میڈل زینن وول سر سٹیو ریڈگریو تہ شٲمل چھٗ ۔
4627,عموٗمن چھ جسمک دۄشوٕی طرف متٲثر گژھان۔
4628,19مہِ صدی کِس ٲخرس تہٕ 20 مہِ صدی کِس شروعس منز اوس سوئٹزرلینڈ وندس منٛز چھٹین خٲطرٕہ اکھ مقبول جاے بنیمٕژ تہٕ لۄکھ ٲسۍ پورٕ یورپ پیٹھہٕ تور گژھان۔
4629,پنن بقایا قرض ادا کرنہٕ خٲطرٕ اکھ منصوبہٕ تہٕ شیڈول بناونہٕ خٲطرٕ کٔرو پنٛنہِ خاندارِنہِ  سۭتۍ رلِتھ کٲم۔
4630,8 فروری 2019 بنیو  لداخ جموں اور کشمیرس منز اكھ   علاحِدٕ  ریونیو اور انتظامی ڈویجن ، یٗس گو٘ڈٕ  کشمیر ڈویژنٗك  حصہ اوس ۔
4631,اتھ فلمہ منٛز آو دھونی سنٛد اصلی سکول ٹیچر کاسٹ کرنہٕ۔
4632,حكوٗمت كرناٹكاہن  کو٘ر بالہٕ   تینتٲلِس تام پرٮ۪تھ موسمَہٕ باپت  اکھ سڑک بناونہٕ خأطرِ مٗمبئی ہندِس أکِس مٲہِرِ اسٲنِیاتس  سۭتہِ اتھہٕ واس ۔
4633,مگر تم چھ یژھان یم چیز گژھن حکومت کہ استعمال کرنہٕ بغٲر گژھٕنۍ۔
4634,بھرت ناٹیم چُھ بھکتی یوگٕچ اكھ صوُرت تہِ ماننہٕ یوان ۔
4635,اَز چُھ یہِ جیٚشٕن مرحَلس منٛز تبدیٖلی  تہٕ  نَوین ضِمنن تہٕ تشریحن مُطٲبِق جٔدیٖد طرزس پٮ۪ٹھ مَناونہٕ یِوان۔
4636,"سیپک ٹاکرا چھُ فلپائنَس منٛز سیپا ناوٕ سۭتۍ تہِ زاننہٕ یِوان۔
"
4637,امہ خٲطرٕ ٲس تٔمۍ سٕنٛز حکمت عملی امریکہس سۭتۍ معاشی اتحاد بناون۔
4638,سہ اوس 2008  منٛز جنوبی اوسیتیا ہک قایم مقام وزیر اعظم۔
4639,2010 منز دیُت آکسفورڈن تمِس  یونیورسٹی کیو دہو آکسیشینو، نامور ایشیٲئی گریجویٹو منٛز  ژٲرِتھ مزید عزت۔
4640,وۄں گو 1979 منٛز گٔے اتھ بیٛاکھ چھل، ییٚمۍ کِس نتیجَس منز کانگریس (I) بنٛیوٚو، یُس 1981 منز انتخٲبی کمیشنَن کانگریس پٲٹھۍ تسلیم کوٚر۔
4641,پلے سٹیشن ویٹا چھ اکھ اتھس منٛز رٹنہٕ ینہٕ وول گیم کنسول یُس سونی کمپیوٹر انٹرٹینمنٹن بنوومت چُھ۔
4642,کیرنی کاونٹی چھ گارڈن سٹی، کے ایس مایکروپولیٹن سٹیٹِسٹِكل ایریا ہس  منٛز شٲمل۔
4643,سہٗ اوس ایلورا ، اونٹیرِیو ہس منز ، اكِس سٲبقہٕ رٗكن پارلِمانس زامٗت ۔ 
4644,دو٘یو٘ وۄمیدوارو کوٚر 28 اکتوبر دوہ  بییہِ  اکھ أکِس سٗند مقابلہٕ، یتھ منٛز بولسونیرو ہن  انخاب  زِیوٗن۔
4645,2009 وس منٛز بنیو سلواکیا یورو استعمال کرن وول 16ہِم   مٗلک ۔
4646,مےٚ گو نہٕ پننٮ۪ن کنن پٮ۪ٹھ بھروسٕے ییٚلہ پی۔ آر۔ ایلس منٛز ژارنہٕ خٲطرٕ میانِہ ناوک اعلان آو کرنہٕ۔
4647,"2006 چہ مردم شماری وِزِ ٲس امِچ آبٲدی 1,232 كٗمبن منٛز ،5,127  ۔"
4648,تپہ دق كین  سمٲجی تہٕ ثقٲفتی جہتن ہنٛز زیادٕ تفہیم تِہ ہیٚکہ بدنٗمٲیی کم کرنس منٛز مدتھ  کٔرِتھ ۔
4649,"یہ چھُ سفارش کرنہٕ یِوان زِ شوٗدرَس تہِ پَزِ خیرٲتی پیشکش کرٕنۍ، تہٕ منترَن سۭتۍ 
 سۭتۍ سرٛان کرُن۔"
4650,"حالیہ  ورِیَن مَنٛز چھُ دَنٛگَلُک یہِ انداز باقی مُلکَن مَنٛز تہِ مشہوٗر گوٚومُت۔
"
4651,"یہ فلم ٲس ""تو اتنی خوبصورت ہے"" بٲتہٕ  باپتھ مشہوُر۔"
4652,چینی زیکسیا چینَن کوٚر زنانہٕ 48 کلوگرام ویٹ لفٹِنگ ایونٹَس منٛز کل212 سکور کرتھ اکھ نوٚو اولمپک ریکارڈ قٲیم۔
4653,2015 ہس تام چھٗ مغربی بنگالس  ہندوستانس منٛز شیٚیم ساروۍ کھۄتہٕ زیٛادٕ جی اٮ۪س ڈی پی۔
4654,مگر یٕہ آو پتہٕ ظٲہر کرنہٕ تِکیاز اداہ ٲس باندرا بینڈ سٹینڈ پرومینیڈَس منٛز فِلمِہ ہٕنٛز شوٹنگ کران ؤچھنہٕ آمٕژ۔
4655,سُہ چُھ وٲحد ہنٛدُوستانُک ہاکی کھلٲڑۍ ییٚمِہ سٕنٛدس اعزازس منٛز ڈاک ٹکٹ چِھ۔
4656,مشتری  تہٕ زحل ہِوِ گیس دیو چھ گردشو سۭتہِ زٔمیٖنہِ کھۄتہٕ زیٛادٕ سوٚتٕرِ گژھان ۔
4657,چَل پچور بناتے ہیں چِھ سورج سُنٛد ایم بی اے پؠٹھٕ فِلم میکرس تام پُرجوش سفر۔
4658,حالانٛکہ سٗہ چھٗ ایسٹر جشنٕكہِ  تفصیل  مقٲمی رسمو پیٹھہٕ آمٗت ونان ،  سٗہ چھٗ اصرار کران  سال چھٗ بذات خود عالمی سطحس پیٹھ مناونہٕ یوان۔
4659,"مانٛنہٕ چھ یوان ز یہ چھ برصغیر پاک و ہند کٮ۪ن جنوبی حصن منٛز شروٗع گوٚمت۔
"
4660,پی این ایسس منٛز چھ دٗبارٕ پٲدٕ گژھٗن اہل آسان، ڈسٹل نٲرن ہندِس اندس نزدیٖک گژھن والٮ۪ن زخمن ہٕنٛدس معاملس منٛز تقریباً مکمل پٲٹھہِ بلراوان  ۔ 
4661,یہ چھ ٹی وی پروگرام نشر کران یم بٔڑٮ۪ن شرٮ۪ن تہٕ نوعمرن خٲطرٕ موزوں چھ ۔
4662,"دۄشوٕے کِھلٲڑۍ چھِ کھڑا گَژھان تہٕ بال چھِ تِہنٛدِس لٔکرِ کلَن درمیان تھاونہٕ یِوان ییٚلہِ زن تِہنٛزِ لٔٹہِ کمرس تھزرَس پٮ۪ٹھ افقی چھِ آسان۔
"
4663,سُہ گُزریو 15 ستمبر 2022 ہَس منٛز 83 وُہُر۔
4664,پرایویٹ ایکویٹی چھےٚ اکھ سۄ سرمایہ کٲرۍ یۄس سٹاک ایکسچینجس نؠبر شیرن منٛز کرنہٕ چھےٚ یوان۔
4665,"یہِ گولڈ کپ اۄس چِرایانکیٖژو سِرٛی کنٛدن نایرن ڈیزائن کوٚرمُت، یُس محکمہٕ تعلیٖمس  منٛز آرٹ اِنسٹرکٹر اوس ۔
"
4666,مہاراشٹرٛاہُک نٲیِب ؤزیٖرِ اعلیٰ آر آر پاٹِل چُھ صوٗرت  حالُک جٲیزٕ نِنہِ خٲطرٕ قضبس کُن درٛامُت۔
4667,تِم چِھ ربڑ مٗركب كیو٘ دو٘یو٘   ٹٗکرو سٕتہِ بناونہٕ یوان،یِم  اکھ  اكِس سٕتہِ اكھ کھو٘كھٗر  گولہٕ بناونہٕ خاطرٕ جوُڈِتھ تہٕ   تہٕ چمكٲوِتھ نپٕہ نپٕہ كران ۔
4668,تمن زا شرین منٛز یمن منٛز انسیفالوپیتھی چھےٚ گژھان، دماغی خون پھٹُن تہٕ کورٹیکل ایٹروفی چھےٚ گژھان، ممکنہ طور ہایپوکسیا کہ وجہ سۭتۍ۔
4669,کارٹرن کوٚر ترٛیمس پیریڈَس منٛز 11:49 پیٹھ کھیلُک پنُن دویم گول، ییٚمۍ سکور برابر کوٚر تہٕ اوور ٹائم کرنس پیٹھ مجبور کوٚر۔
4670,یہِ چھ ہائیڈروکلورک ایسڈس سۭتہ ردِعمل كرِتھ ہائیڈروجن سلفایڈ تہٕ کیڈیمیم کلورایڈ بناوان ۔
4671,یہِ چھُ باقیہ  واقعیاتن ہنٛز وَضاحَت کران یٔم   نہٕ سری لنکا کِس رٮ۪واجس منٛز چھِ، یتھہٕ کٔنہِ  زن کٗنالہ ناوٕکِس بییِس نیچوِس مٗتعلق دلیٖل ۔
4672,کٮ۪نٛہہ لوٗکن ہنٛد خیال چھ ز گوڈل اوس تمام وقتن ہٗند ساروٕے کھۄتہٕ اہم منطقیو  منٛز اکھ۔
4673,مٲلی انتظام تہٕ ٹیکس تیار کرنس متعلق  بحثن تروو ماحولس پیٹھ وُلٹہ اثر ۔
4674,زیادٕ زیادٕ کینسرک قٕسم بڑنۍ چھُ ممکن یم بڈنس سۭتۍ سۭتۍ ہیکن گٔژھتھ۔
4675,استانن پیٹھ تر٘ٲوِ بٕرژ روزٗن یژھن واجِنیو زنانو نینہِ مۄنڈجین ہندِ نموُنہٕ ۔ 
4676,مینہنٹنس تام گھریلو مسافر ریل سٔروِس گٔیہِ 20 اگست 1866 ٹھس منٛز شروٗع۔
4677,واریاہَو جایَو پٮ۪ٹھہٕ آیہ بجلی كوُٹین  تہٕ کُلٮ۪ن ہندِ پینٕچہِ خبرٕ ۔
4678,"تمۍ کوٚر داوٕ زِ میک گیگنَن اوس یہِ ایم 4 رائفلہِ سۭتۍ بندوق کس نوکس پیٹھ ییٚلہِ زِ جوٗرۍ أمۍ سند کمرَس منز اَژنہٕ پتہٕ دِیُت ہوئرَن أمِس پتھرس پیٹھ دکہٕ۔
"
4679,"جوُن 2017 ہس تام ٲس دنگلٕچ عٲلمی کمٲیہِ 307 ملین امریکی ڈالر (2,000 کرور روپیہ )۔"
4680,أکس جدوجہدس منٛز چھ کوری أمس نفرسشرٛاکھ ژھٕنتھ ماران تہٕ ژلان۔
4681,بیمی بیبی ہس ٲس یوٗنائیٹڈ کِنگڈم سِوِل ایوییٚشن اتھارٹی ٹایپ اے آپریٹنگ لایسنس۔
4682,کٗشانن ہٕنٛدین  سِکن آو مغربس منٛز کٗشان-ساسانینو تہٕ مشرقس منٛز ، بنگال كِس سماتاتا سلطنتس تام  نقل کرنہٕ ۔
4683,فرٛانٛسیسِیو انہِ  کیٚنٛہہ 1786تھس  منٛز موریشس پیٚٹھٕہ بطورِغۄلام چاگوس جزیرن  منٛز۔
4684,یہ چھ لکن زیادٕ تر کمپیوٹر ماؤسک استعمال کٔرتھ گیم بناونٕک اجازت دوان ۔
4685,امہ پتہٕ کٔر بسکیٖن مشرقس منٛز گنگا کس طاسس کن ہجرت، ییٚتہ تمو لۄکٹۍ گام تہٕ الگ تھلگ فارم قٲیم کٔر۔
4686,"سُہ چُھ أمِس بچاونہٕ خٲطرٕ دٔستی یَتھ دوران أمِس چھُرِ سۭتۍ مارنہٕ  یِوان۔
"
4687,دِفاع کَرن والیو منٛز کٔر پٹنہ پائریٹٕکۍ نیرج کمارَن أکِس میچَس منٛز ساروِی کھۄتہٕ زِیٛادٕ ٹیکل پوائنٹ (۱۱) تہٕ کوٚرُن موہِت چِلر (۱۱) سٕنٛدِس ریکارڈَس برابر۔
4688,بیڈمنٹ قانونن منٛز چھُنہٕ کم از کم کورٹٕک تالوُک تھزرُک ذِکر۔
4689,پتہٕ کوٚر میناکشی 1986 یس منٛز تیلگو  جیٖونا پوراتمس  فلمہ منٛز رجنی کانتس سۭتۍ  أکِس بٲتس منٛز خصوصی مہمانہ پٲٹھۍرول ۔
4690,2012 منز کوٚر ریاستہٕ کیو لیڈرو ہنٛدستٲنۍ مرکزی حکوٗمتس نش ریاستس منٛز پایدار امنہٕ کہ احساس خٲطرٕ سیٲسی ذریعہٕ تلاش کرنہٕ باپت رٲبطہٕ۔
4691,گیٹ بوارٕن: گیٹ بوارٕن چُھ آسٹریلوی بینڈ جیٹُک گۄڈنِیُک البم۔
4692,خصوصی انٹرویو چھِ ویکی نیوزس پٮ۪ٹھ مضامینن ہٕنٛدۍ تہِ حِصہٕ بنان۔
4693,یم دریا چھ تباہی کرن وٲلۍ تہٕ چھ وہرٲژ موسمس منٛز شورانگیز بنان۔
4694,"امہ بجایہ پز صٔحیح جواب ژھانٛڑنہٕ خٲطرٕ کھوورِ پٮ۪ٹھٕ دٔچھن کن وٕچھن۔
"
4695,نیوزی لینڈُک اصلاح محکمہٕ چھُ وٕنکیس نیوزی لینڈ، ویلنگٹنَس منٛز واقعہ ریموٹاکا جیلَس منٛز الزامَن ہُند تحقیقات کران۔
4696,مےٚ ٲس امید ز بنیٲدی خدمات آسن  زیادٕ سرۄجہ ، مگر کٗل قیمت بوزِتھ  گوٚ مےٚ ہنا  مایوسی ہنٛد احساس۔
4697,اتھ آیہ امِكہِ نوِ ڈِزاینہٕ باپت تہِ سیٹھاہ تعریف كرنہٕ ۔ 
4698,"أکِس ٹیمَس منٛز چھِ شےٚ رُکُن، یِمَو منٛز ژور کُنہِ تہِ وِزِ میدانَس منٛز آسان چھِ۔
"
4699,"موربلیفارم ریش، ایسچار، سپلینومیگالی، تہٕ لِمفیڈینوپیتھیز چھِ عام نشانیہ۔
"
4700,کیپ امریکہ بیوٹیفل چھ امریکاہک اکھ گروپ۔
4701,11 %کھۄتہٕ زیادٕ S&P CNX 500 متحد ادارن ہندۍ کارپوریٹ دفتر چھ تامل ناڈوس منز۔
4702,سیتا چھےٚ ہیٚنٛدٮ۪ن ہنٛز ساروٕیہ کھۄتہٕ مقبوُل دیوی ۔
4703,آز چھِ آسٹریلیا كین دوُر دراز جنگلی علاقن  منز ووُنٹھ روزان ۔ 
4704,بنیٲدی وۄدنۍ حالژ چھِ آرائیمنڈی ونان۔
4705,'یارے کوگاڈالی'، 'ہُٹیٖدارے کننَڑ'، 'ہے دناکارا'، 'ہُرٛودیا سَموٗدرٛا'، 'مانِکیاویٖنا' تہٕ 'نادامایا' بٲتھ گٔیہِ سیٹھاہ مشہوٗر۔
4706,رے ین کرِ فیچر فلموں، دستاویزی فلمہٕ تہٕ  شارٹس سمیت 36 فلمن ہٕنٛز ہدایتکٲری کٔرمٕژ۔ 
4707,کینژو گٲنٛٹو پتے گوٚو سورُے ریزورٹ ڈٔہِتھ۔
4708,گوگل سٹیڈیا سٹیڈیا چھ اکھ کلاؤڈ گیمنگ سروس یس گوگل چھ بناوان ۔
4709,2012 منٛز کٔر رحمانن ایک دیوانہ تھا تہٕ امریکی ڈراما پیپل لائک اس باپتھ موسیقی ترتیب، تہٕ کٔرٕن ہدایت کار یش چوپڑا ہس سۭتۍ جب تک ہے جانس منٛز کٲم۔
4710,یمن ہنٛز حالت چھ اکثر باقٕے حالتو سۭتۍ گژھان، یتھ کٔنۍ کلینیکل ڈپریشن۔
4711,چاولایہ چھٗ صنعتكار جے مہتاہس سٕتۍ 1995 پیٹھہٕ کھاندر ، ییمہِ سندۍ تس زٕ شُرۍ چھِ ۔
4712,تیوہار کیٛن دۄہن یِن گٲمی مکانن ہِنٛدۍ آنگن صاف کرنہٕ تہٕ تازٕ گٲو گُہہِ سۭتۍ لِونہ۔
4713,یمن منٛز چھ شومنگ لیلا تہٕ پھمپک لیلا (سٹیج ڈرامہ)۔
4714,ماسوٹ مُود 80 ؤرۍ شِہ وٲنٛسِہ منٛز 24 اپریل 2022 ۔
4715,حالانٛکہِ یِمن دۄن درمِیان اوس حٔقیٖقی محبت، ارجُمنٛد بانو بہگم ٲس سِیٲسی طور اَکھ گاٹٕج زنان تہٕ ٲس پنٛنِس خانٛدارس أکِس صلاح کار تہٕ سِر بوج بنِتھ  بكار یوان ۔  
4716,"گُڈ فرٛایڈے یس چِھ رچرڈ ویگنر سٕنٛدِس میوٗزِک ڈرٛامہ پارسیفل کِس پلاٹس منٛز اکھ خاص اہمِیت، یَتھ منٛز اکھ سازینہ  اِنٹرلیوٗڈ چُھ یتھ ""گُڈ فرٛایڈے میوٗزِک"" ونان چھِ ۔
"
4717,تٔمس میول مراٹھا کمانڈرن سانتا جی گورپڑے تہٕ دھن جی جادھو سٕنٛد طرفہٕ فوجی مدد۔
4718,باقی کلین کٹین منٛز چھ بٲنٛس، جنٛگلی مرٕژ، جنٛگلی ٲلہٕ، کیلامس رتن پام، تہٕ خوشبودار ویٹیور گاسہٕ، ویٹیوریا زیزانوایڈس شٲمل۔
4719,اولمپکسس منٛز لبنان: اولمپکسس منٛز لبنان چھ اکھ تٲریخ یۄس 1948 ہس منٛز شروٗع گٔیہ۔
4720,پریتھ اہم چھٗٹی دوہ باپت بنٲوِو  تقریبن ہٗند منصوبہٕ ، یتھ منز توہہِ مہمانن ہندِ شٲمِل گژھنٗک توقع آسہِ ، تیِ یم كرِیوُكھ پننہِ ویب سایٹہِ پیٹھ مشہور ۔ 
4721,یہِ فلم آیہِ ٲخٕر کار 26 اکتوبر 2012 ہَس منٛز جٲری کرنہٕ۔
4722,جو لیڈلین کوٚر 71 منٹن پیٹھ ستِم گول تہٕ انتھونی سٹوکسن کوٚر 74 منٹن پیٹھ کلایڈسڈیل بینک پریمیر لیگ گیمہِ ہٗنٛد ٲٹھم گول۔
4723,جلدی کٔر بیس بال کیٚن تمام کھلاڑٮ۪و بیس بال اتھہٕ پنٛجہ لگاون شروٗع ۔
4724,عام مسلن ہنٛدۍ جواب ہیکن اکثر پرژھنہٕ ینہٕ والین سوالن منٛز لبنہٕ یتھ۔
4725,یہ چھٗ جوفری بییلٹ  سٗند مٗستقل گھرٕ ۔
4726,فراہ گٗزرییہ 12 جٗلایی 2020 دۄہ 75 ؤرش، تٗرکی منٛز۔
4727,"یہ ہیٚنٛدِ دٲستان  چھے٘  جٲنی تہٕ ناكارگی ہندیو قوُوتو٘ ہندِ ارتِكٲیی سمندرس چھون٘پھ دِنہٕ پتہٕ   "" امریتھ بانہٕ (لافٲنیتک امرت) "" بننٕچ وضاحت كران ۔ "
4728,شکریہ ! مےٚ چھےٚ خوشی ز تۄہہ آو میون کھین پسند (وازٕ)
4729,اتھ ؤقتس آس پاس کٔر تانٛترک فلسفیٚو اہم مابعد الطبیعاتی تصورات تیار یتھ کٔنۍ کنٛدلیٖنی، چکر تہٕ منٛتر۔
4730,موواٹوپوزا آو 1958 منٛز میونسپلٹی ہنٛد درجہٕ دنہٕ۔
4731,1336 ہس منٛز دژ مسوُنری نایک سندِ  کپایا نایکن تٗغلٗق فوجس شکست تہٕ کٔرٕن  دلہ  سلطنتہٕ نَش  وارنگل دٗوبارٕ فتح ۔
4732,فون کالو سۭتہِ پنٕنہِ ناراضگی ظٲہر کرنس متعلق روٗزیو واضح، خاصكرِتھ  اگر تو٘ہہِ  اتھ کمپنی سۭتۍ کاربار کران چھِوٕ یا کٮ۪نٛہہ ہیوٚن یژھان چھوٕ مگر پریشان کرن وٲلہِ فون یژھان چھِوٕ نہٕ ۔
4733,"میسن گو سایٹہٕ ہنٛد غیر معمولی سائز تہٕ طویل عرصہٕ پیٹھ موجود کٹاؤ سۭتۍ بنن والیو بڈیو ٹینگو  سۭتۍ متٲثر۔
"
4734,ویب سائٹن ہنٛز اکثریت چھِ سوٛ استعمال کران یتھ فریم ورک چھٗ وننہٕ یوان ۔
4735,کارکنن زیادٕ باقٲعدگی سان مسٲیل ہل کرنک اجازت دنہٕ خٲطرٕ ین سنسر تہ نصب کرنہٕ۔
4736,امہٕ علاوٕ،  زٲنہِ  نٕہ تٕمہِ معاشی تعلقات انسانی زندگی ہُنٛد وٲحد اہم پہلو۔
4737,شٲعر ممولر تہِ چھ تٔمۍ سٕندِس منٹایی فتح  کرنس متعلق گیوان ۔
4738,بہٕ چھس کھوژان ییٚلہ لوٗکھ چھ مےٚ فون کٔرتھ میٛانہ بنٛک اکاونٛٹٕچ تصدیٖق کرنہٕ باپتھ او ٹی پی پرٛژھان چھِ ۔
4739,جان کولرس پیوٚو 41 ہو منٹَو پتہٕ مژھَِ  زخمہٕ كِنہِ نیرُن ۔ 
4740,پتھ كالہِ اوس سکیندنِویٲیی  مٗلکن منٛز سر قلم کرُن سزائے موت باپت  معموُلُک ذریعہٕ ۔
4741,امہ برٛونٛہہ 2012 منٛز گیوند أمہ ماسکوس منٛز گیلفینڈس خلاف عالمی چیمپئن شپ میچ تہ۔
4742,ہڈمبی چِھ کن تی یس سۭتۍ وعدٕ کران زِ سۄ تہٕ گھٹوت کچہ روز پانڈوہن ہنٛز زندگی نش تہٕ دربارچ عیش و عشرت نِش دور۔
4743,سٹاک قیمتن منز  گِراوٹ یِنہٕ سٕتۍ چھِ  سرمایہ کار خوفزدٕ گژھان ،ییمہِ سٕتۍ وریہ وادن ہٗند فٲیدٕ نہونہٕ یوان چھٗ ۔
4744,مختلف ذرایعن ہنٛد ونن چھ ز سۄ ٲس 1943، 1944 یا 1945 منٛز زامٕژ۔
4745,اتروبن گزریوو 25 جون 2020 ہس منٛز 86 وہر۔
4746,19 ہمہ صدی ہنٛد ٲخرس پتہٕ بڑیو پرٛیتھ ؤریہ منعقد گژھن وٲلۍ ماسٹر ٹورنامنٹن تہٕ میچن ہنٛد تعداد۔
4747,یہِ جماعت چھِ یِمن لُکن ہٕنٛدٮ۪ن گھرن ہُنٛد اِنتظام کران یِم ایچ آئی وی/ ایڈز، کوڑھ تہٕ تپ دق ستۍ مران چھِ۔ 
4748,امہ دۄہ چھ تمام مذہبن ہٕنٛدِ شٗرِ پنٛنین مالین ماجن پوُزاہ كران تہٕ تمن ٹیو٘ك تہٕ مالہٕ پیش كرِتھ تِہٗند دۄیہ خٲر حٲصِل كران ۔ 
4749,البتہ؛ طالِبانٕکہِ  ترجمان، محمد حٔنیٖفن ووٚن زِ یہِ حٲدِثہٕ اوس طالِبانن ہندِ  كِنہِ سپٗدمٗت ۔ 
4750,اے آیہِ  تہٕ یوُ ایلن كٕر  سویہ وضاحت یِژھ ایمركاہس منز چھِ ۔ 
4751,گٲڑِ کٔڑِو بَجہِ سڑکہِ یا شاہراہس پیٚٹھ تہٕ چَلٲیِو کم از کم 60 میٖل فی گٲنٛٹہٕ رفتارس پیٚٹھ۔
4752,اَہم عِبادت کَرن وٲلۍ، یِمن پروایتِن ونٛنہٕ چُھ یِوان، چھِ اکثر زنانہٕ آسان۔ 
4753,1986 منٛز آو چینی نیشنل ریسرچ انسٹی ٹیوٹ آف ووشو چینس منٛز ووشو سرگرمیَن ہٕنٛز تحقیق تہٕ انتظامیہ خٲطرٕ مرکزی اتھارٹی پٲٹھۍ قٲیِم کرنہٕ۔
4754,ییٚلہ تۄہہ یونورسٹی توصیف پیک میلان چھ اکھ اضٲفی نوجوان بالغ سٹیج چھ شٲمل یوان کرنہٕ۔
4755,"ٹیسکو چھُ اکھ ملٹی نیشنل ریٹیلر یُس برطانیہٕ چہِ ٹیسکو پی ایل سی یٕچ ملکیت چھے٘ ۔
"
4756,بمے٘ وٗچھ ز کرناٹکس منٛز چھ سیاحن سۭتہِ کینٛژن مقٲمی باشندٕن ہنٛد برتاؤ ناگوار تکیاز سیاح چھ نہٕ کننڑ زانان۔
4757,اکہِ دۄہ بوٗز تِمَو رنکو فلیٹ بناوَن وٲلِس سۭتۍ لڑٲے کران۔
4758,تٔمۍ سٕنٛدِ موتک تصدیق اوس لنکن کاؤنٹی شیرف سٕنٛد ۍ دفترَن کوٚرمت۔
4759,یمس نِش روُد  نہٕ ساوتری سٕنٛدس خانٛدارس زندٕ کرنہٕ علاوٕ کانٛہہ تِہ چارہ۔
4760,آنگن  دیوارٕچہِ  وٕسہِ پینہ واجین حالت وٗچھِتھ  اوس یہ احساس مایوٗس کٗن ز کتھہٕ  کٔنہِ چھٗ وقتن تہٕ موسمن کنہٕ تتھ چیزس پیٹھ پنن اثر ترومٗت  یٗس اکہ وقتہٕ مضبوط اوس۔
4761,شوبرٹن کوٚر پٔتمہِ ستمبر لوسین فیکٹسن سندِ  کوچ کِہِ  او٘ٛحدٕ  پٮ۪ٹھہٕ  اِستِفہٕ دِنہٕ پتہٕ بطور گۄڈٕنِکِہِ ٹیم کہِ  عبوری مینیجر پیٹھہٕ شروعات ۔ 
4762,مٔزید اندروٗنۍ علاقن  تہٕ دٔریاو بٔٹھین ہنز  میٚژ چھِ زِیٛادٕ تر سہلٲبی تہٕ پِشِج ۔
4763,تٔمۍ کوٚر آپریشنز ریسرچ گروپ قٲیم، یُس ملکس منٛزبازرس  پیٹھ  گۄڈنک تحقیق کرن وول ادارٕ چھُ۔
4764,فجی یس منٛز چھ کم از کم ژورم حصہ آبٲدی ہند ہندومتس پیٹھ عمل کران، تہٕ یہ چھٹی چھ فجی یس منٛز تمہ وقتہٕ مناونہٕ یوان ییلہٕ گوڑنک ہندوستٲنی ٹھیکہ دار مزدور تور  وٲتۍ۔
4765,"یہِ گوٚو 1964 ٹھس تام ریاستہاے متحد منٛز ٹاپ 1,000 ناوو منٛزٕ نٮ۪بر۔
"
4766,ڈِوِڈنڈ ، ڈِوِڈنڈ چھِ اكہِ  كمپنی طرفہٕ پنین حصس تھون والین ادایگی  ۔ 
4767,مگر یہ ملاقات گیہ سیٹھاہ غلط ییٚلہ راگنی پانس بے رحمی سان گردنہ پیٹھ چھُرۍ والان چھےٚ۔
4768,کیتھیڈرل ، یٗتھ یہِ وٗنكینس  کھڑا چھٗ ، اوس 1194 پیٹھہٕ 1260ٹھس  تام تعٲمیر کرنہٕ آمٗت ۔
4769,وارِیاہ ناولہٕ ،مضموُن تہٕ افسانہٕ شایع کرن وِٲلس ناراینس چھُ ہِندوستٲنۍ تحریر باقی دُنِیاہس تام واتناونُک شرف دِنہٕ ایوان ۔ 
4770,مےٚ چھ یہ وٕچھتھ اطمینان گژھان ییٚلہ از کل  کھاندرک خرچہٕ دۄشوٕے خاندان مساوی طور تلان چھ۔
4771,ایرانی فلم ساز ماجد ماجدی ین کوٚر رے نہ باپت  سیٹھا تحسینک اظہار۔
4772,"فِلپی  گُزریو پیرسس منٛز أکس فلمی پروجیکٹس پیٹھ کٲم کرنس دوران جگر کہِ کینسر سۭتہِ ۔
"
4773,اتر پردیش فاینانشل کارپوریشن (یو پی ایف سی) آیہ 1954 تھس منٛز ایس ایف سی ایکٹس 1951 تحت نٗمایاں طور  ریاستس منٛز لۄکچن تہٕ درمِیانہٕ صنعتن وۄتھبھو٘ دِنہٕ باپت قٲیم کرنہٕ۔
4774,باقی اہم صنعتن منٛز چھِ سیاحت تہٕ پن بجلی شٲمل، تہٕ آئی ٹی، آئی ٹی ایی ایس، بائیوٹیکنالوجی، دواسٲزی تہٕ آٹوموبائل صنعتن منز  چھےٚ مٗمکنٲتی ترقی۔
4775,مولوے چھ گرفتار کرنہٕ آمت، مگر سہ چھ سپرنگ فیلڈ کٮ۪ن شہرٮ۪ن پتھ ترٲوتھ فرار گژھان۔
4776,أمہِ  سٕنٛدِس مٲلِس رازٕ بھرمل  سٕنٛدِس اصرارس پٮ۪ٹھ کرنٲو نہٕ اکبَرن سۄ اِسلام قٔبوٗل تہٕ دیُتنَس پنٛنِس محلس منٛز ہیٚنٛدِ رسٕم ادا كرنٗك اِجازت۔
4777,2008 ہس منٛز قایم کرنہ آمُت، ٹورنٹو، کیٚنَڈاہس منٛز  میں قٲیِم یکشامِترٛا، چُھ ہِنٛدُستان نیبر گۄڈنیُک مُکمل یکشاگنا مٲلہٕ۔ 
4778,26 اکتوبر  2021 ہس منز کٔر سینیٹن زبٲنی ووٹہٕ  ذٔریعہٕ فلیک سٕنٛز تصدیٖق۔
4779,"عظیم گاڈٕ ٲس ہینہٕ آمٕژ تہٕ پتہٕ ٲس أکِس مقٲمی سوشی ریسٹورنٹ تہٕ ہانگ کانگس منٛز مقیم ڈائننگ اسٹیبلشمنٹٕک مٲلکَو شٲمِل کرمٕژ۔
"
4780,اگر تُہۍ نِکۍ تہ زٲوِلۍ چھِو تیٚلہ ژھٲنڈِیو بچن ہندِ وان تہِ ۔
4781,تِم چھِ  یقینی بناوان  پریتھ ملٲذِم چھ پننہِ  کامہِ نِشہِ خۄش ۔
4782,نرہریتیٖرتھ اۄس کلنگا سلطنتُس منز  وزیٖر۔
4783,اگر تۄہہ پونٛسہٕ وراثتس منٛز میلان چھو تہٕ تو٘ہہِ  یہ رقم اکہٕ لٹہٕ بجایہ لۄکٹین قسطن منٛز رٹٗن  یژھان چھِو ، تیٚلہ ہیٚکو تتو٘ہہِ  فورن سالانہٕ وضیفہٕ  قٲیم کٔرتھ ۔
4784,أمۍ ژھُن أکِس گرس پش تہٕ وٲلِتھ۔
4785,"2010منز امریکی مردم شمأری مطٲبق ، آبادی ٲس  12,520۔"
4786,عام طور  چھُ جنوبس کُن وسان حالانٛکہِ واریاہ منحنی خطوط سۭتۍ، باگمتی چھِ کھٹمنڈو وادی کِس بٹھِس پیٹھ واتان تہٕ دکشِنکالی مندر کمپلیکسَس نزدیٖک چوبھر گھاٹی منٛز دٲخل گژھان۔
4787,یاد تھٲیو زِ کلچ زۄو تہٕ پانٕچ زۄو  چھِ مٗختٔلف نٕسل ۔
4788,تٔمۍ زیوٗن 1956ہس منٛز 5.5 میٹر کلاس خٲطرٕ میلبورنس منٛز سرتلہ تمغہٕ۔
4789,دۄشوٕنی رقس چین صوُرتن منز چھُ ویژھنٲوِتھ كھورن ہنٗد تٗلہٕ تر٘او ، رٍقسٕچ ترتیب تہٕ اتھن ہندِ اشارٕ استمال سپدان ، مگر کتھکلی چِھ جنوُبی ہندوستٲنہِ مارشل آرٹ  حرکتہٕ یِتھ کٔنہِ  زن لانپہٕ تہٕ وۄٹہٕ   شٲمل كران ۔
4790,یہ فلم ٲس مرادن پروڈیوٗس کٔرمٕژ تہٕ أمۍ سٕنٛدۍ دوست اقبال یوسفن ٲسس ہٮ۪دایت کٲری کٔرمٕژ۔
4791,ژمہِ پیٹھ ووزلِیو٘  ژكھو٘ برعکس، ہیكہِ سیٹھاہ سون دھوب ہِ جان لیوا ٲسِتھ تہٕ چھُنہٕ ٹھیٖک گژھان ۔ 
4792,پوپ جان پال دومن بنوو سہ 1999 تس منٛز سکوانی ہک علاقٲیی پریلیٹ۔
4793,ریاستس منز چھ جنگلن ہند رقبہ ریاست کہ جغرافیٲیی رقبک 6.1 فیصد۔
4794,"بنیٲدی طور ٲسۍ ژور نواجو قبیلہٕ، مگر وۄنۍ چھ بیٚیہ تہ۔
"
4795,پیشین گوئی کرن والین ہٗنٛد ونٗن چھٗ زِ طوفانٗك  تعلق چھٗ تتھہِ ھ نظامس سۭتہِ  ییٚمہ کینٛہہ دۄہ برٛونٛہہ ہیوُسٹن، ٹیکساز علاقس منٛز ریکارڈ توڑ شین وول ۔
4796,یہ چھ یورپی سائڈر کھۄتہٕ مختلف یس نہٕ عام  پٲٹھۍ گرم چُھ یوان کرنہٕ ۔
4797,تٔمۍ سٕنٛز گۄڑنچ پیشكٲری  ٲس پنٛنس بیکنگ بینٛڈس سۭتہِ شریوپورٹ، لوزیانا ہس منٛز ۔
4798,اگرچہِ فِلمہِ  برلن انٹرنیشنل فِلم فیسٹیولس منٛز “کریٹکس پرائز“ مِیوٗل ، مگر اتھ اوس عام طور  خاموش  استقبال سپدان ۔
4799,یہِ پھہلییہِ  واریہن فنن تہٕ قسبن  تام، یِمن  پننہِ یِتھی  رسوٗم  ٲسہِ ۔
4800,सर्च इंजन ति छु अकसर वेब पेज बनावान यिम कैशस मंज़ छि दसतियाब आसान. 
4801,اتھ طٔریٖقہ کارس منٛز چھُ اکھ نفر گریلو اخراجاتن ہٕنٛز اکثٔریت ادا کران۔
4802,ژوٗرِم گۄپھ، گۄپھ 4، چھےٚ مشرِقس منٛز کینٛہہ قدم بۄن کُن۔
4803,یِہ گام چھ کرولی تہٕ ہارشمس درمیان گرین بیلٹس منٛز ۔
4804,درجہ حرارتس منز  اچانک کمی سۭتۍ گووُس بہٕ سیٹھاہ خوفزد ۔
4805,ڈاکٹر چھ عموٗمن موڈ سٹیبلائزر تہٕ اینٹی سائیکوٹک دواہاتن ہٕنٛد امتزاج سۭتۍ پاگل پنک علاج کران۔
4806,یہِ کتھ باتھ ہیٚکہِ 1931 کِس ٲخرَس مَنٛز سیکنٛڑ رونٛڑ ٹیبٕل کانفرنسُک بٲعث بٔنِتھ۔
4807,"کانڈ: بلیک سکینڈلس آیہ پوٗرٕ ہندوستانَس منٛز مثبت ریوِیو دِنہٕ۔
"
4808,مٗقابلہٕ كرن والین  ٹیٖمن ہنٛدیو مداہو٘  چھٗ عام طور  مٗثبت ردعمل دیوٚتمٗت ۔
4809,منٛدر چُھ شمال مشرقس کٗن بٗتھ كرِتھ ، ہمالیہٕ کس دھولا دھار سِلسِلس  کُن۔
4810,"تٔمِس اوس 1946 پیٚٹھٕہ 2001 کس منٛز تٔمہِ سٕنٛدِس مرنس تام سنتھیا ایپل وائٹَس سۭتہِ خانٛدر کٔرِتھ ۔
"
4811,"اتھ جایہِ اندِ پكہِ  چُھ وۄنہِ اکھ باغ ، کمپلیکسس منٛز چھِ باقین جاین نٔوِ بُت تھاونہٕ آمٕتہِ ۔
"
4812,ؤری وادن  قریبیرِشتہٕ آسنہٕ باووٚجوٗد چھٖ تہنٛد دشمنی ہنٛد وتیرٕ اسہ درمیان فراٹ پٲدٕ کران۔
4813,کھیلِہ منٛز دۄن منٛٹن پیٹھ  گول كرِتھ كھٕتہِ ڈیولز  گۄڈٕ بوڈس پیٹھ   ۔
4814,بیکم، ییٚمِس 125 مِلین دولت وننہٕ یوان چھے٘ ، ہیكہِ رقمہٕ باپت  اغوا کرنُک اکھ بو٘ڈ نِشانہٕ ٲسِتھ ۔ 
4815,یہِ چھُ اتھ  سپیڈومیٹر كہِ ہاونہٕ كھو٘تہٕ تیز نژناوان ۔
4816,15 اکتوبر 1949 کہ دۄہ گوٚو منی پور ہندوستانس سۭتۍ متحد۔
4817,"سرینایہِ گِیُنٛد سی اے اوساسونا، ایلچے سی ایف، تہٕ یو ای سینٹ اینڈریو خٲطرٕ تہِ۔
"
4818,وۄنٛگوٚو، ریاست ہاے مُتحدہ چہِ زنانہٕ چھےٚ وُنہِ تہِ واریاہن شعبن منٛز امریکی مردو نشہِ پَتھ۔
4819,خاصكرِتھ ، اَکہِ ناک آؤٹ تہٕ دۄن منٹَن ہٕنٛدِ آرام پتہٕ ہٮ۪کن ناک آؤٹ لڑن وٲلہِ توتہِ اكہِ پھِرِ لڈٲیہِ جٲری تھوٕنہِ ژٲرِتھ ، یو٘تام زن نہٕ تِم فاینل راونڈس منز ناک آؤٹ كرنہٕ یِن ۔ 
4820,2012 منٛز بنیوو سُہ ریفارم پارٹی ہُنٛد کارکُن ۔
4821,"تھراشرز گول ٹینڈر کری لیتھونن اوس تقریباً تھیبالٹَس پٲٹھۍ اصل، ییٚمۍ 28 منٛز 26 شاٹَن ہُنٛد مُقابلہٕ کرُن رُکٲو۔
"
4822,در اصل  اَتھ جایہ  سارِوٕٕیہ  کھۄتہٕ زیادٕ پونٛسہٕ آو  اپریل 2005 ہس منٛز ہِنٛدُستان تہٕ أمہِ  سٕنٛدِس اہم مدِ  مُخٲلِف پاکِستانس درمِیان أکِس او ڈی آی میچس منٛز زینٛنہٕ ۔
4823,یمن ملکن منٛز یہ عام پٲٹھۍ چھ یوان کرنہٕ تمن منٛز چھ ایس آیی ڈی ایس موتک تعداد کم گوٚمت۔
4824,یہِ مندِر چُھ  پرشوٗرامِشور مندرن ہندس سموہس منز اَکھ۔
4825,ملٕكہِ  لۄکٹہِ  ٹٗکرٕ  ہٮ۪کن پھٗٹِتھ خونٕچین لۄکچٮ۪ن رَگن تھو٘پ تہِ کٔرِتھ ۔
4826,ڈاؤن لوڈ ڈاؤن لوڈ  مطلب چھٗ دویمہِ  کمپیوٗٹر یا سرور پٮ۪ٹھٕہ زانٛکٲری حٲصل کرٕنہِ ۔
4827,"كارِ ہندِس  درٛال سٕنٛد طرفہٕ تہنزِ  شکایتُک جواب دِنہٕ پتہٕ گژھہِ تُہنٛز قونوٗنی چارہ جوئی دریافت کِس مرحلَس مَنٛز دٲخِل۔
"
4828,ڈرٛایور چھٗ از واریاہ تیز گٲڑِ چلاوان۔تس چھا یہِ بس ایمبولینس باسان ؟
4829,AICC چھُ PCC  پیٹھ سوزنہٕ آمٕتۍ نُمایندَن پیٹھ مشتمل۔
4830,ہوبوکن ٹرمینلس منٛز گٔیہ امریکی فوج تمن جہازن پٮ۪ٹھ سوار یم یورپ گٔیہ۔
4831,کیا ٲبی سرگرمین  یتھہٕ کٔنہِ زن سنورکلنگ خٲطرٕ چھا کانٛہہ حفاظتی سہولیات؟
4832,"25 پوئنٹ حٲصِل کرن وول گۄڈٕنِیُک ٹیم چھُ  سیٹ زینان۔
"
4833,"14 فروری 2008 آیہ  تہنٛد 525 ہِمہِ  زایہِ دۄہہ كِس  یادس منز مُلکَس منٛز تہنٛدِس ناوَس پٮ۪ٹھ ڈاک ٹِکٹ جٲری کرنہٕ۔
"
4834,سپریم کورٹٕکہِ چیف جسٹس، اولیور ایلس ورتھن تلنوو سوُ حلف۔
4835,اگر تۄہہ زانٛہہ تہ شکایت خط لیوکھمٗت آسہ نہٕ ، تیٚلہ ہیٚکن تۄہہ آن لاین واریاہ نمونہٕ میلِتھ۔
4836,بارسلوناہن زینہِ  یوُ ایی ایف اے چیمپئنز لیگ، تہٕ ریور پلیٹن زیوٗن 2015 کوپا لبریٹاڈورس۔
4837,تاہم اینالاگ آڈیو ٹیپ مٗتعرٗف  گژھنس  تام اوس اوٚور ڈبنگ ہنٛد محدوُد استعمال ۔
4838, گیزیٹ چھٗ 1 جولایی 2006 پیٚٹھٕہ الیکٹرانک طور شایع  سپدان ۔
4839,"كرول بیہن واجینہِ خٲرِشہِ  ہٮ۪کہِ واریٛاہ لٕٹہِ متھنٕچ ضروُرت پیتھ   یا ٲسہِ كِنہِ آیورمیکٹِنَس (بۄنہٕ کَنہِ) سۭتۍ اضٲفی یلاجٕچ ضروٗرت ٲسِتھ ۔
"
4840,"کرن اروڑہ سٕنٛزِ پروڈیوس کٔرمٕژ یہِ چھےٚ راز سٕنٛز ہدایت کٲری ہِنٛز شُروٗعات۔
"
4841,امہِ قٕسمٗك  جنگ اوس اکثر مۄچہِ ربہِ منٛز لڑنہٕ یوان۔
4842,یِمو بٲژو رٕٹ 2000 سس منٛز سمیُکتھا ناوٕچہِ اَکھ کوٗر منٛگتہٕ۔
4843,خنزیرن منٛز چھ سوائن انفلوئنزا کہ انفیکشن سۭتۍ تف، تھکاوٹ، پوندٔ،ژآس شاہس منٛز دشوٲری تہٕ بوچھہ کم گژھان۔
4844,سۄ چِھ گرِ نیران تہٕ پہاڑن منٛز روزان ییٚتہ سۄ پَنُن کارخانہٕ شروٗع چِھ کران، مکان ہیٚوان تہٕ اَتی روزان۔
4845,"پننِس آجر سٕندۍ طرفہٕ پیش کرنہٕ والِہ کُنہِ تہِ پروگرامُک فٲیدٕ تُلِو، یِتھ کٔنۍ زَن 401 کے، تہٕ کٔرِو جلدی پونسہٕ بچاوُن شروع۔
"
4846, جھیل  چھے٘  زیادٕ تر سمندری زٲژ ہنزو، كینہہ نٗنہٕ  آب چو تہٕ كینژو٘ تازِ آبہٕ ذٲژ ہنزو رنگا رنگ گاڑو سٕتہِ مالامال ۔
4847,یہ اوس برطانوی دورس منز نیلمبور ساگوان تہٕ انگادی پورم لیٹرایٹ کوزی کوڈے بندرگاہ کہ ذٔریعہٕ برطانیہس تام واتنہٕ خٲطرٕ قٲیم کرنہٕ آمت۔
4848,سیٹ اے سی ایل: سیٹ اے سی ایل چھ مائیکروسافٹ ونڈوزس پیٹھ سیکیورٹی ڈسکرپٹرس جوڑ توڑ کرنہٕ خٲطرٕ اکھ فری ویئر یوٹیلیٹی۔
4849,محترمہ کومبووَس باسیوٚو زِ  تسندِ یور یِنہٕ سۭتۍ یِیہِ  جنوبی لیسٹر  چہِ بجہِ  ایشیایی آبٲدی  مقامیتُک احساس۔
4850,یہٕ آو 1125 ہس منٛز بشپ آف کانسٹینس، الریچ اول سندِ دسہِ  تعٲمیر کرنہٕ ۔ 
4851,گوتھ لولیٹا ڈریسرن ہنٛد ونن چھ ز تم چھ پنٛنس پسندیدٕ بصری کی بینٛڈ سۭتۍ متٲثر۔
4852,اگرنیہ توہہِ برونٹھٕیہ  اَکِس یا زیادن وٲقف چھِو ، اَکھ دستی  آن لایِن سٔرچ  ہاوِ واریاہ ۔
4853,"ییٚلہِ زن 1956-57  ہَس منٛز صِرِف 200 شِرکت کَرن وٲلہِ ٲسہِ ،  2008-2009 وس منٛز ٲسہِ لَگ بَگ 10,000 شِرکت کَرن وٲلہِ ۔
"
4854,جیکی رابِنسَن ڈے: جیکی رابِنسَن ڈے چُھ میجر لیگ بیس بالٕچ اکھ سالانہٕ تقریب۔
4855,"یہِ چھ خٕطس منٛز ساروٕے کھۄتہٕ زِیٛادٕ وٕچھنہٕ ینہٕ والٮ۪و زیارت گاہو منٛز اکھ۔
"
4856,انگریزو بنوو 1940  منٛز اتر پردیش، بہار، پنجاب، آسام تہٕ اڑیسہَس منٛز واریاہ تعدادَس منٛز نہرٕ تہٕ آبپاشی ہُنٛد نظام۔
4857,جموں و کشمیرس منٛز چھ کھیلن ہنٛد ٹورنامنٹ ہندوستٲنۍ فوج تہٕ پولیس دۄشوٕنی ہٕنٛد ذریعہ منعقد کرنہٕ یوان، اتھ سۭتۍ سۭتۍ چھ مرکزی دھارٕچ سیٲسی پارٹی تہٕ آل پارٹیز حریت کانفرنس تہ منعقد کرنہٕ یوان۔
4858,"کورما: کورما یا قورما چھے٘ اکھ ضیافت  یو٘سہٕ  برصغیر  ہِندِ منٛزٕ درامژ  چھے٘ ۔
"
4859,"وۄنٛہِ گوٚو، جوُن 2017 ہَس منٛز آیہِ دِشا پٹانی شروفَس سۭتپِ سکرین ٹیسٹہٕ  پتہٕ اتھ منٛز نِنہٕ۔
"
4860,یہ چھ کوڈ کس بییس لائنس تام واتنک اکھ طریقہٕ ۔
4861,مِشاری بِن رشید الافسے: مِشاری رشید الافسے زاو 5 ستمبر 1976 ۔
4862,"ہِنٛدی فلمَو علاوٕ چھِ أمہِ  بھوجپوٗری، گجرٲتہِ ، ہریانوی، مرٲٹھہِ ، پنٛجٲبہِ ، بنٛگٲلہِ  تہٕ سِندھی فلمَن منٛز تہِ اداکٲری کٔرمٕژ۔
"
4863,پرنٹنگ ٹیکنالوجی ہند بیاکھ اکھ قسم چھ لیزر پرنٹر ۔
4864,یم چھ گروکلا شاگردی ذریعہ پھہلان، تہٕ اتھ منٛز چھ دوا تہٕ متبادل دوشونی علاجن ہنٛد امتزاج شٲمل۔
4865,سینٹرل پارک کنزروینسی کٔر 1980 پیٹھہٕ 2000سس تام سینٹرل پارک صاف ۔
4866,تھلاسری بریانی چھ بطور اکھ نسلی برانڈ مشہور۔
4867,یہِ چھُ بھونیشور، اڈیشہ، ہندوستانَس منٛز جمیشور پٹناہَس منٛز بھارتی مٹھس نزدیٖک واقع ۔
4868,شکر خدایس کن  ز ییٚمہ ہفتہٕ پیوٚو روٗد۔ وۄنۍ کھسہ میون فصل رٕتۍ پٲٹھۍ۔
4869,سمڈجیبیکن چھٗ سویڈنس منز  ڈلارنا کاونٛٹی منٛز اکھ شٕہرِ علاقہٕ۔
4870,"بیٛاکھ مٗبٲدِل  چُھ بچت  ایپ استعمال کرٕنِہ، ییٚتہِ تو٘ہہِ  یا تہِ تِم سٹورَس پٮ۪ٹھ استعمال کران چھِو یا تو٘ہہِ پتہٕ نقد رقم بدلہٕ  رٔسیدُک فوٹو اپ لوڈ کران چھِو٘ ۔
"
4871,ویب 2.0 برونٛہہ، انٹرنیٹ استعمال کرن وٲلۍ ٲسۍ ہٮ۪کن صرف ویب پیجس پٮ۪ٹھ معلومات پٔرتھ۔
4872,ییٚلہ میانہ خاندارنہِ پارٹی کتھۍ پلو لٲگۍ تہٕ انٛدر ژایہ، تٔمۍ کوٚرُس بہ پنٛنہ خوٗبصورتی سۭتۍ ششدر۔
4873,میزبان شہرُک ناو یی7 ستمبر بونَس آئرسَس منٛز 125 مِس آئی او سی اجلاسَس منٛز وننہٕ ، ییٚتہِ اکھ نوٚو آئی او سی صدر تہِ منتخب کرُن چھُ۔
4874,"ہزیرا پیٹروکیمیکل پلانٹ آو 1991–92 منٛز شروع کرنہٕ۔
"
4875,کینٛہہ باقی جرم، ییٚلہ پنالٹی ایریا اندر کرنہٕ چِھ یوان، امہ کس نتیٖجس منٛز چِھ پنالٹی شاٹ گژھان بشرطیکہ گولٕچ صورت حال آسہ۔
4876,صرف یی مانن اوس فکر تران ز یہ اوس زٔمیٖنس أنٛدۍ پٔکۍ نژان۔
4877,اتھ منٛز چھ تھنہ کھۄتہٕ کم چربی آسان، امی مۄکھٕ چھ اکثر امہ بدلہٕ ژارنہٕ یوان۔
4878,تم نتٲیج چھ اتھ نظریس مٗقابلہ  کران زِ فرد موُدِ  أکسٕے تباہ کن واقعس منٛز۔
4879,اُپَنشدَن منٛز چُھ دۄن زَنانہٕ فَلسفَین ہُنٛد ذِکِر آمُت کَرنہٕ۔
4880,امیک لگاتار استعمال چھ واریاہن احتجاجن ہند باعث بنیومت، خاص  کرِتھ اروم شرمیلا چانو سُند واریاہ کالہٕ پیٹھہٕ جٲری بھوک ہڑتال۔
4881,پرٛٮ۪تھ کانٛہہ چیٖز کٔرِو  لیٚکھِتھ پرِتھ  تاکہ اگر تۄہہہِ نِش روزِ تناضہٕ ووتھنہٕ كِس صوُرتس منز ہاونہٕ باپت كینہہ ۔
4882,پنٛنہ استعفہ پتہٕ، کوٚر ویبن بنیٲدی طور أکس مصنف تہٕ فلمساز سٕنٛدس طورس پیٹھ پنن روزگار حٲصل۔
4883,ٹیبرگ چُھ سویڈن چہِ جونکوپِنگ کاؤنٹی منٛز جونکوپِنگ بلدیہ یُک اکھ علاقہٕ۔
4884,"سیل فونن مَنٛز چھِ وونہِ  کال ویٹِنگ، لہذا چھُنہٕ یہِ کٲنٛسہِ ہِنٛدۍ خٲطرٕ تہِ چلوٗن  بہانہٕ۔
"
4885,فِلمِہ منٛز چھےٚ سۄ سُدیپ ساحرَس سۭتۍ جوٗرۍ بناوان۔
4886,یہ چھ سکولن منٛز گنٛدنہٕ ینہٕ والؠن دۄن مشہوٗر رٮ۪وٲیتی ٹیگ گیمن منٛز اکھ، دوٚیم چھےٚ کبڈی۔
4887,نیٹ بال چھُ دولت مشترکہ کٮ۪ن مُلکَن منٛز مقبوُل حصہٕ نِنہٕ ینہٕ وول کھیل۔
4888,کلارکن کٔر ایڈاہو ہس منٛز بطور بشپ، سٹیک صدر، تہٕ علاقٲیی نمایندٕ سٕنٛدِ پٲٹھۍ کٲم۔
4889,اننتن کوٚر ژھارنس دوران کاندینیہ سُنٛد یہِ کینٛژھا وُچھمُت معنی اوس تہِ ظٲہِر۔ 
4890,تمۍ کوٚر موجودٕ تامل ناڈو کیو کینژو  حصو علاوٕ پورٕ برصغیرس  احاطہ۔
4891,"سومناتھ چھُ بہَو جیوترلنگو منٛز گۄڈٕنیوک، تہٕ یمیُوک ذِکِر  رِگ ویدَس منٛز چھُ ۔
"
4892,گول کیپر چُھ فٹ بالٕكہِ  پٲٹھہِ  وكھرٕ رنگ لگاوان تاکہ سُہ یا سو٘  باسہِ پننین سٲتھین نِش الگ  ۔
4893,"ہیڈ ماسٹر سٕنٛدِس دفترَس آو 2015منٛز وائس پرنسپل ناو تھاونہٕ۔
"
4894,"اَمہِ علاوٕ یِمَن لوٗکَن یوٗ سی یَس سۭتۍ گۄڈٕنِچہِ ڈگری ہُنٛد رشتہٕ  چھُ تِہندِ خٲطرٕ  چھُ  بٮ۪مٲرِ گژھنُک خطرٕ ژۄگنہٕ بڑان۔
"
4895,توہہِ  ہیٚکِو سوشل میٖڈیا، ای میل ذٔریعہٕ خٔریٖد فَروختٕ  مُہِم، ریڈیو اِشتِہار یا بیٚیہِ کُنہِ قٕسمہٕ کہِ  فَروختُک اِستعمال کٔرِتھ ، مَگر تۄہہِ چَھو وضاحت کرنٕچ ضٔروٗرَتھ زِ تُہہِ  کِتھہٕ  کٔنہِ  چِھو یِم اِستعمال کرنُک یَرادٕ تھاوان۔
4896,میلی چھ قومی شہراہک اکھ شاخ مغربی سکمس سۭتۍ رلاوان۔
4897,"تٔمہِ زِیوُن 1936 ہَس منٛز تہٕ 1937 ہَس منٛز ریڈ ونگزَس سۭتہِ سٹینلے کپ۔
"
4898,اورٹنن کوٚر پنکس کَلَس  مُش  مارتھ حملہٕ ختم ۔
4899,سٹیشن ماشٹَرس مَدد منٛگنہٕ خٲطرٕ پیوٚو یِمن بٲژن دون سفرٕس منز تھکھ کَڑُن، سٹیشن ماشٹَرن دیُت یہِ مشوَرٕ زِ اتھ حالتہِ منٛز پَزِ نہٕ ہیلایہ خلاس گژھنس تام   سفر کرنٕچ کانٛہہ تہِ   کوٗشِش کَرٕنہِ ۔
4900,یہ چھ تلنگانہ ہس منٛز دہن دۄہن ہنٛد تہوار، یتھ منٛز ٲخری زٕ دۄہ واریاہ اہم چھ۔
4901,تِمَن یا یِمَن ہسپتالَن منٛز تِم کٲم کران چھِ تِمَن پٮ۪ٹھ حملہٕ کرُن چھُ واریاہَن سطحَن پٮ۪ٹھ جُرم۔ 
4902,شطرنجَس  آو  19ہِمہِ صٔدی منٛزکُنہِ کُنہِ وِزِ  وقت  ضایعہ كرٗن  قرار دِتھ تنقید کرنہٕ۔
4903,جیکوچو سیٹوچی، یس گۄڈٕ ہارومی سیٹوچی کہ ناوٕ سۭتۍ زاننہٕ ٲس یوان، ٲس اکھ جاپانی بُدھ بکشو، لکھٲرۍ تہٕ کارکن۔
4904,سٹرایکر سیبسٹین کوینٹاناہن كو٘ر  تھایی گول کیپر ڈوونٛگ ہونٛگ سونس بالسڈالنہٕ پتہٕ   ٹیمٕہ  بوج مگِد سند ڈٲلِمٕتہِ  شاٹ کس ٲخرس پٮ۪ٹھ ہیڈ ۔
4905,"گۄڈٕنِکِس جُرمانَس چھِ ٹانبیخ وَنان، دوٚیِم جُرمانہٕ چھُ ڈکی تہٕ ترٛیٚیِم جُرمانہٕ چھُ گیروم ییٚمیُک مطلب نااہل گژھُن چھُ۔
"
4906,سہٗ گزریو 3 جنوری 1891  نموُنیا سٕتہِ  ۔
4907,فلمہ منٛز کینٛژن ناون ہنٛزن ترتیبن ہٕنٛز شوٹنگ گٔیہ پچولا جھیٖلس منٛز۔
4908,کمپنی ہنز وضاحت چھے ظٲہر کران ز یہ چھ اکھ سمٲجی کاربار ۔
4909,"کیا تُہۍ دۄشوَے چھا وُنہِ تہِ خرچہٕ بٲگراونہٕ کِس طریقس سۭتۍ مطمین؟
"
4910,ریڈ بینڈس منز چھ 2008  منز لگ بگ 550 طٲلب علم شرکت کران۔
4911,سی ٹی وی 2 سی ٹی وی ٹوُ چھِ کینیڈاہس منز اکھ انگریزی زبانہِ ہنز ٹیلیوِجن نیٹ ورک ۔
4912,بطور کھلٲڑۍ سبکدوش گژھنہٕ پتہٕ کٔر لیٖزن بارنسلے ہس منٛز بطور نوجوان کوچ کٲم۔
4913,انتہٲیی غریب مشرقی بنگالَس پیٛٹھ گوٚو جلدی سیٲسی طور مغربی پاکستانُک غلبہٕ۔
4914,بنگلہ دیش تہٕ پٲکستان دۄشؤے چھِ زمیٖنی سرحدن سۭتی سمندٔری سرحد تہِ شر٘ودھہِ كران ، ییٚلہِ زن سری لنکا  رام سیتو ذٔریعہ صِرف اکھ  سمندٔری سرحد ۔
4915,"دنیا کین زیادٕ تر حصن منٛز چُھ کاغذک سائزک اکھ بین الاقوٲمی نظام استعمال یوان کرنہٕ۔
"
4916,"جیٹَن کوٚر ۲۲ دسمبر ۱۹۷۷ کِس ایڈیشنَس منٛز بیورلی جانسنَس ""سپر ماڈل"" پٲٹھۍ تہِ بیان۔
"
4917,بینجمینیک ٹیڈیس کریز چھ جنوبی کوریاہس منٛز گائیڈ سکیئر ریڈم نیورلی یس سۭتۍ ریس کران ۔
4918,یہِ گژھِ یاد تھاوٗن زِ ڈی ایچ چھٗ بطور اخراجچ تشخیص  وٗچھنہٕ یوان۔
4919,مختلف زبانَن تہٕ معذوٗر لوٗکَن باپتھ چُھ واریاہ مدتھ ۔
4920,"  أمہِ سُنٛد ذِکِر چھٗ کھنٛڈٕ کٮ۪ن خراب اثرَن مُتعلِق کینٛژن مضموُنَن منٛز کرنہٕ آمُت۔
"
4921,تٔلم کنہ پل چھ لیوسین کمپلیکسک آرکیان تہٕ پیلیوپروٹٮ۪روزویک جنیسس سۭتۍ بنان۔
4922,"جموں و کشمیرَس منٛز چھِ کٲشِر ہیٚنٛدِ یا پنٛڈِت برادٔری، کٲشِر سِکھ برادری تہِ، یہِ تہوار، بطور نو٘ ریہہ ، نَوِ قمری ؤرِیُک آغاز مناوان ۔
"
4923,گواہَس منٛز چھُ گنیش چترتھی چھ چاوتھ ونان کونکنی  تہٕ پراب یا پروا منز یہِ چھُ بھدرپد کِس قمری رٮ۪تہٕ کِس ترٛیٚیِمہِ دۄہ شُروٗع گَژھان۔
4924,جینن منٛزتبدیلی  یِم مدافعتی نظامٕکۍ حصہٕ چھِ یا میلانوسائٹسکہِ حصہٕ چھِ، چھِ دۄنوے چھِ وٹیلگوس سۭتہِ وابستہٕ كرنہٕ آمٕتہِ ۔
4925,"سۄ چھےٚ گرے گریفن سٕنٛدس کتابہٕ سلسلس منٛز اہم ڈاکوو منٛز اکھ۔
"
4926,"فلیٹ ورم تہٕ راؤنڈ ورم چھِ ورٹیبریٹ کیٚن عملی طور پرٛیتھ جنٛگلی ذٲژ منٛز لبنہٕ یِوان۔
"
4927,مقامی سیاسی اکاین چھ ریڈ وننہٕ یوان، یم اعلی سیاسی اختیارس تحت چھ یمن سایم شپ ونان چھِ۔
4928,دماغ کین بدین حصن متٲثر کرن وٲلۍ سٹروک ہیکن أنٛدۍ پٔکۍ ٹشوزن منٛز ثانوی دماغی زخمن سۭتۍ دماغس منٛز سیٹھاہ ورم تہ پٲدٕ کٔرتھ۔
4929,مےٚ چھ پننس شُرۍ سٕندِ اکاونٹٕچ حفاظتٕچ فکر تہٕ کٔرٕم بینکس سۭتۍ تہنز بچت محفوظ تھاونہٕ کین طریقن متعلق کتھ۔
4930,پننِس كاربارس مٗتعلق خبرٕ وٗچھِو آن لاین  یٗتھ زن توہی  لوٗكن سٕتۍ كتھ كرنہٕ وِزِ  زٲنِكار بٲسیو ۔  
4931,سمندری غٕذہٕچہِ مہارٔژ تہٕ مصنوعاتن ہٕنٛدِۍ نَوِرن بخٕش اَتھ کامیٲبی ـ
4932,ڈیرج چُھ اکھ غمک بٲتھ یا ناخۄشی ہنٛز نظم ۔
4933,"یہِ چھِ ضروٗری زِ تو٘ہہِ کٔرِو پنٕنۍ جَزبٕہ پننِس سٲتھیس  واضح طور  بیان۔
"
4934,"سِمبا چُھ گۄڈٕ دُروا سٕنٛدِ دٔسہِ شانَت کرنہٕ پتہٕ یہِ نظر انداز کَران، تہٕ أتھہِ دوران چُھ شَگُن تمِس سۭتہِ مُحبَت گَژھان۔
"
4935,یہ چھ بٗدیستی  نزدیٖک ، یٗس کالراسی کاؤنٹی منٛز چھٗ ۔
4936,پوٚتس دٔپِتھ چھ بنیٲدی طور شمٲلی اتراکھنڈ کیو بھوتیو ہٕنٛد دٔسۍ تیار کرنہٕ یوان۔
4937,"سنہٕ۲۰۰۲ منٛز آو
 سُک آغاز ۳۹ ہَن اراکیٖنَن تہٕ CLS 
ستن کرنسِین سٕتۍ کرنہٕ ـ "
4938,کینژن ورۍ یَن منز ٲسۍ این آر  ایف یو وٕک اصول آر ایف یو نِش الگ گٔژھن شروع گٔمٕتۍ، خاص طور لائن آؤٹ ختم کرنَس سۭتۍ۔
4939,بہٕ چھٗس ییتہِ نیرنس لگ بھگ تیار ۔ مے٘ وو٘ن خاص طور مے٘ چھِ دو٘ن بیڈ روُم والین ایپارٹمینٹن ہُند ضروُرت ، تہٕ ژٕ چھٗكہ مے٘ اكھ بیڈ روُم  واجِنۍ جایہ ہا وان ۔ ژے٘ چھیہ نہٕ مے٘ مناسب  جاے ژھانڈنس منز مدد كرنس منز تہِ ِلچسپی ۔ 
4940,افغان سکیورٹی فوجَن چھِ امریکی قیادتس منز اتحادس سٕتہِ میلِتھ  خبرو٘ موجوُب افغانستانَس منٛز لَگ بَھگ 70 شکاور دہشت گرد ہلاک کرِمٕتہِ ۔
4941,فیٖلڈ ہاکی ہٕنٛز مقبولیت تہ چھےٚ ہنٛدستان چہٕ ہاکی ٹیمہ ہنٛد زوالس برابر بٔڑس پیمانس پیٚٹھ کم گٔمٕژ۔
4942,"کشتواڑس چھ ""نیلم تہٕ زعفرانک سرزمین"" ونان۔"
4943,اتھ صوٗرتس منٛز چھ شمن کینن بالن ہنٛد استعمال کٔرتھ گگرن مارنٕچ کوٗشش کران۔
4944,باقٕیہ پیشہٕ ورانہٕ لیگہٕ تہِ چھےٚ دنیاہس منٛز موٗجوٗد، مگر اتھ کھیلس چھنہٕ بیس بال یا باسکٮ۪ٹ بال ہِشن  باقٕٕیہ  امریٖکی کھیلن ہٕنٛدِ پٲٹھہِ  بین الاقوٲمی مقبوٗلیت حاصل۔
4945,تمہ سٕنٛدیو نوۍ حریف ٲسۍ نہٕ زانٛہہ تہ مغلن سۭتۍ محبت کران تہٕ یمو اُوس مراٹھاہن ہنٛد پاس کوٚرمُت۔
4946,ایسپرین چھنٗہٕ یوان دِنہٕ تِکیازِ امہِ سٕتہِ ہیٚکہ خون ینٗک زیادٕ  اِمکان بنتھ ۔
4947,دانہِ ول کھوتہٕ زیادٕ نوزٗك ، اتھ چھٗ  كینژھا شرابٗك ہیوُ مزٕ ۔
4948,سریہہ دار  پن ہرن وٲلہِ كٗلہِ چھِ بالٲیی گنگا مٲدانس منٛز وۄپدان، خاصكرتھ  امہِ کین  دریاو بٔٹھین پیٹھ ۔ 
4949,حالانٛکہِ کورونری آرٹری بیمٲرِ چھِ اکثر بُزرگ بالغن منٛز اکھ بیمٲرِ سمجھنہٕ یِوٚان، مگر ٹرنر سینڈروم وٲجنین نوجوان زنانَن چھِ پننٮ۪ن 46ایكس ایكس  ساتھیو کھۄتہٕ یہِ بیمٲرِ گژھنُک زیادٕ امکان آسان ۔
4950,"پبلک ہیلتھ سروسَن کٔر1932 ہَس منٛز الباماہَس منٛز اکھ توٲریٖخی بلیک کالج ٹسکیگی یوٗنیورسٹی کِہِ اشتراقہٕ  سۭتہِ اتھ مطالعس پٮ۪ٹھ کٲم شروع۔
"
4951,اتھ پٮ۪ٹھ کٔر واریاہو خاندانو حکوٗمت یمن منٛز گُپتا، وردھنا خاندان، چندیل، ریوا ہٕکۍ سولنٛکی، مۄغل تہٕ مراٹھٕ شٲمِل چھ۔
4952,مثالہ پٲٹھۍ چھِ پرمبانن انڈونیشیاہس منز واقعہ عظیم مندر کمپلیکس جنوبی ہندوستٲنۍ فن تعمیرَس سۭتۍ واریاہ ہشر تھوان۔
4953,دی سیٹرڈے نائٹ چھےٚ 2014 ہٕچ ہندوستٲنہ ہندی زبٲنۍ ہنٛز فلم ییٚمیک ہدایت کار جے پرکاش چھ۔
4954,کیلیفورنیا، امریکہ تہٕ اونٹاریو، کینیڈاہس منٛز چھِ شوقیہ گر٘وُپ وۄتلیمٕتہِ ۔
4955,بہٕ چھٗس ملہٕ کھمبٗك رِیاض كرن والین ہنزِ لچکدٲری سۭتہِ  حیران ۔
4956,دکن کالج پوسٹ گریجویٹ اینڈ ریسرچ انسٹیٹیوٗٹک پیشرو آو 1821 منز قایم کرنہٕ۔
4957,عالمی چیمپئن شپ گژھہِ نہٕ سالانہٕ بینڈی ورلڈ کپ مُقابلَن سۭتۍ اُلجھاونہٕ یُن۔
4958,"پوائنٹ چھِ بنیٲدی طور بال ٹچ ڈاؤن خٲطرٕ مُخٲلف ٹیم کِس ٲخری زونَس منٛز برٛونٛہہ پکنٲوِتھ یا فیلڈ گول خٲطرٕ مخٲلِف سٕنٛدیو گول پوسٹَو ذریعہٕ بالہِ لَگٲوِتھ سکور یِوان کرنہٕ۔
"
4959, 1954 ہَس منٛزکٔر تٔمہِ  ضِمنی انتخابَن منٛز باندرا پیٹھٕ لوک سبھایہ منز  اژنٕچہِ بییہِ کوُشِش، مگَر سُہ آو ترییٚمِس نمبرَس پیٹھ ( کانٛگریٚس پارٹی زیوٗن)۔
4960,تمام کنٹینر یم بیرون ملک شپنگ خاطرٕ استعمال کرنہٕ یوان  ٲسہِ  تم چھِ سٹیل سۭتہِ بنیمٕتہِ تہٕ یِہندِیو٘  ایلومیوُنیم ہم منصبو کھوتہٕ واریاہ مضبوُط ۔
4961,"2011 ہَس تام ٲس قصبٕچ آبٲدی 41,000 وننہٕ آمٕژ  ییٚلہِ زَن کمیونٹی ڈیولپمنٹ بلاکٕچ آبٲدی  تقریباً 88,500 ٲس۔"
4962,یم لوکھ باقٲعدگی سان خنزیرن نش روزن چھ تمن چھ سوائن فلو کِہ انفیکشنک خطرٕ زیادٕ آسان۔
4963,امیک مطلب چھنہٕ یہ ز پرٛٮ۪تھ کانٛہہ یس دواہ چھ کھٮ۪وان تٔمس پٮ۪ٹھ آسن مضر اثرات۔
4964,1997 منٛز ، videogamespot.com بنۓ مختصر وقتس خٲطرٕ videogames.com ۔
4965,"تۄہہِ چھِو پتاہ بلیک فرایڈے چھِ کینٛہہ اصل سودا دِوان، حالانکہِ تۄہہِ پیٚیَو ہجوٗمس سۭتۍ لڑُن۔
"
4966,دھواندھر آبشار چھُ بھیڈاگھاٹس منٛز نرمدا دریاوس پیٚٹھ واقع تہٕ یہِ چھُ  30 میٹر تھوٚد۔
4967,ذٲتی توہین یا کانٛہہ تہ شکایت زِ تُہۍ چِھو سٹورس پیٹھ واریاہ پونسہٕ خرچ کران امہ نِش بچِو۔
4968,اگرتو٘ہہِ كٗنہِ سٲحِلس  یا نٗمایاں شری مركزس نزدیك چھِوٕ ، قٲمتھ ہیكہِ اگر توہہِ گٲمی علاقس منز چھِوٕ تمہِ كھوتہٕ وٲجِب ٲسِتھ ۔ 
4969,"اَتھ علاقس منز ٲسۍ گوڈنِکۍ گام ایٹروسکین تہٕ رومنَن ہنٛدۍ۔
"
4970,اگر تۄہِہ خیمہ تہٕ/یا سلیپنگ بیگ پانس سۭتۍ اوٚنوُہ، واتوُنے لٲگِو یِم۔
4971,اڈجہ ڈاکٹرسند طرفہٕ دنہٕ ینہٕ والین  ایلوپیتھی دواہن چھ خوفناک مضر اثرات ۔
4972,یہِ چھٗ مینائی آبنائے پاكس  پیٹھ ، اینگلسی یس برٛونٹھہٕ  کنہِ ۔
4973,پاکستانس منٛز دیوٗت سینٹرل بورڈ آف فلم سنسرزن فلمہ ایٚڈلٹ سرٹفکیٹ مگر کینژن سییٚنن پیٹھ کوٚرُن اعتراض۔
4974,وۄنۍ گوٚو، تتہ چھ کمپنیہ یم برٛونٛہہ کن پونٛسہٕ خٲطرٕ یژھٕ منظم تصفیہ ہٮ۪نٕچ پیشکش چھ کران۔
4975,تٔمۍ کوٚر نہٕ پنٛنہ پیشٕور زنٛدگی منٛز زانٛہہ تہِ شکستک مقابلہٕ، تٔمس چھ 46-0 ریکاڈ۔ 
4976,چیز بیگس منز تھونہٕ وزِ گژھِ عام عقل ورتاونہ یِنۍ۔
4977,مختلف کارکردگی ہند تھریڈ چھ عام طورس پیٹھ ڈیٹا منتقل کرنہٕ خٲطرٕہ ایکس بییس سٕتۍ کتھ باتھ کران ییلہ تیم کٲم چھ کران۔
4978,"تُہہ ہیٚکو ""چارج بیک"" حٲصل کٔرتھ ۔اشراتن چُھ چارج بیک کریڈٹ کارڈ ٹرلین دین  کران۔"
4979,بندرگاہ چھ عام طور گرینڈ ہاربر کھوتہٕ زیادٕ سیاحن ہٕنٛد استعمال خٲطرٕ وقف۔
4980,"یہِ چھُ شُمالَس منٛز نیریامنگلم پیٹھٕ پانم کُٹی تام پیریار کِہ چینلہِ سۭتۍ اند واتان۔
"
4981,"یہِ چھِ مُلکٕچو ساروِیہ کھۄتہٕ پراِیو  سرکٲریعوٲمی  بس ٹرانسپورٹ خٔدماتَو منٛز اکھ ۔
"
4982,"دوستانہٕ اندازس منٛز روُزِتھ بڑھٲیِو ہنا آواز تھوڈا ، تہٕ تٲریو٘ فِكرِ تۄہہِ چھنہٕ دُبارٕ دِلچسپی ۔
"
4983,یہ ٹھیک کرنہٕ خٲطرٕ بنٲو آیہ ایی ایی ایی ین  آیہ پی وی 6 یتھ منٛز امہِ مزید تہِ پتاہ ٲسہِ ۔
4984,فریڈن سوُنچ زِ  لوكٕٹہِ  شٗرین پیٹھ  چھِ اِد سنز حكوُمت ۔
4985,یمو منٛز ٲس واریاہ چیلنجز پتہٕ باقٕے گیم شوزن خاطرٕ استعمال گژھن وٲلۍ اہم خیال۔
4986,درجہ حرارت چھ وارٕ وارٕ ہُران زیادٕ نمی تہٕ ابرٕ دار آسمان سۭتۍ۔
4987,سُہ چُھ بین الاقوٲمی سطحس پیٚٹھ ترقی تہٕ بقا کِس تجزیس پیٚٹھ تمہِ سندِ  تحقیقہٕ خٲطرٕ زاننہٕ یوان ۔
4988,وونہ گو٘و قطبی خطن منٛز ہیكہِ  آفتاب كھسنس تہٕ  آفتاب لوسنس  درمیان رتہٕ کالہِ زتو وٗہو٘ گٲن٘ٹہٕ زیادٕ وكھ ٲسِتھ ۔ 
4989,"صرف کینٛہہ گٲنٛٹہٕ پتہٕ دژ شنہوا خبر رساں ایجنسی خبر ز سرکٲرۍ اہلکارو اوس تمن ؤنمت ز 15,000 چھ مٔودمتۍ۔"
4990,أمہِ دِیوٗت ہندوستانس منٛز موجوُدٕ شہری سماجس كھو٘لٗوو ، ییٚمہِ قبٲیلی تہٕ وٕسہِ پایہ لوُکن ہٕنٛدین مشٲیلن كٗن توجہہ دِیوٗن شروُع كو٘ر ۔
4991,2006 ہس منٛز کٔر تٔمہِ یورو سیریز 3000 کِس دۄیمِس حصس منٛز ریس۔
4992,میم کٹ اوس گۄڈنیک مکایہ فصل جمع کرنہٕ پتہٕ آباو اجدادن خٲطرٕ وقف تہوار، ییٚلہ زن پال کٹ فصلک آخری حصہٕ تہٕ نو ؤریک آغاز مناوان اوس۔
4993,حیواناتن منٛز چھ کٮ۪نٛہہ مكوڈٕ  تہٕ سپونج، تہٕ باقین  گروٗپن ہٕنٛدِ نایاب نمٲیندٕ شٲمل۔
4994,"سُہ چھُ ہارورڈ یونیورسٹی منٛز اکنامکسُک اینڈریو ای فرر پروفیسر۔
"
4995,ارانڈیل پروسیسرزن چھ مربوط گرافکسچ صلاحیت مگر صرف زٕ پروسیسر کور ۔
4996,لۄکُٹ وندھیا کوہی سلسلہ تہٕ بالایی علاقہ چھ  امہ کس جنوبس منز۔
4997,یونیورسٹی کیفیٹیریاہس منٛز  اوس کھین اکھ انکشاف۔ مےٚ ٲس نہٕ وۄمید زِ یِہ آسِہ یوتاہ اصل۔
4998,پارکر، کولوراڈو: پارکر چھ ڈگلس کاونٛٹی، کولوراڈوہک اکھ شہر۔
4999,گوڑنک پانژن شمارن منٛز ٲس پرتھ شمارس منٛز زٕ کہانیہٕ۔
5000,گلبٲرٹ، آرکنساس: گلبٲرٹ چھ امریکی ریاست آرکنساسک اکھ شہر۔
5001,یم تھرو چھ کھیلہٕ چہ پیچیدگی منٛز اضافہٕ کران تہٕ نیوکومب کین واریاہن باقین قٕسمن ہنٛدس مقابلس منٛز چھ اتھلیٹک اہلیت چہ زیٛادٕ ڈگری ہنٛز ضرورت آسان۔
5002,ساونٛڈ ٹرٛیک ایلبم اوس سچن-جگرن ترتیب دیتمت، ییٚمکۍ بٲتھ جے دیپ ساہنین لیٖکھمٕتۍ ٲسۍ۔
5003,"توٲریٖخی طور ٲسہِ کٗمبھ مٲلہٕ  نٗمایاں  تجٲرتی تقریبہٕ تہِ ، یَتھ منٛز اکھاڑن  ، عبادتہٕ  تہٕ برادری  گٮ۪ونس، روحٲنی بحثن، تٔعلیٖمہِ تہٕ تماشہٕ باپت  نٔو بھرتی شُروٗع گژھان ٲس۔
"
5004,ڈیون نیٹ بال چھ سپریٹنس منٛز، ڈیون پورٹس بِلخٗل  نیبرِ کنہِ ۔
5005,خبر چھ ز گلشن دیویا اوس مخالف بھوانی سنٛد کردار ادا کران۔
5006,यिमव  मन्ज़ॅ गोड्नियुक  आव बरतानियाहस  मंज़ मुकमल करन्.  
5007,گۅڈنکٮ۪ن کپمیوٹر ساینسدانن ہُنٛد مقصد اوس شطرنجِچ کھیلہِ ہٕنٛز مشین بناوٕنۍ۔ 
5008,بچنہٕ خٲطرٕ چھ اتھ جمٲژ سب وے ٹوکن جمع کرٕنۍ ییٚلہ بجلی فراہمی چھےٚ ہُران۔
5009,اگر تۄہہِ اعزاز میلہِ، یہِ سورُے آسہِ اَتھ خٲطرٕ کَرُن لایق۔ 
5010,وِکِپیڈیاہٕچ بُنیاد ترٲو 15 جنوری، 2001 ہس کیُتھ لیری سانٛگیر تہٕ جِمی ویلزن۔ 
5011,میسے زاو 2دسمبر1931 اوکلیند کیلفورنیاہس منز۔
5012,ییلہِ احتجاج تیزِیو ، رہنٗماہن تو٘ر بطورِ علامت نوُنٗك طاقت فِكری ۔
5013,"شٔدیٖد خراب موسمہٕ کِنہِ   چھِ بچاو کوُشِشن منز پریشٲنی گٲمٕژ ۔ 
"
5014,یہِ چھٗ کولو  سۭتہِ  تِم  چیز كڈِتھ بناونہٕ یوان یِم نہٕ  کاربن چھِ  ۔
5015,مےٚ چھ یہ خوفک احساس ز بہٕ ہیکا تہنٛدِ پیشورانہٕ تہٕ ذٲتی زندگی متعلق کینٛہہ غلط ؤنتھ یا پِرژِتھ۔
5016,وونہِ گو٘ ، تمہِ كو٘ر پتہٕ یہِ رِشتہٕ قبوُل ۔
5017,رپورٹو مطٲبِق چھ 2015 پؠٹھٕ وٕنیک تام پٲکستانس منٛز 68 ٹرانسجینڈر لوٗکھ مارنہٕ آمٕتۍ۔
5018,اطلاع مٗتٲبِق چھِ   لگ بگ 1505 مکانہٕ  تباہ گٲمٕتہِ تہٕ 7600 کھوتہٕ زیادٕ گھرن  نۄقصان ووتمٗت ۔
5019,اِن وٗڈ ،ا آئیوو: ان ووڈ چھ   آئیوو ،امریکاہس منز اکھ شہر۔
5020,امہ قٕسمٕک ارٹیکریا چھ نایاب تہ ونٛنہٕ یوان تہٕ چھ آبس سۭتۍ چھُہہ لگنہ سۭتۍ گژھان۔
5021,"تُرکی وزیرِ  ٹرانسپورٹیشن بِنالی یلدِرِمن چُھ اَمہِ قربٲنی ""طریقہ روٚس وتیرٕچ مِثال"" قرار دِیُتمُت۔"
5022,"تِم چھِ تمام بولہ والین  پرندن منٛز ساروِی کھۄتہٕ زِیٛادٕ ، یِم لگاتار تہٕ بَڑِ آواز کڈان۔
"
5023,پِکاسا چھٗ فوٹو منظم کرنہٕ تہٕ ترمیم کرنہٕ خٲطرٕ اکھ سافٹ ویئر ایپلیکیشن ۔
5024,ایٚم وی ایٚم وی چھ کریڈٹ کارڈن تہٕ ڈیبٹ کارڈن خٲطرٕ اکھ معیٲری پروٹوکول ۔
5025,پتہٕ چھ تم شُمالَس کٗن پھیران تہٕ بیرنگ سمندرس سۭتہِ سٕتہِ  نوم  گژھان۔
5026,"سوٗ روُد ونان ""یہِ چھُ بس بدعت  زَن توہہِ  مۄحبَت کران  نیشنل پوسٹ پٔرِیو٘۔"""
5027,ہاکی پک چھ ربڑٕچہ ہارڈ ڈسکہٕ یم آیس ہاکی گنٛدنہٕ خٲطرٕ استعمال گژھان چھ۔
5028,یہ چھٗنہٕ شٗرین پیٹھ آزماونہٕ آمٗت تہں چھٗنہٕ  شیٚو وریو  کھۄتہٕ کم وٲنٛسہ ہندین شٗرین باپت  تجویز کرنہٕ یوان ۔
5029,واریاہ جایہ چھ ٹرٛام تہٕ ریل گاڑِ عوٲمی ٹرانسپورٹ کہ شکلہ طور استعمال کران۔
5030,"1902 ہَس منٛز آو پلاٹ ترمیم مٗلك کیوُبا کِس ٲییٖنَس سۭتہِ  شٲمِل کرنہٕ۔
"
5031,केंह कमप्यूटर मय्यार छि सी पी यू या जी पी यू टेस्ट करन् खातर्.   
5032,بہٕ گوس یكھ دم  تہٕ ژاس  تِمو٘ مٕنزِ تہٕ مِڈ فیلڈ پیٹھہٕ دِتٗم اسماعیلس  زِیوٗٹھ پاس ، یٗس جیكسن اوونس سنزِ رفتارِ سٕتہِ سٕتہِ  نیصفس مٲدانس دویو٘ ۔
5033,ورما چھُ میڈیا کمپنیَن، برٛانڈَن، کارپوریشنَن تہٕ یوٗنیورسٹیَن باپتھ رٲبطہٕ، پی آر تہٕ مارکیٹنگ مُتعلِق مشورٕفراہم کران۔
5034,اتھ کنونشنس منٛز شرکت کرن والین ہندِ خٲطرٕ چھنہٕ کاس پلیینٛگ اکھ غیر معمولی واقعہٕ۔
5035,1987 تس منز آو تس گوڈنیوک ورلڈ فوڈ پرائز دنہٕ آمُت۔
5036,"انٹر وار دورس منٛز، شطرنجس منٛز آو آرون نمزووٹش تہٕ رچرڈ ریٹی ہِوین نام نہاد ہائپر ماڈرنسٹن ہنٛد نٔو نظریٲتی مکتبہٕ سۭتۍ انقلاب برپا کرنہٕ۔
"
5037,اے ایف ایل گوٚو نسبتاً غیر واضح پٲٹھۍ شروع مگر ٲخٕر کار گوٚو پروان، اے بی سی ٹیلی ویجن نیٹ ورکس سۭتۍ ابتدٲئی ٹیلی ویجن مہادس سۭتۍ۔
5038,مشورٕ دِنن تر٘وو فردن تہٕ تِہندین  كٗمبن  ہندِس  سمأجی مہارتہٕ  تہٕ تعلقات  احتیاط سان تیار کرنہٕ كِس  ضروُرتس مٗتعلق  اشر یٗس  سمٲجی پانناوٗن برون٘ہہ پكناونس منز  مٗفید شٲبِت سپدِتھ ہیكہِ۔ 
5039,پنسیلوینیا ڈپارٹمنٹ آف ٹرانسپورٹیشن دٕسہِ  تھاونہٕ آمٕتہِ ریکارڈ چھاشارٕ دِوان  2004 تہٕ 2005 ژس منٛز گٔیہ پینسیلوینیاہس منٛز 180 ہیلمٹ لگٲوِتھ موٹر سایکل سوار گیہ ملبس منز  ہلاک ۔
5040,دویمِِس  واقعس منٛز ییٚلہِ چنٛدرٛگُپت سِكندرسٕنٛدٮ۪ن جرنیلن  سۭتہِ  جنٛگٕچ تَیٲری اوس کَران، اَکھ اگاد جنٛگلی ہوٚس آو أمِس برٛونٛہہ کُن تہٕ کوٚرُن پنُن پان أمِس سَوار کرنہٕ خٲطرٕ پیش۔
5041,بلڈ پریشر کم کرن چھ حتمی طور  یسکیمک تہٕ ہیمورجک سٹروک دۄشوٕنی رکاونہٕ خٲطرٕ ہاونہٕ آمت۔
5042,علامتن منٛز ہیکن اعصابی نظامٕکۍ اثر، جگرٕچ خرٲبی، تھکاوٹ، مژِ ہنٛز کمزوری، أڑجہ تہٕ ژمہِ منٛز تبدیلی تہٕ باقی شٲمل ٲستھ۔
5043,تمو دژ پٔتمِس فاینلس منٛز مانچسٹر سٹی شکست۔
5044,بہٕ ہیٚوک نہٕ صفس منٛز گوڑنیوٗک ہیندسہٕ  تلاش کٔرِتھ ۔
5045,خشک شینک بَہا سۭتۍچھ دم گژھان تہٕ چھ تمہ سۭتۍ چھِ مران۔ 
5046,یہ چھُ عکاسی کران تانگ خاندانس دوران بحرانی وقتچ تہ۔
5047,المپرائی قعلٕكۍ  کھنڈرات  چھِ  کڑہپکمس قریب واقع ، یٗس ملہٕ پوُرم پیٹھہٕ   50 کلومیٹر دور سمندر طرفہٕ  نظرِ گژھن وٲلِس  زمینس پیٹھ  واقع چھٗ ۔
5048,ممی! ژےٚ کیٛاز لٲجتھ دکانس منٛز مےٚ پیٹھ  کرٛیکھ، بہٕ گوس امہ سۭتۍ مایوس۔
5049,"اوڈیپس کمپلیکس چھ تمہ وقتہٕ آسان ییٚلہ اکھ لڑکہٕ پنٛنس مٲلس سۭتۍ حسد چھ کران۔
"
5050,"برٛانڈاور آو اکیڈمی ایوارڈ خٲطرٕ نامزد کرنہٕ تہٕ زیوٗنن گولڈن گلوب ایوارڈ۔
"
5051,کمپنی ہٕنٛزِ أکہِ زنانہ ترجٗمانن ووٚن ز 35 ملین کیوبک میٹرن ہنز مٗمکنہٕ کٔمی ٲس۔
5052,جتینس آو ایچ ایس آر اے خٲطرٕ بم، سامان تہٕ باقٕے ہتھیار بناونہٕ خٲطرٕ وننہٕ۔
5053,कमपनी कॅनि लग बग 22 मिलियन कोमोडोर 64   मिशीनॅ यिमॅ 1982 थस  मंज़  जारी करन्आई  .
5054,"گۄڈنِکِس پیریڈَس منٛز کٔر پینگوئنَن ایوجینی مالکن پاور پلے گولَس سۭتۍ1-0 سۭتۍ برتری حٲصِل، یَتھ منٛز مارک ریچی تہٕ سڈنی کراسبی مدد کوٚر۔
"
5055,سولر پاور پلانٛٹ چھ آفتابٕچ روشنی بجلی منز تبدیل کرنس پٮ۪ٹھ مبنی۔
5056,سپریا بیٹولفولیا ہٕچ اکھ نٔسل ٲس مقٲمی امریکا کٮ۪و لوٗکو کھیٔمٕژ۔
5057,1977 ہس منٛز گو سہٗ  سلورسٹونس نزدیٖک ایسٹن نیسٹنس منٛز ہیسکیتھ ریسنگس منٛز شٲمِل ۔
5058,مشرقی آرتھوڈوکس تہٕ پروٹیسٹنٹ  چھِ واریاہن ہیوین  چیزن پیٹھ یقین تھاوان ۔
5059,یِتھہٕ پٲٹھہِ ہیوت  تٔمہِ پالواہن ہنٛد طرفہٕ چالوکیاہو دسہِ برونہہ  کرنہٕ آمژِ بے عزتی ہنٛد قساس تہٕ  كرنووٗن کیلاسناتھ مندرس منٛز فتح کِس تھمبس پٮ۪ٹھ کننڑ نوشتہٕ رقم ۔
5060,"کینٛہہ کملہٕ یا آرام دِنہٕ وٲلہِ چیز تہٕ اکھ شاند تھٲوِو اکوٹہٕ۔
"
5061,"ترٛیٚیو فہرستن منٛز چُھ پرتھ اکھ (ذیلی زمرٕ، صفحات، میڈیا فایلہٕ) ہیرکٔنہِ بیان کرنہٕ آمتِس ترتیبس منٛز ترتیب دِنہٕ آمُت (امہٕ ورٲیی زِ ، ذیلی زمرن ہٕنٛدِس فہرستس  ، نیم سپیس اِنڈیکیٹر ""كیٹگری"" پیٹھ چُھنہٕ غور کرنہٕ یوان)۔"
5062,केंह छि हाड ड्राइव मंज़ स्टोर गोमुत डेटा ख़तम करनिच कूशिश करान।
5063,"یہِ شہرس مَنٛز چھِ یونیسکو عالمی ثقافتی ورثہ مقمات  آمیر قٕلعہٕ تہٕ جنتر منتر تہِ۔
"
5064,نوعمر حملٕچ ساروٕے کھوتہٕ کم سطح چِھ جاپانس تہٕ جنوبی کوریاہس منٛز۔
5065,آب (ارگ)چُھ زوٗنہِ (چندر، قمری دیوتا) امہِ سٗند دویہِ خٲر حٲصِل كرنہٕ باپت دِنہٕ یوان ۔ 
5066,سُہ ہاریو بِلوچپور مارچ 1623منٛز۔ 
5067,"فِلِم فیئر نَقادو کٔر فِلمِہ ہنٛدِ  بطور  ""حقیقی طور ہوشیار ایکشَن تھرلر"" تعریف ۔"
5068,امیک ناو چُھ سعودی عرب کِس بادشاہ فیصل سنٛدٕس ناوس پٮ۪ٹھ تھونہٕ آمُت ۔
5069,کُنِہ خرچس پیٹھ یا گراوٹہٕ والین اثاثن پیٹھ سودٕ رُس قرض ہیکِہ خراب قرض ٲسِتھ۔ 
5070,بینڈیٕک زیادٕ غٲر رسمی قٕسم تہِ چھِ موٗجوٗد، یتھ کٔنۍ زَن ریگولیشن سایزٕک گول پنجرن سۭتۍ سیٚون اے سایڈ بینڈی مگر کارنر سٹروک ورٲے، یِم اصول 2016 منٛز ڈیووس کپس منٛز لاگو ٲسۍ گٔمٕتۍ۔
5071,جاپانس منٛز چھ ٹگ آف وار سکولک کھیلن ہنٛد تہوارک اکھ اہم حصہٕ۔
5072,سٹرم گراز، پتہٕ فرانسس منٛز سوچیکس تہٕ سویزر لینڈس منٛز گرینچنَس خٲطرٕ۔
5073,کینیڈاہس منٛز چھ یہ تقریب کینیڈین کینسر سوسایٹی ہٕنٛد ذٔریعہٕ منعقَد کرنہٕ یوان۔
5074,راجکمار ٲسۍ خرافٲتی لوُكھ میجر میکسویلَن وُچھ تہٕ تٔمۍ کٔرنہٕ تِمَن حوصلہٕ اَفزٲیی۔
5075,فوکارڈ تہٕ نارٹن دۄشوٕی  چھے٘ عالمی چیمپئن شپ زیٖنمٕژٕ  تہٕ پرٛیتھ أکہِ چُھ اے سی ٹی طرفہٕ کل داہ  قومی چیمپئن شپہٕ زیٖنمٕژٕ ۔
5076,مگر ہاف ٹایمہٕ  پتہٕ ژورِ مِنٹَہِ  پتہٕ ایڈریانو سٕنٛدِ گولَن بدلوو  یہِ تہٕ بنووٗن یہِ زیإدٕ حملہٕ آور كھیل ۔ 
5077,میگھالیہ چھ اکھ لینڈ لاکڈ ریاست یتھ منٛز دور دراز علاقن منٛز واریاہ لۄکچہ بستیہٕ چھ۔
5078,"اَکہِ رٲژ چھِ انا تہٕ أمہِ سُنٛد سٲتھی، یُس أمہِ سُنٛد بوائے فرینڈ تہِ چھُ، چھِ منٹو سندِس  غٗنڈٕ  بِگ شو ہس  منشیات ژوُرِ نِوان ۔
"
5079,تمِس چھٗنہٕ کانٛہہ تمیز ۔ تمۍ تروو بڈِ ڈاكٗر ییلہِ بہٕ تس بلکل نکھٕ وۄدنہ اوسٗس ۔
5080,فروری پیٹھ اپریلس تام ریتھ چھِ پارکہِ منٛز گژھنہٕ خٲطرٕ مثٲلی۔
5081,"یو سی یُک کانٛہہ تہِ براہ راست وجہہ چھُنہٕ مولوُم ، مگر جینیات، ماحولیات ، تہٕ حد کھوتہٕ زیادٕ فعال مدافعتی نظام ہِوۍ عوامل چھِ اکھ کردار ادا کران۔
"
5082,گوپھِ ہنزٕ  كھٗرِ لد وتہٕ چھٗ ہوش حواس راوراوان تہٕ خوفناك ۔
5083,"گواسکرن کٔرِ گۄڈنِکِس ٹیسٹس منٛز 89 تہٕ دویمس منٛز 97 رنہٕ، یُس ہندوستانن بِلترتیب ڈرا تہٕ ہوٗرُن ۔
"
5084,یہ مندر چھ ہیٚندۍ دیوتا بھگوان بملشور نہ خٲطرٕ وقف۔
5085,ییٚلہِ رِیاست تہٕ شہر واپس انٛناونہٕ خٲطرٕ مخصوٗص ؤجوٗہاتن ہِنٛز منٛگ چھِ کَران، یِم ؤجوٗہات چھِ عام طور واریاہس حَدس تام بُنیٲدی آسان۔
5086,یہِ چھُ باہمی محبَت تہٕ لولُک علامتی اقرار۔
5087,یہ اوس کامک سٹرپ تہٕ ٹیلی ویجن شو دۄشوٕنی منٛز اکھ جٲری گیگ ۔
5088,بہٕ چھس سٮ۪ٹھا فکر مند ز ماڈیولر کچنٕچ پیمٲیش آسہِ نہٕ سہی، تہٕ المارِ واتن  نہٕ دنہٕ آمٕژِ جایہ منٛز  پوٗرٕ پٲٹھہِ    ۔
5089,ہِنٛدُستانن نِیٗو ژور قٕست تر٘ٲوِتھ  1934 پیٹھہٕ دولت مٗشترقہٕ  كھیلن منز حِصہٕ ۔
5090,تٔمۍ کوٚر جرمنی تہٕ شمٲلی فرانس کیٛن واریاہن تعلیمی مرکزن ہنٛد سفر تہٕ مطالعہ ۔
5091,"سارِوٕے کھۄتہٕ عام پیچیدگی چھِ سیفلائٹِک ایورٹائٹس، ییمِیوٗك نٔتیٖجہِ  ایورٹِک اینیوریزم بَنِتھ ہیٚکہِ۔
"
5092,تۄہِہ ہیکنَو کینٛہہ قۄربٲنِیِ دِنِہ پٮ۪تھ، یِتھ پٲٹھہِ زن ییمِہ ؤرۍ فیملی چُھٹی تراوٕنہِ، مگر یہِ آسہِ قرضہٕ رو٘س  زندگی گُزارٕنس لایكھ ۔ 
5093,این ای اے چھ نیشنل ٹیچر ڈے ہٕچ تٲریخ دوان: ٹیچر ڈے ہٕچ ابتدا چھ غیر واضح۔
5094,خاصكرِتھ ، کونسلن دِیوٗت نہٕ یہِ حکٗم زِ ایسٹر گژھ آتھوارِ دۄہ یٗن ، مگر یہ  عمل اوس گۄڈٕ پیٚٹھٕیہ پرٛیتھ جایہ ۔
5095,وۄنۍ چھ یونایٹڈ سٹیٹس تام وٲحد سیٚدِ سیوٚد  پرواز پرائیویٹیر پیٹھٕ ۔
5096,"برطانوی پارلیمانس منٛز چھ 650 ارکان پارلیمنٹ یا ایم پی۔
"
5097,أمس ہیکہ ستن ؤرۍ ین تام جیلک سزا دنہٕ یتھ اگر سۄ مرژوانگنن ہٕنٛد انگٕج ہنٛد واقعہ ہس منز جعلسازی ہنز مجرم ثٲبت سپٕز۔
5098,"رزِ چِھ ""سینٹر لائن"" تہٕ سینٹر لائن کہ دۄشوٕنی طرفو 4 میٹر (13 فٹ) زٕ نشانہٕ سۭتۍ نشان زد کرنہٕ آمت۔"
5099,केंह एप हेकव मुफतुय डावुनलोड करिथ  येलि ज़न बाक़यन कॉम्थ दियुन छु.
5100,"2010 منٛز گٔیہِ کیلیفورنیاہَس منٛز 10 شُرۍ ہلاک تہٕ صحت حکامَو کوٚر 9,120 معاملَن سۭتۍ وباہک  اعلان۔"
5101,سۄ چھ پنٛنیٚن بٔڑٮ۪ن مجسمن تہٕ چمکدار رنگن ہنٛد استعمال کرنہٕ خٲطرٕ زاننہٕ یوان ۔
5102,تٔمہِ کوٚر گۄڈٕ  باربرا اینجلس سۭتہِ خانٛدر تہٕ تمو نیوُ 1980 تس  منٛز طلاق ۔
5103,جنوری 2020 ہَس منٛز گوٚو سُہ اطالوی سیری اے کلب سمپڈورِیا۔
5104,بہٕ چھس ینہٕ والِہ رلنٕچ تہٕ حٲصل کرنٕچ سرگرمی مٖتعلق اضطرابک احساس محسوس کران ز یہ گژھہٕ نہٕ آرام سان۔
5105,پنجابس منز چھُ امرتسرٕ  1947 کس ہندوستٲنی تقسیمس پیٹھ مبنی دنیہُک گۄڈنِیُک عجایب گھر تہ یتھ پارٹیشن میوزیم ونان چھ۔
5106,بم والٮ۪ن پیٚیو  واریاہ لوٗکھ بچاونہٕ خٲطرٕ ناون ہنٛد استعمال کرٗن۔
5107,برطانیہَن تھٲو اکروتری تہٕ ڈھیکلیا ہٕک فوجی اڈے بَطور زیر تحفظ بیس ایریا بَرقرار۔
5108,1858 منٛز آیہ دلہ منٛز جنتر منتر آبزرویٹری لڑایہ منٛز تباہ کرنہٕ۔
5109,"سیفیلسس چھ ""عظیم نقل کرن وول"" ونٛنہٕ یوان تکیاز یہ ہیٚکہ واریاہن بیٚمارن ہِشہِ  علامتہٕ پٲدٕ کٔرِتھ ۔"
5110,پام اوس الاباما کس أکس سٹورس منز کٲم کران ۔
5111,"اتراکھنڈس منز چھ 2,683 کلومیٹر (1,667 میل) سڑکہٕ، یمو منز 1,328 کلومیٹر (825 میل) قومی شاہراہ تہٕ 1,543 کلومیٹر (959 میل) ریاستی شاہراہ چھ۔"
5112,گوڑنک ساتہٕ گیت ٲس فلمس منٛز استعمال آمت کرنہٕ۔
5113,ٹایفایڈ تپھ ، یتھ ٹایفایڈ تہِ ونان چھِ ، چھے٘ اکھ بیمٲرِ یو٘سہٕ سالمونیلا سیروٹائپ ٹایفی بیکٹیریا  سۭتہِ گژھان چھے٘ ۔
5114,تٔمہِ گِیُنٛد یوگوسلوایی  قومی ٹیمہٕ طرفہٕ  تہٕ گوٚو 63 لَٹہِ نمودار تہٕ کٔرِن کُل 38  گول سکور۔
5115,مقبول عقیدس برعکس چھ نہٕ یم ضروری۔
5116,یہِ منصوٗبہٕ چُھ مدھیہ پردیش کِس کھنڈوا ضلعس منٛز پوناشا گامس نزدیک واقع۔
5117,"یہِ بیمٲرِ چھِ أچھَن ہٕنٛدٮ۪و سارِوٕے کھۄتہٕ پرٛانٮ۪و مُصیٖبَتو منٛزٕ اکھ ، ییٚمِچ شناخت مصرَس منٛز 15 ق م منٛز گٔیہِ۔
"
5118,"نیٔنٛدرِ ہٕنٛز بیمٲرۍ: نیٔنٛدرِ ہٕنٛز بیمٲرۍ، یا افریقی ٹرایپانوسومیاسس چھ اکھ متعدی بیمٲرۍ۔
"
5119,پننہٕ سکولچ تعلیم مکمل کرنہٕ پتہٕ، گو سہ نیشنل انسٹی ٹیوٹ آف انجینئرنگ تہٕ 1967 منٛز کٔرٕن الیکٹریکل انجینئرنگ منٛز ڈگری حٲصل۔
5120,کارمورنٹ ہیکن کھین ژھانٛڈتھ ژور منٹن تام غوطہ لگٲوتھ ۔
5121,رٹلینڈ چھ یونایٹڈ سٹیٹس کس آیوواہس منٛز اکھ شہر۔
5122,"سالانہٕ اوسط درجہ حرارت چُھ 25°C۔ ماہانہ اوسط درجہٕ حرارت چُھ 13 پیٹھہٕ  32°C تام آسان۔
"
5123,یہِ چھٗ پوُرٕ پٲٹھہِ تٗہنزِ پے چکہِ پٮ۪ٹھ مٗنحصِر تہٕ توٚہہِ  کوتاہ چھِو کِریانس، پلون تہٕ یِتھٮ۪نیہ  چیزن پٮ۪ٹھ خرٕچ کرٗن یژھان ۔
5124,ییٚلہِ تہِ یونائیٹڈ ڈیموکریٹک فرنٹ کیرالہَس منٛز حکوٗمت کران چھُ، پارٹی رہنما چھِ اہم کابینہ وزراء منتخب یِوان کرنہٕ۔
5125,دونہٕ وٕنۍ  زٲولین تہٕ وزنی لوکن ہیٛکہٕ سیلولائٹ ٲستھ ۔
5126,اتھ مقابلَس منٛز کٔرأمہ 7 جوٗنہ چینی تایپی یس خلاف شروٗعات ۔
5127,وجے سنگھ سندِ مٗطٲبق چھٗ یہ تامل تہٕ تیلگو ہس منٛز کُنہ ہندی فلمہ خٲطرٕ ساروٕے کھۄتہٕ بڈِ  ریلیز تہٕ بین الاقوٲمی سطحس پیٚٹھ کُنہ تہ ہندوستٲنہ فلمہ خٲطرٕ ساروٕے کھۄتہٕ بڈِ رلیزٕچ نِشاندیی كران ۔ 
5128,"کَنساس سِٹی کہِ پیشکشس منز چِھ 276 ملین ڈالر سپرنٹ سینٹرچ مفت کرایہ شٲمل، یوس وُنہِ تہِ زیٖرِ تٲمیر چُھ۔
"
5129,यि छि २०१५ मंज़ आलमी सतहस पॆठ सारवी खोत ज़याद वुछन वाजनेन २०० वेबसाईटन मंज़ शामिल.     
5130,یِمو چھُ  بکسر کِس جنگس منٛز ایسٹ انڈیا کمپنی خلاف تہِ لوٚڑمُت۔ 
5131,سادٕ سوٗدک حساب چھٗ سوُدس مُولہٕ رقم  تہٕ وقتہٕ كیو تادادو سٕتہِ ضرب دِتھ کرنہٕ یوان۔
5132,دَسہرہ برنٛہہ ژوٛر دوٛہ شُروع گَژَھن وول پانٛژَن دوٛہَن ہِیُنٛد مٲلہٕ چھٗ ییتہِ مٗنقد سپدان ۔ 
5133,2002 تہٕ 2005 ژس درمیان آو پٹیل کینٛژن  ٹاک شوہن منٛز یتھہٕ كٕنہِ زن رینڈیزوس وِد سِمی گریوال تہٕ دی منیش ملہوترا شو۔
5134,بٲے سنٛدِ مرنٕچ خبر بوزِتھ گوٚو ہمایوں غمس منٛز غرق۔
5135,ٲیینک  حصہٕ بننہٕ خٲطرٕ چھ 27 اضٲفی توثیقن ہنٛز ضرورت ۔
5136,یہِ فلم آیہِ پوٗرٕ دنیاہس منٛز 12 اکتوبر 2012 ہس منٛز جٲری کرنہٕ۔
5137,واریاہو کامیٲبیو باوجود چھ کیرالہ ہسس واریاہن مشکلاتن ہنٛد مقابلہ، یتھ کٔنۍ زن بے روزگٲری ہُند تھوٚد سطح یوٚس تعلیم یافتہ زنانن غیر متناسب طور پٲٹھۍ متٲثر چھ کران، عالمی سطحس پیٹھ اعلی سطحٕچ زان ، تہٕ  واریاہ نازک ماحول۔
5138,سُہ اوس سٹیجس پیٹھ بگ مین  ناوٕ  زاننہٕ یوان ۔
5139,"دولت مٗشترقہٕ كھیلو٘  برٛونٛہہ چھُ پرمود گیتایہِ  پننِہِ معموٗل كہِ 55 کِلوگرام وزنہٕ بدلہٕ 51 کِلوگرام وزنہٕ کِس درجَس منٛز مقابلہٕ کرنَس پٮ۪ٹھ مجبور کران۔
"
5140,مہاسدھ چھ حقیقی لوٗکھ یمو پنٛنیو رُحٲنی مشقو سۭتۍ جودویی طاقت حٲصل کٔرۍ۔
5141, سوال آو تٗلنہٕ اما  ملیریا چھا وٹامن اے ہچہِ کٔمی ہُنٛد سبب بنان، کیاہ وٹامن اے ہچ کٔمی چھا ملیریا کِس شِدتس منٛز مدتھ  کرٛان یا دۄشویہ ۔
5142,وۄنٛہِ گوٚو، ویٖرا چھےٚ اِنٛکار کَران تہٕ  مہابیٖرس سۭتہِ  روزنس پیٚٹھ زور دِوان۔
5143,سفید خونچہِ سیلن ہُند تعداد بڑنہٕ سۭتۍ چھِ پلمونری ہائی بلڈ پریشرُک بٲعث بنان، یُس پرٹوسس سۭتۍ موتُک اکھ بوٚڑ وجہ چھُ۔ 
5144,کوسمالاہن کوٚر پتہٕ شوٹنگ کن رخ تہٕ 1976–1988 درمیان زِینن نو سونہ تہٕ ترٛےٚروپہ میڈل۔
5145,یہِ اوس سِرٛنٛگیری سِرٛی نِواس سٕنٛدِ خٲطرٕ سالانہٕ مَس کاسنُک دۄہ۔
5146,"رولر ڈربی چھُ 30 منٹَن ہٕنٛدٮ۪ن دۄن مٗدتن  منٛز گِنٛدنہٕ یِوان۔
"
5147,یہٕ گیہ 21 اکتوبر2017  یلہٕ تہٕ چُھ ڈاون ٹاؤن لائنہٕ پٮ۪ٹھ ۔
5148,کلی ، کالواڈوس کلی ، کالواڈوس چُھ اکھ سٲبِقہ کمیون ۔
5149,تمن منٛز چھ اکہ خاص وقتہٕ پتہٕ نیَر اننٕچ ضرورتھ ۔
5150,1800 کِس دٔہلہِ کِس وسطَس تام ٲس قدرتی جنگلاتَن ہٕنٛز کٹٲیہِ پتہٕ انامالیسَس منٛز والپرائی سطح مرتفع کِس بٔڑِس حصَس چائے یا کافی ہٕنٛدِین باغَن ہندس زدَس منٛز۔
5151,تیمور سٕندِ  حملن کٔر تٗغلق سلطنت مزید کمزور تہٕ دِتُن واریاہن علاقٲیی سردارن  آزاد گژھنُک موقہٕ  ، ییٚمہ کِس نٔتیٖجس منٛز گجرات ، مالوا تہٕ جون پورٕچہِ سلطنتہٕ بنیے ۔
5152,روایتی تامل گرامر چھ پانژن حصن پیٹھ مشتمل، یعنی ایلتو، سول، پورول، یاپو، انی۔
5153,"سانٛگرن ترٛوو 2002 ہس منٛز وِکِپیڈیا تہٕ 2007 ہس منٛز ترٛٲون سٹیزنڈیمچ بُنیاد یُس زن اکھ تکمیلی پرٛوجیٚکٹ اوس یتھ منٛز وُنکیٚس 4500  نوِشتہٕ چھِ۔
"
5154,ایسوسی ایشن آف امیج کنسلٹنٹس انٹرنیشنل (اے آٮٔۍ سی آٮٔی) چِھ اکھ آزاد تنظیم  یو٘سہٕ فیشن صنعتس  منٛز ذٲتی خریدارن ہنٛز تصدیق کران چھ۔
5155,"کرشنا اور کنس  چھِ 2012 ہٕچ اکھ ہِنٛدی فلیش اینیمیٹڈ فلم یوٚسہٕ ریلائنس انٹرٹینمنٹَن تیار تہٕ تقسیٖم کٔرمٕژ چھِ۔
"
5156,کلاس 165 ہٗک تعلٗق چھٗ ٹرینن ہنٛدین نیٹ ورکر كٗمبن  سۭتہِ ۔
5157,کو٘کٗر تہٕ بال عزاب  چٗھ آلیہ تناصٗبس  یا خٗفیہ ران تنگ کٔرنہٕ سٕتہِ  کٲم کران ۔
5158,برہما جنالیا، یَتھ کُنہِ ساتہٕ لکٗنڈی ہٗند عظیم جین مندر تہِ وننہٕ چھُ یِوان، چھُ ہندوستٲنہِ  ریاست کرناٹک کِس گڈاگ ضلعہٕ كِس  لکنٗڈی منٛز شروعٲتی 11ہِمہِ صدی ہِٗنٛد  مہاویر مندر۔
5159,اداکارن منٛز چھ جو شیشیڈو ، کوجی نانبرا ، اِساؤ تماگاوا ، تہٕ انو ماری شٲمل ۔ یہ آیہ  نکاتسوٗ دٕسہِ تقسیم کرنہٕ ۔
5160,صرف ڈائیسلفرام چھ نہٕ عام طور شرٲبس چینہٕ نش رکاونہٕ خٲطرٕ کٲفی۔
5161,ماجہ ہنٛد  بی 12 رۄطبہٕ  ہیٚکہ بچہٕ سٕنٛدِ  پتہٕ كہِ  صحتٗک تعین کرنس منٛز اہم ٲستھ، یتھ کٔنہ   ہندوستانس منٛز کرنہٕ آمتِس  پونے كِس ماجن ہٕنٛدس غذٲیت کس مٗتعلس  منٛز ہاونہٕ آمٗت چھٗ ۔
5162,أمہ سٕنٛز کور گارگی چھےٚ بۄن وسان تہٕ چھ كٗمبس  ونان ز سۄ چھے٘ پنٛنس بواے فرینٛڈ سمیرس سۭتہِ روزنہٕ خٲطرٕ نیران ۔
5163,1994 منٛز کٔر مٲہرانہِ  آثار قدیمہ ہو باکسگر٘وو کانہِ ہنزِ  جایہِ  اکھ انسٲنی رونكھٕچ اڈِجہِ  دریافت ۔
5164,سوٗ اوس 2000 پیٹھٕہ 2004 رس تام جارج لوکل میونسپلٹی ہنٛد ایگزیکٹو مییر۔
5165,پرٛؠتھ مرحلس منٛز چھ کھیل ریپنگ ٹیچرس سۭتۍ پا راپا ہس منٛز تبدیل گژھان۔
5166,"2,883 مربع کلومیٹر (1,113 مربع میل) پیٹھ پھہلِتھ مرکزی بیسنَس منٛز چھِ بٔڑِس پیمانَس پیٹھ ذخیرٕ لبنہٕ یِوان۔"
5167,آبہٕ كِہرِس منز اچانک أکِس بھوت سُند بُتھ ؤچھِتھ گٔیۍ أسۍ خوفزدٕ۔ 
5168,باقٕی سکھ چھ اتھ بطور سونتٗك جشن مانان ، تہٕ یہِ كھاہن منز شوخ  لیدرین تِلٕہ گوگل پوشن  نقل کرتھ لیدٕرِ پلو٘ لٲگِتھ خٗشی سان مناوان  ۔
5169,ڈیزاین اوس اٮ۪س اٮ۪ل وی یس پٮ۪ٹھ مبنی تہٕ پرٛوجکٹ گوٚو 1980 کس دٔہلس منٛز شروٗع۔
5170,"أکس مۄخصر اِنٛٹرویوس پتہٕ کٔر تٔمۍ اپریل 1984 تس منٛز سیگاہس باپتھ کٲم شروٗع۔
"
5171,کنہ ساتہٕ آسہ أمس نفرس ییٚمس مثنس منٛز انفیکشن آسہ، بۄکہٕ وچن انفیکشن گژھان۔
5172,"تِمَن ؤنِو زِ بجٹ کِتھ کٔنۍ چھ بناون تہٕ عقلمندی سان خرچ کرُن۔
"
5173,"ہندوستان چٮ۪ن زنانن ہنٛد بہتٔریٖن نٔتیٖجہٕ آو حالیہ 2011 ہس منٛز زنانن خٲطرٕ ایف آیی بی اے ایشیا چیمپئن شپہ منٛز وٕچھنہٕ، ییٚلہ تم شیٚیمس نمبرس پٮ۪ٹھ روزٕ۔
"
5174,ییٚلہ مےٚ پیکج کھول مےٚ گوٚو حیرت تکیازِ یہ اوس گۄڈے اکہ طرفہٕ پھُٹمت۔
5175,"ڈاٹسیوکَن زیٛوٗن فرنچائزَی سۭتۍہِ پننِس گۄڈٕنِکِس ورِیَس منٛز ریڈ وِنگَزس سۭتہِ  سٹینلے کپ۔
"
5176,امی ؤریہ آو فرانسیسی ہدایت کار جین رینوئر پننہ فلم دی ریور عقسبند  کرنہٕ خٲطرٕ کلکتہ۔
5177,تٔمہِ کٔر بپور أکھ سینئر سول سروینٹ تہٕ زرعی مٲہر تہِ کٲم ۔
5178,سُہ چھ مائیکلینجلو سنٛز کٲمہٕ سۭتۍ پننہِ وابستگی خاطرٕ یاد یوان کرنہٕ ۔
5179,دریا اُلہاس چھ ہندوستان کس ریاست مہاراشٹرا ہک اکھ دریاو۔
5180,زیادٕہ تر میکسیکن چھ نسلی طور میسٹِزو، ہسپانوی تہٕ مقامی امریکین ہٗند مٗرکب۔
5181,سۄ ٲس لوور ہٹ ، نیوزی لینڈٕچ اکھ مُقٲمی.
5182,खदमातव  पेठॅ यिम मोलूमात हासिल छि गछान तिम छि टेलेफोन किस डिस्प्ले स्क्रीनस पॆठ हावन् यिवान.    
5183,  یہِ چُھ ہندوستان كین  قومی اہمیت کین  یادگارَن منز اٮ۪ن-ایم پی-90  کوڈ ہیتھ درجہِ فہرِست ۔ 
5184,لیسٹن پکٹن کوٚر جونس 100 میٹر بریسٹ سٹروک ٹائٹل حٲصل۔
5185,جنم اشٹمی پؠٹھ چھ اکھ جلوس ڈھاکہ کس دھکیشوری مندر، بنگلہ دیش کس قومی مندر پؠٹھ شروٗع گژھان تہٕ پتہٕ پرٛانہ ڈھاکہ چنٕ سڑکن منٛز پکان۔
5186,راجہ ریڈی چھُ اکھ مشہوٗر بھرت ناٹیم تہٕ کچی پٗڈی  رقاص ۔
5187,"بہترین نتیجہٕ چھِ واریٛاہن نوجوانَن سۭتۍ۔
"
5188,2001 کس منٛز میلیٛوو امریکی حملہٕ سۭتۍ زنانن دوبارٕ کٲم شروع کرنک اجازت۔
5189,تَتِہ چُھ اکھ پرائیویٹ پرائمری سکول، سینٹ لارنس پرائمری سکول۔
5190,1347 منز تغلقن ہندۍ زوالہٕ پتہٕ کوٚر گلبرگہ چہ مقٲمی بہمانی سلطنتن اقتدارس پیٹھ قبضہٕ تہٕ ینہ والین 150 ؤرین تام کٕرٕن اتھ علاقس پیٹھ حکومت۔
5191,ایڈورڈن کٔرۍ 2007 تام عیسٲئی تعریفی شو سونگس آف پریزٕچ قسط پیش۔
5192,"توی دریاو کِس بٔٹھِس پیٹھ تعمیٖر کرنہٕ آمُت، ماننہٕ چُھ یِوان زِ یہِ قدیٖم قٕلعہٕ اوس جموں کِس روٲیتی بٲنی جمبو لوچن سٕنٛدِۍ بٲیۍ باہو لوچنَن تعمیٖر کوٚرمُت۔
"
5193,"کانوینٹک زٔمین ٲس کوسیمو میڈیسی ین پادرٮ۪ن دیتمت۔
"
5194,لوٗکن چھ أکس بٮ۪مار نفرس سۭتۍ سیوٚدے، نزدیکی رٲبطہٕ سۭتۍ ۂٹِس دگ کران۔
5195,"میوٹ: میوٹے چھُ مدگاسكرس نذدیك  بحر ہِندس منز  اکھ جزیرٕ۔
"
5196,پتہٕ چھ اداکار تہٕ عملہ شوٹنگ کرنہٕ خٲطرٕ بھوت گھرس منٛز یوان تہٕ خاص طور  سنی یس سۭتۍ چھ عجیب چیز گژِھن شروع گژھان۔
5197,تٔمۍ گنٛزٕ 1959 ٹھس تام جاپانس خٲطرٕ 12 گیمہٕ تہٕ کٔرن 2 گول۔
5198,میسنَن ووٚن زِ أمۍ گُزور واریٛاہ رُت وقت لندن نایٹَن باپت گِنٛدنَس منٛز، مگر اَمہِ باوجود چھُ أمِس یقین زِ أمۍ سُنٛد مُستقبل چھُ اصل کچنر رینجرَن باپت گِنٛدنَس منٛز۔
5199,بوموارِ دہُک فیصلہ کوٚر پیلس آف جسٹسَس منٛز   جسٹس احمد فیروز تہٕ فیڈرل کورٹ جج علاؤالدین محمد شیرفَن اپیل رَد، ییٚلہِ زِ جسٹس رچارڈ ملانجمَن  اختلاف کوٚر۔
5200,"جنگلَس منٛز چھِ ہسٮ۪ن تہٕ سٕہَن ہِنٛز آبٲدی برقرار۔
"
5201,مر٘گِنہِ مر٘گِنہِ  چھےٚ دیماغٕچ اکھ طویل مٗدتی حالت۔
5202,جٲنی تہٕ ناكارگی ہنٛدِس علمی  کُلِس منٛز چِھ سٕرپینہِ  چالاکی سان نال ولِتھ ۔
5203,"2012 ہس تام ، ٲسہِ 414,714 کر٘وٹ امریکی ۔"
5204,مےٚ چھ پنٕنۍ بزرگ موج ہسپتال نِنَس منٛز ڈر، اس لیے چھےٚ سَہ أکِس آیوروید ڈاکٹر سٕندِ علاج سۭتۍ گرس منٛز بلُن ہیوان ۔ 
5205,یہ فرض کران ز سہ اوس جلدی رہا گژھنک اہل، گیلنگ سنٛد ممکنہٕ رہا گژھنک تٲریخ آسہ 2013 کہ وسطہٕ پٮ۪ٹھٕ 2023 کس ٲخٕرس تام، چھ یہ اتھ کتھ پؠٹھ منحصر ز تٔمۍ کر پٮ۪ٹھٕ کوٚر پنن سزا گزارن شروٗع۔
5206,وۄٹھ ترٛاوٕنٕک تہٕ کَش کَڑنٕک واقعہٕ چھِ تِم زینان یِم ساروِی کھۄتہٕ زِیٛادٕ دوٗر یا تَھود چھِ لگاوان۔
5207,تٔمہِ كٕرِ  موموُلكہِ پٲٹھہِ  سید (شیعہ) ، صوفی ، قلندر تہٕ باقیہ مٗسلم اہلکار قتل ۔
5208,"روٲیتی طور اوس ستریہ خانقاہن منٛز صرف بھوکوٹ (نر راہب) پنِنہِ دۄہ دِشِکہِ رسمن ہِنٛدِ حِصہٕ یا خاص تہوار مناونہٕ خٲطرٕ پیش یِوان کرنہٕ۔
"
5209,تِم سدیٚیہِ أکِس بٔڑِس طوٗفانَس منٛز یتھ منٛز تیز ہوا تہٕ بٔڑۍ لہرٕ آسہٕ۔
5210,مۆٹۍ پٲٹھۍ وَنو امیُٛک مطلب گۆو کانٛہہ تہِ یُس صنعت تہٕ تِجارتَس سٕتۍ کٲم کۆٹ کران آسہِ ـ
5211,"اہم کردارن ہنٛد ناو، جئے تہٕ ویروک مطلب چھ ہندی منٛز ""فتح"" تہٕ ""بہادری""۔"
5212,کینٛہہ ناقد چھِ یہِ میک کارٹنی سٕنٛدِ خٲطرٕ فارمَس منٛز واپسی قرار دِوان۔
5213,باکس آفس انڈیا مطٲبق کٔرۍ أمۍ پنٛنِس گۄڈنکس ہفتس منٛز کل ₹290 ملین جمع۔
5214,وُنیُک تام چُھ شین سٹاک ہوم لگاتار 78 دۄہن تام ولِمُت، ییٛمہٕ سۭتۍ آفتابُک شعاع دوٗر کٔرِتھ آفتاب  گرمی جذب گژھنَس محدود چُھ گژھان۔
5215,اکہ لٹہ ییٚلہ کھلٲڑۍ امہ منٛزٕ نیر، سۄ چھےٚ ٹیسٹنگ کٹھٮ۪ن منٛز اژان تہٕ ٹیسٹنگ شروٗع کران۔
5216,ہنسا روسٹاک، تہٕ مشرقی جرمنی قومی فٹ بال ٹیم 1956 تہٕ 1973 ہس درمیان۔
5217,یم چھ سطح سمندر پٮ۪ٹھ 1400 تہٕ 1680 میٹرس درمیان لبنہٕ آمت ۔
5218,تٔمس اوس ڈر ز اگر نہٕ تٔمۍ گوٲہی دژ امہ سۭتۍ ما ہیٚکہ تٔمۍ سٕنٛز پیشورانہٕ زنٛدگی متٲثر گٔژھتھ۔ 
5219,فنی چیز سو٘مبراون وول آسنہ کِنۍ چھٗس بہٕ یتھ طوُفانس منز پننین مۄللین چیزن ہند حفاظت باپت فِكر مند ۔
5220,كرجگیلمانس سنز كٲم چھِ اڈاہ رائل میوزیم آف فائن آرٹس اینٹرپ سو٘مبرنہِ منز ۔
5221,अमि सॅति लगि डेटाहस ताम वातन् खातर् कम वक़्त. 
5222,پنجابی کبڈی چھِ اکھ صوُرت یوسہٕ22 میٹر (72 فٗٹ) قطر کِس گول پچَس پٮ۪ٹھ گنٛدٕنہٕ چھِ یِوان۔
5223,"اوُ چھِ ہاپ وونس  تہٕ ہاپ تقسیمس منٛز پننہِ اہم کردارٕ خٲطرٕ مشہوُر۔

"
5224,"کامیاب سکرین ٹٮ۪سٹ پتہٕ کٔر تٔمۍ ویرونیکاہس منٛز بطور ٹیلی ویژن پریزنٹر کٲم شروٗع۔
"
5225,ییٚلہِ تُہہِ  کُنہِ سٹورس منٛز ٲسِو، تمن سیلز لوٗکن سۭتہِ  أچھ رلاونہٕ یا اسنہٕ  نِش کٔرِو پرہیزٕ یم ہوڈل  یا جٲرِحانہٕ آسن ۔ 
5226,مےٚ چھنہٕ بیہوانٕے ز تُہۍ ہیٚیو مےٚ تتھہ چیزٕ خٲطرٕ پونٛسہٕ یس تہنٛز غلطی سۭتۍ گوٚو۔ یہ چھ صاف طور غیر اخلٲقی۔
5227,خصوصی فلم اوس زندٕ سامعینن برونٹھ فلم بندی آمت کرنہٕ۔
5228,ویدانتا چِھ اکھ مختلف روایت، یتھ منٛز واریاہ ذیلی سکول تہٕ فلسفیانہٕ نظریات چِھ۔
5229,بطورِ مُفَکِر تمہِ سندِ  شۄہرتن واتنوو سوُ  آزاد ہندوستان کِس  گوڈنِكس وزیر قونوُن سنزِ تقرٗری  تہٕ ٲئینُک مسودٕ تیار کرنہٕ خٲطرٕ کمیٹی ہنٛد چیئرمین مٗقرر کرنہٕ یِنس  تام ۔ 
5230,"شِلنگ ٹیسٹ اوس کم وٹامن بی 12 خٲطرٕ ٹیسٹ كرنہٕ باپت  ، وۄنہِ پر٘ٲنیومٗت، اكھ ریڈیو آیسوٹوپ طٔریٖقہٕ  ۔
"
5231,"14 جوٗن سوُز کلائیوَن سِراجَس جنگُک اعلان۔
"
5232,چندی گڑھ گوٚو دۄشوٕنی ریاستن ہنٛدس سرحدس پیٹھ واقع تہٕ یم دۄشوے یوژھ  شہر پنٛنین علاقن منٛز شٲمل کرٗن ۔ 
5233,اتھۍ ورۍیس منز  تہندِس مشترکہ دُشمن عزبیک شبانی ہس خلاف رلیوو بابر حیرت کِس سُلطان  حُسین  مِرزا باقرہس سٕتۍ یُس تمِۍ سُند سٲتھی تیموری تہٕ دوُرِ درازٕ ٲشناو اوس ۔
5234,اتر پردیشس منٛز چھ ترٛےٚ عالمی ثقافتی ورثہٕ  تہٕ یہ چھ ہندوستان کین سیاحتی مقاماتن منز گۄڈنکس نمبرس پیٹھ۔
5235,"أمِس سۭتہِ  چھِ اَتھ منٛز ترٛےٚ ماڈل: پریانشو چٹرجی، ہمانشو ملک تہٕ راکیش واششٹھ ۔
"
5236,کیا تۄہہ چھو نا کانٛہہ فٹ بال بوٹہٕ جورٕ بچیمت؟ مےٚ چھ باسان ز بہٕ ہیکہٕ نہٕ تِیٚلِہ پگہ میچ گندتھ۔
5237,"سروودیا جین مندر چھُ مدھیہ پردیش کِس انوپ پورس منٛز امرکنٹک قصبس منٛز اکھ جین مندر۔
"
5238, فارسی کہ اثرٕ  سۭتۍ امہ کس نظامس منز بدلاو ینہ برۄنہہ چھُ ناردا دراصل ابتدائی شکلہِ منٛز نظامَس ناو دِوان تہٕ درجہ بندی کران۔
5239,"لنجِہ چھِ عموٗمَن اَنہرشِہ، نوجوان کورِ تُلان یِم دیوتا سٕنٛدِس تعریٖفَس منٛز گیوان چھِ۔
"
5240,"اکتوبر 1992 منٛز، آیہٕ اکھ سائنسی رپورٹ شائعہٕ کرنہٕ یتھ منٛز میلانوسائٹس وٹلیگو سۭتۍ متٲثر علاقن منٛز کامیٲبی سۭتۍ ٹرانسپلانٹ کرنہٕ آو، یمہٕ سۭتۍ اتھ علاقس مؤثر طریقہٕ سۭتۍ دوبارٕ رنگ دنہٕ آو۔
"
5241,مالوا ہَس منٛز کوٚر كینژو٘  لوُکو تٔمہِ  سٕنٛدِس  اقتدار سنبھالنَس پٮ۪ٹھ اعتِراض، مگر مراٹھا فوجِچہِ  ہولکر جمٲژ كو٘ر تمہِ سٗند طرف ۔ 
5242,"صدام حسین سٕنٛدس دورَس منٛز ٲسۍ منڈیان مذہبی اقلیتٕکۍ پٲٹھۍ تسلیم کرنہٕ آمٕتۍ۔
"
5243,"پوپ گِریگوری چھُ جوُلین کیلنڈرَس منٛز غلطی ٹھیكھ كرنہٕ خٲطرٕ مشہوُر۔
"
5244,11 اگست دوہ فائنلس منٛز  گِیوٗن٘د ہِندوستانن میزبان امریكاہس خلاف ۔ 
5245,سارس-سی او وی -1 چھٗ انسانن متٲثر کرن والیٚن ستن مشہوٗر کوروناوایرسو منٛز اکھ ۔
5246,"امیک مقصد چھ دنیاہٕکۍ تمام جغرافیٲیی چیز نشان زد تہٕ بیان کرٕنۍ۔
"
5247,ٲخٕری فلمہٕ خٲطرٕ ٲسٕ تصویر افقی طور  پھِرنہٕ آمٕژ۔
5248,کنہا نیشنل پارک آیہِ 1 جون 1955  بَناونہٕ تہٕ آیہ 1973  منٛز ٹائیگر ریزرو نامزد کرنہٕ آمُت۔
5249,کینہہ علاقہٕ یِم کوہ پیمائی خاطرٕ مقبوُل  چِھ، مِشالے  امریکہ تہٕ آسٹریلیاہس منٛز، چھِ مقامی لوُکن خاطرٕ تہِ مقدس مقامات۔
5250,کووولا کووولا چھٗ کیمینلاکسو ، فن لینڈٗک اکھ قسبہٕ  ۔
5251,کینیٹمس منٛز چھ زٹھہِ  شُرین لو٘كٗٹ رقم چندٕ  خرچہ دوان۔
5252,"معموٗلی روایتی مصروفیتن منٛز چھِ بطخ، پولٹری فارم تہٕ جھینگن ہُنٛد پالُن تمام گَرَن منٛز عام۔
"
5253,یم چھ سبٕز آسان تہٕ پرٛٮ۪تھ أچھ تل چھکھ سرتلہ رنٛگہٕ رکھ آسان یۄس جسمس بۄن تام چھکھ آسان۔
5254,ٹرنر سنڈروم سۭتۍ وابستہٕ مخصوٗص آٹواِمیون خرٲبی منٛز چھِ ہاشیموٹو سٕنٛز بیمٲرۍ، وِٹِلیگو، سورائسس تہٕ سوریاٹِک آرتھرائٹس، ایلوپیشیا تہٕ سیلیاک بیمٲرۍ شٲمِل۔
5255,مےٚ تُل از شامس کھینس پورٕ پٲٹھۍ لطف (فوڈ کریٹک)
5256,"1996 تس منٛز ببنیٛوو سہ ہنگری فٹ بال فیڈریشنک ڈپٹی چیرمین۔
"
5257,لیمفوسائٹس تہٕ مونوسیٹس چھِ مدافعتی نظامٕچ سفید خونہٕ خلین ہٕنٛدۍ قٕسم۔
5258,دکانس منز چھ واریاہ انِہ گوٚٹ باسان۔  مےٚ چھنہٕ باسان زِ اسِہ ہز أمِس پتہٕ پتہٕ اندر اژُن۔ بہٕ کیا کرٕ اگر نہٕ ژٕ اندر أژِتھ واپس آکھ۔ 
5259,امہ علاوٕ چھ مقدس شہرس منز ہیریٹیج واک امرتسرس منز بین الاقوٲمی ہوٹلن ہنز اکھ تیزی سان بڑن واجِنۍ سلسلہ یِم راتس روزننہ خٲطرٕ بک ہیکو کٔرِتھ۔
5260,"وۄنۍ گوٚو، وکی سنٛد مول (رنویر شوری) چھ یژھان ز تٔمۍ سنٛد شر گژھ عام طور پٲٹھۍ مردانہ کھیلن ہٕنٛز پیروی کرن، ""دوٚر"" بنن تہٕ فٹ بال کھلٲڑۍ بنن۔
"
5261,سیور چُھ گندٕ آب تہٕ انسٲنی فضلہ نوان ۔
5262,فلمہ چھ 60 مہ نیشنل فلم ایوارڈس منٛز بہتٔریٖن ایڈاپٹڈ سکرین پلےیک ایوارڈ زیوٗنمت۔
5263,ڈول پورنیما کہ دۄہ چھ سٗلہِ  سٗبحیہ  طٲلبہ علم (خاصكرِتھ   شانتی نکیتنس منٛز) زعفران رنگٕہٕ  یا بِلكٗل سفید پلو ژھنان  تہٕ خوشبودار پوشن ہٕنٛزٕ  مالہٕ  لگاوان۔
5264,کینٛہہ تحقیق کرِو تہٕ تمِس ڈاکٹرس کٔرِو فون ییمِس پیٹھ تۄہِہ نظر چِھ۔
5265,دیگر شناخت كرنہٕ آمٕتہِ  غذائی انصر  یم بیمار ہندِس بڈنس تہٕ /یا دٗبارٕ یِنس متٲثر کرتھ ہیکن تمن منٛز چھ مأز پروٹین تہٕ الکوہلِك مشروُبات شٲمل ۔
5266,ہندستان کین سافٹ ویٛر برآمدن منز چھ ریاستک حصہ 28 فیصد۔
5267,"تٲریٖخ دان تہٕ مُفکِر والٹر سِپنک سٕنٛدِ مُطٲبِق چھُ جوگیشوری ہندوستانُک قدیم ترین بوٚڑ گۄپھہِ  مندر تہٕ کُل زیچھر کہِ لحاظٕہ  ""ساروٕیہ بوٚڑ""۔
"
5268, جنوب مغربی مون سون سۭتۍ چھےٚ سالانہٕ بٲرش شمٲلی تلنگانہ ہس منز 900 تہٕ 1500 ملی میٹر درمیان تہٕ جنوبی تلنگانہ ہس منز 700 پیٹھہٕ 900 ملی میٹر درمیان پیوان۔ 
5269,"اتھ منٛز ٲسۍ 31 دسمبر 2021 دوہ 15,319 لکھ روزان ۔"
5270,گۄڑنِیِكسٕیہ جمایکن شینہٕ گاڈین ہٗندس  ٹیس دِژ اكہِ سٗبقدوش شٗدٕ ایتھلیٹ  اِرون تربیت ۔ 
5271,"گَرَس منٛز چھُ أکِس شُوژ جایہِ  اکھ بانہ (گھاٹاستھاپنا) لگاونہٕ یِوان۔
"
5272,یہٕ چھ چالِس کِس شمال مشرق منٛز یو۔ایس روٹ 93 تس پیٹھ واقع ۔
5273,کٗنہِ ساتہٕ چھنہٕ کانٛہہ علامت آسان یوٚتام  کینسر واریاہ زیادٕ پھہلیومٚٗت چُھ آسان۔
5274,یہ چھ گیونہٕ خٲطرٕ اکھ واریاہ تھکن وول اوپیرا، خاص طور پٲٹھۍ برن ہیلڈے سٕنٛد خٲطرٕ۔
5275,بھوپالٕکۍ بَسکیٖن، این ایل ماتھورَن چُھ بالاجِی موشَن پکچرِن خِلاف اَکھ عوٲمی مفادٲتی عرضی (پی آٮٔی ایل) درخاست کٔرمٕژ، یَتھ منٛز یِہ داواہ اوس آمت کَرنہٕ زِ فِلمِہ ہِنٛدِس عنوانَس سۭتۍ چُھ کایاستھا برادٕرِی ہنٛدۍ جذبات مجروح گٔمٕتۍ۔
5276,ساحل ؤچھتھ ییٚلہ سہ یہ وٕچھنہٕ خٲطرٕ نیبر چھ یوان ز کوس چھ آمت، سۄ چھےٚ تمس معافی مانگان تہٕ أمس چھےٚ کافی پیالہ چینہ خأطرٕ نیبر نوان۔
5277,پرون بالپارک اوس فولاد ، کنکرٛیٖٹ تہٕ سیریو سۭتہِ بناونہٕ آمٗت ۔
5278,موواٹوپوزا اوس وڈاکمکور سلطنتُک حصہٕ یوٚتام نہٕ اتھ پیٹھ ٹراوانکورن قبضہٕ کوٚر۔
5279,"آخر کار ووت 24 اپریل ٹیم کم مُلکَن ہُنٛد دورٕ شروع کرنہٕ خٲطرٕ ایمسٹرڈیم۔
"
5280,یہ رسم الخط چھ نایاب تہٕ چھ کپرٕ کین کتبن تام محدود۔
5281,تمو بنوو گرافکس پکسل آرٹ یہ یقینی بناونہٕ خٲطرٕ ز گیم آسہٕ نہٕ متنازعہ ۔
5282,تٔمہِ  گیوٗند کاؤنٹی چیمپین شپس منٛز مِڈل سیکس تہٕ سسیکس خٲطرٕ تہِ ۔
5283,"رینٹ رینٹ چُھ انزایمَن ہنٛد اکھ سیٹ یُس مۄملن  ہنٛدِ میادٕ پیٹھ بناونہٕ چُھ یوان۔
"
5284,اِستعمال سپدین والہِ  سافٹ وِیَر کہِ قٕسمٗك دارمدار چھٗ تہندِس صنعتس ،پٲداوٲر کِس قٕسمس، تہٕ مِشیٖنن پیٚٹھ ۔ 
5285,یہِ منٛدر چھُ ترٛوٚوُہِمس تیرتھنکر پارشوٗناتھس وقف۔
5286,یہ چھ عام طور پٲٹھۍ کھیلن ہٕنٛدس صحافتس منٛز استعمال گژھان، ساروٕے کھۄتہٕ زیادٕ مشہور ڈین کک سٕنٛدۍ دٔسۍ۔
5287,اگر جرم ژورو ڈاونن منٛز دہن یا زیادٕ گز برونٹھ گژھِ ، تمن چِھ ژور ڈاؤنک اکھ نو سیٹ دنہٕ یوان۔
5288,بِبی گڑھ کیرٕچ جاۓ یتہِ اکھ یادگاراوس تعمیر کرنہ آمت ۔
5289,تمو منٛز چھ کینٛہہ کینڑاہس منٛز تہٕ تِمو٘ منزٕ کینٛہہ چھ باقین مٗلکن منٛز۔
5290,تٔمۍ کٔر دہن ؤرین تام نیٹ ورک ٹی وی نیوز کمنٹیٹر سٕندۍ پٲٹھۍ تہ کٲم۔
5291,یم چیز گژھن نہٕ زانہہ تہ پننین دۄشوٕنی  ناون ہند استعمال کٔرتھ ہینہٕ ینۍ۔
5292,بہٕ کٲژیٛاہ لٹہ ونے ژےٚ ز ژٕ ہٮ۪ککھ نہٕ پنن ریڑٕ میٛٲنس دکانس برٛۄنٛہہ کنہ لٲگتھ؟ (دکاندار)
5293,تہنز کام چھ لیفٹیننٹ گورنرس قانون ساز اسمبلی ہنٛدس دائرس تحت معاملاتن منٛز کٲم کرنس متعلق مشورٕ دِیُن۔
5294,عام طور  چِھ چیز بند یوان کرنہٕ تِکیازِ تِم چھنہٕ جان پٲٹہِ كٕننہٕ یوان ، مگر کینٛہہ چیز چھ حفاظتی خدشاتو كِنہِ  بازرٕ منز كڈنہٕ یوان ۔
5295,مےٚ گٔیۍ گبراہٹ ییٚلہ بہٕ بینٛک منیجرس نش بدتمیز ملٲزمس متعلق شکایت کرنہِ گوس۔
5296,میٚی  2017 ہس منٛز پھہلیٛوو رینسم وییرناوک  اکھ حصہٕ پوٗرٕ دنیاہس منٛز۔
5297, اصٕل فصلُک پٲداوار تہ سخٕت صنعتی وٗصعت سُتہِ تہِ میلیٛوو معاشیاتس مَدتھ ۔ 
5298,"تِمَن ؤنٮ۪و توہہِ سمكھٗن  تاکہ تُہۍ كریو  کتھ باتھ  تہٕ وُچھِو  زِ کیا توہہِ کٔروا یَکجَہ ٹھیكھ پٲٹھہِ کٲم ۔
"
5299,17 مہ صدی دوران روٗد کولار پنٛژہَن ورین تام شاہا جی سنٛز جاگیر کہ حصکۍ پٲٹھۍ مراٹھا راجس تحت، امہ برونٛہہ زِ اتھ پیٹھ کٔر ستتھ ورین  مسلمانو حکومت۔
5300,یہ کٲم گیٔہ 1971 منٛز شروٗع مگر یہ اتھ گو مکمل سپدنس منٛز تاخیر۔
5301,پاکِنہَم ریلوے لایِن-پاکِنہَم ریلوے لایِن چِھ میلبورن، وکٹوریاہس منٛز اکھ ریلوے لایِن۔
5302,یہِ چھٗ ہیندِ ریتھ ہار  (جوُن-جٗلائی) کہِ  پوُرٕ زوُنٕہ دۄہ (پُنِم ) مناونہٕ یوان یتھہٕ  کٔنہِ  یہ ہیندِ کیلنڈرس منٛز زاننہٕ یوان چھُ ۔
5303,نارفوک انٹرنیشنل اییرپورٹ: نارفوک انٹرنیشنل اییرپورٹ چھ نارفوک، ؤرجیٖنیاہس منٛز اکھ عوٲمی ہوٲیی اڈٕ۔
5304,"اورِفورس - اورِفورس چُھ سویڈن چہِ کلمار کاؤنٹی کِس نیبرو میونسپلٹی ہُند اکھ علاقہٕ۔
"
5305,"یم پوینٛٹ چھ تٔمس نفرس دنہٕ یوان ییٚمۍ ٲخری چال گنٛز۔
"
5306,سُہ چُھ اکھ رومَن کیتھولک تہٕ  چُھس 1963 پیٚٹھٕہ جان رِڈلَس سۭتہِ خانٛدر کرِتھ ۔
5307,"اتھ اوس سادن تہٕ سنیاسین  ہِنٛز سرزمیٖن وَننہٕ یِوان۔
"
5308,اِلی لِلی اینڈ کمپنی اِلی لِلی اینڈ کمپنی چھ اکھ عالمی  امریکی دوا  کمپنی۔
5309,مارکنڈےتلاو  چھُ اکھ یَلہٕ ڈھانچ، تہٕ اتھ اند اندِ  چھُ اكھ كنہِ دیوار یٗس پیمژو سیریو٘ سٕتہِ تہِ  بناونہٕ آمٗت چھٗ ۔
5310,زیروکسن اوس اکھ کمپیوٹر بنوومت یتھ زیروکس آلٹو چھ ونان مگر یہ اوس نہٕ مارکیٹنٛگ کران کینٛہہ۔
5311,اتھ نیرِ مکمل اسقاط حمل نتیجہ۔ 
5312,یمو منٛز چھ کینٛہہ اصطلاح بٲہمی ، ناقٲبل تلٲفی مِلکیت ، تہٕ پیشکش ۔
5313,جیٖلس چُھ اَکھ کِلومیٖٹر زیچھر، 50 میٖٹر کھجر تہٕ 15 میٖٹر سرٛنیٚر۔
5314,تمۍ سند مقصد اوس پانڈوہن ہنٛدین ہتھیارن قبضہٕ کرُن۔
5315,یہِ چھٗ زخمٕچہِ  جایہ ایكزون ڈِسٹل كِس حِصس منز گژھان   تہٕ  عام طور زخمہٕ پتہٕ 24-36ہن  گھنٹن منٛز شروٗع گژھان۔
5316,ریڈیو اکٹِو آیوڈین یلاج پتہٕ چھٗ حمل  شیٚن ریتن تام مٗلتوی  تھونٗک مشورٕ دنہٕ یوان۔
5317,ماہرازٕ گژھِ  پنُن دٔچھُن اتھہٕ ماہرینہِ ہنٛدِس دٔچھنِس پھیکِس پیٹھ تھوُن ۔
5318,بوریت ختم کرنٕچ کوٗشش کران کوٚر شرما جی یَن باقٕے نوکرِیَن مَنٛز گژھنُک فٲصلہٕ۔
5319,میسوری کین زیادٕ تر باقٕی علاقن منٛز چھُ 1/2 آنچہِ  پیٹھہٕ اكھ  أنٹھ شینہٕ پیومٗت۔
5320,خیال چھ یوان کرنہٕ ز یونٲنی حروٗف تہجی چھ سہ ییٚمہ پٮ۪ٹھٕ زیٛادٕ تر یوٗرپی حروٗف تہجی چھ آمٕتۍ۔
5321,تہٕنز وٲنٛس کینہہ تہِ آسۍتن- بشرطیکہِ تۄہہِ آسہِ کم از کم کالج پیٹھٕ گریجویشن کٔرمٕژ- تۄہہِ پزِ پننہِ ریٹائرمنٹَس متعلِق سوچُن، خاص پٲٹھۍ ییٚلہِ تۄہہِ کیریئر مِلیو یا مستقل ملازمت ٲسِو کران۔
5322,گنیش سٕنٛز بیٚنِہ چھےٚ راکھی گنٛڑنہٕ خٲطرٕ یوان۔
5323,ہاسنن کوٚر 2004 منز انسان دوست کارکردگی  تہٕ زِندگی منز روادٲری   باپت گوڈنیک ابراہم نیشنل ایواڈ حٲصِل ۔   
5324,میگھالیہ تہٕ بنگلہ دیشس درمیان سرحد چھ لگ بگ 440 کلومیٹر زیوٹھ، ییٚمہ منٛز لگ بگ 350 تن چھ تار لگاونہٕ آمٕژ؛ مگر سرحدس پیٹھ چھنہٕ لگاتار گشت یوان کرنہٕ تہٕ یہ چھ غیر محفوظ۔
5325,بہٕ چُھس پننِۍ گاڑِۍ  چھلنس پیٹھ واریاہ مایوس ۔ 
5326,امہِ واقعہٕ پتہٕ، دِژ ملکی نشری ادارٕ، چاینا سیٚنٛٹرٛل ٹیٚلی وِجنن قونیٛنگشَن جایہ سۭتۍ جورِتھ مزہبی مواد کہِ دریافت سپدنچ   خبر۔  
5327,"فِلمہِ ہِنٛدِس رومٲنی زاوِیس پیٚٹھ کُر کیٚنٛژو تنقیٖد ۔
"
5328,بہٕ چھس مایوس گژھان ییٚلہ میٛٲنہِ خانٛداریٚنہِ میانہ مددتہٕ ورٲے سٲرٕیہ گھرٕ کٲم پکناوان چھےٚ۔
5329,"یہ بٲتھ اوس ٲٹھن ہفتن تام ہاٹ سول سنگلز چارٹس منٛز نمبر اکھ۔
"
5330,انسٹاگرام اوس کیون سسٹروم تہٕ مائیک کریگرن بنوومت ۔
5331,یہِ علاقہٕ چُھکھ چھیٖلِکا جھیٖلہٕ پَتہٕ رِیاستٕچہِ  دوٛیِم رامسر جایہ بناونہٕ آمٗت ۔
5332,تمس ٲسۍ ترٛےٚ نیٚچو، لکشمی نواس، کرشنا کمار، تہٕ بسنت کمار۔
5333,یِم تماشہٕ چھِ رٮ۪وٲیتی طور اَتھٕ سٕتہِ  بناونہٕ یِوان، تہٕ نیبٕرِ  زٲوِلہِ نقشہٕ تہٕ رنگ كرِتھ مٗكمل كرنہٕ یوان ۔ 
5334,ہندوستانٕکہِ شٗمٲلی سرحدٕ چھ زیادٕتر  ہمالیٲیی پہٲڈِ سِلسِلو٘  سٕتہِ واضح گژھان ، ییٚتین  امہِ مٗلكٕكہِ سرحد  چین، بھوُٹان تہٕ نیپالس سۭتہِ لگان چھِ ۔ 
5335,"پرٛیتھ جُرمانس چُھ اَکھ مخصوص کوڈ آسان یُس فاؤل کِس وقتس سۭتہِ سۭتہِ سرکٲرِ میچ رِکارڈَس پیٹھ درٕج چُھ کرنہٕ یِوان۔
"
5336,گولہٕ چلاونہٕ پتہٕ ٲس واریاہ لوکھ زانکٲری یژھان ز یہِ کیازِ سپُد ۔
5337,گورلٹز چھ موجودٕ جرمن فٹ بال کھلاڑین مایکل بالک تہٕ جینز جیریمیٖز سند آبٲیی شہر۔
5338,ہوٹلہٕ پیٹھہٕ کھینہٕ سۭتۍ خوش گژھنہٕ بجایہ کٔر بیچھن میانہِ امہِ سٕندِ باپت  سڑکہ پیٹھ کٕنن وٲلس نش کھین ملۍ ہینٕچ منگ ۔
5339,لوڈوسیا گیۍ تتہِ نابود، تہٕ پتہٕ اونُکھ یہِ واپس۔
5340,"ییل، کولمبیا، پرنسٹن تہٕ رٹگرزٕکۍ نمٲیندو کٔر 19 اکتوبر 1873 تھس منٛز تمام سکولن ہنٛدۍ استعمال خاطرٕ اصولن ہُنٛد اکھ معیٲری سیٹ بناونہٕ خٲطرٕ ملاقات۔
"
5341,"حالٕے ؤرین منٛز چھ زٲنتھ مٲنتھ تشدد سۭتۍ دنیاہک اوسط سالانہ موتک شرح فی 100,000 لوکن منٛز 7.9۔"
5342,اَمہِ جایہِ ہُنٛد قدیم ناو چھُ تھیروکدل ملائی۔
5343,کلب فٹ سٕتۍ پیدٕ گژھن والین لگ بگ نصف شرین منز چھ دۄشوٕے کھۄر متٲثر گژھان ۔
5344,۔9 ستمبر 2005 منٛز کٔر ایالاہَن اپُز دعوا دٲخل کرنٕچ سٲزِش تہٕ بجِہ ژوٗرِ ہٕنٛز کوٗششہِ ہُنٛد مجرم قرار، تہٕ یِیہِ 2 نومبر 2005 منٛز سزا دِنہٕ۔
5345,یہِ چھُ آبُک نٗمایاں آگٗر  تہٕ ریاستہٕ خٲطرٕ  أکس زٗو بچاون واجِنہِ رٕكھ، ہٕنٛز کٲم کران۔
5346,"ساروی کھوتہٕ بٔڈس شہرس ، فاؤلرس، ٲسۍ 2010 منز 2,317 آبادی۔"
5347,راج راجا چولا اول تہٕ راجندر چولا اول ٲسہِ چولا خاندانٕکہِ سارِویہ کھۄتہٕ بٔڑِ حٗكٗمران ، یمو یہِ تامل سلطنت کٮ۪و رٮ۪وایتی حدو نِش برٛۄنٛہہ پکنوو۔
5348,حٮ۪فاظتی عوٲمل چھ کٲنٛسہ نفرٕ سٕنٛد خۄدکٔشی سۭتۍ مرنٕکۍ امکان کم کران۔ 
5349,تحریٖری ابخاز ادب گوٚو نٮ۪سبتاً حالٕیہ  20 ہِمہِ صٔدی ہِنٛدِس آغازس منٛز شایع۔
5350,جمی جارج اوس اکھ قابل ذکر ہندوستٲنۍ والی بال کھلٲڑۍ، یس پنٛنس بہترین دورس منٛز دنیا کین دہن بہترین کھلٲڑین منٛز شمار اوس کرنہٕ یوان۔
5351,ڈاون سنڈروم لنکن ہنٛدِ جامع فہرست خٲطرٕ وٗچِھو سوسائٹیز اینڈ ایسوسیشنز۔
5352,پننٛہ قیادت تہٕ دوُر انٛدیشی سۭتہِ ہُرروو چولا پادشاہو پنُن علاقہٕ تہٕ اثر تہٕ رسوخ۔
5353,اَمِہ علاوٕ موافقت وِزِ  جمٲژ ہٗند باڈو معنے تھوان ۔ 
5354,تو٘ہہ روز،یو  مے٘  سۭتہ پوُرٕ زِندگی خٗشی سان۔
5355,تریپورا ہٕکی مأدانی علاقہٕ آہیِ تاہم مغلی حملن ہنٛدس زدس منٛز.
5356,"باقٕے خصوٗصیَاتو علاوٕ چھِ واریاہَن مُلکَن مَنٛز  سیریل نمبر 
 وٲلہِ نوٹھ آسان ، یمَہِ سٕتہِ امِكہِ بناونٗك  وقت تہٕ جایہ بدِ كڈنس منز مدتھ میلان چھٗ ۔ "
5357,شُمٲلی بحر اوقیانوسٗك  سمندری طوفانن ہٗند  موسم چھُ 1 جون پٮ۪ٹھ 30 نومبر تام روزان۔
5358,انٹرنیٹ آرکائیوٕچ بٗنیاد ٲس بریوسٹر کاہلے ین 1996تھس  منٛز تر٘ٲومٕژ ۔
5359,سُہ اوس بطور واریاہ مشہوُر ٹیلی ویژن گیم شو بناون باپت زاننہٕ یوان ۔
5360,سٹیٹن چِھ فالجِہ ہُند خطرٕ تقریبن 15 % کم کران ہاونہٕ آمُت۔
5361,کُنہٕ تہٕ قسمچ باکسنگ ہنٛز ساری کھوتہٕ قدیم معروف عکاسی چِھ ترٛیٚیمہٕ صدی قبل مسیح منٛز عراقس منٛز سمیری راحت سۭتۍ یوان۔
5362,نزدیكی ریلوے سٹیشن چٗھ بروچ یٗس الہٕ پلہٕ 125 كِلومیٹر دوٗر چھٗ تہٕ نزدیكی ہوٲیی اڈٕ  چھٗ سوٗرت ۔
5363,صوبٲیی خود مختٲری ہنٛدس سوالس پٮ۪ٹھ تہ ٲسہِ مٗختٔلف خیالات ۔
5364,ورلڈ پروفیشنل بِلیرڈٕز اینڈ سٕنوکر ایسوسی ایشن (ڈبلیو پی بی ایس اے) چھٗ برسٹل، انگلستانس منٛز واقع پیشورانہٕ سنوُكر تہٕ انگلش بِلیرڈَسٗك انتظامیہ ۔ 
5365,تٔمۍ سٕنٛدِ ٲخری جنگہٕ کٮ۪ن منظرن ہٕنٛز وضاحت کران چھُ کٮ۪نٛہو مبصرینو تٔمۍ سُنٛد موازنہٕ جان آف آرکس سۭتۍ کوٚرمُت۔
5366,وِشنوُ تہٕ تمہِ سندین اوتارن  یتھہٕ کٔنہِ زن  کرشن تہٕ وٹھوبا ہندِ رسمی پوُزایہِ  باپت  چھُ ام،یوٗك پن پیش كرنٗك تجویز  کرنہٕ یوان۔
5367,تٔمۍ کوٚر سیلٹک فراسٹس منٛز پننس پورٕ کیٚریَرَس دوران سٹیج ناو مارٹن ایرک عینُک استعمال۔
5368,"تم چِھ واریہن بڑٮ۪ن امریکی شہرن منٛز تہ لبنہٕ یوان۔
"
5369,2012 تام ٲسۍ 378 ڈاکٹر، 81 فارماسسٹ ، 337 اسٹاف نرسہٕ، تہٕ 77 لیب ٹیکنیشن۔
5370,ہوم سکول ٹیچرسنز تعریف کرنہٕ خٲطرٕ چھ اکھ دۄہ تجویز کرنہٕ آمت، یس پتہٕ واریہو ہوم سکولنگ گروپو منظم کوٚر۔
5371,بٔلکہِ باسیٛوو تمِس یہِ دِلچسپ زِ جارٕج چُھ أمِس دیوانہٕ گوٚمُت، مگر یہٕ تہٕ جارٕج ٲسہِ  اصل پٲٹھہِ رلان ۔
5372,یم رولر کوسٹر چھ پٕزۍ پٲٹھِۍ خوفناک۔
5373,باقٕی وجوہاتن منٛز ہیٚکہ نٲرن وٗٹھِنِ لگٕنہِ  شٲمل ٲستھ ۔
5374,لگاتار ترٛیٚیمہ لٹِہ چُھ ٹیم کنیڈاہن آیی آیی ایٚچ ایٚف ورلڈ جونیئر ہاکی چیمپین شپس منٛز سونہٕ تمغہٕ زیونمت۔
5375,"ہِیٛوٗمس پیٚیہِ سفرُک خرچہٕ ادا کرنہٕ خٲطرٕ پنٕنہِ زمین کٕنٕنہِ ۔
"
5376,درجہ بندی چِھ اکھ پیچیدٕ عمل ییمِیُک دارمدار سٔرچ انجن الگورتھمس پیٹھ چُھ۔
5377,مےٚ اوس نہٕ زانٛہہ سوچمت ز میون کریڈٹ کارڈ كٕرِ  یتھ لانجس منٛز کٲم ۔
5378,"4.9 میٹر (16 فٹ) قٗطٗرٗك نیصف دٲیرٕ  'شوُٹنگ سرکل' چھُ مٲدان كِس  پرٮ۪تھ اندس پٮ۪ٹھ اکھ علاقہٕ۔
"
5379,سوادھیایہِ مہٕ كریوُن نظر انداز  یُس پنُن مطٲلعہٕ چُھ تہٕ پر٘وچن  یُس ویدٕچ وضاحت چھُ ۔ 
5380,مدھیہ پردیشس منٛز چھ اہم قبٲیلی گروپ گونڈ، بھیل، بیگا، کورکو، بھڈیا (یا بھریا)، ہلبا، کول، ماریہ، مالٹو تہٕ سہاریا۔
5381,سمبلپوری خطس منٛز ریاست کِس تشکیلس دوران، كو٘ر نواکھایی بطور اکھ رسمی تہوار زراعت  بطور طرز زندگی فروغ دنس منٛز اہم کردار ادا۔
5382,سۄ چھےٚ اغوا کرنہٕ آمٕژ تہٕ چھےٚ کرن سٕنٛز پارٹی منٛز اننہٕ آمٕژ۔
5383,کانگرس كِس قیادتس منز  حکوٗمتَن ہِنٛزِ معٲشی حیكمت عملی ہِنٛز تواریخ  ہٮ۪کو دوٚن دورَن منٛز تقسیٖم کٔرِتھ ۔
5384,سُہ آو گۄڈنِکسیہ  موقعس پیٹھ واپس،تہٕ 1921 ہَس منٛز كرٕن  ماسٹرس ڈگری مٗكمل ۔
5385,"کِنگ زاو 20 اگست 1931 ہَس منٛز کِلیولینڈ، اوہائیو وس منٛز۔
"
5386,مارک تہٕ سونیوہس چھُ ، تقدیر  ذریعہٕ اِکوٹہٕ اننہٕ پتہٕ  پننِین  والدینن  ہٕنٛز رضامندی زینٕنہِ ۔
5387,اَمہِ سۭتۍ میُول موسیقارَن عزت  یِمَن  امہ برۄنہہ حقارت سان وُچھنہ اوس یوان۔
5388,سارِکایہ ترٲو کھاندرٕ پتے اداکٲری۔ سارِکایہ کٔر ہاسن نہ باپت  کاسٹِیوُم ڈِزاینر سٕندِ حیثیتہٕ “ہے رام“ فِلمہِ منز کٲم تہٕ زیوُنُن  بہترین کاسٹِیوُم ڈِزاینہٕ باپت نیشنل فِلم ایواڈ ۔
5389,نیو اورلینز سینٹسن کوٛر جو ہارن پنٛنس درخواستس پٮ۪ٹھ رہا۔
5390,حالانٛکہ زیادٕ تر گیمہٕ چھےٚ مفتٕے دٔستیاب، گیم پلے منٛز ہؠکو مختلف اضافہٕ حٲصل کٔرتھ۔
5391,بینٹلے چھِ پننین تیز، عٲش آرام واجِنین گاڈین باپت مشہوُر ۔
5392,یتھ ہوٹل کمرس منٛز بہٕ روزان چھٗس تمیوٗک انٹرنٮ۪ٹ کنیکشن چھ واریاہ تیز۔ بہٕ چھٗس خوش   ز بہٕ چھٗس  ویڈیو کانفرنسنگ کٔرتھ ہٮ۪کان ۔
5393,سہ چھ نٔمیبیاہک وٲحد نفر ییٚمۍ اولمپکسس منٛز تمغہٕ حٲصل کوٚر۔
5394,اتھ معلوماتس چھِ میٹا ڈیٹا ونان ، تہٕ یہٕ چھ بذات خود پیکٹس مٗتعلق  ۔
5395,سارستون دٔریاو: سارسؔتون دٔریاو چھ بیلیز کس ٹولڈو ضلعس منٛز اکھ دٔریاو۔
5396,پورٹل چھ جڑتھ، ییٚمہ سۭتۍ اکھ سرونٛگ چھ بنان ییٚمہ مٔنٛزۍ چیل پٔکتھ ہیٚکہ۔
5397,چونکہ ریاست چھےٚ پننین ٲبی وسیلن ری چارج کرنہٕ خٲطرٕ پورٕ پٲٹھۍ رُودس پیٹھ دارمدار تھاوان، اوے چھ مانسونٕچ ناکٲمی آب چہ شدید کمی تہٕ شدید خشک سالی ہُند وجہ ۔۔
5398,اگر خداین اکھ اصل تہٕ سہی دٗنیا تخلیق کو٘ر ، تیلہٕ آسہِ نہٕ کانہہ تہِ گۄناہ ۔
5399,"تٔمہِ زیوُن نیشنل بُک ایوارڈ تہٕ توٲریخ خٲطرٕ پُلٹزر ینامہٕ ۔
"
5400,"ذِکِر کٔرِو زِ بینک کھاتو سٕتہِ  چِھ سوُد زینان، تہٕ بچت کھاتہٕ چُھ زیادٕ سوُد زینان تہٕ یہِ گژھِہ الگ تھاوُن۔
"
5401,بائ پولر ناسازی چھے مینیا ہكۍ دور پیدٕ كران یِم ڈپرشنکین دورن سٕتۍ ختم گژھان چھِ ۔ 
5402,امہ لاوٕ کِس انفیکشنس چھِ کینڈیڈیاسس یا تھر٘ش ونان ۔
5403,ییٚلہ تہ توہہ اضٲفی رقم خرٕچ کرنٕچہ خواہش چِھو محسوس کران تیٚلہ لیکِھ،و٘ جلد اکھ نوٹ ۔
5404,تٔمۍ گینٛد ڈیٹرایٹ پسٹنزس تہٕ نیو یارک نیٹسس خٲطرٕ۔
5405,یہ وتہ چُھ واریاہن پہاڑن ہنٛد وجہ سۭتۍ واریاہ دلکش ۔
5406,تمہ دیُت 24 مارچ 2003 تہندِس نیچوِس ڈوناوان چارلس ہارڈیَس جَنم ۔
5407,"ذٲتی خریدٲری والین ہٗند  اوسط سالانہٕ  تنخواہ چھُ  $30,000-$57,500 امریكی ڈالرن درمِیان آسان ۔ "
5408,سكوُلس ٲسۍ وارِیاہ ترقی پسندانہ  پہلوُ ، یِتھ كٕنہِ زن اِمتحانن تہٕ مُقابلہ جٲتی اِمتحانن باپت ناپسندیدگی ۔ 
5409,ركھہِ  مَنٛز لَبنہٕ  یِنہٕ وٲلین  کُلٮ۪ن ہِنٛدِ چِھ واریاہ زِیادٕ قٔسٕم ۔
5410,"جوٗن 2004 رَس منٛز کوٚر گولڈی نیجادَن شیراز آرٹس فیسٹیولَس منٛز گۄڈٕنِیُک مقام حٲصِل۔
"
5411,"اوکولو موٹر فالج ہیٚکہِ واریاہو مختلِف حالاتن ہٕنٛدِ نتیجس منٛز پٲدٕ گٔژھِتھ۔
"
5412,وونہ گو٘، اگرتوہہِ  امہِ وقتی مٗدتہٕ  کھۄتہٕ کم وقتس خٲطرٕ سفر  کران چِھو تیٚلہ ہیٚکو تو٘ہہِ  کینٛہہ مقدارس منٛز ڈیوٹی فری چیز مۄلہِ ہیتھ ۔
5413,یٕمۍ چھِ ہیرِم دٔچھُن کواڈرینٹ، ہیرِم کھوُر کواڈرینٹ، بۄنِم دٔچھُن کواڈرینٹ، تہٕ بۄنِم کھوُر کواڈرینٹ۔
5414,یہِ ورم ہیٚکہِ ٲس، أچھن أنٛدۍ پٔکھۍ، ہٹِس منٛز، یٔڈ منٛز یا باباقی جاین پیٹھ ٲسِتھ۔
5415,مٗشترقہٕ انفیکشن کِنہِ  چھ وایرس میلِتھ ہیكان ، شكل بدلٲوِتھ ہیكان ، تہٕ اكھ نو٘و قٕسم بناوان یتھ مٗتلعق میزبانس مٗختلِف مدافعت  آسان چھے٘ ۔
5416,ننٛدکنن بایولوجیکل پارکہ ہٕنٛدس آرکڈ ہاوسس منٛز چھ یمو منٛز کینٛہہ ذٲژ لبنہٕ یوان۔
5417,"سپیلبرگ سٕنٛدِ پتھ کھسنہٕ پتہٕ کوٚر باقٕے تنظیٖمو کھیلن ہُنٛد بائیکاٹ کرنُک مُطالبہٕ۔
"
5418,17 ہِمہٕ صدی ہندِس  دو٘یمِس  نی٘صفس منٛز ہیژن  پراگچ آبٲدی  بییہِ بڑٕنہِ شروع گژھنہِ ۔
5419,سپنج بوب چھ اکھ میاو بوزناوان تہٕ سونچان ز یہ باسیوو تٔسۍ۔
5420,واریاہ ملک چھ پنن یوم استاد 5 اکتوبر عالمی یوم استاد سۭتۍ ملتھ مناوان، یس یونیسکوہن 1994 منٛز قٲیم کوٚرمت اوس۔
5421,لندنٕکہِ شےٚ زیر زمیٖن سٹیشن آیہ مٗصیبتہٕ  کِنہِ بنٛد کرنہٕ۔
5422,اگر تۄہہِ واریاہ مُختٔلِف کارٕ بار تہِ آسن، توہہِ ہیٚکِو تکنیٖکی طور تِم تتھہِ  ایٚل ایٚل سی یس تحت چلٲوِتھ۔ 
5423,امریٖکاہن زیٛوٗن فاینلس منٛز کیٚنَڈاہس شِکست دِتھ سۄنہٕ سُنٛد تمغہٕ۔
5424,بہٕ چھس کوٗشش کران بڑیو  سٹور پیٹھٕ  الیکٹرانکس ملۍ نہ ہینچ تکیاز مےٚ چھ تہنٛدؠن خدماتن ہٕنٛدس معیارس پیٹھ خوف۔
5425,کَرَن چُھ پینس منز  بچنہٕ پتہٕ  اے کے 74 تھس پتہٕ لگان۔ 
5426,یہ چھ ٹیلی فونک جواب دنہٕ وٲلس مشینس پیٹھ میسج پٲٹھۍ کٲم کران ۔
5427, نقشہٕ، یُس ڈبلیوُ ایچ او ہن  سارسَس سۭتہِ لڑنہٕ باپت برون٘ہہ كٗن  اکھ اَہَم قدم مون  ، چھُ جی ایس سی ویٚب سائٹہِ ذٔریعہٕ پوُرٕ دٗنیاہَس منٛز ساٮٔنسدانَن سۭتہِ شر٘ود كرنہٕ آمٗت ۔ 
5428,سُہ اوس 1996 پیٹھٕہ 2002 ہس تام لیبر پارٹی ہُنٛد پارلیمٲنی رٗکٗن ۔
5429,کرائی کلس منز چھ، اكہِ نوِ  ہوائی اڈُک تجویز یتھ کرائی کل ہوائی اڈٕ ونان چھِ ۔
5430,نامزد ذیلی نسل کشمیر مارکھور چھ آزاد کشمیرک ریاستی جانور۔
5431,بوتلن ہنٛد استعمال کرنہٕ سٕتہِ چھٗنہٕ دودٕ شٗر زیادٕ ببہِ دۄدھ چۄن یژھان ۔
5432,مہانندایہِ ہندِ  اَہَم معاوِ درِیاو چھِ  بالاسون، میچی، کنکائی تہٕ دٔریاو کالِنٛدری۔
5433,اگر نہٕ انفیکشنٕچ کانٛہہ علامت آسہ، پی آٮیی ڈی ہیٚکہ سؠٹھاہ نۄقصان واتنٲوتھ۔
5434,سُہ چھُ  اَکھ صوُفی ین ، مٗفکرن تہٕ سپینی شاعرن ہُنٛد سرپرست سنت۔
5435,میری شیلی ہنٛد 1818 ہچ مشہور ناول 'فرینکنسٹائن' اوس ہپولیٹس سنٛز دٔلیٖلہ سۭتۍ واریہ زیادٕ متٲثر، یس ایسکلیپیس موت نشہ زندٕ چھ کران۔
5436,بوموارِ ہنزِ  رٲژ گیہ جرمنی کَس فرینکفرٹ ہوٲیی اڈس پٮ۪ٹھ  ہوٲیی اڈٕ بند كرنہٕ كِنہِ ہتہٕ بٔدِ مُسافر درماندٕ ، راتھ آسہٕ واریاہ بییٚہِ پروازٕ مَنسوٗخ کرنہٕ آمٕژ۔
5437,چونکہ آب چُھ لگاتار وسان تہٕ لوک چِھ اتھ منٛز پکان روزان، آب چُھ نہٕ کرسٹل صاف روزان۔
5438,"اتھ بظاہر ناممکن مشنَس منٛز ہینہٕ یِتھ ، چھُ نہٕ مانن وول نو عمر  نوجوان اکھ غٲر مُمکنہٕ فتح حٲصِل کرنہٕ خٲطرٕ پننین شكوُكن سۭتہِ لڑان۔
"
5439,اگر وایرس وول کانٛہہ نفر  کُنہِ بیٚکہِ جایہِ ییٚتہِ اے۔البوپکٹس عام آسہِ گژھِ، تیلہِ چھٗ نوو پھہلاو گژھان ۔
5440,حتاكہِ محدوُد وقت آسنہٕ كِنہِ پییہِ تِمن ایپریل میكتھ اے مین كٗنِس زنِس اداكٲری  حدف كرٕنہِ ۔
5441,2014 منز  ک؟ر تمہِ دیوالی پیٹھ اِجرا سپدن واجِنہِ، سوپر نانی منز تہِ كٲم ۔  
5442,"تِمَن لوٗکَن منٛز یِمَن مایوکارڈیل انفریکشن آسہِ یا یِمَن منٛز قلبی خطرٕ زیادٕ چھُ، تِمَن چھُ یہِ گۄڈٕنِچِہ فالجِہ نِش کینٛہہ تحفظ فراہم کران۔
"
5443,"ڈراہن تھوو  آسٹریلیا ژورن پوائنٹَن پٮ۪ٹھ تہٕ کروشیا دۄن  پٮ۪ٹھ، ییٚمہِ سۭتہِ آسٹریلیٲیی ٹیم، یَتھ ""دی ساکروس"" ریژھ چھِ ،  شُراہن راونڈن ہندِس  فیفا ورلڈ کپس  منٛز برون٘ہہ پكنس اجازت مِیوُل ۔ "
5444,"شانواس سٕنز خانہ دارِنۍ عائشہ بیوی چھےٚ پریم نذیرٕنۍ ساروِی کھۄتہٕ بَجہِ بیٚنہِ سلیقہ بیوی ہنز کُور۔
"
5445,کلینیکل سنڈروم ہیکن پردیی تہٕ مرکٔزی دۄنوٕی زخمو سۭتۍ پیدٕ گٔژھتھ۔
5446, پنٛنین اخراجاتن دوبارٕ سام ہینس  دیِو گۄڈٕ انوٲرۍ  یِمو سٲتۍ تہنزِ زندگیہ قدر ہُرِ۔
5447,یہِ چھٗ وربنجا دٔریاوٗک دٔچھنہِ بٔٹھیوٗك اکھ معاون دریاو ۔
5448,یہِ آو  1946ہس منز نِیوٗ یارك سِٹی منز شروع كرنہٕ ۔
5449,اگر تۄہہِ کانٛہہ خاص ہُنر یا مہارت چھَوٕ، تُہہِ  ہیٚکِو تمہِ سۭتہِ  تہِ کٮ۪نٛہہ اضٲفی رقم زیٖنِتھ ۔ 
5450,راگنی دیوی سٕنٛدِ مُطٲبِق چھِ تٲریخی شہادتہٕ ونان زِ گوٹیپواس روایت ٲس 14 ہِمہِ صٔدی منٛز خردھا کِس راجا سٕنٛدِ دٔسۍ زاننہٕ تہٕ پرورش کرنہٕ آمٕژ۔
5451,شیٚن ریتن ہٕنٛدِ یلاج مٗقابلہٕ  چھنہٕ  تپہ دق کیٚن  ژہو٘ٹین تپہ دقس خلاف یلاجن ہندِس حیمایتس منز كان٘ہہ شہادت ۔ 
5452,امہ پتہٕ چھ کبیر پنن سفر جٲری تھاوان، ییٚتہ سوٗ منشیات بناون وٲلس کارخانس منٛز واریاہ بچہ غلام لبان تہٕ آزاد کران تہٕ لیوُکس ماران چھٗ ۔
5453,"وۄنۍ گووٚ، اتھ علاقس منٛز گوو امیک استعمال ختٕم، یتھ کٔنۍ زن سان فرانسسکووس منٛز گوٚو۔
"
5454,"گام یا ہمساے تہِ چھِ اِکہٕ وٹہٕ یِوان تہٕ چھِ أکِس کمیونٹی گُدھی کاواڈٕچ میزبٲنی کران، یُس تِم اِکہٕ وٹہٕ مقٲمی شیو مندرَس تام نِوان چھِ۔
"
5455,تمۍ سُند ڈائیلاگ ونٕنُک انداز چھُ آز تام تہِ مشہور۔
5456,سہن ہنز ركھ  چھِ 1300 مٗربعہٕ کِلومیٹَر کِس رۄقبَس پٮ۪ٹھ پۭھہلِتھ ۔
5457,"یہ چھ ترل صابنیہ ہیو، مگر یہ چھ مس
 چھلنہٕ باپتھ بناونہٕ یوان۔"
5458,سدھارتھس ٲس یہ تہ زانٛکٲری زِ سُہ اوس نہٕ دولتمند آسنہٕ باوجود تہ خۄش ۔
5459,"کی سُنگ یونگن کٔر کورینن  ہندِ خٲطرٕ 37 ہن منٹن منٛز اہلیت حٲصل۔
"
5460,"اگر دۄشوٕے والدین  ہیموگلوبینوپیتھی خصوٗصیت تھاوان چھِ، پرٛٮ۪تھ مٗتٲصِر  شُر سندِس حملَس منٛز چھٗ  %25 خطرٕ  آسان ۔
"
5461,وقتس سۭتۍ سۭتۍ، ییٚلہ تہۍ بٔڈیو، تۄہہ پز سٹاکن منٛز پننہ سرمایہ کٲری منٛز کٔمی کرنہِ۔
5462,ایمبولک فالجچ اکھ خاص صوُرت  چھ غٲر متعین آگٗر ،ایی ایس یوُ ایس ۔
5463,امیک تعلق چھ 60 ؤری کھۄتہٕ زیٛادٕ وٲنٛسہ ہٕندٮ۪ن لوٗکن ہٕنٛز یادداشت کٮ۪ن مسلن سۭتۍ تہ۔
5464,تم چھ أکس سٹیڈیمس منٛز گنٛدان یتھ ریکریکیشن گراؤنڈ ونان چھ ۔
5465,گوگل چھ واریاہن زبانن منٛز دستیاب تہٕ چھ واریاہن ملکن خٲطرٕ مقٲمی بناونہٕ آمت ۔
5466,فلمہِ منٛز چھُ اکثَر اَکس  راک کنسرٹس  اندِ پٕكہِ نژان ۔ 
5467,چینی حکوٗمتَن چھُ واریٛاہَو ؤرۍ یَو پیٹھ اَتھ نکار کوٚرمُت۔
5468,شاہد کپوُرن كو٘ر  موسمی منظرٕ باپتھ شیٚن ورقن ہٗند كٗنٗیہ زو٘ن ادا كرنہٕ یِنہٕ وول مكالمہٕ یاد ییتین تمہِ سٗند  کردار حیدر پاگل گژھان چھٗ ۔
5469,اکھ مخصوُص سٗپٗردگی خرچہِ ہیكہِ تٗہندِ یہِ مۄلہِ ہینہٕ پتہٕ شین یا ستن ورین تام چلان روُزِتھ ۔ 
5470,تو٘ہہِ  ہیٚکِو وٗنِہ تِہ کم در٘وگ  چیز مۄلہِ ہیو٘ن ژٲرِتھ ۔ 
5471,پتہٕ کوٚر پادٕرٮ۪و یہ پونٛسہٕ وۄپرن ہٕنٛد خٲطرٕ قبرستان ہٮ۪نہٕ خٲطرٕ استعمال۔
5472,کھٮ۪ن چِھ مٗلکہٕ پٮ۪ٹھہٕ مٗلکس تہٕ کٗمبہٕ پٮ۪ٹھہٕ کٗمبس منز  مختٔلف آسان ۔
5473,گریلو توانٲیی آڈِٹ کٔرِو حٲصل تہٕ کٔرِو کُنِہ تِہ مقٲمی سرکٲرۍ پروگرام خٲطرٕ درخواست۔
5474,رازٕ وِرات تہٕ تٔم سُٕنٛد رعایا  خۄش کرنہٕ خٲطرٕ کوٚر بھیمن جِموٗتس چلینج تہٕ کینہہ کال  گٔژھِتھ  کوٚڑُن سُہ نیبر۔
5475,تِم چھِ پننین مختصر الی او اے، سادٕ آپریشن تہٕ کم کھوتہٕ کم رٲچھ  باپت جوانَن ہنٛز جہاز رانی ہند پروگرامن منز مقبول۔
5476,یِم چھِ وۄنہِ ٹیلی فون تہٕ باقی تارن خٲطرٕ استعمال گژھان ۔
5477,یہ چھ اکھ لۄکٹ سربند  بناونہٕ خٲطرٕ بنٛد کرنہٕ آمٗت یتھ فوسل لیك ونان چھ، ۔
5478,سنٛکرانٛتی تہوار چُھ آنٛدھرا پرٛدیش تہٕ تیٚلنٛگاناہس منٛز ژۄن دۄہن مناونہٕ یِوان۔ 
5479,سہ گوٚو فرار تہٕ ووت ویلڈن ، ییٚتہ تٔمۍ راچیٹس سمکھیوو۔
5480,شمال مغربی سکمس منٛز چھ چوٹی پورٕ ؤرۍ یس منجمد گژھان۔ زیادٕ بلندی ہٕند وجہ سۭتۍ ہیٚکہ وندس منز پہاڑن منز درجہ حرارت منفی 40 ڈگری سیلسیس یا منفی 40 ڈگری فارن ہائیٹ تام کم گژھتھ۔
5481,ویگنرن گٗزٲرِ لگ بگ وُۭہ ؤری رنگ سائیکل لیکھنس منٛز ۔
5482,یہ چھ تمہ وز استعمال یوان کرنہٕ ییٚلہ لکن شاہس منٛز دشوٲری چھ آسان تاکہ تمن بہتر شاہس منٛز مدد کٔرتھ۔
5483,"آیی کے ہیروز - آیی کے ہیروس چھ سویڈن کس سمیڈجیبیکنس منٛز اکھ سپورٹس کلب۔
"
5484, پروگرامِنگ ورٲیہِ اکھ ویب سایٹ ہیٚکہٕ نہٕ باقین پیچیدٕ چیزن ورٲے یہ کٔرتھ۔
5485,فِلمِہ ہٕنٛز ریلیزٕچ تٲریخ آیہ مزید 21 مارچ 2014 ہَس تام بڑھاونہٕ۔
5486,أمس چھ زٕ بجہِ بیٚنہٕ ، کوزوی تہٕ کاؤری ۔
5487,سیاست دانن ہٕند خٲطرٕ گوٚو میانین أچھن منز عزت کم تکیاز تمو کٔرۍ پنن غیر قانوٗنی منافہٕ بچاونہٕ مۄکھٕ سستہ حربہٕ استعمال۔
5488,انگریزۍ چھےٚ ریاست تہٕ یونین آف انڈیا ہس درمیان خط و کتابتٕچ سرکٲرۍ زبان۔
5489,امِکیو  بناون والیو چھ پنٕنۍ مصنوعات غٲر قونوٗنی بننہٕ نِش بچاونہٕ خٲطرٕ واریاہ مختٔلف حکمت عملی استعمال کرِمٕژ۔
5490,امہِ بغاؤژِ بدلٲوۍ برطانوی ہندوستانچہِ دۅشوے مقٲمی تہٕ برطانوی فوج۔
5491,"اَمیُک آگُر چھُ نہرو میموریل پارکہِ پٮ۪ٹھٕ  واقع ۔
"
5492,"اہنٛز کوٗر لورا آیہِ نہٕ ’نیو کڈ آن دِی بلاک‘ پتہٕ وچھنہٕ۔
"
5493,مارکس اوس مانان  زِ مٗلک کرن سرمایہٕ دأرِیت  ختم تہٕ کامہٕ ہنٛد مقامات پكن  سمٲجِیاتس كٗن ۔
5494,"دۄشوٕے حصہٕ چھِ ہاف ٹایِم پیریڈ سۭتۍ الگ یِوان کرنہٕ، تہٕ گۄڈٕنِکِس تہٕ ترٛیٚیِمِس کوارٹرَس پتہٕ چھُ اکھ مختصر وقفہٕ یِوان دِنہٕ۔
"
5495,پلسہٕ چھ ونان ز بیجرانی ین مأر پنٕنۍ خانٛداریٚنۍ گوٗلۍ لگٲوتھ تہٕ امہ پتہٕ مورن پنن پان۔
5496,بالی ووڈ ہنگامہٕکۍ تَرن آدرشن دَتۍ اتھ 2.5 سٹار۔
5497,"بھوپالَس منٛز راجہ بھوج بین الاقوٲمی ہوٲیِی اڈس، جبل پوٗرَس منٛز ڈمنا ہوائی اڈس، گوالیار ہوٲیِی اڈٕس تہٕ کھٗجاراہو  ہوٲیِی اڈَس پٮ۪ٹھ تہِ چھِ مٗسٲفِرن باپت  تیہ شٗدٕ  تجٲرتی خٔدمات بدس ۔
"
5498,یمو منٛز چھ کینٛہہ گلوسولیا، سکیزوفرینیا، بای پولر ڈس آرڈر تہٕ سکیزو ایفیکٹو ڈس آرڈر۔
5499,لداخٕک قدیم ترین بسکیٖن ٲسۍ خانہ بدوش یمن کمپا ونٛنہٕ چھ یوان۔
5500,تِم آیہِ 1904 رَس منٛز قٲیم کرنہٕ تہٕ وُنِکینس چِھ سینٹ جیمز پارک گراؤنڈس منٛز گنٛدان۔
5501,یہِ ٲس  بطور كلب مینیجر پیپ گارڈیولا سٕنٛز تر٘ین ورین منز بیرم میوُنِكھس سٕتہِ  سٔتِم ٹرافی ۔
5502,1927 تہٕ 1926  منٛز گِنٛدنہٕ یِنہٕ واجیٚنۍ گۄڈٕنِچ ورلڈ سنوکر چیمپئن شپ- یَتھ تَمہِ وِزِ سنوکرٕچ پروفیشنل چیمپئن شپ وننہٕ اوس یِوان- اوس جُو ڈیوِسَن زیونمُت۔
5503,ییٚلہِ زَن کانٛہہ چیز منصوبَہ مطابق چھُنہٕ گژھَان، یاد تھٲیِو زِ یہِ چھُنہٕ دُنیِاہُک اند تہٕ تُہۍ ہیکِو بیٚکہِ لَٹہِ بہتر کٔرِتھ۔
5504,پنٛنس باقٲعدٕ چیٚک كھاتس تہٕ  پنٛنس سوُد وٲلس كھاتس درمیان کٔریو اکھ خۄدکار مٗنتقلی  قٲیم۔
5505,"کولڈ وار پتہٕ، رومانیہ بنیوو مغربی یورپس قریبی دوست۔
"
5506, اکِہ لٹِہ لگٲوِتھ چھِ آے اُو ایل لینزَس  ترے اہم فٲیدٕ۔ 
5507,امہ برٛونٛہہ اوس یہ ریاست جموں و کشمیرک حصہٕ۔
5508,أمۍ قانونن دِت قانوٗن لاگو کرن والین ادارن قومی دہشت گردی تہٕ سمٲجی طور  خلل تراوَن واجنین سرگرمین منز شریک لوکن سۭتۍ سلوک روا کرنکۍ وسیع اختیار۔ 
5509,یہِ ٹیٖم چھےٚ کُنہِ تہِ عٲلمی نیٚٹ بال چیمپین شِپ باپتھ کوالیفایۍ کرنس منٛز ناکام روزمٕژ۔
5510,ییٚلہ چیلنجر شٹل ٹیک آف کرنہٕ پتہٕ چھلہِ چھلہِ سپٗد  پوٗرٕ ملکن كور خلابازن ہنٛدس راونس پیٹھ ماتم ۔
5511,گریناڈا اوس گۄڈنچہ لٹہ 1984 تھس منٛز اولمپک کھیلن منٛز۔
5512,کلاسیکی ذرایعن چھ یہ تہ درج کوٚرمت ز تہنٛدس معاہدٕ پتہٕ کوٚر چندرگپتن تہٕ سیلیوکسن تحفن ہنٛد تبادلہٕ، یتھ کٔنۍ ز ییٚلہ چندرگپتن سیلیوکسس مختلف افروڈسیکس سوز:
5513,سوٗ اوس، حسن سٕنٛزِ راے مُطٲبق، اکھ اہل تہٕ دیانت دار حُکُمران۔
5514,تٔمہِ دِژ اکِہ لٹِہ فر٘ی سٹائل جنگس منٛز پیٹر کروچس تہِ شِکست ۔
5515,چنگاواسا سپرنگس منٛز اوس سپا چہ جایہ نزدیٖک اکھ ہوٹل بناونہٕ آمت۔
5516,اندرا گاندھی ہنٛدِس دورَس مَنٛز روٗد لایسنس راج نِظام جٲرِی۔
5517,آسامس منٛز چھ اکھ بوٚڈ ریل ہیڈ تہٕ اکھ ہوٲیی اڈٕ یتھ منٛز باقی ملکن ہندِ  باپت باقٲعدٕ ریل تہٕ ہوٲیی خدمات چھ۔
5518,یہ چھ صوبہ پنجاب چہ رازدانہ لاہورس منٛز واقع۔
5519,ہندوستان کہِ محکمہ موسمیاتہٕ مطٲبق پیوٚو مہابلیشور، مہاراشٹرٛا ہس منٛز برٛٮ۪سوارِ پٮ۪ٹھٕ جمع دۄہ صبحس تام 24ہن گنٛٹن دوران صرف 60 سینٹی میٖٹر (23 آنٛچہِ) کھۄتہٕ رژھا کم روٗد۔
5520,واریا لوک چھ سوچان ز یتھ  تہ  قصبس منز کیتھیڈرل آسہِ سُہ  چُھ شہر ۔
5521,اَمہِ تہوارٕکۍ باقی ناو چھِ رتھا جاترا یا رتھا تہوار۔
5522,سُہ اوس 1954 پیٹھٕہ 1983 تھَس تام بورنماوتھ ویسٹ پیٹھ  رُکَن پارلیمان ۔
5523,موجودٕ سلطان محمد پنجم چھ کیلانٹنک ۲۹ ہم سلطان۔
5524,امہ علاوٕ ، چھےٚ مونوریل ٹرین یۄس پوٗرٕ ضلعس منٛز سفر کر ۔
5525,سۄ بنییہِ 2022 منٛز جورجیا میلونی کابیناہس منٛز ادارٲتی اصلاحاتٕچ وزیر۔
5526,یہ چُھ پیریار بیسنٕٗك جنوُبی اند ۔
5527,ایڈز تہٕ ہیمولیسس (وۄزلین خوُن كین خلیین ہٗند پھٗٹٗن ) کہ وجہ سٕتہِ ہیکن جسمٕكہِ ضروُرِیات بڈِتھ ، یہِ وۄزلین خلیین ہٗند بڈٗن سٗست كران چھُ ۔
5528,"گِبن نہِ گرفتٲری ہندس نتیجَس منٛز گوٚو سوڈان تہٕ برطانیہَس درمیان بین الاقوامی تناو تہٕ تناؤ پٲدٕ۔
"
5529,"فلمہِ ہنٛدِ بجٹُك (پروڈکشن لاگت)  تخمینہٕ چھُ 120-420 ملین رۄپیَن درمیان لگاونہٕ  یوان ۔
"
5530,اٹلی ہندۍ ایٚلیٚکس شوازرَن چُھ پننؠن 3 گھنٹَن تہٕ 37.09 منٹَن ہُنٛد وقتہٕ سۭتۍ مردن ہنٛد 50 کلومیٹر چِہ پیدَل سفرَس منٛز اکھ نوٚو اولمپک رکارڈ قٲیم کوٚرمت۔
5531,تٔمۍ گیون 1963 پٮ۪ٹھ72 19 تام صوبٲیی سطحس پٮیٹھ تارانکی خٲطرٕ ۔
5532,"شولے یَن کٔر واریٛاہ فلمَن تہٕ نقلن ترغیب تہٕ كٕرن فِلمن ہنز اكھ صِنف   ""مغربی رو٘س "" پٲدٕ، یُس سپگیٹی ویسٹرن اصطلاحَس پٮ۪ٹھ اکھ ڈرامہ  چھُ ۔
"
5533,حملہٕ پتہٕ دۄیہِ  ہفتہِ مۄیہِ سو٘  29 دسمبر 2012 دوہ ۔
5534,سہٗ اوس مینیسوٹا ڈیموکریٹک-فارمر-لیبر پارٹی ہنٛد رٗکٗن۔
5535,"تٔمِس ٲسہِ  سَر اینگَس اوگلویَس سۭتہِ زٕ شُرِ، مرینا تہٕ جیمز اوگیلوی ۔
"
5536,"پرٛدیٖپ پانٛڈے ""چِنٹوٗ"" چُھ اکھ ہِنٛدُستٲنہِ  اداکار یُس زیادٕ تر بوجپوٗری زبٲنہِ  ہِنٛزن فِلمن منٛز كٲم كران  چُھ۔ "
5537,چوکیچری  منٛز چھِ واریاہ زیادٕ  اینٹی آکسیڈینٹ  ، یو٘سہٕ خصوُصیت تِم چوك بیری ین سٕتہِ شرو٘دھ كران چھِ ۔ 
5538,بینکو گلیشیا بینکو گلیشیا چُھ ارجنٹین ہٗك اكھ ذٲتی  بینک۔
5539,تمۍ سٕنز گۄڈٕنِچ ریلیز ٲس 2009 منز راج فلمز یشکش ، نیویارک۔
5540,ریتہٕ کس ٲخرس پٮ۪ٹھ بہو پنٛنہِ خانٛدارینہِ  سۭتۍ تہٕ کٔرو دونوے پنٕنہِ خرچہِ جمع ۔ 
5541,"پاسر جُرمانہٕ آو 1914 منٛز لاگو کرنہٕ تہٕ اہل کھلٲڑٮ۪ن آو گۄڈٕنِچہِ لَٹہِ 1918منٛز مٲدانَس منٛز کُنہِ تہِ جایہِ بال رٹنُک اِجازت دِنہٕ۔
"
5542,یہِ اصطلاح چھِ كامہِ كرنہٕ ، یا كھیل گِندنہٕ باپت ۔ 
5543,1975 منز آو سُبرتا دتا مارنہٕ تہٕ وِنود مشراہن پکنٲو پارٹی ۔
5544,انسٲنی وصٲیل اِنسٲنی وصٲیل گیہ اكہِ كمپنی یا اداررٕ باپت كٲم كرن وٲلہِ سٲری لٗكھ ۔
5545,پرتھ آر آٮٔی آر چھٗ دٗنیاہ کین  مٗختلف حصن باپت پتاہ مٗتعین   کران ۔
5546,تیلُک استعمال کرن وٲلۍ گوڈنِکۍ یورپی فنکار ٲسۍ سطحس واریاہ ہموار بناوُن پسند کران۔
5547,"منوگ اوس 2008 پٮ۪ٹھٕ 2013 ہس تام آندریس ویلنکوسوہس سۭتۍ رشتس منٛز۔
"
5548,چونہٕ کنہِ ہٕنٛزو بناوٹو٘ چھِ مُختٔلِف رنگن تہٕ شکلن ہٕنٛزٕ   مُختٔلِف شاندار شِشرگانٹن ہِشہِ   تہٕ پشپان ہِشہِ شكلہٕ بناوِمٕژٕ ۔ 
5549,امہ خٲطرٕ اوس تِمن فلسطینس منز امن تہٕ سکونک ضرورت۔
5550,اگر تۄہہ کانٛہہ خاص چیلنج درپیش چُھ تیٚلہ بنٲوِیو٘ یہِ یقینی زِ اگر ممکن آسہ تو٘ہہ کٔریو پننس شیڈیوُلس یا کمپنی سۭتہِ رٲبطہٕ کٔرتھ توسیعٕ ہٗك  درخاست۔
5551,"افتِتٲحی تقریب ٲس  تقریباً زٕ گھنٹہٕ تہٕ ژَتجی منٹ زیٖٹھ  یتھ مَنٛز لیزر شو سون-ایٹ-لومیئر اوس۔
"
5552,چندی گڑھس منٛز چھ سیکٹرو مٔنزِپكن واجینہِ  پارکن ہٕنٛز اکھ پٔٹ۔
5553,"ریتہٕ کٲلۍ دۄہَس منٛز ہیٚکہِ درجہٕ حرارت 40 پٮ۪ٹھ 45 ڈگری سیلسیس تام ٲسِتھ۔
"
5554,اداکٲری سۭتۍ سۭتۍ چھِ گوا کین لوک واین آلن ہندۍ پُر جوش ساز مثالے نگارٕ یا ڈوبا، گُومٹ، مڈالے تہ کنسیل تہ واینہ یوان۔
5555,ایسوسِیٹِڈ  پریسَ مُطٲبِق چھِ بٔڑِ کرٛہِنہِ  گریکل شہرَس منٛز فٹ پاتھَس پٮ۪ٹھ لوٗکَن پٮ۪ٹھ حملہٕ کران۔
5556,نورفولک کس جنوبس منٛز چھ زٕ لۄکٕٹۍ جزیرٕ، نیپین جزیرٕ تہٕ فلپ جزیرٕ۔
5557,تو٘ہہِ  چِھو غلط قرض سو٘مبراوان  ییلِہ تو٘ہہِ  کریڈٹ کارڈ یا باقی قرضن ہُند استعمال اکھ یُتھ طرزِ زندگی قٲیِم  یا برقرار تھاونہٕ خٲطرٕ کران چِھو یُس نہٕ تو٘ہہِ نتہٕ  جوُرِتھ ہیكہِ ۔ 
5558,سیٹھاہ  کم بٲرشہ چھُ لداخ  بلند ریگِستان بنوومٗت ییمہِ كین اكثر علاقن منز سیٹھاہ كم کُلۍ کٹۍ چھِ ۔ 
5559,"کوسٹکو بزنس ایگزیکٹو ممبرشپ چھِ فی وریہٕ 120 امریکی ڈالر۔
"
5560,اُنٛگلی ہِنٛز موسیٖقی چھےٚ سلیم سُلیمان، سچن – جگر، گُلراج سِنٛگھ، اسلم کیی یَن ترتیب دِژمٕژ۔
5561,امہ قٕسمٕچ سرمایہ کٲری چھےٚ نایاب تہٕ آسہِ  کاربار کس مٲلکس سۭتہِ انزراونہ ینہ ۔ 
5562,بہٕ چھٗس نہٕ در حقیقت  گروپ پروجیکٹن ہٗند پرستار۔ یہ چھ ہمیشہٕ محسوس گژھان ز مے٘  چھِ تمام كٲم کرٕنۍ پیوان ۔ 
5563,ایف1 ایف 1 چھِ  کی بورڈس پیٹھ اکھ فنکشن کی ۔
5564,"تھِرومایم قلعہٕ چھُ اکھ 40 ایکڑ کھوٚل قلعہٕ یُس تھِرومایم  قصبس منٛز پُڈّوٗکوٹایی-کڑایی کُڑی ہاے وے کس  پُڈّوٗکوٹایی ضلعہٕ, تامل ناڈو, ہندوستانس، منٛز واقع چھُ۔"
5565,یِتھ کٔنۍ زَن دۄشوٕے طرفہٕ پَکان چھِ، رَزِ پیٹھ چھُ تناؤ تھاونہٕ یِوان ییٚمہِ سۭتۍ یہِ ہُک سٕنٛدِ قانوٗنَس مُطٲبِق پھٲلان چھُ۔
5566,مےٚ چھ واٹر فلٹر خٲطرٕ پننِہ اے۔ایم۔سی۔یچ تجدید کٕرمٕژ مگر اکھ ریتھ کھۄتہٕ زیادٕ گوو تہٕ کانٛہہ تِہ آو نہٕ فلٹر بدلاونہٕ باپت۔ (گراک)
5567,اکہ وقتہٕ چھ ساجن پے آرڈرس پؠٹھ اہنز واضح غلطین چھپٲوتھ شیخ سٕنٛز نوکری بچاوان تہٕ سُہ چھ پنٛنس کھانٛدرس منٛز تمۍ سنٛد بہتٔریٖن مرد تہ بنان۔
5568,گھگر-ہاکڑا نظام اوس وہراہس پیٹھ مبنی تہٕ آبٕچ فراہمی ٲس مون سونس پیٹھ منحصر۔
5569,پرسماکلرس منٛز  چھ مصنوعات رٔنٛگین تہٕ گریفایٹ پنسل، تہٕ نرم پیسٹل آسان۔
5570,لِٹل فوکرس-لِٹل فوکرس چھےٚ 2010  ہٕچ اکھ امریکی مزاحیہ فلم یۄس شکاگوہس منٛز بناونہٕ آمٕژ ٲس۔
5571,کینیڈاہَن چھُ مُقابلَس پیٹھ غلبہٕ حٲصِل کوٚرمُت، ژۄشوٕے سۄنہٕ تمغہٕ زیٖنمٕتۍ تہٕ زانٛہہ تہِ نہِ ہورمُت۔
5572,مجموعی طور چھےٚ کاؤ دایی ہنز تقریبن 6 سرکٲری تسلیم شدٕ شاخہٕ ۔
5573,"ایڈولف ہِٹلرن ہیژ   1930 چہِ دہٲیی ہٕنٛدِس ٲخرس منٛز آسٹِریاہس خلاف جٲرحت ہاوٕنہِ  ۔
"
5574,"2010 چِہ مردم شمأری منٛز ٲسۍ تتِہ 34,978 لُکھ بسان ۔"
5575,دویم ٲس پروڈیوسر لارین لیوائن تہٕ اداکار ہچرسن تہٕ رابس سۭتۍ ۔
5576, ٹیم چُھ پننہِ گھریلو گیمہٕ بینک آف کیلیفورنیا سٹیڈیمس منٛز گِنٛدان ۔
5577,نہ پنٛنِس عَیالس۔ نہ پنٛنٮ۪ن ہمساین۔ نہ پنٛنٮ۪ن یارن۔
5578,"عبرانی شٲعری - عبرانی بایبلٕکۍ واریاہ حصہٕ چھ شٲعری ہٕنٛدس انٛدازس منٛز پٮ۪ٹھ لیکھنہٕ یوان۔
"
5579,زیادٕ تر جانور زٲژن منٛز، چُھ ریٚٹنول کُلیٚو  سۭتہِ بناونہٕ آمتیٚن پروویٚٹامِن، β-کیروٹین کہ خرابی سۭتہِ ترتیٖب دنہٕ یوان۔
5580,امہ پتہٕ کوٚر تٔمۍ بالٹیمور گژھنہٕ خٲطرٕ انتہٲیی تنقیٖدی اقدامک اعلان ۔
5581,"ضٗمرٕ پیجس منٛز چُھ اکہِ  سیکشنٗك  عنوان ذیلی ضٗمرٕ یتھ منٛز باقیہ  ""ضٗمرٕ"" درجہِ فہرِست  چھِ، تہٕ اکھ حصہٕ ییٚمیُک عنوان پیجز چُھ ، یتھ منٛز  پیج بطور درجہٕ بندی درج چھِ (باقی ناو جاین منٛز)۔"
5582,تٔمِس گیہ  واریاہ کاربٲرِ دِلچسپی پٲدٕ  یِمن منٛز بسٹر کریبی سوِم پوُلز شٲمل اوس  ۔
5583,کیلِفورنیا سٹیٹ روٹ 17 چھ قصبہٕ مٔنٛزۍ جنوب پؠٹھ شمالس تام گژھان۔
5584,ٹیلِوِجنس پیٹھ  چھِ دستاویزی ڈراما ریئلٹی ٹیلی ویژن پروگرامو پیٹھٕہ شروع گٲمٕتہِ ۔
5585,یہِ چھُ الکنندَا ہس سۭتہِ  رَلان، یُس گنگا دٔریاوُک بوٚڑ آگٗر چھُ ۔
5586,19 مہٕ صٔدی منٛز میجی بحٲلی تام ٲس نہٕ جاپٲنۍ عام لوٗکن کرٛام آسان۔
5587,"اکھ ٹیم ہٮ۪کہِ کھیلَس منٛز زیادٕ کھۄتہٕ زیادٕ ژور مُتبٲدل أنِتھ تہٕ یِمَو منٛز چھُ اکھ اضٲفی گول کیپر آسنُک امکان۔
"
5588,ہنٛدستانُک ساروٕے کھۄتہٕ کامیاب ڈبل کھلٲڑۍ چھ جوالا گُٹہ، یۄسہِ وٲحد ہنٛدستٲنۍ چھےٚ ییٚمۍ دوٚن زِمرن منٛز ٹاپ-10نَن منٛز مقام حٲصل چُھ کوٚرمُت۔
5589,جواب ونہِ ت٘وہہِ زِ تٗہنزِ سرمایہ كٲری كژ وریہہ لگن  مۄل دوگٗن گژھنس ۔ 
5590,بطور پروگرامر ترسیلس پیٹھ کٲم کرنس دوران ،گوو ڈورسی  کیلیفورنیا مٗنتقل ۔
5591,کمپیوٹر کارخانہٕ وٲلۍ چھِ کینٛہہ مشہور ماڈلٕک پرنٹر تہِ کٕنان۔
5592,اَمہِ پتُک پیج چھُ سُہ ییٚتیتھ تُہۍ پنُن پتہ درٕج کران چھِو۔
5593,"2005 ہس منٛز گوٚو سہ سہارا انڈیاہس منٛز کارپوریٹ مواصلاتس منٛز بطورِ مٔشیٖر شٲمل۔
"
5594,"برٛونٛہہ کالہِ ٲس مقدونِیٲیی آبٲدی زِیٛادٕ تَر زراعتس سۭتۍ وابستہٕ۔
"
5595,"شطرنج چھُ پٔتمٮ۪ن کینٛہَن ؤرِیَن منٛز ہندوستانَس منٛز مقبوُلیت حٲصِل سپزمٕژ ، بُنیٲدی طور امہِ کِس سٹار کھلٲڑِ وشواناتھن آنند سٕنٛدِ وجہ كِنہِ ۔
"
5596,افواہ چھ گوڈنکین واقعہن، ناکامین، بدسلوکین یا مشکلاتن متعلق سوچُن۔ 
5597,مِثالہِ پٲٹھہِ ، گۄڈنیُک کِھلٲڑِ چُھ 5-3 سۭتہِ برٛونٛہہ  تہٕ گَرِ چھےٚ رُکان۔
5598,ییٚلہِ زن  رَتن سیٚن قٲد خانس منٛز اوس، کُمبھلنیرُک بادشاہ دیوپال گوٚو پدماؤتی ہِنٛزِ خُوٗبصوٗتی پتھ دیوانہٕ تہٕ کٔرٕن تٔمِس سۭتہِ خانٛدر کرنٕٗك تجوہز۔ 
5599,دیہِ  سنٛد فضلہٕ سۭتہِ ، ہٲوِن ٲچھِ  مہربأنی ۔
5600,"پٹناہس منٛز آیہِ 63,063 رۄپیہِ فی نفر درٕج کرنہٕ۔"
5601,سٹروک چھ دٮ۪ماغس دٔچھنس تہٕ کھوورس دۄشوٕنی طرفن گژھان۔
5602,تِمن چھٗ سارِنیہ اندراج كرٗن   تہٕ جی ایس ٹی آٮٔی این نِیوٗن ۔
5603,سنگ ہنٛد شوقینن خٲطرٕ چھ دورس منٛز ریسنگٕک حصہٕ یمن منٛز رنگین کوڈڈ جرسی، شناخت تہٕ انعامات چھ آسان ۔
5604,وُنکینس چُھ بفیلو 10-0-0 تہٕ  این ایچ ایلس منٛز سرفہرست ٹیم۔
5605,نِینا سِیموٗن ٲس 1933 ہَس منٛز ٹریون، نارتھ کیرولینا ہَس منٛز اِیونِس کیتھلین ویموٗنَس  زامٕژ۔
5606,2019 پیٚٹھٕ چھ یہ ویسٹرک وارٹیئر چہ نوِ  میوُنسپلٹی ہٗنٛد حصہٕ ۔
5607," 42 قوانین چِھ (ہمیشہٕ بڈِ  ""ایل"" سۭتہِ لیکھنہٕ یوان)۔"
5608,تازگی بخش قدرتی آبشار چھِ ازہیار بنٛڈٕ پیٹھٕ لَگ بَگ 6 کلومیٹر دور۔
5609, قعلہٕ چُھ اسلٲمی فن تعمیرٕ چہِ خوبصوٗرتی ہٗند مٗجسمہٕ ۔
5610,"ازابیلایہ  سۭتہِ تمہِ  سٗند خاندر شروع گژھتھیہ ٲسہِ  نہٕ تِہندِ رشتہٕ ٹھیكھ ۔
"
5611,امِس  جانورس چھِ زمیٖندارن ہِنٛدِ دٔسہِ  اکثر اِذاہ دِنہٕ یِوان یِہِنٛدِ  فصلس مُبینہ طورامہِ سندِ دٕسہِ ددارٕ واتان چھٗ۔ 
5612,امۍ رپورٹن کور  آبہٕ ترقی ہنٛد منصوبہٕ دۄن حصن منٛز تقسیم - ہمالیائی تہٕ جزیرہ نما اجزاء۔
5613,2017 تام چھےٚ اتر پردیش کٮ۪ن گٲمی تہٕ شٔہری علاقن منٛز سرکٲرِ ہسپتالن ہٗند تعداد بالترتیب 4442 (39104 بستر) تہٕ 193 (37156 بستر) ۔
5614,"تٔمہِ ووٚن، ""اکھ دھماکہٕ گوٚو تہٕ یہ چھ مانٛنہٕ یوان ز تمن آسِہے ٹكر گومٗت ۔ ایروناٹیکل ماہرینن پییہ یہِ تیہ كرٗن ۔ "
5615,نشیناہَن گیوُنٛد ایگا ایف سی کوٗنویچی خٲطرٕ تہٕ آو 1998  سیزنس منٛز بیسٹ الیون ژارنہٕ  ۔
5616,ریاستس منز چھ آب پٲشی ہٕندۍ محدود علاقہٕ، میٚژِ ہٕنٛز کم قدرتی زرخیزی، تہٕ بٔڑۍ علاقہٕ یم  وزِ وزِ خشک سالی سپدان چھےٚ۔  
5617,اکہ ننٛگہٕ سمأجی سرگرمی پتہٕ آیہ کمزور جسمہٕ والٮ۪ن لوٗکن منٛز بہتری۔
5618,وتہ ہنٛد زٕ حصہٕ چھ اتھ منٛز شٲمل گژھان ۔
5619,سۄ ٲس مِسوری پٮ۪ٹھہٕ امریکی سینیٹ خٲطرٕ مٗنتخب گژھن واجیٚنہ گۄڑنچ زنانہٕ ۔
5620,2021 ہس منٛز، کوٚر أمہِ  پنُن یادٕووتٗر  انفِنِشڑ شایع، یُس نیٛوٗیارٕک ٹایمز کِس بہتٔریٖن کٕننہٕ یِنہٕ وٲلِس فہرسَتس منٛز ووت۔
5621,رازدٲنہِ بھوپالُک اوسط چھُ كم  9 ڈِگری  سیلشیس تہٕ زیادٕ  24 ڈگری سیلشیس ۔
5622,"مرینَرَن کوٚر پوٗنٛژہِمِس مِنٹَس منٛز نِک مِردجا ہَس ژیٖرۍ تسلی بخش گول کٔرِتھ جواب۔
"
5623,سٹین چھُ  یٗتھٗیہ ذرائعہ نہٕ آسنٗك حوالہٕ دِوان; سُہ اوس باپییاکا  ناوٕ تہِ زاننہٕ یِوان۔
5624,"یُس پاوُن یونبوشَس نزدیک چھُ آسان تَتھ چھِ چَھلا وَنان۔
"
5625,"یہِ اوس 1967 تہٕ 1991 تس درمیان مرحلن منٛز بناونہٕ آمُت تہٕ  چھُ زیوٗٹھ ۔
"
5626,سہل فارمیٹ بناوِ اكھ لۄكٕٹ   فائل ، مگر کم زانٛکٲری  ذخیرٕ ۔
5627,ہندوستانس چھِ لاجسٹکس تہٕ مال بردارن ہٕنٛز نقل و حرکت خٲطرٕ بنیٲدی ڈھانچِچ ضروٗرت۔
5628,1667 كِس ورِیس منز  کوٚر ڈچو گودِین  پٮ۪ٹھ حملہٕ ۔
5629,حالانٛکہ جلہٕ گوزٕ تھنیہ منٛز چھ کینٛہہ چرب آسان، مگر یہ ہیٚکہ وزن کم کرنس منٛز مدد کٔرتھ۔
5630,پیج مثال چُھ نہٕ مین آرٹیکل نیم سُپیسس منز۔
5631,पारसर करि बतोर बराबर आसनॅकि  टोकनन ह्युंद तरीकॅ  नोट.   
5632,سۄ چھےٚ وٗنکیٚنس 2019 پیٚٹھٕ بطورگوایا کٗیلٕچ مییر  کٲم کران ۔
5633,1054ہس منٛز ،بٲگر٘ٲو  عظیم شزمن  عیسائیت دوٛن اہم دھڑن منٛز  ۔
5634,"چائنا بیٚنٛڈی فیڈریشن آیہ 2014 منٛز قٲیِم کرنہٕ  تہٕ اَمہِ پتہٕ نیوٗ چینن  مردَن، زنانَن تہٕ نوجوانَن ہندیو ٹیٖمَو ذرِیعہ  متعدد عٲلمی چیٚمپٮ۪ن شِپ ٹورنامنٹَن  منٛز حصہٕ۔
"
5635,ژھو٘ٹہِ  قدٕ علاوٕ چھٗ ٹرنر سینڈر٘وم واریاہن خصوُصِیٲتی  جسمٲنی خطہٕ خالن  سۭتہِ وابستہٕ۔
5636,تمام ایڈوانسڈ تلاش چھ عام طوراضٲفی اہل اصطلاحو سۭتۍ معمول کین تلاشن منز تبدیل کران۔
5637,"ایڈز چِھ لکڑس ہینڈ لکڑہٕ بناونس منٛز ہموار کرنہٕ یا تراونہٕ خٲطرٕ استعمال یوان کرنہٕ۔

"
5638,سٹیشنس منٛز چھ پلیٹ فارم 3 بی یس پٮ۪ٹھ اکھ خاص وکٹورین تھیم بار تہ ۔
5639,مشرقی، جنوبی تہٕ مغربی سکمٕکۍ قصبہٕ چھ  شمال مغربی بنگالس منز کالمپونگ تہٕ دارجلنگ کین پہٲڑۍ مقاماتن سۭتۍ رلاوان۔
5640,باقین موسیقی نظامن برعکس چھ سولفیج کس پرٛیتھ میمبرس (یتھ سۄر ونان چھ) ترٛےٚ قٕسم آسان۔
5641,"بنیٲدی تربیتس منٛز ہیکن سادٕ حرکتہٕ شٲمل ٲستھ یم بار بار انجام چِھ یوان کرنہٕ۔ بنیٲدی تربیتٕچ باقی مثالہٕ چھِ سٹریچنگ، دیان، ٹاس لاین، تھرو کرٕنۍ، یا وۄٹھ تراوٕنۍ۔
"
5642,تمہِ سٕنٛدِ مرنہٕ پَتہٕ آو یہِ یزتھ شٲہی حَرمس منٛز تھوٚد درجہٕ تھاون واجِنیٚن زَنانن عطا کرنہٕ مثالے نوُر جَہان، ممتاز محل تہٕ جَہاں آرا بیگم۔
5643,آدی چھُ گَرٕچ کٲم کرنہٕ مۄکھٕ  نوکرٲنۍ تھاونٕچ کوشِش کران مگر اونی چھَس انکار کران
5644,یونیورسٹی علاوٕ چِھ اتہِ  واریاہ خصوٗصی سکوُل ۔
5645,یہِ دۄہ آو 1984 منٛز چھُٹی ہُنٛد دۄہ ماننہ۔
5646,کَبَڈی میوُل 1937 کِس اولمپِکسَس منٛز بین الاقوٲمی واتناویر ، ییٚمِیُک مٗظٲہرٕ ہنٛدوستانن کوٚر۔
5647,زیٛادٕ تر بنٛکن، کرٛیٚڈٹ یوٗنین تہٕ ٹرٛسٹ کمپنین منٛز ہٮ۪کن بچت کھاتہٕ کھولنہٕ یتھ۔
5648,تٔمِس آو 2014 ہس منٛز  ہٹیوٗك كینسر وٗچھنہٕ تہٕ اوسٗس 2015پیٹھہٕ جگرٗک کینسر۔
5649,"سہ اوس 1986 پٮ۪ٹھ 2012ہس تام کیمبرج یونیورسٹی منٛز پروفیسر۔
"
5650,سُہ چُھ سوٚیم بھوُ تہٕ دُنیاہُک تخلیق کار مانٛنہٕ یِوان۔
5651,برگوِک برگوِک چھ سویڈنس منز  گاولےبورگ کاؤنٹی منٛز سوڈرہیمن میونسپلٹی منٛز اکھ علاقہٕ۔
5652,"اقوام متحدہس منٛز آیہ نوجوانن ہٕنٛز اسمبلی ہٕنٛز ذٲتی سکریننٛگ منعقد کرنہٕ۔
"
5653,اکھ زنانہ ہم جنس پرست، فری مین اُوس پننس مرنس تام ہیلن رمسی یس سۭتۍ شراکتس منٛز۔
5654,نٔوۍ سٹرنگ سحر چھِ دوٗر، شہرس منٛز رۄزن وٲلۍ باین چِٹھہِ میل کرنہٕ خٲطرٕ تہِ زِیٛادٕ آسان یِمَن نِش بیٚنہِ مُقدس دۄہَس پیٹھ ہیکَن نہٕ گژھِتھ۔
5655,مٗصنفن وو٘ن  نتیجہٕ  کڈنہٕ برونہہ  چھِ تصدیقچ ضرورت۔
5656,کینٛہَو لیگن چھُ کلبن زنانہٕ کھلٲڑۍ ٹورنامنٹَو نِش خٲرج کرنُک اِجازت دِیُتمُت۔
5657,سُہٕ اوس میوزیمُک امن سفیر سمجِنہٕ یوان۔
5658,"سُہ آو این ایف ایل پلیئر آف دی ایئر قرار دِنہٕ تہٕ  پرو باؤلَہٕ باپت  مٗنتخب کرنہٕ۔
"
5659,یتھے پٲٹھۍ گژھِ، وِٹامِن B1 چہِ کٔمی دور کرنہ سۭتۍ  دماغی دود ورنِک اینسیپھلوپیتھی  تہ کم۔
5660,"ناٹنگھم فاریسٹ کہ چیف ایگزیکٹو ین ووٚن مزید: ""بہٕ چھس سونٛچان ز فٹ بال چھ انسٲنی مسلو پتہٕ یوان ""۔"
5661,نٹانگکی نیشنل پارک چھِ اکھ قومی پارک یۄسہ ناگالینڈ، ہندوستان کِس پِیرَن ضِلعس منٛز واقع چھِ۔
5662,سنوہس  آو زٲنِتھ مٲنِتھ   گواسکرس  دَھکہٕ دِنٗك اِلزام كھارنہٕ  تہٕ آو مٗعتل كرنہٕ ۔ 
5663,اگر أس یمن سُرن سا، را، ری، رو، گا، گی، گو، ما، می، پا، دھا، دھھی، دھو، نا، نی، نو لیبل لگاوو۔
5664,تمہِ کوٚر 1958 ہس منٛز جوازی پروگرامِنگ کرنہٕ خٲطرٕ ایل آیی ایس پی  ایجاد ۔
5665,وارِیاہ بوزن والین برونٹھ کنہ تقریر کرنک امکان چھِ ہمیشہِ  اعصاب شکن۔
5666,پیرا اولمپک گیمَن خٲطرٕ چھِ اکھ شوٹنگ ہنٛز درجہٕ بندی یتھ پیرا شوٹنگ ہنٛز درجہٕ بندی چھِ وَنان تاکہ جایز مقابلہٕ یِیہِ یقینی بناونہٕ۔
5667,"اکھ ""فیسس پٮ۪ٹھ مبنی"" مشیر چھٗ اسامہِ  فیس تہِ چاران تہٕ  سرمایہ کٲری ہٕنٛدِ مصنوعات کٕنٛنہٕ سۭتہٕ  کمِشن دۄشوے   رٹان۔"
5668,"راتھ آو میلان لوکیچ سُنٛد عیال گَرٕ واپس تہٕ وٗچھٗکھ پنٗن  گرٕ ژوُرو٘  دسہ لوٗٹنہٕ آمٗت۔
"
5669,بُٹوہ، بُٹوہ چھُ جاپانُک اَکھ ڈانٕٛس تھیٹر یمِچ بُنۍیاد ۱۹۵۹ منٛز تراونہٕ آیہِ ـ
5670,یہٕ اوس اکھ ہفتہٕ امریکہس منٛز نمبر اکھ۔
5671,یہِ چُھ وِنڈوز وِستا تہٕ پتہٕ وِنڈوز آپریٹنگ سسٹمن ہنٛد اکھ حصہٕ۔
5672,فلمہ ہنٛدس پلاٹس پؠٹھ تناضس متعلق ووٚن تجزیہ کارن ز ہندوستان چھ حساس موضوعاتن خٲطرٕ زیٛادٕ کھلہٕ گوٚمت۔
5673,پنُن آرڈر دِنہٕ وِزِ تھٲیِو تتہِ کہِ وقتُک خیال۔
5674,"دہلی ہِندٮ۪ن بڑٮ۪ن سمٲجی جمٲژن منز چھِ برہمن، گٗجر، جاٹ، ویش، کھتٕرِ، راجپوُت، اہیر، پنجابہِ ، پوروانچلی، بنگٲلہِ ، اٗتراکھنڈی، مٗسلمان، سِکھ بیترِ شٲمِل۔
"
5675,تِمو کوٚر ہنٛگٲمی حالتُک طِبی سامان تہٕ کھیٛن چیٛن فراہم۔
5676,ایڈورڈ اوس الفریڈ دی گریٹ تہٕ ایلیسویتھ سُند نیچو۔
5677,مایک فشر اوس بینڈک انتظام کران تہٕ آواز تہٕ گاش تہ وٕچھان۔
5678,وچھِو یہِ كار کٲژاہ پرٛٲنہِ چھےٚ۔ سیٖٹہٕ چھے٘ سارییہ ژھیٚنمژٕ تہٕ بیٚیہ چھٗ اتھ پھكھ یوان ۔
5679,"ساؤلالَن اوس مُقدِمہٕ درٕج کرنہٕ برٛونٛہہ مٲش کٕنِمٕژ۔
"
5680,ایس تھری پی وی اے سی ویکسیٖن ہیٚکون  وٗنیوٗک تام میکسیکو ہویٚن مقٲمی علاقن منٛز استعمال کرنہٕ خٲطرٕ بہتٔریٖن ویکسیٖن وۄمیدوار مٲنِتھ ۔ 
5681,"تم چھ جاپان تہٕ شمٲلی امریکہس منٛز تہٕ صرف 2010 منٛز یورپس منٛز کٕنٛنہٕ یوان۔
"
5682,سۄ بنییہ اطالوی جمہوریہ کہ آرڈر آف میرٹٕچ نائٹ گرینڈ کراس۔
5683,تُہُنٛد ؤکیٖل کَرِ تۄہہِ مُقدِمس منٛز شٔموٗلِیت تہٕ گَوٲہی دۄشوٕنی خٲطرٕ تَیار۔   
5684,اَمِچیہِ موسیقی چھے٘  ہِماچلٕكہِ اكہِ  نوجوان موسیقار تہٕ گیون وٲلہِ ترتیب دِژمٕژ ، یہِ زن ہِماچلی لوٗكہٕ موسیقی تہٕ چلوٕنہِ عالمی موسیقی ہٗند مِیوٗل چھٗ ۔ 
5685,مطالعو چھٗ ہوومٗت زِ   نوعمرن ہنٛز بٔڑ اکثریت گژھِ  یہِ مٗشكِل بننہٕ برون٘ہہ  منشیات  استعمال كرنہٕ نِشہِ دوُر ۔
5686,"کمیونٹی ایکشن یا کینٛہہ گرجا گھر چھِ مدد پیش کران، مگر ہوشیار روزِو زِ تُہۍ کٔرِو نہٕ پروگرامن ہُند غلط استعمال تِکیازِ تُہۍ ہیٚکِو بلیک لسٹ گٔژِھتھ تہٕ امِہ برونٛہہ میلوٕ نہٕ کانٛہہ مدد۔
"
5687,کوُرس فیلڈ کوُرس فیلڈ چھِ ڈینور ، کولوراڈوہس منٛز اکھ بیس بال پارک ۔
5688,ییلہ کانٛہہ گیس چھ مایعس منٛز تبدیل گژھان، اتھ چھ کنڈینسیشن ونان۔
5689,أمہِ  کوٚر شَشی کٔپوٗر سٕنٛزِ فِلِم والاز پرٛوڈکشن چہِ کٔلہِ یُگس منٛز ریٖما لَاگوُ سٕنٛدِس خانٛدار تہٕ راج بَبر سٕنٛدِس بٲیہِ  سُنٛد کِردار ادا۔ 
5690,"صٔحیفَن ہندِ كٗتٗب خانہٕ  چھِ لوہِت ضلعَس منٛز واریٛاہَن جایَن ، ساروِی کھۄتہٕ بو٘ڈ چھٗ  چوکھمَس منٛز۔
"
5691,پابندی  نافذ کرن والین ایجنٹن اوس  کم تنخواہ ادا كرنٕ یوان تہٕ اوسُكھ آسٲنی سان كو٘ژھ دنہٕ یوان ۔
5692,تِم چِھ سِکھ جھنٛڈٕ، یتھ نشان صاحِب ونان چِھ، تہٕ گُرو گرنتھ صاحبٕچ  پالکی (ڈوٗلۍ) ہیتھ جلوسٕچ قیادت کران۔
5693,"یہٕ چُھ مغربی موسیقی منٛز ٹانک (یا کم واضح طور اکھ کی) ہنٛد تقریباً برابر۔ یہٕ چُھ سۄر  یمہِ پیٹھہٕ  باقی تمام  كڈنہٕ یوان  چِھ ۔
"
5694,آرتھر بنیو بسٹر سٕتۍ اکھ وار دُشمن مگر ٲخرس منز بنیو دوبارٕ دوست۔
5695,پرساد ساشتے یَن بنٲو فِلمہِ ہنٛز پس منظر موسیقی ۔ 
5696, تِکیازِ تِہوٗند  عٔلِم چُھ سٮ۪ودُیہ  تَجرُبہٕ سۭتہِ  یِوان، اَمی ہٮ۪کَن تِم باکِیَن ذرِین  ہِنٛد کھوتہٕ  توہہِ ذاتی مدتھ كرِتھ ۔ 
5697,تمہ کٔر مس یننِوَرسس منز امریکہٕچ نمائندگی تہ ۔
5698,بھگوان چنٛدرپربھا جین منٚدر چھُ اکھ جین مندر یُس دیوتا جینَس وقف چھُ، یُس ہندوٚستانَس منٛز تامل ناڈو کِس ضلعہٕ تھنجاور کِس کمباکونم قصبس منٛز واقع چھُ۔
5699,دورٕ کرن والٮ۪ن ریاست کٮ۪ن سربراہن ہنٛد استقبال چھ فیڈرل کونسل یکجا کران۔
5700,پیٹرکَن ووٚن زِ أمۍ کوٚر وکیمیڈیا لارینس لیسگ سٕنٛدِس بلاگَس پیٹھ ویلز سُنٛد دَہَن چیزَن ہُنٛد لِسٹ یِم مُفت مِیلَن پرنہٕ پتہٕ تلاش۔
5701,بین کراس تہٕ ایان چارلسنن کر ابراہمز تہٕ لڈیلک کردار ادا ۔
5702,یہ چھ نٔنۍ کتھاہ ز سامعینن چھٗ ژرِپو٘پ کرنہٕ باپت اشارٕ میلان  تہٕ یہ چھ واریاہ مصنوعی باسان ۔ 
5703,"آکسفورڈ انگلش ڈکشنری ہُنٛد ونُن چھُ زِ ""ٹگ آف وار"" فقرُک مطلب چھُ اصلی ""فیصلہٕ کُن مُقابلہٕ""۔ حقیقی جدوجہد یا جگڑہٕ۔ بالادستی خٲطرٕ اکھ شدید مقابلہٕ""۔
"
5704,"تٔمۍ زیوٗن 1972 تہٕ 1974 دۄشوٕنی منٛز بہتٔریٖن ایڈاپٹڈ سکرین پلے خٲطرٕ اکیڈمی ایوارڈ۔
"
5705,سٔٔہ موٗد  6 اکتوبر 2020 ہیوُسٹنس منٛز 80 وریہہ وٲن٘سہِ منز ۔ 
5706,شُراہ منتر چھِ پرٛٮ۪تھ منتر پرنہٕ کِس ٲخرَس پٮ۪ٹھ مُقدس نارَس منٛز اکھ چمچہٕ گیو  تراونَس سۭتہِ پرنہٕ یِوان۔
5707,پنن مددک موضوع ژارنہٕ پتہٕ پٔرو تفصیلی ہدایت۔
5708,واریاہ ممکنہٕ نیوروپروٹیکٹو ایجنٹ یم یتھ کٔنۍ وتہ ہدف چھ بناوان انسٲنی کلینکل ٹرائلز منٛز چھ تفتیشس منٛز۔
5709,ہیٛروو ہَس منٛز بناونہٕ آمٕتۍ گۄڈٕنِکۍ عدالتہٕ ٲسۍ خطرناک تِکیازِ تِمۍ ٲسۍ آبہٕ پاٮٔپ، بٹریٚس، چمنی تہٕ لیٚجَن نزدیک۔
5710,فرایڈ چھ شناخت تہٕ اناہک موٲزنہ گرِس تہٕ سوارس سۭتۍ کران۔
5711,یِم ٹٲر  میکلینَن انڈیاناپوِیس أنہِ   تمَو منٛزٕ اوس نہٕ کانٛہہ تہِ استعمال کرنہٕ خٲطرٕ محفوظ ۔
5712,سٲنس کوچس منز چھ پریتھ کانٛہہ کووڈ-19 سۭتۍ متٲثر تہٕ امہ پتہ  ہیٚکہ یہ اسہ لٲرِتھ ۔
5713,نوآبادیٲتی ریکارڈَو مُطٲبِق پٕكہِ پریاگوال پنڈٕ شروعاتس منز سٕتہِ ،مگر پتہٕ كركھ زٲیرینن پیٹھ مزہبی ٹیكس كہِ اشرٕ سٕتہِ مٗخٲلفت ۔ 
5714,واریاہ شہر تہٕ قصبہٕ چِھ سجاوٹ كرِتھ کرسمس مناوان ۔
5715,ایونٹ منیجر سٕنٛدین سابقہ اسامین ہنٛد مٗثبت ردعمل چھٗ متٲثِر کٗن ۔ لگاتار کامیاب تقریب  وٕچھن چھِ حوصلہ افزا۔
5716,برۅنٛہہ کُن کینٛہہ ہن ؤرین منٛز  رُکٲوۍ علاء الدینن    چغتائی خانتہٕ پٮ۪ٹھ جران منجور، سیوستان، کلی، دہلی تہٕ امروہہس منٛز منگول حملہٕ کامیٲبی سان۔ 
5717,تٔمۍ کوٚر سراسوٹا ٹیلی ویژن سٹیشن ڈبلیو ڈبلیو ایس بی یس منٛز اکھ زنانہٕ اینکر لنڈا کارسنس سۭتۍ خانٛدر ۔
5718,کھیلن مُتعلِق فٲصلہٕ چھِ امپایر کَران، یِتھ کٔنہِ  امریٖکی فُٹ بالس  منٛز ریٚفرٛی چُھ کَران۔
5719,تاہم ، تِم چِھ یِہ ظٲہر کران زِ کلہ نُمراوُن اوس نہٕ مشراونہ آمت۔
5720,اتھ منٛز چھ پین ہینڈل کِنہِ ریاستک پوٗرٕ شمٲلی حصہٕ تہ شٲمل۔
5721,جارحانہ جنگ تہٕ توسیع پسندی ترک کرنہٕ پتہٕ تھٲو اشوکن سلطنتٕچ حفاظت تہٕ پورٕ مغربی تہٕ جنوبی ایشیاہس منٛز استحکام تہٕ امن پٲدٕ کرنہٕ خٲطرٕ یہ بوٚڈ فوج برقرار۔
5722, سُہ نفر یُس مےٚ پتہٕ لٲنہ منٛز کھڑا اوس، تس اوس واریاہ عرق یوان  تہٕ   مشک اوسس ووکھٕ۔
5723,پِٹ بنییہِ   اتھ فلمہِ منٛز پننہ کردارٕ كِنہِ  اکہ قٕسمٕچ فِرقہٕ نِشٲنہِ  ۔
5724,کیمیٲئی جنٛگس منز  چھِ صرف انسٲنی زندگی پٮ۪ٹھ سیو٘د حملہٕ ۔
5725,"بہار روٗد 1912 ہَس تام برٹش انڈیا چہِ  بنگال پریذیڈنسی ہُنٛد حِصہٕ، ییٚلہِ بہار تہٕ اڑیسہ بطور  الگ الگ صوبہٕ  بناونہٕ آیہ ۔
"
5726,"2000 تام اوس ایڈمزویلس منٛز تقریباً 2,000 لوک روزان۔

"
5727,پوٚتس وننہ آمت  چھُ اَکہِ ہلکی موسیقی ہنزِ صورت زاننہ یوان۔ امیُک تعلق چھُ یُس ہولی ہندس سونتہ تہوارَس سۭتۍ۔
5728,سریدھرنس آو فرٛانٛسیسی حکوُمت طرفہٕ دہلی  میٹرو ہس منٛز أمہ سنٛد دِتہِ باپت  لیجن آف آنر اعزاز دِنہٕ۔
5729,1978 تھس منٛز آو سہ 1978 کٮ۪ن ایشیٲیی کھیلن خٲطرٕ جاپانس منٛز تہ منتخب کرنہٕ۔
5730,"ساروٕیہ تھود مقام چھٗ شٗمٲلی انڈیمان جزیرس منٛز واقع ((سیڈل پیٖک  732 میٹر (2,402 فٹ) تھٕز )۔"
5731,دوٚیم جنگہٕ عظیمس دوران بی بی سی سمفنی آرکسٹرا آو برسٹول منتقل کرنہٕ۔
5732,سہ چھ فروری 2019 پٮ۪ٹھٕ صحت تہٕ طبی تعلیمک نٲیب ؤزیر۔
5733,الٹیمیٹ کھو کھو لیگٕچ شروعات گژھنٕچ توقع چھ  2020 ہس منٛز کرنہٕ یوان، ییٚمۍ  ڈابرس سۭتۍ اکھ بوٚڑ سپانسرشپ سودا متوجہ کوٚر۔
5734,یِنہٕ والہِ  ہفتہٕ بنییہِ  سۄ 100 میٹر ایونٹس منٛز پیرسٕچ چیمپئن۔
5735,خلٲیی جہاز، یُس امریکی فضایی فوجُک NAVSTAR گلوبل پوزیشننگ نظامُک حصہٕ چھُ، چھُ کامیٲبی سان  زمین کِس وسطی مدارس منٛز ترٛاونہٕ یِوان۔
5736,یہ چھُ اوٕ کِنیۍ  ز تمن اوس نہ پَے سُہ کتہ چھُ۔ 
5737,أتھۍ دۄران چھِ سمنٛدٔری طوفانَن خلیٖج کارپیٚنٹیٚریاہَس منٛز غیر قانوٗنی گاڈٕ رٹنہٕ خٕلاف کریٚک ڈاؤن کرنٕچ حکوٗمتی کوششَن منٛز رُکاوٹ پیدٕ کٔرمٕژ۔
5738,ذٲتی کمپنین ٲسہِ کینٛہہ تیار کرنہٕ برونٛہہ 80 سرکٲرِ ادارٕ  مُطمئن کرٕنہِ  پٮ۪وان؛ تہٕ اگر لاسن دِنہٕ ییہے تیٚلہِ اوس حكوُمت پٲداوار مٗنظم كران ۔ 
5739,"امہ برادری ہنٛدۍ ترٛے مرکز چھ گولن کیمپ، ہفٹین کیمپ تہٕ ہارڈنگ ہاوسن۔
"
5740,وارٕ پپیمتہ ٹماٹرٕچ سادٕگی  چھےٚ اصل لذت ۔
5741,اہم کردارو منٛزٕ اکھ ، میریس، چھُ جوُن بغاوتس منٛز حصہٕ نِوان ۔
5742,مٗفكِرو  چھٗ یکشگان ویٹھہِ پٲٹھہِ واریاہن قسمن منٛز درجہٕ بٔنٛد کو٘رمٗت ۔ 
5743,ییٚلہ تٔمۍ سۄ تنظیم ترٛاو ییٚتہ تٔمۍ 20 ہو ؤریو کھۄتہٕ زیٛادٕ کالس کٲم ٲس کٔرمٕژ، تس اوس نہٕ فکری تران ز تس کیٛاہ چھ کرن۔
5744,یِہ فِلِم چھےٚ میکا سنگھ سٕنٛزِ بطور اداکار گۄڑنچ کوشِش۔
5745,ایم بووِس اوس اکہ وِزِ تپہ دقٗك  اکھ عام وجہہ، مگر پاسچورائزڈ دودھٕکہِ تعارٗفن چُھ ترقی یافتہٕ مٗلکن منٛز عوٲمی صحتُک یہِ  مسئلہٕ  تقریبن ختم کوٚرمت۔
5746,پتہٕ ، ژوُرمہِ صدی ہٕندِس وسطس منٛز ، آیِہ تِم سمٗدرگٗپت سندِس قیادتس منز  گٗپتا سلطنت دٕسہِ زیر کرنہٕ ۔
5747,1980 کس دہائی کس ٲخرس منٛز پننہٕ کیریئر شروع کرنہٕ برونٹھ، تم کر بیرونی تجارتس منٛز کٲم۔
5748,ؤرلڈ کیٹ اوس او سی ایل سی ین تعٲمیر کوٚرمت، یۄس کتب خانن ہنٛز اکھ تنظیم چھ۔
5749,ییلہٕ جوش  عروجس پیٹھ ووت،  82 تھن مِنٹن پیٹھ ہوو زِ گول پتھ  ٹیمکہِ  دباؤن رنگ ییلہِ  اکھ زبردست حملہ ڈیڈیئر ڈروگبا سندِ  سکور كرنہٕ سٕتہِ اند ووت ۔ 
5750,بقایا قرضہٕ ادا کرنہٕ خٲطرٕ چھ تۄہہ پرٛیتھ ریتہٕ کینٛہہ اضٲفی نقد رقمک ضرورت یتھ تہۍ ہیکو کم کھوتہٕ کم ادایگی کھۄتہٕ زیادٕ ادا کٔرتھ۔
5751,بہٕ چھس ششدر ز یہ تجٲرتی کرایہ جاے کٲژاہ وسیع چھےٖٚ۔ مےٚ اوس نہٕ زانٛہہ سوچمت ز یہ آسہ أکس ہفتس اندر منتقل گژھنہٕ خٲطرٕ یوٗت جلدی دستیاب۔
5752,پیشكشن  منٛز استعمال گژھن والین  باقیہ خاص آلاتن منٛز ہیكہِ  گھٹم، کنجیرا، مورسنٛگ، وینوُ نیہ ، وینا تہٕ چتروینا شٲمل ٲستھ ۔
5753,تالمٕچ جتھی چھِ سُر چکرٕچ بیٹ گنٛزراوُن ہاوان۔
5754,سفید مرحلہٕ علاوٕ چھ یمن اکھ نیوٗل مرحلہٕ تہ آسان۔
5755,"کاوِیوُرس مَنٛز چھِ  كنین ژٹِمٕتہِ مندر  وُنہِ تہِ وچھنہٕ یِوان۔
"
5756,اکھ سینٹر بورڈ ہیٚکو لکرِ، پلاسٹک یا دھات سۭتہِ بنٲوتھ ۔
5757,میسٹرس مطٲبق، مندر چِھ 8 مہٕ صدی کس گوڑنکس نصفس پیٹھ یُس علاقائی سیاسی تہٕ آرٹ تٲریخس پیٹھ مبنی چُھ۔
5758,امہ سۭتہ گژھِ  تۄہہ انٛداز زِ  پنٛنٮ۪ن مقصَدن تام واتنہٕ خٲطرٕ  کوٗتاہ چھُ تۄہہِ بچاونٗک  ضٔروُرت۔
5759,بین الاقوٲمی سایکل پولو میچن کٔر 1990 کس دہلس منٛز واپسی یٔمِچ 1996 منٛز امریکہس منٛز گۄڈنچ عالمی چیمپئن شپ منعقد ٲس گٔمٕژ۔
5760,اکتوبر 2011 ہس منٛز کوٚر دیسایی سٕنٛز خانٛدارنہ پرینکایہ اعلان ز سۄ کر یہ فلم مکمل، تہٕ آو اتھ پلے ناو تھاونہٕ۔
5761,انٹارا حصہٕ چھُ درمیانی آکٹیوُک دٔیِم ٹیٹرا کورڈ تہٕ ہیٚرِمِ آکٹیو نوٹُک استعمال کران۔
5762,"یہِ ٲس خبر دِنہٕ آمٕژ زِ کھو سٕنٛزِ پھٲنٛسی دِنہٕ کِس تَمی دۄہ اوس بیٛاکھ اکھ سزائے موت قٲدی ییٚمِس صُبحٲے پھٲنٛسی دِنہٕ آیہِ۔
"
5763,1 جنوری 2017  آو یہِ  مونتھولون کِس نٔوِس فِركس منز ضم كرنہٕ ۔
5764,"2010 ہس تام اوس186,897 لوُکو قِلعُک دورٕ کوٚرمٗت ۔"
5765,امہ  سٕتۍ گوو امریکہس منز براہ راست غلامی دور ختم۔
5766,ییٚلہِ زن کینٛہَن بینڈی کھلٲڑٮ۪ن فیس ماسک لاگٕنۍ پیوان چھِ یِتھ کٔنۍ زَن نوجوان کھلٲڑۍ چھِ، کینٛہہ آؤٹ فیلڈ کھلٲڑۍ چھِ صرف بینڈی چنگارڈَس سۭتۍ ہیلمیٹ لاگان۔
5767,بہٕ اوسس أکس پرٛٲنس قلعس کن پکان تہٕ ییٚلہ مےٚ أنٛدۍ پٔکھۍ نصف رٲژ پنن پان کُن زوٚن وُچھ تہٕ مےٚ گوٚو خوفک احساس۔
5768,حالانکہ بھارتیہ جنتا پارٹی منز چھ واریاہ سینیر لیڈر تہ شٲمل یم خاندان پرست چھ، خاندان پرستی ہند رجحان چھ BJP منز کانگریس پارٹی ہندس مقابلس منٛز کم سطحک۔
5769,تٔمہِ کوٚر 30 جون 2015 پنٛنہِ صدارتی مُہمہِ ہٗند  اعلان ۔
5770,یم جوڑ چِھ گول تہٕ ہکن جدا کرنہٕ یِتھ ۔
5771,الفا تھیلیسیمیا چُھ اکثر جنوُب مشرقی ایشیا، مشرقی وسطی، چین تہٕ  تِم یِم افریقی نسلكہِ چھِ ، منز لبنہٕ یوان ۔
5772,حالٕیہ چھٗ کرِ٘کیٹ، فیلڈ ہاکی کھۄتہٕ زیادٕ ممقبوُل بنیومٗت ۔
5773,"کھیلٕچ زیادٕ شدت تہٕ تیز رفتار کہِ وجہ سۭتۍ چھِ سینئر تہٕ جونیئر دۄشوٕنی مُقابلَن منٛز اعلیٰ درجٕک کھلٲڑۍ بۄن درجہٕ کین کھلاڑین ہٕنٛدِ مقابلہٕ زخمَن ہُنٛد شکار گژھان۔
"
5774,اقبالن کٔر نوآبادیاتی ماحولیٲتی انتظام کین طریقن ہٕنٛد حوالہٕ سۭتۍ یہٕ ہاونچ کوٗشش ز فرایضی تحریک ہشن مزاحمتی تحریکن ہنٛدمطالعہٕ کتھ پٲٹھۍ چھ یوان کرنہٕ۔
5775," ییمہِ دلیلہِ ہٗند ہرتر چھٗ انٹرنیٹٕکہِ  استعمالَن کِتھہ پٲٹھہِ  چھِ یِمَن ترٚٮ۪ن کِردارَن ہِنٛز زندٕگی مُتٲثر کٔرمٕژ ۔
"
5776,اجیوِکَاہن اوس بٗدھ متَس سۭتۍ جین متَس سۭتہِ  تہِ واریاہ ہِشر۔
5777,بِزنِس اِنسائڈر، بِزنِس اِنسائڈر چھٕ اَکھ امریٖکی کاربٲرۍ خبرٕ وؠبسائٹ ـ 
5778,یِہ چُھ آرفنیٹُک اکھ سرکٲری رِسالہٕ ، اتھ چُھ بَیو میڈ سینٹرل شایع کران یُسہٕ سپرِنگر نیچرُک حصہٕ چُھ ۔ 
5779,یہ چھ وٕنہ تہ کینژن عالمی بازرن منز کے ایف سی ذریعہٕ استعمال گژھان ۔
5780,میوُکس میمبرین چھ ژمہ نش امہ لحاظہٕ مختٔلف آسان ز تم چھ کٮ۪نٛہہ پیتھوجن جسمس منٛز دٲخل کرنک اجازت دوان۔
5781, کورس مۄکلنہ پتہ  کالج ژیرۍ کھلنہٕ کس نتیجس منز پیٚیہ اسہ نوکری خٲطرٕ واریاہس کالس عذابس منز پیٛارن۔
5782,ہنٛدوستٲنۍ کرکٹ ٹیمن زیٛوٗن أمۍ سٕنٛزۍ کپتٲنی منٛز 2011 ہک کرکٹ ورلڈ کپ۔
5783,"मिसाले ,  यि हॆकि लॉनि मंज़ थविमॅचॅ कामि रॉतिनॅ मन्ज़ी करिथ ."
5784,اِستعمال کرنہٕ آمژٕ گاڑِ چھِنہٕ ہمیشہِ بلیو بُک قیمتَس پیٹھ کننہ یوان، تہٕ یہِ زاننہٕ سۭتۍ زِ حقیقتس منٛز  مقابلہٕ گاڑِ کٲتہس چھِ کٕنان، تۄہہِ کَرِ گاڑِ ہِنٛدِس ڈیلرس ستۍ کتھ کرنس منٛز مدد۔
5785,مندر کِس احاطس منٛز چھُ اکھ قدم تہِ شٲمِل، یتھ ہولیکیری کلیانی چھِ وَنان۔
5786,"ادوا کٔر پننِس گۄڈنیُک کتابہٕ 16 وٕری ہس منز لیوکھمُت۔

"
5787,یم دۄن نفرن چھنہٕ پتاہ زِ   تمن چھُ پنٛنہِ  ماضی پیٹھہٕ  واٹھ ۔
5788,"ویس گزریٛوو 28 دسمبر 2021 ہس منٛز 97 وہر۔
"
5789,آسٹریلیاہن دِژ راتھ فٹ بال بین الاقوٲمی دوستانٕہ میچس منٛز نائیجیریاہس 1-0 سۭتہِ  شکست۔
5790,چارلس IV رن دیُت اولڈ ٹاونس سۭتہِ ملحقہ نیوُ ٹاون  (نوٚو میسٹو) بناونٗك حکم تہٕ بنوُن پانہٕ امیوٗك نقشہِ ۔
5791,یہ خراب پوزیشن ٲس اتحادی طاقتن تہٕ تہندین فوجن درمیان اختلاف کہ وجہ سۭتۍ۔
5792,"شیلینگ اوس 2002ہس تام چلن وول زر  ییلہٕ یوُرو متعارف کرنہٕ  آو ۔

"
5793,تِم چھِ روٗسی دوٚیمہِ درجٕکۍ ڈویژن، سپریم لیگَس منٛز حصہٕ نِوان۔
5794,یہٕ اوس ہیبسبرگ بادشاہت تہٕ آسٹریا ہنگری سلطنتک اکھ اہم شہر۔
5795,دیونے گُزریوو 15 اپریل 2022 دۄہ 74 ؤرۍشہِ وٲنٛسہِ منٛز۔
5796,سٹیٹ بینٛک آف انڈیا آو 1 جولایی 1955 ہس منٛز قٲیم کرنہٕ۔
5797,آسٹریلیٲیی لیزل جونزَن زیوُن گولڈ میڈل تہٕ کوٚرن زنانن ہنٛدس 100 میٹر بریسٹ سٹروک فایٔنلَس منٛز 1:05.17 منٹ  وقتَہٕ  سۭتہِ اکھ نوٚو اولمپک ریکارڈ قٲیم ۔
5798,جج پیٹر تھامسن وو٘ن زِ كاكس سندِ سٲتۍ چھٗ سخ خطرٕ تہٕ عوام كہِ حفاظتہٕ باپت یی سُہ جیل سوزنہٕ ۔
5799,ژندروارِ دۄہ، اکہِ موسمی واقعہٕ سٕتہِ  موسمُک وُنیُوک تام ساروٕے کھوتہٕ شدیٖد روٗد پیٚنہٕ سٕتہِ گیہ ہندوستانس منز دِل تھامہِ ۔
5800,"پتہٕ زیوٗن نیرجَن 2018 کٮ۪ن کامَن ویٚلٕتھ کھیلَن منٛز مردَن ہنٛدِ جیولِن تھرووُک سۄنہٕ تمغہٕ۔
"
5801,مارٕچ 1858 منٛز كو٘ر  کیمپبیلن اكھ بو٘ڈ فوج ہیتھ بیہ اكہِ لَٹہِ  ، اودھس منٛز بغاوت دباونٕہٕ باپت  لکھنوَس پیٹھ یلغار، تہٕ كورٗن  عالمباگ  جایہ مٗقابلہٕ   ۔
5802,سوُ اوس 1985 پیٹھٕہ 1989 تام تہٕ بیٚیہ 1993پیٹھٕہ 1997 تام ڈپٹی۔
5803,اندرمن  پیٹھ حملہٕ کرن وٲلس پروٹینس چھِ اینٹی باڈی ونان ۔
5804,رٹائرڈ این ایچ ایل ریفری بروس ہوڈن ووٚن ز أمہ سٕنٛز اعلی شخصیت ہیٚکہ ہاکی ہال آف فیمس منٛز نہٕ آسنٕٗك  وجہ ٲستھ۔
5805,زیادٕ تر تہوار چہِ ضیافتہٕ چھے٘ خٹہٕ مازس پیٹھ مبنی آسان ، مگر سلاد تہٕ مختٔلف سوربہٕ  تہِ چھِ  مقبوُل ۔
5806,"امہ پتہٕ آو جانسن جلدی پلیٖسک ڈی آیی جی بناونہٕ حالانٛکہ ولکنسنن ٲس أمۍ سٕنٛزِ تبدیٖلی ہٕنٛز درخواست کٔرمٕژ۔
"
5807,ڈول آو نومبر 2012 ہس منٛز والٹر ریڈ نیشنل ملٹری میڈیکل سینٹرس پیٹھ ہسپتالس منٛز دٲخل کرنہٕ۔
5808,2013 منٛز آو یہ دریافت کرنہٕ ز  أمس اُوس تلہ پیتس منٛز ٹیومر۔
5809,سڈنی تہٕ سینٹرل کوسٹ پھسیو٘ بھارٕ روُد تہٕ ڈۄٹھس منز ۔ 
5810,سکاٹ بادشاہ اوس  27 اپریل 1927 دوہ ہایبرگر، الباماہس  منٛز زامُت ۔
5811,اکھ لاطینی نظم یتھ ڈی سکیچس چِھ وننہٕ یوان، یو٘سہِ  10 ہِمہٕ صدی ہندِ ٲخرٕچ چھے٘ ، چھِ آئنسیڈلن ایبے ہس منز   محفوُظ  تھونہٕ آمٕژ ۔
5812,"اَمہِ وجہہ كِنہِ  چھے٘ واریٛاہ ماجہِ یِمَن حالٕے شُر زامُت چھُ تِمَن چھِ فلو شاٹ لگاونہٕ خٲطرٕ سخٕت حوصلہٕ اَفزٲیی یِوان کرنہٕ تِکیازِ تِہنٛدِ بچانو نظام چِھ کمزورآسان ۔ 
"
5813,شدید زخم والین بیمارن ہندِ بلنہٕ پتہٕ چھٗ تہندین عصبن منزۍ رسایی ہُند جایزٕ نِنہٕ یوان ۔ 
5814,ادے پورس منٛز کٔر سنگھن لگ بگ 45 منٹن ہُنٛدرس آبس منٛز، بٲتٕچ اکھ ترتیب شوٗٹ۔
5815,بہٕ گوٚو مایوس ییٚلہ شہرٖك  ساروٕے کھۄتہٕ بوڑكٖتٖب  فروشس  سۄ کتاب لبِتھ ہیوك  یۄس بہٕ ژھانٛڈان ٲسٕس۔
5816,انسان ہیکہ وارہن گھنٹن تام ترکرِتھ تہٕ قرارس منز روزتھ ۔
5817,کینِنٛگ ٹاوُن سِٹیشن چھُ جُبلی لٲنہِ پیٛٹھ، یُس دۆیِمؠن علاقن میُٛل کرناوان چھُ ـ
5818,"1713–14 ہس منٛز، پھہلیو٘ بڈِس پیمانس پیٹھ   آخری لٹہ پراگس منٛز وۄباہ ، ییمہِ سٕتہِ 12,000 پیٹھہٕ  13,000 افراد ہلاک گیہِ۔"
5819,یونین فوج رود سنکن روڈس پیٹھ کنفیڈریٹس پیٹھ حملہٕ کران۔
5820,آے ایٚن اے مُقدِم، یِمن لال قِلعٕ  مقدِمہٕ تہِ ونان چھِ   ، چھِ انڈین   نیشنل آرمی ہِنٛدیٚن واریاہن افسَرن ہِنٛدِ كورٹ مارشلٗك  حَوالہٕ دِوان۔ 
5821,ریاستس منٛز چھ زٕ بین الاقوٲمی ہوٲیی اڈٕ  لکھنؤس منٛز واقع  (چودھری چرن سنگھ بین الاقوٲمی ہوائی اڈٕ ) تہٕ وارانسی منٛز لال بہادٗر شاستری بین الاقوٲمی ہوٲیی اڈٕ ۔
5822,"تِہنٛدِ رشتہٕ کِس نٔتیٖجس منٛز چھُ سُہتمہِ  سٕنٛدِ درجہِ مُطٲبِق ڈالہِ پیش کران تہٕ سِکندرَس نۄقصان نہٕ واتناونٗك  وعدٕ کران   ۔
"
5823,آہا، میٲنۍ سٹاک چھ آسمان کھسان۔ یہ چھ میٛانہ پورٹ فولیو خٲطرٕ اکھ بہترین خبر۔
5824,محلکۍ ڈھانچے ٲسۍ لکڑِ تہٕ کنٮ۪ن ہٕنٛدۍ بنے مٕتۍ۔ 
5825,تٔوونن تُلۍ  مذہبی، سمٲجی، اقتصٲدی ہنگامہ  یِمو سۭتۍ یورپ کِس تٲریخس پیٹھ سروٚن اثرپیوٚو ۔ 
5826,أمس چھ مارسیلو میلان، یس دروازس نزدیٖک أکس لۄکٹس شراب خانس منٛز روزان چھ۔
5827,این پاسنٹ کہِ وٲحد مٖٗستسنہٕ آسٕنہٕ سٕتہِ چِھ تمام موہرٕ  تتھ ژوٗكوُنجلس   کُن گژھِتھ رٹان یتھ حریف سندیو موہرو  قبضہٕ کورمٗت آسہِ ۔ 
5828,اگر نہ تم مطمعیٖن آسن، تم ہٮ۪کن واپس مرحلس منٛز ٲستھ تہٕ رقم واپس ہٮ۪تھ۔
5829,فاکسن چھ امریکہ کس اوکلاہوما ہُک اکھ قصبہٕ ۔
5830,توانایی  چھِ وٗنہِ تہِ فوٹوٹوکسِک: چوٗنکہ گاش چھُ   آکسیڈیشنس فروغ دِوان،  بے گنڈ  آکسیجن مالیکیولزو  سۭتہِ   ییلہٕ ریشن  منٛز کیمیائی رد عمل واقع سپدان ۔
5831,3 اپریل، جمعہ دۄہ، كو٘ر 47 وہٕرِ کراجنیکن،  پنٗن سورٗیہ اپارٹمنٹ لگ بگ پانژھ گیلن گیسولین سۭتہِ  پرٛیٚتھ کانہہ چیز  اتھ منز بۄڈنٲوِتھ ادرِ پلو سۭتہِ وو٘تھراوان صاف۔
5832,ساروِی کھۄتہٕ مقبول اعلیٰ سطحک زمرَن منٛز چھِ سٹورُک تجرُبہٕ، بند کرنہٕ آمُت آئٹم/برانڈ، کمپنی فیڈ بیک تہٕ سوال، تہٕ پروڈکٹ سوال تہٕ پروڈکٹ فیڈ بیک شٲمِل۔
5833,"دۄشوٕے محدود اوورَن ہٕنٛدۍ فارم چھِ بین الاقوٲمی سطحَس پیٹھ محدود اوورز انٹرنیشنل تہٕ ٹی 20 انٹرنیشنلک پٲٹھۍ گِنٛدنہٕ یِوان۔
"
5834,"جینکِنز گُزرٮ۪و 30 ستمبر 2020 ، 68 ؤریہہ  وٲنٛسہِ منٛز۔
"
5835,"تامِل ناڈوَس منٛز چھٗ  ٹینس تہِ اکھ مقبوٗل کھیل ییتہِ رمیش کرشنن، رامناتھن کرشنن، وجے امرتراج تہٕ مہیش بھوپتی ہی قٲبلِ ذِکِر بین الاقوٲمی کھلٲڈِ چھِ ۔ 
"
5836,انک کارٹریج چھ اکھ لۄکٹ کنٹینر یتھ منٛز انک چھ آسان ۔
5837,"گوڑنک، A300 اوس نہٕ واریاہ کامیاب۔

"
5838,حکومت ہنٛدستانس چھےٚ پتہٕ گلوکار اداکارس بھارت رتن (ہندوستانک ساروٕے کھۄتہٕ بوٚڑ شہری اعزاز) دنہٕ خٲطرٕ اپیل کرنہٕ آمٕژ۔
5839,وۄنہِ گوٚو، آیی آیی آر ایس چھٗ تمن فردن سزا دوان یم برون٘ٹھیہ پانسہٕ كڈِتھ امہ نظامک فٲیدٕ تلنٕچ  کوُشش کران چھِ ۔
5840,افغان سیکورٹی اَفسرَو كٕرِ 2008 منٛز کم از کم دۄیہِ لَٹہِ امریکی فوجَس پٮ۪ٹھ حملہٕ ۔
5841,"مِثالہِ پٲٹھۍ ، اگر تۄہہِ خبرَن منٛز اِنسٹا کارٹ شٲمِل کرنس منٛز دِلچسپی چھِو، تیٚلہِ سوزِو یَتھ اکاونٹَس اکھ ای میل۔
"
5842,مظاہرینو اوس یہِ کھیل سرکٲرۍ تہوار پٲٹھۍ  منعقد کرُن کامیاب پٲٹھۍ رکوومت۔
5843,یہ چھ ایشیٲیی کھٮ۪نن منٛز تہ کھٮ۪نہٕ یوان ، یتھ کٔنۍ زن چینی تہٕ انڈونیشی کھٮ۪نن منٛز ۔
5844,2015 ہس منٛز کوٚر أمہِ  نیپالس منٛز کارٕبٲرِ شخٕص رِتیش رلہانس ستہِ  خانٛدر۔
5845,یہ آیہ 26 جون 2020   سونی ایل آیۍ وی یَس پیٹھ جٲری کرنہٕ ۔
5846,جنگس دوران اوس سُہ بو٘نمہِ درجُک سِپاہ۔
5847,انکارپوریشنٕچ شروعات گیہ 1968 ہس منٛز لانكیسٹن ، تسمینیاہس منٛز۔
5848,وِکی مِیڈیَن اِن ریزِڈٮ۪نس- اکھ وِکی م،یڈیَن اِن ریزِڈٮ۪نس چھُ سُہ كان٘ہہ شخص یُس اكِس  تنظیٖمَس سۭتہِ کٲم  کران چھُ ۔
5849,CNN ہوٲیی اڈٕ، سی اٮ۪ن اٮ۪ن ہوٲیی اڈٕ چُھ اَکھ امریٖکی ٹیلی ویژن نیٹ ؤرک ۔
5850,سی سی ٹی وی فوٹیج چھَکھ جٲری کٔرمٕژ یَتھ منٛز پاکستانُک شَہر اسلام آبادَس منز چھُ میریٹ ہوٹلَس نیبرٕ کَنۍ ٹرک بم پھٹان وچھنہٕ آمُت۔
5851,کینٛہہ ریوایتہٕ چِھ اتھ تقریبس شُرِس  یا مستقبل كِس دِوِجا،   دۄیہ لٹہ زامٕتہِ سند باپت  دُبارٕ روُحٲنی زنم مانان۔
5852,تٔمۍ کوٚر 1978 منٛز 36 وہر وٲنٛسہ منٛز پیشورانہٕ باکسنگ پٮ۪ٹھ سبکدوشی ۔
5853,اے سلطنت ٲس نگرکوئل تہٕ تھیرووالاہس درمِیان پٔھہلِتھ ۔
5854,تِمَو ووٚن یتہِ زِ تٔمۍ دِژ آن لائن بلاگسَن شابٲشی یمو غلطی ہنز نشاندہی کر۔
5855,أمس آسہٕ شیٚیہ بینہٕ ، یمو منٛزٕ ادون لووین ٲس اکھ فنکار ۔
5856,اگر یہِ اکھ مضمون چھُ یُس تُہۍ صرف لیکھنُک منصوٗبہٕ چھِو بناوان، مہربٲنی کٔرِتھ لیٚکِھو یہِ گۄڈٕ تہٕ پتہٕ کٔرِو فایل اپ لوڈ۔
5857,تھیراکوئل چُھ ہِنٛدوستٲنۍ رِیاست تامِل ناڈوٗ کِس تِروٗوَنامَلائی ضِلعہٕ کِس ٹیلر تالٗكاہس منٛز اَکھ گام۔
5858,"تمۍ اوس ریلیسیما خۄشکی سالی دوران کاشتکار برادری ہٕندین مسلَن پیٹھ تبادلہٕ خیال کرنٕچ تہٕ فصلَن ہُند تحفظ یِتھ کٔنۍ مُصیبتَن سۭتۍ نمٹنٕچ حِکمت عملَن تجویز کرنہٕ باپت گامُک وسیع دورٕ کوٚرمُت۔
"
5859,ایکسایٔز ٹیکس چھ سیلز ٹیکسو نش دۄن اہم طریقن منٛز مختٔلف ۔
5860,"یہِ چھِ کرٛہِنہِ کَنہِ سۭتۍ بناونہٕ آمٕتہِ کِچاکیشوری مندِرٕچ جاے۔
"
5861,امریکہ ہس منٛز چُھ سُہ کے سی کامیٹِس منز اِنڈور فُٹ بال تہِ گِنٛدان۔ 
5862,سافٹ وییر پروگرام بناونس منٛز چھ اکھ اہم کٲم ضروریات سمجنۍ۔
5863,باقی ایکسٹرٛاوکولر مسلن ہٕنٛز غیر مقابلہٕ کاروٲیی ہٕنٛد وجہ سۭتۍ چھےٚ متٲثر ٲچھ سیوٚد أچھن ہنٛدس مقابلس منٛز ہیوٚر کن آسان۔
5864,"مانی ہن کوٚر پنِنہِ کیرئیرُک آغاز أکِس نقالی فنکارٕ پٲٹھۍ کلابھون کامیڈی گروپَس سۭتۍ۔
"
5865,ٲخرس چِھ جے دیو سِمرتی سۭتۍ خانٛدر کران تہٕ تِم چِھ اکھ أکِس سۭتۍ خوشی سان روزان۔
5866,لورینز چھ پرفارمنس کس ٲخرس پیٹھ تمن تباہ کرنہٕ خٲطرٕ زاننہٕ یوان ۔
5867,"تِمو دِیُت اِشارٕ زِ پہلوان تہٕ مول، مُلکہٕ خٲطرٕ تمغہٕ زیننُک مقصد حٲصِل کرنہٕ خٲطرٕ چھُ پننین کورین تہنٛزِ مرضی خٕلاف تربیت دِوان۔
"
5868,مقدمٕچ سماعت آیہ 11 اکتوبر یو ایی ایف اے کِہ کنٹرول اینڈ ڈسپلنری باڈی دٕسہِ کرنہٕ۔
5869,نارتھمبریا ہٕکۍ بادشاہَن اوسوِیَن کوٚر ایسیکسُک بادشاہ سِگبٲٹ عیسٲیۍ بننس پیٹھ قٲیل۔
5870,"اَمہِ سۭتۍ چھِ مُختٔلِف ہیٚنٛدۍ جمٲژو طرفہٕ ثقٲفتی استعمال کرنٕکۍ الزام لگاونہٕ آمٕتۍ۔ اسکالرز چِھ شکوک و شبہٕ تھاوان۔
"
5871,یہ چھ اصلی مقناطیس دوٗر کران تہٕ اتھ نزدیک ینہٕ نش رُکاوان۔
5872,اوڈیسہ ہس منٛز چھِ مہا شِوراتری بطور جاگرا تہ زانٛنہٕ یوان۔
5873,"مگر اتھ  وقتس  انٛدِ پٔکہِ  واریاہ کم سیاح  آسنہٕ كِنہِ  ہیٚکِو تُہہِ  پُرسکون پٲٹھہِ  روٗد تہٕ تازٕ چھلنہٕ آمٕتہِ سبز ٲندِ پكِیوٗك  سکوُن سان لطف اندوز گٔژھتھ ۔
"
5874,"پوٗزا پتہٕ چُھ اَکھ برادری ہُند سال  کھیٚنہٕ  یوان تہٕ ہرِیا چینہٕ یِوان۔
"
5875,فہدن ژاو گۅڈٕ تامِل سیٚنِماہس ستۍ شروعات ، وٮ۪لایکران فِلمہِ دٔسۍ یتھ منٛز سِواکارِتِھیکیان، ییٚمِس خِلاف تٔمۍ دُشمنی ہٕنٛز اداکٲری کٔر۔ 
5876,"کیٚنٛہن معاملن منٛز، پَزِ شِرکت کَرن والیٚن دانٛدن ہِنٛدیٚن ہیٚنگَن پیٚٹھ جھنڈٕ تُلنہٕ خٲطرٕ کٲفی زیٖٹھ سَوارِ کَرٕنۍ ۔
"
5877,فیڈرل بیورو آف انویسٹِگیشن تہِ ٲسہِ  ایپسٹین تہٕ تمہِ  سٕنٛدِ گھرٕچ  چھان بین کران ۔
5878,ماحولیٲتی موضوہن ہُنٛد فہرست: یہِ چُھ قۄدرتی ماحولس مٗتعلق موضوعاتن ہُنٛد فہرست۔
5879,صفحس پیٹھ ییہ تۄہہ واریاہ بدلن وٲلہِ جٗز درج کرنہٕ خٲطرٕ ونٛنہٕ۔
5880,جھیل ویلنگٹن، جھیل کنگ تہٕ جھیل وکٹوریہ چھ ساروی کھوتہٕ بٔڑۍ جھیل۔
5881,شکایتٕچ چِھٹۍ لیکھنہٕ وِز، تُہندِ کامیٲبی ہُند بہترین موقع یٖیِہ کمپنی ہٕندِس کسٹمر سٕروس ڈیپارٹمنٹس چِھٹۍ سوزنہٕ سۭتۍ۔ 
5882,اَمہِ سۭتہِ  گَژھِہ اَگرتَلہ تہٕ کولکَتاہس درمیان 1000 کِلومیٖٹرن ہٗند  دوٗرٮ۪ر کم تہٕ چِٹاگانٛگ بندرگاہس سٕتہِ گژھہِ ریل رٲبطہٕ قٲیم  ۔ 
5883,تقریباً امی وقتہٕ، ریل روڈو کوٚر انگلینڈ کین قصبن درمیان سوارٮ۪ن ہٕنز آمد و رفت شروع۔
5884,"یتھ بلاک ہیٚکہ کٮ۪نٛہو گٲنٛٹو پٮ۪ٹھٕ کٮ۪نٛہن ہفتن تام روزتھ۔ 
"
5885,یہ چھ وکٹوریا کس مغربی ضلعس منٛز 7624 مربع کلومیٹر کس رقبس پیٹھ محیط۔
5886,یہ ٲس آننٛد سٕنٛدِ پیشورانہٕ زندگی ہٕنٛز گۄڑنچ کینڈیڈیٹس ٹورنامنٹ فتح۔
5887,شہرٕکٮ۪ن ہندی اخبارن منٛز چھِ نوبھارت ٹایمز، ہندوستان ڈینک، پنجاب کیسری، پویتر بھارت، دینِك  جاگرن، دینِك  بھاسکر، امر اٗجالا تہٕ دینك دیش بندھوُ شٲمل ۔
5888,حالانکہ ژور ؤری اوس واریاہ زیوٹھ وقت ، مگر تمن ٲسۍ تہ کٔرِتھ تہ واریاہ پرستار ۔
5889,نصف رٲژ اچانك  بڈِ ٹاس بوُزِتھ ژایہ تِمن لیفن تل تھتھراے ۔ 
5890,"منار چھ سمندر سطح پیٹھٕ 4,500 فٹ تھزرس پیٹھ تہٕ چھ چائے ہٕنٛد باغن تہٕ مختلف کلۍ کٹین تہٕ حیوانن ذٲژن ہندِ خٲطرٕ زاننہٕ یوان۔"
5891,"سیرامِک چمکدار خام مالس منٛز چُھ عام طور  سلیکا شٲمل آسان، یُس نارٕ  سۭتہِ شیشہٕ بناوان چُھ ۔
"
5892,لوفین کوٚر أمس سۭتۍ وعدٕ ز سہ بنہ اکھ بوٚڈ سمندری ڈاکو تہٕ ییہ تٔمس بیٚیہ سمکھٕنہ۔
5893,سہٕ اوس پراگ کیسلس منز روزان، یتہ تیم سٕندس دربارس منز  نہ صرف نجوُمی ین  تہٕ جودوُگرن بلکہ سائنسدانن، موسیقار تہٕ فنکارن تہِ استقبال کرنہٕ یوان اوس ۔
5894,توہہِ چھٗووٕ منصوُبہٕ بنوومٗت تہٕ توہہِ نِش چھٗ  پنُن نقشہ ۔
5895,"سُہ چُھ ایسوسی ایشن فار ریسرچ ان وجن اینڈ اوفتھالمولوجی ہُنٛد فیلو بناونہٕ آمُت۔
"
5896,حٲبت  چھُ اکثر نفسیٲتی حٲبت  تہٕ مافوق الفطرت حٲبت ہِوین  ذیلی صنفن منٛز تقسیم کرنہٕ یوان۔
5897,2021-22چھُ پرو کبڈی لیگُک ٲٹھِم سیزن۔
5898,ییلہٕ گوڈنیک جنگِ عظیم  شروع گو تہٕ آییسی بَنیوو رومانیاہُک دارالحکومت۔
5899,چربی ہیٚکہ لکن خٲطرٕ اہم ٲستھ ، مگر واریاہ زیادٕ چربی چھےٚ خراب۔
5900,مثلن، یقینی بنٲیو ز تہنٛد گرٕ مٲلکہٕ سٕنٛزِ پالیسی منٛز چھٗ نۄقصان گژھنہٕ کِس صوُرتس منٛز تہنٛد گرٕ تہٕ سامانٗک مٗکمل مٗتبٲدِل  شٲمل۔
5901,بندوٗق بردارَن ہُنٛد  رٲبطہٕ چھُ القاعدہَس سۭتہِ وننہٕ یِوان ۔
5902,"اَمہِ پتہٕ بنییو عاشورہ پننِس یہودِ پیشرو یوم کِپٗر  نِش بیو٘ن ۔ 
"
5903,مےٚ کھیٚیہ پٔتۍمہِ ہفتہٕ ریستورانس منٛز پنٕنۍ پسندیدٕ کٲج ضیافت، تہٕ امہ سۭتۍ میول مےٚ مزٕ۔
5904,تٔمۍ ترٛوو 1996 تس منٛز بینٛڈ تہٕ أمۍ سٕنٛز جایہ آو گلوکار رے ولسن ننہٕ۔
5905,"واکر آو 1999 تس منٛز امریکن اکیڈمی آف آرٹس اینٛڈ لیٹرز خٲطرٕ منتخب کرنہٕ۔
"
5906,مثلن، کٮ۪نٛہن سطحن منٛز چھ طحالب آسان یم آب جذب چھ کران تہٕ چھ بڑان۔
5907,فاونڈیشنچ مرکزی سایٹ چھ میلانس منٛز لارگو اسارکوہس منٛز۔
5908,"کنڑَس منٛز چھُ  پلون  (یا ویش) ہُنٛد دارمدار  ڈراماہَس (پرسنگ) منٛز ہاونہٕ آمتٮ۪ن کِردارَن پٮ۪ٹھ آسان ۔
"
5909,درجہ حرارتس منز اچانک، ناقابل بیان کمی چھے٘ شہس وٗنل بناوان ،تہ  خوفزدٕ كران ۔
5910,"یہِ چھُ چنٛدا (2007)، جنٛگل (2009)، جانی میرا نام پریتھی میرا کام (2011) تہٕ جیامنا مگا (2013) ہِشن فلمَن منٛز پننہِ اداکٲری باپتھ مشہوٗر۔
"
5911,سیمی فائنلس منز کور ہندوستانن انگریزی کرکیٹ ٹیمس مُقابلہٕ ۔ 
5912,بطور اسسٹنٹ سکریٹری، کٔر پنٛنس وقتس دوران ویبن میرین کورپس دوبارٕ منظم کرنچ کوشش۔
5913,"یہ چھ زیادٕ تر زنہ لاگان، مگر کٮ۪نٛہہ مرد تہٕ شرۍ تہ چھ لاگان۔
"
5914,ہیلپ  چھٗ ہیلپ سینٹرُک بیٛاکھ لِنک یَتھ مُتعلِق تۄہہِ پنٛنِہِ ڈیش بورڈٕ پٮ۪ٹھٕ ہیٚوچھمُت چھُو۔
5915,"یہٕ چُھ پننین سپلائرن کم قٲمتن پیٹھ یِم  كٕننس مجبوُر کران۔

"
5916,یلاج باپتھ چھ اینٹی وایرل دوا بہتٔریٖن کٲم کران اگر بیمار گژھنہٕ پتہٕ جلدٕی شروٗع کرنہٕ ین (علامتو  پتہٕ دۄن دۄہن اندر)۔
5917,"यूनिवर्सिटी मंज़  गछने बरोंठ ओस सु  ICL खातर्  |


 "
5918,"فلبی ین کٔر 1934ہس  منٛز  سوویت یونینس خٲطرٕ بطور جاسوس پنٕنہِ کٲم شروع۔
"
5919,تٔمہِ کو٘ر1850 کس دہلس منٛز شروٗع ییٚلہ سُہ سوئٹزرلینڈس منٛز روزان اوس ۔
5920,تُہۍ یژھِو   اکاؤنٹنٹ تھاونک  فیصلہ تہ کرتھ یُس لۄکٹین کاروبٲرۍ معاملن  منز مہارت آسہ تھاوان ، ییٚمِس واریاہ تجربہٕ آسہ ، تہٕ  بییہ کرِ تہندس صنعتس منز باقی کمپنین ہنز نمایندگی۔
5921,امچ شروعات ٲس 1888 تس منٛز جیمز شیریڈن تہٕ ہوریشیو بوٹملی ین کٔرمٕژ ۔
5922,پرتگالی کولونیل انتظام گوو 1763 منٛز جنوٗبس منٛز ریو ڈی جنیرو کُن منتقل ۔
5923,زیادٕ تر سافٹ ڈرنکسن منٛز چھ کاربونیٹیڈ آب اکہ بیس پٲٹھۍ ۔
5924,گھرس نیبرٕ كٕنہِ یارِ كٗل گژھِ یتھیہ كٕنہِ سجاونہٕ یٗن ۔ 
5925,"یِم چھِ عموٗمَن میک اپ تہٕ ژمہِ ہُنٛد تیل کڑنہٕ خٲطرٕ صاف کرنہٕ پتہٕ بٔتھِس پیٹھ ژمہِ ہٕنٛز کریم پٲٹھۍ لگاونہٕ یِوان۔
"
5926,ہندوستان کین معٲشی بازرن تام رسٲیی نش یہ دوٗریر چھ ریاست کس جنوب مشرقی ایشیٲیی بازرس سۭتۍ قربت تہٕ امچہ 700 کلوٗمیٹر کھۄتہٕ زیادٕ بین الاقوٲمی سرحدٕ سۭتۍ متوازن گژھان۔
5927,سانتیاگو ڈی لاس کیبلیروس بلدیٲتی علاقٗك  کٗل رقبہٕ چھٗ 165 مربع کلومیٖٹر۔
5928,بہٕ ہیٚکہٕ نہٕ برداشت کٔرتھ ز کولکتہ ہس منٛز کٕنن وٲلہِ کتھ حدس تام چِھ زور دِوان ۔ مے٘ چھِ تِم كھران ۔
5929,جان ایڈورڈ تہٕ فریڈ آفین ہاؤزرس سٕتہِ کوٚر مِلرَن اکھ نوٚو اِنجن تیار۔
5930,1990 کہ دہایہ کہ ٲخٕرس پیٹھٕ 2000 کہ دہایہ کہ ٲخٕرس تام اوس یہ شہر ہالی ووڈ تہٕ بالی ووڈ موشن پکچرز ہوٮ۪ن بین الاقوامی پروڈکشنن خاطرٕ اکھ عام فلم بٔنٛدی ہنٛد مقام۔
5931,بہٕ گوس ہندوستٲنۍ وزیٖر خارجہ سنٛز نوٹو ورٲیہ مشکل سوالن ہینڈل کرنچ اہلیت سۭتۍ حیران۔
5932,"یہِ چھُ مغربی بنگال کِس سریرام پورَس منٛز مہیشس منٛز منعقد گژھَن وول اکھ ریتھ زیوُٹھ تیوہارتہٕ تَمہِ وِزِ چھُ اکھ بوٚڑ بھارٕ مٲلہٕ  مُنعقد کرنہٕ یِوان۔
"
5933,ویسٹ نیل وائرس (ڈبلیوُ این وی ) چُھ عام طور  مٔہیٔو سۭتہِ پھٔہلان یُس لاگدار   جاناوارن کھیٚنہٕ سۭتہِ لاگدار بنان، یِم اکثر یہٕ بیمارِ لد اسان چھِ ۔
5934,یہِ بوٚڑ ژُ کوُنجل قٕعلہٕ چھُ سطح سمندر پٮ۪ٹھٕ 150 فٹ (46 میٹر) تھوٚد تہٕ چھُ چندرگِری دٔریاوَس نكھہٕ  لَگ بَگ سَتھ ایکر رۄقبَس پٮ۪ٹھ ۔
5935,یونیورسل سیریل بسہ ہنٛد گۄڈنیک ورژن آو 1995 تس منٛز بناونہٕ۔
5936,فلسطینس منٛز برطانوی مینڈیٹ، یتن عرب اکثریتی یہودی اقلیتس سۭتۍ روزان ٲس، کٔر انگریزو ہندوستانس ہیوی مسلہٕ پیش۔
5937,۔16جون تام ووت برطٲنوی فوج پالٹی ییٚتہ پٮ۪ٹھٕ 12 میل دوٗر شمالس منٛز حکمتہ عملی حسابہٕ اہم قَصبہٕ تہٕ قلعہٕ کٹوا اوس۔
5938,1999ہس منز گٲی سُہٕ نیشنل منز واپس۔
5939,بیٚیہ طرفہٕ چھ کھین چٮ۪ن تہنٛد بجٹٗک زیادٕ لچکدار حصہٕ۔
5940,پینتھرسو کٔڈ کھیل شروٗع کرنہٕ كِك، تہٕ برونکوسو کوٚر برینڈن میک مینس سنٛدِ 34 گز فیلڈ گول کٔرتھ گۄڈٕ  سكور ۔
5941,ذٲتی طور چلاونہٕ ینہٕ واجنہ بسہٕ، سیاحتی ٹیکسی تہٕ جیپ خدمات چھےٚ سٲرۍسٕے سکمس مnز چلان تہٕ چھ اتھ سلی گوڑی سۭتۍ تہ رلاوان۔
5942,رونی سُنٛد ونُن چھُ زِ أمِس چُھ ثٔبوٗت زِ رِیا چھےٚ زِنٛدیہ ، تہٕ چھُ عثمانَس اجے تہٕ ایل ایس ڈی یَس سۭتہِ میلناوان ۔ 
5943,یمو منٛز ٲس سابقہ حیدرآباد ریاست ساروٕی کھۄتہٕ بٔڈ تہٕ واریہن جدید ہندوستٲنی ریاستن پیٹھ  ٲس پھہلتھ۔
5944,تھاٹے گزرییہ 14 ستمبر 2016 برلنس منٛز 85 وہر۔
5945,2010 منٛز آو یہٕ بہترین یونیورسٹین ہٕنٛد طرفہٕ برازیلچ بہترین نجی یونیورسٹی نامزد کرنہٕ۔
5946,امی کنۍ چھ روسی نہیلزمس اکثر غلط طریقہٕ سۭتۍ سیاسی دہشت گردی ونٛنہٕ یوان۔
5947,تِمن دِژ سیمی فاینلس منٛز ڈکوٹا کائی تہٕ راکیل گونزالیزن شکست۔
5948,نیبراسکا، امریکہ ہکہِ أکہِ ججن اوس اکتوبرس منٛز اکھ مقدمہٕ خٲرِج  کوٚرمت یُس اعلی طاقتس خلاف درٕج اوس ۔
5949,2013 منٛز، روچن کٔر سالک البمٕ خٲطرٕ ڈیڈلی ایوارڈ حٲصل۔
5950,مےٚ وُچھ  وٗنہِ  زِ ییٚلہ ہندوستٲنہِ کمبوڈیا، ویتنام یا انڈونیشیا ہک سفر چھ کران تیٚلہ چھ اسہ زیادٕ پونٛسہٕ میلان۔
5951,ہیوُٹن گٗزریو 14 جٗلایی 2020 88 وریہہ وٲنٛسہِ منٛز ۔
5952,امہ قٕسمہٕ  روایتی موسیقی سۭتۍ سۭتۍ چھ مرکزی دارایہ سۭتۍ رلونۍ ہندوستٲنۍ موسیقی ہٕنٛدۍ عنصر مثالے ہندوستانۍ کلاسیکی موسیقی تہٕ رقص  تہ عملہ منز۔
5953,کراس کراس چِھ اکھ علامتھ ، یوسہٕ وارہن چیزن خٲطرٕ اِستعمال سپدان چھے٘ ۔
5954,گواہس منٛز چھِ زٕ ریل لاینہٕ اکھ ساوتھ ویسٹرن ریلوے تہٕ بیٛاکھ کونکن ریلوے۔
5955,1972 منٛز آو سوامی ناتھن انڈین کونسل آف ایگریکلچرل ریسرچک (ای سی اے آر) ڈائریکٹر جنرل تہٕ حکومت ہند ہک سکریٹری مقرر کرنہٕ۔
5956,"تٔمہِ وٗچھ یہِ بطور وِگس تہٕ طاقتور امریکی کارٕبٲرِ نفرن ہٕنٛزِ علامت۔
"
5957,"باقی یادگارن منز چھِ انڈیا گیٹ، جنتر منتر- 18ہِمہِ صدی ہند فلکیٲتی رصد گاہ، تہٕ 16ہِمہِ صدی ہند اکھ قٕلہٕ پٗرانا قلعہ شٲمل۔
"
5958,رے ین وون پتہٕ زِ   تمِس مِیوُل نہٕ زانہہ مسودٕ لیكھنٗك ماوضہٕ ۔ 
5959, حالیہ حالاتو كِنۍ  جنگلی حیاتیات تباہ گژھنس پیٹھ چھٗس بہٕ فِكر مند ۔
5960,1960  دہِلِہ كِس  آخرس تہٕ  1970 کِہ ابتداہس منز كو٘ر سین سٕندِیو پرچو سمٲجی ژٲر ہُند نظرِیہ بناونس منز مدد ، یُس زن گۄڈنیتھ امریكی مٲہرِ اِقتصٲدِیات  كینِتھ ایرو سٕنزِ كامہِ منز نُمایاں سپُد ۔ 
5961,کینٛہہ مشہور مقٲمی کھین چھِ چکن چیٹیناڈ (مسالہٕ دار چکن کری)، ویجیٹیبل چیٹیناڈ (اکھ سبزی ہُنٛد سُوٚن) تہٕ سمندری کھٮ۪نَس پیٹھ مشتمِل پکوان۔
5962,گوٚڈنچہ لٹہ آیہ گجراتس منٛز رام لیلا ہٕنٛدیٚ کیٚنٛہہ سیکوینس ادے پورس منٛز شوٹ کرنہٕ، خاص کٔرتھ ادے پوٗر محلس تہٕ گنگور گھاٹس منٛز ییٚتہ أکہ گؠونک سیکوینس شوٹ کرنہٕ آو۔
5963,12 اکتوٗبر 1920  کٔر امرتسر خالصہ کالج کیو طلب علمو تہٕ اُستادو قوم پرست تحریک مضبوط کرنہٕ باپت اکھ اجلاس۔
5964,"وٗنہِ  کیٚنَس چھُ انوپ پوٗر ضلعَس منٛز ہسدیو دٔریاوُک صرف 154  مٖٗربہٕ  کلوٗمیٖٹر  بیسن علاقہٕ مدھیہ پردیشَس منٛز ۔
"
5965,"امریکہس منٛز شائع گژھن واجنہِ ساروٕے کھوتہٕ قدیم بورڈ گیمہٕ آسہٕ عیسٲیی اخلاقیاتس پیٹھ مبنی۔
"
5966,فساد ؤتھۍ ہندوستان چہ وزیر اعظم اندرا گاندھی سٕنٛدیو سکھ محافظن ہٕنٛد دٔسۍ قتل کرنہٕ سۭتۍ ۔
5967,مہذب یونٲنی تہٕ رومی ٲسۍ باقین نسلن وحشی سمجان ۔
5968,باقٕیہ  عام طور  پیش کرنہٕ ینہٕ وٲلہِ  ڈرٛامہ چھ تھیاگراج سٕنٛدِ نژن  بٲتھ ، تہٕ 4500 تو منٛز 700 بچیمٕتہِ  پدم یم مووا ہٕکہِ  كشیتریاہن ترتیب دِتِمٕتہِ چھِ ۔
5969,امہ علاوٕ چھ ریاستس قومی انگریزۍ اخبار یتھ کٔنۍ دی اسٹیٹسس منٛز، دی ٹیلی گرٛاف، دی ہندو، تہٕ دی ٹایمز آف انڈیا ہٕکۍ علاقایی ایڈیشن موصول سپدان۔
5970,"جمعہٕ، 5 جنوری 2006 وچھ ساگینو سپرٹ پلے ڈویژن ڈاؤ ایونٹ سینٹرس منٛز سارنیا سٹنگ ہنٛد مقابلہٕ۔
"
5971,1969 ٹھس مَنٛز گیہِ  نہٕ اندرا گاندھی حکوٗمت طرفہٕ چندٕ خرچہِ تہِ سركٲرِ ختابن ہنز تسلیمیت ختم كرٕنہِ كامیاب ۔
5972,نوٹن پٮ۪ٹھ ؤچھِو میٖل تہٕ رنگ بدلاووٕنہِ میل تہٕ ہالوگرام كرِیوٗكھ نوٹ پتھ برونہہ پھِروِتھ سرٕ ۔ 
5973,اکھ آیہ پی ایڈریس چھٗ بائنری منزلیکھنہٕ آمٗت اکھ زیوُٹھ نمبر  ۔
5974,تقریباً، مغربی ہندوستان چھ شمالس منٛز صحرایی تھار، مشرقس تہٕ شمالس منٛز وندھیا سلسلس، تہٕ مغربس منٛز بحر عربس  سرحد رلان۔
5975,امیُک دارالحکومت اوس کانگلا، یمپھال یا امپھال۔
5976,"پھُل چند سیٹھی سُنٛد نیٚچُو شِری پون کُمار سیٹھی چُھ کوہِما جین مندِر کمیٹی ہُنٛد موجودٕ صدر۔
"
5977,کوسٹا گوٚو 1990 کس  دٔہلس منٛز بچپنک پاپ پیٹھٕ بالغ گیونس کن۔
5978,یہٕ اجلاس اوس سامراجس خلاف مُشترکہٕ جدوجہد خٲطرٕ تَرتیب دِنہٕ تہٕ منصوبہٕ بندی خٲطرٕ بُلاونہٕ۔
5979,"یہِ چھُ أمۍ سُنٛد فضل یُس اتحاد چھُ انان۔
"
5980,ستوشی ناکاموٹو: ستوشی ناکاموٹو چھ سہ ناو یس بٹ کوائنک ممکنہٕ موجد چھ استعمال کران۔
5981,مرٲٹھا سلطنتن کوٚر پنِنس  نوِس پیشوا مادھو راؤ اولس تحت برصغیر  ہندٕٗک زِیٛادٕ تر حِصہٕ دُبارٕ حٲصِل، دۄیہِ لَٹہِ ٹیپوُ نِس مٲلِس شکست دِتھ ، یُس 1764تھس تہٕ پتہٕ 1767 تھس منٛز مرٲٹھا سلطنتٕٗك  حطمی طاقت قبوٗل کرنس پیٹھ  مجبوٗر کوٚرمُت  اوسُکھ    ۔
5982,کٲنٛسہ اسٹیٹ ؤکیل یا سرٹیفایڈ پبلک اکاونٛٹنٹس پرٛژھنس متعلق سونٛچو، ترجیحٲتی طور تس  یس سٕتہِ  تۄہہ برون٘ٹھیہ  پیشورانہٕ تعلق  آسہِ۔
5983,اَکِس  زیٛنَن وٲِس سروس یتھ نہٕ مٗخٲلف زیر د،تھ ہیكہِ ، تتھ چھِ “ایس“ ونان ۔ 
5984, مقٲمی لوُکھ  گیہ بے٘ قابوُ تہٕ كورٗكھ پنٛنس علاقس منٛز  گاڈین پیٹھ حملہٕ  ییٚلہ اکہِ فاینانٛس کمپنی ہندۍ مٲلکن لٗکن ہٕنٛدِۍ پونٛسہٕ نِتھ  فرار گو۔
5985,مےٚ گوو یِہ بوٗزِتھ دۄکھ ز واریاہ لکھ چھ سائبر حملن ہند شکار گٔمٕتۍ تہٕ تمن چھِ پنٕنۍ ذٲتی معلومات اتھہٕ گٲمتۍ۔
5986,جانسنن چلٲو 48 گٲڑۍ 2007 چہ ریسہ باپت یمن ترٛؠن بسچ ریسن منٛز، کیلیفورنیاہس منٛز ژورۍمس مقامس پؠٹھ بہترین کارکردگی سۭتۍ۔
5987,امہِ وقتہٕ پیٹھٕ گٔیہٕ کیتھولک تہٕ پروٹسٹنٹ موسیقی مختلف طریقو سۭتۍ تیار ۔
5988,تنظیمہٕ طرفہٕ پنن نوٚو CMO آسنک اعلان کرنہٕ پتہٕ روٗد نہٕ مےٚ خوشی سۭتۍ پانس تام۔
5989,سٹیم پاور گژھنہٕ برونٛہہ ٲس یتھ ٹریڈملز پاور مشینہٕ خٲطرٕہ استعمال گژھان۔
5990,یہِ چھ امی زمرٕ کٮ۪ن چیٖزن خٲطرٕ اکس عام مثالہ یا معیار کس طورس پٮ۪ٹھ کٲم کران۔
5991,جوٗن 2011 منٛز آو بنڈسوہر خٲطرٕ فوجی بھرتی ختم کرنہٕ ۔
5992,ڈمبلڈور چھ أمس وضاحت کٔرتھ ونان ز کٕنۍ چھےٚ تباہ گٔمٕژ، تہٕ أمۍ سٕنٛدۍ دوست چھ محفوظ۔
5993,ماحولیٲتی پٲداوار ماحولیٲتی پٲداوار چھٗ ماحولیٲتی نظامٕچ لونںنہِ لایكھ  وٗصعت ۔
5994,کٗنہِ ساتہٕ چھٗ یہِ ہارن وٲلس ٹیمس منٛز کٲنٛسہِ میلان ۔
5995,1970 کِس دہلہٕ کِس آخرَس تام اوس ٹریفِک پرٛٲنِس کنکریٹ کدلَہٕ پیٚٹھۍ پکان۔
5996,بنٛگال صوٗبٲیی مُسلِم لیٖگہِ باپت  قیادتٕچہِ  راے ٲس الگ الگ ۔ 
5997,"ایف سی گرونِنجن - ایف سی گرونِنجن چھُ گرونِنجن، نیدرلینڈُک اکھ فٹ بال کٕلب۔
"
5998,دہلی ہنٛز ثقافت چھےٚ بطور  ہندوستانٕچ رازدٲنہِ امِچہِ طویل توٲریخ تہٕ توٲریٖخی وابستگی سۭتہِ متٲثر گٔٲمٕژ۔
5999,اکیڈمی آف موشن پکچر آرٹس اینڈ سائنسزن دِیُت رے یَس 1992 تَس منٛز لائف ٹائم اچیومنٹ خٲطرٕ اعزٲزی ایوارڈ۔
6000,"سہ اوس متحدہ امریٖکا کہ یورپی کمانڈک ڈپٹی کمانڈر ان چیف۔
"
6001,مختٔلف کمپیوٹر آپریٹنگ سسٹم چھ مختٔلف خاص کی  استمال کران ، یا تِم  مٗختٔلف طریقہٕ  استمال کران ۔
6002,نتیجِہ چِھ کم پیٹھہٕ درمیٲنی درجہ کِس ثبوتس پیٹھ دٔرِتھ ۔ 
6003,2003 کِس مُقابلس منٛز موجودٕ فصلُس منز تقریٖباً %239 ہُریٚر اِستعمال کَرنُك مطلب چھٗ زِ 2005 ہُک فصٕل چُھ لگ بھگ 8600 میٖٹرِک ٹن ۔
6004,گووے  گووے چھٗ بیلجیٲیی   صوبہ لگزمبرگٗك اكھ بلدِیٲتی علاقہٕ ۔
6005,لوسٹو چھ فینیش لیپ لینڈک اکھ لۄکٹ بال، سوڈنکیلا بلدیہس منٛز۔
6006,"شوٗٹ باکسنگ کٮ۪ن قونوٗنَن تحت قٲبلہِ ذِکِر لڈن والین  منٛز چھِ رینا کبوٹا، کینیچی اوگاٹا، ہیروکی شِشیڈو، آئی تاکاہاشی تہٕ اینڈی سوور شٲمِل۔
"
6007,پایک نِظام اوس پایک حُکامن ہِنٛدِ ذٔریعہٕ نٲفِظ كرنہٕ  آمُت: اکھ بورا اوس 20 پایکن، اکھ سایکِیا 100 پایکن، تہٕ اکھ ہزاریکا 1000 پایکن پیٚٹھہٕ ۔
6008,اگر نہٕ کانٛہہ کوٗر آسہ، کانہہ ژارنہٕ آمٕژ کوٗر (بوہاری) یا اکھ منٛگتہٕ انٛنہٕ آمت شر (ڈیراگاتا)، چھ گرس منٛز روزنہ تہٕ جادادک مٲلک بنٛنہ یوان۔
6009,مے٘ گیوو زنتہ دِلٕے بہتھ ییلہِ بیٹس مینن سٗند اكھ سِكسر تماشہِ بینن منز بِہِتھ اكِس لوكٕچہِ كورِ نكھٕ  پیو٘ ۔
6010,زیادٕ تر پریشر السرن منز گژِھہٕ نیکراٹِک ٹِشو ہٹاونہٕ یُن ۔ 
6011, 1892 تھس منٛز ییٚلہ پالار ٲبی محادٕ آو کرنہٕ، تامل ناڈوُ تہٕ آندھرا پردیش ٲسہ تمہ وز مدراس پریذیڈنسی ہنٛد حصہٕ۔
6012,ڈاکٹرن ووٚن  أمس چھ زندٕ روزنہٕ خٲطرٕ صرف کینٛہہ دۄہ۔
6013,"برما ہس منز برطانوی حکومت برما ہس منز برطانوی حکومت 
 روُز 1824 پیٹھہٕ 1948ہس تام جٲری ۔"
6014,بیرٕ بار وٲلِس بازرس منز  گو تس پیٹھ خوف ہراس طٲری  یٗتھٗیہ تمہِ ژِیوُن  زِ تمِس اوس بٹوٕ روومٗت  تس باسیوٚوتس انزٲنۍ بٗتھین ہندِس سمندرس منز پان  درماندٕ گومت ۔
6015,اَنیٛن جانورن ہُنٛد موضوٗع چُھ ادبس منٛز زور دار روٗدمُت۔ 
6016,تٗنگ  بھدرا کس جنوبس منٛز اوس اکھ پوٗرٕ ملک متحد تہٕ یہِ اوس 907 پٮ۪ٹھٕ 1215 عیسوی تام ترٛٮ۪ن صدین تہٕ امہِ کھۄتہٕ تہِ زیٛادٕ کالس أکی مٗلكٕكہِ  پٲٹھہِ قٲیم۔
6017,اتھ ٹورنامنٹس منٛز کٔر تٔمہِ 9 دسمبر شمٲلی کوریاہَس خلاف شروُعات ۔
6018,أکس اوپیرا ہس منز چھ سیسلیا البانی وٕچھان ، اکھ عجیب بُڈٕ انسان ۔
6019,یِژھیہ جدوجہد گیہ ہندوستانس منٛز تمہ وز شروٗع ییٚلہ گورنمنٹ آف انڈیا ایکٹ 1919 آزٲدی ہنز منٛگ پوٗرٕ کرنس منٛز ناکام گوٚو۔
6020,"سایڈ لائنن سۭتۍ، اکھ 15 سینٹی میٹر (6 انچ) تھوٚد بارڈر (وینٹ، سرگ، لوٗر، دیوار) چُھ تھونہٕ یوان تاکہ بال شینہٕ نیبر نیرنہٕ نش رُکاونہٕ ییہِ۔
"
6021,کٗکس وِلے ، الینوئے کٗکس وِلے چھ الینوئے،امریكاہس منز  اکھ گام.
6022,تقریباََ نیصف معملن منٛز چُھ ، عام طور  ہلکہٕ ہایپر اوپیا یا مایوپیا آسان ۔
6023,تپہِ دِق  چِھ مختلف موسمی حالاتن یتھ کٔنہِ زن کم درجہ حرارت، کم نمی تہٕ کم روٗدٕ سۭتۍ جوڑن وٲلہِ مٗتعلہٕ تہِ چھِ ۔ 
6024,یہ گٗزریو٘ 1999 پیٹھٕہ 2001 تام دۄن ؤرین تام کارکردگی ہنٛدین  ٹیسٹو مٕنزِ ۔ 
6025,یتھ ٹیمَس جُرمانہٕ چھُ دِنہٕ یِوان وننہٕ چھُ یِوان زِ تِم چھِ شارٹ ہینڈ گنٛدان ییٚلہِ زَن مخالِف ٹیم پاور پلے یَس پیٹھ چھِ۔
6026,ڈریکولا ہک سراغ ہیکو والچیا ولاد III کس شہزادن سۭتۍ لگٲوتھ، یم سند مبینہ جنگی جرم ٲس جرمن پمفلٹسن منٛز شائع گومت۔
6027,ییٚلہِ تس ابدی سعادت دِنہٕ آیہِ   تٔمہِ  سُنٛد لقب آو تبدیل كرِتھ بلیسڈ جان پال II تھونہٕ ۔
6028,جنوب مَشرِقی ریلوے ہنٛد ذریعہٕ چالو کَرنہِ آمٕژ لائن ٲس نَوآبادِیٲتی دورس منٛز بناونہٕ آمٕژ یۄسہ واسکو ڈی گاماہُک گاٹھ شہر، گوا بیلگام، ہُبلی تہٕ کرناٹک سۭتۍ مارگاؤ ذرِیعہ  جوڑان ٲس۔
6029,ایمریكاہس  منٛز چھِ موسمٕکہِ ترتیب  عام طور ایل نینو ؤرین ہٕنٛد کھۄتہٕ مٗختلف آسان۔
6030,اگر نہٕ بِتٗر  كٲفی بو٘ڈ چھٗنہٕ ، ویڈیو ہیكہِ نہٕ ویپِتھ ۔ 
6031,اکھ سینٹر لائن چھِ شارٹ لائنَن سۭتۍ متوٲزی سینٹر سپاٹ کہِ ذریعہٕ بناونہٕ یِوان۔
6032,وۄنٛہِ گوٚو، اکثر چھ کینٛہہ معیٲری خصوٗصِیات آسان یم تُہنٛدِ مویعنٕچ رہنُمٲیی کٔرِتھ ہیکن یتھ کنہ زن مندرجہ ذیل :
6033,رابِنٛدَر سروبَر چھُ بھارتی رِیاسَت مغربی بنٛگالُک جنوٗبی کلکتَس منٛز اکھ اِنسان دٔسۍ بنیومُت جِیٖل۔
6034,کپل دیو  آو  1999 منز  انشومن گائیکواڑ سٕنزِ جایہِ بھارتی قومی ٹیمُک کوچ بناونہٕ ۔ 
6035,شیٚن ہتھیارن منٛز چھ زٕ مختٔلف طریقہٕ آسان یِم جنگس منٛز بدلٲوِتھ ہیكوكھ ۔
6036,کل یوگ شروع گژھنہٕ پتہٕ گوٚو بھیم تہٕ باقٕی پانڈو سبکدوش۔
6037,ژاسہِ تھۄكہِ ہنزن بیمارین ہنزٕ مِثالہٕ ، تہِ یمن كٗنہِ وِزِ پی بی ونان چھِ ، یمن منز چھِ تپ دِق، اكھ مخصوُص مایكروبیكٹیریل بیمٲرۍ ، ایلرجِك  برونكو پلمِنیری ایسپرگلوسِس تہٕ دمہٕ ۔
6038,"11 मई,  2020 हस ताम छु ब्लाक यना्मॅ 6.25 बी टी सी . "
6039,2001 کہ پلاننگ کمیشن کہ تخمینہ مطٲبق ٲسۍ تریپورہ ہکۍ 22 % گأمی بسکین غربت رِکھِ کھۄتہٕ بۄن۔
6040,تٔمہِ کٔر1965 پٮ۪ٹھ 1970 تھس  تام بطور  ڈگلس کاؤنٹی کمشنر دو٘ن  میعادن باپت كٲم ۔
6041,شلوک چِھ سنسکرتس منٛز تہٕ چُھ منظرس منٛز كاروٲیی بیان کران، ییٚلہ زَن پدم  (سنسکرت آمیز ) ملیالمس  منٛز اداکارن خٲطرٕ  ڈراما ہچ تشریح كرنہٕ باپت مكالمہٕ چھِ ۔ 
6042,"کشیرِ ہنز کارکوُٹا سلطنت تہٕ امیاد خلافت تہِ گٔیۍ امہِ پتہٕ جلدی سنکیانگ سٕندِس مُقابلس منٛز شٲمل۔
"
6043,"ہِدایت کار کوشک گھٹکَن ووٚن راجیٖوَس زِ سُہ وَنہِ تٔمِس کلائمیکس تَمہِ وِزِ ییٚلہِ سُہ اتھ منٛز یِیہِ۔
"
6044,"ہسٹری پریس چُھ اکھ ذیلی پبلشنگ ہاؤس یُس آرکیڈیا ہچہِ  مِلکیت چُھ ۔

"
6045,سۄ چھےٚ واریاہ کالس کتھ کران روزان ۔
6046,"ہندوستٲنۍ حکومتَن چُھ تحفظ خٲطرٕ کُل 71 نَمبلن ہٕنز نشاندہی کٔرمٕژ تہٕ یہِ چھِ پناہ گاہن تہٕ قومی پارکَن ہُنٛد حِصہٕ۔
"
6047,رے سنز کٲم چھ انسانیت تہٕ عالمگیریت سۭتہِ بھرِتھ ، تہٕ اندروُنی سٕنہِ پیچیدگی  ہیتھ دھوكھہٕ دِنہٕ واجینہِ سادگی بیان کرنہٕ آمژ۔
6048,تِم چھُ ہیٚور بۄن گژھان۔
6049,"امہ سۭتۍ گژھ آبٕچ مٮ۪قدار دہہ پٮ۪ٹھٕ ژتجی فیٖصد تام کم۔
"
6050,ہندو متچ پیروی چھ  آبٲدی ہندِ ژورو منزٕ ترےٚ حصہ کران، یتھ منز اسلام امہ پتہٕ سارۍوٕے کھۄتہٕ بٔڑ مذہبی جماعت چھُ۔
6051,"شہری علاقن منٛز چُھ وۄنِیُک تام منظور شدٕ مٲلی امداد یافتہٕ مكانن ہنٛد کُل تاداد 39,25,240۔"
6052,تمہ، زینہِ بہتٔریٖن مرٕد پٕلے بیک سِنٛگر آسنہٕ خٲطرٕ 8 فِلِم فِیَر اٮ۪وارڈ  تہٕ أمۍ چھِ ااتھ ٗضٖمرس منز سارِوٕے کھۄتہٕ زیادٕ فِلِم فِیَر اٮ۪وارڈ زینٛنٗك رِكارڈ  قٲیِم کوٚرمُت۔
6053,تمہِ دِیوٗت  پولیس چہ صفٲیی ہنٛز نگرٲنی خٲطرٕ بین الاقوٲمی کمیشنس پیٹھ زور۔
6054,مراقبک شروعاتی ابتدا چھ ہندوستان کہ ویدی زمانہٕ پٮ۪ٹھٕ۔
6055,"یہ چھنہٕ ونیک تام سپدمت، مگر تحقیقات چھ وٕنہ تہ جٲری۔
"
6056,یِمو لیٖچھۍ اندلس پٮ۪ٹھ اکھ تیلگو تصنیف یۅس اکھ تامل سری ویشنو زٔنۍ سنت ٲس یَس  اموکتامالیہکہا وننہٕ چھُ یِوان۔ 
6057,تبتی سیكہِ پو٘ژھلٲوِ تہِ چھِ اتھ خطس منز  لبنہ آمُت ۔ 
6058,ٹی بی ایسَن کٔر مقٲمی برادٔری سۭتۍ مِلِتھ 1987 تھس منٛز دٔریاو بحال کرنہٕ خٲطرٕ ارواری کِس دٔریاو چہِ آب سنٕچہِ جایہ  منٛز آبہٕ باپت کٲم شروع۔
6059,مےٚ بوزٕ افواہہ زِ  سون  پرون سازٕسامان ہیکہِ کٗنہِ تہِ وِزِ  پھٗٹِتھ۔  تاخیرن تہٕ ناکامین متعلق سونچٗن چھٗ تناو پٲدٕ كران ۔
6060,پانڈیاہو كٕرِوارٕ وارٕ  ہویسلیا تہٕ چولا  دۄشوٕیہ تباہ ۔
6061,رے ین کٕرِ  ناتجرُبہٕ کار اہلہِ کار جمع، حالانٛکہِ أمۍ سٕنٛد کیمرہ مین سبرتا مترا تہٕ آرٹ ڈائریکٹر بنسی چندرگپتا دۄشوٕیو  کٔر شانٛدار پذیرائی حٲصِل۔
6062,توہہ ہیکیو کرک لینڈ، سگنیچر ٹی شرٹس پیٹھہٕ پیسٹو جارن  تام پر٘یتھ كان٘ہہ چیز  حٲصل کٔرِتھ ۔
6063,"امریکن ریڈ کراسن چھٗ 20,000 کھۄتہٕ زیٛادٕ ڈبہ بند کھین، بسترن تہٕ کمبلن سۭتہِ  سوُزمٗت۔"
6064,یمن خاصن ہنٛزن مثالن منٛز چھ شاولنکن جسمٲنی مشقہٕ شأمل یمن منٛز پرٛانٮ۪ن چینی فلسفن، مذہبن تہٕ افسانن سۭتۍ متاثر گژھن وٲلۍ باقٕے تمام جانورن ہنٛز نقل یا تربیتی طریقہٕ شأمل چھ۔
6065,بہٕ گوس مایوس ییٚلہ نہٕ بٔڈۍ ڈاکٹرن میٲنیہِ  زنٛگہ ہنٛد مسلہٕ خٲطرٕ  مےٚ پانہٕ وٗچھ ۔ 
6066,یتھ راگن ہنٛد اصول چھ یِہ زِ تِمۍ گژٛھن اکسٕیہ سپتكس  منز گیونہٕ یا واینہٕ یِنہِ ۔ -دھا ، نی ، سا، ریٖ، گا، ما، پا، دھا۔
6067,"امی ؤرِیہِ آیہِ انگلستانس منٛز نیشنل بینڈی ایسوسیشن  بطور انگلِستانس منز  امہِ کھیلٕچ انتطٲمی انجٗمن  قٲیِم کرنہٕ۔


"
6068,کیاہ تُہۍ چِھوٕ تِھرفٹِنگ دٔسۍ پیش کرن وٲلۍ بہترین سودا ژھاران؟
6069,1951 منٛز آیہ کنزرویٹو پارٹی ونسٹن چرچل سنٛز قیادتس منٛز برطانیہس منٛز اقتدارس منٛز واپس۔
6070,2018  منٛز آو سُہ سپرس منٛز بطور ایگزیکٹو واپس ۔
6071,تمۍ تہِ لو٘ڈ بكسر كِس جنگس منز بتانوی ایسٹ اِنڈِیا كمپنی خلاف۔
6072,کینٛہہ مُلک چِھ خۄراکن ہنٛز مقوی بناونک ضروٗرت ہاوان یا سفٲرش کرٛان۔
6073,شُمٲلی آیرلینٛڈس منٛز چھٗ گٗڈ فرایہ ڈے ہس پیٹھ شامس 5ژن بجن تام یِژھیہ ممٲنِیت روزان ۔ 
6074,کرایہ دارن مٕژرٲو پنٕنۍ بجلی بل تہٕ گٕنڈٕن رُود اتھ  پژھ کرنہ ورٲے مُدٲے گنڈِتھ وچھنہ تکیازِ یہ ٲس تمۍ سٕندِ توقع کھوتہٕ نصف۔
6075,دلیٖلہِ ہِنٛدۍ بییٚہِ اکہِ ورجن سۭتۍ چھِ یہِ پَے لگان زِ مارگریٹ آو تہنٛدِ اغوا کار سٕنٛدۍ تہنٛزِ زنانہِ سۭتۍ بحث کرنہٕ پتہٕ قتل کرنہٕ۔
6076,مغل فوجس گیۍ پتہٕ 1575 منٛز ٹکروئی جنگس منز فتح حٲصِل، ییمہِ  سۭتۍ بنگال تہٕ بہارٕک کینٛہہ حصہِٕ یِم داؤد خانس تل ٲس تہنٛد الحاق گوٚو۔
6077,فلاڈیلفیا، نیوُ جرسی، بالٹیمور تہٕ واشنگٹن ڈی سی یَس منٛز گِیُونٛد ٹیمو 6 گیمن ہُنٛد سیزن۔
6078,امہ پھیرٕ کہ وجہ سۭتۍ، تھامس ٹراؤٹمین چھ تجویز کران کہ اتھ منٛز چھ زیادٕ تر افسانوی یا افسانوی، کنہٕ تٲریخی بنیادٕ بغأر۔
6079,"سکیئنگ چھِ زِیٛادٕ مقبوُل ، حالانٛکہِ ہندوستانَن چھُ 1998 پٮ۪ٹھٕ سرمٲیی اولمپکسَس منٛز لوجَس منٛز حصہٕ نِمُت۔
"
6080,"گروٗوز چھ کابینہ بناونس تہٕ لکر کٲم کرن والٮ۪ن باقٕے شعبن منٛز کٮ۪نٛہن مقصدن خٲطرٕ استعمال یوان کرنہٕ۔
"
6081,مصنوعی ٹرانس فیٹ چھ صنعتی عملس منٛز بناونہٕ یوان۔
6082,۔20 فروری 2008 آیِہ نیشنل ہاکی لیگَس منٛز 6 کھیل گنٛدنہٕ۔
6083,ڈِپریشن چھ اکھ ذہنی بیمٲرۍ یۄسہٕ کٲنٛسہ شخصس خۄدکشی ہُند خیال أنِتھ ہیکہِ ۔ 
6084,امہ پتہٕ چُھ ماہرازٕ سندِ باپت  اکھ لۄکُٹ سال  کرنہٕ یِوان یٗٹھٗیہ  خانٛدرٕكہِ یِنہٕ وٲلہِ مرحلہٕ جٲری روزان چھِ ۔ 
6085,ماننہٕ چھُ یِوان زِ یِمَو سایٹَو چھِ کُلس پیٹھ  واریہن لچھَن ڈالرَن ہُند رقم حٲصل کوٚرمت۔
6086,سۄنمرگ چُھ وِیشنہٕ اسر جھیٖل، کِرٛشنہٕ سر جھیٖل، گنٛگٕہٕ بَل جھیٖل تہٕ ہِمالیاہس منٛز گاڈٕسَر جھیٖلن کُن گَژھن واجنہِ پیدل وتہٕ فَراہم کَران ، یِم شِنہٕ ٹر٘اوٹ تہٕ برا٘ون  ٹرٛاوٹ گاڈو سٕتہِ بٔرِتھ چھِ ۔
6087,تو٘ہہِ چِھو یژھان زانُن زِ دہن ؤرِین منٛز کوتاہ آسِہ كھاتٗك مۄل ۔ 
6088,پایٹ، ایڈاہو: پایٹ چھ متحدہ امریکہ کس ایڈاہوس منٛز اکھ شہر۔
6089,ایکسٹین گزریو 10 نومبر 2017منٛز برلن منٛز 82 وری وٲنٛسہ منٛز ۔
6090,یہِ چھِ کلاسیکی موسیٖقی ہِنٛز بُنیٲدی شکلو مَنٛز اکھ یۄس پوٗرٕ برصغیر ہندوستانَس مَنٛز لبنہٕ چھِ یِوان۔
6091,"أمۍ سٕنٛدٮ۪ن بٕتھمٮ۪ن تہٕ پٔتمٮ۪ن کھۄرن پٮ۪ٹھ چھ اکھ لۄکٹُے زال آسان۔
"
6092,ییلہِ مے٘ پتہٕ كٕنہِ بِہِتھ  مٗسافِر فلایٹہِ منز میانہِ سیٹہِ برونہہ زنگہٕ واہران وٗچھ ، مے٘ زن درایہِ اچھِ پھٹِتھ ۔ 
6093,"ییٚمِہ تیزی سۭتۍ یہٕ تبدیلی گژھان چِھ، پریٚتھ عنصرس خاطرٕ چِھ مختلف۔
"
6094,سہ چھ 2016 پیٹھ لوزیانا ہک 54 ہم لیفٹیننٹ گورنر۔
6095,نیٖلٲمی ہُنٛد سارِویہ  کھۄتہٕ درٛوگ انتخاب اوس حملاور  نِتِن تومر، یُس اُتر پرٛدیشٕكہِ  ٹیٖمن  93 تن  لچھن رۄپٮ۪ن ہِٮ۪وٚت۔
6096,یِہ خیال اوس یوان کرنہٕ زِ تٔمۍ ہور مگدھ تہٕ شمٲلی بنگالس پیٹھ تِہ کینژٕ کالہ باپت اختیار ، حالانکہ وۄنۍ چھ یہ خیال رد کرنہٕ آمت ۔
6097,19 جنوری  گٔیہِ واریاہ رضاکار گروپ  تہٕ افراد بیٚیہِ اکہِ لٹہِ رٲتۍ راتہٕ کہ مظٲہرٕ باپت مرینا بیچس منٛز جمع۔
6098,یہ بنیہ عیسیٰ سنٛز وفادار پیروکار ییٚلہ تٔمۍ سۄ ستو شیطانو نِش بچٲو۔
6099,"2002 چہ مردم شمٲری مطٲبق چھ اتھ شہرس منٛز 206,527 لوٗکھ۔
"
6100,آن لایِن ژھٲنٛڑِو تِم کمپٔنی  یِم تھوکس منٛز تُہٕنٛدِ  ضٔروٗرِیٲتی جُز فَراہم کَرن تہٕ گٔژِھو تِجٲرتی مٲلن منٛز تِمن مٔہیا کَرن والیٚن سمکٕھنہِ یِمن نِش تُہہِ یِم  مٔلِہِ  ہیٚکِو ہیٚتھ ۔
6101,"اَمہِ پتہٕ زینۍ موریہ فوجن مقدونِین ہِنٛدِ دٔسۍ قٲیِم کرنہٕ آمٕتۍ اطاعت گزار ۔
"
6102,"سُہ اُوس مزاحیہ سِلسِلہٕ وار ""یس، ڈیئر"" بناون وول تہٕ پیشكار ۔"
6103,کارواہن دژ یماہس بد دعا دِنٕچ تٕہ تباہ کرنٕچ دھمکی۔
6104,1937 پتہٕ کوٚر مسلم لیٖگَن تہٕ جناحَن پننٮ۪ن جلوٗسَن تہٕ ہرتالَن منٛز سٲرسٕے ہندوستانَس منٛز بوٚڑ ہجوٗم پانَس کُن متوجہ۔
6105,مغربی ہندوستانک اکھ بوٚڈ حصہٕ چھ صحرایہ تھار شمٲلی ہندوستان تہٕ پاکستانس سۭتۍ تہٕ دکنچ سطح مرتفع جنوبی تہٕ وسطی ہندوستانس سۭتۍ مشترکہٕ ۔
6106,امہ سۭتہ بنیٚیو چیلسییا مضبوُط ، تہٕ تِمو زیوُن لگاتار ؤرِین  پریمیر لیگ ۔
6107,ترواننت پورم میونسپل کارپوریشن چھ کیرالہ ہک ساروی کھۄتہٕ بوٚڑ کارپوریشن ییٚلہ زن کوچی میٹروپولیٹن علاقہٕ یتھ کوچی یو اے ناو چھ، چھ ساروی کھۄتہٕ بوٚڑ شہری آبٲدی ۔
6108,تھیمس پیٹھ واریاہ تغیرات ٲس سکاٹ تہٕ باقیو طرفہٕ فوری طورس پیٹھ تجویز کرنہٕ آمژٕ ۔
6109,ملکس منٛز چھ امکہ رضاکار تیار تھاونہٕ آمٕتہِ ، اگر ضروری آسہِ  نارتھ ڈکوٹا گژھنس  تیار۔
6110, “کال می مے بی“ چھُ گوڑنچہِ نظرِ منز  محبتس مٗتعلق ۔
6111,"حالسٕیہ  مَنٛز چھِ گریلو فرنِشہِ فروُشٕكہِ  چیٖز تہِ ووننہٕ یِوان، زیادٕتر بَرآمَد كرنہٕ كہِ  مقصد خٲطرٕ۔
"
6112,ہفتک وٲحد دۄہ یتھ خاص ناو چھ، چھ سٔتم دۄہ-شببت۔
6113,پولی پروٹینن منٛز چھ پنٕنۍ پروٹیز، پی ایل پرو تہٕ 3 سی ایل پرو آسان، یم مختلف مخصوص جاین پؠٹھ پولی پروٹین چھ الگ کران۔
6114,یہِ چُھ بیمار نفرٕ سنٛدِ ژاسہٕ تہٕ پۄندِ سۭتۍ آسٲنی سان پھلان۔[4][12]
6115,2009-10 کس ٲخرس منز کوٚر ریاستن 104.3 ملین گاڑٕ بیالِچ، خاص طور کارپٕچ علاوٕ پیداوار۔
6116,یہ چھُ گنٛگا دٔریاو کِس بٔٹھِس نِش واقع۔
6117,یہ کھیل اوس صرف اکھ ابتدٲیی راونٛڈ میچ، مگر ہاکی خٲطرٕ پاگل کینیڈاہس منٛز، ییٚتہ یہ کھیل گۄڈٕ  شروٗع گوٚو، اوس یہ امہ کھۄتہٕ تہ زیٛادٕ۔
6118,سہ زاو 2 میے 1978 تھس منٛز اگویلاس، مرشیا ہس منٛز ۔
6119,ٹروجنزن سو٘مبرٲوِ  تِہندِس 2008 سیزنَس دوران رِكارڈ  12-1 ، وٲحِد نۄقصان تمہِ وِزِ گژھان  ییٛلہٕ اوریگون سٹیٹ بیورزن25 ستمبر تیمہٕ وقتک ٹاپ رینکک ٹروجن ہروو ۔ 
6120,یہٕ چھ لوکن دۄن کمپیوٹرن درمیان اکھ محفوظ چینلک استعمال کرتھ ڈیٹاہک تبادلہٕ کرنک اجازت دِوان۔
6121,حکومتس کنٹرول کرنہٕ علاوٕ چھ سیٲسی خاندان ریاستس منز کاپریٹو ادارٕ، خاص طور کاپریٹو کھندٕ کارخانہٕ تہٕ ضلعہٕ کاپریٹو بینک تہ کنٹرول کران۔
6122,کھانگ کھوئی غار چھ اکھ قدرتی چونہٕ کنیہِ ہُند غار یس اکھرل ضلعس منز چھ۔
6123,یم پیک کٕنٛنہٕ تہٕ انسٹال کرنہٕ خٲطرٕ گژھ کھلٲڑۍ اصٕل کھیلٕک مٲلک آسن۔
6124,ہانگ کانگ ایف سی سندِس  پنِنِس سٹیڈیم کمپلیکسَس منٛز میزبٲنی کرَنہ یِنہٕ وول یہِ مُقابلہٕ چُھ اکھ دعوتَ۔دٲخٕل  وول ٹورنامنٹ۔
6125,اَگَر توہہِ پَتہِ فٲصلہٕ کوٛروٕ زِ توہہِ  چِھوٚ ییٛژھان لوگو بَناونُک گرٛیفِک ڈِزایِن  کاروبار شُروع کَرُن تٮ۪لہِ ہٮ۪کِوٚ تُہہِ  یہِ  اتھہِ ایٛل ایٛل سی  یس تَحَت چَلٲوِتھ
6126,آن لائن پروڈکٹس منز چھ حوالہ ڈیٹا بیس تہٕ فاصلہٕ ہیچھنکۍ کورس شٲمل ۔
6127,مثال پٲٹھۍ، جنک فوڈس تہٕ ہۄکھٕ پھلن  پیٹھ واریاہ خرٕچ کرنہٕ بجایہ کٔرو صحت بخش متبادل ژھانڈنٕچ کوٗشش یتھ کٔنۍ میوٕ یا سبزی تہٕ ہموس۔
6128,ٲخٕری چالوکیا بادشاہ کیرتی ورمن زٕ ( 744/5-55 عیسوی) ہٲرۍ پنٕنۍ جنوبی ملک پانڈیاہن سۭتۍ لڑایِہ ہٕنٛدِس نتیجس منز  ۔
6129,باقی اہم فصل چھ مکٲیۍ، تموک، امبہ، کپاس تہٕ گنہٕ۔
6130,اتھ منٛز شٲمل گژھٗن چھٗ مٗفت ، مگر کینٛہہ خصوصیات چھِ   پونٛسہٕ لگان ۔
6131,پنن ڈرٛایونٛگ لایسنس، پاسپورٹ، یا ریاستہٕ طرفہٕ جٲری کرنہٕ آمت فوٹو آیی ڈی أنو۔
6132,لائیو 8-لائیو 8 اوس اکھ راک کنسرٹ یمیک اہتمام کارکٗن باب گیلڈوفن  کوٚرمُت اوس ۔
6133,"ۂنٛسی تو پھٔنٛسی چھےٚ أکس ٹھوس اداکٲری خٲطرٕ وٕچھن لایق، یۄس امہ چہ مرکٔزی جور اکوٹہٕ کٔرمٕژ چھےٚ۔
"
6134,ایٚٹوُڈ، اکھ بُکر پرٛایِز حٲصِل کَرن وول، اوس پنٕنۍ گرٛافِک ناول ایٚنجِل کیٛٹ بٲرڈ جٲری کرنہٕ خٲطرٕ، نقشو سۭتۍ وضاحت کَرن وٲلس فنکارس، جانی کِرٛسمَسس سۭتۍ تتہِ موجوٗد۔  
6135,دۄنویی ٹیمو کٔر کھیل کِس گۄڈنکِس منٹَس منٛز برونو بالوسیٹی سٕنٛد دٕسہِ اطالوی پینلٹی  پتہٕ پوُرٕ لٲنہ منٛز تبدیلی ییمِیوٗك نتیجہِ امریكاہٗك اكھ پاور پلییردر٘او   ۔ 
6136,ڈیابلاڈا چِھ بولیویا ، چلی تہٕ پیرو ہک اکھ عام رسمی رقص ۔
6137,1911 منٛز بنیٛیہ نٔو دل، دلہ منٛز اکھ جنوبی علاقہٕ، برطانوی ہندوستٲنۍ سلطنتٕچ رازدٲنی۔
6138,كشنہٕ سٕتہِ ہیكہِ ژم پھٹِتھ تہِ ژمہِ  مزید جراشیمی اِنفیكشن گژھِتھ ۔ 
6139,زِٹھہِ چھِ پننٮ۪ن لۄکٹیٚن آشیرواد دِوان تہٕ تِمَن زیٖٹھ وٲنٛس، خٗشی تہٕ ترقی یژھان ۔
6140,مےٚ ٲس امید ز  صبحٕکہ وقتہٕ ما  آسہ سلنڈر فراہم کرنک کانہہ موقعہٕ۔ مےٚ اوس نہٕ زانہہ سوچمت ز بہٕ لگہٕ ناشتہٕ کرنہٕ باپت گۄڈٕ گیس سلنڈر ژھارنہ۔ 
6141,کنتی تہٕ پانڈوا ٲسہ قتل کِس سازوسامان نش بچنہٕ پتہٕ اگیاتواسا (لاعلمی منٛز روزن) منٛز روزان (کنتی چِھ تجویز کران زِ کوراوہن نش مزید مشکلو نِش بچنہٕ خٲطرٕ آسن تِم لاعلمی منٛز روزن)۔
6142,آزربائیجان چہِ گۄپھٕہ  آزربائیجانس منز چھے٘ واریاہ قۄدرتی گۄپھٕہ ۔
6143,یمو منٛز چِھ زیادٕ تر صوبہٕ کِس شمال مشرقس منٛز ۔
6144,مےٚ کھوٚت شرارت ییٚلہ أکس شرٲبۍ مسٲفرن اکھ بوٚڑ بارٕ تماشہٕ کوٚر تہٕ ٹیک آف وز سیٖٹہ پیٹھ بہنہٕ نش انکار کٔرتھ سٲنس پروازس ژیر کوٚر۔
6145,تٔمہِ ووٚن زِ فنس كینہہ تہِ كرٗن ہیكہِ  بزات خۄد اكھ فن ٲسِتھ  ۔
6146,ییلہٕ دند تہٕ دمبہٕ فلاسنٛگ سۭتۍ صاف چھ گژھان تیٚلہ چھ یہ رکان ۔
6147,جیکبِٹِزم گوو 1688 منز جیمز II تہٕ VII سندِ زوال پتہٕ شروع۔
6148,یہِ ہٮ۪کہِ ہیکر ہویٚن بدنیتھ  استعمال کرن والٮ۪ن زانٛکٲری ژوُرِ نِنہٕ  نِش رٗکٲوِتھ ۔
6149,"زنانہٕ جنگجوٗ چھِ مردَن ہٕنٛدِ پَلو تہٕ حِفاظتی سامانہ علاوٕ سپورٹس برا تہٕ سینہٕ تحفظی 
 وسترلاگان۔
"
6150,ہینڈرک موٹر سپورٹسن کٔر 1984 پیٹھ 1990 تام بش سیریزس منٛز اندرون اندراجات، تہٕ دوبارٕ 2000 پیٹھ 2007 تام، بنیٲدی طور  نمبر 5 انٹری۔
6151,"سۄ بنیٛیہ فلپاینٕچ پروفیشنل ماڈلز ایسوسی ایشنٕچ رکن۔
"
6152,گھٹك  سٕنٛزٕ فلمہٕ چھےٚ 1947 ہس منٛز بنگال کہ تقسیم كییو٘  تماشوہٕ سۭتہِ  سیٹھاہ مٗ
6153,سٗشانت انومولو، یُس سوشانت ناوٕ  زاننہٕ چھُ یِوان، چھُ اکھ ہندوستٲنہِ  اداکار یُس تیلگوٗ سنیماہَس منٛز پننہِ کامہِ باپتھ زاننہٕ چھُ یِوان۔
6154,رحمانن تہٕ تمۍ سٕنٛدیو فنکارو کوٚر مکمل ڈنر کنسرٹ پرو بونو بنیادن پیٹھ پیش۔
6155,مانٛنہٕ چھ یوان ز بانڈٗنگ شہرس نزدیٖک أکس گامس منٛز گیہ اكہِ پسہِ وسِتھ ینہٕ كِس نتیجس منز  ستتھ نفر ہلاک۔
6156,ارادھنا تہوار چھ کارناٹک موسیقی ہنٛدِس نامور موسیقار تیاگراج سٗنٛد سالانہٕ مرنہٕ دوہک جشن۔
6157,یہٕ چھ ضروری زِہٹِس ورمہٕ  سٕتہِ متٲثر بچہٕ یِن یوُت پِلہِ تِیوُت  پٗرسکوُن تھاونہٕ ۔
6158,"ایٚن ایٚف ایٚل چیٚمپِین شِپ گیم چِھ سُپر باؤل ونٛنہٕ یِوان تہٕ یہِ چُھ پوٗرٕ دُنیاہس منٛز کٕلَب سٕپورٹَن منٛز سارِوٕے کھۄتہٕ بۄڈ ایوینٹ ۔
"
6159,"یہِ چُھ بنیٲدی طور ہِنٛدُوستٲنۍ رِیاستن بِہار، جھارکھنٛڈ تہٕ اُتر پرٛدیش، تہٕ نیپالَس منٛز مناونہٕ یِوان۔
"
6160,یہٕ چھ مارپیچ شکلہ  ، تہٕ چھ فلاجیلا سۭتۍ حرکت کران ۔
6161,پٹسبرگن زیٛوٗن ٲخٕری لٹہِ 1992تھس منٛز سٹینلے کپ تہٕ اوس پلے آف منٛز امِیوٗك  ترٛیٚیُم کپ یژھان ۔ 
6162,امہِ کِنۍ گیہِ بنگالس منز ہجرت واریاہ زیادٕ وارٕ وارٕ تہٕ روز تقسیمہٕ پتہٕ ترین دہکین تام جٲری۔ 
6163,امکہ کل حصک تقریبا 3.46% چھ لکسمبرگ سٹاک ایکسچینجس منٛز درج۔
6164,اکھ گلابی 8 جی بی آی پوڈ آو 22 جنوری 2008 جٲری کرنہٕ۔
6165,ایگلز سٗنٛد سکور رکاونٗک طریقہٕ ژھانٛڑنہٕ چہ کوُششہِ منٛز، گنٛدۍ گِیوٗند ییلن کھیلس دوران ترٛین  مختلف گولیٖن سٕتہِ۔ 
6166,امہ واقعہ پتہٕ کوٚر سچن ٹنڈولکرن تہٕ باقی 3 سینئر کرکٹرو اہم کِردار ادا تہٕ امہٕ کتھہٕ ہُند آو یقین دِنہٕ زِ بی سی سی آئی سٕند طرفہٕ یِمَن کِھلٲڑن پیٹھ ٲس پابندی عاید کرنہٕ آمٕژ تہٕ  یہنٛز کارکردٕگی  مشکوک ٲس تِم یِن نہٕ زانہہ تہِ بھارتی ٹیم خٲطرٕ ژارنہ۔
6167,یہ انتخاب اوس دپیکا پڈوکونن 2012 چہ فلم کاک ٹیلس منٛز پیش کوٚرمُت تہٕ استعمال کوٚرمُت۔
6168,"چینی مارشل آرٹس کِہ حوالہٕ  چھِ اَمِچ اکھ زیٹھ توٲریخ۔
"
6169,"تاہم فالج ہیٚکہِ کُنہِ تہِ وٲنٛسہِ منٛز گٔژھِتھ، بشموٗل لۄکچارس منٛز۔
"
6170,"دفتر ٲس سان فرانسسکو منٛز، پتہٕ ہیمبرگ تہٕ برلنس منٛز۔

"
6171,اکھ اکاؤنٹنٹ سمجوُن  پننِس ممٲلی صحتس منز یا پنٛنس لۄکٹس کارٕبار کس مٲلی صحتس منٛز بطور سرمایہ کٲری  ۔
6172,سرفہرست ملک چھِ نیدرلینڈ، چینی تائپے تہٕ بیلجیم۔
6173,سۄ آیہ 70 کھۄتہٕ زیٛادٕ فلمن منٛز وٕچھنہٕ، 1960 کس دہلس منٛز شروٗعات کٔرتھ۔
6174,"لہاذا ، اوس بادشاہن  سینٹ تھامس عیسائین كوٹایم خطہٕ  كِس  غٲر کاشت  مغربی گھاٹ سلسلن مَنٛز آباد گژھنٗک اجازت۔
"
6175,18 ہن ریتن ہٕنٛدس وقتس دوران عقس بند كرنہٕ پتہٕ ، ٲس یہِ  اصلی 2010 کس ٲخرس منٛز ریلیز کرنہٕ خٲطرٕ مقرر کرنہٕ آمٕژ ۔
6176,مےٚ چھ پانس أندۍ پٔکۍ فن پارٕ آسنہٕ سۭتۍ واریاہ خوشی میلان یِم مےٚ سۭتۍ سٕرنِس سطحس پیٹھ کتھ چھ کران ۔ 
6177,علیحدگی پسند میزو نیشنل فرنٹ آو 1967 منٛز غیر قانونی قرار دنہٕ، تکیاز میزو یونین تہٕ باقی تنظیمو تھٲو جمہوریہ ہندوستانس منٛز اکھ الگ میزو ریاستٕچہ منٛگ جٲری۔
6178,"پروڈیوسر تہٕ ہدایت کار آدتیہ اومَن کوٚر انکشاف زِ سُہ چھُ دۄیو ؤرِیَو پٮ۪ٹھہٕ مسودس  پٮ۪ٹھ کٲم کران تِکیٛازِ  فلم چھِ سیٲسی ڈانَن پٮ۪ٹھ مبنی۔
"
6179,مےٚ گوٚو سیٹھاہ مشکل یہ وٕچھُن ز أکس مشہور ہسپتالس منز کوٚرکھ اکھ مریض داخل صرف زیادٕ پونسہٕ زیننہٕ خٲطرٕ۔
6180,"یِہُنٛد وجوُد، 4000 پیٹھہٕ یا امہِ برونٛہہ، چُھ یہنٛزِ زبٲنہِ سۭتہِ ظٲہر گژھان۔
"
6181,مہاراشٹر، گجرات تہٕ گوا ریاستہٕ چھ ثقٲفتی طور مختٔلف تہٕ الگ۔
6182,بہٕ چھس پرٛتھ كھینہٕ پتہٕ زامٗت دودھ  بتہٕ کھینہٕ پتہٕ طاقت محسوس کران۔
6183,"ڈیزائنر سُنٛد خیال چھُ زِ گاڑِ چلاون وٲلۍ آسن کُنہِ دۄہ یژھن گاڑین منٛز سفر کران۔
"
6184,1884 منٛز، پیتھولوجسٹ جارج تھیوڈور اگست گیفکی ین کوٚر ایبرتھ سندین نتیجن ہُند تصدیق۔
6185,کلس چھ ترٛےٚ حصہٕ: سکوُپ، سایڈ وال تہٕ پاکٹ۔
6186,9 ہول راؤنڈَس چھُ لَگان عموٗمَن زٕ گنٛٹہٕ پوٗرٕ گژھَنَس تہٕ 18 ہول راؤنڈَس چھِ لَگان ژۄر گنٛٹہٕ پوٗرٕ گژھَنَس۔
6187,"یِتھہٕ پٲٹھۍ ہیٚکِو تُہۍ کمیونٹی سپورٹ کِس أکِس رُکنَس سۭتۍ رٲبطہٕ کٔرِتھ یُس تُہنٛدین مخصوص سوالن  فوری جواب ہیکہ  دِتھ۔
"
6188,پانڈون ہُند ابتدا زانٛنہٕ پتہٕ اوس پربو اریمبا تمن مارن یژھان، مگر سہ آو پتھ کڑنہٕ تہٕ ٲخٕر کار آو ویرکودر سٕنٛد طرفہٕ مارنہٕ۔
6189,یہِ سوسائٹی آیہِ 1895 تھس منٛز اوکلاہوما حکوٗمتٕچ اکھ ایجنسی قرار دِنہٕ۔
6190,سگندورو چِھ چودیشوری دیوی ہٕنز اکھ پوِتر جاے ۔ 
6191,آخر آیہ  واریاہن جشنن درمیان 17 جون 2017 کوچی میٹرو ہٕچ نقاب کشائی کرنہٕ۔
6192,وِڈال  ٹیسٹس منٛز چھ وقت لگان  تہٕ اہم غلط  مٗشبتٗن ہٗند  امکان چھٗ آسان۔
6193,یہٕ اوس 2000 ہس ہیُو، یتھ ونڈوز سی ای یس سۭتۍ مکمل مطابقت ٲس۔
6194,"پُرتگٲلہِ مورینہو ہن چھُ سَتن سیزنَن تام کلبُک انتظام کوٚرمُت، دۄن سپیلن منٛز، زیوٗنُن ترٛیٚیہِ لَٹہِ پریمیئر لیگ، ایف اے کمیونٹی شیلڈ تہٕ ایف اے کپ اکہِ لٹہِ۔
"
6195,"سکرب ٹایفس چُھ دنیا کِس أکِس حصس خٲطرٕ مقٲمی یتھ سوتسوگاموشی تِکون (O. tsutsugamushi پتہٕ) ونان چِھ۔
"
6196,ووں گو٘و، مٗلکن ہنٛد اکہ لۄکٹہ انتخابن چُھ کھیلس قابو کرنہٕ باپت اکھ قومی ادارٕ قٲیم کوٚرمت۔
6197,"ایش لینڈ،الینوائے  ایش لینڈ چُھ  امریکہ ہس منز  الینوائے یٗك اکھ گام۔

"
6198,1981 منٛز، لیچھ تھامس ہیرسنن  ڈاكٹر ہیٚنِبَل لیکٹر متعارف كران ریڈ ڈریگن۔
6199,"ہوٲئی جہازس منز چھ بقیہ B-52H بوئنگ سٹریٹوفورٹریس بمبار فوجی ہوٲئی جہازک ""شپ آف تھیسیس"" بنن شروع کران۔"
6200,آزٲدی تہٕ جمہوُریت چھٗ یورپی پارلیمانٗک اکھ گروٗپ ۔
6201,حیدر چھ غزالہ یہ ونٛنہٕ خٲطرٕ فون کران ز سوٗ چھٗ سرحدٕ اپور ترن وول ، مگر غزالہ چھے٘ تس تمہِ سندِ نیرنہٕ  برٛونٛہہ تہنٛدِ خانٛدٲنہِ گرٕ كین كھنڈراتن  منٛز سمکھان۔
6202,امہ زبانہِ ہنٛد تعلق چھ خاصی زبانہ سۭتۍ۔
6203,اتراکھنڈٕکۍ تھٔدۍ بال تہٕ دٔریاو چھ واریاہن سٲلانٮ۪ن تہٕ مہم جویی متلاشین پانس کن متوجہ کران۔
6204,ٹِبرو چُھ سویڈِن کِس واسترا گوٹالینڈ  کاؤنٹی منٛز اکھ شہری علاقہٕ۔
6205,مذکورٕ علاوٕ چُھ کۄٹھین، کھۄن، جنسی اعضاء تہٕ ہُٹ بچاونہٕ خٲطرٕ مختلف تحفظن ہُند اِستعمال کرنہٕ یِوان۔
6206,کِم خاندان گوٚو 17 نومبر سان فرانسِسکو، کیلیفورنِیا پیٹھ پیسیفِک نارتھ ویسٹ کِہ سَڑکِہ ہِندِس سَفرَس پیٹھ۔
6207,تٔمۍ کٔر پنٛنس نیٚچو سٕنٛدس بوٚڑ گژھنس تام ڈچی ہٕنٛز ریجنٹ سٔنٛدۍ پٲٹھۍ کٲم۔
6208,"اگر تُہٕنٛز ویب سائٹ مقبوُل  چھےٚ ، توہہِ ہیکِو  پرچوُن فروشَن جاے کٕنِتھ یِم یژھان چھِ زِ تِم لُکھ یِم تُہٕنٛزِ سایٹہِ پٮ۪ٹھ یِوان چھِ وٗچھن مصنوعاتن، فِلمن، موسیٖقی یا کُنہِ تِہ مٗتعلق اِشتِہار۔
"
6209,نوابو کوٚر یورپی کمپنین پورٕ خٕطس منٛز  تجارتی عہدے قائم کرنُک اِجازت یتھ منٛز برطانیہ، فرانس، نیدرلینڈز، ڈنمارک، پرتگال تہٕ آسٹریاہچہِ فٔرمہٕ شٲمِل چھِ۔ 
6210,واریاہ سرحدی گام چھِ سیٚدِ سیوٚد  یا ورگہ پٲٹھۍ پارکہ پیٹھ منحصر۔
6211,أکس ختیہ ورٲیۍ مردس چھٗنہٕ مکہ ہس منز  حج کرنُک اجازت ۔
6212,جٲنی تہٕ ناكارگی ہنٛدِس علمی  کُلِس منٛز چِھ سٕرپینہِ  چالاکی سان نال ولِتھ ۔
6213,"سُہ آو فروری 2017 ہَس منٛز لاسنِہ پٮ۪ٹھ یَلہٕ ترٛاونہٕ تہٕ زٕ ؤری پتہٕ گُزریٛوو۔
"
6214,کوسمالاہن کوٚر پتہٕ شوٹنگ کن رخ تہٕ 1976–1988 درمیان زِینن نو سونہ تہٕ ترٛےٚروپہ میڈل۔
6215,جاپانٕکہِ  کوسٗکے کِٹاجِما ہن چُھ پَنُن اولمپِک رکارڈ پھٗٹرِتھ  مردن ہندس200 میٹر بریسٹ سٹروک  فاینلَس منٛز سۄنہٕ سٗند تغمہٕ زِیوُنمٗت ۔ 
6216,"کوسٹکو بزنس ایگزیکٹو ممبرشپ چھِ فی وریہٕ 120 امریکی ڈالر۔
"
6217,اكِس گنِس جنگلس منز باگ ،وٗچھ مے٘ اكھ قدیم وسِتھ یوان قربان گاہ ، تہٕ اكھ بییہ دٗنیاہچ  موجودگی باسییہِ مے٘ نال ولان ییمہ سۭتۍ بہ دہشتس منز ہنہ آس۔
6218,ریوٲیتی کھیل ، یِم وۄنہِ زیادٕ تر بطور تفریح گِنٛدنہٕ یوان چھ ِ تمن منٛز چھِ کُشتی، ژھانٹھ ، کبڈی، تہٕ ٹریک سپورٹس یا ٲبی كھیل  شٲمِل یِم مقٲمی ریوٲیتی قٲیدن تحت تہٕ جدید سازو سامان ورٲیۍ گِنٛدنہٕ  یوان چھِ ۔
6219,اکھ زیٹھ لڑایہ چھِ گژھان ییلہِ  روُح  دریاو کِس بٔٹھس کُن ژلان تہٕ چھ گرِگرِ  اٗگر پرتاپس پیٹھ حملہٕ کران چھِ ۔
6220,"امہ پتہٕ آو یہ کردار اداکار پریش راولس دنہٕ ییٚمہِ ووٚن ز تمہِ سٗنٛد کِردار چھٗ ""انسان"" تہٕ ""تہٕ چھٗس نہٕ كان٘ہہ خاص وتیرٕ ، یا رویہِ ""۔"
6221,کم وقتی  معاملہٕ چھِ مردن تہٕ زنانَن منٛز ہِوی پٲٹھہِ گژھان، ییٚلہِ زَن زَنانن منٛز طویل مٗدتی  معاملہٕ زِیٛادٕ عام چھِ ۔
6222,پٹھانمتھیٹا ہس   منٛز چھُ جنٛگلاتن، باغن، دٔریاون تہٕ زرخیز زمینن سۭتۍ گرم حیاتیٲتی رنگارنگی ۔ 
6223,یہٕ چُھو تۄہہِ تۄہہِ پانس خآطرٕ  اکھ لۄکُٹ انعام  زیننہٕ  باپت باقِین بطورِ خٔریٖدار اِنسٹا کارٹ آزماونٕچ  دعوت دِنُک مٗبٲدِل  دِوان ۔ 
6224,ویٹ لسٹس تام یَلہٕ رسٲیی چِھ بۄد وارِ دۄہ تُہنٛدِ مقٲمی وقتہٕ مٗتٲبق  صٗبحچہ 9 بجہ شروٗع گژھان۔
6225,کیرالہ اربن روڈ ٹرانسپورٹ کارپوریشن ٲس 2015 ہس منز KSRTC تحت شہری نقل و حملس متعلق معاملاتن ہنٛد انتظام کرنہٕ خٲطرٕ بناونہٕ آمٕژ۔
6226,ابتدٲئی تشخیص کرنس منز چھ ڈاکٹر سند مجموعی تاثر ساروی کھوتہٕ زیادٕہ مؤثر آسان۔
6227,لوٗکو کٔر تمہِ سنز بطور  ژھوٚٹ تہٕ موٚٹ، نیجہِ  ٲچھ تہٕ کاژُر مستہٕ واجیٚنہِ وضاحت  ۔
6228,"یِمَو منٛز کٔر أمہِ صَرف تامِل  ناڈوُ ہس منٛز 175 عتیہ گام حٲصِل۔
"
6229,اَتھ منز چُھ یہٕ تہ وننہٕ آمُت زِ ایلین یِن5 جولایی 1998 زمینس پیٹھ ۔
6230,کَمبٕرِچہِ أڑِجہِ ہُنٛد پس تہِ چھُ عموٗمَن بیکٹیریمیا سۭتہِ  شٔدیٖد انفیکشن کہِ وجہ سۭتہِ گژھَان۔
6231,پرٛیتھ طٲیفہٕ چھٗ جج سٕنٛدِ بجایہ أکس ثالثس زانٛکٲری پیش کران، یُس مقدمٗک فٲصلہٕ  کران چھٗ ۔
6232,تمن چھٗ یِمو٘ كھینو٘  نِشہِ بچنہٕ خٲطرٕ پنٗن غذا بدلاونٕٗك ضروُرت۔
6233,2002 منٛز بنیو ڈریسڈنر بینک انشورنس کارپوریشن الیانزک مکمل ملکیتی ماتحت ادارہ ۔
6234,شرین تہٕ نوعمر نجوانن ہنٛد چھنہٕ بالغن ہندِ پٲٹھہِ  ہسپتال گژھنک امکان۔
6235,باقٕی وجوہاتن منٛز ہیٚکہ نٲرن وٗٹھِنِ لگٕنہِ  شٲمل ٲستھ ۔
6236,أمہِ سٕتہِ گیہ  زٔمیٖندار قرضو نِش موكلاونہٕ خٲطرٕ حیكمت عملی  تہِ مُتعارُف۔
6237,میٲنس نیچوِس ؤژھ تھر ییلِہ آسمانس منٛز وٕزمل تہٕ گگراے آسہٕ گژھان۔ 
6238,"تَمہ وقتٕک باقی واقعن ہٕنٛدۍ پٲٹھۍ ٲسۍ تقریبہِ مُتعلِق پوسٹ کارڈ بناونہٕ آمٕتۍ۔
"
6239,کیسرس پؠٹھ کوٗششہ ہنٛدس جوابس منٛز چھ رام لیلا سٕنٛدس گھرس منٛز دراندازی کران تہٕ کُنُے زوٚںچھ محافظس ناکارٕہ کران۔
6240,ہورگن ضلع- ہورگن چُھ سوئس کینٹن زِیورچُک اکھ ضلع۔
6241,پتہٕ آو یہِ قلعہٕ تس سٕنٛدس ہہرس رگھوناتھ رایا ٹونڈایمانس حوالہٕ کرنہٕ۔
6242,495 عیسوی منٛز اوس ہینان صوبہٕ کِس سونگ پہاڑس منٛز اکھ شاولن مندر بناونہٕ آمُت۔
6243,وآنکٮ۪نس چھٗ أمہ سٕنٛدس أکس نیٚچوس رشوت رٹنٗک الزام لگاونہؓ  آمٗت۔
6244, سکورا چھ یوَس شکست دوان تہٕ چھ کلو کارڈک نوٚو مٲلک بنان ۔
6245,وِلییمز زاو رومفورڈ ، ایسیکس ، انگلینڈس منز ۔
6246,"تٔمۍ دیت یہ کلور سٹی، کیلیفورنیا کس بروٹمین میڈیکل سینٹرس۔
"
6247,نیٹاٹمو: 2011 ہس منٛز قٲیم کرنہٕ آمژ ، نیٹاٹمو چھے٘ اکھ فرانسیسی کمپنی یتھ جُڈِتھ چیزن منز مہارتھ چھے٘ ۔ 
6248,بیٹن کپ برٛونٛہہ گزٲر چندن فوجی کلاسن منٛز شرکت کرنہٕ خٲطرٕ پچمرھی کس أکس فوجی کیمپس منٛز ژور ریتھ۔
6249,تم ہیکن آسانی سان خطرس منٛز ینہٕ وول حیوان بنتھ، اگر نہ  یمن ہندِ حفاظت خاطرٕ کینہہ کرنہٕ یی ۔
6250,پریتھ الہِ سندِ صٗبحیہ وتھِتھ گۄڈٕ یہِ یہِ تھال وُچھنٗك توقع كرنہٕ یوان ۔
6251,آزاد روحن تہٕ غلامی منٛز روُحن  درمیان چھ صرف یہٕ فرق ز گۄڈنِكیو چھٗ تِہنزِ كوُشِشہِ ہندِ نتیجہِ كِنہِ مۄكجار پروومٗت آسان ۔
6252,"ایل ڈی ایل  (لو ڈینسٹی لِپو پروٹین) ریسیپٹر چِھ  اگر ہیہ كرن تہِ ،کم کھوتہٕ کم کٲم کران ۔
"
6253,"پنٛنہ زنٛدگی دوران لیٚچھ تٔمۍ 500 کھۄتہٕ زیٛادٕ تعلیٖمی مقالہٕ، زیادٕ تر نوٮ۪ن زٲژن پٮ۪ٹھ۔
"
6254,بہٕ چھس کوٗشش کران بڑیو  سٹور پیٹھٕ  الیکٹرانکس ملۍ نہ ہینچ تکیاز مےٚ چھ تہنٛدؠن خدماتن ہٕنٛدس معیارس پیٹھ خوف۔
6255,اتھ منٛز چھ رنویر سنگھ، سونو سود تہٕ سارہ علی خان شٲمل، یِمن سٕتہِ  اجے دیوگن باجی راو سنگھم سٗنٛد پنٗن مذاحیہ  کردار فنی طور پیچ كران چھُ ۔ 
6256,پرٛٮ۪تھ سیکنڈس منٛز 2000 حرفن پیٹھ گژھنہٕ سٕتہِ ٲسہِ اكشر  ٹیپ زیٹھان یا ژھینان ۔
6257,سُہ بنیو گۄڈٕنیُوک آسٹریلوی موٗلہٕ روزن وول ، ییمہِ  انگریزی یس  منٛز تحریری کٲم شایع کٔر ۔
6258,"عدالتَس منٛز چھُنہٕ کانٛہہ تہِ الزام ثٲبِت گوٚمُت۔
"
6259,اتھ منٛز ٲسۍ اناج تہٕ فوجی سامانٕکۍ بٔڑۍ ذٔخیرٕ تہٕ یِہ اوس اجی دٔریاون ووٚلمت۔
6260,زیادٕ تر لوکھ یمن خسرہ چھ آسان چھ ٹھیک گژھان، مگر کینٛہہ لوکھ چھ امہ سۭتۍ مران۔
6261,تشخیص چُھ بصری معاینہ کہِ ذریعہٕ یوان کرنہٕ، ٲچھ ہِندِس سفید حصس یا سکلیرا ہس تام محدود روشن وزلہ رنگک عام نتیجس پیٹھ توجہ دِتھ۔
6262,نایلینڈ: نایلینڈ چھ سویڈن چہ ویسٹرنورلینڈ کاونٹی منٛز کرمفورس بلدیہک اکھ علاقہٕ۔
6263,یقینی بنٲیو زِ تۄہہ چَھو یہِ زانٛکٲری زِ یہِ چیز کیٛاز آو گۄڈنچہ لٹہ بازرس منٛز  واپس كڈنہٕ ۔
6264,ٹنڈولکر سٕندِ آؤٹ گژھنہٕ پتہٕ ، نِیہ  ہریاناہن  102 رنن پیٹھ  آخری 6 ِوکیٹ تہٕ وینگسرکر تہٕ  بمبئی  ٲیہ نِشانہٕ کھوتہٕ   3 رن کم آسنس پیٹھ رُکاونہٕ ۔
6265,"تم چھ روٗحن جانورن ہنٛد مل تہٕ کٮ۪نٛہہ خاص پٲٹھۍ بناونہیٕ آمٕتۍ رسمی کھٮ۪ن دوان۔
"
6266,گڈنٛگز، ٹیکساس: گڈنٛگز چھ امریکی ریاست ٹیکساسک اکھ شہر۔
6267,یہ کھیل اوس شروعاتس منز نون کھلاڑین ہنٛدین دۄن ٹیمن درمیان اندریہ  گنٛدنہٕ یوان، یتھ منٛز ایسوسی ایشن فٗٹ بال استعمالگژھان ٲس یو٘سہٕ اكہِ اندٕ بند ٲر ٹوُكرِ منز دٲرِتھ دِنہٕ ٲس یوان ۔ 
6268,ریاست چھ فرقہ وارانہ تشددٕکۍ سارۍوٕے کھۄتہٕ زیٛادٕ واقعات گژھن واجنین ریاستن ہٕنٛدس فہرستس منٛز تہ سرفہرست۔
6269,رس دار سیوٗن چھٗ واریاہن باقٕین ضِیافتن منٛز تہ اختیار کرنہٕ آمٗت ۔
6270,اگر توہہِ فی ریتہٕ  5000 ڈالر زیٖنان چھِوٕ ،  انشورنس گژھ 200 ڈالر یا کم آسن۔
6271,یہٕ قسط اوس بل اوکلی تہٕ جوش وینسٹینن لیوکھمُت۔
6272,ہافمینن کٔر 1969 تھس منٛز سٹراسبرگ یونیورسٹی منٛز حیاتیاتس منٛز پی ایچ ڈی مکمل۔
6273,زبردست بوزنہٕ سۭتہِ  بڑییہِ اتھہٕ لاگنٕچ حساسیت ، مٗشك تہٕ مزٕ  ۔
6274,فریڈن سوُنچ زِ  لوكٕٹہِ  شٗرین پیٹھ  چھِ اِد سنز حكوُمت ۔
6275,سبرتا مترا سٕنٛز سینماٹوگرافی کٔر رے سٕنٛزن فلمن منٛز تعٲریٖف حٲصل، حالانٛکہ کیٚنٛہہ ناقدین ہنٛد خیال اوس ز متراہن ٲخٕر کار رے نش نیرنہٕ سۭتۍ گوٚو امیک معیار کم۔
6276,ٹریڈنگ پوسٹ چھ اکھ گریلو سامانک دوکان ییٚمۍ 2006 ہک سیاحتی ایوارڈ زیون ۔
6277,تِم ٲسہِ  شمٲلی کٗویینز  لینڈس منز پام آیلینڈ ، سموآ، ٹونگا تہٕ پاپوا نیو گنی ہِویو  مقامو پیٚٹھٕہ آمٕتہِ ٲسہِ ۔
6278,الیکھینن ہوٗر 1935 منٛز مختصر وقتس خٲطرٕ ڈچ کھلٲڑۍ میکس ایویس نش خطاب تہٕ دوٚن ؤرین پتہٕ کوٚرکھ یہٕ دوبارٕ حٲصل۔
6279,یہِ چٗھ کیلیفورنیا سٹیٹ یوٗنیورسٹی سین مارکوسس قریب ۔
6280,ریڈ ٹیمٕچ ملکیت واجنہ عمارتہٕ تہ چھےٚ عام طور ووٚزجہ  تہٕ لکر ہٕنٛز بناومژٕ آسان۔ 
6281,"اگر تُہۍ دُکانس پیٹھ کانٛہہ چیٖز وُچھِو یُس تۄہہِ آسُن گوٚژھ، تیٚلہِ ؤچھِو پنٕنۍ گٔرِ تہٕ یہِ ہینَس مُتعلِق سوچنہٕ خٲطرٕ دِیِو  پانس نصف گٲنٹہٕ۔
"
6282,ڈی وِٹ ، اِلینوائے ڈی وِٹ چُھ  امریکا ہَس منٛز اِلینوائے یٗك اكھ گام ۔
6283,أکِس رزمیہس  سۭتۍ مِلتھ، صفت ،دولت، خوشی تہٕ روحٲنی آزادی کُن مٲیل ٲستھ،  گژژھِ اتھ منزپریتھ پرانچ اہمیت آسنۍ تہٕ پریتھ کانٛہہ فن گژھہِ برونٛہہ پَکُن۔
6284,ٹیٹوہن بنوو پانس   أنٛدِ اندِ اکھ بو٘ڑ شخصیتتی فِرقہٕ ، ییٚمہ یوگوسلاویہ الگ گژھنہٕ نش رُکوو۔
6285,"شوٗٹ باکسنگ کٮ۪ن قونوٗنَن تحت قٲبلہِ ذِکِر لڈن والین  منٛز چھِ رینا کبوٹا، کینیچی اوگاٹا، ہیروکی شِشیڈو، آئی تاکاہاشی تہٕ اینڈی سوور شٲمِل۔
"
6286,مےٚ اوس نہٕ منزِمہِ درجہِ كین  كٗمبن پیٹھ نٕوِ   ٹیکس اصلاح کہ واریاہ مثبت اثرٖك  توقع۔
6287,وِنڈوز سٔرور، ؤرجن 1709 اوس 17 اکتوبر دۄہ 2017 ہس منٛز جٲری کرنہٕ آمت۔
6288,اکہ ہیکسگرامچ تمام لاینن ہنز وضاحت کرنہ  پتہٕ چھ بیاکھ ہیکسگرام یوان۔
6289,تمہ چھ وکیل تہٕ ہارورڈ چہ لیکچرر جیکولین بھاباہس سۭتہ کھانٛدر کوٚرمت، تہٕ یمن چھ ترٛےٚ شر۔
6290,یہ چھ نارٕ کس علاقس منز زندٕ روزن وول واحد ٹاور ۔
6291,جٲری بَحَث تہٕ موجودٕ درخواستن ہِنٛدِ فہرست خٲطرٕ وُچھِو ڈیش بورڈ۔
6292, کٲفی مٗلكن ہندِ  محادٕچہِ  توثیق کرنہٕ پتہٕ گیہ    یمہٕ تنظیمہٕ1946 منٛز فعال  ۔
6293,یمن لوٗکن ایس زیڈ پی ڈی چھ تمن چھ نہٕ بین شخصی تعلقات یژھان یمن منٛز جذبات تہٕ عزمچ ضٔروٗرت چھ آسان۔
6294,"میٹنگہِ دوران کوٚر کیداہ، سیلانگور، نیگیری سیمبیلان تہٕ پینانٛگ کٮ۪و نمایندَو متفقہٕ طور کھیر جوہری پنُن گۄڈٕنیُک صدر مُقرر۔
"
6295,کشادہ جایہ تھوِو سٲرۍسٕے پاركہِ منز یٗتھ تہندۍ مہمان تِمن تام آسٲنی سان وٲتِتھ ہیكن ۔ 
6296,الجزیرہ ہٕچہِ  ویب سائٹ آیہ سعودی عرب تہٕ متحدہ عرب اماراتَس منٛز  قطرَ كہِ طرفہٕ مٗبیٿنہٕ بیانن پیٹھ تناعضس دوران میی کِس ٲٕخرَس منز بلاک کٔرنہٕ ۔
6297,یہ آو 12 اکتوبر 2012 سایکو تہٕ آر سی اے ریکارڈن جٲری کوٚرمت۔
6298,کیتھیٹرایزیشن چھ ترجیٖح دنہٕ یوان اگر کانٛہہ نفر چھ نہٕ ٹوایلٹ استعمال کٔرتھ ہٮ۪کان۔
6299,پنٛنہِ تمام اخراجات، بیمہٕ، اثاثہٕ، آمدٔنی تہٕ ذِمہٕ وٲری خٲطرٕ بنٲوِو اکھ فایل فولڈر یا کیٛبنِٹ یا ڈبہٕ۔
6300,"اوڈیسی اوس پننِس تٲریخَس منٛز بنیٲدی طور  زنانَو پیش کوٚرمُت تہٕ تٔمۍ کوٚر مذہبی کہانین تہٕ روحٲنی خیالن ہُنٛد اِظہار، خاص پٲٹھۍ ویشنو متُک۔
"
6301,"اولونکھو چھ عظیم انسانن تہٕ جانورن متعلق اکھ مشہوٗر یاکٹ دٔلیٖل۔
"
6302,یہِ ناو چُھ جھیٖلَس أنٛدِ پٔکہِ علاكٗك  تہِ حَوالہٕ دِوان۔
6303,بھیما اول سٕنٛدِ مرنہٕ پتہٕ وُچھ آندھرا خطس منٛز بییِہ اَکِہ پِھرِ جانشینی ہنٛدِ تناضہٕ  تہٕ راشٹرکوٹاہن ہنٛدِ طرفہٕ وینگی معاملن منٛز مداخلت ۔
6304,دلچسپ چھُ یہ زِ اُگاڈی  دوہ چھ مارچ ایکونکس پتہٕ گوڈنِچہِ نوِ زوُنہِ  پیٹھ یوان۔
6305,زیادٕ تر حقیقی پروگرام چھ ٹاسک متوازییت تہٕ ڈیٹا متوازییتک امتزاج استعمال کران۔
6306,اَمہِ سۭتۍ میُول ہندوستٲنۍ کلاسیکی موسیقیہِ شٲہی دربارن تام بٔڑِس پیمانَس پیٹھ پھٔہلنَس منٛز تہِ مدد۔
6307,تمۍ سٕنٛدِ مرنہٕ سۭتۍ چُھ دۄشوٕنی مذہبی درین درمیان مذہبی تناؤ پیدٕ گَژَھان یِم یَژھان چِھ زِ تمۍ سٕنٛز لاش ییہ یا   زالنہٕ نتہٕ دفن کرنہٕ۔
6308,مٲدانس منٛز پوٗرٕ رفتارٕ سۭتہِ  دوان گوٚو سٹیلرز سیفٹی ریان کلركس  میک گیی یس سۭتہِ ٹکر، یٗس تہ پوٗرٕ رفتارٕ سۭتہِ  دوان اوس۔
6309,"سُہ اوس اینڈِین شہر کسکوَ ہس منٛز سرکردہ پوٹریٹ فوٹوگرافر۔
"
6310,شِہاب الدین پوٗرا عرف شادی پوٗر ناوُک اکھ قصبہٕ اوس أمۍ قٲیِم کوٚرمُت۔
6311,اگر توہہِ  اکہ کھۄتہٕ زیادٕ مضٲمینن منٛز فائل اِستعمال کرنُک منصوٗبہٕ  بناوان چِھو، مہربٲنی کٔرتھ ونِیو٘  ییتین یِمو٘ منزٕ صِرف  اكھ ناو ۔
6312,وۄنہِ گو٘ ، یمن سیرولوجک ٹیسٹن ہنٛز ناقص درستگی كِنہِ ، چھِنہٕ   تِم  مٗمکنہٕ اندرمن ہنِ ورمہٕ  بیمارِ ہندِس  تشخیصی مولآنكونہِ منز  مددگار۔
6313,اتھ منٛز چھ ونسنٹ پراٲس، مرنا فاہی، مارک ڈیمن تہٕ ہیری ایلربی شٲمل۔
6314,یمو منٛز چھنہٕ کانٛہہ تہ ڈسٹری بیوشن فیڈورا پروجیکٹ دٕسہِ  برقرار تھاونہٕ یوان ۔
6315,اگر ایجنٹن چُھ بہترین خدمت فراہم کٔرمٕژ، تیٚلہ  اکھ ای میل ایڈریس وٕچھو ییٚمیک استعمال تُہۍ تہنٛد شکریہ ای میل سوزنہٕ یا تہنٛد سپروائزرس سۭتۍ کتھ کرنہٕ خٲطرٕ ہیٚکو کٔرتھ۔
6316,پنٛنہِ اداکٲری ہِنٛدِ پیشہٕ علاوٕ چُھ کٔپوٗر خٲرٲتی اِدارن تہٕ سَبَیلن حِمایت کَران۔
6317,ہِنٛدوستان چُھ زمینی آبس پیٹھ تہِ زیادٕ انحصار کَران، یُس آبپاشی وٲلہ علاقُک 50 % کھۄتہٕ زِیٛادٕ حِصہٕ چُھ یَتھ منٛز 20 مِلیَن ٹیوٗب ویل لگاونہٕ آمٕتۍ چھِ ۔
6318,پٗلسہٕ چھٗ دعوا كران  زِ یہ نفر اوس 2012 ہس تام نا اہل قرار دنہٕ آمٗت۔
6319,مثال پٲٹھۍ، اگر مُلکَس منٛز اِلیکشن گژھَن وول چھُ تہٕ امہِ اِلیکشنٕک نتیجِہ ہیکَن تُہندین شیرَن ہُنٛد نرخ نُمایاں طور  مُتٲثر کٔرِتھ۔
6320,یہ بنیوو بطور اكھ مذہبی فن یمِیوٗك تعلُق    ہندوستان كین اہم كلاسیكی رقصن ہندِ پٲٹھہِ  نژونین شٲیرن ، مندرن تہٕ روحٲنی عقیدن  سۭتہِ  اوس ۔
6321,خٲلی وٗزس منز  گرزن والیو قدمو٘ ژٲنۍ تس تھرٕ تھرٕ ۔
6322,سالوینٹ ایکسٹریکشن چھ ضروری تیل کڑنہٕ خٲطرٕ کاربن ڈائی آکسائیڈ ہویٚن چیزن ہنٛد استعمال کران۔
6323,یہِ زن بطور سالٹ ستیا گرہ شروع گوٚومُت اوس  سُہ گو٘ تیزی سان بٔڑِس پیمانَس پٮ۪ٹھ ستیا گرہَس مَنٛز تبدیل ۔
6324,ویلینجے گو اکہ دوہ کھۄتہٕ زیادٕ عرصس تام دٗنیاہ نِشہِ ژھینہٕ۔
6325,"یہِ دی تۄہہِ اَصٕل تہٕ جلد تخمینہٕ تۄہہِ کوٗتاہ ٹیٚکس یِیہِ ہینہٕ ۔
"
6326,کورین اوس یا تہ واریاہن عوٲمی ادارن ہند سربراہ یا بورڈس منز تہٕ کریٛن پورٕ دنیا پیٹھٕ یونیورسٹین ہنزٕ اعزازی ڈاکٹریٹ ڈگری حٲصل۔
6327,تٔمۍ  چھ پنٛنۍ گھریلو میچ ریکوہ ایرینا سٹیڈیمس منٛز گنٛدان ۔
6328,یورپ پھیلیو نیو ورلڈَس تام ۔
6329,وقتس پٮ۪ٹھ واتنہٕ خٲطرٕ چھ أمس دۄہَے ستَتھ کلومیٹر پکنٕچ ضوٚروٗرت ۔
6330,بہٕ چھس راحتک احساس محسوس کران یہ زانتھ ز مشٲہدٕ کہ ذریعہ چھس بہٕ پنن تناؤ تہٕ اضطراب کنٹرول کرنک موثر طریقہٕ ہیچھان۔
6331,تمو کوٚر اعلان ز تم گژھن 10 اگست 2010  الگ ۔
6332,یوم آزادی دوہ تہٕ یوم جمہوریہ دوہ  چھِ علاقٲیی زبانن منٛز حٗبٗلوطنی ہنٛدِ بٲتھ ٹیلی ویژن تہٕ ریڈیو چینلن پیٹھ نشر کرنہٕ یوان۔
6333,"عوٲمی یوٹیلٹی خٔدمات یتھ کٔنۍ زن انٹرنیٹ کنیکشن یا کیبل ٹیلی ویژن چھ سبسکرپشن سٔروسن ہٕنٛزٕ مثالہٕ۔
"
6334,امہ کس نٔتیٖجس منٛز گٔیہ میڈیاہٕس  کرٛکھ ییٚمہِ یم اموات ویکسنیشنن سۭتہِ جوُڑِ ،ویکسیٖن كہِ یمن موتن ہٗند وجہہ آسنٗك  كان٘ہہ شبوُت نہٕ آسنہٕ باوجوُد   ۔
6335,یہ فلم چھ ہالی ووڈ فلم شی از ہیونگ اے بیبی سۭتۍ مشابہت تھاوان۔
6336,"یِہ دوارم چھُ صرف ویکنتھا ایکادشی پیٹھ کھولنہٕ یِوان تہٕ یہِ چھُ ماننہٕ یِوان زِ کانٛہہ تہِ شخص یُس اَمِہ خاص دۄہ اَتھ 'ویکنتھا دوارم' مٔنٛزۍ نیران چھُ، چُھ مکتی حٲصِل کران۔
"
6337,"آثار قدیمہ کہ لحاظٕ چھ جنوبی ایشیاہس منز موریہ حکومتک دور شمٲلی بلیک پالش ویئر یا این بی پی ڈبلیو کس دورس منز یوان۔
"
6338, مقٲمی  اِصطلاحن منز لاطینی تہٕ نیم لاطینی چھٗ سٲرۍسٕے یورپس منز استعمال سپدان تہٕ یہِ چھٗ جدید انگریز برونہہ پیٹھٕ    اوسمت ۔
6339,"31 دسمبر 2017 ہس تام ٲسہِ قصبس  منٛز لگ بگ 64,500 لوُکھ ۔"
6340,"کٕنکٕکۍ نٔوۍ قٕسم آیہِ وۄپداونہٕ تہٕ 1968 ٹھس منٛز گوٚو پٲداوار 17 ملین ٹن، یُس پٔتمِہ فصلہٕ کھۄتہٕ 50 لچھ ٹن زیادٕ اوس۔
"
6341,"كینژن کینیڈیٲیی موُلہٕ باشندن ہندین گرٗپن منز ہیكہِ جینیٲتی حساسیت  اکھ کردار ادا کٔرِتھ ۔
"
6342,ٹیمہٕ چھ خیالاتن تہٕ تجویٖزن پٮ۪ٹھ بحس کرنہٕ خٲطرٕ باقٲعدگی سان میلان۔
6343,یِم ہدایات چھِ ڈی جے (ٹریننگ ہال) تہٕ روزمرہ زندگی دۄشوٕنی پیٹھ لاگو گژھَان۔
6344,لوک داستانو مطٲبِق چھُ آبشار کِس بوٚنۍمِس حصس منٛز کھۄڈ یا کنڈ تیوتاہ  سرٛوٚن یوتاہ زِ پاتال، ہندوستٲنی افسانن منٛز انڈرورلڈ چھُ۔
6345,بہٕ گوس دلہ منز مختلف میوزیم آسنہٕ سٕتۍ سہی پٲٹھۍ  متاثر۔
6346,حالانٛکہ مرد نیٹ بال ٹیم چھِ کینژن علاقن منٛزموُجوُد، مردن ہنٛدِ  تہٕ رلہٕ مِلہٕ جِنسن ہندِ ٹیم ثھِ زیادٕتر پنٕنہِ رقوُمات پانیہ بہم كران ۔ 
6347,لینڈنگ ہٕنٛز ناکام کوشش پتہٕ گریوو طیارٕ سٹوٲرٹ، ورجینیاہس منٛز بلیو رج اییرپورٹ پیٹھٕ ستھ میل (11 کلومیٹر) دوٗر بل ماونٛٹینس منٛز شدید وٕنلہ منٛز۔
6348,حملہٕ پتہٕ دۄیہِ  ہفتہِ مۄیہِ سو٘  29 دسمبر 2012 دوہ ۔
6349,بروٗئنزَ تُلہِ  گۄڈنکیٚن دۄن دورن منٛز تہندین  دۄن پاور پلے ہن  ہُنٛد فٲیدٕ۔
6350,تم چھ جہانگیر نِٛس تبصرٕ كِس  جوابس منز چھِ تِم  جوکرن ہٕنٛدِ پلو ژھنِتھ  مزاح بورُت رقص تام  کران ۔
6351,"جانورن ہیکہٕ تکلیف وٲتِتھ، تہٕ یہٕ اثر ہیکہٕ یمن خاطرٕ مہلک أسِتھ۔
"
6352,2017 ہس منٛز کٔر بیزاہن پنٛنس مقٲمی ملکس منٛز تہٕ لاطینی امریکہس منٛز شہرت حٲصل۔
6353,زیٛادٕ تر آرتھو ڈاکٹر چھ سانہِ صحت کھۄتہٕ پونسس ترجیح دوان۔
6354,قوم ووت 1 جوٗن  3مِہ  جایہ۔
6355,تِم چِھ پِکسل 2 تہٕ پِکسل 2 ایکس ایلٕکۍ جانشین۔
6356,گیمن ہنٛد ساروٕے کھوتہٕ قدیم فہرست چُھ بدھ گیمن ہنٛد فہرست۔
6357,"عید الاضحیٰ کِس رواجس منٛز چھُ اکھ جانور ذبح کرُن تہٕ ماز ترٛین برابر حصن منٛز بٲگراوُن شٲمِل- عیال خٲطرٕ، رشتہٕ دارن تہٕ دوستن خٲطرٕ، تہٕ غریب لوٗکَن خٲطرٕ۔
"
6358,"ویشنو دیوی کٔر 9 وَن رٮ۪تَن اَتھ گۄپھِہ منٛز بھیرو ناتھس نِشہِ بچنہٕ باپت تپسی، یِتھہٕ  کٔنہِ  زَن اکھ شُر 9 وَن رٮ۪تَن ماجہِ ہِنٛزِ یٕڈ منز روزان چھٗ  ۔
"
6359,"منگی-تُنگی چھُ اکھ نُمایا جڑواں پہاد تیُونت یتھ درمیان اکھ وُڈٕر چھےٚ ، یُس ناسک، مہاراشٹر، ہندوستان پٮ۪ٹھ تقریباً 125 کلوٗمیٹر دوٗر طہرآبادَس نزدیک واقع چھُ۔
"
6360,البمس برونٹھ ٲس ژور سنگلزچ ریلیز۔
6361,ییٚلہ تم واپس آیہ ، تم ٲسہِ ہیرو تہٕ تِمو کوٚر ینہٕ وٲلس اولمپکسس منٛز مقابلہٕ ۔
6362,"یہٕ آو 1851 منٛز مکمل کرنہٕ تہٕ رلٲوِن  شِکاگو، نیپرویل تہٕ اوسویگو۔
"
6363,قدیم مصری شانٛدٕ گٔنٛدۍ ٲسۍ لٔکر تہٕ کنٮ۪ن ہٕنٛدۍ بناونہٕ یوان تہٕ ٲسۍ ڈکھ یوۍ باسان۔
6364,کٗل آیہِ داہ  رہٲیشی کمپلیکس بناونہٕ یمن منٛز دہن ساسن لوکن خاطرٕ مکانہٕ ٲسہِ ۔
6365,2007 ہس تام چُھ تپ دق والیٚن ایچ آی وی پوزیٹیوُ لوُکن منٛز چُھ رفامپیسن بجایہ رفابوٹنٗک معمولکہِ استعمالٗك فٲیدٕ  غٲر واضح ۔
6366,"ہندوستانَس منٛز چھُ کیرم ناوُک اکھ کمیونٹی کھیل مشہوٗر۔
"
6367,کرجنیاکن کوٚر نہٕ زانٛہہ فایر ڈپارٹمنٹس فون تہٕ زان٘ہہ لو٘مٗن نہٕ الارمس ۔
6368,"باقٕے گیم مثلن سوری! خاص کارڈن ہنٛد اکھ ڈیک کٔرِو استعمال یس شفل کرنہٕ سۭتۍ چھ بے ترتیب پٲدٕ گژھان۔
"
6369,ترپور ہک سرحد چھ مغرب، شمال تہٕ جنوبس منز بنگلہ دیش ملک، شمال مشرقس منز ہندوستٲنی ریاست آسام تہٕ مشرقس منز میزورامس سۭتۍ میلان۔
6370,کمیونٹی انجمنن تہِ چھےٚ واریاہ شکلہٕ موجود یم کمیونٹی بناونٕہ کس خیالس أنٛدۍ پٔکۍ کٲم چھےٚ کران۔
6371,ہندوستان كیو٘ سیٹھاہ اہم آثار قدیمہٕ كیو٘  مُقامَو منٛز اکھ ، اُدیاگیری پہاڑ تہٕ اَمِچہِ  گۄپھہٕ چھِ آرکیالوجیکل سروے آف انڈیا کہِ زیر انتظام محفوٗظ محفوُظ یادگار ۔
6372,یہ پیہ لگاونُک چھُنہٕ کانٛہہ بھروسہٕ مند طٔریقہٕ زِ یلاج پتہٕ کس ییہِ كلس اندٕرِ خوُن  تہ کس ییہِ نہٕ۔
6373,تعدادس منٛز کم تہٕ كم بندوُق آسنہِ كِنہِ   ، چھُ سوُ  سمرتی  ہیتھ  دریاوس  ۄوٹھ لایان یو٘سہٕ  پتہٕ وضاحت کران چھُ زِ اے کے-74  چھُ سیٲسی فٲئدٕ خٲطرٕ تس سۭتہِ  خانٛدر کرُن یژھان ۔
6374,اگر أمِس الزبتھن کالر لگٲوتھ چھٗ ، یہِ ہیٚکہِ نہٕ یہِ کٔرِتھ ۔
6375,کیلشیمٕچ آمد ہیکہ مائٹوکونڈریا چہ ناکٲمی ہٗند بٲعث تہ بنِتھ ، یوس مزید توانٲئی ہنز کمی ہند بٲعث ہیکہ بنتھ تہٕ پروگرام خلییہ موت کِنہِ كیین ہندِ موتٗك  سبب بِنِتھ ۔ 
6376,واریاہ سایکلِنٛگ کٕلَب چھِ باقٲیدٕ سَوارِ مُنعقد کَران یَتھ منٛز پرٛیٚتھ پایِکہِ  سایکل چَلاون وٲلہِ  شِرکت چھِ کَران۔
6377,جلبرٹس گوو تمہِ وِزِ موسیقی ہٗند شوق ییلہٕ سہٗ واریاہ لۄكٗٹ اوس ۔
6378,"خانٛدرٕ کہِ دۄہ چھُ ولی پنٕنہِ خانٛدارینہِ  تہٕ نیٚچوِس  ہوٲیی اڈَس پٮ۪ٹھ علودا كران ،تِکیٛازِ تِمن چھُ لندن گژھَُن ۔
"
6379,اگر یہ ضروٗرت چھ تیٚلہ کٔریو صرف کم سے کم لفاظ استعمال، تہٕ سورٗیہ گژھِ پورٕ پو٘ز آسٗن ۔ 
6380,سۅ چھِ ترٛییِٚم ہندوسٲنۍ خاتون ییٚمۍ مِس ؤرلڈ پاجنٹ زیوٗن، ریتا فاریاہس پتہٕ 1966 ہس منٛز تہٕ ایشویریا راے پتہٕ 1994 منٛز۔ 
6381,وارِیاہو مقٲمی حٗكٗمرانو ، خاص پٲٹھۍ بروڈا ہكیو  مراٹھا گایكواڈ مہاراجو كور الگ پٲٹھۍ برطانوین سٕتۍ صلاح تہٕ مقامی خود حٗكٗمرٲنی بدلہٕ  كرٕكھ برطانوی خودمختٲری قبول ۔
6382,امہ پتہٕ ہؠکن تم سیوٚدے أمس نفرس پرٛژھتھ، شاید زیٛادٕ پونٛسہٕ دتھ۔
6383,پیریار دٔریاو کِس سیٚکہِ بٔٹھِس پیٹھ واقع شیو مندر چھُ پرٛیتھ ؤرۍ یہِ مہا شِوراتری کہِ دۄہ عقیدت مندَو سۭتۍ بٔرِتھ آسان۔
6384,ییلہٕ بجلی ہنٛز طلب چِھ کم گژھان، ڈیم چُھ صرف زیادٕ آب ذخیرٕ کران۔
6385,یہ حساب لگاونہٕ خٲطرٕ چھ تۄہہ پننہ ابتدٲئی سرمایہ کٲری ہنٛد رقم، ریتہٕ وار قسطن ہنٛد رقم، سالانہٕ فیصد شرح، تہٕ ادایگی ہنٛدِ مدت زاننک ضرورت۔
6386,قصبہٕ چھٗ وۄنہِ كوہ پیماہن پباپت وتہِ پكنہٕ باپت سیٹھاہ مقبوُل ۔ 
6387,1947  منز ہیوٚت لیونارڈ چیسن اکھ لیبل یتھ ارسطو ریکارڈز چھ ونان ۔
6388,"وندس دوران دِلہ منز گٔنۍ سموگ تہٕ ؤنل آسنہٕ کِس نتیٖجس منز چھ پریتھ ؤرۍ یہِ ہوٲیی تہٕ ریل ٹریفکس منز بجہ رُکاوٹہٕ پٲدٕ گژھان۔
"
6389,گول پوسٹہٕ چِھ دۄن اختتامی لائنن ہنٛد ہوٲئی جہاز کس مرکزس منٛز واقع۔
6390,امہِ پتہٕ نومبرس منٛز سیاح چلو لوکو تہوار اوس وُچھنہٕ یِوان یُس دیومالی منٛز بڑٕ زوروشور سان مناونہٕ اوس یِوان۔ 
6391,"سہ اوس اکھ کابینہ ؤزیر ییٚلہ زن لوسین بوچارڈ تہٕ برنارڈ لینٛڈری ٲسۍ ؤزیر اعظم۔
"
6392,ؤرجن میری ہنٛد ترٛیٚیم ظہوٗر اوس 17ہہ صٔدی منٛز۔
6393,آیہ سی اے این این چھٗ  میرینا ڈیل رے ،کیلفورنیا ،امریکا ہس منز واقع ۔ 
6394,آثار قدیمہ چو شہادتو سٕتۍ چھٗ ننان زِ پٲنژِمہِ تہٕ شییمہِ صدی عیسوی منز اوس اتھ خطس منز بٗدھ مت غالب ۔
6395,شکیلا چھِ 2020 ہٕچ اکھ ہندوستٲنۍ ہندی زبانہِ ہِنٛز سوانحی فلم یوٚس اندراجیت لنکیشَن لیٚچھمٕژ تہٕ ڈایریکٹہٕ کٔرٕمژ چھِ۔
6396,اہم پنجابی دیہی کھیلن باپت چھ مقابلہٕ منعقد کرنہٕ یوان، یتھ منز کارٹ ریس تہٕ رَزِ لَمُن شٲمل چھ۔
6397,ڈونالڈ مود900 منٛز تہٕ آو آئیونا ، سکاٹ لینڈس منٛز دفن کرنہٕ ۔
6398,بلاکن منٛز چھ پنچایتہٕ (گامٕ کونسلہٕ) تہٕ قصبہٕ میونسپلٹیہٕ شٲمل۔
6399,"2000 منٛز میٛجٔی أمِس سٹاک ہوم یونیورسٹی طرفہٕ نیچرل ساینسزس منز اعزازی ڈاکٹریٹ ڈگری۔
"
6400,ڈیوڈ شینکبون: تۄہہِ کٔمہِ كٕر گۄڈٕ یتھ كارس كٗن كشِش  ؟
6401,مثالہ پٲٹھۍ چھِ پرمبانن انڈونیشیاہس منز واقعہ عظیم مندر کمپلیکس جنوبی ہندوستٲنۍ فن تعمیرَس سۭتۍ واریاہ ہشر تھوان۔
6402,حالانکِہ یِم آن لائن پلیٹ فَارم چھِنہٕ تیتۍ آباد ییتیاہ یِم گۄڈٕ ٲسۍ، توتہ چھُ تہندِ باپت یِتھۍ چیز تلاش کرٕنۍ ممکِن یِمن منز تۄہہ دلچسپی آسہِ۔
6403,واریاہن لاگدار  بیماریٚن ہندِ برعکس، چھٗنہٕ قۄدرتی  گومٗت   ٹیٹنس  عام طور ٹیٹنس خٕلاف قوت مدافعت بناوان ۔ 
6404,تمن ہٕنٛدۍ ساسہٕ بٔدۍ اولاد چھ وۄنۍ میزورمٕکۍ بسکین۔
6405,تِہُنٛد مانُن اوس زِ بُنیٲدی تہٕ بَجَہِ صنعتہٕ قٲیم كرنہِ اوس ہندوستٲنہِ  معیشت كہِ وٗصعت  تہٕ جٔدیٖد کٲری خٲطرٕ بٗنِیٲدٖی طور اہم۔
6406,یہ وٗچھٗن  چھٗ اہم ز کیتھولِک چھنہٕ میری ہنٛز عبادت کران ۔
6407,دیسی کیٹے یُک ساؤنڈ ٹریک اوس کیلاش کھیرن ترتیب دِیُتمُت۔
6408,"اُتر پرٛدیش چہِ سِیاست کِس پوٚت منظرس منٛز قٲیِم، بلدیو پرٛتاپ سِنٛگھ (سنجے دَت) چُھ مَلیحآباد حلقہٕ پیٚٹھٕ ژور لَٹہِ ایٚم ایٚل اے روٗدمُت۔
"
6409,یہٕ کرِ سٔرچ اِنجن کہِ ذریع مطابقت تہٕ مقبولیت کہِ لحاظہٕ درجہ بندی ہندۍ نتٲیج واپس۔
6410,برطانوییو٘ دٕسہِ  جھیل بناونہٕ یِنہٕ برونہہ  ،1799  عیسوی یس  منٛز، سوٗ جایداد ییتہِ وونہِ یہِ جھیل چھٗ ، آو   ڈاکٹر سکاٹس سالانہٕ کرایس پیٹھ  دِنہٕ ۔ 
6411,برہم پُتر دریاوُک بیٛڈ چُھ 1916 پیٹھٕ واریاہ زیادٕ ؤسیع گوٚمُت تہٕ باسان چُھ زِ یہِ چُھ شُمالہٕ بدلہٕ زیادٕ جنوُبس کُن مُنتقل گَژھان۔
6412,2003 ہس منٛز گینٛد تٔمۍ میوٗنک خٲطرٕ پنن گۄڈنیک تہٕ وٲحد بنٛڈس لیٖگا میچ۔
6413,پرندن تہٕ گاڑن ہنٛز چھ مشہور قٕسم یم نہٕ پنن وِٹامن سی مِلناوان  چھِ ۔
6414,گوٚڈنیوٗک کوٗویتی دینار آو کویتی مانیٹری کونسلہٕ دسہِ  1960 عیسوی منٛز جٲری کرنہٕ  ۔
6415,تم چھِ بحژ کران تکیاز تم چھِنہٕ  گھریلو کامہِ   تہٕ  سۭتۍ  اکھ أکہِ سٕنٛز ذمہ وأری سنٛبھٲلتھ ہیكان ۔
6416,گانٛٹ بیارِ آسہٕ پولینیشیاہس منٛز یوٚت تام نیوٗزی لینٛڈ چھُ توٚت تام زانٛنہٕ یوان، امہِ مفروضہ کِنۍ زِ  یہِ علم اوس لوٗکن سۭتۍ سۭتۍ چینہٕ پیٹھٕ پھہلیومُت۔
6417,جدید فوجن منٛز چھ پرٛیتھ سپاہس بطور معیٲری سازوسامان کم از کم اکھ  ہتھیار ۔
6418,یہِ چھٗ ہاٹ لنکنگ نِش بچاو باپت آسان تہٕ سیٹھاہ پٗر اشر  طریقو منزٕ اكھ ۔
6419,بچہٕ دٲنۍ ہیٚکہ ہٹاونہٕ یتھ تکیاز نچہ یٔڈ ہٕنٛدس پاسس منٛز چھ اعضاء بۄن گژھان۔
6420,عموٗمن چِھنہٕ ڈبلِیو آے آر تتھ تنظیمس متعلق لیٖکھان ییٚتہ تِم کٲم کران چِھ۔
6421,یہِ جھیٖل چُھ خاص طور  پننہِ نیلمبو نیوسیفیرا (پمپوش) خٲطرٕ مشہوُر یُس جٗلائی تہٕ اگستَس منٛز پھۄلان چھُ ۔
6422,"امہِ پتہٕ چھٗ جانی ٹرافی ڈینیئلس دِوان تہٕ تس ونان ""یہ۔ تو٘ہہ چھِوٕ امِكہِ حٔقدار۔ تۄہہ چھِ خبر، لاروٗسو، تو٘ہہِ  چھِو ٹھیکھ ۔ """
6423,"مگر بیٚکہِ ؤرۍ یہِ کٔر پریمَن رتناجا سنزِ گۄڈٕنِچ فلم نیناپیرالی منز اکھ یادگار کارکردٕگی سۭتۍ واپسی۔
"
6424,پیننتھیٖزم: پیننتھیٖزم چھ سہ عٔقیدٕ یُس ونان چھ ز کاینات چھےٚ خۄداے سنٛد حصہٕ۔
6425,یم دوا چھ دٮ۪ماغس منٛز سیرٹونن نٲمی کیمیاہس کٲم کرنہٕ نش رکٲوتھ کٲم کران۔
6426,سینٹرل ہیٹروکرومیا تہ چھ اکھ ٲچھ ہنٛز حالت یتیٛن اکسی آیرِسس منٛز زٕ رنگ چھ آسان۔ مگر ترتیب چھ حصباگیہ  بجائہٕ مرکزگیرتھ ٲسِتھ ۔
6427,زیادٕ تر سپر مارکیٹ چھ پنن سامان قٕسمو مطٲبق ترتیب دوان۔
6428,ییٚلہ بہٕ اکہِ آتھوارِ میسس منز بِریانی كھیوان اوسٗس ، مے٘ دراو اكھ كِیو٘م  تہ چھوكٗم جلدی كھین نیبر ۔ بہٕ چھس نہٕ زانٛہہ تہ باسمتہِ  توٚمٗل میسس منٛز دوبارٕ کھیوٚن یژھان۔
6429,پنٕنۍ خالص ماہانہ آمدٔنی لِیٖکِھیو  تہٕ پننٕہِ  تمام ضروری خرچہٕ تہِ  ۔
6430,ہوڈ گُزریو 26 مئی 2019 ہس منٛز 74 ؤریہہ  وٲنٛسہ منٛز۔
6431,"24 جوُن  مٲرِ تمو  قبرستانَس منٛز 300 کھۄتہٕ زِیٛادٕ لُکھ ۔
"
6432,کیٚرلاہس منٛز چُھ اتھ سنٛکرانتی یا مَکر سنٛکرانتی ونٛنہٕ یِوان۔
6433,امہِ واقعہٕ کہِ وجہ سۭتۍ گو وینڈی یَس منٛز فروخت کم۔
6434,تمہِ  چھٗ 2005 ژس منٛز ایمی ایوارڈ تہٕ  2011 ہس منٛز سیٹرن ایوارڈ زیوُنمٗت۔
6435,ٹِریس عنصر-اکھ ٹریس عنصر چُھ صرف أکِس لۄکٹس مٮ۪قدارس منٛز موجود۔
6436,"شُمٲلی قٗراے عرض پیٹھٕكہِ  واریاہ سوار چھِ مٗقابہٕ یا تربِیتہٕ باپتھ   ونٛدٕ آسٹریلیا ہِوین مُلکَن منٛز  گُزاران۔
"
6437,2006 پٮ۪ٹھٕہٕ چُھ یہ شو کرسٹی ینگ  پیش کران ۔
6438,"رحمانن کوٚر جنوٗبی ہندوستٲنۍ فلمَن منٛز 7.1 سراوُنڈ ساؤنڈ ٹیکنالوجی مُتعٲرف۔
"
6439,بحری جہاز چِھ دور مشرق تہٕ یہنٛزن باقٕی جاین پٮ۪ٹھ واریاہ مصنوعات اسرائیلس منٛز انان ۔
6440,"شامَس دُکانس یا ٹکٹ آفسَس نِش گٲڈۍ چلاوٕنۍ تہِ چھِ دانشمندی زِ کٲتیاہ لوٗکھ چھِ گۄڈَے لٲنہِ منٛز کھڑا ۔
"
6441,ییلہِ  سیٹھاہ کم گولہٕ بارود  بچوو ، بہادُر تہٕ  “تمۍ سٕندۍ کینہہ ہتھ پٲروکار ژٔلۍ“۔
6442,"سٹینلے کپ چھُ شُمٲلی امریکی آئس ہاکی ہُنٛد ساروِی کھۄتہٕ اَہَم مُقابلہٕ۔
"
6443,تہنٛد مٲلۍ ماجہِ کٔر واریاہَن اہَم آزٲدی پسندن تہٕ دٲنِش وَرن یتھ کنۍ زن مہادیو گوٚوِند راناڈے، گوپال کرشنا گوکھلے، تہٕ رمابائی راناڈے، تہٕ اینی بیسنٹ ہِوی زَنانہٕ لیڈرن سۭتۍ دوستی۔
6444,یو٘تام  حفاظتُک تعلق چُھ، ہیرِمہِ برداشت كرنہٕ ینہٕ واجینہِ سطح (یوُ ایلز ) تہِ آیہٕ قٲئم کرنہٕ۔
6445,کھپارا کوڈیاہَس آو پتہٕ کھننہٕ سۭتۍ نقصان واتناونہٕ، تہٕ وۄنۍ چھِ صرف ساروِی کھۄتہٕ تھٕز دلیٖل باقٕی۔
6446,وننہٕ چُھ یوان زِ ٹرنیڈیڈین فٹ بالر ڈوائٹ یارک اوس پننِہِ یا  کرکٹنگ لیجنڈ برائن لارا سندِ  کھوتہٕ بیکم سنٛدِس انتخابسۭ پیٹھ ناراض ۔
6447,عراقی دینار عراقی دینار چھٗ عراقٗك زر ۔
6448,سروِس  چِھ دوٛن کِھلٲڑِیَن تا ٹیٖمَن درمِیان اكھ اكِس پتہٕ آسان ۔ 
6449,امہ سۭتہِ ہیکو تُوہہِ  تِم کھینہٕ چیز تہٕ مشروبات مۄلہِ ہینہِ  شروٗع کٔرتھ یم کٕنٛنہٕ یوان چِھ تہٕ خراب  گژھن وٲلہ چھِنہٕ ۔
6450,پلوٹارکن دِژ خبر زِ  چندر گپت موریہ ہس سپُد مُلاقات سکندر اعظم ستۍ یۅسہٕ لگ بگ شمال مغربس منٛز ٹیکسلاہس  آس پاس سپٕز۔ 
6451,یہِ ٲسۍ صِرف خسرو سٕنٛز صلاحیت ییٚمہ سۭتۍ یِمَن لفظن تِژھ ترتیب میج زِ  کیٚنہہ معنی تہ دراو۔
6452,"عام طور  چُھ پرٛتھ کمپنی ہُنٛد اکھ نمایندٕ یُس أکِس علاقَس منٛز کٲم کران چھُ۔
"
6453,یہٕ چھِ پی این ایسس منٛز شوان خلییہِ ، تہٕ سی این ایسس منز  اولیگوڈیٚنڈروسائٹس بناوان ۔
6454,تانی اورتنم  حوالہٕ چھُ توسیعی كٗن   یُس أکِس گٮ۪وَن محفِلہِ منٛز تھالٕج واین وٲلہِ وایان چھِ ۔ 
6455,وقتَس سۭتۍ چھُکھ گینداے جُجُتسو پورٕ دنیاہَس منٛز قانون نافذ کرَن والیو حاکِمَو قبول کوٚرمُت تہٕ چھُ پولیس کہِ ذریعہٕ اِستعمال کرمٕتین وارہاہن خصوصی نظامَن ہٕنٛز بُنیاد۔
6456,وقتس  گٗزرنس سٔتہِ ، گو یہِ اكھ خراب خیال شٲبِت ۔ 
6457,یہِ چُھ ہیندِ مندرس منٛز یا اتھ نزدیك ہاونہٕ  آمُت، تہٕ سٹیج چُھ کاسٹر تیل سٕتہِ دزن واجینیو مشٲلیو٘   سۭتہِ روشن  کرنہٕ یِوان ۔
6458,ترٛیٚشوے موسیقار ٲسۍ تروورورس منٛز زآمٕتۍ، یس گۄڈٕ تامل ناڈو کس تنجاور ضلعک حصہٕ اوس۔
6459,اتھ ڈیلٹا گانٛٹ  چھُ  لگام بدلہ دُتارٕ بدلہ نم آسان۔
6460,امہ علاوٕ ، یہ دٲیرٕ اُوس نہٕ مٗسلسل: اَمِہ خٕطٕکہِ واریاہ علاقہٕ روٗدِ جمع کَرن والِین  شِکٲرِ تہٕ باقٕی قبیلٲیی برادرِین  ہنٛدِس اختیارس تل ۔
6461,"کُنہِ کُنہِ ساتہٕ چُھ اکھ کھلٲڑۍ لِبرو سُنٛد کِردار تہِ نِباوان۔
"
6462,جاپان، کیوُبا، سپین تہٕ اٹلی منٛز چھ ہاسیکورا سٕنٛدِ مٗجسمہٕ۔
6463,اتھ ریاستس منز چھ رشوت خوری اکھ بوٚڑ مسلہٕ یتھ منز ٹرانسپیرنسی انٹرنیشنلن اتھ ہندستان کین ریاستن منز دویم ساروٕے کھوتہٕ زیادٕ رشوت خوری ہند درجہٕ چھ دیتمت۔
6464,ایگلنگ ایگلنگ چھ جرمنی کس باویریا کس لینڈس برگس منٛز اکھ بلدیہ ۔
6465,"وِسایا چھِ فلپائن کِس مرکٔزی حصَس منٛز جٔزیٖرن ہٕنٛز اکھ جماعت۔
"
6466,پوشاکن ہنٛدین رنگن منٛز چھِ خاموش رٲبطٕكہِ ہِوی برادری دٕسہِ تسلیم  شُدٕ اِشارٕ ۔
6467,2017 ہس منٛز آو ، کوکریٚن  جٲیزس منٛز یہٕ لبنہٕ ز لگاتار کمرٕچ دگہ خٲطرٕ بناونہٕ آمتیٚن یوگا مداخلتٔو کو٘ر شیٚن ریتن ہٕنٛدس نشانٛس پیٚٹھ کامہِ منٛز اضافہٕ، تہٕ 3-4 ریتو پتہٕ گٔیہ دٔگہ منٛز  معموٗلی کٔمی۔
6468,کرٛیڈٹ کارڈٕ بجایہ نِیو٘ پانس سٕتہِ نقٕد رقم یٗس توہہِ خرچنٗك منصوُبہٕ بناوان چھِو ۔ 
6469,تمو دژ پٔتمِس فاینلس منٛز مانچسٹر سٹی شکست۔
6470,نوِ  ؤریہ یٗك   تیوہار چھُ علاقٲیی طور مُختٔلف ناوو سٕتہِ زاننہٕ یوان ۔
6471,اگر تہۍ ییٚتہ نیرنہٕ تہٕ پنٕنۍ ذمہٕ دٲری ترک کرنہٕ خٲطرٕ رضامند  چھو، تیٚلہ چھنہٕ ییٚتہ تہنٛد کامہ ہنٛد تجربہٕ کانٛہہ مطلب تھاوان۔
6472,واریاہ مختلف ملکو  چھ اتھ سرزمینس پیٹھ حکومت کرمژ یتھ وۄنۍ اریٹیریا ونان چھ۔
6473,"آن لائن شطرنج چھُ شطرنج یُس اِنٹرنیٹس پٮ۪ٹھ گِنٛدنہٕ چھُ یِوان، ییٚمہِ سۭتۍ کھلٲڑۍ اصلی وقتس منٛز اَکھ أکِس خٕلاف گِنٛدِتھ ہیکان چِھ۔ 
"
6474,یِتھ پٲٹھۍ چھُ یِمن کاپین منٛز  سکرینس پٮ۪ٹھٕ اکھ بوٚڑ  وقتہِ اشارٕ۔
6475,امریکن سائیکاٹرک ایسوسیشنن کٔر درخواست ز ڈی ایس ایم-5 بحثس سۭتۍ کتھ پأٹھۍ ییہٕ امہ بیمار ہندۍ اصطلاح تبدیل کرنہٕ۔
6476,رومیرو چھٗ فنکار ٹام ساوِنی یس سۭتہِ میک اپ تہٕ خصوصی اثرات پٲدٕ كرنس منٛز تہِ مدتھ کران ۔
6477,زیریں کورٹن دِیُت فٲصلہٕ زِ سپرم ڈونر جوئل میک کیرننس پیوٚو شُرین امداد ادا کرُن۔
6478,تمام جنوبی ہندوستٲنی ریاستن منز چھِ ہچھنٕک متن تہٕ مشقہٕ کم و بیش ہِوِی۔
6479,حٲصل کوٚرمت ہیٹروکرومیا چُھ عموٗمن زخٕمہ، وۄرُم، ٲچھن ہٕنٛدۍ کیٚنٛہہ ڈراپ استعمال کرنہٕ سۭتۍ گژھان ییٚمہ سۭتۍ آئیرس یا ٹیومرس نقصان چُھ گژھان۔
6480,"لۄکھ چھِ دوستن تہٕ رِشتہٕ دارن (خاص پٲٹھۍ تِہنٛزِ بیٚنہِ تہٕ کورِ) خاص تہوارٕ کہِ کھینہٕ خٲطرٕ (یَتھ ""سنکرانت بھوج"" ونان چھِ) پننِس گَرَس منٛز دعوت دِوان۔"
6481,نِناے چُھ گُجراتس منٛز رِیٲستی شاہراہ 163 پیٚٹھٕ دوٗر واقع۔
6482,زیکا اے ایٚجپٹاے ہُک عامی سطحس پیٹھ پھہلنٗك  سارِویہ کھۄتہٕ زیٛادٕ وننہٕ ینہٕ وول کیریر چھُ عالمی  تجارت  تہٕ سفرٕ ۔
6483,زیٛادٕ تر کورین خٲطرٕ چھ تہنٛز ماہواری درمیان وقت تقریباً اکھ رؠتس تام آسان۔
6484,فیفا  صدر سیپ بلیٹرس سۭتہِ  وُچھ بیکمن زنانن ہٗنٛد انڈر 17 ورلڈ کپُک فاینل یتھ منٛز جنوُبی کوریاہن  کپ زینٛنہٕ باپت جاپانس شِکست دیوُت ۔
6485,اتہِ چھٗ  قبیٖلہٕ کٮ۪ن لوٗکَن باپتھ بنٛوٚومُت اَکہِ قٕسمُک بُنیٲدی پرائمری سکوٗل، یٗس  طالبہِ علمَن  ٹرانسفر سرفٹکٹ فراہم کٔرِتھ چھِ ہٮ۪کان۔
6486,بَچاو کَرن وٲلہِ ہٮ۪کَن نہٕ 8 میٹر فینَس انٛدَر 3 سیکنڈو کھۄتہٕ زِیٛادٕ وقتَس تام کھڑا گژھِتھ ییٚمہِ جارحانہ کھلٲڑِ نِش تِم حفاظت کران چھِ۔
6487,"اے یوگی، نانک چھُنہٕ پَزِ ورٲے کیٚنٛہہ تہِ ونان۔
"
6488,"کیوٗب ہیٚکہ 2x2، 4x4، یا بڑین ورجنَن منٛز بناونہ یِتھ۔
"
6489,مدورائی منٛز میناکشی امان مندر تہٕ ترونیل ویلی منٛز نیلیاپر مندر ہی مندر چھِ پانڈین مندر فن تعمیرچ بہترین مثال۔
6490,دریاون  چھ منٛز نکاسی ہنٛد ہلکہٕ میلان، خاص طور جنوبس  منز۔
6491,بیٚیہ ورۍیہ کوٚر نوجوان این اے اے سی پی ارکانن ملواکی منز تہ یی ۔
6492,پرٛیتھ ٹیم چھٗ کورٹس منٛز بال پاس کٔرتھ تہٕ أمہِ كِس گول  رنگس منز لگٲوِتھ گول سكور کرنٕچ کوُشش کران۔
6493, اگر تۄہہ نش اکھ لۄکٹ پورٹ فولیو آسہ، تیٚلہ پزن نہٕ تۄہہ 1% کھۄتہٕ زیٛادٕ اثاثہٕ زیر انتظام (اے یو ایم) ادا کرٕنۍ۔
6494,نتیجن كھینٕچ  ضروُرت گژھہِ زیادٕ پٲداوار تہٕ فصلن ہٕنٛز بہتر حفاظتہٕ سۭتہِ تسلا بخش كرنہٕ یِنہِ ، یمن دوشونی باپت   تقریباً 140 ملین ہیکٹر زٔمیٖنس  مُنٲسِب آبپاشی ہٕنٛز ضروٗرت چھے٘ ۔
6495,اتہِ چِھ واریاہ جھڈی بوُٹی، کُلہِ  کٔٹہِ، کٔنٛڑۍ دۄپھ، کُلۍ ذٲژ، وٖلمنہِ كھسن وٲلہِ كٗلہِ وَغۭیر ۔
6496,اگر خریدٲری منٛز کانٛہہ تیتھ چیز شٲمل آسہ یتھ عام طور وقتس سۭتۍ قیمتس کھسان آسہ، تیٚلہ چھ یہ اصل قرض۔
6497,اَمِہ پتہٕ دِژ تٔمہِ جنوب مشرقی دَکِنَس منٛز وِشنوکنڈَنس شِکس ۔ 
6498,یہ اوس کٲفی پریشان کرن وول ییٚلہ نوجوان گلوکارن سٹیج پرفارمنس پوٗرٕ کرنہٕ پتہٕ پننس موسیقی ہندس استادس کٲفی احترام کوٚر نہٕ۔
6499,ونکٮ۪ن چھ قطر امریکہ کس مقابلس منٛز زیٛادٕہ ہیلیم فراہم کران۔
6500,یہِ چھٗ مٗفید ، تِکیازِ أسہِ چھے٘ اکھ تصویر کمپریس کرٕنہِ ۔
6501,تِمن ٲسہِ  زٕ شُرِ: ڈیوِڈ سِمِتھ تہٕ کیٹ سِمِتھ ۔
6502,"مو٘غلن ، افغانن، سِکھن تہٕ ڈوگرن ہِنٛدِ دورِ حُکوٗمتہٕ پتہٕ چُھ اَمہِ جایہِ ""کٔشیٖرِ ہِنٛدِس تاجس منٛز جوٲہر"" خٕطاب حٲصِل کوٚرمُت۔"
6503,تِم چھِ  پنِنہِ لۄکچہِ کورِ ہٕنٛز نِشٲنہِ  لندنس منٛز پرِمٕتِس  تھدِس تنخواہدار  انجینرس سۭتہِ كرنٕچہِ كوُشِش كران ۔ 
6504,سُہ بنیو بیرسٹر، آو ہندوستان واپس، الہ آباد ہائی کوٹس منز کوٚرُن دٲخلہٕ تہٕ وارٕ وار کٔرن قومی سیاستس منز دلچسپی نینۍ شروع، یُس ٲخٕر کار تہنٛد روزگار بنیو۔
6505,خأرشہِ سۭتۍ لاگدار جانورن چھ سخٕت خأرش تہٕ ثانوی ژمہ ہنٛدِ انفیکشن گژھان۔
6506,پایروٹ چھ ریڈیو، سکرین، فلمن تہٕ ٹیلی ویژنس پٮ۪ٹھ ہاونہٕ آمت۔
6507,جین مندر، کنڈل پور چھُ شین جین مندرن ہُنٛد اکھ کمپلیکس یُس بِہار کِس نالنداہَس نزدیک کنڈل پوٗر گامَس منٛز واقع چھُ۔
6508,تۄہہ یوٗتاہ زیادٕ بچت آسہ، مٲلی مشکلن ہنٛدس صورتس منٛز چھ تۄہہ تیوٗت زیادٕ بچاو۔
6509,سبزی خور چھ سبزی، مٮ۪وٕ، گوجہ دار میوٕ، ہٮ۪مبہٕ تہٕ دانہ کھٮ۪وان۔
6510,پنٛنِس گۄڈنِکِس عالمی چیمپِین شِپس تانہِ واتان واتان ٲٹھِ لٹہِ زینٛنہٕ تہٕ12 بَرابر میچو سان ہوٗر نہٕ أمہِ پوٗرٕ ٹورنامینٹس  منٛز زانٛہہ تہِ۔
6511,4 جنوری 2014 ہس منز آو بش ہسپتالہٕ پیٹھہٕ رہا کرنہٕ۔
6512,بہ گوس  یہ شیچھ بوٗزتھ  خوفزدہ ز کارٕبار بند گژھنک ذمہٕ دار چھس بٕے ماننہٕ یوان۔
6513,"نیلی چُھ یہٕ کنہہ مشکوک سمجھان مگر چُھ بہٕ خاموش۔

"
6514,"قرض ادا کرنَس منٛز مَہ ہٲوِو یوتاہ جنوُن زِ تۄہہِ روزِ نہٕ بڈس تصویرس پیٹھ نظرٕے۔
"
6515,زٕ کھلٲڑۍ تہٕ ژور کھلٲڑۍ ٹیمو سۭتۍ چِھ اکثر امی فارمیٹٕچ پیروی کران ۔
6516,یہِ چُھ میٹلاکس منٛز کارکُنَن خٲطرٕ اکھ مسافر شہر ۔
6517,تٔمہِ سٕندِ بودھ مَتَس فروغ دنہٕ سٕتہِ چُھ ہندوستان چِہ آبٲدی منز بودھ فلسفس منز دلچسپی دُبارٕ پٲدٕ كٕرمٕژ۔
6518,تٔمہِ چُھ 1975 تھس منٛز نوشاد سٕنٛدِ خٲطرٕ آشا بھوسلے  سۭتہِ اکھ دُ گانہٕ “ہٮ۪لو ہٮ۪لو کیٛا ہال ہے“ تہِ رِکارڈ کوٚرمُت یُس فِلِم سُنیٚہرا سنٛسار خٲطرٕ کِشور سُنٛد وٲحِد بٲتھ اوس۔ 
6519,"  1963 کِس سیزنَس منٛز آو انگلستانس منٛز لِسٹ اے بطور   ناک آؤٹ کپ مُتعارُف کرنہٕ یتھ منز  فرسٹ کٕلاس کاونٹی کلبَو مٗقابلہٕ  كو٘ر ۔
"
6520,پرٛیتھ علاقس چھُ پنٗن بِشاپ آسان یُس صرف تَمہ ضِلٗك  ذِمہٕ وار آسان چھٗ ۔
6521,سَتھ بنیٲدی تال گروٚہ چھِ یِم لغو، دھرتم تہٕ انودرتم سۭتۍ بناونہٕ چھِ یِوان:
6522,یہٕ چُھ کولٹن بیک نٲوِ أکس لۄكچہِ جو٘یہِ نزدیٖک بناونہٕ آمُت ۔
6523,یہ ٹیم گیٚونٛد برٹش کولمبیا یونیورسٹی طرفہٕ ۔
6524,سو٘ن چھٗ سکہٕ ایجاد گژھنہٕ پیٹھہٕ  استعمال كرنہٕ آمٗت ۔
6525,ریرین کٔر ہیویرفورڈ کالج تہٕ ایڈنبراہ یوٗنیورسٹی منٛز تعلیم حٲصل ۔
6526,"كچی پٗڈی یَس  چھے٘ واریاہ علاقٲیی بانی (طرز)، یِمہٕ  گُروُ ہن (وۄستادَن) ہٕنٛزِ  انفرادیت تہٕ تخلیقی صلاحیتہٕ کِنہِ بنییہِ ۔
"
6527,'وارانسی' ناو چھ دۄن دریاون، ورونا تہٕ آسی ہٕنٛد ناو پیٹھٕ درٛامت۔
6528,دویمس عالمی جنگس دوران اوس سُہ جنرل ۔
6529,اَمہِ پتہٕ آیہِ  2019 ہَس منٛز مردانی 2 ناوٕ امِچ مزید صوُرت ۔
6530,ایلیفینٹ فیسٹول چھٗ جے پور شہرس منٛز سیٹھاہ  مقبوُل  تہٕ مناونہٕ ینہٕ والیو٘ تقریبو منزٕ اكھ ماننہٕ یوان ۔ 
6531,"کینٛہہ قٕسٕم چھِ سستہٕ دُکانَن منٛز ظٲہِر گژھَان یِم پرٛٲنہِ یا ژھینِمٕتہِ  باسان چھِ۔
"
6532,لکشمن راو پنڈت تہٕ تٔمۍ سٕنٛز کوٗر ودوشی میتا پنڈت، گوالیار گرانٕچ پنڈتا مالنی راجورکر تہٕ شاشوتی منڈل، رام پور-سہسون گرانٕچ شانو کھرانہ، محترمہ۔
6533,مدراس کس میئرلٹی سند دفتر آو 1688  منز قٲیم کرنہٕ۔
6534,یہِ علاقہٕ آو پتہٕ سیمبہِ سِتہِ بھرنہٕ لہاذا گو یہِ اكِس موسمی نٖنہٕ ڈیمبس منز تبدیل ۔ 
6535,ییلہِ چوكس آسہِ ،کنہٕ پِیو٘ت  گلہِ نزدیٖک آسان ۔
6536,اَتھ جایہِ چھِ زٕ سیرِ ٹیلہٕ، یِمَن منٛز سیرین ہٕنٛدِ مندرُک کٔن  چھِ۔
6537,یہٕ چھ میکسیکو کس سرحدس پیٹھ نوگلس پیٹھہٕ شمالس منٛز ٹکسنس تام پکان ۔
6538,کٗنہِ تہِ نوکری باپتھ دِیو درخاست ییمہِ باپت تو٘ہہِ صلٲحیت چھوٕ ،تہٕ مٗمِكہٕ ییژاہن نوكرین باپت دِتھ ہیكِو ۔ 
6539,"29 ستمبر 2010  کوٚر نینٹینڈوہن وائی رِموٹ پلس کنٹرولرٗک اعلان۔
 
"
6540,کھلٲڑۍ پننین مخٲلفن بے عزتی کران وٗچھن چھ مایوس کن۔
6541,اَمہِ پتہٕ چھُ ڈاکٹر كانہہ  ٹِنُیول، یٕڈ  ہٕٗنٛدِ پھٔہلاؤ، یا دو٘ب وٗچھنہٕ خٲطرٕ تٗہنزِ یٕڈ ہنزِ شكلہِ ہٗند مٗعینہٕ كران ۔
6542,15ہِمہِ صٔدی منٛز مُغل سلطنتٕچ بُنیاد ترٛاون وٲلہِ  بابرَن کٔر امِچہِ ہردِلعزیزی پۄختہٕ پٲٹھہِ  قٲیِم۔ 
6543,ٹکنا سومیاجی یَن لیوٚکھ نرواچانوتر رامائنمو تہٕ  آندھرا مہابھارتمو ۔ 
6544,اےٚ ہسٹری آف گریک فایر اینڈ گن پاؤڈرس منز کٔر جیمز رڈک پارٹنگٹانن ہندوستٲنی راکٹ تہٕ دھماکہ خیز بارودی سرنگہٕ بیان۔
6545,یہ چھ سکولن منٛز گنٛدنہٕ ینہٕ والؠن دۄن مشہوٗر رٮ۪وٲیتی ٹیگ گیمن منٛز اکھ، دوٚیم چھےٚ کبڈی۔
6546,تمۍ پوٚر ڈارٹماوتھ کالجس منز تہ یونیورسٹی آف کیلفورنیا لاس انجلز یونیورسٹی منز۔
6547,"جانسن سٕندۍ طرفہٕ اوباما ہَس پیٹھ نسل پرستانہ تبصرٕ کرنہٕ پتہٕ ٲسۍ براک اوباما ہَن جانسنس پیٹھ تنقیدکوٚرمت۔
"
6548,تریلوک تیرتھ دھام چھُ بڈا گاوں، باغپت، اتر پردیشس منز، ہندوستانُک اکھ جین مندر۔
6549,"2010 چہ مردم شماری وِزِ ٲس شہرٕچ آبٲدی 3,754 ۔"
6550,ایمان چھ شمٲلی امریکہس منٛز  گوڑنچ کرہنۍ سپر ماڈل مانٛنہٕ یوان۔
6551,انگریزو کٔر 1818 پیٹھٕ 1947 تام مہاراشٹرا علاقس پیٹھ حکومت تہٕ کوٚرُکھ امہ علاقہٕ کین لکن ہنزِ زندگی  ہنٛد پریتھ کانٛہہ پہلو متٲثر۔
6552,سہ چھ 2021 پیٹھ نیو میکسیکو پیٹھ جونیر یونایٹڈ سٹیٹس سینیٹر۔
6553,2000 سَس منٛز آو سہ جاپان واپس تہٕ گوٚو جے 2 لیگ کلب شونان بیلمایرس منٛز شٲمل۔
6554,پروسوپگنوسیاہس برعکس چھ برتر شکلن ہنٛز شناختچ صلاحیت۔
6555,ؤری وادو پٮ۪ٹھ اوس ساینسدانن ہُنٛد خیال زِ پرٕ  أنٛدرمن چھِنہٕ کانٛہہ کٲم تہٕ تِم روٗدۍ حٲران گژھان زِ یہِ کیازِ اوس اِنسٲنی جسمس منٛز موجود۔ 
6556,"قومی پارکہِ ہِنٛدین نباتاتَن منٛز چھِ خاص پٲٹھۍ سال، ٹیٖک، ٹینڈو، آنلا، مہوا، بیل، بٲنس تہٕ مختلف قٕسمٕکۍ گاسہٕ تہٕ دوا کُلۍ۔
"
6557,لیٹنٹ سفلسس منٛز، یٗس ؤری وادن جٲری روُزِتھ ہیكہِ  ، چھِ کم یا كانہہ تہِ  علامت نہؓ آسان ۔ 
6558,"امہ اعتبارٕ  ٲسۍ وید ساسہٕ بٔدۍ ؤری برٛونٛہہ سَتو رِشِیو قبول کٔرمٕتۍ۔
"
6559,ٲخری صبحس آیہ کہن نفرن ہنٛز لاشہ جموں و کشمیر، پنجاب تہٕ راجستھان سوزنہٕ۔
6560,باقی شگر چھ پتہٕ کاربونک ایسڈ بنان ۔
6561,اتراکھنڈٕکیو پانٛژو منزٕ ژور حصو کھۄتہٕ زیٛادٕ بسکین چھ ہندو۔
6562,انٹرسٹیٹ 65 انٹرسٹیٹ چھ امریکاہس منز اکھ انٹرسٹیٹ ہائی وے ۔
6563,تٔمہِ  تھٕوٚ علاؤالدینس پٮ۪ٹھ پوٗرٕ نظر تہٕ کٔرٕن امِس سۭتۍ پننہٕ کوٗرِ ہنٛدس روغردان وتیرس حوصلہٕ اَفزٲیی۔
6564,اَمِہ مزید چھٗنہٕ  پُرانن منٛز درج کینٛژن  بادشاہن ہٕٗند تصدیق آثارِ قدیمہٕ تہٕ عدٲدی ثبوُتَو ذٔریعہٕ گژھان ۔ 
6565,ُسہُ مُود بیل ویلس منٛز نمونیاہ سۭتۍ، 94 وری برونٹھۍ۔
6566,امہ بؠمار ہنٛد عٮ۪لاج ہیٚکہ سکیزوفرینیاہٕکۍ پٲٹھۍ کرنہٕ یتھ۔
6567,اکھ جرمن سائنسدان چُھ یہٕ نظریہٕ پیش کران زِ مِنہِ مۄنڈك چھِ یِہندِ جگر كھینہٕ باپت كاوو دٕسہِ  خوفزدہ کرنہٕ یوان۔
6568, پننہ اقتدار کس بہمس وریس دوران چھُ کھارویلاہن شونگا سلطنتس سۭتۍ لوٚڈمت تہٕ  چھُن شہنشاہ برہسپتیمترا ہس شکست دیُتمت ، یس پشیامترا شونگا ونان چھ  ۔
6569,باسان چھٗ زِ رود انہِ شہرس وارِیاہ سہلاب ۔ 
6570,ہندوستانَس منٛز چھِ آندھرا پردیش، گجرات تہٕ اوڈیشہَ ہس منٛز تقریباً 17 ٹریلین کیوبک فٹ قدرتی گیس موٗجوٗد۔
6571,امیک حساب چھ تمہ وز یوان لگاونہٕ ییٚلہ لندنس منٛز بٔڑۍ بینک پنن سودٕچ شرح جمع کران چھ ۔
6572,یٗتھٗے گرٛزونِس دریاوس نِش واتان چھِ ،دِل چھٗ بیہ سٕتۍ تیز دوان ۔ 
6573,"تقریٖبہِ ہُنٛد احتمام اوس سانتا باربَراہس منٛز مُقیٖم، والی بال رِسالٕکہِ  ڈیوِڈ وِلکن کوٚرمُت۔
"
6574,تٔمہِ سُنٛد اکہِ ؤرِیُک محادٕ  آو بڑاونہٕ تہٕ گِندِن ایس سی ہِیرینویٖن باپتھ ترےٚ سیزن۔
6575,ہکاس ہکاس چھٗ سویڈن کس جیمٹ لینڈ کاؤنٹی منٛز برگ میونسپلٹی منٛز اکھ علاقہٕ ۔
6576,25 اپریل 2013 دوہ گو٘  برامل ہاوس آف لارڈس منزٕ نوكری نِشہِ  سبکدوش۔
6577,اتچ معیشت چھے بنیٲدی طور زراعت، جنٛگلات، کاٹیج تہٕ تجارتس پیٹھ مبنی۔
6578,واریاہ خطرٕ وٲلۍ عوٲمل چھ یم کٲنٛسہ نفرس سکیزوفرینیا پٲدٕ کرنک سبب بٔنتھ چھ ہٮ۪کان۔
6579,یِہ اوس مُکمَل پٲٹھہِ  تہٕ  ینہٕ والن ہنٛدِ استعمالٕہ خاطرٕ نصب کرنہٕ آمٗت ۔
6580,"اکھ چھِٹل سٕہہ اوس پہرمپ، نیواڈاہَس منٛز غیر مُلکی جانورَن ہٕنٛدِس مٲلِک، سینڈی آلمینَس نِش اوٚنٛگجہِ ہُنٛد کینٛہہ حصہٕ ژ ٚوٹمُت۔
"
6581,تٔمۍ چِھ 1958 پٮ۪ٹھ 1969 تام کلب یونیورسیڈاڈ ڈی چلی خٲطرٕ تہ  گِنٛدمُت۔
6582,نایکیاہٕچ گوڈنِک کونسلن (325) کرۍ صرف زٕ قاعدٕہ قائم، یعنی عبرٲنی کیلینڈر نش آزادی تہٕ دنٛیاہس منٛز یکسانیت۔
6583,ژٕ کیاز چھکھ یوٗت سٗست تہٕ بہتھ میچ وٗچھان؟ ژٕ کیاز چھِکھ نہٕ نیبر نیران تہٕ گِندان؟
6584,"انوپریا کپور انوپریا کپور چھ اکھ بھارتی ٹیلی ویژن اداکارہ دہلی

"
6585,ووڈنہِ گو٘، کیٛازِکہِ لَتا مَنٛگیشکر ٲس نہٕ شہرس منٛز تہٕ سٔلیٖل چودھریٖیَس پیوٚو تٔمہِ سٕنٛدِ یِنہٕ برٛونٛہٕے بٲتھ رِکارڑ کرُن، کُمارن كو٘ر بٲت مرٕد تہٕ زنان دۄشوٕنی  آوازن منٛز پانَے    گیوِتھ  مسلَے حل۔ 
6586,یہ چھ باقٕے بیمار لوٗکن ہٕنٛدس مقابلس منٛز نوجوان زنانن منٛز زیٛادٕ سپدان۔
6587,دۄشوٕنی ثقافتن منٛز ڈانس اداکارن ہنٛز تربیت تہٕ شروعاتس منٛز چُھ واریاہ ہِشر۔
6588,پنٛنس نیٚچوِس ؤنِو٘ یِتھہٕ كٕنہِ دخل دِیوٗن بند كرٗن ۔ یہِ چھٗ كھران ۔ 
6589,"ولسن ڈیم: پروارا دٔریاوَس ارٕ ورٕ  1910 منٛز بنٛوٚومُت، ولسن ڈیم چھُ سطح سمنٛدر پٮ۪ٹھٕ 150 میٹر کِس تھزرَس پٮ۪ٹھ واقعہٕ۔
"
6590,سٹارَو کٔرشارک گۄڈٕنِکِس او ٹی یَس منٛز  18-11  سۭتۍ پَتھ۔
6591,"مثال پٲٹھۍ کٔرِو یہِ اگر تُہۍ اکھ پریس رِلیز جمع کرُن یژھان چھِو۔
"
6592,1974 تُھک فیفا ورلڈ کپ سَپُد مغربی جرمنی منٛز۔
6593,"گیوُن تہٕ موسیقی ہٕنٛدۍ رواج چھِ یِتھۍ پٲٹھۍ ہندو مہاکاوی: راماین تہٕ مہابھارت خٲطرٕ آسٲمی کورس گیونہ کس روایتَس سۭتۍ لبنہٕ آمتۍ۔
"
6594,یِم ہارمون چِھ بچہ دانۍ فرٹیلائزڈ ٹھول حٲصل کرنہٕ تہٕ امہِ کِس نشوونماہس کنٹرول کرنہٕ خٲطرٕ تیار کران۔
6595,تِم وٲتہِ 30 اپریل جبرالٹر تہٕ دراے شمالَس کُن۔
6596,میزورمچہِ آبٲدی ہنز اكثرِیت چھے٘ وارِیاہن لِسٲنی طبقن پیٹھ مشتمِل یِم ثقافتی یا زبٲنہِ ہندِ لحاظٕ رلِتھ چھِ ۔  
6597,مگر ویرکوڈاراہَس خلاف لڑایہِ منٛز موٗد پرابو باکا تہٕ سٲری لوٗکھ گٔیہِ خۄش تِکیٛازِ تِہُنٛد رازٕ یَس اِنسانن ہُنٛد شِکار کرُن پسند اوس کران اوس موٗدمُت۔
6598,اکھ مرکز چھ بافن جزیرس نزدیک تہٕ بیاکھ چھ شمال مشرقی سایبیریاہس منٛز۔
6599,"زرد تپھ خٕلاف چھُ اکھ محفوٗظ تہٕ اثر دار ویکسیٖن موُجوُد، تہٕ کینٛژن مُلکَن  چھِ مُسافِرن ہندِ  ویکسِنیشنٕچ  ضروٗرت ۔
"
6600,عٲلِمن ہند خیال چھ ز کیرالہ پتر چھ چیراہن ہند اکھ متبادل ناو، یس کیرالہ پیٹھ حکوٗمت کرن وول گۄڈنِیُک با اثر خاندان اوس، تہٕ امچ رازدٲنی ٲس کَرورس منز۔
6601,رٗدر سٕنٛز سرگرمی چھےٚ پُلیٖس کٔمشنر سندِس خشمس داعوت دِوان، یس رٗدراہس قوبو کرنٕچ کوُشش کران چھُ مگر یہِ چھُ بیكار گژھان ۔
6602,دکن ہیرالڈٕکۍ روکتم راجپالن دِژ شیرنی 2.5/5 ریٹنٛگ تہٕ لیوکھُن شیرنی چھُ اکھ مخلص تہٕ فکر انٛگیز ڈرامہ یُس حقیقت پسندانہ سنیما کین شوقینن ہنز منگ پورٕ کران چھُ۔
6603,سیرمس منٛز لبنہٕ ینہٕ والین ترٛین بڑین گروٗپن منٛز چھِ کمپلیمنٹ، پینٹراکسن تہٕ اینٹی باڈیز شٲمل۔
6604,واریاہ کَتھ باتھِ تہٕ مشورٕ  پتہٕ، تہٕ ہِنٛدُستٲنۍ فوجہٕ دٔسۍ حملو پتہٕ، خانن کوٚر پٲکِستٲنہِ فوجُیین ہٗند  زوٗو بچاونہٕ خٲطرٕ جنٛگ بنٛد کرنُک فٲصلہٕ۔
6605,تاہم، ڈایفگرام ہیٚکہ اکہ کھۄتہٕ زیٛادٕ لٹہ استعمال کرنہٕ یتھ۔
6606,دٔریایہِ سِنٛدھ چُھ یَپٲر کِنہِ نیران تہٕ چُھ تراوٹ  تہٕ مہاشیٖرو ستہ بٔرِتھ ۔ 
6607,یم چھ گراہم کریکر، چاکلیٹ تہٕ مارش میلو استعمال کٔرتھ بناونہٕ یوان۔
6608,"یہٕ مرکزی عمارت چِھ دوبارٕ تعمیر کرنہٕ آمٕژ، مگر ٹاور آو 1530منٛز بناونہٕ ۔
"
6609,1990منز کر تمۍ پنٕنہِ بیاکھ ناول شایع ، دِ ورلڈ آف ناگ راج ، یِتہِ ٲس مال گُڈی منز وننہٕ آمٕژ۔ 
6610,تٔمہِ كٕرِ ہِ واریاہ عمارَژٕ كھڈا،  یِمن منز مسجِدٕ ، خانقاہ ، درگاہ (آستتان تہٕ  اثر رسوک والیٚن لُکَن ہٕنٛزٕقبرٕ   ) تہٕ  زٲیرینَن خٲطرٕ   اکھ حوض  شٲمِل چھِ ۔
6611,کٮ۪نٛہہ لوٗکھ چھ ونان ز کلٹ چھ لوٗکن تمن منٛز شٲمل کرنہٕ خٲطرٕ پروپیگنڈا استعمال کران۔
6612,واتامن گام چھُ امرود میوٕ خٲطرٕ مشہوٗر۔
6613,یہ چھ فروری 2018 تام یوٹیوبس پیٹھ 428 ملین کھۄتہٕ زیادٕ وٕچھن والین تام ووتمت ۔
6614,وکی نیوزن تہِ کٔر اتھ دعوس پٮ۪ٹھ سٔنۍ نظر تہٕ کٔرن مزیٖد  تفتیش۔
6615,یہِ چُھ سوویت یونین چیمپئن شپُک تسلسل مانٛنہٕ یِوان، یُس 1991 منٛز سوویت یونین تحلیل گژھنس تام پرٛٮ۪تھ ؤرۍ یہِ گِنٛدنہٕ اوس یِوان۔
6616,بلاک سائفرس ہیکو کی اسٹریم بناونہٕ خٲطرٕ تہ استعمال کٔرتھ ۔
6617,پروَتَماہ تہٕ شُرٮ۪و گُزور دٔیُم دۄہ لَکشمی مُوٗ کرناونٕچہِ کوٗشِشہِ منٛز۔ مُوٗ۔
6618,دۄشوٕیو طرفو گٔیہ جَنگہٕ خٲطرٕ متحِرک، مَگر ییٚلِہ فرٛانسَن سپینٕچ حِمایت کَرنہٕ نِشہ اِنکار کوٚر، سُہ آو پَتھ کھَسنہٕ خٲطرٕ مجبور کَرنہٕ، ییٚمہ کِس نتیجس منز نوٹکا کنونشَن سپُد۔
6619,رسٹی چھ اکھ عام گرٕ کٗلی بیٛٲر یۄسہٕ جنگلس منٛز روزنٕکہِ خاب چھےٚ وٕچھان۔
6620,یہِ آب چُھ بِذٲتی چیٚشمُک آب، یُس نزدیٖکی بالَو پیٚٹھٕ آرٕ کِس صوٗرتس منٛز وَسان چُھ۔
6621,امہ علاوٕ کٔرو یہِ یقینی زِ تہنٛد بِل گژھن کیش مشینہٕ ذریعہ قبول: نہٕ زیادٕ ژٹتھ یا پھٹتھ، بیترٕ۔
6622,"دی ہندو چھُ ریاستس منٛز ساروِی کھوتہٕ زیادٕ پرنہٕ یِنہٕ وول انگریزی زبانہِ ہُنٛد اخبار، اَمہِ پتہٕ چھُ دی نیو انڈین ایکسپریس۔
"
6623,پننہ ملکیت کہ پرٮ۪تھ کُنِہ چیزُک تہٕ امکِہ قۭمتُک حساب کٔرِو۔
6624,"امہ وجہ سۭتۍ چھ یہٕ عثمانٮ۪ن تہٕ ایرانس درمیان اکھ مسلہٕ روٗدمت۔
"
6625,انٹرنیشنل کِک باکسنگ فیڈریشن (آیی کے ایف) تہٕ انٹرنیشنل اسپورٹ کِک باکسنگ ایسوسی ایشن (آیی ایس کے اے) چِھ وٲحد ادارٕ یِم جدید دورس منٛز ترقی کٔر۔
6626,تبتی سطح مرتفعس پٹھ درجہ حرارتس منٛز اضافہٕ چھ ہمالیٲیی گلیشیر پتھ کھسنک سبب بنان، ییٚمہ سۭتہ گنگا، برہم پترا، یمنا تہٕ باقٕیہ بڑؠن دریاون ہنٛدٕ بہاؤ کس شرحس خطرٕ چھ بنان۔
6627,کیپ وردس منٛز چھ اکھ نوجوان آبٲدی یمن ہنز اوسط عمر 23 وری چھ ۔
6628,عمر چھ صرف اکھ ہندسہٕ ۔ بہٕ چھس ہمیشہٕ پان جوان محسوس کران ۔
6629,کنرٹ گزریٛوو 21 ستمبر 2019 ہس منٛز 90 ؤرشہ وٲنٛسہ منٛز کیسبورسٹلس منٛز۔
6630,"پیمانَس منٛز چھُ ژوٗرِم سوارم مدھیامم۔
"
6631,یہ چھ مضبوط رز ہیُو ڈانٛچہٕ یس ٹشوٕچ سالمیت تہٕ عام کنیکٹو ٹشو فراہم کران چھ۔
6632,یہ ٲس امریکہس منٛز زننانہ ہم جنسن ہنز گۄڑنچ سمٲجی تہٕ سیٲسی تنظیم ۔
6633,زیادٕ تر تنازضہٕ  ٲسہِ سینیٹ کس بناونس  تہٕ انتخابس متعلق ۔
6634,گوٗیچارڈ گٗزریو  30 اگست 2021 ، 92 وریہہ وٲنٛسہ منٛز ۔
6635,معلوماتک رساو چھ تمہٕ وقتہٕ گژھان ییلہٕ خفیہ معلوماتن ژُور گژھان چھےٚ۔
6636,2021 ہس منٛز، کوٚر أمہِ  پنُن یادٕووتٗر  انفِنِشڑ شایع، یُس نیٛوٗیارٕک ٹایمز کِس بہتٔریٖن کٕننہٕ یِنہٕ وٲلِس فہرسَتس منٛز ووت۔
6637,"بٔرگر کِنگ چھُ زیادٕ پہن برٛازیٖلٕچہِ 
  سرمایہِ کٲری کمپٔنی 3جی
   کیپٹلٕچ 
 مِلکِیت ـ"
6638,سہ ٹشو یس تہنزٕ نستہ ہٕنٛز نالہ منٛز باگ أرجہ پٮ۪ٹھٕ چھ اتھ منٛز چھ واریاہ خونہٕ چہ نچہ نچہ رگہٕ آسان۔
6639,یہِ چھ حیاتیات کیٛن شعبن منٛز کٲم کرنہٕ خاطرٕ یتھ منٛز چارلس ڈارونن کٲم کٔر ۔
6640,ہسٹولوجیٚکل ٹیٚسٹنگ حٲصِل کرنہٕ خٲطرٕ  بایوپسی چھنہٕ  عام طور  ضروٗرت آسان، مگر یو٘دوے  تھایرایڈیکٹومی كرنہٕ یی کرنہٕ تیٚلہِ ہٮ۪کہِ یہِ حٲصِل  کرنہٕ یِتھ ۔
6641,دویمن لفظن منٛز، چھ یہ کٔشش ثقل یا کٔشش ثقل کس قوتس سۭتۍ وابستہٕ توانٲیی۔
6642,یہِ فلم رُوز تمل ناڈو باکس آفسَس پیٹھ کامیاب۔
6643,"یِم مکان چھِ شہری علاقن منٛز عام تہٕ عام طور  چھِكھ زٕ یا زیادٕ پور آسان۔
"
6644, کیازِكہِ  سٗہ اوس واریاہ دولتمند تس جوُریو یہِ كرٗن ۔
6645,لیبنان چھ امریکی ریاست اوہایوہک اکھ شہر۔
6646,سُہ بنیوو جلدی پننہ ٹیمک اکھ اہم رکن ۔
6647,سکور چھِ انفرٲدی ٹرامپولین پٲٹھۍ نشان زد یِوان کرنہٕ۔
6648,چیسنین چُھ واریاہ سی ایم ٹی ایوارڈز تہٕ واریاہ باقی کنٹری میوزک ایوارڈز زینمٕتۍ۔
6649,اکھ آرگن اداکار چُھ اکھ ترانہٕ بجاوان یُس جماعتس سۭتۍ چُھ۔
6650,"کَلہٕ شکار اوس اکھ تِژھ ریت یتھ منٛز اکثر حریف قبیلس پیٹھ ژھیٚپہ  
 حملہ کرٕنۍ، غلام رٹٕنۍ تہٕ حمایتی ین ہُند کلہ ژٹُن شامل اوس۔ "
6651,یہِ چھُ عموٗمَن پرٛٮ۪تھ ؤرۍ گریگورین کیلنڈر كِس  تٲریخَس پٮ۪ٹھ 16 پٮ۪ٹھ 18 ستمبرس درمِیان مناونہٕ یِوان یُس شمسی کیلنڈرَس منٛز ہندوستٲنہِ بودھوُن كہِ ٲخری دوہ مناونہٕ یوان چھُ ۔ 
6652,رگھوُ چھُ ٲکھتٕھیہ  باتھ روم گژھنُک ہہانہٕ كران ۔ 
6653,"اوشین بورن: اوشن بورن چُھ فِنِش سِمفونِک میٹل گروٗپ نایِٹ وشُک دویِم البم ۔
"
6654,"""دھاکڑ"" بٲتھ اوس ریپر رفتارن گیوٚومت تہٕ یہ گوٚو ترٛٮ۪ن دۄہن منٛز 12 ملین ویوٕز حٲصل کٔرتھ مٔشہوٗر۔
"
6655,"اگر تُہۍ کانٛہہ چیٖز واریاہ لاگُن چھٗوٕ، کامہِ خٲطرٕ پینٛٹ  جورِٕ ہیوُ ، اتھ پیٹھ  اضٲفی 10 ڈالر خرٕچ کرُن آسہِ  لایق ۔
"
6656,"عام دور کس آغازس اند پکہ بنییہ ویدک رواج ""ہندو ترکیبک"" اہم جُزو منٛز اکھ۔"
6657,"اتھ منٛز چھُنہٕ کونہٕ تہٕ جایہ باقی روزن وٲلۍ قدرتی جنگلن ہنٛز کَہہ خاص حد۔
"
6658,یہِ رقص چُھ ریوٲیتی طور ہیندِ متنن  منٛز دیو مالیی دلیلن   تہٕ روحٲنی خیالاتن ہندِ  تشریحی بیانٕچ  اکھ صوُرت ۔
6659,2018 منز آیہ میرا  دویہ وہہرِ بییہ واپس ، ییلہِ بطور مہمان اداكار سو كالی داس جیارام  سٕنزِ اداكٲری واجِنہِ پوٗمارمس  منزآیہ  ییٚمیک ہدایرکار ابرید شاین اوس۔
6660,زیادٕ تجربہٕ کار کھلاڑین خٲطرٕ چِھ مالٹ ہیڈک وزن اہم۔
6661,کُل 111 ہو٘ منٛز چِھ مندرجہ ذیل 111  صفحہٕ اتھ ضٗمرس منٛز۔
6662,أتھۍ دوران، کٔر امہِ پانہٕ پانہٕ چتور زٮ۪ننہٕ خٲطرٕ   بییہِ لشکرچہِ  قیادت ، یوٚس رتن سِمہا سندِس حكوُمتس تل گٗہیلا ریاستٕچ راز دٲنہِ  ٲس۔
6663,رہنُما سٕنٛز کٔمی آیہِ رِیٲستی حکومتہٕ خٲطرٕاکھ رُکاوٹ زاننہ تِکیازِ یہِ ٲس نہٕ لُکن کتھ باتھ کرنہ باپت بُلٲوِتھ ہیکان۔
6664,یم احساس گیہ تمہ وز مضبوٗط ییٚلہ ہندوستٲنی سپاہ پنجابس منٛز گیریسن فوجکۍ پٲٹھۍ واریاہ واضح کردار تفویض کرنہٕ آے تہٕ پنجابس منٛز نفع کماون وٲلۍ سول عہدٕ دنہٕ آیہ۔
6665,"مٲدانس منٛز ہٮ۪کَن آز 27,244  وٲتِتھ  تہٕ وٕنکیٚنس چھ ریکارڈ حاضری 27,091 ۔"
6666,واریاہن لوٗکن چھے٘ تِہنزو  سوشل نٮ۪ٹؤرکو ذٔریعہ نوکری میلان، لہازا  چھٗ یہِ یقینی بناوٗن اکھ جان خیال تٗہندین دوستن تہٕ كٗمبس آسہِ پتاہ زِ توہہِ چھِوٕ موقہٕ ژھاران ۔ 
6667,"وینکوور، برٹش کولمبیا ہَس منٛز 2010 کِس سرمائی اولمپکسٕک مشکوٹَن ہُند اعلان آو وٕنۍ کرنہٕ۔
"
6668,"سۄ آیہ ٲخٕری لَٹہِ انویشی جینَس سۭتہِ گندی بات سیزن 2 نٲوِ ی ویب سیریزِ منٛز ؤچھنہٕ ، یَتھ منٛز تٔمہِ  مرکزی کِردار ادا  کوٚر۔
"
6669,أمہِ  کوٚر لۄکچار چہِ ویٚسہِ دُبَیی  منٛز مُقیٖم مٔلیالی دنٛدٕ ڈاکٹر جیشلی سۭتہِ  9 ستمبر 2013  خانٛدر ۔
6670,زٕ اہم قٕسٕم چِھ، الفا تھیلیسیمیا تہٕ بِیٹا تھیلیسیمیا۔
6671,ڈسٹھیمیا چھ عموٗمن بالغن  متٲثر کران ، حالانٛکہ یہ ہیٚکہ نوعمرن متٲثر کٔرتھ۔
6672,موسیقی ٲس راک صِنفس  پیٹھ مرکوُز تہٕ ٲس مرڈر برانڈس منز منفرد ۔
6673,لاگدار رطوُبتہٕ  یا ماز لٕشہِ پیٹھ  كٲم كرن والین تجرٗبہٕ گاہ كین  اہلکارن ہنٛدٕ حادثٲتی طور ہینہٕ یِنٕكہِ اطلاع چھِ موصوُل سپدِمٕتہِ ۔ 
6674,ییٚلہ تہۍ أندۍ پٔکۍ خریدٲری کران چھوٕ تیٚلہ پرٛژھو بینکن سۭتۍ  تہنز سرمایہ کٲری ہٕندین اختیارن متعلق۔
6675,"وۄنۍ گوٚو، فلم شروٗع گژھنہٕ برٛونٛہہ أنۍ بھنسالین دیٖپکا پڈوکون فلمہ منٛز۔
"
6676,ابتدٲیی یورپی کوہ پیما ٲسہِ  پننہِ كنین كھسنٕچہِ تكنیكہٕ بطور پننِس كوہ پیمٲیی ہندِس شوقہٕ كِس  تییس پیٹھ واتنٗك ضروری  ہو٘نر استمال كران ۔ 
6677,"امبیڈکر آو 2012 ہس منٛز ہِسٹری ٹی وی 18 تہٕ سی این این آٮٔی بی این دٕسہِ منعقد کرنہٕ آمتس انتخابس منٛز پٹیل تہٕ نہروٗس برونٹھ ""عظیم ترین ہندوستٲنہِ"" قرار دنہٕ۔"
6678,یہٕ اوس اصلی کلہٕ دماکہٕ نِش بچاونہٕ خٲطرٕ بناونہٕ آمُت ۔
6679,ییٚلہ مے٘ ڈنر خٲطرٕ تازٕ سبزی انٕنۍ مشِتھ گیہ بہٕ گوس مویوُس ۔ 
6680,"جان سمتھ اوس آرگیل تہٕ بوٹ کِس سکاٹش قصبہٕ ڈالمیلی منٛز زامُت۔
"
6681,مغرِبی چالوکِیہ دور اُوس کننڑ ادب تہٕ سنسکِرت ادبہٕ چہِ  ترقی باپت اکھ اہم دور ۔ 
6682,"اکتوبر 2018 منٛز آیۍ آئی سی سی کیٛن تمام ارکانَن ٹی 20 بین الاقوٲمی درجہٕ دِنہٕ کِہ فٲصلہٕ پتہٕ زنانَن ہٕنٛز رینکنگ الگ الگ او ڈی آٮٔی (مُکمل ممبرَن خٲطرٕ) تہٕ ٹی 20 فہرستَن منٛز تقسیٖم کرنہٕ۔
"
6683,مارٹن بیرونن رُکٲوِ 32 شاٹ، ییٚلہ زن تمہِ سندِ  ہم منصب کیری پرایس تہٕ جاروسلاو حلاکن  بالترتیب 12ہو منٛز 9 شاٹ، تہٕ 2یو منٛز 2 شاٹ رٗکٲوِ ۔
6684,امہ سۭتہ چھ ٹیٹنس  انفیکشنس منٛز وٗ چھنہٕ ینہٕ واجینہِ مژھن گاڈٕ گژھان مژھن فالج گژھان ۔ 
6685,1997 پٮ۪ٹھٕ 2019 تام آو یہ امہ کہ قۭمتی دھاتن ہنٛد ڈویجن سکوشیا موکاٹا کہ ذریعہ منعقد کرنہٕ۔
6686,ناٹیہ حِصہٕ، یا ڈانس ڈراما، چھُ ترتیبہِ منٛز بیٛاکھ ۔
6687,اعداد و شٗمار چِھ ہندوستٲنہِ  محکمہٕ موسمیاتِکہ دٕسہِ  استعمال شٗدٕ  ژورن موسمن ہنِٛز درجہ بندِ طریقہٕ اِكوٹہٕ تھونہٕ آمٕتہِ ،وہٕرِ ورِیچہِ اوسطہٕ تہٕ میزان تہِ چھِ  ہاونہٕ آمٕتہِ ۔
6688,تاہم رُوز سنگھ انتظامیہ شُمال مشرقی ہندوستانَس منز دہشت گردی کم کرنَس منز کامیاب۔
6689,ورٹوف اوس یژھان اکھ عالمگیٖر تصویٖر بناوٕنۍ یۄسہٕ کُنہ تہ زبٲنۍ نش الگ آسہ۔
6690,تمہِ کٔرِ 10 وریہہ  وٲنٛسہ منٛز رانچیرا بٲتھ پیش کرٕنہِ شروٗع۔
6691,جاری خشک سٲلی چھے سانہِ خطہٕ كین  كاشتكارن منز سیٹھاہ پریشٲنی تلان  ۔
6692,ابدی زندگی بجایہ بنییہِ  روز مرٕ زندگی  بورڈ گیمن ہنٛدِ توجہُك  مرکز۔
6693,ژندروارِ دۄہ  ژیرِ دٗپہرس  اوس قصبہٕ  کس زیٛادٕ تر مرکزی حصس منٛز ملبہ ٗونہِ وہرِتھٕیہ ۔۔
6694,"تُہۍ ہیٚکِو تِم مُتبادلہٕ تہِ ژھٲرِتھ یِم کٕننہٕ چھِ یِوان۔
"
6695,بناسین وُچھِتھ کھوٚت بھیمس شرارت تِکیٛازِ تمۍ سُنٛد پنُن نیٚچُو گھٹوتکاچا اوس کرنَن مورمُت۔
6696,وۄنۍ لٔج اَسہِ پَے زِ سِرٛنٛگیری سِرٛی نِواس کیٛاہ چُھ تِمن سارِنٕے کیلن کَران یِمہٕ یہٕ وۄپداوان چُھ!
6697,یہٕ آیہ اکتوبر 1994تھس  منٛز امریکہ باپت  جٲری  کرنہٕ ۔
6698,نیدرلینڈن کٔرۍ پنٕنۍ زٕ گول گۄڈنکیٚن دَہن منٹن منٛز۔
6699,مےٚ چھ پننین مقابلہٕ دارن نش پنٕنۍ قٲمتی خٔریٖدار ہورنچہِ پریشٲننی ۔
6700,ٹیٖمن کٔرِ جان رائٹٕ سٔنٛدِ خٔدمات حٲصِل، ییٚمہِ شائقیٖن، اکِس سٲبقہٕ کھلٲڑِ تہٕ مقٲمی امریٖکیٚن سۭتہِ اکھ نوٚو ناو ژھانٛڑنہٕ خٲطرٕ مشورٕ کوٚر۔
6701,امہ وقتہٕ اوس نہٕ  جاپانس منٛز کراٹے میچن منٛز اکھ أکس لایٗنٗك تصوٗر  تہِ كرنہٕ یوان ۔ 
6702,"ہردَس منٛز کٔرِیو رٮ۪تہٕ کٲلہِ پلوَن ہٕنٛز خریٖدٲری ییٚلہِ لوُکھ بنیانن تہٕ كوٹھن  ہٕنٛدِس حقس منٛز  گرم موسمٕکہِ  پلو کم کران چھِ ۔
"
6703,والیرین بِگرٗن چھٗ نیبرِمِس اعصٲبی نظام (پی این ایس) تہٕ مرکزی اعصٲبی نظام (سی این ایس) دۄشوٕنی منٛز محوری زخمہٕ پتہٕ گژھان۔
6704,بٮ۪مارِ پٮ۪ٹھ منحصر، کینٛہہ علاج نہٕ کرنہٕ آمٕتہِ ایس ٹی آٮٔی ہٮ۪کَن ہٲنٹھ بننٗك  ، دٲیمی دَگہِ یا موتُک بٲعث بٔنِتھ۔
6705,انٹونی چھُ  مٲنٛشہِ شرٛاکھ  وایان تہٕ کرٛیکھ دِتھ ونان زِ سُے چھُ أمِس مارنٕکہِ اعزازُک مستحق۔
6706,ریاست ہائے متحدہ امریکہ ہُک 32 ہِم صدر فرینکلن ڈیلانو روزویلٹ اوس پولیوک شکار۔
6707,یمو منٛز چِھ ایویسینیا مرینا مینگروو چہ آبٲدی ہنٛد 99%۔
6708,کھلاڑؠن چھ واریاہن ریسن تہٕ طبقن منٛز ژارنک اجازت۔
6709,بہٕ چھس نہٕ وۄنۍ  تہندس بدتمیز تہٕ ٰ مدد نہ کرن وٲلس عملس سۭتۍ کٲم کرٕنۍ یژھان۔
6710,كِشن گڈھ قصبس منز چھِ اكھ محل ہوٹل  یتھ پھول محل ونان چھِ  تہٕ اكھ قلعہٕ ۔ 
6711,گایٹا ژلنہٕ پتہٕ آو سوٗ 9 مارچ 1118  دوہ  پادٕرِ بناونہٕ۔
6712,کیپٹل ون ایرینا کیپٹل ون ایرینا چھ واشنگٹن ڈی سی یس منٛز اکھ کھیلہ میدان ۔
6713,مثالے ، 2014 ہس منٛز روُدِ ریکجاویک، آیس لینڈ تہٕ ٹرونڈہیم، ناروے ہس منٛز مُسلمان لگ بگ باہن گٲنٛٹن روزدر، ییٚلہ زن سڈنی، آسٹریلیاہس منٛز مُسلمان صرف کہن گٲنٛٹن روزدر روُدِ ۔
6714,"حالانٛکہِ سَہل مٗتقلی باپت بناونہٕ آمٗت ، اگر نیہ تٗہٗند جایداد یا جاے سہی پٲٹھہِ بانونہٕ آمٕژ آسہِ ،  تُہٕنٛز شپنگ کنٹینر کمپنی ہیكہِ نہٕ مٗمكنہٕ طور منصوُبہٕ حِسابہٕ  ڈیلوری پوُرٕ کٔرِت ھ۔
"
6715,"دپان چھُس فون تُلہ تہ  
 کسٹمر سٔروسس  ونہٕ کریکھ دِتھ زِ مےٚ کونہ ووت چیک بُک وقتس پیٹھ۔   "
6716,یہ چھ تۄہہ کٲم کرنہٕ خٲطرٕ تہ کٮ۪نٛہہ دوان۔
6717,"یہِ گژھہِ یاد تھاوُن زِ گۄڈٕنِکہِ  کتَھک نَژن وٲلہِ  ٲسہِ ، ٲخٕر کار ہیٚنٛدِ یِم مُغل سردارن خٲطرٕ نَژان ٲسہِ ۔
"
6718,تہِ كیازٕ ٲیینی  ضروُرت چھے٘ زِ وزیر عظم گژھہِ یا تہِ لوك سبھایہ ہٗند نتہٕ راجیہ سبھایہ ہٗند رٗكٗن آسٗن ، توٕ كِنہِ  آیہِ سو٘ موشر پٲٹھِ عوحدٕ پیٹھہٕ ہٹاونہٕ ۔   
6719,کینیٹمس منٛز چھ زٹھہِ  شُرین لو٘كٗٹ رقم چندٕ  خرچہ دوان۔
6720,یہ چھ شیخ زید تہٕ اینڈرسن کوئنٹانا تہٕ تہندین باین یاد کرنہٕ خٲطرٕ مناونہٕ یوان۔
6721,ادے پورس منٛز کٔر سنگھن لگ بگ 45 منٹن ہُنٛدرس آبس منٛز، بٲتٕچ اکھ ترتیب شوٗٹ۔
6722,مشیل آیہ 19 جون 2009منٛز پنٛنس WWE معاہدٕ نِشہ رہا کرنہٕ ۔
6723,یِمن تھیلیسیمیا  ہچ خصوُصِیت آسہِ  تِمن كٗمبن باپت چھِ  جینیٲتی مشاورٕ  تہٕ جینیٲتی ٹیسٹنگ تجویز کرنہٕ یوان۔
6724,قدیم کوٹیشور مندر چھُ صِرف 4 کِلُومیٹر دوٗر۔
6725,سُہ اوس فوگیٹس لگ بگ پانٛژھ ؤری برٛۄنٛہہ  زامُت ۔
6726,اَمِہ علاوٕ چھِ سٔہلاب کین میدانن تہٕ سٔہلاب کِس موسمَس منٛز واریاہ سٔہلاب تالابَو پیٹھ رٹنہٕ یِنہٕ وجنیہ گاڈٕ واریٛاہ گٲمی آبٲدی خٲطرٕ پروٹینُک بنیٲدی ذریعہٕ۔
6727,پَننِہ عرضی منٛز چُھ ماتھورَن داواہ کوٚرمت زِ 'جھنڈ' لفظ چُھ توہین آمیز تہٕ امِہ سۭتھ گٔژِھ کیستھا برادری سۭتۍ تعلق تھاوَن والین ماتھورَن ہنٛدین جذباتَن ٹھیکھ۔
6728,"سلیم جاویدن کوٚر أکس رٮ۪تس منٛز سکرپٹ مکمل، یتھ منٛز تہنٛدٮ۪ن دوستن تہٕ وٲقفن ہٕنٛدۍ ناو تہٕ شخصیت ہٕنٛدۍ خصوٗصیات شٲمل ٲسۍ۔
"
6729,"یا تہِ کٔرِیو سٹورٕ خٲطرٕ اِنسٹا کارٹ ہوم پیج کِس پٮ۪ٹھمِس حصس منٛز سرچ باکس استعمال، یا کٔرِو سرچ ٹیب کِس پٮ۪ٹھمِس حصس منٛز  سرچ باکس استمال۔
"
6730,"سہ ہیکہ 3,500 پونٛڈ یا 1500 پونٛڈ بجایہ 10,000 پونٛڈ پیش کٔرتھ ۔"
6731,اگر تہۍ عٲقٕل چھوٕ، تۄہہ مۄکلہ نہٕ زانٛہہ تہ کانٛہہ سامانہ تکیاز تہۍ ہیٚکو یہ اندازٕ لگٲوتھ ز سہ مۄکلٕنہٕ برٛونٛہٕے چھ انٛنہ باپت نیرنک ضروٗرت۔
6732,ساؤتھ گارو ہلز ضلعہٕ آو 18 جون 1992 مغربی گارو ہلز ضلعہٕ تقسیم کرنہٕ پتہٕ وجودس منٛز۔
6733,تمو کوٚر امہٕ پتہٕ آزاد میوزک لیبل ایکس ایل ریکارڈنگزس پیٹھ دستخط۔
6734,یہِ بندش چھِ منظم کھیلَن جزوی طور  غیر سیٲسی کرنٕچ تہٕ چینی کھیلَن ہٕنٛز پالیسیہِ بازرَس پٮ۪ٹھ مبنی زیادٕ نقطہ نظرَس کُن منتقل کرنٕچ کوشش پٲٹھۍ وُچھنہٕ یِوان۔
6735,کیرالہ سکول آف ایسٹرونومی اینڈ میتھمیٹکس اوس ویٹاتھناڈوس (ترور علاقہ) منز قایم۔
6736,ریاستس منز چھ آب پٲشی ہٕندۍ محدود علاقہٕ، میٚژِ ہٕنٛز کم قدرتی زرخیزی، تہٕ بٔڑۍ علاقہٕ یم  وزِ وزِ خشک سالی سپدان چھےٚ۔  
6737,خوطبہٕ  چھٗ یمن قو٘ربٲنین خٲطرٕ  برہمن پُزارین  تہٕ حٲضرینن  ادا  کٲفی فیٖسٗك تِہ اندراج ہاوان ۔
6738,"اٮ۪س بی اٮ۪سک تخمینہٕ چھ پرٛٮ۪تھ ؤری پریتھ  10,000 سو٘ شٗرٮ۪و منٛزٕ 3 پیٹھہ 4 ون گژھان ۔ "
6739,"دوٚیمِس عالمی جنگس دوران آو جاپٲنہِ بحری فوج فِلپایِن۔
"
6740,اورنگ آبادچہِ گۄپھٕ چھِ بہو کنہِ پلو منٛزٕ ترٲشِتھ بناونہٕ آمٕتہِ  بودھ استان یم اورنگ آباد، مہاراشٹرٛا کِس شہرس نذدیٖک أکِس مشرقہٕ پٮ۪ٹھٕ مغربس كٗن گژھن وٲلِس بالس بالس پٮ۪ٹھ واقع چھےٚ۔
6741,ہنٛدوستان چھُ دوٛن موسمی ذیلی قسمن ہنٛز میزبٲنی کران -گرم وہرٲژ موسم  تہٕ گرم سرد تہٕ خۄشك موسم یٗس اتھ گرُ٘پس تحت یوان چھُ ۔ 
6742,کیوُریٹیبا اوس اکھ جنگل ییٚتہ تنگوُیہ  قبیلہٕ روزان اوس ۔
6743,ناقابل تسخیر رانا کمبھا ہن ہارناو مالوا ، ناگور تہٕ گجرات چہ سلطنتہٕ تہٕ بنٲوٕن میواڑ ہندوستانٕچ ساروٕے کھۄتہٕ طاقتور راجپوت سلطنت۔
6744,تو٘ہہِ ہیٚکِو واپسی ہنٛٗد رسید پننِس  نقل سٕتہِ چسپاں كرِتھ تھٲوِتھ ۔ 
6745,اسہ چھ خوشی ز أسۍ چھ تۄہہ تمام ضرورت پورٕ کرنس تہٕ  مٲلی ہدف پراونس منٛز تۄہہ مدد کرنہٕ خٲطرٕ  اکاونٹن ہند وسیع پیش کش برونٹھ کُن تراوان۔ 
6746,تھڈلاسکین جھیٖل یَتھ پُنٛگ سَجار ننٛگلی تہِ ونٛان  چھِ ، چُھ میگھالیہ یٗك  وٲحِد تٲریٖخی جھیٖل ۔
6747,کینٛہہ آب چھُ وُنہِ تہِ امی وتہِ منٛزۍ وَسان، یَتھ وۄنۍ پرون برہم پُترا چھِ وَنان، بطورِ مرکزی چینلہِ ہُند  بوٚڈ شاخ۔
6748,کینیڈا كیو٘  کوٚر اِرک سٹال سندِس  شاٹس پیٹھ مقابلہٕ کہِ  لگ بگ نوِ  منٹہِ  پتہٕ گولہٕ سٕتہِ  کھیل برابر۔
6749,تٔمۍ کٔر 36 کیپ تہ حٲصِل تہٕ کٔرٕن انگلینڈ خٲطرٕ 11 گول ۔
6750,یہ چھ عام طور  آفتابس کٗن مٗدیہ گنڈِتھ وٗچھنہٕ  ، آفتابٗك گر٘ٗہٗن وٗچھنہٕ ،  یا الٹرا وایلیٹ، چمكان  ڈی 65، یا باقیہ تیز گاشس كٗن وٗچھنٕ سٕتہِ گژھان ۔ 
6751,پیٚٹھٕ کنہِ دِنہٕ آمٕتہِ مرحَلہٕ مُکمل کرنہٕ برٛونٛہہ،  ہَٹٲیزیٚو نہٕ کُنہِ تہِ صوٗرتس منٛز،   بیگِنٛگ پلیٹ فارم پیٹھٕ کانٛہہ تہِ چیٖز۔
6752,تٔمۍ سٕنٛز پیشورانہٕ زندگی گیہ 1960 منز شروع تہٕ 1966 منز گٔیہ مکمل۔
6753,کمیونسٹ پارٹی آف انڈیا-مارکسسٹ کِس قیادتس منٛز کٔر لیفٹ فرنٹن ینہٕ والین ترٛین دہٲئین تام ریاستس پیٹھ حکومت۔
6754,طبلہٕ بجاوَن وول چھُ بُنیٲدی طور ادایگی ہٗند وقت مٗقرر كرن وول آسان ، تہٕ تِہنز كٲم چھِ مخصوص راگس سٕتہِ مٗختلِف تالہٕ واینہٕ ۔
6755,"یم لڑایہ ہٕنٛدن طریقن چھ اکثر مشترکہٕ خصوٗصیتن مطٲبق درجہٕ بٔنٛدی کرنہٕ یوان، یمن ہنٛز شناخت مارشل آرٹسٕچ ""فیملی"" چھ یوان کرنہٕ۔"
6756,مشرق وسطی کین کٮ۪نٛہن حصن منٛز چھ پستو سۭتۍ برٛٹل بناونہٕ یوان۔
6757," جیوریَن کٔرۍ پٔتمہِ ہفتہٕ لندن چہِ میٹروپولیٹن پولیسٕک ژور اَفسرَ القاعداہَس منٛز ملوث آسنہٕ کِس شُبہس پیٹھ گرفتار أکِس مسلمانَس پیٹھ حملہٕ کرنہٕ سۭتۍ بٔری۔
"
6758,نیٹ فِلکسَن لَگوو اَنٛدازٕ زِ فِلمہِ ریلیز کہِ گۄڈٕنِکِس ریتَس منٛز یِنۍ 90 ملین فِلِم وچھن وٲلۍ فِلِم وچھنہِ ۔
6759,"ہارکسٹیٖڈ چھ بابرگ، سفولک، انگلینڈس منٛز اکھ گام تہٕ سول پیرش۔
"
6760,عرق چھٗ اکھ ٲبی مایہِ  یٗس ژامن  بناونہٕ وِزِ زامٗت دۄدٕ الگ كران چھٗ ۔
6761,"اَمہِ پتہٕ چھِ یَتھ جایہِ باقٲعدٕ پوٗزا تہٕ نذرانہ ادا یِوان کرنہٕ۔
"
6762,تٔمۍ زینہ پانژھ ریسہ تہٕ پواینٛٹن منٛز روٗد دوٚیمس نمبرس پیٹھ۔
6763,عوامس منز بولنس مٖتعلق بیچینی كو٘ر تِمن كلاس كِس بحثس منز حِصہٕ نِنہ نشہ واے ۔ 
6764,جنگک نظام آو واریاہ بدلاونہٕ، تہٕ کرین دۄگنہٕ لڑٲیہ شٲمل۔
6765,بناونس منز  تہِ گوٚو واریاہ اضافہٕ ییٚلہ صارفینن باپت چیز بناون واجِنیو  کمپنیو شہرس منز پٲداوٲری اكٲییہِ تہٕ صدر دفتر قٲیِم كٕرِ ۔
6766,توتھ واتنہٕ پتیہ  کوٚر تمہِ لیونگسٹن ہالس منٛز أکِس پارسی نیول بھتھیناہس سۭتہِ  کمرن  منٛز سکوُنت اختیار ییٚمِس  تمہِ سٗند وٗمرِ ہٗند دوست بنٗن  اوس۔
6767,ییلہ یم بھکشو ڈنگ  چھ دِوان، تیوہارک دۄہ چھ دور دراز تہٕ نزدیکی علاقو  پیٹھٕ آمتین یاترین ہند، باپت یلہٕ گژھان۔ 
6768,خانٛدانس منٛز تٔمہِ سٕنٛز قبوٗلیت چھِ أمہِ سٕنٛدِس یہِ کرنٕہٕ كِس  صلٲحیتَس پٮ۪ٹھ منحصر۔
6769,یمنسِلسِلن  منٛز پہاڑن منٛز چھ دنیاہٕکہِ  کٮ۪نٛہہ سارِویہ تھدِ پہاڈ شٲمل یم سرد قٗطبی ہواہن  رٗکاوٹٕچ کٲم  کران چھِ ۔
6770,"دسمبر 2015 ہَس منٛز آو ملائیشیا کِس کوالالمپورَس منٛز اکھ جونیئر انٹرنیشنل تھرو بال میچ منعقد کرنہٕ یتھ منز ٲٹھو مُلکَو شمولِیَت کٔر  ۔
"
6771,ییٚلہ واریاہ کالس بند روزنہٕ پتہٕ بجلی  بحال کرنہٕ آیہ  مےٚ آیہ نہٕ پژھ۔
6772,2003 ہس منٛز کو٘ر تمہِ  قونوٗنی امداد کٮ۪ن ضوابطن خٲطرٕ قونوُن  تحریر کرنس منٛز مدتھ ۔ 
6773,"یہِ فٲصلہٕ چھُ امریكہ كہِ عدالت عالیہ كین احكاماتن خلاف ، یتھ تحت  ججَن ہم جنس جورٮ۪ن خانٛدرٕچہِ  لائسن جٲری کرنٕٗك اجازت اوس ۔
"
6774,میٲنۍ سِدھا ڈاکٹرن چھ راحت فراہم کرنٕچہِ  شاندار کٲم کرمژ۔
6775,سُہٕ کوٚر 1998ہس منز پینٹنگ شروع تہٕ لاس اینجلسس منز ٲس کنہہ آرٹ نمائشہٕ۔
6776,بوٹل چُھ سیفٹن ، مرسی سائیڈُک اکھ شہَر ۔
6777,"بۄدوارِ دۄہ صُبحٲے گوٚو ڈینورَس منٛز شیٖن پیوٚن شروع، تہٕ برٛیسوارِ  دُپہرَس تام گوٚو نہٕ کم۔
"
6778,فوٹو ایڈیٹنٛگ چُھ منٛزٕ منٛزٕ فوٹون منٛز ہیرٕ پھیرٕ کرن ونٛنہٕ یوان، اکھ یژھ اصطلاح یۄس بوزنہٕ تلہٕ منفی چِھ باسان۔
6779,ایمریكاہن کوٚر  گۄڈٕنیُک دور قبضہٕ سۭتہِ شروع ، مگر امیُک زیادٕ تر اوس تہندِس شینس پیٹھ تِہندِس پننِس ترٛیمِس حِصس پیٹھ ۔
6780,الیکٹرو ریسیپشن الیکٹرو ریسیپشن چھٗ جانورن ہِنٛز  بجلی ہُنٛد ذٔریعہ محسوس كرنٕچ  اہلِیت  ۔
6781,یہِ تیوہار چُھ دِلِہ، پنجاب، ہریانہ، ہماچل پردیش تہٕ جموں و کشمیر کِس جیمہِ خطس منٛز مۄغل دورٕ  پیٚٹھٕہ مناونہٕ یوان ۔
6782,ہوپ چھ ریاست ہائے متحدہ امریکہ کس ایڈاہو منٛز اکھ شہر ۔
6783,پالنسوامی ین چِھ اڈاپڈی حلقہٕ پیٹھ ژورِ لٹہِ ریاستی اسمبلی الیکشن زینمٕتۍ۔
6784,"شوٹنگ کھیلَن منٛز چھِ ریوالور تہٕ نیم خودکار پِستول ساروِی کھۄتہٕ زِیادٕ اِستعمال گژھان۔
۔"
6785,کینٛہہ چِھ شکایت کران زِ یہ اصطلاح چِھ گروپن بدنام کرنہٕ خٲطرٕ اِستعمال کرنہٕ آمژ ۔
6786,فالج ہیكوكھ دۄن نٗمایاں ضٗمرن منز درجہِ بند كرِتھ ؛اسكیمِك تہٕ ہیمریجِك ۔ 
6787,واریاہن اسکن منٛدرو کوٚر بڈن واجیٚنۍ مقٲمی ہیٚندۍ سموہن ہندۍ ضرورت پورٕ کرنہٕ خٲطرٕ چھٹی ہنٛد موقعک اکھ زیادٕ نمایاں جشن متعارف۔
6788,اگر ہون پنٕنۍ لٹ وایان چھ تیٚلہ چھ لکھ سونٛچان ز ہون چھ دوستانہٕ۔
6789,یِہ چُھ چٹیرائی ریتھ ، تامل شمسِی کیلنڈرُک گۄڈنیوک ریتھ ، تہٕ پوتھانڈو چُھ عموٗمن 14 اپریل یِوان۔
6790,ٹنڈولکرس آے دِنہٕ 1994  منٛز تہنٛدٕ شاندار گنٛدنٕچ کامیابین خٲطرٕ اوٚرجنا ایواڈ، 1997 تھس منٛز کھیل رتنا ایواڈ، ہندوستانُک ساری کھوتہٕ بوٚڑ گنٛدنُک اعزاز، تہٕ تَرتیب پٲٹھۍ 1999  تہٕ 2008 منٛز پدم شری تہٕ پدم وبھوشن ایواڈ، ہندوستانٕکۍ زِ تھٔدۍ سول ایواڈ۔
6791,چھاؤ چھ ہندوستان کیٚن مشرقی علاقن ہنٛدِ رؠوٲیتی رقص-ڈراما ہُک ناو تہٕ چُھ ترٛؠٚن قٕسمن ہُنٛد۔
6792,2007 ہس منٛز کوٚر أمۍ جے وایی پی باپتھ آڈیشن، حالانٛکہ أمۍ ہوٗر رن آف۔
6793,یہٕ چھ ایسڈن سۭتہِ کاربن ڈائی آکسائیڈ تہٕ پوٹاشیم سالٹ بناوانہٕ باپت  رد عمل کران ۔
6794,یِم چِھ عموٗمن ژَمِہ، أڑجہ تہٕ کرہَنہٕ مازَس مٗتٲثر کران، مگر  ہیٚکِن کُنِہ تِہ جایِہ گژھِتھ ۔ 
6795,یہِ چُھ ماننٕہ یِوان زِ برطانوی سلطنتس چُھ وٲحد خطرٕ سوویت یونین طرفہٕ ۔
6796,"مہاکالی جتارا چھُ پرٛٮ۪تھ ؤریہِ منعقد کرنہٕ یوان یتھ منٛز 10,000 کھۄتہٕ زیٛادٕ لوٗکھ یوان چھِ۔ "
6797,تمن منٛز  چھُ یمن انفیكشن آسہِ ،   ٹیٹنس امیوُن گلوبولین یا، اگر دستیاب آسہٕ نہٕ، انٹراوینس امیونوگلوبلین (اےویی اےجی)  استعمال سپدان ۔
6798,ڈیش بورڈ چُھ تہنٛد ڈیش بورڈس پیٹھ واپس گژھنُک اکھ بہتٔریٖن لنک آسان اگر نہٕ تو٘ہہِ  گۄڈٕیہ  اتھ پیٹھ ٲسِو۔
6799,"کولیسٹرولٕچ سطح ہیکہِ FH والین لوکن منز سیٹھاہ زیادٕ ٲسِتھ یم مۄچر تہٕ چِھ آسان۔
"
6800,"امہ ادارٕکۍ ابتدٲیِی جماعتن 
 ہندۍواریاہ طالب علم بنییہ شمٲلی ہندوستانَس منٛز عزت دار موسیقار تہٕ اُستاد۔"
6801,پارکہِ ہنٛد شمٲلی، وسطی تہٕ مشرقی حصہٕ چھِ قدرتی گاسہٕ میدان تہٕ شولا جنگلن ہنٛز رنگارنگ وسوٕنین پہاڑن ہنٛد سِلسِلسہ بناوان۔
6802,روایتی چینی زِنٛدگی ہِنٛدیٚن واریاہن باقٕے پہلوَن ہٕنٛدۍ پٲٹھۍ آیہِ مارشل آرٹس عوامی جمہوریہ چین کہِ طرفہٕ ماؤنواز انقلابی نظریس سۭتۍ ہم آہنگ کرنہٕ خٲطرٕ اکھ بُنیٲدی تبدیلی ہُنٛد نشانہ بناونہٕ۔
6803,"خیال اوس  کوبا ہس منٛز ٲسہِ تقریبا50,000 لُکھ روزان ۔"
6804,"یہٕ تصور اوس کوریا تہٕ ویتنام ہوٮ۪ن ہمسایہٕ ملکن منٛز بادشاہو تہ استعمال کوٚرمت۔
"
6805,ساڑٮ۪و تہٕ شِلوار  سوٗٹو عللاوٕ  چھُ یہِ کپُر لہنٛگا، سٹول، شال تہٕ جیکٹ، کمیٖز، اچکن تہٕ شیروانی ہٮ۪تھ مردن ہٕنٛدۍ پلو بناونہٕ خٲطرٕ تہِ استعمال کرنہٕ یوان۔
6806,لہاذا چھ 69 $ ہٕنٛز بنیانہ ہنٛد کٕنٛنک قیمت یس 25 % ترٲوتھ چھ بنان 51.75 $۔
6807,مکمل ساؤنڈ ٹریک البم آو 10 جنوری 2014 ڈیجیٹل ریلیز کرنہٕ۔
6808,تاہم چھُ امہِ مٗہِمہِ ہٕنٛدس نٔویتس پٮ۪ٹھ تنازٕ۔ 
6809,پنجاب کین کینژن دریاون منز چھ مگرمچھ۔
6810,"محققینو چھ زٕ وجہ تجویز کٔرمٕتۍ، تہٕ دۄشوے چھ شاید اکھ کردار ادا کران۔
"
6811,جنوری 2014 منٛز، گرینڈن کوٚر پننہٕ دوٚیم سٹوڈیو البمس پیٹھ کٲم شروع۔
6812,14 فروری 2015 دوہ آو یہ أکہِ غٲر سركٲرِ تنظیمہِ بھارتیہ یوٗوا شکتی ذٔریعہٕ چھترپتی شیواجی کریڈا   منڈل، نہروُ نگر، کٗرلا ہس منٛز بٔڑِس پیمانس پیٹھ مناونہٕ۔
6813,"ہِنٛدی فلمَو علاوٕ چھِ أمہِ  بھوجپوٗری، گجرٲتہِ ، ہریانوی، مرٲٹھہِ ، پنٛجٲبہِ ، بنٛگٲلہِ  تہٕ سِندھی فلمَن منٛز تہِ اداکٲری کٔرمٕژ۔
"
6814,اکھ کٲم چھ تمن لوکن رکاون یم خودکشی ہنٛز کوشش کرن چھ۔
6815,1 جنوری 2019 ہس منٛز آو یہ تھورس کس کوٚمیونس منٛز شٲمل کرنہٕ۔
6816,مؤت چھُ شہنشاہن تام پیٹھ پردٕ تر٘اوان ، یہِ چھنہٕ کانٛہہ بےٚ عزتی۔
6817,"سمندرس منٛز روزن وٲلۍ واریاہ مختلف قسمکۍ حیوانن چِھ لابسٹر زاننہ یوان۔
"
6818,عام اِشارن تہٕ علامتن منٛز چِھ تپھ ، تٲرٕ ، روتلہِ  عٲرق، مٲل مشٗن ، وزن کم گژُھن، تہٕ تھکاوٹ شٲمل۔
6819,امہِ ضلعٕکۍ نُمایاں شہر چھِ ہری ہارا، جگالور، ہونالی چنناگیری تہٕ نیامتی، یِم چھِ امکۍ پانٛژ باقی تعلقہٕ تہِ۔
6820,جموں و کشمیرس منٛز چھ 500 کھۄتہٕ زیٛادٕ معدنی بلاک موجود، یمو منٛزٕ 261 چھ صرف کشمیر ڈویژنس منٛزٕ۔
6821,امہ پتہٕ گٔیہ باقٕے لٲنہ مرحلہٕ وارٕ یلہٕ۔
6822,سرُک آب چُھ سمندرس منٛز انکاؤنٹر خلیجس منٛز اکہ کھنہ منزۍ دٲخل گژھان۔
6823,شوٗٹ آوٹَس منٛز کوٚر ٹیری براڈہرسٹَن راک فورڈُك  وٲحِد گول، ییٚلہِ زَن مارک کلن تہٕ جیمز رائٹَن  سین انتونیو خٲطرٕ سكور كو٘ر ۔
6824,"مہالیہ چھُ سُہ دۄہ ییٚلہِ دیوی دُرگا  زٔمیٖنَس پٮ۪ٹھ آمٕژ ماننہٕ یِوان چھے٘ ۔
"
6825,تمن ٲسہِ مٲلی مسٲیِل تکیاز تِم ٲسۍ 1930 کس گریٹ ڈپریشنس دوران روزان۔
6826,یہ چھ افسوٗس ناک ز سٲنۍ ٹیم چھنہٕ کلاینٹس راضۍ کرنہٕ باپت  زیادٕ کوشش کران تہٕ  امہ سۭتۍ ہیٚکہ اسہ ددارٕ  وٲتِتھ۔  
6827,یہ بٲتھ گوٚو بینڈ خٲطرٕ اوسط درجک ثابت۔
6828,حسینینن کٔر دٕچھنہ طرفہٕ پیٹھہٕ مہدی مہداویکیا سنزتیز رفتارسان یوان  کارنر کک اوٗزبیك دفاع منزِ  ہیڈ كرِتھ    برابر ۔
6829, برونو زاو زیورخس منز ، تہٕ کوٚرُں نفسیاتک مطالعہٕ ۔
6830,ساروی کھوتہٕ اہم چھ سانچی، بھرہوت، امراوتی، بودھ گیا تہٕ ناگارجنکونڈاہس منٛز واقع۔
6831,امہ پتہٕ پیوو شہرس 1631ہس منٛز الیکٹوریٹ آف سیکسونی کہ حملہٕ تہٕ  1648ہس منٛز پراگ کس جنگس دوران نۄقصان تُلُن۔
6832,سہٗ چھٗ کھٗلہٕ پٲٹھہِ  ہم جنس پرست تہٕ اوس پننس سٲتھی جیمز براؤنس سۭتپِ  روزان ۔
6833, 19ہِمہِ  صدی ہندِس آغازس پیٹھ كور یہِ  مراٹھا سردار سندھیا ہن فتح ۔
6834,"ڈوفور گزریٛوو 25 مئے 2020 ہس منٛز  جونکویرس منٛز 91 وہر۔
"
6835,تِمَن ریاستن ہٕنٛدۍ معاملن مَنز یتین کانگریس کُنی زٔنۍ حکوٗمت چھِ کران، وزیر اعلی چھُ CLP لیڈر آسان۔
6836,مےٚ چھ دل سٮ۪ٹھاہ تنٛگ گژھان ییٚلہ بہٕ ایمریكاہس منز  شٗرین گولہِ لاینہِ وٗچھان چھٗس ۔
6837,"سُہ چھُ 2020 پٮ۪ٹھٕ سری لنکا پارلیمنٹُک موُجوُدٕ سپیکر۔
"
6838,مےٚ چھ پنٕنۍ بینِہ بٲیۍ واریاہ یاد یوان ینہٕ پیٹھ تِم دور گٔیۍ۔ بہٕ چھس یژھان تِم ؤنِہ تہِ یِیتھۍ آسٕنۍ۔
6839,فلمہ ہٗنٛد آغاز چھٗ روحٲنی گروُ اٗگر پرتاپ سندِ سۭتہِ گژھان، یُس أکس بد روُحس ژھانڈان چھُ اكِس گامہٕ كورِ ہنِس جِسمس منز چھُ ۔ 
6840,تہٕ اگر تۄہہ نش اکھ بوٚڑ پورٹ فولیو چھ، تیٚلہ پز تۄہہ  0.5 ٪  یا تمہ کھۄتہٕ کم فیسس پیٹھ کتھ باتھ کرنس لایق آسُن۔
6841,1930 کِس دہلِس دوران آیہ برطانیو٘ دٕسہِ  وارٕ وار اصلاحاتن ہنز  قونوُن سٲزی كرنہٕ ؛ کانگرسن كٕر نٔتیٖجس منٛز اِنتِخابن منٛز کامیٲبی حٲصِل ۔
6842,"بِیونسے سٕنٛدِ ہاف ٹایِم شو پتہٕ میج  ریونزَس  دوٚیمِس نیٚصف  شروٗع کرنہٕ خٲطرٕ بال ۔
"
6843,خون چھ ہائپھیما کیسن منٛز4–35% گژھان تہٕ چھ گلوکوما کہ خطرک باعث۔
6844,ڈپریشنک علاج چھ عام طور   دواہ تہٕ باقی تھرپۍ یکوٹہ رلٲوِتھ  کرنہ یوان ۔
6845,ٹیمٕچ بُنیاد ٲس 1984 منٛز رک ہینڈرکَن آل سٹار ریسنگ ناوٕ سۭتۍ ترٛٲومٕژ۔
6846,گۄڈٕ ٲس یہٕ اگست 2014 ہس منٛز امریکہس منٛز ریلیز کرنہٕ خٲطرٕ مقرر کرنہٕ آمٕژ۔
6847,رور آیہ کٔنس سٲحلی جنگلس منٛزعقص بند  کرنہٕ، یتھ منٛز جانورن تہٕ انسانن درمیان تناضہٕ ہاونہٕ آو، تہٕ فلمہ منٛز چھِ خصوُصی اشرات ہیتھ  سندربنٕکہِ ہوٲیی  منظر تہٕ 800 کھوتہٕ زیٛادٕ شاٹ ۔
6848,ویگنرن گٗزٲرِ لگ بگ وُۭہ ؤری رنگ سائیکل لیکھنس منٛز ۔
6849,"فینگ چھُ یہِ زاننُک مُطالبہٕ کران زِ تِم کیٛازِ چھِ لاکرَس کُن گژھُن یژھان۔
"
6850,یمن کیمپن منٛز ٲسہِ تتہِ اتحادی طاقتٕن ہندِ قٲدِ  روزان  ۔
6851,سٲبقہ چُھ کُنہِ ساتہٕ ڈھالس سۭتۍ رلاونہٕ یوان۔
6852,راجستھان ٹورازم گر٘وٗپ، یٗس پرٛیتھ ؤرِیہِ تیوہارٕچ  میزبٲنی کران چھٗ ، گوٚو اینمل ویلفِیر بورڈس سٕتہِ ہستین ہٗند اندراج كرنس تہٕ  مٗنٲصِب دستاویز فراہم کرنس منٛز ناکام۔
6853,"ایسوسی ایٹڈ پریسکۍ تحقیقَن کوٚر ایالا نہِ مقدمک  تٲریخ نوٚن۔
"
6854,یم ایوارڈ چھ ٹیلی ویژن، ریکارڈنگ، فلم تہٕ تھیٹرس منٛز اصل کارکردگی ہنٛز یزتھ افضٲیی كران ۔ 
6855,پریسٹن چُھ امریکہ کِس اِیڈاہو ہس  منٛز اکھ شہر۔
6856,ٹیم گو٘ منصوُبہٕ کہِ مقصدٕ خٲطرٕ تِہٗند  پنٗن شہر بناونس پیٹھ رضامند ۔
6857,2018 ہس تام، چھنہٕ بچاوٕ خٲطرٕ کانٛہہ موثر ویکسین۔
6858,بڑیٚن مۄہنویٚن منٛز اوس مادٕ پرستی چلان ، تہٕ جِسم فروشی ہِنٛدِس پیشس ٲس رِیٲستی حمایت حٲصِل۔
6859,تم سنٛز نانۍ گیۍ اوباما سند صدر بننک ایلیکشن زیننہ بروہی فوت۔ 
6860,ییلِہ زَن کِہ کینٛہہ خریدار چِھ گریلو ضروریات ملۍہیٚوان، باقی ہیکَن پننِین کلاینٹن خٲطرٕ پلو أنِتھ۔
6861,پینٹاولینٹ عنٲصر چھ تم عنٲصر یمن ہٕنٛدس نیٔبرمس کھٲلس منٛز پانژ الیکٹران چھ آسان۔
6862,"اتھ منٛز مدد کرنہٕ خٲطرٕ ٲسۍ زیادٕ تر ہوٲئی جہاز ٹائٹینیم سۭتۍ بناونہٕ آمتۍ۔
"
6863,مندرس انٛدِ اندِ چھٗ  بھونیشور، اڈیشہ، ہندوستانس كِس  مغربس منٛز بندوُساگر تلاو ۔
6864,ڈکوٹا چھےٚ ایلی فیننگہِ ہنز  زِٹھ بینہِ ، سوتہِ تہِ چھِ اكھ اداکارہ  ۔
6865,1917 منز نیشنل ہاکی لیگ پٲٹھۍ دوبارٕ منظم گژھَنہٕ پتہٕ پھٔلیٚے لیگ ریاستہائے متحدَس منٛز، ییٚمیٕچ شروعات 1924 منٛز بوسٹن بروئنس پیٹھٕ گٔیہِ۔
6866,27 اکتوٗبر صُبحن  آو  ہِنٛدُسٲنہِ فوٗج ، سِریٖنَگرس پٲکِستٲنہِ فوجس، یٗس تمہِ وِزِ شہر كین مضافاتن تام ووتمٗت اوس ، نِش  بچاونہٕ کٔشیرِ سوزنہٕ ۔  
6867,سپینَن دیوت مُنافع بَخش اسینٹو (ہسپانوی امریکہَس منٛز اَفریقی غلام کٕننک اجازت) برطانیہَس حقوق۔
6868,مگر یتھ کٔنہِ قسمتس لیٖکھتھ اوس، أمس چھ ٹیٹو سٕنٛز متبٲدل پیشورانہٕ زندگی متعلق سورے پے لگان تہٕ أمس بچٲرِ ہنٛز زنٛدگی چھٗ اکہ لٹہ بیٚیہ تلک پٮ۪ٹھ گژھان ۔
6869,"نٔوس بلدیہس چھ کل رۄقبہٕ 15,000  سو لوٗکو کھۄتہٕ زیٛادٕ۔
"
6870,تٔمہِ ووٚن یہِ تہِ زِ ہوڈگسنس تحت ٲسہِ نہٕ انگریز کھلٲڑِ پنٛنیٚن اہلیتن مطٲبق تکیاز تِم ٲسہِ  نفسیٲتی مقابلہٕ کرنس نا اہل ۔
6871,تٔمۍ کوٚر 2012 کس شروعاتس منٛز فایر پاور ریکارڈز ناوٕ پنن ریکارڈ لیبل شروع ۔
6872,سۄ چھےٚ چلی کس صدر گیبریئل بورک سٕنٛز سٲتھی۔
6873,"سۄ ٲس 2017 پٮ۪ٹھٕ 2019 ہس تام ورلڈ بینٛک گروپٕچ چیف ایگزیکٹو۔
"
6874,پیشور اداکارن ہنٛد جولیس سیزر سنٛد کردار اوس تیٛوتاہ دلکش ز مےٚ کھٔژ نہٕ نِندرِ رژھ تہ۔
6875,یہ چھ نٔنۍ کتھاہ ز سامعینن چھٗ ژرِپو٘پ کرنہٕ باپت اشارٕ میلان  تہٕ یہ چھ واریاہ مصنوعی باسان ۔ 
6876,ڈانا 20 اوس صرف مینوَل ٹرانسمیشنن سۭتۍ دٔستیاب ۔
6877,"ووں گو٘ ، پننہِ اختِیارَس پیٹھ ہیٚکہِ ریفری مُجرِم کھلٲڑِس دۄن یا پانٛژن منٹَن ہُنٛد جُرمانہٕ تہِ دِتھ۔
"
6878,"سابقہٕ گُپتا سلطنت کِس مرکزَس منٛز، گنگا کِس علاقَس منٛز، گُپتا سٕنٛدِ پتہٕ موکھاری خانٛدان تہٕ پُشیا بھوتی خانٛدان۔
"
6879,"رفیعن ووٚن زِ سُہ اوس صرف لتا ہَس سۭتۍ گیونُک یوٗتاہ شوقیٖن یوٗتہ سۄ أمِس سۭتۍ ٲس۔
"
6880,"لوٗکھ چھِ کم پونسہٕ خرچ کران ییٚلہِ تِم نقد رقم ادا کران چھِ۔
"
6881,یہِ عوٲمی فنٕچ تقریب چھ گٲون رنٛگ کرنس متعلق کینٛہہ ثقٲفتی پٲغام ہیتھ ۔
6882,دریائے چمبل  چھٗ صرف 25 کلومیٹر، یٗس  راجستھان تہٕ  ایم پی چین  ریاستن  درمیان سرحد بناوان چھٗ ۔
6883,تٔمۍ ووٚن یہ تہ ز مۄکلیمٕژ صابن ٲس پروفیسر روڈولف سپینرن پانس نش تھٲومٕژ۔
6884,مےٚ چھ ژھریر باسان ییٚلہ زنٛدگی مے٘ لرِ پكان چھِ  تہٕ بہٕ چھس  امیوٖک معنے تہٕ مٖدا ژھانٛڈان۔
6885,اگرچہ یہ پیشن گویی کرنس منز جلدی کرٕنۍ چھےٚ  زِ کٲتیاہ طوفان ین زٔمینس کُن، مگر لوٹن باکر سُنٛد ونُن چھُ زِ ممکن چھُ زِ دۄیہِ پیٹھٕ ژور سمندری طوفان ہیکن امریکہس متٲثر کٔرتھ۔
6886,لسٹ بناون چھ خریدٲری ہنٛد مقصد طے کرنُک اکھ اصل طریقہٕ۔
6887,"بٲتھ ""یاہو! چاہے کوئی مجھے جنگلی کہیں ""ٲس رفیع ین گیونمُٕت، یتھ سۭتۍ تیز رفتار آرکیسٹرا تہٕ شنکر جیکشنن ہنٛز کمپوزیشن میلتھ ٲس۔"
6888,یمن منٛز ہیکن کھین تہٕ باقٕیہ سامانن باپتھ کوپن ٲستھ۔
6889,1621 عیسوی ہنٛد بیاکھ اکھ تٲریٖخی خٔزرٕ وتھرن ہٗند کُلِیُک پتہٕ مخطوط چُھ سبھل لكشنا ہچ وضاحت كران ۔ 
6890,جٗلائی 2003 ہس منٛز زیٖنہِ ایسٹ بنگالن جکارتہ ہَس منٛز آسیان کلب چیمپین شِپ۔
6891,مےٚ ٲس فکر ز اسہ ٲس کلائنٹ سٕنٛدۍ طرفہٕ آفسس منٛز کینٛہہ جاین ہنٛز صفٲیی کرنس منٛز کٔمی ہٕنٛز شکایات یوان۔
6892,لا چینی ڈزنی لا چینی ڈزنی چھِ اکھ کینیڈیٲیی  فرانسیسی لِسانِیٲتی  چینل ۔
6893,مورگونگاوا: مورگونگاوا چھ سویڈن چہ اپسالا کاونٹی منٛز ہیبی بلدیہک اکھ علاقہٕ۔
6894,اتھ اعلانس آو 1931 کس ویسٹ منسٹر قانونس تحت قانونی بنیاد دنہٕ۔
6895,سیٔرس بورو، ایووا: سیرس بورو چھ یونایٹڈ سٹیٹس کس ایوواہس منٛز اکھ شہر۔
6896,شکٲرۍ ہوٗن۔ اکھ شکٲرۍ ہوٗن چھ سہ ہوٗن یس انسانن شکار کرنس منٛز مدد چھ کران۔ 
6897,یہِ چھٗ وضاحت کران ز کتھٕہ کٔنہِ چھٗ احتیاط سان لیکھٗن تہٕ پنکچوٗویشن  مٗصنفن واضح رٲبطہٕ  کرنس منٛز مدتھ کران ۔
6898,تمۍ کٔر  خود مختار قومچ بُنیاد تراونٕچ ، مقرر اجرت  تہٕ اچھوت تہٕ غلٲمی ختم کرنٕچ وکالت۔
6899,اگر تُہندِس ذہنس منٛز پۄنسن مٗتعلق خیالات  چھِ یِوان، كٲن٘سہِ سوُزیو٘ تس شٗکریا ادا کرنہٕ خٲطرٕپیغام یس توہہِ باپت اہمِیت چھے٘  یِتھہٕ کٕنہِ  زن تُہنز موج یا مول۔ 
6900,راس گزریٛوو 1 جنوری 2016 ہس منٛز ووڈ سٹاک، اونٹاریوہس منٛز 89 وہر۔
6901,زٮ۪نہٕ گرچ دلٕچ بیمٲرۍ تہ چھ کنہ بیٚیہ پیدٲیشی معذوٗری ہنٛدس مقابلس منٛز زیادٕ مرنک سبب بنان۔
6902,مےٚ چھ افسوس، مگر مےٚ چھ خوف ز بہٕ ما ہیکہ نہٕ امہ وزِ باپت تہنٛدِ کیکُک آرڈر پوٗرٕ کٔرتھ۔
6903,یہِ اوس ہیرنگٹن ٹاؤن شپ تہٕ پالیسیڈس ٹاؤن شپ کین حصو پیٹھٕ بناونہ آمت۔
6904,تٔمۍ گنٛد اٹلانٹا بی سی یس خِلاف 1-2 ہوم زیننس منٛز شیٚن منٹن ہنٛد کھیل ۔
6905,زیادٕتر مٗلكن منز چھ كھیل اكی جِنسہٕ كین طرفن درمیان گِندنہٕ یوان ، حتا كہِ یمِ ہیكن رلہٕ مِلہٕ جِنسن ہندِ تہِ ٲسِتھ ۔ 
6906,"فِلِم بندی ہنز جاین  منٛز چھِ پوُری، دِل، کانپوُر تہٕ مٗمبیی شٲمِل۔
"
6907,26 اگست دۄہ 2004 رس منز گُزریو برینگن بِرین اینوریسم کہِ وجہ سٕتۍ۔
6908,ایرکسنن کرۍ پننہٕ نظریہ ہکۍ ٲٹھ مرحلہ طے ۔
6909, البم آو 11 ستمبر 2007 جٲری کرنہٕ ۔
6910,"واریاہ کم کھلٲڑۍ چِھ یمو کنہ تہ عٲلمی یا بڑؠن مقابلن منٛز کانٛہہ تہ تمغہٕ زیوٗن۔
"
6911,سَنی ویل چُھ امریکی ریاست ٹیکسازُك  اکھ شہر۔
6912,رٹلینڈ چھ یونایٹڈ سٹیٹس کس آیوواہس منٛز اکھ شہر۔
6913, دۄہُک دیوتا چھِ اِندر – روٗدُک دیوتا، ییٚمِس عبادت كرنہٕ وان چھے٘ ، شٗكر كران تہٕ وریس منز برون٘ہہ كٗن كٲفی روُدٕچ آش كران ۔ 
6914,فہرستکٔرِو  ہیوٚر تہٕ بۄن سکرال یوٚتام توہہ بیچس منٛز تمام چیز وٕچھو۔
6915,1 جنوری 2017 چھ یہ لوسینز میونسپلٹی ہُند حصہٕ۔
6916,امِچ بنیاد ٲس 1966 منٛز نیو یارک شہرس منٛز اے سی بھکتی وندتا سوامی پربھوپداہن تراومٕژ۔
6917,"آخرکار میلیو تۄہہِ کانٛہہ تیُتھ شخص یُس تُہُنٛد تجربہ بہتر پٲٹھۍ سمبالِتھ ہیٚکہِ۔
"
6918,نوبل ڈینڈروبیم چھ سکمک سرکٲرۍ پوش، ییٚلہ زن روڈوڈینڈرون چھ ریاستی کل چھُ۔
6919,تُہۍ ہیکِو پننہِ مرضی ہُند کاروبٲرۍ کارڈ آن لائن بنأوِتھ۔
6920,ییلہ دوان دوان میٲنس جسمس منٛز نوٗنک مواد کم ہیوٚتن گژھن، مےٚ ہیٚتۍ تم چیز وٕچھِنۍ یم نہٕ ٲسی۔
6921,"کھیٚنَن  منٛز چھِ رننیہ  سبزی تہٕ سورٕ ماز نٗمایاں  ذٔریعہٕ۔
"
6922,"یہ چھ خاص کٔرتھ افغانستان کس حداہس منٛز کنہہ خٲلص یوُنٲنہِ  کامین ہٗنٛد معاملہٕ ، اکھ یُتھ علاقہٕ یُس ""درحقیقت ہند-یونٲنہِ طرزُک ابتدٲیی بودھ مجسمہٕ سٲزی ہٗند منزٗل آسہے ۔“"
6923,"اگر نہٕ تۄہہِ کُنہِ قٕسمٕچ انشورنس پالسی آسہِ تیٚلہِ ہیٚکِو تۄہہِ صرف طِبی بِلہٕ تہ سخٕت قَرٕضس منٛز ترٛٲوِتھ
"
6924,یہِ پارک چھِ نایاب، مقٲمی، تہٕ نابود گژھَن وٲلۍ نباتن تہٕ حیوانَن ہُنٛد پناہگاہ تہٕ یہِ چھُ کیرالہ کین دۄن اہم دریاوَن: پیریار تہٕ پامبا ہٕک بوٚد آبہٕ آگُر بَناوان۔
6925,تسُند مَزاحِیَہ آو پارِسُو، دھیوا تھائی، کڑیرودھا کوئل، نواب نرکالی، ویتوکو وندھا ماروماگل، سیلوا ماگل، نادودی، آیارام روبائی، تہٕ نان انایتل ہیوٮ۪ن فلمَن منٛز سَنٛتوش کَرَنہٕ۔
6926,یہ میتھیلیشن چھ میتھایل عطیہ والین یتھہٕ  کٔنہِ  زن غذا پیٹھہٕ وٹامن بی  ہس 12 پیٹھ مٗنحصر۔
6927,تہۍ چھوٕ أکس خودکار مسیجہ تام واتان، یس تمن انتخابن ہنٛد فہرست بناو یمن ہنٛد انتخاب تہۍ کتھ کٔرتھ یا پنن کی پیڈ استعمال کٔرتھ ہیٚکو کٔرتھ۔
6928,"امہ برٛونٛہہ اوس سہ اداکارہ لیزا زین تہٕ ہیتھر گراہم سۭتۍ ڈیٹ کران۔
"
6929,شاہد کپوُرن كو٘ر  موسمی منظرٕ باپتھ شیٚن ورقن ہٗند كٗنٗیہ زو٘ن ادا كرنہٕ یِنہٕ وول مكالمہٕ یاد ییتین تمہِ سٗند  کردار حیدر پاگل گژھان چھٗ ۔
6930,"نازیو بنٲو تم قونون یم تہنٛدٮ۪ن نسلہٕ ہٕنٛدٮ۪ن خیالن پٮ۪ٹھ مبنی ٲسۍ۔
"
6931,اگر توہہِ وٕہرِ وریس كاروبار چلان چھٗ ، توہہِ چھٗنہٕ تیلہِ نرخ كم زیادٕ كرنک ضرورت ۔
6932,حركت كرن وٲلہِ فالجچ درجہِ بندی چھے٘   دٲدِ كِس  ٹشخیصس پیٹھ مبنی آسان ۔  
6933,بونیئرٕکۍ أکۍ بسکین سیومارا البرٹسَن وون  “شُکر چھُ اَسہِ آو نہٕ زِیادٕ خطرناک طوٗفان۔ میون ہوٗن شوٚنٛگ راتَس سکوٗن سان“۔
6934,فِلِم کُھلییہ گَریلوٗ تھیٹرَن منٛز 85% جاے پُری سۭتۍ۔
6935,نَتیجتن  کوٚر ریلائنس تہٕ گڈا ہَن اَتھ فروغ دنہٕ خٲطرٕ ریلیزٗك  تٲریخ 30 جنوری 2014 پیٹھہٕ 7مارچ2014 تام مٗلتوی کرنُک فٲصلہٕ ۔
6936,ہندوستانٕچ تٲریخ، یۄسہٕ 3200 قبل مسیح پیٹھٕ چھےٚ، چھِ کنین تہٕ باقی تعمیراتی موادک مزاج، ترقی تہٕ استعمال سۭتۍ کٲفی متٲثر گٔمٕژ۔
6937,"سٹزن پرزنٛسس منٛز کٔر تٔمۍ 1,500  تن انتخابی مبصرینن ہنٛز تعیناتی منظم۔"
6938,یِہ چُھ مایوس کن ییلِہ نہٕ گراکھ سانین خاص پیشکشن ہنٛد فٲیدٕ تلان چھ ۔ 
6939,آرٹیکل 15 چھےٚ 2019 ہٕچ ہیٚندی زبٲنہِ ہنٛز ہنٛدستٲنہِ کرائم ڈراما فِلم ییٚمِیُک ہدایت کار تہٕ پروڈیوسر انوبھو سِنہا چُھ، ییٚمہِ گورَو سولنکی یَس سۭتہِ میلِتھ منطر نامہٕ  لِیوٗکھ ۔
6940,جھنڈٕ چھ لگ بگ اکہ درجن ناون سۭتۍ وننہٕ یوان ۔
6941,ییٚلہ تہۍ بیٹری پوٗرٕ پٲٹھۍ ختم گژھنہٕ برٛونٛہہ ری چارج چِھو کران تیٚلہ چھےٚ بیٹری ہٕنٛز وٲنس کم گژھان۔
6942,یہ سٹاک چھ أمس نفرس اتھ کمپنی منٛز جزوی ملکیت دوان یس امیک مٲلک آسہ ۔
6943, تنقیدی طور  مشہوٗر آسنہ باوجود ٲس یہ اکھ تجٲرتی ناکٲمی۔
6944,اَمہِ تہوارٕکۍ باقی ناو چھِ رتھا جاترا یا رتھا تہوار۔
6945,یوتتھ تام زِ مِنگ تہٕ کِنگ خاندانن درمیان شاولن سٕند حالیہ فوجی کارنامن منز تِہ ٲسۍ ہتھیار شٲمل۔
6946,اِمپیریل، نیبراسکا-امپِیریل چھ ریاستہاے متحدٕ امریکہ کس نیبراسکا ہس منٛز اکھ شہر۔
6947,لداخس منٛز چُھ ساروٕے کھۄتہٕ مقبوُل  کھیل آیس ہاکی، یُس صِرف قۄدرتی شیٖنس پیٚٹھ عام طور دسمبر کہِ مٔنٛزمہِ حِصہٕ پیٚٹھٕ فروری کِس منٛزمِس حِصس تانہِ  گِنٛدنہٕ چُھ یِوان۔
6948,دیکشا بھوُمی چھےٚ وسطی ہندوستانس منٛز ناگپور ، مہاراشٹر کِس شہرس منٛز ۔
6949,اکھ کیٹ ناوِ منز چھِ  اکوے مستول واریٛاہ برٛونٛہہ لٲوِتھ آسان تہٕ اَتھ منز چھُنہٕ کانٛہہ جِب آسان۔
6950,برجہِ نیبر، کانپوُر علاقس منٛز چھ ہولی ستن دۄہن رنگن سۭتہِ روزان ۔
6951,فارگو چُھ امریکہٕ کِس اوکلَہوما ہس منٛز اکھ قصبہٕ ۔ 
6952,کانگریس ٲس اکھ سایہِ دار آرگنایزیشن یۅس گۅڈٕ انوارِ سوشلِسٹن، رٮ۪وایت پسندن تہٕ ہیٚندٮ۪ن تہٕ مُسلمانن پناہ ٲس دِوان۔
6953,"دوٚیِم آو 442 ہِمہِ رجمنٹل کمبیٹ ٹیمٗك  پرایوٹ سداو ایس منیموری یس دِنہٕ ۔
"
6954,۱۹۳1934۴ کس آسٹریا ایتھلیٹکس چیمپین شپس منٛز بنییہ سۄ 100 میٹرس منٛز قومی چیمپین۔
6955,پورٹیبل گیم نوٹیشن چھُ شطرنج گیمہٕ ریکارڈ کرنہٕ خٲطرٕ اکھ متن پٮ۪ٹھ مبنی فائل فارمیٹ، یُس مختصر شکلہِ ہٕنٛدِس انگریزی الجبری اشارَس پیٹھ مبنی چھُ یَتھ منٛز کم مقدارَس منٛز مارک اپ چھُ۔
6956,سوُ چھُ فون أکس ٹیبلس پیٹھ تھوان، بے٘ خبر زِ یہِ چھُ  وُنہِ رِكارڈ كران ۔ 
6957,مانٛنہٕ چھُ یوان  پرسانگا چِہ ساروی کھۄتہٕ پرٛانہِ روزمٕژٕ کتابہٕ چھےٚ 15 ہمہ صٔدی منٛز ترتیب دِنہٕ  آمژٕ ۔
6958,24  گٲنٛٹن منٛز پیوٚو ساروٕے کھۄتہٕ زیٛادٕ روٗد 2 نومبر 2000 سس منٛز۔
6959,"امہ شہرک ناو اوسکھ جوہانس گٹینبرگ سٕنٛدس ناوس پٮ۪ٹھ تھوٚومت، ییٛمۍ پِرنٹنگ ایجاد کٔر۔
"
6960,ایلڈرن تروو جنوری 2010 ہس منٛز سائپرس تہٕ کوٚرکھ جرمن کلب کے ایف سی یورڈنگن 05 خٲطرٕ دستخط ۔
6961,کھلاڑین پزٕ  اگر تم سکواڈس منٛز جاے برقرار تھاوٕنہِ  یژھان آسن برسبینس منٛز کلب چیمپین شپس منٛز کلبٕچ نمٲیندگی کرٕنہِ ۔
6962,تسنز اداکٲری معیاری نہ آسنہٕ کِنۍ چھُ سُہ پریتھ جایہِ رد یِوان کرنہٕ۔
6963,"تمام لٔہرٕ چھے٘ سمندری کٗلہِ       
 تہٕ  ژھۄٹھ یٗس تِم سمندرس منز نِوان چھِ جمع کران ۔"
6964,201ہس منٛز کوٚرکھ پرسی پگ مٹھؠایہ ہٕنٛدٮ۪ن کیٚنٛہن قٕسمن منٛز جیلیٹنک استعمال نہ کرن شروٗع۔
6965,تمۍ نیُو دبیی ورلڈ ریپڈ اینڈ بلٹز چیمپین شپ، زیورخ چیس چیلنج، بلباؤ ماسٹرز تہٕ لندن چیس کلاسکس منٛز تہ حصہٕ۔
6966,ہندوستٲنہِ شٲہی ریاستن ہدین   اہم  سرپرستن ہٕنٛدِ مۄکلٕنہٕ پتہٕ اوس دروٗپدس وُہمہِ صٔدی ہٕنٛدس گۄڑنِکِس نٮ۪صفس منٛز ختٕم گژھنٗک  خطرٕ ۔
6967,چندن نگر چھٗ ہٗگلی دریاو کِس بٔٹھِس پٮ۪ٹھ واقع ۔
6968,تمۍ سٕنز موج میریانے وی برِٹینہا اایہ قتل کرنہ ییلہٕ سُہ ژۄد وہُر اوس۔
6969,تمام ملک چھ بنگسمورو ریپبلکس فلپائنک حصہٕ سمجھان۔
6970,تہۍ ہیٚکو کم اہم کٲم تہ وچھتھ، یتھ کٔنہ زن راز خریدٲری، یتھ منٛز کمپٔنیہٕ تۄہہ ہوٹلن، ریسٹورینٹن تہٕ باقٕی خدمتن ہنٛد تجربہٕ کرنہٕ باپت اُجرت دوان چھےٚ۔
6971,یمو منٛز اوس کینژن منہمک  رہنما ثٲبت سپدُن، مگر باقی ٲسۍ مفاد پرست یا نااہل۔
6972,سکوپ ووپ چِہ سِرشٹی ماگنَن دِژ یِہ 2010 کِس دٕہلِس منٛز بالی ووڈ چِہ اَز سر نو تعریف کرَن والین باز تعبیر نو فِلمَن منٛز اَکھ قرار۔
6973,أمس مہٕ دِ نہٕ فون۔ اگر سٗہ میون کانہہ مذاحیہ   ویڈیو رکارڈ کٕرِ، تیٚلہ ہیکہ بہٕ پننیو پرستارو نِشہِ  محروم گژھتھ ۔
6974,مارچ تہٕ اپریل رٮ۪تن منٛز چھُ منٛزٕ منٛزٕ ڈوٹھہٕ طوُفان  تہِ پٮ۪وان، یمہِ سٕتہِ كمسٕیہ كالس تٲر ووتھان چھے٘۔ 
6975,"سمندری سطح پیٛٹھٕ 6,150 میٖٹر تانۍ وۄپدن وول کُل، لداکیٖلا کلِمیسی، اوس ییٚتہِ ساروٕے کھۄتہٕ گۄڈٕ بیان کرنہٕ آمُت تہٕ اوسُس یتھ خٕطہٕ کِس ناوس پیٛٹھ ناو تھاونہٕ آمُت۔"
6976,یِم بٲژ زٕ گیۍ 1997  منز علاحدٕ تہٕ پتہٕ گووُکھ 1999منٛز طلاق ۔   
6977,قونوٗنی طور، تہٕ خطرناک کیمیٲیی لیبلنگ منٛز، چھ زہر خاص پٲٹھۍ زہریلہٕ چیٖز۔
6978,"اتھ معاملس منٛز رُوزِو تُہۍ 9,750 ڈالر تہٕ کمیشن سرمایہ کٲری کرنہ  خٲطرٕ تیار۔"
6979,یہ چھ جشن مناونس تہٕ معٲشرس منٛز چیزن متعلق باخبر روزنس متعلق ۔
6980,ایچ 2 پر٘و ایچ 2 پر٘و چھٗ اکھ اسرائیلی سٹارٹ اپ یٗس پائیدار توانٲیی سٕتہِ پٲدٕ گژھن وول ہائیڈروجن اِندھن  تیار کران چھٗ  ۔
6981,یہِ دۄہ یَتھ 'ہولی ملن' ونان چھِ، چھُ ؤرۍ یُک ساروٕے کھۄتہٕ رنگین دۄہ ماننہٕ یِوان، یُس لوٗکَن منٛز بٲے بندتس فروغ دِوان چھُ۔
6982,یہ چھٗ خشمس  لایق زِ  ذٲتی پونسہٕ وو٘زٗم دِنہٕ وٲلۍ كِتھہٕ كٕنۍ چھِ  پننہِ فٲیدٕ باپت شرح سوُدس الم گلم كران ۔
6983,گنیشن مون ، تہٕ بنٲوٕن گنیش سٕنٛزن خانٛدارنین ، رِدھی تہٕ سِدھی نش پٲدٕ گژھن واجِنیو خودٲیی ریہو٘ سٕتہِ سنتوشی ما ناوٕ اکھ کوُر ۔
6984,نیسلے برانڈ ٹول ہاؤس کٖٗکیزن چھٗ ٹول ہاؤس اِنس پیٹھ  ناو تھونہٕ آمٗت ۔
6985,یہِ چھٗ تۄہہ کٕنن وٲلس سۭتہِ قۭمتس پیٹھ کتھ باتھ کرنٗک یختیار دِوان۔
6986,الزام چھِ لگاونہٕ آمٕتہِ زِ اے لیگٕکہِ مٲدانس پیٹھ 'ٹھگ ہِوۍ' گِندنہٕ سٕتہِ  چھُ امیُک اصل ناو کم گومُت، مگر سارویہ  ٹیٖمٔن  لوٚگ نزدیٖکن تسلی بخش کھیلس  لُطُف، نٔتیٖجہٕ كیاہ تہِ اوس ۔ 
6987,خیال چھ یوان کرنہٕ زِ سونتس دوران ییلہِ موسم تبدیل گژھان چھُ  ،چھُ وایرل تپھ تہٕ زُكام كران ۔
6988,شرٮ۪ن ہٕنٛدۍ معٲلچ چھ باقٕے بٮ۪مار یا زخٕم گژھنہٕ برٛۄنٛہٕے بچاونٕچ کوٗشش کران۔
6989,سِفارت خانہٕ كِس  عمارتس  برٛونٛہہ کنہِ سَڑک ٲس چھرو سٕتہِ  بٔرِتھ ۔
6990,تاہم، 1960 کس دٔہلہ کس ٲخرس منٛز بڑیوو مقٲمی امریکی نیہ ہنٛد استعمال۔
6991,"1 جولایی 2006 کہ تخمینہٕ مطٲبق ٲس اتہ آبادی 227,904۔"
6992,لاگ ہیکہ ممکنہ  پٲٹھۍ کیورنس سینس تھرومبوسس ، مینینجائٹس یا دماغ کہِ پسُک  بٲعث بٔنتھ ۔
6993,واریاہن صورتن منٛز چُھ این ؤرِین ہُند تعداد۔ 
6994,باسٹ ہاؤنڈز چُھ کنوہمہٕ صدی پٮ۪ٹھ پٔدٕ کرنہٕ آمت ۔
6995,قدیم کتھک پیٹھ پٲدٕ گژھن وول   بیاکھ  قٕسم چُھ ٹھُمری ۔
6996,بۄنہٕ کنۍ چُھ تِمَن فنکارن ہنٛد فہرست یمو گۄڈٕ مونسٹرکیٹس سۭتۍ موسیقی جٲری کٔر۔
6997,ساسہٕ وادٕ شتھ  چھِ بے٘ گھر تہٕ بییہِ ترٛےٚ ساس چھ طوفانہٕ كِنہِ  زخمی گٲمٕتہِ ۔
6998,سِپینسر چھ یونایٹڈ سٹیٹس کہ اوکلاہوما ریاستک اکھ شہر۔
6999,74 وٲنسہ  منٛز تٔمۍ سٕنٛزِ کارکردٕگی ٲس یٖژاہ متاثر کُن زِ فنَس سۭتۍ محبَت کرَن والیو کوٚر أمۍ سٕنٛدِ گَرِ نشہِ ساس میل دوٗر أمۍ سُنٛد فن جٲری تھاونُک فیصلہٕ۔
7000,"ولیمز زاو 6 دسمبر1948  ہیوسٹن، ٹیکساسَس منٛز۔
"
7001,اچھچھترا جین مندر چھِ شُمٲلی ہندوستان کِس اتر پردیش کِس بریلی ضلعہٕ کِس اونلا تحصیل کِس اچھچھترا گامَس منٛز جین مندرَن ہُنٛد اکھ سموہ۔
7002,اگر یہِ اکھ مضمون چھُ یُس تُہۍ صرف لیکھنُک منصوٗبہٕ چھِو بناوان، مہربٲنی کٔرِتھ لیٚکِھو یہِ گۄڈٕ تہٕ پتہٕ کٔرِو فایل اپ لوڈ۔
7003,"کھانٛدرُک اِدارٕ اوس اَہَم تہٕ مختلف قٕسمٕک خانٛدر- یک زوجگی، کثیر ازدواج، کثیر ازدواج تہٕ پولی اینڈری ہُنٛد ذِکِر چھُ رِگ ویدَس منٛز کرنہٕ آمُت۔
"
7004,قبٲلہِ  گروُپ چھِ ریوٲیتی رقصہٕ ، پنٕنہِ خاص ضِیافتہٕ كھیتھ ، اِكوٹہٕ بِہِتھ تہٕ علاو زٲلِتھ  جشن مناوان۔
7005,پرٛیتھ ہفتہٕ کٔرو پننہ کوکیز تہٕ کیشے صاف۔
7006,"ہیٚنٛدۍ مرد چھِ پننِس سینَس (جنائی) أنٛدِ اندِ لٲگِتھ پَن بدلاوان، ییٚلہِ زن نیپال کٮ۪ن کینٛژن حِصَن منٛز کورِ تہٕ زنانہٕ پننِس بٲیہِ سٕنٛدِس ہژِس راکھی گنڈان چھِ ۔
"
7007,دہن لچھن ورین تہِ كرہا نہٕ بہٕ  ہرگز یہِ توقع زِ اسرٲیلی حكومت كرِ عدالت عالیہ ہكۍ اختِیار کم ۔ 
7008,"شیو تہٕ ویشنو بھکتی رٮ۪وایتَو مِلنٲوِ  یوگ  سُوترَن ہٕنٛدِ پہلو (یِتھ کٔنہِ مراقبہ کرنٕچ مشق) عقیدت سۭتہِ ۔
"
7009,زٕ ڈیم چھ وان آرسڈیل ریزروائر تہٕ بوٚڑ جھیل پلسبری بناوان ۔
7010,"یہِ فِلِم چھےٚ تامِلس منٛز بطور مٔنِتھن تہٕ تیلگوٗہس منٛز بطور سپتھاگری ایٚل ایٚل بی دُبارٕ بناونہٕ آمٕژ۔
"
7011,1976ہس منز آو تیم گرامی ایوارڈس خٲطرٕ نامزد کرنہٕ۔
7012,یہ چھ پھلگرین فیلڈن ہٕنٛز آتش فشاں سرگرمی ہنٛد نٔتیجہٕ۔
7013,سہیادری پہاڑن ہندس مشرقی طرفس کُن دکن کین تھزرن پیٹھ  چھ آب و ہوا زیادٕ خشک، حالانکہ موسمی آب و ہوا کہ لحاظہ چھ اکثر شبنم تہٕ ڈونٹھ پیوان۔
7014,یہٕ چُھ اِشارٕ دِوان زِ فقط شستٕر  چُھ شیشہِ نٲرس نۄقصان واتناونہٕ خٲطرٕ کٲفی۔
7015,دٔیمس ہفتس منٛز گٔیہ باکس آفسس پیٚٹھ گۄڈنکس دۄہ کس کلیکشنس منٛز 85% کمی۔
7016,گرس منٛز چھےٚ سۄ وٲحد نوکرٲنی یۄس ماجہ ہٕنٛز کامہ ہٕنٛز تعریف کران چھےٚ تہٕ یہ وٕچھان چھےٚ ز سۄ کیٛاہ چھےٚ کران۔
7017,ینہٕ والین کینژھن دۄہن منٛز چھٗ پلبرا تہٕ گیسکوینس منٛز بٔڑس پیمانس پیٹھ بھارٕ روُدٗک تہٕ سہلابٗک اِمکان ۔
7018,جاۓ پٹس پیٹھ دنہٕ وول شخص یا کاربار چھِ چیز اندر تھاونٕكہِ   ذمہٕ دار۔
7019,یو ایس بی 2 چھ ٹرانسفر ریٹ 280 ایم بیٹس فی سیکنڈس تام محدود۔
7020,جیسس اوس مانچسٹر سٹی سکواڈُک حِصہٕ ییٚمہ آتھہٕ وارِ دۄہ  ویمبلے سٹیڈیمس منٛز  چیلسی2–0 سۭتہِ  شکست دِتھ 2018 کمیونٹی شیلڈ زیوٗن ۔
7021,اوکٹاوین چھ پنٕنۍ پلو بدلاونس منٛز کامیاب گژھان تہٕ چھ ماریانڈل نٲمی نوکرانی ہٕنٛدۍ لباس ژھٔنِٹھ وچھنہٕ یوان ۔
7022,خٕطس منٛز چُھ سخٕت شیٖن پیٚوان؛ پیٚنسہِ-لا چُھ صِرِف جوٗن تہٕ اکتوبر کِس مٔنٛزمِس حِصس درمِیان یلہٕ روزان۔
7023,میک ایور اوس ٹینیسی رضاکار فٹ بال ٹیٖمہٕ خٲطرٕ گۄڑنیوک آل امریٖکن۔
7024,تہنٛزِ لگاتار توجہچہِ کمی، بے عزتی، تہٕ ہدایتن پیٹھ عمل کرنہٕ نش انکار چھ واریاہ مایوُس کٗن۔
7025,برٹینی چھٗ مغربی فرانسس منٛز تہٕ امیوٗک سٲحِل  چھٗ بہرِ اوقیانوُسس منز تام  ۔
7026,پنجٲبۍ سکن تہٕ جمہوریہ ہندکس مرکزی حکومتس درمیان تناضہٕ آسنہٕ کِنۍ گٔیہ مسلہٕ شروع۔
7027,باقی ایکسٹرٛاوکولر مسلن ہٕنٛز غیر مقابلہٕ کاروٲیی ہٕنٛد وجہ سۭتۍ چھےٚ متٲثر ٲچھ سیوٚد أچھن ہنٛدس مقابلس منٛز ہیوٚر کن آسان۔
7028,کنہ غیر متوقع مسلہٕ کہ وجہ سۭتۍ میٲنس شرس اکاونٹ دنہٕ نش انکار کرنک خیال چھ مےٚ بے سۄکھ کران، امید چھ زِ پریتھ کینٛہہ گژھِ ٹھیک۔
7029,"اوڈیشا چہِ آبادی ہنز اكثرِیت     
 ( لگ بھگ %94 ) چھِ ہیندِۍ تہٕ رِیاستس چھے٘ مالدار ثقافتی وراثت تہِ ۔ "
7030,کمسٹاڈ کمسٹاڈ چھ سویڈن کس اوسٹرگوٹلینڈ کاؤنٹی منٛز نورکوپنگ بلدیہک اکھ علاقہٕ ۔
7031,سہ اوس 96 وٗہٗر ییٚلہ سُہ استنبولس منٛز موٗد ۔
7032,جرمنی، آسٹریا تہٕ برطانیہ ہس منٛز آیہِ روایتی بم استعمال کرنہٕ۔
7033,تٔمۍ اوس بروک ہاؤز مورمت تاکہ سُہ رُکاوِ مرے یس تٔمۍ سٕنٛدِ کٹھ ژوٗرِ کرنس مُتلِق وننہٕ نِش۔
7034,یہ چینل چھ شرٮ۪ن تہٕ نوجوان بڑٮ۪ن خٲطرٕ مارکیٹنگ یوان کرنہٕ ۔
7035,اضافی بوٚڈ چھُ لۄکُٹ ترییم یُس لۄکٹۍ سندِ ٹانکہ ہیوٚر چھُ۔ 
7036,ریاستہائے متحدہ کہ آیینُک شیٚیم ترمیم چھ یہٕ ونان۔
7037,شیل چھ آٹو آویل چینج سٹورن ہٕنٛد جیفی لیوب چینک مٲلک تہ۔
7038,پیواکی، وسکونسن-پیواکی چُھ وُوٚکیشا کاؤنٹی، وسکونسنُک اکھ شہر۔
7039,مُلکَس چھٗ یِنہٕ وول  صدٲرتی اِنتِخاب بٗتھہِ تہٕ امیٖدوارٔو کٔر فورن پنٕنہِ  خیالات ظٲہِر ۔
7040,یہ پارک چھنہٕ صرف پننہ شانٛدار تہٕ مختٔلف جنگلی جانورَو باپت  زاننہٕ یوان بلکہ پننہ قۄدرتی خوبصورتی خٲطرٕ تہِ ۔
7041,جھیل ٹسکالوسا آو  امہ موٗجوٗب بناونہٕ  تکیاز ٹسکالوسا ہس منٛز ٲسۍ زیٛادٕ لوُکھ روزان ۔
7042,اَتھ جنگی نِظامَس منٛز ٲسۍ ہڑتال، تھرو، مُشترکہٕ ہیرا پھیری تہٕ پریشر پوائنٹ حملہٕ ہِش تکنیک شٲمِل۔
7043,جلدی گوٚوہ أمۍ سنٛد پیشورانہٕ زندگی ترٛیٚن کروسیٹ لگامینٹن ہنٛد زخمو سۭتۍ رُکِتھ ۔
7044,یتھ مرمتس دوران پنین مۄللین فن پارن ہنز حفاظت چھِ مے٘ وارِیاہ فِكر مند كران ۔ 
7045,کیا تُہۍ چِھوٕ أکِس اکاؤنٹنٹس سۭتۍ کٲم کرنس ترجیح دِوان یُس پنُن لۄکُٹ تجارتی اِدارٕ چلاوان آسہ، کِنہ تُہۍ کٔرِو اَمِہ بجایِہ أکِس بٔڈس تجارتی اِدارس سۭتۍ کٲم کَرٕنۍ پسند ؟
7046,اتھ آلس  چھُ اکھ بہتر کیمرہ تہٕ چھُ آب  منٛز داخل گژھنہٕ نشہ محفوظ۔
7047,کینٛہہ کھیل چھِ جنگی مہارتہٕ  ظٲہرٕ کرنہٕ خٲطرٕ بناونہٕ آمتہِ  یتھہٕ کٔنہِ زن تلوارِ یا 'پٹا' یعنے لورِ ہٗنٛد استعمال۔
7048,رایزنگ پتہٕ آیہِ شٗراہن  آیرش رہنماہن  فایرنگ دستہٕ دٕسہِ  گولہِ لگاونہٕ ۔
7049,"نیوکلیسس اندِ اندِ نژان نیوکلیس 
 تہٕ لیپٹان ہٗند باڈو  روزِ تبدیلی رو٘س ۔"
7050,بشنوُ پوٗر گَرانَس منٛز چھِ  باقین سٕتہِ سٕتہِ منی لال ناگ، میتا ناگ، تہٕ مدھوونتی پال تہِ شٲمِل۔
7051,"اے ایف ایلَن کٔر واریٛاہَن سٹار کالج کھلاڑین پیٹھ تہِ دستخط یِمَن ہُنٛد مسودٕ این ایف ایل ٹیمو تہِ تیار کوٚرمُت اوس۔
"
7052,"مثلے، تم آسن   اکھ کمپیوُٹر مۄلہِ ہیوٚن یژھان مگر $3,000 منگن ۔"
7053,یہِ چھِ ایف ٹی ایس ای 250 انڈیکسس منٛز شٲمل کمپنیو منٛز اکھ ۔
7054,"یہٕ چھُ ژور یا تمہِ کھۄتہٕ زیادٕ 
 جُف عددن ہٕنٛدیو کھلاڑیو دٔسۍ گندنہٕ یِوان۔"
7055,ملتانُک بادشاہ ہرناکش آیہِ  پرہلاد سٕنٛدِس صوٗرتس منٛز نیٖکی سٕتہِ   شِکست دِنہ۔
7056,روٲیتی طور، چھ انہٕ ہوٚر اکھ سہ نفر آسان ییٚمۍ نہٕ زانٛہہ جنسی تعلق بنوومت آسہ۔
7057,ٲخٕری منظرس منٛز چھٖ ہاونہٕ آمٗت  زِ مٲلِس چھُ صرف پنِنس ژوٗرمِس نیٚچوِس سۭتہِ  روزنَس منٛز سکوٗن میلان، یُس زن نہٕ ڈولمٗت چھٗ مگر  انگلستانس منٛز تٔعلیم حٲصِل کرنس دوران کَلس لگنہٕ کِنہِ ذحنی طور   بیمار چھُ ۔
7058,پرمیتھرین، اکھ پائیرتھرایڈ کیٚمہِ مار دوا، چھٗ خأرش ہنٛد ساروٕے کھۄتہٕ موثر یلاج تہٕ یلاجٗك انتخاب ۔
7059,أمہِ  سٕنٛزن  سائنسی خیٲلی دٔلیٖلن منٛز   فلودا، جاسوٗس تہٕ پروفیسر شونکو سایِنس دان ،پادشاہ دٔلیٖل وَنن وول ترنی کھٗروُ، تہٕ ناوَل نِٔگار  لال موہن گانگولی، چھِ أمۍ سٕنٛد بنٲوِمٕتہِ  مشہوٗر افسانوی کِردارو ۔
7060,"2004-05 منٛز آیہ لگ بگ 1,529,000 طٲلب علم پرٛایمری سکولن منز، 822,000 مڈل سکولن منٛز، تہٕ 669,000 پوٗرٕ دِلہ منٛز سیکنڈری سکولن منٛز درج کرنہٕ۔"
7061,دعوا چھ آمت کرنہٕ ز سنگھن زینہ پننہ 80 ریسن منٛز 77 مگر یم چھ فرضی۔
7062,یہ ضلع چھ ہینگوُ پتہٕ خیبر پختون خواہ ہُک دوٚیم ساروٕیہ کھوتہٕ لۄکُٹ ضلع۔
7063,تلنگانہ ہَس منٛز روٗز نہٕ کانگریس زانٛہہ تہِ حکوٗمتُک حصہٕ، حالانکہِ ریاست کہ تقسیمہ برۄنہہ روٗز آندھرا پردیشَس منٛز کانگریس اقتدارَس ۔
7064,نارتھ ویسٹ ڈویژنس منٛز چُھ وۄنہِ فلیمز  گۄڈنکِس مقامس پیٹھ ، یتھ جایِہ  آل سٹار بریک برٛونٛہہ  منیسوٹا سنٛد قبضہٕ اوس۔
7065,دگ چھ عام طور کانٮ۪ن بۄنہٕ کنہ میٛادٕ کس پیٚٹھمس حصس آسان۔
7066,اگر تُہۍ پنٛنس سٲتھی یس نش الگ گٔژِھو، تیٚلہ مٔشرٲوۍ زیو نہٕ  پنن بینفیشری لسٹہٕ بدلاوُن۔
7067,چونكہِ وۄنۍ  چھِ ٹماٹرن ہنز منگ ، امہ كِنہِ چھٗس بہٕ كھوژان زِ میون ٹماٹر فصل ہیكہِ بازر گژھوٗن گِلوِتھ نِنہٕ یِتھ ۔ 
7068,"سُہ چھُ 2003 پٮ۪ٹھٕ امریکی رِپرزَنٹیٹِۄَن ہُند رُکُن روٗدمُت۔
"
7069,مردَن ہُنٛد فِلور معمولَن منز چھِ عموٗمَن اَکہِ کھۄتہٕ زِیادٕ پاس آسان یِمن ہُند کُل تعداد 60-70 سیکنڈَس درمیان آسان چھُ تہٕ زنانَن ہٕنٛدِ ایونٹَس برعکس موسیقی ورٲے چھُ پرفارم یِوان کرنہٕ۔
7070,"وایناڈَس منٛز چھُ ریاستٕک تازٕہ آبُک اکھ سر- پوکوڈ سر۔
"
7071,بہٕ چھس تۄہہ (شُرِس) پننس ذہنس منٛز اہم شاہ  پیش كران یِم مے٘ منز چھِ ، سواہ ۔
7072,تمہِ كٕر 1946 ہس منز ڈیلفٹ یوٗنورسٹی آف ٹیكنالجی پیٹھہٕ گریجویشن ۔ ۔
7073,یِہ ہیٚکہ امِہ بیکٹیریم کِہ مدافعتی نظام دباونٕكہِ صلٲحیت کِنہِ ٲسِتھ ۔
7074,سُہ اُوس جنوری1981 پیٹھٕہ جنوری 1991 تام الینوائے سیکرٹری آف سٹیٹ۔
7075,پلن كھسنٕكہِ زخم چھِ زیادٕتر تِم گِندن زخم  یِم وسہِ پینہٕ یا زیادٕ استمال كِنہِ  لگان چھِ ۔
7076,کیکٹس فلاور کیکٹس فلاور چھےٚ 1969 ہٕچ اکھ امریکی مزاحیہ فلم ۔
7077,مےٚ چھ اہم لین دین  تہٕ رسیدٕ  فایلہِ منز آسنہٕ بجایہ  سٲرِسٕیہ دفتترس چھٔکرتھ آسنہٕ كِنہِ سخ شرارتھ ۔
7078,مےٚ کھژ  پننس أکس سٲتھی طٲلب علمس پیٹھ ژکھ ییٚمۍ مےٚ  پونٛسہٕ وۄزم ہیٚتۍ تہٕ پتہٕ گوٚو واپس دنہٕ ورٲے غٲب۔
7079,بہٕ چھس لایف سٕٹایل سٹورس منٛز دٔستیاب مختٔلف عتر وٗچھِتھ  خوش۔
7080,واریاہ امریکی چِھ مانان زِ  کارپوریشنن چِھ واریاہ زیادٕ طاقت ۔
7081,گۄڈنیوٗک وٗہن دینارن ہٗند  بینک نوٹ آو 9 فروری 1986 جٲری کرنہٕ ۔
7082,صحتچ تعلیم ہندس نتیجس منٛز چھ فعال ٹریکوما ہس منٛز تہٕ کمی واقعہ گژھان ییلہٕ یہٕ لاگو چھ یوان کرنہٕ۔
7083,"السریٹو کولائٹس والین لوکن منٛز چھ عام طور  وقفہٕ وقفہٕ کورس آسان، بیمار ہنٛز غیر فعالیتکۍمدّت چھ بیمار ہنٛد ""فلایرس"" سۭتۍ متبادلہٕ گژھان۔"
7084,اتوکل پونگالا چھُ گنیز بُک آف ورلڈ ریکارڈَن بطور  دُنیاہَس منٛز زنانَن ہُنٛد ساروِی کھۄتہٕ بوٚڑ اجتماع  تسلیم کوٚرمُت، یَتھ منٛز انٛدازٕ مُطٲبِق 2.5 ملیٖن زنانہٕ شٲمِل چھےٚ گژھان ۔
7085,سارِوٕے کھۄتہٕ نزدیٖک ہَوٲیی اَڈٕ چُھ مَہاراجہ بیٖر بِکرَم ہَوٲیی اَڈٕ یُس 35 کِلومیٖٹر دوٗر چُھ۔ 
7086,نشان زد یا بنٛد جایہِ پیٹھ چھُ فری نیز بٲزی یِوان کرنہٕ۔
7087,یہِ چھٗ میموری یاداشتٕچہِ جایہ ہٗند تعیٗن كرنہٕ  یا نہٕ كرنہٕ باپت ذِمہٕ وار یٗس سافٹ وِیرن  پکنٗک اجازت  دوان چھٗ ۔
7088,یہ فلم ٲس کرن کشیپن لییچھمٕژ تہٕ اتھ ہٮ۪دایت کٲری کٔرمٕژ، ییٚلہ زن یہ موکش فلمز پروڈکشنٕکہِ کانتی چڈاہن پروڈیوس کٔرمٕژ ٲس ۔
7089,"اِنسٹا کارٹٕچ ویب سائٹ چھِ تۄہہِ چیٖزٕچ پروفائلچ شکل  + بٹنَس سۭتۍ (چیٖز ہیٚنہٕ خٲطرٕ) ہاوان، اَمہِ پتہٕ قیمت، چیزُک ناو تہٕ سائز۔
"
7090,پارکہِ چھےٚ ریاستی حُکومتس  سٕتہِ ستہِ   وزارت ماحولیات و جنٛگلات   طرفہٕ الگ الگ منصوٗبہٕ بند تہٕ غٲر منصوٗبہٕ بجٹن تحت مٲلی اِمداد میلان۔
7091,"1932 منٛز آو  ٲخر کار یونیورسٹی آف پٹسبرگ كِس  امریکی تحقیق دان  چارلس گلیٚن کِنٛگ سندِ دٕسہِ  ہیکزورونِک ایسڈ تہٕ سکروی یس درمیان تعلٗق ثٲبت كرنہٕ ۔
"
7092,اگر نہٕ توہہِ یہِ  اندازہ آسہ  زِ کیاہ پزِ ہیوٚن، تیٚلہ گژھِ ہجومس منز وسنہ برۄنہہ پانس سنجیدٕ پٲٹھۍ پنُن مقصد پرژھُن ۔ 
7093,ٹینڈی یا مرکا ماس چھ فرٛانچائزڈ فروز کنویینینس سٹورن دنہٕ آمت ناو ۔
7094,اراوِیڈو خاندان کیو جانشینو کٔر اتھ علاقس پیٹھ حکومت مگر سلطنت گیۍ 1614 منز تباہ ، تہٕ بیجاپور سلطنت تہٕ باقین سۭتۍ جٲری جنگو سۭتۍ گیۍ ٲخری باقیات 1646 منز ختم ۔ 
7095,توہہِ  چھِوا پزِ پٲٹھہِ   آبہٕ  سواری منٛز گژھٗن یژھان ییٚلہ زن تم ہفتس منٛز صرف اکہ لٹہ آب بدلاوان چھِ؟ 
7096,19 مہٕ صدی منٛز، برطانیہس منٛز گیہٕ جدت طرازی مینوفیکچرنگس منٛز انقلابی تبدیلین، فیکٹری سسٹمچ ترقی، تہٕ ریلوے تہٕ سٹیم شپک ذریعہٕ نقل و حملچ ترقی ہنٛد بٲعث۔
7097,"آکاش وانی میلہِ مجموعی طور تَنقیٖد نِگارن ہِنٛدِ    مثبت جٲیزٕ۔
"
7098,اکہ دۄہ  وٗچھ مے٘ اكھ  طٲلب علم پننس اتھٕ سۭتۍ نس وۄتھراوان  تہٕ پتہٕ یہِ جواب کس شیٹس متھان ۔
7099,یہٕ اصطلاح چھ خاص طور تمہ وز استعمال گژھان ییٚلہ مرد بیٚیس زنانہ سۭتۍ خانٛدر چھ کران۔
7100,تمۍسندی نیٚچوۍ فرینکلن گراہمَن کٔر تمس پیروی ،21 ہمہ صدی منز کوٚرن تبلیغ ۔
7101,یہ چھ ذہنس متٲثر کرن والیٛن باقی حالاتن منٛز اہم فرق۔
7102,سنگھ گوٚو پنٛنہ زندگی سۭتۍ مایوس تہٕ کرُٔن ڈاکو بننس پؠٹھ غور مگر أمۍ سٕنٛدۍ أکۍ بٲیہ، ملخانن کوٚر تٔمس ہندوستٲنہ فوجس منٛز بھرتی کرنٕچ کوٗشش کرنہٕ خٲطرٕ حوصلہٕ افزٲیی۔
7103,سرکٲرِ تقریبہٕ چھ امہ دۄہ تھیروُ اننتھ  پوُرم ، کوچی تہٕ کوزی کوڈس منٛز آتش بازِ سۭتۍ زبردست زوُلہٕ  سۭتہِ شروٗع سپدان۔
7104,تژھ اکھ کرو تلاش  یۄسہ مزورِ پیٹھ کم از کم اَکہِ ؤرۍ یُک کوریج فراہم کرِ تہٕ حصَن باپت ترٛےٚ پیٹھ سَتھ ؤرۍ یَن تام۔
7105,مٗنصِفن  برٛونٛہہ کنہِ آیہِ گِرِفتٲری ہِنٛز دَہن مِنٛٹن ہِنٛز صدابندی  چلاونہٕ یَتھ منٛز کرٛٮ۪کہٕ چِکہٕ تہٕ باسنہٕ کِنہِ لوتہِ لوتہِ  حُکُم بوزنہٕ آیہِ ۔
7106,بلدِیٲتی  علاقُک مرکز چُھ پروون شہر تہٕ امکہ، سرحد ۔
7107,"ریلیز گژھنہٕ پتہٕ کٔرِ کمانڈوہن تنقیٖد نِگارن ہٕنٛدِ طرفہٕ رلہٕ مِلہٕ تہٕ مثبت جٲیزٕ حٲصِل۔
"
7108,مےٚ چھ ژھرِرُک احساس گژھان۔
7109,مےٚ چھ تِمن فٹ بال کھلاڑین ہنز دٕےگژھان  یم ریفرین أندۍ پٔکۍ جمع چھ گژھان تہٕ پرٛیتھ لٹہ فاؤل گژھنہٕ وز چھ تمن مانراونٕچ کوشش کران۔
7110,امہ خطُک کن دٔریاو چھ لوُنی۔
7111,"فسادن ہندِس صوُرتس منز تھٲوِ  امریکی حکوُمتن نزدیكھٕیہ    19,000 سپاہ تیار ۔"
7112,یمنا دریاو اوس پنجاب تہٕ یو پی یس درمیان تاریخی سرحد، تہٕ امکۍ سہلاب میدان چھ زرخیز میٚژِ  فراہم کران یۄس زراعتہٕ خٲطرٕ موزوں چھ ،مگر یمن منٛز چھ بار بار سہلاب یوان۔ 
7113,"گَرٕکہِ دروازٕ چھِ رنٛگہٕ دار توٚملہٕ آٹہِ  سۭتہِ واریاہ  اصل پٲٹھہِ سجاونہٕ یِوان۔
"
7114,"جدید تریپورہ ہُک علاقہٕ یتھ پٮ۪ٹھ واریاہَن صدین تام مانیکیہ خاندانن حکوٗمَت کٔر اوس برطانوی سلطنتٕچہِ  زیرِ نگرانی  آزاد شٲہی ریاستُک حصہٕ۔
"
7115,نتیجہ پٲٹھۍ چھُ پڈوچیری کُنہِ کُنہِ ساتہٕ کم ٹیکسُک فٲیدٕمیولمت، خاص کربِلا واسط آمدنی منز۔
7116,اوبرونَن کوٚر بیٛاکھ خانٛدَر 1957 ہَس منٛز اطالوی نژاد صنعت کار برونو پگلیایِی سۭتہِ ،  تٔمِس سۭتہِ  رٹِن  زٕ شُرِ منگتہٕ تہٕ روُز کیورناواکا، موریلوس، میٚکسیکوَس منٛز۔
7117, پننہِ  طرفہٕ کٔر راجپوتاناہن گول کرنہٕ  خٲطرٕ    تمام کوٗششہِ  ۔
7118,دسمبر 2017 ہس أنٛدۍ پٔکۍ کوٚر واٹکنزن أمۍ سٕنٛدۍ گیم گنٛدنٕکۍ ویڈیو بناون شروٗع۔
7119,"نام نہاد خطو٘ منزٕ چھِ کینٛہہ  ٹرانسپورٹر پروٹین یتھ کٔنہِ زن او سی ٹی این 1  تہٕ او سی ٹی این 2 اینکوڈ کران۔
"
7120,"انداز چھُ زِیٛادٕ تَر پرٛیتھ انفرٲدی کوہ پیمٲیی پیٹھ منحصر تہٕ کوہ پیمَانن منٛز تہِ ہیکہِ زبٲنی تہٕ تعریفہٕ مختلف ٲسِتھ۔
"
7121,اتھ تحریکس ٲسہِ واریاہ پیروکار، یمن منٛز گگنیندر ناتھ ٹیگور، رام کنکر بیج، جیمنی رائے تہٕ رابندر ناتھ ٹیگور شٲمِل ٲسہِ۔
7122,یہ چھ بالی ووڈ فلمہ خٲطرٕ تیہنٛد گۄڈنیک کمپوزنٛگ تعاون۔
7123,بفیلو گوٚو برٛۄنٛہہ ییٚلہ تھامس ونیکن قدرتی ہیٹ ٹرک حٲصل کٔر۔
7124,مےٚ گو٘ نہٕ پنٛنٮ۪ن کنن پٮ۪ٹھ بھروسے ییلہِ مے٘ پنٖن فرج  بوٚمبررٕ گنہٕ کھۄتہٕ تیز شور كران بوٗز ۔
7125,دویم ، تٔمس ٲس کنفیڈریسی خٲطرٕ یورپی حمایتٕچ ضرورت۔
7126,اولمپکسس منٛز لِتھوینیا: لتھوینِیا اوس پیرسَس منٛز 1924 سَمر اولمپِکسس منٛز گۄڈنِیوٗك ۔
7127,عموٗمن چھ ہند-یونٲنین ہنٛد فن ناقص  پٲٹھہِ دستاویز کرنہٕ آمٗت ، تہٕ   تہنٛدٮ۪و سکو تہٕ کنہِ تختو٘  علاوٕ چھ فنٕچ كینہہ فن پارٕ براہ راست تمن سۭتہِ منسُوب كرنہٕ یوان ۔۔
7128,دٔریاوُک آب چھُ آخرس خلیج بنگالس منٛز وَسان۔
7129, تَمہِ رٲژ  ژیرِ چٛے٘  جیوتھی چنناہس خطا كھٲرِتھ پنٕنہِ ہژِ ژٹان ، نتیجن چھِ دونوے كھوٗن زایہ گژھنہٕ سٕتہِ مران ۔ 
7130,"دہی ہانڈی اصطلاحُک لفظی مطلب چھُ ""زامتہِ دۄدُک میٚژِ بانہٕ""۔"
7131,دیؤڈن ووٚن ساؤلس زِ سُہ کرٕ امہ بجایہ پنٗن گٗلیلہٕ  اِستمال ۔
7132,موررم: موررم چھ سویڈن چہ بلیکنگ کاونٛٹی منٛز کارلشمن بلدیہک اکھ علاقہٕ۔
7133,ڈایورٹیکیولائٹس ڈایورٹیکیولائٹس چھ نظام ہاضمچ اکھ بیمارۍ۔
7134,کینٛژن مٲلکن ہنٛد خیال چھ ز یتھۍ اصطلاحاتک استعمال کرن چھ بے عزتی ، تہٕ ہیکہ ناراض گژھتھ ۔
7135,امہ پتہٕ، آیہِ پروٹینس منٛز تبدیلی  براہ راست ترتیب ذریعہ پرزناونہٕ ۔
7136,فیس بکس پیٹھ چھٗ امیٗک مطلب   تۄہہ چُھ کمپنی تہٕ باقیہ گراكن  دۄشونی ہندِ وٗچھنہٕ باپت پنٗن پوسٹ عوٲمی بناونٕچ ضٔروٗرت ۔
7137,کیراٹوکونس ہٕکۍ پٲٹھۍ چُھ امیُک تشخیص عام طور بیمار سٕنٛدین  نیم بلوغی ہِنٛدین ؤرین منٛز کرنہٕ یِوان تہٕ یہِ چُھ وُہن تہٕ ترٛہن ہِنٛدین ؤرین منٛز پنٛنہِ شدید حالت رٹان۔
7138,بۄنہٕ کنہِ دِنہٕ آمٕتۍ ٹیبل چھِ ریاستہٕ کہِ ذریعہٕ سیراب گژھن وٲلۍ زرعی علاقُک حصہٕ، فی ہیکٹر زرعی پیداوار، تہٕ استعمال گژھن واجیٚنۍ مختلف آبپٲشی ٹیکنالوجیزن ہُنٛد تناسب فراہم کران۔
7139,یہ چھ مایوٗس یا بٮ۪کار محسوس کرنہٕ کس وقتس منٛز محبت تہٕ دیانت دأری متعلق کتھ کران۔
7140,ٹیم گِنٛدِ یِنہٕ والہِ  رٮ۪تہٕ ویٚنکوؤر، برٹش کولمبیاہَس منٛز 2010 کِس سرمٲیی اولمپکسَس منٛز۔
7141,اَگرچِہ یِہ تُرکی ہُند ساروِی کھوتہٕ بوٚڑ شَہَر چُھ، مَگر یہٕ چُھ نہٕ دارالحکومت۔
7142,"1704  تام کٔرۍ اورنگ زیبن تورانہ، راج گڑھ تہٕ کٮ۪نٛہہ باقی مٹھاہ قلعہ زیادٕ تر مراٹھا کمانڈرن رشوت دتھ فتح، مگر 
 اتھ لگۍ تمس ژور قیمتی ؤری ۔"
7143,"یہِ چھُ میرک سب ڈویژنُک صدٕر مقام۔
"
7144,مقٲمی جہاز بناون والین  تہٕ ناوٕ بناون والٮ۪ن ہٕنٛدِ  مہارتٕچ  چھِ سیٹھاہ منگ  ۔
7145,سۄ ٲس ریسرچ کارپوریشن ایوارڈ حٲصل کرن واجیٚنہِ گۄڈنِچ زنان تہِ ۔
7146,میانہ انکم ٹیکسہٕ علاوٕ غیر ملکی ترسیلات زرس پیٹھ 20 % ٹیکس چھ میٛٲنس خونس گرٛیکھ کھالان، خاص طور ییٚلہ مےٚ پنن ووٹ یمنٕے دیت۔ (کلائنٹ)
7147,اَتھ فِلمِہ منٛز چھِ پَوَن ملہوترا، رائما سین، تلوطما شوم، اندرانیئل سینگپتا، فاروق شیخ، شترنجے دیوورت، ردھی سین، روچا انعامدار تہٕ وکٹر بنرجی شٲمِل۔
7148,"واریٛاہ دَزمٕژن  لاشَن ہُنٛد  بےٚ شُمار سوُر چھُ دٔریاوَن نیلِس سمندرَس منٛز واتنوومٗت ۔
"
7149,یہِ چُھ 17 ہفتن تام پکان تہٕ چِھٗ نیشنل نیٹ بال لیگٕچ جاے رٹان ، یُس صرف دۄن ہفتن منٛز گنٛدنہٕ  آمٗت اوس ۔
7150,"یہ چھ أکس زنانہ تہٕ شرۍ سٕنٛدس دزوٕنہ عمارتہ منٛزٕ بچاوس متعلق۔
"
7151,مثالے ، فرض کٔریو تو٘ہہِ ہییو٘ اكھ دستی سالانہٕ وضیفہٕ یتھ  ستن ؤرین تام 7 فیصد سٗپٗردی خرچہِ آسن ۔
7152,امہ مزید ،بنٲوِیو یقینی  زِ تہنٛز ذِمہٕ دٲری یی تٗہندِ ٲخری محلتہٕ كھو٘تہٕ برون٘ٹھیہ دٲخل كرنہٕ ، یتھ منز رپوٹ ، رسیدٕ، تہٕ فوٹوُ ہی میڈیا اپ لوڈ کرنہِ شٲمل چُھ ۔
7153,ییٚلہ مےٚ فریزر کھول تہٕ اتہِ اچانک آبہٕ ڈل وٕچھِ ژٕ گوژھٗكھ میون بٗتھ وٗچھٗن  ۔فریجس چھےٚ مرمتٕچہِ  ضروٗرت۔
7154,دوٚیمِہ طَرفٕکۍ مُکہ باز چھِ عام پٲٹھۍ پنِنِس مخالفس مُشَو سۭتۍ پتھر پاوان۔
7155,تمہِ گِیوٗند  بطور دونویہ اوٹ سایڈ لیفٹ تہٕ سینٹر فارورڈ ۔
7156,"یہٕ اوس 1945 منٛز کھولنہٕ آمت، تہٕ آو 1993 تس منٛز گیونگبوک پیلسس منٛز دوبارٕ کھولنہٕ۔
"
7157,"دیہی تھائی لینڈ تہٕ لاؤسس منٛز، مورین تہٕ سکرب ٹائیفس چِھ تمام بالغن ہنٛد تقریباً ژورمہٕ حصہٕ آسان یُس ہسپتالس منٛز تپھ تہٕ منفی خونک ثقافتن سۭتۍ پیش چُھ کران۔
"
7158,"ایجیئن ایئر لائنز ایجیئن ایئر لائنز چھ اکھ یونٲنی پرچم بردار ایئر لائن۔

"
7159,یہ چھ مقٲمی امریکی مذۂبی تقریٖبن منٛز بطور دوا استعمال کرنہٕ یوان۔
7160,چیلسی ، اوکلاہوما  چیلسی چِٗھ اوکلاہوما، امریکاہَس منٛز اکھ شہر   ۔
7161,عمر چھ تس پننس ٹیمس منٛز قبوُل کران تہٕ  تس گاڈِ كیتھ افغانستان نِوان ۔
7162,لی کرِ نہٕ زانٛہہ تہِ یوُنینس پیٹھ حملہٕ کرنٕچ کوُشِش ۔
7163,اتہ چھ سامبھرس منز نونٕکۍ بٔرۍ بٔرۍ ذخیرہ تہ بیٚیہ چھِ کھیتری، جھنجھنوہس منز ترٛامہٕ کانہٕ، تہٕ دریبا ، زاور کانہٕ، تہٕ بیٚیہ بھیلواڑہس نذدیک رام پور اگوچاہس (اوپن کاسٹ)  منز زنٛک کانہٕ۔
7164,نار پیٹھ  قوبوُ کرنٛس لٕگہِ  نار ژھیوراون وٲلِس عملس  تہٕ  تہٕ ترٛین ہیلِكاپٹرن  بَاہ  گٲنٛٹہٕ۔
7165,تٔمۍ کوٚر مرسیڈیز طرفہٕ تہنٛدس ڈرائیونگ ڈیولپمنٹ پروگرامس منٛز شٲمل گژھنٕچ پیشکش پؠٹھ تہِ غور۔
7166,ایم آر ایف چیلنج چھُ اکھ فارمولا 2000 اوپن وہیل موٹر سپورٹ فارمولاہَس پٮ۪ٹھ مبنی سیریز یُس مدراس موٹر سپورٹس کلبَن ایم آر ایفَس سۭتہِ مِیلِتھ منعقد کران چھُ ۔
7167,"یہِ دریاو چھُ سُنابیڈا سطح مرتفع پیٹھٕ شروع گژھان تہٕ چھُ مراگوڈا وادی منٛز دٲخٕل گژھان ییٚتہِ اتھ سۭتۍ پٹورا گامَس نزدیٖک گیدھاس نالہٕ ناوُک اکھ نالہٕ چھُ رَلان۔
"
7168,کاشیرا دٔریاو چھُ بنگلہ دیش تہٕ آسام، ہندوستانُک اکھ معاوُن دریاو ۔
7169,پرٛیتھ ٹیمس  منٛز چِھ عموٗمن ترٛےٚ کھلٲڑِ آسان، تہٕ اکِس  تیز رنگ چہِ ہلكہٕ پلاسٹِك بالہِ چھٗ تجیح دِنہٕ یوان۔
7170,"تٔمۍ کٔر امہ برٛونٛہہ 2013  پٮ۪ٹھ 2017 ہس تام نیو ہیمپشایر کس 81 ہمس گورنر سٕنٛدۍ پٲٹھۍ کٲم۔
"
7171,تنہٕ پیٹھہٕ چھِ شہرن واریاہ شٔہری وٗصعت وٗچھمٕژ ۔
7172,آسٹریلیاہن اوس کھیل کٮ۪ن 84 منٹن تام نظم و ضبط تہٕ منظم جاپٲنہِ دفاع ہٗک مٗقابلہٕ کوٚرمٗت۔
7173,مےٚ سوٗچ  توہۍ چھِو کٗنہِ دوُر روُزِتھ ۔ توہہِ  چھِوٕ دٔچھنِس  کوُنَس نكھے۔  (مقٲمی)
7174,"ژٔنٛدٕروارِ دۄہ میُول beijingticketing.com خریدارَن ""ایلن سکاٹ"" ناوٕ کستام  سنٛد ای میل، یَتھ منٛز یہِ دعوا اوس کرنہٕ آمُت زِ سایٹہِ ہندۍ ٹکٹ سپلائرَن اوس دیوالیہ گژھنہٕ خٲطرٕ درخواست کوٚرمُت۔
"
7175,جل مندر یا ٲبی مٔنٛدِر چھُ ہِنٛدُستٲنہِ رِیاست بِہار كِس  پاواپوری منٛز واقع ۔
7176,"بدقسمتی کِنۍ  چُھ یہ باسان زِ زیادٕ تر روایتی جنگس پیٹھ مبنی ڈوئی لیان تہٕ یمن ہنٛد تربیتی طریقہٕ چُھ غیب گومُت، خاص طور ہتھیارن متعلق۔
"
7177,اَمہِ علاوٕ ہٮ۪کَو قدیم  فرنیچر ٹھیكھ  کٔرِتھ ، دُوبارٕ رنٛگ کٔرِتھ ، یا نٔوِ کپرٕ سۭتہِ  دُبارٕ سجٲوِتھ چِك ڈی آیہ وایہ ہی بناونہٕ یِتھ ۔ 
7178,"سی وایہ پی  26 اے 1, سی وایہ پی  26 بی تہٕ سی وایہ پی  26سی 1 باپت جین چھِ  آر اے کیو تھدیو سطحو دٕسہِ دِنہٕ یوان ، یِم خۄد باقایدگی ہٗند لوُپ فراہم كران چھِ ۔ "
7179,وۄپرن سۭتۍ کتھ کرنہٕ وِز گژھہِ پننہِ ہستِیہِ سیٚود پٲٹھۍ کتھ کرٕنۍ۔
7180,میلاٹو گزرییہ 11جنوری 2013 ہس منٛز روم، اٹلی منٛز لب لب کہ کینسر سۭتۍ۔
7181,کٮ۪نٛہہ عدالتہٕ چھےٚ صِرِف فٲصلُک خُلاصہٕ فراہم کران۔ 
7182,اتخمینہٕ  مطٲبق چُھ اکِہ ؤری کھوتہٕ کم وٲن٘سہِ ہندین 0.5% امریكی زا شُرین  منٛز پرٹوسِس مُہلِک آسان۔  
7183,أمہِ سٕنٛدٮ۪و نزدیٖکی تہٕ عٔزیٖز رِشتہٕ دارو کٔرۍ مغل دربارس منٛز اَہم عۄہدٕ حٲصِل یِمن تٲریٖخ دان نوٗر جہان جنٛتا  اسطلاح دِوان چھِ ۔  
7184,ڈولن ہوٗر مارچ کس شروعاتس منٛز جنوبی کیرولینا ہَس منٛز دوبارٕ بُشس نِش۔
7185,یم کمپیوٹر مائیکروسافٹ ونڈوز چلاوان چھ تم چھ فری بی ایس ڈی تہ چلاوان ۔
7186,عام طور چھِ پریتھ دۄہ 1 پٮ۪ٹھ 2 مِلیگرام  بطور بو٘ڈ خۄراك ضروُرت ۔ 
7187,تٔمۍ کوٚر گۄڈم گۄڈٕ  پننین متقی عیسٲیی عقیدن ہٕندِ وجہ کِنۍ آتھوار  مقابلہٕ کرنس نکار۔
7188,مثلاً، اگر تُہۍ کرسمس کُکیز دِوان چھو، تِم تٔھیِو کرسمَس پیٚٹھ مبنی ٹیٖنہٕ ڈبس منٛز۔
7189,"علی گڑھ مُسلِم یوٗنیورسٹی منٛز اکھ ہاسٹل، یَتھ منٛز سُہ سابق طالبہِ علم اوس، چھُ تمۍ سٕنٛدِس ناوَس پیٹھ ناو تھاونہٕ آمُت۔
"
7190,"تھینکس گیونگ فٹ بال چھِ اکھ امریکی رٮ۪وایت، یو٘سہٕ  واریٛاہن ہائی سکوٗلن، کالجن تہٕ پیشہٕ ورانہٕ کھیلَن ہٕنٛز میزبٲنی کران چھِ ۔
"
7191,"کارا زاو دی برونکس، نیو یارک سٹی، نیو یارکس منٛز۔
"
7192,تنقید آو أمۍ کس پلاٹس تہٕ تشدد کین عنصرن پیٹھ کَرنہٕ۔
7193,جنریٹر چھٗ الیکٹرک موٹرس بجلی فراہم کران یٗس ڈرائیو شافٹس پھِرناوان چھٗ ۔ 
7194,ون پلس 8 ٹس میوُل ایل پی ڈی ڈی آر 4 ایکس قٕسمٗك  ریم تہٕ ون پلس 8 پرو ہَس میوُل  ایل پی ڈی ڈی آر 5۔
7195,بینکس منٛز نابالغن باپت اکاونٹٕکۍ اختیار وٗچھتھ چھ مےٚ یہ سوچتھ افسردگی ہنٛد احساس گژھان ز میون شر کوتاہ جلدی چھ بڑان۔
7196,یہ چُھ نائکس ، راتچ دیوی ہنٛد جڑواں ۔
7197,رود چھٗ ہلکہٕ چھلیو پیٹھ تیز بارانس تام آسان۔
7198,1986 منٛز، تم گٲی ہانگ کانگ اکیڈمی فار پرفارمنگ آرٹس منٛز شٲمل۔
7199,"بحیرہ عرب چُھ ہندوستان کِس مغربَس منٛز واقع، خلیج بنگال تہٕ بحر ہند چھُ بِلترتیب مشرق تہٕ جنوٗبَس منٛز واقع۔
"
7200,گووِنٛد سُنٛد گۄڈٕنیُوک مُقدِمہٕ آسنہٕ کِنہِ کیٛاہ سُہ تہٕ تمۍ سُنٛد اسسٹنٹ  گَژھا مُلزِم بچاونَس منٛز کامیاب؟
7201,تِہنٛدِ دورٕ پتہٕ چھُ کمیشنَس ووٹرَن پنُن فٲصلہٕ کرنس منٛز مدتھ  کرنہٕ باپتھ 4 جٗلایس  تام  اکھ رپورٹ لیکھٗن تہٕ آئی او سی میمبرن پیش کرٗن ۔
7202,مایکرٛوسافٹ تہٕ کایِنٛڈ دِن پنٛنہِ سافٹ وِیر باپت  سرکارن سۭتۍ مُعاہدن ہُند درخواست۔
7203,اندرٕ دنش سرپھ چھ آبہٕ خۄڑن منٛز تہٕ چھ آبہٕ چہ فراہمی کنٹرول کران۔ 
7204,یہ چھ بوزمین ، مونٹانا ، امریکہس منٛز واقع ۔
7205,یہ ٲس جرمنی منز  جرمنی منز مقامی زبانہِ  منز گۄڑنچ ویب سائٹ ۔
7206,"مولائی وَن چھُ کوکیلا مٗکھ ، آسام، ہُنٛدوستانس نزدیٖک برہم پُتر دریاوَس منٛز ماجولی ضلعس منز اکھ وَن۔
"
7207,كُنہِ سٕیہ زنِس  تربیتس منٛز چھُ نیزٕ سٕتہِ كنہِ ڈھیرس نِشانہٕ لگاونہٕ یوان ۔ 
7208,یہِ چھٗ امریكا ، كینڈا تہٕ سپینس منز گراكن خدمات فراہم كران ۔۔
7209,فیس بٗک چھٗ راز دٲری پٮ۪ٹھ واریہن تنازعن منٛز شٲمل ۔
7210,مہا میٹرو چھ ممبے میٹروپولیٹن علاقہٕ ورٲے تمام مہاراشٹرا ریاستی میٹرو منصوبن ہندِ نفاذک ذمہٕ دار۔
7211,تَمہِ وِزِ اوس شیواجی  پنٗن فوج ہیتھ پنہالا قعلس منز ڈھیرٕ ترٲوِتھ ۔ 
7212,آثار قدیمہ چھٗ قدیم مصرس تہٕ یوُنانس منٛز سِنگار سامانہٕ   کہ استعمالچ تصدیق کران ۔
7213,"ریاستس منز چھ 51,837,507 خواندہ، ییٚمیُک شرح خواندگی 80.33 فیصد چھُ۔"
7214,تٔمۍ کوٚر بیمار آسنہٕ کنہ موسیقی نش سبکدوش تہٕ پنن وقت گزورن پینٹنگ کرنَس منز ۔
7215,یہ چرچ چھ چرچ آف سویڈن کس ویسٹرملم پیرشس سۭتۍ تعلق تھاوان۔
7216,سۄ بنٛییہِ  گۄڈٕنِچ فنتاسی سنیما شروٗع کرَن واجیٚنہِ  ییٚتہِ تٔمہِ  ابتدٲیی خصوٗصی اثراتَن باپتھ ٹرِک فوٹو گرافی استعمال کٔر۔
7217,ریوالور رانی آیہ 25 اپریل 2014 رِلیٖز کرنہٕ۔
7218,زیادٕ تر درٛال چھِ کرنسی بدلاونٕچ پیشکش کران مگر تۄہہِ ہیٚکہ بہتر قیمت میلِتھ اگر تُہۍ کانٛہہ مختلف خدمَت نِیِو۔
7219,اتھ لگن مزید ژور ؤری یوٚتام تمۍ سٕنٛدۍ مول موج تمس نوکری ترک کرنک اجازت دن۔
7220,UV- لایٹ ذٔریعہِ یا پننیو أچھو س“تۍ وچھتھ کٔرِو یہِ نِشانہ تلاش تاکہِ یقینی بنٲوِو  تُہُند نوٹ چھُنہٕ نقلی۔
7221, جدید سماجس منٛز زنانن ہٕنٛدٮ۪ن حقوقن ہٕنز پامٲلی ہُند مشاہدٕ کرُن چُھ اشتعال انگیز۔
7222,یہودی کیلنڈرس پیٹھ انحصارچ عدم اطمینان کہ وجہ سۭتۍ، کنہہ عیسائیو کوٚر آزاد حساباتن سۭتۍ تجربہٕ کرن شروع۔
7223,یہِ رُکاونہٕ خٲطرٕ تھیِو تمام ہارڈ کاپی دستاویزات ، یتھ کٔنہِ  زَن چالان، اسامہِ ہٗند  رِکارڈ، ملازمن ہندِ  مولوٗمات تہٕ باقیہ  اَہَم تَفصیٖلات وٲلہِ دستاویزات شیرِتھ ۔
7224,"کوارٹر بیک چھُ جُرمُک رہنما۔
"
7225,"ہاؤنڈز اینڈ جیکلز، بیاکھ اکھ قدیم مصری بورڈ گیم، گٔیۍ تقریباً 2000 قبل مسیح منٛز نمودار۔
"
7226,"پنٛنِس ژارنہٕ آمتِس ٹکٹ آفسَس پٮ۪ٹھ یا یُس چیز تُہۍ یژھان چِھو تَمِہ خٲطرٕ کٔرِو پٔتِم کیمپ آؤٹ آن لایِن تلاش، تہٕ وٕچھِو زِ کَمہِ وِزِ وٲتۍ کیمپِنگ کرن وٲلۍ لٲن بناونہٕ خٲطرٕ۔
"
7227,زٕ بنکر ٲس ہیرن ہٕنٛد سیٹن ہٕنٛد ذریعہٕ جڑتھ یم صحیح زاوین پیٹھ قٲیم کرنہٕ آمٕتۍ ٲسۍ۔
7228,پتہٕ آیہِ تِم گَرٕ واپس تہٕ كورٗكھ آرام  تِکیٛازِ شبت اوس آفتابَ لوسہٕ پیٹھہٕ  شروٗع گومٗت ۔
7229,"2000 ہس منز ٲسہِ اتہِ  تقریباً 2,800 لوُکھ  روزان۔"
7230,چھٹھ پوٗزا چُھ اکھ لوکہ تہوار یُس ژۄن دۄہن جٲری چُھ روزان۔ 
7231,امیک رازدٲنی شہر چھ کوہیما تہٕ امیک ساروٕے کھوتہٕ بوٚڈ شہر چھ دیماپور۔
7232,اَتھ منٛز چُھ نانا پاٹیکر تہِ اہم کِردارس منٛز۔
7233,یپٲرۍ! تۄہہ چھوٕ نا یاد مےٚ کس رنگ ونیٛوموٕ تۄہہ؟ تہۍ کیٛاز چھوٕ یہ اکھ انان؟
7234,سلیگٗڈی  کوریڈور، یو٘سہٕ  بھوُٹان، نیپال تہٕ بنگلہ دیش کیو  سرحدو كِنہِ سیٹھاہ تنگ چھِ ، چھ جزیرٕ نٗما ہندوستانس شمال مشرقی ریاستن سۭتہِ جوڈان ۔ 
7235,نان ٹریپونیمل ٹیسٹن منٛز  غلط پوزیٹیو ہیكن  کیٚنٛژو  وایرل انفیکشنو سۭتہِ  ٲستھ، یتھ کٔنہِ زن ویریسیلا (چکن پوکس) تہٕ شٗتٕلہِ ۔
7236,"میٹروپولیٹن لاین ٲس زیر زمین گۄڈنیُک حصہٕ، یس بناونہٕ آو۔
"
7237,تیم سُند کیریئر گوو 1953 منٛز شروع تہٕ 2005 منٛز پننہٕ ریٹائرمنٹ تام روزن۔
7238,"1927تام اوس خرلیپوسی یادرینسکی ییزد کِہ الیکووسکایا وولوسٹُک حصہٕ۔
"
7239,سمندری طوُفان  کلیئرن تور سٲحلس  کراتھا پیٹھٕہ 100 کلومیٹر شمالس منٛز اپور ،  پلبرا خطس 195 کلومیٹر فی گھنٹہٕ رفتار كہِ   واوٕ سٕتہِ دٕنِراوان ۔ 
7240,وۄں گو٘و، یہ چھنہٕ غیر ملکی شہرین ہندِ باپت یلہٕ۔
7241,1956-57 ہس منٛز ییٚلہ سکوُل یوواجانولسوم (سابقہ ناو) شروٗع گوٚو، یہ اوس نہٕ تتھ قٕسمس، شان و شوکتس تہٕ وسیع کنواسس كٗنہِ  نزدیٖک   یتھ تام ونٔ یہ تیوہار وۄنہِ ووتمٗت چھٗ ۔ 
7242,یہٕ اوس بیبرس سٕتۍ لوئس فونسی تہٕ ڈیڈی یانکیس درمیان گوڈنیک تعاون ۔
7243,پنجیبہِ  سنیما ہٕچ اداکارٕ شہناز گِل، جنوبی ہندوستانہِ  سنیما اداکارٕ مالویکا شرما، تہٕ نٔوٕیہ آمٕژ پلک تیواری آآیہِ ساین كرنہٕ ، یِمو کبی عید کبی دیوالی سۭتہِ پننہِ گچڈنِچہِ  ہندی فلمِہِ مَنٛز كٲم كٕر۔
7244,مِثالن منز چُھ رِیموٹ کنٹرولُک استعمال تہٕ کمپوٹر ؤرڈ پروسیسِنگ پروگرامَن منز  لفظ  خودمکمل کرنٕچ خصوصِیت شٲمل، یوسُہٕ دۄشؤنی کامِین مکمل کرنس منز معزور انسانَن مددچھیہٚ کران ۔ 
7245,ماہر چھ الور سنت کلشیکھرا تہٕ نایَنار سنت چیرمن پیروملن سٕنز شناخت کینٛہہ قدیم ترین پیروملن سۭتۍ کران۔
7246,یہٕ اوس وولٹ ڈزنی سٕندٕ پانہٕ تیار کرنہٕ آمُت واحد سائنس فکشن فلم۔
7247,طبی تحقیقہٕ سۭتۍ چھ پتہ چلاونہٕ آمت ز مصنوعی چرس چھ عام چرس کھوتہٕ واریاہ زیادٕ خطرناک۔
7248,پرٮ۪تھ مرحلس پیٹھ  چھےٚ اہم تفصیٖل آسان یِم اتھ مرحلس منٛز گژھان چھ ۔
7249,"یِم چھِ ذٲتی تہٕ عوٲمی طور  چلاونہٕ یِنہٕ وٲلہِ سکولَو پٮ۪ٹھٕ کالجَن تام۔ 
"
7250,ہوُورس سندِ  مٗطٲبق چھٗ یہ نیٹ ورک پرٹزکر كٗمبٕچ  ملکیت ۔
7251,فلمہِ ہنٛز موسیقی ٲس فیزان حسین-ایگنیل رومنن ترتیب دِژمٕژ ، ماضی چھُ تِہُند گۄڈنِیوُك تِجارتی ایلبم ۔
7252,تمہِ چھِ واریاہ کتابہٕ لیٚچھمژِٕ یم لٗکو٘ واریاہ پسند کرِ۔
7253,صارفس میلہِ  سافٹ ویئرک پری ویو یا ڈیمو مفتس منٛز۔
7254,فلپ سٕندین یِمن بیانن آیہ ہندوستانَس منٛز بٔڈس پیمانَس پیٹھ مذمت کرنہ۔
7255,مےٚ چھ افسوس ز وزارت تعلیم چھ فن تہٕ ثقافتی پرٛوگرامن خٲطرٕ مٲلی امدادس منٛز کٔمی کران۔
7256,"2011 چہِ مردم شماری منز کٔرِکھ مہاراشٹرس منز لگ بگ 44,000 پارسی درٕج۔"
7257,"امبانی آو ہندوستان واپس تہٕ کوٚرُن پننِس دوٚیمِس پِترِس بٲیِس چمپک لال دمانی سۭتۍ،یُس یمنَس منٛز تٔمِس سۭتۍ روزان اوس، شراکتَس منٛز ""مجن"" شروع، ۔
"
7258,وۄنۍ چُھ جاپانس منٛز مختلف جایَن آیِس کینڈٕل فیسٹِوَل منعقد کرنہٕ یِوان۔
7259,ریاست کین گونڈوانا تہٕ مہاکوشل علاقن منٛز گوٚو لۄکٹین گونڈ سلطنتن ہنٛد ظہور۔
7260, بہ چھُس سخ مایوس یوٚدوَے  فلم جان چھےٚ، یمو  ژھوٚن امہ کس اندس پیٹھ میون من پسند کردار مٲرِتھ۔
7261,یہٗند  انتخاب ہیكہِ محدود ٲسِتھ ، مگر یمن چھِ   خوبصورت پلو تہٕ سامانہ ۔
7262,سِروسِس چُھ کِرہن ماز کیٚن خلیہ ین ہٕنٛدِ مرنہٕ سۭتہِ گژھان یُس بییہِ تہٕ بییہ  گژھان چُھ ۔
7263,یہٕ مرتب کرن وول اوس کنہ تہ اعلی سطحی زبان خٲطرٕ گوڈنیک مرتب  ۔
7264,تٔمہِ کوٚر أکِس سخٕت تہٕ بُزرگ شخصہٕ سُنٛد کِردار اَدا یٗس شاہ رٗخ خان  سٕنٛدِس کِردارس  حریف اوس ۔
7265,یہِ کرِ اَمہِ کَتھِ ہٕنز نشاندٕہی زِ سٹاک چھُ اکھ اصل سرمایہِ کٲری اگر یِم اِتھی قیمت وٲلۍ باقی سٹاک تراوَن پتھ۔
7266,ییلہٕ زن لینٹٗک اختتام  لازارس بٹوار آسان چھے٘ ، روزٕ چھنہٕ ایسٹر آتھوارِ تام مۄكلان ۔ 
7267,"1 جولایی 2019 آو نیٹ فلیکسس پٮ۪ٹھ ژوٗرم سیزن جٲری کرنہٕ۔
"
7268,از تہِ اوس یہِ سفرٕ چٮ۪و ساروٕے کھۄتہٕ اَہَم لیكھِتھ وضاحتَو منٛز اکھ ۔
7269,پرٛیتھ گوڈ چھُ لۄکچو رو٘نیو سٕتہِ  سجاونہٕ یوان، یتھ منٛز صرف اکھ رونہِ  یا ہتہٕ بٔد آسن۔
7270,یوٗروٗگو ہكہِ سٹرایکر لوئس سواریزَن کوٚر 11 مِس منٹَس منٛز سرگی رابرٹو سٕنٛدِ مدتہٕ سۭتہِ میچُک گۄڈٕنیُک گول۔
7271,مےٚ کوٚرن یہ جیکٹ واریاہ خۄش مگر سیلزمینن ووٚن مےٚ ز میٲنس سایزس مطابق چھنہٕ کانٛہہ تہِ یتھ جیکٹ۔
7272,ایگلوشائل اوس قرون وسطی ہنٛد اکھ دریٲئی بندرگاہ ، یوس پانژن میلن ہنٛد بہاو پیڈسٹوس سٕتۍ اوس مقابلہٕ کران ۔
7273,مثالے ، کامہ پٮ۪ٹھٕ گرٕ واتنس دوران  مالس منٛز اژنہٕ بجایہ ہیٚکو تو٘ہہِ  پننہِ وتھ بدلٲوتھ یٗتھ نہٕ توہہِ مالہٕ کنہِ نیٖریو۔
7274,سۄ چھےٚ گوٚڑنتھ أمس بدلہ ہینہٕ كِس سفرس پیٹھ بُلاوان مگر وارٕ وارٕ تمِس یژھان ۔
7275,سرکسس منٛز ٲس ایکروبیٹ  کارکردگی ناقابل یقین ۔ 
7276,رؠسٹرونٹٕچ زبردست خدمت تہٕ کامِہ پیٹھ پورٕ توجہ چھ کھینہٕ کِس مزس اہُریر کران۔
7277,حملہ آور فوج پتھ کڈنہٕ خٲطرٕ  بلٲوۍ پیروملن پننیٛن سربراہن ہُند فوج (یتھ کٔنۍ ادیا ورمن کولاتھیری، منیچن، تہٕ ایرناڈک وکیرن)۔
7278,"جنوُبی ایشیٲیی باشندَن چھُ خاص طور  فالجُک زیادٕ خطرٕ، یِم  عالمی فالج موتن ہندِ  %40 چھِ ۔
"
7279,امہ بجایہ، روزیو تو٘ہہِ  نیٔبرمس شانو شوکتس پیٹھ توجہہ مرکوُز۔
7280,زیادٕ تر تہوار چہِ ضیافتہٕ چھے٘ خٹہٕ مازس پیٹھ مبنی آسان ، مگر سلاد تہٕ مختٔلف سوربہٕ  تہِ چھِ  مقبوُل ۔
7281,13 مہِ صدی منز بنٲو شرنگ دیوا ہَن سنگیتا رتناکارا، یتھ تروشکا ٹوڈی یا 'ترک ٹوڈی' ہیوۍ ناو چھِ، یِم اسلٲمی ثقافتٕک خیالن ہنٛز آمد چھِ ظٲہر کران۔
7282,مواصلٲتی سیٹلائٹ کنکشن چھ زیادٕتر  دوُر دراز علاقن منٛز استعمال كرنہٕ یوان ۔
7283,تمِس شخصس چِھ تُہنز خدمت رد کرٕنچ زیٛادٕ کھۄتہ زیادٕ مشکل بناونچ تربیت دِنہٕ آمٕژ۔
7284,باقی فأیدٕ چھ یہٕ ز ایس اے ٹی اے کیبلن ہینڈل کرن چھ پی اے ٹی اے  کیبلن ہنٛدس مقابلہ واریاہ سہل۔
7285,یورپس منٛز چُھ یِہ سلاوِکٲیی  لوُکن منٛز ساروٕیہ  کھوتہٕ زیادٕ پھہلِتھ ۔
7286,سٗہ چھٗ ماحولیٲتی مسٲئلن ہٗنٛد پروایہ کران تہٕ چھٗ  موسمیٲتی تبدیلی کم کرنس منٛز  شٲمل ۔
7287,سُہ اوس لندن کِس أکِس مضافٲتی گَرَس منٛز روزان تہٕ 2000 منٛز کوٚر أمۍ گۄڈٕنِچہِ لَٹہِ BBC کس صحافی جان سمپسن سُنٛد سامنہٕ۔
7288,ڈِوجن آف فیرفیكس ڈِوجن آف فیرفیكس چھٗ کوئنز لینڈس منٛز اکھ آسٹریلین ایلیكٹورل ڈِوجن ۔
7289,"بھوٹیریا چھُ حویلی منٛز واپس یِوان تہٕ حویلی ہٕنٛدۍ اصلی دستاویز واپس کران تہٕ چھُنہٕ زانٛہہ تہِ دُبارٕ واپس یِوان۔
"
7290,لواڈیاکوس فٹ بال کلب چھٗ لواڈیا، یونانٗک اکھ یونٲنہِ پیشہ ور فٗٹ بال کلب۔
7291,مالینا ارنمین چھ رایل سویڈش اکادمی آف میوزکٕچ رٗکٗن۔
7292,اکھ چایہِ تھرماس تہٕ/یا چایہِ پیالن ہُنٛد سیٚٹ، یا چُھرِ کانٛٹن تہٕ چمچن ہُنٛد سیٚٹ، یا اکھ نوٚو بلینڈر ہیٚکہِ تُہنٛزِ زِنٛدگی منٛز رنٛنہٕ کِس شوقیٖن نفرٕ سٕنٛدِ خٲطرٕ بِلکُل صحیح ٲسِتھ ۔
7293,"تٔمِس اُوس 1977 پیٹھہٕ  1983تھس  منٛز  تِمن طلاق گژھنس تام جے ہولٹ سمتھس سۭتہِ خانٛدر کرِتھ  ۔
"
7294,یہِ ٲس مُغل مِنِییچر سُکوٗل آف پینٛٹِنٛگٕسٕچہِ  اَکھ شاخ۔ 
7295,انفیکشن منزٕ بچنہٕ سۭتہِ  چھے٘ سٲرِسیہ وٗمرِ  قوت مدافعت میلان، تہٕ عام طور چھٗنہٕ اعضاہو  کانٛہہ مٗستقل نقصان واتان۔
7296,بھیم، دریودھن، جاراسندھا، کیچک، تہٕ بکاسور ٲسۍ أکسی کائناتی مرحلس منٛز زامٕتۍ۔
7297,تھونٛڈیٖمُتھلَم دِرٛکساکشِیُمن زیٖنہِ  65 میٚن نیشنل  فِلم ایوارڈن  منٛز ترٛےٚ اعزاز۔ 
7298,پریتھ دۄہ صرف اکھ تھرماس کافی تہٕ اکھ ژوٚٹ أنِتھ ہیکِو تُہۍ پریتھ ہفتہٕ لگ بگ 25 %، یا پرٛیتھ ریتہٕ لگ بگ 100 % بچٲوِتھ!
7299,تٔمہِ  کٔر بالی ووڈَس منٛز سگریٹ کی طرح فلِمہِ سۭتہِ  پننہِ پیشورانہٕ زِندگی ہنز  شروٗعات ،  یوٚسہٕ  2012 ہَس منٛز ریلیز گٔیہ ۔
7300,بٔڑِس عالیٰ نسبس منٛز ٲسۍ تھدِ طبقٕکۍ زمیندار تہٕ روٗحٲنی طبقہٕ شٲمِل یِم نہٕ کُنہِ قٕسمُک ٹیٚکس ادا ٲسۍ کران۔
7301,1960 ٹھس منٛز قٲیِم کٕرمٕژِ اتھ تنظیٖمَہِ  اوس اپتداہس منز  انٹرنیشنل فیڈریشن آف نیٹ بال تہٕ وومینز باسکٹ بال وننہٕ یِوان۔
7302,تَمہِ کوٚر 2005 چہِ ورلڈ ایکواٹکس چیمپین شپس منٛز حصہٕ نِتھ سِلور میڈل حٲصل۔
7303,ٹیم انڈیاہَن کٔر نہٕ اتھ ٹورنامنٹَس منٛز شركت ۔
7304,وِکرم آدِتیا شییِم اوس اکھ پُرجوش تہٕ ہُنر مند فوجی رہنُما ۔ 
7305,اتھ ہیٚکو یورپ کِس ترقی یافتہٕ حصس سۭتۍ مقابلہ کٔرِتھ۔
7306,"نہروُ ہن کوٚر بے مثال مَشہوٗر ردِعملبس متعلق تبصُرٕ، ""یہٕ اوس باسان زَن گوٚو اچانک اكھ سون٘تھ رہا“ ۔"
7307,ایم ٹی اے ہن چلاوِ   نہٕ پانیہ 1983 تھس تام یم مسافر ریل لائنہٕ ۔
7308,"اُمیم  جھیٖلس منٛز چُھ ٲبی کھیلن ہُنٛد اَکھ كمپلیكس  یَتھ منٛز خورِ سۭتۍ چَلاونہٕ یِنہٕ واجنہِ ناوٕ، پیڈلہٕ سۭتۍ پَکن واجنہِ ناوٕ، ٲبی سَفر کَرن واجنہِ ناوٕ، کرٛوٗز بوٹ، آبس پٮ۪ٹھ پَکن وٲلۍ سُکوٗٹر تہٕ سپیڈ بوٹ  ہِشہِ سٔہوٗلِیات  موٗجود چھِ ۔
"
7309,امہ ناوٕچ اکھ فائل چھےٚ کامنزس پیٚٹھ گۄڈٕ پیٚٹھٕ موجود۔
7310,جنگجو ٲسہ نواب سراج الدولہ، بنگالک ٲخری آزاد نواب، تہٕ برطانوی ایسٹ انڈیا کمپنی۔
7311,عملی طور  چھ ڈپریٚسنٹ محرکاتن ہنٛدین اثراتن ہنٛد مقابلہٕ کران ، یم دماغی سرگرمی منٛز اضافہٕ چھ کران۔
7312,ٹیبل ٹینسَس منٛز چھِ واریٛاہ قٕسمٕک مُختٔلِف گِرپہٕ استعمال گژھان تِکیٛازِ اَمکٮ۪ن اصوٗلَن منٛز چھُنہٕ تھپھ كرنٗك  کانٛہہ خاص طٔریٖقہٕ ۔
7313,وٹنی تہٕ أمۍ سٕنٛدۍ سٲتھیو کوٚر تیز وقفک استعمال، تہٕ سوزکھ تمن سوارن زیٹھۍ پاس یِم پوٗرٕ تیز رفتٲری سۭتۍ پیک نشہِ دور ٲس گٔمٕتۍ۔
7314,براہ راسٛت امپنگمنٹک بیٛاکھ اکھ شکٕل چھ گیس پورٹ کہ بجایہ بٲنسہٕ دار چیمبرک استعمال کران۔
7315,علاقہٕ محفوٗظ تھاونہٕ باپتھ آو پُلیٖس بُلاونہٕ ۔
7316,تمہِ وِزِ اوس نہٕ مٗلکس منٛز برادری منز  پھہلنٗک کانٛہہ مصدقہ ماملہٕ  ۔
7317,یہِ كٗن  چارلس اولن1627ہس منٛز ایڈورڈ کونویے ہس  ۔
7318,پرٛیتھ محکمس منٛز چھ سکریٹری، سپیشل سکریٹری، جواینٛٹ سکریٹری بیتر ہٕنٛدٮ۪ن عہدن ہٕنٛدۍ افسر تہ آسان۔ وزیر تہٕ ایڈیشنل چیف سکریٹری/پرنسپل سکریٹری سٕنٛد مدد خٲطرٕ۔
7319,قۄدرٔتی دنیا کٮ۪ن اصوٗلن ہٕنٛدس مطالعس چھ ساینس ونٛنہٕ یوان۔
7320,"آٹومیٹاہس پیٹھ مبنی سنگین آزمٲیشِہ، یِتھ کٔنہِ زن ایل اجیڈریسسٹا، ٲسہِ واریاہ پیچیدٕ تہٕ مُفید آسنہٕ خاطرٕ محدوُد ۔
"
7321,یہ آو بطور وزیر اعلی تہنٛدس گۄڈنکس دورس دوران کرنہٕ۔
7322,سُہ اوس ایسٹن ولا فٹ بال کلبک سابقہ چیئرمین پٲٹھۍ زاننہٕ یوان ۔
7323,یوگینٛدرن واسوٗدیون نایر سٕنٛز شُروٗعات ٲس فِلِم ٲس پوویلم اٗن وَسمس منٛز اَجِتھ کُمار تہٕ جوتِھکایہ سٕتہِ  ۔ 
7324,موجودٕ چندی گڑھ اوس 18 مہ صدی کس ٲخرس منٛز اکہِ قلیل مدتی ریاستٕچ جاۓ تہِ، یتھ منی مجراہس منٛز اکھ لۄکٹ قٕلع اوس۔
7325,"سہ اوس 1957پٮ۪ٹھ 1963 ٹھس تام برطانیہک ؤزیر اعظم۔
"
7326,"اَمہِ سۭتۍ ہیٚکِو تُہۍ یِتھۍ باقی چیٖز ژھٲنڑِتھ یا فہرستَس منٛز بیٚیہِ پٔکِتھ تہٕ چیز واپس کٔرِتھ۔
"
7327,شہر چھ زیادٕ تر مشرقس منٛز پہٲڑی تہٕ مغربس منٛز ہموار ۔
7328,"ییٚلہِ توہہِ جٲری تھاونہٕ باپتھ تیار ٲسِو تیٚلہِ کٔرِو ""نیکسٹ""  س پٮ۪ٹھ کلک۔
"
7329,تہند مضمون اوس یوتاہ مزاحیہ ز بہ رُودس پران پران اسان تہٕ امہ سۭتۍ رودس بہٕ دۄہس خۄش۔
7330,امہِ پتہٕ سپُد تمۍ سٕندین فِلمن ہُند سِلسِلہٕ شروع:سِنگراویلن ،  مہاندی ، ناماور تہٕ ساتھی لیلاوتی یوسہٕ ہاسنٕنہِ پیشکش ٲس ، اتھ منز اوس سہُ پانہٕ تہٕ سٲتۍ ٲسِس  کننڈ اداکار رمیش اروِند  تہٕ مزاحیہ کلاکار کووایہ سرالا ۔
7331,فرش یا لٔکرِو ٹوٗلَس پیٹھ کٔنٕک وہراونہٕ پتہٕ چھُ اکھ آبہٕ سۭتۍ بٔرِتھ کالاش عبادت گاہَس نِش تھاونہٕ یِوان۔
7332,یہ چھ پنٛنہ ذٲتی کشش نش ڈیوٚل گژھان، تہٕ چھ پارکہ تبٲہی کران۔
7333,"ڈرایورَن تہِ گٔیۍ بَڈین شاہراہَن پیٹھ مشکِلات تِکیازِ لِیہنِیٚن سڑکَن پیٹھ ٲسۍ حٲدثہٕ ناگزیر۔
"
7334,"منچوسو بنٲو منچوکوہس منٛز اکھ اقلیت، ییٚمِیک ساروٕے کھوتہٕ بوٕڑ نٔسلی گروپ اوس ہان چینی۔
"
7335,"تالس چھِ تمہِ وِزِ چٲكہِ گژھان 
 ییلہِ تال نستہِ  كٗن یلہٕ آسہِ ۔"
7336,صوبک ساروٕے کھۄتہٕ تھوٛد بال چھ بروا آتش فشاں۔
7337,واریاہ لٹہٕ چھ گوٹو سٹیٹمنٹ ، if سٹیٹمنٹس سۭتۍ ملتھ آسان ۔
7338,سماجُک ناو بدلِتھ آو اتھ آریا سماج ناو تھاونہٕ.
7339,لۄكٕٹۍ کاروبار چھِ پنٕنۍ دروازٕ مٲلی طوُفان  زرتھ نہ  ہیکنہ  موجوب بند كران ۔
7340,چولن ہٕندِس دورس منز ووت تامل دیس فن، مذہب، موسیقی تہٕ ادبس منز مہارت چن  نوین بلندین پیٹھ۔
7341,خان سٕنٛدس تبصرس خلاف لگاتار ردعمل کس حصہٕ پٲٹھۍ آیہ دنگلس خلاف احتجاج تہٕ بایکاٹٕکۍ مطالبہٕ کرنہٕ۔
7342,جنوٗبی ایشیا، مشرقی افریقہ، جنوٗبی افریقہ تہٕ کیریبین مُلکو پیٹھٕ کینیڈا تہٕ امریکہ یِنہ وٲلۍ تارکین وطنو چھِ پننین پننین  برادریَن کِتھۍ آریہ سماج مندر قٲیِم کٔرمٕتۍ۔
7343,تٔمۍ سٕندِ جنسی اعضاء کہ خونہٕ سٕتۍ بنییہ محبت تہٕ حُسنچ دیوی-افروڈایٹ۔
7344,وۄنٛہِ گوٚو، یہِ چھُ پٔزِ پٲٹھہِ غٲر فعال آمدٔنی ہُنٛد طریقہٕ، تِکیٛازِ بیٚیہِ کٲنٛسہِ ہندِ  یہِ سنبھالنہٕ سۭتہِ چھِوٕ توٚہہِ  لفظی طور کینٛہہ کرنہٕ ورٲے پونٛسہٕ زینان۔
7345,مٲلی منصوٗبہٕ ساز سٕنٛز نا اہلی چھےٚ مےٚ پاگل كران ۔
7346,"1978 منٛز كٕر امہِ  میں تٗلسی تیرے آنگن کی یَس منٛز  بطور نیک سنجکتا چوہان  سکرینَس پٮ۪ٹھ  حٲران کُن واپسی ۔
"
7347,"اڈوکی پروجیکٹ کہِ وجہ سۭتۍ چھُ پیریار پیٹھٕ مواٹوپوزا دریاوَس منٛز بیٛاکھ اکھ اِنٹر بیسن منتقلی پیریار دریاوَس منٛز بۄن کُن بہاؤ مزید متٲثر کوٚرمُت۔
"
7348,تٔمۍ چُھ یوگوسلاوین قومی ٹیم تہٕ مقدونیائی قومی ٹیم خٲطرٕ گنٛدمت ۔
7349,بہٕ چھٗس یہِ فلم وچھِتھ واریاہ خوش۔ اتھ فلمہ منز چھ میانین  پسندیدٕ اداکارن ہند  کاسٹ۔
7350,"تامِل لو٘غاتھ  یٗس مدراس یونیورسٹی ہٕنٛدِ طرفہٕ شایع كرنہٕ آو چھِ کُنہِ تہِ ہندوستٲنہِ  زبانہِ منٛز شایع گژھن والٮ۪ن گوڈنِكین  لغاتن  منٛز شٲمِل ۔
"
7351,سہ اوس اکھ كھیل بناون وول  تہٕ اوس جان پاسِنگ دِنس اہل ۔ 
7352,ناڈیاڈوالا، خان، تہٕ شراف آو فلمہ خٲطرٕ واپس، کٔپوٗر آے زنانہٕ مرکزی کردار دوبارٕ ادا کرنہٕ تہٕ پٹانی آیہ أکس خاص گؠونس منٛز۔
7353,انوپم کھیر چھ ڈاکٹر سنٛد لباس لاگان تہٕ چھ كٗمبس اطلاع دوان ز گارگی چھےٚ بۄکہٕ وچہ ٹرانسپلانٹ کرنٕچ ضروٗرت۔
7354,"سہ چھ عموٗمن وٕنیک تام ساروٕے کھۄتہٕ عٔظیٖم فٹ بال ٹرٛینرو منٛزٕ اکھ مانٛنہٕ یوان۔
"
7355,12مارچ 2008 آیہ نیشنل ہاکی لیگس منٛز  6 کھیل گنٛدنہٕ۔
7356,ہوہل فیلز فیلس آو جرمنی ہندس اکس غارس منز لبنہٕ۔
7357,بہٕ چھس پٔزِ پٲٹھہِ  پریشان ز اگر یہ دروازٕ یتھ کٔنہِ پھسیو٘  بہٕ ہیٚکہٕ نہٕ ہوٹلہٕ نیبر  نٮ۪رِتھ ۔
7358,ماربل آو اِٹیلی پیٹھ، فانوس تہٕ ساگون برما پٮ۪ٹھ، کراکری انڈونیشیا پیٹھ، کرسٹل یورپ پٮ۪ٹھ تہٕ دیوار پیٹھ دیوارٕک شیشہٕ بیلجیم پیٹھ اننہٕ۔
7359,نیٹ کلرکس سۭتہِ کٲم کرنہٕ پتہٕ دیوٗت  فِشرن نوین کارٕبارین پنٗن مدتھ  ۔
7360,سیمسنگ گیلیکسی S III آو اپریل 2013 ہس منٛز سیمسنگ گیلیکسیS4 سۭتۍ تبدیل کرنہٕ۔
7361,گر٘وٗبر چھُ  امریکی لہجس نقٕل  کٔرِتھ میک کلینَس دٲرِتھ دِوان ۔
7362,ضلعہٕ کہ زٔمینک اکھ بوٚڑ حصہٕ چھُ زراعت باپت  استعمال گژھان۔
7363,امہ قٕسمٗک انشورنس بچاوِ تۄہہ گھرِکہِ کٗنہ تہِ بڈِ  غٲر متوقع مرمت خٲطرٕ چندٕ منز پونٛسہٕ دِنہ نِش ۔
7364,"30 ہن ایکڑَن پیٹھ پٔھہلِتھ، پننین اَہَم دۄہَن منٛز اوس یہِ قٕلہٕ اَتھ أنٛدۍ پٔکۍ علاقَس منٛز 80 تن قٕلَعن پیٹھ راج کران۔
"
7365,یہ ہٮ۪کو تٔمہِ سٕنٛدٮ۪ن بٲتن تہٕ تٔمہِ سٕنٛدٮ۪ن کیٚنٛژن سازینہ ہن منٛز بوُزِتھ ۔
7366,وِکٹورِیٲیی تیز بالِنٛگ کَرن وول پیٖٹر سِڈلس مُتعلِق اوس یہِ تہِ زاننہ یِوان زِ سُہ چُھ متبادل گَژھنس تیار مگر سُہ روٗد ٹیمس منٛز پنٕنۍ جاے برقَرار تھاونس منٛز کامیاب۔ 
7367,ییٚتہِ لبنہٕ یِنہٕ وٲلہِ باقٕیہ جاناوار چھِ ٹاونی فِش راتہٕ مۄغل، سکیل بیلییڈ ستُت ، ریٛڈ بریسٹڈ  طوطہٕ ، ہمالیائی سوئفٹلیٹ، سٹارک بلڈ كۄلہٕ ٹوُنچ ، تہٕ ہمالیٲئی یا سفید لٕچہِ وٲلہِ  روُبی تھر٘وٹ۔
7368,مسلم لیگہ ہندۍ لندن شاخَن کٔر امہِ بِلہِ ہِنز مخالفت تہٕ أکِس بحثَس منز کٔرٕن واریہَن ممبر پارلیمنٹَن ہِنز حمایَت حاصل۔
7369,مےٚ چھنہٕ پَے ز ہنٛدستٲنۍ فٹ بال کوچ کیاز چھ غیر ضروری لڑاین منٛز وسان۔
7370,راوس اوس اقلیتی حکومتٕچ سربرٲہی کران پارلیمنٹ کہِ ذریعہ سخت معٲشی تہٕ سیٲسی قانون سازی برٛۄنٛہہ پکناونٕچہِ پننہِ صلٲحیت مۄکھٕ چانکیہ تہِ وننہٕ یوان۔
7371,مۆٹۍ پٲٹھۍ وَنو امیُٛک مطلب گۆو کانٛہہ تہِ یُس صنعت تہٕ تِجارتَس سٕتۍ کٲم کۆٹ کران آسہِ ـ
7372,تِم سٲری چھِ سارنٕے خٲطرٕ کھیلَس فروغ دِنس منٛز آوٕرِ تہٕ  کرَن پوُرٕ مُلکَس منٛز رِنک بینڈی قٲیِم۔
7373,وارٕ وارٕ، شین گلنہ پتہٕ واریاہ کالہٕ پتہٕ آو جزیرٕ واپس۔
7374,بیٛاکھ کوُر آیہِ  ریہرسلَس منٛز استعمال کرنہٕ ، مگر سۄآیہ واریٛاہ زِٹھ  ماننہٕ۔
7375,اسہ سۭتۍ چھ این جی سی 300 تک فٲصلہٕ لگ بگ شےٚ ملین لایٹ ییر۔
7376,ریسول پوکوٹی، یس کیرالہُک چھُ، چھ وٲحد دویم ہندوستٲنۍ ییٚمۍ کامیاب فلم سلم ڈاگ ملینیئر باپت ساؤنڈ ڈیزاین باپت اکیڈمی ایوارڈ زیون۔
7377,فلمہ ہنٛز موسیقی چھ سچن گپتاہن ترتیب دژمٕژ یتھ بول کمار تہٕ انویتا دت گپتنن چھ لیٖکھمتۍ۔
7378,باقی مائکرونیشن، یتھ کٔنۍ ز ریپبلک آف جونیپریا چھ حقیقی زندگی منٛز کٲم کران۔
7379,"یوٚتتھ تام نہٕ ہاگ كالرا ہِشہِ پیچیدٕگی آسن سوائن فلوَ ہس منٛز چھٗ موتُک شرح 10 فیصد کھۄتہٕ کم  آسان  ۔
"
7380,وۄنٛہِ گوٚو، موتُک وجہ آو نہٕ دِنہٕ۔
7381,مائیکل چُھ آرچی سٕندِس مددٕ خٲطرٕہ تلاش کران مگر یہٕ چُھ نہٕ واریاہ کٲم کران۔
7382,"ماونڈیتھرسڈے ، گُڈ فرٛایڈے، تہٕ ہولی ساٹرڈے ہٗك حوالہٕ چھُ  کُنہِ ساتہٕ بطور ایٖسٹٔر ٹرائیٚڈم (لاطیٖنی ""ترٛےٚ دۄہن"" باپت) دِنہٕ یِوٛان۔"
7383,ٹامس برعکس چھےٚ سۄ پنٕنۍ خوشبو ژُورِ تھونہٕ خٲطرٕ پنن کاروبار کور کران ۔
7384,کٮ۪نٛہہ حالات، یتھ کٔنۍ زن مایوسایٹس، چھ نیورومسکلر تہٕ مسکولوسکیلٹل دۄشوے مانٛنہٕ یوان۔
7385,بیٚیِس كمرس منز اچانک تہٕ غٲر متوقع کِریکہِ كورُس بہٕ خوفزد۔ 
7386,ٲمِس چُھ اکھ سمندری اثر یُس پوٗرٕ ؤرۍ یس درجہ حرارت ہلکہٕ تھاوان چُھ ۔
7387,یہٕ اوس تمہِ وقتٕہ بل بورڈ چارٹس پیٹھ ساروی کھوتہٕ زیادٕ کنٕنہٕ یِنہٕ  وول  ایلبم ۔
7388,یِم چھِ تجویز کران زِ یِم ٲسہِ مٗمكِنہٕ طور ہیندِ خانقاہ، یِم غٲلبن شیو مت رٮ۪وایتَس سۭتہِ تعلُق تھاوان ٲسہِ ۔ 
7389,"یہِ ووت  امریکہ تہٕ کینیڈا دۄشوٕنی منٛز 14 ہِمِس نمبرَس پٮ۪ٹھ ۔
"
7390,سیبرانگ چُھ پینانگس سۭتۍ پینانگ برجس سۭتۍ فیری سٔروسِز سۭتۍ جُڑِتھ۔
7391,پلامونڈن اوس کینیڈینز 1946 سٹینلے کپ ٹیمک ٲخری زنٛدٕ آسن وول رکن۔
7392,وۄنہِ گو٘  اگر تو٘ہہِ  کٗنہِ اصل ریسٹورینٹس منٛز کٮ۪نٛژن  گٲنٛٹن بیہان چھِوٕ، گرٕ واتنس تام  گژھِ تو٘ہہِ كھین  كِتھہٕ گو٘ شروع مشِتھٕیہ ۔
7393,زیادٕ تکنیکی معنی یس منز، چھُ یہِ اصطلاح انشورنسچ کانٛہہ تہٕ شکل بیان کرنہ خاطرٕ استعمال یوان کرنہٕ یس طبی خدماتن ہندیو  خرچو نشہ بچاوان چھ۔
7394,ہایفیما ہیٛکہٕ کنہ تہ اشتعال انگیز صدمہٕ ورٲے اچانک تہ گژھتھ۔
7395,یہِ گو تتھ عمارتس منز یتھ منز یِہ وۄنہِ چھٗ  2005ژس منٛز منتقل  ۔
7396,یہ چھ اکھ بین الاقوٲمی کاربار یتھ منٛز آزاد قومی کمپنیہٕ چھ تقریبا یورپس منٛز پرٛٮ۪تھ جایہ ۔
7397,یوٗرپ کیٚن کیٚنٛہن حِصن منٛز چُھ کیٚنویِنگ کَیاکِنٛگ تہٕ کیٚنویِنٛگ دۄشوٕنی کُن اِشارٕ کَران،ییلہِ زن  کیٚنو ہَس چُھ یَلہٕ کیٚنو ونٛنہٕ یِوان چھٗ ۔ 
7398,شاہ جہاں سنٛدِس دورس منٛز رٕٹ  تہنٛدٮ۪و ژۄشوٕیو نیچِویو  گوَرنری۔
7399,یمن ستارن منٛز چِھ چارلس بوئر، مارلن ڈیٹرک، تہٕ فرینک سناترا شٲمل۔
7400,"اتھ منٛز چھ پیشگی منظوٗری ورٲے کنہ تہ علاجس یا رٲچھ راوٹھٕ نش انکار کرنک حق تہ شٲمل۔
"
7401,ابتدٲیی میتی ٲسۍ أکس اعلی دیوتا، لیننگتھو سورالیلچ پوزا کران تہٕ پننین جدن ہنز پیروی کران۔
7402,سِرٛنٛگیری سِرٛی نِواس، کیلہٕ زٔمیٖن دار آو اَکہِ دۄہ چارواین ہٕنٛدِ مٲلہٕ پٮ۪ٹھٕ اَکھ نٔو گاو ہٮ۪تھ۔ أمۍ سٕنٛزِ خانٛدارِنہِ، پروَتَماہن ووٚن زِ، “أسۍ وَنو أمِس لَکشمی“۔ 
7403,"لیونُک نمایندٕ برنارڈ لاکومبَن چھُ انگلینڈَس منٛز گِنٛدُن ایسین سُنٛد ""خواب"" قرار دِوان۔
"
7404,"2011 چہِ مردم شُمٲری مُطٲبق  چھے٘ امہِ خطٕچہِ كٗل     آبٲدی  64,429 ۔"
7405,"ٹیسٹَن کٔر بی ایس ای ہِنٛز موٗجوٗدگی ہُند تصدیق تہٕ نموٗنہٕ آو برطانیہ لیبارٹری منٛز مزید تجزِیہِ باپت سوزنہٕ۔
"
7406,مارپل ہالس منٛز زامُت، بریڈشا اوس گۄڈٕ اکھ کلرک تہٕ پتہٕ وکیٖل۔
7407,"  اکھ قدیم  انسانو٘ بنوومٗت  تالاب تہِ  چھٗ بطور بستی ہٕنٛدِ اکہ حِصہٕ رنگہِ  بناونہٕ آمُت۔
"
7408,اگر تۄہہ پالتو جانور چھٗ ،  تۄہہ ہیكہِ اکی ساتہٕ یا لٹہِ لٹہِ پالتو جانورن ہٗنٛد فیس ادا کرٗن پٮ۪تھ ۔
7409,مےٚ چھ پننس پترس بٲیس سۭتۍ کتھ کرٕنۍ خۄش کران تکیاز سہ چھ  ہمیشہ خوش بشاش روزان۔
7410,مجموعی طور چھٕ   عظیم چیتیا کین تھمبن پیٹھ  لگ بگ نصف  زاننہ آمتین وقف نوشتن  ہُند حصہٕ  یاونن ہُند۔
7411,دہن ؤرۍین غور و فکر کرنہٕ پتہٕ دیت نرمدا واٹر ڈسپیوٹس ٹرٛیبونلن دسمبر 1979 منٛز پنن ایوارڈ۔
7412,کولہاپور تہٕ پوُنے ہِوِ  شہر چھِ بھاوگیت تہِ ناٹیہ سٔنٛگیٖت ہِشہِ موسیقی تحفٗض دِنس منز  اہم کِردار ادا کران آمٕتہِ ، یمہٕ ہندوستٲنہِ  کلاسیکی موسیٖقی نشہِ  وراثتس منٛز میلِمٕتہِ چھِ ۔
7413,نائجیریا تہٕ انگولا نیبر لبنہٕ ینہٕ وٲلہِ  ترٛیٚے جینو ٹایپ چھِ تمن علاقن منٛز لبنہٕ یوان ییٚتہ وۄباہ پھہلٗن كم چھٗ ۔ 
7414,ستٔمبر 2002 منٛز کوٚر فشرَن اکھ غیر معموٗلی الیٚکٹروکارڈیٚوگرام ریٖڈنگ، ییٚمہِ سۭتۍ تس دۄن دۄہَن ہُنٛد تربیتی کیمپ اَتھٕ گژھُن پیوٚو۔
7415,تو٘ہہِ ہیٚکِو درٕج شُدٕ دُکانَن منٛز واریاہ قٕسمٕکہِ مییٕٹ كرِتھ تماشہِ لٔبِتھ ۔
7416,پشتہٕ بٔنٛدی چھٛے قدیٖم یوٗرپی عمارژَن منٛز عام، خاص کر یوٗرپَس منٛز ـ
7417,یہٕ گوو تقریبا 130 ملین وٕریو برونٛہہ گونڈوانا کہ پھٗٹنہٕ پتہٕ شروٗع۔
7418,"یہ چھ میاجیما جزیرٕ، ہیروشیماہس پٮ۪ٹھ واقع اتسوکوشیما مندرس منٛز اکھ یادگار۔
"
7419,بۄنہٕ کَنہِ چھُ اکھ چیک باکس تہِ تاکہِ تُہۍ کٔرِو یہِ چیک زِ اگر تُہۍ پنِنین خریدارَن سامانہ فراہم کران چھِو۔
7420,حیاتیاتی ہتھیار بناونہٕ خٲطرٕ چھنہٕ اکھ حیاتیاتی ایجنٹ پانہٕ کٲفی۔
7421,پام سنڈے، مونڈی تھرسڈے، تہٕ گٗڈ فرائیڈے چھِ بِلترتیٖب عیسٰی سنٛدِ یروشلمس منٛز دٲخل گژھنہٕ ، لاسٹ سپر، تہٕ پھان٘سہِ كھارنٕ كِس یادس منز مناونہٕ یان ۔
7422,پُرامن طریٖقو سۭتہِ  ملکھانس پیٹھ فتح حٲصِل کرنس منٛز ناکٲمی تہٕ ٲٹھ جرنل راونہٕ پتہٕ كو٘ر  پرتھوی راجن قٕلس پیٹھ قبضہٕ۔
7423,اَمیُوک وجہ چھُ یہِ زِ گیسہٕ سۭتہِ  پھٔلِتھ چھُ نہہِ كلہٕ  ورمہٕ دار پارٕ أنٛدرمَس دباوٕ سۭتہِ  بچاوان۔
7424,آننٛد اوس ہندوستانک ساروٕے کھۄتہٕ بوٚڑ کھیل اعزاز 1991–92 منٛز راجیو گاندھی کھیل رتن ایوارڈ حٲصل کرن وول گۄڈنیوک نفر۔
7425,"یِم مسلہٕ ٲسہِ نہٕ مقدس رومی شہنشاہ روڈولف II سٕنٛدِس دورس منٛز نُمایاں، یُس 1576 تھس منٛز بوہیمیاہُک بادشاہ منتخب كرنہٕ آو ، ییٚمہِ  پراگ بطور پنُن گَرٕ ژور۔
"
7426,"یہ فلم چھےٚ اوم ناوکس أکس نوجوان لٔڑکہٕ سٕنٛز دٔلیٖل بیان کران، یس پنٛنہ لاپرواہ جوٲنی تہٕ امہ کس سخٕت مویوٗسی ہٕنٛدس دورس منٛز اوس۔
"
7427,کولٹس سنز كٕرمٕژ كوُشِش مۄكلییہ ییلہِ روُكی چارجرن ہٗند دفٲیی سمبھالن وٲلہِ  لوئس کیسٹیلوَ ہن کولٹس کوارٹر بیٖک پیٖٹن میٚننگ برطرف کٔرِتھ انٛڈیاناپولیٖس فیٖلڈ گول رینج نِش دوٗر کوٚر۔
7428,یہِ چُھنہٕ شی٘رِکٲتس یا وٲحد مِلکیتس پیٹھ لوگوُ گژھان ۔
7429,"رِزرو علاقکۍ نباتات چھِ وارِیاہ مالامال تہٕ متنوع ۔
"
7430,اگر تو٘ہہ واپس آیِو تہٕ سیكہٕ چھِوٕ نہٕ ،  یہِ اوس نہٕ   آسنس لایکھ ۔
7431,تٔمۍ گیوند  میامی یونیورسٹی خٲطرٕ کالج فٹ بال ۔
7432,یہِ فلم چھےٚ گٗجرٲتہِ ڈرٛامہ با اے ماری باونڈریس پیٹھ مبنی۔
7433,بییہ اكہِ  مٗلزم پادٕرِ یٗس سپاٹ لائٹ سکینڈلس منٛز مٗلوث اوس ، تِہ کوٚرجٗرم قبوُل ۔
7434,انداز لگاونہ خٲطرٕ زِ یہٕ پلو گژھیاہ لاگنہٕ بغٲرٕے تُہٛندِس کمرس برابر: اتھ کٔرِو بَٹَن بند تِہ پتہٕ وٕلِو یِہ پٲنَس یٔڈ پیٹھ تٔھر کونڑس تام۔  
7435,ملر گزریٛوو 9 فروری 2018 ہس منٛز لبلب کہ کینسر سۭتۍ 36 وہر۔
7436,امہ خٲطرٕ اوس تِمن فلسطینس منز امن تہٕ سکونک ضرورت۔
7437,"توانٲیی ہٕنٛدس میٹابولزمس منٛز امِكہِ  اہمیتہٕ ، ہوموسیسٹینس سۭتہِ  امکہِ  تعلق، تہٕ وزنس منٛز اضافہٕ تبدیل  کرنٕچہِ  صلٲحیتہٕ  کِنہِ  چھُ ویٹھین فردن   منٛز وِٹامِن بی 12 چہ کمی سرٕ کرٕنہِ  ضروُری۔
"
7438,سکالرن چھُنہ میگھالیہ چہ سول سوسایٹی ہٕنٛز اثر پذیری پیٹھ اتفاق۔
7439,یمو جمٲژو کوٚر پیٹاہس  ہندوستانہٕ پیٹھٕ پابندی لاگنک مطالبہٕ۔
7440,ہندوستٲنہِ فنکارو دٕسہِ  جدید اوڈیسی پیشكشن  چِھ تجربٲتی خیالات، ثقٲفتی امتزاج، موضو تہٕ ڈراماہن ہٗنٛد اکھ رنگا رنگ سِلسلہٕ پیش كو٘رمٗت ۔ 
7441,جنگٗک مقام چھٗ شروپ شایرس  منز اوسویسٹری آسنٗك اطلاع ۔
7442,مے٘ كھوت سخ شرارتھ ییٚلہ میٲنہِ  شٗرِ  پریکٹس کلاسس دوران پنٛنس موسیقی ہنٛدس استادس سۭتۍ  تعاوٗن کرنہٕ نش انکار کوٚر۔
7443,یہ دلیل چھےٚ پرفارمنگ آرٹس خٲطرٕ أکس ہائی سکولس منٛز طٲلب علمن متعلق ونان۔
7444,تاہم ، واریہ ملکن منٛز ، تم چھ امہٕ مقصد خاطرٕ استعمال کرن غیر قانونی۔
7445,بہٕ چھس  آسٹریلِیا طرفہٕ نٲفِظ امتیٲزی امیگریشن پالیسین پیٹھ ناراض ۔
7446,تٔمہِ  نِیو٘ 1908  سَمر اولمپِکسَس منٛز اوپن فۄیِل اِیونٹس مٗقابلس  منٛز حصہٕ۔
7447,ہیرِم  پوشاک یا پَن لگاونُک صحیح طریقہٕ، یِتھ پٲٹھۍ قدیم متنن منٛز بیان کرنہٕ آمت چُھ، چُھ كھوہورِ  پھیکہِ پیٹھہِ تہٕ دٔچھنِہِ نرِ تل ۔ 
7448,یہ وتھ، یۄسہٕ گۄڈنچہ پھر 1904 منز تبت خٲطرٕ ینٛگ ہسبنٛڈ مہمہ دوران کھولنہٕ آیہ، ٲس 1962 کہ چین-ہندوستان جنگہٕ پیٹھٕ بند۔
7449,83 مہ منٹس منٛز لوٗسیو سنٛد گولن کوٚر برازیلینن واپس فتح حٲصل کرنس منٛز مدتھ ییٚلہ زن ٹیمن باقٕیہ دہن منٹن گھرِ پیٹھ قوبوُ تھوٚو۔
7450,اِمکان چُھ زِ یِہ آسِہ 1907 پَتہٕ ساروٕے کھۄتہٕ زیادٕ اوسط ونٛدٕ، یَتھ کٔنۍ یِہ دَرحقیقت واریاہ غیر معمولی بنان چِھ۔
7451,میٖر قاسمَن كٕر  پنِنہِ طرفہٕ شُجاع الدولہ ، اودھ کِس نواب تہٕ شاہ عالم دومس   انگٔریٖزَن سۭتہِ  جنٛگ كرنہٕ پابت حوصلہٕ افضٲیی ۔
7452,یہِ بنیوو 1992منٛز بارسلونا اولمپکسَس منٛز اکھ آفیشل سمر اولمپک کھیل تہٕ امیِک سونہٕ تمغہٕ چھِ وۄنۍ عام  پٲٹھۍ الگ الگ کھلاڑین خٲطرٕ ساروِی کھوتہٕ زیادٕ من پسند انعامن ہنٛدۍ پٲٹھۍ درجہِ بندی کران۔
7453,پرٛیتھ ریتہٕ یا دۄن ریتن منٛز پَزِ تۄہہ تہٕ تہنٛدس سٲتھیس اتھ بارس منٛز کتھ کرٕنۍ زِ تُہۍ دۄشوے کتہِ چِھو مٲلی طور۔
7454, کینہہ حوالہٕ چھِ ونان زِ سامبھا جی سُند جِسم آو ٹُکرٕ کرِتھ درِیاوس ژھننہٕ  یا جِسمٕکۍ حِصہٕ آیہ واپس قبضس منز نِتھ تُلا پوُرس منز درِیاون ہندِس سنگمس پیٹھ زالنہٕ ۔ 
7455,2002 منز بنیوو جی۔ایف۔ایم۔ایس ایسوسِیٹ ممبر۔
7456,گنگٹوک بالو پیٹھۍ آفتاب کھسن چھُ  حیرتناک۔
7457,گرن یا عوٲمی احاطہ منز چھ نہٕ تیم حالات آسان یم کلین کٹین خٲطرٕہ یوتا سازگار چھ آسان یوتا کہ گرین ہاؤسن منز چھ آسان۔
7458,رونالڈ ڈیوڈِسن سندِ  مُطٲبق ٲسۍ کٲشِرۍ “وادے  سِندس منٛز عربِین ہِنٛدِ حملہٕ سۭتۍ غٲر معمولی طور ذحنی دباو محسوٗس کران“، تہٕ كیننژو لوُكو٘ اوس گوڈیہ  ہیٚنٛدِ مذہب پیٚٹھ یہِ مزہب قبوُل كورمٗت ۔
7459,بیٹریس میٹیٹوا بیٹریس میٹیٹوا چھ زمبابوے یُک اکھ وکیل۔
7460,تِم چھِ پنٕنہِ  بٔٹھہِ روٗڈٕ نِوان تہٕ  تہٕ بندن كِہو  سٔہلاب مٲدانن پٮ۪ٹھ مواد جمع کران۔
7461,تہنٛز اپیلُک اکھ حصہٕ اوس تہنٛز ہمدردی تہٕ فطری ہمدردی ۔
7462,فرینک بلاس گزریٛوو  1 اگست 2016 ہس منٛز 75 وہر۔ 
7463,انجل فوڈ کیک چھ ٹھولک سفید حصہٕ کھنٛڈَس  سۭتۍ زورٕ رلاونہٕ سۭتۍ بناونہٕ یوان ۔
7464,اتھ منٛز چھ ہیمر ایڈیٹر، ماڈل ویور، تہٕ فیس پوزر ہوۍ اوزار۔
7465,اکھ سایٹ چھ بین القوامی، تہٕ لی کوربوزیرک آرکیٹیکچرل کارکردٕگی چھ باقی شین ملکن سۭتۍ مشترکہٕ۔
7466,ماہ علاقہٕ چھُ ترٛین حلقن ہُنٛد بنیومُت۔
7467,زِنٛدگی جلیبی چھےٚ اکھ مزاحِیہ یۄسہٕ اَتھ خیالَس پٮ۪ٹھ مبنی چھِ زِ بیکار دٮ۪ماغ چھِ شیطان سندِ كاركھانہٕ ۔ 
7468,یہ خیال چھ صحیفن ہنٛد لفظی مطٲلعہٕ سۭتۍ یوان، اکثر انجیٖل۔
7469,کھلٲڑۍ ہیکن کھیلس منز پنٕنۍ مییس تہ استعمال کٔرتھ تہٕ کسٹمائز کٔرتھ ۔
7470,سُہ ووٚت ترتیٖبَس منٛز لیگوریا ہس منز  بطور فرانسسکنز سربراہس تام  ۔
7471,"اینگمین گزریو 19 مارچ 2020  ہس منٛز ہیلسنکی منٛز 74 وہر۔
"
7472,بہ  اوسٗس وُدٲسۍ ز مےٚ گزور گۄپھ وچھنہ کھۄتہ  دوہس كیبہِ منز زیادٕ وقت۔
7473,قطب شاہیو اوس سنگ خارا كِس  پہاڑس پٮ۪ٹھ پیر دا پیر بٔڑِس پیمانس پٮ۪ٹھ 400 فٗٹ تھدِ فصیلہٕ سٕتہِ   قٕعلہٕ بندی كٕرمژ تہٕ سٕتی شہرس اندِ اندِ ٲٹھ میل زِیوُٹھ دیوار تہِ بنوومٗت ۔ 
7474,"ہندوستان چہ 2011 چہ مردم شمٲری مطٲبق اوس ریاستس منٛز جنسی تناسب 986 زنانہٕ فی 1,000 مرد یس قومی اوسط 940 کھۄتہٕ واریاہ زیادٕ اوس۔"
7475,یہِ چُھ صِرِف سیٚٹھا ژۄکیر وٲلِس ماحولس منٛز اصٕل پٲٹھۍ کٲم کران، یِتھ کٔنۍ زن میادٕ کہِ گیسٹرٛک جوٗس کہِ رلنہٕ سۭتۍ اِنسٲنی یٔڈ منٛز لبنہٕ چُھ یِوان۔
7476,نوم توم خصوُصیات چھِ تالہِ ہنز دٗبراریہ ہاوان ، سمًھٲلمٗت پِچ استعمال كرتھ ، مخصوٗص آرٲیش  تہٕ واضح طور متنس ہیجہِ كڈِتھ ، حرَف، یا سُر ورتٲوِتھ ۔
7477,"پتہٕ وٲتۍ پانڈو کرشنا تہٕ دروپدی سۭتۍ   بھیم سندس تلاشس منٛز ۔
"
7478,مخالفینو دژ دلیل ز عملی طور چھ جایدادٕکۍ مٲلک أنٛدرۍ أنٛدٕرۍ پنٕنۍ حدود منتقٕل کران۔
7479,شہری مرکزَن منٛز چھِ زِیٛادٕ تَر لوٗکھ انگریٗزی بولِتھ ہٮ۪کان۔ گٲمی باشندٕ چھِ  پننِیو٘ صلٲحِیتو٘ حِسابہٕ بِیو٘ن بیون آسان ۔ 
7480,ترٛیمس دورک آغاز گوٚو ٹیم یو ایس اے کہ قبضہٕ سۭتہِ۔
7481,یمن پہٲڑی بٔستین تہٕ گامن ہنٛد زیٛادٕ تر علاقہٕ چھ کلیو سۭتۍ بٔرتھ۔
7482,ضٲبطو٘  ذٔریعہٕ روٗد کھیل 2-2 ہس پیٹھ برابر ۔ 
7483,رے روٗد سٹیم سیل تھراپی یُک  سرگرم وکیل تہٕ یِمو کٔرۍ کامیاب فنڈ ریزرز تہٕ کینسر نشہِ آگٲہی ہِشو مُہِمو ستۍ حِصہٕ نیومُت۔ 
7484,"اتھ جزیرس منٛز چھ واریاہ کلۍ کٔٹۍ تہٕ جانور یِم نہٕ زمینس پٮ۪ٹھ بیٚیہ کنہ جایہ روزان چھ۔
"
7485,عہد اكھ عہد چُھ اکھ رسمی محادٕ ، دۄن لوُکن درمیان سپٗدمٗت اكھ واعدٕ ۔
7486,اولڈن برگ چُھ ونان زِاُپنین بحث چُھ ممکنہٕ طور  پرٲنِس متنس منز دٲخل كرنہٕ آمٗت ۔
7487,یہِ چھُ عوام باپت یلہٕ تہٕ اتہِ چھُ اكِس پمپوش چالہِ ڈانچس منز تمہِ سُند آدم قد بُت ۔
7488,تٔمۍ کوٚر پنٛنہ پیشورانہٕ زنٛدگی ہنٛد آغاز ایی ایس کے تہٕ ایس کے سٹرم گریز کٮ۪ن نوجوان ٹیمن منٛز۔
7489,یہ چھ سڈنی منٛز وٲحد میٹروڈ یس پوٗرٕ پٲٹھۍ فری وے معیار چھ۔
7490,"حقیقت چِھ یہٕ زِ سُہٕ اوس اکھ غٲر سفید فام مرد ییم خود انحصاری تہٕ صالح خود نظم و ضبطچ تصویر کشی کٔر، سیاہ فام سامعین سۭتۍ گونج تہٕ بنوو سُہ اتھ کمیونٹی منٛز اکھ اہم شخصیت۔
"
7491,"فوجس منٛز ٲسہِ ڈی سینٹ فریس سٕنٛدِس قیادتس منٛز تقریباً 50 فرانسیسی توپ خانن ہُنٛد اکھ دستہٕ تہِ شٲمِل یِم پنٕنۍ فیلڈ ٹُکرٕ ہدایت کران ٲسۍ۔
"
7492,ساروی کھوتہٕ لۄکٕٹ کوٗر چھِ ریتا۔
7493,ایکٹن دیت دہلی پنٕنۍ قانون ساز اسمبلی سول لاینن سۭتۍ، حالانکہ اختیارات ٲسۍ محدود۔
7494,جینس گو٘ انِیو ہس سٕتہِ گۄڈنِچہِ لٹہِ  تمہِ سُند گھر گژھِتھ محبت ۔ 
7495,مثلن، اگر تہنٛز سرمایہ کٲری 3 فیصد سوٗدک شرح زینان چھے٘ ،  حساب لگٲوِیو زِ مساوات 72/3 = 24 {\ڈسپلے سٹایل72/3 = 24} استعمال کرتھ كوتاہ كال لگہِ تٗہندِس پو٘ںفسس دوگنہٕ گژھنس ۔ 
7496,شیٹھٕ وٕہٕرۍ فیونرل ڈایریکٹر ڈیرل جانسنن ووٚن جمعہ دۄہ فورٹ کولنز کولوراڈونس ز أمس ٲس نہٕ زانٛکٲری ز سہ چھ سہلاب شکارن ہٕنٛدس فہرستس منٛز یوٚتام نہٕ أمس اینڈرسنن پٔتمہ ؤریہ یہ ووٚن۔
7497,جنوبس منز ٲسہِ  یونٲنہِ مغربی چھترپن ہٕندِس حکومتس تحت ۔
7498,"کینٛہہ قٲدۍ تہٕ انسٲنی حقوق کٮ۪ن کارکُنَن ہُنٛد ونُن چھُ زِجِسمہٕ كین كھوكھرین ہنز  تلٲشی چھِنہٕ نشاور چیز رٗكاونہٕ باپت بلكہِ  بلکہِ نظربنٛدَن اِزاہ دِنہٕ تہٕ زٔلیٖل کرنہٕ باپتھ یِوان کرنہٕ۔
"
7499,بہٕ گوس تَمِہ وِز مایوس ییٚلِہ مےٚ اَکِہ خاص تقرِیبِہ خٲطرٕ آن لایِن آرڈر کورمُت بوٹھ برابر گوو نہٕ کینٛہہ ۔
7500,تاہم چولا خانٛدان اوس ہندوستان نیبر  بییہ کنہ جایہ زندٕ۔
7501,"ماہرِ سمٲجیاتَو مٗطٲبق چُھ موٗریا قبیلہٕ اکھ سیٹھاہ  ہم آہنگ سماج ۔
"
7502,"ہِلزبورو تبٲہی ہٗندِ ، یَتھ منٛز 96 لیورپول ایف سی شائقین مارٕ گیہ، 20 ہِمِہ سالانہٕ دوہ باپت گیہ  ساسہٕ بٔدِ لُکھ لیورپوُل اینفیلڈ فٹ بال گراؤنڈَس منٛز جمع ۔
"
7503,"كامگار  چھِ مُختٔلِف مشینن ہٕنٛزِ ہموار کامہ باپت تہِ  دُعا کران ۔
"
7504,پرانہِ بیٲرِ كٲنی پیٹھہٕ كٕر كٕر آواز  چھےٚ تھٕر كنڈِس تٲر كھاران تہٕ خوف سٕتۍ ولان ۔ 
7505,امریکی فوجس منز آو پستولس ایم9 ناو دنہٕ۔
7506,زنانن تہ چھ مردن ہٕنٛد کھۄتہٕ زیٛادٕ کالس دگہٕ ہنٛد شکار گژھنک زیادٕ امکان آسان۔
7507,"2016 ہَس تام چھِ ترٛین  بٲژن ہندِ گھرٕ باپت غریبی ہنز سطح ، اگر بس  تو٘ہہِ  تہٕ زٕ شُرِ چِھ، چِھ 20,160 ڈالر۔
"
7508,"السریٹیو کولائٹسُک تعلق چھُ پرائمری سکلیروسنگ کولنجائٹس، پی ایس سی یُس لۄکٹٮ۪ن تہٕ بٔڑٮ۪ن بائل نالین ہٕنٛز اکھ بڈٕ ونۍ سوزش ہٕنٛز خرٲبی چھِ۔
"
7509,باقیہ فلم چھے٘ تمن واقعاتن پیٹھ پكان  یم اتھ تصادُمس کُن  نِوان چِھ تہٕ تم پاگل پنٕكہِ  واقعات یم تمہِ سندِس گھرس منٛز گژھان  چھ ییٚلہ سۄ نیبر ٲس ۔
7510,زیادٕ تر معاملن منٛز چھ نہٕ آکولوموٹر اعصابک ڈایبٹیک نیوروپیتھی پنکھس متٲثر کران۔
7511,اکاونٹ منٛز چھُ یِتہِ وننہٕ آمُت زِ کِتھ پٲٹھۍ چھُ کنشک پنُن اسٹوپا تُلنہِ آمُت۔ 
7512,ونکیہ چھُ 28 کلوٗمیٹر دوٗر، شُمال مشرِقی پیٹھ اونا قصبس کُن ، تقریباً 38 کلومیٹر جنوب مشرقہٕ پٮ۪ٹھٕ  تُلشیام کُن   تہٕ  35 کلوٗمیٹر راجولا  مغربَس منٛز واقعہٕ۔
7513,"امہ وجہ سۭتۍ چھ سہ باقٕے تمام بشپن ہنٛد صحیح سربراہ۔
"
7514,سرمایہٕ دأری ہُنٛد ساروٕی کھۄتہٕ بۄڑ ایٖجاد چُھ اکثر مشترکہ اسٹاک کمپنی وننہٕ یوان ۔
7515,أمۍ ایکٹَن کوٚر چندی گڑھَس مرکزی زیر انتظام علاقہٕ تہٕ پنجاب تہٕ ہریانہ ہٕچ مُشترکہٕ رازدٲنۍ تہِ قرار۔
7516,سُہ اوس انڈین نیشنل کانگریسُک سینیر لیٖڈر ۔
7517,گاندھی جینتی2014 کس موقعس پیٹھ کوٚر وزیر اعظم نریندر مودی ین سوچھ بھارت مشنک آغاز۔
7518,یہ چھ اسلٲمی دنیاہس منٛز ساروی کھۄتہٕ زیادٕ مشہوٗر مدرسہٕ ۔
7519,امیر کٔملۍ تہٕ باقٕے نامور لوٗکھ ٲسۍ حٮ۪فاظتہٕ تہٕ پنٛنہٕ طاقتہٕ کس علامت کس طورس پٮ۪ٹھ لاٹھیالن ہٕنٛدۍ خدمات حأصل کرن۔
7520,غٲر اِرادٕتن  گاڑیٚن ہُنٛد لُکن پیٚٹھہِ كھسنہٕ  کہِ وجہ سۭتہِ  موُدِ  واریاہ نَفر۔ 
7521,ییٚلہ بہٕ ٹرٛین ٹکٹ بک کرنہٕ آمت اوس، مےٚ گوٚو ریلوے بکنگ کلرک سٕنٛد طرفہٕ أکس مٔردِیادٕم  شہریس سۭتہِ  سخٕت زبان ورتاونہٕ سۭتہِ تکلیف۔
7522,سٹراونسکی ین لیٖچھ پانہٕ 1921 ہس منٛز آرٹور روبنسٹائن خاطرٕ اکھ ورچوسو پیانو ٹرانسکرپشن۔
7523,"لیبارٹری منٛز پالنہٕ آمٕتین تہٕ پالتوُ ہونین ، بیٛارین ، جاناوارن، پتھٕرِ كھكھرِ پكن والین  جانورن تہٕ آبہٕ پیٹھہٕ آمتین جانورن ،بییہِ  تجٲرتی طور  پالنہٕ آمٕتین كو٘كرن تہٕ بتخن  منٛز چھِٗ کٔمی ہٕٗنٛد اطلاع دِنہٕ آمٗت ۔
"
7524,"ضروُری طور اکھ ڈانس فلم، یہٕ چھِ نوجوانن، تہند خوابن، پریشانین، مایوسی ین  تہٕ یمن ہنٛزن مٗستقبل چین آشن پیٹھ توجہہ مرکوُز کران۔
"
7525,"گوڑنیوٗک ہوٲیی اڈٕ آرامگاہ اوس امریکن ایئر لائنزٕچ ملکیت۔

"
7526,بہٕ چھٗس چانہِ  زبانہِ سۭتۍ ناخوش تہٕ ہیكہٕ نہٕ مٲنِتھ   ز ژٕ چھٗكھ امہِ  نِشہ غٲفِل زِ  چٲنۍ لفظ كِتھہٕ كٕنۍ چھِ لوُكن پیٹھ اثر تراوان ۔ 
7527,پنجاب یونیورسٹی، چندی گڑھٕکۍ سابقہٕ طلباہن منٛز چھ ہندوستانک سابق وزیر اعظم منموہن سنگھ تہٕ بائیو کیمسٹری منٛز نوبل انعام زینن وول ڈاکٹر ہر گووند کھرانہ شٲمل۔
7528,سُہ چھُ پننس نائب سٔلیٖمس کپتانس كلہٕ ژٹُن  تہٕ اتھ ویڈیو بناوُن ونان ۔ 
7529,ڈیموکریٹس تہِ چھِ یہِ محصوُص كران  زِ یہِ چھُنہٕ صحی زِ سمندری طوُفان سٕتہِ مٗتٲصِر دیوول كڈن والین چھٗ بییہِ ادایگی كرنٗك  ضروُرت  ییٚلہِ زَن باقی ریاستَن منز یژھی آمدنی وٲلہِ  شہری  کِہٕینہِ ادا كرن نہٕ ۔ 
7530,وینچر کپ چھ دنیاہک سارۍوٕے کھۄتہٕ بوٚڑ، سخت تہٕ سارۍوٕے کھۄتہٕ باوقار پاور بوٹ ریس مانٛنہٕ یوان۔
7531,یہِ ہٮ۪کہ دزنہٕ سٕتہِ الكوہل ہی آرگنِك كیمیا رٹِتھ ۔ 
7532,"یسوع مسیحس معاوضہٕ کین یمن عملن منٛز چُھنہٕ کٲنٛسہِ مستفید گژھن وٲلہِ سٕنٛدِ خٲطرٕ عرضی شٲمِل، بلكہِ  امیُک مقصد چُھ عیسیٰ ہس خٕلاف ""گۄنہن ہنٛز مرمت"" ۔"
7533,"محمدن تھوو مکہَس منٛز دٔہِمہِ محرم عاشورہ کہِ دۄہ روزہٕ۔
"
7534,اَتھ تقریبَس چھِ آپریشن بلیو سٹار ونان۔
7535,"ایرکسنن سوچ ز انا چھ ""ساری کھوتہٕ زیادٕ اہم"" ۔"
7536,"معلوماتس اکوٹہٕ تھاونہٕ تہٕ کتھ باتھ کرنس چھ ذہانتک تجزیہ تہٕ تشخیص ونٛنہٕ یوان۔
"
7537,چینی پوسٹ مین مسئلٕہ چینی پوسٹ مین مسئلٕہ چھٗ گراف نظریہ یٗك   اکھ ریاضیاتی مسئلہٕ ۔
7538,"بٲتھ ٲسۍ ""تیرے میرے سپنے اب ایک رنگ ہیں"" تہٕ ""دن ڈھل جائے، ہے رات نا جائے""۔"
7539,كھیلن ، لیگن تہٕ ریفریہن منز ہیكن فاول ونن بیون بیون ٲسِتھ ۔ 
7540,"چِٹھہِ منٛز کٔرِو تیوتاہ متعلقہٕ تفصیل شٲمِل یوت تۄہۍ ہیکِو۔
"
7541,ؤنکیٚس چھُ مٗسلم لیٖگٕ چہِ  برطانیہ شاخچہِ قیادت مسلم لیٖگ (ن) کران، ییٚمیُک صدٕر زبیر گل چھُ۔
7542,کٗک آئی لینٛڈس سٕپورٹس تہٕ نیشنل اولمپک کمیٹی آیہ 1986 تھس منٛز تشكیل دِنہٕ  ۔
7543,الکیمسٹو وون ز یہٕ ایلیمنٹ ہیٛکہٕ شٔشترس سونس منٛز تبدیل کرتھ۔
7544,چنگاواسا سپرنگس منٛز اوس سپا چہ جایہ نزدیٖک اکھ ہوٹل بناونہٕ آمت۔
7545,کرجنیاک سٕنٛز بیاکھ عدالتٕی پیشی چھےٚ 13 اپریل ژندروارِ دۄہ مٗقرر کرنہٕ آمٕژ۔
7546,شان سایرن چُھ جونیئر سطحس پٮ۪ٹھ تہٕ سپن کوٚرمت ۔
7547,ڈسٹہٕ باول اوس یوٗ۔اٮ۪س تٲریخس منز ساروی کھۄتہٕ خراب انسٲنی آفات ۔
7548,"تہنٛز طاقتور آواز چھےٚ جنوب مشرقی ایشیا کٮ۪و جنٛگلو منٛزۍ واریاہن کلومیٖٹرن تام واتان۔
"
7549,"2000 سس منٛز ٲسۍ ایسٹ فورڈس منٛز 1,618 لکھ روزان ۔"
7550,روٗد چھُ مختلف آسان، شِوالِک پہٲڑی علاقہٕ چھُ سارِوٕے کھۄتہٕ اوٚدُر تہٕ اراولی پہٲڑی علاقہٕ چھُ سارِوٕے کھۄتہٕ خُشک آسان۔
7551,ینگستانک گۄڈنیوک ٹریلر آو 1 فروری2014 ممبئی کس أکس مضافاتی ملٹی پلیکسس منٛز ہاونہٕ۔
7552,تمن مِیوٗل كپو پیٹھہٕ ناو یمن منز تِم پینہٕ آیہِ ۔
7553,سنگیتا چھےٚ خوفناک منظر محسوس کران، شیٚشتٕر کلۍ ٲسہٕ کنۍ ترٛاوان تہٕ پنٛنس کمرس منٛز جن  وٕچھان۔
7554,ییٚلہ سناماہی گرٕ واپس آو، تٔمۍ وچھ پنن لۄکٹ بوے تختس پؠٹھ بہتھ۔
7555,یہِ ہیٚکہِ اضٲفی کٲم باستھ، مگر تۄہہِ ہیٚکِو سُپر مارکیٹَس منٛز وقت بچٲوِتھ اگر تُہُنٛد فہرِست قٲبلہِ فہم تہٕ صحیح پٲٹھہِ بیان کرنہٕ آمُت آسہِ۔
7556,"یوٗتاہ یہِ زیادٕ اَسان اوس، تیٛوٗت اوس سِرٛنٛگیری سِرٛی نِواس زیادٕ زیادٕ اَسُن یَژھان۔ اَسُن بَڑیو۔ ہا ہا ہا تہٕ بیٚیہِ بَڑیو۔ 
اَمہِ پَتہٕ اوس یہِ ہَلٮ۪ن تھپھ کَران تہٕ رَبہِ منٛز ڈُلٕنۍ دِوان۔ ہا ہا ہا ہا! أمِس اوس أچھو کِنۍ اوٚش وَسان۔"
7557,فیس بُکَس، ٹویٹرَس، یا باقی سوشل میڈیا سایٹَن منز لیکھِو کمپنی ہُنٛد ناو۔
7558,ڈیلاویئرک عبوری آب و ہوا ہس منز چھِ مختلف قسمٕکۍ کلۍ کٔٹۍ وۄپدان۔
7559,یہِ چھُ تبتَس منٛز پننہِ اصلی تھزرٕ پٮ۪ٹھ واریٛاہ تیٖزی سان بو٘ن كٗن وسان  تہٕ چھیكرس   مٲدٲنی علاقَن منٛز ظٲہِر گژھان، ییٚتہِ اتھ دِہانگ چھِ وَنان۔
7560,تو٘ہہِ  ہیٚکِو اکھ  بوُلہِ  تہِ دِتھ یۄسہٕ تُہنٛدٮ۪ن مُخٲلِفن ہِنٛدِ بولہِ کھۄتہٕ زِیٛاد آسہِ۔
7561,کینٛہہ ناگا تہ چھ لوک مذہبس پیٹھ عمل کران، خاص طور زیلیانگرونگس منٛز، مگر باقی ناگا قبیلن منٛز چھ کم۔
7562,سب صحارا افریقہ ہَس مَنٛز چھُ تعداد کم، مگر خاص آبادین منز چھِ سمِتھ ۔
7563,ولنچ زاو نیو یارک شہرس منز ۔ 
7564,أمہِ كٕرِ برطانویین خلاف  دویمِس انگریز میسور جنگس منز اہم فتوحات حٲصِل ۔ 
7565,اتھ کھیلِس  منٛز آسہٕ پانژھ مومموُلی پینلٹی ؛ ڈیٹرائٹ طرفہٕ زٕ تہٕ تر٘ے  پٹسبرگ طرفہٕ ۔ سٲری آسہٕ غٲر اہم تِکیاز تمام  ترٚے گول آیہِ  پوُرٕ مضبوُتی سان کرنہٕ۔
7566,موجودٕ این ایل ایل ناو گوٚو 1998 کِس سیزنس منٛز شروع، یتھ منٛز گۄڈٕنِیوٗك  کینیڈیٲیی  ٹیم شٲمِل اوس ۔
7567,کٹِل میڈم مندِر چُھ ہِندوستانس منٛز کیرالہ کِس پالاکڑ ضِلعس منٛز اَکھ خستہٕ حال سمادھۍ ۔
7568,ییلہ وقت ہاون والین ناوتین سۭتۍ ورتاونہ یِن ، تِم چھِ جاے ہاونہ بجایہ وقت ہاوان۔
7569,تٔمہِ كٕر  5000 سن  بوزن  والین ہندِس ہجوُمس برون٘ہہ  كٕنہِ كٗنِس زنِس بولنہٕ یِنہٕ واجِینہِ اداكٲری پیش ۔ 
7570,بطور کروموزومل حالت چھٗنہٕ ٹرنر سنڈرومس كانٛہہ یلاج ۔
7571,مٲہرین ہٗند تخمینہ چھٗ زِ آیی او ٹی آسہ 2020 ہس تام تقریبا 50 ارب چیزن  پیٹھ مٗشتمل ۔
7572,یہ چھ اہم ز تہۍ دیو تیوٗت رقم یتھ منز تہۍ متمعین ٲسو۔
7573,"بین الاقوٲمی سطحَس پیٹھ چھُ صرف ""سیپک ٹاکرا"" اصطلاح جدید کھیلَن ہُنٛد حوالہٕ دِنہٕ خٲطرٕ استعمال یِوان کرنہٕ۔
"
7574,یلاجن درمیان آو نہٕ کانہہ حقیقی فرق لبنہٕ ، سوائے امہِ زِ  ریڈیو فریکوینسی ایبلیشنس ہیکن طویل مٗدتی فأئدٕ ٲسِتھ ۔ 
7575,گیلفینڈس نش گیم 7 ہارنہٕ پتہٕ آو آننٛد صرف 17 چالن منٛز گیم 8 زیننہٕ خٲطرٕ واپس، یُسٔ عالمی شطرنج چیمپین شپ چہ تٲریخس منٛز ساروٕے کھۄتہٕ کم فیصلہٕ کن گیم چھ۔
7576,1997 منٛز حوالگی ہنٛز تقریب ٲس واریہن لوکن خاطرٕ نشان زد، بشمول چارلس، پرنس آف ویلز، یس حاضرس منٛز اوس، 'سلطنتک اختتام'۔
7577,وٹیلگوٕچ وٲحد علامت چھ  نیبرکُن تانن ہنز ژمہ پیٹھ  لیٔدریار  علاقن ہنٛز موجودگی۔
7578,مثال، سا ما ری گا، سا ری گا ما، بیترِ۔
7579,بیرنڈرچ بیرنڈرچ چھ جنوُبی ہالینڈ كِس ڈچ صوٗبس منز اكھ بلدِیٲتی علاقہٕ ۔
7580,"دروزبا پایِپ لایِن چھ روٗسہٕ پٮ۪ٹھ خام تیل پکناوان، یس مزیرس منٛز دۄن حصن منٛز تقسیٖم چھ گژھان۔
"
7581,دِہلہِ منٛز وۄن تباہ گومٗت ،  قلعہ رائے پِتھورا ہچہِ تٔعمیٖر چھ پرتھوی راجس  سٕتہِ وابسطہٕ كرنہٕ یوان ۔ 
7582,آیس لینٛڈ تہ چھ 1948 پیٹھٕ اکہ ورٲیاہ تمام ونٹر اولمپک کھیلن منٛز تہ۔
7583,"کالجَن تہٕ سکوٗلَن منٛز چھُ 'راکھی گنڈٕنہِ -  پن یُس 'رکشا بندنَس' منٛز استعمال  سپدان چھُ - اکھ فٲشن بنیومُت تہٕ یہِ چھُ آر ایس ایس تہٕ اے بی وی پی صفو٘  مقبوُل کوٚرمُت۔
"
7584,تۄہہ میلنو٘  سکرینس پیٹھ أکہِ گٲنٛٹہٕ کٮ۪ن بلاکن ہنٛد دٔچھنہ طرفہٕ چک باکس۔
7585,دریائے مہاندی منز  أکس جزیرس پیٹھ واقع  یہ مندر چُھ کنین ہٕنٛزِ  نقشہٕ ن،گٲری سٕتہِ   سجاونہٕ آمُت یمہٕ 10ہِمہِ  تہٕ 11 ہِمہ صٔدی ہنٛدِ شروعاتٕكہِ چھِ ۔
7586,برکھا بشٹ سینگپتا، اکھ ٹیلی ویژن اداکارہ چھ معاون کردار ادا کران۔
7587,امِہ کِس عنوانَس پؠٹھ فٲصلہٕ کرنہٕ وز وٗچھِ  فِلِم بناوَن والیو دِلِہ ہٕنٛدین  مٗختٔلف کالجَن ہٕنٛدین طٲلبَ علمن  ہُنٛد خیالات ۔
7588,ہم آہنگی، مہارت، یا باقٕے جسمٲنی مہارتہٕ چھےٚ ضروری۔
7589,وارگونا ورمن اولن کوٚر پلاوا ملکس پیٹھ حملہٕ ، کونگو ملک ، مغربی تامل ناڈو تہٕ جنوبی کیرالہ ہُک ویناڈو کوٚرن فتح ۔
7590,"1990 منٛز آو سیپَک ٹاکرا بیجنگ کین ایشیٲیی کھیلَن منٛز بطور تمغہٕ کھیل شٲمِل کرنہٕ۔
"
7591,یہ البم آو گۄڈنچہ لٹہ نیدرلینٛڈس منٛز جٲری کرنہٕ تہٕ أمۍ کٔر اصٕل کٲم۔
7592,پرایِس ٹیگ وٕچِھو یا پٲداوارُک کل قمت ژھانٛڈنہٕ خٲطرٕ کٔرو قمت سکیننگ ٹولُک استعمال۔
7593,"یہٕ آو نوآبادیٲتی دورس منز ایکسچینج پلیسس قریب بر٘وڈ سٹریٹس پیٹھ بناونہٕ ۔

"
7594,بلیو الرٹک مطلب چھٗ  زِ بسکیٖن گژھن احتیاط کرٗن شروع کرٕنہِ  تہٕ ممکنہٕ ریڈ الرٹ كہِ حالتہٕ باپت تیٲری كرنہِ ۔ 
7595,1906 ہَس منٛز، ییٚلہِ سوٗ لگ بھگ   15 ؤہٗر اوس ، تمہِ كو٘ر  نوٕ ؤرِشہِ  کورِ رما بھائی سۭتہِ  خاندر۔
7596,ژےٚ کوٚرتھس  بہ پننیو  پارکور سٹنٹو سۭتۍ ششدر یم نہٕ مےٚ پتہ ٲس ز ژےٚ چھِے تگان۔
7597,برازو ڈی اورو اوس الوارڈو ریسلنگ خاندانُک حصہٕ ۔
7598,"یِمَو منٛز چھِ زِیٛادٕ تَر جزیر رِیاستَس منٛز سیاحتکۍ مُمکنہٕ مقام۔
"
7599,ساسہٕ بٔد چھ مسجدن تہٕ باقی عوٲمی عمارتن منٛز پناہ ژھانڈان۔
7600,یَتھ مٲدانس پیٚٹھ گۄڈنیُوک او ڈی آیہ  آو ہِنٛدُستان تہٕ آسٹرٛیلِیاہس درمِیان 1 اپریل 1998  گِنٛدنہٕ۔ 
7601,گیٚم 3 تہٕ 4 سپدن  آتھوارِ تہٕ بوموارِ دۄہ سینٹ پالَس منٛز۔
7602,عطیہ چھ خیراتی مشنن فروغ دنہٕ خٲطرٕ جمع کرنہٕ یوان  یتھہٕ کٔنہِ زن گٲوذبح کرنہٕ نِش بچاونہِ یا غریب لوُكن   کھیاونس منٛز مدتھ  کرُن ۔
7603,شرابک عٲدی گژھنچ اکھ علامت چھ شرابٕچ واریاہ خطرناک پٲٹھۍ منگ محسوس سپدنۍ۔
7604,ٹورینو، اٹلی منٛز ونٹر اولمپک گیمن ہنٛد مقابلہٕ کِہ ژوٗرمِہ دۄہہ خٲطرٕ چُھ میڈلُک نٔتیٖجہٕ درج ذیل۔
7605,نتہٕ چھِ  ، ترٛیٚیِمہِ نسلٗك  سیفلوسپورین یتھ کٔنہِ  زَن سیٚفٹریاکزون یا سیٚفوٹیکزایٖم گۄڈٕنیُک انتخاب۔
7606,ٲخٕر کار آو ڈجٹل طۄر بحال کرنہٕ آمت ورژن میٹرو شہرن منٛز پی وی آر سنٛیماہن ذٔریعہٕ 17 جنؤری 2014 ہس پٮ۪ٹھ جٲری کرنہٕ۔
7607,"جون پرووسٹ بنیو 1957 ہس منٛز فارم بواے ییلہٕ ریٹیگن شو تروو۔
"
7608,ایلارڈیس سُند دور  روُد صرف 67 ٹھن دۄہن تام جٲری، یمہٕ سۭتہِ سُہ تھری لاینس خاطرٕ ساروی کھوتہٕ کم خدمت کرن وول مینیجر بنیوو ۔
7609,معافی چھ نہٕ صرف انسٲنی سٲتھی ین نش منٛگنہٕ یوان، بلکہ چھ تمام جاندارن نش مانٛگنہٕ یوان یمن منٛز اکھ احساس پیٹھہٕ پانژن حواس تام چھ آسان۔
7610,دربھنٛگا قٕلعس چُھ رام باغ قٕلعہٕ تہِ ونان تِکیازِ یہِ چُھ قٕلعس اندر رام باغ محلس منٛز واقع ۔
7611,انتھروپومورفِک آرٹٕس اینڈ ایجوکیشَن بورڈُک ممبر پیٹر ٹورکلسَن چُھ ونان یہِ گژھِ نہٕ فردر كنفیوُجنس ۔
7612,کیرالہ ہُک وَنُن چھُ زِ پیریار چھُ اکھ رِیاستی دٔریاو تِکیٛازِ امیُک کانٛہہ تہِ حِصہٕ چھُنہٕ تامِل ناڈو منزۍ وَسان۔
7613,خریدٲری ہنٛدس چكرس پیٹھ گژھنہٕ برٛونٛہہ کٔریو تمن چیزن ہٗنٛد فہرست بناونٗك  کوُشش یِم تۄہہ اصلی  ضروُرت چِھ ۔
7614,ڈی ایس: تہنٛد شٗرِ کیٛاہ چھ بطور کارٕبار اتھ متعلق سونٛچان؟
7615,وایرس رُکاونہٕ خٲطرٕ چھِ کیٚنٛہہ مُلُک تِمن غیر مُلکی سیاحن ہِنٛدِ پٔتِمہِ ویکسِنیشن ہُنٛد مُطالبہٕ کران یِم زرد تپھ کیو علاقو منٛزٕ  گزریمٕتۍ چھِ۔
7616,"منڈلا پلانٹ فوسلز نیشنل پارک، ڈنڈوری نیشنل فوسلز پارک گھوگھویا چھِ ہندوستانَس منٛز مدھیہ پردیش کِس ڈِنڈوری ضلعَس منٛز واقع۔
"
7617,"یہِ خانقاہ آو 1700 عیسوی کِس شروٗعاتَس منٛز ہِیوٗ قٲیِم کرنہٕ ۔
"
7618,یہِ منصوبہٕ چھٖ قانونن منز لیكھِتھ تہٕ قانوٗنی طور گریٹر كوپن ہیگنس پیٹھ لاگو ۔ 
7619,یہٕ آو 2011 منٛز صدر براک اوبامہ سٕنٛدۍ دٔسۍ رد یا منسوخ کرنہٕ۔
7620,ایل اے ٹی اے ایم  آیہ 1961 ٹھس منٛز قٲیم کرنہٕ ، مگر 2000 پیٚٹھٕہ چھِ یہِ تیزی سان بڑیمژ ۔
7621," کیمپٹے  آبشار تہِ أنٛدِ پٔکہِ  علاقہٕ چِھ 4,500 فٹ تھدِیو پہٲڈی سِلسِلو٘ سٕتہِ ولِتھ ۔ "
7622,"امک مرکزی دفتر چُھ ایسٹلیگ ، ہیمپ شائر، انگلستانس منٛز۔

"
7623,نہرون کٔر ہندوستانٕچ نمایندگی تہٕ گوٚو سامراجس خلاف لیگ ہُنٛد ایگزیکٹو کونسل باپت منتخب یُس اتھ اجلاسس منٛز اوس پٲدٕ گوٚمُت۔
7624,پِچَس چھِ  لَبہٕ یِم آواز تہٕ بالہ تہِ واپس گوُنجنس منٛز مدتھ كران چھے٘ ۔ 
7625,چٗنار قصبس سۭتۍ، مرزا پور شہرس نِش، قلعس بونہٕ كٕنہِ واقع، چھِ یم زٕ  تٲریٖخی مقامات یمن مٗشترقہٕ تٲریخ تہٕ دٔلیٖلہٕ چھےٚ۔
7626,"تٔمۍ گیُنٛد باقٲعدٕ کھلٲڑۍ سٕنٛدۍ پٲٹھۍ تہٕ کٔرن پرٛٮ۪تھ سیزنس منٛز 10 ہہ کھۄتہٕ زیٛادٕ گول سکور۔
"
7627,دانٛدَ لڑایہ  چِھ فن تہٕ ثقافتٕچ تمام شکلہٕ متٲثر کرمژ ۔
7628,حکمران طبقن  آسہے  8 مہِ صدی منٛز جوُڈا ازم قبوُل كو٘رمُت ۔
7629,یہِ بنیو مغل دربارَس مَنٛز موسیقی سوامی ہری داس سٕندِس شٲگرٕد تانسین نہ دٔسی دربٲرۍ موسیقی، یُس باقٕے چیزن علاوٕ پننہِ دھروپد کمپوزیشنَن کِنۍ مشہوٗر چھُ۔
7630,سونٛگ خاندان کس دورس منٛز آیہ  اکھ گانٹہٕ بیٲر فایر کرٛو، یتھ منٛز آتش خیز گرد، اکھ فیوٗز، تہٕ اكھ دزوٕنہِ مٗشكہٕ تٗجہِ آسان ٲس ، بطور اكھ ہتھیار بناونہٕ  ۔
7631,موسیقی تہٕ بولن ہند گیون ہند سکور اوس شرمین برادرزن لیوٚکھمت ۔
7632,پِرزٔم شِیٖشہٕ تہٕ اَپریشن سۭتۍ ہیکو ڈَبٕل وِجَن ٹھیک کٔرتھ ۔ 
7633,ژٕ گَژھکھ یِم فرض کامیٲبی سان انٛجام دِنس منٛز میٛٲنۍ سۭتۍ بوج  تہٕ مددگار بنٕنۍ، یِم  فرض وۄنۍ أکِس گروٲلۍ سندِ حیثیتہ مےٚ مٹہ چھِ۔ 
7634,یہ ہٮ۪کہ آبس تام تمہ وز وٲتتھ ییٚلہ پیٚٹھٕہ میژ ہوٚچھِ آسہِ ۔
7635, 2001 /2002 زرعی مردم شُمٲری مطابِق ٲس ہندوستانَس منٛز صِرِف 58.13 مِلیَن ہیکٹَر زمین  اصل پٕٲٹھۍ سیراب کرنہٕ آمٕژ۔ 
7636,امہ پتہٕ بییٚیہ وریہ  لیچھ تمۍ مُمبیی ایکسپریس تہٕ تتھ منز کٔرن اداکٲری تہِ ۔ 
7637,15ہِمہِ صٔدی ہِندِس  تٲریخ دان جوناراجہِ سندِ  مُطٲبِق چھُ ییٚتیتھ “نگ “مطلب ہوٚس ۔
7638,صوبٲیی رازدٲنہ بینی چھے٘  سطح  سمندر پٮ۪ٹھٕہ تھزرس ۔
7639,ڈاکٹر جے جے یارٹن کُۄر 1832 ہس منز میندِیُک گۄڈنِیُک چھان بیٖن، امِہ طریقہٕ ترووُن ووباہن ہُند علم حاصل کرنک بنیاد  ۔ 
7640,"شِشنارِ  کہِ کینسر سۭتہِ چھ پرٮ۪تھ ؤرِیہِ بییہ کُنہِ کینسَر کھۄتہٕ زیادٕ 1.8 مِلین  لوٗکھ مَران ۔ 
"
7641,"تتھ وقتس دوران، یا امہِ کھوتہٕ واریاہ برٛونٛہہ، غالباً، کھووَن کوٚر عیسائیت پٮ۪ٹھ اسلام قبول کرُن شروٗع، تہٕ اپنوٚوُن اکھ مسلمان ناو، محمد کھو عبداللہ ۔
"
7642,مشرِقی لداخس منٛز چُھ وونُن رٮ۪وٲیتی زِنٛدگی ہُنٛد اکھ اہم حِصہٕ۔
7643,اصلی اوس یہ اکھ نمکیٖن پے، وۄنۍ چھ یہ اکھ مٔدٕر پے۔
7644,2009 منٛز کٔر سینَن شرمیلا ٹیگور تہٕ راہول بوسَس سۭتہِ  انیرٗدھ  رائے چودھری سٕنٛز بنٛگٲلہِ  فلِمہِ  انت ہینَس منٛز کٲم۔
7645,یِہ ہیکہ گرم پوٹاشیم پرمینگنیٹس پوٹاشیم ہایڈروکسایڈس سۭتۍ مِلٲوِتھ تِہ بناونہٕ یِتھ۔
7646,"نپولینَس پیٹھ فتح سۭتۍ گوٚو برطانیہ وسطی ایشیاہَس منٛز روٗسَس ورٲے کُنہِ تہِ سنجیدٕ بین الاقوٲمی حریفہ رُس۔
"
7647,رفیعس میول پنن گۄڈنیوک فلم فییر ایوارڈ چودھوی کا چند کس ٹایٹل گیونس خٲطرٕ، یس روی ین ترتیب دیتمت اوس۔
7648,پاپولیاس گزریو 26 دسمبر 2021 ایتھنزس منٛز ۹۲ وٗہٗر ۔
7649,"لاوزی چھ کامل تاوسٹ ماسٹر تہٕ ینسی چھ مثٲلی تاوسٹ طالب علم۔
"
7650,یِہ ریل ٲس پیرس پٮ۪ٹھ لیموجِس تام اَکھ سٔروس ۔
7651,توہہِ یُس پوٚنٛسہٕ قرضس كٗن  دِوان چھِو ،چھُ سُہ پوٚنٛسہٕ یُس  بیمہٕ شُدٕ بچت کھاتس یا ہنگٲمی فنڈس منٛز ترٛٲوِتھ ہٮ۪کو ۔
7652,موجودٕ سلطان محمد پنجم چھ کیلانٹنک ۲۹ ہم سلطان۔
7653,ڈسوسی ایٹو چھ استعمال کرن والین ہند تصورات تبدیل کران تہٕ چھ ہیلوسینیشن ، ٹرانس تہٕ یوپھوریا ہند سبب چھ بنان۔
7654,سۄ بنییہِ 2022 منٛز جورجیا میلونی کابیناہس منٛز ادارٲتی اصلاحاتٕچ وزیر۔
7655,ییٚلہ تِم وٲتہِ، ویلیس اوس چھُرِ ہیتھ  تمن نزدیٖک یوان ۔
7656,صرف کٮ۪نٛہو میچو پتہٕ گوٚو سہ انٹراچٹ برونشویگس قرضس پٮ۪ٹھ۔
7657,یِم چھِ- کم، درمیانہٕ تہٕ زیادٕ۔
7658,ابتدٲیی تعلیم چھِ 6-14 وٲنسہِ درمیان بچن ہنٛزِ تعلیمہِ تہٕ تربیتٗک احاطہٕ کران ۔
7659,بہٕ  بڑیوس تتھ وقتس منٛز ییلہٕ لوُکھ پزۍ پٲٹھۍ روُبروُ میلان تہٕ کتھ باتھہِ مزٕ تٗلان ٲسۍ۔
7660,2001 منٛز آو سہ 1 سیٖزنس منٛز کنساڈول ساپورو ہس قرضس پٮ۪ٹھ دنہٕ۔
7661,سپر کنگز چھ لیگِہ ہٕنز دویم ساروٕے کھوتہٕ کامیاب ٹیم، یم ژور IPL تہٕ زٕ CLT 20 ٹایٹل زینۍ متۍ چھ۔
7662,شوٗٹِنٛگ چُھ اَکہِ قٕسمٕکہٕ ہٕتھیار سۭتہِ  گوُلہِ چلاونٕچہِ  کٲم یا عَمَل
7663,اتھ میوُل  انفارمیشن ٹیکنالوجی تہٕ آئی ٹی فعال خدمات کہ آمدٕ سٕتۍ مدد ۔
7664,اگر توہہِ اكِس  دوستس لۄکٗٹ رقم وۄزٗم دِوان چھِوٕ، تیٚلہ کٔرو قونوٗنی دستاویز ترٛاونہٕ تہٕ توہِ یہِ واپس میلنہٕ كہِ توقع ورٲیی پونٛسہٕ دِنس پیٹھ غور۔
7665,اِلان مَسکَن تہٕ تٔمۍ سٕندۍ بٲیی کٔر 1995 تس منٛز اکھ سافٹ وِییر کمپنی زِپ ٹُو شروع ۔ 
7666,پرون بالپارک اوس فولاد ، کنکرٛیٖٹ تہٕ سیریو سۭتہِ بناونہٕ آمٗت ۔
7667,"""تسویر تیری دل میں"" چہ ریکارڈنگہ دوران کوٚر لتایہ رفی یس سۭتۍ بٲتھ کس أکس خاص حصس پیٹھ بحث۔"
7668,چربی دار تہٕ مودٗر كھینہ سۭتۍ سپدیو گۄڈم گرٲنی تہ پتہ بد ہضمی، یٗس تٗہٗنز خریداری ہٗند مزٕ خراب ہیٚکہ کٔرِتھ۔
7669,مثالہ پٲٹھۍ نیپٲلۍ گورکھاہن آیہ برطانوی نوآبادیاتی دورس منٛز ایزول علاقہٕ تہٕ میزورم کیٮ۪ن باقی حصن منٛز آباد گژھنہٕ خٲطرٕ حوصلہٕ افضٲیی کرنہٕ۔
7670,گانٛٹہٕ بیارِ چھےٚ انسٲنی پرواز، فوجی استعمال، ساینس تہٕ موسمیات، فوٹو گرافی، ریڈیو اینٹینا تُلنہٕ، بجلی پٲدٕ کرنہٕ، ایرو ڈاینامکس کٮ۪ن تجرُبن تہٕ بیٚیہِ واریہن چیٖزن خٲطرٕ استعمال کرنہٕ یوان۔
7671,سیاحَن ہٕنٛدِ ذٔریعہٕ پٲدٕ گژھَن واجیٚنہِ گرمی چھِ سٹالگمائٹ کِس قدس مُتٲثِر کران۔
7672,تَتہِ چھِ فری سِٹایِل مُقابلہٕ تہِ گژھَان، یَتھ منٛز  مُقابٕلۍ اَکہِ پتہٕ اَکہِ اَکھ أکِس پیٹھ حملہٕ کران چھِ، تہٕ محافظ چھُ کارکردگی پیٹھ پرکھنہٕ یِوان۔
7673,بلٹک ڈیزائن چھ کیٛاہ گژھِ ییلہٕ گولی کنہِ چیزس لگہِ  تہِ اثر کرِ۔
7674,یروشلم آو 2009  منٛز عرب کیپیٹل آف کلچر نامزد کرنہٕ
7675,"2011 ہَس تام چھُ ہیندِ  مذہب ساروِیہ کھوتہٕ زیادٕ عام مذہب، یٔمیِٕک پیروکار کُل آبٲدِی ہنٛدِ %  70.54 دٕچہِ  نمائندگی  کران چھِ ۔
"
7676,برادٔری گٔیہ ؤلۍ ؤلۍ جمع، منصوبہٕ بنٲوٕن، اکھ وتھ ژٲرٕن تہٕ کوٚرن احساس زِ تمن پیٚیہٕ لوٗکن ہٕنٛدس ییٖتس بٔڑس گروٚپٔس مدد کرنہٕ خٲطرٕ اکہ فریم ورکٕچ ضروٗرت۔
7677,توہہہِ  ہیٚکِو  پننہِ كمپنی ہندین بنٲوِمتین  نوٮ۪ن ضوٚروٗری تیٖلن ہٕنٛزٕ تصویٖرٕ شرو٘دھِ  کٔرِتھ یا  تُہٕنٛدِ خریٖدار کمو طٔریٖقو ہٮ۪کن یم تیٖل استعمال کٔرتھ۔ تم تصویٖرٕ شرو٘دھِ  کٔرِتھ ۔
7678,"گۄپھہٕ منٛدرَس منٛز چھِ ترٛےٚ لۄكٕٹہِ كٗٹھہِ - ویراندا، انترال تہٕ گربھہٕ گر٘ہ۔
"
7679,غٲر صحت مند ماحولس منٛز روزٗن یا کٲم کرٕنہِ تہِ ہیٚکہِ بیمارین ہٗنٛد سبب بنِتھ ۔
7680,روایتی طور چُھ بَچن  گرِکین ہندِ طرفہ خاص توجہ میلان ، مثالے زادوہکی ہوۍ تبرُک۔ 
7681,"اکھ مالیاتی آڈٹ چُھ یتہٕ اکھ اندرونی آڈٹ تہٕ اکھ بیرونی آڈٹ چُھ یوان کرنہٕ۔

"
7682,آٮٔی ایف سی کینوئنگٕک چھِ واریاہ مسابقتی تہٕ غٖر مسابقتی شعبَن تسلیم کران، یِمن منٛز سپرنٹ تہٕ سلالم صرف زٕ چھِ یِمۍ اولمپک گیمزَن منٛز حصہٕ چھِ نِوان۔
7683,کینٛہہ دۄہ پَتہٕ آو سِرٛنگیری سِرٛی نِواس خۄش پٲٹھۍ واپس پنُن گَرٕ۔ یہِ گوٚو واپس پنٛنِس کھہس منٛز کیلہٕ وۄپداونہِ۔ 
7684,"تَمِہ کِنۍ چھُ باسان زِ یہِ تہوار چھُ دیوتاہن نِش اکھ خوشحال تہٕ برکژ وول ؤری منگنہٕ خٲطرٕ قٲیِم کرنہٕ آمُت۔
"
7685,57 ورِش   ارتھاوڈ ٲس اکھ یاچ وومین  ییٚمہِ 1990 روُٹ ڈوٗ رٗم زیوٗن۔
7686," رابرٹسنن رٔٹ 1995 منٛز  ڈونلڈ پلیسنس 
 نہ مرنہ سببہ صدر سنز جاے۔"
7687,وۄنۍ گوٚو، ایس ایس آر آیی چھ صرف کمسٕے کالس مدد کران وٕچھنہٕ یوان۔
7688,وٕنكینس چِھ جھارکھنڈٕکۍ 24 ضلع 5 ژن ڈویژنن منٛز تقسیم كرنہٕ آمٕتۍ ۔
7689,نارائنس لگۍ  بچلر  ڈگری حٲصِل کرنس ژور وری، معموُلہٕ کھوتہٕ اکھ وری زیادٕ ۔ 
7690,تو٘ہہِ  ہیٚکِو پالتو جانوَرن ہِنٛدیٚن سٲتھی مٲلِکن تہِ پٕرٛژِھتھ زِ تِمن ما چھےٚ روزنس خٲطرٕ کُنہِ سرٛۄگہِ جایہِ ہِنٛز تجویٖز۔
7691,چٔنٛدی گَڑھ چُھ ہِنٛدُستانَس منٛز اَکھ شَہر، ضِلعہٕ تہٕ مركزی زیر اِنتظام علاقہٕ  یُس دۄن نزدیٖکی رِیاستَن، پنجاب تہٕ ہہریانا ہٕچہِ  مُشترکہٕ رازدانہِ چھٗ ۔ 
7692,"سُہٕ گوو اپریل 2002ہس منز سیئٹلس منز منشیاتک زیادٕہ استعمالہٕ پتہٕ فوت۔

"
7693,ہایپرتھیرایڈزم وٲلہِ لوٗكھ ہیكن وتیرس  تہٕ شخصیتس منٛز تبدیلین ہٗنٛد تجرٗبہٕ کرِتھ ، یتھ منٛز نفسیاتی ، مژر ، اضطراب،پریشٲنی تہٕ دِل ملوُلی  شٲمل چھِ ۔
7694," کُنہِ ساتہٕ چھِ گراکَن ہٕنٛزِ منٛگہِ مُطٲبِق بجلی بنٛد یِوان کرنہٕ تہٕ گٲمی ماحول بناونہٕ خٲطرٕ  لالٹین فراہم کرنہٕ یِوان ۔
"
7695,قووتی مشروباتن ہنزٕ مِشالہٕ چھے٘  ریڈ بٗل تہٕ مونسٹر اینرجی۔
7696,تمو کوٚر 16 جنوری 2011ہس منز ہسپتالہٕ نیش ریلیز۔
7697,کتبہ سۭتۍ چھُ یہِ باسان زِ گُپتا حالانٛکہِ تِہُنٛد طاقت اوس واریاہ کَم گوٚمُت، مَگر روٗد ہنَن خلاف مزاحمَت کران۔
7698,"میڈولا چُھ ہمدرد اعصابی نظام تہٕ پیراسیمپیتھٹک اعصابی نظامس کنٹرول کرنس منز مدد کران۔
"
7699,مےٚ پھچییہ رگ ییٚلہ مےٚ بجلی بورڈٕکۍ کارکن زمین پیٹھٕ 50 فُٹ ہیوٚر أکس پلیٹ فارمس پیٹھ احتیاط سان پکنان وٕچھ۔
7700,"ماجہِ ہٕنٛدۍ وکیل جان ٹریوینَن دِیُت سُہ واقعہ ""ناقابل فہم"" قرار۔"
7701,یہ چھ کیرالہ ہک اکھ مقٲمی تہوار یتھ منٛز اونم کس شامس یا اتراڈم پیٹھٕ اونم کس ژوٗرمس دۄہس تام ژۄن دۄہن ہنٛز عوٲمی چھُٹی چھےٚ آسان۔
7702,وۄنۍ چھِ نیشنل لائبریری آف انڈیا بیلویڈیر اسٹیٹَس منٛز ۔
7703,"اکھاڑہ چھِ اورا، ساتا، جھلک، سیتیکا، پاک، جپ، لون تہٕ کھارَس منٛز تقسیٖم کرنہٕ آمٕتۍ۔
"
7704,ترٛےٚ ایاگاپاٹا یا ووٹِو استوپا تہٕ امبیکا سُنٛد اکھ مُجسمہٕ چھُ أکِس پوشہٕ دار کُلِس تَل کھڑا ، یَتھ منٛز أمۍ سٕنٛدۍ شُرۍ تہٕ اکھ خدمتگار چھُ ییٚمِس  سٕہہ گأڑِ  ہندۍ پأٹھۍچھُ۔
7705,یہٕ چھ ہسپانوی، برطانوی تہٕ فرانسیسی سلطنتن ہنٛد مقابلس منٛز زیادٕ بوٚڈ۔
7706,کانٛہہ ہٮ۪کِہ بۄڈ رقم نِنہٕ پتہٕ غٲب گٕژِتھ ۔
7707,چنڈی گڑھ کس مکمل گژھنس تام اوس شملا ریاستٕچ عارضی رازدانۍ۔
7708,باقی تمام برقی مقناطیسی لہرن ہنٛد پأٹھۍ، چِھ تِم  گاش کہ رفتارٕ سۭتۍ سفر کران۔
7709,یہِ چِھ شمال مغربی فرانس کِس اورنے محکمس منٛز نارمینڈے منٛز ۔
7710,واریاہو کامیٲبیو باوجود چھ کیرالہ ہسس واریاہن مشکلاتن ہنٛد مقابلہ، یتھ کٔنۍ زن بے روزگٲری ہُند تھوٚد سطح یوٚس تعلیم یافتہ زنانن غیر متناسب طور پٲٹھۍ متٲثر چھ کران، عالمی سطحس پیٹھ اعلی سطحٕچ زان ، تہٕ  واریاہ نازک ماحول۔
7711,بییہٕ اکھ کھلٲڑۍ یمسند تہنٛدین سٔتمین کھیلن منٛز شٲمل گژھنک امکان چھ، چھ کیرن موڈرا،  بصارت نشہ   محروم اکھ سائیکل سوار۔
7712,روشنَن چھُ سٹیجَس پیٹھ تہِ اَداکٲری کٔرمٕژ تہٕ 'جسٹ ڈانس' سۭتۍ کوٚرُن ٹیلی ویژن پیٹھ شروٗعات۔
7713,گۄڈنیِكہِ  کپ کیکٗك  ہیٛکہِ 1796 تھس تام پتاہ لگاونہٕ یِتھ ۔
7714,رتھ یاترا چھٗ عوامس سۭتہِ اكِس رتھس منٛز  سفر۔
7715,جنوری 2001 منٛز آیہ سۄ کارنیگی ہالس منٛز ریپر وائکلف جینس سۭتۍ وٕچھنہٕ۔
7716,رام نومی چھ ہینٛدۍ تہوارو منٛزٕ اکھ یس ہنٛدوستٲنۍ باشندٕمناوان چھ یِمَن ہٕنٛدۍ موٗل اتر پردیش تہٕ باقی  ریاستن منٛز چھ۔
7717,"کٮ۪نٛہہ دھات، یتھ کٔنۍ زن ایلومینیم، چھ واریاہ زیٛادٕ کمزور پٲٹھۍ متوجہٕ گژھان۔
"
7718,فورٹ ایمانویل، یتھ فورٹ مینوئل تہِ ونان چھِ، چھُ اکھ كھنڈہر  شٗدٕ قلعہٕ یُس کوچی (کوچن)، کیٛرالہ، ہنٛدوٚستان کِس فورٹ کوچی سٲحِلس  پٮ۪ٹھ واقع چھُ ۔
7719,دروٗپد  موسیٖقی چھِ بُنیٲدی طور موضوع تہٕ متنس مَنٛز بكتی  پٮ۪ٹھ مبنی۔
7720,رِیَپبلِک آف تُرکی ہندِ  سینٹرل بینکَن کوٚر حالٕیہ اكھ  نوکری ہُنٛد اِشتِہار شایَع یَتھ منٛز مرٕد ڈاکیوُمینٹ افسَر ژھارنہٕ آو ۔۔
7721,تَمہِ وِزِ ٲس وائسرائے کونسلٕکۍ ہوم ممبر سر ولیم ونسنٹَن پنٛجاب پریشٲنیَن پیٹھ أکِس بحثس منز پننس أکِس بیانَس منٛز معٲفی منجمٕژ۔
7722,ہندوستان آو ایشیا اوشیانا کورف بال چمپیَن شپہِ منٛز دۄیہِ پھِرِ ترٛیٚیمِس مُقامس پٮ۪ٹھ۔
7723,راز دٲری چھےٚ کینژن ملکن منٛز چھ  کیٚنہہ لنک ہاونس منع کران ۔
7724,1938ء منٛز  34 وُہرۍ سپٕدۍ یِم  ٹاٹا سنزکۍ چیرمین منتخب ییٚمہِ ستۍ سُہ ہندوستانس منٛز ساروےٕ کھۅتہٕ بڑِ گرُپُک سربراہ بنیوو۔ 
7725,لکھنوس منٛز چھ مشہوٗر اودھی نوٲبی  ثقافت ییٚلہ زن کانپوُر ایڈورڈ ہال، پولیس کوارٹر، کچری قبرستان ہوٮ۪و  یادگارو  سۭتہِ  بہتٔریٖن برطانوی فن تعمیرٕچ عکٲسی کران چھُ ۔
7726,بِہِو تہٕ ترٲیِو پننین خرچن پیٹھ اکھ دٔر نظر۔ 
7727,اِنسٲنی اچھِ مرکزی ہیٹروکرومیا ہیتھ سنگترٕ كاژٗر نیج سو٘نزل ہاوان ۔ 
7728,پاٹالی سری کھیتر چھِ اکھ مشہوٗر جاے ییٚمِچ سُبرن پوٗر ضِلعہٕ تہٕ اوڈیسہ، ہندوستان خٲطرٕ اَہَم تٲریٖخی اہمیت چھِ۔
7729,ایلیسپ ایلیسپ چھ اکھ پروگرامنگ زبان یوس خصوصی طورس پیٹھ ایماکس خٲطرٕہ رچرڈ سٹالمینن تیار کٕر ۔
7730,"1997 تھس منٛز ترٛٲو پیٹرن کمپنی تہٕ کوٚرُن پنٕنۍ حصہٕ برقرار تھاونک فٲصلہٕ۔
"
7731,کارمین چھےٚ أکس جپسی کورِ متعلق یس أکس کارخانس منز کٲم چھےٚ کران ۔
7732,سون بھنڈارٕچ كٕنہِ تہِ چُھ بارابار غارو ہٕنٛد گرینائٹ کھۄتہٕ واریاہ کم سخٕت، تہٕ امہ کنہ اوس نہٕ اتھ حدس تام کوٗششہ تہٕ تکنیکہ ہنٛز ضٔروٗرت۔
7733,کنہ ساتہٕ ہی۪کہِ مہین تہ انسانن نشِ ڈینگو گٔژھت۔
7734,نازی جرمنی تہٕ سوویت یونین دشونی ٲسۍ موٚزوٗرۍ کرناونٕکہ ذٔریع ختٕم کرنٕکۍ نظام۔
7735,عام طورچِھ لوکھ کُنی ملککۍ ، ثقافت یا مذہبٕکۍ آسان ۔
7736,ٹایم ٹایمر کر پیشرفتک وقت وزل شروع یس بیچ ختم گژھنک متوقع اختتٲمی وقتہٕ پانٛژ منٹ برونٹھ چھ شروع گژھان۔
7737,سورینگ، یوکسوم، گیالشنگ تہٕ ڈینٹم چھ گیزنگ تہٕ سورینگ ضلعن ہندۍ سب ڈویژن۔
7738,40 وُہُر کیٚنیڈِین ایٚم پی بیٚلیٚنڈا سٹروناچَن چھُ مبینہٕ طور کیٚنیڈِین ہاکی سٹار ٹائی ڈومیَس  دوکہ دِیُتمُت۔
7739,"ایسوسیےشن فٹ بالٕک پٲٹھۍ چھِ کھیلس منٛز عام  طور 45 منٹَن ہٕنٛدۍ زٕ حصہٕ آسان تہٕ پریتھ طرفہٕ چھِ 11 کھلٲڑۍ آسان۔


"
7740,"امِہ قعلک تعمیٖر ٲس راجا تیغ سنگھن 1762 عیسوی منٛز شروٗع کورمت تہٕ 1802 ہس منٛز کوٚر أمۍ سٕنٛدۍ جانشین راجا عالم سنگھن مُکمل ۔
"
7741,جوُن 1960 ٹھس  منٛز بنیٛوو سٗہ جنوُبی کوریا ہٗک شیٚیم ؤزیر اعظم ۔
7742,امہ برٛۄنٛہہ ٲس سۄ 2003 پیٹھٕہ 2008 تام کنساس سٹیٹ ٹریجرر۔
7743,روک گوو 1 جولائی 1956ہس منز کلیولینڈ، اوہائیو منز پیدٕ۔
7744,میک ملن اوس امی قٕسمہٕ کہ نوآبادیٲتی جنگہٕ نشہ بچن یژھان، یتھ منٛز فرانس الجزایرس منٛز لڑان اوس، تہٕ تمہ سٕندس وزیر اعظمس تحت گٲگٔیہ ڈیکولونایزیشن تیزی سان جٲری۔
7745,آئیپیٹسس چھ سست گردشک شرح، یتھ گردشس 79 زمینی دۄہ چِھ یوان۔
7746,وِکیٖپیٖڈیا شٲمِل کرنہٕ خٲطرٕ گٔژھِو یوور تہٕ دِنہٕ آمتِس فہرِستس منٛز کٔرِو وِکیٖپیٖڈیاہَس پیٹھ کِلِک، تہٕ تُہنز کٲم سپٕز۔
7747,ڈنکن مۄیہ 3 فروری 2019 سڈنی منٛز کینسر سۭتۍ ، 76 ؤرش۔
7748,سہ اوس ٲٹھن ریتن تام ویگننگن ایگریکلچرل یونیورسٹی، نیدرلینڈز کس انسٹی ٹیوٹ آف جینیٹکسس منٛز یونیسکوک فیلو۔
7749,پانڈاہن ہٕندۍ سِکہٕ، یِمن پیٛٹھ گاڈَن ہٕندۍ نشانہ ٲسۍ، اُوسُکھ یِوان 'کوڈنڈرمن' تہٕ 'کانچی' والنگم پیرومل وننہٕ ۔ 
7750,"طبی پیشہٕ ورن سۭتۍ ڈیزائن کرنہٕ آمت ذٲتی علاجک منصوبہٕ مکمل کرنہٕ کس بنیادس پیٹھ، کیریئرز ییہٕ ""رلیز"" ضروریاتن پورٕ کرنہٕ پیٹھ پننیو معاہدو سۭتۍ یلہٕ تراونہٕ۔
"
7751,وِٹامِن بی 12 ہٕچ کٔمی چھےٚ خوٗنچہِ كمی ہندیو٘  کٮ۪و اہم وجوہاتو منٛزٕ اکھ ۔
7752,ٹی اٮ۪ل اٮ۪س چھ کرپٹوگرافی ہنٛد استعمال کٔرتھ انٹرنیٹس پیٹھ اینڈ پواینٹ تصدیق تہٕ مواصلٲتی راز دٲری فراہم کران۔
7753,راجستھانس منز چھےٚ سیاحتچ صنعت پریتھ ؤریہ موثر طریقہٕ ترقی کران تہٕ یہ چھےٚ ریاستی حکومت خٲطرٕ آمدنی ہٕندیو بڈیو ذریعو منزٕ اکھ۔۔
7754,یہ بیمار چھےٚ زیٛادٕ تر افریقہ، ایشیا تہٕ جنوبی امریکہ ہس منٛز لبنہٕ یوان۔
7755,کیٛاہ روٗدٕ ونن منٛز چھا زپ لائننگ خٲطرٕ کینٛہہ حفٲظتی اقدامات؟
7756,تِم ٲسۍ مقابلس منٛز شیٚیِمس نمبرس پیٹھ بُلیٖن بوٗمرزس نِشہ زِ گیمہٕ پَتھ۔
7757,طے کٔرِو زِ تُہنٛدِس عملہٕ کِس ماڈلَس سۭتۍ کٲم کرنہٕ باپتھ کُس طریقہٕ چھُ بہتریٖن کٲم کران۔
7758,"انشول تہٕ آکاش سُنٛد دِل پھُٹمٕت مول موج چھُ أکھ ؤکیٖلَ كران  تہٕ بھارٕ  فیس ادا کران مگر گواہَن ہٕنٛز کٔمی کِنہِ مقدمہٕ ہاران۔
"
7759,"اَمہِ کِس نٔتیٖجَس منٛز یِنہٕ وٲلِس قحطَس منٛز گٔیہِ فاقہٕ کشی سۭتہِ لچھِ بٔدِ لُکھ مارٕ۔
"
7760,سۄ زایہ 1956 منٛز کلرشولم ، البرٹا ، کینیڈاہس منز  ۔
7761,تریپورۍ تہٕ جماتیا لوٗکھ چھ گوریا پوجایہ دوران گوریا رقص کران۔
7762,"تٔمۍ کوٚر ایس سی ہیرنوینَس خلاف گۄڈٕنِکِس ٹیمہِ خٲطرٕ پنُن گۄڈٕنیُک گول۔
"
7763,لوُکھ چھ نٕوِ  پلو٘ تہٕ دھوُتِہ مۄلہِ ہیٚوان تہٕ تہوارٕ خٲطرٕ  نٕوِ  چیز ہیٚوان، پننین گھرن ہنٛد دروازٕ نویو٘  آمبہٕ پنہٕ وتھرو٘   سۭتہِ سجاوان ۔
7764,"فلمِہ کٔر شروٗعٲتی ہفتہٕ کِس ٲخرس پیٚٹھ نیٚبرِمیٚن مُلکن منٛز 4,25,000 ڈالرن ہنٛز کمٲیۍ۔"
7765,اگر حالات صحیٖح آسن ، تیٚلہ ہٮ۪کہ ہوا نژُن شروٗع کٔرتھ ۔
7766,ٹرنک استحکام ہیٚکہ متٲثر گژھتھ ؛ زیٛادٕ تر اعلی سطحٕک زخمن منٛز۔
7767,آدی یس چھِ جلدٕیہ فترتھ ووتھان  تہٕ چھٗ پنننِس پیترس سٕتہِ واپس گژھٗن یژھان ، ییلہِ سوٗ تس میلنہِ یوان چھٗ ۔
7768,"اَتِہ چِھ نہ صرف چیک رِپَبلِک بلکہ بیرون ملکَو پیٹھہٕ تہِ متعلقہٕ جمٲژ۔
"
7769,مسکوگی کٮ۪ن ہیٚرمٮ۪ن تہٕ بٔنمٮ۪ن قصبن درمیان اوس تنازعہٕ۔
7770,"یہٕ چُھ بحیرہ لاپٹیو منٛز خٲلی گژھان، یُس آرکٹک سمندرچ اکھ شاخ چُھ۔
"
7771,تمہِ بدلوو  باج ادا كرنٗك نظام ، یُس گۄڑٕ ہندوستانَس مَنٛز عام اوس تہٕ امہِ وِز اوس ٹوکوگاوا جاپانَس مَنٛز استعمال گژھان اوس ، اکہ ہِوِس زرس پٮ۪ٹھ مبنی مٲلیٲتی ٹیکس نِظام سۭتہِ۔
7772,ٹیلی نوویلزن منز اداکٲری پتہٕ آو سہ ہالی ووڈ کین باقی فلمن منٛز وٕچھنہٕ ۔
7773,ٹِکانا چُھ اکھ کٔوِیترایَم یٔمۍ مہابھارتُک تِیلگُو زبانہ منز ترجمہٕ کوٚر ۔ 
7774,یہ چھ زیادٕ تر مواد کیش کران یس یہ انڈیکس کران چھ ۔
7775,"أمہِ  گیوٚو فِلِم پاٹھشالا ہُک""مُجھے تیری"" تہٕ وَنس اَپان اے ٹایِم اِن مُمبیی یُک ""تُم جو آیے"" تہِ۔"
7776,بہٕ چھس مایوس تکیاز موکِل چھنہٕ میانین زانٛکٲری ہندین درخاستن جواب دوان تہٕ میٲنہ قیادتٕچ ٹیم تہ چھنہٕ کانٛہہ مدد کران۔
7777,میلبورن وکٹری زِیوُن  ٹیلسٹرا ڈومس منٛز ایڈیلیڈ یونائیٹڈس خلاف اے-لیگ گرینڈ فاینل ۔
7778,بہٕ چھس ہمیشہٕ کلاوڈ آرکیٹیکچر خٲطرٕ پننس بہترین امیدوارس باپت كںڈین پیٹھ ۔  سون مقابلہٕ چھٗتِہٗند شِكار كرنس پیٹھ اند واتان ۔
7779,سہ چھ وۄنۍ برلن سٹیٹ اوپرا ہس منز تاعمر کنڈکٹر ۔
7780,"چھیكرس ژھنہِ تمہِ سٕنٛدِ فوجن تقریباً 2,000 دُشمن مٲرِتھ تہٕ كرِن شٲہی اہلکار اغوا  ۔
"
7781,واریاہ کمپنیہٕ چِھ پننین بہترین لوکن آن لائن تھوان یہٕ معلوم کرنہٕ باپت زِ کمپنی نسبت  کیا چُھ وننہٕ یوان۔
7782,امہ دۄہہ سُلیے بغداد کِس  نہدہ ضلعس منٛز کٔر أکۍ دماکن اکھ منی بس تہٕ اکھ ٹیکسی تباہ، یتھ منٛز نو نفر ہلاک سپدۍ تہِ ٲٹھ زخمی گیۍ۔
7783,یہ قاعدٕ گژھ 2018 ہس منٛز مکمل طور  نافذ العمل۔
7784,"2010 چہ مردم شمأری مطٲبق ٲس آبٲدی 48,376 ۔"
7785,یٗتھٗیہ وُتٕنۍ چڈایہِ پدۍ وتہ كھسان چھِ ،  دِلس چھُ تلواس وۄتھان۔
7786,ریتہٕ کالس منٛز چھِ پکھش یِتھ کٔنۍ ہمالیایی سنوکاک، چُکر تیتر، سنو تیتر، فنچ تہٕ چغ پارکہِ منٛز نوان تہ پھبان۔
7787,"سومِک سین سٕنٛزِ ہِدایت کٲری منٛز بناونہٕ آمٕژ بالی وُڈ مَسالٕہ فِلِم، ییٚمیُک ناو گُلاب گینٛگ چھُ، چھےٚ سمپت سٕنٛزِ پال دٔلیٖلہِ ہِنٛز اکھ ڈراماٹِزیشن، یَتھ منٛز اداکارہ مادھوری ڈکشٹتن تہٕ جوہی چاولہ ہن اداکٲری چھےٚ کٔرمٕژ۔
"
7788,تاہم چھےٚ  یہِ وتھ وندٕ كین ریتن منز بارٕ شین پینہٕ كِنۍ بند روزان۔
7789,"ساتھیانَن اوس دویمہِ جنگِ عظیمَس دوران برٹش انڈین آرمی منز بطورِ اَفسَر خدمت انجام دِژمٕژ۔
"
7790,تمۍ سندِیو قاصِدو واتنوو تمِس پیغام  زِ امر سِنگھ كھوُژ امبر تہٕ جودھ پوُر كِیو واقعہو سٕتۍ تہٕ سوچُن زِ مغل كھین بییہ تمۍ سٕنز سلطنت ۔
7791,پاٹسٹاؤن، پنسلوانیا: پاٹسٹاؤن چھ مونٹگمری کاؤنٹی، پنسلوانیاہس منٛز اکھ بورو۔
7792,ٹاسہٕ سٕتہِ واینہٕ یِنہٕ والین ہندِس جمہٕ گھٹس منز  چھُ طبلہٕ تہٕ پخواج سارِویہ  کھۄتہٕ مقبوُل ۔
7793,ییلہِ زن آٮٔی پی وی 4 رس   4.3 بلین ایڈرس چھِ ، آٮٔی پی وی 6 سس  یِہندِ  چھِ 340 بے٘ شٗمار ۔
7794,تم ہیکن نتیجہ واپس دِتھ ، یا اكھ اضٲفی سوال پر٘ژھِتھ ۔
7795,یہ چھ ہندوستانک گۄڈنیک میٹرو نظام یس سگنلن تہٕ ٹیلی کمیونیکیشنہٕ خٲطرٕ مواصلاتس پیٹھ مبنی ٹرین کنٹرول یا سی بی ٹی سی سسٹم استعمال کران چھ۔
7796,امہ کہ عنوانہٕ باووٚجوٗد چھ اتھ پؠٹھ صرف 24 ہن منٹن ہٕنٛز موسیقی۔
7797,1990 تھس منٛز تر٘ٲو تٔمہِ  نیوُ ایسپریشن پارٹی ہٕنٛز بٗنیاد یتھ تمہِ  2002 ہس تام قیادت کٔر ۔
7798,ڈیوااو شہرڈیوااو شہر چھٗ فلپاینٗك بروُنہِم  ساروی کھۄتہٕ بوٚڑ شہر ۔
7799,تٔمۍ پور اورگن ستیٹ کالجس تہٕ یونیورسٹی آف کیلیفورنیا ، برکلے یس منز۔
7800,کرپٹوجینک فالج گژھٗن چھٗ بطور آرٹیریل سٹینوسس یا کارڈیو ایمبولک ذرایعو بغٲر نان لیكوُنر دیمٲغی انفریكٹ وكھناونہٕ آمٗت ۔
7801,گریوز بیٚمار چھ اکھ آٹومیمون خرٲبی ، یتھ منٛز جسم تِم  اینٹی باڈیز پٲدٕ کران چھٗ  یم سیلف پروٹین خٲطرٕ مخصوص چھِ : تھیرایڈ سٹیوٗملیٹِنگ  ہارمونٗک رِسیپٹر۔
7802,یِتھہٕ کٔنہِ   اَمہِ سۭتہِ  نٔتیٖجہٕ نیرٗن  یٔقیٖنی اوس ، محدوُد اوورَن ہُنٛد کرکٹ اوس نفع بخش تہٕ میچن ہُنٛد تعداد بڈیو ۔ 
7803,امیر درمیانہ دار چھ گرٛیستین ہنٛد استحصال کران تہٕ اصل ارادٕ تھاون وٲلۍ ہندوستٲنۍ چھ دوکھٕ کھیتھ یمن حمایت کران۔
7804,منی پورٕکۍ لکھ چھ پننین گرن صاف کران تہٕ سجاوان تہٕ چھ امہ دۄہ دیوتاہن کھین پیش کرنہٕ پتہٕ  کھینہٕ باپت مختلف قسمکۍ مزٕ دار پکوان بناوان۔
7805,"مِثالے توہہِ ہیكِیو٘ ونِتھ  ""زٲنہِ كٲری باپت  شُکریہ، مگر مےٚ چُھنہٕ وٗنكینس پزی   ویکیوم کلینر ضروُرت۔ رُکنہٕ باپت شُکریہ۔""
"
7806,اتھ نالس  پٮ۪ٹھ، آسہِ 1960 کس دٔہلس منٛز پانٛژ آبہٕ گر٘ٹہٕ ۔
7807,ییٚلہ مے٘ پرٲنِس سرانہٕ كٗٹھِس منز پرانیمژن ٹایلن كٗن نظر پییہِ ، مے٘ باسیو گوبیرٗك احساس ، تِمن ورین متعلق سونچان یِم گٗزریمٕتۍ ٲسۍ۔ 
7808,آکسیچینچس بھجنٕچ موسیقی چھِ یونٲنی آوازِ ہندین سو٘رن  منٛز ترتیب دِنہٕ  آمٕژ۔
7809,"شُکر چھُ زِ ناگا بادشاہ واسوکی یَن بَچوو بھیم تہٕ تٔمِس دِژٕن دُریودھن سٕنٛز تٔمِس خٲطرٕ نفرتٕچ خبر تہِ۔
"
7810,اتھ علاقس منٛز قٲیِم کرن واجنہِ واریاہ رازٕ ریاست آسہٕ پانہٕ وٲنۍ لڑان۔ 
7811,ڈی سی پی آیی پی چھ اکثر کلین کٹین منز الیکٹران ٹرانسپورٹ چینٕچ پیمٲیش کرنہٕ خٲطرٕ استعمال کرنہٕ یوان۔
7812,فیڈر ایئرلائنز چھےٚ اکھ ایئرلائن یۄس جوبا ، جنوبی سوڈانس منٛز واقع چھےٚ ۔
7813,ہمالیٲیی ریاستہٕ چھِ زِیٛادٕ گرم آسنہٕ کہِ وجہہ سۭتۍ اکھ علاوٕ موسم، سونتُک تجرُبہٕ کران، یُس جنوٗبی ہندوستانَس منٛز ریتہٕ کالہِ کٮ۪ن گۄڈٕنِکین ہفتَن سۭتۍ موافق چھُ کران۔
7814,مےٚ ژھیوٚن پتلون لاگتھ وچھنہٕ وز غلطی کِنیۍ ۔ بہٕ کیٛاہ ونہٕ وۄنۍ دکاندارس؟
7815,پٹٕر چِھ دوٗر تام سٮ۪ٹھاہ خراب گٔمٕژ ۔
7816,تقریبن 800 ماتم کرن وٲل لوک ٲس جلوسس منٛز شریک۔
7817,یہِ چھ تمہِ وِزِاستعمال یوان کرنہٕ ییلہِ دتمتس کلاسک صرف اکھ مثال ہیکہِ أستھ ۔
7818,زیادٕ تر وقتہٕ چھ یہ ایڈرینل گلینڈن منٛز اکہ پٮ۪ٹھٕ یوان۔
7819,اتھ پٮ۪ٹھ اُوس اکھ گورنر تہٕ 24 ڈائریکٹر حکوٗمت کران ۔
7820,تاہم، کینٛہہ مصنوعات یِم آرگینک چِھ ماننہٕ یوان تِم چھنہٕ حقیقتس منٛز آرگینک آسان حالانکہ تہنٛد برانڈ ناوک آخری حصس منز چِھ آرگینک وننہٕ یوان۔
7821,"لائبریری چِھ مقصد تہٕ دائرٕ کارس منٛز امریکی لائبریری آف کانگریسس ہِشی ۔
"
7822,"سی ڈبلیٛو جی مُنتٔظِمینن ہِنٛدِ دٔسہِ  اِختِیار کرنہٕ آمتیٚن خیالاتن منٛز چھِ درامد كرنہٕ ینہٕ وول  گردِ تہٕ نارٕ نِش بچاون وول پَش یُس رانٛچی سٕٹیڈِیمس منٛز اِستعمال کرنہٕ چُھ آمُت، یَتھ تل 35,000 سن ہِنٛدِ بیٚہنہٕ خٲطرٕ جاے چھےٚ۔"
7823,"تاتالو اوس واریاہ لٹہٕ گرفتار کرنہٕ آمُت ییلہٕ تم ایرانس منٛز روزان ٲس۔

"
7824,"اتھ سلسلس چھ وٕنکیٮ۪نس پوٗرٕ البرٹا، برٹش کولمبیا تہٕ ساسکچیوانس منٛز 26 سٹور۔
"
7825,امہِ پتہٕ بڑیو کینڈیز تہٕ بنیوو اکھ بو٘ڑ گروپ ۔
7826,ڈاکٹر چھ ونان ز ٹینی چھ سلیکٹِو یاداشت راونہ کس تکلیفس منٛز مبتلا۔
7827,ہنٛگٲمی صورتہِ حال پٲدٕ گَژھنہٕ وِزِ مٲلی حِفاظتی نِظام آسنہٕ سٕتہِ ہیٚکہِ تۄہہِ سیٚٹھا ذحنی سٔکوٗن میٖلِتھ تہٕ تۄہہِ مٲلی طور زیادٕ ڈنٛجہِ محسوٗس کرنس منٛز مدد کٔرِتھ۔
7828,زا شٗرین منز پٲدٲیشی سِفلِس ہیكہِ ابتدٲئی حملس دوران  ماجن ہنزِ سكرینِنگ  تہٕ یِمن لاگ آسہِ تِہٗند یلاج كرِتھ رٗكاونہٕ یِتھ ۔
7829,تمہِ سنز مٲج ٲس فِنِش تہٕ تمہِ سٗند مول اوس جرمن ۔
7830,یلہِ تسٕندِس مٲلِس مہاراجا کالیج ہایہ سکُول تبدیلی گٕیہِ ناراین گوٚو پننِس کُمبس سٕتۍ میسور روزنہِ ۔ 
7831,کالج سٹیشن، ٹیکساس کالج سٹیشن چھُ برازیل کاؤنٹی، ٹیکساسُک اکھ شہر۔
7832,کلرک ہِل کلرک ہِل چھ شمال مشرقی سکاٹ لینڈ کِس قصبہٕ  پیٹرہیڈُس منز اکھ علاقہٕ ۔
7833,سٹریٹ فوڈ چیز یتھ کٔنۍ بٹاتا واڈا، مسال پاو، پاو بھاجی، تہٕ واڈا پاو چھ مقامی باشندن منز واریاہ مقبول تہٕ چھ عام طور سٹالن تہٕ لۄکٹٮ۪ن ہوٹلن منز کٕننہٕ یوان۔
7834,تیز آوازِ وٲلۍ لوٗکھ چھِ اکثر ہیٚرۍمِس درجس منز راگن ترجیح دِوان، ییٚلہِ زن گۄبہِ آوازِ ہٕنٛدِ معیارٕ وٲلۍ چھِ تتھین راگن ہُند انتخاب کٔرتھ ہیکان یم سرٛنۍ تہٕ فکر انگیز فطرتکۍ آسن۔
7835,"گۄڈٕنیُک اوس دسمبر  2013 ہَس منٛز جوئے جورڈیسن سٕنٛدِ نیرنہٕ پتہٕ۔
"
7836,انسٹا کارٹ چھ ونان ز امیک شاپنٛگ لسٹ چھ اوسط کریانہ دکان کس ترتیب مطٲبق تیار کرنہٕ آمت۔
7837,"بحژٕ بحژ چھے٘  شروُع گژھان تہٕسو٘ چھے٘ روی یَس تھاپیر كڈان ، ییٚمہِ پتہٕ سُہ أمِس لاینہٕ خٲطرٕ یوان چُھ ، مگر آکاش رکاوان چُھس ۔
"
7838,کینٛژن  غٲر مٗلکی سمندری جہازن ہیكہِ  ڈلیوری مکمل کرنس 18 اکتوبر تام لگِتھ ۔
7839,بولسٹابرٗك بولسٹابرٗك چُھ سویڈن کِس ویسٹرنورلینڈ کاؤنٹی منز کرام فورس میوٗنسپلٹی ہٗند اکھ علاقہٕ۔
7840, وسعت چھےٚ آزٲدی منز چھُ سین پانژن خاص قٕسمن  ہنزن  آزٲدِین ہنز نِشان دہی كران ، سیٲسی آزٲدی،اِقتصٲدی سہوُلیات، سمٲجی موقہٕ ، شفافِیت چہِ ضمانتہٕ ، تہٕ بچٲوی حفاضت ۔ 
7841,یتھ کٔنہِ زن ہیرِکٔنہ ذکر چھٗ ، کم فریکوئنسی ہنزتھرمل تابکاری تام  ہیکہ درجہ حرارتکہِ آئنائزیشنٗک سبب بنِتھ ییلہ تہِ یہِ درجہ حرارت اعلی سطحس تام بڑاونہٕ خٲطرٕہ کٲفی تھرمل توانٲئی جمع کران چھٗ ۔
7842,پرٛیتھ ٹیمٕکۍ ژور کِھلٲڑۍ چھِ أکِس زونَس منٛز تہٕ باقی ژور چھِ بیٚیِس زونَس منٛز آسان۔
7843,ترقی پذیر مٗلکن منٛز چھٗنہٕ اکثر اصل صحت صفٲیی آسان ۔
7844,خوفزدہ تہٕ پریشان ، سیسلیا چھِ مورٹیمرس میلان ، ییمِس سرد روزٗن مشِتھ گژھان چھٗ ۔
7845,"موُجوُدٕ آرڈر چھِ اکھ  گو ٹوٗ جاے اگر تو٘ہہِ  خٔریٖدٲری کران چھِو تہٕ اچانک تٗہندِس ایپس  کنیکشن راوِ یا انسٹا کارٹ بنٛد گژھنُک سبب بَنہِ ۔
"
7846,مینا کُماری دِیُوت یہِ کِردار پننہِ ویٚسہِ  اداکارہ مالا سنہایہ ۔ 
7847,ییٚلہ بہٕ پننہ ہنگٲمی بچتٕ چہِ کٔمی متعلق سونچان چھس مےٚ چھ نا امیدی ہنٛد احساس گژھان۔
7848,امہ کہ وجہ سۭتۍ گژھن والٮ۪ن مسلن منٛز ہیٚکہ کارڈیومیوپیتھی یا کارڈیک ارٮ۪سٹ سۭتۍ وٲنجہ ہٕنٛز ناکٲمی شٲمل ٲستھ۔
7849,صرف امِہ وجہ سۭتۍ زِ سٹاک یا فنڈ چھ عارضی طور پونسہٕ ہاران اَمِیُک مطلب چُھ نہٕ یہٕ زِ یہِ چُھ برونٛہہ کُن اکھ خراب سرمایہ کٲری۔
7850,نیشنل فٹ بال لیگ (این ایف ایل) تہٕ نیشنل کالجیٹ ایتھلیٹک ایسوسی ایشن (این سی اے اے) چھِ امریکہٕچ ساروِی کھۄتہٕ مشہوٗر فٹ بال لیگ۔
7851,أمہِ  کوٚر شَشی کٔپوٗر سٕنٛزِ فِلِم والاز پرٛوڈکشن چہِ کٔلہِ یُگس منٛز ریٖما لَاگوُ سٕنٛدِس خانٛدار تہٕ راج بَبر سٕنٛدِس بٲیہِ  سُنٛد کِردار ادا۔ 
7852,نیو یارک شہرس منز ٲسۍ 2018 منز 65 مِلین(6.5کرور) سیاح آمٕتۍ۔
7853,تُہۍ چھوا مزید وسعت دیُن یژھان تہ سوشل میدیا تہ بریند منیجمنٹک اتھواس ژھاران؟  
7854,اکھ میوون چھ الیکٹرانٕکۍ پٲٹھۍ کٲم کران، مگر اتھ چھ 200 گنہٕ زیادٕ وزنہٕ۔
7855,مےٚآو گیسک مٗشك تہٕ بہٕ كھوژس  چیک کرنہٕ باپت بِجلی زالنس ۔ بہٕ اوسٗس نٕہ دھماكہٕ گژھنٗك خطرٕ تٗلٗن یژھان ۔ 
7856,1777 پیٹھہٕ 1863ٹھس  تام ، آیہِ جغرٲفِیٲیی مٗتعلہٕ كرن وٲلہِ  انجینئر یوٗنایٹِڈ سٹیتس آرمی منز استمال كرنہٕ ۔
7857,ٹایٹل گؠونس منٛز ٲسۍ ماروا تہٕ پوریا ہوۍ راگ استعمال کرنہٕ آمٕتۍ یتھ منٛز آرمینیایی دُدوک ہوۍ نایاب موسیقی ہٕنٛدۍ آلات شٲمل ٲسۍ۔
7858,مہاراشٹرا ہكہِ ہیندِ چھِ اتھہِ تیوہارس ، یُس امی دۄہ مناونہٕ چھُ یوان، گٗڈی پڈوا ونان۔
7859,"ساؤتھ لینڈن تہٕ کئر پننین آئس اسٹیشن سروس مینن خٲطرٕ یونیفارم بناون شروع۔

"
7860,ٹرانس فیٹ ہیٚکہ قدرتی ٲستھ یا یم ہیٚکن بناونہٕ یتھ۔
7861,1986 منٛز واتنوو اکۍ طوفانن 200 مکانن  نقصان تہٕ ژھنُن اکھ 70 میٹر کھجرُک علاقہٕ ژٹتھ۔
7862,"پننہ ذمہٕ دٲری تھٲوِو دٔچھنہِ طرفہٕ أکِس کالمَس منٛز۔
"
7863,کھیلس منٛز اوس امہ خٲطرٕ صرف اکہ سطحک ڈیمو بناونہٕ آمت۔
7864,تُہۍ یژھِو   اکاؤنٹنٹ تھاونک  فیصلہ تہ کرتھ یُس لۄکٹین کاروبٲرۍ معاملن  منز مہارت آسہ تھاوان ، ییٚمِس واریاہ تجربہٕ آسہ ، تہٕ  بییہ کرِ تہندس صنعتس منز باقی کمپنین ہنز نمایندگی۔
7865,"سِلمبم چُھ ہتھیارن پیٚٹھ مبنی اَکھ ہِنٛدُستٲنہِ مارشل آرٹ یُس برصٔغیٖر ہِنٛدس  منٛز جٔنوٗبی ہِنٛدُستانس منٛز شُروٗع گَو٘  یُس یَتھ جٔدیٖد دۄہَن منٛز تہِ اَکہِ رٮ۪وٲیتی کھیل پٲٹھۍ گِنٛدنہٕ چُھ یِوان۔
"
7866,یہ چھ رن ٹایمس دوران ایپلیکیشنس اندر مختلف چیزن پیٹھ کٲم کران ۔
7867,پینڈ دان ، زر كاسیہ وغٲرٕ ہی رسوُم چھِ تلاو چین ہیرن پیٹھ ادا كرنہٕ یوان ۔ 
7868,کینژن معاملن منٛز ہیکہ ڈاکٹر سسٹوسیل ٹھیک کرنہٕ خٲطرٕ جرٲحی ہٕنٛدۍ زال استعمال کٔرتھ ۔
7869,سہ چھ مختلف قٕسمٕک کردار ادا کرنہٕ خٲطرٕ مشہوٗر۔
7870,1970 کس دہلس منز اوس آیی آیی ایچ ایس تمہ وقتہٕ کس متنازعہ ایر بیگ معیارس منز شٲمل ۔
7871,وسطی ایشیاہس منٛز کوٚر أکہِ تٗرک  منٛگول فاتح تیمورن (ٹیمرلین) شُمٲلی ہندوستان کس شہر دِلہِ منٛز تٗغلٗق خاندان کس پادشاہ سلطان ناصر الدین محمودس پٮ۪ٹھ حملہٕ۔
7872,نامٗکمل دزن عملہٕ  سۭتہِ چھٗ کاربن مونو آکسایڈ تہٕ زیادٕ سوُر بنان ۔
7873,یمن منٛز چھ اوکاگوے، اوماکپا، اکانو، اوکایی تہٕ امیکپو آیٹَم شٲمل۔
7874,"اگر تم وٗنہِ تہِ پیٹھہٕ كٕنہِ كیو یِمویہ طریقو بیجنگ 2008 ہچ حمایت کران  چھِ تیلہٕ آسہٕ تائیوان اکس بڑِس بۄحرانس منٛز تہٕ کانٛہہ تہٕ ہیٛکہٕ نہٕ مین لینڈ چینٕٗك پزر وٗچھِتھ ۔
"
7875,سہ چھ یژھان والزاچی تہٕ اینینا اکہ منصوبس منز پنن مدد کرنہٕ خٲطرٕ استعمال کرن ۔
7876,سِیوت گۄپھہٕ یِمن کُنہِ ساتہٕ کٹیشور بودھ گۄپھہٕ ونٛنہٕ چُھ یِوان، چھِ پانٛژھ کَنہِ ژٔٹِنہٕ آمژٕ گۄپھہٕ یِم گجرات، ہِنٛدُستانس منٛز کَچھ ضِلعہٕ کِس لَکپت تعلقہٕ کِس سِیوت گامس نزدیٖک واقع چھِ۔
7877,"مُکمُک آو 27 نومبر 2007   میگا، کواٹچی تہٕ سُمی، اولمپک تہٕ پیرا اولمپک مشکوٹَن سۭتۍ متعارف کرنہٕ۔
"
7878,رینالڈن اوس رابٕری سکواڈس پٮ۪ٹھ تنقید کوٚرمت مگر وَنُن زِ زِٹھیو افسرو چھِ تِم خبردار کٔرمٕتۍ زِ تِم تراوَن نہٕ کانٛہہ تہِ رُکاوَٹ ڈیوِس سنٛدِس سزا ہَس منٛز۔
7879,تو٘ہہِ  ہیٚکِو عموٗمن کارپوریٹ دفترُک نمبر تہٕ پتہ کٲنسہِ ایجنٹس پِژِھتھ یا کمپنی ہنٛز ویب سایٹہ پیٹھ گژھتھ حٲصل کٔرِتھ ۔
7880,مسٹین اوس البم جٲری کرنہٕ خٲطرٕ بینٛڈ واپس اکوٹہٕ کرن یژھان۔
7881,پِی زِپ چُھ جی این یو لیسَر جنرل پبلِک لائسنس تحت، پی زِپ چُھ مفت سافٹ ویئر۔
7882,اَمِہ وباہک وجہ اُوس نہٕ معلوم  گومُت، مگر یِہ کھہَہ اوس أکِس گاٹھ شہرس نزدیک یوسُہٕ خنزیرن ہٕندِ غیر قانونی کاروبار تہٕ غیر قانونی ذَبَح خانن باپتزاننہ یوان چُھ ۔  
7883,"آیہ سی جے چُھ زٕ زبانہٕ استعمال کران، انگریزی زبان تہٕ فرانسیسی زبان۔
"
7884,ایکس سٔرو: ایکس سٔرو چھ اکھ سٔرور یس ایپل انکارپوریشنن چھ بنوومت یس 2002 ہس منٛز شروٗع گوٚو۔
7885,یہِ چھٗ گھاسہٕ كھیو٘ن برداشت كران تہٕ  کٗنہِ كٗنہِ ساتہٕ زالنہٕ پتہٕ دٗبارٕ پٲدٕ گژھان ۔
7886,1947 منز آو برطانوی ہندوستانک صوبہٕ پنجاب مذہبی بنیادس پیٹھ تقسیٖم کرنہٕ مغربی پنجابب  یس پاکستانس حصہٕ آو تہٕ مشرقی پنجاب منٛز یس ہندوستانس حصہٕ آو۔
7887,اكِس جوہر نیرنس منز  سپرمٗک تعداد واریہن چیزن پیٹھ منحصر آسان۔
7888,أمۍ کوٚر صٔحی زِ یہِ ہیٚیہِ پنٛنِس گامس نزدیٖک أکِس بٔڑِس شہرس، ڈوٚڈوٗروٗ ہس منٛز فارمٔرس سیٚنٛٹَرس (زٔمیٖن دارن ہِنٛدِس مرکزس) مَدد
7889,یہ حقیقت ز اندرونی تجارت تہٕ بازرس منٛز دوکھٕ دہی چھ ونہٕ تہٕ سٹاک بازرس منٛز گژھان چھےٚ ناگوار۔ یہ چھ اقتدارک غلط استعمال تہٕ بازرٕچ سالمیت کمزور کران۔
7890,انٹرنٮ۪ٹ صارفیٖنَو سۭتہِ ، چھےٚ سوشل میڈیاہس پٮ۪ٹھ مبنی نیوز سایٹہٕ مقبول گٔمژٕ۔
7891, لوڑی پتٗك دوہ چھُ بطور ماگھی سنگراند  مناونہٕ یوان ۔
7892,"چینَس منٛز چِھ ہمونگ لوٗکَن ہٕنٛز ساروِی کھۄتہٕ زِیٛادٕ آبٲدی ییٚتِہ 30 لَچھ ہمونگ لوٗکھ چِھ۔
"
7893,"ریاستہائے متحدس منٛز، 225,000 پیٹھہٕ 296,000 افراد چِھ کمرٕچ ٲڈۍ جہٕ ہنٛدۍ  زخمن سۭتۍ روزان، تہٕ مختلف مطالعن منٛز چُھ 525 پیٛٹھ 906 فی ملین تام پھٲلاؤ ہنٛد اندازٕ لگاونہٕ آمت۔"
7894,اگر کم سے کم جمع کرنٕچ ضٔروٗرت آسہ،  تۄہہ پزِ سروے پوٗرٕ کرنہٕ پتہٕ یہ رقم جمع کرٗن۔
7895,"یونیسیف مطٲبق چھ وٹامن اے ہٕچ کٔمی ""بچاونہٕ ینہٕ وٲلہ بچن ہند أنۍ آسنک اہم وجہ""۔"
7896,1860 چہ  گۄڈنیچہ دہائی منٛز ، فرانسیسی ایجاد کارن کوٚر فرنٹ وہیلس منٛز پیڈل شٲمل ۔
7897,یَتھ وقتَس تام چھُ شُرۍ سُند زِندٕہ روزنُک اِمکان تِیوتاہ جان یوتاہ پوٗرٕ وقتس تام چھُ۔
7898,باقاعدہ کپتان سٕندِ حیثیتہٕ ٲس تمۍ سٕنز گوڈنِچ تاینٲتی ویسٹ انڈیز کِس  دورس دوران، یتھ منز سارِوٕے کھوتہٕ بٕڈ پراوتھ صِرِف او ڈی آیہ یس منز زینُن ٲس ۔
7899,"تنگ نہٕ یِنہٕ باپت  اَنِو رِسالہٕ یا کِتاب تہٕ تفریحی گیجٹ یِتھہٕ کٔنہِ  زَن آئی پیڈ، لیپ ٹاپ، یا ہینڈ ہیلڈ گیم سسٹم۔
"
7900,آثار قدیمہ کٮ۪ن مطالعن منٛز چھِ ہندو مجسمہٕ تہٕ نقش و نگار یِتھ کٔنہِ زَن شیو، پاروتی، وشنو تہٕ لکشمی ہٕنٛدِ مجسمہٕ ۔
7901,"اِسلٲمی مغرِبس منٛز بوٗل حٗكامو حال حالٕیہ  القاعِدا ہس پیٹھ یلغار ، مگر یہِ چُھ پَنٕنہِ  کارٕوٲیی جٲری تٔھٲوِتھ تہٕ چھِ وۄنہِ  بینالاقوٲمی  نِشانن 
 پیٹھ ہملہٕ كرٗن یژھان ۔ "
7902,ویسٹ انڈیزس منٛز ورلڈ کپس دوران،روُز تیندوُلكر تہٕ  راہٗل در٘اوِڈ سنٛدِس  قَیادتس منٛز ہِندٗستٲنہِ  کرکٹ ٹیمٕچ مٗہم   مویوُس كٗن ۔
7903,الاگنکولم آثار قدیمہ کس مقامس منز حالیہ کھننہٕ سۭتۍ چھ ننان ز الاگنکولم چھ سنگم دورکیو اہم تجارتی مرکزو یا بندرگاہ شہرو منزٕ اکھ۔
7904,بغاوتن کوٚر ژۄپٲرۍ ہندوستانس منٛز ہَمدَردی تہٕ پسندیدگی  برطانوی نواز ہندوستانۍ سیاست دانن سان۔
7905,تمۍ چھ فلمہ خٲطرٕ بٲتھ تہٕ موسیقی تہ ترتیب دژمٕژ۔
7906,لوُکن ہنٛدِ  مٗختلف گرٗپ ہیٛکن ماہر نظامس تام مختلف قسمن ہنٛز رسٲئی حٲصل کٔرتھ ۔
7907,"سُہ زاو 30 جٗلایی 1948 ہَس منٛز کاسابلانکا، مراکشس منٛز۔
"
7908,یتھین شہری مرکزن منٛز چھ جدید پاکستانس منٛز ہڑپہ، گنیری والا، موہنجو دارو، تہٕ جدید ہندوستانس منٛز دھولاویرا، کالی بنگن، راکھی گڑھی، روپار تہٕ لوتھل شٲمل۔
7909,برون٘ہہ كٗن  آكراجات وٗچھِو٘ یِم بٗتھہِ یِن ، یتھہٕ كٕنہِ زن پنٕنہِ شُرِ کالج سوزٕنہِ یا  غٲرمٗتوقع  بٕڈِین صحت اخراجاتن ہنز ادایگی ۔ 
7910,"یمن دۄن بولٮ۪ن درمیان چھ لۄکٹ اکھ فرق، آوازن ہٕنٛدس استعمالس منٛز۔
"
7911,کووینن گزرییہ 12 اپریل 2014  ہیلسنکی منٛز 82 وری وٲنسہ۔ 
7912,مشہوٗر سایٹرس سوڈا ماونٹین ڈیو چھ پنٕنۍ شروٗعات جانسن شہرس منٛز کران۔
7913,"میرینرز مڈفیلڈر نائیجل بوگارڈَس آو ریفری پیٹر گرینَن ۄ منٹَس پیٹھ بُک کوٚرمُت۔
"
7914,1949 پیٹھ 1990  تام اوس گوتھا شہر جرمن ڈیموکریٹک ریپبلکس منٛز۔
7915,تمہِ کٔر 1973 پیٹھٕ 1976  تام پنسلوانیا ہاوس آف ریپریزنٹیٹوزس منز کٲم۔
7916,اَمہ سۭتہِ یی قرضٕہ کِس رقمس تہٕ اَتھ پٮ۪ٹھ تٗہندِس دِنہٕ ینہٕ وٲلِس ۄہہ دِنہٕ یِنہٕ وٲلِس سودَس منٛز کٔمی۔
7917,"پیشور اوس  کارٕبٲرِ استمال كرن والین  سۭتہِ سۭتہِ  پاور استمال كرن والین  خٲطرٕ تہِ بناونہٕ آمُت۔
"
7918,2001منٛز ٲسۍ بریٹن ہیمس منٛز 242 لُکھ روزان ۔
7919,ٹایفایڈ تپھ چھٗ پیراٹایفایڈ تپھِ ہیتھ  اکھ قسمٗک اندرمن سٕتہِ وابستہٕ تپھ ۔
7920,نربھیا عصمت دری ہنٛد معملہٕ  چھ از تہ مےٚ اندرافسوٗس پٲدٕ کران۔
7921,تم ٲس اکھ تیتھ حکم تہ یژھان یس شہرس ایکٹ نافذ کرنہٕ نش رکاوان آسہ۔
7922,بیرونی مٗلکن منٛز چھٗ بٗک آف سِلسِلٕكہِ وان  صارفینن جاپٲنہِ سۭتہِ سلام کران ۔
7923,اَمِکۍ پُلگ چِھ زیادٕ مضبوٗط، تہٕ امچ کیبل چھےٚ زیادٕ ناہموار۔
7924,فاؤل کرنہٕ برٛونٛہہ چھِ بریکَس منٛز سکور کرنہٕ آمٕتۍ تمام پوائنٹ سٹرائیکرَس دِنہٕ یِوان، مگر فاؤل شاٹَس دوران چھُنہٕ کُنہِ تہِ بالہِ خٲطرٕ کانٛہہ تہِ پوائنٹ سکور یِوان کرنہٕ۔
7925,پٔتمہِ ہفتہٕ پیٹھٕ چھٕ تِم سٕٹیشن چلاونٕچہِ عملہِ مُتعلِق تِمن دۄن نفرن نِش ہیٚچھان یِمو اکتوبر پیٹھٕ سمنٛدٔری جہاز گَرٕ اوس انٛنوومُت ۔
7926,گۄڈٕنچ کتھ باتھ گٔیہِ 6 مئی 2019 ۔
7927,گۄڈٕ اوس یہِ بیمار لوٗکَن خٲطرٕ اکھ ہسپتال یِم نہٕ ٹھیک گٔژِھتھ ہٮ۪کَن ۔
7928,واہ، یتھ كِرایہ جایہِ منٛز چھ سمارٹ ہوم  وصف میانہِ تصوٗر كھوتہ زیادٕ ۔ یہ چھٗ حیران کُن  ژٕرِ پو٘پ كرِتھ چھُس بہ بجلی زٲلِتھ ہیكان ۔ 
7929,یاو منٛگ تہٕ جیمز ہارڈن تہ ٲسۍ راکیٹٕس خٲطرٕ سٹار کھلٲڑۍ۔
7930,كِنگڈم آف دِ ڈایمنڈ كِنگ  یا ہیروک راج چھِ   اندرا گاندھی  ہندِ  ہنگٲمی حالاتن ہندِس  دورس دوران ہندوستانس كٗن اِشارٕ ۔
7931,"شیکھرَن زٲلہِ رِیایہِ ہندِ   سٲری فوٹو تہٕ تماشہٕ۔
"
7932,یمن ہواہو سۭتۍ ینہٕ واجؠن گرمی سۭتۍ براہ راست رٲبطہٕ ہیٚکہ جان لیوا ٲستھ۔
7933,سُہ ہیکہِ مِڈفیلڈر، سِٹرائیکر یا وِنگر پٲٹھۍ گِنٛدتھ۔
7934,سہٗ اوس جِیورج آپریٹنگ سِسٹم بناونس پتہٕ ۔
7935,جزیرٕ کاؤنٹی، پوٚجیٚٹ ساؤنڈ کس دہانس  پیٹھ، ٲس بجلی ورایی مکمل۔
7936,"25 پوئنٹ حٲصِل کرن وول گۄڈٕنِیُک ٹیم چھُ  سیٹ زینان۔
"
7937,"تہنٛز نس چھ واریاہ طاقتور تہٕ ہیٚکہ 50,000  الگ الگ مشک یاد تھٲوتھ۔"
7938,اگر یہ زبان غٲب چھ تیٚلہ چھنہٕ تۄہہ کانٛہہ قونوٗنی محادٕ ۔
7939,مِثالے، توہۍ ہیكِو پرژھِتھ ،“ توہہِ كتھ لو٘گ یتہِ روزنس دوران مزٕ ؟“ یا “كیا تِتھۍ چیز چھا یمن منز ٲسۍ بہتری انِتھ ہیكو؟“ 
7940,اگر تو٘ہہِ  سکوُلہٕ نیبر چِھو، آن لاین کورس ژھٲریو٘  تاکہ توہہِ ہیكِو ہیٚچھن جٲری تھوتھ۔
7941,تمہِ کوٚر جوناتھن ہیملس سٕتہِ خانٛدر، یُس منصف تہٕ کمپیوٹر پروگرامر تہِ اوس۔
7942,واریاہ افریقی امریکی چھِنہٕ ویکسین یا ڈاکٹر مؤثر مانان۔
7943,تٔمۍ کٔر واریاہ باقین آرکیسٹراہن سۭتۍ پرفارم، یمن منٛز رائل کنسرٹبوو آرکیسٹرا تہِ شٲمل چُھ۔
7944,"امہ سٕتۍ چھ صرف امریکہس منٛز پریتھ وأری تقریبن 14,000 لُکھ مران ۔"
7945,"فُٹ بال کھیل چھِ پیشہٕ ورانہٕ تہٕ کالج کِس کھیلَس منٛز کُل 60 منٹَن تام جٲری روزان تہٕ چھِ 30 منٹَن ہٕنٛدٮ۪ن دۄن حصن تہٕ 15 منٹَن ہٕنٛدین ژۄن کوارٹرَن منٛز تقسیٖم کرنہٕ یِوان۔
"
7946,"لویالاکپاہَس اوس شَک زِ تھوڈو ننٛگتھل لیما چھا پٔزۍ پٲٹھۍ أمۍ سٕنٛز اصلی بیٚنہِ کِنہٕ نَہ۔
"
7947,2000  منٛز آو سُہ گرفتار کرنہٕ تہٕ تٔمس آو جِل ڈانڈو سٕنٛد قتلک الزام لگاونہٕ ۔
7948,لۄکٹ باگمتی چھ ہمالیہ کس جنوبس کُن کینٛہہ فٲصلس پیٹھ کھسان۔
7949,شہرس منٛز چھُ اکھ بوٚڑ جھیٖل تہِ یتھ گونڈ تالاو وَنان چھِ ۔
7950,"کَبڈی چھُ اکھ مشہوٗر قومی کھیل تہٕ ہندوستانُک دۄیِم ساروٕے کھۄتہٕ مشہوٗر کھیل، یُس زیادٕ تر گامَن منٛز لوٗکَن منٛز گِنٛدنہٕ چھُ یِوان۔
"
7951,ییٚلہِ ماچھ تُلر رس چھِ چیوان، سٹیمن چھ امہ کس جسمس پیٹھ پولن متھان۔
7952,وۄنہِ چھُ سہُ رپورٹ نشر نہٕ کرنُك  فٲصلہٕ کران۔
7953,"اتھ منٛز استعمال گژھن وول پرٛوگرام چھ لاسنہ شدٕ جی این یو جی پی ایل وی 2.0 لاسنہ تحت۔
"
7954,یِتھہٕ پٲٹھۍ آسنے نہٕ ژےٚ ہُریمان چیز یِم کٕنٕنۍ مُشکِل چھِ۔
7955,تاہم، پتہٕ، روملن کوٛر پلاٹچ حٮ۪مایت کرنک پنن ذہن تیار۔
7956,یِمۍ ونَن نہٕ اضٲفی شوٹرَن مطابِق کینٛہہ تہِ۔
7957,پرسکون ماحول، یتھ منٛز مندر واقع چُھ، چُھ سارنی منٛز روحٲنی احساس پٲدٕ کران۔
7958,مارگی طرزن خٲطرٕ چھُ سُہ ویدایتا، ویدانگم، بومالتا، پیرانی، چنڈو، بہوُ روُپم، پگاتی ویشالو  تہٕ باقین ہنز وضاحت كران ،  ییٚلہ زن دیسی طرزن خٲطرٕ چھ سیناپتی راسک، چرچاری، بھندِکا، کولاٹا تہٕ باقی بیان کران چھُ ۔
7959,"اَتھ تہوارَس منٛز چھِ برادری خٲطرٕ موسیٖقی علاوٕ سرگرمیہِ تہٕ ورکشاپس تہِ۔
"
7960,مےٚ چھ کھران تم پٔرِمٕتۍ كھران  یم غلط طرفہٕ گٲڑِ  چلاوان چھِ ۔
7961,اگر نہٕ وقتس دوران کرنہٕ یِیہِ، بیٛاکھ نفر چھُ بولہِ ہٕنٛز نیلأمی زینان۔
7962,"تخلیقُک رب كرِن   ژٕ مےٚ سۭتہِ یکجا ۔
"
7963,دوٚیمہ طرفہٕ چِھ نقل و حرکت زیادٕ اہم ۔
7964,یہِ چھٗ لوُکن انٹرنیٹس پیٹھ اكھ اکِس  سۭتہِ کتھ کرنٗک اجازت دِوان ۔
7965,تم آیہ کتابہ منٛز بیان کرنہٕ آمتیو تفصیلو نش اپڈیٹ کرنہٕ ۔
7966,یہِ چھِ 2017 ہٕچ تیلگوٗ فلم مڈل کلاس ابایی ہنز دٗبارٕ بناونہٕ آمٕژ صوُرت ۔
7967,اگر تہۍ کینٛہہ نوِ بٔنیٛانہٕ جمع کرنہٕ خٲطرٕ اکتوبر-نومبرس تام پیٛٲرتھ ہیٚکو، تیٚلہ چھ تۄہہ اصل سودا میلنک زیٛادٕ امکان۔
7968,محلٕکہِ  چیف ایگزیکٹو ڈومینک ہیرَن تھوٚو فَن پارٗك مو٘ل  پانٛژ پیٚٹھٕہٕ شے٘ ملین امریکی ڈالرن ہندِس دٲیرس منز ۔
7969,راگنی ایم ایم ایس 2 ہس منٛز  مرکٔزی زنانہٕ کردار ادا کرَن واجیٚنہِ سنی لیونن چھے٘ ونان یِہ فلِم چھےٚ امہِ كہِ كہانی برون٘ہہ آسنہٕ كھو٘تہٕزیٛادٕ تجٲرتی نوعیتٕچ۔
7970,"امہ کس نٔتیٖجس منٛز ہیٚکہ نوٚو الیکشن، یا بدتریٖن صوٗرتہ حالن منٛز خانہٕ جٔنٛگی گٔژھتھ۔
"
7971,"سی ایف پی یس چُھ مٲلی منصوٗبہٕ بندی منٛز ماسٹر ڈگری سۭتۍ موازنہٕ گژھان ۔
"
7972,وینس چن نہرن منز اوس آب تیوٗت بدبو دار ز مےٚ ٲس الٹی باسان۔
7973,یہِ چُھ مائیکروسافٹن بنوومُت تہٕ یہِ چُھ مائیکروسافٹ آفسُک اکھ حصہٕ۔
7974,وون ڈی یس میوُل  کوٚر 14 وریہہ  وٲنٛسہِ منٛز پنٗن گۄڑنیوٗک ٹیٹو  ۔
7975,امہ علاوٕ، اشوک سٕنٛدین فرمانن منٛز، چھ تمۍ امہ دورٕکۍ ہیلینی بادشاہو پننین بودھ مذہب تبدیل کرن والین ہنٛد ذکر کوٚرمت، حالانٛکہ امہ واقعہک کانٛہہ تہ مغربی تٲریخی ریکارڈ چھنہٕ موجود۔
7976,چندیلو٘ كو٘ر  پتہٕ  جنگ بنٛدی ہِٗنٛد اِلتجا ، تہٕ کوٚرُکھ یہِ وقت قنوج پیٹھٕ الہا تہٕ ادل واپس بلاونہٕ باپتھ استعمال۔
7977,تہٗنٛدِ راز گژھن   راز روزٕنہِ ، تہٗنٛد راز چھ قونونن محفوظ ۔
7978,سوٗ چھٗ ڈی سی کامکسن منٛز بیٹ مین تہٕ باقیہ  سٗپر ہیروٚ ہن ہٗنٛد تہِ دٗشمن ۔
7979,یہٕ چھ بانی سُند ناو تہٕ سوٛ جاۓ یتہٕ تٔمۍ کمپنی ہنٛز بنیاد تھو ۔
7980,بہ چھُس برہم فلمہ منٛز کینہہ کردار تہٕ تھیم ہاونہٕ کس طریقس پیٹھ۔ یہ اوس سیٚد سیوٚد بے حیس۔
7981,زنانہٕ کردارَس منٛز اوس اکھ رقاص ہلکہٕ سِنگار كرِتھ  دھوُتہِ لگاوان ۔  
7982,گوا انکوایزیشن، اکھ رسمی  ٹرٛیبونل آو 1560 ٹھس  منٛز قٲیم کرنہٕ ، تہٕ ٲخر کار آو یہِ1812 ہس  منٛز ختٕم کرنہٕ۔
7983,"وۄنٛہِ گوٚو، جوُن 2017 ہَس منٛز آیہِ دِشا پٹانی شروفَس سۭتپِ سکرین ٹیسٹہٕ  پتہٕ اتھ منٛز نِنہٕ۔
"
7984,ہیوبرٹ اوپرمین اوس اکھ سابق سائیکلنگ چیمپئن تہٕ مینزیز حکومتس منٛز اکھ وزیر۔
7985,ہمالیہ کس دٔچھنس حصس منٛز چھ زیٛادٕ تر علاقہٕ ایشیا أندرٕ پیٹھٕ ینہ والہ سرد ونٛدٕ کہ ہوا نشہ بٔچتھ۔
7986,"گوپال II پتہٕ گوٚو دھرم پال سُنٛد سِلسلہٕ ختٕم تہ دھرم پال سُنٛد لۄکُٹ بویہ ، واك پال  سٕنٛد نسبَن سنٛبھول تخٕت ۔
"
7987,یہِ چھٗ وٗچھنہٕ تہٕ مزٕ تلہٕ ہلكہٕ میوٕ مزٕ سان ووڈكا ہس ہِیوُ وٗیہ  ۔
7988,تنہٕ پٮ۪ٹھٕ چھ اتھ واریاہن زبانن من ترجمہ کرنہ آمت۔
7989,یہ بنیوو  عرب آبٲدِی سۭتۍ تنازعہ بڑنُک بٲعث، یِمو 1936 منٛز کھلہٕ پٲٹھۍ بغاوت کٔر۔
7990,یہِ ہیٚکہِ کم از کم ادایگی ٲسِتھ ، اخھ بجٹ بنٲوِتھ رقم ، یا بیہ  کانٛہہ رقم یٗس تو٘ہہِ پریتھ ریتہٕ ادا كرِتھ ہیكِو  ۔
7991,کاسموپولیٹنٕچ جیسمین ٹِنگَن دِژ یِہ بہتریٖن ہندوستٲنۍ فِلمَن منٛز اَکھ قرار۔
7992,"این ایس ڈبلیو سٹیٹ ایمرجنسی سروسَن دِیوٗت  مدتہٕ باپتھ 2,300 کھۄتہٕ زِیٛادٕ درخواست میلنٗك  اطلاع، زیادٕ تر مغربی سڈنی تہٕ گوسفورڈس منٛز۔
"
7993,چھاپس منٛز زینٛنہٕ آمتین گرین ہنٛد تعداد چھ فیصلہٕ کران ز چھاپہٕ کتھ حدس تام اوس کامیاب۔
7994,ہندوستانس منٛز ٲس 2010منٛز دنیاہس منٛز ٹی بی کیسن ہنٛز کل تعداد ساروی کھوتہٕ زیادٕ، جزوی طور نجی تہٕ عوٲمی صحتچ نگرانی شعبس منٛز بیمار ہند ناقص انتظام کہ وجہ سۭتۍ۔
7995,یہِ اوس تٕمۍ سُند ہدایتکار سنگیتم سری نِواس راوس سٕتۍ گۄڈنِیک اشتراک ۔
7996,مہاراشٹرا ہس سۭتۍ سۭتۍ گوا ہس منٛز چھ دوستن تہٕ خانٛدانن سۭتۍ آرتی کرنہٕ یوان، عام پٲٹھۍ صبحس تہٕ شامس۔
7997,یہ بڈاونہٕ آمٗت ریئلٹی ایپ چھ دلکش۔ یہ چھٗ اکھ الگ دٗنیاہ باسان ۔
7998,دٔلیٖلہِ ہُنٛد آغاز چُھ رِتوپوُرنا تہٕ رازٕ نل سندِ سٕتہِ  گَژھان۔
7999,تَتہِ ٲسۍ کلبَس أندۍ پکھۍ حملہ، لڑایہِ جگڑٕ تہٕ ڈرگ کٔننٕکۍ واریاہ رپوٹ تہٕ شِکایتہٕ۔
8000,یہِ کتھ بنٲوو یقینی زِ سڑکہٕ چھِ کیمپ والین کُنہِ پریشٲنی یا افسوس ورٲے پریتھ کیمپ سایٹہِ تام وَتھ دِوان۔
8001,خاص طور چھِ امہِ علاقٕچہ زنانہٕ اکھ رسم ادا کران یتھ منٛز تِم 13 کھانٛدرٕ واجنین زنانَن کُنہِ تہِ قٕسمُک چیز (گھر، میک اپ یا کھٮ۪نس سۭتۍ وابستہٕ) چھِ دِوان۔
8002,یمو منٛزٕ کیٚنٛہہ لوکو اوس پٔتمہ ؤرۍ یہ پنٕنۍ پوشاک بناونس منٛز گزٲرمت تہٕ زیٛادٕ تر ٲسۍ خوشی سان فوٹو خٲطرٕ پوز کران۔
8003,کینہہ خصوصی سکول یتھ کٔنۍ ز کیندریہ ودیالیہ تہٕ جواہر نوودیہ ودیالیہ چھ، چھ مرکزی حکومت چین ایجنسین ہٕند ذریعہ چلاونہٕ یوان۔
8004,"سرمایہ کٲری گژھہٕ  بطور مٗثبت عدد درج کرنہٕ ینہِ ییٚلہ زن قرضک رقم  بطور منفی عدد درج کرنہٕ یٗن گژھِ (""-"" نِشانہٕ  استمال کٔرِتھ)۔"
8005,گِرجہٕ گَرُک ناو آو 15 مہ صدی ہندس باغی اینگلبریکٹ اینگلبریکٹسن کِس ناوس پٮ۪ٹھ تھونہٕ ۔
8006,"کینٛہہ ساروی کھوتہٕ زیادٕ مقبول بنییہ تم پینل یم ""ایڈیٹنگ مانگا""، ""انٹرو ٹو لولیٹا اینڈ فیشن شو""، تہٕ ""کورین سۭتۍ کتھ کرنکۍ طریقہ’’  مختلف ٲسۍ۔"
8007,جرمنی ہنٛدۍ ویس سنٛد گول اوس پوٗرٕ ٹورنامنٹس منٛز ہندوستانین خلاف کرنہٕ آمت وٲحد گول۔
8008,سہ چھ اعلان کران ز تپسیا چہ شکلہ منٛز گژھ ارجن مس تنک پورس سۭتۍ خانٛدر کرن۔
8009,"مرد طوٲیفہٕ چھ پنن کاربار پٲکستان کس پرٛٮ۪تھ شہرس تہٕ بٔڑس قصبس منٛز چلاوان۔
"
8010,فلمہ ہٕنٛز ہٮ۪دایت کٲری ٲس چکرورتی ہن کٔرمٕژ، موسیقی چھےٚ گورو ڈاگاونکر سٕنٛز، سینماٹوگرافی چھےٚ ہری نایر سٕنٛز تہٕ فلمہ ہٕنٛز ایڈیٹنگ چھےٚ ڈیبیوٹنٹ ایڈیٹر امر دیپ سنگھ کھچی کران۔
8011,پنٛنیٚن گھرن ہٕنٛزن رسوین منز  چِھ ماہرینہِ تہٕ ماہرازٕ پنٛنیٚن  اجدادن احترام کرنہٕ تہٕ امن منٛگنہٕ خٲطرٕ ستن ماجہِ  دیوین  ہنٛز پوُزاہ  کران ۔
8012,"تٔمۍ کٔر 1979 پٮ۪ٹھ 1995تھس تام ناگاساکی کس میٚیر سنٛدۍ پٲٹھۍ ژورن مدتن تام خٔدمت۔
"
8013,ییتہِ پیٹھہٕ گیہ تِم بیہ ہن شٗمالس كٗن تہِ كورٗكھ كاڈاریمس نكھٕہ جنوٗب مشرِكی تھایہ لینڈ كِس اِلانكاسولمس پیٹھ قبضہٕ تہٕ  تمہِ پتہٕ مشرقی تھایلینڈ كِس  ماتھامالِنگمس پیٹھ، تہٕ جنوٗب مغربی تھا یلینڈ كِس تھلایٹا كولمس پیٹھ۔  
8014,مٲلِس ماجِہ فراہم کرن وٲلۍ پروگرام آیہِ 1980 چِہ دہٲیی منز تیار کرنہٕ تہٕ کٔرٕکھ اَکے اِجلاسٔچ شکل اختیار ، زٕ پیٹھہٕ ترین گھنٹَن تام ۔ 
8015,سکاٹ گوٚو 1971 تہٕ 1975 تھس درمیان لگاتار پانژ لٹہ پرو باول۔
8016,زنانَن ہٕنٛدین بینڈی ٹیمَن باپتھ چُھ اکھ کلب مُقابلہٕ تہِ موجوُد یَتھ بینڈی ورلڈ کپ وومین ونان چھِ ۔
8017,"ٹیمُک پرٛیتھ رُکُن اوس پریکٹس میچس منٛز جرمنَن نِش ہارنُک دباو محسوس کران، تہٕ کانٛہہ تہِ اوس نہٕ پننِس معمولَس منٛز۔
"
8018,سوٗ بنیٛوو  1987 پیٹھٕہ 1995 تھس تام سٗپیریر، وِسكوسِنٗك مییر ۔
8019,دلہ چھ ہنٛدستٲنہِ ریلوے نیٹوركٗك  اکھ بوٚڑ جنكشن  تہٕ چھ شمٲلی ریلوے ہک صدر دفتر ۔
8020,مثلاً، اچھِ  سٕتہِ جٗڈِتھ قوبوُ كرن واجِنین مژھن ہٗند بییہِ بڈٗن ہیكہِ جایہ نِش ڈلِتھ تہٕ تہٕ بییہِ ہیكہِ نوِ سرٕ جوڈ بڈرٲوِتھ  ٲس چین مژھن تام وٲتِتھ ۔ 
8021,زیٛادٕ تر سِول سوسایٹی ہٕنٛزٕ تنظیمیہٕ تہٕ چھےٚ نسلی طور منسلک تکیاز مختلف جمٲژن ہٕنٛدین مفاداتن چھےٚ پریتھ تنظیمہِ ہٕنٛد طرفہٕ حِمایت یوان کرنہٕ۔
8022,زِیٛادٕ تَر حملہٕ یِم نوٹ کرنہٕ آمٕتۍ چھِ تِم ٲس اشتعال دِتھ دِنہٕ آمٕت ، مگر سٲری ٲسۍ نہ ۔
8023,یہٕ اوس میٹ برنیٹن تہٕ بین لیونن کارٹون نیٹ ورکہٕ خٲطرٕ تخلیق کوٚرمت ۔
8024,یِمن خطن  منٛز سِلکا میژ ہُند زیادٕ مواد  تہٕ اکثر گردِ طوفان  چھِ تِمن منز سِلكا ہس سٕتہِ ماحولِیٲتی رٲبطہٕ  سٕتہِ  دائمی سادٕ سلیکوسس گژھنٗك  اطلاع دِنہٕ آمٗت ۔
8025,"نوجوان، کھیل تہٕ ثقافتٕکۍ وزیر، اولیویا گرینجَن کوٚر أکِس بیانَس منٛز میک نیلَس خراج تحسین پیش کران ووٚنُن زِ ""پابلو میک نیلن چھِ جمیکا تہٕ عالمی کھیلَن پیٹھ پنُن نشانہ تروومت۔
"
8026,گرٕچ حفاظت چھ اکھ بوٚڈ آکٹوپس کران یس نزدیکی دلدلس منٛز روزان چھ ۔
8027,ولیمزبرگ، کینٹکی: ولیمزبرگ چُھ كینٹكی ،امریکاہُک اکھ شہر۔
8028,لِنڈسیل: لِنڈسیل چُھ اکھ گام تہٕ سول پارش اتلسفورڈ، ایسیکس، انگلینڈس منٛز۔
8029,کینٛہہ حمایت آسنہٕ باوجود چھ نہٕ تٲریخس منٛز اصلاح کرنک تجویز لاگو گومُت۔
8030,ملکیتُک یہٕ سلسلہٕ چُھ سرکلیوُلر ملکیت  ڈھانچن ہیوٗ۔
8031,یہ چھ بہترین پٲٹھۍ ذہنی صحت کس أکس پیشور سٕنٛد ذٔریعہٕ کرنہٕ یوان، یتھ کٔنہ زن اکھ مشیر۔
8032,وَدان وَدان درٛاو یہِ پانَے گامہٕ کہِ جنٛگلہٕ مٔنٛزۍ۔
8033,لا ریوجا صوبہٕ، ارجنٹیٖنا: لا ریوجا چھ ارجنٹڑیٖناہک اکھ صوبہٕ۔
8034,یہٕ آو 1981 منٛز دوبارٕہ زومبی فلم کس طورس پیٹھ سینماہن منٛز ہاونہٕ۔
8035,آشرمَس منٛز چھِ مختلف عبادَت گاہ تہِ یِمۍ عبادَت کرنہٕ تہٕ  روحٲنی راحت باپت اکھ واریٛاہ اصل جاے چھِ۔
8036,پریتھ کُنہ ٹیریٹری چُھ پنُن الگ الگ قانونی نظام یُس برطانیہَس منٛز غیر محفوظ چُھ ۔
8037,أمۍ سٕنٛد مرنٕچہٕ وجہ ہنٛد چَھنہٕ زانٛکٲری مگر یِہ آسہٕ نہٕ فطری ۔
8038,اتھ زمینس پیٹھ بنو تٔمۍ ڈوورک شہر ۔
8039,جج چھ عدالتہٕ نیبرٕ تہٕ مقدمہٕ شروع گژھنہٕ برٛونٛہہ قونوٗنس متعلق ہیٚچھان۔
8040,ہندوستانس منٛز چھُ أمیِس اکثر ہاکی كا جادوٗگر وننہٕ یِوان ییٛمیُوک تررجُمہٕ“ہاکی کھیلُک جادوٗگر“ چھُ   ۔
8041,یہٕ شہر چھُ مقٲمی طور  دستِیاب لیٹریٹ کَنیو سۭتۍ بَناونہٕ آمٕت ٹیراکوٹا مَندرَو خٲطرٕ مشہور۔
8042,بیٖراہس چھ کالجس منٛز أکس نو کور، سیٖماہس سۭتۍ محبت گژھان، مگر سۄ چھےٚ تس سٕنٛز خانٛدرٕچ تجویٖز رد کران۔
8043,اتھ منصوبس منٛز چُھ بھوتھاتھنکیٹوس منٛز پیریار بیراج شٲمل یتھ 3048 مربع کلومیٹر کِس رقبس سۭتۍ سۭتۍ نہرن ہنٛد نیٹ ورک چُھ۔
8044,پاکٮ۪ٹ پی سی 2002 ایل جی ڈیوایس ہؠکو کیمپگین شاپس منٛز سیل شروٗع کرنہٕ خٲطرٕ استعمال کٔرتھ۔
8045,ہاسنن کوٚر 2004 منز انسان دوست کارکردگی  تہٕ زِندگی منز روادٲری   باپت گوڈنیک ابراہم نیشنل ایواڈ حٲصِل ۔   
8046,یہِ چھُ گۄڈَے بناونہٕ آمُت وٹامن اے کھٮ۪نہٕ سۭتۍ یِوان مگر کیروٹینائڈَن ہُنٛد نہٕ، تِکیٛازِ پتہٕ یِنہٕ وٲلۍ ریٹنولَس منٛز تبدیٖلی چھِ مُنٲسب ریٹنول کہِ موجودگی سۭتۍ دباونہٕ یِوان۔
8047,مزٕ دار شربت تہٕ کرٛیٖم چھ کٲفی یا رسس منٛز شٲمل یوان کرنہٕ تہٕ شیٖنہٕ خنٛجہ چھس یوان رلاونہٕ۔
8048,گٗجراتس کُن پیش قدمی  دوران چھِ  غٗرید  فوج  چاہمانہ سلطنتكہِ  مغربی سرحدٕ کِنہِ گٗزرِیومٗت باسان ،   ییمِچہِ شہادت وارِیاہن مندرن ہندِ  تباہ سپدنہٕ تہٕ  بھٹی حكوُمتس تل  لودھرٗوا مِسمار سپدنہٕ سٕتہِ میلان چھے٘ ۔
8049,یہِ فِلِم آییہٕ 15 نومبر 2013 مٗمبیی منٛز گۄڈٕنِچہِ لَٹہِ ہاونہٕ تہٕ اپریل 2014 ہس منٛز آیہِ  پوُرٕ ہِنٛدُۄستانس منٛز رِلیٖز كرنہٕ ۔
8050,2016 منٛز کٔر کیرالہ حکومتن سرکٲرۍ ہسپتالو ذریعہٕ مفت جنس دوبارٕ تفویض کرنٕچ سرجری شروع۔
8051,"تٔمۍ کوٚر نوٹ ز ""تہۍ ہیٚکو نہٕ حقیقتس منٛز چھیڑ چھاڑ کٔرتھ"" تہٕ یہ ز سکرپٹنگک اہم چیلنج ٲس ""اکھ واریاہ مضحکہ خیز دلیٖل أکس منظم شکلہ منٛز فٹ کرٕنۍ""۔"
8052,انگ سپرشٗک مقصد چُھ جسمٲنی طاقت تہٕ چوکسی خٲطرٕ دعا كرٕنہِ ۔
8053,گاڈن سۭتہِ وابسطہٕ تجارتَن منٛز تہِ گیہ  واریٛاہ لوُکھ  متٲثر ۔ 
8054,"دویمس عالمی جنگس دوران 
 نیُو گامٕکیو اتہِ پناہ۔"
8055, بٗزرگ ، موذوُر ، تہٕ  کمزور مدافعتی نظام وٲلہِ لوُکھ، یتھ کٔنہِ زن ایچ آی وی/ایڈز، کینسر، یا یم امیونوسوپریسو دواہن پیٹھ  چھِ ، چھ کروژھ والہِ  سکیبیزٗك  شکار گژھان (یتھ ناروین اسکیبیز تہ ونان چھ)۔
8056,مگر نٲیدَن ووٚن، “اَز چُھ نہٕ مےٚ وَقٕت یوٗت زیٛوٗٹھ مَس کاسنہٕ خٲطرٕ۔ 
8057,ہیر كٕنہِ بیٲرٕ كانی منز كھٕر كھٕر چھٗ ترہرُن تُلان ،  ینہ والہ خطرپک احساس چھُ دلس تلواس تُلان۔
8058,پتہٕ کٔر ودیارنیا سٕنٛز سنگیتاسارا، وینتمکھن سٕنٛز چتردنڈی پرکشیکا تہٕ چتورکلناتھ سٕنٛز سنگیتارتناکرا ہن انہِ، یمن ریواجن منز مزید بہتری۔
8059,چن ہسانگ چانگن کٔر وۄمید ظٲہِر ز یہ غلطی تر٘اوِ نہٕ   چین، ہانگ کانگ، مکاؤ تہٕ تائیوانس درمیان سیاحتس پیٹھ اثر ۔
8060,کتھک  رقص ترتیبس منٛز چھِ کرشن-رادھا نیبرموضوع بناونہٕ آمٕتہِ  ، یِتھہٕ کٔنہِ زَن کالی داس  سِندس  شِو-پاروتی تہٕ بھوٕ بھوُتی سندِس مالتی-مادھو ڈراماہس  پیٹھ مبنی ۔
8061,ترقی پذیر دنیاہس منٛز چھ یہ بڑٮ۪ن شٗرٮ۪ن تہٕ جوان بالغن منٛز۔
8062,"فِلِم ٹاؤنَس دِتِن 3 ستارٕ تہٕ ووٚنُن زِ، ""یِہ فِلِم چھےٚ مُلکَس منٛز واریاہَن مسلَن پیٹھ توجَہ دِوان، یوٚدوے تفریحۍ اندازَس منٛز""۔"
8063,امہ سۭتہِ ہیٚکہ زیٛادٕ خطرٕ پٲدٕ گژھتھ مگر تۄہہ چٗھ زیادٕ سوُد حٲصل کرنٗک موقعہٕ دِوان۔
8064,گۄپھ چھِ چونہٕ کَنہِ تہٕ جِپسم سۭتہِ بَنیمٕژ ۔
8065,"مثالہ پٲٹھۍ، ولیم وین ڈیر ہیڈن کوٚر شولے منٛز قتل عام کس منظرس ونس اپون اے ٹائم ان دی ویسٹس منٛز یتھۍ منظرس سۭتۍ موازنہٕ۔
"
8066,اے سُندر رٔنۍ! بہٕ چھُس وشنو سنٛدۍ پٲٹھۍ، جسم، کردار تہٕ وجودٕچ مضبوطی مۄکھٕ  ژےٚ سۭتۍ یہِ دوٚیِم قدم تُلان۔
8067,مونوہل ناوٕ چھِ عام طور  ڈَنٛجہِ روزنہٕ خٲطرٕ بلاسٹس پیٹھ دارمدار تہٕ عام عمومن چھِ اورٕ یور کرنٕچ ناوٕ۔
8068,یہیہ اوس ییتہٕ تمہِ بھارٕ دھاتن ہنز موسیقی بوزٕنہِ شروع کٕر ۔
8069,"لاوِ كین تحن  منٛز چھِکھ کینٛہہ لۄکٕٹہِ  تھن دار  فوسل درج  کٔرمٕتہِ ، تاہم بٔڑِ تھنہٕ دار  چھِ زِیٛادٕ تر نامعلوٗم ۔
"
8070,2016 پیٹھہٕ چھِ  نیوُ یارک سٹی  پبلک سکوٗل تہِ عیز پیٹھ بند روزان ۔ 
8071,یہ پرژھنہٕ آو  کیازِ، تمو دیٗت جواب زِ تہنٛدس كٗنِس نیٚچوس چِھ بادشاہ سٕندِ دٕسہِ  کھینٕچ وٲرِ ۔
8072,واریاہ ماہرین چھ اتھ ایسبیسٹوسک ساروی کھوتہٕ خطرناک قٕسم مانان ۔ 
8073,بیورو آف میٹرولوجی کٔر خبردار ز اگر یہ ژوٗرم درجہ بنان چھٗ ، یہِ  ہیكہِ  240 کلومیٹر فی گھنٛٹہٕ واو  انتھ ۔
8074,"150 ؤری برونٛہہ اوس  گریٹ انڈمانیز، اونگے، جراوا تہٕ سینٹینیلیزجزیرن ہنز اصلی آبٲدی ہٗند تخمینہٕ   5,000 اندِ پٕكہِ لگاونہٕ آمٗٹ ۔ "
8075,سازو سامانٕکۍ قٲعدٕ چِھ میزبان حکامن درمیان تفصیل سان مختلف آسان مگر یِم چِھ ہمیشہٕ کھلاڑین تہٕ ماونٹن ہنٛز حفاظت خٲطرٕ آسان۔
8076,تمو کٔرۍ اموہس منٛز کنہِ گرم تہٕ سور یُس بہہٕ سۭتۍ رننہٕ اوس آمُت ۔
8077,کینٛژن ماملن منزچھے٘ تِم غلطی   ییلہ زن زیادٕ تر ماملن منٛز تِم زٲنتھ مٲنتھ چھے٘ ۔
8078,مےٚ ٲس یہ کتاب پندہ دۄہ برٛونٛہہ آرڈر کرمٕژ مگر وٕنِہ تِہ چھنہٕ مےٚ کانٛہہ تصدیق کرن وول میل تہ میلان۔ یِہ واتنس کوتاہ وقت لگہِ؟
8079,سۄ ٲس لایف سپورٹس پٮ۪ٹھ تھاونہٕ آمٕژ تہٕ ٲس طبی طور کوما ہس منٛز۔
8080,تٔمۍ کھول دی کِی سِٹون ایکٕس ایل تہٕ ڈَکوٹا پایِپ لایِن دوبارٕ ۔ 
8081,از چھ صرف کینٛہہ مکانہٕ ؤنۍ تِہ تَتِہ ۔ 
8082,ایس سی آٮٔی ہیٚکہ انٹرورٹبرل ڈسک بیٚمارِ، تہٕ سپاینل کورڈ ویسکولر بیٚمارِ منٛز گژھِتھ ۔
8083,میتھیٚو میسن ویلزن دژ ترکی ہندس تلمازس نش 3-7 ہارنہٕ برونٛہہ سوئٹزرلیٚنڈ کس کٔرچوڈس 6-2 سۭتۍ شکست۔
8084,یہٕ چُھ سی آر ٹی تہٕ ٹی ایف ٹی ایل سی ڈی مانیٹر تہٕ ایل سی ڈی ٹی وی ڈیزائن تہٕ تیار کران۔
8085,بنگالس ووٚن  پتہ مغل شہنشاہو  “قومَن ہُند جنت“ ۔
8086,امہ سروس خٲطرٕ چھ صارفینن اکھ معیٲری سیلولر موبایل نمبر فراہم کرنٕچ ضٔروٗرت۔
8087,رِینارڈ چھ یونایٹڈ سٹیٹس کس آیووا ہس منٛز اکھ شہر۔
8088,امی دۄہ چھ اشونن مۄل تس سٕنٛدس کمپیوٗٹرس پؠٹھ فحٲشی لبان تہٕ سہ چھ أمس ماران۔
8089,نقشٕکہِ  ٹٗکرٕ تہٕ کٮ۪نٛہہ پلو لٔبہِ بچاو کارکنو بوٚموارِ دۄہ پہاڈن منز ۔
8090,مےٚ ٲس  تتھ دلکش ہمسایہ گی  منٛز اکھ گرٕ میلنٕچہِ امید ییٚتہ بہٕ بڈیوس ، مگر قیمت چھِ تیتۍ  زیادٕ بڑیمٕتہِ  ز وۄنۍ چھ یہ  دوُرِیُک خواب باسان ۔
8091,"ڈوبِنَن ووٚن زِ اَکِہ لَٹِہ ژور گٔژھنہٕ پتہٕ چھےٚ كارٕ  اکثر ""ٹكرٕ كرن والین  دُکانن"" کٕنٛنہٕ یِوان ییٚتہ ژوُر گاڑین پوُرٕ پٲٹھہِ  الگ الگ  کران چِھ ۔"
8092,مے٘ چھے٘  ینہٕ وٲلس میٲری امتحانس متعلق گھبراہٹ باسان ۔
8093,"اکھ متبادل کار ہیٚکہِ پانٛژِ یا دَہَو منٹَو پتہٕ میدانَس منٛز دٲخٕل گژھِتھ۔
"
8094,اکھ خاصیت چھ آبجیکٹ اورینٹڈ پروگرامن خٲطرٕ اکھ سادٕ ماڈل بناونہٕ خٲطرٕ استعمال یوان کرنہٕ۔
8095,یم چھ تم بیمارِ یم طبی مسلہٕ کہ وجہ سٕتۍ گژھان چھ ۔
8096,مایک فشر اوس بینڈک انتظام کران تہٕ آواز تہٕ گاش تہ وٕچھان۔
8097,یہٕ چھ یہٕ گۄڈٕ پانِیلِس گریکھ دِتھ گیسَس منٛز تبدیل کران۔
8098,ہکن لوپرن کوٚر باضابطہٕ طور 7 مارچ 2019 ڈینورس منٛز پنٛنہ مہمہ ہنٛد آغاز۔
8099,"سکوٗلَس منٛز چھُ اکھ گِنٛدنُک میدان ییٚتہِ کرکٹ، فٹ بال، ہاکی تہٕ باقی میدٲنی کھیلہٕ گِنٛدنہٕ چھِ یِوان۔
"
8100,اکھ مشہوٗر تقریب  چھِ پینہٕ آمتین رازماہن ہٗند شران ۔
8101,"پروٹسٹنٹِزم چُھ پیروکارن ہنٛز تعداد کہ لحاظہٕ عیسایَن ہُنٛد دویِم ساروی کھوتہٕ بوٚڈ گروپ۔
"
8102,سٹی منیجر چھُ شہر کٮ۪ن تمام محکمن ہنٛز نگرٲنی کران تہٕ کونسل  طرفہٕ یختیار كرِمٕژٕ حیكمت عملی عملاوان ۔ 
8103,فرنچ  کلبَن ووٚن زِ یہِ اوس لیونَس وُنیُک تام میلن وول ساروِی کھۄتہٕ زِیٛادٕ ٹرانسفر رقم ۔
8104,حسابس منٛز جوُڈیو ادٲیگی ہٗنٛد مٗدت ؤرین اندر ۔ 
8105," یمن نوادرات ہنٛز صحیح اہمیت، یا  زِ ثقافت تہٕ زماننیمن  سۭتۍ تم تعلق چِھ تھوان چھ، مختلف آیہ واضح کرنہ یوان۔
"
8106,"بواسیٖرن ہنٛد علاج ہٮ۪کو گرس منٛز یا ہسپتالس منٛز کٔرتھ۔
"
8107,یہ چھےٚ دوسانجھ سٕنٛز گۄڑنٕچ فِلم دھرما پروڈکشن کِس بینرس تحت ۔
8108,مور چلاو تاشٕک کھیل تہٕ کوٚرن موقعٕکۍ بٲقی کھیل تہٕ جٲری تھٲوۍمٕتۍ۔
8109,زمینس پیٹھ، مہماتن کوٛر شمالی امریکہ کس کھسن ہنٛدس تجارتس توسیع خاطرٕ بحر الکاہلس کن دریابک وتھ دریافت کرنچ کوشش۔
8110,نٹانگکی نیشنل پارک چھِ اکھ قومی پارک یۄسہ ناگالینڈ، ہندوستان کِس پِیرَن ضِلعس منٛز واقع چھِ۔
8111,اکہِ دۄہ گوٚو زٔمیٖن دار، سِرٛنٛگیری سِرٛی نِواس  پنٛنٮ۪ن بہتٔریٖن گٲون سۭتۍ چارواٮ۪ن ہِنٛدِس مٲلِس منٛز۔ أمِس اوس نٔوِس قومی شاہراہس کِنۍ پَکُن یُس أمۍ سٕنٛدِس گامس نزدیٖک آمُت اوس۔
8112,یہ گوٚو 18 ؤری پتہٕ ییٚلہ 88 تم کانگریسن یہ قانون منظور کوٚر۔
8113,وننہٕ چھُ یِوان زِ ایمرجنسی دوران اوس سُہ تَقریٖبَن   پننین دوستن خاص پٲٹھۍ بنسی لالس سۭتۍ  ہندوستانکسرکار چلاوان ۔
8114,اَتھ منٛز چھِ وُنکیٚنَس 12 رُکُن تہٕ چھِ پرٛٮ۪تھ دۄیہِ وہٕرِ مردن تہٕ زنانَن دۄشوٕنی ہندین  ٹیمَن باپتھ ایشیا پیسیفک چیمپئن شپ منعقد کران۔
8115,ہندوستٲنہِ شیعہ مٗسلمان چھِ جنوری 2009 وس منٛز بارابنکی، ہندوستانس منٛز عاشورا کہ دۄہ تازیہ جلوُس كڈان ۔
8116,مےٚ چھٗ نہٕ یقین زِ تمو کٔر بیاکھ اکھ صنفی  سٗپر ہیرو فلم ریلیز۔  مے٘ چھٗ یہِ سٗپر ہیرو رٗجحان سیٹھاہ کھران ۔( دوست 1 )
8117,مہاراشٹرا چھ ملکس منٛز صنعتی پیداوارس منز 25 فیصد حصہٕ دوان تہٕ چھ ملکس منز ساروٕے کھۄتہٕ زیادٕ مقروض ریاست۔
8118,مارٕچ 2021 ہَس منٛز کووِڈ-19 صوٗرتحال کہِ وجہہ كِنہِ  کرٕكھ  ہندی صورت  ہاتھی میرے ساتھی ہِچ ریلیز ملتوی۔
8119,نومبر 2017 ہس منٛز دِژ اسلام پسنٛد دہشت گردانہ تنظیم آیی اٮ۪س آی اٮ۪سن کٗمبھ مٲلہٕ تہٕ تھرِ٘سوُر پوُرمس منٛز ینہٕ والین ہیٚنٛدِ ضٲیرینن  پیٹھ حملہٕ کرنٕچ دھمکی ۔
8120,"تٔمۍ ووٚن کونگیمباہس ز شہزٲدۍ تھویبی ییہ أمس پانٛژن دۄہن انٛدر انٛدر دنہٕ۔
"
8121,لٔڑکہٕ سٕنٛز شناخت تہٕ رازدٲری ہٕنٛدِ بچاونہٕ خٲطرٕ آو نہٕ ماجہِ ہُنٛد ناو جٲری کرنہٕ۔
8122,لٲنہ پٮ۪ٹھ استعمال گژھن واجٮ۪ن اہم ریل گاڑٕ چھےٚ کلاس 375 الیکٹرو سٹار ۔
8123,صرف ریٹنول وول غذا سپلیمنٹَننہ سۭتۍ  ہیکہِ شدیٖد یا دیرپا زہر پٲدٕ کٔرِتھ۔
8124,سدھی دتری چھےٚ پاروتی، بھگوان شیو سٕنٛز رٔنۍ۔
8125,ملازمت محفوظ آسنس متعلق  غیر یقینِیت  چھِ مے٘ كٲفی تناو دِوان  ۔
8126,"ینہٕ وٲلہ فاک لینڈز جنگس دوران جزیرن پیٹھ دوبارٕ قبضہٕ کرنہٕ خاطرٕ برطانیہک کامیاب فوجی ردعملن کوٛر عالمی طاقت کس طورس پیٹھ برطانیہ کس حیثیتس منٛز بۄن کُن رجحانس تبدیل کرنس منٛز اہم کردار ادا۔
"
8127,دورٕ کرن والٮ۪ن ریاست کٮ۪ن سربراہن ہنٛد استقبال چھ فیڈرل کونسل یکجا کران۔
8128,ہیملٹن گوٚو 2005 کس سیزن خٲطرٕ یورو سیریز چیمپین اے ایس ایمس منٛز۔
8129,"انگریزی ناو چُھ کینژن تُرکی زبانن منٛز ""ریسلنگ"" لفظ پیٹھٕ آمُت۔"
8130,اتھ چُھ اکھ مذہبی مقصد تِہ، یُس علامتی طور ہولیکا ہنزو دلیلو سۭتۍ ظٲہر چُھ گژھان۔
8131,لٲنِہ منٛز ژھانٛڑو پنٕنۍ جاے تہٕ پرٛیتھ کٲنٛسہ ونِو ہیلو۔
8132,دہٲین، تہٕ کینژن معاملن منز چھ صدین، برطانوی حکومت تہٕ ہجرتک برطانوی سلطنت پیٹھ پیدٕ گژھن وٲلین آزاد قومن پیٹھ پنن نشانہ ترومت۔
8133,اتر پردیشس منز چھُ مرطوب، نیم گرم آب و ہوا تہٕ  اتہ  چھِ ژور موسم ۔
8134,میگھالیہ ہس منٛز چھ عام کریٚژھۍ دار جانور کینکہ لچہ، مگرمچھ تہٕ کچھوٕ۔
8135,"اکھ مقبول، مگر متنازعہ نظریہٕ چھ یہٕ ز یہ چھ برمی لفظ نا-کا یا 'ناگا' پیٹھہٕ درامت، ییٚمیک مطلب چھ ""کَنہٕ دور وٲلۍ لُکھ""۔"
8136,گرافسٹروم چھ ڈچ صوبہٕ جنوبی ہالینڈک اکھ سابقٕہ بلدیہ۔
8137,پرٹیوسس نش بچاونک بنیٲدی طریقہٕ چھ ویکسنیشن۔
8138,"حالانٛکِہ ہینٛدۍ چھِ بٔڑ بھارٕ برادری، ریاستس منٛز چھِ اکھ بٔڑ اقلیتی مسلمانن ہنز  آبٲدِی۔
"
8139,أمہِ  دیُوت پوٗرٕ تسمانیا کس مٗلکس منٛز دۄہ کین 24 ہن گھنٛٹن کالن ہٗنٛد جواب ۔
8140,یہٕ گوٚو ہالی ووڈ فلم ایوینجرز: انفینٹی وار تہٕ ڈومیسٹک کورین فلم انٹینشن پتہٕ تریٚیمس نمبرس پٮ۪ٹھ یلہٕ۔
8141,ڈونیلی چھٗ 2022 پیٹھہٕ ہولی سی  باپت امریکی  سفیر۔
8142,فالٕج چُھ اِنفرٛانِیوٗکٕلیر یا لووَر موٹَر نِیوٗرون  قٔسٕمٗكك آسان
8143,شِکھرجی چھےٚ سۄ جاے ییٚتہِ پارشوناتھ ہیٚتھ ژۄوُہو جین تیرتھنکرو منٛزٕ وُہَو باقٕے راہبَن سۭتہِ موکش حٲصِل کوٚر۔
8144,واریاہ باقٕیہ متبادل ٲسہ یتھ کٔنہ زَن یجنوپویتا چھُنہٕ ہر وقتہٕ لگاونٕچ ضٔروٗرت ۔
8145,1830 کس دہلس منٛز ٲس امریکن بیپٹسٹ فارن مشنری سوسائٹی شمال مشرقی ہندوستانس منٛز مقٲمی قبیلن عیسائیتس منٛز تبدیل کرنہٕ خٲطرٕ سرگرم ۔
8146,یم بیکٹیریا ہٮ۪کن کھٮ۪نس منٛز زنٛدٕ روٗزتھ، مگر یہ چھ واریاہ غٲر معموٗلی۔
8147,"امہ خٲطرٕ آو سہ گرفتار کرنہٕ تہٕ آس نٮ۪صف ؤری قٲدک سزا دنہٕ۔
"
8148,سٔلیٖمَس گوٚو  پنٛنِس مٲلہِ سٕنٛدیٚن مقصَدن پٮ۪ٹھ شَک تہٕ كورٖٗن ذِمہٕ دٲری رٹنہٕ نِش اِنكار ۔ 
8149,أمہِ رٕٹ 1999 تھَس منٛز لینشیا ڈیڈرا ہٕچ جاے تہٕ آو 2005 ہَس منٛز بند کرنہٕ۔
8150,ہارٹ اوس سٹیو فوسین تہٕ باین راجر تہٕ مایک فشرن سییٹلس منٛز شروٗع کوٚرمت۔
8151,مقابلہٕ ٹیمس سٕتۍ شایقینن ہند غیر کھیلٲڑۍ نما طرز عمل اوس شرمناک۔
8152,یم 'سینٹر پاس' چِھ ٹیمن درمیان متبادل آسان،امہِ  قطع نظر زِ کمہ ٹیمن کوٚر پتِم  گول۔
8153,بروٚنز میڈل راؤنڈَس منٛز گِندِ جاپان ایمریكاہس سٕتہِ ، ییٚلہ زَن کیوُبا تہٕ جنوُبی کوریا  گولڈ میڈل خٲطرٕ مقابلہٕ کرن۔
8154,یہ چھ نایٹرایڈ این کہ ذٔریعہٕ تہ استعمال یوان کرنہٕ۔
8155,"یہِ چھُ لوٗکَن کینٛہہ کھولنہٕ نِش رُکاوان، یِتھ کٔنۍ زَن دروازٕ یا ڈبہٕ۔
"
8156,یتھ کٔنۍ چھ ونٛنہٕ یوان ز تلوار ہٮ۪کو نہٕ تتھ وقتس تام ژھٲنٛڑتھ یوٚتام نہٕ اتھ منٛز خون آسہ۔
8157,اکھ عنصر اوس بزات خۄد  روُسی صدر ولادیمیر پّتِن ۔
8158,ایلینسٕک واریاہ سٹور چھ باقین سٹورن ہنٛدس مقابلس منٛز کم سامان کٕنان ۔
8159,امرتسر جنکشن ریلوے سٹیشن چھ ریاستک ساروٕے کھوتہٕ زیادٕ مصروف جنکشن۔
8160,اکہ لٹہ ییٚلہ تہۍ پننس خاندانہ خٲطرٕ ایمرجنسی فنڈ قٲیم کٔرو، تۄہہ پزٕ کانہہ تہ اضٲفی رقم قرض واپس ادا کرنس منٛز ترٛاون یوٚتام نہٕ تۄہہ پوٗرٕ پٲٹھۍ قرضہ نکھٕ وسہ۔
8161,"تمۍ چھِ ژور کِتابہٕ لیچھمژٕ - ترٛےٚ سوانح حیٲتی تہٕ اکھ کتاب سِکھ متس پیٹھ ۔
"
8162,ریاستس منز بولنہٕ ینہٕ واجنین باقی قابلِ ذِکر زبانن منز چھ گونڈی، کورکو، کونکنی تہٕ مالوانی شامل۔
8163,ران موری بنیو راچیل موٗری ، ییلہٕ زن تمۍسند مول رچرڈ بنیو ۔
8164,بیٛاکھ اکھ قٲبلِ ذِکر ظلم کوٚر جنرل نیلَن، ییٚمہِ ساسہٕ بٔدِ ہندوستٲنہِ  بٲغیَن تہٕ ہندوستٲنہِ شہریَن ہُنٛد قتل عام کوٚر، یِمن پٮ۪ٹھ بغاوت کرن والٮ۪ن ہٗند مددتھ کرنُک شكھ اوس۔
8165,"أکس وقتس منٛز اوس منیاپولیس وٕنۍکٮ۪ن 520,000 لوٗکھ ہٮ۪تھ یوٗتاہ بوٚڑ چھ تمہ کھۄتہٕ زیٛادٕ بوٚڑ۔"
8166,اکھ اصل بندرگاہ چھ آبس یا زٔمینس پٮ۪ٹھ واتنہ باپتھ آسان۔
8167,فایر وال چھ پبلک تہٕ پرائیویٹ آیی پی ایڈریسن درمیان ترجمہٕ کران ۔
8168,غیر جنسی تولید کس مقابلس منٛز چھ جنسی تولیدک کٮ۪نٛہہ فٲیدٕ تہٕ نۄقصانات۔
8169,پنجاب تہٕ شمال مغربی سرحدی صوبہٕ کی سکھو تہٕ پٹھانو کٔر انگریزن ہنٛز حمایت تہٕ دلہ پیٹھ دوبارٕ قبضہٕ کرنس منٛز کوٚرکھ مدد۔
8170,سارنیا ہُک چاڈ پینچاوڈ تہٕ اسپرٹٗك  مائیکل برنر ٲس گوڑٕ  شوُٹ  کرن وٲلہِ ۔
8171,مورتی چھ یا تہ گنیش چترتھی کہ اکہ دۄہ برٛونٛہہ یا پانہٕ امہ دۄہ گھر اننہٕ یوان۔
8172,سٹروناچ اوس پاسارگاڈے شہرک اکھ مٲہر ۔
8173,"کنہ ملکٕکۍ کٮ۪نٛہہ قونون ہٮ۪کن صرف أکسٕے مذۂبی جمٲژ پٮ۪ٹھ لاگوٗ گٔژھتھ۔
"
8174,یہٕ کورس چُھ ہندوستانس منٛز بہتٔریٖن تہٕ ساروٕے کھۄتہٕ زیادٕ عزت وول مانٛنہٕ یوان ۔
8175,کم کھۄتہٕ کم گٗمہٕ یِنہٕ وول ریتھ اوس اگست ۔
8176,انگریزی منٛز چِھ مختلف بولین ہندۍ مصوتہ  واریاہ بدلان ۔
8177,آرتھوڈوکس سروس چھ بٹوار دۄہ شامس ژیرِ  شروع گژھان، یہوُدِ  ریواج پالان زِ  شام چھٗ مقدس عبادت كین دوہن ہٗند  آغاز۔
8178,"بینٛڈ پھٹ 1995 تس منٛز، مگر 2000 سس منٛز گوٚو بیٚیہ یکجہہ۔
"
8179,موضوں یلاج سۭتہِ  چھٗ موتٗک خطرٕ عام آبٲدی ہِوٗوٗیہ  ظٲہر گژھان۔
8180,"یہِ اوس غٲلبن سامراجی طاقتس خٕلاف سخت جدوجہد رُکاونہٕ تہٕ لوٗکَن ہٕنٛز توانٲیی  زِیٛادٕ فٲیدٕ منٛد سرگرمیَ منٛز مُنتقٕل کرنہٕ خٲطرٕ کرنہٕ آمُت۔
"
8181,ترٛےٚ خٔصوٗصِیات  چھےٚ یِم کینٛسر خلِین  عام خلِین  نِش اَلگ چھِ کَران۔ 
8182,سیمسنگ گلیکسی واچ: سیمسنگ گلیکسی واچ چھ اکھ اسمارٹ واچ یس سیمسنگن تیار کٔر۔
8183,شُر گوٚو ٲخٕر کار صحت یاب تہٕ 2 یہِ ریتہٕ پتہٕ گٔیہِ دیپتی تہِ کامیاب ڈیلیوری۔
8184,جاداد ہیٚکہٕ ادب تہٕ موسیقی پیٹھ ایجاداتن پیٹھ پیٹنٹس تام کٮ۪نٛہہ تہٕ ٲستھ۔
8185,"آسٹریلیٲیی  ڈالر چُھ زرٕچہِ  تجارت کرن والین  لوُکن پسند ۔

"
8186,اکھ یتھ اکاؤنٹنٹ ژارٗن چھ اہم ییٚمِس توہہِ احترام چھو کران، یٗس تٗہنزٕ ضرورتہٕ بوزان چھٗ تہٕ تٗہندین  سوالاتن جواب ہیکہ دتھ ۔
8187,ٹراپک آف کینسر چھے٘ جنوُبی طرفہٕ کومیلا شہرس اپٲرِ یپور تران ۔
8188,جلدی کوٚر باغیو شمال مغربی صوبہٕ تہٕ اودھ (اودھ) کٮ۪ن بڑؠن علاقن پؠٹھ قبضہٕ۔
8189,نیکوٹین چھ اکھ مواد یس کلؠن ہٕنٛد نایٹ شیڈ خاندان کٮ۪ن زیٛادٕ تر ارکانن منٛز لبنہٕ چھ یوان۔
8190,امنٕچ کوٗششَن باپت سیٹھاہ جوش و جذبہٕ تہٕ رِژَر استعمال کرنُک چھُ وۄنۍ زندگی منٛز اَکہِ لَٹہِ یِنہٕ وول موقعہٕ۔
8191,کلاسیکی موسیقی منز استعمال گژھن وٲلۍ آلات گیۍ مختلف وقتن منز تیار ۔
8192,مےٚ دوٚپ ز بہٕ چھس میوزک ٹیچرٕ سٕند کھۄتہٕ بہتر زانان تہٕ ییٚلہ تٔمۍ میٲنس شُرس غلطی کڈنٕچ  کوشش کٔر مےٚ لٲج تس کرٛیکھ۔
8193," بلڈرن آبی  ذخیرن پیٹھ قبضہٕ کرنک اجازت دتھ ماحولیٲتی تحفظ نظر انداز کرنس پیٹھ 
 چھُس بہ سیاست دانن پیٹھ مشتعل۔"
8194,ناگوری چھےٚ پتہٕ سحرس اغوا کرنٕچ کوُشش کران مگر روُدرا چھُ بر وقت تمہِ سُند زوُو بچاوان ۔ 
8195,تہنز پِہر نی  طاقتور لہرو ڈہِتھ ۔ 
8196,تلنگانہ ریاستن چھ 2015 ہک سی این بی سی-ٹی وی 18 ہک پرامزنگ سٹیٹ آف دی ایئر ایوارڈ زیونمت۔
8197,"دٔریاوس انٛدٕ ونٛدٕ بناونہٕ آمُت مَجل گاوں بنٛڈ چُھ بیٖڈ، پربھانی تہٕ نانٛدیڑ ضِلعن منٛز 93,885 ہیکٹر زٔمیٖنس سہراب  کَران۔"
8198,تُہُنٛد یِتھۍ یا یِتھۍ پٲٹھۍ کارپوریل پراپرٹی ہُنٛد استعمال چھُ تُہنٛدِس پننِس خطرس پیٹھ۔
8199,بادشاہس اوس حتمی اختیار، ییٚمۍسُند مدد وزیرِ اعظم سنزِ سربرٲہی منز وزیرن ہُند کابینہ کران اوس۔
8200,"امیک مطلب اوس یہ ز ۂتھیار اوس  سٹیمپڈ سٹیل استعمال کرنہٕ خٲطرٕ دوبارٕ ڈیزاین کرن۔
"
8201,سٹرپ گریٹ چھ گریٹ یا فیرنجائٹس کہ وسیع تر زمرس منز شٲمل۔
8202,وۄنہِ گوٚو، تِم بناوٕنہِ تہٕ جمع کرٕنہِ تہِ  چھٗ واریہن بالغن ہٗند مشغلہٕ ۔ 
8203,1963 تہٕ 1972 ہس درمیان زیٖنہِ تمہِ 15 قومی خطاب تہٕ کٔرِن 27 قومی رکارڈ قٲیم۔
8204,"یِم بُت چھِ کُبجا وِشنوٗ وردھن سٕنٛدِس دورِ حکوٗمتَس منٛز سٔتمہِ صٔدی ہِنٛدِ۔
"
8205,"تاہم، ننٛد خانٛدانٕکۍ شہنشاہ دھنا ننٛدن کٔر چانکیہس  بے عزتی تہٕ چانکِیاہن کوٚر اِنتقٲم ہینک  تہ نند سلطنت تباہ کرنُک وعدٕ۔
"
8206,تۄہہ آسِو انشورنس کمپٔنی 2 فیصد سٗپٗردگی رقم داران ۔ 
8207,تٔمۍ کوٚر محسوس زِ فلمہِ سۭتۍ سۭتۍ بڈییہ پریشٲنی تہِ، مگر وونُن اَمۍ کِس گۄڈٕنِکِس حصَس “سزا دِنہٕ وول“۔
8208,ہیوی چینک N-ٹرمینل سایڈ چھ میمبرین ٹرانسلوکیشنس منٛز مدد کران، تہٕ C-ٹرمینل سیڈ چھ ٹاکسنس صحیح نیورانس پیٹھ مخصوص ریسیپٹر سیٹچ پتہ لگاونس منٛز مدد کران۔
8209,سپاینل کارڈ انجری (ایس سی آٮٔی) چھِ سپاینل کارڈس نقصان یُس امکس فنٛکشنس منٛز عٲرضی یا مستقل تبدیلین ہنٛد سبب چُھ بنان۔
8210,"یہِ اوس صِرف اتعفاق زِ رونیَن ٲس نٔوِ جایہِ تام  سفر کرنہٕ وِزِ پننہِ فیری سوارِ دوران كھٕلہِ  یہِ تصویر تٗجمٕژ ، امِس میلنہٕ برون٘ہیہِ ۔
"
8211,لوٗکھ ٲسہِ مانان  ز یہ چھ اصلی ٹی بی وٲلس شخصہٕ سندِ  وجہہ كِنہِ گوٚمت یٗس كٗمبہٕ كین باقیہ رٗكنن ہنز زِندگی خٲرِج كران چھُ ۔ 
8212,1979-80 کِس  سیریزس منز ہٲوِ دیون پننہِ لڈنٕکہِ خصوُصِیات دِلہِ خلاف گوڈنِچ سینچری لگٲوِتھ ،ییلہِ تمہِ پیشورانہٕ زِندگی ہٕندِ بہترین 193 رن بنٲوِ ۔
8213,اَمِچہِ عقسبندی  ٲس چندی گڑھَس منٛز أمۍ سٕنٛدِس ایم اے ڈی آرٹس فلِم سکوٗلَس منٛز کٔرنہٕ آمٕژ ۔
8214,پرٮ۪تھ ضِلعُک اِنتظام چھُ ضلع  ہیڈکوارٹرو پٮ۪ٹھٕ ڈپٹی کٔمِشنر، ڈسٹرٛکٹ مجسٹریٹ، ضلع پنچایت دفتر، تہٕ عام طور ضلع  عدالت  سۭتہِ چلاونہٕ یوان ۔
8215,أمِس چُھ چٔرچ آف انگلینڈ چہِ پادٕرۍ ڈورتھی سۭتۍ خانٛدر کٔرتھ۔
8216,اَکِہ دۄہ آو مےٚ منجوناتھ ٹرسٹ ٹرسٹی یو٘ پیٚٹھہٕ فون یِم  أمۍ سُنٛد مٗقدمہٕ لڑان ٲسہِ ۔
8217,"دِودٲرِ کینو چھِ بُنیٲدِی طور   اکھ  دِودار  جامع کینو۔
"
8218,ڈیوڈ جل اوس ہاورڈ حکومت کس آغازس منٛز انتظامی خدماتک وزیر۔
8219,وشنون اوس یہ دیوتاہن خٲطرٕ حٲصل کوٚرمت، ییٚلہ راکشس یہ ژُور کرنٕچ کوٗشش کران ٲسۍ۔
8220,ابتدائی مالی ریکارڈ چِھ تاریخ کہِ آغازٕ پیٹھہٕ زاننہٕ یوان۔
8221,کینٛژن خطن منٛز چھِ جٔدیٖد دورَس منٛز  کینٛہہ کورِ اُپنین رسمہٕ مٕنزِ گٗزران ۔ 
8222,کشورن وو٘ن زِ سُہ دِیہ  پُکار  فِلمہِ منز  رندھیر کپورس پننۍ  آواز۔
8223,"میانمارَس منٛز چھُ سیپک ٹاکرا ""چنلون"" ناوٕ سۭتۍ زاننہٕ یِوان۔
"
8224,امیک مطلب چھ ز صرف اکھ یتھ کھاتہٕ  تلاش کرنہٕ سۭتۍ یس زیادہ کثرت سان مرکب آسہ، ہیٚکو تہۍ زیادٕ پونٛسہٕ زیٖنتھ۔
8225,رینیک اوس زامت ہیمبرگس نزدیک  یس تمہ وقتہٕ ڈنمارکک حصہٕ اوس ۔
8226,68 حرفو سۭتۍ چھُ  یہِٕ کینیڈاہس منٛز کنہٕ تہٕ جایہٕ ہنٛد ساروی کھۄتہٕ زیوٹھ ناو ۔
8227,ڈوگرہ راجس دوران اوس لداخُک انتظام وزارت کران، ییٚمۍ کِس گورنرَس اوس وزیرِ وزارات وننہٕ یِوان۔
8228,زیکا وایرس ہیٚکہ جنسی تعلقس دوران أکس نفرٕ سٕنٛد پیٹھٕ بیٚیس نفرس منٛز منتقل گٔژھتھ۔
8229,"نگرٲنی منٛز تہِ ہیٚکن یِم اکھ خطرناک صورتِ حال پٲدٕ کٔرِتھ یُس جلدیہِ اَتھٕہ منزٕ  نیرِتھ ہیٚکہِ ۔
"
8230,9 جنوری 2001 آو آئی ٹیونز 1.0 میک ورلڈ سین فرانسِسکوہس منز جٲری کرنہٕ ۔
8231,پرتھ عدد ہیكہِ0 پیٹھہٕ  255 ہس تام مو٘ل رٹِتھ ۔
8232,"1994 ہس منٛز بڑوو شمٲلۍ کوریاہن ترٛیٚیم منزل شٲمل کٔرتھ پانمنگک۔
"
8233,بچ ہسکی اوس نیو یارک میٹس خٲطرٕ اکھ پیشور بیس بال کِھلٲڑ ۍ۔
8234, سمٲجی ترقی باوجوٗد تہ، چھ جنس وٕنہ تہ  ریاستس منز سمٲجی نقل و حرکتس متٲثر کران۔
8235,تعمیراتی مواد، سجاوٹٕک چیز تہٕ فرنشنگ ٲس زِیٛادٕ تر مشرقی ایشیائی مُلکَو تہٕ یورپ پیٹھٕ درآمد کرنہ آمتۍ۔
8236,جیلس منٛز روزنس دوران چھ أمس یہ احساس گژھان ز أمۍ کوتاہ غلط چھ پنٛنہ ماجہ سۭتۍ کوٚرمت۔
8237,2012 دوران اوس ویر داس مبینہ طور واریاہ سرکردٕ مزاحیہ شو کران، خاص طور تعلقات تہٕ ہندوستانس منٛز بدلوِنن ثقافتی تبدیٖلین پیٹھ توجہ مرکوز کران۔
8238,"بمہربانی مہ تُل  جلد بٲزی منٛز 
 یتھۍ قدم بدلٲویو انٹرنیٹ  فراہم کرن وۄل  تِکیازِ میون املہ  کرِ تُہنٛدِۍ اِنٹرنیٹُک مسلہٕ  دَہن مِنٹن منٛز حل ۔ "
8239,یُتھُی أمِس پَے لوٚگ زِ یہِ شُر چھُ درحقیقت أمِۍ سُندُے، ورُنَن لوگ ودُن تہٕ روٹُن ہنی نالہٕ مَتہِ ییٚلہِ سُہ وارننٛگ دِتھ ترٛووکھ۔
8240,"یِہ برادری چِھ واریاہ روایتی سرگرمیہٕ برقرار تھاوان، یِتھ کٕنۍ زَن شکار کَرُن تہٕ بُش ٹکر جمع کرُن۔
"
8241,"ہوٗڈاہن تھوو 2020 ہس منٛز امریٖکی ایٚکشن تِھرلر فِلِمہِ، ایٚکسٹرٛیکشَن سٕتہِ  ہالی وُڈس منٛز قَدم، یَتھ منٛز أمہِ  کِرٛس ہیٚمس ؤرتھ تہٕ گولڈ شِفتہ فَراحانی  سٕتہِ  اَداکاری کٔر۔
"
8242,سکاٹ لینڈ اوس برطانیہ سلطنت کِہ نوآبادیات تہٕ سامراجُک اکھ اہم حصہٕ۔
8243,"پیشاب كرن جاین ہنز آزمٲیش  روزِ ایسٹر  ہفتہٕ کِس ٲخرس تام جٲری تھونہٕ آمٗت ۔
"
8244,سُہ آو سِیودوے زٕ ڈِیوجن کلب ایس سی آسٹرِیا لسٹینوس وۄزٗم دِنہٕ۔ 
8245,مسٹروِک ناروےمود ییلہٕ سُہ 76وہُر  اوس ۔
8246,درحقیقت رود سہ تتہ شین ہفتو کھۄتہٕ کم عرصس تام ۔
8247,یہ اوس جنوبی یورپس تہٕ مشرقس منز برصغیر پاک و ہندس منز تہ روزان ۔
8248,ڈی پی كے جی  ڈی پی كے جی  چھٗ اكہِ  کمپیوُٹر پیکج مینجمنٹ سِسٹمٗک ناو ۔
8249,نیو جرسی یَن دِیُت 1:20 ہن  منز اكھ اكِس پتیہ گولو٘ سٕتہِ جواب ،گۄڈٕنِیوٗك اكھ  پاور پلے گول، پتہٕ اکھ شارٹ ہینڈ گول۔
8250,کینٛژن رٮ۪وایتَن منٛز چھِ شُرِ پننِہ خٲلی ٹوُکرِ ایسٹر خرگوشس خٲطرٕ تِہندِس  شۄنٛگنس دوران  وِزِ برنہٕ خٲطرٕ نیٚبرٕ كٕنہِ تھوان ۔ 
8251,یتھہٕ کٔنۍ کرنہٕ پتہٕ، پیہ نہٕ توہہِ تِم تمام چیز یاد تھونُك دباو یِم  توہہِ مۄلہِ ہینچ ضروُرت چھے٘۔
8252,وشوناتھن آنند زاو 11 دسمبر 1969 چنئی، تامل ناڈو، ہندوستانس منٛز، ییٚتہ سُہ بَڑیو۔
8253,اتھ حالتس چھ اکیوٹ کنفیوجنل سِٹیٹ تہ ونان۔
8254,اتھ منز آو 28 دسمبر 2013 ہس منٛز شیخ سٕنٛد مرنہٕ پتہٕ ظہور۔
8255,اَمیِچ آبٲدی چھِ لَگ بَگ 80 گَرٕ ہیتھ محظ اکھ ساس لٗکھ ۔
8256,تٔمۍ گیوند نیشنل باسکٹ بال ایسوسی ایشنَس منٛز ڈیٹرائٹ پسٹنزن سۭتۍ ۔
8257,یہِ ماحول چُھ یِوان  مُشکہٕ دار بُوٹہ تہٕ گیٛو زالنہٕ سۭتۍ تہٕ مُنٲسِب منتر پرنہٕ سۭتۍ پٲدٕ کرنہٕ۔ 
8258,اتھ فایلمس منٛز چھ الفا پروٹوبیکٹیریا یم بٔڑس پیمانس پیٹھ سمندری پلانکٹنس منٛز لبنہٕ چھ یوان۔
8259,"امریکہ واپس یِنہٕ وِزِ کٔرِو کانٛہہ تہِ کسٹم ڈیوٹی تہٕ ٹیٚکس ادا ۔
"
8260,تٔمۍ سنٛد ؤرلڈ نیوکلیر انڈسٹری سٹیٹس رپورٹ 2009 اوس جٔرمن حکومتن شایع کوٚرمت۔
8261,جمنا، یوسہٕ برساتس دوران کُنہِ جایہِ تہِ ژورو میٖلو کم كھٕجہِ چھنہٕ آسان، چھِ مغربس منٛز وسان، تہٕ یژٕیہ  اہم میگھنا چھُ مشرقس منٛز اتھ ضِلعس اندِ اندِ وسان ۔ 
8262,2006 تام ٲسہِ 27،717 لوُکھ بینٹنس منٛز روزان۔
8263,"ڈوکسی سائکلین تہٕ ٹیٹراسائکلین چِھ تمن لوکن خٲطرٕ متبادل انتخاب یمن پینسلن سۭتہِ ایلرجی گژھان چھے٘ ؛  زینہٕ چہِ خرٲبی ہٕنٛدِ خطرٕ کِنہِ ،  چھِنہٕ یِم بیٚیہِ زُو زنانن  خٲطرٕ تجویٖز کرنہٕ یِوان۔
"
8264,آئی پوڈ نینوس منٛز چُھ اکھ ویڈیو کیمرہ شٲمل یس ویڈیو بناونہٕ خٲطرٕ استعمال ہیکو کٔرتھ۔
8265,وادی ہنز میژ منز چھ عام طور پٲٹھۍ سیوٚمب، چٹانہ ٹُکھ، سیٛکھ تہٕ سیٚکہ دار میژ، تہٕ  یہ چھ مختلف جاین مختلف۔
8266,"مہاراشٹرٛاہَس منٛز چھُ ہولی پُرنِما تہِ شِمگا پٲٹھۍ مناونہٕ یِوان، یِم تہوار پانٛژِ پیٹھ سَتن دۄہَن تام جٲری چھِ آسان۔
"
8267,"آتھٕوارِ دۄہ فاینَل برٛونٛہہ ووٚن کوراکاو سٕنٛدِ گول کیپرَن زِ ""فاینلس منٛز آسُن چھُ اکھ شاندار احساس""۔
"
8268,پرٛیتھ کھلٲڑِ سٗند ژھٗنمٗت “بِب“  چُھ امہ جایہِ ہنز  نشاندہی كرن واین اكِس یا دو٘ن  حرفن ہٗند  مخفف آسان ۔
8269,یہِ زِ آکاش کُسم ٲس پراش پتھرس سۭتہِ کینٛہہ ہِشر تھاوان، اکھ فلم یو٘سہٕ  سین  پسند نہٕ كرنٗك  اعتراف کران اوس ،  آسہے تِہنٛدِ بروُن٘ہِم  خۄشگور  تعلُقات پھٗٹنس منٛز اکھ کردار ادا کوٚرمٗت۔
8270,"ییٚلہ ڈوریمی ماجو ریکاہس یہ ونان چھ، سۄ چھےٚ وچ ننہٕ واجنہ مٲنہ منٛز تبدیٖل گژھان۔
"
8271,اسہ گژھِ اکھ من تہٕ روح آسنہِ ۔
8272,یہ زٲنتھ گوٚو مےٚ دل تنٛگ ز گیس اجنسی ٲس غریب لوٗکن گیس سلینڈر باپت پریمیم چارج کٔرتھ تاران۔
8273,تِمَو زیوٗن گۄڈٕنیُک لیگ فالماؤتھس تہٕ دوٚیُم لیگ ملفورڈ ہیونَس نِش۔ ڈگلس کِس دورس منز ٲس تیم تریم نمبرس پیٹھ، مگر توتہٕ تھٲو تِمو پنٕن مجموعی برتری برقرار۔
8274,پرٛیتھ ضلعس منٛز چھ اکھ کلکٹر تہٕ ضلعہٕ مجسٹریٹ حکومت کران، یس انڈین ایڈمنسٹریٹو سروس یا اوڈیشہ ایڈمنسٹریٹو سروس پیٹھ اکھ واریاہ سینئر افسر مقرر چھ یوان کرنہٕ۔
8275,سکم کہ پریتھ ضلعٕچ نگرٲنی چھ ریاستی حکومت طرفہٕ مقرر کرنہٕ آمت ضلعہٕ کلکٹر کران، یس ضلعہٕ کین شہری علاقن ہندِ انتظامیہ ہُک ذمہٕ دار چھ۔
8276,چینی زیکسیا چینَن کوٚر زنانہٕ 48 کلوگرام ویٹ لفٹِنگ ایونٹَس منٛز کل212 سکور کرتھ اکھ نوٚو اولمپک ریکارڈ قٲیم۔
8277,"تٔمِس تہِ آو پِرتھوِی پٮ۪ٹھ شنکھ چوڈا ناوٕ زِیٚنُک بددُعا دِنہٕ۔
"
8278,"نوٗراننٛگ دٔریاو چُھ سیٚلا درٕ كیو   شُمٲلی چَڑایو پیٹھہٕ نیران ۔ 
"
8279,"اَمہِ فِلمہِ دِیُت اے بی سی ڈی 2 ناوُک اکھ سیکویل، یُس 19 جوُن 2015  رِلیٖز كرنہٕ آو ۔
"
8280,"جنوٗبی نیو انگلینڈ تہٕ جنوب مشرقی نیو یارک سٹیٹک لانٛگ آیلینڈ آو سمندری طوفان سۭتۍ خطرس منٛز۔
"
8281,یوُیِس  ماؤنٹ بیٹن، برما ہُک فسٹ ارل ماؤنٹ بیٹن روُدِ آزادی پتہٕ كینژس  وقتس  ہندوستانکہِ  گورنر جنرل، مگر  نتہٕ ٲسہِ دونونی  مٗلكن  مقٲمی  گورنر جنرل  سربرٲہی كران ۔ 
8282,کنیہ بالس منز ہیکن گٔدۍ تہٕ بجہ پھرٛاٹھ بنتھ ۔
8283,"ترٛےٚ عٲلمی  ورشتی  مقام- لال قٕلہٕ، قٗطب مینار تہٕ ہمایوں سُنٛد مقبرٕ چھ دِلہِ منز واقع ۔
"
8284,یہ فلم آیہ 21  نومبر 2014 ریلیز کرنہٕ۔
8285,ورنم چھِ کرناٹک موسیقی ہٕنٛدۍ فنکار واریاہ تیز رفتارٕ سۭتۍ آوازِ ہٕنٛز مشق پٲٹھۍ کرنہٕ یِوان، تاکہ آوازِ ہٕنٛز ثقافت ترقی دِنس منٛز مدد میلہٕ،تہٕ تالک صحیح پچ تہٕ کنٹرول برقرار ییہ تھونہٕ۔
8286,أتھۍ ؤرۍ یَس دوران کٔر ایسٹر جزیرَن 51 کیس تسلیم۔
8287,"اَتھ تیوہارَس منٛز ٲسہِ سڑکہِ پٮ۪ٹھ اناج، كاندر ،  پَلو، تماشہٕ تہٕ باقٕیہ  چیٖزَن ہنٛدِ سوداگر ۔
"
8288,جزیرٕکیو چِھ اکھ ثقافتی وراثت ترٛوومٕچ یۄسہٕ مشہوٗر چِھ ۔
8289,"ملایاہَس منٛز آو کھیل مزید برٛونٛہہ پکناونہٕ خٲطرٕ 27 پیٹھ 28 دسمبر 1962 تام سٹیڈیم نیگارا، کوالالمپورَس منٛز ""کھیر جوہری گولڈ کپ"" ناوٕ سۭتۍ اکھ اِنٹر سِٹیٹ مُقابلہٕ منعقد کرنہٕ۔
"
8290,امہِ پتہٕ کوٚر ہِٹلَرن پننہِ منصوبہٕ کھوتہٕ جلدی یونانس پیٹھ حملہٕ کرنک فٲصلہٕ۔
8291,یہِ البم یُس گھبرنن ترتیب اوس دیُتمت تہٕ ہداہت کار اوس ہاسن ،اتھ منز ٲسۍہِ انیرُدھ روی چندرن ، یوُوان شنکر راجا تہٕ  بییہ وارِیاہ ہمکال کلاکار ۔ 
8292,کیمپبیلَن ژھٗن بوڈ مگر غٲر مٗنظم بٲغی فوج  لكھنو منز  21 مارٕچ دوہ ٲخٕری لڑایہِ سۭتہِ كڈِٹھ ۔
8293,گولہٕ چلاونہٕ پتہٕ ٲس واریاہ لوکھ زانکٲری یژھان ز یہِ کیازِ سپُد ۔
8294,"مرکزی چیمبر، یتھ سورنا نگری ""سٹی آف گولڈ"" ونان چھِ، اتھ منٛز چھِ واریاہ سۄنہٕ سۭتۍ لٔکرِ ہٕنٛدۍ شکلہٕ، یِمَن منٛز جین مذہبٕچ واریٛاہ شکلہٕ چھِ ہاونہٕ آمٕژ۔
"
8295,"تیم کٔر گٹارسٹ پال ریشل سٕتۍ ٹیم بنٲومُت یم تیمس کنٹری بلیوز کہِ روایتس منز متعارف کٔر۔

"
8296,تمہِ كٕر پننہِ پیشورانہٕ زِندگی ہنز  شروٗعات ریڈیو شو، ماڈلنگ سںتہِ  تہٕ پتہٕ گوٚو بالی ووڈَس منٛز، ییٚمہِ سۭتہِ سوٗ  1980 تہٕ 1990 کِس دٔہلِس منٛز اکھ مشہوٗر کِردار اداکار بنٛٮ۪وٚو۔
8297,سٔٔہ موٗد  6 اکتوبر 2020 ہیوُسٹنس منٛز 80 وریہہ وٲن٘سہِ منز ۔ 
8298,جھیٖل ہٮ۪کہِ 36450 لچھ کیوُبِک فٗٹ آب رٔٹِتھ ۔
8299,عالمی چیمپئن شپ چھِ 1926 پیٹھ، 1957 پتہٕ دۄیَی دۄیہ وُہرۍ منعقد کرنہٕ یِوان۔
8300,آتھوار ژیرِ  شامس  تروو وین ، ٹیکسازٗك زیادٕتر  حِصہٕ اكہِ سمندری طوفانن ژٹِتھ ۔ 
8301,پومین ویلین کوٚر تریمِس پیریڈس منٛز راتُک پنُن دویم گول 5:03، پتہٕ 16 سیکنڈن پتہٕ، جوچن ہیچن کوٚر سیبرز ۱ کِس اندر اننہٕ خٲطرٕ گول۔
8302,فلمِ ہُنٛد پریمیئر گوٚو 31 دسمبر 2021  زی5 وَس پٮ۪ٹھ۔
8303, رازدٲنہِ چھے٘ سالٹو ڈیل گوائرا شہر ۔
8304,ٹاکسیک شاک سنڈروم والٮ۪ن واریاہن لوٗکن چھ ہسپتالس منٛز روزن پٮ۪وان۔
8305,برطانیس منٛز کوٚرُکھ سیک ڈیٖن محمد بادشاہ  جارج IV تہٕ ولیم IV دۄشوٕنی خٲطرٕ بطورِ شیمپوٗ سرجن مٗقرر۔
8306,نومبر 1989 منز کوٚر ٹنڈولکرَن 16 وُہُر تہٕ 205 دۄہَن ہنٛز وانسہٕ منز کراچی منز پٲکستانس خلاف پنُن ٹیسٹ ڈیبیو۔
8307,"پیداوار کِس حصس منٛز یا دُکان کِس پُج بلاک (ماز سیکشن) نزدیک لبنہٕ یِنہٕ وٲلۍ چیز وُچھِو۔
"
8308,ڈیرونٹ واٹرن دیت پنن ناو ارلڈم آف ڈیرونٹ واٹرس ۔
8309,نیڈمکوٹا یا ٹراوانکور لٲنہٕ اوس اکھ دیوار یٗس ٹیپو سلطان سٕنٛدِس (درحقیقت) دورِ حکوٗمتَس دوران میسور پٮ۪ٹھہٕ لگاتار حملَو  نِش  بطور بچاو بناونہٕ آمٗت اوس ۔
8310,کلۍ کٔٹۍ تہٕ کُلۍ چِھ بسنت کہ دۄہ پیٹھٕ جہار شروع کران تہٕ ہولی تام پھل دیُن شروع کران۔
8311,"مغربس کُن اوس ہیٹ فیلڈ چیز، دَلدَلن ہُنٛد اکھ نشیبی علاقہٕ۔
"
8312,مےٚ چھےٚ یہ فکر ز بہٕ سمجنہٕ نہٕ امتحانہٕ خٲطرٕ دنہٕ آمت مواد۔
8313,ییلہ یہ دارنہ  چھ یوان ،امہ سۭتۍ چھےٚ جنم تہ مرنہ کہ ژٔکرِ  نشہ  مکتی میلان۔
8314,مایا چھےٚ ژلنہٕ  خٲطرٕ دوان  مگر  انسپکٹر موززس نیٔبرٕ کنہ وُچھان تہٕ چھے٘ ننسی ہندِ موتہٕ باپت تمہِ سندِ ذِمہٕ وار آسنٗك شكھ باونس پیٹھ تس مٲرِتھ ژھنان ۔
8315,"آخرکار گوٚو ترٛیٚیِم اینگلو مراٹھا جنگ (1817–1818) مراٹھا آزٲدی نقصان واتناوان۔
"
8316, حٲصِل كرن والین چُھ تمغُک نقل تہِ دِنہٕ یِوان، یُس ، اگر تِم یژھن ، کُنِہ تِہ رسمی یا ریٲستی تقریبِہ منٛز لگٲوِتھ ہیکَن ۔
8317,"جمیانگ نمگیال آو  پتہٕ علی شیر خانَنہِ دسہِ  تختَس پٮ۪ٹھ واپس بیہناونہٕ  تہٕ آس  أکِس مُسلمان شہزٲدِ سۭتہِ  خانٛدَر کرنہٕ ۔
"
8318,یہِ چھُ وۄنۍ 940 مربع کلوٗمیٹر رقبہٕ دۄن ضِلعن منڈلا تہٕ بالاگھاٹَس منز رَٹان۔
8319,بٲتھ چھ سمیر، شبیر احمد، منوج یادو تہٕ سنجے ماسومن لیٖکھمٕتۍ۔
8320,البتہٕ، سٲری چھنہٕ مفلوج یا انفیکشنٕچ بیٚیہ کانٛہہ علامت پٲدٕ کران۔
8321,کیوک چھ پرٛٮ۪تھ ؤریہ جولایس منٛز پننس سالانہٕ بازرس خٲطرٕ زاننہٕ یوان ۔
8322,امہِ  لگٲوِ أکِس سکوٗلَس بجلی فراہم کرنہٕ خٲطرٕ 200 واٹ سولر پینلہٕ تہِ۔
8323,سِکھ ییلہِ تعدادس منز کم گیہ، تِم کھتۍ روہان کُن پتھ اند کورُکھ اتہِ کِس قلعس پیٹھ  ،12 اکتوبر  1710 مغلن راہون کِس جنگس منز ہار دِتھ قبضہٕ۔
8324,ہارڈ بال سکواشن چھ بین الاقوٲمی ورژن کس حقس منٛز شمٲلی امریکاہس منٛز پنٕنۍ زیٛادٕ تر مقبولیت راورٲومٕژ۔
8325,"اَتھ علاقَس منٛز چھِ باقی گۄپھہٕ کرلا گۄپھہٕ، پاٹن بودھ گۄپھ تہٕ ناسک گۄپھہٕ ۔
"
8326,پتہٕ چھ تم کیوکس سۭتہِ آف لائن وٗچھنہٕ خٲطرٕ مواد ڈاؤن لوڈ کران ۔
8327,چاپچار کٹ آو 1973 تھس منٛز میزو لوٗکن پننہ وراثتک جشن مناونہٕ خٲطرٕ دوبارٕ متعارف تہٕ بحال کرنہٕ۔
8328,یہ آو نومبر 2015  منٛز ایکس بکس 360 تہٕ ایکس بکس ون باپت جٲری کرنہٕ۔
8329,2010 منٛز آو یہٕ بہترین یونیورسٹین ہٕنٛد طرفہٕ برازیلچ بہترین نجی یونیورسٹی نامزد کرنہٕ۔
8330,وونہ گو٘، تِم ہیکن کاربارٕچ تفتیش کٔرِتھ تہٕ اگر ضٔروٗرت آسہ تیٚلہ  نفاذٕچ کاروٲیی کٔرتھ۔
8331,اکبر ووت 9 اکتوبر 1564  دُكہٕ وارِ شُریٚن ہِنٛدِ زٮ۪نہٕ باپتھ آگرا۔
8332,یہِ اصطلاح اوس پتہٕ امریکی بدلاو ہیتھ اپناونہٕ آمت۔
8333,سکم چھ ہندوستان کین تِمن کینژن ریاستن منز اکھ ییتِہ باقٲعدٕگی سان شین پیوان چھ۔
8334,میکری گزریٛوو 2 مارچ 2019 ہس منٛز بیونس آیرسس منٛز، 88 وہر۔
8335,"1974 منٛز زِیون تمۍ اوشا کھنہ سٕنٛدِ دٔسۍ ترتیب دِنہٕ آمٕتہِ بٲتہٕ ""تیری گلیوں میں نا راکھینگے عام کے بعد"" خٲطرٕ فلم ورلڈ میگزین بہترین سِنگر اوارڈ۔
"
8336,کانہہ اكھ  ہیكہِ وٗنہِ تہِ کٗنہِ  کمپیوُٹرس پیٹھ کمانڈ لائن انٹرفیس واریاہ آسانی سان استعمال کٔرِتھ ۔
8337,فلمس منٛز چِھ گوڑنک زٕ سیزنٕک پسندیدہ خاکہٕ۔
8338,سوائن انفلوئنزا وایرس (ایس اۓویۍ) یا سوائن-اوریجن انفلوئنزا وایرس (ایس-او ایٔےویۍ) چھ وایرس کہ انفلوئنزا خاندانک کانٛہہ تہ تناؤ یس خنزیرن منٛز مقٲمی چھ۔
8339,تمام یورو مٗلکن منٛز  چھٗ پرٛٮ۪تھ سِکٗك اكھ طرف ہِوٗیہ ۔
8340,ناوَن ہنز بہتر شکل حٲصِل کرنہٕ خٲطرٕ چھِ ہتہٕ بدین ورۍ یَن ہنز آزمٲئش تہٕ غلطین ہند ہُند عکس نظرِ گژھان۔
8341,مےٚ چھ سفید چاکلیٹ پسند تکیاز یہ چھ میٲنس ٲسس منٛز گلِتھ گژھان ۔
8342,مےٚ چھ یہ بوزتھ واریاہ افسوس ز میانہ ٹیسٹک نتیجہ آو منفی۔ اتھ چھا بیٚیہ کانٛہہ وتھ؟
8343,امہِ باووٚجوٗد روٗد ہندوستان پننین ہیچھرٕ  مُخٲلِفن ختم کرنس منٛز ناکام ، ڈرا  سۭتۍ گوٚو زیننہٕ روٚس ریتہٕ کالیُک آغاز۔
8344,"برمنگھمس منٛز واقعہٕ جنوبی ایشیٲیی ثقٲفتی ویب سائٹہ دیسیبلٹز. ڈاٹ كامن وو٘ن  فلمہِ ""جوان تہٕ اسونہٕ “ تہٕ لندنس منٛز سکریننگ پتہٕ كورٗں اكھ كیوُ انڈ اے  سپانسر، ییٚمِچ  ریکارڈنگ آن لاین دٔستیاب چھے٘ ۔"
8345,تمو کوٚر 2022 تام 10 ملین کھوتہٕ زیادٕ البمز فروخت۔
8346,"2011 چہِ مردم شُمٲرِی ہِنٛدِ رِپورٹہٕ مُطٲبِق چھِ میزورمس منٛز بٗدھ متٕ  مانَن وٲلہِ  93,411 لوُکھ ۔
"
8347,یہٕ دعویٰ چُھ درست مگر گوڑنک وقتس منٛز اوس نہٕ یہٕ ماننہٕ یوان۔
8348,باقیو کوٚر محسوس ز یووی سٕنٛدس مٲلۍ سٕنٛد مرنٕچ دٔلیٖل تہٕ پتہٕ بطور بھوت أمۍ سٕنٛد ظہورٕچ دٔلیٖل چھےٚ ڈزنی ہٕنٛز دی لاین کنگ منٛز سمبا سٕنٛز دٔلیٖل ژٹان۔
8349,1898 منٛز آیہ تمام کاروٲیی ترک کرنہٕ، ییٚلہ جزیرٕ موثر طور پٲٹھۍ غأر آباد گوٚو۔
8350,"ابھیشیک امیتابھ بچن چھُ اکھ ہندوستٲنی اداکار تہٕ فلم پروڈیوسر یُس ہِنٛدی فلمَن منٛز چھُ پنِنہِ کامہِ باپت مشہور۔
"
8351,یم ستھ نفر مٔر تمن منٛز اوس نہٕ کانٛہہ تہ مشترکہٕ۔
8352,سہ آو 13 جوٗن گۄڈنکس ووٹس پٮ۪ٹھ مٗقابلہٕ نش ہٹاونہٕ۔
8353,زیادٕ تر جمہوری ملک چھ پریتھ كینژِ وہٕرِ پننِس قومی قونوُن سازیہ ہس باپت  انتخابات كرناوان ۔ 
8354,اگنی پرانن مطٲبق ہؠکو گدا وُہو مختلف طریقو سۭتۍ چلٲوتھ۔
8355,یہ گٲڑ ۍچھےٚ اکھ یونی باڈی پلیٹ فارم استٔعمال کران یتھ جی ایم لیمبڈا پلیٹ فارم ونان چھ ۔
8356,2001 ہس منٛز ٲسہ بٹلی منٛز 201 لٗکھ روزان ۔
8357,"یہٕ کمپنی ٲس جولائی 2008 منٛز بنیمٕژ، ییلہٕ ایکٹیویشن بِلیزارڈ انٹرٹینمنٹ سۭتۍ ضم گوو۔

"
8358,"لوفوٹینک اہم قصبہٕ چِھ ویسٹواگویس منٛز لیکنز تہٕ ویگنس منٛز سوولویر۔
"
8359,"وۄنٛہِ گوٚو، ویرو تہٕ جئے چھِ ٹھاکر سٕنٛدِ حركت نہٕ كرنس پیٹھ پریشان گژھان  تہٕ  گام ترٲوِتھ محادٕ  ختم کرنَس پٮ۪ٹھ غور کران۔
"
8360,تہندِس گیتن منز گوو تبدیلی تہٕ تہندِس موسیقی منز گوو آہستہ آہستہ بھڑ تہٕ تاریک۔
8361,بڑٮ۪ن ٹورنامنٹَن منٛز چھِ ہانگ کانگ سٮ۪ونز تہٕ دُبیی  سٮ۪ونز شٲمل، دۄنوٕے چھِ تِمن علاقن منٛز منعقٕد کرنہٕ یِوان یم عام طور 15-اے-سایڈ گیمہِ ہٕنٛدٮ۪ن اعلیٰ درجن سۭتِ  منسلک چھِنہٕ آسان۔
8362,کمان رَٹن وٲلِس اتھِس چھِ کمانُک اتھہٕ تہٕ امہِ چہِ نٔرِ چھِ کمانٕ نٔر وَنان۔
8363,جینسِس  چھ اکثر بہترین ویڈیو گیم کنسولو منٛز اکھ ماننہٕ یوان۔
8364,قدیم زمانہٕ پیٚٹھیہ چھِ انسانن منٛز خأرش  وٗچھنہٕ آمٕژ ۔
8365,9 مہ صدی ہٕندِس وسطس منٛز ٲسۍ پانڈیا کمباکونم (کولیڈم دریاوس پیٹھ تنجورٕ کس شمال مشرقس تام) تام برونٹھ گژھنس منٛز کامیاب گٔمٕتۍ ۔
8366,جی ڈبی جی ڈبی چھٗ اکھ کمپیوُٹر پروگرام یٗسڈاٹ ڈیب  پیکجہِ انسٹال کٔرتھ ہیکہِ ۔
8367,یہ چھ دیہٲتی ہنٛدستانٕچ اکھ تصویر تہٕ پسماندٕ لوکن متعلق اکھ دٔلیٖل، تہٕ واریاہن ہنٛدوستٲنی زنانن ہنٛز دٔلیٖل۔
8368,باقٕے مشہوٗر کھیلن منٛز چھ ایتھلیٹکس، ساکر، باسکٹ بال، والی بال تہٕ بیڈمنٹن شٲمل۔
8369,تھینالی ،یتھ منز ملیالم اداکار جیارام اوس ،،روُز بکس آفِسس پیٹھ کامِیاب ۔ 
8370,امیک ریف چھ موسیقی منٛز ساروٕے کھۄتہٕ آسٲنی سان پہچانٛنہٕ ینہٕ والؠن ریفن منٛز اکھ بنیومت۔
8371,دنیاہس منٛز چھ 138 انواع تہٕ ۱ انواع یس آزربایجانس منٛز لبنہٕ چھ یوان۔
8372,"شہرٕچ آبادی چھِ ناگالینڈ کٮ۪ن 17 نسلی گروپَن ہِنٛز بنیٚمٕژ۔
"
8373,أمۍ ٲس پنٕنۍ صنعت لگ بگ ہوٗرمٕژ تہٕ معیشت ٲس واریاہ خراب حالتس منٛز۔
8374,یِم مارنہٕ  آیہِ، تِمن منٛز اوس أمہِ سُنٛد پنُن بویہ شہرِیار ؛ أمۍ سٕنٛدۍ بابتٕھر داور تہٕ گرشاسپ، شاہ جہان سٕنٛدِس گۄڈَے مارنہٕ آمتِس بٲے شہزادٕ خُسرو سٕنٛدۍ نیٚچِو، تہٕ تٔمۍ سٕنٛدۍ پِتٕرۍ تہموٗراس تہٕ ہوشانٛگ، مرحوٗم شہزادٕ دانِیال مِرزا سٕنٛدۍ نیٚچِوۍ تہِ شٲمِل ۔
8375,ڈِكیتھلان  خطاب زیننن بنٲو   جینر اکھ امریکی ہیرو ۔
8376,امہِ برٛونٛہہ، کٔر أمہِ  آشوٗتوش گوارِیکر سٕنٛزِ ہِدایت کٲری منٛز بناونہٕ یِنہٕ وٲلِس ہِنٛدُستٲنہِ  سِلسِلہ وار ڈرٛامہ ایٚوریٚسٹس منٛز اداکٲری۔
8377,1509 منز آیِہ اَتھ سلطنتس پیٹھ کرشنا دیوا رایا سٕنز حکومت یُس تُلُوا نَراسا نایَکا سُند بیاکھ نیچو اوس ۔ 
8378,ینہٕ واجنہ صدی منٛز اوس ییتہٕ گالزن اکہ گامٕچ بنیاد تھومٕژ ۔
8379,"چیٖز لیٚکِھو زِیٛادٕ صاف پٲٹھہِ ، تہٕ تِمَن بنٲیِو تِہنٛدِ قٕسم مُطٲبِق جمٲژ ۔
"
8380,تاثراتن ہندِ كارڈ یا اكھ احاتہٕ تھوِو یٗتھ زن تہندِ مہمان تہندِس اتہِ روزنس متعلق لیكھِتھ ہیكن ۔  
8381,"موجگن اعزمی زاو 21 اگست 1985 ہرات، افغانستانَس منٛز۔
"
8382,مدراسس منٛز کٔر أمہِ  گۄڈنِچہِ اِننگہِ منٛز 166 رنہٕ تہٕ 29 رنن پیٹھ روٗد گِندان  ییٚلہِ بھارتن زیننہٕ خٲطرٕ رنہٕ بناوِ ۔
8383,بہٕ چھس ژکھِ ہوٚت تکیاز ییمِس  شخصس سۭتۍ  مےٚاشتراک کرٗن ماننہٕ یوان چھٗ  سٗہ چھٗنہٕ مےٚ سۭتۍ شراکت کران۔
8384,ڈی ایس: تیٚلہ چھنہٕ یہ پزی ثٲبت کرُن ممکن ز تمن کیازِ چھُ یور یُن۔
8385,یہ ہیٚکہ زیٛادٕ کامیاب یا دلچسپ تہ ٲستھ اگر تہۍ دۄشوے أکس مشترکہٕ مقصدس کن کٲم چھوٕ کران، یتھ کٔنۍ ز چھٹی یا مکانہٕ ہیوٚن۔
8386,تاہم ، نوین توپن ہند مقابلہٕ کرنہٕ خٲطرٕ آیہ قلعس  کٲفی تبدیلی کرنہٕ ۔
8387,عام طور پٲٹھۍ چھ روٗد سہ وٲحد اثر یس پیسیفک سمندری طوفانن ہنٛد کیلیفورنیاہس پؠٹھ آسان چھ۔
8388,اگر نہٕ كنن وول  تۄہہ تر٘اوِ ، تس ؤنو سخت پٲٹھہِ تو٘ہہِ چھِوٕ چھوٕ کٗنہِ زٕنہِ  خٔریٖدٲری کرٕنہِ یژھان۔
8389,ہندوستانُک صدر چھ مرکزی زیر انتظام علاقہٕ خٲطرٕ لیفٹیننٹ گورنر مقرر کران۔
8390,سینٹرل کوسٹ مرینرس خلاف معمولی سیمی فاینل زیننہٕ پتہٕ کوٚر کوینسلینڈن  کوالیفائی۔
8391,کانسٹینٹینس منٛز چِھ أمۍ سٕنٛد ناوٕچ اکھ مسجد بطور قومی مزار بناونہٕ آمٕژ ۔
8392,نوشتہ چِھ جینا ولابھا سٕنٛد طرفہٕ تربھووناتیلاکا بسادی کہ تعمیرک تہِ ذکِر کران۔
8393,"گلی ڈنٛڈا یا کرا بلا چھ اکھ کھیل یس اکھ لۄکٕٹ لوٗر (گلی) تہٕ اکھ بٔڑ لوٗر (ڈنٛڈا) یتھ کٔنۍ زن کرکٹ استعمال کٔرتھ گنٛدنہٕ چھ یوان، ییٚمہ سۭتۍ بالہ بدلہٕ گلی آسہ۔
"
8394,پارٹی پٮ۪ٹھ اوس ای ٹی اے یس سۭتۍ قریبی تعلقات آسنک شک۔
8395,"ییٚلہِ کارٕوبار بڑیو، تِمو تروو یہِ خیال۔
"
8396,مےٚ چھنہٕ بیہانٕے ز تم چھ اسہ نش یتھین پرٛانین POS سسٹم ہیتھ کٲم کرنک توقع کران۔
8397,آئی پی كامس  چھِ موبائل کمیونیکیشن کس شعبس منٛز 200 کھۄتہٕ زیادٕ پیٹنٹ كٗمبہٕ   ۔
8398,یہ مجسمہٕ چھ نیہ دلہ، ہندوستانس منٛز میڈم تساڈس میوزیمس منٛز تھاونہٕ آمُت۔
8399,"کتھکلی منٛز چھِ سَتن سِگھار كین قٕسمن ہٗند استمال كرنہٕ یوان ،  یہٗند ناو  پچھا (سبز)، پازھوپوُ (پۄختہٕ)، کاٹھی، کری، تھاڈی، مِنٗکوُ تہٕ ٹیٚپوُ چھٗ ۔
ٖ "
8400,گرِ بناونہٕ آمٕتۍ تحفہٕ چھِ اکثر قۭمتی آسان تِکیازِ  تِمن منٛز چُھ ذٲتی اثر آسان یُس نہٕ  بٔڑِس پیمانس پیٚٹھ بناونہٕ آمتین تحفن منٛز آسان چھٗ ۔
8401,تقسیم پتہٕ کوٚر رفیعین ہندوستان سیہ منز روزنُک فیصلہٕ تہٕ پنُن باقی عیال سوُزُن جہازس کیتھ بمبیی ۔
8402,2011  تام چھِ صرف ژور ایس ایم آٮٔی یٕچ ملکیت وٲلۍ ٹریکَن منٛز زٕ نیسکار تٲریٖخ آسان۔
8403, بوُندی چُھ ہِنٛدُستانکہِ  شُمٲل مَغرِبی رِیاسَت راجِستھان کہِ علاقہٕ  ہَدوتی ہٗند  اَکھ شَہَر تہٕ  راجپوتانَہ ایجنسی چہِ بروُنہمہِ شٲہی رِیاستٕچہِ رازدٲنہِ ۔
8404,ڈی آر اے ایم چھٗ لچھِ بدیو لۄكٹِیو  کیپسیٹرو سٕتہِ بنٲوِتھ آسان ۔ 
8405,مختلف خدمات فراہم كرن وٲلۍ ہیكن بہٕ یك وقت خدمات فراہم كرِتھ ۔ 
8406,"عجٲیب  گرٕکس أنٛدرمس حصس تہ آیہ مرمت کرنہٕ تہٕ آو زیادٕ نٔوس طرزس بناونہٕ۔
"
8407,ماہرین چِھ صورت حال سمبھالان تہٕ ہندوستٲنہِ  تہٕ بنگلہ دیشی حکومتن درمیان چھِ تدورٗک کین معاملن پیٹھ کتھ باتھ چلان ۔
8408,منی پورٕچ خصوصیت ہیكو دویو مختلف جگرافِیٲیی خطو سٕتۍ ہٲوِتھ : اكھ، ناہموار بیرونی پہاڈن ہٗند حِصہٕ  تہٕ تنگ گھاٹی، تہٕ اندرونی سوتٗر ہموار خطہٕ ، یتھ منز تمام قسمن ہنزٕ زمینی شکلہ شٲمِل چھےٚ ۔ 
8409,رنجیت سنگھ سٕنٛدِ مرنہٕ پتہٕ تھٲوو أمۍ سٕنٛدیٚو سِکھ نیچویٚو تہٕ باقیَو پرٛیتھ ؤرۍیِہ رنگ تہٕ شاندار جشنَو سۭتۍ ہولی گنٛدٕنۍ جٲری ۔
8410,یہ پروگرام چھ پنٛنہ تعلیمی موادٕ تہٕ پاپ میوزک اپیل خٲطرٕ زانٛنہٕ یوان۔
8411,سڑکہ پیٹھ آسن معموُل تہٕ چالن باپت ریمپ تہٕ ریل ۔
8412,سیمیرون دٔریاو سیمیرون دٔریاو چھ آرکنساسٗک اکھ دٔریاو ۔
8413,تِم آیہ ڈھیرس  أنٛدِ پٔکہِ جنگلن منٛز اجتمٲیی  قبرن  منٛز دفن کرنہٕ ۔
8414,تٔمۍ کوٚر عجیب آواز حٲصل کرنہٕ خٲطرٕ بانسری تہٕ ٹرومبونس سۭتۍ گٹارک استعمال۔
8415,1970 چہِ دہائی ہندِس شُروعتس تام، اوس برِٹون ووڈس نظام چلان ۔
8416,عام طور چھِ ملٹی بوٹ مقابلَن ہُند انعقاد واریاہ راؤنڈَن منز یِوان کرنہٕ، یَتھ منز پرٛیتھ راؤنٛڈَس منز ساروِی کھۄتہٕ تیٖز ناوٕ چھِ بیٛکہِ راؤنڈٕ باپتھ کوالیفائی گژھَان۔
8417,قومی کھیلَن ہُند دۄہ چھُ قطرَس منٛز  قومی چھُٹی، یُس پریتھ ؤرۍ  یہ فروری ریتہ چہ د وٚیم بۄموارِ دۄہ مناونہٕ چھُ یِوان۔ امیُک بُنیٲدی مقصد چھُ اتہ چہ آبٲدی منٛز صحت مند طرزِ زندگی  فروغ دیُن۔
8418,والٹر ایل ووگٹلنن بنوو ساروٕے کھۄتہٕ گوڈٕ 1970 چہ دہایہ منٛز جدید پیلیولیتھک غذا مقبول۔
8419,2009 پیٹھہٕ مکمل بین الاقوٲمی، گارسیاہن چھ ہونڈوراس باپتھ 30 کھوتہٕ زیادٕ کیپ حٲصل کرمژٕ۔
8420,اگر کانٛہہ اَہَم خرٲبی گژھہِ، تیٚلہِ ہٮ۪کہِ تباہ شُدٕ كھلییہ  پروگرام شُدٕ سیل ختٕم گژھنہٕ کہِ ذٔریعہٕ پانیہ پان  تباہ کٔرِتھ ، یَتھ اپوپٹوسس ونان چھِ۔
8421,سر بند  تہٕ بِجلی گھر  چھِ مٗكمل كرنہٕ آمٕتہِ ، مگر ذخیرٕ چھٗ  آر اینڈ آرس پٮ۪ٹھ غور کٔرِتھ چھُ ہائی کورٹ، جبل پور کِس حُکمَس تحت ای ایل 260 میٹر تام محدوٗد كرنہٕ آمٗت ۔ 
8422,مالوا ہَس منٛز کوٚر كینژو٘  لوُکو تٔمہِ  سٕنٛدِس  اقتدار سنبھالنَس پٮ۪ٹھ اعتِراض، مگر مراٹھا فوجِچہِ  ہولکر جمٲژ كو٘ر تمہِ سٗند طرف ۔ 
8423,اسکیمک فالج چھِ  دٮ۪ماغس خوٗنٕچ فراہمی منٛز رُکاوٹ پٲدٕ گژھنہٕ سۭتہِ گژھان، ییٚلہِ زَن ہیمریجِك فالج خونٕچ نالہٕ پھٹنہٕ سۭتہِ یا اکہِ  موموُلٗك رگن ہُنٛدِ ڈھانچہٕ نھٕ آسنہٕ  كِنہِ  گژھان چھٗ ۔ 
8424,یہ ایکٹ آو 2 اپریل 1970  نافذ کرنہٕ، یتھ منٛز خودمختار ریاستس منٛز ہندوستٲنۍ آیینٕکہ شیٚیمہ شیٚڈیول مطٲبق 37 رکنی قانون ساز چھ۔
8425,کاسٹرون کاسٹرون چھ گیرز محکمک اکھ کمیون ۔
8426, آلس چھٗ اكِس طرفس اکھ ٹچ پیڈ تہِ ۔
8427,"ایلن اوس  لاس ویگاس، نِیواڈا تہٕ لاس اینجلس، کیلیفورنیاہس منٛز روزان ۔
"
8428,کوچس اوس نہٕ مانان  زِ چارواین تہٕ انسانن ہنزٕ تپہ دِق بیمارِ آسہِ ہِشیہ ، ییٚمہِ سۭتہِ لاگدار دۄدھ بطور لاگہِ ہٗند ذریعہ پرزناونس منز دیری گیہِ ۔
8429,دَلایی لاماہن ہنٛد فہرست: یِہ چُھ تِبَت کین دلایی لاماہن ہُنٛد فہرست۔
8430,جارج ٹاؤنس منٛز چھ اہم جشن پرشاد نگر کس مندرس منٛز مناونہٕ یوان۔
8431,"یِتھے پٲٹھۍ چھُ بالی تہٕ ڈنڈوبھیَس درمیان ڈوانڈوویڈڈا، یُس ٲبی مٲشہِ ہٕنٛز شکلہِ منٛز اکھ راکشس چھُ، چھُ 45 ہن دۄہَن تام جٲری روزان۔
"
8432,"سۄ ٲس راویرینوہس منٛز أکس فلورنٹاین مٲلس تہٕ امریکی ماجہٕ ذامٕژ۔
"
8433,تٔمہِ  دِتہِ ہیچھرٕ  طٲلب علمن باپت  گیت تہِ ترتیب۔
8434,"چندی گڑھ حکوٗمتَن چھِ 31  ہن كٗلین ہٕنز بطورِوراشتی کُلہِ شناخت کٔرمٕژ۔
"
8435,سہ آو اصلی بیجنگ خٲطرٕ منتخب کرنہٕ، مگر ٹیم کس أکس سٲتھی ممبرس پیٹھ ہملہٕ کرنس پؠٹھ آو سہ ٹیم منزٕ کڑنہٕ۔
8436,تمۍ وو٘ن ، گوڈنِیوٗك بین مٗلكی  “لچِت دِوس “ یی نوِ دِلہِ منز مناونہٕ تہٕ تمہِ پتہٕ مرحلہٕ وار پٲٹھۍ حیدراباد ، بنگلور تہٕ كولكتا ہِوین رِیاستی دارٗلخلافن منز ۔
8437,29 اگست 2019 گو سہ 2019-20 سیزن باپتھ بیلجِین کلب اٮ۪س وی زلٹ ویرگم۔r۔
8438,تٔمۍ دِژ کمار سٕنٛز گھریلو پروڈکشن چلتی کا نام گاڑی (1958) باپتھ تہ موسیقی ترتیب۔
8439,شِوس وقف کرنہٕ آمٕتہِ ، آیہِ تِم مشرقی چالوُکِیاہن ہِنٛدِس دورِ حکومتس یا وِشنوُ کُنڈِین ہِنٛدِس دورِ حُکوٗمتس منٛز کھننہٕ۔
8440,"اَمہِ پتہٕ یِنہٕ والٮ۪ن ؤرِیَن منٛز آو نہٕ شہرُک ژھوٚٹھ ٹھیک پٲٹھہِ  اورٕ یور كرنہٕ ۔
"
8441,نقد رقم ادا کرنہ خٲطر تیار خریدارَن ہند مطلب چھُ ڈیلرشپ باپت خریداری ہٕندِس عملَس منٛز کم پیچیدگیہٕ۔
8442,پوٹلیچ چھ پیسفک نارتھ ویسٹ کین  مقٲمی امریکیین ہٗند اكھ  جشن ۔
8443,فلمِ ہٕنٛز موسیٖقی چھِ پراگ چھابرا ہَن بنٲومٕژ، ییٚلہِ زَن کلام منوج یادیوَن تہٕ شیلی لیٚکھہِ ۔
8444,شمٲلۍ انگامی II حلقس منٛز گوٚو نہٕ طے شدٕ انتخاب تکیاز صرف موجودٕ ایم ایل اے نیفیو ریو آو نامزد کرنہٕ تہٕ امہ وجہ سۭتۍ آو سہ بلا مقابلہ منتخب قرار دنہٕ۔
8445,تِم مَہ ہیکَن ببہِ ہُند کانہہ حِصہٕ یا یہِ سٲرٕی ہٹٲوِتھ۔
8446,یمن شیٚو  فردو  منٛز أس اکھ حاملہ، أکس اوس لیوکیمیا، أکس اوس ہڈکنز لیمفوما تہٕ دۄن ہندِ اوس گۄڈٕ صحت مند آسنٗك پتاہ ۔
8447,سطحٗك پیٹھِم حصہٕ چھٗ زیلس  ژكِس تلہٕ  کنہِ موہو ۔
8448,راکپورٹ چھ امریکی ریاست ٹیکساسک اکھ شہر۔
8449,کیرولن کوٛر پانژ ؤری وٲنسہِ منز گیوُن شروع، زیادٕ تر گرٕ پننہٕ بینیہِ سۭتۍ۔
8450,مےٚ چھےٚ ییٚمہ ؤرۍیہ أکس بٔڑس ٹیکس ریفنٛڈس متعلق اکھ شیٚچھ بوٗزتھ واریاہ خوشی۔ (بہٕ)
8451,بنگالہِ  چھِ دۄدٕ کیٚو چیٖزو سۭتہِ مخصوٗص مِٹھایہِ بناوان ، یتھ منٛز رشوگٗلا، چوم چوم، کالوجم تہٕ مختلف قسمٕکہِ سوندیش شٲمل چھِ ۔
8452,اصل معیارچہِ كمانہِ  باپت  استعمال گژھن واجینہِ  لکٕر چھِ عموُمن  برازیلٕچ  پرنامبوٗکو لکٕر  آسان ۔
8453,1527 ہَس منٛز کوٚر سوہٗنگ مٗنٛگن ترٛیِم گوہین، بورپاٹروگوہین شٲمِل۔
8454,سہ اوس 2010-2011 منز افریقی یونینک صدر تہ۔
8455,سُہ زاو ساوتھ پٕرتھ ، ویسٹٕرن  آسٹریلیاہس منٛز۔
8456,بیلے کمپنی ہندِس  فنی ہدایتكارس تہِ ہیکو بیلے ماسٹر  ونِتھ ۔
8457,نوکیا این 90 تَس چِھ پانژ خصوُصیات  ای میل، فوٹو، کیمرا تہٕ واریاہ کینٛہہ۔
8458,بلڈ پریشر 140/90 اٮ۪م اٮ۪م اٮ۪چ جی کھۄتہٕ کم تھاونٗك  چھٗ تجویز کرنہٕ یوان۔
8459, 1994  منز گو سہُ رِچارڈ ہیڈلی سُند توت تام سارِوے زیادٕ ٹیسٹ  وِكیٹ نِنُك رِكارڈ پھُٹرٲوِتھ سُبكدوش ۔
8460,"اکہٕ لٹہٕ بطور  جدید ظٲہر کرِتھ ،  وُچھ یہِ وارِیاہو٘ تمہِ دورٕ نِشہِ الگ ، رد عمل وول ، یا صرف ناقص  مزٕ وول مگر یہٕ گو فوری طور  مقبوُل ثٲبت ۔
"
8461,لورِ تیار کرنہٕ تہٕ تِمَن سۭتۍ گنٛدنٕکۍ چھِ کینٛہہ اصول۔
8462,سُہ اوس مڈنائٹ ایکسپریس ٹیمُک حصہٕ آسنہٕ خٲطرٕ مشہوٗر ۔
8463,"رومیو تہٕ جولیٹس ""تمام محبت چٮ۪ن دٔلیٖلن ہنٛز موج"" قرار دوان اوس بھنسالی اتھ سۭتۍ اکھ الگ دٔلیٖل بناوٕنۍ یژھان، یۄس نہٕ ونیک تام سینمٲیی موافقتن منٛز دریافت کرنہٕ آمٕژ ٲس۔"
8464,گیم میکر چھ لکن کمپیوٹر پروگرامنگ زبان زانٛنہٕ ورٲیہ کمپیوٹر گیم بناونک اجازت دوان ۔
8465,راجستھان چھ پننین قومی پارکن تہٕ جنگلی جانورن ہندیو پناہ گاہو باپت تہ مشہور۔
8466,تٔمۍ کوٚر پنٛنس مقٲمی کلب یو ایس وی زیڈرہاوس کس نوجوان ٹیمن منٛز فٹ بال گنٛدن شروٗع۔
8467,تمن سۭتۍ آسہٕ سوسین بی انتھونی تہٕ الزبتھ کیڈی سٹینٹن ہِشہِ زنانہٕ شٲمِل۔
8468,"ہیلے گُزریو 51 وُہُر لاس الامیٹوس، کیلیفورنیاہَس منٛز دِل چہِ بٮ۪مارِ سۭتہِ ۔
"
8469,"لفظ سٹروک اوس 1599 کس ابتدایی حصس منز  ایپوپلیکٹک دورک مترادف پٲٹھۍ استعمال کرنہٕ آمت، تہٕ یہٕ چُھ یونٲنی اصطلاحک قریبی لفظی ترجمہٕ۔
"
8470,"اوڈیپس کمپلیکس چھ تمہ وقتہٕ آسان ییٚلہ اکھ لڑکہٕ پنٛنس مٲلس سۭتۍ حسد چھ کران۔
"
8471,کینٛہہ ڈریسڈن ٲسہِ ہموار ، یمہِ سۭتہِ خریدار  ہیکان تِم سکریپ بُکَن منٛز جمع کٔرِتھ  ہیکان  ٲسہِ ۔
8472,تٔمۍ کٔر 2011 پؠٹھٕ 2015 ہس تام بٔرموڈا قومی فٹ بال ٹیم خٲطرٕ دہن میچن منٛز شرکت۔
8473,ریاستس  چھُ اکھ فٹ بال ٹیم تہِ یٗس  سنتوش ٹرافی منٛز حصہٕ  چھُ نوان۔
8474,"آندرے بیٹیلی سندِ  مٗطٲبق چھے٘  یہِ ریوایت  سمأجی وابستگی تازٕ  کرنُک اکھ ذریعہٕ۔
"
8475,یہِ ژینیو٘ زِ پتاہ كرن وول پین ہیكہِ اصل نوٹس پیٹھ چھو٘ت رنگہٕ نِشانہٕ تر٘ٲوِتھ یٗس دوہس كھندس منز موكلہِ ۔
8476,امیُک ناو آو مشہوُر امریکی سیاستدان ہنری کلے سندِس  اعزازس منٛز تھونہٕ  ۔
8477,كرن وول پۭزٲرِ چھُ  سنسکرتس منٛز موضوں آیات پران ۔ 
8478,نیجیسانجی چِھ آیی فون ایکس باپتھ اکھ آن لاین جاپٲنۍ ویڈیو شییرنٛگ سوشل نیٹ ورکنٛگ سٔروس۔
8479,اگرتو٘ہہِ کٔرِتھ ہیٚکو ، سٹورس أنٛد اندِ موثر وتِہ ہٗنٛد منصوُبہٕ بناونٕچ کوُشش كریو ۔
8480,"1995 پٮ۪ٹھٕ گٔیہ پرٛاگس منٛز بٔڑس مٮ۪قدارس منٛز تھزٕ عمارتہٕ بناونہ شروٗع۔
"
8481," 24 فروری 2023ہس منز 
 كھسہِ 861 اتھ پیٹھ ۔"
8482,اہم مراٹھا کمانڈر ہمبی راو موہِتے آو مارنہٕ  تہٕ فوجی ہیتِن مراٹھا لشکر منزِ ژلٕنہِ ۔ 
8483,ہرمیٹسزم چھ اسراری فلسفہٕ، مطالعہ تہٕ عمل۔
8484,اکہ لٹہ ییٚلہ کٲن٘سہِ نفرس لاگ ترِ ، انتظام چھٗ علامتی آسان ؛ وایرسس خلاف چھٗنہٕ کانٛہہ خاص طریقہٕ پٗر اشر ۔ 
8485,قومی شماریٲتی دفتر (این ایس او) کس سروییس پیٹھ مبنی اکہ رپورٹہٕ سۭتۍ چھ یہ پے لگان ز اتر پردیشک شرح خواندگی چھُ 73% یُس زن قومی اوسط 77.7% کھۄتہٕ کم چھُ۔
8486,"ٲخٕرکار چھ اکھ زینن وول آسان یس باوقار یوٗ ای ایف اے ٹرافی نوان چھ۔
"
8487,ریکٹ ڈیزائنَن ہنٛدۍ چھِ واریاہ قٕسم حالانکِہ قانوٗن چھِ ریکٹٕک سائز تہٕ شکل محدود کران۔
8488,جوہانسن گزریو ۵ مئی ۲٠۲۱ ہس منٛز ، ۸۶ وہر وٲنٛسہ منٛز ۔
8489,امہ پتہٕ چھ ساختس پیٮ۪ٹھ موجود سلیا کھین ٲسَس کن منتقل کران۔
8490, ہندوستان کِس جنوٗب مشرقس منٛز بحر ہندس منٛز واقع اکِس  جریٖرس سری لنکاہس منٛز اوٚن دۄن دۄہن ہٕنٛدِ شدید روٗدن واریاہ سٔہلاب۔
8491,مدرسس منٛز پرتھ کوٚر رحمانن سکول پیٹھ مغربی کلاسیکی موسیقی منٛز ڈپلوما حٲصل۔
8492,1945 منز آیہ زٕ مقٲمی سی ایس یو گروپ قٲیم کرنہٕ ۔
8493,سُہ چھُ از تہِ ہندوستٲنۍ سنیما ہٕک تاریخٕک ساروِی کھوتہٕ مشہوٗر ڈاکو زندٕ کرنہٕ خٲطرٕ یاد یِوان کرنہٕ۔
8494,ہارمون چھ زنانن خٲطرٕ حٲملہ بنن تہٕ بچہٕ پٲدٕ کرن تہ ممکن بناوان۔
8495,واریاہ زبانہٕ چھ گوٹو سٹیٹمنٹٕچ حمایت کران ، تہٕ واریاہ چھنہٕ کران ۔
8496,مغربی، جنوٗبی تہٕ شمال مشرقی صوبن ہٕنٛدۍ کٮ۪نٛہہ حصہٕ چھِ سارِوٕیہ  کھۄتہٕ زیٛادٕ متاثر گژھن والٮ۪ن علاقن منٛز شٲمل۔
8497,أتھہِ دوران،چھُ  سرکردٕ امریکی سائنسدانن ہٗنٛد بیاکھ اکھ گروٗپ  عالمی گرمی  سمندری طوفان ہندِس شدتس منٛز حالیہ اضافس سۭتہِ جوڈان ۔ 
8498,سِپٹل فیلڈز چھ لندن بارو ٹاور ہیملیٹسس منٛز اکھ علاقہٕ۔
8499,اتھ مقابلس منٛز چھ أمۍ شٮ۪ن مقابلن منٛز شےٚ گول کٔرمٕتۍ۔
8500,شیاما سنگیت چھ بھکتی بٲتن ہنٛز اکھ صنف، یِم ہیندِ  دیوی کٲلی ہنٛدِ تعریف  کران چھِ ؛ کیرتن چھِ بھگوان کرشنس وقف عقیدتی  بٲتہٕ جماتھ ۔ 
8501,بحال  کرنٕچہِ کوُششہِ منٛزچھے٘ علاقس منٛز بییہِ پسہِ وسِتھ ینٗك وارِیاہ خطرٕ آنہٕ سببہٕ رُکاوٹ آمٕژ ۔
8502,"سٹینوُڈ چھ یونایٹڈ سٹیٹسس منٛز آیواہک اکھ شہر۔
"
8503,شٗمالس منٛز چھ ریاستی سحدس پیٹھ  ہمالیا، مگر ریاست کس بیشتر حصس پٮ۪ٹھ پھہلِتھ  مٲدٲنی علاقہٕ چھ یمو تھدٮ۪و پہاڑو نِش خاص پٲٹھہِ مٗختلِف ۔
8504,سمأجی مٗشکلات چِھ نوجوان زنانن خأطرٕ اکھ کمزوُری ہُنٛد شعبہٕ نظرِ گژھان۔
8505,یہِ چھُ شیرووڈ بیپٹِسٹ چرچ کہِ پادٕرِ ایلیٚکٕس کینڈرِک سںدِ دٕسہِ چلاونہٕ یوان ۔ 
8506,کینسر چھ واریاہ ساس ؤریو  پیٹھٕ موجود ۔
8507,دوٚیمہِ دۄہ چھِ شُرِ لٔکرِ ہٕنٛدین دانٛدن مۄکھٕتہٕ تہٕ  پوشو سۭتہِ سجاوان ۔
8508,صفحہٕ چھ وارٕ ؤچھنہٕ یوان یہ وٕچھنہٕ خٲطرٕ ز کانٛہہ تبدیلی چھا اصٕل یا خراب۔
8509,سُہٕ گٲی لاس اینجلسس منز بڑٕ تہٕ لی سٹراسبرگ تھیٹر انسٹی ٹیوٹس منز گٲی۔
8510,تٔمۍ زیوٗن 100 میٹر تہٕ 200 میٹرن منٛز گولڈ میڈل۔
8511,یہ مندر چھ دیوی درگایہ خٲطرٕ وقف تہٕ ماننہٕ چھ یوان ز یہ چھ کم از کم 200 ؤری پرون۔
8512,بہٕ چھس پرٛتھ لٹہ مایوس محسوس کران ییٚلہ تِہ بہٕ کینٛہہ حٲصل کرنہٕ خٲطرٕ سخٕت محنت كرٕ، تہٕ تِہ چھنہٕ سپدان۔
8513,شیینہٕ منٛزُک  آکسیجن چھُ جھیٖل کِس آبس سٕتہِ  رلان۔
8514,اَمہِ پتہٕ آیہِ یہِ واریٛاہَن کامیاب فلِمَن منٛز ؤچھنہٕ، یِمن  منٛز باغبان، دھوُم، گرم مسالہ، کیوں کہ ، پھر ہیرا پھیری تہٕ گول مال: فن انلیمیٹڈ شٲمِل چھے٘ ۔
8515, شہر چُھ سۄ جاے یتین واریا لوکھ چھ اکھ اکس سۭتۍ بسان چھِ۔
8516,تٔمہ ووٚن یہ تہ ز ابھشک تہٕ أمۍ سٕنٛز موج جیا بھادورییہ ٲس سکرپٹ پسند کٔرمٕژ ییٚلہ سہ ابھشکس کردار پیش کرنہٕ آمت اوس۔
8517,1707 ہس منٛز اورنٛگ زیب سٕنٛدِ مرنہٕ پتہٕ مُغل سلطنتس منٛز سِیٲسی غٲر استحقام  کِنہِ  کوٚر مُرشِد قُلی خانن بنٛگال چہِ آزٲدی ہُنٛد اعلان تہٕ تھووُن پانس  بنٛگالُک نَواب ناو  ۔
8518,سۄ بس یوان وٕچھتھ آو مے٘ دِل مایوُسی سٕتہِ بھرنہٕ ۔ مےٚ چھنہٕ پتاہ  بہٕ کر یِمہٕ واپس۔ 
8519,اکھ مٗہِم چھِ یۄسہٕ امپیکٹ نٲوِ  پرٛٮ۪تھ ؤریہ سپدان  چھے٘ ۔
8520,تٔمہِ  گیوٗند کاؤنٹی چیمپین شپس منٛز مِڈل سیکس تہٕ سسیکس خٲطرٕ تہِ ۔
8521,اہم دیوتا چُھ رامیشور لِنگا، مگر پتھ کالِہ اُوس أمِس سداشیوا یوان وننہٕ ۔ 
8522,سفید شرابٕچ کینٛہہ مثالہٕ چھ چارڈونے تہٕ سوویگنان بلانک ۔
8523,حالانٛکہِ گانٛدھی  اوس نہٕ کانٛہہ سرکٲرِ  مقام  ،  حُکوٗمتس پٮ۪ٹھ اوس تٔمہِ سُنٛد سٮ۪ٹھا اشر۔
8524,أمۍ سنٛد ذٲتی بہترین تھرٛو اوس 83.30 میٹر، یس جون 1988 تس منٛز جیناہس منٛز حٲصل کرنہٕ آو۔
8525,ہوائی اڈہٕ چُھ جزیرس پیٹھ عام شہری تہٕ فوج دۄشوٕنی ہنٛز خَدمت کران۔
8526,جے پور، جودھ پور تہٕ کالبیلیا کس کالبیلیا قبیلک گھومر نژنن چھ بین الاقوٲمی شناخت حٲصل کٔرمٕژ۔
8527,ساروٕے کھوتہٕ نیبرِم میمبرین، ڈِیورا میمبرین، چُھ اکھ موٹ تہٕ پاییدار میمبرین یُس اریکنُیڑ میمبرینس تہٕ کلہٕ کھاپرِ دوشؤنی سۭتۍ جُورتھ چُھ ۔ 
8528,"ییٚلہ برطانوی فوج بٔڑس ٹینٛکس کن پکان اوس، یہِ آو وٕچھنہٕ ز نواب سٕنٛد فوجک کھوور دستہٕ اوس باقین پتھٕے روٗدمت۔
"
8529,کون٘زٗمس چھِ بوسنیائی کمپنی ویلپروہس سۭتہِ  تعلقات ۔
8530,تو٘ہہِ ہیكِو وۄنہِ   ویٹ لِسٹَس منٛز تھاونہٕ یِتھ اگر تو٘ہہِ پرارُن یژھان چِھو تہٕ وٕچِھو ام  باقیہ  خریدار چھا تِم گھنٛٹہٕ یَلہٕ ترٛاوان۔
8531,"تربیتس منٛز چھ جسمٲنی مشقہٕ ، نظریہٕ، مظٲہرٕکہِ سبق تہٕ واریاہ مشق شٲمل ۔
"
8532,"ہسہِ پولو، ہسٮ۪ن ہٕنٛز دور، تہٕ ہسٮ۪ن تہٕ 19 ہن مردن تہٕ زنانَن درمِیان رَزِ لمنُك کھیل چھِ تہوارٕکہِ  خاص تقریب ۔
"
8533,سِٹی ویسٹ مِنسٹر دِ سِٹی ویسٹ مِنسٹر چھٗ اكھ  شہر تہٕ لندن قصبہٕ  ۔
8534,2006 منٛز چلوو بوشن 35 ہو ریسو منٛزٕ 34ہن ، برسٹلس منٛز زیوٗنن، تہٕ پوینٹن منٛز سٔتۍمس مقامس پیٹھ۔
8535,جیسوال چھ اتھ فِلمِہ سۭتۍ ہدایت کٲری منٛز شروٗعات کران۔
8536,تُہُنٛد سامان ہیٚکہِ سرمایہِ کٲری منٛز واریہ ہُرٮ۪ر کٔرِتھ تہٕ رینٹر سُنٛد انشورنس حٲصِل کرنہٕ سۭتہِ میلہِ تۄہہِ ژوُرِ ، نار، سٔہلاب یا باقٕے آفاتن ہندِس   صوُرتس منٛز حِفاظتی مدتھ  ۔
8537,فلمہ ہٗنٛد پریمیر كو٘ر  سلمان خانن ، 31 اکتوبر دوہ ریلیز گژھنہٕ برٛونٛہہ 31 جٗلایی 2014  مٗمبیی  منٛز أکس تقریبہ دوران ۔
8538,پوکی چُھ اکھ مفت ڈیجیٹل ڈسٹری بیوشن پلیٹ فارم تہٕ وِنڈوز شیل ایکسٹینشن۔
8539,"ایس پی ایچ ای چھ ریوولوشن سٹوڈیوز تہٕ دی کراٹیریان کلیکشن پٮ۪ٹھ مصنوعات تہ جٲری تہٕ تقسیم کران۔
"
8540,"ایش لینڈ، مسیسیپی ایش لینڈ چُھ امریکی ریاست مسیسیپی یس منٛز اکھ قصبہٕ۔

"
8541,مسلم لیٗگَن دِتہِ  پرٛٮ۪تھ ہیندِ  تہٕ سِکھ سٕنٛدِ قتلہٕ خٲطرٕ قٲتلَن پوٚنٛسہٕ۔
8542,تِمو کٔرویلہا گواہس منٛز اکھ مُستقِل بستی قٲیم۔
8543,"یہٕ چُھ ونان زِ تھرمل توازن منٛز چُھ متعدد باڈیزن ہنٛد درجہ حرارتس درمیان اکھ ٹرانزیٹو تعلق۔
"
8544,"ییٚتہِ چُھ بنیٲدی پیشہٕ تجارت تہٕ کارٕبار۔
"
8545,تمن چھ کم ملٲزم تہٕ چِھنہٕ زیٛادٕ چیز کٕنان۔
8546,شُمال وسطی اینڈرسن کاؤنٹیَ  منٛز بو٘ڈ نار ظٲہِر گژھنہٕ پتہٕ  تقریباً دۄیہِ گٲنٛٹہِ آیہِ واریاہ رِہٲیشہِ  نار ژھیوراونہٕ والٮ۪و اہلکارو دٕسہِ خٲلی کٔرنہٕ ۔ 
8547,دشونی  شدید تہٕ دایمی پھیپھرن خٲطرٕ یلاجٗك طریقہٕ چھِ تعلیم، محرکاتن  تہٕ اینٹی ہسٹاماین استعمال كرنہٕ نِشہِ پرحیز۔
8548,"ملائیشیاہکۍ ؤزیٖرِ اعظمَن کوٚر واضح زِ یوگا چھُ بطور ورزش جٲیز، مگر مذہبی منترَن ہُنٛد پرُن چُھنہٕ کینٛہہ۔
"
8549,"کولوس: کولوس چھ سویڈش ایکسٹریم میٹل بینڈ میشوگاہک سٔتم سٹوڈیو البم۔
"
8550,"یہ آسہ ساروٕے کھۄتہٕ عام سوال کس جوابس منٛز: ""کیٛاہ بہٕ ہیکا تۄہہ کیٚنٛہہ ژھانٛڑنس منٛز مدتھ  کٔرتھ؟"""
8551,"ہِمالیٲیی علاقَن منٛز چھِ ہندوستانَس منٛز ونٛدٕ کھیلہٕ عام۔
"
8552,کیلیفورنیاہس منٛز چھ اتھ پیٹھ پابندی، مگر دویمن ریاستن منٛز ہیٚکہ یہ بطور دٔویمہ لٲنہ ہنٛد یلاج  استعمال کرنہٕ یِتھ ۔
8553,اَیان چُھ برھم دَتَس ایف آٮٔی آر درج کرنُک تہٕ مَرَن واجِنین  کورِیٚن ہُنٛد پوسٹ مارٹم رپورٹ حٲصل کرنُک حکم دِوان۔
8554,ڈیزائننگ ووُمین ڈیزائننگ ووُمین اوس اکھ امریکی ٹیلی ویژن سِٹ کام ۔
8555,"ژےٚ یُس تکلیف تُلن پیووُے 
 تمہ خٲطرٕ چُھس بہٕ واقعی معذرت خواہ تِکیازِ اَسِہ دِیُت نہٕ چٲنس اکاونٹس درپیش حفٲظتی مسلن کُن توجہ ۔ بہٕ یژھہٕ مسلہٕ حل کرنس منٛز ژےٚ مدد کرُن ۔ (بینک کلرک)"
8556,امِچ اوسط بلندی چھِ 207 میٹر۔
8557,آیزن ہاور سنز بیٛاکھ تشویش ٲس سوویت یونینس سۭتۍ وسیع تر جنگک امکان ییلہ تٔمۍ مصرٕ طرفہٕ مداخلتچ دمکی دژ۔
8558,پنٛنس أکس شوٚوس دوران کوٚر تٔمۍ کیوبیک حکوٗمتس پؠٹھ اکھ ٹھٹھٕ۔
8559,ہنڈِنگ ہنڈِنگ چھٗ  باویریا ، جرمنی کس ڈیگنڈورف ضلعس منٛز اکھ بلدیٲتی علاقہٕ  ۔
8560,"2010 چہ یونایٹڈ سٹیٹس چہ مردم شُمٲری مطٲبق ٲسۍ اتہ 245 نفر۔
"
8561,أمۍ کٔر ہندوستانٕچ زراعت بہتر بناونہٕ تہٕ مقٲمی کلٮ۪ن کٹٮ۪ن ہٕنٛد تحفظس پؠٹھ کٲم۔
8562,ایڈورڈن کٔرۍ 2007 تام عیسٲئی تعریفی شو سونگس آف پریزٕچ قسط پیش۔
8563,کولم شہر، پراوُر سرُک شامُک نظارٕ۔
8564,عیالس سٕتہِ  چکرس نہ گَژھنہٕ  بجایہِ، مِشالے ، گَھرس نزدیٖکٕھٕیہ  گٔژِھو کُن روزنہِ یا مٗفٗت روزن جایہ خٲطرٕ کٔرِو پنُن گَھرٕ ادلہ بَدل۔
8565,"ہۄنرمند کھلٲڑِ كرن اکھ شاٹ رِٹرن، تہٕ پتہٕ گژھن بیٛاکھ شاٹ گِنٛدنہٕ برٛونٛہہ  ""ٹی"" یَس کُن واپس۔
"
8566,"ییٚلہ سون ہمسایہ گریلوچیزن  
 ہُند دٗکان کاربار نہ آسنہٕ کنہ بنٛد گوٚو مےٚ پھٗٹ دل ۔"
8567,سیوا سمیتی سوسایٹی کوٚر آزادانہٕ طور  تحقیق تہٕ دِژٕکھ 379 فوت تہٕ 192 شدید زخمی گژھنٕچ خَبر۔
8568,تٔمۍ کوٚر اکہ وز 100000نفرن تبلیغ ۔
8569,یمن وایرسن ہنٛد فائیلوجنیٹک تجزیہٕ سۭتہِ سارس کورونا وائرس كہِ  راتہٕ كرٕ٘لن  منٛز پٲدٕ گژھنہٕ  تہٕ براہِ راست یا چینی بازرن  منٛز تھوِمتین  جانورن ہنٛد ذریعہٕ انسانن منٛز پھہلنٕچ سیٹھاہ امكٲنِیت ہٲومٕژ ۔ 
8570,"نزدیٖکی پُرکٔشِش مقامن مَنٛز چھِ کڈا پنچال کدٕل تہٕ اریپارہ آبشار شٲمِل۔
"
8571,سُہ اوس محفوظ شہرن پیٹھ اقوام متحدہ کہ گلوبل نیٹ ورکٗک صدر۔
8572,ریٹینل، (یتھ ریٹینالڈیہائیڈ تہِ ونان چھِ) ہیكہِ  ریٹینل ڈی ہائیڈروجنیس  عملہٕ ذریعہٕ ناقابل واپسی پٲٹھہِ  آل ٹرانس ریٹینوِک ایسڈس منٛز تبدیل  کرنہٕ یِتھ ۔
8573,خاصكرِتھ  چِھ بال بیرنگ تہٕ پولی یوریتھین ہگر بالترتیب رفتار تہٕ كھكھٕرِ  خٲطرٕ استعمال  کرنہٕ یوان تہٕ چِھ تمن آلن یا گاڑین سۭتہِ لگاونہٕ یوان  یمن پیٹھ رولر پنٗن وزن وزن تر٘اوان چھٗ ۔ 
8574,ایگزیکٹو شاخ چھِ حکومتُک سُہ حِصہٕ یُس قونوٗن نٲفذ کران چھُ۔
8575,"ٲخری لٹہٕ، کوٚر تیم کورا پاکھی منٛز اکھ متوازی مرکزی کردار ادا۔

"
8576,"ڈروسس مُود اچانک  ژوداہ 
 وُہُر   23 ستمبر فطری وجہ کِنۍ ۔"
8577,یو پی ایف سی چھ ٹھوس ٹریک ریکارڈ واجنٮ۪ن  اکاین تہٕ سنگل ونڈو سکیمہ تحت نوٮ۪ن اکاین ورکنگ کیپٹل تہ فراہم کران۔
8578,اے کنگ چھ نوکماہن ہنٛز نگرٲنی منٛز کٲم کران، یس شاید گاروسن سیٲسی ادارس منٛز وٲحد سیٲسی تہٕ انتظٲمی اختیار چھ۔
8579,یہِ زیادٕ تر كیمیٲیی رِساو چھٗ   زرعی كیمہِ مارنہٕ كین دواہن  تہٕ کھادَن پٮ۪ٹھ مٗشتمل ۔
8580,اگر تہنٛدِس اندر اژنَس پیٹھ مٲلِک دستِیاب آسِنہٕ تہٕ ملازِمَس پرژھو زِ کیا تۄہہ نِش ہیکیا مٲلِک سُنٛد ناو تہٕ رٲبطٕچ جانٛکٲری أسِتھ۔
8581,تُلسی ہٕنٛز لاش دۄدرییہِ  بنییہ گندکی دریاو، ییٚلہ زن تمہِ  سُنٛد مس مُقدس تُلسی کُلس منٛز تبدیل گوٚو۔
8582,تمۍ کوٚر قوالی تہٕ خیال ہِش موسیقی ہنٛز ترکیبٕچ نیہِ شکلہٕ برونٛہہ اننہ خٲطرٕ ہندو تہٕ مسلم نظریاتن ہندِس مِلوَنَس بڑاؤ دِنَس منز مدد۔
8583,1995 منٛز کوٚر انٹرنیشنل اولمپک کمیٹی ، انٹرنیشنل فیڈریشن آف نیٹ بال ایسوسیشنس تسلیم۔
8584,کینٛہہ روایتی دیوتا (لائس) یمن میتی پوزا چھ کران تم چھ اتیا سدابا، پکھنگبا، سناماہی، لیمارین، اوکنریل، تھانگرل، پنگنبا، تھانجنگ، مارجنگ، وانگبرن تہٕ کوبرو۔
8585,"فلم ریلیز گژھنہٕ پتہٕ دژ ہیرانی تہٕ جوشی دۄشوٕنی دلیل ز دتس چھ نہٕ فلمہ منٛز ""وایٹ واش"" کوٚرمت یتھ کٔنۍ ز واریاہو نقادو چھ ننہ وانہٕ دعوا کوٚرمت۔"
8586,"عوٲمی کھیل آیہِ مُنعقد کرنہٕ، یِتھ کٔنۍ زَن تِم از تہِ چھِ، ماپن کانگجی بنٛگ (لفظی طور ""آوٹر پولو گراؤنڈ"") منٛز، یُس کانگلاہَس نٮ۪برٕ کنہِ اکھ پولو گراؤنڈ چھُ۔"
8587,بنن واجِنین ماہرینین باپت چھٗ غیر مٗتوقع طور کھاندر رد گژھٗن سیٹھاہ عذاب۔
8588,بینٹلے ، اِلنوائےبینٹلے چُھاِلنوائے ، امریکہ ہٗک اکھ شہر۔
8589,نیوولی-نیوولی چھ بھارتی ریاست تامل ناڈو کس کدالور ضلعس منٛز اکھ قصبہٕ۔
8590,تم چھ ونان ز ییلہٕ حکومت پونسہٕ وۄٚزُم چھ نوان تہٕ یہٕ چھ کاربارن نش پونسہٕ چھینان ۔
8591,"پیکیج کہِ وجہ سۭتۍ اوسُکھ ژۄن سامانَن ہُنٛد دعوا تہٕ یونائیٹڈ ایئر لائنزَن ہٕنٛز اکھ ٹکٹ کاؤنٹر عارضی پٲٹھۍ خٲلی کورمت۔
"
8592, بہ گوس حیران زِییٚلہ مےٚ روم سروس خٲطرٕ فون كور تہٕ تمو ووٚن ز یہ واتہِ  5 منٹن منٛز۔ یہ چھ أکہ بٔڈِ ہوٹل کہ وُژھُک قابل توجہ پزر۔
8593,یم ہیکن جمع تہ ٲستھ یتھ کٔنۍ زِ ژونٹۍ  ڈبہٕ ۔
8594,ویسٹرک وارٹیئر: ویسٹرک وارٹیئر چِھ نیدرلینڈز کہ صوبہٕ گروننگنُك  اکھ بلدِیٲتی علاقہٕ ۔۔
8595,ڈی پِنٹی ڈی پِنٹی  چھٗ بیلجیٲیی   صوبہٕ مشرقی فلینڈرسس منٛز اکھ بلدِیات  ۔
8596,وجےراگھوگڑھ چھٗ اكھ قصبہ، تحصیل صدر مقام ، تہٕ  اكھ  نگر پنچایت یو٘سہٕ  بھارتی ریاست مدھیہ پردیش کِس  کٹنی ضلعس منز  واقع چھے٘ ۔
8597,خوفناک صنفٕکہِ عنصر چھِ بائبلٕک متننن منٛز تہِ لبنہٕ یِوان، خاصكرِتھ بٗك آف رویلشنس منز ۔
8598,2006 ہس منٛزگو اکِس  گول ہوٲئی جہازس أکِس ذٲتی جٹس سۭتہِ ٹكر ۔
8599,باسان چھ زِ یہٕ عمل چھٗ فرانسس منٛز 20 ہِمہ صدی ہندِس ابتداہس منٛز شروع گومٗت  ۔
8600,"ناگاولی چھُ اکھ بین ریاستی دٔریاو ییٚمیُک رۄقبہٕ اوڈیشہ تہٕ آندھرا پردیشَس منٛز بِلترتیب 4,462 مربع کلومیٹر یا 1,723 مربع میل تہٕ 5,048 مربع کلومیٹر یا 1,949 مربع میل چھُ۔"
8601,اتھ  چھ اکھ قۄدرتی گاسہٕ مٲدان یٗس  ڈیسو ہن مصنوُعی گاسہٕ  ریشٕہ سٕتہِ مضبوُت  بنوومٗت چھٗ ۔
8602,امہِ دۄہ چھِ والدین  پنٛنیٚن کورٮ۪ن مو٘درِ ضِیافتہٕ سوزان ۔
8603,1519 ہس منٛز گٔیہ میری ولیم کیری یس سۭتۍ خانٛدر کرنہٕ خٲطرٕ واپس انگلینڈ۔
8604,"یہِ چھُ خاص پٲٹھہِ شُمٲلی ہندوستان کٮ۪ن شہری علاقن  تہٕ شمال مغربی ہندوستانٕس منٛز پوٚز تہٕ امِچ  تشریح چھِ مستقبلَس منٛز أکِس محبت کرن وٲلِس خانٛدار سٕنٛدِ خٲطرٕ بطور دعا  کرنہٕ یِوان۔
"
8605,سہ گزریو جنوری 2020 ہس منٛز میونکس منٛز 94 وہر۔
8606,گرس منٛز اَکہ ڈکیتی چُھس بہٕ پورٕ پٲٹھۍ ہلوومت، لہذا لگاو بہ  أکس دۄہس اندر اندر سی سی ٹی وی کیمرا۔ (شہری)
8607,"ٹیکیکسکویک چِھ میکسیکو کِس ریاست میکسیکوہس منز اکھ بلدِیٲتی علاقہٕ  ۔
"
8608,یتَھے کٔنۍ چُھ جٔنوٗب مشرِقی ایشیاہس منٛز کیٚنٹونٛگن کھۄکُھر ڈول امی مقصدٕ  اِستعمال کرنہٕ یِوان۔ 
8609,ڈیلرس نِش گژھنہٕ برون٘ہہ ، كریو٘ اندِ ہٕكہِ فون زِ اتھ برابر كارٕ كٲتِس رقمس چھے٘ یوان ۔ 
8610,اوشیما ہس اوس 1960 پٮ۪ٹھٕ 2013 تام  پنٛنس مرنس تام اکیکو کویاما ہس سٕتۍ خانٛدر کٔرتھ۔
8611, تصریف چھُ لسانیاتس منٛز کُنہ لفظک بدلاو۔
8612,"سوٗ روُد  یِمن اوحدن پیٹھ 2011ہَس منٛز لیبیا چہِ  خانہ جنگی دوران ۔
"
8613,سائنس دان، بشمول فنلے تہٕ ریڈ گیہ  کم نامور سائنسدانن ہِنٛز کامہِ ہنٛدِس بُنیادَس پٮ۪ٹھ کامیاب، تِمَن ہمیشہِ سُہ سہرا دِنہٕ ورٲے یُس وٲجب اوس۔
8614,"ایٚپوسٹل لوقا اوس یونٲنی تہٕ ایٚپوسٹل پال سُند دوست۔
"
8615,"یہِ اوس سویڈش جونیئر نیشنل ٹیم تہٕ سویڈش کلب ٹیم بروبرگ آئی ایفَس درمیان دوستانہٕ کھیل۔
"
8616,کیٚروٹیٚنوایڈ رنٛگَن ہیکن کلوروفلن ہٕنٛد ذٔریعہٕ گاڑٕ سبٕز پتہٕ دار سبزی، یتھ کٔنۍ زن پالکہِ منٛز کھٹِتھ روزِتھ۔
8617,تٔمہِ  سنٛدِ سایٹ پلانن تٗل قۄدرٔتی زمینی خصوصیاتن ہٗند فٲیدٕ ؛ زٔمینہِ ہندِ  نرم درجن  دیٗت مٗنٲصِب گند نالین مدتھ ۔ 
8618,دۄشوٕے ژوُر چھِ گبر سٕنٛد طرفہٕ گٲمی ین كھوژنٲوِتھ مال  نِنہِ سوزنہٕ آمتیو٘ ڈاكوُہن   ناکام كران۔
8619,"رِیٲستی نیشنل گارڈ چُھ سامان بٲگراونس منٛز مدتہٕ خٲطرٕ تعیِنات کرنہٕ آمُت۔
"
8620,"2012 منز اوس ریاستس منز رکارڈ کرنہٕ آمت گنین جنحگلن ہند علاقہٕ 61,939 کلومیٹر (23,915 مربع میل) یس ریاست کہِ جغرافیٲیی علاقُک تقریبا 20.13 فیصد اوس۔"
8621,یہ بوزن چھ پریشان کن ز کینٛہہ ناقد چھ ثبوت وچھنہٕ ورٲے تامل ناڈوٗ کین آثار قٔدیمن حقارت کران۔
8622,کانگریسن منوو  1930 تہٕ 1946 ہَس درمیان 26 جنوری بطور یوم آزادی ۔۔
8623,میکسیکوہس منٛز سکریٹری آف اینیمل ہیلتھس سۭتۍ معاہدس تحت ویکسینٕچ توثیق چھِ وٗنکینس مٗکمل گژھنہٕ کِس عملس منٛز۔
8624,اورنگ زیبن ٲس ؤنۍ تمام امیدٕ ترٛٲومژ تہ اوسن برہان پوٗر واپس گژھنک منصوبہٕ بنوومت۔
8625,انٹامین انٹامین ورلڈ وائیڈ چھ وولراؤ ، سوئٹزرلینڈس منٛز اکھ ڈیزائننگ تہٕ مینوفیکچرنگ کمپنی ۔
8626,لیگ گیہ بوموار دۄہ ژورو گیمو سۭتۍ شروٗع، تہٕ باقٕی ژور آیہِ  دو٘یمہِ دۄہ گِندنہٕ ، یتھ منٛز سپینک موُجوُدٕ چیمپین ایف سی بارسیلونا تہ شٲمل اوس ۔
8627,لال پشپٕنہِ  یا بیمار باسنٗک مطلب ہیٚکہ اکھ مختٔلف بیمارِ ٲسِتھ ۔
8628,  فرٛانٛچایزیو کٔر 200 کھلٲڑۍ حٲصل کرنہٕ خٲطرٕ 50 ہو کرورو کھۄتہٕ زیٛادٕ رقم خرٕچ۔
8629,GNU Mach چھ وونکیٚنس ہرڈس منٛز استعمال گژھن وول مائیکرو کرنل ۔
8630,ہندوستانس منٛز چھ دنیاہٕکۍ شیٚیم ساروی کھوتہٕ زیادٕ مقام موجود۔
8631,تٔمۍ کوٚر سیلٹک فراسٹس منٛز پننس پورٕ کیٚریَرَس دوران سٹیج ناو مارٹن ایرک عینُک استعمال۔
8632,ایممابوڈا آی ایس: ایممابوڈا آی ایس چھ ایممابوڈا سویڈنس منٛز اکھ سپورٹس کلب۔
8633,ہینڈرکن تھٲوۍ تم زمینہٕ یم أمس کرایہ دوان ٲسۍ۔
8634,ڈیل چھ اویراچٹس کین دۄن گرن منٛز ساروٕے کھۄتہٕ زیٛادٕ طاقتور۔
8635,یہِ غلطی ٲس تحقیقی کوڈ پھٗٹراون والین  خٲطرٕ واریاہ مٗفید ۔
8636,ڈونالڈ ٹر٘مپ چھٗ اكِس  مشہوُر جدید مکان مالکہٕ سٕنٛز اكھ  مِثال ۔
8637,پوپن کوٚر فٲصلہٕ ز تہنٛد خانٛدر چھ جٲیؔز تہٕ کٔرٕنۍ بشپ پنٕنۍ ایکس کومیونِکیشن واپس ننہٕ خٲطرٕ مجبوٗر۔
8638,"ننین  أچھن خٲطرٕ، چُھ اتھ نرم، سفید  ژامنہِ ہِش بناوٹ آسان تہٕ اتھ چھِ کیسیس نیٚکروسِس اسطلاح دِنہٕ  یوان۔
"
8639, بٹر کیک چھ اکھ کیک یتھ منٛز تھٔنۍ اہم جُز چھ آسان ۔
8640,تمہِ سٗنٛد مانُن اوس زِ بُنیادی تہٕ بھارٕ صنعتن ہٗند قیام اوس ہندوستٲنہِ  معیشت چہِ ترقی تہٕ جدید کٲری خٲطرٕ بُنیٲدِی طور اہم ۔
8641,بالاجیسٲس 1997 پیٹھہٕ 2006ہس تام وائٹ لیف پروڈکشنس سۭتہِ  شراکت ۔
8642,درحقیقت، دفتر یا اپارٹمینٹٕچ کمی ہٗند مطلب چھٗ تٗہندِس خرچس منز كمی تہٕ كم فیس ۔
8643,دوٚیمہِ بوئر جنگس منز کوٚر دۄشوٕے فریقَو سکاؤٹنگ باپت سائیکلَن ہُند استعمال۔
8644,جون 2019ہس  منٛز،كو٘ر  سنٹینڈر ریوہن  پنٗن ناو سنٹینڈرس منٛز تبدیل۔
8645,تِم ہیکوکھ  نہ صرف مغربی مٗلکن منٛز بلکہ جاپانس منٛز تہِ لبِتھ ۔
8646,اگر تۄہہ رعایت ژھانٛڑٕنہِ چھے٘ تیلہِ چھٗ تٗہٗدِ چٗكاو مٗكاو ژھانڈنٗك زیادٕ امكان ۔ 
8647,سادٕ  سود وٲلین كھاتن مقابلہٕ   چھِ سوُدِ مُرکب  سوُد والین كھاتن منز  تُہنزِ  کمایہ  ہنٛز صلاحیت تیز کران۔
8648,"مندر چُھ تعمیراتی لحاظٕ سۭتۍ واریاہ زبر پٲٹھۍ بناونہٕ آمُت تہٕ اتھ چُھ اکھ متاثر کن گرَت۔
"
8649,"پرٲنِس انگریزی یس  منٛز، اوس اتھ دۄہس  ""لانگ فرائیڈے"" وننہٕ یوان، تہٕ امہ اصطلاحٕکہِ  مساوی چھِ وٗنہِ تہ سکینڈینیویٲیی   تہٕ فینیشس زبانن منٛز استعمال سپدان۔"
8650,اکہ لٹہ ییٚلہ تُہۍ بٔڑس پیمانس پیٚٹھ پونٛسہٕ زینن شروع چِھو کران، تۄہہ چُھو ٹیکسن متعلق سوچٕن، اوٕ کِنۍ تھوو پرٛیتھ کانہہ چیز زیٛادٕ کھۄتہٕ زیٛادٕ منظم۔
8651,پاسارینہوہن کوٚر پنٛنہ سیٲسی پیشورانہٕ زندگی ہنٛد آغاز ییٚلہ سوٗ پیرا ہٗک گورنر مٗقرر كرنہٕ آو ۔
8652,عام گھریلو چیز یِم لوک عام طور جل جل  اِستمال  کران چِھ ، چھڮِ اکثر  تِم چیز یمن پیٹھ کوسٹکو  زیادٕ رعایت دِوان چھٗ ۔
8653,پَراگس نزدیٖک وِیٚسٹیٚکَس منٛز گٔیہِ زٕ نوجوان مرد ہلاک ییٚلِہ تہنٛزِ کارِ پیٹھ اکھ کُل پیٚوو۔
8654,"اکہِ لٹہِ ییٚلہِ تُہۍ بجٹ بنٲوِو، تِمَن شعبن ہٕنٛز نشاندہی کرٕنۍ چھِ سہل یتین تُہۍ خرچہٕ کم کٔرِتھ ہیکِو۔
"
8655,اکہ کامیاب پیشورانہٕ زندگی پتہٕ مُوٗد رِیٖوز 16 جون دۄہ 1959 ٹھس منٛز۔
8656,ہندوستان کٮ۪ن باقٕے حصن ہٕنٛدِ پأٹھۍ چھے٘ شٔہری علاقن منٛز  انگریزی تہٕ ہِندی بطور اضٲفی زبانہٕ  ہیتھ  کثیر لِسٲنِیٲتی  سطح وٗچھنہٕ یوان۔
8657,پنںنس کالج کیریئرس دوران کر سٹوورن 88 تن منٛز 64 فیلڈ گولن ہنٛز کوششہ۔
8658,امریٖکہ ہس منز وۄباہن كڈِ ،  خوٗن منتقٕل کرنہٕ  ، اعضا ٹرانسپلانٛٹ كرنہٕ ، بچہ دٲنہِ ہندِ خطرٕ تہٕ ببہِ  دۄد دِنہٕ ذٔریعہٕ مٗنتقلی ہندِ  اضٲفی طریقہٕ بدِ ۔ 
8659,تھیلیسیمیاہن ہٕنٛز درجہ بٔنٛدی چھےٚ امہ حسابہٕ کرنہٕ یوان ز ہیموگلوبن مالیکیولٕچ كو٘سہٕ چین چِھ مٗتٲصِر ۔ 
8660,زیادٕ تر ملکن منٛز چھ تتھۍ قونون یم بعض منشیات آسن یا استعمال کرن چھ غٲر قونونی بناوان۔
8661,وینگرَن کٕر  نہٕ فتح پتہٕ مورینہو ہَس سۭتہِ دس بوُسہِ تہِ ۔ 
8662,ییٚلہ زَن آسٹریلیاہن جان فارور٘ڈ موُو  کٔرِ، برٛازیلن کوٚر تتھ  جایہ حملہٕ یُس تمو پتھ کُن تروومُت اوس۔
8663,بییہِ ہیكہِ اکھ پرو ٹوُر ٹیم براعظمی زیچھہِ  دورِ   منٛز مقابلہٕ کرنٖک فٲصلہٕ تہِ نِتھ ۔
8664,تم چھ بنیٲدی مینڈارن ، انگریزی ، ہوکین تہٕ کینٹونیز بولان ۔
8665,"اَمہِ پتہٕ آو یہِ ظٲہِر کرنہٕ زِ ٹوپالوفَن ٲس پننہِ شُروٗعٲتی تیٲری دوران بلغاریہ کِس محکمہٕ دِفاع کہِ طرفہٕ أمِس دِنہٕ آمٕتہِ طاقتور سپر کمپیوٹر کہِ مدتہٕ سۭتۍ لٲن لبمٕژ۔
"
8666,پرتھوی راج وجا چھٖٗ ونان زِ أمِس ٲس  6 زبانن پیٹھ مَہارت ؛ پرتھوی راج راسو چھٗ دعوا كران زِ تمہِ ہیچھہِ  14 زبانہٕ  یہِ زن تھیكٗن باسان چھٗ ۔ 
8667,کھیل گنٛدنہٕ برٛونٛہہ گژھ اکھ دٗنیاہ بناونہٕ یٗن ۔
8668,یہ چھ لوٗکن نیٔبرٕ کنہ ژھوٹھ تراونہٕ نش رکاونہٕ خٲطرٕ۔
8669,8 اگست 1942 كِہ  كٗل ہِند  کانگریس کمیٹی ہندِس  ہندوستان چھوڑو قرردادٕ پتہٕ آیہِ سركردٕ كانگریس رہنٗما گِرفتار كرنہٕ  تہٕ اتھ مٗدتس منز آو تنظیمس كر٘پٗس كرنہٕ ۔ 
8670,یہِ چھُ آرکیالوجیکل سروے آف انڈیاہُک اکھ محفوظ یادگار۔
8671,یہِ چُھ دریاو کُڈوتھوراے (مادھاورائی پورم کِس شہرٕ پیٹھٕ 30 کِلومیٖٹر (19 میٖل) مغرِبس منٛز) پیٹھٕ شہر کِس سَرحَدس پیٹھ اَکدَم تلاوس تام پٔھہلِتھ ۔
8672,آلودگی ذریعہ سر كِہِ  آب كِس   معیارس منٛز بتدریج کٔمی ہنٛدِس نٔتیٖجس منٛز چھٗ گاڑن ہنٛدس ذخیرٕ کمی  تہٕ گاڑن ہٕنٛدِ  مقٲمی قسم نابوُد گٲمٕتہِ ۔
8673,یہ چھٗ واریاہہِ  لٹہِ امریکاہس منٛز ساروٕیہ  کھۄتہٕ زیٛادٕ تجویز کرنہٕ ینہٕ وول دواہ روُدمٗت ۔
8674,حکومتی اہلکار چِھ قانون بناونٕکۍ ذمہٕ دار ۔
8675, تۄہہ چھا خبر ز فونس پیٹھ انٹرنیٹ بینکنگ ہیٚکہ کنٗہ ساتہٕ یو پی آٮٔی کھۄتہٕ تیز ٲستھ؟
8676,تمۍ سنٛد دورِ حکوٗمت گوٚو 540 منٛز شروع تہٕ گوٚو 571منٛز ختم
8677,اعصاب ایجنٹ چھ تم زہر یم مرکزی اعصابی نظامس نقصان دتھ چھ ماران۔
8678,انسانن منٛز، چُھ ٲچھن منٛز میلانن بننس  منٛز اضافہٕ ایرس ٹشوک ہائپرپلسیا ہنٛز نشاندہی کران، ییلہٕ زَن میلانن کم سپدُن ہائپوپلاسیاچ نشاندہی چُھ کران۔
8679,یتھے کٔنۍ چھ آندھرا پردیش تہٕ کرناٹک ریاستن منز لبنہٕ ینہٕ وٲلۍ نوِشتہ سنسکرت تہٕ پراکرتس منز۔ 
8680,سہ گوٚو 16 وہر وٲنسہ منز لندن ۔
8681,"گیمبون زاو 19 اکتوبر 1940 دوٚیمس جنٛگہ عظیمس دوران ڈبلنس منٛز۔
"
8682,ورلڈ کمیوُنِٹی گر٘ڈ چھٗ اکھ حِساب تھونٗك  پروجیکٹ یٗس مٗمکنہٕ دواہٗك یلاج تلاش ژھاران چھٗ ۔
8683,"مگر یو٘دوے  توہہ ؤریَس 7,200 امریکی ڈالر خرچ کٔرِیو،   تُہنٛز بچت چھِ 144 امریکی ڈالر۔"
8684,جدید ترقیاتی حیاتیات چھ سیلچ نشوونما ، تفریق تہٕ مورفوجینیسیس کس جینیٲتی کنٹرولک مطالعہ کران ۔
8685,بیری تہٕ پال ایلیٹن ، یم دی چکل برادرز چھ ، کٔر امہ سیریزٕچ میزبٲنی ۔
8686,1704 منز کوٚر بادشاہ چیریرونگباہن ویشنو مت قبول تہٕ بدلووُن پنن ناو پتمبر سنگھ۔
8687,سرد تصویرس سٕتہِ بیاكھ وابسطہٕ ، نوُنہٕ كٕنہِ ہٗند تہِ چھُ  کم فراہمی ہٗند خطرٕ ۔ ۔
8688,تو٘ہہ چھےٚ گۄڈٕ مےٚ سۭتۍ کتھ کرنۍ۔
8689,"2011 ہَس مَنٛز آو  سیپک تکرا ہُک فلیگ شپ ٹورنامنٹ، آیۍ ایس ٹی اے ایف ورلڈ کپُک ابتِدٲیی ایڈیشن ملیشیا  کِس کولا لمپورس مَنٛز منعقد كرنہٕ ۔
"
8690,سہ اوس لا پلاٹس منٛز  بیونس آئرس صوبس منٛز  زامٗت 
8691,کرشنا نٹم چھ ہیٚنٛد دیوتا کرشنا سٕنٛز زندگی تہٕ سرگرمین متعلق اکھ رقص-ڈراما فنک طریقہٕ، یس کالی کٹ کس حکمران سری ماناوڈن راجہ سٕنٛز سرپرستی منٛز تیار گوٚو۔
8692,"فِلِم چھےٚ آدِتیہ سٕنٛدِ رِیاہس یہِ وننہٕ سۭتۍ بنٛد گَژھان زِ سُہ چُھ ایٚنیستھیسِیا چہِ آگٲہی کِنہِ حٔقیٖقت زانان تہٕ سۄ چھےٚ پُلیٖسس حَوالہٕ کران۔
"
8693,اتھ چِھ نیوُل ڈھال یَتھ  سونُک ت٘ریشُول۔
8694,ہاور ملا محمد آو أکس ٹیم سٲتھی سٕنٛد خوبصورت بالہٕ سۭتہِ  گنٛدنہٕ، ییٚمہِ آسٹریلیٲیی سینٹرل ڈیفنسس جایہِ نیبر كشِش كٕر ۔ 
8695,اَتہِ چھےٚ اکثریَتی مُسلمان آبٲدی تہٕ یِہنٛدیٚن ہیٚنٛدِ ہمساین درمِیان فِرقہٕ وارانہٕ  تضادٗمن ہِنٛز اَکھ توٲریٖخ۔
8696,مانٛنہٕ چھ یِوان زِ ییلِہ کالراتری  گنگا دریاوس منٛز سرٚان کوٚر، تٔمِس گوو پِروٚن رنگ حٲصل۔
8697,"اَمہِ پتہٕ کوٚر دیوی بےٚ زُو بَچس پنٛنیٚو اَتھو  دُعاے خٲر، تہٕ   سُہ گوٚو زِنٛدٕ ۔۔
"
8698,انڈیمان تہٕ نِکوبار جزیرن منٛز چھ لگ بگ 50 ہن  قٕسمن ہندِ  جنگلی ببہٕ والہِ جانور لبنہٕ یوان۔
8699,"میمی آئزن ہاور ٲس 1953 پیٹھہٕ 1961 تام ٲٹھن ورین فسٹ لیڈی۔
"
8700,سہ چھ کمپٔنی ہٕنٛدٮ۪ن تم کمپیوٹرن ہٕنٛز دیکھ بال کران یم خراب چھ۔
8701,پنُن ناو، فون نمبر، ای میل ایڈریس، تہٕ ویب سائٹ شٲمل كرٕنہِ بنٲوِیو٘ یقینی تاکہ باقٕی ہیکن تۄہہ آسانی سان تلاش کٔرتھ۔
8702,بہٕ چھس گوٚڈنكہِ  لٹہ خریدٲری کرن والین خٲطرٕ رعایت وٗچھتھ خٗشی سۭتہِ  حٲرتن ۔
8703,1860 پٮ۪ٹھٕ لگ بگ 1910 تامُک دور بنیوو یورپی گان٘ٹہٕ بیارین  ہُنٛد سۄنہرِ دور۔
8704,"کابینی ڈیمُک زیچھر چھُ 2,284 فٹ (696 میٹر) ییٚمیُک مجموعی ذخیرٕ 19.52 ٹی ایم سی فٹ چھُ۔"
8705,پٗلکیشن II سُنٛد ایہولے نوشتہٕ، یُس أمہِ سٕنٛدِ دربٲرِ شٲیر روی کیرتی ین سنسکرت زبانہِ تہٕ کننڑ 	رَسمُ الخَطس منٛز لیوٗکھمُت اوس، چھُ کلاسیکی  شٲیری ہُنٛد اکھ  حصہٕ ماننہٕ یِوان۔
8706,"یہ سورے گوٚو 21 ہن ؤرین منٛز تہٕ جلدی گوٚو دوٚیم عٲلمی جنٛگ شروٗع۔
"
8707,مٹھایہ چھ ہندو کھینس منٛز اکھ اہم مقام تھوان تہٕ چھ سمٲجی تقریبن پیٹھ کھینہٕ یوان۔
8708,تمام ناو آسہٕ 2019 تام کیٹاماران، ییٚلہ مونوہلن آو دوبارٕ اجازت دنہٕ۔
8709,رفتارچ حدود، نشان، تہٕ باقٕے چھ یمن ہنٛد اظہار کرنہٕ خاطرٕ عدم مساوات استعمال کران۔
8710,اَکھ حٲدثہٕ چُھ تمِس یِہ یقین دِوان زِ أمۍ سٕنٛز رٔنۍ چھےٚ مُمژ۔
8711,اتھ مرحلس منٛز چُھ ژاسہِ ہندِس پیروکسمس منٛز کمی یوان، حالانٛکہِ پرٹوسس  شروع گژھنہٕ پتہٕ واریاہن ریتن تام ہیکہِ پیروکسمس شاہ کہِ انفیکشن سٕتۍ گژھِتھ۔
8712,"2017 کِس آغازس منٛز کٔرۍ تمہ کراس روڈ سائن، یۄس اکھ انتھولوجی فِلم چھِ یَتھ منز سۄ اکھ کٹر مسلمان سُند کِردار ادا کران چھِ۔
"
8713,1990 کہ دہلہ پیٹھہٕ گو ڈی آٮٔی ڈی عدالتن منٛز زیادٕ عام۔
8714,"اریانٹو تہٕ پلیسلس اوس تمن درمیان 8,000 گٲنٛٹن ہنٛد تجربہٕ۔"
8715,بُلاک کرُن، ٹیکلنگ تہٕ رٹنُک چھُنہٕ اجازت، تہٕ نہ چھُ بالہِ کھونت کڈنُک اجازت۔
8716,پٗرکھی، یۄسہٕ  کُنہِ ساتہٕ بلتی ہچہِ اکھ بوُلہِ مانٛنہٕ چھےٚ یِوان، چھےٚ کرگِل ضِلعٕچ اہم مادری زبان۔
8717,"أنٛدِ پٔکہِ  شَہر چھِ موہالی، نیو چندی گڑھ، پٹیالہ، زیرک پور تہٕ پنٛجابَس منٛز روُپ نگر تہٕ ہریاناہَس منٛز پنچکولہ تہٕ امبالا۔
"
8718,ماركیٹ كیپ چھٖ  اكشر اكِس وقتس دوران كمپنی ہنز وٗصعت وٗچھنہٕ باپت استعمال سپدان تہٕ مٲلی پیشورو دٕسۍ  استعمال كرنہٕ ییِنہٕ وول  كمپنی ہٗند باڈو وٗچھنٗك عام اِشارٕہ ۔
8719,کینٛہہ تجربہٕ کار فنکار ہیکَن راگم تھانم پلاوی کِس منٛز گیوَن محفلہِ سۭتۍ مرکزی حصہٕچ پیروی کٔرتھ، اگر نہٕ تِم یہِ مرکزی چیزٕک پٲٹھۍ استعمال کرن۔
8720,مے ڈِزیز: مے ڈِزیز چھ جاپانس منٛز اکھ عام قٕسمُک معمولی ڈِپریشن۔
8721,پاسٹورن کٔر 45 گول تہٕ کٔرٕن 56 اسسٹ فراہم۔
8722,یہ موسیقی آیہ 18 جون 2014 ریلیز کرنہٕ۔
8723,یہٕ پھیلیو پیسفکس تہٕ امریکہ ہس تام تہٕ۔
8724,ایکٹن دِتہِ  گورنر جنرلس تہٕ ایوانس  قانوُن سٲزی ہنٛدِ یختیارات ۔
8725,ڈایسٹریومرزن ہکن واریاہ مختلف خصوصیات ٲستھ حالانکہ تم چھ ہوی باسان۔
8726,تالہِ وول سٲتھی چھ عام طور اکھ مر٘دنگم واین وول  آسان (یٗس دویمہِ طرفہٕ  وایلن توازس  برون٘ٹھہٕ كٕنہِ بیہان چھٗ )۔
8727,تٔمۍ ووٚن ٹیم کیٚن ڈاکٹرن ز أمس چھ گردنہِ سخ دگ  ، تہٕ آو کارٹس گاڈِ پیٹھ مٲدانہٕ نیبر ننہٕ تہٕ نزدیکی ہسپتال واتناونہٕ۔
8728,ڈونگارا چھٗ انوویٹیو کمپیوُٹِنگ لیبارٹری ہٗند  بٲنی ڈائریکٹر ۔
8729,أتھۍ دوران چھٗ وکرم جیتَ  سِرٕپٲٹھہِ  رمنس اغوا كران  تہٕ تمو ژورو كیبو٘ منز اكِس منز تس ژوُرِ تھوان یِم اونی ضبط كرِمٕژٕ آسٕہ۔ 
8730,ییٚلہِ دادو پرسووَس سونیاسو میاموٹو پٔتھۍ کِنۍ ٹاس لگاوان چھُ، کاواگوچی یَن ترٛٲو ڈاریجو سرنا سُنٛد ڈرایوٕن جُرمانہٕ بچاونہٕ باپت پننہِ کھورِ طرفہٕ بۄن کُن وۄٹھ۔
8731,2001 ہس منٛز زیوٗن زیبلن ژوٗرمہ لٹہ میلان-سان ریمو۔
8732,بہٕ چھس آز اِکوٹہٕ  فلم ؤچھنس پیاران ۔
8733,ییلہٕ زن شوان خلییہِ مییلن ملبہٕ صاف کرنہٕ کِس ابتدٲئی مرحلس منٛز ثالثی کران چھِ ، میکروفیجز چھ کٲم مکمل کرنہٕ خٲطرٕ یوان۔
8734,قونونس منٛز چھنہٕ زٮ۪نہٕ برٛۄنٛہہ شر مرنس تہٕ اسقاط حملس درمیان کانٛہہ فرق۔
8735,تِم چھِ زستہِ كہِ زمانہٕ كِس  یورپس منٛز نزدیك مشرق نِش دوُر ۔
8736,کرشن اوس پنٛنِس تلاشس منز  پرٛٮ۪تھ قٕسمٕکہِ تخلیٖقی خیالات آزماوان، یِتھ کٔنہِ زَن پننٮ۪ن دوستن سۭتہِ  یِم تھزرس الہٲندِ  بانہٕ پھُٹراونہٕ خٲطرٕ انسٲنی اہرام بناوٕنہِ ۔
8737,بینک اکاونٹ کھولنہٕ خٲطرٕ فون کرنہٕ پتہٕ چھس بہٕ یہ ؤچھتھ حیران گژھان ز ژٕ چھُکھ بینکک موجودٕ کسٹمر۔ (بینک سیلز پرسن)
8738,"یہ مقبرٕ چھ آز ؤرجن میری ہٕنٛد مقبرہ کہ ناوٕ سۭتۍ زانٛنہٕ یوان۔
"
8739,اَمِہ واقعہٕ کِنۍ چِھ ٹِیاہ تِہ ساحلَس سۭتۍ جذبٲتۍ طور الگ گژھان۔
8740,"برصغیر س منز لبنہٕ ینہٕ والین لگ بگ 1,438 پن پونپٕرۍ ذٲژن منٛز چھ 695 ذٲژ سکمس منٛز درج کرنہٕ آمژٕ۔"
8741,"امتیاز علی ین دیت حوالہٕ، ""ہائی وے چھ جذبٲتی طور تیز، جسمٲنی طور پٲٹھۍ سخٕت""۔"
8742,"یُتھ گۄڈنِیُک سرور، یتھ انٹرنیٹ چس سرور یا آٮٔی سی ایس ونان چھِ، آو  اوُٹاہ یوٗنیورسٹی منٛز 1992 تھس منٛز تیار کرنہٕ۔
"
8743,پرٲنین دوستن ہندِ ؤریہہ  وادو پتہٕ اسہ سۭتہِ ورزش کرنہٕ خٲطرٕ واپس ینہٕ سۭتہِ گٔیہ اسہ خٗشی۔
8744,دٲیمی پھیپھرن  ہٕنٛزن ریفریکٹری علاماتن ہٕنٛدین باقٕیہ مٗتبٲدِلن  منٛز چھ اینٹی انفلامیٹری دواہ، اومالیزوٗماب، تہٕ امیونوسوپریسنٹس شٲمل۔
8745,"1952ہس منٛز،  گو٘ تھوک سینٹرل ہول سیل ماركیٹس منٛز منتقل ۔

"
8746,ذرایہ ابلاغ ، مواصِلات ، نشٕرِیات ، تہٕ کیبٕل خدماتن ہنز  نِگرٲنی چھےٚ  ٹیٚلی کام ریٚگیولیٹرٛی ایٚتھارٹی آف اِنٛڈیا كران ۔
8747,فریوی چھ سویڈن کس اوریبرو کاؤنٹی منز لنڈسبرگ میونسپلٹی ہُند اکھ علاقہٕ۔
8748,جسمٲنی ورزش آسہٕ مردن منٛز مقبوُل  تہٕ دَب کرٕنہِ  اوس کھیل تہٕ تفریح خٲطرٕ مردن ہُنٛد اکھ اہم مشغلہٕ، تہٕ زنان پہلوانن ہُنٛد ذِکر تہِ چھُ ریکارڈن منٛز کرنہٕ آمٗت ۔
8749,بالٲئی حدوُدن منز واقع کُل علاقُک تقریبا 80 % چھ کٹاؤ تہٕ بٔڑس پیمانس پیٹھ نقل و حرکتک شکار۔
8750,تھارو لوُکھ چھ یہِ خاص دۄہ بطور نَو ؤریہِ  مناوان۔
8751,اتھ چھٗ یہِ ناو اتہِ  واقع کٗندر كِس  شاندار قلعس یا “گڑھس“ پیٹھ پیومٗت ۔
8752,بٲتھ ٲسہِ  کمار، گنی دیوان، جاوید اختر، آرکو پروو مکھرجی تہٕ سعید قادرین لیکھمتہِ ۔
8753,لکنورام جیٖل چھُ اکھ جیٖل یُس گووندراپیٹ منڈل کِس ملوگو ضلعس منز واقع چھُ۔
8754,"بَجن شکلن ہنٛزن لٲنن پیٹھ کنۍ، لۄکچن شکلن ہنٛز نقش و نگٲری ہنٛز اکھ لٲن چِھ تراشنہٕ آمٕژ۔
"
8755,تریمہٕ صدی کس ٲخرس تام، تاہم، کنہہ عیسائیو کوٚر ایسٹرچ تٲریخک تعین کرنہٕ خاطرٕ یہودی برادری پیٹھ انحصار کرنک رواجس پیٹھ عدم اطمینانک اظہار کرن شروع۔
8756,ویب سایٹہ ہنٛد مٲلک ہٮ۪کن فیس ادا کٔرتھ تہندِ ویب سائٹہٕ ٖہٗند جٲیزٕ  تجویز کٔرتھ ۔
8757,اولمپکسہٕ پتہٕ ٲس فٹ بال تہٕ باقین ایونٹن پانس کن متوجہ کرنس منٛز دشوٲری ۔
8758, ہِنٛدُستانس منٛزمٗمبیی  گَژھن واجینہِ امریٖکی پرواز ایٚمسٹرٛڈیٚم کِس شِفھول ہَوایی اَڈس پیٚٹھ حِفاظتہٕ خٲطرٕ واپس نِنہٕ پتہٕ چھےٚ نیدرلینڈس  منٛز پُلسن باہ سَوارِ گِرِفتار کرِمَژٕ  ۔
8759,"اکیری ٹیکیوچی اوس 23 نومبر 1997ہس منز سائٹاما، جاپانس منز پٔدٕ گومُت۔

"
8760,مگر، اکہِ دۄہ سمکھیو سُہ پنٛنِس پرٛٲنِس دوست، محمد اقبالس (رجیت کپوٗر) یُس جیلر اہلکار اۄس، تہٕ کٔرٕن نفرتٕچ نہٕ تبدیٖلی اننٕچ سفٲرش ۔
8761,سٗگرا بنییہ پنٛنہ گامٕچ گۄڑنچ کوُر ییٚمہِ سیکنڈری سکوُل مٗكمل  کوٚر۔
8762,1989 منٛز، کوٚر تمو یہٕ شمٲلی امریکہس منٛز بطور جینسِس جٲری۔
8763,واریہن ؤرین تام اوس خیال یوان کرنہٕ زِ جینیٲتی معلومات چِھ سیل پروٹینس منٛز آسان۔
8764,واریاہ مندر آیہ تباہ کرنہٕ، واریاہن گامن آو نارٕ  دنہٕ، تہٕ  زنانہ تہ شُری آیہ یرغمال بنٲوِتھ تشددکی شکار بناونہ تاکہ امر سِنگھ تراوِ ہے ہتھیار۔  
8765,اگر نَے تۄہہِ یہِ كھو٘ش كرِ ،تو٘ہہہِ  لٲگِو نہٕ یہِ ، تہٕ تو٘ہہہِ کٔرِِو پَنٕنہِ  پونٛسہٕ ضایعہِ ۔
8766,کُنہٕ تہِ صورتس منٛز ، چھِ تٲریخی ثبوُت تجویز كران زِ   یِمن علاقن پیٹھ روٗد نہٕ زیادٕ كالس  أمہِ  سُنٛد قوبوُ ۔
8767,"تٔمِس پَزِ سمجُن تہٕ خدا حافظ وَنُن، مگر یودوے كٕنن وول   زورچھُ  کَران، تیلہِ ژٹِیو  فون ۔
"
8768,جولی یٗس کینٛہہ پونٛسہٕ تہٕ شہرت حٲصل کرنہٕ خٲطرٕ بے چین چھُ ، چھُ مقدمٕچ پیروی کرنک فٲصلہٕ کران تہٕ راہول دیوانس خلاف عدالتس منٛز پی آٮٔی ایل داخل  کران۔
8769,"سافٹ ویئر آو انسٹال کرنہٕ مگر اکۍ سٕے دۄہس  اندر  تراو 
 مےٚ یہ استعمال کرنٕچ کوشش تکیاز انٹرفیس اوس انتہٲیی كھٗرۍ لد ۔"
8770,تمل ناڈو ہس چھےٚ ملکہٕ چہ ترٛیٚیمہ ساروٕے کھۄتہٕ بٔڈ نصب شدٕ بجلی پیدٕ کرنٕچ صلاحیت۔
8771,وۄں گوٚو، 25 لچھ ڈالرن ہنز ادٲیگی چھےٚ دہن ؤرین منز کرنہٕ یوان، یتھ دوران تہنٛد 10 لچھ ڈالر ہیٚکہ10 فیصد سود حٲصل کٔرتھ، یہ فرض کٔرتھ ز تۄہہ چھ نہٕ یہ خرچ کوٚرمت۔
8772," $623 ہِنٛدِ معاہدٕ سۭتہِ گوٚو آٮٔی ایس سی ٹاپ ٹریک مٲلِکَس نِش، تہٕ ایس ایم آٮٔی گوٚو دوٚیمِس نمبرَس پیٹھ۔
"
8773,یہ ہیکہ اکھ دیکھ بھال کرن وول ٲسِتھ یس پیٹھ بٗڈٕ اِنسان خدمت كرنہٕ باپت مٗنحصر آسہِ ۔
8774,فِلمِہ ہِنٛدِس پروڈکشنَس دوران گیہِ ژور مرکٔزی کِردار رومٲنی طور مٗلوس ۔
8775, بی ایل ایمس چھِ چُھ برطانیہ تہٕ آئرلینڈس منٛز 13 دفتر۔
8776,یہِ قوت چھ چیزس آبس پیٹھ پکناوان یا کم از کم ہلکہٕ بناوان ۔
8777,کتھک كلی طرز، اصل پو٘شاکھ  ، موسیقی وول  ڈراما چُھ باقین ثقافتن منٛز لبنہٕ یِوان۔
8778,"تَمِہ کٔر تامِل فِلمہِ تھٗپکی منٛز تہِ خاص کِردار ادا۔
"
8779,تٔمۍ کٔرۍ پننہِ پیشورانہٕ زِندگی منز 7000 بٲتھ صدابند ،یِم وارِیاہن زبانن تہٕ بولین منز ٲسۍ، یمن منز کونکنی، بھوج پُری ، اُڈِیا،  بنگٲلہِ، مرٲٹھۍ ، سِندھی ، کننڈ ، گُجرٲتہِ ، تامِل ،ماگھی، میتھلی بیترِ شٲمِل آسہٕ ۔
8780, مَہ سمجیو زِ پربھاس پٹنٕچہِ  گۄپھہٕ چھٚے  ونکیا چہِ شاندار شانا ڈنگر بودھ گۄفہٕ  ، یِم اَمہِ جایہِ پیٹھٕ تقریباً 105 کلوٗمیٹر دوٗر چھِ۔
8781,10 +2+ 3 منصوبس تحت ہیکن طٲلب علم ہایر سیکنڈری امتحان پاس کرنہٕ پتہٕ عام یا پیشورانہٕ ڈگری پروگرامن منز داخلہ نِتھ۔
8782,لداخس منزاوس  ہندوستانۍ فوج اور انڈو تبتِین  بارڈر پولیس فورس  بارٕ تعدادس منز موجود۔
8783,اتھ منٛز چھ پال ڈگلس، جین پیٹرز، سیزر رومیرو، تہٕ کینن وین شٲمل۔
8784,"اجئے گڑھ یا اجے گڑھ چھُ وسطی ہندوستانَس منٛز ریاست مدھیہ پردیش کِس پنا ضلعُک اکھ قصبہٕ تہٕ اکھ نگر پنچایت۔
"
8785,پنجابس منٛز چھ فصل وٹنک تہوار لوہڑی نوِ فصلہ پیٹھٕ بُزِتھ  مکایہ   وچہِ کھؠنہٕ سۭتۍ مناونہٕ یوان۔
8786,اٚصوٗل چھ  لگ بگ دٲرِتھ دنہٕ چہِ کھیلہ ہوۍ ماسواے کینٛہہ۔
8787,واریاہَن مُلکَن  ریگولر ٹیلی فونَس پیٹھ کالَن ہُند لاگت چھُ US$0.02 فی منٹ۔
8788,کیندرپاڈا ضلعس منٛز بھترکانیکا نیشنل پارک چھ پننس دوٚیمس سارۍوٕے کھۄتہٕ بڑ مینگروو ماحولیٲتی نظامہٕ باپت مشہوٗر۔
8789,تلنگانہ سٹیٹ روڈ ٹرانسپورٹ کارپوریشن (TSRTC) چھ بڈۍ پبلک ٹرانسپورٹ کارپوریشن یم تمام شہرن تہٕ گامن رلاوان چھِ۔
8790,گوالیارَس منٛز چھِ جین کَنہِ مزارَن ہُنٛد تعداد، یَتھ منٛز واریاہ یادگار مجسمہٕ چھِ، چھِ بیٚیہِ کُنہِ جایہِ تہِ بےٚ مثال۔
8791,نروپما چھےٚ یہ ونن شروٗع کران ز أمہ سنٛد خانٛدر اوس سہولتک ییٚمہ أمس پی ایچ ڈی کرنہٕ خٲطرٕ اکھ محفوظ پناہ گاہ فراہم کٔر۔
8792,"ہم كال وقتس منز  چھُ وُشو انٹرنیشنل ووشو فیڈریشنس (آئی ڈبلیو یو ایف) تحت اکھ بین الاقوٲمی کھیل بنیومُت، یُس فی دویہِ وہٕرِ  ورلڈ ووشو چیمپئن شپ ٗمنعقد چھُ کران۔
                                                                                                                                                                                                                                                                                                                                                                                                                                                                                                                                                                                                                                                                                                                                                                                                                                            "
8793,"بینٛڈٕکۍ ژور رکن چھ پیٹر، روفیو، فیز تہٕ راکی۔
"
8794,ہندوستان چھ دنیاہس منز سبزٲلہٕ وۄپداون وول دویم ساروی کھۄتہٕ بوٚڈ ملک۔
8795,"مینیچیٹی گزریو 56 وہر 8 جولایی 2007 تس منٛز کولوریکٹل کینسر سۭتۍ۔
"
8796,لۄکٹین جرمن ہُند سزا اوس جرمانہٕ چہِ شکلہِ منز یا مجرمس کُنہِ خیرٲتی عطیس منز خیرات کرنُک ہدایت دِتھ دِنہٕ یوان۔
8797,وۄنہِ گوٚو، فہرست چہ شکلہ منٛز ییہ دۄشوٕنی آرڈرن  ہندِ  تفصیلٗك  خٗلاصہٕ کرنہٕ۔
8798,تِمن ہٮ۪کو اكسٕیہ ماترایہ منز وارِیاہن سٗرن ہنز ادایگی تہٕ مٗتضاد ونِتھ یتھ منز اكارن ہٗند زِیٹھ تہٕ لمِتھ شكل آسان چھِ ۔
8799,کینٛہہ باقی جرم، ییٚلہ پنالٹی ایریا اندر کرنہٕ چِھ یوان، امہ کس نتیٖجس منٛز چِھ پنالٹی شاٹ گژھان بشرطیکہ گولٕچ صورت حال آسہ۔
8800,سوٗ چھٗ تس ونان زِ تمِس چھٗ پنٛنٮ۪ن غلطین ہٗنٛد احساس گوٚمٗت تہٕ سوٗ چھٗ معٲفی منٛگان۔
8801,2018 منٛز آو سوٗ کیروتھیگا ادھیانیدھی سٕنٛز اکِس تواریخی  ایکشن فلِمہِ  کالی تہٕ تہٕ گنیشٕ سٕنزِ  ایکشن فلِمہِ  تھیمیرو پڈیچاونَس منٛز ۔
8802,کارپیس ہیکہ زیچھر ، تہٕ کھجرتام وٲتتھ۔۔۔ ۔
8803,واریاہَو لۄکٹیو جزیرَو سۭتۍ سجاونہٕ آمُت، یِمَن آبَس منٛز آرام دہ ناوَن ہٕنٛز سَوارِ چھِ أنٛدِۍ پٔکۍ  مسحور کرن وٲلۍ سبزارُک  لُطُف تُلنہٕ خٲطرٕ بہترین طریقہٕ۔
8804,یہ البم آو 12 جون 2012 جٲری کرنہٕ ۔
8805,قومی الیٚکشن کمیشنَن دِیوٗت کانگریس (آیی) 1984 كہِ عام انتخاب خٲطرٕ حٔقیٖقی انڈیٚن نیشنل کانگریس قرار۔
8806,امہِ گوپھہِ ہنز حیفاضت چھٗ  آرکیالوجیکل سروے آف انڈیا كران  تہٕ چھِ  تامِل ناڈوُ باپت   سیاحَن ہنزِ كشِشہِ ہٗند مقام ۔ 
8807,شیشِہٕ چُھ سانٛچٕچ شکل یختیار کران ۔
8808,شیل پی ایل سی: شیل پی ایل سی چھ اکھ برطانوی عوٲمی طور تجارت کرن واجیٚنۍ ملٹی نیشنل تیٖل تہٕ گیسٕچ کمپنی۔
8809,"اتھ منٛز چھ 3,000 کھۄتہٕ زیٛادٕ طٲلبہ علم یم پنٕنۍ انڈرگریجویٹ تہٕ پوسٹ گریجویٹ تعلیم حٲصل کران چھ۔"
8810,رِیٲستی جاناوار چھےٚ پٕہٲڑۍ ہٲر، یا بالٕچ ہٲر۔
8811,"رِیاستَس منٛز ٲسہِ  2011 تام 84 ٹیلی فون ایکسچینج تہٕ 716 پوسٹ آفس ۔
"
8812,برماہٕکۍ گۅڈنِکۍ ارل ماونٹ بیٹن لویس ماونٹ بیٹن روٗدۍ آزٲدی پتہٕ کینٛہہس عرصس تام ہندوستانکۍ گورنر جنرل وۅں گوٚو دۅنونی مُلکن ہٕنٛز سربرٲہی ٲسۍ باقےٕ  مقٲمی گورنر جنرل کران۔ 
8813,ایلبم اوس باقٲعدٕ جِلد تہٕ اكِس  محدود جِلدس  دۄشوٕنی منٛز دٔستیاب ۔
8814,توٚت وٲتِتھ چھُ سُہ ہنومنت سنگھس منگان ییٚتہِ راٹھی أمِس ونان چھُ کہِ ہنومنت سنگھ چھُنہٕ اِنسان ، سُہ چھُ اِنسانن تہٕ خدایس درمیان ۔
8815,پاسچنڈیل چھ مغربی فلینڈرس، بیلجیمس منٛز یپریس قصبس نزدیک۔
8816,گول کیپر سٕنٛزِ لورِ ہُنٛد کلہٕ ہیٚکہِ 12 آنچہِ  (30 سینٹی میٹر) تام كھۄل  ٲسِتھ تہٕ پاكیٹ ہیٚکہِ میش ٲسِتھ ۔
8817,تمو کٔر پورٕ یورپس منٛز تقریبن 1.2 ملین لوٗکن ہنٛد قتل کٔرتھ ہولوکاسٹ سپدنس منٛز مدد۔
8818,ایپوکسائڈز چھ مفید تکیاز تمن سۭتۍ چھ واریاہ پیچیدٕ مالیکیول جلدی بنتھ ہیکان ۔
8819,"اتھ کھیلس باپتھ چھ اکھ بوٚڑ مسلہٕ سپانسرن ہٕنٛز کٔمی۔
"
8820,"اتھ وقتس دوران چھ وایرس غٲر فعال روزان تہٕ چھنہٕ نۄقصان واتناوان۔
"
8821,مردٕ سندِ جوہر نیرنہٕ برونہہ چھٗ ، تمہِ سندِس آلے تناصٗبس جوشٗك ضروُرت آسان ۔
8822,دی ٹایمز آف انڈیا چہ مینا اییرن دِتہِ  5 منز3  تہٕ وونُن ز امہ فلمہ ہنٛد ارادٕ تہٕ بناون وٲلہ چھ اصل۔
8823,"سہ گزریٛوو 10 اپریل 1999 82 وہر بامینڈا ہس منٛز۔
"
8824,خانن ٲس حالٕیہ دھوم 3 مکمل کٔرمٕژ تہٕ ٲسٕن پی کے یِچ شوٹِنگ شروٗع کٔرمٕژ۔
8825,شتابدی ایکسپریس، ہنٛدستانٕچ تیز ترین ٹرین سیریز چھ امرتسرس نیہ دلہ سۭتۍ جوڑان یس کل 449 کلومیٹر فاصلہٕ طے کران چھ۔
8826,عموُمن چھٗ عدلیہ كین سارِنیہ رٗكنن  فٲصلس پیٹھ اتفاق کرٗن آسان ۔
8827,"ہارورڈ رود کانفرنسہٕ نِش دور، تِکیٛازِ تِمَو کٔر رگبی طرزٕچ کھیلٕچ حمایت یُس بالہِ سۭتۍ دورنُک اجازت چُھ دِوان۔
"
8828,سِرٛنٛگیری سُنٛد مشہوٗر بوم درٛاو نٮ۪بر۔ أمۍ کٔڑ شَرارتہٕ ۂژ آواز  “ہۭمپھ“!۔ بہٕ دِما أکِس  لۄکٹِس مۄکٹِس وایرَسس بگوانن سۭتۍ پنُن وعدٕ پُھٹراونہٕ؟ زٕہٲنۍ نہٕ“!   
8829,یہِ کھیل اوس ہمسایہِ بازنطینی سلطنتن تہِ   ابتدٲئی تٲریٖخس منٛز ہیٚوچھمُت۔
8830,اَمِہ بجایہ چُھ یہ پرٛیتھ ریتہٕ ہیو٘ر بۄن  گژھان۔
8831,تاہم، حالیہ ورین منٛز چھ أمۍ سیٲسی طریقہ اختیار کوٚرمت۔
8832,ٹر٘سٹ قونوُنس منٛز چھٗ  فٲیدٕ نِنہٕ وول سوٗ فرد یٗس ٹر٘سٹی سٕندِ پیٹھہٕ جایداد حٲصِل كران چھٗ ۔ 
8833,"لیتھوے قانونَن تحت قٲبل ذِکِر جنگجوَن منٛز چھِ سو لن او، تُن تُن من، ڈیو لیڈوک، ٹو ٹو تہٕ سائرس واشنگٹن شٲمِل۔
"
8834,گونڈوانالینڈ تہٕ ایشیائی زمینی رقبہٕ رلنہٕ  کِنہِ گٔیہِ نباتاتَن تہٕ حیوانن ہٗنٛد تغیر تبادٗل مُمکِن تہٕ امہِ سٕتہِ   بنٛیوو یہِ چھیكرس علاقَس منٛز خاص جگرافیٲیی  خصوٗصیاتَن ہٗند  وجہہ۔
8835,ٹیم آئیکو تہٕ جاپان سٹوڈیو ذریعہٕ تیار كرنہٕ آمٗت  ، سونی کمپیوٹر انٹرٹینمنٹک ذریعہٕ شائع كرنہٕ آمٗت  ۔
8836,میری لینڈن کوٚر 2014، 2015 تہٕ 2017 ہس منٛز بیٚیہ قومی چیمپین شپس پیٹھ  دعوا۔
8837,موُدِمٕتہِ  تہٕ مرن وٲلہِ آیہ  نزدیٖکی کیٖرِس مَنٛز دٲرِتھ دِنہٕ ۔
8838,کارتِھکا دیٖپَم چُھ   جٔنوٗبی ہِنٛدُستانس سٕتہِ تعلُق تھاون وول اَکھ  تَہوار تہٕ چُھ   سِری لنٛکایہ  منٛز بدلہٕ  تٲریٖخن پیٚٹھ مَناونہٕ یِوان۔
8839,"مغربی سٲحلی مٲدان ہٮ۪کَو دۄن حصن منٛز تقسیٖم کٔرِتھ، کونکن تہٕ مالابار سٲحل۔
"
8840,امہِ علاوٕ، ہیٚکو یہِ سافٹ وِیَر تِمنپٲداوٲری  پرٛوگرٛامن سٕتہِ  جوٗڑِتھ یِم مشینن پیٹھ قوبوُ تھوان چھِ  ، ییٚمہِ سٕتہ، توہہِ  کمپیٛوٗٹرٛس پیٚٹھ تخلیٖق ہُنٛد پوٗرٕ عمل انٛجام دِتھ  ہیٚکِو ۔ 
8841,کھٮ۪ن رنٛنکۍ کٮ۪نٛہہ طٔریقہٕ، یتھ کٔنۍ ز گرٛٮ۪کناون، چھ ڈی آکسینیولینولس خٕلاف مدد کران۔
8842,"رانی چھِ وارٕ وارٕ پننین فیصلَن پیٹھ قابو کٔرِتھ اعتماد حٲصِل کرُن شروع کران۔
"
8843,زٕ سنڈر بلاکس چِھ دور تھاونہٕ یوان تہٕ زٕ جوسٹر چِھ بلاکس پیٹھ کھڑا گژھان یمن درمیان اکھ رز پھٲلاونہٕ یوان چھ۔
8844,ویمپتی وینکٹنا نارائن شاستری اوس شاستری سُنٛد تٔس ہیٚچھناون وول  گورو، ، تہٕ اوس كچی پٗڈی محفوُض تھونس منز مدتھ كرن وول  باہم شخصِیت ۔
8845,رقم واپس کرنٗك  درخاست کریو اگر توہہہ وٗچھو زِ کُنہ چیزٗك  قۭمتھ چھٗ تٗہندِ مۄلہِ ہینہٕ كین  30  ہن دۄہن اندر اندرکم گژھان تہٕ کاسٹکو کر تۄہہ قۭمتس منز فرق واپس۔
8846,تاہم، بلاونٹ آو نہٕ ٹیمہٕ منٛزٕ برخاست کرنہٕ، تہٕ آسیس مشقہِ  شٲمل گژھنٗک تہٕ پنُن سکالرشپ برقرار تھاونٗک اجازت۔
8847,برینڈاہن کوٚر !9981 1نٛز امریکی نیشنل ٹیم خٲطرٕ گنٛدنُک آغاز ۔
8848,وائٹ ہاؤسَن ووٚن زِ تِم چھِ وٕنکینچہِ بِلہِ ہٕنٛز حِمایت کران۔
8849,ٹینا دیسایی  چھےٚ اکھ ہندوستٲنہِ  اداکارا تہٕ ماڈل یوٚسہٕ  دۄشوٕنی ہندوستٲنہِ  تہٕ بین الاقوٲمی پروجیکٹَن منٛز کٲم کران چھِ۔
8850,"یہِ چُھ شُمٲلی نَوِ  دِلہِ پٮ۪ٹھٕہ 260 کِلومیٖٹر ، جٔنوٗبی مغرِبی شِملہ پٮ۪ٹھٕہ 110 کِلومیٖٹر  تہٕ  جٔنوٗب مشرِقی امرَتسر پٮ۪ٹھٕہ 229 کِلومیٖٹردوُر واقع۔ 
"
8851,"ذاکر حسین روز گارڈنَس منٛز چھُ پرٛٮ۪تھ فرؤرۍ یَس منٛز روز فیسٹیولس منٛز ساسہٕ بدِ گۄلابن ہٕنٛزٕ ذیلی زٲژٕ ہاونہٕ یِوان۔
"
8852,سۄ مۄیہ 21 اپریل 2011  بریسٹ کینسر سۭتہِ ۔
8853,ساروی کھوتہٕ زیادٕ استعمال گژھن وول دوا چھُ ڈاکسائی سائکلائن یا ٹیٹراسیکلائن، مگر کلورامفینکول چھ اکھ متبادل۔
8854,تمۍ سٕنٛد اندازک موازنہٕ چھ مشین گن کیلی تہٕ لاجکس سۭتۍ تہ کرنہٕ آمت۔
8855,"تٔمِس چھُ مہاتما جیوتی راؤ پھوٗلے ایوارڈ میلِمُت تہٕ اوس 1994 تہٕ 1997 تھس درمیان نہرو فیلو۔
"
8856,"ویلنگٹن، رازدٲنۍ چھےٚ جٔزیٖرٕ کس جنوٗبی انٛدس پٮ۪ٹھ۔
"
8857,"یہٕ اوس شروعاتس منز   ریاست کین سارِنیہ  جنوُبی حِصن احاتہٕ كران ۔ 

"
8858,برطانوی ہنٛدستٲنۍ حکوٗمتن نِییہٕ 1857 چہ ہندستٲنۍ بغاوتہٕ پتہٕ ایسٹ انڈین کمپٔنی ہنٛز ملکیت پننس قبضس منز۔
8859,دستاویز چُھ اماٹل ، كٗلہِ دیلہٕ سٕتہِ بناونہٕ آمتِس كاكزس پیٹھ رنگِتھ ۔
8860, یك طرفہٕ وتہِ ہٗند استمال كرِیو  تاكہِ آمدورفت  یی ژیلہٕ ژرٹ گژھنہٕ ورٲیی پكناونہٕ ۔
8861,ونڈر چھُ  شُرین ہُند ناول، یتھ منز اہم کردار اکھ بچہٕ چُھ یٔمِس ٹریٖچر  کولنز سنڈروم چُھ ۔ 
8862,یہٕ چھ پیرسس بالکل برٛۄنٛہہ تہٕ مجموعی طور ملکہٕ کھوتہٕ برٛۄنٛہہ، یمو یورپی یونین کہ اوسطک 80 فیصد اوس حٲصل کوٚرمت۔
8863,کٮ۪نٛہہ پوکیمون ہٮ۪کن صرف تیلہِ  وۄتلتھ یتھ ییٚلہ تمن ارتقا چہ مخصوس کنہ دنہٕ ین۔
8864,الاور برادری ٲس زراعتس سۭتۍ وابستہٕ  میدانس منز  کٲم کران تہٕ گرٛیسۍ ٲسۍ کالمار ناوٕ سۭتۍ زانٛنہٕ یوان۔
8865,عام طور اوس پٔتمہ پروجیکشنک استعمال لالٹین نظرٕ نش دوٗر تھاونہٕ خاطرٕ یوان کرنہٕ۔
8866,یہِ کھیل آو 2010 کِس دہلِس منٛز دُبارٕ مُتعارُف کرنہٕ، یَتھ منٛز جرمن بینڈی ایسوسیشنَن 2013  منٛز قٲیِم کرنہٕ آیہِ۔ 
8867,میوچوئل فنڈک مطلب چھ پنٕنۍ پونسہٕ باقی سرمایہ کارن سۭتۍ جمع کرٕنۍ، اتھ مختلف سٹاکن، بانڈن تہٕ باقی فنڈن منٛز تراونۍ۔
8868,"سیل فونن ہٕنٛدۍ لحاظہٕ چھِ خاندٲنی منصوبہٕ اکثر سستہٕ آسان۔
"
8869,۲٠٠۴ منٛز آو شعلے ڈیجیٹل طور دوبارٕ بناونہٕ تہٕ ہندوستانس منٛز پیکڈ تھیٹرس منٛز ہاونہٕ، یتھ منٛز ممبئی ہنٛز منرووا تہ شٲمل چھ، ییٚتہ یہ 29 ؤری برٛونٛہہ کامیٲبی سان جٲری ٲس گٔمٕژ۔
8870,جگمیت سِنگھ اوس 2 جنوری 1979 سکاربورو، اونٹاریو ہس منٛز زامُت۔
8871,ڈیلٹاہٕچ زمین چھےٚ کَم مَگر یِہ چِھنہٕ ہَموار۔
8872,امیُک مطلب چُھ زِ نفر چُھنہٕ وۄنۍ گروپُک رکن۔
8873,یہ فلم، یوٚسہٕ  راجواڈے سٕنٛز 2010 چہِ  مرٲٹھہ فلمہِ مٗمبئی-پوُنے-مٗمبئی یس پیٹھ مبنی  چھے٘ ، اتھ منز چھِ  شیو پنڈت تہٕ پیا باجپائی چھِ آیہ 5 دسمبر ریلیز کرنہٕ۔
8874,"ویمبناڈ کول ویٹ لینڈ اوسُکھ بین الاقوٲمی اہمیتٕک ٲبی زمینَن ہٕنٛدِس فہرستَس منٛز شٲمِل کوٚرمُت، یِتھ کٔنۍ زَن آب زمینَن ہٕنٛدِ تحفظ تہٕ پایدار استعمال خٲطرٕ رامسر کنونشنَن کہِ ذریعہٕ بیان کرنہٕ آمُت چھُ۔ 
"
8875,سیٹل، واشنگٹن،ایمریكا ہُک پی این ڈبلیو بیچ کورف بال چھُ امریکہَ ہس منٛز قٲیِم گۄڈٕنیُک بیچ کورف بال کلب۔
8876,"ہومر چھ تس اپز ونان تہٕ چھ تس ونان ز سۄ گٔژھن تٔسۍ سۭتۍ ہوٲیی اڈس پٮ۪ٹھ۔
"
8877,"یہ چھ علاقک ساروٕے کھۄتہٕ بوٚڑ شہر ، یتھ منٛز 59,667 لوکھ چھ ۔"
8878,گورنمنٹ برینن کالج، تھلاسری، یُس انسان دوست ایڈورڈ برینِنن 1862 منٛز قٲیم کوٚر، تہٕ گورنمنٹ وکٹوریہ کالج، پالٕكڈ ، یُس 1866 منٛز قٲیم سپُد، چھِ ہندوستانکٮ۪و قدیٖم تٔریٖن تعلیمی اِدارو منٛزٕٕ۔
8879,اگر اتھ لٲنہِ پتہ کِکنگ ٹیٖم   زیٖر دِیہ یا لبہِ ، یہِ چھٗ تتی نس ڈیڈ گژھان ییتین اتھ اتھہٕ لگہِ ۔
8880,ابھاس کُمارن بدلوو پنُن ناو تہٕ تھووُن کِشور کُمار، تہٕ کوٚرُن بمبَے ٹاکیٖزس منٛز، ییٚتہِ تٔمۍ سُنٛد بوے کٲم اوس کَران، بطورِ کورَس گُلوکارپنٕنہِ  سیٚنیٚما ہچ پیشورانہٕ زِندگی  شُروٗع۔
8881,"2011 منٛز أکِس انٹرویوَس منٛز ووٚن تٔمۍ زِ ییٚلہِ سُہ جوان اوس، تٔمۍ کٔر سوامی وویکانندَس پتہٕ۔
"
8882,اگر یہ سپدِ ،  خوُن ینہٕ تہٕ گۄردن ہٕنٛدِ مسلہٕ بڑنُک خطرٕ چھُ بڈان ۔
8883,یہ سپیکٹرا ہیلمٹ چھ بٗتھہِ كہِ  زیادٕ بچاو باپتھ وایزرس سۭتہِ لگٲوِتھ ۔ 
8884,ساروٕے کھۄتہٕ قدیم روایَت چھِ رنٛگ کٔرِتھ کۄکَر ٹھوٗل استعمال کرٕنۍ۔
8885,"تمہ ترٲو کریرس منٛز وۄٹھ ، یتھ پتہٕ بُکھ کھوٚت  تہٕ گوٚو أکِس دریاوَس منٛز تبدیل، ییٚمیُک ناو بدلٲوِتھ ""دریائے کواری ""، ییٚمیُک مطلب چھُ ""کنوٲری  یا انہرشہ ہنٛد دریاو"" ۔"
8886,واریاہن جاین تہٕ مٲلن ہٗند حوالہٕ چھٗ   مقٲمی طور تہنٛد کٗمبھ مٲلہٕ دِنہٕ یوان۔
8887,چھیكرس ،  کٔرِو اِنپُٹ زِ پرٛٮ۪تھ ؤرِیہِ کٲژاہ لَٹہِ چھٗ تُہٕنٛد  سرمایہِ کٲری ہنٛد سوٗد كمپاونڈ گژھان ۔
8888,امہِ پرجكٹٗك تہٕ امہِ كین پٲداوارن ہٗند ناو چھٗ جینٹوُ پینگوِنس پیٹھ تھونہٕ آمٗت ۔
8889,"غٲر مسلح لالونگَس چھ سَرِت-سرک وَنان تہٕ یہِ چھُ تھانگ تاہَس سۭتۍ مِلِتھ استعمال یِوان کرنہٕ ییٚلہِ لَڑَن ووٚل پنُن ہتھیار راوراوان چُھ۔
"
8890,پُرتکٲلۍ افسرن دِژ تِمن كیتھولِكن باپتیِمو برطانوین مدتھ كو٘ر ، بطورِ كیتھولِك مٗلكن منز بادشاہس خلاف غدٲری ہٗند مخصوص سزا ، سزائے موتچہِ  تجویٖز۔ 
8891,"اصلی مندر آو زالنہٕ، مگر اکھ نوٚو مندر آو 2002 ہس منٛز بناونہٕ۔
"
8892,امہِ  کائناتی تصورٕکہِ چِھ واریاہ کنین تہٕ باقی چیزن ہندِ مٗجسمہٕ تہٕ مٗصوری ۔
8893,"یہِ چُھ اكِس  ؤرِیس منٛز 700,000 پیٚٹھٕ 1.6 مِلیَن حملن مُتٲثِر کَران، ییٚمہِ کِس نٔتیٖجس منٛز دستی حمل گِران ، موُدِمٕتہِ بچہِ زیوان  تہٕ پٲدٲیشی سِفِلِس گژھان چھِ ۔
"
8894,متھرا ہَس منٛز زٮ۪نہٕ پتہٕ فوراً نِیوو أمہِ سُنٛد مٲلہِ  واسودیو اناکادُندٗبی یَن کرشن جمنایہِ  اپور ، گوکُلَس منٛز منگتہٕ   مٲلِس ماجہِ نِش، یِمن نند تہٕ یشودا ناو اوس ۔ 
8895,"پننہ طرفہٕ کوٚر کاسپاروون میچ ""اکھ تھوکمت کھلٲڑۍ تہٕ اکھ پرون کھلٲڑۍ"" درمیان قرار دوان رد۔"
8896,ییٚلہ کانٛہہ تہنٛدس مرضی خٕلاف مارنہٕ چھ یوان، اتھ چھ عام طور قتل ونٛنہٕ یوان۔
8897,14 جُلایہ 2007 کوٚر گِلمورن عیلان ز سوُ  چھُ پنٕنہِ مُہِم ختم کران ۔
8898,"دۄشوٕنی مٗلکن کٔر کشمیر خطس منٛز ہنٛدستان تہٕ پاکستان کین  زیر انتظام علاقن درمیان 
 بطور غٲر رسمی سرحدٕ  اکھ لائن آف کنٹرول (ایل او سی) مٗتعن ۔"
8899,جٲری تہٕ مستقبلس منٛز نباتٲتی تبدیلی ، سمندری  سطحس منٛز اضافہٕ، تہٕ ہندوستان کین  نشیبی ساحلی علاقن منٛز سہلاب تہِ  چھِ عالمی گرمی سٕتہِ منصوُب كرنہٕ یوان ۔ 
8900,یہ چھ دہن دۄہن تام جٲری روزان، پرٛیتھ دۄہ چھ دہن منٛز أکس دھرمس خٲطرٕ وقف کرنہٕ یوان۔
8901,پتہٕ ٲسہِ پینڈاہس ہویسسی سۭتہِ قریبی تعلقات ییلہِ سُہ مرسیا ہُک بادشاہ اوس۔
8902,فیزن کٔر نیش ولس منٛز فتح حٲصل، ییٚلہ زن کرسیلوفن شکاگو لینڈ سپیڈ وے یس منٛز فتح حٲصل کٔر۔
8903,ییٚلہِ زن کٔنَن وول زانان چھٗ زِ توہہِ چھٗ كان٘ہہ چیز پسند ، تمِس چھِ  لین دینس  منز بالادستی میلان ۔ 
8904,نیپالس منٛز چِھ رَکشا بندھنَس جنائی پوُرنیما یا رشترپانی وننہٕ یِوان تہٕ اتھ منٛز چِھ اکھ مقدس پنہٕ داوَٕ تقریب شٲمل ۔
8905,كھونكھٗنِچ حركت  چھ قۄدرتی  کنٗک موم صاف کرنس منٛز مدتھ  کران۔
8906,"15 دۄہن ہندۍ سزا منز أٹھَن دۄہَن ہُند سزا رٔٹنہٕ پتہٕ آو گیلین گبنس پننین طالب علمَن تحریری منصوبہٕ کِس أکِس حصس منز اکہِ ٹیڈی بیئرُک ناو ""محمد"" تھونُک اجازت دِنہٕ پتہٕ گرٕ واپس۔"
8907,أمہِ  کٔر پننِس نیٚچوِس سۭتہِ  2005 منٛز بیٚبرِمہِ پروڈکشن ایک کھلاڑی ایک حسینہ ہَس منٛز دوبارٕ کٲم۔
8908,"تمۍ ٲسۍ مالا سنہاہَس سۭتۍ کنگن، ریواز، زندگی، برہم، ارچنا تہٕ دو لڑکیاں کرِمَژٕ۔
"
8909,یہ چُھ میٹلاک کِس شٗمالس منٛز ، دریاوِ  ڈروینٹ تہٕ اے 6 سڑکہ پٮ۪ٹھ ۔
8910,ڈسٹاگل سر ڈسٹاگل سر چھٗ پاکستانس منٛز قراقرم سِلسِلن  منٛز اکھ پہاڑ ۔
8911,سبزآو 19 مہٕ صدی کس ٲخرس منٛز بناونہٕ ۔
8912,"یہِ بٲتھ اوس امر پریم، 1972 ہُک ""کچھ تو لاگ کہیں لوگوں کا کام ہے کہنا""۔"
8913,اولیو گرین، کوبالٹ بلیو، ایکوا، تہٕ ایمبر چُھ تلاش کرُن مشکل۔
8914,وۄں گوٚو، تمو ہیوٚت بڑن یوٚتام نہٕ تمو کرناٹکس منٛز پنٕنۍ سلطنت بنٲو۔
8915,"یہِ ووت کینیڈاہَس منٛز 7 نمبرَس پٮ۪ٹھ تہٕ امریکہَ ہس منٛز 29 نمبرَس پٮ۪ٹھ۔
"
8916,ڈی این اے میتھیلیشن چھ جینن ہٕنٛزِ كاركردگی منٛز شٲمل تہٕ ببہِ دودھ چاون والین  منٛز ضروٗری ایپیجینیٹک قوبوُ ہٗك عمل آسان ۔ 
8917,1998 پیٹھٕ چھُ سکواش کامن ویلتھ گیمز تہٕ ایشیٲیی کھیلَن ہٕنٛدین مختلف کھیلَن ہٕنٛدین مُقابلَن منٛز باقٲعدٕ خصوصیت روٗدمُت۔
8918,میتی زبان (یا منی پوری) چھ منی پورٕچ زبان تہٕ چھ ہندوستٲنۍ آیین کس ٲٹھمس شیڈولس منز درج زبانن منز اکھ۔
8919,فِلحال چُھ تِمو امریکی علاقہٕ، پورٹو ریٖکوہس درخواست کوٚرمت ییٚتہِ حالَے طِبی چرٕس جٲیِز چُھ قرار دِنہ آمُت۔
8920,وۄمید چھ مخصوص وقت، جاین یا باقٕے عوٲملن تام محدوٗد۔ 
8921,موسیقی چھےٚ ہرشت سکسینا تہٕ سنجیو درشنن ترتیب دژمٕژ۔
8922,ٲخٕرکار كو٘ر بالاجی راؤن تہٕ مارکوئس ڈی بسی-کاسٹلناہن اکھ امُن مُہادٕ  تیہ ۔
8923,فری ڈاس ہیکو فلاپی یا سی ڈی سۭتۍ انسٹال کٔرتھ ۔
8924,  پتہٕ  گو٘ تمہِ ورییہِ اوہِیو سكوُل ، مِیامی شٲمِل ۔ 
8925,دی بیٹلس تہٕ دی رولنگ سٹونز ٲس اکثر فرنٹ کورس پیٹھ آسان۔
8926,جوسا چھ شمال مغربی ایسٹونیاہس منٛز ایٚمستے پیرش، ہییو کاونٹیُک اکھ گام۔
8927,ٍصبس  منٛز چھے٘ آبٲدی وٲنٛسہ منز  مختٔلف  ۔
8928,وونہ گو٘، ماچھ کِس جارس  وژھہٕ توتام رییہِ یو٘تام یہِ مِسٹر ِلیپ كُمارس نِش ووت تہں اداكارن كو٘ر اتھ منز اون٘گجہِ ژھننس اِنكار ۔ 
8929,زیادٕ تر ووٹر چھ تقریباً غأر آباد، لۄکٹٮ۪ن مقأمی برادرییہ ترٛٲوتھ۔
8930,کِبلر، آرکنساس: کِبلر چھ امریکی ریاست آرکنساسٗک اکھ شہر۔
8931,تٔمۍ چھِ مختلف زَبانَن منٛز واریاہ علاقٲئی فلمہٕ کٔرمٕژ یِمَن منٛز مراٹھی، پنجابی، تامل، تیلِگُو، سندھی تہٕ تہنٛز مادرِی زَبان گجراتی شٲمِل چھِ۔
8932,فیلڈ آرچری منٛز چِھ کمانہِ ہٗند  قٕسم صرف مقابلہٕ جٲتی  طبقہٕ كھوتہٕ  اہم آسان۔ یِہ چُھ شوُٹ كرن وٲلِس تہٕ  نشانس درمِیان  فاصلہٕ تہِ  طے کران۔
8933,"مقصد چھُ یہِ یقینی بناوُن زِ پرٛیتھ مُسلمانَس میلہ ماز کھیون کیُتھ۔
"
8934,امیک مطلب چھ زِ حٲدثہٕ یا قدرتی آفات کس صورتس منز تُلہ انشورنس مرمتک پورٕخرچہ۔ 
8935,تۄہہ گژِھیو چیزٗك  ناو تہٕ مٗختٔلف قٕسم گوُگل کٔرِتھ ہیكٕنہِ یہِ پتاہ كرنہٕ باپت زِ اما امہِ كِس بند كرنس پتہٕ  ما چھٗ كان٘ہہ خاص وجہہ ، نتہٕ كریو كمپنی ہندین صٲرِف خدماتن سٕتہِ رٲبطہٕ قٲیِم۔
8936,اکھ فیس گارڈ چُھ عام طور ہیلمٹس سۭتۍ شٲمل یوان کرنہٕ۔
8937,تٔمۍ کوٚر اولمپکس 2016 خٲطرٕ پنن پان کوالیفاے، مگر گۄڈٕنکسے میچس منٛز ہوٗرن۔
8938,ہاے کورٹ رُود پریاگ راجس منزٕے، مگر اکھ امیُک اکھ بینچ آو لکھنوس منز قٲیم کرنہٕ۔
8939,پُلیٖس چُھ رٲومٕژ كار2007 سوٗرِ  رنٛگٕہٕ  نِسان میٚکسِما    تہِ ژھانڈان ، ۔
8940,تاہم ، یہ کُل چھنہٕ اکھ اصلی کھزٕر۔
8941,ایمرجنسی دوران گوٚو پارٹی پیٹھ اندرا گاندھی سٕنٛدِ خاندانُک کنٹرول گژھن شروع تہٕ تہنٛد کٲنسۍ نیچوی سنجے یَن کوٚر نمایاں کِردار ادا۔
8942,"جاپانَس منٛز چھِ واریٛاہ جونیئر ہائی سکوٗلٕکہِ طٲلبہِ علِم کلاسَس منٛز یہِ افسانہٕ  پران ۔ 
"
8943,کٮ۪نٛژن  مٗسلمان مٗلکن منٛز چھ رمضانس منٛز دۄہلہ عوٲمی طور کھیوٚن جٗرم۔
8944,تٔمہِ دیوٗت دلہ ہنٛز مسلمان آبٲدی زبردستی دولت   آبادس منٛز آباد گژھنہٕ باپت ہجرت کرنٗک حکٗم ، یتھ منٛز تمہِ سنٛد شٲہی خانٛدان ، رئیس ، سید ، شیخ تہٕ علماء تہِ شٲمل ٲسہِ  ۔
8945,سکردوُ اوس  لداخچ سرمٲیی رازدٲنۍ، ییلہِ زن لیہہ ریتہٕ كٲلۍ رازدٲنیۍ اوس ۔
8946,ریاستٕچ کٲم کرن واجیٚنۍ آبٲدی ہٕنٛدۍ 55 فی صد پیٹھٕ 60 فی صد درمیان لُکھ چھ پرٛیتھ ؤریہ کاشتکٲری منز کامہ لاگنہ یوان۔ 
8947,کمپنی چِھ مسافر كارٕ ، ٹرکہٕ، وینہٕ، گاڑِ، بَسہٕ تیار کران۔
8948,ناگانو اوس 9 مارچ 1999 تَس منز ٹوکیو کِس ایڈوگاواہس منز زامُت۔
8949,اورنگ آبادس منز چھ واریاہ قدیم تہٕ  وسطی زمانن ہٕندۍ مقام یمن منز اجنتا تہٕ ایلورا گۄپھن ہٕنٛدۍ یونیسکو عالمی ثقافتی ورثہٕ مقام، دولت آباد قلعہٕ، تہٕ بی بی کا مقبرہ شٲمل چھ۔
8950,"آر سی ایم پی چھنہٕ مجرمن ہٕنٛز نٔسلہ مُتعلِق ڈیٹا جٲری کران۔
"
8951,اگرچہ ریکیٹسیاہس منٛز چُھ نہٕ یمن ہنٛدۍ مخصوص کامہ دریافت کرنہٕ آمٕتۍ، مگر کینٛہہ مطالعہٕ چِھ ریکیٹسیا سۭتۍ متٲثر انسٲنی مائیکروویسکولر اینڈوتھیٖلیل سیلٔن (HMEC) منٛز ناول ایس آر این اے ہنٛد اظہار ظٲہر کران۔
8952,ہندوستانٕکین برآمداتن منٛز اوس ریشمٕک سامان تہٕ پلو، مسالہ تہٕ غیر ملکی کھین شٲمل۔
8953,"یِمَن الزامَن ہُند تعلق چھُ أکِس مسافر جہازَس پیٹھ بمبٲری ہٕنٛز ناکام کوٗشش سۭتۍ ییٚلہِ  سُہ ڈیٹرائٹَس نزدیک اوس ووتمُت۔
"
8954,اتھ علاقس سۭتہِ ہمسایہ ریاستہٕ تہِ چھے٘ بھارٕ روُدٕ تہٕ ربہِ پسیو٘   سۭتہِ  مٗتٲثر گٲمژٕ  ؛ ربہِ پسہِ چھے٘ پر٘یتھ ورِیہ  ہتہٕ بٔدین  برٛازیلی ین ماران۔
8955,تمس چھ ہارواڈ لا سکول پیٹھ لا ہچ ڈگری۔ 
8956,مےٚ اوس نہٕ ممبیی منٛز یتھۍ کامیاب تھیٹر سینک توقع یہ زٲنتھ ز یہ چھ بالی ووڈک گڑ۔
8957,کشورس اوس ترییِم خاندر  یوگیتا بالی سٕتۍ تہٕ  یہ  چلِیوو  1976پیٹھہٕ 4 اگست 1978 تام ۔ 
8958,چنٛدرٛگُپت سٕنٛدِ حِفاظتہٕ خٲطرٕ کوٚر أمہِ سٕنٛدٮ۪و مامَو أکِس پٔہلِس سوٗ منٛگتہٕ رٹنَس منٛز مَدد۔
8959,شینہٕ گاڈ، ہنز اكھ تصویر  وُچھنہٕ پتہٕ، یوژھ تمہِ شینہٕ گٲڈِ چلاون وول بنٗن ۔ 
8960,خانٛدرٕ واجیٚنہِ زَنانہٕ چھےٚ دوستن، رِشتہٕ دارن تہٕ نَوین وٲقفن  خٗشی تہٕ مزٕ کِس ماحولس منٛز سمکھنہٕ خٲطرٕ دعوت دِوان۔
8961,موسیقی ہٕنٛدِ آلات تِہ چِھ کٲفی خاص ، یتھ کٔنہِ زَن زٕ نٕیہ  یتھ آولوس ونان چھ ۔
8962,"1993 تس منٛز، مخمل طلاق پتہٕ، بنیوو پراگ نو چیک جمہوریہک دارالحکومت۔
"
8963,کمپٔنی منٛز لگاتار بجٹس منٛز کٔمی گژھنہٕ سۭتۍ گوٚو پرٛیتھ کٲنسہ کامہ منز دلچسپی مۄکلٕنک احساس۔
8964,لداخس تام گژھن واجینۍ ترییِم سڈك چھِ  نیمو – پدم – درچہ سڑک ، یوسہٕ  زیر تعمیر چھے٘ ۔
8965,"پٲکِستانٕچہِ رازدٲنہَِ  اسلام آبادٕ پٮ۪ٹھٕہ الجزیٖرہ خٲطرٕ رپورٹنٛگ کرَن وٲلہِ  سہیل رحمانَن ووٚن زِ اسلام آبادَس منٛز چھُ خیبر پختونٛخوا پٮ۪ٹھٕہ ""آبُک سٕہلاب""جنوٗبَس كٗن وَسان۔"
8966,پارٗد چھٗ انہٲیی جراشیم كٗش ، تہٕ لاگہِ ہندین اپتدٲیی مرحلن منز اوس ٲس كین تہٕ باقین زخمن  لاگنہٕ سٕتہِ بیمٲرِ رٗكاونہٕ باپت  كٲفی آسان ۔ 
8967,وٲنٛسہِ منٛز بٔڑ وكھرگی  تہٕ وقتس دوران  اتھ منٛز تبدیلی آسہٕ سماجن تہٕ كٗمبن درمیان ویپراونہِ ۔ 
8968,جناح اوس کانگریسَس منز اعتدال پسند جماعتُک ممبر، یُس خودمختٲری حاصل کرنہ پتہ ہندو مسلم اتحادُک حٲمی اوس۔
8969,امہ پتہٕ چُھ مجسمَس دود، گنُک رس، تہٕ زعفران پیسٹ ہویٚو تحفن سۭتۍ ننہٕ تہٕ مسح کرنہٕ یوان، تہٕ صندل، لیدٕر تہٕ سنترک پاؤڈر سۭتۍ چھرٕکاو کرنہٕ یوان۔
8970,دوا، مونٹیلوکاسٹ تہٕ زیفرلوکاسٹ چھ لیوکوٹریین ریسِیپٹرس بُلاک کران تہٕ ہیكوكھ بطور یلاجس منز  اضافہٕ یا  الگ پٲٹھہِ سی یُو الین لوُكن باپت  استعمال كرِتھ ۔ 
8971,دٔستی پٔھلییہِ یہِ خبر دوٗر دوٗر تانۍ۔ سِرٛنٛگیری سِرٛی نِواس اوس پنٛنہِ گامہٕ کہِ تہٕ مُلکہٕ کہِ صحتہٕ خٲطرٕ اَکھ خاص توبہٕ کَران۔
8972, شہر چُھ بلیکلی کاؤنٹی ہٕنٛز کاؤنٹی نشست ۔
8973,خوبصوُرتس میلہِ تنقیدنگارن ہنٛدِ رلہٕ  مِلہ  جٲیزٕ  مگر بیروٗنی مٗلکن منٛز میلِس  بڑِس پیمانس پیٹھ تنقیٖدی تعریف ۔
8974,نومبر 2007 تَس منٛز زِیوٗن ہندوستانچہِ میری کومن بیسٹ باکسر ٹایٹل تہٕ کٔرٕن ٹایٹَلَن ہنٚز ہیٹ ٹرک حٲصل۔
8975,"1800 منٛز آیہِ ہندوستانَس منٛز تقریباً800,000 ہیکٹرس آبپاشی کرنہٕ۔"
8976,"توٲریخہٕ مُطٲبِق اوس اتھ منٛدرَس منٛز لِنٛگم بھگوان رامَن قٲیِم کوٚرمُت۔
"
8977,حِکامو چِھ کورِ ہٕنٛز شناختک تصدیق کرنہٕ خٲطرٕ ڈی این اے ٹیسٹ کرن وُنمت۔
8978,باسان چھٗم بہٕ ہیكہٕ نہٕ یہِ فِلم  تھیٹرن منٛز وٗچھِتھ ۔
8979,کمپنی کِس پروفایلَس پیٹھ گژھَنہٕ باپت کٔرِو اَمہِ کِس ناوَس پیٹھ کِلِک۔
8980,کانگریس کہِ قیادتہٕ وٲلۍ متحدٕ ترقی پسند اتحادن ہارنوو نٔوس پارلیمانس منٛز  NDA سیٹھاہ فرقہٕ سۭتۍ تہٕ کرین 222 نشستہٕ حٲصل۔
8981,دٔلیٖل چھےٚ أکس مزاحیہ طورس پٮ۪ٹھ شروٗع گژھان تہٕ أکس تھرلر کس طورس پٮ۪ٹھ انٛد واتان۔
8982,مدافعتی نظام چھ ڈائجسٹو ٹریکٹٕ کین صحت مند حصن پٮ۪ٹھ حملہٕ کران ۔
8983,یِمن نٲرن  ہنٛزٕ شاخہٕ چھے٘ جانورن ہنٛزن  حرکتن منز ہِشر انان ۔
8984,یہٕ چُھ گریگورین کیلنڈر کِس اگست یا ستمبرس سٕتہِ یوان ۔
8985,وۄمیدوار چھ ریاستک گورنر بنٛنہٕ خٲطرٕ افتتاحس تہ پیٛاران۔
8986,اِدارن، قومن تہٕ گَرَن منز، صابنِہ سۭتۍ  اَتھہٕ چھلنَس فروغ دِوَن وٲلۍ مُداخلتہٕ چِھ دستن کین واقعہن منز اہم کمی  ہُند وجہہ  ۔ 
8987,"یہِ چھُ اکھ اَہَم جین تیوہار یُس پرٛٮ۪تھ 12ہہِ وہٕرِ  اکہِ لٹہِ مناونہٕ یِوان  چھُ ۔
"
8988,سیفالیکسن ہیکو شرین تہٕ 65 وہر کھۄتہٕ زیادٕ وٲنسہ لوکن منز استعمال کٔرتھ ۔
8989,"لوبمباشی چھ جمہوری ریپبلک آف کانگوہک دۄٚیم ساروٕے کھۄتہٕ بوٚڑ شہر۔
"
8990,پھگوا چُھ  وارِیاہو رنگو٘ تہٕ  شانہٕ سٕتہِ مناونہٕ یوان ،یتھ سٕتہِ ریوایتی پھگوا بٲتھ یا چووتال گیونہٕ یوان چھِ ۔ 
8991,"شونسوکے ناکاموراہن بنوو 
 یہِ ہاف ٹایمہٕ برٛونٛہہ 3-0 ییٚلہ تٔمہِ ژتجیہن مِنٹن پیٹھ  جاپانَس دنہٕ آمٕژ پینلٹی  کِک تبدیل کٔر۔"
8992,یم زٕ جھیٖلہٕ چھ ونکینس 45 فیصد برِتھ  تہٕ آبہٕ كِس سطحس منٛز چھُ مزید کٔمی ہٗند  توقع ۔
8993,تاہم اکثر چھُ تِمن لوکن مینیا سپدان یمن  دوسِمتی پراگندگی آسِہ۔
8994,ٹروجنن کوٚر میجینٹو ای کامرس پلیٹ فارمس منٛز کٔمی ہنٛد استعمال کٔرتھ لینکس سرور متٲثر ۔
8995,کمپنی ٲس جلدیہِ سٹیل الہٕ بانہِ سٕتہِِ  استعمال خٲطرٕ باقی اوزار تیار کران۔
8996, برطانوی ین ہندِ انڈیمانس منز  کالنی قٲیِم کرنہٕ برٛونٛہہ، ٲسہِ یِمن بینین نِش  گاڈٕ رٹنہٕ باپت لِٹٕل انڈیمان آیلینڈٕكہِ اونگے لٗكھ یوان ۔
8997,بریکنگ چھ پٔتۍمہ محورس پیٹھ نصب ڈسک بریک ذٔریعہٕ حٲصل یوان کرنہٕ۔
8998,تیوہارٕ باپت تَیٲری منٛز چھُ دانٛدن شر٘ان تہٕ  تہٕ تیلہٕ مٲلِش  کرنہٕ یِوان ۔
8999,آب جمع کرنٕکہ کامیاب طریقہٕ کنہ چِھ ارواری دٔریاو اکھ ابدی ہ موسمی آبہٕ ذخیرٕپیٹھہٕ وسوُن اكھ ابدی دٔریاو بنیومٗت۔
9000,پیش کش چُھ پنکھہٕ، سونہٕ، رۄپہٕ ہٕنٛدۍ سکہٕ تہٕ قیمتی کٔنیو سۭتۍ یوان کرنہٕ۔
9001,یہِ تعینٲتی آیہِ تِھمایا سٕنٛزِ تجویٖزِ خٕلاف کرنہٕ، ییٚمہِ کِس نٔتیٖجس منٛز تٔمۍ اِستیٖفہٕ دیُت۔
9002,ییٚلہ بہٕ پننس رٹایٔرمینٹ منصوبہٕ کس کم گژھوِنس مۄلس متعلق سونچان چھٗس ،مےٚ چھٗ سخت مایوُسی ہند احساس سپدان۔
9003,زانسكار چین وتن  سٕتۍ سٕتۍ سنگترٲشی كرِتھ كٕنہِ پچہ پریتھ کنیہ پچہ پیٹھ چھٗ “اوم مانے پدمے ہم “ كھنِتھ۔ 
9004,یہِ چھُنہٕ واضح ز کیا میک ایمنڈ چھا ژٔنٛدٕروارِ دۄہ کِس کھیلَس منٛز واپس یِنہٕ خٲطرٕ کٲفی فِٹ ۔
9005,شہری بدامنی متعلق خدشو تروو حكوُمت کین  قانون نٲفِذ کرنہٕ كین   فیصلن پیٹھ اثر ۔
9006,"اَمہِ سۭتۍ بَنہِ تِمن تام واتُن زِیادٕ مشکِل اگر خریدٲری ہِنز خواہش تۄہہِ پیٹھٕ پیٚیہِ۔
"
9007,مُقَدس تحریٖرن ہِنٛد کُتُب خانہٕ چھِ لوہِت ضِلعس منٛز واریاہن جاین، یِمو منٛزٕ سارِوٕے کھۄتہٕ بوٚڑ چوکھمَس منٛز چُھ۔  
9008,"سِکل سیل انیمِیا، ییٚمہِ سۭتہِ خونچہِ خلیہٕ بنٛد گٔژِھتھ تہٕ خوٗن چہِ رگہٕ بنٛد ہیٚکہِ کٔرِتھ، ہیٚکہِ فالجِہ ہُند بٲعث تِہ بٔنِتھ۔
"
9009,سہ آو 1996 تس منٛز نیشنل بیس بال ہال آف فیم تہٕ میوزیمس منٛز شٲمل کرنہٕ۔
9010,یِہ چِھ اَکھ تصویر ز ٹیکسی کِژھ ٲس باسان ۔
9011,مدھوا متن ویاسیوگیکیریتاہُک دعوا چھُ زِ  مدھوا سیر ویاستیرتھا اوس کرشن دیو رایا سُنٛد راجہ گرو۔
9012,یہ چھ  اصل کھۄتہٕ کم اندازٕ زاننہ یوان تکیاز نجی ہسپتال آسن نہٕ پنٕنۍ اعداد و شمار رپورٹ کران۔
9013,الیش چھُ وسطی ایشیائی لُکہٕ  کُشتی سٹائل باپت اکھ ترک لفظ یَتھ منز جاکیٹ، ٹراوزَر تہٕ موٚٹ بیلَٹ لَاگُن شٲمِل چھُ۔
9014,اتھ منٛز اوس پیرامیٹرک حرکت پذیری شٲمل، یم ہموار، زیادٕ زندٕ حرکت خاطرٕ حرکت پذیری یکجا کٔر۔
9015,حٲبت  چھُ اکثر نفسیٲتی حٲبت  تہٕ مافوق الفطرت حٲبت ہِوین  ذیلی صنفن منٛز تقسیم کرنہٕ یوان۔
9016,باقٕے مقامی سیاحتی دِلچسپین ہنزن  جاین منٛز چھِ پلوا دورُک مشہوُر گنیش مندر تہٕ مدوُراے نایک دورُک قلعہٕ شٲمِل۔
9017,عمومن چھ انک جیٹ پرنٹر تم لوکھ استعمال کران یم واریاہ کم پرنٹ چھ کران ۔
9018,یہِ آو 1845 پٮ۪ٹھ 1947 تام ، بطور مَرکٔزی صوبٕن ہندِ  چٕھتیٖس گَڑھ حِصَہٕ ، بَرطٲنوی حُکوٗمتَس   تَحَت ۔
9019,یہِ چھ امی زمرٕ کٮ۪ن چیٖزن خٲطرٕ اکس عام مثالہ یا معیار کس طورس پٮ۪ٹھ کٲم کران۔
9020,امِكہِ  ثبوُت چھِ زِ ویجنل ڈیپوویرائن چھٗ غٲلبن تِمن زنانن منٛز ایچ آی وی کم کران یم مردن سۭتۍ  ہم جنسی كران چھے٘ ، باقیہ قسمہٕ کیو٘ ویجنل مائکرو بایسایڈو٘  چھنہٕ ایچ آی وی یا ایس ٹی آی یس خٲطرٕ مٗعشر آسنٗک مٗظٲہرٕ کوٚرمٗت۔
9021,کافینُکہ استعمالس  چُھ اتھہٕ گژھنٔکِس شرحس سۭتۍ تِہ  رشتہ آمُت وچھنہ، کم از کم زیادٕ مقدارس منز نِنہٕ سۭتۍ ۔ 
9022,"تمی ؤرۍ یہِ تھوٚو أمۍ گۄڈٕنِچہِ لَٹہِ ہیلو بردرَس سۭتۍ کامیڈی منٛز قدم، یوٚس واریاہ کامیاب روٗز، تہٕ پتہٕ  آیہِ یہِ ہِندی منز جوڑوا ناوٕ سۭتۍ دوبارٕ بناونہٕ۔
"
9023,ونڈرلیچس ٲس اکھ خوبصورت، واضح آواز یۄس جرمن لیڈر سٕنٛد خٲطرٕ بہترین ٲس۔
9024,کوکی بٲغی جمٲژٕ چھےٚ دۄن بجن تنظیمن تحت: کوکی نیشنل آرگنائزیشن (KNO) تہٕ یونایٹڈ پیپلز فورم۔
9025,بولڈس منٛز کلب چِھ ونکینس ٹاپ ڈویژنس منٛز گنٛدان ۔
9026,اپیل بوزنہٕ پتہٕ تھوٚو پانژن ججن ہنٛد اپیل کورٹن پنن فٲصلہٕ امہ پتہٕ کس تاریخس تام محفوظ۔
9027,یِمو پیش رفتو کہِ وجہ سۭتۍ چھُ 1969 ؤری سنوکر کِس جدید دورُک آغاز کرنہٕ خٲطرٕ نِنہٕ یِوان۔
9028,پتِمہِ زٕ ٹیسٹ میچ ڈرا تھونہٕ باوجوُد آو گواسكر سندِ بدلہٕ كپِل دیو 30 ہارنہٕ پتہٕ كپتان بناونہٕ ۔ 
9029,یہِ تہِ چھٗ باسان زِ سینٹرل سیرس ریٹینوپیتھی ہیٚکہ یلاج کرنہٕ آمٕژِ آفتابس منٛز خراب ٲچھ منٛز وسِتھ گژھنٗك  نٔتیٖجہٕ ٲستھ ۔
9030,رودرا چھ شہر کین لکن خٲطرٕ ہیرو بنان۔
9031,تٔمہِ لیٖچھ پروٹسٹنٹ چرچہٕ خٲطرٕہ دیگر کی بورڈ موسیٖقی تہٕ موسیٖقی تہِ۔
9032,اہلِکارو مطابق آیہ بیٚیہ زٕ بم  پولیسس نشانہ بنٲوتھ لاینہ یمو سۭتۍ ترےٚ زخمی سپدۍ۔
9033,تاہم، اتفاق رائے چِھ آثار قدیمہ کین  شہادتن  ہندس بٗنیادس پیٹھ سانہٕ دور کہ2 پیٹھ 4 مہ صدی ہندِس  روٲیتی تاریخ کس حقس منز۔
9034,امہ علاوٕ کوٚر امہِ غازا ہٕچ ناکہ بندی ختم کرنٗک مطالبہٕ۔
9035,ہیتی کریول زبانہ کوٚر ہیتی انقلاب پتہٕ مشرقی کیوباہچ ثقافت متٲثِر ۔
9036,باقٲعِدگی سان کٔرِو اعلان، خٔصوٗصی سودا، تہٕ پنٛنہِ مالٕچ یا خٕدماتٕن ہنز  تصویٖرِ پوسٹ۔ 
9037,اگر فِہرسَت ورۍ یہِ پتہٕ ورۍ یہِ پوٗرٕ پٲٹھۍ بدلان چھُ، یہِ ہیٚکہِ کمپنی ہنٛدۍ مسلہٕ جٲری تھونھک  اِشارٕ ٲسِتھ۔
9038,اتھ منز چھُ كُمار سٕنز نیچِوِ سٕنز كوُر راتھ کیُتھ پكان تہٕ خابس منز پننِس  بُڈۍ ببس میلان 
9039,گۄڈٕ گۄڈٕ اوس عیالَس خوف زِ لوونگَن چھِ پننٕہِ  شُرِ ڈرٛگ باپتھ پونٛسہٕ خٲطرٕ کٕنمٕتہِ۔
9040,تیوہار کیٛن دۄہن یِن گٲمی مکانن ہِنٛدۍ آنگن صاف کرنہٕ تہٕ تازٕ گٲو گُہہِ سۭتۍ لِونہ۔
9041,ریڈیشن  تھیرپی چھ بیمارین ہنٛدِ علاج خأطرٕ تابکاری ہنٛد استعمال۔
9042,"سہ اوس 1978 پٮ۪ٹھٕ 1980تھس تام 101مہ اییر بورن ڈویژنک کمانڈر تہ۔
"
9043,"وۄنٛہِ گوٚو، ناؤ رنِنٛگٕكہِ نویون  جیوتی پراسراہَن ووٚن اَتھ ""غلط ، اڈی  دِلہٕ تہٕ نٮ۪صف  پٕیہِ مٕژ ""، اتھ 1.5 سٹارَن ہُنٛد درجہٕ دِوان ۔
"
9044,علاقس منٛز قونوٗنٗك نٲفِظ چُھ دادرا اینٛڈ نَگر حَویلی تہٕ دَمن اینٛڈ دیٛوٗ پُلسٕچہِ ذِمہٕ وٲری ۔
9045,تہنٛد وٲحد شر چھےٚ کوٗر چیلسی کلنٹن، یۄسہٕ 27 فروری 1980  منٛز ذایہ۔
9046,"گارشیا گزریو 29 وہر 8 جنوری 2018 ہس منٛز لیوکیمیا سۭتۍ۔
"
9047,"تٔمہِ سنزٕ کامہِ چھے٘ 18ہِمہِ صدی منز چینی موسیقی ہند مطالعہٕ کرنہٕ خٲطرٕہ استعمال گژھان۔
"
9048,غریب یا خطرناک ملکن ہٕنٛدۍ واریاہ لوٗکھ چھ حٮ۪فاظت خٲطرٕ جرمنی گژھان۔
9049,اتھ چھٗ لداخی روایت تہٕ ثقافت رژھراونہٕ باپت  فخر ۔
9050,مو٘غل سلطنت کِس زوالَس دوران تھٲو امبرٕكہِ ہیندِ  بادشاہ جے سنگھ II ہن مو٘غل عٔلم نجوٗمچہِ  کٲم جٲری۔
9051,بطور اصوُل  ٲسہِ برازیلی كٗھلہِ پٲٹھہِ گِدنٕچ طرفدٲری كران ۔ 
9052,سُہ گُزریو پیرِس، فرانسس منٛز، قۄدرتی وجوہاتو سۭتہِ، 90 وُہُر۔
9053,پرتگال تہٕ سپین ٲسۍ 1580 پٮ۪ٹھٕ 1640 تام آیبیرین یونینس منٛز۔
9054,کالجس منٛز تعلیم مکمل کرنہٕ پتہٕ گوٚو سُہ نارتھ ایمپٹن، میساچوسٹس کس لا سکولس۔
9055,ابتدٲئی جدید دورٕکۍ عقیدت مند ادبس منز چھ بھکتی سنت یتھ کٔنۍ زن تکارام، ایکناتھ، تہٕ رام داس سند طرفہٕ بالترتیب بھگوان پانڈورنگ سٕنز تعریف شٲمل۔
9056,"یہ بٲتھ آو فلمہ خٲطرٕ بیٚیہ بناونہٕ، یتھ منٛز موسیقی تنیشک باگچی، ایس تھامن، تہٕ چندن سکسیناہن بیٚیہ پیش کٔرمٕژ ٲس۔
"
9057,مےٚ چھنہٕ بہان ز ویکیوم کلینر کمپنی چھ اکھ 24/7 خریدارن باپتھ سپورٹ لاین تکیاز روتلہ چھنہٕ کانٛہہ تہ کالہِ ہٖند  جواب دوان۔
9058,"تخلیق کار چھُ شطرنج بناون وٲلۍ سٕندۍ پٲٹھۍ زاننہٕ یِوان۔
"
9059,تمہِ وو٘ن  زِ اتھ بناونس  لٕجہِ تیژٕیہ محنت ییژ تر٘ین فَلمن لٕگہِ ۔ 
9060,تم ٲس جنوب مشرقس منٛز جرمن گسٹاو لائن کس دفاع ہس پیٹھ حملہٕ کرن یژھان۔
9061,یہِ تہوار چھُ سٲرِسٕے ہنٛدوٚستانَس منٛز تمام ہیٚنٛدِ پننٮ۪ن گَرَن تہٕ سوریہٕ یس وقف بے شمار منٛدرَن منٛز منٛاوان۔
9062,کھُور  چِھ واریاہن معاملن منز بیُن ییٚلہ زن  زنگِہ خون کم واتان آسِہ۔
9063,سۄ چھےٚ پلیٖسس ثبوت ہاونہٕ خٲطرٕ پننیین سیل فونس پیٹھ پرٛیتھ چیز ویڈیو ٹیپ کران مگر تمس  چھ سدا تہٕ گری رٹناوان۔
9064,پو گو  تٔمہِ سٕنٛدِ مرنہٕ پتہٕ سٮ۪ٹھاہ دٕگہِ سۭتہِ تباہ  ۔
9065,بنیٲدی خیالات ٲس بییہٕ اکہٕ تحریکہٕ خٲطرٕ اہم، یتھ وٲرٕڈ آف فیتھ ونان ٲسہِ ۔ 
9066,ایجلی پارک چھِ ایجلی، سٹاک پورٹ، انگلینڈس منٛز اکھ فٹ بال سٹیڈیم۔
9067,برٛہمچارِنی ہِنٛز پوٗزا چھےٚ نجات یا موکش تہٕ سکوٗن تہٕ خۄشحٲلی حٲصِل کرنہٕ خٲطرٕ یِوان کرنہٕ۔ 
9068,"پرزان دستوٗر چھُ اکھ ہندوستٲنہِ  اداکار تہٕ مُصَنِف۔
"
9069,ییلہٕ یہ خبر پٔھلییہ تہٕ آیہ آر آٮٔی ایل کین شیٚیرن ہٕنٛد قیمتن پیٹھ کینٛہہ مارجنِک اثر۔
9070,پُلاکیشِن  سُند آیہول نوشتہ چھُ ونان زِ سُہ اوس بہادُرن تہٕ عالِمن انعام دِنس تہٕ عزت افزٲیی کرنس منز فراخ دِل ۔
9071,فٹسل اوس1991 منٛز سوسائٹی فار بَین الاقوٲمی ہاکی ریسرچُک صدر بناونہٕ آمُت ۔
9072,"2010 چِہ مردم شمٲری منٛز ٲسۍ 14,867 لکھ تتِہ روزان ۔"
9073,ریاست ہاے متحدہ امریکہس منٛز، اوس 2002 ہس منٛز خرچہ 181 بلین ڈالر۔
9074,1 جون 2011 ہس منٛز بنیٛوو سہ اے اے یو ہک صدر۔
9075,1970 تھس منٛز مِیول تٔمِس ڈَچ والی بال فیڈریشن طرفہٕ میڈل آف آنر۔
9076,یِہ چُھ مانٛنہٕ یوان زِ اصل ہیٚلِچ پوزا چِھ اناج کیٚن فصلن ہنٛز زرخیزی منٛز اضافہٕ کران۔
9077,"یہ چھ اسہ سہ ایجنٛٹ ژھانٛڑنس منٛز مدد کران یس جسمس منٛز حرکت پٲدٕ چھ کران۔
"
9078,شدید اپینڈیسائٹس منز چھُ تیز یٔڑ دود، آولُن، اُلٹی تہٕ تَپھ شٲمِل۔
9079,تٔمہِ  لیٚچھِ ایشاوَسیاوٕرٛتی تہٕ سِتھیتاپرٛجنا درشن  جیلَس منٛز۔
9080,کھیل کس ٲخرس پیٹھ ہیکن کھلٲڑۍ پنٕنۍ چپ پونٛسو باپتھ تبدیٖل کٔرتھ۔
9081,"باقی یادگارن منز چھِ انڈیا گیٹ، جنتر منتر- 18ہِمہِ صدی ہند فلکیٲتی رصد گاہ، تہٕ 16ہِمہِ صدی ہند اکھ قٕلہٕ پٗرانا قلعہ شٲمل۔
"
9082,سہ بنیٛوو اکھ امن پسنٛد تہٕ 1907  منٛز زیوٗنن امنک نوبل انعام۔
9083,"بایوجینیسس کہ قٲبل تصدیق نظریہچ تلاش چھ تحقیقک اکھ الگ شعبہٕ۔
"
9084, 1938 منز اوس سمرسیٹ موام ،میسور کِس دورس دوران ، ناراینس سمکھُن وونمُت ، مگر تس مُتعلق اوس نہٕ زِیادِ لوُکو بوُزمُت یُتھ زن یہِ مُلاقات سپدِہے۔ 
9085,مہراز: ماچھ چُھ سارِوٕے کھۄتہٕ موٚدُر تہٕ بہترین۔ 
9086,"تٔمہِ دِتہِ اتھ 5 ژَو منٛز 3 سٹار۔
"
9087,انسانس منز چھُ وایرس رٹن وول  بنیٲدی  انجیوٹینسن تبدیل کرن وول  انزائم 2 (ACE2) تہٕ  ہیماگلوٹینن (HE) ، یمچ شناخت گییہ گوڈنچہ لَٹِہ 2003 ہس منز ۔
9088,جنوُبی کوریٲیی شہرن زیوُن ، پتِمین دو٘ن كوُشِشن منز ہارنہٕ پتہٕ ،میوُنخ، جرمنی   تہٕ اینسی، فرانسس سٕتہِ۔
9089,درجنہ واد لوکن ہنٛد خٲطرٕ چھ نہٕ  غٲر معمولی زِ أکسی سیریز، یا یوتتھ تام ز أکسی کردارک لباس لاگن۔
9090,20/20 اچھِ گاش  وٲلس کٲنٛسہِ شخصس منٛز کٔمی چھےٚ عام طور تقریبا 20/40 یا 20/60 آسان، مگر یہ ہیٚکہ بہتر یا واریاہ بدتر ٲستھ ۔
9091,مثالے تٗہٗند سوزن وول پتاہ آسہِ یتھہٕ كٕنہِ ۔
9092,جمع دۄہ أکس پریس ریلیزس منٛز کوٚر کچنر رینجرز ہیڈ کوچ تہٕ جنرل منیجر پیٹر ڈی بویرن نایٹس سۭتہِ تجارتٗک عیلان۔
9093,"فن ہارپس چھُ کاؤنٹی ڈونیگل، جمہوریہ آئرلینڈَس منٛز اکھ فٹ بال ٹیم۔
"
9094,اَمیُوک مطلب چھُ موثر طریقہٕ سۭتۍ زِ کانٛہہ تہِ روٗسی کھلٲڑۍ ہیکہِ نہٕ کُنہِ تہِ بین الاقوٲمی کورف بال ایونٹَس منٛز حصہٕ نِتھ۔
9095," مركزی زیر انتظام علاقہٕ چھٗ ترین ضلعن پیٹھ مشتمل ۔
"
9096,یِمن ریٛتن دوران چُھ زُلُک روڈو ڈیڈران کیو مُختٔلِف قٕسمو کِنۍ رٔنٛگیٖن آسان۔
9097,امہ سۭتہِ گیہ  تناعضٕچ لہر شروع  یتھ منٛز واریاہ باقٕیہ پروڈیوسر تہٕ ہدایتکار یہ دعوی کرنہٕ خٲطرٕ برٛۄنٛہہ آیہِ  زِ تمن اوس ملٹی پلیکس چینو دٕسہِ  یژھی جبری وصوُلی ہُند مُقابلہٕ كرُن پیومُت ۔
9098,"پُلیٖسن کٔر حٲدِثٕٗك  تحقیٖقات شُروٗع تہٕ چِھکھ اِنتِقٲمی حملہٕ رُکاونہٕ باپتھ علاقہٕ كہِ  حِفاظتہٕ خٲطرٕ علاوٕ سِپاہ تعینات کٔرِمٕتہِ ۔
"
9099,واریاہ ڈوم شائقینو چھِ پنٕنہِ تجدید كرِتھ صوُرژٕ بناوِمژٕ   یمن سورس پورٹس ونان چھ ۔
9100,"تمۍ آسہِ خٕطس منٛز امن قٲیِم کَرنہ خٲطرٕ اَکہ چیک پوائنٹ پٲٹھۍ کٲم کٔرمٕژ تٕہ سۭتۍ سۭتۍ تَتھ وقتس منٛز تجارتی تبادلن پیٹھ قابوٗ کرنہٕ خٲطرٕ تِہ کٲم کٔرمٕژ۔
"
9101,تہنزِ کمپنی منٛز چھِ ترقی واریاہ اَہَم مگر باقی کمپنین ہنٛدِ مقابلَہ منز چھِ ترقی ہُنٛد اندازٕ لگاوُن اتھ شعبس منز تہنز کامیٲبی بیان کران۔
9102,"لکھٲرۍ پکناون پنٛنٮ۪ن اقساطن ہٕنٛز دٔلیٖل گۄڈنکہ کھۄتہٕ برٛۄنٛہہ۔
"
9103,دھات چھ یِران ییلہ زن گینگو چھ بۄن کن ڈوبان۔
9104,سہ اوس پنٕنۍ قیادت خٲطرٕ تہ مشہوٗر تہٕ اوس اکھ بہتٔریٖن پینلٹی  رٹن  وول تہِ ۔
9105,"سکم ناو کہ شروعاتک نظریہ چھ یہ ز یہ چھ دۄن لمبو لفظن ہند مجموعہٕ: سو ، ییٚمیک مطلب چھ ""نوٚو"" ، تہٕ خیم ، ییٚمیک مطلب چھ ""محل"" یا ""گرٕ"" ۔"
9106,"تھنک پزلک خاص ""شپ آف تھیسیس"" ورژن اوس گوڑنک لٹہٕ یونٲنی افسانس منٛز متعارف آمت کرنہٕ یتھ کٔنۍ ز مورخ، سوانح نگار تہٕ مضمون نگار پلوٹارُکن رپورٹ چھ کوٚرمت۔"
9107,امہِ  خوطبن ہوو قۄدرتیگوپھہِ ہٗند تٲریخ 4 مہ  صدی عیسوی کِس اتھہِ  دورس منز ۔
9108,واریاہ جاناوار تہِ چھِ لبنہٕ یِوان، مثلاً وۄزُل تیٖتر، ہمالیٲیی مونال، ونہٕ کۄکُر، شینہ  تیٖتر تہٕ باقی۔
9109,بٔڑ کریڈٹ کارڈ جٲری کرن وٲلہِ کرَن ہیرِمہ دۄشوٕ ضٔروٗرتہٕ معاف۔
9110,"گۄڈٕ گۄڈٕ اوس یہِ راجپوٗت بادشاہ بھیم دیو رسیال آف ریاسی سٕنٛدۍ دٔسۍ میژِ سۭتۍ بناونہٕ آمُت۔
"
9111,"سۄ ؤژھ امریٖکہ کس سینیٹس خٲطرٕ  الٮ۪کشنس، مگر ہوٗرن۔
"
9112,فریج یا بلیٹن بورڈ چھ یہ تھاونہٕ خٲطرٕ اکھ بہتٔریٖن جاے۔
9113,"کٮ۪نٛہہ اہم تٲریٖخی مقام، نوادرات تہٕ دستاویز چھ ابتدٲیی بورڈ کھیلن یتھ کٔنۍ زن ایرانس منٛز جیروفٹ تہذیب گیم بورڈن پٮ۪ٹھ روشنی تراوان۔
"
9114,سُہ اوس اکھ بیرسٹر تہٕ زیُٹھ رہنُما انڈین نیشنل کانگریسُک، یِمَو ملکٕچ آرٲدی ہنٛدِ جدوجہد باپتھ اکھ اہم کِردار ادا کوٚر، تہٕ وُچھُن اَمیُک ملاپ اکہِ یکجت آزاد ملکٕکۍ پٲٹھۍ۔
9115,کریٹن چھ خاص قسمٕکۍ براعظمی کریژھِ  یم اکہ پیٚٹھِمہِ تاہ چھِ  یتھ پلیٹ فارم چھِ ونان تہٕ اکہِ  پرانہ تاہ  سۭتہِ یتھ بیسمنٹ چھ ونان  سٕتہِ بنیمٕتہِ۔
9116,ہندوستان کہ نوآبادیاتی حکومتہٕ نش آزٲدی حٲصل کرنہٕ پتہٕ آو اتھ علاقس 1952 منز خود مختار حیثیت دنہٕ، ییٚتہ میزو لوکو پنن قوانین بنٲوتھ عدالتی فیصلہٕ دِتۍ۔
9117,"رادھایہِ سٕتہِ  کرشن  سٕنٛدِس  مزاقیہ گِندنس مُتعلِق بٲتھ چھِ  کام-رتی ہنز عقٲصی زٲنِتھ گٮ۪ونہٕ یِوان ۔
"
9118,برین سسٹٕکۍ زیٛادٕ تر معاملہٕ چھِ حادثٲتی طور لبنہٕ یوان، باقین بیمارن ہٕنٛز تشخیص دوران۔
9119,تُہۍ ہیکِیو سیلف فِیڈ سکینر یا ہینڈ ہیلڈUV لایٹن پیٹھ غور کٔرِتھ یِم حفاظتی خصوصیاتن روشن چھ کران ۔
9120,اکھ منگا تہ اوس یس کینٹارو یابوکی ین بنوومٗت اوس ۔
9121,امریٖککۍ میزایل ڈیفنس ایجنسی کوٚر اعلان زِ ہوہَس پیٹھ پَکَن وول لیزر سسٹمَن پوو گۄڈٕنِکہِ لَٹہِ کامیٲبی سان اکھ بیلسٹک میزایل۔
9122,"ریاستک ناو چھ 'میزو'، مقٲمی بسکینن ہنٛد پانہٕ بیان کرنہٕ آمت ناو، تہٕ 'رام'، ییٚمیک مطلب میزو زبٲنہ منٛز ""زمین"" چھ۔"
9123,بہٕ گوس خاصکر تٔمہِ سٕنٛدِ سمندرس تام سالٹ مارچ  تہٕ تٔمہِ سٕنٛدٮ۪و بےٚشمار فاکو سۭتہِ مٗتٲصر۔
9124,مُکنٛدرٛا ہِلز نیشنَل پارک چھےٚ پہٲڈی  تہٕ اَتھ منٛز چھِ قٕسٕم وار کُلہِ ، کُجہِ تہٕ جانوَر۔
9125,سون آف سردارس چھ ڈسٹری بیوٹر شیئر 49-500 ارب ۔
9126,موسیقی ٲس امجد ندیمن ترتیب دژمٕژ ییٚلہ زن بٲتھ  شاداب اختر تہٕ سمیرن لیکھمٕتہِ ٲسہِ ۔
9127,1970 کس دہائی کس اوائلس تام ٲس پلاٹو سسٹمس پیٹھ لوکھ ایموٹیکن استعمال کران ۔
9128,ییٚلہ توہہِ نیران چھوٕ، تو٘ہہِ  کیٛاہ چھِوٕ تِمن ونان؟
9129,"اَمکۍ شُمال مغرِبی سرحَدٕ، یِمَن منٛز گُہلا-چیکا شٲمِل چھِ، چھِ پنجابَس سۭتۍ رلان ۔
"
9130,"ناکام منصوٗبَن ہِنٛدِ سِلسِلہٕ پتہٕ کٔر أمۍ جگنو (1947) ہَس منٛز باکس آفسَس پیٹھ گۄڈٕنِچ ہِٹ فلم۔
"
9131,یہ چھ زندگی ہٕنٛدیٚن پیچیدٕ مرحلن ہٕنٛز علامتی یاد دہٲنی یِمیٗك   نٔوِس ؤرِیس منٛز معقول  توقع کرٗن پزِ ۔ 
9132,مشرقی حصہٕ چھِ زَرخیز سٲحلی مٲدان تہٕ شُمٲلی حصہٕ چھِ پہاڑن تہٕ میدانی علاقن ہُند مِلمِش۔
9133,منصوٗبہٕ فراہم کرنس متعلق تہندۍ اندیشن چھُ منصوبہٕ کار ٹیمہ خٲطرٕ ماحول واریاہ خراب بنوومت۔
9134,امپیٚسلیٖن، کلورامفینکول، ٹرائمیتھوپریم-سلفیمیتھوکسازول، آموکسسلین، سِپروفلوکسین  ہی اینٹی بائیوٹک  چھٕ عام طور  امكہِ یلاجہِ باپت استمال كرنہٕ یوان ۔ 
9135,"13 اکتوبر 1987 تمۍ سٕنٛدِس بٲیِس اشوک سُنٛد 76 ہِم زا دۄہ، مُود سُہ شامَس 4:45 بجہِ بمبیہِ منٛز دِلُک دورٕ پینہٕ سۭتۍ ۔
"
9136,"پننہٕ زندگی دوران کٔر نہٕ ورکودرن زانٛہہ تہٕ پننس مٲلس ماجہٕ، دیوتاہن تہٕ اُستادن سۭتۍ نرمی سۭتۍ کتھ، سوائے دیوا روسی سۭتۍ، یُس حقیقی دیوتا اوس، سُہ اوس نرمی سان کتھ کران تہٕ عبادت کرُن یژھان۔
"
9137,"أمہِ چھُ واریٛاہَن مُلکَن منٛز رٲبطَن ہُنٛد اکھ زال قٲیِم کوٚرمُت تہٕ چھُ لگاتار یہِ بڑاوان۔
"
9138,ککر اوس بُرہان پور کین ہندیو نِش جزِیہ سومبراونہٕ چہِ کامہِ پیٹھ تاینات۔ َ
9139,ییٚلہ سہ ستہٕ وہر اوس تمہ سٕنٛدۍ مٲلۍ کوٚر أمس پیانو ہیٚچھناون شروٗع۔
9140,اکھ سٹیشنری برقی مقناطیسی چھ پنڈلم کہ توازن پوائنٹس تل تھاونہٕ یوان ۔
9141,"سکرپٹَس پیٹھ کٲم کرن وٲلۍ ڈائریکٹر یا ٹیمٕک کٲنٛسہِ تہِ رُکُن سٕنٛدِ طرفہٕ یِنہٕ وٲلۍ پرٛیتھ سوالُک جواب اوس دھونیَن سیوٚدُے دِیُتمُت۔
"
9142,ٹویٹر کمپنی بدلوو یہ کٲم کرنک طریقہٕ 31 اگست 2010 کہ دۄہہ۔
9143,ویسلک چھ اکثر وینکوور ، برٹش کولمبیا ، کینیڈاہس منٛز اوشین پروڈکشنن سۭتۍ کٲم کران ۔
9144,"تاہم  محمد رفیع سُنٛد نیٚچُو، شاہد رفی چُھ اَتھ دعوہس نکار کَران تہٕ یہِ چُھ پنٛنِس مٲلۍ سٕنٛزِ شہرتس بےٚ عزتی کرنٕچ کٲم قرار دِوان۔
"
9145,یتھ نموُنس  منٛز چھٗ ایسیٹالڈیہایڈ ریٹینالڈیہایڈ ڈی ہائیڈروجنیز کہ ذریعہٕ ریٹینوک ایسڈچ پیداوار روکاوان۔
9146,بینک چھِ تۄہہِ حوصلہٕ اَفزٲیی کرنہٕ خٲطرٕ اَکثَر محدود وقتَس تام تعارفی شرح پیش کران۔
9147,اشتہارن منٛز ہیكن الفاظ ، تصویر ، ویڈیو یا باقی میڈیا ٲستھ ۔
9148,کھیتری برادری کٔر فلمہ منٛز برادری  ناون ہنٛدِ استمالٕچ  مُخالفت، امہ کنہ آیہِ جڈیجا تہٕ رابری برادری لقب سنیدا تہٕ رجاڈی سٕتہِ بدلاونہٕ ۔
9149,امکہ مقام چھ شمال مشرقی افغانستان پؠٹھہٕ پاکستان پؠٹھہٕ مغربی تہٕ شمال مغربی ہندوستانس تام اکس علاقس منٛز پھہلتھ۔
9150,ہیڈنگلے یس منٛز چھ طٲلبہ عٲلمن ہنٛز اکھ بٔڑ آبٲدی تہٕ یہ چھ ہیڈنگلے سٹیڈیم خٲطرٕ تہ زانٛنہٕ یوان۔
9151,"میرٹھس منٛز بغاوتکہ گۄڈنکہ پھوٹنہ پتہٕ دۄیہِ ریتۍ سمکھییہِ دۄشوے فوج کرنالس نزدیک۔
"
9152,یہ چینل چھ کوریا، لاطینی امریکہ تہٕ امریکہ پیٹھ ٹی وی سیریز نشر کران۔
9153,أکۍ گراكن كو٘ر  سٲنہِ  ذٲتی مشورٕ خٲطرٕ تعریفن ہٗند  اظہار تہٕ امہِ سۭتۍ گیہ ٲسہِ قدرتی خوشی ۔ 
9154,پتہٕ کٔرِیو تمن ؤرِین ہٗنٛد تعداد درج یمن منٛز توہہِ  سرمایہ کٲری ہنٛزِ ترقی وو٘ن دیوٗن  یژھان چِھو۔
9155,وۄنٛہِ گوٚو، پٔتِمٮ۪ن ؤرِیَن منٛز چھُ گۄڈَے طے شُدٕ مُسلِمان برادٔری احاطہٕ خٲلی کرنس اِنکار کوٚرمُت، ییٚمہِ سۭتہِ  فسادٕ تہٕ بدنظمی گٔیہِ یِژھ  زَن 1980 تہٕ 1990 کِس دہلِس منٛز۔
9156,"پرٛٮ۪تھ کانٛہہ کھلٲڑۍ چھ فل بیک، ہاف بیک، فارورڈ تہٕ گول کیپرن ہشن جاین پٮ۪ٹھ گنٛدان۔
"
9157,أمس چھ پٔتمہ خانٛدرٕ سۭتۍ زٕ شرۍ تہ، یتھ منٛز ایڈی اگاسے تہ شٲمل چھ۔
9158,زیادٕ تر فائل فارمیٹن منٛز چھٗ آر جی بی فارمیٹ رنگٕكہِ  وضاحت خٲطرٕ استعمال سپدان  ۔
9159,آیے ڈراپس چھ زیٛادٕ تر شرٮ۪ن خٲطرٕ محفوظ آسان۔
9160,رسوٗمات ٲسہِ دھرمٕچ زنٛدگی گزارنٕچ اکھ ٹھۄس بنیاد بناونہٕ خاطرٕ ترتیب دِنہٕ آمٕتہِ ۔
9161,پڈوچیری ہک مرکزی علاقہٕ چھ جزیرہ نما ہندوستان کس جنوبی حصس منز واقع۔
9162,"پِچیمیوٗم: پِچیمَیوٗم چُھ اَکھ میتی مٔنی پوٗری کنیت یا خاندٲنی ناو یَتھ ہندوستان آگُر چُھ۔
"
9163,ونڈوز 10 چھٗ اكھ نو٘و  ویب براؤزر ہیتھ یوان یتھ مائیکروسافٹ ایج  ونان چھِ ۔
9164,ییٚلہ بیس بال اتھہٕ پنٛجہ گۄڈنچہ لٹہٕ بناونہٕ آیہ ، تم ٲسۍ نہٕ واریاہ اِستعمال کرنہٕ یوان ۔
9165,چارلس تہٕ مارگریٹ ڈایسن سٕند اکس فراخدلی تحفہٕ سٕتۍ ترٛٲو تٔمۍ مارگریٹ ایم ڈایسن ویژن ریسرچ انسٹی ٹیوٹٕچ بنیاد، یوس دنیا کٮ۪و بڑیو ریٹنا کہ تحقیقی پروگرامو منز اکھ چھ۔
9166,امرتسر منز گیہ  تقریباً 8000 سِکھ جمع تہٕ کوٚرُکھ مرکزی پنجاب کِس ماجٛھا تہٕ رِیاکی علاقس پیٹھ قبضہٕ ۔ 
9167,یہ کیٛاہ زبردست سفر اوس! مےٚ اوس نہٕ زانہہ سوچمت ز یہ لۄکٗٹ کاربار کرِ  بازرس یوتاہ متاثر۔
9168,سنوڈ لینڈ ریلوے سٹیشن چھٗ کینٹ کِس سنوڈ لینڈَس منٛز اکھ ریلوے سٹیشن۔
9169,اتھ منٛز چِھ قومی پارلیمنٹک گَرٕ تِہ ۔
9170,"کرن اروڑہ سٕنٛزِ پروڈیوس کٔرمٕژ یہِ چھےٚ راز سٕنٛز ہدایت کٲری ہِنٛز شُروٗعات۔
"
9171,مےٚ اوس نہٕ زانٛہہ توقہٕ كورمٗت  ز میون فرٛج کر چِنیی ہنزِ گرمی سرد  کرنہٕ بجایہ وٗشٗن کٔرتھ چلینج ۔ 
9172,بس أکِس یِژھِ کمپنی منٛز سرمایہِ کٲری کرٕنۍ یوٚس تۄہہِ پسند آسہِ تہِ چھُ اکھ بالکل معقول حکمتہِ عملی، بشرطیکہِ تُہۍ چھِو صرف اکھ لۄکُٹ، ٹوکن سرمایہِ کٲری کران۔
9173,تہنٛدؠن پرٛانؠو پیشروَن ہٕنٛدۍ پٲٹھۍ ٲسۍ عام طور وجے نگرٕکۍ شٲہی تلوار کھیل تہٕ کشتی ہٕنٛز مشق کران۔
9174,"این ایف ایل کِہِ اہتمام نیبر چھِ واریٛاہ پیشہٕ ورانہٕ فٹ بال لیگ بناونہٕ آمٕژ۔
"
9175,"یِمَن تقریبن ہٕنٛدیو منتظمین چھُ دلیل دِژمٕژ زِ خرچہٕ چھُ پننین تقریبن ہٕنٛدۍ مختلف اَہَم پہلوَن ہُنٛد احاطہٕ کرُن، یِتھ کٔنۍ زَن محفوظ رنگ پاؤڈر، حفاظت تہٕ حفاظت، تہٕ تفریح۔
"
9176,یہ طریقہٕ کار گوٚو پانیہ امِہ پزرٕ كِنہِ زِ فران٘سیسی شہری موُدِ بیرونی مٗلکہٕ نیبر ۔ 
9177,"ییٚلہ بٲے گرٕ وٲتۍ، تِمن کھوٚت شرارت تہٕ 
دیُتُکھ کَرم کُلِ دریاوس منٛز  دٲرِتھ۔"
9178,"وننہٕ چھ یِوان زِ زانگ زٗنگ اوس لداخُک ٲخری بادشاہ  ۔
"
9179,گۄڈٕ ٲسہِ اَتھ  کٕنٕکہٕ کنن پٮ۪ٹھ شے٘ وۄزٕلہِ رِبن ۔
9180,لیہہ ضِلعس منٛز چھےٚ ساروٕے کھۄتہٕ بٔڑ مادری زبان لداخی، یۄس اکھ تِبتی زبان چھےٚ۔
9181,طلاق خٲطرٕ درخواست  کٔرِتھ پھٹروو  کملا دیوی رواج۔
9182,یِتھ کٔنۍ زَن مائیکروسافٹَن اوس گۄڈَے اعلان کوٚرمُت زِ تِم کرَن پنٕنۍ فلیگ شپ آپریٹنگ سسٹم سافٹ ویئر ونڈوز ایکس پی یِچ گۄڈٕنِک سروس پیکَس سپورٹ کرُن بنٛد۔
9183,باز دفن گوٚو کھننک عمل، خاص طور کانہہ لاش۔
9184,سۄ زایہِ  2 مارچ 1951 سین فر٘انسِسكو كیلفورنِیاہس منز  ۔
9185,یمو قصبو کٔر اکہ لٹہ جنگجوون حمایت یم علاقک دفاع خٲطرٕ استعمال  کٔرتھ ہیکہ ہن ۔
9186,پرٛیتھ ریتہٕ اکھ لۄکٗٹ رقم جمع كرنہٕ سۭتہِ ہیکہ تہٗنٛد رقم تیزی سان بڑنس منٛز مدتھ  میلِتھ ۔
9187,دیوار چھٗ سیمٹھ، کَنیو٘، سیرِیو تہٕ رَبہِ سۭتہِ بنٲوِتھ ۔
9188,"اخلاقیات چِھ زیادٕ عام نوعیتک اقدار یم سرگرمی سۭتۍ جُڑتھ چِھ۔
"
9189,مانیندر گڑھَس منٛز چھُ % 13 آبٲدی ہٕنز وٲنٛس  6 ؤری کھۄتہٕ کم۔
9190,یہٕ گوو 3 جون 2005ہس منز شروع تہٕ چُھ چینل 4 پیٹھ وٕچھنہٕ یوان۔
9191,باقین پیشابہٕ نالہِ منز ورم پٲدٕ كرن والین جراشیمن ہندین زاژن ہٕندِ پٲٹھی چھٗ سی جِنسِیٲتی لاگدار دار بیمارِ ہندِ ین جراشیمن شكل بدلاونہٕ حِسابہٕ زٕ مٗختلِف زِندگی ہندِ مرحلہٕ :زرن ہندِ خلیہ تہٕ زال ییرن وٲلہِ خلیہ۔ 
9192,پتہٕ گوٚو سُہ 2012 ہس منٛز ریڈ بل براسٕل ۔
9193,پوٹاشیمٕک کیٚنٛہہ اصل ذریعہٕ چھ کیلہٕ، ژیرٕ تہٕ کشمش۔
9194,"اَتھ منٛز چھِ زیادٕ تر فارسی الفاظ تہٕ کینٛہہ علاوٕ مقٲمی رومٲنی الفاظ۔
"
9195,فلمہ ہٕنٛدِ مکالمہٕ تہٕ کیٚنٛہہ کردار گٔیہ انتہٲیی مقبوُل ، یمو واریاہن ثقٲفتی میمن منٛز حصہٕ دیت تہٕ بنییہ ہندوستان چہِ دوہ دِشہِ چہِ زبٲنہِ ہٖٗند  حصہٕ ۔
9196,"بھارٕ روُدن چھُ  جنوُبی برازیلُک اکھ بوٚڑ حصہٕ مُتٲثركو٘رمُت، مگر سانتا کیٹیریناہَن چُھ بدترین خراب موسم وُچھمُت ۔
"
9197,فلمہ ہنٛدس پلاٹس پؠٹھ تناضس متعلق ووٚن تجزیہ کارن ز ہندوستان چھ حساس موضوعاتن خٲطرٕ زیٛادٕ کھلہٕ گوٚمت۔
9198,بہٕ چھس نہٕ سائبر کرائم کہ خطرٕ کِہ وجہہ  نامعلوم نمبرن ہنز  کال تلان۔
9199,کامہِ ہٗند  بڈوٗن بور  چھ ٗ میامیون حوصلہ ختم كرٗن ہیوان۔ 
9200,مےٚ چھےٚ ژکھ ز فلم ٲس تیٖژاہ خراب بناونہٕ آمٕژ۔ بہٕ چھس دپان مےٚ کتھ پیٹھ کوٚر پنن وقت تہٕ پونسہٕ ضایع۔
9201,تیز گاش، آوازٕ، تناو تہٕ کم غذا چِھ علاوٕ وٕتٕش دنہ چہِ مِثالہٕ یِم اتھ حالتس  ہیکن ہُریر ہیکن کٔرِتھ۔  
9202,دویمس عالمی جنگس دوران آو مالٹا ہس پیٹھ حملہٕ کرنہٕ، امہ لٹہ آو محوری فوجہ دٔسۍ حملہٕ کرنہٕ۔
9203,کولمبسس  لٕب تتہِ زمین ییمِیٗك  نہٕ یورپی  لوٗکن وٗنہِ پتاہ اوس ۔ 
9204,سماج  چھُ اتھ تسلیم کران تہٕ معیارس پیٹھ چھ قوبو تھاوان تکیاز یہٕ چھ معٲشرچ سمٲجی تہٕ ثقافتی ترقی متٲثر کران۔
9205,"اگر تُہۍ دو یاسہ لسٲنی چھِو، تیٚلہِ کٔرِو بیٛاکھ زبان استعمال، اتھ کتھہِ پیٹھ زور دِتھ زِ تُہۍ چھِو نہٕ انگریزی بولان۔
"
9206,ناسِکٕکہِ  سٕپیشَل اِنسپیٚکٹر جنرل، پی کے جینن ووٚن زِ صوٗرتحال قوبوٗوس منٛز تھاونہٕ خٲطرٕ چھِ رِیٲستی پُلیٖسچہِ زٕتہٕ دَہ ریٚپِڈ ایٚکشَن فورس کمپٔنی تہٕ مالٖیگاون سورنہٕ آمٕژٕ ۔
9207," پیٹر ریویز چھُ ونان تامل لوُکھ چِھ پُتھانڈوُ ، یَتھ پُتھوُوارُشم  تہِ ونان چِھ ، بطور ریوٲیتی ""تامل/ہندو نو ؤری"" مناوان  ۔"
9208,لو ژون پارک چِھ ہانگکو ضِلس منز  اکھ پارک ۔
9209,رحمان سٕنز موسیقی آیہ ہندوستانس منز باقٕیہ موسیقی باپتھ نمونہٕ ننہٕ، یم انسائیڈ مین، لارڈ آف وار، ڈیوائن انٹروینشن، تہٕ دی ایکسیڈنٹل ہزنٛڈس منٛز وٕچھنہٕ آیہ۔
9210,"پوُرب اور پَشچِم، وِکٹورِیا 203، چور کے گَر چور، چوری میرا کام، أدِھکار، تہٕ مان گٔیے اُستاد ہِشہٕ فِلمہٕ روزٕ سیٚٹھا کامیاب۔
"
9211,فوٹو سفیر -اکھ فوٹو سفیر چھ ستارن ہنٛز اکھ تہہ ییٚمہِ منٛز گاش پٲدٕ چھِ گژھان۔
9212,"2010 چہِ مردم شُمٲری مُطٲبِق ٲس اَمہِ قصبٕچ آبٲدی 7,490۔
"
9213,بینیڈکٹ اوس پوپ بونیفیس VIIIسنٛز الٹرا مونٹین حیكمت عملِین ہنز حمایت کران۔
9214,برتر اوبلیک پٹھ چھ اکس ٹینڈن منٛز ختم گژھان یس اکس ریشہٕ دار لوپس، ٹروکلیا، یس مدارک درمیانی پہلوس پیٹھ برونٹھ واقع چھ، سۭتۍ گزران چھ۔
9215,"یہِ چھُ ماننہٕ یِوان زِ دیو (آسمانی مخلوق) چھِ تیرتھنکرَن ہٕنٛز ٲٹھن حصن ہٕنٛز پوُزا (عبادت ) کران، یَتھٲٹھ دۄہ لَگان چھِ ۔
"
9216,فونڈایہِ  زیوٗن پنٛنہ کردارٕ خٲطرٕ اکھ اکادمی ایوارڑ تہٕ اکھ گولڈن گلوب ایوارڑ۔
9217,ترن آدرشن كِرِ یہِ ونان پننہِ كاركردگی ہندِۍ تعریف :“كمی یو باوجود ، چھٗ سُہ ایماندٲری سان كوشِش كران “۔ 
9218,تٔمہِ سٗند جانشین اوس تٔمہِ سُند باپتھر، یُس بینیڈکٹ IX  ناوٕ زاننہٕ آو ۔
9219,یہ جنگ اوس 4 اپریل پیٹھ 22 جون 1944 تام کوہیما قصبس منٛز لڑنہٕ آمت، یتھ منٛز امپھال، منی پورس منٛز کاروٲیی شٲمل ٲس۔
9220,یہ علاقہٕ چھ انڈونیشیاہس منٛز اچے نشہِ تقریبن 150 کلومیٹر (93 میل) شمالس منٛز تہٕ انڈمان سمندر چُھس تھائی لینڈس تہٕ میانمارس نش الگ کران ۔
9221,"اگر جُرُم گِنٛدنٕچ کُلاک ""00"" پرنہٕ برٛونٛہہ گِنٛدُن شُروٗع کرنس منٛز ناکام گَژھان چُھ، تیٚلہِ چُھ جُرمَس یٹھ  گیم فاؤل چہِ  دیری ہُنٛد مُطالبہٕ کرنہٕ یِوان ۔
"
9222,گاندھی سنٛز حوصلہٕ اَفزٲیی سۭتۍ  بنیوو پٹیل  گجرات سبھا ہُک سکریٹری، اکھ عوٲمی ادارٕ یُس انڈین نیشنل کانگریسُک گجراتی حصہٕ بنہ ہے۔
9223,"2018 ہَس منٛز  شٲمِل گژھَن وول تازٕ تٔریٖن رُکُن اوس  تھائی لینڈ ۔
"
9224,"کریڈٹ یا ڈیبِٹ کارڈٕ سۭتۍ مہٕ کٔرِو کُنہِ تہِ چیزٕچ ادایگی، خاص طور  اگر یہِ مٲلِس ماجہِ ہُند کھاتہٕ آسہِ، تِکیازِ خریدٲری آسہِ کارڈٕ خٲطرٕ بِلن تہٕ بیانَن پیٹھ ظٲہِر۔
"
9225,بٗتھِ یِنہٕ وول چھمب وٗچھِٗن  چھٗ تھٕزرٕكہِ خوفہٕ  سۭتۍ رہِتھ كران ۔
9226,پُرانو مطٲبِق چُھ نرمدا ہس ریوا تہِ ونٛنہٕ یِوان، اَمہِ کہِ وۄٹھ تُلنہٕ چہِ حرکتہٕ پیٚٹھٕ (موٗل 'ریو' پیٚٹھٕ) پیٹھٕ اَمہِ کِس کٔنہِ بِترس منٛز۔
9227,تٔمۍ ترٛوو 1998 منز ریسیٹ یُتھ سُہ میک گل یونیورسٹی منز قانونٕچ ڈگری حٲصل کرِ ہے۔
9228,فاسجین چھٗ سیٹھاہ خطرناک دم كرن وول ایجنٹ یٗس عام طور  استعمال سپدان چھٗ ۔
9229,ییٚلہ یہ ژوُرو٘ ہٹووو امہِ سٕتہِ آو سہلاب تہٕ عمارتس وو٘ت آبہٕ سٕتہِ ددارٕ ۔ 
9230,"دٗبیی منٛز گوڑنِیوٗک ہوٹل چُھ 2008 کس شُروادس منٛز تیار گژھنٗک خیال ۔

"
9231,گۄڈٕنیُک داند یُس نٮ۪بر نیران چُھ سُہ چُھ اکھ بٗڈٕ داند  ییٚمِس لٔکرِ ہُنٛد فریم (یَتھ مکھر چھِ وَنان)  ہینگَن گنڈِتھ چھُ آسان ۔ 
9232,دٲر ٲس زمین پیٹھہٕ لگ بگ 20 فٗٹہٕ تھو٘د ۔
9233,"تُہۍ ہیٚکِو ونٛدَس منٛز یِنہٕ واجنِہ بٔندشِہ نِش بچنہٕ خٲطرٕ اَکہِ لَٹہِ ہنگٲمی مدد خٲطرٕ تہِ اہلیت حٲصِل کٔرِتھ (فون نمبرَو باپت کٔرِو پننِس مقامی یوٹیلٹی آفسَس کال)
"
9234,پرٛٮ۪تھ رٮ۪تہٕ چھ تمام جریدٕ کل کرنہٕ یوان تہٕ جنرل لیجرس منٛز پوسٹ کرنہٕ یوان ۔
9235,گورنر سٕنٛز کٲم چھےٚ یہ وٕچھن ز ریاستی قونونن ہنٛز پابندی چھےٚ کرنہٕ یوان۔
9236,ترٛیٚیو منٹو کھۄتہٕ کم وقت بچنہٕ كِنہِ یہِ برابر تھونہٕ باپت   کولٹسس دۄیہ لٹہ اینڈ زونس  منٛز واتُن۔
9237,یوٚد زَن گورنر جنرل یِتھے پٲٹھۍ ہندوستانس منٛز خارجہ پالیسی کنٹرولر بنییہِ ، سُہ اوس نہٕ  برطانوی ہندوستانُک واضح سربراہ۔
9238,فایر اینڈ ایمرجنسی سٔروسز اتھارٹی آف ویسٹرن آسٹریلیاہن چھ کراٹھا، روبرن، پوائنٹ سیمسون، وکہم، ڈیمپیر تہٕ مارڈی منٛز روزن وٲلہِ زبردس موحتات تھٲوِمٕتہِ ۔
9239,امہِ چھِ سكیبیزٕكہِ  عالمی صحت اشرات عالمی صحت تنظیم ہندِس  توجہس منٛز اننس منٛز کامیٲبی حٲصل كرمٕژ ۔
9240,1941 یس منٛز ہیوٚت اُلاٹِکُلَم، چالاکُڑی ہندِ او.سی جوسن اَوِنٛہاٹ تھمبایی سٕنٛزِ بیٚنہِ، پاروٗکُٹی اَمایہِ نِش پیروٗوانامُزہی علاقہ مو٘لہِ ۔
9241,"کیرالہ ہُک داں كٗٹھ  پلٕکّڈ چھُ بھرتھاپوزا دٔریاو کِس بٔٹِھس پٮ۪ٹھ واقع ۔
"
9242,سیٹھاہ کم مشترک  آسنہٕ کٕنۍ پھسییہ مرارجی ڈیسٲئی حکومت پانہٕ وٲنۍ لڑایَن منٛز۔
9243,گۄڈنچہ لٹہ آیہ 2020 ہس منٛز پرڈیو فورٹ وین تہٕ رابرٹ مورس شٲمل کرنہٕ۔
9244,"2004 منٛز مِلٮ۪وٚو رائیَس فلِم فیئر لائف ٹایِم اچیومینٹ ایوارڈ۔
"
9245,"اگر توہہِ كاٹھكرٕ روس یا باقیہ رِعایتو٘  ورٲیہِ  اِضٲفی جایداد چھٗ ۔ توہہِ ہیكِو قرضہٕ ہیتھ 
 تہٕ قرضٕكہِ رقوُمات محفوُض كھاتس نز تھوِتھ ۔ "
9246,یہ ہیٚکہ انسانن ہٕنٛد ذٔریعہٕ باقٕے انسانن منٛز تہٕنٛد خوٗنہٕ ذٔریعہ منتقٕل گٔژھتھ۔ 
9247,باقی کمیونسٹ پارٹیہٕ تِہ چِھ لوٗکن سی پی سی یس سۭتۍ ملاقاتہٕ خٲطرٕ سوزان ۔
9248,تٔمۍ کوٚر دعوی ز بہتریٖن فلٹرن ہنٛد ذٔریعہ فلٹر کرنہٕ پتہٕ تہ چھ متعدی سیپ متعدی روزان۔
9249,ونسنٹ لیکاولیرن کوٚر دویمس پیریڈس منٛز لائٹننگ خٲطرٕ زٕ گول، یمہٕ سۭتۍ تٔمۍ 3 گولن ہنٛز سبقت حٲصل کٔر۔
9250,ٹنڈولکر اوس 5 رنجی ٹرافی فائنلن ہُنٛد حصہٕ یِمَن منٛز 4  ممبٮین  4 زینیہ۔
9251,مثلا“ زمیٖنہ، فیکٹریہ ، دکانہ ، اوزار تہٕ مشینہٕ چِھ سرمایہٕ ۔
9252,گوینن کوٚر 1901 منٛز أکہِ دۄہ خٲطرٕ منی ٹیری سۭتہِ خانٛدر ۔
9253,پتہٕ بنییہِ حُکمی فال ناگا، مِسِنگ تہٕ نارا (مونگکاونگ) بیلونگ جمٲژ ہِنٛدِ حِصہٕ۔
9254,تمو کھوُل چین غٲر مٗلکی سرمایہ کٲری خٲطرٕ تہِ ،   لٗکن کاربار شروٗع کرنٗک اجازت دِتھ  ۔
9255,"تمغہٕ چھ گۄڈٕنکٮ۪ن 11ہن مردن تہٕ گۄڈنکٮ۪ن 5 زنانن دنہٕ یوان۔
"
9256,اتھ وقتَس دوران ٲس مریم الزَمانی بٕرژآسنٕہٕ کِس ژوٗرِمِس رٮ۪تس منٛز تہٕ کیٚنٛہہ کال پتیہ زاس سٔلیٖم۔
9257,فراہ چھےٚ أکس ہوٹلس منٛز ویٹرس پٲٹھۍ کٲم کران ییٚلہ سۄ پنٕنۍ پڑٲے پوٗرٕ کران چھےٚ۔
9258,20 ہمہ صٔدی ہٕنٛدس شروٗعاتس تام اوس شینكِیا اکثر جِسمن  پیٚٹھ مہلام  لگاونہٕ خٲطرٕ استعمال سپدان۔
9259,ہیریورَس أنٛدۍ پٔکۍ کینٛہہ گام یتھ کٔنۍ زَن اڈیوالا چھِ کھوٗپرٕک بٔڑ وۄپداوَن وٲلۍ۔
9260,یہِ دٔریاو چھُ وسطی ہماچل پردیش، ہندوستانَس منٛز ہمالیاہَس منٛز نیران تہٕ ہندوستٲنۍ ریاست پنجابَس منٛز  تقریباً 470 کلومیٹر (290 میل) تام ستلٗج دٔریاوَس تام وَسان۔
9261,"سکواڈَس منٛز چھِ  اَکہِ ورٲے سٲری غٲر مُلکی لیگن منٛز گِنٛدان۔
"
9262,منگلیشا كین سِكن پڮٹھ اوس نانكہٕ طرفہٕ اكھ مندر تہٕ تھٕرِ طرفہٕ ژانگین درمِیان شٲہی نِشانہٕ بنٲوِتھ ۔
9263,"1845 تام ٲسۍ برطانِیو   32,000 فوجی شٗمٲلی سرحدس  پیٹھ پننہِ علاقہ  پنجابس منز جانشینی  ہنزو جدوجہدو نِشہِ  محفوُظ تھونہٕ باپت  ستلٗج محاذس پیٹھ وتنٲوِمٕتہِ ۔  "
9264,"تِم ٲسۍ انڈیانا، مشی گن تہٕ اوہایو کٮ۪ن کینٛژن حصن منٛز عظیم جھیلن أنٛدۍ پٔکۍ روزان۔
"
9265,1839 منز رنجیت سنگھ سٕندِ مرنہٕ پتہٕ گٔیہ اندونی تقسیمن تہٕ سیٲسی بد نظمی سۭتۍ سلطنت سیٹھاہ کمزور۔
9266,باقی تانن  انفیکشن ہیکہ مختلف علاماتن ہند سبب بنتھ۔
9267,راممام دریاو تہٕ سریکھولا دریاو چھِ پارکہِ منٛزۍ وسان۔
9268,"ناو ""سیلیبینڈی"" تہٕ ""اینیبینڈی"" چھِ بینڈی پٮ۪ٹھٕ درٛامٕتۍ۔ تِم چھِ بِلترتیب ""ہال بینڈی"" تہٕ ""اِنڈور بینڈی"" منٛز ترجمہٕ کران۔
"
9269,تٔمۍ کٔر 2000 پٮ۪ٹھٕ 2009 تام دۄشوٕنی لیگن منٛز امپائرنگ ۔
9270,اَمہِ پتہٕ کٔر أمہِ  اداکٲری منٛز پیشورانہٕ فِلمی زِندگی ہنز بدماش کمپنی سۭتہِ شروٗعات۔
9271,یہِ چھٗ سونشائن میڈیا نیٹ ورک انٹرنیشنلٕچ ملکیت تہٕ چلاونہٕ یوان ۔
9272,یاد تھٲیِو زِ کم کھوتہٕ کم سِلٲیۍ سۭتۍ کر ہیکَو پَلون ہنٛز مرمت کرتھ یا سائز بدلٲوِتھ۔
9273,بعضے چھِ امِیر خسر خیال راگُک موجد ماننہ یوان، مگر أمۍ سٕنٛدِ ترکیبن  ہُنٛد کانہہ ریکارڈ چھُنہٕ اتھ ڈوٚکھ دوان۔
9274,وونہ گو٘،  معملن ہندِس اكشریتس منز ، چھُ  كٗنہِ ٹاكارٕ علامتہٕ ورٲیہ  اكھ  پوُشیدٕ انفیکشن گژھان ۔
9275,اَمہِ قٕسمُک ویکسیٖن ہیٚکہِ چینی تہٕ میکسیکن دۄشوٕنی قٕسمٕکۍ ٹی سولیمَس منٛز سِسٹیسرکوسس نِش بچٲوِتھ۔
9276,یہ اوس منظوٗری منٛز ژیر تہٕ گڈس اینڈ سروس ٹیکس شٲمل کرنہٕ كِنہِ ۔
9277, چون مطلب کیا چھٗ؟ سو٘  ہیکہ نا دوبارٕ پکتھ؟
9278,"گنگا ڈیلٹاہَس چھِ تِرکوٗنٕچ شکل تہٕ یہِ چھُ اکھ ""آرکیوٹ"" (آرک شکل) ڈیلٹا مانٛنہٕ یِوان۔
"
9279,"یمہٕ  جایہِ چھِِ  تۄہہہِ تُہُنٛد نقد رقم تَمی وِزِ فراہم کران، مگر  کل چیکہِ منٛز كینہہ  فی صٔدی نِوان ۔
"
9280,"دیوپال سٕندِ  پتہٕ کَمٕیہ  کٲلہِ ہیژٕن  پال سلطنت وارٕ وارٕ ختٕم گژھٕنہِ ۔
"
9281,یہ آو 25 اپریل 2018 اینیمی ہنٛد گۄڈنیوک ہوم ویڈیو سۭتۍ ۔
9282,مےٚ کھژ ژکھ  ییٚلہ فلمہ منز  مےٚ نوجوانن ہنز اکھ چھوکھ اکس بزرگس پیٹھ حملہ کران وُچھ۔
9283,یہ زانن ز تۄہہكوتاہ  وقت ہیٚکو صرف كرِتھ  دییہِ  تۄہہ ییہ پنٛنین   رٗكنٕچن  جاین باپت منصوُبہٕ بناونٗک موقع ۔
9284,"سیلیکوسس چُھ کیلیفورنیاہس منز کرسٹوبلائٹ واجِنیو  كینژو  میژو پیٹھہٕ گردِ دار شاہ ہینہٕ سٕتہِ گٗرین منز  وُچھنہٕ یوان۔
"
9285,"اکھ فوٗجی اہلکار گو  پٔتمس اکتوبرَس منٛز تَمہِ وِزِ ہلاک ییٚلہِ أکۍ افغان پولیس اہلکارَن پیدل گشتَس پٮ۪ٹھ ہینڈ گرنیڑ لگوٚو۔
"
9286,گانٹہٕ بیارِ آسہٕ رٮ۪وٲیتی ہوٲیی جہازُک پیش خۭمہٕ تہٕ اپتدٲیی  وٗڑن وٲلہِ جہازٕ بناونٕكہِ وجہہ ۔
9287,بطور اكھ زبردست مِشال ، اَگر  تُہٕنٛز أکِس ایٚل ایٚل سی یَس دیٚوول نیرِ، امِکہِ  قرٕض دِنہٕ وٲلہِ  ہیٚکن نہٕ باقٕے ایٚل ایٚل سی یَس ہِنٛدیٚن سرمایہ  نِتھ تِکیٛازِ یِم چھِ  اَلگ اِدارٕ آسان   ۔
9288,"سیموئیل جانسن سٕندِس لۄگاتھس منز منز چھٗ تمہِ کرکٹ ""کرائیس، سیکسن، اکِہ لورِ"" پیٚٹھ اونمٗت ۔
"
9289,قدیم کیلاسا مندر کس کمپلیکسک بوٚڈ ڈانچہ وٕچھتھ گوس بہٕ روٗزتھ۔
9290,ترٛیٚیِم سیزن اوس 7 اپریل پٮ۪ٹھٕ 29 ستمبر 2018 ہس تام۔
9291,"ایریا کوڈ 917 ایریا کوڈ 917 چُھ نیو یارک باپت اکھ ایریا کوڈ۔

"
9292,لا وِلا، ٹیکساز: لا وِلا چھ ہیڈلگو کاونٹی، ٹیکسازٗک اکھ شہر۔
9293,کھیلِہ منٛز دۄن منٛٹن پیٹھ  گول كرِتھ كھٕتہِ ڈیولز  گۄڈٕ بوڈس پیٹھ   ۔
9294,"کیسریاجی تیرتھ یا رشبدیو جین مندر چھُ اکھ جین مندر یُس ہندوستٲنہِ ریاست راجستھان کِہِ اٗدے پور ضلعہٕ کِس رشبھ دیو قصبس منٛز واقع ۔
"
9295,"یہِ ٲس ہیرانی تہٕ ودھو ونود چوپڑاہَن بِلترتیب راجکمار ہیرانی فلمز تہٕ ونود چوپڑا فلمز کٮ۪ن بینرَن تحت مُشترکہٕ پٲٹھۍ پروڈیوس کٔرمٕژ۔
"
9296,امۍ نٔوۍ GPS نیوی گیشن سسٹمن بچووس بہٕ پہاڑن منٛز راونہٕ نش ییٚلہ زن سُہ بیاکھ نفر سیٹھاہ کوشش آسہے کران۔ یہ چھ ناقابل یقین!
9297,پورناہس میول تبصرٕ کس بنیادس پیٹھ نقادن ہند طرفہٕ مثبت ردعمل۔
9298,یہٕ اوس 1946 تہٕ 1956 ہس درمیان یونائیٹڈ سٹیٹس ایئر فورسَن استعمال کوٚرمُت۔
9299,تَمے ورۍ یہِ آے تِم دوبارٕ تہنٛزِ گۄڈنٕچ تہٕ وٲحد بنگٲلی فلمہِ 'سگینا مہتو' وس منٛز جوٗرۍ بناونہٕ۔
9300,برطرفی تہٕ كڈِتھ ژھنٗن چھِ اكھ دوہ دِشِچ حقیقت بنیمٕژ ، ییمہِ سٕتI وسیح پیمانس پیٹھ نوكری اتھہٕ گژھنٗك خوف بڈیومٗت چھٗ ۔
9301,اتھ منٛز چھ رابرٹ لنڈسے دنٛدن ہنٛد معالج بین ہارپر تہٕ زوے وانامیکر سوسن ہارپر سنٛد کردار ادا کران۔
9302,"جیکب چُھ پنٛنِس پیٚترَس لبنس خٲطرٕ کٲم کران تاکہ سُہ ہیٚکہِ أمۍ سنٛز کورِ راحیلس سۭتۍ کھاندر کٔرِتھ۔
"
9303,2002 پؠٹھٕ 2016 ہس تام اوس سہ ارجنٹینا ہک جنرل آڈیٹر۔
9304,امیوٗک مطلب اوس زِ ہواوے ہِیو٘ك نہٕ امریکی کمپنین سۭتہِ کاربار کرِتھ ۔
9305,"یہِ چھُ وۄنہِ  مردَن تہٕ زنانَن ہٕنٛدین  کلب ٹیمَن باپتھ ساروِی کھۄتہٕ بوٚڑ آٮٔی ایف ایف اِوینٹ۔
"
9306,زنگار سلطنتٕکۍ خان گلدان بوشوگتو خان سنٛز کمک ہنٛد مدتہٕ سۭتۍ کوٚر تبتی باشندن 1684 منٛز دوبارٕ حملہٕ۔
9307,مِثالے ، ٹایلیٹ  پیپر یَتھ مۄچر  یا زِیٛادٕ شیٹ آسن تَتھ ہٮ۪کہِ کم شیٹ والہِ او٘ك تٲشی ٹالیٹ پیپرٕ کھۄتہٕ تھو٘د اكٲیی قٲمتھ ٲسِتھ ۔ 
9308,"لہذا اگر بولۍ دِنہٕ وول بولۍ لگاونہٕ وِزِ عملی طور  موجود چھُنہٕ، تیٚلہِ کرِ پانَے بولۍ تمۍ سٕنٛدِ طرفہٕ مُقرر رقمَس تام کارکردٕگی ہُنٛد مظٲہرٕ۔
"
9309,عمر فاروق عبدالمطلبَن کوٚر آز ریاستہٲئے متحدَس منٛز أکِس عدالتَس برٛونٛہہ کَنۍ نارتھ ویسٹ ایئر لائنز پرواز 253 ؤڑاونٕچ کوٗششہِ ہٕندِس الزامَس منٛز 'مجرم چھُنہٕ' آسنٕچ گُزٲرِش۔
9310,لکشدیپ جزیر انتظامیہ ہک مسٲفر جہاز ایم وی امیندیوی چھ اولڈ منگلور بندرگاہس پیٹھ رکتھ۔
9311,علاماتن پیٹھ مبنی تشخیص ہیكہِ شكاور ٲسِتھ  تہٕ امیوٗك تصدیق چھُ خوُنكہِ ٹیسٹ تہٕ ریڈیو آیوڈین جزب کرنہٕ سٕتہِ سپدان ۔
9312,زٕ نیٚچوۍ ٲسۍ پنٛنس مٲلس خٲطرٕ تہ  ژھانٛڈنہٕ خٲطرٕ تیار ییٚمیک تٔمۍ پورٕ زنٛدگی خواب اوس وچھمت-احترامٕچ حتمی علامت۔
9313,اوٚش غدودَس چُھ اُوش کہ شریانہ  کِنیۍ خون واتان، یہ شریان چھُ أچھ ہندِ شریانک اکھ شاخ ۔ 
9314,"ایبٹَن کوٚر مذاق سۭتۍ شروع زِ وٲحِد جمناسٹکس یَتھ منٛز سُہ حصہٕ چھُ نِوان سُہ چھُ زبٲنی جمناسٹکس۔
"
9315,سہ چھ ڈایری ہٮ۪تھ بالکونی پؠٹھ وۄٹھ دنک فٲصلہٕ کران۔
9316,سکوُلٕکۍ  لنچ چھ سیٹھاہ بے٘ مزٕہ ؛ بہٕ چھٗس نہٕ پان یَم كھینہٕ خٲطرٕ انِتھ ہیكان ۔ 
9317,"لوہارو قلعہ، یُس 16 ہِمہِ صٔدی منٛز بناونہٕ آمُت چھُ، چھُ ہندوستان کِس ریاست ہریانہ کِہ لوہارو قصبس منٛز ریاستی محفوظ آثار قدیمن ہُند یادگار۔
"
9318,وِواہ  پنچمی چھُ رام تہٕ سیتایہ  ہُنٛد خانٛدر مناونٗك اکھ ہیندِ تیوہار ۔
9319,سونالی چھےٚ کمپنی بدلہ ہٮ۪نک ارادٕ کران۔
9320,ٹیمن زیوٗن 2009 NJCAA  نیشنل فٹ بال چیمپین شپ ۔
9321,"ڈی ایس : لہازا چھٗ بی ڈی ایس ایم تِیوٗتھ كان٘ہہ چیز یتھ  متعلق تو٘ہہِ كوشاں چھِو ، توہہِ زونوٕ توہہِ چھِ صلٲحیت، تہٕ بنوو یہٕ اکھ پیشہٕ؟
"
9322,مےٚ چھٗ  اڈِجہِ  ڈاکٹرو وارِیاہ دوکھ دیُتمٗت۔
9323, پکھشن ہُند یہ پناہ  گاہ، یُس پکھش وچھنہٕ باپت بہترین چھِ، وندَس منٛز چھِ تَمہِ وِزِ بہترین سٲل جاے بنان ییٚلہِ واریاہ      ہجرتی پکھش چھِ اور یِوان۔
9324,مےٚ اوس نہٕ ٹیبلس پیٹھ ییژاہ تیز ڈلیوری ہُند توقع، خاص طور از شامس ریسٹورانٹک شورٕ دار ماحول وچھتھ۔
9325,"سویڈیٲییو٘ دِیوٗت بڈِس   پیمانس پیٹھ دِیوٗت ، تہٕ رازدانہِ اوسلوس انٛد پٔکہٕ پھہلییہِ كلب ۔
"
9326,ییلہ بہٕ امیر لکن کن وٕچھان چھس یم کنہ تِہ طریقہٕ پونٛسہٕ کماوان چھ، مےٚ چھ نفرتک احساس گژھان۔
9327,گۄڈنکۍ مشکوٗک کیس آیہ 31 دسمبر 2019 ڈبلیو ایچ او ہس نش رپورٹ کرنہٕ۔
9328,أمۍ سُنٛد اَکٕے خواب چُھ فلم پروڈیوسر-ڈایریکٹر بنُن۔
9329,گرینڈ فاینلن منٛز زیوُن تمِہ سنگلز تہٕ ڈبلزس منٛز سۄن ۔
9330,ڈک ٹرومس متعلق چھ ٲٹھ فلمہٕ بناونہٕ آمژٕ ،حال حالٕیہ  2010 ہس منز ۔
9331,"شانتنو ہدیکر تہٕ ابھیشیک کھنڈیلوال سٕنٛدِ وایی آر ایف سٹوڈیوَس منٛز رَلاونہٕ آمٕتہِ تمام بٲتھ ۔
"
9332,"لکی چارمز چھ اناجک اکھ امریکی برانٛڈ یس جنرل ملزن بنوومت چھ۔
"
9333,"روو زاو 18مارچ 1962 ٹھس منٛز بالٹیمور، میری لینٛڈس منٛز۔
"
9334,یہِ تہوار چھُ ہیٚنٛدِ کیلنڈر مُطٲبِق اکتوٗبر یا نومبرس منٛز آسان۔
9335,یہ چھ تکلیف دہ ز کمپنی کتھ کٔنہِ کوٚر  لوکن بے وقوف بناونہٕ خٲطرٕپرامڈ مارکیٹنگ ہنٛد استعمال۔
9336,یہٕ چھ خیال یوان کرنہٕ ز گیلی پولیس پیٹھ اتحادی فوجک حملہٕ ناکام گژھنٗک اکھ وجہ چھ سکروی۔
9337,یہِ چھٗ اہم زِ تِمن انصرن یِم نیروپیتھی ابتر بناوان چھِ تہٕ یِمَن وجہَن درمیان یٖی فرق کرٕنہِ  یمو٘ سٕتہِ علاماتھ بنان  چھہِ تہٕ تِم وجوٗحات یم پرداكھ كرنس سٕتہِ وابسطہٕ چھِ  ۔
9338,امہِ کِنہِ کوٚر پٗشیہ مِترن سنگھرام تباہ ، تتہِ  مٲرِن  بو٘دھ پٲدٕرِ  تہٕ در٘او ۔
9339,یم ہیکن شوشن ہنٛد کینسر ، دلٕچ بیمار تہٕ واریاہن بیمارین ہنٛد سبب بنتھ ۔
9340,"زیادٕ اوسوُدٕ حال  محلن منٛز تھر٘فٹ سٹورن منٛز چِھ شہر کین باقی حصن منٛز تھر٘فٹ سٹورن ہنٛدس مقابلس منٛز بہتر معیارٕکہِ فرش  آسان۔
"
9341,کارپس کیورنوسم جایہ ستر  چھِ مردانہ کارپس کیورنوسمس ہوی آسان ۔
9342,تِم چھِ مویوُس گژھان تہٕ چھِنہٕ باقین برٛونٛہہ کنہِ کھٮ۪و٘ن یژھان۔
9343,ٹرنر کہ علاج کس طریقس منز چھ آکسینڈرولونک اضافہٕ چھُ حطمی قدس  منز تقریبا 2 سینٹی میٹر (1 انچ) اضافہٕ کران۔
9344,"تِم ہیکَن سٹوو ٹاپس پیٹھ یا لوٚتس کُکرَس منٛز رننہٕ یِتھ۔
"
9345,بہٕ ہیٚکہٕ نہٕ ایم۔ ایس دھونی تہٕ أمۍ سند ٹیم گندان وچھن زیادٕ پرجوش ٲستھ۔
9346,امہ پتہٕ ٲس شٗبھ  لابھس رکشا بندھنس پیٹھ راکھی گھنڈنہٕ خٲطرٕ سنتوشی ما ناوٕچ اکھ بین۔
9347,اگر کانٛہہ بچاو کرن وول پنالٹی ایریا اندر حریفس پؠٹھ تشدد سان حملہٕ کران چھ، تیٚلہ چھ پنالٹی شاٹ دنہٕ یوان۔
9348,"لا بریا  کین ٹار کھۄڈن منٛز لبنہٕ ینہٕ وٲلۍ کرنز ٲسۍ کم و بیش مکمل۔
"
9349,"ہندوستانَس منٛز تِہ چھِ واریاہ کَنہِ یِم نیم قۭمتی چھِ مثلاً زوئسائٹ، اپوفیلائٹ، کیوانسائٹ، مسکووائٹ میکا، المنڈین بیترِ۔
"
9350,مےٚ گوٚو حٲرتھ ییٚلہ مےٚ وٗچھ ز یٗس پیکج مےٚ واپس کوٚر سٗہ ووت نہٕ زانٛہہ تہ تہنٛدس گٗدامس منٛز!
9351,"بہر حال، خدماتن ہِنٛدۍ قیمت، یِتھ کٔنۍ زن پلمبِنٛگ، ہیٚکہِ تٔھدِس پیمانس پیٹھ مختلف ٲسِتھ، تہٕ تۄہہِ پَزِ آن لایِن قیمتن ہُنٛد موازنہ کرُن یا أندۍ پٔکۍ کال کرٕنۍ۔ 
"
9352,"یہِ جسمٲنی زبان چھِ اِشارٕ کَران زِ تُہۍ چھِو نہٕ أمِس پننِس دۄہَس منٛز دعوت دِوان۔
"
9353,یہِ ٲس بیٚلٹالہ گٔرلز ہایہ  سٔکوٗلٕچ طالبہِ عٔلِم ییٚتہِ پیٚٹھٕ أمہِ سیكنڈری  اِمتِحان پاس کوٚر۔
9354,"لیوسَن زینہٕ دوٚیمِس راؤنڈَس منٛز ناک آؤٹ کٔرِتھ لڑایہِ۔
"
9355,یہ اوس یونین فوجس خٲطرٕ اکھ حٲرانگی ، تہٕ ایٚم حٲرانگی گٔیہ اصل پٲٹھۍ کٲم۔
9356,تمہِ سنزن دویمین  زنانن منز ٲس  کانگڈاہچہِ محتاب دیوی یمِس گُڈن یا کتوچن تہ و نان ٲسۍ تہٕ راج بنسو یوسہٕ کانگڈا کِس راجا سنسار چند سٕنز کوُر ٲس ۔
9357,1836 منٛز ، ییلہٕ ورجینیا تر٘ٗواہ ؤرِش ٲس، تٔمہِ تہٕ پوہن کوٚر خانٛدر ۔
9358,زیادٕ تر کریژھدار پٔش چھ ڈایپسڈ، تہٕ یہِ حالت چھنہٕ میملن منز  ۔
9359,مندرٕکۍ ٹاورُک شمال مشرقی تہٕ جنوب مشرقی بٔتھۍ، یم تِہ خستہٕ ٲسۍ آمٕتۍ کرنہٕ، چِھ سیرِیٚو تہٕ مسالہ سۭتۍ دوبارٕ سیوٚد کرنہٕ آمٕتۍ، مگر کُچ پٲٹھۍ۔
9360,منی پورُک آب و ہوا چھُ واریاہس حدس تام امہِ خٕطہٕ چہِ جگرافی سۭتہِ مُتٲثر۔
9361,کمیونٹی سینٹر  آبہٕ  انتظام کہ طٔریقہٕ  ذٔریعہٕ، 26 جنوری 1999 ہس منٛز، بنوو ارواری بیسنٕ كیو٘  162 ارکانو  ارواری پارلیمان ۔
9362,کشورس اوس 1980 پیٹھہٕ مرنس تام  لینا چنداورکرِ سٕتۍ خاندر كرِتھ ۔ 
9363,پنٛنس باقٲعدٕ چیٚک كھاتس تہٕ  پنٛنس سوُد وٲلس كھاتس درمیان کٔریو اکھ خۄدکار مٗنتقلی  قٲیم۔
9364,وقتس سۭتۍ سۭتۍ آو 1957 منٛز لٲنہ بجلی فراہم کرنک اجازت دنہٕ۔
9365,ممبیی تہٕ پونے کس مضافاتی علاقن باندرا ہس منٛز پدم شری محمد رفیع چوک (ایم جی روڈس تام پھہلتھ) چھ رفیع سنٛدس ناوس پیٹھ تھونہٕ آمُت۔
9366,بورڈ آف نیچروپیتھی اینڈ یوگا سائنس چھ ریاستس منٛز واقع۔
9367,تٔمِس ٲس جنوٗبَس منٛز آبٕچ شدیٖد کٔمی تہٕ پرٛٮ۪تھ ؤرۍ یہِ شُمالَس منٛز بے تہٕ بے یِنہٕ وٲلِس سٔہلابَس مُتعلِق فِکِر۔
9368," 2010چہ مردم شمأری مُطٲبق ٲسۍ اتہ 2,478  لُکھ روزان ۔"
9369,ہان گزریو پننس آبٲیی شہر شیلبی چارٹر ٹاؤن شپ ، مشی گنس منٛز ۔
9370,تٔمۍ زیٛوٗن 2012 ہس منٛز سویڈش آرٹس کونسل طرفہٕ آسٹریڈ لنٛڈگرین میموریل ایوارڈ۔
9371,تاہم، اگر تُہہِ  تہٕ تُہُنٛد شیٚریٖک دۄشوٕے واریاہ پونٛسہٕ زینان چھِ، تیٚلہِ ہیٚکہِ تۄہہ منٛزٕ کانٛہہ تہٕ امہِ قٕسمٕکہِ  اخراجات تقسیٖم کرنُک انتخاب کٔرِتھ ۔ 
9372,"سُہ کرِ ہدایت کار تہٕ راجپوتَس مُتعلِق کانٛہہ تہِ شک دور ۔
"
9373,ہنری مورٹن سٹینلے اوس گۄڈنیُوک یورپی ییٚمہِ  سٲرِسیہ  دریاوس  سٕتہِ سٕتہِ سفر کوٚر ۔
9374, بناون والیو چھُ ینگستان دوبرا ناوٕ اکہ سیکوئلُک اعلان کوٚرمت، یُس جیکی بھگنانی سنٛدِ کردار كہِ  وزیر اعظم بننہٕ پتٕچ  دٔلیٖل بیان کٔرِ۔
9375,سُہ چُھ اَتھ سایٹِہ پیٹھ ویڈیو اپ لوڈ کرن وول گۄڈنِیُک نفر تِہ۔
9376, کاسٹری چھ سینٹ لوسیا ہٕچ رازدٲنۍ۔
9377,کونگو کین چیراہن تہٕ چیرا پیروملن درمیان تعلقاتن  ہنز صحیح نوعیت  چھ  تاحال مبہم ۔
9378,یہِ چھُ ہستینا پورُک ساروِی کھۄتہٕ پرٛون جین مندر یُس 16 ہِمِس جین تیرتھنکر شری شانتی نتھا ہَس سمرپِت چھُ۔
9379,قلعہ کس دِفاعی دیوارَس اوس نہٕ واریاہ حدَس تام کانٛہہ نقصان وۄتمُت، تہٕ اوس پتہٕ قٕلعہٕ آمُت  گیریسن پٲٹھۍ اِستعمال کرنہٕ۔
9380,التٗتمشن کوٚر سلطنتٗك اِنتظامیہ مٗنظم ،  تہٕ تر٘ٲوٕن مغلن ہِنٛدِس حملس تام  شمٲلی ہندوستانس پیٹھ امہِ كہِ  تسلٗطٕچ بُنیاد  ۔
9381,تفریح  یا کھیل  چھِ  جٔدیٖد ناون منٛز زیادٕ تر ٲبی سٲلٗك وجہہ ۔ 
9382,اگرچہِ فِلمہِ  برلن انٹرنیشنل فِلم فیسٹیولس منٛز “کریٹکس پرائز“ مِیوٗل ، مگر اتھ اوس عام طور  خاموش  استقبال سپدان ۔
9383,فلِم انڈسٹری منٛز یِنہٕ برٛونٛہہ تہٕ پتہٕ آیہ یہِ كینژن  ماڈلٛنگ موقن پِٹھ كٗنی زٕنہِ وٗچھنہٕ ۔ 
9384,یہِ ٲس  ہِندی تہٕ انگریزی دۄشوٕےبطور  سرکٲرِ زبان  استعمال کرنٕچ ضمانت، یتھہٕ کٔنہِ گیہ ہندوستانَس مَنٛز دٗ لِسانییت قٲیِم۔
9385,اتھ اہلیتس پؠٹھ کٔر أمۍ 23 ستمبر ملیشیاہس خٕلاف شروٗعات۔
9386,"یہِ بینک اوس 1816 ہَس منٛز قٲیِم کرنہٕ آمٕژ  وفٲقی بینکٕچ اکھ شاخ ۔
"
9387,"یہِ ہیٚکہِ کُنہِ برادری منٛز بلوغیت خٲطرٕ رسمی  دٲخلہٕ تِہ ٲسِتھ۔
"
9388,امہ سۭتۍ چُھ تۄہہ چیزٕ کس اصلی قیمتُک فیصد میلان یَتھ کنن قیمت نمایندگی چھُ کران۔ 
9389,یُس رقم سُہ جمع کرنس منز کامیاب گوو تمہ منزٕ تہ دیُت نہ تٔمۍ  دہلی کیٚنہہ ۔ 
9390,ماہرین موسمیات چھِ و٘نان  زِ تِمَو اوس طوفان كہِ یِنٗك تمبیہہ كورمٖٗت ۔
9391,بھونیشور چھ باقی ہندوستانس سۭتۍ ہوٲیی وتو، ریلو تہٕ سڑکو ذٔریعہ وارٕپٲٹھۍ جورتھ۔
9392,ییلہِ الیکٹران چھ توانٲیی ٗند سطح بدلاوان چھِ ، تِم چہِ پننہِ جایہِ ایلیكٹرونِك گو٘د تر٘اوان ۔
9393,رابسن آو واپس انگلینڈ نیو کیسل یونائیٹڈ F.C. سَمبالنہٕ خٲطرٕ ۔
9394,پرٛتھ ملکس چھ الگ الگ حقوق  فند ننکۍ۔ 
9395,"براڈس اوس مشرقی لندنس منٛز آیل آف ڈاگس، پوپلرس منٛز ذامت۔
"
9396,تۄہہ پزٕ پنٕنۍ نا اطمینانی   زورٕ سان ظٲہر کرٕنۍ تہٕ کَتھ کرٕنۍ زِ تُہۍ چِھو بہترین خدمت یژھان۔
9397,تم ٲسۍ ہمیشہ ترک ، تاجک تہٕ پشتونو  نششہ، بیوٚن زمرٕہ ۔
9398,چالوُکیا بادشاہ کیرتی ورمن اول سٕندِۍ نیچِوِ پُلاکیشِنن ژھُن تختس پیٹھ قبضہٕ کرنہٕ باپت پنُن پیتٕر گدِ پیٹھٕ  وٲلِتھ ۔ 
9399,جنوب مشرقی ایرانس منٛز واقع شہر سوختہ چھ میسوپوٹیمیاہس سۭتۍ تجارتی وتھ ظٲہر کران۔
9400,پولیسَن کوٚر اکھ 36 وٗہٗر چیلٹنھم نفر ژوُرِ ہنٛز سازشہِ ہنٛدس شَکَس منٛز گرفتار۔
9401,بُزرگ نفر چھُ اکثر گَرَس منٛز گۄڈٕنیُک ماملہٕ لبنہٕ یِوان یِمَن منٛز واریاہ پرٹوسس کیس چھِ آسان، تہٕ چھِ اکثر شُرٮ۪ن خٲطرٕ لاگہِ ہُنٛد ذٔریعہٕ آسان چھِ ۔
9402,فوٹو مونٹیج: اکھ فوٹو مونٹیج چھ دۄن یا تمہِ کھۄتہٕ زیادٕ فوٹوو سۭتۍ بنیمٕژ آسان۔
9403,"تٔمس اوس 1904 پٮ۪ٹھ1941ٕ ہس منٛز تٔمۍ سٕنٛدس مرنس تام نیلے وِلسن ریگنس سۭتۍ خانٛدر کٔرتھ۔
"
9404,گۄپھ چھِ گلہِ  پٮ۪ٹھٕ 160 میٹر زِییٹِھ تہٕ 90 فٗٹہِ سرٛنہِ۔
9405,"ٹورین کنٛگ لسٹ ٲس شاید مذۂبی دستاویز بجایہ اکھ حکومت۔
"
9406,امہِ ڈیمُک زیچھر چھُ 696 میٹر تہٕ یہِ اوس 1974 ہس منٛز بناونہٕ آمُت۔
9407,عدلیہ چھُ نینیتالس منٛز واقع اتراکھنڈ ہاے کورٹ تہٕ لۄکچن عدالتن ہٕنٛدس نظامس پیٹھ مشتمل۔
9408,سٹیشن چُھ نورفوک كِس  کاؤنٹی سرحدس پیٹھ۔
9409,نظر گٗزرتھون والیو كیمراہو  کوٛر دون  زَنانن ہٗند   کُنی زَنی ہوٗٹلہٕ پٮ۪ٹھ نیرٗن رِكارڈ ۔ 
9410,سری ویشنو سیکٹ ہُک وینکٹ تتھاچاریہ اوس  کرشن دیو رایا سُنٛد راجاگرو تہٕ یِم ٲسۍ اثر وٲلۍ ماننہٕ یِوان۔ 
9411,"پرٛانہِ تنظیمہِ ہٕنٛزٕ نااہلی، ییٚمہِ  سپاہ پنٛنٮ۪و برطانوی افسرن  نِش ووپر بنٲوِ ، آیہِ حل کرنہٕ، تہٕ 1857 پتہٕ چہِ اكٲیی آیہِ زیادٕ تر ""بےٚ قٲعدہ"" نظامس پٮ۪ٹھ مٗنظم كرنہٕ ۔"
9412,انگرِیزی زبانہ  منٛز چِھ مختلف قسمن ہٕنٛدۍ پرناوتۍ ۔
9413,مارچ 2010 ہس منٛز کوٚر ڈربی نیوز نیٹ ورکن دعوا زِ 98% کھۄتہٕ زیٛادٕ رولر ڈربی مقابلہٕ آیہ ڈبلیو ایف ٹی ڈی اے قوٲعدن تحت مٗنعقد کرنہٕ۔
9414,موثر وکندریقرت یقینی بناونہٕ خاطرٕ چھ یمن ادارن کٲفی انتظٲمی، قانوٗنی تہٕ مالی اختیارات تفویض کرنہٕ آمٕتۍ۔
9415,"اگر دۄشوٕے اضٲفی دورٕ گول کرنہٕ بغٲر گِنٛدنہٕ یِیہِ، تیٚلہِ کَرِ پنالٹی شوٗٹ آؤٹ کھیل طے ۔
"
9416,ڈولوہن ہور صدر  كلِنٹنس نِش 379-159 كہِ  الیکٹورل کالج بھارٕ فرقہٕ  سٕتہِ ۔
9417,استھایی ہنٛد گۄڈنیک فقرہ (مخدا) چھ بندش ہنٛد ساروٕے کھۄتہٕ اہم جز تکیاز یہ چھُ عملی طور زیادٕ تر کیڈینسن خٲطرٕ مواد فراہم کران۔
9418,فلمہ منٛز چھ راہول بوس، شیکھر کپور، پوجا کمار، اینڈریا جیریمیا تہٕ جے دیپ اہلاوت معاون کردارن منٛز۔
9419,ماہرینِہ تہٕ ماہرازٕ دۄشوٕنی ہنٛز چھ رسمہٕ مطٲبق پوُزاہ کرنہٕ یوان  تہٕ پتہٕ چھ ریوٲیتی ہیٚنٛدِ خانٛدرٕ کیو رسمو مطٲبق خانٛدر کرنہٕ یوان۔
9420,سیمس ٲسۍ اکہِ ساتہٕ سٲرۍسٕے مُلکلس منٛز 130 دُکانہٕ، پتہٕ تمہ پتہ اوس ریکارڈ۔
9421,یہ چھ کینژن اہم ضلعہٕ سڑکن ہنٛز نگرٲنی تہ کران۔
9422,"اَمہِ اضافُک اکھ بوٚڑ حِصہٕ اۄس کھیٚنٕکٮ۪ن قۭمتَن منٛز۔
"
9423,پننہٕ تحقیقس منٛز مدد کران، کوشل چِھ پننہٕ دلچسپ تٲریخی تہٕ قدرتی مقاماتن ہینز نمائش کران۔
9424,پننہ ماجہ، کریما (پیدٲیش کاشتوری) سند طرفہٕ پرورش کرنہٕ آمت، رحمانس، یس پدم شیشادری بالا بھونس منٛز پرن اوس، اوس پنٛنس خانٛدانس سہارٕ دنہٕ خٲطرٕ کٲم کرٕنۍ۔
9425,از UTC   چہ 23:09 بَجے ووت اِنٹرنیٹ اینسایکلوپڈیاہس منز انگریزیس منٛز لیکھنہٕ آمٕتین  نوشتن ہُند تعداد دَہ لَچھ کھۄتہٕ زیٛادٕ ہ۔
9426,وونہ گو٘، فلم چھےٚ ناکام گژھان، خاصکرتھ دٔویمس ہافس منٛز تہ کیاز اتھ منٛز چھُنہٕ کانٛہہ سنسنی خیز ژیوُہ   تہٕ نہ کانٛہہ صدمہٕ تہٕ حٲرتھ ۔
9427,ریاسن ہِنٛزن قانون ساز اسمبلین ہٕندین ممبرَن ہٕنٛدۍ پٲٹھۍ ژارنہٕ یِنہٕ وٲلۍ لوکھ چھِ مختلِف ریاستی اسمبلین مَنز کانگریس قانوٗن ساز پارٹیہِ بناوان؛ تہُنٛد صدر چھُ عام طور پارٹی  طرفہٕ وزیر اعلی کِس عہدٕ  باپت نامزد گژھان۔
9428,وارِیاہ ناولہٕ ،مضموُن تہٕ افسانہٕ شایع کرن وِٲلس ناراینس چھُ ہِندوستٲنۍ تحریر باقی دُنِیاہس تام واتناونُک شرف دِنہٕ ایوان ۔ 
9429,پرٛؠتھ جمٲژ چُھ اکھ الگ ناو؛ تِم چِھ پنٛنہِ کارکردگی منٛز تہِ مختلف آسان۔
9430,یہِ چھُ اَمہِ پزرٕ سۭتۍ ثٲبت زِ شہرَس منٛز چھِ ہندوستانٕکۍ بٔڈۍ منٛدرَ یِتھ کٔنۍ زَن اکشردھام مندرُک نیٹ ورک، تہٕ شری رام منٛدر ایودھیا ہَس منٛز سنگ مرمرٕچ نقش و نگٲری وُچھنہٕ یِوان۔
9431,شارلٹ چھ ولبرس وضاحت کران ز یہٕ چھ دنیاہک فطرت ۔
9432,میلبورن مڈفیلڈر ٹام پونڈیلجاکن کوٚر شیٚمِس منٹس منٛز لانگ رینج سٹرائیک سۭتۍ میچہٕ خٲطرٕ وٲحد گول۔
9433,باقٕیہ ہمكال یوگا نظامَن ہُنٛد زِیٛادٕ تَر حصہٕ چھُ اٗپنشدن منٛز ہاونہٕ آمُت تہٕ کینٛہہ بودھ متن چھِ رٲومٕتہِ ۔
9434,ڈیموکریٹک الائنس آف ناگالینڈ چھ سیٲسی پارٹین ہنٛد ریاستی سطحک اتحاد۔
9435,کمیونزمس مٗتعلق امبیڈکر سٕندِ خیالات آیہ  تٔمہِ سٕندِس مضموُن بُدِھ اِزٕم اینڈ کمیوُنزمس منز ظٲہر کرنہٕ۔
9436,تمو دیت پاکٹ کیلکولیٹرن ہٕنٛد زمانہٕ برٛونٛٹھ تیز تہٕ درست حساباتن ہنٛد اجازت۔
9437,جلدٕی پھٔہٕلیٚو یہِ ویڈیو میڈیاہَس منٛز۔
9438,امہ پیتھوجینٗک زیادٕ لِپِڈ مواد چُھ امکیٛن واریاہ منفرد طبی خصوصیاتن ہنٛد سبب بنان۔
9439,عام باوٕت چھِ   رلہٕ ملہٕ قسمکۍ تہٕ تہنٛد تعداد چھُ لَگ بَگ 20۔
9440,دفاعس منٛز کٔر آننٛدن تہٕ تانن جسٹس ٹی یس پؠٹھ زور ز سہ کر کھو سٕنٛز سزاے موت کم کٔرتھ عمر قٲد۔
9441,سہ چھ پرینکا جھا یس  میلان تہٕ دوستی کران، یس اکھ دفترٕچ کنسلٹنٹ چھےٚ، تہٕ أمس ملنہٕ پتہٕ چھ سہ سنچری بناوان۔
9442,بہٕ ہیٚکہٕ نہٕ یقین کٔرتھ زِ میون مول موج ہیکِہ میانِہ اعتمادک استعمال مےٚ جوڑ توڑ کرنہٕ خٲطرٕ کٔرتھ۔ یہ چھ میانہ راز دٲری ہنز سخت خلاف ورزی۔
9443,امہ سۭتۍ بنییہ موجودٕ جوسٹکس نٔیس انٹرفیسس سۭتۍ مطابقت نہٕ تھوان ۔
9444,تُوہہِ چھٕو روازٕ ہواہس اندر نہٕ اژنہٕ دِتھ  سِپٕہ بنٛد کرُن یژھان ۔
9445,"یہِ تیوہار چُھ یوٗرپ تہٕ شُمٲلی امریکہ کیٚن کیٚنٛژن حِصن منٛز بطور محبت، مسرت  تہٕ رنٛگن ہٗنٛد سونتہٕ  جیٚشن  پھٔہلِیومُت۔
"
9446,لکرِ ہُنٛد سانچہٕ استعمال کٔرِتھ بنوو تٔمۍ پنُن پان پلاسٹک اوٚنٛگجہِ  بدلاون وول۔
9447,تمہ وِز سوُنچ  کانگریسن  زۭ یہ آسہ زیٛادٕ جمہوری مٗتبٲدِل ۔۔
9448,سۄ ٲس رننہ کس پروگرامس منز گۄڑنچ مقٲمی شیف ۔
9449,زنانہٕ کھلٲڑۍ چِھ اکثر مرد کھلاڑین ہنٛدس مقابلس منٛز ہلکہٕ مالٹ استعمال کران۔
9450,یہ چھ انسٲنی ترقی ہندس فہرستس منز درجہ بندی کِنیۍ ہندوستٲنی ریاستن منز نوِمس نمبرس پیٹھ۔ 
9451,"سوڈایکِس زاو 18 ستمبر 1975  فیئر فیکس، ورجینیاہس منٛز۔
"
9452,"40 گز وسیع مٲدانک خیالچ کٔر ہارورڈن نٔو ہارورڈ سٹیڈیمک سائز کہ وجہ سۭتۍ مخٲلفت۔
"
9453,"بین الاقوٲمی سطحَس پیٹھ چھِ ژور بٔڈۍ مُقابلہٕ گژھان: ژۄن ؤرۍ یَن ہٕنٛز ورلڈ نیٹ بال چیمپئن شپ، کامن ویلتھ گیمز، تہٕ سالانہٕ کواڈ سیریز تہٕ فاسٹ 5 سیریز۔
"
9454,اکھ چِھ مہا سرسوتی تہٕ بیاکھ چِھ نیل سرسوتی ۔
9455,تٔمۍ تھوٚو واریاہن شماریٲتی زمرن منٛز ریڈ سوکس ٹیمک ریکارڈ قٲیم ۔
9456,سفید گنٛدتھ کوٚر تٔمۍ ٹرومپوسکی اٹیک سۭتۍ آغاز۔
9457,گۄڈٕ، ایکسائز چُھ یوان صرف مخصوص سامانس پٮ۪ٹھ لاگو کرنہٕ ۔ 
9458,حکومت چھ پتھورا گڑھس منٛز نینی سینی ہوٲیی اڈہ، اترکاشی ضلعس منٛز چنیالیسورس منٛز بھارکوٹ ہوٲیی اڈہ تہٕ چمولی ضلعہٕ کس گوچارس منز گوچار ہوٲیی اڈہ تیار کرنک منصوبہٕ بناوان۔
9459,حتاکہ یہ اوس نہٕ اثر دار،  پتہٕ آو یہ  بطور قبل علامتی سِلہٕ كہِ موُجوُد آسنٕكہِ سکریننگ ٹیسٹ  کامیٲبی سان یختیار کرنہٕ ۔
9460,"مسٲفر گوٚو اَتھ کَتھہٕ پیٚٹھ اُلجھنَس منٛز زِ جِسم بدلاونہٕ پتہٕ کُس اوس سُہ۔
"
9461,سروبلیجورا یا سروبلیجور چُھ اکھ لۄکُٹ دریاو یُس اوڈیشہ، ہندوستان کِس سٗبرن پوٗر ضلعہٕ کِس بیرمہاراج پوٗر سب ڈویژن کس سبلیا علاقس منٛز واقع چُھ۔
9462,میتھیونین چھ واریاہن نیورو ٹرانسمیٹرن ہٕنٛدس پیداوارس منٛز اکھ ضروٗری کوفیکٹر۔
9463,فری ویئر چھ اکھ سافٹ ویئر یس لوکھ ادایگی  ورٲے ہیکن حٲصل کرتھ ۔
9464,وۄں گوٚو ، شاید کار اندر ہیکہ تۄہہ اکھ برانڈ فیلڈ ٲستھ ۔
9465,امہ برۄنٛہہ ز تہۍ کرِو پنٛنہ ماضی ہٕکۍ پریشان کرن وٲلۍ مٲلی پچھتاوٕ  ترک، تۄہہ چھ گۄڈٕ پنٛنس پانس سۭتۍ یہ اعتراف کرنک ضرورت ز تۄہہ چھےٚ غلطی کرمژ۔
9466,1997 تھس منٛز زیوٗن کیشو ستھاپتن کاٹھمنڈو کہِ مییر باپت انتخاب ۔
9467,اكثر بِہٲرۍ پناہ گٗزین چھِ بے٘ وطن رودۍمتۍ ۔ 
9468,یہِ منٛدِر اوس دۄن دریاوَن- ورشابھاوتی تہٕ پَشِماواہِنی ہِنٛدِس سنگمَس پیٹھ تعمیر کرنہٕ آمُت۔
9469,کمیونسٹ پارٹی ہُنٛد اثر بڑٮ۪و واریٛاہ، تہٕ اقتدار حٲصل کرنُک امیُوک مقصد گوٚو ٲخٕر کار انتخبن  دوران پوٗرٕ۔
9470,یہِ چُھ سَڑکہِ ذرِیعہ پاناجی  پٮ۪ٹھہٕ 60  کِلومیٖٹَر دوٗر تہٕ  چُھ بیلگاوی واسکو ڈے  گاما ریٖٚل وَتہِ کِنہِ  مَڈگاووں پٮ۪ٹھہٕ  46 کِلومیٖٹَر مَشرِقس منز  تہٕ بیلگاوی پٮ۪ٹھہٕ  80 کِلومیٖٹَر جنوٗنَس مَنٛز واقعہ
9471,یہِ ریواج چھ خاص پٲٹھہِ جنوُبی ہندوستانس منٛز مضبوٗط مگر باقین جاین تِہ چُھ مناونہٕ یوان۔
9472,میسوٗرس متعلق چھہُ وننہٕ یوان زِ منگلور کِس یتھ بحری جنگس منز راوٕری یمو وُنس تام بناونہٕ آمٕتی کیٚنٛہ بهترین جہازٕ.
9473,أڈجِہ کرنٛزَ چِھ ہاوان زِ کینٛہہ قبل  تٲریخی انسانن چُھ ٹی بی اوسمُت، تہٕ تحقیق کارَو چُھ 3000 پیٹھہٕ 2400 قبل مسیح تام مصری ممِیین ہہنزِ ریكہٕ اڈِجہِ منز  تَپ دِقُک خرٲبی وٗچھمٕژ ۔ 
9474,"اتھ منٛز چِھ افریمیم زمبالسٹ، جونیئر، راجر سمتھ، تہٕ ایڈ برنس اداکار۔

"
9475,بیٛارِٮ۪ن منٛز پرِندن ہٗند وبٲیی زٗكام چھٗ مُختٔلِف علاماتہٕ ظٲہِر  كران تہٕ عمومن  مارِتھ ژھنان  ۔ 
9476,عرٲقی کردٕستانس منٛز چھ ایرٲنۍ کردٕ مصنفینن ہنٛزٕ تحریری کامہِ واریاہ عام۔
9477,گۄڈٕ كو٘ر ہسپتالو یہ دوا تمہ وز استعمال ییٚلہ کٲنٛسہ مریضس سیٹھاہ نندرٕ ہنز ضٔروٗرت  آسان ٲس ۔
9478,مقٲمی ٹیٹنس چھ عام طور ہلکہٕ آسان۔ صرف% 1 ماملہٕ  چھ مٗہلک آسان، مگر یہ ہیٚکہ عام ٹیٹنس کہ آغاز برٛونٛہہ گژھتھ۔
9479,کینژن کامین منز چھُ ہاسنن پننِس مٲلِس ماجہِ کُن اِشارٕ کورمُت ، خاصکرِتھ اُنایپول تہٕ دسا اوتارمس منز “ کلایہ ماتُم “ بٲتس منز ۔
9480,یہ چھ کیمرون قوٗمی فٹ بال ٹیمہِ مرد تہٕ زنانہٕ دۄشوٕنی ہنٛد انتظام کران ۔
9481,یِہ کمپنی چھ 100 کھوتہٕ زیادٕ معروف یو۔ایس برانڈ بناوان ۔
9482,نیپولینی جنگن (1803–1815) منٛز فرانسچہ شکستہٕ پتہٕ،  وۄتلییو برطانیہ  19مہ صدی ہند  اکھ اہم بحری تہٕ سامراجی طاقت پٲٹھۍ تہٕ پنن سامراجی تسلط وہرووُن۔
9483,وزن ہیکہ  تمہ وِزِ کم گژھِتھ ییلہ کٲنٛسہ نفرس واریاہ کالہٕ پیٹھٕہٕ ایسوفیگیل کینڈیڈیاسِس آسہِ ۔
9484,19ہمہ صٔدی منٛز برطانوی نوآبادیاتی حکوٗمت کس پوٗرٕ قیامہٕ  پتہٕ گوٚو ہندوستٲنہ مارشل آرٹس زوالکس دورس منز۔
9485,یِہ قانوٗن گژھِ نہٕ جولائی 2008 ہس تَام لاگو، امَہ کِنۍ گژھِ نہٕ أمس پَنُن فون استعمال کرنہٕ باپت جرمانہٕ۔
9486,سۄ ٲس پنٛنس خانٛدانس منٛز گۄڑنچ زنان ییٚمۍ تعلیم حٲصل کٔر۔
9487,"یٗتھُیہ لفظی معنے  چُھ وارسا کِس پراگا ضلعس سۭتہِ  وابستہٕ۔
"
9488,ہلکہٕ بندوقہٕ چِھ سکرین شٹ کرنُک نمونہٕ بناونہٕ خٲطرٕ استعمال یوان کرنہٕ۔
